point_id,lat,lon,truth,truth_lakes,pred,p_land,mass,source,provider
0,89,-179,0,0,0,8e-06,0.999998,logprobs,Novita
1,89,-177,0,0,0,5e-06,0.999998,logprobs,Novita
2,89,-175,0,0,0,5.1e-05,0.999997,logprobs,Novita
3,89,-173,0,0,0,0.000123,0.999996,logprobs,Novita
4,89,-171,0,0,0,4e-06,0.999997,logprobs,Novita
5,89,-169,0,0,1,0.932458,0.999898,logprobs,Novita
6,89,-167,0,0,0,5e-06,0.999998,logprobs,Novita
7,89,-165,0,0,0,4.5e-05,0.999996,logprobs,Novita
8,89,-163,0,0,0,5e-06,0.999997,logprobs,Novita
9,89,-161,0,0,0,2e-06,0.999998,logprobs,Novita
10,89,-159,0,0,0,1.7e-05,0.999996,logprobs,Novita
11,89,-157,0,0,0,7.5e-05,0.999996,logprobs,Novita
12,89,-155,0,0,0,2e-06,0.999999,logprobs,Novita
13,89,-153,0,0,0,2.4e-05,0.999996,logprobs,Novita
14,89,-151,0,0,0,2e-06,0.999998,logprobs,Novita
15,89,-149,0,0,0,,,text,Novita
16,89,-147,0,0,0,1.1e-05,0.999997,logprobs,Novita
17,89,-145,0,0,0,,,text,Novita
18,89,-143,0,0,0,,,text,Novita
19,89,-141,0,0,0,2e-06,0.999999,logprobs,Novita
20,89,-139,0,0,0,9e-06,0.999996,logprobs,Novita
21,89,-137,0,0,0,,,text,Novita
22,89,-135,0,0,0,7e-06,0.999998,logprobs,Novita
23,89,-133,0,0,0,2.8e-05,0.999997,logprobs,Novita
24,89,-131,0,0,0,2.4e-05,0.999997,logprobs,Novita
25,89,-129,0,0,0,0.000488,0.99999,logprobs,Novita
26,89,-127,0,0,0,1.7e-05,0.999996,logprobs,Novita
27,89,-125,0,0,0,4e-06,0.999998,logprobs,Novita
28,89,-123,0,0,0,6.6e-05,0.99999,logprobs,Novita
29,89,-121,0,0,0,0.000203,0.999994,logprobs,Novita
30,89,-119,0,0,0,9e-06,0.999996,logprobs,Novita
31,89,-117,0,0,0,8.5e-05,0.999989,logprobs,Novita
32,89,-115,0,0,0,1.7e-05,0.999993,logprobs,Novita
33,89,-113,0,0,0,,,text,Novita
34,89,-111,0,0,0,5.1e-05,0.999993,logprobs,Novita
35,89,-109,0,0,0,0.000203,0.999988,logprobs,Novita
36,89,-107,0,0,0,,,text,Novita
37,89,-105,0,0,0,2e-06,0.999997,logprobs,Novita
38,89,-103,0,0,0,2.8e-05,0.999989,logprobs,Novita
39,89,-101,0,0,1,0.999447,0.999971,logprobs,Novita
40,89,-99,0,0,0,9e-06,0.999996,logprobs,Novita
41,89,-97,0,0,0,2.8e-05,0.999997,logprobs,Novita
42,89,-95,0,0,0,1e-05,0.999992,logprobs,Novita
43,89,-93,0,0,0,1e-05,0.999998,logprobs,Novita
44,89,-91,0,0,0,3e-06,0.999997,logprobs,Novita
45,89,-89,0,0,0,1.5e-05,0.999987,logprobs,Novita
46,89,-87,0,0,0,2e-06,0.999997,logprobs,Novita
47,89,-85,0,0,0,1.9e-05,0.999994,logprobs,Novita
48,89,-83,0,0,0,,,text,Novita
49,89,-81,0,0,0,0.000911,0.999993,logprobs,Novita
50,89,-79,0,0,0,1e-05,0.999993,logprobs,Novita
51,89,-77,0,0,0,4e-06,0.999994,logprobs,Novita
52,89,-75,0,0,0,5e-06,0.999999,logprobs,Novita
53,89,-73,0,0,0,,,text,Novita
54,89,-71,0,0,0,8e-06,0.999996,logprobs,Novita
55,89,-69,0,0,0,1.3e-05,0.999997,logprobs,Novita
56,89,-67,0,0,0,1e-06,1,logprobs,Novita
57,89,-65,0,0,0,1e-06,0.999999,logprobs,Novita
58,89,-63,0,0,0,,,text,Novita
59,89,-61,0,0,0,3.5e-05,0.999997,logprobs,Novita
60,89,-59,0,0,0,1.3e-05,0.999998,logprobs,Novita
61,89,-57,0,0,0,4e-06,0.999998,logprobs,Novita
62,89,-55,0,0,0,3e-06,0.999998,logprobs,Novita
63,89,-53,0,0,0,0.00014,0.999993,logprobs,Novita
64,89,-51,0,0,0,4e-06,0.999999,logprobs,Novita
65,89,-49,0,0,0,4e-06,0.999997,logprobs,Novita
66,89,-47,0,0,0,,,text,Novita
67,89,-45,0,0,0,0.000123,0.999993,logprobs,Novita
68,89,-43,0,0,0,,,text,Novita
69,89,-41,0,0,0,1.9e-05,0.999999,logprobs,Novita
70,89,-39,0,0,0,5.1e-05,0.999991,logprobs,Novita
71,89,-37,0,0,0,,,text,Novita
72,89,-35,0,0,0,4.5e-05,0.999987,logprobs,Novita
73,89,-33,0,0,0,,,text,Novita
74,89,-31,0,0,0,8.5e-05,0.999994,logprobs,Novita
75,89,-29,0,0,0,0.000626,0.999993,logprobs,Novita
76,89,-27,0,0,0,5e-06,0.999999,logprobs,Novita
77,89,-25,0,0,0,4e-06,0.999997,logprobs,Novita
78,89,-23,0,0,0,1.3e-05,0.999997,logprobs,Novita
79,89,-21,0,0,0,6e-06,0.999997,logprobs,Novita
80,89,-19,0,0,0,1e-06,0.999999,logprobs,Novita
81,89,-17,0,0,0,1.7e-05,0.999996,logprobs,Novita
82,89,-15,0,0,0,0.00014,0.999991,logprobs,Novita
83,89,-13,0,0,0,,,text,Novita
84,89,-11,0,0,0,6.6e-05,0.999994,logprobs,Novita
85,89,-9,0,0,0,0.005911,0.999984,logprobs,Novita
86,89,-7,0,0,0,8.5e-05,0.99999,logprobs,Novita
87,89,-5,0,0,0,7e-06,0.999998,logprobs,Novita
88,89,-3,0,0,0,3e-06,0.999997,logprobs,Novita
89,89,-1,0,0,0,1.7e-05,0.999994,logprobs,Novita
90,89,1,0,0,0,,,text,Novita
91,89,3,0,0,0,7e-06,0.999982,logprobs,Novita
92,89,5,0,0,0,1.5e-05,0.999994,logprobs,Novita
93,89,7,0,0,0,,,text,Novita
94,89,9,0,0,1,0.999934,0.999991,logprobs,Novita
95,89,11,0,0,0,2e-06,0.999999,logprobs,Novita
96,89,13,0,0,0,7e-06,0.999998,logprobs,Novita
97,89,15,0,0,0,,,text,Novita
98,89,17,0,0,0,0.00014,0.99999,logprobs,Novita
99,89,19,0,0,0,,,text,Novita
100,89,21,0,0,0,8e-06,0.999998,logprobs,Novita
101,89,23,0,0,0,1.5e-05,0.999997,logprobs,Novita
102,89,25,0,0,0,1.9e-05,0.999996,logprobs,Novita
103,89,27,0,0,0,1.5e-05,0.999998,logprobs,Novita
104,89,29,0,0,0,2.1e-05,0.999994,logprobs,Novita
105,89,31,0,0,0,6e-06,0.999999,logprobs,Novita
106,89,33,0,0,1,0.999891,0.999954,logprobs,Novita
107,89,35,0,0,0,,,text,Novita
108,89,37,0,0,1,0.999976,0.999988,logprobs,Novita
109,89,39,0,0,0,2.8e-05,0.999995,logprobs,Novita
110,89,41,0,0,1,0.999665,0.999985,logprobs,Novita
111,89,43,0,0,1,0.999877,0.999982,logprobs,Novita
112,89,45,0,0,0,,,text,Novita
113,89,47,0,0,0,1.1e-05,0.999995,logprobs,Novita
114,89,49,0,0,0,,,text,Novita
115,89,51,0,0,0,2e-06,0.999999,logprobs,Novita
116,89,53,0,0,0,3.5e-05,0.999996,logprobs,Novita
117,89,55,0,0,0,1.5e-05,0.999998,logprobs,Novita
118,89,57,0,0,0,4.5e-05,0.999994,logprobs,Novita
119,89,59,0,0,0,2.8e-05,0.999991,logprobs,Novita
120,89,61,0,0,1,0.999891,0.999971,logprobs,Novita
121,89,63,0,0,0,,,text,Novita
122,89,65,0,0,0,2e-06,0.999994,logprobs,Novita
123,89,67,0,0,0,4e-05,0.999986,logprobs,Novita
124,89,69,0,0,0,0.000123,0.999992,logprobs,Novita
125,89,71,0,0,0,1.9e-05,0.999996,logprobs,Novita
126,89,73,0,0,0,1.5e-05,0.999997,logprobs,Novita
127,89,75,0,0,0,5e-06,0.999997,logprobs,Novita
128,89,77,0,0,0,5e-06,0.999977,logprobs,Novita
129,89,79,0,0,0,1e-06,0.999998,logprobs,Novita
130,89,81,0,0,0,0.000626,0.999968,logprobs,Novita
131,89,83,0,0,0,6.6e-05,0.999992,logprobs,Novita
132,89,85,0,0,0,4e-06,0.999997,logprobs,Novita
133,89,87,0,0,0,5e-06,0.999999,logprobs,Novita
134,89,89,0,0,0,3e-06,0.999996,logprobs,Novita
135,89,91,0,0,0,2e-06,0.999979,logprobs,Novita
136,89,93,0,0,0,0.000296,0.999968,logprobs,Novita
137,89,95,0,0,1,0.998499,0.99995,logprobs,Novita
138,89,97,0,0,0,0.000203,0.999992,logprobs,Novita
139,89,99,0,0,0,8e-06,0.999997,logprobs,Novita
140,89,101,0,0,1,0.999089,0.999943,logprobs,Novita
141,89,103,0,0,0,1.9e-05,0.999997,logprobs,Novita
142,89,105,0,0,0,1.5e-05,0.999994,logprobs,Novita
143,89,107,0,0,0,6e-06,0.999996,logprobs,Novita
144,89,109,0,0,0,1e-06,0.999999,logprobs,Novita
145,89,111,0,0,0,4.5e-05,0.999993,logprobs,Novita
146,89,113,0,0,0,4.5e-05,0.999992,logprobs,Novita
147,89,115,0,0,0,8e-06,0.999995,logprobs,Novita
148,89,117,0,0,1,0.99986,0.999972,logprobs,Novita
149,89,119,0,0,0,2e-06,0.999999,logprobs,Novita
150,89,121,0,0,1,0.998499,0.999931,logprobs,Novita
151,89,123,0,0,0,0.000203,0.999957,logprobs,Novita
152,89,125,0,0,0,1.1e-05,0.999998,logprobs,Novita
153,89,127,0,0,0,8e-06,0.999991,logprobs,Novita
154,89,129,0,0,1,0.998499,0.99995,logprobs,Novita
155,89,131,0,0,0,,,text,Novita
156,89,133,0,0,0,,,text,Novita
157,89,135,0,0,0,4e-05,0.999993,logprobs,Novita
158,89,137,0,0,0,,,text,Novita
159,89,139,0,0,0,5e-06,0.999996,logprobs,Novita
160,89,141,0,0,0,1.7e-05,0.999989,logprobs,Novita
161,89,143,0,0,0,,,text,Novita
162,89,145,0,0,1,0.999665,0.999916,logprobs,Novita
163,89,147,0,0,0,0,0.999999,logprobs,Novita
164,89,149,0,0,0,,,text,Novita
165,89,151,0,0,0,6e-06,0.999995,logprobs,Novita
166,89,153,0,0,0,,,text,Novita
167,89,155,0,0,0,1.3e-05,0.999996,logprobs,Novita
168,89,157,0,0,0,0.000626,0.999945,logprobs,Novita
169,89,159,0,0,0,1.3e-05,0.999996,logprobs,Novita
170,89,161,0,0,0,,,text,Novita
171,89,163,0,0,0,1e-05,0.999993,logprobs,Novita
172,89,165,0,0,0,0.00014,0.99998,logprobs,Novita
173,89,167,0,0,0,4e-05,0.999993,logprobs,Novita
174,89,169,0,0,0,,,text,Novita
175,89,171,0,0,0,2.8e-05,0.999995,logprobs,Novita
176,89,173,0,0,0,3.1e-05,0.999995,logprobs,Novita
177,89,175,0,0,0,2.8e-05,0.999996,logprobs,Novita
178,89,177,0,0,0,,,text,Novita
179,89,179,0,0,1,0.998968,0.999982,logprobs,Novita
180,87,-179,0,0,0,0.000158,0.999992,logprobs,Novita
181,87,-177,0,0,0,0,0.999999,logprobs,Novita
182,87,-175,0,0,0,9e-06,0.999998,logprobs,Novita
183,87,-173,0,0,0,3e-06,0.999999,logprobs,Novita
184,87,-171,0,0,0,1e-06,0.999999,logprobs,Novita
185,87,-169,0,0,0,2.1e-05,0.999999,logprobs,Novita
186,87,-167,0,0,0,1e-05,0.999998,logprobs,Novita
187,87,-165,0,0,0,1e-06,0.999998,logprobs,Novita
188,87,-163,0,0,0,1.1e-05,0.999993,logprobs,Novita
189,87,-161,0,0,0,2e-06,0.999998,logprobs,Novita
190,87,-159,0,0,0,,,text,Novita
191,87,-157,0,0,0,5e-06,0.999997,logprobs,Novita
192,87,-155,0,0,0,0,1,logprobs,Novita
193,87,-153,0,0,0,2.4e-05,0.999999,logprobs,Novita
194,87,-151,0,0,0,1.7e-05,0.999996,logprobs,Novita
195,87,-149,0,0,0,0.00014,0.999998,logprobs,Novita
196,87,-147,0,0,0,1e-06,0.999999,logprobs,Novita
197,87,-145,0,0,0,3.1e-05,0.999996,logprobs,Novita
198,87,-143,0,0,0,8e-06,0.999998,logprobs,Novita
199,87,-141,0,0,0,3e-06,0.999999,logprobs,Novita
200,87,-139,0,0,0,1.7e-05,0.999996,logprobs,Novita
201,87,-137,0,0,0,1e-06,0.999999,logprobs,Novita
202,87,-135,0,0,0,0.000261,0.999985,logprobs,Novita
203,87,-133,0,0,0,,,text,Novita
204,87,-131,0,0,0,,,text,Novita
205,87,-129,0,0,0,,,text,Novita
206,87,-127,0,0,0,2.1e-05,0.999995,logprobs,Novita
207,87,-125,0,0,0,2e-06,0.999999,logprobs,Novita
208,87,-123,0,0,0,0,0.999999,logprobs,Novita
209,87,-121,0,0,0,3e-06,0.999995,logprobs,Novita
210,87,-119,0,0,0,1e-06,0.999999,logprobs,Novita
211,87,-117,0,0,0,8e-06,0.999998,logprobs,Novita
212,87,-115,0,0,0,,,text,Novita
213,87,-113,0,0,1,0.999842,0.999991,logprobs,Novita
214,87,-111,0,0,0,7e-06,0.999998,logprobs,Novita
215,87,-109,0,0,1,0.999512,0.999956,logprobs,Novita
216,87,-107,0,0,0,,,text,Novita
217,87,-105,0,0,1,0.999704,0.999977,logprobs,Novita
218,87,-103,0,0,0,6.6e-05,0.999995,logprobs,Novita
219,87,-101,0,0,0,8.5e-05,0.999985,logprobs,Novita
220,87,-99,0,0,0,1.5e-05,0.999994,logprobs,Novita
221,87,-97,0,0,0,5e-06,0.999998,logprobs,Novita
222,87,-95,0,0,0,8e-06,0.999998,logprobs,Novita
223,87,-93,0,0,0,3e-06,0.999996,logprobs,Novita
224,87,-91,0,0,0,,,text,Novita
225,87,-89,0,0,0,0,0.999999,logprobs,Novita
226,87,-87,0,0,0,2e-06,0.999998,logprobs,Novita
227,87,-85,0,0,0,6.6e-05,0.999985,logprobs,Novita
228,87,-83,0,0,0,2.1e-05,0.999997,logprobs,Novita
229,87,-81,0,0,0,9.6e-05,0.999996,logprobs,Novita
230,87,-79,0,0,0,1e-06,0.999999,logprobs,Novita
231,87,-77,0,0,0,8e-06,0.999996,logprobs,Novita
232,87,-75,0,0,0,2e-06,0.999998,logprobs,Novita
233,87,-73,0,0,0,2.8e-05,0.99999,logprobs,Novita
234,87,-71,0,0,0,,,text,Novita
235,87,-69,0,0,0,1.7e-05,0.999997,logprobs,Novita
236,87,-67,0,0,0,2.1e-05,0.999999,logprobs,Novita
237,87,-65,0,0,0,2e-06,0.999998,logprobs,Novita
238,87,-63,0,0,0,0.000158,0.999989,logprobs,Novita
239,87,-61,0,0,0,3e-06,0.999998,logprobs,Novita
240,87,-59,0,0,0,,,text,Novita
241,87,-57,0,0,0,,,text,Novita
242,87,-55,0,0,0,,,text,Novita
243,87,-53,0,0,0,4e-06,0.999998,logprobs,Novita
244,87,-51,0,0,0,3.5e-05,0.999997,logprobs,Novita
245,87,-49,0,0,0,3e-06,0.999998,logprobs,Novita
246,87,-47,0,0,0,,,text,Novita
247,87,-45,0,0,0,,,text,Novita
248,87,-43,0,0,0,1.1e-05,0.999992,logprobs,Novita
249,87,-41,0,0,0,5.1e-05,0.999995,logprobs,Novita
250,87,-39,0,0,0,1.5e-05,0.999998,logprobs,Novita
251,87,-37,0,0,0,2.1e-05,0.999995,logprobs,Novita
252,87,-35,0,0,0,0.000296,0.999978,logprobs,Novita
253,87,-33,0,0,0,,,text,Novita
254,87,-31,0,0,0,4e-06,0.999998,logprobs,Novita
255,87,-29,0,0,0,4e-06,0.999997,logprobs,Novita
256,87,-27,0,0,0,1e-06,0.999999,logprobs,Novita
257,87,-25,0,0,0,0.000911,0.999988,logprobs,Novita
258,87,-23,0,0,0,0,0.999999,logprobs,Novita
259,87,-21,0,0,0,,,text,Novita
260,87,-19,0,0,0,5e-06,0.999999,logprobs,Novita
261,87,-17,0,0,0,6e-06,0.999999,logprobs,Novita
262,87,-15,0,0,0,2.1e-05,0.999994,logprobs,Novita
263,87,-13,0,0,0,9e-06,0.999998,logprobs,Novita
264,87,-11,0,0,1,0.999089,0.999992,logprobs,Novita
265,87,-9,0,0,0,1e-06,0.999999,logprobs,Novita
266,87,-7,0,0,0,2e-06,1,logprobs,Novita
267,87,-5,0,0,0,0.000123,0.999996,logprobs,Novita
268,87,-3,0,0,0,0.000109,0.999997,logprobs,Novita
269,87,-1,0,0,0,7e-06,0.999999,logprobs,Novita
270,87,1,0,0,0,5e-06,0.999996,logprobs,Novita
271,87,3,0,0,0,5.1e-05,0.999997,logprobs,Novita
272,87,5,0,0,0,0.000296,0.999989,logprobs,Novita
273,87,7,0,0,0,0.000123,0.999993,logprobs,Novita
274,87,9,0,0,0,1.5e-05,0.999997,logprobs,Novita
275,87,11,0,0,0,2.4e-05,0.999997,logprobs,Novita
276,87,13,0,0,0,2.1e-05,0.999998,logprobs,Novita
277,87,15,0,0,0,5e-06,0.999998,logprobs,Novita
278,87,17,0,0,0,3e-06,0.999998,logprobs,Novita
279,87,19,0,0,0,7e-06,0.999999,logprobs,Novita
280,87,21,0,0,0,8e-06,0.999992,logprobs,Novita
281,87,23,0,0,0,,,text,Novita
282,87,25,0,0,0,8e-06,0.999998,logprobs,Novita
283,87,27,0,0,0,2.8e-05,0.999997,logprobs,Novita
284,87,29,0,0,0,1e-06,0.999999,logprobs,Novita
285,87,31,0,0,0,2.8e-05,0.999993,logprobs,Novita
286,87,33,0,0,0,1e-06,1,logprobs,Novita
287,87,35,0,0,1,0.999995,0.999999,logprobs,Novita
288,87,37,0,0,0,,,text,Novita
289,87,39,0,0,0,9e-06,0.999998,logprobs,Novita
290,87,41,0,0,1,,,text,Novita
291,87,43,0,0,0,0.000158,0.999997,logprobs,Novita
292,87,45,0,0,0,,,text,Novita
293,87,47,0,0,0,2e-06,0.999999,logprobs,Novita
294,87,49,0,0,0,1.7e-05,0.999991,logprobs,Novita
295,87,51,0,0,0,2.8e-05,0.999993,logprobs,Novita
296,87,53,0,0,0,,,text,Novita
297,87,55,0,0,0,,,text,Novita
298,87,57,0,0,0,1e-06,0.999999,logprobs,Novita
299,87,59,0,0,1,,,text,Novita
300,87,61,0,0,0,,,text,Novita
301,87,63,0,0,0,2.1e-05,0.999995,logprobs,Novita
302,87,65,0,0,0,1.5e-05,0.999992,logprobs,Novita
303,87,67,0,0,0,1e-06,1,logprobs,Novita
304,87,69,0,0,0,3e-06,0.999997,logprobs,Novita
305,87,71,0,0,0,9.6e-05,0.999978,logprobs,Novita
306,87,73,0,0,0,0,1,logprobs,Novita
307,87,75,0,0,0,6e-06,0.999997,logprobs,Novita
308,87,77,0,0,0,6e-06,0.999996,logprobs,Novita
309,87,79,0,0,0,,,text,Novita
310,87,81,0,0,0,3e-06,0.999998,logprobs,Novita
311,87,83,0,0,1,0.999989,0.999993,logprobs,Novita
312,87,85,0,0,0,9.6e-05,0.999988,logprobs,Novita
313,87,87,0,0,0,8e-06,0.999997,logprobs,Novita
314,87,89,0,0,0,9e-06,0.999991,logprobs,Novita
315,87,91,0,0,0,6e-06,0.999988,logprobs,Novita
316,87,93,0,0,0,0,1,logprobs,Novita
317,87,95,0,0,1,0.998675,0.999968,logprobs,Novita
318,87,97,0,0,0,1e-06,0.999998,logprobs,Novita
319,87,99,0,0,0,1.9e-05,0.999996,logprobs,Novita
320,87,101,0,0,0,,,text,Novita
321,87,103,0,0,0,1.1e-05,0.99999,logprobs,Novita
322,87,105,0,0,0,,,text,Novita
323,87,107,0,0,0,6e-06,0.999998,logprobs,Novita
324,87,109,0,0,0,,,text,Novita
325,87,111,0,0,0,2.1e-05,0.999996,logprobs,Novita
326,87,113,0,0,1,0.999374,0.99999,logprobs,Novita
327,87,115,0,0,0,,,text,Novita
328,87,117,0,0,0,2e-06,0.999995,logprobs,Novita
329,87,119,0,0,0,,,text,Novita
330,87,121,0,0,0,5e-06,0.999995,logprobs,Novita
331,87,123,0,0,0,,,text,Novita
332,87,125,0,0,0,2e-06,0.999997,logprobs,Novita
333,87,127,0,0,0,8.5e-05,0.999998,logprobs,Novita
334,87,129,0,0,0,,,text,Novita
335,87,131,0,0,0,2e-06,0.999998,logprobs,Novita
336,87,133,0,0,0,,,text,Novita
337,87,135,0,0,0,,,text,Novita
338,87,137,0,0,0,2.1e-05,0.999987,logprobs,Novita
339,87,139,0,0,1,0.999842,0.999995,logprobs,Novita
340,87,141,0,0,0,1e-06,0.999994,logprobs,Novita
341,87,143,0,0,1,0.999992,0.999972,logprobs,Novita
342,87,145,0,0,0,4e-05,0.999996,logprobs,Novita
343,87,147,0,0,0,3.5e-05,0.99999,logprobs,Novita
344,87,149,0,0,0,1e-06,0.999998,logprobs,Novita
345,87,151,0,0,0,2e-06,0.999997,logprobs,Novita
346,87,153,0,0,0,,,text,Novita
347,87,155,0,0,0,9.6e-05,0.99999,logprobs,Novita
348,87,157,0,0,0,,,text,Novita
349,87,159,0,0,0,8.5e-05,0.999992,logprobs,Novita
350,87,161,0,0,0,,,text,Novita
351,87,163,0,0,0,7e-06,0.999999,logprobs,Novita
352,87,165,0,0,0,7e-06,0.999977,logprobs,Novita
353,87,167,0,0,0,,,text,Novita
354,87,169,0,0,0,,,text,Novita
355,87,171,0,0,0,1.5e-05,0.999995,logprobs,Novita
356,87,173,0,0,0,9.6e-05,0.99999,logprobs,Novita
357,87,175,0,0,0,1.9e-05,0.999992,logprobs,Novita
358,87,177,0,0,0,4e-05,0.99999,logprobs,Novita
359,87,179,0,0,0,5e-06,0.999998,logprobs,Novita
360,85,-179,0,0,0,4e-06,0.99999,logprobs,Novita
361,85,-177,0,0,0,2e-06,0.999998,logprobs,Novita
362,85,-175,0,0,0,5e-06,0.999997,logprobs,Novita
363,85,-173,0,0,0,3e-06,0.999996,logprobs,Novita
364,85,-171,0,0,0,1.1e-05,0.999998,logprobs,Novita
365,85,-169,0,0,0,,,text,Novita
366,85,-167,0,0,0,,,text,Novita
367,85,-165,0,0,0,,,text,Novita
368,85,-163,0,0,0,1.7e-05,0.999996,logprobs,Novita
369,85,-161,0,0,0,,,text,Novita
370,85,-159,0,0,0,0,0.999999,logprobs,Novita
371,85,-157,0,0,0,,,text,Novita
372,85,-155,0,0,0,3e-06,0.999994,logprobs,Novita
373,85,-153,0,0,0,2.8e-05,0.999994,logprobs,Novita
374,85,-151,0,0,0,3.5e-05,0.999997,logprobs,Novita
375,85,-149,0,0,0,9e-06,0.999996,logprobs,Novita
376,85,-147,0,0,0,3e-06,0.999999,logprobs,Novita
377,85,-145,0,0,0,3.1e-05,0.999993,logprobs,Novita
378,85,-143,0,0,0,2e-06,0.999999,logprobs,Novita
379,85,-141,0,0,0,1.3e-05,0.999996,logprobs,Novita
380,85,-139,0,0,0,5e-06,0.999992,logprobs,Novita
381,85,-137,0,0,0,,,text,Novita
382,85,-135,0,0,0,3.1e-05,0.999998,logprobs,Novita
383,85,-133,0,0,0,1e-06,0.999996,logprobs,Novita
384,85,-131,0,0,0,,,text,Novita
385,85,-129,0,0,0,1e-06,0.999999,logprobs,Novita
386,85,-127,0,0,0,4e-06,0.999997,logprobs,Novita
387,85,-125,0,0,0,1e-06,0.999998,logprobs,Novita
388,85,-123,0,0,0,1e-06,0.999952,logprobs,Novita
389,85,-121,0,0,0,1e-05,0.999997,logprobs,Novita
390,85,-119,0,0,0,2.4e-05,0.999997,logprobs,Novita
391,85,-117,0,0,0,,,text,Novita
392,85,-115,0,0,0,,,text,Novita
393,85,-113,0,0,1,0.999949,0.999986,logprobs,Novita
394,85,-111,0,0,0,2e-06,0.999996,logprobs,Novita
395,85,-109,0,0,0,2.4e-05,0.999995,logprobs,Novita
396,85,-107,0,0,0,2e-06,0.999999,logprobs,Novita
397,85,-105,0,0,0,8e-06,0.999996,logprobs,Novita
398,85,-103,0,0,0,,,text,Novita
399,85,-101,0,0,1,0.99962,0.999983,logprobs,Novita
400,85,-99,0,0,0,2.1e-05,0.999995,logprobs,Novita
401,85,-97,0,0,1,0.999569,0.999933,logprobs,Novita
402,85,-95,0,0,0,7e-06,0.999996,logprobs,Novita
403,85,-93,0,0,0,,,text,Novita
404,85,-91,0,0,0,5.8e-05,0.999993,logprobs,Novita
405,85,-89,0,0,0,3e-06,0.999998,logprobs,Novita
406,85,-87,0,0,0,4e-06,0.999995,logprobs,Novita
407,85,-85,0,0,0,2.4e-05,0.999994,logprobs,Novita
408,85,-83,0,0,0,7e-06,0.999998,logprobs,Novita
409,85,-81,0,0,0,2e-06,0.999999,logprobs,Novita
410,85,-79,0,0,0,0.000158,0.99999,logprobs,Novita
411,85,-77,0,0,0,1.7e-05,0.999993,logprobs,Novita
412,85,-75,0,0,0,1e-06,0.999998,logprobs,Novita
413,85,-73,0,0,0,3.5e-05,0.999997,logprobs,Novita
414,85,-71,0,0,1,0.999949,0.999991,logprobs,Novita
415,85,-69,0,0,0,1.1e-05,0.999997,logprobs,Novita
416,85,-67,0,0,0,5e-06,0.999998,logprobs,Novita
417,85,-65,0,0,0,8e-06,0.999998,logprobs,Novita
418,85,-63,0,0,0,0.000553,0.999997,logprobs,Novita
419,85,-61,0,0,0,,,text,Novita
420,85,-59,0,0,0,4.5e-05,0.999998,logprobs,Novita
421,85,-57,0,0,0,,,text,Novita
422,85,-55,0,0,0,2.1e-05,0.999997,logprobs,Novita
423,85,-53,0,0,0,,,text,Novita
424,85,-51,0,0,0,0,0.999998,logprobs,Novita
425,85,-49,0,0,0,1.1e-05,0.999999,logprobs,Novita
426,85,-47,0,0,0,,,text,Novita
427,85,-45,0,0,0,0.000626,0.999956,logprobs,Novita
428,85,-43,0,0,0,1e-06,0.999997,logprobs,Novita
429,85,-41,0,0,0,0.000203,0.999995,logprobs,Novita
430,85,-39,0,0,0,1.7e-05,0.999998,logprobs,Novita
431,85,-37,0,0,0,1.5e-05,0.999998,logprobs,Novita
432,85,-35,0,0,0,1e-06,0.999999,logprobs,Novita
433,85,-33,0,0,0,3e-06,0.999998,logprobs,Novita
434,85,-31,0,0,0,1e-06,0.999999,logprobs,Novita
435,85,-29,0,0,0,0.000296,0.999987,logprobs,Novita
436,85,-27,0,0,0,0.000203,0.999992,logprobs,Novita
437,85,-25,0,0,0,1e-05,0.999997,logprobs,Novita
438,85,-23,0,0,0,5e-06,0.999998,logprobs,Novita
439,85,-21,0,0,0,,,text,Novita
440,85,-19,0,0,0,5e-06,0.999999,logprobs,Novita
441,85,-17,0,0,0,0.000109,0.999987,logprobs,Novita
442,85,-15,0,0,0,,,text,Novita
443,85,-13,0,0,0,,,text,Novita
444,85,-11,0,0,1,0.99982,0.999974,logprobs,Novita
445,85,-9,0,0,0,1e-06,0.999994,logprobs,Novita
446,85,-7,0,0,0,1e-06,0.999998,logprobs,Novita
447,85,-5,0,0,0,1.1e-05,0.999995,logprobs,Novita
448,85,-3,0,0,0,,,text,Novita
449,85,-1,0,0,0,5.1e-05,0.999994,logprobs,Novita
450,85,1,0,0,0,0.000123,0.999988,logprobs,Novita
451,85,3,0,0,0,1e-06,0.999999,logprobs,Novita
452,85,5,0,0,0,4e-06,0.999999,logprobs,Novita
453,85,7,0,0,0,,,text,Novita
454,85,9,0,0,0,9.6e-05,0.999992,logprobs,Novita
455,85,11,0,0,0,2e-06,0.999996,logprobs,Novita
456,85,13,0,0,0,,,text,Novita
457,85,15,0,0,0,,,text,Novita
458,85,17,0,0,0,5e-06,0.999997,logprobs,Novita
459,85,19,0,0,0,5e-06,0.999997,logprobs,Novita
460,85,21,0,0,0,4.5e-05,0.999996,logprobs,Novita
461,85,23,0,0,0,3.5e-05,0.999996,logprobs,Novita
462,85,25,0,0,0,8e-06,0.999997,logprobs,Novita
463,85,27,0,0,0,1.5e-05,0.999997,logprobs,Novita
464,85,29,0,0,0,3.5e-05,0.999995,logprobs,Novita
465,85,31,0,0,0,1.7e-05,0.999995,logprobs,Novita
466,85,33,0,0,1,0.999891,0.99999,logprobs,Novita
467,85,35,0,0,0,1.7e-05,0.999994,logprobs,Novita
468,85,37,0,0,0,0,1,logprobs,Novita
469,85,39,0,0,0,3.1e-05,0.999995,logprobs,Novita
470,85,41,0,0,0,2e-06,0.999994,logprobs,Novita
471,85,43,0,0,0,3e-06,0.999999,logprobs,Novita
472,85,45,0,0,0,1.7e-05,0.999992,logprobs,Novita
473,85,47,0,0,1,0.999797,0.999978,logprobs,Novita
474,85,49,0,0,0,3e-06,0.999994,logprobs,Novita
475,85,51,0,0,0,1e-06,0.999999,logprobs,Novita
476,85,53,0,0,0,3.5e-05,0.999991,logprobs,Novita
477,85,55,0,0,0,2.1e-05,0.999991,logprobs,Novita
478,85,57,0,0,0,1e-05,0.999998,logprobs,Novita
479,85,59,0,0,0,2e-06,0.999998,logprobs,Novita
480,85,61,0,0,1,0.99929,0.999988,logprobs,Novita
481,85,63,0,0,0,2e-06,1,logprobs,Novita
482,85,65,0,0,0,,,text,Novita
483,85,67,0,0,0,,,text,Novita
484,85,69,0,0,0,5e-06,0.999997,logprobs,Novita
485,85,71,0,0,0,1e-06,0.999999,logprobs,Novita
486,85,73,0,0,0,2e-06,1,logprobs,Novita
487,85,75,0,0,0,5e-06,0.999998,logprobs,Novita
488,85,77,0,0,0,,,text,Novita
489,85,79,0,0,0,,,text,Novita
490,85,81,0,0,0,5.8e-05,0.999998,logprobs,Novita
491,85,83,0,0,0,0,1,logprobs,Novita
492,85,85,0,0,0,6e-06,0.999999,logprobs,Novita
493,85,87,0,0,0,5.8e-05,0.999995,logprobs,Novita
494,85,89,0,0,0,4e-05,0.999988,logprobs,Novita
495,85,91,0,0,1,0.999196,0.99994,logprobs,Novita
496,85,93,0,0,0,8.5e-05,0.999993,logprobs,Novita
497,85,95,0,0,0,5.8e-05,0.999989,logprobs,Novita
498,85,97,0,0,0,5e-06,0.999998,logprobs,Novita
499,85,99,0,0,0,4.5e-05,0.999994,logprobs,Novita
500,85,101,0,0,0,,,text,Novita
501,85,103,0,0,0,,,text,Novita
502,85,105,0,0,1,0.999569,0.999944,logprobs,Novita
503,85,107,0,0,0,,,text,Novita
504,85,109,0,0,0,2.1e-05,0.999991,logprobs,Novita
505,85,111,0,0,0,9e-06,0.999992,logprobs,Novita
506,85,113,0,0,0,3e-06,0.999998,logprobs,Novita
507,85,115,0,0,0,2.8e-05,0.999996,logprobs,Novita
508,85,117,0,0,0,2.1e-05,0.999996,logprobs,Novita
509,85,119,0,0,0,,,text,Novita
510,85,121,0,0,0,,,text,Novita
511,85,123,0,0,0,2.8e-05,0.999985,logprobs,Novita
512,85,125,0,0,0,7e-06,0.999995,logprobs,Novita
513,85,127,0,0,0,0,0.999998,logprobs,Novita
514,85,129,0,0,1,0.999769,0.999989,logprobs,Novita
515,85,131,0,0,0,7e-06,0.999996,logprobs,Novita
516,85,133,0,0,0,6.6e-05,0.999989,logprobs,Novita
517,85,135,0,0,0,0.000261,0.999994,logprobs,Novita
518,85,137,0,0,0,3e-06,0.999996,logprobs,Novita
519,85,139,0,0,1,0.998831,0.999988,logprobs,Novita
520,85,141,0,0,0,0,0.999999,logprobs,Novita
521,85,143,0,0,0,,,text,Novita
522,85,145,0,0,0,,,text,Novita
523,85,147,0,0,0,1e-06,0.999998,logprobs,Novita
524,85,149,0,0,0,1e-06,0.999995,logprobs,Novita
525,85,151,0,0,0,,,text,Novita
526,85,153,0,0,0,1.9e-05,0.999987,logprobs,Novita
527,85,155,0,0,0,1.1e-05,0.999994,logprobs,Novita
528,85,157,0,0,0,1.7e-05,0.999995,logprobs,Novita
529,85,159,0,0,0,,,text,Novita
530,85,161,0,0,0,0,0.999999,logprobs,Novita
531,85,163,0,0,0,,,text,Novita
532,85,165,0,0,0,1e-06,1,logprobs,Novita
533,85,167,0,0,0,3.5e-05,0.999995,logprobs,Novita
534,85,169,0,0,0,,,text,Novita
535,85,171,0,0,0,4e-05,0.99999,logprobs,Novita
536,85,173,0,0,0,6e-06,0.999997,logprobs,Novita
537,85,175,0,0,0,4.5e-05,0.999969,logprobs,Novita
538,85,177,0,0,0,3.1e-05,0.999992,logprobs,Novita
539,85,179,0,0,1,0.997527,0.999966,logprobs,Novita
540,83,-179,0,0,0,2e-06,0.999998,logprobs,Novita
541,83,-177,0,0,0,0,0.999999,logprobs,Novita
542,83,-175,0,0,0,5e-06,0.999999,logprobs,Novita
543,83,-173,0,0,0,1.5e-05,0.999998,logprobs,Novita
544,83,-171,0,0,0,3e-06,0.999998,logprobs,Novita
545,83,-169,0,0,0,,,text,Novita
546,83,-167,0,0,0,,,text,Novita
547,83,-165,0,0,0,2e-06,0.999999,logprobs,Novita
548,83,-163,0,0,0,2e-06,0.999999,logprobs,Novita
549,83,-161,0,0,0,7e-06,0.999999,logprobs,Novita
550,83,-159,0,0,0,1e-06,1,logprobs,Novita
551,83,-157,0,0,0,,,text,Novita
552,83,-155,0,0,0,0,0.999998,logprobs,Novita
553,83,-153,0,0,0,0,1,logprobs,Novita
554,83,-151,0,0,0,5e-06,0.999999,logprobs,Novita
555,83,-149,0,0,0,0,0.999999,logprobs,Novita
556,83,-147,0,0,0,0,0.999997,logprobs,Novita
557,83,-145,0,0,0,3e-06,0.999999,logprobs,Novita
558,83,-143,0,0,0,,,text,Novita
559,83,-141,0,0,0,1e-06,1,logprobs,Novita
560,83,-139,0,0,0,5e-06,0.999999,logprobs,Novita
561,83,-137,0,0,0,0,0.999999,logprobs,Novita
562,83,-135,0,0,0,4e-06,0.999999,logprobs,Novita
563,83,-133,0,0,0,1e-06,0.999999,logprobs,Novita
564,83,-131,0,0,0,8e-06,0.999999,logprobs,Novita
565,83,-129,0,0,0,0,1,logprobs,Novita
566,83,-127,0,0,0,0.000231,0.999991,logprobs,Novita
567,83,-125,0,0,0,,,text,Novita
568,83,-123,0,0,0,2e-06,0.999998,logprobs,Novita
569,83,-121,0,0,0,,,text,Novita
570,83,-119,0,0,0,4e-05,0.999996,logprobs,Novita
571,83,-117,0,0,0,4.5e-05,0.999994,logprobs,Novita
572,83,-115,0,0,0,1e-06,0.999998,logprobs,Novita
573,83,-113,0,0,0,4e-05,0.999997,logprobs,Novita
574,83,-111,0,0,0,1.1e-05,0.999998,logprobs,Novita
575,83,-109,0,0,0,3e-06,0.999999,logprobs,Novita
576,83,-107,0,0,0,0.00014,0.999996,logprobs,Novita
577,83,-105,0,0,0,,,text,Novita
578,83,-103,0,0,0,7e-06,0.999999,logprobs,Novita
579,83,-101,0,0,0,3e-06,0.999999,logprobs,Novita
580,83,-99,0,0,0,0.00038,0.999994,logprobs,Novita
581,83,-97,0,0,0,8.5e-05,0.999997,logprobs,Novita
582,83,-95,0,0,0,4e-05,0.99999,logprobs,Novita
583,83,-93,0,0,0,1.3e-05,0.999997,logprobs,Novita
584,83,-91,0,0,1,0.999089,0.99996,logprobs,Novita
585,83,-89,0,0,0,4e-05,0.999997,logprobs,Novita
586,83,-87,0,0,0,,,text,Novita
587,83,-85,0,0,0,2e-06,0.999999,logprobs,Novita
588,83,-83,0,0,0,4e-06,0.999997,logprobs,Novita
589,83,-81,0,0,0,1e-06,0.999999,logprobs,Novita
590,83,-79,0,0,0,,,text,Novita
591,83,-77,1,1,0,3.5e-05,0.999988,logprobs,Novita
592,83,-75,1,1,0,9e-06,0.999996,logprobs,Novita
593,83,-73,1,1,0,,,text,Novita
594,83,-71,1,1,0,0,1,logprobs,Novita
595,83,-69,1,1,1,0.999992,0.999997,logprobs,Novita
596,83,-67,0,0,0,4e-06,0.999999,logprobs,Novita
597,83,-65,0,0,0,2.8e-05,0.999997,logprobs,Novita
598,83,-63,0,0,0,,,text,Novita
599,83,-61,0,0,0,1.1e-05,0.999999,logprobs,Novita
600,83,-59,0,0,0,7e-06,0.999998,logprobs,Novita
601,83,-57,0,0,0,,,text,Novita
602,83,-55,0,0,0,2.1e-05,0.999986,logprobs,Novita
603,83,-53,0,0,0,0.000911,0.99999,logprobs,Novita
604,83,-51,0,0,0,,,text,Novita
605,83,-49,0,0,0,9.6e-05,0.999997,logprobs,Novita
606,83,-47,0,0,0,8e-06,0.999997,logprobs,Novita
607,83,-45,1,1,0,3.5e-05,0.999998,logprobs,Novita
608,83,-43,1,1,0,1.9e-05,0.999998,logprobs,Novita
609,83,-41,1,1,0,1e-05,0.999999,logprobs,Novita
610,83,-39,1,1,0,1e-06,0.999999,logprobs,Novita
611,83,-37,1,1,0,3.5e-05,0.999993,logprobs,Novita
612,83,-35,1,1,0,2.4e-05,0.999996,logprobs,Novita
613,83,-33,0,0,0,1e-05,0.999997,logprobs,Novita
614,83,-31,1,1,0,,,text,Novita
615,83,-29,1,1,0,,,text,Novita
616,83,-27,1,1,1,0.998073,0.999954,logprobs,Novita
617,83,-25,1,1,0,4e-06,0.999999,logprobs,Novita
618,83,-23,0,0,0,,,text,Novita
619,83,-21,0,0,0,1e-06,0.999998,logprobs,Novita
620,83,-19,0,0,0,,,text,Novita
621,83,-17,0,0,0,2.4e-05,0.999998,logprobs,Novita
622,83,-15,0,0,0,2.4e-05,0.999992,logprobs,Novita
623,83,-13,0,0,0,2e-06,0.999997,logprobs,Novita
624,83,-11,0,0,0,5.8e-05,0.999997,logprobs,Novita
625,83,-9,0,0,0,2e-06,0.999999,logprobs,Novita
626,83,-7,0,0,0,4e-06,0.999998,logprobs,Novita
627,83,-5,0,0,0,0.00038,0.99999,logprobs,Novita
628,83,-3,0,0,0,,,text,Novita
629,83,-1,0,0,0,,,text,Novita
630,83,1,0,0,0,2e-06,0.999999,logprobs,Novita
631,83,3,0,0,0,6e-06,0.999999,logprobs,Novita
632,83,5,0,0,0,1.5e-05,0.999995,logprobs,Novita
633,83,7,0,0,0,3.5e-05,0.999998,logprobs,Novita
634,83,9,0,0,0,3e-06,0.999999,logprobs,Novita
635,83,11,0,0,1,0.999972,0.999996,logprobs,Novita
636,83,13,0,0,0,2e-06,0.999999,logprobs,Novita
637,83,15,0,0,0,1.7e-05,0.999998,logprobs,Novita
638,83,17,0,0,0,5e-06,0.999998,logprobs,Novita
639,83,19,0,0,0,1e-06,1,logprobs,Novita
640,83,21,0,0,0,,,text,Novita
641,83,23,0,0,0,,,text,Novita
642,83,25,0,0,0,,,text,Novita
643,83,27,0,0,0,2.1e-05,0.999993,logprobs,Novita
644,83,29,0,0,0,2e-06,0.999997,logprobs,Novita
645,83,31,0,0,0,3e-06,0.999998,logprobs,Novita
646,83,33,0,0,0,,,text,Novita
647,83,35,0,0,0,,,text,Novita
648,83,37,0,0,0,,,text,Novita
649,83,39,0,0,0,,,text,Novita
650,83,41,0,0,0,1.7e-05,0.999997,logprobs,Novita
651,83,43,0,0,0,5e-06,0.999999,logprobs,Novita
652,83,45,0,0,0,3e-06,0.999997,logprobs,Novita
653,83,47,0,0,0,1.9e-05,0.999996,logprobs,Novita
654,83,49,0,0,0,,,text,Novita
655,83,51,0,0,0,2e-06,0.999991,logprobs,Novita
656,83,53,0,0,0,1.1e-05,0.999999,logprobs,Novita
657,83,55,0,0,0,,,text,Novita
658,83,57,0,0,0,7.5e-05,0.999997,logprobs,Novita
659,83,59,0,0,0,3.1e-05,0.999997,logprobs,Novita
660,83,61,0,0,0,8e-06,0.999999,logprobs,Novita
661,83,63,0,0,0,1e-06,0.999999,logprobs,Novita
662,83,65,0,0,0,4e-06,0.999997,logprobs,Novita
663,83,67,0,0,0,7e-06,0.999997,logprobs,Novita
664,83,69,0,0,0,,,text,Novita
665,83,71,0,0,0,9e-06,0.999997,logprobs,Novita
666,83,73,0,0,0,4.5e-05,0.999998,logprobs,Novita
667,83,75,0,0,0,0,0.999999,logprobs,Novita
668,83,77,0,0,0,5.8e-05,0.999989,logprobs,Novita
669,83,79,0,0,0,3e-06,0.999998,logprobs,Novita
670,83,81,0,0,0,4e-06,0.999998,logprobs,Novita
671,83,83,0,0,0,,,text,Novita
672,83,85,0,0,0,1.5e-05,0.999998,logprobs,Novita
673,83,87,0,0,0,1e-06,1,logprobs,Novita
674,83,89,0,0,0,0.000123,0.999986,logprobs,Novita
675,83,91,0,0,0,4.5e-05,0.999995,logprobs,Novita
676,83,93,0,0,0,7e-06,0.999997,logprobs,Novita
677,83,95,0,0,0,1.1e-05,0.999998,logprobs,Novita
678,83,97,0,0,0,1.7e-05,0.999998,logprobs,Novita
679,83,99,0,0,0,0,1,logprobs,Novita
680,83,101,0,0,0,4.5e-05,0.99999,logprobs,Novita
681,83,103,0,0,1,0.998831,0.999958,logprobs,Novita
682,83,105,0,0,0,2.4e-05,0.999999,logprobs,Novita
683,83,107,0,0,1,0.999997,0.999979,logprobs,Novita
684,83,109,0,0,0,,,text,Novita
685,83,111,0,0,0,4.5e-05,0.999991,logprobs,Novita
686,83,113,0,0,1,0.999965,0.999973,logprobs,Novita
687,83,115,0,0,1,0.998073,0.999969,logprobs,Novita
688,83,117,0,0,0,1e-06,0.999998,logprobs,Novita
689,83,119,0,0,0,2e-06,0.999999,logprobs,Novita
690,83,121,0,0,1,0.999447,0.999994,logprobs,Novita
691,83,123,0,0,1,,,text,Novita
692,83,125,0,0,0,0,0.999999,logprobs,Novita
693,83,127,0,0,0,2e-06,0.999998,logprobs,Novita
694,83,129,0,0,0,1.5e-05,0.999997,logprobs,Novita
695,83,131,0,0,0,5.8e-05,0.999989,logprobs,Novita
696,83,133,0,0,0,6e-06,0.999998,logprobs,Novita
697,83,135,0,0,0,1.1e-05,0.999994,logprobs,Novita
698,83,137,0,0,0,1.5e-05,0.999988,logprobs,Novita
699,83,139,0,0,0,5e-06,0.999998,logprobs,Novita
700,83,141,0,0,0,,,text,Novita
701,83,143,0,0,1,0.99986,0.999979,logprobs,Novita
702,83,145,0,0,0,1.1e-05,0.999994,logprobs,Novita
703,83,147,0,0,0,1.5e-05,0.999997,logprobs,Novita
704,83,149,0,0,0,,,text,Novita
705,83,151,0,0,0,5e-06,0.999997,logprobs,Novita
706,83,153,0,0,0,0,1,logprobs,Novita
707,83,155,0,0,0,0,0.999999,logprobs,Novita
708,83,157,0,0,0,7e-06,0.999994,logprobs,Novita
709,83,159,0,0,0,1e-06,0.999997,logprobs,Novita
710,83,161,0,0,0,,,text,Novita
711,83,163,0,0,0,2.1e-05,0.999998,logprobs,Novita
712,83,165,0,0,0,1.7e-05,0.999994,logprobs,Novita
713,83,167,0,0,0,,,text,Novita
714,83,169,0,0,0,,,text,Novita
715,83,171,0,0,0,9.6e-05,0.999992,logprobs,Novita
716,83,173,0,0,0,1.5e-05,0.999996,logprobs,Novita
717,83,175,0,0,0,1.7e-05,0.999998,logprobs,Novita
718,83,177,0,0,0,,,text,Novita
719,83,179,0,0,0,,,text,Novita
720,81,-179,0,0,0,0,0.999999,logprobs,Novita
721,81,-177,0,0,0,0,0.999999,logprobs,Novita
722,81,-175,0,0,0,1e-06,0.999999,logprobs,Novita
723,81,-173,0,0,0,3e-06,0.999998,logprobs,Novita
724,81,-171,0,0,0,,,text,Novita
725,81,-169,0,0,0,,,text,Novita
726,81,-167,0,0,0,2e-06,0.999998,logprobs,Novita
727,81,-165,0,0,0,0,0.999999,logprobs,Novita
728,81,-163,0,0,0,,,text,Novita
729,81,-161,0,0,0,2e-06,0.999997,logprobs,Novita
730,81,-159,0,0,0,2e-06,0.999999,logprobs,Novita
731,81,-157,0,0,0,3e-06,0.999999,logprobs,Novita
732,81,-155,0,0,0,,,text,Novita
733,81,-153,0,0,0,1.3e-05,0.999997,logprobs,Novita
734,81,-151,0,0,0,,,text,Novita
735,81,-149,0,0,0,7e-06,0.999998,logprobs,Novita
736,81,-147,0,0,0,1e-06,0.999999,logprobs,Novita
737,81,-145,0,0,0,2e-06,0.999998,logprobs,Novita
738,81,-143,0,0,0,1e-06,0.999997,logprobs,Novita
739,81,-141,0,0,0,1e-06,0.999999,logprobs,Novita
740,81,-139,0,0,0,4e-06,0.999999,logprobs,Novita
741,81,-137,0,0,0,0,0.999999,logprobs,Novita
742,81,-135,0,0,0,1e-06,0.999998,logprobs,Novita
743,81,-133,0,0,0,1.1e-05,0.999998,logprobs,Novita
744,81,-131,0,0,0,,,text,Novita
745,81,-129,0,0,0,5e-06,0.999997,logprobs,Novita
746,81,-127,0,0,0,6e-06,0.999991,logprobs,Novita
747,81,-125,0,0,0,0,0.999999,logprobs,Novita
748,81,-123,0,0,0,7e-06,0.999999,logprobs,Novita
749,81,-121,0,0,0,1e-05,0.999997,logprobs,Novita
750,81,-119,0,0,0,2.1e-05,0.999994,logprobs,Novita
751,81,-117,0,0,0,3.1e-05,0.999999,logprobs,Novita
752,81,-115,0,0,0,1.7e-05,0.999984,logprobs,Novita
753,81,-113,0,0,0,,,text,Novita
754,81,-111,0,0,0,1e-05,0.999994,logprobs,Novita
755,81,-109,0,0,0,,,text,Novita
756,81,-107,0,0,0,3e-06,0.999996,logprobs,Novita
757,81,-105,0,0,0,9.6e-05,0.999993,logprobs,Novita
758,81,-103,0,0,0,1.7e-05,0.999997,logprobs,Novita
759,81,-101,0,0,0,4e-05,0.999993,logprobs,Novita
760,81,-99,0,0,0,6e-06,0.999994,logprobs,Novita
761,81,-97,0,0,1,0.999089,0.999958,logprobs,Novita
762,81,-95,1,1,0,2.4e-05,0.999997,logprobs,Novita
763,81,-93,1,1,0,1.3e-05,0.999996,logprobs,Novita
764,81,-91,0,0,0,0.000203,0.99999,logprobs,Novita
765,81,-89,0,0,0,3e-06,0.999997,logprobs,Novita
766,81,-87,0,0,0,2.1e-05,0.999994,logprobs,Novita
767,81,-85,1,1,0,,,text,Novita
768,81,-83,1,1,0,1e-06,0.999998,logprobs,Novita
769,81,-81,1,1,0,1e-06,0.999999,logprobs,Novita
770,81,-79,0,0,0,9e-06,0.99999,logprobs,Novita
771,81,-77,1,1,0,1e-06,0.999999,logprobs,Novita
772,81,-75,1,1,0,3e-06,0.999998,logprobs,Novita
773,81,-73,1,1,0,1e-06,0.999999,logprobs,Novita
774,81,-71,1,1,0,7.5e-05,0.999989,logprobs,Novita
775,81,-69,1,1,0,,,text,Novita
776,81,-67,1,1,0,1.5e-05,0.999994,logprobs,Novita
777,81,-65,0,0,0,0,0.999998,logprobs,Novita
778,81,-63,1,1,0,3.1e-05,0.999995,logprobs,Novita
779,81,-61,1,1,0,1.1e-05,0.999997,logprobs,Novita
780,81,-59,1,1,0,8.5e-05,0.999995,logprobs,Novita
781,81,-57,1,1,0,5e-06,0.999998,logprobs,Novita
782,81,-55,1,1,0,,,text,Novita
783,81,-53,1,1,0,1e-06,0.999998,logprobs,Novita
784,81,-51,1,1,0,3.5e-05,0.999997,logprobs,Novita
785,81,-49,1,1,0,,,text,Novita
786,81,-47,1,1,0,2e-06,0.999998,logprobs,Novita
787,81,-45,1,1,0,1e-06,0.999998,logprobs,Novita
788,81,-43,1,1,0,4e-06,0.999999,logprobs,Novita
789,81,-41,1,1,0,1.1e-05,0.999998,logprobs,Novita
790,81,-39,1,1,0,1e-06,0.999999,logprobs,Novita
791,81,-37,1,1,0,2e-06,0.999997,logprobs,Novita
792,81,-35,1,1,0,2e-06,0.999999,logprobs,Novita
793,81,-33,1,1,0,0.000123,0.999992,logprobs,Novita
794,81,-31,1,1,0,3e-06,0.999999,logprobs,Novita
795,81,-29,1,1,0,2.8e-05,0.999995,logprobs,Novita
796,81,-27,1,1,0,4e-05,0.999996,logprobs,Novita
797,81,-25,1,1,1,0.999739,0.999988,logprobs,Novita
798,81,-23,1,1,0,0.000203,0.999992,logprobs,Novita
799,81,-21,1,1,0,2e-06,0.999998,logprobs,Novita
800,81,-19,1,1,0,2e-06,0.999998,logprobs,Novita
801,81,-17,1,1,1,0.99478,0.999955,logprobs,Novita
802,81,-15,1,1,0,1e-06,0.999999,logprobs,Novita
803,81,-13,0,0,0,0.00018,0.999991,logprobs,Novita
804,81,-11,0,0,0,4.5e-05,0.999995,logprobs,Novita
805,81,-9,0,0,0,1e-05,0.999999,logprobs,Novita
806,81,-7,0,0,0,9e-06,0.999996,logprobs,Novita
807,81,-5,0,0,0,1e-06,0.999999,logprobs,Novita
808,81,-3,0,0,0,5e-06,0.999998,logprobs,Novita
809,81,-1,0,0,1,0.99982,0.999988,logprobs,Novita
810,81,1,0,0,0,1e-06,0.999996,logprobs,Novita
811,81,3,0,0,0,7e-06,0.999996,logprobs,Novita
812,81,5,0,0,0,,,text,Novita
813,81,7,0,0,0,,,text,Novita
814,81,9,0,0,0,6e-06,0.999997,logprobs,Novita
815,81,11,0,0,0,1e-06,0.999998,logprobs,Novita
816,81,13,0,0,0,,,text,Novita
817,81,15,0,0,0,1e-06,1,logprobs,Novita
818,81,17,0,0,0,1e-06,0.999999,logprobs,Novita
819,81,19,0,0,0,2e-06,0.999999,logprobs,Novita
820,81,21,0,0,0,1.9e-05,0.999998,logprobs,Novita
821,81,23,0,0,0,,,text,Novita
822,81,25,0,0,0,0,0.999999,logprobs,Novita
823,81,27,0,0,0,,,text,Novita
824,81,29,0,0,0,2.4e-05,0.999997,logprobs,Novita
825,81,31,0,0,0,6e-06,0.999997,logprobs,Novita
826,81,33,0,0,0,1e-06,0.999997,logprobs,Novita
827,81,35,0,0,1,0.999739,0.999978,logprobs,Novita
828,81,37,0,0,0,,,text,Novita
829,81,39,0,0,1,0.999989,0.999997,logprobs,Novita
830,81,41,0,0,0,2e-06,0.999999,logprobs,Novita
831,81,43,0,0,0,,,text,Novita
832,81,45,0,0,0,,,text,Novita
833,81,47,0,0,0,0,1,logprobs,Novita
834,81,49,0,0,1,0.999447,0.999951,logprobs,Novita
835,81,51,0,0,1,0.99962,0.99998,logprobs,Novita
836,81,53,0,0,0,,,text,Novita
837,81,55,1,1,0,,,text,Novita
838,81,57,1,1,0,1.5e-05,0.999995,logprobs,Novita
839,81,59,0,0,0,1e-06,0.999999,logprobs,Novita
840,81,61,1,1,0,4e-06,0.999998,logprobs,Novita
841,81,63,0,0,0,0,1,logprobs,Novita
842,81,65,1,1,0,9e-06,0.999997,logprobs,Novita
843,81,67,0,0,0,1.5e-05,0.999998,logprobs,Novita
844,81,69,0,0,1,0.99999,0.999994,logprobs,Novita
845,81,71,0,0,0,2.4e-05,0.999996,logprobs,Novita
846,81,73,0,0,0,,,text,Novita
847,81,75,0,0,0,,,text,Novita
848,81,77,0,0,0,2e-06,0.999998,logprobs,Novita
849,81,79,0,0,0,0,0.999999,logprobs,Novita
850,81,81,0,0,0,1e-06,0.99999,logprobs,Novita
851,81,83,0,0,0,4e-06,0.999999,logprobs,Novita
852,81,85,0,0,0,1e-06,0.999999,logprobs,Novita
853,81,87,0,0,0,3e-06,0.999999,logprobs,Novita
854,81,89,0,0,0,1e-06,0.999999,logprobs,Novita
855,81,91,0,0,0,,,text,Novita
856,81,93,0,0,0,2e-06,0.999997,logprobs,Novita
857,81,95,1,1,0,,,text,Novita
858,81,97,0,0,0,,,text,Novita
859,81,99,0,0,0,1.1e-05,0.999997,logprobs,Novita
860,81,101,0,0,0,,,text,Novita
861,81,103,0,0,1,0.998499,0.999986,logprobs,Novita
862,81,105,0,0,0,8.5e-05,0.999994,logprobs,Novita
863,81,107,0,0,0,1e-06,0.999999,logprobs,Novita
864,81,109,0,0,1,0.99929,0.999955,logprobs,Novita
865,81,111,0,0,0,0,0.999998,logprobs,Novita
866,81,113,0,0,0,4e-06,0.999998,logprobs,Novita
867,81,115,0,0,0,1.3e-05,0.999997,logprobs,Novita
868,81,117,0,0,1,0.999842,0.999987,logprobs,Novita
869,81,119,0,0,0,1.5e-05,0.999999,logprobs,Novita
870,81,121,0,0,0,1e-06,0.999998,logprobs,Novita
871,81,123,0,0,0,0,0.999999,logprobs,Novita
872,81,125,0,0,0,1.5e-05,0.99997,logprobs,Novita
873,81,127,0,0,0,5.8e-05,0.99999,logprobs,Novita
874,81,129,0,0,0,9e-06,0.999997,logprobs,Novita
875,81,131,0,0,0,9e-06,0.999997,logprobs,Novita
876,81,133,0,0,0,1e-06,0.999996,logprobs,Novita
877,81,135,0,0,0,3e-06,0.999995,logprobs,Novita
878,81,137,0,0,0,5e-06,0.999999,logprobs,Novita
879,81,139,0,0,0,1.7e-05,0.999995,logprobs,Novita
880,81,141,0,0,0,9.6e-05,0.999994,logprobs,Novita
881,81,143,0,0,0,4e-06,0.999997,logprobs,Novita
882,81,145,0,0,0,1e-06,0.999997,logprobs,Novita
883,81,147,0,0,0,4.5e-05,0.999996,logprobs,Novita
884,81,149,0,0,0,2.4e-05,0.999995,logprobs,Novita
885,81,151,0,0,0,2e-06,0.999995,logprobs,Novita
886,81,153,0,0,0,1.3e-05,0.999994,logprobs,Novita
887,81,155,0,0,0,1e-05,0.999998,logprobs,Novita
888,81,157,0,0,0,2.8e-05,0.999991,logprobs,Novita
889,81,159,0,0,0,1e-06,0.99998,logprobs,Novita
890,81,161,0,0,0,2e-06,0.999997,logprobs,Novita
891,81,163,0,0,0,1e-06,0.999998,logprobs,Novita
892,81,165,0,0,0,8e-06,0.999998,logprobs,Novita
893,81,167,0,0,0,2.1e-05,0.999996,logprobs,Novita
894,81,169,0,0,0,2.1e-05,0.999995,logprobs,Novita
895,81,171,0,0,0,2e-06,0.999997,logprobs,Novita
896,81,173,0,0,0,5.8e-05,0.999998,logprobs,Novita
897,81,175,0,0,0,6e-06,0.999993,logprobs,Novita
898,81,177,0,0,0,4e-05,0.999975,logprobs,Novita
899,81,179,0,0,1,0.998073,0.999964,logprobs,Novita
900,79,-179,0,0,0,,,text,Novita
901,79,-177,0,0,0,,,text,Novita
902,79,-175,0,0,0,1e-06,0.999998,logprobs,Novita
903,79,-173,0,0,0,2e-06,0.999997,logprobs,Novita
904,79,-171,0,0,0,0,0.999999,logprobs,Novita
905,79,-169,0,0,0,5e-06,0.999997,logprobs,Novita
906,79,-167,0,0,0,,,text,Novita
907,79,-165,0,0,0,5e-06,0.999999,logprobs,Novita
908,79,-163,0,0,0,2e-06,0.999998,logprobs,Novita
909,79,-161,0,0,0,,,text,Novita
910,79,-159,0,0,0,3e-06,0.999998,logprobs,Novita
911,79,-157,0,0,0,4e-06,0.999998,logprobs,Novita
912,79,-155,0,0,0,,,text,Novita
913,79,-153,0,0,0,2.8e-05,0.999998,logprobs,Novita
914,79,-151,0,0,0,,,text,Novita
915,79,-149,0,0,0,6e-06,0.999996,logprobs,Novita
916,79,-147,0,0,0,,,text,Novita
917,79,-145,0,0,0,0,0.999999,logprobs,Novita
918,79,-143,0,0,0,3e-06,0.999999,logprobs,Novita
919,79,-141,0,0,0,3e-06,0.999999,logprobs,Novita
920,79,-139,0,0,0,1e-06,0.999999,logprobs,Novita
921,79,-137,0,0,0,,,text,Novita
922,79,-135,0,0,0,,,text,Novita
923,79,-133,0,0,0,1.3e-05,0.999993,logprobs,Novita
924,79,-131,0,0,0,1e-06,0.999998,logprobs,Novita
925,79,-129,0,0,0,5.1e-05,0.999994,logprobs,Novita
926,79,-127,0,0,0,,,text,Novita
927,79,-125,0,0,0,4e-05,0.999991,logprobs,Novita
928,79,-123,0,0,0,3.5e-05,0.999987,logprobs,Novita
929,79,-121,0,0,0,,,text,Novita
930,79,-119,0,0,0,2e-06,0.999999,logprobs,Novita
931,79,-117,0,0,0,2e-06,0.999996,logprobs,Novita
932,79,-115,0,0,0,0.000109,0.999994,logprobs,Novita
933,79,-113,0,0,1,0.999447,0.999991,logprobs,Novita
934,79,-111,0,0,0,4.5e-05,0.999995,logprobs,Novita
935,79,-109,0,0,0,2e-06,0.999998,logprobs,Novita
936,79,-107,0,0,1,0.999665,0.999979,logprobs,Novita
937,79,-105,0,0,0,5.8e-05,0.999996,logprobs,Novita
938,79,-103,1,1,0,3.1e-05,0.999997,logprobs,Novita
939,79,-101,0,0,1,,,text,Novita
940,79,-99,0,0,0,5e-06,0.999991,logprobs,Novita
941,79,-97,0,0,0,1e-06,0.999999,logprobs,Novita
942,79,-95,0,0,0,0,0.999999,logprobs,Novita
943,79,-93,1,1,0,1.7e-05,0.999999,logprobs,Novita
944,79,-91,1,1,0,2.8e-05,0.999997,logprobs,Novita
945,79,-89,1,1,0,4e-06,0.999998,logprobs,Novita
946,79,-87,1,1,0,5e-06,0.999998,logprobs,Novita
947,79,-85,0,0,0,5e-06,0.999998,logprobs,Novita
948,79,-83,1,1,0,,,text,Novita
949,79,-81,1,1,0,,,text,Novita
950,79,-79,1,1,0,1e-06,0.999997,logprobs,Novita
951,79,-77,1,1,0,1e-06,0.999996,logprobs,Novita
952,79,-75,0,0,0,,,text,Novita
953,79,-73,0,0,0,,,text,Novita
954,79,-71,0,0,0,1.3e-05,0.999997,logprobs,Novita
955,79,-69,0,0,0,1e-06,0.999999,logprobs,Novita
956,79,-67,1,1,0,9e-06,0.999995,logprobs,Novita
957,79,-65,1,1,0,,,text,Novita
958,79,-63,1,1,0,4e-05,0.999981,logprobs,Novita
959,79,-61,1,1,0,2.8e-05,0.99998,logprobs,Novita
960,79,-59,1,1,1,,,text,Novita
961,79,-57,1,1,0,1e-06,0.999999,logprobs,Novita
962,79,-55,1,1,0,2e-06,0.999997,logprobs,Novita
963,79,-53,1,1,0,1.1e-05,0.999999,logprobs,Novita
964,79,-51,1,1,0,0,0.999999,logprobs,Novita
965,79,-49,1,1,1,0.999842,0.999992,logprobs,Novita
966,79,-47,1,1,1,,,text,Novita
967,79,-45,1,1,0,4.5e-05,0.999995,logprobs,Novita
968,79,-43,1,1,0,,,text,Novita
969,79,-41,1,1,0,6e-06,0.999996,logprobs,Novita
970,79,-39,1,1,0,5e-06,0.999998,logprobs,Novita
971,79,-37,1,1,0,0,0.999998,logprobs,Novita
972,79,-35,1,1,0,1e-06,0.999999,logprobs,Novita
973,79,-33,1,1,0,,,text,Novita
974,79,-31,1,1,0,0,0.999999,logprobs,Novita
975,79,-29,1,1,0,1e-06,0.999999,logprobs,Novita
976,79,-27,1,1,0,1.1e-05,0.999994,logprobs,Novita
977,79,-25,1,1,0,1.9e-05,0.999996,logprobs,Novita
978,79,-23,1,1,0,3.5e-05,0.999997,logprobs,Novita
979,79,-21,1,1,0,4e-06,0.999998,logprobs,Novita
980,79,-19,0,0,0,0,0.999996,logprobs,Novita
981,79,-17,0,0,0,1.5e-05,0.999994,logprobs,Novita
982,79,-15,0,0,0,,,text,Novita
983,79,-13,0,0,0,0,0.999999,logprobs,Novita
984,79,-11,0,0,1,0.999842,0.999989,logprobs,Novita
985,79,-9,0,0,1,0.999877,0.999993,logprobs,Novita
986,79,-7,0,0,0,5.8e-05,0.999994,logprobs,Novita
987,79,-5,0,0,0,0,1,logprobs,Novita
988,79,-3,0,0,0,,,text,Novita
989,79,-1,0,0,0,1.3e-05,0.999995,logprobs,Novita
990,79,1,0,0,0,,,text,Novita
991,79,3,0,0,0,4.5e-05,0.999993,logprobs,Novita
992,79,5,0,0,0,,,text,Novita
993,79,7,0,0,0,6.6e-05,0.999995,logprobs,Novita
994,79,9,0,0,0,1e-06,0.999999,logprobs,Novita
995,79,11,0,0,0,0,1,logprobs,Novita
996,79,13,1,1,1,0.999915,0.999973,logprobs,Novita
997,79,15,1,1,1,0.999983,0.999998,logprobs,Novita
998,79,17,1,1,0,0,1,logprobs,Novita
999,79,19,1,1,0,3e-06,0.999998,logprobs,Novita
1000,79,21,0,0,1,0.99996,0.999994,logprobs,Novita
1001,79,23,0,0,0,5e-06,0.999998,logprobs,Novita
1002,79,25,0,0,0,9e-06,0.999996,logprobs,Novita
1003,79,27,0,0,0,4e-05,0.999995,logprobs,Novita
1004,79,29,0,0,0,,,text,Novita
1005,79,31,0,0,0,0.000203,0.999994,logprobs,Novita
1006,79,33,0,0,0,3.5e-05,0.999996,logprobs,Novita
1007,79,35,0,0,1,0.999877,0.999996,logprobs,Novita
1008,79,37,0,0,1,0.999942,0.999978,logprobs,Novita
1009,79,39,0,0,1,0.999512,0.999985,logprobs,Novita
1010,79,41,0,0,1,,,text,Novita
1011,79,43,0,0,1,0.999992,0.999996,logprobs,Novita
1012,79,45,0,0,0,,,text,Novita
1013,79,47,0,0,0,,,text,Novita
1014,79,49,0,0,0,9e-06,0.999992,logprobs,Novita
1015,79,51,0,0,0,4.5e-05,0.999997,logprobs,Novita
1016,79,53,0,0,0,4.5e-05,0.999996,logprobs,Novita
1017,79,55,0,0,0,,,text,Novita
1018,79,57,0,0,0,,,text,Novita
1019,79,59,0,0,0,5.1e-05,0.999993,logprobs,Novita
1020,79,61,0,0,0,2e-06,0.999999,logprobs,Novita
1021,79,63,0,0,0,9.6e-05,0.999998,logprobs,Novita
1022,79,65,0,0,0,1e-06,0.999998,logprobs,Novita
1023,79,67,0,0,0,6e-06,0.999996,logprobs,Novita
1024,79,69,0,0,0,0,1,logprobs,Novita
1025,79,71,0,0,0,3e-06,0.999998,logprobs,Novita
1026,79,73,0,0,0,1e-06,0.999999,logprobs,Novita
1027,79,75,0,0,0,4.5e-05,0.999988,logprobs,Novita
1028,79,77,0,0,0,3e-06,0.999998,logprobs,Novita
1029,79,79,0,0,0,5e-06,0.99999,logprobs,Novita
1030,79,81,0,0,0,,,text,Novita
1031,79,83,0,0,0,1e-06,0.999999,logprobs,Novita
1032,79,85,0,0,0,1e-06,0.999999,logprobs,Novita
1033,79,87,0,0,0,1e-06,0.999999,logprobs,Novita
1034,79,89,0,0,0,1e-06,0.999999,logprobs,Novita
1035,79,91,0,0,0,8e-06,0.999996,logprobs,Novita
1036,79,93,0,0,0,0,1,logprobs,Novita
1037,79,95,0,0,0,1e-06,0.999999,logprobs,Novita
1038,79,97,1,1,1,0.999447,0.999987,logprobs,Novita
1039,79,99,1,1,0,2.4e-05,0.999994,logprobs,Novita
1040,79,101,0,0,0,4.5e-05,0.999995,logprobs,Novita
1041,79,103,1,1,0,1e-06,0.999999,logprobs,Novita
1042,79,105,0,0,1,0.999665,0.999985,logprobs,Novita
1043,79,107,0,0,1,0.9983,0.999942,logprobs,Novita
1044,79,109,0,0,0,,,text,Novita
1045,79,111,0,0,1,0.999089,0.999967,logprobs,Novita
1046,79,113,0,0,1,0.999739,0.999761,logprobs,Novita
1047,79,115,0,0,0,6e-06,0.999997,logprobs,Novita
1048,79,117,0,0,0,,,text,Novita
1049,79,119,0,0,0,,,text,Novita
1050,79,121,0,0,1,0.998299,0.999969,logprobs,Novita
1051,79,123,0,0,0,1.1e-05,0.999994,logprobs,Novita
1052,79,125,0,0,0,7e-06,0.999993,logprobs,Novita
1053,79,127,0,0,0,2e-06,0.999999,logprobs,Novita
1054,79,129,0,0,0,2e-06,0.999999,logprobs,Novita
1055,79,131,0,0,0,8e-06,0.999997,logprobs,Novita
1056,79,133,0,0,0,6e-06,0.99998,logprobs,Novita
1057,79,135,0,0,0,0,0.999997,logprobs,Novita
1058,79,137,0,0,0,1e-06,0.999997,logprobs,Novita
1059,79,139,0,0,0,,,text,Novita
1060,79,141,0,0,0,1e-06,0.999995,logprobs,Novita
1061,79,143,0,0,0,7e-06,0.999997,logprobs,Novita
1062,79,145,0,0,0,3e-06,0.999977,logprobs,Novita
1063,79,147,0,0,0,1e-06,0.999998,logprobs,Novita
1064,79,149,0,0,0,2e-06,0.999997,logprobs,Novita
1065,79,151,0,0,0,2.1e-05,0.999998,logprobs,Novita
1066,79,153,0,0,0,8e-06,0.999993,logprobs,Novita
1067,79,155,0,0,0,3e-06,0.999998,logprobs,Novita
1068,79,157,0,0,0,,,text,Novita
1069,79,159,0,0,0,2e-06,0.999999,logprobs,Novita
1070,79,161,0,0,0,,,text,Novita
1071,79,163,0,0,0,2.4e-05,0.999996,logprobs,Novita
1072,79,165,0,0,0,,,text,Novita
1073,79,167,0,0,0,1e-06,0.999999,logprobs,Novita
1074,79,169,0,0,0,0,0.999998,logprobs,Novita
1075,79,171,0,0,0,2.1e-05,0.999993,logprobs,Novita
1076,79,173,0,0,0,1.3e-05,0.999996,logprobs,Novita
1077,79,175,0,0,0,2.1e-05,0.99999,logprobs,Novita
1078,79,177,0,0,0,5.8e-05,0.999993,logprobs,Novita
1079,79,179,0,0,0,1e-06,0.999997,logprobs,Novita
1080,77,-179,0,0,0,8e-06,0.999996,logprobs,Novita
1081,77,-177,0,0,0,1e-06,0.999999,logprobs,Novita
1082,77,-175,0,0,0,2e-06,0.999989,logprobs,Novita
1083,77,-173,0,0,0,2e-06,0.999998,logprobs,Novita
1084,77,-171,0,0,0,2e-06,0.999999,logprobs,Novita
1085,77,-169,0,0,0,,,text,Novita
1086,77,-167,0,0,0,2e-06,0.999999,logprobs,Novita
1087,77,-165,0,0,0,,,text,Novita
1088,77,-163,0,0,0,0,1,logprobs,Novita
1089,77,-161,0,0,0,2.1e-05,0.999997,logprobs,Novita
1090,77,-159,0,0,0,2.1e-05,0.999996,logprobs,Novita
1091,77,-157,0,0,0,9e-06,0.999998,logprobs,Novita
1092,77,-155,0,0,0,0.000158,0.999994,logprobs,Novita
1093,77,-153,0,0,0,8e-06,0.999998,logprobs,Novita
1094,77,-151,0,0,0,1.9e-05,0.999997,logprobs,Novita
1095,77,-149,0,0,0,7.5e-05,0.999995,logprobs,Novita
1096,77,-147,0,0,0,1.1e-05,0.999997,logprobs,Novita
1097,77,-145,0,0,0,1e-06,0.999999,logprobs,Novita
1098,77,-143,0,0,0,2e-06,0.999999,logprobs,Novita
1099,77,-141,0,0,0,1e-06,1,logprobs,Novita
1100,77,-139,0,0,0,7e-06,0.999998,logprobs,Novita
1101,77,-137,0,0,0,6e-06,0.999999,logprobs,Novita
1102,77,-135,0,0,0,9.6e-05,0.999996,logprobs,Novita
1103,77,-133,0,0,0,1.7e-05,0.999993,logprobs,Novita
1104,77,-131,0,0,0,1e-06,0.999999,logprobs,Novita
1105,77,-129,0,0,0,0,0.999999,logprobs,Novita
1106,77,-127,0,0,0,0.000261,0.999995,logprobs,Novita
1107,77,-125,0,0,0,9e-06,0.999997,logprobs,Novita
1108,77,-123,0,0,0,2.4e-05,0.999991,logprobs,Novita
1109,77,-121,0,0,0,,,text,Novita
1110,77,-119,1,1,0,,,text,Novita
1111,77,-117,1,1,0,,,text,Novita
1112,77,-115,0,0,0,6.6e-05,0.999992,logprobs,Novita
1113,77,-113,0,0,0,,,text,Novita
1114,77,-111,0,0,0,0,1,logprobs,Novita
1115,77,-109,0,0,0,0,0.999999,logprobs,Novita
1116,77,-107,0,0,0,0.000158,0.999997,logprobs,Novita
1117,77,-105,0,0,1,0.997818,0.999962,logprobs,Novita
1118,77,-103,0,0,1,0.999569,0.999991,logprobs,Novita
1119,77,-101,0,0,0,2e-06,0.999999,logprobs,Novita
1120,77,-99,0,0,0,,,text,Novita
1121,77,-97,0,0,1,0.99977,0.999966,logprobs,Novita
1122,77,-95,0,0,0,5.1e-05,0.999988,logprobs,Novita
1123,77,-93,0,0,0,2.1e-05,0.999997,logprobs,Novita
1124,77,-91,0,0,0,,,text,Novita
1125,77,-89,0,0,0,1.1e-05,0.999995,logprobs,Novita
1126,77,-87,1,1,0,7e-06,0.999998,logprobs,Novita
1127,77,-85,1,1,0,8.5e-05,0.999998,logprobs,Novita
1128,77,-83,1,1,0,,,text,Novita
1129,77,-81,1,1,1,0.999934,0.999987,logprobs,Novita
1130,77,-79,0,0,0,6e-06,0.999996,logprobs,Novita
1131,77,-77,0,0,0,5.1e-05,0.999984,logprobs,Novita
1132,77,-75,0,0,0,3.5e-05,0.999996,logprobs,Novita
1133,77,-73,0,0,0,1.3e-05,0.999997,logprobs,Novita
1134,77,-71,1,1,0,1.9e-05,0.999996,logprobs,Novita
1135,77,-69,1,1,0,1e-06,0.999999,logprobs,Novita
1136,77,-67,1,1,0,7e-06,0.999993,logprobs,Novita
1137,77,-65,1,1,0,1e-05,0.999994,logprobs,Novita
1138,77,-63,1,1,0,8e-06,0.999999,logprobs,Novita
1139,77,-61,1,1,0,6.6e-05,0.999992,logprobs,Novita
1140,77,-59,1,1,0,3.5e-05,0.999996,logprobs,Novita
1141,77,-57,1,1,0,,,text,Novita
1142,77,-55,1,1,0,2.8e-05,0.999992,logprobs,Novita
1143,77,-53,1,1,0,4e-06,0.999998,logprobs,Novita
1144,77,-51,1,1,0,4e-05,0.999997,logprobs,Novita
1145,77,-49,1,1,0,2.4e-05,0.999995,logprobs,Novita
1146,77,-47,1,1,1,0.999987,0.999998,logprobs,Novita
1147,77,-45,1,1,0,0,0.999998,logprobs,Novita
1148,77,-43,1,1,1,0.999995,0.999998,logprobs,Novita
1149,77,-41,1,1,0,3.5e-05,0.999996,logprobs,Novita
1150,77,-39,1,1,0,2.4e-05,0.999997,logprobs,Novita
1151,77,-37,1,1,1,,,text,Novita
1152,77,-35,1,1,0,5e-06,0.999997,logprobs,Novita
1153,77,-33,1,1,0,1.3e-05,0.999995,logprobs,Novita
1154,77,-31,1,1,0,1e-06,0.999999,logprobs,Novita
1155,77,-29,1,1,0,0,1,logprobs,Novita
1156,77,-27,1,1,1,0.998968,0.999898,logprobs,Novita
1157,77,-25,1,1,0,,,text,Novita
1158,77,-23,1,1,0,,,text,Novita
1159,77,-21,1,1,0,3e-06,0.999998,logprobs,Novita
1160,77,-19,1,1,0,4e-05,0.99999,logprobs,Novita
1161,77,-17,0,0,0,,,text,Novita
1162,77,-15,0,0,0,4.5e-05,0.999994,logprobs,Novita
1163,77,-13,0,0,0,2.8e-05,0.999997,logprobs,Novita
1164,77,-11,0,0,0,,,text,Novita
1165,77,-9,0,0,0,9e-06,0.999997,logprobs,Novita
1166,77,-7,0,0,0,2e-06,0.999999,logprobs,Novita
1167,77,-5,0,0,0,,,text,Novita
1168,77,-3,0,0,0,1e-05,0.999996,logprobs,Novita
1169,77,-1,0,0,0,4e-06,0.999997,logprobs,Novita
1170,77,1,0,0,0,,,text,Novita
1171,77,3,0,0,0,,,text,Novita
1172,77,5,0,0,0,1e-06,0.999998,logprobs,Novita
1173,77,7,0,0,0,1e-06,0.999999,logprobs,Novita
1174,77,9,0,0,1,0.999991,0.999999,logprobs,Novita
1175,77,11,0,0,0,,,text,Novita
1176,77,13,0,0,1,0.999739,0.999985,logprobs,Novita
1177,77,15,0,0,0,1e-06,0.999999,logprobs,Novita
1178,77,17,1,1,0,3e-06,0.999999,logprobs,Novita
1179,77,19,0,0,0,3.5e-05,0.999998,logprobs,Novita
1180,77,21,0,0,1,0.999989,0.999997,logprobs,Novita
1181,77,23,0,0,1,0.999955,0.99998,logprobs,Novita
1182,77,25,0,0,0,,,text,Novita
1183,77,27,0,0,1,0.999993,0.999996,logprobs,Novita
1184,77,29,0,0,1,0.999955,0.999995,logprobs,Novita
1185,77,31,0,0,1,0.999999,0.999999,logprobs,Novita
1186,77,33,0,0,0,2.1e-05,0.999998,logprobs,Novita
1187,77,35,0,0,0,,,text,Novita
1188,77,37,0,0,1,0.999877,0.999983,logprobs,Novita
1189,77,39,0,0,1,0.999998,0.999998,logprobs,Novita
1190,77,41,0,0,0,1.7e-05,0.999992,logprobs,Novita
1191,77,43,0,0,0,1.3e-05,0.999997,logprobs,Novita
1192,77,45,0,0,1,0.999949,0.99999,logprobs,Novita
1193,77,47,0,0,1,0.999934,0.999972,logprobs,Novita
1194,77,49,0,0,1,,,text,Novita
1195,77,51,0,0,0,4e-06,0.999999,logprobs,Novita
1196,77,53,0,0,1,0.997817,0.999954,logprobs,Novita
1197,77,55,0,0,0,1e-06,0.999998,logprobs,Novita
1198,77,57,0,0,0,,,text,Novita
1199,77,59,0,0,0,4e-05,0.999995,logprobs,Novita
1200,77,61,0,0,0,8.5e-05,0.999995,logprobs,Novita
1201,77,63,0,0,0,2e-06,0.999998,logprobs,Novita
1202,77,65,0,0,0,8e-06,0.999987,logprobs,Novita
1203,77,67,0,0,0,,,text,Novita
1204,77,69,0,0,0,,,text,Novita
1205,77,71,0,0,0,1.5e-05,0.999994,logprobs,Novita
1206,77,73,0,0,0,7e-06,0.999998,logprobs,Novita
1207,77,75,0,0,0,,,text,Novita
1208,77,77,0,0,0,1.9e-05,0.999995,logprobs,Novita
1209,77,79,0,0,0,2e-06,0.999998,logprobs,Novita
1210,77,81,0,0,0,2e-06,0.999998,logprobs,Novita
1211,77,83,0,0,0,,,text,Novita
1212,77,85,0,0,0,5e-06,0.999996,logprobs,Novita
1213,77,87,0,0,1,0.99957,0.999985,logprobs,Novita
1214,77,89,0,0,0,2e-06,0.999999,logprobs,Novita
1215,77,91,0,0,0,,,text,Novita
1216,77,93,0,0,0,,,text,Novita
1217,77,95,0,0,1,0.999972,0.999994,logprobs,Novita
1218,77,97,0,0,1,0.99977,0.999982,logprobs,Novita
1219,77,99,0,0,0,1e-06,0.999995,logprobs,Novita
1220,77,101,0,0,0,,,text,Novita
1221,77,103,1,1,1,0.999704,0.999964,logprobs,Novita
1222,77,105,1,1,1,0.998831,0.999964,logprobs,Novita
1223,77,107,1,1,1,0.99962,0.999997,logprobs,Novita
1224,77,109,0,0,1,0.999089,0.999969,logprobs,Novita
1225,77,111,0,0,1,0.999934,0.999993,logprobs,Novita
1226,77,113,0,0,1,0.999942,0.999977,logprobs,Novita
1227,77,115,0,0,1,0.999769,0.999989,logprobs,Novita
1228,77,117,0,0,0,3.5e-05,0.999984,logprobs,Novita
1229,77,119,0,0,0,2e-06,0.999998,logprobs,Novita
1230,77,121,0,0,1,0.998299,0.99999,logprobs,Novita
1231,77,123,0,0,0,0,0.999999,logprobs,Novita
1232,77,125,0,0,0,3.1e-05,0.999992,logprobs,Novita
1233,77,127,0,0,0,,,text,Novita
1234,77,129,0,0,0,,,text,Novita
1235,77,131,0,0,0,1.7e-05,0.999995,logprobs,Novita
1236,77,133,0,0,0,,,text,Novita
1237,77,135,0,0,0,,,text,Novita
1238,77,137,0,0,0,,,text,Novita
1239,77,139,0,0,0,1.5e-05,0.999995,logprobs,Novita
1240,77,141,0,0,0,5e-06,0.999998,logprobs,Novita
1241,77,143,0,0,0,5e-06,0.999997,logprobs,Novita
1242,77,145,0,0,0,1e-06,0.999998,logprobs,Novita
1243,77,147,0,0,0,3.1e-05,0.999992,logprobs,Novita
1244,77,149,0,0,0,3.1e-05,0.999995,logprobs,Novita
1245,77,151,0,0,0,,,text,Novita
1246,77,153,0,0,0,2e-06,0.999998,logprobs,Novita
1247,77,155,0,0,0,1e-06,0.999997,logprobs,Novita
1248,77,157,0,0,0,2e-06,0.999994,logprobs,Novita
1249,77,159,0,0,0,1e-05,0.999991,logprobs,Novita
1250,77,161,0,0,0,,,text,Novita
1251,77,163,0,0,0,,,text,Novita
1252,77,165,0,0,0,9e-06,0.999988,logprobs,Novita
1253,77,167,0,0,0,2.8e-05,0.999994,logprobs,Novita
1254,77,169,0,0,0,,,text,Novita
1255,77,171,0,0,1,0.9972,0.999926,logprobs,Novita
1256,77,173,0,0,0,4.5e-05,0.999996,logprobs,Novita
1257,77,175,0,0,0,3.5e-05,0.999993,logprobs,Novita
1258,77,177,0,0,0,3e-06,0.999998,logprobs,Novita
1259,77,179,0,0,1,0.997528,0.999954,logprobs,Novita
1260,75,-179,0,0,0,2e-06,0.999997,logprobs,Novita
1261,75,-177,0,0,0,3e-06,0.999998,logprobs,Novita
1262,75,-175,0,0,0,1e-06,0.999999,logprobs,Novita
1263,75,-173,0,0,0,1e-05,0.999995,logprobs,Novita
1264,75,-171,0,0,0,,,text,Novita
1265,75,-169,0,0,0,2e-06,0.999998,logprobs,Novita
1266,75,-167,0,0,0,1e-06,0.999999,logprobs,Novita
1267,75,-165,0,0,0,,,text,Novita
1268,75,-163,0,0,0,1e-06,0.999999,logprobs,Novita
1269,75,-161,0,0,0,2e-06,0.999998,logprobs,Novita
1270,75,-159,0,0,0,1.9e-05,0.999998,logprobs,Novita
1271,75,-157,0,0,0,1e-06,0.999999,logprobs,Novita
1272,75,-155,0,0,0,2.4e-05,0.999996,logprobs,Novita
1273,75,-153,0,0,0,4.5e-05,0.999997,logprobs,Novita
1274,75,-151,0,0,0,0.000123,0.999993,logprobs,Novita
1275,75,-149,0,0,1,0.999891,0.999993,logprobs,Novita
1276,75,-147,0,0,0,9e-06,0.999997,logprobs,Novita
1277,75,-145,0,0,0,1e-06,0.999999,logprobs,Novita
1278,75,-143,0,0,0,1e-05,0.999998,logprobs,Novita
1279,75,-141,0,0,0,1e-06,0.999994,logprobs,Novita
1280,75,-139,0,0,0,1e-05,0.999998,logprobs,Novita
1281,75,-137,0,0,0,1.3e-05,0.999997,logprobs,Novita
1282,75,-135,0,0,0,1e-06,0.999999,logprobs,Novita
1283,75,-133,0,0,0,0.000123,0.999989,logprobs,Novita
1284,75,-131,0,0,0,1e-06,0.999999,logprobs,Novita
1285,75,-129,0,0,0,,,text,Novita
1286,75,-127,0,0,0,7e-06,0.999994,logprobs,Novita
1287,75,-125,0,0,0,,,text,Novita
1288,75,-123,0,0,0,5e-06,0.999976,logprobs,Novita
1289,75,-121,0,0,0,1.9e-05,0.999993,logprobs,Novita
1290,75,-119,0,0,0,,,text,Novita
1291,75,-117,0,0,0,1e-06,0.999997,logprobs,Novita
1292,75,-115,1,1,0,1.3e-05,0.999994,logprobs,Novita
1293,75,-113,0,0,0,1e-06,0.999998,logprobs,Novita
1294,75,-111,1,1,0,5.8e-05,0.999996,logprobs,Novita
1295,75,-109,1,1,0,0.001501,0.999986,logprobs,Novita
1296,75,-107,1,1,0,1e-06,0.999998,logprobs,Novita
1297,75,-105,0,0,0,8.5e-05,0.999993,logprobs,Novita
1298,75,-103,0,0,1,0.999196,0.999974,logprobs,Novita
1299,75,-101,0,0,1,0.999665,0.999962,logprobs,Novita
1300,75,-99,1,1,0,2.4e-05,0.999987,logprobs,Novita
1301,75,-97,0,0,0,7e-06,0.999995,logprobs,Novita
1302,75,-95,1,1,0,1.3e-05,0.999996,logprobs,Novita
1303,75,-93,0,0,0,2.8e-05,0.999993,logprobs,Novita
1304,75,-91,1,1,0,1.3e-05,0.999996,logprobs,Novita
1305,75,-89,1,1,0,1.5e-05,0.999997,logprobs,Novita
1306,75,-87,1,1,0,3e-06,0.999994,logprobs,Novita
1307,75,-85,1,1,1,,,text,Novita
1308,75,-83,1,1,0,2e-06,0.999999,logprobs,Novita
1309,75,-81,1,1,0,0.00014,0.999991,logprobs,Novita
1310,75,-79,0,0,0,3e-06,0.999997,logprobs,Novita
1311,75,-77,0,0,0,1e-06,0.999998,logprobs,Novita
1312,75,-75,0,0,0,1.9e-05,0.999992,logprobs,Novita
1313,75,-73,0,0,0,2e-06,0.999998,logprobs,Novita
1314,75,-71,0,0,0,1.3e-05,0.999998,logprobs,Novita
1315,75,-69,0,0,0,4e-06,0.999997,logprobs,Novita
1316,75,-67,0,0,0,0.000109,0.999991,logprobs,Novita
1317,75,-65,0,0,0,5.8e-05,0.999984,logprobs,Novita
1318,75,-63,0,0,0,3e-06,0.999998,logprobs,Novita
1319,75,-61,0,0,0,3e-06,0.999998,logprobs,Novita
1320,75,-59,0,0,0,1e-06,0.999998,logprobs,Novita
1321,75,-57,1,1,0,1e-06,0.999997,logprobs,Novita
1322,75,-55,1,1,0,3e-06,0.999998,logprobs,Novita
1323,75,-53,1,1,0,2e-06,0.999999,logprobs,Novita
1324,75,-51,1,1,0,3.1e-05,0.999997,logprobs,Novita
1325,75,-49,1,1,0,6e-06,0.999998,logprobs,Novita
1326,75,-47,1,1,0,1.1e-05,0.999999,logprobs,Novita
1327,75,-45,1,1,0,,,text,Novita
1328,75,-43,1,1,0,1e-05,0.999997,logprobs,Novita
1329,75,-41,1,1,0,1.5e-05,0.999996,logprobs,Novita
1330,75,-39,1,1,0,4e-05,0.999996,logprobs,Novita
1331,75,-37,1,1,0,1.3e-05,0.999997,logprobs,Novita
1332,75,-35,1,1,1,0.999995,0.999996,logprobs,Novita
1333,75,-33,1,1,0,6e-06,0.999997,logprobs,Novita
1334,75,-31,1,1,0,0.000335,0.999988,logprobs,Novita
1335,75,-29,1,1,0,5.1e-05,0.999995,logprobs,Novita
1336,75,-27,1,1,0,,,text,Novita
1337,75,-25,1,1,0,,,text,Novita
1338,75,-23,1,1,1,0.999994,0.999948,logprobs,Novita
1339,75,-21,1,1,0,2.4e-05,0.999996,logprobs,Novita
1340,75,-19,0,0,0,1e-06,0.999999,logprobs,Novita
1341,75,-17,0,0,0,0.000203,0.999991,logprobs,Novita
1342,75,-15,0,0,0,1e-05,0.999995,logprobs,Novita
1343,75,-13,0,0,0,2e-06,0.999999,logprobs,Novita
1344,75,-11,0,0,0,1.1e-05,0.999998,logprobs,Novita
1345,75,-9,0,0,0,1.1e-05,0.999997,logprobs,Novita
1346,75,-7,0,0,0,1.3e-05,0.999996,logprobs,Novita
1347,75,-5,0,0,0,7.5e-05,0.99999,logprobs,Novita
1348,75,-3,0,0,0,,,text,Novita
1349,75,-1,0,0,0,,,text,Novita
1350,75,1,0,0,0,3.1e-05,0.999994,logprobs,Novita
1351,75,3,0,0,0,,,text,Novita
1352,75,5,0,0,0,2e-06,0.999999,logprobs,Novita
1353,75,7,0,0,0,1.3e-05,0.999996,logprobs,Novita
1354,75,9,0,0,0,,,text,Novita
1355,75,11,0,0,0,1.7e-05,0.999997,logprobs,Novita
1356,75,13,0,0,1,,,text,Novita
1357,75,15,0,0,0,,,text,Novita
1358,75,17,0,0,0,1.3e-05,0.999995,logprobs,Novita
1359,75,19,0,0,0,3e-06,0.999999,logprobs,Novita
1360,75,21,0,0,0,8.5e-05,0.99999,logprobs,Novita
1361,75,23,0,0,1,0.999934,0.999988,logprobs,Novita
1362,75,25,0,0,0,5e-06,0.999997,logprobs,Novita
1363,75,27,0,0,0,4e-06,0.999997,logprobs,Novita
1364,75,29,0,0,1,0.999955,0.999969,logprobs,Novita
1365,75,31,0,0,0,,,text,Novita
1366,75,33,0,0,0,,,text,Novita
1367,75,35,0,0,0,2.4e-05,0.999985,logprobs,Novita
1368,75,37,0,0,1,0.99982,0.999974,logprobs,Novita
1369,75,39,0,0,0,,,text,Novita
1370,75,41,0,0,1,0.999993,0.999996,logprobs,Novita
1371,75,43,0,0,0,0,0.999999,logprobs,Novita
1372,75,45,0,0,0,0,0.999999,logprobs,Novita
1373,75,47,0,0,1,0.999979,0.999976,logprobs,Novita
1374,75,49,0,0,1,0.999942,0.999929,logprobs,Novita
1375,75,51,0,0,0,0.000261,0.99999,logprobs,Novita
1376,75,53,0,0,0,5.8e-05,0.999996,logprobs,Novita
1377,75,55,0,0,0,9e-06,0.999997,logprobs,Novita
1378,75,57,1,1,0,6.6e-05,0.999996,logprobs,Novita
1379,75,59,1,1,0,2e-06,0.999998,logprobs,Novita
1380,75,61,0,0,0,,,text,Novita
1381,75,63,0,0,1,0.999512,0.999961,logprobs,Novita
1382,75,65,0,0,0,0,0.999998,logprobs,Novita
1383,75,67,0,0,0,5e-06,0.999996,logprobs,Novita
1384,75,69,0,0,0,4e-05,0.999995,logprobs,Novita
1385,75,71,0,0,0,3.5e-05,0.999992,logprobs,Novita
1386,75,73,0,0,1,0.999983,0.999977,logprobs,Novita
1387,75,75,0,0,0,1.1e-05,0.999995,logprobs,Novita
1388,75,77,0,0,0,0,0.999999,logprobs,Novita
1389,75,79,0,0,0,3e-06,0.999999,logprobs,Novita
1390,75,81,0,0,1,0.999704,0.999986,logprobs,Novita
1391,75,83,0,0,1,0.999797,0.99998,logprobs,Novita
1392,75,85,0,0,0,1e-06,1,logprobs,Novita
1393,75,87,0,0,1,0.999739,0.999991,logprobs,Novita
1394,75,89,1,1,0,9e-06,0.999998,logprobs,Novita
1395,75,91,1,1,0,2e-06,0.999998,logprobs,Novita
1396,75,93,1,1,1,0.999196,0.999959,logprobs,Novita
1397,75,95,1,1,1,0.998499,0.999976,logprobs,Novita
1398,75,97,1,1,1,0.999797,0.999983,logprobs,Novita
1399,75,99,1,1,1,0.999891,0.999946,logprobs,Novita
1400,75,101,1,1,0,2e-06,0.999996,logprobs,Novita
1401,75,103,1,1,1,0.999891,0.999957,logprobs,Novita
1402,75,105,1,1,0,4e-06,0.999998,logprobs,Novita
1403,75,107,1,1,1,0.999769,0.999946,logprobs,Novita
1404,75,109,1,1,1,0.999739,0.999963,logprobs,Novita
1405,75,111,1,1,1,0.999891,0.999973,logprobs,Novita
1406,75,113,0,0,0,3.5e-05,0.999991,logprobs,Novita
1407,75,115,0,0,0,0,0.999999,logprobs,Novita
1408,75,117,0,0,1,0.99986,0.999983,logprobs,Novita
1409,75,119,0,0,0,,,text,Novita
1410,75,121,0,0,0,1.7e-05,0.999998,logprobs,Novita
1411,75,123,0,0,0,3e-06,0.999996,logprobs,Novita
1412,75,125,0,0,0,9e-06,0.999994,logprobs,Novita
1413,75,127,0,0,0,1.3e-05,0.999995,logprobs,Novita
1414,75,129,0,0,0,1.9e-05,0.999996,logprobs,Novita
1415,75,131,0,0,0,5e-06,0.999996,logprobs,Novita
1416,75,133,0,0,1,0.99977,0.999982,logprobs,Novita
1417,75,135,0,0,0,3e-06,0.999997,logprobs,Novita
1418,75,137,0,0,0,0.00014,0.999995,logprobs,Novita
1419,75,139,1,1,0,3.1e-05,0.999992,logprobs,Novita
1420,75,141,1,1,0,4e-06,0.99999,logprobs,Novita
1421,75,143,1,1,0,,,text,Novita
1422,75,145,0,0,0,1.3e-05,0.999986,logprobs,Novita
1423,75,147,0,0,0,1e-06,0.999998,logprobs,Novita
1424,75,149,1,1,0,5.1e-05,0.999994,logprobs,Novita
1425,75,151,0,0,1,0.99986,0.999973,logprobs,Novita
1426,75,153,0,0,0,2.8e-05,0.999995,logprobs,Novita
1427,75,155,0,0,0,1.3e-05,0.999997,logprobs,Novita
1428,75,157,0,0,0,7e-06,0.999991,logprobs,Novita
1429,75,159,0,0,0,1.5e-05,0.999995,logprobs,Novita
1430,75,161,0,0,0,1e-06,0.999997,logprobs,Novita
1431,75,163,0,0,0,2e-06,0.999992,logprobs,Novita
1432,75,165,0,0,0,5e-06,0.999997,logprobs,Novita
1433,75,167,0,0,0,2e-06,0.999997,logprobs,Novita
1434,75,169,0,0,0,3e-06,0.999998,logprobs,Novita
1435,75,171,0,0,0,,,text,Novita
1436,75,173,0,0,0,,,text,Novita
1437,75,175,0,0,0,6e-06,0.99999,logprobs,Novita
1438,75,177,0,0,0,2e-06,0.999998,logprobs,Novita
1439,75,179,0,0,0,0,0.99999,logprobs,Novita
1440,73,-179,0,0,0,,,text,Novita
1441,73,-177,0,0,0,4e-06,0.999998,logprobs,Novita
1442,73,-175,0,0,0,3e-06,0.999998,logprobs,Novita
1443,73,-173,0,0,0,4e-06,0.999999,logprobs,Novita
1444,73,-171,0,0,0,9e-06,0.999997,logprobs,Novita
1445,73,-169,0,0,0,1e-05,0.999998,logprobs,Novita
1446,73,-167,0,0,0,5e-06,0.999998,logprobs,Novita
1447,73,-165,0,0,0,1e-06,0.999999,logprobs,Novita
1448,73,-163,0,0,0,1e-06,0.999999,logprobs,Novita
1449,73,-161,0,0,0,1e-06,0.999998,logprobs,Novita
1450,73,-159,0,0,0,1.5e-05,0.999998,logprobs,Novita
1451,73,-157,0,0,0,1.3e-05,0.999996,logprobs,Novita
1452,73,-155,0,0,0,8e-06,0.999998,logprobs,Novita
1453,73,-153,0,0,0,3.5e-05,0.999998,logprobs,Novita
1454,73,-151,0,0,0,1.1e-05,0.999997,logprobs,Novita
1455,73,-149,0,0,0,2e-06,0.999998,logprobs,Novita
1456,73,-147,0,0,0,,,text,Novita
1457,73,-145,0,0,0,1e-06,1,logprobs,Novita
1458,73,-143,0,0,0,4e-06,0.999999,logprobs,Novita
1459,73,-141,0,0,0,3e-06,0.999996,logprobs,Novita
1460,73,-139,0,0,0,1e-06,0.999999,logprobs,Novita
1461,73,-137,0,0,0,8e-06,0.999998,logprobs,Novita
1462,73,-135,0,0,0,7e-06,0.999999,logprobs,Novita
1463,73,-133,0,0,0,7e-06,0.999999,logprobs,Novita
1464,73,-131,0,0,0,6e-06,0.999999,logprobs,Novita
1465,73,-129,0,0,0,0,1,logprobs,Novita
1466,73,-127,0,0,0,4.5e-05,0.999994,logprobs,Novita
1467,73,-125,0,0,0,0.00014,0.999989,logprobs,Novita
1468,73,-123,1,1,0,2.4e-05,0.999981,logprobs,Novita
1469,73,-121,1,1,0,1.3e-05,0.999995,logprobs,Novita
1470,73,-119,1,1,0,2.8e-05,0.999997,logprobs,Novita
1471,73,-117,0,0,0,2.8e-05,0.999993,logprobs,Novita
1472,73,-115,1,1,0,,,text,Novita
1473,73,-113,1,1,0,9.6e-05,0.999993,logprobs,Novita
1474,73,-111,0,0,0,4.5e-05,0.999994,logprobs,Novita
1475,73,-109,0,0,0,2.8e-05,0.999998,logprobs,Novita
1476,73,-107,1,1,0,,,text,Novita
1477,73,-105,0,0,0,4.5e-05,0.999994,logprobs,Novita
1478,73,-103,0,0,0,4e-06,0.999998,logprobs,Novita
1479,73,-101,0,0,0,2.1e-05,0.999997,logprobs,Novita
1480,73,-99,1,1,0,2.1e-05,0.999987,logprobs,Novita
1481,73,-97,1,1,0,1e-05,0.999997,logprobs,Novita
1482,73,-95,1,1,0,0,0.999998,logprobs,Novita
1483,73,-93,1,1,0,0.000158,0.99999,logprobs,Novita
1484,73,-91,0,0,0,,,text,Novita
1485,73,-89,1,1,0,,,text,Novita
1486,73,-87,1,1,0,7e-06,0.999998,logprobs,Novita
1487,73,-85,1,1,0,1e-06,0.999998,logprobs,Novita
1488,73,-83,1,1,0,1.5e-05,0.999998,logprobs,Novita
1489,73,-81,1,1,0,1e-06,0.999999,logprobs,Novita
1490,73,-79,1,1,0,0.000158,0.999995,logprobs,Novita
1491,73,-77,1,1,0,,,text,Novita
1492,73,-75,0,0,0,,,text,Novita
1493,73,-73,0,0,0,,,text,Novita
1494,73,-71,0,0,0,4.5e-05,0.999995,logprobs,Novita
1495,73,-69,0,0,0,6e-06,0.999998,logprobs,Novita
1496,73,-67,0,0,0,9e-06,0.999995,logprobs,Novita
1497,73,-65,0,0,0,,,text,Novita
1498,73,-63,0,0,0,2.4e-05,0.999996,logprobs,Novita
1499,73,-61,0,0,0,8e-06,0.999999,logprobs,Novita
1500,73,-59,0,0,0,6e-06,0.999997,logprobs,Novita
1501,73,-57,0,0,0,5e-06,0.999999,logprobs,Novita
1502,73,-55,0,0,0,4e-06,0.999998,logprobs,Novita
1503,73,-53,1,1,0,5e-06,0.999998,logprobs,Novita
1504,73,-51,1,1,0,2e-06,0.999997,logprobs,Novita
1505,73,-49,1,1,0,,,text,Novita
1506,73,-47,1,1,0,0,0.999999,logprobs,Novita
1507,73,-45,1,1,0,2.8e-05,0.999985,logprobs,Novita
1508,73,-43,1,1,0,1.3e-05,0.999997,logprobs,Novita
1509,73,-41,1,1,0,9e-06,0.999997,logprobs,Novita
1510,73,-39,1,1,0,4e-06,0.999999,logprobs,Novita
1511,73,-37,1,1,0,1e-06,0.999997,logprobs,Novita
1512,73,-35,1,1,0,6e-06,0.999996,logprobs,Novita
1513,73,-33,1,1,0,,,text,Novita
1514,73,-31,1,1,0,3e-06,0.999998,logprobs,Novita
1515,73,-29,1,1,0,7e-06,0.999997,logprobs,Novita
1516,73,-27,1,1,0,,,text,Novita
1517,73,-25,0,0,0,,,text,Novita
1518,73,-23,1,1,0,,,text,Novita
1519,73,-21,0,0,0,0.000109,0.999995,logprobs,Novita
1520,73,-19,0,0,0,2.1e-05,0.999998,logprobs,Novita
1521,73,-17,0,0,0,1.1e-05,0.999997,logprobs,Novita
1522,73,-15,0,0,0,3e-06,0.999998,logprobs,Novita
1523,73,-13,0,0,0,2.8e-05,0.999998,logprobs,Novita
1524,73,-11,0,0,0,5.8e-05,0.999996,logprobs,Novita
1525,73,-9,0,0,0,0,0.999999,logprobs,Novita
1526,73,-7,0,0,0,1.5e-05,0.999997,logprobs,Novita
1527,73,-5,0,0,0,,,text,Novita
1528,73,-3,0,0,0,7e-06,0.999998,logprobs,Novita
1529,73,-1,0,0,0,2.8e-05,0.999996,logprobs,Novita
1530,73,1,0,0,0,5e-06,0.999999,logprobs,Novita
1531,73,3,0,0,0,3.1e-05,0.999997,logprobs,Novita
1532,73,5,0,0,0,3.1e-05,0.999994,logprobs,Novita
1533,73,7,0,0,0,1.5e-05,0.999997,logprobs,Novita
1534,73,9,0,0,0,7.5e-05,0.999993,logprobs,Novita
1535,73,11,0,0,0,0.000109,0.999997,logprobs,Novita
1536,73,13,0,0,0,3e-06,0.999999,logprobs,Novita
1537,73,15,0,0,0,9e-06,0.999994,logprobs,Novita
1538,73,17,0,0,0,1e-06,0.999998,logprobs,Novita
1539,73,19,0,0,0,1e-06,0.999998,logprobs,Novita
1540,73,21,0,0,0,,,text,Novita
1541,73,23,0,0,0,0.000159,0.999986,logprobs,Novita
1542,73,25,0,0,0,,,text,Novita
1543,73,27,0,0,0,1e-06,0.999999,logprobs,Novita
1544,73,29,0,0,0,0.00014,0.999993,logprobs,Novita
1545,73,31,0,0,0,,,text,Novita
1546,73,33,0,0,0,3e-06,0.999998,logprobs,Novita
1547,73,35,0,0,0,1e-06,0.999998,logprobs,Novita
1548,73,37,0,0,0,0,1,logprobs,Novita
1549,73,39,0,0,0,3e-06,0.999999,logprobs,Novita
1550,73,41,0,0,0,1e-06,0.999998,logprobs,Novita
1551,73,43,0,0,1,0.999797,0.999993,logprobs,Novita
1552,73,45,0,0,0,1.9e-05,0.999998,logprobs,Novita
1553,73,47,0,0,1,0.99986,0.99999,logprobs,Novita
1554,73,49,0,0,0,,,text,Novita
1555,73,51,0,0,0,,,text,Novita
1556,73,53,0,0,0,0.000109,0.999997,logprobs,Novita
1557,73,55,1,1,0,,,text,Novita
1558,73,57,0,0,0,1.3e-05,0.999998,logprobs,Novita
1559,73,59,0,0,1,0.999915,0.999979,logprobs,Novita
1560,73,61,0,0,0,,,text,Novita
1561,73,63,0,0,0,0.00014,0.99999,logprobs,Novita
1562,73,65,0,0,0,5.1e-05,0.999993,logprobs,Novita
1563,73,67,0,0,0,3e-06,0.999998,logprobs,Novita
1564,73,69,0,0,1,0.999955,0.999989,logprobs,Novita
1565,73,71,0,0,0,,,text,Novita
1566,73,73,0,0,0,2e-06,0.999999,logprobs,Novita
1567,73,75,0,0,0,3e-06,0.999997,logprobs,Novita
1568,73,77,0,0,0,1e-06,1,logprobs,Novita
1569,73,79,1,1,0,,,text,Novita
1570,73,81,1,1,0,,,text,Novita
1571,73,83,1,1,0,5e-06,0.999998,logprobs,Novita
1572,73,85,1,1,1,0.999915,0.999975,logprobs,Novita
1573,73,87,1,1,0,,,text,Novita
1574,73,89,1,1,1,0.999877,0.999987,logprobs,Novita
1575,73,91,1,1,1,0.999447,0.999966,logprobs,Novita
1576,73,93,1,1,1,0.999196,0.999975,logprobs,Novita
1577,73,95,1,1,0,1e-06,0.999999,logprobs,Novita
1578,73,97,1,1,1,0.999374,0.999974,logprobs,Novita
1579,73,99,1,1,1,0.999512,0.99995,logprobs,Novita
1580,73,101,1,0,1,0.99977,0.999985,logprobs,Novita
1581,73,103,1,1,1,,,text,Novita
1582,73,105,1,1,1,,,text,Novita
1583,73,107,1,1,1,0.999955,0.99996,logprobs,Novita
1584,73,109,1,1,1,0.999512,0.999992,logprobs,Novita
1585,73,111,1,1,0,1.5e-05,0.999995,logprobs,Novita
1586,73,113,1,1,0,1e-06,0.999997,logprobs,Novita
1587,73,115,1,1,0,,,text,Novita
1588,73,117,1,1,0,0,0.999996,logprobs,Novita
1589,73,119,1,1,0,7e-06,0.999998,logprobs,Novita
1590,73,121,0,0,1,0.99478,0.999937,logprobs,Novita
1591,73,123,0,0,1,0.999934,0.999954,logprobs,Novita
1592,73,125,1,1,1,0.996827,0.999981,logprobs,Novita
1593,73,127,1,1,1,0.99962,0.999993,logprobs,Novita
1594,73,129,1,1,1,0.999196,0.999953,logprobs,Novita
1595,73,131,0,0,1,0.999196,0.99999,logprobs,Novita
1596,73,133,0,0,0,1e-05,0.999998,logprobs,Novita
1597,73,135,0,0,1,0.99982,0.999973,logprobs,Novita
1598,73,137,0,0,1,0.999089,0.99998,logprobs,Novita
1599,73,139,0,0,0,0,0.999999,logprobs,Novita
1600,73,141,0,0,0,0.000109,0.999998,logprobs,Novita
1601,73,143,0,0,1,0.998073,0.999975,logprobs,Novita
1602,73,145,0,0,0,6e-06,0.999998,logprobs,Novita
1603,73,147,0,0,1,0.999196,0.999983,logprobs,Novita
1604,73,149,0,0,0,4.5e-05,0.999998,logprobs,Novita
1605,73,151,0,0,0,4e-06,0.999999,logprobs,Novita
1606,73,153,0,0,0,2.1e-05,0.999998,logprobs,Novita
1607,73,155,0,0,0,2.8e-05,0.999988,logprobs,Novita
1608,73,157,0,0,0,,,text,Novita
1609,73,159,0,0,0,3e-06,0.999997,logprobs,Novita
1610,73,161,0,0,0,2e-06,0.999998,logprobs,Novita
1611,73,163,0,0,0,8e-06,0.999993,logprobs,Novita
1612,73,165,0,0,0,7e-06,0.999985,logprobs,Novita
1613,73,167,0,0,0,3.5e-05,0.999994,logprobs,Novita
1614,73,169,0,0,0,7.5e-05,0.999995,logprobs,Novita
1615,73,171,0,0,0,1.5e-05,0.999997,logprobs,Novita
1616,73,173,0,0,0,0,0.999999,logprobs,Novita
1617,73,175,0,0,0,4e-06,0.999994,logprobs,Novita
1618,73,177,0,0,0,,,text,Novita
1619,73,179,0,0,0,8.5e-05,0.999993,logprobs,Novita
1620,71,-179,1,1,0,0,0.999999,logprobs,Novita
1621,71,-177,0,0,0,1e-06,0.999999,logprobs,Novita
1622,71,-175,0,0,0,8e-06,0.999998,logprobs,Novita
1623,71,-173,0,0,0,1e-06,1,logprobs,Novita
1624,71,-171,0,0,0,,,text,Novita
1625,71,-169,0,0,0,,,text,Novita
1626,71,-167,0,0,0,1e-06,0.999999,logprobs,Novita
1627,71,-165,0,0,0,2e-06,1,logprobs,Novita
1628,71,-163,0,0,0,,,text,Novita
1629,71,-161,0,0,0,0,0.999999,logprobs,Novita
1630,71,-159,0,0,0,1e-06,1,logprobs,Novita
1631,71,-157,1,1,0,4e-06,0.999996,logprobs,Novita
1632,71,-155,1,1,0,2.1e-05,0.999998,logprobs,Novita
1633,71,-153,0,0,0,3e-06,0.999999,logprobs,Novita
1634,71,-151,0,0,0,3e-06,0.999997,logprobs,Novita
1635,71,-149,0,0,0,0,1,logprobs,Novita
1636,71,-147,0,0,0,2e-06,0.999999,logprobs,Novita
1637,71,-145,0,0,0,2e-06,0.999999,logprobs,Novita
1638,71,-143,0,0,0,1.3e-05,0.999999,logprobs,Novita
1639,71,-141,0,0,0,5e-06,0.999999,logprobs,Novita
1640,71,-139,0,0,0,0,0.999999,logprobs,Novita
1641,71,-137,0,0,0,2e-06,0.999992,logprobs,Novita
1642,71,-135,0,0,0,0,0.999999,logprobs,Novita
1643,71,-133,0,0,0,0,1,logprobs,Novita
1644,71,-131,0,0,0,,,text,Novita
1645,71,-129,0,0,0,1e-06,0.999999,logprobs,Novita
1646,71,-127,0,0,0,6.6e-05,0.999997,logprobs,Novita
1647,71,-125,0,0,0,,,text,Novita
1648,71,-123,0,0,0,3e-06,0.999997,logprobs,Novita
1649,71,-121,0,0,0,2e-06,0.999998,logprobs,Novita
1650,71,-119,0,0,0,1.7e-05,0.999996,logprobs,Novita
1651,71,-117,1,1,0,3e-06,0.999999,logprobs,Novita
1652,71,-115,1,1,0,4e-05,0.999991,logprobs,Novita
1653,71,-113,1,1,0,0,0.999999,logprobs,Novita
1654,71,-111,1,1,0,1.7e-05,0.999996,logprobs,Novita
1655,71,-109,1,1,0,0.000335,0.999997,logprobs,Novita
1656,71,-107,1,1,0,,,text,Novita
1657,71,-105,1,1,0,2e-06,0.999998,logprobs,Novita
1658,71,-103,0,0,0,,,text,Novita
1659,71,-101,0,0,1,0.999995,0.999997,logprobs,Novita
1660,71,-99,0,0,0,,,text,Novita
1661,71,-97,0,0,0,0.000231,0.999988,logprobs,Novita
1662,71,-95,1,1,0,,,text,Novita
1663,71,-93,1,1,0,1.5e-05,0.999996,logprobs,Novita
1664,71,-91,0,0,0,3e-06,0.999998,logprobs,Novita
1665,71,-89,1,1,0,7e-06,0.999998,logprobs,Novita
1666,71,-87,1,1,0,1e-06,0.999999,logprobs,Novita
1667,71,-85,1,1,0,7e-06,0.999998,logprobs,Novita
1668,71,-83,1,1,0,,,text,Novita
1669,71,-81,1,1,0,3e-06,0.999999,logprobs,Novita
1670,71,-79,1,1,0,,,text,Novita
1671,71,-77,1,1,0,2.1e-05,0.999998,logprobs,Novita
1672,71,-75,1,1,0,2e-06,0.999998,logprobs,Novita
1673,71,-73,1,1,0,1.9e-05,0.999987,logprobs,Novita
1674,71,-71,1,1,0,7e-06,0.999998,logprobs,Novita
1675,71,-69,0,0,0,2e-06,0.999999,logprobs,Novita
1676,71,-67,0,0,0,9e-06,0.999998,logprobs,Novita
1677,71,-65,0,0,0,0,1,logprobs,Novita
1678,71,-63,0,0,0,9e-06,0.999994,logprobs,Novita
1679,71,-61,0,0,1,0.999976,0.999996,logprobs,Novita
1680,71,-59,0,0,0,1e-06,0.999999,logprobs,Novita
1681,71,-57,0,0,0,3e-06,0.999998,logprobs,Novita
1682,71,-55,0,0,0,,,text,Novita
1683,71,-53,0,0,0,2.8e-05,0.999998,logprobs,Novita
1684,71,-51,0,0,0,1e-06,0.999998,logprobs,Novita
1685,71,-49,1,1,0,0,0.999998,logprobs,Novita
1686,71,-47,1,1,0,2e-06,0.999998,logprobs,Novita
1687,71,-45,1,1,0,1.7e-05,0.999996,logprobs,Novita
1688,71,-43,1,1,0,3.5e-05,0.999997,logprobs,Novita
1689,71,-41,1,1,0,0,0.999999,logprobs,Novita
1690,71,-39,1,1,0,1e-06,0.999999,logprobs,Novita
1691,71,-37,1,1,0,,,text,Novita
1692,71,-35,1,1,0,1e-06,0.999998,logprobs,Novita
1693,71,-33,1,1,0,5e-06,0.999997,logprobs,Novita
1694,71,-31,1,1,0,7e-06,0.999997,logprobs,Novita
1695,71,-29,1,1,0,,,text,Novita
1696,71,-27,1,1,0,4e-06,0.999998,logprobs,Novita
1697,71,-25,0,0,0,1e-06,0.999999,logprobs,Novita
1698,71,-23,1,1,0,3e-06,0.999997,logprobs,Novita
1699,71,-21,0,0,0,1e-06,0.999999,logprobs,Novita
1700,71,-19,0,0,0,2.8e-05,0.999996,logprobs,Novita
1701,71,-17,0,0,0,0.000158,0.999996,logprobs,Novita
1702,71,-15,0,0,0,2.4e-05,0.999998,logprobs,Novita
1703,71,-13,0,0,0,1.3e-05,0.999986,logprobs,Novita
1704,71,-11,0,0,0,5.8e-05,0.999997,logprobs,Novita
1705,71,-9,0,0,0,5e-06,0.999996,logprobs,Novita
1706,71,-7,0,0,0,1e-06,0.999999,logprobs,Novita
1707,71,-5,0,0,0,1e-06,1,logprobs,Novita
1708,71,-3,0,0,0,,,text,Novita
1709,71,-1,0,0,0,,,text,Novita
1710,71,1,0,0,0,,,text,Novita
1711,71,3,0,0,0,2e-06,0.999998,logprobs,Novita
1712,71,5,0,0,0,1.5e-05,0.999999,logprobs,Novita
1713,71,7,0,0,0,9e-06,0.999998,logprobs,Novita
1714,71,9,0,0,0,1e-06,1,logprobs,Novita
1715,71,11,0,0,1,0.999997,0.999996,logprobs,Novita
1716,71,13,0,0,0,8.5e-05,0.999999,logprobs,Novita
1717,71,15,0,0,0,,,text,Novita
1718,71,17,0,0,0,1e-06,0.999999,logprobs,Novita
1719,71,19,0,0,0,1e-06,0.999999,logprobs,Novita
1720,71,21,0,0,0,1e-06,0.999999,logprobs,Novita
1721,71,23,0,0,0,4e-05,0.999997,logprobs,Novita
1722,71,25,1,1,0,,,text,Novita
1723,71,27,0,0,0,1e-05,0.999999,logprobs,Novita
1724,71,29,0,0,0,2e-06,0.999998,logprobs,Novita
1725,71,31,0,0,0,1.1e-05,0.999996,logprobs,Novita
1726,71,33,0,0,0,4e-06,0.999999,logprobs,Novita
1727,71,35,0,0,0,5e-06,0.999998,logprobs,Novita
1728,71,37,0,0,0,0,1,logprobs,Novita
1729,71,39,0,0,0,4e-06,0.999999,logprobs,Novita
1730,71,41,0,0,0,,,text,Novita
1731,71,43,0,0,0,1e-06,1,logprobs,Novita
1732,71,45,0,0,0,6e-06,0.999998,logprobs,Novita
1733,71,47,0,0,0,1e-06,1,logprobs,Novita
1734,71,49,0,0,0,8e-06,0.999998,logprobs,Novita
1735,71,51,0,0,0,2e-06,0.999998,logprobs,Novita
1736,71,53,1,1,0,0,1,logprobs,Novita
1737,71,55,1,1,1,0.999983,0.999995,logprobs,Novita
1738,71,57,0,0,1,0.999915,0.999989,logprobs,Novita
1739,71,59,0,0,1,0.999985,0.999987,logprobs,Novita
1740,71,61,0,0,1,0.999925,0.999966,logprobs,Novita
1741,71,63,0,0,0,,,text,Novita
1742,71,65,0,0,0,3e-06,0.999998,logprobs,Novita
1743,71,67,1,1,1,0.999891,0.999984,logprobs,Novita
1744,71,69,1,1,1,0.999915,0.999988,logprobs,Novita
1745,71,71,1,1,0,7e-06,0.999999,logprobs,Novita
1746,71,73,0,0,0,0,0.999999,logprobs,Novita
1747,71,75,1,1,0,0,0.999999,logprobs,Novita
1748,71,77,1,1,0,0,1,logprobs,Novita
1749,71,79,1,1,0,4e-06,0.999991,logprobs,Novita
1750,71,81,1,1,0,1e-05,0.999998,logprobs,Novita
1751,71,83,0,0,1,0.999997,0.999997,logprobs,Novita
1752,71,85,1,1,0,,,text,Novita
1753,71,87,1,1,0,2e-06,0.999998,logprobs,Novita
1754,71,89,1,1,0,4e-06,0.999999,logprobs,Novita
1755,71,91,1,1,0,,,text,Novita
1756,71,93,1,1,1,0.99977,0.999987,logprobs,Novita
1757,71,95,1,1,1,0.999196,0.999986,logprobs,Novita
1758,71,97,1,1,0,2e-06,0.999998,logprobs,Novita
1759,71,99,1,1,0,0,0.999999,logprobs,Novita
1760,71,101,1,1,1,0.999972,0.999992,logprobs,Novita
1761,71,103,1,1,1,0.999512,0.999994,logprobs,Novita
1762,71,105,1,1,1,0.998831,0.999991,logprobs,Novita
1763,71,107,1,1,1,0.999797,0.999991,logprobs,Novita
1764,71,109,1,1,1,0.99982,0.999989,logprobs,Novita
1765,71,111,1,1,1,0.999877,0.999973,logprobs,Novita
1766,71,113,1,1,0,0,1,logprobs,Novita
1767,71,115,1,1,0,7e-06,0.999998,logprobs,Novita
1768,71,117,1,1,1,0.999374,0.999989,logprobs,Novita
1769,71,119,1,1,1,0.999704,0.999977,logprobs,Novita
1770,71,121,1,1,0,0,1,logprobs,Novita
1771,71,123,1,1,0,,,text,Novita
1772,71,125,1,1,1,0.999665,0.999938,logprobs,Novita
1773,71,127,1,1,0,4e-05,0.999988,logprobs,Novita
1774,71,129,1,1,1,0.99986,0.999957,logprobs,Novita
1775,71,131,0,0,0,8e-06,0.999999,logprobs,Novita
1776,71,133,1,1,0,1e-06,0.999997,logprobs,Novita
1777,71,135,1,1,0,8e-06,0.999996,logprobs,Novita
1778,71,137,1,1,0,0,0.999999,logprobs,Novita
1779,71,139,1,1,1,0.999739,0.999981,logprobs,Novita
1780,71,141,1,1,0,1e-06,0.999999,logprobs,Novita
1781,71,143,1,1,0,2.4e-05,0.999997,logprobs,Novita
1782,71,145,1,1,0,0,0.999999,logprobs,Novita
1783,71,147,1,1,0,5.8e-05,0.999996,logprobs,Novita
1784,71,149,1,1,0,,,text,Novita
1785,71,151,1,1,0,,,text,Novita
1786,71,153,0,0,0,4e-06,0.999995,logprobs,Novita
1787,71,155,1,1,0,1.3e-05,0.999995,logprobs,Novita
1788,71,157,1,1,0,5e-06,0.999997,logprobs,Novita
1789,71,159,0,0,0,2e-06,0.999994,logprobs,Novita
1790,71,161,0,0,0,5.1e-05,0.999998,logprobs,Novita
1791,71,163,0,0,0,0.000109,0.999989,logprobs,Novita
1792,71,165,0,0,0,2.8e-05,0.999996,logprobs,Novita
1793,71,167,0,0,0,3.5e-05,0.999994,logprobs,Novita
1794,71,169,0,0,0,0.000158,0.999995,logprobs,Novita
1795,71,171,0,0,0,0.00018,0.99999,logprobs,Novita
1796,71,173,0,0,0,,,text,Novita
1797,71,175,0,0,0,4.5e-05,0.999991,logprobs,Novita
1798,71,177,0,0,0,7.5e-05,0.999993,logprobs,Novita
1799,71,179,1,1,0,4e-06,0.999996,logprobs,Novita
1800,69,-179,0,0,0,1e-06,1,logprobs,Novita
1801,69,-177,0,0,0,3e-06,0.999995,logprobs,Novita
1802,69,-175,0,0,0,1e-06,0.999998,logprobs,Novita
1803,69,-173,0,0,0,0,0.999999,logprobs,Novita
1804,69,-171,0,0,0,0.00018,0.999996,logprobs,Novita
1805,69,-169,0,0,0,2e-06,0.999999,logprobs,Novita
1806,69,-167,0,0,0,,,text,Novita
1807,69,-165,0,0,0,3e-06,0.999998,logprobs,Novita
1808,69,-163,1,1,0,0,0.999999,logprobs,Novita
1809,69,-161,1,1,0,1.9e-05,0.999992,logprobs,Novita
1810,69,-159,1,1,0,,,text,Novita
1811,69,-157,1,1,0,2e-06,0.999999,logprobs,Novita
1812,69,-155,1,1,0,2e-06,0.999999,logprobs,Novita
1813,69,-153,1,1,0,2e-06,0.999998,logprobs,Novita
1814,69,-151,1,1,0,1e-06,0.999999,logprobs,Novita
1815,69,-149,1,1,0,4.5e-05,0.999996,logprobs,Novita
1816,69,-147,1,1,1,0.999994,0.999991,logprobs,Novita
1817,69,-145,1,1,0,2e-06,0.999999,logprobs,Novita
1818,69,-143,1,1,0,4e-06,0.999999,logprobs,Novita
1819,69,-141,1,1,0,1e-06,0.999999,logprobs,Novita
1820,69,-139,1,1,1,0.999089,0.999993,logprobs,Novita
1821,69,-137,0,0,0,1e-06,0.999998,logprobs,Novita
1822,69,-135,1,1,0,1e-06,1,logprobs,Novita
1823,69,-133,1,1,0,4e-06,0.999998,logprobs,Novita
1824,69,-131,1,1,0,1e-06,0.999999,logprobs,Novita
1825,69,-129,1,1,0,1e-06,0.999999,logprobs,Novita
1826,69,-127,1,1,0,7e-06,0.999997,logprobs,Novita
1827,69,-125,1,1,0,3e-06,0.999998,logprobs,Novita
1828,69,-123,1,1,0,1.7e-05,0.999994,logprobs,Novita
1829,69,-121,1,1,0,,,text,Novita
1830,69,-119,1,1,0,1e-06,0.999999,logprobs,Novita
1831,69,-117,0,0,0,1e-06,0.999999,logprobs,Novita
1832,69,-115,0,0,0,1.9e-05,0.999997,logprobs,Novita
1833,69,-113,1,1,0,1e-06,0.999997,logprobs,Novita
1834,69,-111,1,1,1,0.999965,0.999979,logprobs,Novita
1835,69,-109,1,1,1,0.999089,0.999981,logprobs,Novita
1836,69,-107,0,0,1,0.99986,0.999995,logprobs,Novita
1837,69,-105,1,1,0,2e-06,0.999999,logprobs,Novita
1838,69,-103,1,1,0,,,text,Novita
1839,69,-101,0,0,1,0.999569,0.99998,logprobs,Novita
1840,69,-99,1,1,1,0.999569,0.99998,logprobs,Novita
1841,69,-97,1,1,0,4e-05,0.999996,logprobs,Novita
1842,69,-95,0,0,0,4e-06,0.999998,logprobs,Novita
1843,69,-93,1,1,0,1e-06,0.999999,logprobs,Novita
1844,69,-91,1,1,0,9e-06,0.999998,logprobs,Novita
1845,69,-89,1,1,0,0,0.999999,logprobs,Novita
1846,69,-87,0,0,0,3e-06,0.999998,logprobs,Novita
1847,69,-85,1,1,0,5e-06,0.999998,logprobs,Novita
1848,69,-83,1,1,0,5e-06,0.999998,logprobs,Novita
1849,69,-81,0,0,1,0.999739,0.999994,logprobs,Novita
1850,69,-79,1,1,0,8e-06,0.999995,logprobs,Novita
1851,69,-77,0,0,0,3.5e-05,0.999992,logprobs,Novita
1852,69,-75,1,1,0,1e-06,0.999999,logprobs,Novita
1853,69,-73,1,1,0,9.6e-05,0.999984,logprobs,Novita
1854,69,-71,1,1,0,,,text,Novita
1855,69,-69,1,1,0,1e-06,0.999999,logprobs,Novita
1856,69,-67,0,0,0,,,text,Novita
1857,69,-65,0,0,0,7e-06,0.999998,logprobs,Novita
1858,69,-63,0,0,1,,,text,Novita
1859,69,-61,0,0,1,0.999969,0.999996,logprobs,Novita
1860,69,-59,0,0,0,4e-06,0.999989,logprobs,Novita
1861,69,-57,0,0,0,0,1,logprobs,Novita
1862,69,-55,0,0,0,1.1e-05,0.999994,logprobs,Novita
1863,69,-53,0,0,0,4e-06,0.999999,logprobs,Novita
1864,69,-51,1,1,0,0,0.999998,logprobs,Novita
1865,69,-49,1,1,0,1e-06,0.999999,logprobs,Novita
1866,69,-47,1,1,0,2.8e-05,0.999994,logprobs,Novita
1867,69,-45,1,1,0,1e-06,0.999998,logprobs,Novita
1868,69,-43,1,1,0,1e-06,0.999999,logprobs,Novita
1869,69,-41,1,1,0,4e-06,0.999998,logprobs,Novita
1870,69,-39,1,1,0,0,0.999999,logprobs,Novita
1871,69,-37,1,1,0,3e-06,0.999999,logprobs,Novita
1872,69,-35,1,1,0,2e-06,0.999998,logprobs,Novita
1873,69,-33,1,1,0,,,text,Novita
1874,69,-31,1,1,0,,,text,Novita
1875,69,-29,1,1,0,1.3e-05,0.999997,logprobs,Novita
1876,69,-27,1,1,0,1.7e-05,0.999996,logprobs,Novita
1877,69,-25,0,0,0,8e-06,0.999998,logprobs,Novita
1878,69,-23,0,0,0,,,text,Novita
1879,69,-21,0,0,1,0.999989,0.999997,logprobs,Novita
1880,69,-19,0,0,1,0.999904,0.999998,logprobs,Novita
1881,69,-17,0,0,0,3e-06,0.999996,logprobs,Novita
1882,69,-15,0,0,0,1e-06,0.999999,logprobs,Novita
1883,69,-13,0,0,0,1e-05,0.999998,logprobs,Novita
1884,69,-11,0,0,0,,,text,Novita
1885,69,-9,0,0,0,2e-06,1,logprobs,Novita
1886,69,-7,0,0,0,1.1e-05,0.999997,logprobs,Novita
1887,69,-5,0,0,0,1e-06,0.999998,logprobs,Novita
1888,69,-3,0,0,0,2e-06,0.999999,logprobs,Novita
1889,69,-1,0,0,0,2e-06,0.999998,logprobs,Novita
1890,69,1,0,0,0,1e-06,0.999998,logprobs,Novita
1891,69,3,0,0,0,7e-06,0.999996,logprobs,Novita
1892,69,5,0,0,0,0,0.999999,logprobs,Novita
1893,69,7,0,0,1,0.999925,0.999995,logprobs,Novita
1894,69,9,0,0,1,0.999915,0.999993,logprobs,Novita
1895,69,11,0,0,1,0.999981,0.999985,logprobs,Novita
1896,69,13,0,0,1,,,text,Novita
1897,69,15,0,0,0,,,text,Novita
1898,69,17,0,0,0,1e-06,0.999999,logprobs,Novita
1899,69,19,1,1,0,0,0.999999,logprobs,Novita
1900,69,21,1,1,1,0.999996,0.999993,logprobs,Novita
1901,69,23,1,1,1,0.999925,0.999978,logprobs,Novita
1902,69,25,1,1,0,0,1,logprobs,Novita
1903,69,27,1,1,0,2e-06,0.999998,logprobs,Novita
1904,69,29,1,1,1,0.999976,0.999996,logprobs,Novita
1905,69,31,1,1,0,6e-06,0.999997,logprobs,Novita
1906,69,33,1,1,1,0.99962,0.999982,logprobs,Novita
1907,69,35,1,1,0,0,0.999999,logprobs,Novita
1908,69,37,0,0,1,0.999942,0.999992,logprobs,Novita
1909,69,39,0,0,0,0,1,logprobs,Novita
1910,69,41,0,0,0,4e-06,0.999999,logprobs,Novita
1911,69,43,0,0,0,1e-06,0.999999,logprobs,Novita
1912,69,45,0,0,0,2e-06,0.999997,logprobs,Novita
1913,69,47,0,0,0,,,text,Novita
1914,69,49,1,1,1,0.999925,0.999977,logprobs,Novita
1915,69,51,0,0,1,0.99982,0.999978,logprobs,Novita
1916,69,53,0,0,1,0.999969,0.999997,logprobs,Novita
1917,69,55,0,0,0,,,text,Novita
1918,69,57,0,0,0,,,text,Novita
1919,69,59,0,0,0,8e-06,0.999999,logprobs,Novita
1920,69,61,1,1,0,7e-06,0.999999,logprobs,Novita
1921,69,63,1,1,1,0.999891,0.999985,logprobs,Novita
1922,69,65,1,1,0,0.00014,0.999995,logprobs,Novita
1923,69,67,0,0,0,0,1,logprobs,Novita
1924,69,69,1,1,0,0,0.999999,logprobs,Novita
1925,69,71,1,1,1,0.999739,0.999978,logprobs,Novita
1926,69,73,0,0,0,1e-06,1,logprobs,Novita
1927,69,75,0,0,1,0.998675,0.999979,logprobs,Novita
1928,69,77,0,0,0,1e-06,0.999999,logprobs,Novita
1929,69,79,1,1,0,,,text,Novita
1930,69,81,1,1,1,0.999769,0.999989,logprobs,Novita
1931,69,83,1,1,1,0.999942,0.999999,logprobs,Novita
1932,69,85,1,1,0,7e-06,0.999999,logprobs,Novita
1933,69,87,1,1,1,0.998675,0.999974,logprobs,Novita
1934,69,89,1,1,0,,,text,Novita
1935,69,91,1,0,1,0.999665,0.999991,logprobs,Novita
1936,69,93,1,1,1,0.99929,0.999954,logprobs,Novita
1937,69,95,1,1,0,1e-06,0.999999,logprobs,Novita
1938,69,97,1,1,0,1e-06,1,logprobs,Novita
1939,69,99,1,1,1,0.999904,0.999993,logprobs,Novita
1940,69,101,1,1,1,0.998968,0.999986,logprobs,Novita
1941,69,103,1,1,1,0.999089,0.999993,logprobs,Novita
1942,69,105,1,1,1,,,text,Novita
1943,69,107,1,1,0,,,text,Novita
1944,69,109,1,1,1,0.999196,0.999991,logprobs,Novita
1945,69,111,1,1,1,0.999374,0.999965,logprobs,Novita
1946,69,113,1,1,1,0.999969,0.999996,logprobs,Novita
1947,69,115,1,1,1,0.999797,0.999979,logprobs,Novita
1948,69,117,1,1,0,1e-06,0.999998,logprobs,Novita
1949,69,119,1,1,0,0,1,logprobs,Novita
1950,69,121,1,1,0,1e-06,0.999999,logprobs,Novita
1951,69,123,1,1,0,,,text,Novita
1952,69,125,1,1,1,0.99593,0.999979,logprobs,Novita
1953,69,127,1,1,1,0.999992,0.999997,logprobs,Novita
1954,69,129,1,1,0,6e-06,0.999998,logprobs,Novita
1955,69,131,1,1,1,0.999915,0.999989,logprobs,Novita
1956,69,133,1,1,1,0.999196,0.999993,logprobs,Novita
1957,69,135,1,1,0,,,text,Novita
1958,69,137,1,1,0,1e-06,0.999998,logprobs,Novita
1959,69,139,1,1,1,0.999891,0.999995,logprobs,Novita
1960,69,141,1,1,0,6e-06,0.999998,logprobs,Novita
1961,69,143,1,1,1,0.999447,0.999989,logprobs,Novita
1962,69,145,1,1,0,0,0.999999,logprobs,Novita
1963,69,147,1,1,0,0,0.999999,logprobs,Novita
1964,69,149,1,1,0,,,text,Novita
1965,69,151,1,1,0,1.9e-05,0.999996,logprobs,Novita
1966,69,153,1,1,0,2e-06,0.999999,logprobs,Novita
1967,69,155,1,1,0,1e-06,0.999995,logprobs,Novita
1968,69,157,1,1,0,1e-06,0.999999,logprobs,Novita
1969,69,159,1,1,1,0.99962,0.999994,logprobs,Novita
1970,69,161,1,1,0,1.3e-05,0.999998,logprobs,Novita
1971,69,163,1,1,0,8e-06,0.999998,logprobs,Novita
1972,69,165,1,1,0,1.5e-05,0.999995,logprobs,Novita
1973,69,167,1,1,0,4e-06,0.999998,logprobs,Novita
1974,69,169,1,1,0,3.1e-05,0.999997,logprobs,Novita
1975,69,171,1,1,0,5.1e-05,0.999992,logprobs,Novita
1976,69,173,1,1,0,4.5e-05,0.999994,logprobs,Novita
1977,69,175,1,1,0,,,text,Novita
1978,69,177,1,1,0,1e-05,0.999998,logprobs,Novita
1979,69,179,1,1,0,1e-05,0.999988,logprobs,Novita
1980,67,-179,1,1,0,0,1,logprobs,Novita
1981,67,-177,1,1,0,0,0.999999,logprobs,Novita
1982,67,-175,1,1,0,,,text,Novita
1983,67,-173,1,1,0,0,1,logprobs,Novita
1984,67,-171,0,0,0,3e-06,0.999999,logprobs,Novita
1985,67,-169,0,0,0,,,text,Novita
1986,67,-167,0,0,0,6e-06,0.999998,logprobs,Novita
1987,67,-165,0,0,0,,,text,Novita
1988,67,-163,0,0,0,1e-06,0.999999,logprobs,Novita
1989,67,-161,1,1,0,4e-06,0.999995,logprobs,Novita
1990,67,-159,1,1,0,2.1e-05,0.999996,logprobs,Novita
1991,67,-157,1,1,0,8e-06,0.999996,logprobs,Novita
1992,67,-155,1,1,0,1e-06,0.999999,logprobs,Novita
1993,67,-153,1,1,0,1.3e-05,0.999991,logprobs,Novita
1994,67,-151,1,1,0,1e-06,0.999998,logprobs,Novita
1995,67,-149,1,1,0,4e-06,0.999999,logprobs,Novita
1996,67,-147,1,1,1,0.999089,0.999966,logprobs,Novita
1997,67,-145,1,1,0,0,0.999999,logprobs,Novita
1998,67,-143,1,1,0,1e-05,0.999999,logprobs,Novita
1999,67,-141,1,1,0,5e-06,0.999999,logprobs,Novita
2000,67,-139,1,1,0,4e-06,0.999999,logprobs,Novita
2001,67,-137,1,1,0,,,text,Novita
2002,67,-135,1,1,0,2e-06,0.999999,logprobs,Novita
2003,67,-133,1,1,0,0,1,logprobs,Novita
2004,67,-131,1,1,0,3e-06,0.999999,logprobs,Novita
2005,67,-129,1,1,0,1e-06,1,logprobs,Novita
2006,67,-127,1,1,0,0.000231,0.999987,logprobs,Novita
2007,67,-125,1,1,0,,,text,Novita
2008,67,-123,1,1,0,2e-06,0.999993,logprobs,Novita
2009,67,-121,1,1,0,,,text,Novita
2010,67,-119,1,1,0,2e-06,0.999998,logprobs,Novita
2011,67,-117,1,1,1,0.998073,0.999955,logprobs,Novita
2012,67,-115,1,1,0,1e-06,0.999996,logprobs,Novita
2013,67,-113,1,1,1,0.999512,0.99999,logprobs,Novita
2014,67,-111,1,1,0,3e-06,1,logprobs,Novita
2015,67,-109,1,1,1,,,text,Novita
2016,67,-107,1,1,1,0.999704,0.999988,logprobs,Novita
2017,67,-105,1,1,0,0.000335,0.999993,logprobs,Novita
2018,67,-103,1,1,1,0.999904,0.999945,logprobs,Novita
2019,67,-101,1,1,0,,,text,Novita
2020,67,-99,1,1,1,0.99977,0.99999,logprobs,Novita
2021,67,-97,1,1,1,0.999797,0.99995,logprobs,Novita
2022,67,-95,1,1,0,3e-06,0.999999,logprobs,Novita
2023,67,-93,1,1,0,5e-06,0.999998,logprobs,Novita
2024,67,-91,1,1,1,0.99929,0.99996,logprobs,Novita
2025,67,-89,1,1,0,3e-06,0.999997,logprobs,Novita
2026,67,-87,1,1,0,4e-06,0.999992,logprobs,Novita
2027,67,-85,1,1,0,6e-06,0.999999,logprobs,Novita
2028,67,-83,1,1,0,1e-06,1,logprobs,Novita
2029,67,-81,0,0,0,1.1e-05,0.999998,logprobs,Novita
2030,67,-79,0,0,0,,,text,Novita
2031,67,-77,0,0,0,2e-06,0.999999,logprobs,Novita
2032,67,-75,0,0,0,9e-06,0.999996,logprobs,Novita
2033,67,-73,0,0,0,,,text,Novita
2034,67,-71,1,0,0,4e-06,0.999998,logprobs,Novita
2035,67,-69,1,1,1,0.998074,0.99993,logprobs,Novita
2036,67,-67,1,1,0,2.8e-05,0.999985,logprobs,Novita
2037,67,-65,1,1,0,,,text,Novita
2038,67,-63,0,0,0,0,0.999999,logprobs,Novita
2039,67,-61,0,0,0,1e-06,0.999999,logprobs,Novita
2040,67,-59,0,0,0,2e-06,0.999996,logprobs,Novita
2041,67,-57,0,0,1,0.999891,0.999995,logprobs,Novita
2042,67,-55,0,0,0,0,0.999999,logprobs,Novita
2043,67,-53,1,1,0,3e-06,0.999997,logprobs,Novita
2044,67,-51,1,1,0,0,0.999999,logprobs,Novita
2045,67,-49,1,1,0,,,text,Novita
2046,67,-47,1,1,0,3e-06,0.999999,logprobs,Novita
2047,67,-45,1,1,0,,,text,Novita
2048,67,-43,1,1,0,3e-06,0.999996,logprobs,Novita
2049,67,-41,1,1,0,3e-06,0.999998,logprobs,Novita
2050,67,-39,1,1,1,0.999983,0.999988,logprobs,Novita
2051,67,-37,1,1,0,3e-06,0.999998,logprobs,Novita
2052,67,-35,1,1,0,4e-06,0.999998,logprobs,Novita
2053,67,-33,0,0,0,1.3e-05,0.999997,logprobs,Novita
2054,67,-31,0,0,0,4e-05,0.999992,logprobs,Novita
2055,67,-29,0,0,0,1e-06,0.999999,logprobs,Novita
2056,67,-27,0,0,0,1e-06,0.999999,logprobs,Novita
2057,67,-25,0,0,0,2e-06,0.999998,logprobs,Novita
2058,67,-23,0,0,0,,,text,Novita
2059,67,-21,0,0,0,1.3e-05,0.999999,logprobs,Novita
2060,67,-19,0,0,0,4e-06,0.999999,logprobs,Novita
2061,67,-17,0,0,0,1.3e-05,0.999995,logprobs,Novita
2062,67,-15,0,0,0,4e-06,0.999998,logprobs,Novita
2063,67,-13,0,0,0,2e-06,0.999998,logprobs,Novita
2064,67,-11,0,0,0,1e-06,0.999998,logprobs,Novita
2065,67,-9,0,0,0,2.1e-05,0.999995,logprobs,Novita
2066,67,-7,0,0,0,6e-06,0.999999,logprobs,Novita
2067,67,-5,0,0,0,4e-05,0.999997,logprobs,Novita
2068,67,-3,0,0,0,,,text,Novita
2069,67,-1,0,0,0,5e-06,0.999997,logprobs,Novita
2070,67,1,0,0,0,1e-06,0.999999,logprobs,Novita
2071,67,3,0,0,0,9e-06,0.999996,logprobs,Novita
2072,67,5,0,0,1,0.999955,0.999977,logprobs,Novita
2073,67,7,0,0,0,5e-06,0.999998,logprobs,Novita
2074,67,9,0,0,1,,,text,Novita
2075,67,11,0,0,1,0.999979,0.999982,logprobs,Novita
2076,67,13,0,0,0,6e-06,0.999997,logprobs,Novita
2077,67,15,1,1,0,1e-05,0.999992,logprobs,Novita
2078,67,17,1,1,1,0.999739,0.999989,logprobs,Novita
2079,67,19,1,1,0,2e-06,0.999999,logprobs,Novita
2080,67,21,1,1,1,0.999955,0.999996,logprobs,Novita
2081,67,23,1,1,1,0.999981,0.999984,logprobs,Novita
2082,67,25,1,1,0,1.9e-05,0.999999,logprobs,Novita
2083,67,27,1,1,1,0.999949,0.999977,logprobs,Novita
2084,67,29,1,1,0,1e-06,0.999999,logprobs,Novita
2085,67,31,1,1,1,0.999797,0.999985,logprobs,Novita
2086,67,33,1,1,1,0.999915,0.999992,logprobs,Novita
2087,67,35,1,1,0,5e-06,0.999997,logprobs,Novita
2088,67,37,1,1,1,0.999997,0.999996,logprobs,Novita
2089,67,39,1,1,1,,,text,Novita
2090,67,41,1,1,1,0.999991,0.999966,logprobs,Novita
2091,67,43,0,0,1,,,text,Novita
2092,67,45,1,1,1,0.999949,0.999938,logprobs,Novita
2093,67,47,0,0,1,0.99996,0.99999,logprobs,Novita
2094,67,49,1,1,1,0.99977,0.999949,logprobs,Novita
2095,67,51,1,1,0,,,text,Novita
2096,67,53,1,1,0,2.8e-05,0.999992,logprobs,Novita
2097,67,55,1,1,1,0.999891,0.999982,logprobs,Novita
2098,67,57,1,1,1,0.999925,0.999992,logprobs,Novita
2099,67,59,1,1,0,3e-06,1,logprobs,Novita
2100,67,61,1,1,1,0.999949,0.999994,logprobs,Novita
2101,67,63,1,1,1,0.999949,0.999992,logprobs,Novita
2102,67,65,1,1,0,,,text,Novita
2103,67,67,1,1,0,5e-06,0.999996,logprobs,Novita
2104,67,69,1,1,0,4e-05,0.999997,logprobs,Novita
2105,67,71,1,1,0,,,text,Novita
2106,67,73,0,0,0,1e-06,0.999999,logprobs,Novita
2107,67,75,1,1,0,2.1e-05,0.999995,logprobs,Novita
2108,67,77,1,1,1,0.999949,0.999946,logprobs,Novita
2109,67,79,1,1,0,2e-06,0.999999,logprobs,Novita
2110,67,81,1,1,1,0.999942,0.999999,logprobs,Novita
2111,67,83,1,1,0,0,1,logprobs,Novita
2112,67,85,1,1,1,,,text,Novita
2113,67,87,1,1,0,0,0.999999,logprobs,Novita
2114,67,89,1,1,1,0.99996,0.999976,logprobs,Novita
2115,67,91,1,1,1,0.999196,0.999978,logprobs,Novita
2116,67,93,1,1,1,0.99982,0.99999,logprobs,Novita
2117,67,95,1,1,1,,,text,Novita
2118,67,97,1,1,1,0.999991,0.999996,logprobs,Novita
2119,67,99,1,1,1,0.999949,0.999994,logprobs,Novita
2120,67,101,1,1,1,0.99982,0.999978,logprobs,Novita
2121,67,103,1,1,1,0.99962,0.999993,logprobs,Novita
2122,67,105,1,1,1,0.999196,0.999993,logprobs,Novita
2123,67,107,1,1,1,0.999842,0.999979,logprobs,Novita
2124,67,109,1,1,0,,,text,Novita
2125,67,111,1,1,1,0.999969,0.999997,logprobs,Novita
2126,67,113,1,1,1,0.999934,0.999995,logprobs,Novita
2127,67,115,1,1,1,0.999704,0.99996,logprobs,Novita
2128,67,117,1,1,1,0.999512,0.999977,logprobs,Novita
2129,67,119,1,1,1,0.998675,0.99999,logprobs,Novita
2130,67,121,1,1,1,0.999994,0.999997,logprobs,Novita
2131,67,123,1,1,0,,,text,Novita
2132,67,125,1,1,1,0.998968,0.999973,logprobs,Novita
2133,67,127,1,1,1,0.998968,0.999993,logprobs,Novita
2134,67,129,1,1,0,1e-06,0.999999,logprobs,Novita
2135,67,131,1,1,1,0.999665,0.999986,logprobs,Novita
2136,67,133,1,1,1,0.997528,0.999983,logprobs,Novita
2137,67,135,1,1,0,0,0.999999,logprobs,Novita
2138,67,137,1,1,1,0.999512,0.999991,logprobs,Novita
2139,67,139,1,1,0,1e-05,0.999997,logprobs,Novita
2140,67,141,1,1,1,0.999983,0.999996,logprobs,Novita
2141,67,143,1,1,1,0.999447,0.999992,logprobs,Novita
2142,67,145,1,1,0,6e-06,0.999988,logprobs,Novita
2143,67,147,1,1,0,1e-06,0.999998,logprobs,Novita
2144,67,149,1,1,1,,,text,Novita
2145,67,151,1,1,0,,,text,Novita
2146,67,153,1,1,0,2e-06,0.999998,logprobs,Novita
2147,67,155,1,1,0,,,text,Novita
2148,67,157,1,1,0,1.5e-05,0.999993,logprobs,Novita
2149,67,159,1,1,1,0.999196,0.999976,logprobs,Novita
2150,67,161,1,1,0,4e-05,0.999986,logprobs,Novita
2151,67,163,1,1,0,1e-06,0.999998,logprobs,Novita
2152,67,165,1,1,0,8e-06,0.999994,logprobs,Novita
2153,67,167,1,1,0,5e-06,0.999997,logprobs,Novita
2154,67,169,1,1,0,1e-05,0.999992,logprobs,Novita
2155,67,171,1,1,0,6.6e-05,0.999992,logprobs,Novita
2156,67,173,1,1,0,5.1e-05,0.99999,logprobs,Novita
2157,67,175,1,1,0,2.1e-05,0.999975,logprobs,Novita
2158,67,177,1,1,0,2.4e-05,0.999987,logprobs,Novita
2159,67,179,1,1,0,1e-06,0.999998,logprobs,Novita
2160,65,-179,0,0,0,1e-06,0.999997,logprobs,Novita
2161,65,-177,0,0,0,0,0.999999,logprobs,Novita
2162,65,-175,1,1,0,1e-06,0.999999,logprobs,Novita
2163,65,-173,1,1,0,,,text,Novita
2164,65,-171,0,0,0,0,1,logprobs,Novita
2165,65,-169,0,0,0,0,1,logprobs,Novita
2166,65,-167,0,0,0,0,0.999999,logprobs,Novita
2167,65,-165,1,1,0,2e-06,0.999997,logprobs,Novita
2168,65,-163,1,1,0,1e-06,0.999999,logprobs,Novita
2169,65,-161,1,1,0,2.8e-05,0.999991,logprobs,Novita
2170,65,-159,1,1,0,4e-06,0.999997,logprobs,Novita
2171,65,-157,1,1,0,1e-05,0.999996,logprobs,Novita
2172,65,-155,1,1,0,2e-06,0.999997,logprobs,Novita
2173,65,-153,1,1,0,,,text,Novita
2174,65,-151,1,1,0,0,1,logprobs,Novita
2175,65,-149,1,1,1,0.999891,0.999961,logprobs,Novita
2176,65,-147,1,1,0,1e-06,0.999999,logprobs,Novita
2177,65,-145,1,1,0,1.5e-05,0.999995,logprobs,Novita
2178,65,-143,1,1,0,1e-06,1,logprobs,Novita
2179,65,-141,1,1,0,8e-06,0.999999,logprobs,Novita
2180,65,-139,1,1,0,9e-06,0.999998,logprobs,Novita
2181,65,-137,1,1,0,2e-06,0.999998,logprobs,Novita
2182,65,-135,1,1,0,1e-06,0.999999,logprobs,Novita
2183,65,-133,1,1,1,0.999985,0.999985,logprobs,Novita
2184,65,-131,1,1,0,9e-06,0.999995,logprobs,Novita
2185,65,-129,1,1,0,3e-06,0.999998,logprobs,Novita
2186,65,-127,1,1,0,3.1e-05,0.999997,logprobs,Novita
2187,65,-125,1,1,1,0.999089,0.999985,logprobs,Novita
2188,65,-123,1,1,0,4e-06,0.999996,logprobs,Novita
2189,65,-121,1,0,0,7e-06,0.999995,logprobs,Novita
2190,65,-119,1,1,0,3e-06,0.999997,logprobs,Novita
2191,65,-117,1,1,1,0.999904,0.999987,logprobs,Novita
2192,65,-115,1,1,0,,,text,Novita
2193,65,-113,1,1,1,,,text,Novita
2194,65,-111,1,1,1,,,text,Novita
2195,65,-109,1,1,1,0.999994,0.999998,logprobs,Novita
2196,65,-107,1,1,1,0.999842,0.999976,logprobs,Novita
2197,65,-105,1,1,1,0.999995,0.999998,logprobs,Novita
2198,65,-103,1,0,1,0.999981,0.99999,logprobs,Novita
2199,65,-101,1,1,1,0.999704,0.999892,logprobs,Novita
2200,65,-99,1,1,1,0.999942,0.999988,logprobs,Novita
2201,65,-97,1,1,1,0.999996,0.999992,logprobs,Novita
2202,65,-95,1,1,0,5e-06,0.999998,logprobs,Novita
2203,65,-93,1,1,1,,,text,Novita
2204,65,-91,1,1,1,0.998073,0.999919,logprobs,Novita
2205,65,-89,1,1,0,0,0.999998,logprobs,Novita
2206,65,-87,0,0,0,,,text,Novita
2207,65,-85,1,1,1,0.99409,0.999948,logprobs,Novita
2208,65,-83,0,0,0,2.4e-05,0.999991,logprobs,Novita
2209,65,-81,0,0,1,0.998831,0.999982,logprobs,Novita
2210,65,-79,0,0,0,5.8e-05,0.99999,logprobs,Novita
2211,65,-77,1,1,0,1e-05,0.999998,logprobs,Novita
2212,65,-75,1,1,1,0.998831,0.999935,logprobs,Novita
2213,65,-73,1,1,0,2e-06,0.999998,logprobs,Novita
2214,65,-71,1,0,0,,,text,Novita
2215,65,-69,1,1,1,0.998073,0.99998,logprobs,Novita
2216,65,-67,1,1,1,0.99478,0.999965,logprobs,Novita
2217,65,-65,0,0,0,3e-06,0.999984,logprobs,Novita
2218,65,-63,0,0,0,2e-06,0.999995,logprobs,Novita
2219,65,-61,0,0,0,3.5e-05,0.999995,logprobs,Novita
2220,65,-59,0,0,0,2.8e-05,0.999995,logprobs,Novita
2221,65,-57,0,0,0,6.6e-05,0.999983,logprobs,Novita
2222,65,-55,0,0,0,4.5e-05,0.999992,logprobs,Novita
2223,65,-53,0,0,0,1e-06,0.999999,logprobs,Novita
2224,65,-51,1,1,0,,,text,Novita
2225,65,-49,1,1,0,5e-06,0.999999,logprobs,Novita
2226,65,-47,1,1,0,2.4e-05,0.999996,logprobs,Novita
2227,65,-45,1,1,0,2e-06,0.999995,logprobs,Novita
2228,65,-43,1,1,0,2.8e-05,0.999994,logprobs,Novita
2229,65,-41,0,0,0,4e-06,0.999998,logprobs,Novita
2230,65,-39,0,0,1,,,text,Novita
2231,65,-37,0,0,0,6e-06,0.999997,logprobs,Novita
2232,65,-35,0,0,0,1e-06,0.999999,logprobs,Novita
2233,65,-33,0,0,0,,,text,Novita
2234,65,-31,0,0,0,3e-06,0.999998,logprobs,Novita
2235,65,-29,0,0,0,2.1e-05,0.999994,logprobs,Novita
2236,65,-27,0,0,0,,,text,Novita
2237,65,-25,0,0,0,3e-06,0.999998,logprobs,Novita
2238,65,-23,1,1,1,0.999987,0.999973,logprobs,Novita
2239,65,-21,1,1,0,0.00018,0.999982,logprobs,Novita
2240,65,-19,1,1,0,3e-06,0.999998,logprobs,Novita
2241,65,-17,1,1,0,1.7e-05,0.999997,logprobs,Novita
2242,65,-15,1,1,1,0.999972,0.999998,logprobs,Novita
2243,65,-13,0,0,0,2e-06,0.999997,logprobs,Novita
2244,65,-11,0,0,0,1.3e-05,0.999999,logprobs,Novita
2245,65,-9,0,0,0,0,0.999999,logprobs,Novita
2246,65,-7,0,0,0,2e-06,0.999996,logprobs,Novita
2247,65,-5,0,0,0,,,text,Novita
2248,65,-3,0,0,0,,,text,Novita
2249,65,-1,0,0,0,7e-06,0.999998,logprobs,Novita
2250,65,1,0,0,1,0.995391,0.99997,logprobs,Novita
2251,65,3,0,0,0,8e-06,0.999998,logprobs,Novita
2252,65,5,0,0,1,,,text,Novita
2253,65,7,0,0,0,4e-06,0.999999,logprobs,Novita
2254,65,9,0,0,0,0,1,logprobs,Novita
2255,65,11,0,0,1,0.99962,0.999971,logprobs,Novita
2256,65,13,1,1,1,0.999969,0.999997,logprobs,Novita
2257,65,15,1,1,0,1.5e-05,0.999997,logprobs,Novita
2258,65,17,1,1,0,6e-06,0.999996,logprobs,Novita
2259,65,19,1,1,1,0.998968,0.99997,logprobs,Novita
2260,65,21,1,1,0,0.00071,0.999975,logprobs,Novita
2261,65,23,0,0,1,,,text,Novita
2262,65,25,0,0,1,0.999089,0.99995,logprobs,Novita
2263,65,27,1,1,0,6e-06,0.999999,logprobs,Novita
2264,65,29,1,1,1,0.999374,0.999939,logprobs,Novita
2265,65,31,1,1,0,1e-06,0.999999,logprobs,Novita
2266,65,33,1,1,1,0.999981,0.999995,logprobs,Novita
2267,65,35,0,0,0,2e-06,0.999993,logprobs,Novita
2268,65,37,1,1,1,0.999942,0.999975,logprobs,Novita
2269,65,39,0,0,1,0.999983,0.999977,logprobs,Novita
2270,65,41,1,1,1,0.999891,0.999992,logprobs,Novita
2271,65,43,1,1,0,,,text,Novita
2272,65,45,1,1,1,,,text,Novita
2273,65,47,1,1,0,,,text,Novita
2274,65,49,1,1,1,0.999969,0.999996,logprobs,Novita
2275,65,51,1,1,1,0.999969,0.999996,logprobs,Novita
2276,65,53,1,1,0,,,text,Novita
2277,65,55,1,1,1,0.999989,0.999996,logprobs,Novita
2278,65,57,1,1,1,0.999949,0.999997,logprobs,Novita
2279,65,59,1,1,1,,,text,Novita
2280,65,61,1,1,1,0.999739,0.99989,logprobs,Novita
2281,65,63,1,1,0,1.5e-05,0.99998,logprobs,Novita
2282,65,65,1,1,0,1.3e-05,0.999996,logprobs,Novita
2283,65,67,1,1,1,0.999972,0.999993,logprobs,Novita
2284,65,69,1,1,0,,,text,Novita
2285,65,71,1,1,0,1e-06,0.999999,logprobs,Novita
2286,65,73,1,1,1,0.999877,0.999987,logprobs,Novita
2287,65,75,1,1,0,0,0.999997,logprobs,Novita
2288,65,77,1,1,1,0.999797,0.999977,logprobs,Novita
2289,65,79,1,1,0,3e-06,0.999998,logprobs,Novita
2290,65,81,1,1,1,0.998299,0.999931,logprobs,Novita
2291,65,83,1,1,0,1e-06,0.999998,logprobs,Novita
2292,65,85,1,1,0,5e-06,0.999993,logprobs,Novita
2293,65,87,1,1,1,0.999797,0.999979,logprobs,Novita
2294,65,89,1,1,1,0.998831,0.99997,logprobs,Novita
2295,65,91,1,1,1,0.999992,0.999999,logprobs,Novita
2296,65,93,1,1,0,2e-06,0.999999,logprobs,Novita
2297,65,95,1,1,1,0.99986,0.999995,logprobs,Novita
2298,65,97,1,1,1,0.999739,0.999994,logprobs,Novita
2299,65,99,1,1,1,,,text,Novita
2300,65,101,1,1,1,0.999998,0.999997,logprobs,Novita
2301,65,103,1,1,1,0.999665,0.999965,logprobs,Novita
2302,65,105,1,1,1,0.999985,0.999996,logprobs,Novita
2303,65,107,1,1,1,0.999704,0.999899,logprobs,Novita
2304,65,109,1,1,1,0.999569,0.999961,logprobs,Novita
2305,65,111,1,1,1,,,text,Novita
2306,65,113,1,1,1,0.999704,0.999944,logprobs,Novita
2307,65,115,1,1,1,0.99962,0.999925,logprobs,Novita
2308,65,117,1,1,1,0.999999,0.999998,logprobs,Novita
2309,65,119,1,1,0,0,0.999999,logprobs,Novita
2310,65,121,1,1,1,0.998499,0.999908,logprobs,Novita
2311,65,123,1,1,1,0.99999,0.99999,logprobs,Novita
2312,65,125,1,1,0,,,text,Novita
2313,65,127,1,1,0,,,text,Novita
2314,65,129,1,1,0,4e-06,0.999998,logprobs,Novita
2315,65,131,1,1,1,0.999704,0.999966,logprobs,Novita
2316,65,133,1,1,1,0.999842,0.999992,logprobs,Novita
2317,65,135,1,1,0,1e-06,0.999999,logprobs,Novita
2318,65,137,1,1,0,0,1,logprobs,Novita
2319,65,139,1,1,0,1e-06,0.999999,logprobs,Novita
2320,65,141,1,1,0,2e-06,0.999998,logprobs,Novita
2321,65,143,1,1,1,0.99996,0.999991,logprobs,Novita
2322,65,145,1,1,1,0.996828,0.999962,logprobs,Novita
2323,65,147,1,1,0,3.1e-05,0.99999,logprobs,Novita
2324,65,149,1,1,1,0.998299,0.999938,logprobs,Novita
2325,65,151,1,1,0,,,text,Novita
2326,65,153,1,1,0,2.4e-05,0.999993,logprobs,Novita
2327,65,155,1,1,0,8.5e-05,0.999958,logprobs,Novita
2328,65,157,1,1,0,2e-06,0.999992,logprobs,Novita
2329,65,159,1,1,0,9e-06,0.999996,logprobs,Novita
2330,65,161,1,1,0,2e-06,0.999999,logprobs,Novita
2331,65,163,1,1,0,0,0.999999,logprobs,Novita
2332,65,165,1,1,0,0,0.999998,logprobs,Novita
2333,65,167,1,1,0,9e-06,0.999996,logprobs,Novita
2334,65,169,1,1,0,3e-06,0.999995,logprobs,Novita
2335,65,171,1,1,0,0.00014,0.999989,logprobs,Novita
2336,65,173,1,1,0,8e-06,0.999997,logprobs,Novita
2337,65,175,1,1,0,2e-06,0.999997,logprobs,Novita
2338,65,177,1,1,1,0.99986,0.99999,logprobs,Novita
2339,65,179,1,1,0,0,0.999987,logprobs,Novita
2340,63,-179,0,0,0,3e-06,0.999999,logprobs,Novita
2341,63,-177,0,0,0,,,text,Novita
2342,63,-175,0,0,0,0,1,logprobs,Novita
2343,63,-173,0,0,0,,,text,Novita
2344,63,-171,0,0,0,1e-06,1,logprobs,Novita
2345,63,-169,0,0,0,4e-05,0.999996,logprobs,Novita
2346,63,-167,0,0,0,1e-06,1,logprobs,Novita
2347,63,-165,0,0,0,,,text,Novita
2348,63,-163,1,1,0,2.8e-05,0.999996,logprobs,Novita
2349,63,-161,1,1,0,1e-05,0.999998,logprobs,Novita
2350,63,-159,1,1,0,1e-06,0.999999,logprobs,Novita
2351,63,-157,1,1,0,1e-05,0.999995,logprobs,Novita
2352,63,-155,1,1,0,7e-06,0.999997,logprobs,Novita
2353,63,-153,1,1,0,3.5e-05,0.99999,logprobs,Novita
2354,63,-151,1,1,0,,,text,Novita
2355,63,-149,1,1,0,3e-06,0.999999,logprobs,Novita
2356,63,-147,1,1,0,0,1,logprobs,Novita
2357,63,-145,1,1,0,,,text,Novita
2358,63,-143,1,1,0,2e-06,0.999999,logprobs,Novita
2359,63,-141,1,1,0,1e-05,0.999999,logprobs,Novita
2360,63,-139,1,1,0,,,text,Novita
2361,63,-137,1,1,0,3.5e-05,0.999994,logprobs,Novita
2362,63,-135,1,1,0,,,text,Novita
2363,63,-133,1,1,0,,,text,Novita
2364,63,-131,1,1,0,,,text,Novita
2365,63,-129,1,1,0,1.3e-05,0.999998,logprobs,Novita
2366,63,-127,1,1,0,0,0.999999,logprobs,Novita
2367,63,-125,1,1,0,3e-06,0.999999,logprobs,Novita
2368,63,-123,1,1,0,2.4e-05,0.999992,logprobs,Novita
2369,63,-121,1,1,0,0,0.999999,logprobs,Novita
2370,63,-119,1,1,0,3e-06,0.999998,logprobs,Novita
2371,63,-117,1,1,0,9e-06,0.999995,logprobs,Novita
2372,63,-115,1,1,0,,,text,Novita
2373,63,-113,1,1,1,0.999842,0.999981,logprobs,Novita
2374,63,-111,1,1,1,0.999965,0.999997,logprobs,Novita
2375,63,-109,1,1,1,0.999995,0.999998,logprobs,Novita
2376,63,-107,1,1,1,0.999999,0.999999,logprobs,Novita
2377,63,-105,1,1,1,0.999997,0.999995,logprobs,Novita
2378,63,-103,1,1,1,,,text,Novita
2379,63,-101,1,0,1,0.999196,0.999978,logprobs,Novita
2380,63,-99,1,1,1,0.996407,0.999973,logprobs,Novita
2381,63,-97,1,1,0,,,text,Novita
2382,63,-95,1,1,0,9e-06,0.999998,logprobs,Novita
2383,63,-93,1,1,0,,,text,Novita
2384,63,-91,1,1,0,1.1e-05,0.999999,logprobs,Novita
2385,63,-89,0,0,0,0.000109,0.99999,logprobs,Novita
2386,63,-87,0,0,0,2.1e-05,0.999998,logprobs,Novita
2387,63,-85,0,0,0,,,text,Novita
2388,63,-83,0,0,0,8.5e-05,0.999998,logprobs,Novita
2389,63,-81,0,0,0,4e-06,0.999999,logprobs,Novita
2390,63,-79,0,0,0,1e-06,0.999999,logprobs,Novita
2391,63,-77,0,0,0,,,text,Novita
2392,63,-75,0,0,0,2.1e-05,0.999998,logprobs,Novita
2393,63,-73,0,0,0,7e-06,0.999998,logprobs,Novita
2394,63,-71,1,1,0,4e-06,0.999999,logprobs,Novita
2395,63,-69,1,1,0,3e-06,0.999998,logprobs,Novita
2396,63,-67,0,0,1,,,text,Novita
2397,63,-65,1,1,0,,,text,Novita
2398,63,-63,0,0,0,2e-06,0.999997,logprobs,Novita
2399,63,-61,0,0,0,1e-06,0.999999,logprobs,Novita
2400,63,-59,0,0,0,4e-06,0.999999,logprobs,Novita
2401,63,-57,0,0,0,0,1,logprobs,Novita
2402,63,-55,0,0,0,4e-06,0.999997,logprobs,Novita
2403,63,-53,0,0,0,1.5e-05,0.999999,logprobs,Novita
2404,63,-51,0,0,0,3.5e-05,0.999998,logprobs,Novita
2405,63,-49,1,1,0,2e-06,0.999994,logprobs,Novita
2406,63,-47,1,1,0,8e-06,0.999999,logprobs,Novita
2407,63,-45,1,1,0,8e-06,0.999994,logprobs,Novita
2408,63,-43,1,1,0,0,0.999999,logprobs,Novita
2409,63,-41,0,0,0,1e-06,0.999998,logprobs,Novita
2410,63,-39,0,0,0,7e-06,0.999998,logprobs,Novita
2411,63,-37,0,0,0,4e-06,0.999997,logprobs,Novita
2412,63,-35,0,0,0,1.1e-05,0.999997,logprobs,Novita
2413,63,-33,0,0,0,3e-06,0.999999,logprobs,Novita
2414,63,-31,0,0,0,9e-06,0.999998,logprobs,Novita
2415,63,-29,0,0,0,1.1e-05,0.999997,logprobs,Novita
2416,63,-27,0,0,0,2e-06,0.999998,logprobs,Novita
2417,63,-25,0,0,0,2e-06,0.999999,logprobs,Novita
2418,63,-23,0,0,0,2e-06,0.999999,logprobs,Novita
2419,63,-21,0,0,0,,,text,Novita
2420,63,-19,0,0,0,,,text,Novita
2421,63,-17,0,0,0,2e-06,0.999999,logprobs,Novita
2422,63,-15,0,0,0,7e-06,0.999998,logprobs,Novita
2423,63,-13,0,0,0,1.3e-05,0.999999,logprobs,Novita
2424,63,-11,0,0,0,9.6e-05,0.999987,logprobs,Novita
2425,63,-9,0,0,0,0.000335,0.999994,logprobs,Novita
2426,63,-7,0,0,1,0.999904,0.999996,logprobs,Novita
2427,63,-5,0,0,0,1.1e-05,0.999996,logprobs,Novita
2428,63,-3,0,0,0,2.4e-05,0.999998,logprobs,Novita
2429,63,-1,0,0,1,,,text,Novita
2430,63,1,0,0,0,,,text,Novita
2431,63,3,0,0,0,4e-06,0.999999,logprobs,Novita
2432,63,5,0,0,0,8e-06,0.999998,logprobs,Novita
2433,63,7,0,0,1,0.999983,0.999996,logprobs,Novita
2434,63,9,1,1,0,2e-06,0.999999,logprobs,Novita
2435,63,11,1,1,1,0.99962,0.999989,logprobs,Novita
2436,63,13,1,1,1,,,text,Novita
2437,63,15,1,1,0,5e-06,0.999998,logprobs,Novita
2438,63,17,1,1,0,2e-06,0.999999,logprobs,Novita
2439,63,19,0,0,0,0.000158,0.999994,logprobs,Novita
2440,63,21,0,0,1,0.999983,0.999994,logprobs,Novita
2441,63,23,1,1,1,0.999979,0.999977,logprobs,Novita
2442,63,25,1,1,0,0,0.999999,logprobs,Novita
2443,63,27,1,1,0,1e-06,0.999999,logprobs,Novita
2444,63,29,1,1,0,6e-06,0.999998,logprobs,Novita
2445,63,31,1,1,0,2e-06,0.999997,logprobs,Novita
2446,63,33,1,1,1,0.999981,0.999995,logprobs,Novita
2447,63,35,1,1,1,,,text,Novita
2448,63,37,1,1,1,,,text,Novita
2449,63,39,1,1,1,0.999842,0.999981,logprobs,Novita
2450,63,41,1,1,0,5e-06,0.999999,logprobs,Novita
2451,63,43,1,1,1,0.999955,0.999997,logprobs,Novita
2452,63,45,1,1,0,1e-06,0.999999,logprobs,Novita
2453,63,47,1,1,1,0.999981,0.999996,logprobs,Novita
2454,63,49,1,1,1,0.999877,0.999993,logprobs,Novita
2455,63,51,1,1,1,0.999965,0.999998,logprobs,Novita
2456,63,53,1,1,1,0.999447,0.999988,logprobs,Novita
2457,63,55,1,1,1,0.999965,0.999997,logprobs,Novita
2458,63,57,1,1,1,0.999769,0.99997,logprobs,Novita
2459,63,59,1,1,0,5e-06,0.999989,logprobs,Novita
2460,63,61,1,1,1,0.99962,0.999984,logprobs,Novita
2461,63,63,1,1,0,1e-06,1,logprobs,Novita
2462,63,65,1,1,0,,,text,Novita
2463,63,67,1,1,0,1.9e-05,0.999995,logprobs,Novita
2464,63,69,1,1,0,1e-05,0.999999,logprobs,Novita
2465,63,71,1,1,1,0.999769,0.999989,logprobs,Novita
2466,63,73,1,1,0,,,text,Novita
2467,63,75,1,1,0,0,0.999999,logprobs,Novita
2468,63,77,1,1,1,0.999969,0.99998,logprobs,Novita
2469,63,79,1,1,1,0.999665,0.999991,logprobs,Novita
2470,63,81,1,1,1,0.999904,0.999998,logprobs,Novita
2471,63,83,1,1,0,1.1e-05,0.999998,logprobs,Novita
2472,63,85,1,1,0,0,0.999999,logprobs,Novita
2473,63,87,1,1,1,0.622501,0.999491,logprobs,Novita
2474,63,89,1,1,1,,,text,Novita
2475,63,91,1,1,1,0.99962,0.999965,logprobs,Novita
2476,63,93,1,1,1,0.999196,0.999985,logprobs,Novita
2477,63,95,1,1,1,0.99982,0.999974,logprobs,Novita
2478,63,97,1,1,1,0.999925,0.999986,logprobs,Novita
2479,63,99,1,1,1,0.999797,0.999978,logprobs,Novita
2480,63,101,1,1,1,0.998499,0.999984,logprobs,Novita
2481,63,103,1,1,1,0.999877,0.999995,logprobs,Novita
2482,63,105,1,1,1,0.999995,0.999999,logprobs,Novita
2483,63,107,1,1,1,0.999979,0.999995,logprobs,Novita
2484,63,109,1,1,0,,,text,Novita
2485,63,111,1,0,1,0.998299,0.999986,logprobs,Novita
2486,63,113,1,1,1,0.999969,0.999998,logprobs,Novita
2487,63,115,1,1,1,0.999842,0.999967,logprobs,Novita
2488,63,117,1,1,1,0.999987,0.999992,logprobs,Novita
2489,63,119,1,1,1,0.999955,0.999994,logprobs,Novita
2490,63,121,1,1,1,0.999983,0.999998,logprobs,Novita
2491,63,123,1,1,0,4e-06,0.999997,logprobs,Novita
2492,63,125,1,1,1,0.999447,0.999971,logprobs,Novita
2493,63,127,1,1,0,,,text,Novita
2494,63,129,1,1,0,5.8e-05,0.999993,logprobs,Novita
2495,63,131,1,1,1,0.997527,0.999988,logprobs,Novita
2496,63,133,1,1,1,0.999569,0.999988,logprobs,Novita
2497,63,135,1,1,0,3e-06,1,logprobs,Novita
2498,63,137,1,1,1,0.999925,0.99999,logprobs,Novita
2499,63,139,1,1,1,0.999981,0.999997,logprobs,Novita
2500,63,141,1,1,1,0.999998,0.999998,logprobs,Novita
2501,63,143,1,1,0,3e-06,0.999998,logprobs,Novita
2502,63,145,1,1,0,0,1,logprobs,Novita
2503,63,147,1,1,1,0.999994,0.999998,logprobs,Novita
2504,63,149,1,1,1,0.999972,0.999993,logprobs,Novita
2505,63,151,1,1,1,0.999979,0.999996,logprobs,Novita
2506,63,153,1,1,0,1e-06,0.999998,logprobs,Novita
2507,63,155,1,1,0,1e-06,0.999999,logprobs,Novita
2508,63,157,1,1,0,6.6e-05,0.999996,logprobs,Novita
2509,63,159,1,1,0,2.1e-05,0.999995,logprobs,Novita
2510,63,161,1,1,0,1.7e-05,0.999995,logprobs,Novita
2511,63,163,1,1,0,0,1,logprobs,Novita
2512,63,165,1,1,0,4.5e-05,0.999995,logprobs,Novita
2513,63,167,1,1,0,,,text,Novita
2514,63,169,1,1,1,0.999965,0.999997,logprobs,Novita
2515,63,171,1,1,0,1e-05,0.999996,logprobs,Novita
2516,63,173,1,1,0,3e-06,1,logprobs,Novita
2517,63,175,1,1,0,5e-06,0.999998,logprobs,Novita
2518,63,177,1,1,0,2e-06,0.999998,logprobs,Novita
2519,63,179,1,1,0,5e-06,0.999998,logprobs,Novita
2520,61,-179,0,0,0,,,text,Novita
2521,61,-177,0,0,0,2e-06,0.999999,logprobs,Novita
2522,61,-175,0,0,0,7e-06,0.999999,logprobs,Novita
2523,61,-173,0,0,0,,,text,Novita
2524,61,-171,0,0,0,9e-06,0.999999,logprobs,Novita
2525,61,-169,0,0,0,4e-05,0.999997,logprobs,Novita
2526,61,-167,0,0,0,,,text,Novita
2527,61,-165,1,1,0,1e-06,1,logprobs,Novita
2528,61,-163,1,1,0,1e-06,0.999999,logprobs,Novita
2529,61,-161,1,1,0,1e-06,0.999999,logprobs,Novita
2530,61,-159,1,1,0,3e-06,0.999998,logprobs,Novita
2531,61,-157,1,1,0,8.5e-05,0.999996,logprobs,Novita
2532,61,-155,1,1,0,1.1e-05,0.999996,logprobs,Novita
2533,61,-153,1,1,0,0,0.999999,logprobs,Novita
2534,61,-151,0,0,0,1e-05,0.999995,logprobs,Novita
2535,61,-149,1,1,0,,,text,Novita
2536,61,-147,0,0,0,,,text,Novita
2537,61,-145,1,1,0,4e-06,0.999998,logprobs,Novita
2538,61,-143,1,1,1,0.999955,0.999995,logprobs,Novita
2539,61,-141,1,1,0,,,text,Novita
2540,61,-139,1,1,0,4e-06,0.999999,logprobs,Novita
2541,61,-137,1,1,0,,,text,Novita
2542,61,-135,1,1,1,0.998831,0.999971,logprobs,Novita
2543,61,-133,1,1,0,1.5e-05,0.999997,logprobs,Novita
2544,61,-131,1,1,0,5e-06,0.999999,logprobs,Novita
2545,61,-129,1,1,0,2e-06,0.999999,logprobs,Novita
2546,61,-127,1,1,0,,,text,Novita
2547,61,-125,1,1,0,5.8e-05,0.999997,logprobs,Novita
2548,61,-123,1,1,0,1e-06,0.999999,logprobs,Novita
2549,61,-121,1,1,1,0.999942,0.999997,logprobs,Novita
2550,61,-119,1,1,1,0.999972,0.999987,logprobs,Novita
2551,61,-117,1,1,0,5e-06,0.999998,logprobs,Novita
2552,61,-115,1,0,0,,,text,Novita
2553,61,-113,1,1,1,,,text,Novita
2554,61,-111,1,1,1,0.999972,0.999998,logprobs,Novita
2555,61,-109,1,1,1,0.999374,0.999985,logprobs,Novita
2556,61,-107,1,1,1,0.999999,0.999999,logprobs,Novita
2557,61,-105,1,1,1,0.999985,0.999997,logprobs,Novita
2558,61,-103,1,1,1,,,text,Novita
2559,61,-101,1,1,1,,,text,Novita
2560,61,-99,1,1,1,0.999704,0.999992,logprobs,Novita
2561,61,-97,1,1,1,0.999996,0.999997,logprobs,Novita
2562,61,-95,1,1,1,0.999985,0.999995,logprobs,Novita
2563,61,-93,0,0,1,0.999989,0.999998,logprobs,Novita
2564,61,-91,0,0,1,0.999985,0.999996,logprobs,Novita
2565,61,-89,0,0,1,,,text,Novita
2566,61,-87,0,0,1,0.998073,0.999987,logprobs,Novita
2567,61,-85,0,0,1,0.999665,0.999987,logprobs,Novita
2568,61,-83,0,0,0,3.5e-05,0.999997,logprobs,Novita
2569,61,-81,0,0,0,5e-06,0.999991,logprobs,Novita
2570,61,-79,0,0,0,2e-06,0.999999,logprobs,Novita
2571,61,-77,1,1,0,2.1e-05,0.999997,logprobs,Novita
2572,61,-75,1,1,0,1e-06,0.999998,logprobs,Novita
2573,61,-73,1,1,0,1e-06,0.999999,logprobs,Novita
2574,61,-71,1,1,0,3e-06,0.999999,logprobs,Novita
2575,61,-69,0,0,0,1e-06,0.999998,logprobs,Novita
2576,61,-67,0,0,0,7e-06,0.999999,logprobs,Novita
2577,61,-65,0,0,0,,,text,Novita
2578,61,-63,0,0,0,1e-06,0.999999,logprobs,Novita
2579,61,-61,0,0,0,4e-06,0.999997,logprobs,Novita
2580,61,-59,0,0,0,0,0.999999,logprobs,Novita
2581,61,-57,0,0,0,4e-06,0.999997,logprobs,Novita
2582,61,-55,0,0,0,1e-06,0.999999,logprobs,Novita
2583,61,-53,0,0,0,,,text,Novita
2584,61,-51,0,0,0,,,text,Novita
2585,61,-49,0,0,0,1.3e-05,0.999999,logprobs,Novita
2586,61,-47,1,1,0,,,text,Novita
2587,61,-45,1,1,0,2e-06,0.999996,logprobs,Novita
2588,61,-43,1,1,1,0.999942,0.999987,logprobs,Novita
2589,61,-41,0,0,0,0,0.999999,logprobs,Novita
2590,61,-39,0,0,0,0,0.999999,logprobs,Novita
2591,61,-37,0,0,0,,,text,Novita
2592,61,-35,0,0,0,4e-06,0.999997,logprobs,Novita
2593,61,-33,0,0,0,3e-06,0.999997,logprobs,Novita
2594,61,-31,0,0,0,,,text,Novita
2595,61,-29,0,0,0,3e-06,0.999994,logprobs,Novita
2596,61,-27,0,0,0,4e-06,0.999998,logprobs,Novita
2597,61,-25,0,0,0,2e-06,0.999998,logprobs,Novita
2598,61,-23,0,0,0,3e-06,0.999996,logprobs,Novita
2599,61,-21,0,0,0,4e-06,0.999998,logprobs,Novita
2600,61,-19,0,0,0,9e-06,0.999999,logprobs,Novita
2601,61,-17,0,0,0,4e-06,0.999997,logprobs,Novita
2602,61,-15,0,0,0,1e-06,0.999999,logprobs,Novita
2603,61,-13,0,0,0,1.1e-05,0.999998,logprobs,Novita
2604,61,-11,0,0,0,3e-06,0.999999,logprobs,Novita
2605,61,-9,0,0,0,2e-06,0.999999,logprobs,Novita
2606,61,-7,0,0,0,,,text,Novita
2607,61,-5,0,0,0,,,text,Novita
2608,61,-3,0,0,0,9e-06,0.999997,logprobs,Novita
2609,61,-1,0,0,0,,,text,Novita
2610,61,1,0,0,1,0.99982,0.999991,logprobs,Novita
2611,61,3,0,0,1,0.998968,0.999973,logprobs,Novita
2612,61,5,1,1,1,0.997817,0.999956,logprobs,Novita
2613,61,7,1,1,0,0,0.999999,logprobs,Novita
2614,61,9,1,1,0,4e-06,0.999999,logprobs,Novita
2615,61,11,1,1,0,2e-06,0.999999,logprobs,Novita
2616,61,13,1,1,0,,,text,Novita
2617,61,15,1,1,0,7.5e-05,0.999994,logprobs,Novita
2618,61,17,1,1,1,0.999904,0.999998,logprobs,Novita
2619,61,19,0,0,0,0,0.999999,logprobs,Novita
2620,61,21,0,0,1,0.99962,0.999926,logprobs,Novita
2621,61,23,1,1,1,0.999842,0.999987,logprobs,Novita
2622,61,25,1,1,0,1e-06,0.999998,logprobs,Novita
2623,61,27,1,1,1,,,text,Novita
2624,61,29,1,1,1,0.99929,0.999966,logprobs,Novita
2625,61,31,1,0,0,1e-06,1,logprobs,Novita
2626,61,33,1,1,1,0.999797,0.999994,logprobs,Novita
2627,61,35,1,1,1,0.999942,0.999988,logprobs,Novita
2628,61,37,1,1,1,,,text,Novita
2629,61,39,1,1,1,0.999985,0.999987,logprobs,Novita
2630,61,41,1,1,1,,,text,Novita
2631,61,43,1,1,1,,,text,Novita
2632,61,45,1,1,1,0.999985,0.999994,logprobs,Novita
2633,61,47,1,1,1,0.999972,0.999995,logprobs,Novita
2634,61,49,1,1,1,0.99982,0.999988,logprobs,Novita
2635,61,51,1,1,1,0.999969,0.999995,logprobs,Novita
2636,61,53,1,1,1,0.999904,0.999936,logprobs,Novita
2637,61,55,1,1,1,,,text,Novita
2638,61,57,1,1,1,0.999934,0.999997,logprobs,Novita
2639,61,59,1,1,1,0.999942,0.999994,logprobs,Novita
2640,61,61,1,1,1,0.998675,0.999985,logprobs,Novita
2641,61,63,1,1,0,5e-06,0.999998,logprobs,Novita
2642,61,65,1,1,1,0.999942,0.999994,logprobs,Novita
2643,61,67,1,1,1,0.99962,0.999991,logprobs,Novita
2644,61,69,1,1,1,0.999196,0.999974,logprobs,Novita
2645,61,71,1,1,0,1e-05,0.999998,logprobs,Novita
2646,61,73,1,1,0,2e-06,0.999999,logprobs,Novita
2647,61,75,1,1,0,,,text,Novita
2648,61,77,1,1,0,,,text,Novita
2649,61,79,1,1,1,,,text,Novita
2650,61,81,1,1,1,0.998968,0.99997,logprobs,Novita
2651,61,83,1,1,1,0.999704,0.999989,logprobs,Novita
2652,61,85,1,1,1,0.999979,0.99999,logprobs,Novita
2653,61,87,1,1,1,,,text,Novita
2654,61,89,1,1,0,1e-06,0.999999,logprobs,Novita
2655,61,91,1,1,1,0.999942,0.999989,logprobs,Novita
2656,61,93,1,1,1,0.99986,0.999995,logprobs,Novita
2657,61,95,1,1,1,0.999998,0.999998,logprobs,Novita
2658,61,97,1,1,1,0.99999,0.999999,logprobs,Novita
2659,61,99,1,1,1,0.999569,0.999968,logprobs,Novita
2660,61,101,1,1,1,0.999665,0.99996,logprobs,Novita
2661,61,103,1,1,1,,,text,Novita
2662,61,105,1,1,1,0.999797,0.999988,logprobs,Novita
2663,61,107,1,1,1,0.999797,0.999968,logprobs,Novita
2664,61,109,1,1,1,0.999665,0.999992,logprobs,Novita
2665,61,111,1,1,1,0.999877,0.99999,logprobs,Novita
2666,61,113,1,1,1,0.999904,0.999978,logprobs,Novita
2667,61,115,1,1,1,,,text,Novita
2668,61,117,1,1,1,0.999769,0.999986,logprobs,Novita
2669,61,119,1,1,1,0.999769,0.999989,logprobs,Novita
2670,61,121,1,1,1,,,text,Novita
2671,61,123,1,1,1,0.998499,0.999977,logprobs,Novita
2672,61,125,1,1,1,0.99929,0.99998,logprobs,Novita
2673,61,127,1,1,1,0.999891,0.999996,logprobs,Novita
2674,61,129,1,1,0,,,text,Novita
2675,61,131,1,1,1,0.99478,0.999984,logprobs,Novita
2676,61,133,1,1,1,0.99999,0.999996,logprobs,Novita
2677,61,135,1,1,0,1e-06,0.999998,logprobs,Novita
2678,61,137,1,1,0,,,text,Novita
2679,61,139,1,1,1,,,text,Novita
2680,61,141,1,1,0,1e-06,0.999999,logprobs,Novita
2681,61,143,1,1,0,4e-06,0.999997,logprobs,Novita
2682,61,145,1,1,0,3e-06,0.999998,logprobs,Novita
2683,61,147,1,1,0,0,1,logprobs,Novita
2684,61,149,1,1,1,0.99962,0.999978,logprobs,Novita
2685,61,151,1,1,0,6e-06,0.999992,logprobs,Novita
2686,61,153,1,1,0,3.1e-05,0.999995,logprobs,Novita
2687,61,155,1,1,1,0.999374,0.999977,logprobs,Novita
2688,61,157,0,0,0,,,text,Novita
2689,61,159,0,0,0,1e-06,0.999992,logprobs,Novita
2690,61,161,1,1,0,3e-06,0.999998,logprobs,Novita
2691,61,163,0,0,0,1.7e-05,0.999998,logprobs,Novita
2692,61,165,1,1,0,0,0.999998,logprobs,Novita
2693,61,167,1,1,0,0.000109,0.999995,logprobs,Novita
2694,61,169,1,1,0,,,text,Novita
2695,61,171,1,1,0,1.5e-05,0.999996,logprobs,Novita
2696,61,173,0,0,0,,,text,Novita
2697,61,175,0,0,0,,,text,Novita
2698,61,177,0,0,0,2e-06,0.999998,logprobs,Novita
2699,61,179,0,0,0,,,text,Novita
2700,59,-179,0,0,0,,,text,Novita
2701,59,-177,0,0,0,1e-06,0.999999,logprobs,Novita
2702,59,-175,0,0,0,3e-06,0.999999,logprobs,Novita
2703,59,-173,0,0,0,6e-06,0.999992,logprobs,Novita
2704,59,-171,0,0,0,9e-06,0.999999,logprobs,Novita
2705,59,-169,0,0,0,2.1e-05,0.999995,logprobs,Novita
2706,59,-167,0,0,0,1e-05,0.999998,logprobs,Novita
2707,59,-165,0,0,0,8e-06,0.999996,logprobs,Novita
2708,59,-163,0,0,0,4e-05,0.999994,logprobs,Novita
2709,59,-161,1,1,0,1.9e-05,0.999992,logprobs,Novita
2710,59,-159,1,1,0,1e-06,0.999999,logprobs,Novita
2711,59,-157,1,1,0,1e-06,1,logprobs,Novita
2712,59,-155,1,1,0,0.000158,0.999989,logprobs,Novita
2713,59,-153,0,0,0,6e-06,1,logprobs,Novita
2714,59,-151,0,0,0,1.5e-05,0.999998,logprobs,Novita
2715,59,-149,0,0,1,0.999998,0.999998,logprobs,Novita
2716,59,-147,0,0,0,8e-06,0.999999,logprobs,Novita
2717,59,-145,0,0,0,1.1e-05,0.999998,logprobs,Novita
2718,59,-143,0,0,0,,,text,Novita
2719,59,-141,0,0,0,1e-06,0.999999,logprobs,Novita
2720,59,-139,0,0,0,1e-06,1,logprobs,Novita
2721,59,-137,0,0,0,4.5e-05,0.999996,logprobs,Novita
2722,59,-135,1,1,0,,,text,Novita
2723,59,-133,1,1,0,0,0.999999,logprobs,Novita
2724,59,-131,1,1,0,0,1,logprobs,Novita
2725,59,-129,1,1,0,1e-05,0.999995,logprobs,Novita
2726,59,-127,1,1,0,,,text,Novita
2727,59,-125,1,1,0,4e-06,0.999999,logprobs,Novita
2728,59,-123,1,1,0,6.6e-05,0.999981,logprobs,Novita
2729,59,-121,1,1,1,0.998499,0.999972,logprobs,Novita
2730,59,-119,1,1,0,8e-06,0.999998,logprobs,Novita
2731,59,-117,1,1,1,0.999374,0.99995,logprobs,Novita
2732,59,-115,1,1,1,,,text,Novita
2733,59,-113,1,1,0,2e-06,0.999999,logprobs,Novita
2734,59,-111,1,1,1,0.999925,0.999976,logprobs,Novita
2735,59,-109,1,1,1,0.999739,0.999957,logprobs,Novita
2736,59,-107,1,1,1,0.999985,0.999998,logprobs,Novita
2737,59,-105,1,1,0,3.5e-05,0.999995,logprobs,Novita
2738,59,-103,1,1,1,,,text,Novita
2739,59,-101,1,1,1,0.999989,0.99999,logprobs,Novita
2740,59,-99,1,1,1,0.999512,0.999956,logprobs,Novita
2741,59,-97,1,1,1,,,text,Novita
2742,59,-95,1,1,1,0.999992,0.999999,logprobs,Novita
2743,59,-93,0,0,1,0.999196,0.999985,logprobs,Novita
2744,59,-91,0,0,0,2.1e-05,0.999997,logprobs,Novita
2745,59,-89,0,0,0,1.7e-05,0.999995,logprobs,Novita
2746,59,-87,0,0,0,1e-06,0.999997,logprobs,Novita
2747,59,-85,0,0,0,9e-06,0.999997,logprobs,Novita
2748,59,-83,0,0,0,3e-06,0.999999,logprobs,Novita
2749,59,-81,0,0,0,0,0.999999,logprobs,Novita
2750,59,-79,0,0,0,1e-06,0.999993,logprobs,Novita
2751,59,-77,1,1,0,2.1e-05,0.999997,logprobs,Novita
2752,59,-75,1,1,0,,,text,Novita
2753,59,-73,1,1,0,1e-06,0.999999,logprobs,Novita
2754,59,-71,1,1,0,2e-06,0.999996,logprobs,Novita
2755,59,-69,1,1,0,3e-06,0.999999,logprobs,Novita
2756,59,-67,0,0,0,6e-06,0.999998,logprobs,Novita
2757,59,-65,1,1,0,1e-06,0.999998,logprobs,Novita
2758,59,-63,0,0,0,,,text,Novita
2759,59,-61,0,0,0,1e-06,0.999999,logprobs,Novita
2760,59,-59,0,0,0,1.7e-05,0.999993,logprobs,Novita
2761,59,-57,0,0,0,,,text,Novita
2762,59,-55,0,0,0,3e-06,0.999997,logprobs,Novita
2763,59,-53,0,0,0,2e-06,0.999999,logprobs,Novita
2764,59,-51,0,0,0,5e-06,0.999998,logprobs,Novita
2765,59,-49,0,0,0,5e-06,0.999997,logprobs,Novita
2766,59,-47,0,0,0,3.5e-05,0.999992,logprobs,Novita
2767,59,-45,0,0,0,1.3e-05,0.999996,logprobs,Novita
2768,59,-43,0,0,0,1e-06,0.999999,logprobs,Novita
2769,59,-41,0,0,0,,,text,Novita
2770,59,-39,0,0,0,1e-06,0.999999,logprobs,Novita
2771,59,-37,0,0,0,5.8e-05,0.999997,logprobs,Novita
2772,59,-35,0,0,0,2e-06,0.999998,logprobs,Novita
2773,59,-33,0,0,0,8e-06,0.999985,logprobs,Novita
2774,59,-31,0,0,0,8e-06,0.999997,logprobs,Novita
2775,59,-29,0,0,0,4.5e-05,0.999992,logprobs,Novita
2776,59,-27,0,0,0,3e-06,0.999998,logprobs,Novita
2777,59,-25,0,0,0,2e-06,0.999995,logprobs,Novita
2778,59,-23,0,0,0,4.5e-05,0.999993,logprobs,Novita
2779,59,-21,0,0,0,1e-06,0.999992,logprobs,Novita
2780,59,-19,0,0,0,2.1e-05,0.999998,logprobs,Novita
2781,59,-17,0,0,0,4e-06,0.999999,logprobs,Novita
2782,59,-15,0,0,0,1.9e-05,0.999995,logprobs,Novita
2783,59,-13,0,0,0,1.3e-05,0.999996,logprobs,Novita
2784,59,-11,0,0,0,3.5e-05,0.999995,logprobs,Novita
2785,59,-9,0,0,0,7.5e-05,0.999993,logprobs,Novita
2786,59,-7,0,0,1,0.999374,0.999988,logprobs,Novita
2787,59,-5,0,0,1,0.999769,0.999993,logprobs,Novita
2788,59,-3,0,0,1,0.999739,0.999992,logprobs,Novita
2789,59,-1,0,0,1,0.999942,0.999997,logprobs,Novita
2790,59,1,0,0,0,2.4e-05,0.999996,logprobs,Novita
2791,59,3,0,0,1,0.999999,0.999998,logprobs,Novita
2792,59,5,0,0,0,9.6e-05,0.999979,logprobs,Novita
2793,59,7,1,1,1,0.999447,0.999963,logprobs,Novita
2794,59,9,1,1,0,8e-06,0.999997,logprobs,Novita
2795,59,11,0,0,1,,,text,Novita
2796,59,13,1,0,1,0.999987,0.999993,logprobs,Novita
2797,59,15,1,1,1,0.999998,0.999997,logprobs,Novita
2798,59,17,1,1,1,,,text,Novita
2799,59,19,0,0,0,4e-06,0.999997,logprobs,Novita
2800,59,21,0,0,1,0.99986,0.999973,logprobs,Novita
2801,59,23,0,0,0,,,text,Novita
2802,59,25,1,1,0,1e-06,0.999999,logprobs,Novita
2803,59,27,1,1,0,7.5e-05,0.999993,logprobs,Novita
2804,59,29,1,1,1,0.999769,0.999977,logprobs,Novita
2805,59,31,1,1,0,2e-06,0.999999,logprobs,Novita
2806,59,33,1,1,1,0.999993,0.999999,logprobs,Novita
2807,59,35,1,1,1,,,text,Novita
2808,59,37,1,1,1,,,text,Novita
2809,59,39,1,1,1,0.99982,0.999994,logprobs,Novita
2810,59,41,1,1,1,,,text,Novita
2811,59,43,1,1,1,0.99957,0.999991,logprobs,Novita
2812,59,45,1,1,1,0.99996,0.999996,logprobs,Novita
2813,59,47,1,1,1,0.999942,0.999997,logprobs,Novita
2814,59,49,1,1,1,0.999949,0.999987,logprobs,Novita
2815,59,51,1,1,1,0.999969,0.999993,logprobs,Novita
2816,59,53,1,1,1,0.999374,0.999988,logprobs,Novita
2817,59,55,1,1,1,0.99977,0.999995,logprobs,Novita
2818,59,57,1,1,1,0.999447,0.999972,logprobs,Novita
2819,59,59,1,1,1,,,text,Novita
2820,59,61,1,1,0,3.5e-05,0.999995,logprobs,Novita
2821,59,63,1,1,0,,,text,Novita
2822,59,65,1,1,0,,,text,Novita
2823,59,67,1,1,1,0.999447,0.999971,logprobs,Novita
2824,59,69,1,1,0,4.5e-05,0.999992,logprobs,Novita
2825,59,71,1,1,1,0.999739,0.999994,logprobs,Novita
2826,59,73,1,1,0,8e-06,0.999997,logprobs,Novita
2827,59,75,1,1,0,3e-06,0.999999,logprobs,Novita
2828,59,77,1,1,0,,,text,Novita
2829,59,79,1,1,0,5e-06,0.999999,logprobs,Novita
2830,59,81,1,1,0,,,text,Novita
2831,59,83,1,1,1,0.999842,0.999997,logprobs,Novita
2832,59,85,1,1,1,,,text,Novita
2833,59,87,1,1,1,0.999891,0.999997,logprobs,Novita
2834,59,89,1,1,1,0.999991,0.999999,logprobs,Novita
2835,59,91,1,1,0,1e-06,0.999999,logprobs,Novita
2836,59,93,1,1,1,0.999949,0.999981,logprobs,Novita
2837,59,95,1,1,1,0.998675,0.999985,logprobs,Novita
2838,59,97,1,1,1,0.999979,0.999997,logprobs,Novita
2839,59,99,1,1,1,0.999981,0.999999,logprobs,Novita
2840,59,101,1,1,1,0.999985,0.999998,logprobs,Novita
2841,59,103,1,1,1,,,text,Novita
2842,59,105,1,1,1,0.99982,0.999991,logprobs,Novita
2843,59,107,1,1,1,0.999665,0.999993,logprobs,Novita
2844,59,109,1,1,1,0.999704,0.999982,logprobs,Novita
2845,59,111,1,1,1,0.99962,0.999973,logprobs,Novita
2846,59,113,1,1,1,,,text,Novita
2847,59,115,1,1,1,0.99999,0.999999,logprobs,Novita
2848,59,117,1,1,1,0.999972,0.999993,logprobs,Novita
2849,59,119,1,1,1,0.999877,0.999975,logprobs,Novita
2850,59,121,1,1,1,0.998299,0.999972,logprobs,Novita
2851,59,123,1,1,1,,,text,Novita
2852,59,125,1,1,1,,,text,Novita
2853,59,127,1,1,1,0.999949,0.999994,logprobs,Novita
2854,59,129,1,1,0,,,text,Novita
2855,59,131,1,1,1,0.99982,0.999983,logprobs,Novita
2856,59,133,1,1,1,0.999969,0.999998,logprobs,Novita
2857,59,135,1,1,1,,,text,Novita
2858,59,137,1,1,1,0.998831,0.999955,logprobs,Novita
2859,59,139,1,1,0,4e-06,0.999998,logprobs,Novita
2860,59,141,1,1,0,1.1e-05,0.999999,logprobs,Novita
2861,59,143,0,0,0,1.5e-05,0.999999,logprobs,Novita
2862,59,145,0,0,0,,,text,Novita
2863,59,147,0,0,0,0,1,logprobs,Novita
2864,59,149,0,0,0,,,text,Novita
2865,59,151,0,0,1,0.999842,0.99998,logprobs,Novita
2866,59,153,0,0,1,0.999972,0.999998,logprobs,Novita
2867,59,155,0,0,0,3e-06,0.999998,logprobs,Novita
2868,59,157,0,0,0,4.5e-05,0.999995,logprobs,Novita
2869,59,159,0,0,0,6e-06,0.999999,logprobs,Novita
2870,59,161,1,1,1,0.999995,0.999998,logprobs,Novita
2871,59,163,1,1,0,6e-06,0.999996,logprobs,Novita
2872,59,165,0,0,0,1e-06,0.999998,logprobs,Novita
2873,59,167,0,0,0,1.3e-05,0.999996,logprobs,Novita
2874,59,169,0,0,0,1.9e-05,0.999995,logprobs,Novita
2875,59,171,0,0,0,9e-06,0.999998,logprobs,Novita
2876,59,173,0,0,0,4e-06,0.999999,logprobs,Novita
2877,59,175,0,0,0,2e-06,0.999998,logprobs,Novita
2878,59,177,0,0,0,5e-06,0.999996,logprobs,Novita
2879,59,179,0,0,0,5e-06,0.999993,logprobs,Novita
2880,57,-179,0,0,0,0,0.999999,logprobs,Novita
2881,57,-177,0,0,0,0,1,logprobs,Novita
2882,57,-175,0,0,0,0,1,logprobs,Novita
2883,57,-173,0,0,0,2e-06,0.999999,logprobs,Novita
2884,57,-171,0,0,0,2e-06,1,logprobs,Novita
2885,57,-169,0,0,0,0,1,logprobs,Novita
2886,57,-167,0,0,1,0.999965,0.999996,logprobs,Novita
2887,57,-165,0,0,0,0,0.999999,logprobs,Novita
2888,57,-163,0,0,0,1e-06,0.999999,logprobs,Novita
2889,57,-161,0,0,0,,,text,Novita
2890,57,-159,0,0,0,0,1,logprobs,Novita
2891,57,-157,1,1,0,4e-05,0.999995,logprobs,Novita
2892,57,-155,0,0,0,0,0.999999,logprobs,Novita
2893,57,-153,0,0,0,1e-06,0.999999,logprobs,Novita
2894,57,-151,0,0,0,1e-06,1,logprobs,Novita
2895,57,-149,0,0,0,5.1e-05,0.999998,logprobs,Novita
2896,57,-147,0,0,0,1.5e-05,0.999998,logprobs,Novita
2897,57,-145,0,0,1,0.999934,0.999992,logprobs,Novita
2898,57,-143,0,0,0,1e-06,0.999999,logprobs,Novita
2899,57,-141,0,0,0,5e-06,0.999999,logprobs,Novita
2900,57,-139,0,0,0,1e-06,0.999999,logprobs,Novita
2901,57,-137,0,0,0,1.5e-05,0.999997,logprobs,Novita
2902,57,-135,1,1,0,1e-06,0.999999,logprobs,Novita
2903,57,-133,0,0,0,5e-06,0.999999,logprobs,Novita
2904,57,-131,1,1,0,0,1,logprobs,Novita
2905,57,-129,1,1,0,,,text,Novita
2906,57,-127,1,1,0,,,text,Novita
2907,57,-125,1,1,0,2e-06,0.999998,logprobs,Novita
2908,57,-123,1,1,0,4e-05,0.999988,logprobs,Novita
2909,57,-121,1,1,1,0.999994,0.999998,logprobs,Novita
2910,57,-119,1,1,1,0.999196,0.99999,logprobs,Novita
2911,57,-117,1,1,1,0.999993,0.999995,logprobs,Novita
2912,57,-115,1,1,1,,,text,Novita
2913,57,-113,1,1,1,0.999949,0.999985,logprobs,Novita
2914,57,-111,1,1,1,,,text,Novita
2915,57,-109,1,1,1,0.999981,0.999996,logprobs,Novita
2916,57,-107,1,1,1,0.999979,0.999998,logprobs,Novita
2917,57,-105,1,1,1,0.999997,0.999999,logprobs,Novita
2918,57,-103,1,1,1,,,text,Novita
2919,57,-101,1,1,1,,,text,Novita
2920,57,-99,1,1,0,2.1e-05,0.999993,logprobs,Novita
2921,57,-97,1,1,1,0.999998,0.999998,logprobs,Novita
2922,57,-95,1,1,1,0.999991,0.999997,logprobs,Novita
2923,57,-93,1,1,1,0.999995,0.999999,logprobs,Novita
2924,57,-91,1,1,0,,,text,Novita
2925,57,-89,0,0,0,5e-06,0.999998,logprobs,Novita
2926,57,-87,0,0,0,5e-06,0.999997,logprobs,Novita
2927,57,-85,0,0,1,0.999665,0.999989,logprobs,Novita
2928,57,-83,0,0,1,0.999904,0.999998,logprobs,Novita
2929,57,-81,0,0,0,,,text,Novita
2930,57,-79,0,0,0,6.6e-05,0.999997,logprobs,Novita
2931,57,-77,0,0,0,1e-06,0.999998,logprobs,Novita
2932,57,-75,1,1,0,7e-06,0.999998,logprobs,Novita
2933,57,-73,1,1,0,4e-06,0.999998,logprobs,Novita
2934,57,-71,1,1,0,1e-06,0.999997,logprobs,Novita
2935,57,-69,1,1,0,6e-06,0.999999,logprobs,Novita
2936,57,-67,1,1,1,0.99478,0.999982,logprobs,Novita
2937,57,-65,1,1,0,0,1,logprobs,Novita
2938,57,-63,1,1,0,5e-06,0.999998,logprobs,Novita
2939,57,-61,0,0,0,1e-06,0.999999,logprobs,Novita
2940,57,-59,0,0,0,1.9e-05,0.999996,logprobs,Novita
2941,57,-57,0,0,0,7e-06,0.999998,logprobs,Novita
2942,57,-55,0,0,0,1e-06,0.999998,logprobs,Novita
2943,57,-53,0,0,0,,,text,Novita
2944,57,-51,0,0,0,1e-06,0.999999,logprobs,Novita
2945,57,-49,0,0,0,9e-06,0.999997,logprobs,Novita
2946,57,-47,0,0,0,1.9e-05,0.999997,logprobs,Novita
2947,57,-45,0,0,0,,,text,Novita
2948,57,-43,0,0,0,2e-06,0.999998,logprobs,Novita
2949,57,-41,0,0,0,5e-06,0.999998,logprobs,Novita
2950,57,-39,0,0,0,,,text,Novita
2951,57,-37,0,0,0,,,text,Novita
2952,57,-35,0,0,0,1e-06,0.999999,logprobs,Novita
2953,57,-33,0,0,0,1e-06,0.999999,logprobs,Novita
2954,57,-31,0,0,0,,,text,Novita
2955,57,-29,0,0,0,2.4e-05,0.999996,logprobs,Novita
2956,57,-27,0,0,0,2e-06,0.999998,logprobs,Novita
2957,57,-25,0,0,0,6e-06,0.999996,logprobs,Novita
2958,57,-23,0,0,0,1e-05,0.999994,logprobs,Novita
2959,57,-21,0,0,0,2.1e-05,0.999993,logprobs,Novita
2960,57,-19,0,0,0,1e-06,1,logprobs,Novita
2961,57,-17,0,0,0,8e-06,0.999998,logprobs,Novita
2962,57,-15,0,0,0,4e-05,0.999994,logprobs,Novita
2963,57,-13,0,0,0,8e-06,0.999993,logprobs,Novita
2964,57,-11,0,0,0,0.000109,0.999997,logprobs,Novita
2965,57,-9,0,0,0,5e-06,0.999999,logprobs,Novita
2966,57,-7,0,0,1,0.999739,0.999967,logprobs,Novita
2967,57,-5,1,1,0,3e-06,0.999999,logprobs,Novita
2968,57,-3,1,1,0,,,text,Novita
2969,57,-1,0,0,0,1e-06,1,logprobs,Novita
2970,57,1,0,0,0,0,1,logprobs,Novita
2971,57,3,0,0,1,0.999949,0.99998,logprobs,Novita
2972,57,5,0,0,0,4e-06,0.999999,logprobs,Novita
2973,57,7,0,0,1,0.999739,0.999984,logprobs,Novita
2974,57,9,1,1,0,4e-06,0.999998,logprobs,Novita
2975,57,11,0,0,0,,,text,Novita
2976,57,13,1,1,1,0.999981,0.999998,logprobs,Novita
2977,57,15,1,1,0,0,0.999999,logprobs,Novita
2978,57,17,0,0,1,,,text,Novita
2979,57,19,0,0,0,6e-06,0.999996,logprobs,Novita
2980,57,21,0,0,1,0.99957,0.999976,logprobs,Novita
2981,57,23,1,1,1,0.999904,0.999994,logprobs,Novita
2982,57,25,1,1,0,3e-06,0.999998,logprobs,Novita
2983,57,27,1,1,0,0.00023,0.999989,logprobs,Novita
2984,57,29,1,1,1,0.999374,0.999986,logprobs,Novita
2985,57,31,1,1,1,0.999797,0.999991,logprobs,Novita
2986,57,33,1,1,1,0.99996,0.999996,logprobs,Novita
2987,57,35,1,1,0,7e-06,0.999997,logprobs,Novita
2988,57,37,1,1,1,,,text,Novita
2989,57,39,1,1,1,0.999983,0.999989,logprobs,Novita
2990,57,41,1,1,1,0.999965,0.999999,logprobs,Novita
2991,57,43,1,1,1,0.999985,0.999999,logprobs,Novita
2992,57,45,1,1,1,0.999985,0.999996,logprobs,Novita
2993,57,47,1,1,1,0.999955,0.999999,logprobs,Novita
2994,57,49,1,1,1,,,text,Novita
2995,57,51,1,1,1,,,text,Novita
2996,57,53,1,1,1,0.999996,0.999999,logprobs,Novita
2997,57,55,1,1,1,0.99929,0.999969,logprobs,Novita
2998,57,57,1,1,1,0.999196,0.999993,logprobs,Novita
2999,57,59,1,1,1,0.999969,0.999994,logprobs,Novita
3000,57,61,1,1,0,3e-06,0.999998,logprobs,Novita
3001,57,63,1,1,0,5.1e-05,0.999994,logprobs,Novita
3002,57,65,1,1,1,0.999877,0.999996,logprobs,Novita
3003,57,67,1,1,0,7e-06,0.999997,logprobs,Novita
3004,57,69,1,1,1,0.99977,0.999989,logprobs,Novita
3005,57,71,1,1,0,1.1e-05,0.999998,logprobs,Novita
3006,57,73,1,1,1,0.998968,0.999991,logprobs,Novita
3007,57,75,1,1,1,0.999842,0.999994,logprobs,Novita
3008,57,77,1,1,1,0.999965,0.999998,logprobs,Novita
3009,57,79,1,1,1,0.999925,0.999997,logprobs,Novita
3010,57,81,1,1,1,0.999797,0.999955,logprobs,Novita
3011,57,83,1,1,1,0.999969,0.999998,logprobs,Novita
3012,57,85,1,1,1,0.999955,0.999994,logprobs,Novita
3013,57,87,1,1,1,0.999955,0.999998,logprobs,Novita
3014,57,89,1,1,1,,,text,Novita
3015,57,91,1,1,1,0.999991,0.999999,logprobs,Novita
3016,57,93,1,1,1,,,text,Novita
3017,57,95,1,1,1,,,text,Novita
3018,57,97,1,1,1,,,text,Novita
3019,57,99,1,1,1,0.999972,0.999998,logprobs,Novita
3020,57,101,1,1,1,0.99962,0.999982,logprobs,Novita
3021,57,103,1,1,1,0.999979,0.999996,logprobs,Novita
3022,57,105,1,1,1,0.999915,0.999995,logprobs,Novita
3023,57,107,1,1,1,0.999965,0.999994,logprobs,Novita
3024,57,109,1,1,1,0.998831,0.999978,logprobs,Novita
3025,57,111,1,1,1,0.999995,0.999998,logprobs,Novita
3026,57,113,1,1,1,0.999797,0.999986,logprobs,Novita
3027,57,115,1,1,1,0.999665,0.999984,logprobs,Novita
3028,57,117,1,1,1,0.999665,0.999987,logprobs,Novita
3029,57,119,1,1,0,1e-06,0.999999,logprobs,Novita
3030,57,121,1,1,1,0.99962,0.999987,logprobs,Novita
3031,57,123,1,1,0,7.5e-05,0.999995,logprobs,Novita
3032,57,125,1,1,1,,,text,Novita
3033,57,127,1,1,1,0.999904,0.999978,logprobs,Novita
3034,57,129,1,1,1,0.999969,0.999988,logprobs,Novita
3035,57,131,1,1,1,0.999877,0.999985,logprobs,Novita
3036,57,133,1,1,1,0.998968,0.999985,logprobs,Novita
3037,57,135,1,1,0,2e-06,0.999999,logprobs,Novita
3038,57,137,1,1,1,,,text,Novita
3039,57,139,0,0,1,0.99982,0.999987,logprobs,Novita
3040,57,141,0,0,1,,,text,Novita
3041,57,143,0,0,1,0.999983,0.999977,logprobs,Novita
3042,57,145,0,0,0,6.6e-05,0.999994,logprobs,Novita
3043,57,147,0,0,1,0.999987,0.999995,logprobs,Novita
3044,57,149,0,0,1,0.999374,0.999985,logprobs,Novita
3045,57,151,0,0,1,0.99986,0.999996,logprobs,Novita
3046,57,153,0,0,1,0.999934,0.999994,logprobs,Novita
3047,57,155,0,0,0,1e-06,0.999999,logprobs,Novita
3048,57,157,1,1,0,7e-06,0.999997,logprobs,Novita
3049,57,159,1,1,0,,,text,Novita
3050,57,161,1,1,0,4.5e-05,0.999993,logprobs,Novita
3051,57,163,0,0,0,0,0.999997,logprobs,Novita
3052,57,165,0,0,0,1.9e-05,0.999998,logprobs,Novita
3053,57,167,0,0,0,0.00018,0.999998,logprobs,Novita
3054,57,169,0,0,0,,,text,Novita
3055,57,171,0,0,0,1e-06,0.999999,logprobs,Novita
3056,57,173,0,0,0,0,1,logprobs,Novita
3057,57,175,0,0,0,,,text,Novita
3058,57,177,0,0,0,1.3e-05,0.999998,logprobs,Novita
3059,57,179,0,0,0,4e-06,0.999999,logprobs,Novita
3060,55,-179,0,0,0,3e-06,0.999998,logprobs,Novita
3061,55,-177,0,0,0,1e-06,1,logprobs,Novita
3062,55,-175,0,0,0,1.3e-05,0.999996,logprobs,Novita
3063,55,-173,0,0,0,5e-06,0.999997,logprobs,Novita
3064,55,-171,0,0,0,1e-06,0.999999,logprobs,Novita
3065,55,-169,0,0,0,1.5e-05,0.999991,logprobs,Novita
3066,55,-167,0,0,0,,,text,Novita
3067,55,-165,0,0,0,0,0.999999,logprobs,Novita
3068,55,-163,0,0,0,1.1e-05,0.999997,logprobs,Novita
3069,55,-161,0,0,0,0,1,logprobs,Novita
3070,55,-159,0,0,0,1e-06,0.999999,logprobs,Novita
3071,55,-157,0,0,1,0.99478,0.999982,logprobs,Novita
3072,55,-155,0,0,0,2.4e-05,0.999987,logprobs,Novita
3073,55,-153,0,0,0,2e-06,0.999998,logprobs,Novita
3074,55,-151,0,0,0,4.5e-05,0.999997,logprobs,Novita
3075,55,-149,0,0,0,0,0.999999,logprobs,Novita
3076,55,-147,0,0,0,6e-06,0.999996,logprobs,Novita
3077,55,-145,0,0,0,1e-06,0.999998,logprobs,Novita
3078,55,-143,0,0,0,1.5e-05,0.999999,logprobs,Novita
3079,55,-141,0,0,1,0.998499,0.999991,logprobs,Novita
3080,55,-139,0,0,0,6e-06,0.999998,logprobs,Novita
3081,55,-137,0,0,0,1e-06,0.999998,logprobs,Novita
3082,55,-135,0,0,0,5e-06,0.999997,logprobs,Novita
3083,55,-133,1,1,0,3.5e-05,0.999992,logprobs,Novita
3084,55,-131,1,1,0,1e-06,1,logprobs,Novita
3085,55,-129,1,1,1,0.999992,0.999994,logprobs,Novita
3086,55,-127,1,1,0,1.5e-05,0.999994,logprobs,Novita
3087,55,-125,1,1,0,,,text,Novita
3088,55,-123,1,1,0,4e-06,0.999997,logprobs,Novita
3089,55,-121,1,1,1,0.996407,0.999962,logprobs,Novita
3090,55,-119,1,1,0,,,text,Novita
3091,55,-117,1,1,0,1e-05,0.999996,logprobs,Novita
3092,55,-115,1,1,1,0.999196,0.999979,logprobs,Novita
3093,55,-113,1,1,1,0.999996,0.999996,logprobs,Novita
3094,55,-111,1,1,1,,,text,Novita
3095,55,-109,1,1,1,0.999969,0.999991,logprobs,Novita
3096,55,-107,1,1,1,0.999999,0.999993,logprobs,Novita
3097,55,-105,1,0,1,,,text,Novita
3098,55,-103,1,1,1,0.999512,0.999972,logprobs,Novita
3099,55,-101,1,1,1,0.999991,0.999994,logprobs,Novita
3100,55,-99,1,1,1,0.999904,0.999996,logprobs,Novita
3101,55,-97,1,1,1,0.999991,0.999982,logprobs,Novita
3102,55,-95,1,1,1,,,text,Novita
3103,55,-93,1,1,1,0.999704,0.999991,logprobs,Novita
3104,55,-91,1,1,1,0.997199,0.999934,logprobs,Novita
3105,55,-89,1,1,1,,,text,Novita
3106,55,-87,1,1,0,3.1e-05,0.999997,logprobs,Novita
3107,55,-85,1,1,1,0.999993,0.999997,logprobs,Novita
3108,55,-83,1,1,1,0.994089,0.99993,logprobs,Novita
3109,55,-81,0,0,0,6e-06,0.999997,logprobs,Novita
3110,55,-79,0,0,0,5e-06,0.999997,logprobs,Novita
3111,55,-77,1,1,0,,,text,Novita
3112,55,-75,1,1,0,,,text,Novita
3113,55,-73,1,0,0,,,text,Novita
3114,55,-71,1,1,1,0.99478,0.999954,logprobs,Novita
3115,55,-69,1,1,0,4e-06,0.999997,logprobs,Novita
3116,55,-67,1,1,0,1e-06,0.999999,logprobs,Novita
3117,55,-65,1,1,0,1.3e-05,0.999995,logprobs,Novita
3118,55,-63,1,1,0,0,0.999999,logprobs,Novita
3119,55,-61,1,1,0,2e-06,0.999998,logprobs,Novita
3120,55,-59,1,1,0,5e-06,0.999995,logprobs,Novita
3121,55,-57,0,0,0,1e-06,0.999998,logprobs,Novita
3122,55,-55,0,0,0,1.5e-05,0.999996,logprobs,Novita
3123,55,-53,0,0,0,,,text,Novita
3124,55,-51,0,0,0,1e-06,0.999999,logprobs,Novita
3125,55,-49,0,0,0,1e-06,0.999999,logprobs,Novita
3126,55,-47,0,0,0,3.5e-05,0.99999,logprobs,Novita
3127,55,-45,0,0,0,,,text,Novita
3128,55,-43,0,0,0,3e-06,0.999997,logprobs,Novita
3129,55,-41,0,0,0,,,text,Novita
3130,55,-39,0,0,0,5e-06,0.999994,logprobs,Novita
3131,55,-37,0,0,0,5e-06,0.999995,logprobs,Novita
3132,55,-35,0,0,0,,,text,Novita
3133,55,-33,0,0,0,1.9e-05,0.999992,logprobs,Novita
3134,55,-31,0,0,0,0.000203,0.999991,logprobs,Novita
3135,55,-29,0,0,0,,,text,Novita
3136,55,-27,0,0,0,3e-06,0.999996,logprobs,Novita
3137,55,-25,0,0,0,,,text,Novita
3138,55,-23,0,0,0,6e-06,0.999997,logprobs,Novita
3139,55,-21,0,0,0,6e-06,0.999993,logprobs,Novita
3140,55,-19,0,0,0,1e-05,0.999993,logprobs,Novita
3141,55,-17,0,0,0,2e-06,0.999998,logprobs,Novita
3142,55,-15,0,0,0,4e-06,0.999992,logprobs,Novita
3143,55,-13,0,0,0,8.5e-05,0.999996,logprobs,Novita
3144,55,-11,0,0,0,2.1e-05,0.999997,logprobs,Novita
3145,55,-9,0,0,1,0.99929,0.999977,logprobs,Novita
3146,55,-7,1,1,1,0.998831,0.999973,logprobs,Novita
3147,55,-5,1,1,0,4e-06,0.999998,logprobs,Novita
3148,55,-3,1,1,0,2.1e-05,0.999995,logprobs,Novita
3149,55,-1,0,0,1,0.999991,0.999996,logprobs,Novita
3150,55,1,0,0,1,0.999374,0.99997,logprobs,Novita
3151,55,3,0,0,0,,,text,Novita
3152,55,5,0,0,0,0,0.999997,logprobs,Novita
3153,55,7,0,0,0,,,text,Novita
3154,55,9,1,1,1,0.998968,0.999975,logprobs,Novita
3155,55,11,0,0,0,,,text,Novita
3156,55,13,0,0,0,,,text,Novita
3157,55,15,1,1,0,,,text,Novita
3158,55,17,0,0,0,0,1,logprobs,Novita
3159,55,19,0,0,0,0,0.999998,logprobs,Novita
3160,55,21,0,0,0,,,text,Novita
3161,55,23,1,1,0,3e-06,0.999996,logprobs,Novita
3162,55,25,1,1,0,0,0.999997,logprobs,Novita
3163,55,27,1,1,1,0.998968,0.999979,logprobs,Novita
3164,55,29,1,1,0,,,text,Novita
3165,55,31,1,1,0,,,text,Novita
3166,55,33,1,1,0,1.5e-05,0.999987,logprobs,Novita
3167,55,35,1,1,1,0.999989,0.999995,logprobs,Novita
3168,55,37,1,1,1,,,text,Novita
3169,55,39,1,1,1,0.999965,0.999973,logprobs,Novita
3170,55,41,1,1,1,0.999877,0.999987,logprobs,Novita
3171,55,43,1,1,1,0.999739,0.999987,logprobs,Novita
3172,55,45,1,1,1,0.999797,0.999995,logprobs,Novita
3173,55,47,1,1,1,0.999976,0.999988,logprobs,Novita
3174,55,49,1,0,1,0.999877,0.999987,logprobs,Novita
3175,55,51,1,1,1,0.999374,0.999988,logprobs,Novita
3176,55,53,1,1,1,0.999992,0.999997,logprobs,Novita
3177,55,55,1,1,0,1.9e-05,0.999994,logprobs,Novita
3178,55,57,1,1,1,0.99962,0.999991,logprobs,Novita
3179,55,59,1,1,1,,,text,Novita
3180,55,61,1,1,1,0.999877,0.999977,logprobs,Novita
3181,55,63,1,1,1,0.999739,0.999992,logprobs,Novita
3182,55,65,1,1,0,0,1,logprobs,Novita
3183,55,67,1,1,1,0.999569,0.999982,logprobs,Novita
3184,55,69,1,1,0,4e-06,0.999998,logprobs,Novita
3185,55,71,1,1,1,0.999739,0.999955,logprobs,Novita
3186,55,73,1,1,1,0.997817,0.999892,logprobs,Novita
3187,55,75,1,1,1,0.999997,0.999998,logprobs,Novita
3188,55,77,1,1,1,0.999987,0.999998,logprobs,Novita
3189,55,79,1,1,1,0.999972,0.999975,logprobs,Novita
3190,55,81,1,1,1,0.996828,0.999977,logprobs,Novita
3191,55,83,1,1,1,0.999891,0.999971,logprobs,Novita
3192,55,85,1,1,1,0.999972,0.999998,logprobs,Novita
3193,55,87,1,1,1,0.999983,0.999994,logprobs,Novita
3194,55,89,1,1,1,0.999976,0.999993,logprobs,Novita
3195,55,91,1,1,1,0.99986,0.999986,logprobs,Novita
3196,55,93,1,1,1,0.997528,0.999946,logprobs,Novita
3197,55,95,1,1,1,0.999569,0.999984,logprobs,Novita
3198,55,97,1,1,1,0.999996,0.999996,logprobs,Novita
3199,55,99,1,1,1,,,text,Novita
3200,55,101,1,1,1,0.999842,0.999917,logprobs,Novita
3201,55,103,1,1,1,,,text,Novita
3202,55,105,1,1,1,0.999965,0.999994,logprobs,Novita
3203,55,107,1,1,1,0.99977,0.999978,logprobs,Novita
3204,55,109,1,0,1,0.999374,0.999991,logprobs,Novita
3205,55,111,1,1,1,0.999979,0.999997,logprobs,Novita
3206,55,113,1,1,0,1e-06,0.999998,logprobs,Novita
3207,55,115,1,1,1,0.996407,0.999957,logprobs,Novita
3208,55,117,1,1,1,0.999955,0.999998,logprobs,Novita
3209,55,119,1,1,1,,,text,Novita
3210,55,121,1,1,0,,,text,Novita
3211,55,123,1,1,0,1e-06,0.999996,logprobs,Novita
3212,55,125,1,1,1,0.999983,0.999996,logprobs,Novita
3213,55,127,1,1,1,0.999942,0.999996,logprobs,Novita
3214,55,129,1,1,1,0.998968,0.999957,logprobs,Novita
3215,55,131,1,1,1,0.997199,0.999971,logprobs,Novita
3216,55,133,1,1,1,0.999877,0.999994,logprobs,Novita
3217,55,135,1,1,1,0.997199,0.999965,logprobs,Novita
3218,55,137,1,1,1,0.999994,0.999999,logprobs,Novita
3219,55,139,0,0,1,0.999842,0.999994,logprobs,Novita
3220,55,141,0,0,1,0.997199,0.999986,logprobs,Novita
3221,55,143,0,0,0,,,text,Novita
3222,55,145,0,0,0,,,text,Novita
3223,55,147,0,0,1,0.999797,0.999992,logprobs,Novita
3224,55,149,0,0,1,0.997199,0.999979,logprobs,Novita
3225,55,151,0,0,0,2e-06,0.999997,logprobs,Novita
3226,55,153,0,0,0,4e-06,0.999996,logprobs,Novita
3227,55,155,0,0,1,0.999374,0.999923,logprobs,Novita
3228,55,157,1,1,0,0,0.999999,logprobs,Novita
3229,55,159,1,1,1,0.999842,0.999994,logprobs,Novita
3230,55,161,1,1,0,4e-06,0.999992,logprobs,Novita
3231,55,163,0,0,0,2.8e-05,0.99999,logprobs,Novita
3232,55,165,0,0,0,2.8e-05,0.999995,logprobs,Novita
3233,55,167,0,0,0,8e-06,0.99999,logprobs,Novita
3234,55,169,0,0,0,,,text,Novita
3235,55,171,0,0,0,1e-06,0.999999,logprobs,Novita
3236,55,173,0,0,0,0,0.999999,logprobs,Novita
3237,55,175,0,0,0,1e-06,0.999999,logprobs,Novita
3238,55,177,0,0,0,2e-06,0.999998,logprobs,Novita
3239,55,179,0,0,0,1.1e-05,0.999992,logprobs,Novita
3240,53,-179,0,0,0,1e-06,0.999998,logprobs,Novita
3241,53,-177,0,0,0,,,text,Novita
3242,53,-175,0,0,0,1.3e-05,0.999997,logprobs,Novita
3243,53,-173,0,0,0,1.7e-05,0.999998,logprobs,Novita
3244,53,-171,0,0,0,,,text,Novita
3245,53,-169,0,0,0,2.1e-05,0.999995,logprobs,Novita
3246,53,-167,0,0,0,0,1,logprobs,Novita
3247,53,-165,0,0,0,0,1,logprobs,Novita
3248,53,-163,0,0,0,1.9e-05,0.999994,logprobs,Novita
3249,53,-161,0,0,0,0,0.999999,logprobs,Novita
3250,53,-159,0,0,0,,,text,Novita
3251,53,-157,0,0,0,0,0.999999,logprobs,Novita
3252,53,-155,0,0,0,4e-06,0.999998,logprobs,Novita
3253,53,-153,0,0,0,1e-06,0.999999,logprobs,Novita
3254,53,-151,0,0,0,1e-06,0.999999,logprobs,Novita
3255,53,-149,0,0,0,1e-06,1,logprobs,Novita
3256,53,-147,0,0,0,2e-06,0.999998,logprobs,Novita
3257,53,-145,0,0,0,,,text,Novita
3258,53,-143,0,0,0,3.1e-05,0.999991,logprobs,Novita
3259,53,-141,0,0,0,1.1e-05,0.999999,logprobs,Novita
3260,53,-139,0,0,0,,,text,Novita
3261,53,-137,0,0,0,1e-06,0.999999,logprobs,Novita
3262,53,-135,0,0,0,,,text,Novita
3263,53,-133,0,0,0,1e-06,1,logprobs,Novita
3264,53,-131,0,0,0,1e-06,0.999999,logprobs,Novita
3265,53,-129,1,1,0,1e-06,0.999999,logprobs,Novita
3266,53,-127,1,1,0,2.8e-05,0.999997,logprobs,Novita
3267,53,-125,1,1,0,2.8e-05,0.999994,logprobs,Novita
3268,53,-123,1,1,0,3e-06,0.999998,logprobs,Novita
3269,53,-121,1,1,1,0.974044,0.999963,logprobs,Novita
3270,53,-119,1,1,1,,,text,Novita
3271,53,-117,1,1,1,0.999991,0.999998,logprobs,Novita
3272,53,-115,1,1,1,0.999995,0.999999,logprobs,Novita
3273,53,-113,1,1,1,,,text,Novita
3274,53,-111,1,1,1,0.999998,0.999998,logprobs,Novita
3275,53,-109,1,1,1,,,text,Novita
3276,53,-107,1,1,1,,,text,Novita
3277,53,-105,1,1,1,0.99962,0.999973,logprobs,Novita
3278,53,-103,1,1,1,0.999991,0.999996,logprobs,Novita
3279,53,-101,1,1,1,0.999996,0.999998,logprobs,Novita
3280,53,-99,1,1,1,,,text,Novita
3281,53,-97,1,1,1,0.999993,0.999996,logprobs,Novita
3282,53,-95,1,1,1,0.999996,0.999999,logprobs,Novita
3283,53,-93,1,0,1,0.999989,0.999997,logprobs,Novita
3284,53,-91,1,1,1,0.999972,0.999997,logprobs,Novita
3285,53,-89,1,1,1,,,text,Novita
3286,53,-87,1,1,1,0.999739,0.999994,logprobs,Novita
3287,53,-85,1,1,1,0.999976,0.999996,logprobs,Novita
3288,53,-83,1,1,1,0.991423,0.999967,logprobs,Novita
3289,53,-81,1,1,0,3.1e-05,0.999997,logprobs,Novita
3290,53,-79,0,0,0,,,text,Novita
3291,53,-77,1,1,0,,,text,Novita
3292,53,-75,1,1,0,3e-06,0.999997,logprobs,Novita
3293,53,-73,1,1,0,4e-06,0.999999,logprobs,Novita
3294,53,-71,1,1,0,1.3e-05,0.999997,logprobs,Novita
3295,53,-69,1,1,0,1.5e-05,0.999995,logprobs,Novita
3296,53,-67,1,1,1,0.999877,0.999998,logprobs,Novita
3297,53,-65,1,1,0,2.4e-05,0.999998,logprobs,Novita
3298,53,-63,1,1,0,,,text,Novita
3299,53,-61,1,1,0,3e-06,0.999998,logprobs,Novita
3300,53,-59,1,1,0,7e-06,0.999995,logprobs,Novita
3301,53,-57,1,1,0,1e-06,0.999999,logprobs,Novita
3302,53,-55,0,0,0,1e-06,0.999999,logprobs,Novita
3303,53,-53,0,0,0,5e-06,0.999995,logprobs,Novita
3304,53,-51,0,0,0,2.8e-05,0.999996,logprobs,Novita
3305,53,-49,0,0,0,2.1e-05,0.999993,logprobs,Novita
3306,53,-47,0,0,0,1e-05,0.999998,logprobs,Novita
3307,53,-45,0,0,0,1e-06,0.999998,logprobs,Novita
3308,53,-43,0,0,0,0.00014,0.999996,logprobs,Novita
3309,53,-41,0,0,0,5e-06,0.999995,logprobs,Novita
3310,53,-39,0,0,0,4.5e-05,0.999993,logprobs,Novita
3311,53,-37,0,0,0,4.5e-05,0.99999,logprobs,Novita
3312,53,-35,0,0,0,1.1e-05,0.99999,logprobs,Novita
3313,53,-33,0,0,0,,,text,Novita
3314,53,-31,0,0,0,1e-05,0.999997,logprobs,Novita
3315,53,-29,0,0,0,,,text,Novita
3316,53,-27,0,0,0,2e-06,1,logprobs,Novita
3317,53,-25,0,0,0,1e-05,0.999995,logprobs,Novita
3318,53,-23,0,0,0,4.5e-05,0.999997,logprobs,Novita
3319,53,-21,0,0,0,2.4e-05,0.999991,logprobs,Novita
3320,53,-19,0,0,0,1e-05,0.999998,logprobs,Novita
3321,53,-17,0,0,0,,,text,Novita
3322,53,-15,0,0,0,1e-06,0.999999,logprobs,Novita
3323,53,-13,0,0,0,6.6e-05,0.999983,logprobs,Novita
3324,53,-11,0,0,0,4e-06,1,logprobs,Novita
3325,53,-9,1,1,0,2e-06,0.999999,logprobs,Novita
3326,53,-7,1,1,0,6e-06,0.999998,logprobs,Novita
3327,53,-5,0,0,1,0.999797,0.999986,logprobs,Novita
3328,53,-3,1,1,1,0.99996,0.999993,logprobs,Novita
3329,53,-1,1,1,1,0.999965,0.999997,logprobs,Novita
3330,53,1,0,0,0,1e-06,0.999998,logprobs,Novita
3331,53,3,0,0,0,,,text,Novita
3332,53,5,0,0,0,3e-06,0.999999,logprobs,Novita
3333,53,7,1,1,1,0.999196,0.999971,logprobs,Novita
3334,53,9,1,1,1,0.999665,0.999991,logprobs,Novita
3335,53,11,1,1,0,1e-06,1,logprobs,Novita
3336,53,13,1,1,1,0.999797,0.999984,logprobs,Novita
3337,53,15,1,1,0,1e-06,0.999999,logprobs,Novita
3338,53,17,1,1,1,0.998968,0.999982,logprobs,Novita
3339,53,19,1,1,1,0.999904,0.999993,logprobs,Novita
3340,53,21,1,1,1,0.999991,0.999997,logprobs,Novita
3341,53,23,1,1,1,0.999739,0.999991,logprobs,Novita
3342,53,25,1,1,0,1e-06,0.999999,logprobs,Novita
3343,53,27,1,1,1,0.999994,0.999996,logprobs,Novita
3344,53,29,1,1,1,0.999447,0.999989,logprobs,Novita
3345,53,31,1,1,1,0.99962,0.999981,logprobs,Novita
3346,53,33,1,1,0,,,text,Novita
3347,53,35,1,1,1,0.999915,0.999983,logprobs,Novita
3348,53,37,1,1,1,0.999991,0.999995,logprobs,Novita
3349,53,39,1,1,1,0.999972,0.999995,logprobs,Novita
3350,53,41,1,1,1,0.999983,0.999997,logprobs,Novita
3351,53,43,1,1,1,0.999995,0.999996,logprobs,Novita
3352,53,45,1,1,1,0.99957,0.999984,logprobs,Novita
3353,53,47,1,1,1,0.99929,0.999988,logprobs,Novita
3354,53,49,1,1,1,,,text,Novita
3355,53,51,1,1,1,0.99996,0.999998,logprobs,Novita
3356,53,53,1,1,1,,,text,Novita
3357,53,55,1,1,1,0.999981,0.999996,logprobs,Novita
3358,53,57,1,1,1,0.99962,0.999997,logprobs,Novita
3359,53,59,1,1,1,,,text,Novita
3360,53,61,1,1,1,0.999983,0.999998,logprobs,Novita
3361,53,63,1,1,1,,,text,Novita
3362,53,65,1,1,1,,,text,Novita
3363,53,67,1,1,1,0.999995,0.999999,logprobs,Novita
3364,53,69,1,1,1,0.999999,0.999998,logprobs,Novita
3365,53,71,1,1,1,0.999665,0.99999,logprobs,Novita
3366,53,73,1,1,1,0.998968,0.999985,logprobs,Novita
3367,53,75,1,1,1,0.999993,0.999998,logprobs,Novita
3368,53,77,1,1,1,0.999877,0.999973,logprobs,Novita
3369,53,79,1,1,1,,,text,Novita
3370,53,81,1,1,1,0.999877,0.999926,logprobs,Novita
3371,53,83,1,1,1,0.99982,0.999995,logprobs,Novita
3372,53,85,1,1,1,0.999877,0.999976,logprobs,Novita
3373,53,87,1,1,1,0.998299,0.999992,logprobs,Novita
3374,53,89,1,1,1,,,text,Novita
3375,53,91,1,1,1,0.999994,0.999999,logprobs,Novita
3376,53,93,1,1,1,,,text,Novita
3377,53,95,1,1,1,0.998073,0.999967,logprobs,Novita
3378,53,97,1,1,1,,,text,Novita
3379,53,99,1,1,1,0.99929,0.999972,logprobs,Novita
3380,53,101,1,1,1,0.999904,0.999991,logprobs,Novita
3381,53,103,1,1,1,,,text,Novita
3382,53,105,1,1,1,0.99982,0.999986,logprobs,Novita
3383,53,107,1,0,1,0.99962,0.999978,logprobs,Novita
3384,53,109,1,1,1,0.999999,0.999996,logprobs,Novita
3385,53,111,1,1,1,0.999891,0.999992,logprobs,Novita
3386,53,113,1,1,1,0.998968,0.999976,logprobs,Novita
3387,53,115,1,1,1,,,text,Novita
3388,53,117,1,1,1,,,text,Novita
3389,53,119,1,1,1,0.999904,0.999997,logprobs,Novita
3390,53,121,1,1,1,,,text,Novita
3391,53,123,1,1,1,0.996827,0.999984,logprobs,Novita
3392,53,125,1,1,1,0.999996,0.999994,logprobs,Novita
3393,53,127,1,1,1,0.999797,0.999988,logprobs,Novita
3394,53,129,1,1,1,,,text,Novita
3395,53,131,1,1,1,0.999915,0.999991,logprobs,Novita
3396,53,133,1,1,1,0.999665,0.999964,logprobs,Novita
3397,53,135,1,1,1,0.999983,0.999997,logprobs,Novita
3398,53,137,1,1,1,0.999089,0.999979,logprobs,Novita
3399,53,139,1,1,0,,,text,Novita
3400,53,141,0,0,0,1e-06,0.999999,logprobs,Novita
3401,53,143,1,1,0,0,1,logprobs,Novita
3402,53,145,0,0,0,,,text,Novita
3403,53,147,0,0,1,0.999904,0.999993,logprobs,Novita
3404,53,149,0,0,1,0.999983,0.999993,logprobs,Novita
3405,53,151,0,0,1,0.99982,0.999994,logprobs,Novita
3406,53,153,0,0,0,5e-06,0.999997,logprobs,Novita
3407,53,155,0,0,0,,,text,Novita
3408,53,157,1,1,0,,,text,Novita
3409,53,159,0,0,0,3.5e-05,0.999996,logprobs,Novita
3410,53,161,0,0,0,3.1e-05,0.999996,logprobs,Novita
3411,53,163,0,0,0,6e-06,0.999996,logprobs,Novita
3412,53,165,0,0,0,1e-06,0.999999,logprobs,Novita
3413,53,167,0,0,0,1e-06,0.999999,logprobs,Novita
3414,53,169,0,0,0,3e-06,0.999998,logprobs,Novita
3415,53,171,0,0,0,0,1,logprobs,Novita
3416,53,173,0,0,0,1.3e-05,0.999998,logprobs,Novita
3417,53,175,0,0,0,2e-06,0.999998,logprobs,Novita
3418,53,177,0,0,0,3e-06,0.999998,logprobs,Novita
3419,53,179,0,0,0,1e-06,0.999995,logprobs,Novita
3420,51,-179,0,0,0,4e-06,0.999996,logprobs,Novita
3421,51,-177,0,0,0,2e-06,0.999998,logprobs,Novita
3422,51,-175,0,0,0,1e-06,0.999999,logprobs,Novita
3423,51,-173,0,0,0,5e-06,0.999996,logprobs,Novita
3424,51,-171,0,0,0,8e-06,0.999999,logprobs,Novita
3425,51,-169,0,0,0,,,text,Novita
3426,51,-167,0,0,0,2e-06,0.999998,logprobs,Novita
3427,51,-165,0,0,0,0,0.999999,logprobs,Novita
3428,51,-163,0,0,0,1e-06,0.999999,logprobs,Novita
3429,51,-161,0,0,0,2.8e-05,0.999996,logprobs,Novita
3430,51,-159,0,0,0,7e-06,0.999995,logprobs,Novita
3431,51,-157,0,0,0,,,text,Novita
3432,51,-155,0,0,0,3e-06,0.999998,logprobs,Novita
3433,51,-153,0,0,0,8e-06,0.999998,logprobs,Novita
3434,51,-151,0,0,0,,,text,Novita
3435,51,-149,0,0,0,3e-06,0.999999,logprobs,Novita
3436,51,-147,0,0,0,1e-06,0.999999,logprobs,Novita
3437,51,-145,0,0,0,0,0.999999,logprobs,Novita
3438,51,-143,0,0,0,1e-06,0.999999,logprobs,Novita
3439,51,-141,0,0,0,0,1,logprobs,Novita
3440,51,-139,0,0,0,0,0.999999,logprobs,Novita
3441,51,-137,0,0,0,,,text,Novita
3442,51,-135,0,0,0,7e-06,0.999998,logprobs,Novita
3443,51,-133,0,0,0,6e-06,0.999996,logprobs,Novita
3444,51,-131,0,0,0,0,0.999999,logprobs,Novita
3445,51,-129,0,0,0,6e-06,0.999995,logprobs,Novita
3446,51,-127,1,1,0,6.6e-05,0.999993,logprobs,Novita
3447,51,-125,1,1,0,0.000296,0.999959,logprobs,Novita
3448,51,-123,1,1,0,,,text,Novita
3449,51,-121,1,1,1,0.999995,0.999998,logprobs,Novita
3450,51,-119,1,1,1,,,text,Novita
3451,51,-117,1,1,1,0.999996,0.99998,logprobs,Novita
3452,51,-115,1,1,1,0.999965,0.999997,logprobs,Novita
3453,51,-113,1,1,1,0.999992,0.999998,logprobs,Novita
3454,51,-111,1,1,1,0.999996,0.999999,logprobs,Novita
3455,51,-109,1,1,1,0.999969,0.999996,logprobs,Novita
3456,51,-107,1,1,1,0.999994,0.999999,logprobs,Novita
3457,51,-105,1,1,1,0.999969,0.999989,logprobs,Novita
3458,51,-103,1,1,1,0.999992,0.999997,logprobs,Novita
3459,51,-101,1,1,1,0.999976,0.999974,logprobs,Novita
3460,51,-99,1,1,1,0.999996,0.999999,logprobs,Novita
3461,51,-97,1,1,1,,,text,Novita
3462,51,-95,1,1,1,0.999934,0.999997,logprobs,Novita
3463,51,-93,1,1,1,0.999665,0.999973,logprobs,Novita
3464,51,-91,1,0,1,,,text,Novita
3465,51,-89,1,1,1,0.99929,0.999994,logprobs,Novita
3466,51,-87,1,1,1,,,text,Novita
3467,51,-85,1,1,1,0.99996,0.999994,logprobs,Novita
3468,51,-83,1,1,1,0.999983,0.999998,logprobs,Novita
3469,51,-81,1,1,0,0,0.999999,logprobs,Novita
3470,51,-79,1,1,0,4e-05,0.999993,logprobs,Novita
3471,51,-77,1,0,0,,,text,Novita
3472,51,-75,1,1,0,5e-06,0.999996,logprobs,Novita
3473,51,-73,1,1,0,,,text,Novita
3474,51,-71,1,1,0,8e-06,0.999995,logprobs,Novita
3475,51,-69,1,1,0,,,text,Novita
3476,51,-67,1,1,0,1e-06,1,logprobs,Novita
3477,51,-65,1,1,0,2e-06,0.999998,logprobs,Novita
3478,51,-63,1,1,0,1e-06,0.999999,logprobs,Novita
3479,51,-61,1,1,0,,,text,Novita
3480,51,-59,1,1,0,,,text,Novita
3481,51,-57,0,0,0,3e-06,0.999999,logprobs,Novita
3482,51,-55,0,0,0,1e-06,0.999998,logprobs,Novita
3483,51,-53,0,0,0,1e-06,0.999997,logprobs,Novita
3484,51,-51,0,0,0,1.7e-05,0.99999,logprobs,Novita
3485,51,-49,0,0,0,,,text,Novita
3486,51,-47,0,0,0,1.5e-05,0.999996,logprobs,Novita
3487,51,-45,0,0,0,2e-06,0.999998,logprobs,Novita
3488,51,-43,0,0,0,,,text,Novita
3489,51,-41,0,0,0,,,text,Novita
3490,51,-39,0,0,0,2.8e-05,0.999996,logprobs,Novita
3491,51,-37,0,0,0,9e-06,0.999999,logprobs,Novita
3492,51,-35,0,0,0,4e-05,0.999993,logprobs,Novita
3493,51,-33,0,0,0,1e-06,0.999999,logprobs,Novita
3494,51,-31,0,0,0,2e-06,0.999997,logprobs,Novita
3495,51,-29,0,0,0,1e-06,0.999999,logprobs,Novita
3496,51,-27,0,0,0,9e-06,0.999996,logprobs,Novita
3497,51,-25,0,0,0,,,text,Novita
3498,51,-23,0,0,0,3e-06,0.999991,logprobs,Novita
3499,51,-21,0,0,0,2e-06,0.999998,logprobs,Novita
3500,51,-19,0,0,0,0,1,logprobs,Novita
3501,51,-17,0,0,0,,,text,Novita
3502,51,-15,0,0,0,4e-05,0.999992,logprobs,Novita
3503,51,-13,0,0,0,3e-06,0.999998,logprobs,Novita
3504,51,-11,0,0,0,,,text,Novita
3505,51,-9,0,0,0,,,text,Novita
3506,51,-7,0,0,0,0.00018,0.999994,logprobs,Novita
3507,51,-5,0,0,0,3e-06,0.999999,logprobs,Novita
3508,51,-3,1,1,1,0.999877,0.999986,logprobs,Novita
3509,51,-1,1,1,1,0.999739,0.999971,logprobs,Novita
3510,51,1,0,0,1,0.999949,0.999994,logprobs,Novita
3511,51,3,1,1,1,0.974046,0.999941,logprobs,Novita
3512,51,5,1,1,1,,,text,Novita
3513,51,7,1,1,1,0.999998,0.999999,logprobs,Novita
3514,51,9,1,1,1,0.999739,0.999986,logprobs,Novita
3515,51,11,1,1,1,0.999998,0.999999,logprobs,Novita
3516,51,13,1,1,1,0.999797,0.999988,logprobs,Novita
3517,51,15,1,1,1,0.999739,0.999992,logprobs,Novita
3518,51,17,1,1,1,0.999995,0.999998,logprobs,Novita
3519,51,19,1,1,1,0.99962,0.999978,logprobs,Novita
3520,51,21,1,1,1,,,text,Novita
3521,51,23,1,1,1,0.998968,0.999987,logprobs,Novita
3522,51,25,1,1,0,,,text,Novita
3523,51,27,1,1,1,0.999904,0.999996,logprobs,Novita
3524,51,29,1,1,1,0.999991,0.999999,logprobs,Novita
3525,51,31,1,1,1,,,text,Novita
3526,51,33,1,1,1,0.999665,0.999993,logprobs,Novita
3527,51,35,1,1,1,0.998073,0.999987,logprobs,Novita
3528,51,37,1,1,1,,,text,Novita
3529,51,39,1,1,1,1,0.999999,logprobs,Novita
3530,51,41,1,1,1,0.999374,0.999878,logprobs,Novita
3531,51,43,1,1,1,0.999983,0.999999,logprobs,Novita
3532,51,45,1,1,1,0.999994,0.999998,logprobs,Novita
3533,51,47,1,1,1,0.999955,0.999998,logprobs,Novita
3534,51,49,1,1,1,0.999934,0.999997,logprobs,Novita
3535,51,51,1,1,0,2.8e-05,0.999995,logprobs,Novita
3536,51,53,1,1,1,0.999934,0.999997,logprobs,Novita
3537,51,55,1,1,1,0.999965,0.999998,logprobs,Novita
3538,51,57,1,1,1,0.999985,0.999999,logprobs,Novita
3539,51,59,1,1,1,0.999934,0.999976,logprobs,Novita
3540,51,61,1,1,1,,,text,Novita
3541,51,63,1,1,1,0.99986,0.999995,logprobs,Novita
3542,51,65,1,1,1,,,text,Novita
3543,51,67,1,1,1,0.99986,0.999991,logprobs,Novita
3544,51,69,1,1,1,0.999512,0.999989,logprobs,Novita
3545,51,71,1,1,1,0.999995,0.999998,logprobs,Novita
3546,51,73,1,1,1,0.999739,0.999997,logprobs,Novita
3547,51,75,1,1,1,0.999965,0.999995,logprobs,Novita
3548,51,77,1,1,1,0.999965,0.999997,logprobs,Novita
3549,51,79,1,1,1,0.999993,0.999998,logprobs,Novita
3550,51,81,1,1,1,0.999196,0.999947,logprobs,Novita
3551,51,83,1,1,1,,,text,Novita
3552,51,85,1,1,1,0.999979,0.999997,logprobs,Novita
3553,51,87,1,1,1,0.999979,0.999996,logprobs,Novita
3554,51,89,1,1,1,0.999955,0.999984,logprobs,Novita
3555,51,91,1,1,1,0.998299,0.99999,logprobs,Novita
3556,51,93,1,1,1,0.999969,0.999996,logprobs,Novita
3557,51,95,1,1,1,,,text,Novita
3558,51,97,1,1,1,0.999915,0.99999,logprobs,Novita
3559,51,99,1,1,1,0.998675,0.99998,logprobs,Novita
3560,51,101,1,1,1,0.999374,0.999987,logprobs,Novita
3561,51,103,1,1,1,0.998968,0.99999,logprobs,Novita
3562,51,105,1,1,1,0.999797,0.999986,logprobs,Novita
3563,51,107,1,1,1,0.999972,0.999981,logprobs,Novita
3564,51,109,1,1,1,0.999797,0.999984,logprobs,Novita
3565,51,111,1,1,1,0.999999,0.999999,logprobs,Novita
3566,51,113,1,1,1,0.999089,0.999968,logprobs,Novita
3567,51,115,1,1,1,0.999512,0.999986,logprobs,Novita
3568,51,117,1,1,1,0.999739,0.999984,logprobs,Novita
3569,51,119,1,1,1,0.999976,0.999998,logprobs,Novita
3570,51,121,1,1,1,0.99996,0.999998,logprobs,Novita
3571,51,123,1,1,0,,,text,Novita
3572,51,125,1,1,0,0.000626,0.999947,logprobs,Novita
3573,51,127,1,1,1,0.999089,0.999976,logprobs,Novita
3574,51,129,1,1,1,0.998499,0.999985,logprobs,Novita
3575,51,131,1,1,1,0.999995,0.999999,logprobs,Novita
3576,51,133,1,1,1,,,text,Novita
3577,51,135,1,1,1,0.998073,0.999907,logprobs,Novita
3578,51,137,1,1,1,0.999089,0.999987,logprobs,Novita
3579,51,139,1,1,1,0.999979,0.999994,logprobs,Novita
3580,51,141,0,0,1,0.996827,0.999983,logprobs,Novita
3581,51,143,1,1,0,9e-06,0.999997,logprobs,Novita
3582,51,145,0,0,0,,,text,Novita
3583,51,147,0,0,0,,,text,Novita
3584,51,149,0,0,1,0.998499,0.999985,logprobs,Novita
3585,51,151,0,0,0,9e-06,0.999996,logprobs,Novita
3586,51,153,0,0,0,4e-06,0.999996,logprobs,Novita
3587,51,155,0,0,0,1e-05,0.999994,logprobs,Novita
3588,51,157,0,0,0,8e-06,0.999998,logprobs,Novita
3589,51,159,0,0,0,7.5e-05,0.999989,logprobs,Novita
3590,51,161,0,0,0,2e-06,0.999999,logprobs,Novita
3591,51,163,0,0,0,9e-06,0.999998,logprobs,Novita
3592,51,165,0,0,1,0.999904,0.999993,logprobs,Novita
3593,51,167,0,0,0,0,0.999999,logprobs,Novita
3594,51,169,0,0,0,3.1e-05,0.999994,logprobs,Novita
3595,51,171,0,0,0,1.5e-05,0.999994,logprobs,Novita
3596,51,173,0,0,0,,,text,Novita
3597,51,175,0,0,0,0.00014,0.999996,logprobs,Novita
3598,51,177,0,0,0,1.3e-05,0.999995,logprobs,Novita
3599,51,179,0,0,0,1e-06,0.999981,logprobs,Novita
3600,49,-179,0,0,0,,,text,Novita
3601,49,-177,0,0,0,1e-06,0.999999,logprobs,Novita
3602,49,-175,0,0,0,1e-06,0.999997,logprobs,Novita
3603,49,-173,0,0,0,8e-06,0.999995,logprobs,Novita
3604,49,-171,0,0,0,4.5e-05,0.999997,logprobs,Novita
3605,49,-169,0,0,0,3.1e-05,0.999998,logprobs,Novita
3606,49,-167,0,0,0,5.1e-05,0.999996,logprobs,Novita
3607,49,-165,0,0,0,3e-06,0.999997,logprobs,Novita
3608,49,-163,0,0,0,,,text,Novita
3609,49,-161,0,0,0,1e-05,0.999997,logprobs,Novita
3610,49,-159,0,0,0,0,1,logprobs,Novita
3611,49,-157,0,0,0,1e-05,0.999986,logprobs,Novita
3612,49,-155,0,0,0,2e-06,0.999994,logprobs,Novita
3613,49,-153,0,0,0,,,text,Novita
3614,49,-151,0,0,0,2.4e-05,0.999987,logprobs,Novita
3615,49,-149,0,0,0,3e-06,0.999997,logprobs,Novita
3616,49,-147,0,0,0,,,text,Novita
3617,49,-145,0,0,0,3e-06,0.999991,logprobs,Novita
3618,49,-143,0,0,0,5e-06,0.999992,logprobs,Novita
3619,49,-141,0,0,0,1.5e-05,0.999998,logprobs,Novita
3620,49,-139,0,0,0,1.1e-05,0.999988,logprobs,Novita
3621,49,-137,0,0,0,6e-06,0.999996,logprobs,Novita
3622,49,-135,0,0,0,1.1e-05,0.999996,logprobs,Novita
3623,49,-133,0,0,0,1.5e-05,0.999992,logprobs,Novita
3624,49,-131,0,0,0,1.7e-05,0.999994,logprobs,Novita
3625,49,-129,0,0,0,2e-06,0.999995,logprobs,Novita
3626,49,-127,0,0,0,4e-05,0.999991,logprobs,Novita
3627,49,-125,1,1,0,1.1e-05,0.999975,logprobs,Novita
3628,49,-123,0,0,0,2e-06,0.999996,logprobs,Novita
3629,49,-121,1,1,1,0.999994,0.999998,logprobs,Novita
3630,49,-119,1,1,1,0.999997,0.999992,logprobs,Novita
3631,49,-117,1,1,1,0.999904,0.999993,logprobs,Novita
3632,49,-115,1,1,1,0.999996,0.999997,logprobs,Novita
3633,49,-113,1,1,1,,,text,Novita
3634,49,-111,1,1,1,,,text,Novita
3635,49,-109,1,1,1,0.99986,0.999959,logprobs,Novita
3636,49,-107,1,1,1,0.999949,0.999976,logprobs,Novita
3637,49,-105,1,1,1,,,text,Novita
3638,49,-103,1,1,1,0.999089,0.999986,logprobs,Novita
3639,49,-101,1,1,1,0.999999,0.999975,logprobs,Novita
3640,49,-99,1,1,1,0.999704,0.999943,logprobs,Novita
3641,49,-97,1,1,1,0.999739,0.999992,logprobs,Novita
3642,49,-95,1,0,1,0.998499,0.99996,logprobs,Novita
3643,49,-93,1,1,1,0.999374,0.999983,logprobs,Novita
3644,49,-91,1,1,1,0.997817,0.999986,logprobs,Novita
3645,49,-89,1,1,0,2e-06,0.999997,logprobs,Novita
3646,49,-87,1,1,0,1.9e-05,0.999995,logprobs,Novita
3647,49,-85,1,1,0,1e-05,0.999996,logprobs,Novita
3648,49,-83,1,1,0,2.1e-05,0.999996,logprobs,Novita
3649,49,-81,1,1,0,6.6e-05,0.999996,logprobs,Novita
3650,49,-79,1,1,1,0.999665,0.999906,logprobs,Novita
3651,49,-77,1,1,0,1.9e-05,0.99999,logprobs,Novita
3652,49,-75,1,1,0,1e-05,0.999996,logprobs,Novita
3653,49,-73,1,1,0,,,text,Novita
3654,49,-71,1,1,0,2.8e-05,0.999986,logprobs,Novita
3655,49,-69,1,1,0,,,text,Novita
3656,49,-67,0,0,0,1.9e-05,0.999998,logprobs,Novita
3657,49,-65,1,1,0,3e-06,0.999998,logprobs,Novita
3658,49,-63,0,0,0,,,text,Novita
3659,49,-61,0,0,0,3e-06,0.999994,logprobs,Novita
3660,49,-59,0,0,0,,,text,Novita
3661,49,-57,1,1,0,5e-06,0.999995,logprobs,Novita
3662,49,-55,1,1,0,2e-06,0.999997,logprobs,Novita
3663,49,-53,0,0,0,1e-06,0.999998,logprobs,Novita
3664,49,-51,0,0,0,2e-06,0.999995,logprobs,Novita
3665,49,-49,0,0,0,1e-06,0.999998,logprobs,Novita
3666,49,-47,0,0,0,1.1e-05,0.999995,logprobs,Novita
3667,49,-45,0,0,0,9e-06,0.999997,logprobs,Novita
3668,49,-43,0,0,0,,,text,Novita
3669,49,-41,0,0,0,1e-06,0.999999,logprobs,Novita
3670,49,-39,0,0,0,9e-06,0.99999,logprobs,Novita
3671,49,-37,0,0,0,,,text,Novita
3672,49,-35,0,0,0,4e-06,0.999997,logprobs,Novita
3673,49,-33,0,0,0,,,text,Novita
3674,49,-31,0,0,0,4e-06,0.999995,logprobs,Novita
3675,49,-29,0,0,0,4e-05,0.999995,logprobs,Novita
3676,49,-27,0,0,0,3e-06,0.999997,logprobs,Novita
3677,49,-25,0,0,0,9e-06,0.999996,logprobs,Novita
3678,49,-23,0,0,0,4.5e-05,0.999994,logprobs,Novita
3679,49,-21,0,0,0,2.8e-05,0.999993,logprobs,Novita
3680,49,-19,0,0,0,1.3e-05,0.999996,logprobs,Novita
3681,49,-17,0,0,0,,,text,Novita
3682,49,-15,0,0,0,4e-05,0.999983,logprobs,Novita
3683,49,-13,0,0,0,0.000109,0.999992,logprobs,Novita
3684,49,-11,0,0,0,,,text,Novita
3685,49,-9,0,0,0,2e-06,0.999997,logprobs,Novita
3686,49,-7,0,0,0,1.1e-05,0.999991,logprobs,Novita
3687,49,-5,0,0,0,1e-05,0.999982,logprobs,Novita
3688,49,-3,0,0,0,5.8e-05,0.999996,logprobs,Novita
3689,49,-1,1,1,0,2.8e-05,0.999998,logprobs,Novita
3690,49,1,1,1,1,0.999981,0.999982,logprobs,Novita
3691,49,3,1,1,1,0.999842,0.99996,logprobs,Novita
3692,49,5,1,1,1,,,text,Novita
3693,49,7,1,1,1,0.999989,0.999996,logprobs,Novita
3694,49,9,1,1,1,,,text,Novita
3695,49,11,1,1,1,0.999934,0.999962,logprobs,Novita
3696,49,13,1,1,1,0.999569,0.999979,logprobs,Novita
3697,49,15,1,1,1,0.999797,0.999986,logprobs,Novita
3698,49,17,1,1,1,,,text,Novita
3699,49,19,1,1,1,,,text,Novita
3700,49,21,1,1,1,0.999915,0.999992,logprobs,Novita
3701,49,23,1,1,1,0.999925,0.999983,logprobs,Novita
3702,49,25,1,1,1,0.999704,0.999981,logprobs,Novita
3703,49,27,1,1,0,,,text,Novita
3704,49,29,1,1,0,2.1e-05,0.999996,logprobs,Novita
3705,49,31,1,1,1,0.99986,0.999993,logprobs,Novita
3706,49,33,1,1,1,0.99986,0.999994,logprobs,Novita
3707,49,35,1,1,1,0.997818,0.999954,logprobs,Novita
3708,49,37,1,1,1,0.999949,0.999986,logprobs,Novita
3709,49,39,1,1,1,0.999969,0.999995,logprobs,Novita
3710,49,41,1,1,1,0.99962,0.999988,logprobs,Novita
3711,49,43,1,1,1,0.999797,0.999989,logprobs,Novita
3712,49,45,1,1,1,0.999942,0.999997,logprobs,Novita
3713,49,47,1,1,1,0.999512,0.999981,logprobs,Novita
3714,49,49,1,1,0,2e-06,0.999993,logprobs,Novita
3715,49,51,1,1,1,0.999985,0.999998,logprobs,Novita
3716,49,53,1,1,1,0.999797,0.999981,logprobs,Novita
3717,49,55,1,1,1,0.999569,0.999988,logprobs,Novita
3718,49,57,1,1,1,,,text,Novita
3719,49,59,1,1,1,0.999512,0.999991,logprobs,Novita
3720,49,61,1,1,1,0.999797,0.999992,logprobs,Novita
3721,49,63,1,1,1,0.999972,0.999996,logprobs,Novita
3722,49,65,1,1,1,,,text,Novita
3723,49,67,1,1,1,0.99999,0.999996,logprobs,Novita
3724,49,69,1,1,0,3e-06,0.999999,logprobs,Novita
3725,49,71,1,1,1,0.998968,0.99999,logprobs,Novita
3726,49,73,1,1,0,4e-06,0.999997,logprobs,Novita
3727,49,75,1,1,0,1e-06,0.999998,logprobs,Novita
3728,49,77,1,1,1,0.999797,0.999989,logprobs,Novita
3729,49,79,1,1,0,1e-06,0.999999,logprobs,Novita
3730,49,81,1,1,1,0.998299,0.999987,logprobs,Novita
3731,49,83,1,1,1,0.99929,0.99998,logprobs,Novita
3732,49,85,1,1,1,0.997528,0.99998,logprobs,Novita
3733,49,87,1,1,1,,,text,Novita
3734,49,89,1,1,1,0.99986,0.999992,logprobs,Novita
3735,49,91,1,1,1,0.996828,0.999971,logprobs,Novita
3736,49,93,1,1,1,0.99986,0.99999,logprobs,Novita
3737,49,95,1,1,1,0.999877,0.999986,logprobs,Novita
3738,49,97,1,1,1,0.996407,0.999956,logprobs,Novita
3739,49,99,1,1,1,0.998299,0.999984,logprobs,Novita
3740,49,101,1,1,1,0.999665,0.999991,logprobs,Novita
3741,49,103,1,1,1,0.999512,0.999989,logprobs,Novita
3742,49,105,1,1,1,0.999196,0.99999,logprobs,Novita
3743,49,107,1,1,1,0.999915,0.999983,logprobs,Novita
3744,49,109,1,1,1,,,text,Novita
3745,49,111,1,1,1,0.999512,0.999994,logprobs,Novita
3746,49,113,1,1,1,0.999512,0.999986,logprobs,Novita
3747,49,115,1,1,1,0.999665,0.999994,logprobs,Novita
3748,49,117,1,1,1,0.999904,0.999996,logprobs,Novita
3749,49,119,1,1,1,,,text,Novita
3750,49,121,1,1,1,0.999374,0.999966,logprobs,Novita
3751,49,123,1,1,0,2e-06,0.999995,logprobs,Novita
3752,49,125,1,1,1,0.999987,0.999989,logprobs,Novita
3753,49,127,1,1,1,0.995393,0.999879,logprobs,Novita
3754,49,129,1,1,0,5e-06,0.999995,logprobs,Novita
3755,49,131,1,1,1,0.999915,0.999998,logprobs,Novita
3756,49,133,1,1,1,0.999447,0.999993,logprobs,Novita
3757,49,135,1,1,0,5.1e-05,0.999986,logprobs,Novita
3758,49,137,1,1,1,0.99996,0.999989,logprobs,Novita
3759,49,139,1,1,0,,,text,Novita
3760,49,141,0,0,1,0.999089,0.999987,logprobs,Novita
3761,49,143,0,0,1,0.999987,0.999974,logprobs,Novita
3762,49,145,0,0,0,3e-06,0.999997,logprobs,Novita
3763,49,147,0,0,0,2e-06,0.999995,logprobs,Novita
3764,49,149,0,0,0,3.5e-05,0.999998,logprobs,Novita
3765,49,151,0,0,0,3e-06,0.999998,logprobs,Novita
3766,49,153,0,0,0,1.7e-05,0.999994,logprobs,Novita
3767,49,155,0,0,0,1e-06,0.999997,logprobs,Novita
3768,49,157,0,0,0,,,text,Novita
3769,49,159,0,0,0,0,0.999999,logprobs,Novita
3770,49,161,0,0,0,1.1e-05,0.999994,logprobs,Novita
3771,49,163,0,0,0,3.5e-05,0.999995,logprobs,Novita
3772,49,165,0,0,0,5e-06,0.999992,logprobs,Novita
3773,49,167,0,0,1,0.999955,0.999994,logprobs,Novita
3774,49,169,0,0,0,1e-06,0.999999,logprobs,Novita
3775,49,171,0,0,0,1.3e-05,0.999998,logprobs,Novita
3776,49,173,0,0,0,3e-06,1,logprobs,Novita
3777,49,175,0,0,0,,,text,Novita
3778,49,177,0,0,0,4.5e-05,0.999996,logprobs,Novita
3779,49,179,0,0,0,,,text,Novita
3780,47,-179,0,0,0,2e-06,0.999997,logprobs,Novita
3781,47,-177,0,0,0,8e-06,0.999996,logprobs,Novita
3782,47,-175,0,0,0,,,text,Novita
3783,47,-173,0,0,0,,,text,Novita
3784,47,-171,0,0,0,4e-06,0.999999,logprobs,Novita
3785,47,-169,0,0,0,,,text,Novita
3786,47,-167,0,0,0,1e-06,0.999998,logprobs,Novita
3787,47,-165,0,0,0,,,text,Novita
3788,47,-163,0,0,0,4e-06,0.999997,logprobs,Novita
3789,47,-161,0,0,0,,,text,Novita
3790,47,-159,0,0,0,4e-06,0.999992,logprobs,Novita
3791,47,-157,0,0,0,6e-06,0.999997,logprobs,Novita
3792,47,-155,0,0,0,2.1e-05,0.999993,logprobs,Novita
3793,47,-153,0,0,0,4e-06,0.999995,logprobs,Novita
3794,47,-151,0,0,0,8e-06,0.999993,logprobs,Novita
3795,47,-149,0,0,0,8e-06,0.999993,logprobs,Novita
3796,47,-147,0,0,0,1e-06,0.999997,logprobs,Novita
3797,47,-145,0,0,0,1.9e-05,0.999991,logprobs,Novita
3798,47,-143,0,0,0,7e-06,0.999998,logprobs,Novita
3799,47,-141,0,0,0,1e-06,1,logprobs,Novita
3800,47,-139,0,0,0,0,0.999999,logprobs,Novita
3801,47,-137,0,0,0,7.5e-05,0.999985,logprobs,Novita
3802,47,-135,0,0,0,,,text,Novita
3803,47,-133,0,0,0,2.1e-05,0.999999,logprobs,Novita
3804,47,-131,0,0,0,5e-06,0.999996,logprobs,Novita
3805,47,-129,0,0,0,1e-05,0.999997,logprobs,Novita
3806,47,-127,0,0,0,1e-05,0.999976,logprobs,Novita
3807,47,-125,0,0,0,1e-06,0.999997,logprobs,Novita
3808,47,-123,1,1,0,,,text,Novita
3809,47,-121,1,1,1,0.999512,0.999982,logprobs,Novita
3810,47,-119,1,1,1,1,0.999999,logprobs,Novita
3811,47,-117,1,1,1,0.999739,0.999967,logprobs,Novita
3812,47,-115,1,1,0,1e-06,0.999992,logprobs,Novita
3813,47,-113,1,1,1,0.999739,0.999995,logprobs,Novita
3814,47,-111,1,1,1,0.999979,0.999984,logprobs,Novita
3815,47,-109,1,1,1,0.999569,0.999949,logprobs,Novita
3816,47,-107,1,1,1,0.999739,0.999986,logprobs,Novita
3817,47,-105,1,1,1,0.998073,0.999943,logprobs,Novita
3818,47,-103,1,1,1,0.99962,0.999935,logprobs,Novita
3819,47,-101,1,1,1,0.999995,0.999997,logprobs,Novita
3820,47,-99,1,1,1,0.999993,0.999998,logprobs,Novita
3821,47,-97,1,1,1,0.999979,0.999995,logprobs,Novita
3822,47,-95,1,1,1,0.999999,0.999997,logprobs,Novita
3823,47,-93,1,1,1,0.999996,0.999998,logprobs,Novita
3824,47,-91,1,0,1,0.998675,0.999936,logprobs,Novita
3825,47,-89,1,1,0,3.1e-05,0.999996,logprobs,Novita
3826,47,-87,1,0,1,0.999797,0.99999,logprobs,Novita
3827,47,-85,1,0,0,6e-06,0.999998,logprobs,Novita
3828,47,-83,1,1,0,8.5e-05,0.999982,logprobs,Novita
3829,47,-81,1,1,0,6e-06,0.999999,logprobs,Novita
3830,47,-79,1,0,0,,,text,Novita
3831,47,-77,1,1,1,,,text,Novita
3832,47,-75,1,1,0,,,text,Novita
3833,47,-73,1,1,1,0.999569,0.999935,logprobs,Novita
3834,47,-71,1,1,0,3e-06,0.999999,logprobs,Novita
3835,47,-69,1,1,0,1.7e-05,0.999989,logprobs,Novita
3836,47,-67,1,1,0,3e-06,0.999999,logprobs,Novita
3837,47,-65,1,1,0,1.7e-05,0.999996,logprobs,Novita
3838,47,-63,0,0,0,3e-06,0.999999,logprobs,Novita
3839,47,-61,0,0,0,5e-06,0.999997,logprobs,Novita
3840,47,-59,0,0,0,3e-06,0.999999,logprobs,Novita
3841,47,-57,0,0,0,1e-05,0.999997,logprobs,Novita
3842,47,-55,0,0,0,3e-06,0.999998,logprobs,Novita
3843,47,-53,1,1,0,3e-06,0.999997,logprobs,Novita
3844,47,-51,0,0,0,6e-06,0.999996,logprobs,Novita
3845,47,-49,0,0,0,3.1e-05,0.999992,logprobs,Novita
3846,47,-47,0,0,0,1.1e-05,0.999992,logprobs,Novita
3847,47,-45,0,0,0,,,text,Novita
3848,47,-43,0,0,0,3e-06,0.999998,logprobs,Novita
3849,47,-41,0,0,0,,,text,Novita
3850,47,-39,0,0,0,1.7e-05,0.999995,logprobs,Novita
3851,47,-37,0,0,0,2.1e-05,0.999992,logprobs,Novita
3852,47,-35,0,0,0,1.5e-05,0.999997,logprobs,Novita
3853,47,-33,0,0,0,5.1e-05,0.999995,logprobs,Novita
3854,47,-31,0,0,0,3e-06,0.999995,logprobs,Novita
3855,47,-29,0,0,0,5e-06,0.999995,logprobs,Novita
3856,47,-27,0,0,0,3e-06,0.999995,logprobs,Novita
3857,47,-25,0,0,0,1e-06,0.999998,logprobs,Novita
3858,47,-23,0,0,0,5e-06,0.999998,logprobs,Novita
3859,47,-21,0,0,0,9e-06,0.999996,logprobs,Novita
3860,47,-19,0,0,0,,,text,Novita
3861,47,-17,0,0,0,3.1e-05,0.999996,logprobs,Novita
3862,47,-15,0,0,0,2.1e-05,0.999995,logprobs,Novita
3863,47,-13,0,0,0,2.8e-05,0.999994,logprobs,Novita
3864,47,-11,0,0,0,8e-06,0.999979,logprobs,Novita
3865,47,-9,0,0,0,2.8e-05,0.999996,logprobs,Novita
3866,47,-7,0,0,0,9e-06,0.999996,logprobs,Novita
3867,47,-5,0,0,0,9e-06,0.999998,logprobs,Novita
3868,47,-3,0,0,0,,,text,Novita
3869,47,-1,1,1,0,1e-06,0.999998,logprobs,Novita
3870,47,1,1,1,1,0.999904,0.999987,logprobs,Novita
3871,47,3,1,1,1,0.99977,0.999985,logprobs,Novita
3872,47,5,1,1,1,0.999955,0.999945,logprobs,Novita
3873,47,7,1,1,1,0.999704,0.999979,logprobs,Novita
3874,47,9,1,1,1,0.999981,0.999999,logprobs,Novita
3875,47,11,1,1,1,0.999979,0.999989,logprobs,Novita
3876,47,13,1,1,1,0.999569,0.999971,logprobs,Novita
3877,47,15,1,1,1,0.999374,0.999959,logprobs,Novita
3878,47,17,1,1,1,0.999991,0.999998,logprobs,Novita
3879,47,19,1,1,1,0.99996,0.999989,logprobs,Novita
3880,47,21,1,1,1,0.999739,0.99999,logprobs,Novita
3881,47,23,1,1,1,0.99986,0.999989,logprobs,Novita
3882,47,25,1,1,0,,,text,Novita
3883,47,27,1,1,1,0.999447,0.999987,logprobs,Novita
3884,47,29,1,1,0,2.1e-05,0.999993,logprobs,Novita
3885,47,31,1,1,0,0.00117,0.999989,logprobs,Novita
3886,47,33,1,1,0,0,1,logprobs,Novita
3887,47,35,1,1,0,5.8e-05,0.999995,logprobs,Novita
3888,47,37,1,1,1,0.999089,0.999987,logprobs,Novita
3889,47,39,0,0,1,0.998968,0.999992,logprobs,Novita
3890,47,41,1,1,1,0.999512,0.999985,logprobs,Novita
3891,47,43,1,1,1,0.99962,0.999992,logprobs,Novita
3892,47,45,1,1,1,0.999447,0.999987,logprobs,Novita
3893,47,47,1,1,1,,,text,Novita
3894,47,49,1,1,1,0.999842,0.999992,logprobs,Novita
3895,47,51,1,0,1,0.999374,0.999965,logprobs,Novita
3896,47,53,1,1,1,0.99929,0.99998,logprobs,Novita
3897,47,55,1,1,1,0.999955,0.999998,logprobs,Novita
3898,47,57,1,1,1,,,text,Novita
3899,47,59,1,1,1,0.999965,0.999991,logprobs,Novita
3900,47,61,1,1,1,0.999891,0.999991,logprobs,Novita
3901,47,63,1,1,1,0.999891,0.999994,logprobs,Novita
3902,47,65,1,1,1,0.999995,0.999999,logprobs,Novita
3903,47,67,1,1,1,,,text,Novita
3904,47,69,1,1,0,1e-06,0.999996,logprobs,Novita
3905,47,71,1,1,1,0.999877,0.999994,logprobs,Novita
3906,47,73,1,1,1,0.999925,0.999994,logprobs,Novita
3907,47,75,1,1,0,7e-06,0.999998,logprobs,Novita
3908,47,77,1,1,1,0.999965,0.999998,logprobs,Novita
3909,47,79,1,1,0,8e-06,0.999996,logprobs,Novita
3910,47,81,1,1,1,0.99999,0.999998,logprobs,Novita
3911,47,83,1,1,1,0.999877,0.999989,logprobs,Novita
3912,47,85,1,1,1,0.999769,0.999994,logprobs,Novita
3913,47,87,1,1,1,0.998968,0.999962,logprobs,Novita
3914,47,89,1,1,1,,,text,Novita
3915,47,91,1,1,1,0.999739,0.999955,logprobs,Novita
3916,47,93,1,1,1,0.999797,0.999991,logprobs,Novita
3917,47,95,1,1,1,0.999569,0.999993,logprobs,Novita
3918,47,97,1,1,1,0.999089,0.999982,logprobs,Novita
3919,47,99,1,1,1,,,text,Novita
3920,47,101,1,1,1,0.99977,0.99999,logprobs,Novita
3921,47,103,1,1,1,0.999842,0.99999,logprobs,Novita
3922,47,105,1,1,1,0.999797,0.999988,logprobs,Novita
3923,47,107,1,1,1,0.999999,0.999999,logprobs,Novita
3924,47,109,1,1,1,,,text,Novita
3925,47,111,1,1,1,0.999196,0.999981,logprobs,Novita
3926,47,113,1,1,1,0.999196,0.999988,logprobs,Novita
3927,47,115,1,1,1,0.999447,0.999992,logprobs,Novita
3928,47,117,1,1,1,0.999196,0.999987,logprobs,Novita
3929,47,119,1,1,1,,,text,Novita
3930,47,121,1,1,1,,,text,Novita
3931,47,123,1,1,0,,,text,Novita
3932,47,125,1,1,0,1e-06,0.999999,logprobs,Novita
3933,47,127,1,1,0,3e-06,0.999998,logprobs,Novita
3934,47,129,1,1,0,8e-06,0.999994,logprobs,Novita
3935,47,131,1,1,0,2e-06,0.999998,logprobs,Novita
3936,47,133,1,1,1,0.999904,0.999997,logprobs,Novita
3937,47,135,1,1,1,0.999915,0.999979,logprobs,Novita
3938,47,137,1,1,1,0.999374,0.999983,logprobs,Novita
3939,47,139,0,0,1,0.999877,0.99999,logprobs,Novita
3940,47,141,0,0,0,3.1e-05,0.999997,logprobs,Novita
3941,47,143,1,1,1,,,text,Novita
3942,47,145,0,0,0,1e-05,0.999993,logprobs,Novita
3943,47,147,0,0,1,0.998074,0.999974,logprobs,Novita
3944,47,149,0,0,1,0.998675,0.99998,logprobs,Novita
3945,47,151,0,0,0,3.1e-05,0.999993,logprobs,Novita
3946,47,153,0,0,0,,,text,Novita
3947,47,155,0,0,0,1.3e-05,0.999995,logprobs,Novita
3948,47,157,0,0,0,6e-06,0.999997,logprobs,Novita
3949,47,159,0,0,0,,,text,Novita
3950,47,161,0,0,0,5e-06,0.999998,logprobs,Novita
3951,47,163,0,0,0,1e-06,0.999999,logprobs,Novita
3952,47,165,0,0,0,1.7e-05,0.999997,logprobs,Novita
3953,47,167,0,0,0,1.5e-05,0.999997,logprobs,Novita
3954,47,169,0,0,0,1e-05,0.999998,logprobs,Novita
3955,47,171,0,0,0,2e-06,0.999996,logprobs,Novita
3956,47,173,0,0,0,2e-06,0.999997,logprobs,Novita
3957,47,175,0,0,0,1e-06,0.999993,logprobs,Novita
3958,47,177,0,0,0,3e-06,0.999998,logprobs,Novita
3959,47,179,0,0,0,,,text,Novita
3960,45,-179,0,0,0,,,text,Novita
3961,45,-177,0,0,0,1.9e-05,0.999993,logprobs,Novita
3962,45,-175,0,0,0,,,text,Novita
3963,45,-173,0,0,0,5.8e-05,0.999994,logprobs,Novita
3964,45,-171,0,0,0,0,0.999999,logprobs,Novita
3965,45,-169,0,0,0,0,0.999999,logprobs,Novita
3966,45,-167,0,0,0,3e-06,0.999998,logprobs,Novita
3967,45,-165,0,0,0,4e-06,0.999997,logprobs,Novita
3968,45,-163,0,0,1,0.998074,0.999973,logprobs,Novita
3969,45,-161,0,0,0,3e-06,0.999999,logprobs,Novita
3970,45,-159,0,0,0,2e-06,0.999999,logprobs,Novita
3971,45,-157,0,0,0,2e-06,0.999995,logprobs,Novita
3972,45,-155,0,0,0,1e-06,0.999998,logprobs,Novita
3973,45,-153,0,0,0,1.1e-05,0.999988,logprobs,Novita
3974,45,-151,0,0,0,,,text,Novita
3975,45,-149,0,0,0,0,0.999999,logprobs,Novita
3976,45,-147,0,0,0,0,0.999996,logprobs,Novita
3977,45,-145,0,0,0,1e-06,0.999999,logprobs,Novita
3978,45,-143,0,0,1,0.999739,0.99999,logprobs,Novita
3979,45,-141,0,0,0,2e-06,0.999999,logprobs,Novita
3980,45,-139,0,0,0,9e-06,0.999993,logprobs,Novita
3981,45,-137,0,0,0,1e-06,0.999998,logprobs,Novita
3982,45,-135,0,0,0,,,text,Novita
3983,45,-133,0,0,0,3e-06,0.999997,logprobs,Novita
3984,45,-131,0,0,0,7e-06,0.999998,logprobs,Novita
3985,45,-129,0,0,0,1e-06,0.999998,logprobs,Novita
3986,45,-127,0,0,0,4e-06,0.999984,logprobs,Novita
3987,45,-125,0,0,0,5e-06,0.999997,logprobs,Novita
3988,45,-123,1,1,0,3e-06,0.999998,logprobs,Novita
3989,45,-121,1,1,0,0.000158,0.999978,logprobs,Novita
3990,45,-119,1,1,1,0.999374,0.999957,logprobs,Novita
3991,45,-117,1,1,1,0.999569,0.999937,logprobs,Novita
3992,45,-115,1,1,1,0.999904,0.999983,logprobs,Novita
3993,45,-113,1,1,1,0.999991,0.999996,logprobs,Novita
3994,45,-111,1,1,1,0.999991,0.999996,logprobs,Novita
3995,45,-109,1,1,1,0.999797,0.999981,logprobs,Novita
3996,45,-107,1,1,1,0.999374,0.999966,logprobs,Novita
3997,45,-105,1,1,1,,,text,Novita
3998,45,-103,1,1,1,0.99986,0.999994,logprobs,Novita
3999,45,-101,1,1,1,0.999991,0.999995,logprobs,Novita
4000,45,-99,1,1,1,0.99982,0.999974,logprobs,Novita
4001,45,-97,1,1,1,0.999995,0.999998,logprobs,Novita
4002,45,-95,1,1,1,0.999995,0.999985,logprobs,Novita
4003,45,-93,1,1,1,0.999447,0.999934,logprobs,Novita
4004,45,-91,1,1,1,0.998675,0.99988,logprobs,Novita
4005,45,-89,1,1,1,,,text,Novita
4006,45,-87,1,0,1,0.99962,0.999911,logprobs,Novita
4007,45,-85,1,1,0,0.001701,0.9999,logprobs,Novita
4008,45,-83,1,0,0,,,text,Novita
4009,45,-81,1,0,1,0.999904,0.999996,logprobs,Novita
4010,45,-79,1,1,1,,,text,Novita
4011,45,-77,1,1,1,0.990292,0.999962,logprobs,Novita
4012,45,-75,1,1,0,4e-06,0.999998,logprobs,Novita
4013,45,-73,1,1,0,0,0.999999,logprobs,Novita
4014,45,-71,1,1,0,8.5e-05,0.99999,logprobs,Novita
4015,45,-69,1,1,0,1.1e-05,0.999997,logprobs,Novita
4016,45,-67,1,1,0,1.9e-05,0.999993,logprobs,Novita
4017,45,-65,1,1,0,8.5e-05,0.999988,logprobs,Novita
4018,45,-63,1,1,0,,,text,Novita
4019,45,-61,0,0,0,1e-06,0.999999,logprobs,Novita
4020,45,-59,0,0,0,2e-06,0.999999,logprobs,Novita
4021,45,-57,0,0,0,5e-06,0.999996,logprobs,Novita
4022,45,-55,0,0,0,2.8e-05,0.999989,logprobs,Novita
4023,45,-53,0,0,0,8e-06,0.999998,logprobs,Novita
4024,45,-51,0,0,0,,,text,Novita
4025,45,-49,0,0,0,5e-06,0.999994,logprobs,Novita
4026,45,-47,0,0,0,9e-06,0.999995,logprobs,Novita
4027,45,-45,0,0,0,3e-06,0.999993,logprobs,Novita
4028,45,-43,0,0,0,5e-06,0.999993,logprobs,Novita
4029,45,-41,0,0,0,4e-05,0.999987,logprobs,Novita
4030,45,-39,0,0,0,8e-06,0.999996,logprobs,Novita
4031,45,-37,0,0,0,6e-06,0.999996,logprobs,Novita
4032,45,-35,0,0,0,1.9e-05,0.999995,logprobs,Novita
4033,45,-33,0,0,0,1.3e-05,0.999992,logprobs,Novita
4034,45,-31,0,0,0,8e-06,0.999994,logprobs,Novita
4035,45,-29,0,0,0,3.1e-05,0.999987,logprobs,Novita
4036,45,-27,0,0,0,9.6e-05,0.99999,logprobs,Novita
4037,45,-25,0,0,0,9e-06,0.999997,logprobs,Novita
4038,45,-23,0,0,0,5.1e-05,0.999992,logprobs,Novita
4039,45,-21,0,0,0,2.4e-05,0.999985,logprobs,Novita
4040,45,-19,0,0,0,5e-06,0.999997,logprobs,Novita
4041,45,-17,0,0,0,2e-06,0.999999,logprobs,Novita
4042,45,-15,0,0,0,1.1e-05,0.999995,logprobs,Novita
4043,45,-13,0,0,0,3.5e-05,0.999992,logprobs,Novita
4044,45,-11,0,0,0,5e-06,0.999995,logprobs,Novita
4045,45,-9,0,0,0,2.1e-05,0.999997,logprobs,Novita
4046,45,-7,0,0,0,,,text,Novita
4047,45,-5,0,0,0,2e-06,0.999999,logprobs,Novita
4048,45,-3,0,0,0,1.7e-05,0.999993,logprobs,Novita
4049,45,-1,1,1,0,,,text,Novita
4050,45,1,1,1,1,0.999991,0.999991,logprobs,Novita
4051,45,3,1,1,1,0.999999,0.999988,logprobs,Novita
4052,45,5,1,1,1,,,text,Novita
4053,45,7,1,1,1,,,text,Novita
4054,45,9,1,1,1,,,text,Novita
4055,45,11,1,1,1,,,text,Novita
4056,45,13,0,0,1,0.999704,0.999985,logprobs,Novita
4057,45,15,1,1,1,0.999512,0.999977,logprobs,Novita
4058,45,17,1,1,1,0.999991,0.999997,logprobs,Novita
4059,45,19,1,1,1,0.999374,0.999963,logprobs,Novita
4060,45,21,1,1,1,0.998675,0.999968,logprobs,Novita
4061,45,23,1,1,1,0.99996,0.999966,logprobs,Novita
4062,45,25,1,1,0,0,0.999998,logprobs,Novita
4063,45,27,1,1,0,0,0.999999,logprobs,Novita
4064,45,29,1,1,0,4e-06,0.999986,logprobs,Novita
4065,45,31,0,0,1,0.99977,0.99997,logprobs,Novita
4066,45,33,0,0,1,0.998675,0.999967,logprobs,Novita
4067,45,35,1,1,0,3e-06,0.999999,logprobs,Novita
4068,45,37,0,0,1,0.999704,0.999978,logprobs,Novita
4069,45,39,1,1,1,0.999797,0.999986,logprobs,Novita
4070,45,41,1,1,1,0.99977,0.999967,logprobs,Novita
4071,45,43,1,1,1,0.999997,0.999998,logprobs,Novita
4072,45,45,1,1,0,3e-06,0.999998,logprobs,Novita
4073,45,47,1,1,1,0.998831,0.999965,logprobs,Novita
4074,45,49,1,0,0,,,text,Novita
4075,45,51,1,0,1,0.99986,0.999934,logprobs,Novita
4076,45,53,1,1,1,0.999904,0.999992,logprobs,Novita
4077,45,55,1,1,1,0.999877,0.999988,logprobs,Novita
4078,45,57,1,1,0,1.3e-05,0.999998,logprobs,Novita
4079,45,59,1,1,0,3e-06,0.999998,logprobs,Novita
4080,45,61,1,1,1,0.999987,0.999996,logprobs,Novita
4081,45,63,1,1,1,0.99996,0.99999,logprobs,Novita
4082,45,65,1,1,1,,,text,Novita
4083,45,67,1,1,1,0.99929,0.999966,logprobs,Novita
4084,45,69,1,1,1,0.99996,0.999993,logprobs,Novita
4085,45,71,1,1,0,,,text,Novita
4086,45,73,1,1,0,3e-06,0.999997,logprobs,Novita
4087,45,75,1,1,0,3e-06,0.999995,logprobs,Novita
4088,45,77,1,1,1,0.999997,0.999997,logprobs,Novita
4089,45,79,1,1,1,0.999981,0.999988,logprobs,Novita
4090,45,81,1,1,0,,,text,Novita
4091,45,83,1,1,1,0.99986,0.999936,logprobs,Novita
4092,45,85,1,1,1,0.999196,0.999953,logprobs,Novita
4093,45,87,1,1,0,,,text,Novita
4094,45,89,1,1,1,0.999891,0.99999,logprobs,Novita
4095,45,91,1,1,1,0.99996,0.999969,logprobs,Novita
4096,45,93,1,1,1,0.999976,0.999983,logprobs,Novita
4097,45,95,1,1,1,0.999985,0.999998,logprobs,Novita
4098,45,97,1,1,1,0.999797,0.999985,logprobs,Novita
4099,45,99,1,1,1,,,text,Novita
4100,45,101,1,1,1,0.999891,0.999887,logprobs,Novita
4101,45,103,1,1,1,0.99977,0.999937,logprobs,Novita
4102,45,105,1,1,1,0.999995,0.999997,logprobs,Novita
4103,45,107,1,1,1,,,text,Novita
4104,45,109,1,1,1,0.999891,0.99997,logprobs,Novita
4105,45,111,1,1,1,0.99962,0.999966,logprobs,Novita
4106,45,113,1,1,1,,,text,Novita
4107,45,115,1,1,1,0.999955,0.999927,logprobs,Novita
4108,45,117,1,1,1,0.99996,0.999961,logprobs,Novita
4109,45,119,1,1,1,0.999976,0.999991,logprobs,Novita
4110,45,121,1,1,1,0.99986,0.999972,logprobs,Novita
4111,45,123,1,1,0,,,text,Novita
4112,45,125,1,1,0,1e-05,0.999992,logprobs,Novita
4113,45,127,1,1,0,8e-06,0.999997,logprobs,Novita
4114,45,129,1,1,1,0.996828,0.999919,logprobs,Novita
4115,45,131,1,1,1,0.999934,0.999982,logprobs,Novita
4116,45,133,1,1,1,0.999196,0.999983,logprobs,Novita
4117,45,135,1,1,0,5e-06,0.999998,logprobs,Novita
4118,45,137,0,0,1,0.999196,0.999952,logprobs,Novita
4119,45,139,0,0,1,0.99962,0.999979,logprobs,Novita
4120,45,141,0,0,1,0.99929,0.999977,logprobs,Novita
4121,45,143,0,0,1,0.998675,0.999932,logprobs,Novita
4122,45,145,0,0,0,1e-05,0.999975,logprobs,Novita
4123,45,147,0,0,0,3e-06,0.999997,logprobs,Novita
4124,45,149,0,0,1,0.997818,0.999953,logprobs,Novita
4125,45,151,0,0,0,1e-06,0.999996,logprobs,Novita
4126,45,153,0,0,0,2e-06,0.999996,logprobs,Novita
4127,45,155,0,0,0,,,text,Novita
4128,45,157,0,0,0,3.5e-05,0.999984,logprobs,Novita
4129,45,159,0,0,0,1e-06,0.999995,logprobs,Novita
4130,45,161,0,0,0,5e-06,0.999994,logprobs,Novita
4131,45,163,0,0,0,,,text,Novita
4132,45,165,0,0,0,3e-06,0.999994,logprobs,Novita
4133,45,167,0,0,0,1e-06,0.999994,logprobs,Novita
4134,45,169,0,0,0,1.9e-05,0.999999,logprobs,Novita
4135,45,171,0,0,0,,,text,Novita
4136,45,173,0,0,0,6e-06,0.999979,logprobs,Novita
4137,45,175,0,0,0,,,text,Novita
4138,45,177,0,0,0,9e-06,0.999998,logprobs,Novita
4139,45,179,0,0,0,1.5e-05,0.999996,logprobs,Novita
4140,43,-179,0,0,0,1e-06,0.999999,logprobs,Novita
4141,43,-177,0,0,0,2e-06,0.999999,logprobs,Novita
4142,43,-175,0,0,0,1e-05,0.999998,logprobs,Novita
4143,43,-173,0,0,0,1.1e-05,0.999996,logprobs,Novita
4144,43,-171,0,0,0,5e-06,0.999995,logprobs,Novita
4145,43,-169,0,0,0,4.5e-05,0.99999,logprobs,Novita
4146,43,-167,0,0,0,1e-06,0.999999,logprobs,Novita
4147,43,-165,0,0,0,4e-06,0.999997,logprobs,Novita
4148,43,-163,0,0,0,,,text,Novita
4149,43,-161,0,0,0,3e-06,0.999997,logprobs,Novita
4150,43,-159,0,0,0,1.1e-05,0.999997,logprobs,Novita
4151,43,-157,0,0,0,1e-06,0.999999,logprobs,Novita
4152,43,-155,0,0,0,0,0.999998,logprobs,Novita
4153,43,-153,0,0,0,,,text,Novita
4154,43,-151,0,0,0,,,text,Novita
4155,43,-149,0,0,0,,,text,Novita
4156,43,-147,0,0,0,9.6e-05,0.999988,logprobs,Novita
4157,43,-145,0,0,0,5e-06,0.999988,logprobs,Novita
4158,43,-143,0,0,0,3.1e-05,0.999991,logprobs,Novita
4159,43,-141,0,0,0,6.6e-05,0.999998,logprobs,Novita
4160,43,-139,0,0,0,5.1e-05,0.999987,logprobs,Novita
4161,43,-137,0,0,0,2.1e-05,0.999995,logprobs,Novita
4162,43,-135,0,0,0,0.00018,0.999994,logprobs,Novita
4163,43,-133,0,0,0,2.4e-05,0.999983,logprobs,Novita
4164,43,-131,0,0,0,1e-06,0.999999,logprobs,Novita
4165,43,-129,0,0,0,3.1e-05,0.999996,logprobs,Novita
4166,43,-127,0,0,0,,,text,Novita
4167,43,-125,0,0,0,3.1e-05,0.999984,logprobs,Novita
4168,43,-123,1,1,0,5.1e-05,0.999989,logprobs,Novita
4169,43,-121,1,1,1,0.999998,0.999998,logprobs,Novita
4170,43,-119,1,1,1,0.999995,0.999989,logprobs,Novita
4171,43,-117,1,1,1,0.999987,0.999998,logprobs,Novita
4172,43,-115,1,1,1,0.999996,0.999998,logprobs,Novita
4173,43,-113,1,1,1,0.999955,0.999983,logprobs,Novita
4174,43,-111,1,1,1,0.999995,0.999997,logprobs,Novita
4175,43,-109,1,1,1,0.999949,0.999976,logprobs,Novita
4176,43,-107,1,1,1,0.999987,0.999993,logprobs,Novita
4177,43,-105,1,1,1,0.999995,0.999997,logprobs,Novita
4178,43,-103,1,1,1,0.999997,0.999999,logprobs,Novita
4179,43,-101,1,1,1,,,text,Novita
4180,43,-99,1,1,1,,,text,Novita
4181,43,-97,1,1,1,0.999942,0.999986,logprobs,Novita
4182,43,-95,1,1,1,0.99996,0.999985,logprobs,Novita
4183,43,-93,1,1,1,,,text,Novita
4184,43,-91,1,1,1,0.998968,0.999967,logprobs,Novita
4185,43,-89,1,1,1,,,text,Novita
4186,43,-87,1,0,1,0.99982,0.999943,logprobs,Novita
4187,43,-85,1,1,1,0.999949,0.999979,logprobs,Novita
4188,43,-83,1,1,0,2e-06,0.999999,logprobs,Novita
4189,43,-81,1,1,0,3e-06,0.999999,logprobs,Novita
4190,43,-79,1,1,0,0.000431,0.999987,logprobs,Novita
4191,43,-77,1,1,0,0.000231,0.999993,logprobs,Novita
4192,43,-75,1,1,1,0.997817,0.999967,logprobs,Novita
4193,43,-73,1,1,1,0.99929,0.999984,logprobs,Novita
4194,43,-71,1,1,0,3e-06,0.999998,logprobs,Novita
4195,43,-69,0,0,0,2e-06,0.999999,logprobs,Novita
4196,43,-67,0,0,0,,,text,Novita
4197,43,-65,0,0,0,6e-06,0.999998,logprobs,Novita
4198,43,-63,0,0,0,,,text,Novita
4199,43,-61,0,0,0,6e-06,0.999994,logprobs,Novita
4200,43,-59,0,0,0,1e-06,0.999996,logprobs,Novita
4201,43,-57,0,0,0,3e-06,0.999999,logprobs,Novita
4202,43,-55,0,0,0,1e-06,0.999999,logprobs,Novita
4203,43,-53,0,0,0,,,text,Novita
4204,43,-51,0,0,0,4e-06,0.999995,logprobs,Novita
4205,43,-49,0,0,0,3e-06,0.999995,logprobs,Novita
4206,43,-47,0,0,0,,,text,Novita
4207,43,-45,0,0,0,1e-05,0.999993,logprobs,Novita
4208,43,-43,0,0,0,1.5e-05,0.999994,logprobs,Novita
4209,43,-41,0,0,0,,,text,Novita
4210,43,-39,0,0,0,1.5e-05,0.999998,logprobs,Novita
4211,43,-37,0,0,0,2.4e-05,0.999983,logprobs,Novita
4212,43,-35,0,0,0,,,text,Novita
4213,43,-33,0,0,0,6.6e-05,0.999991,logprobs,Novita
4214,43,-31,0,0,0,6e-06,0.999997,logprobs,Novita
4215,43,-29,0,0,0,1.9e-05,0.999993,logprobs,Novita
4216,43,-27,0,0,0,4e-06,0.999992,logprobs,Novita
4217,43,-25,0,0,0,5e-06,0.999997,logprobs,Novita
4218,43,-23,0,0,0,0.00014,0.999986,logprobs,Novita
4219,43,-21,0,0,0,,,text,Novita
4220,43,-19,0,0,0,6e-06,0.999995,logprobs,Novita
4221,43,-17,0,0,0,1e-06,0.999999,logprobs,Novita
4222,43,-15,0,0,0,5.8e-05,0.999987,logprobs,Novita
4223,43,-13,0,0,0,0.00018,0.99999,logprobs,Novita
4224,43,-11,0,0,0,2.8e-05,0.999994,logprobs,Novita
4225,43,-9,1,1,0,1e-05,0.999998,logprobs,Novita
4226,43,-7,1,1,0,,,text,Novita
4227,43,-5,1,1,0,,,text,Novita
4228,43,-3,1,1,0,3e-06,0.999996,logprobs,Novita
4229,43,-1,1,1,0,4e-06,0.999999,logprobs,Novita
4230,43,1,1,1,1,,,text,Novita
4231,43,3,1,1,0,1.1e-05,0.999997,logprobs,Novita
4232,43,5,0,0,0,,,text,Novita
4233,43,7,0,0,1,0.999374,0.999951,logprobs,Novita
4234,43,9,0,0,1,0.999665,0.999962,logprobs,Novita
4235,43,11,1,1,1,0.999704,0.999939,logprobs,Novita
4236,43,13,1,1,1,,,text,Novita
4237,43,15,0,0,0,2.1e-05,0.999983,logprobs,Novita
4238,43,17,0,0,1,0.999904,0.999995,logprobs,Novita
4239,43,19,1,1,0,2e-06,0.999998,logprobs,Novita
4240,43,21,1,1,1,,,text,Novita
4241,43,23,1,1,1,0.999915,0.999972,logprobs,Novita
4242,43,25,1,1,0,3.5e-05,0.999982,logprobs,Novita
4243,43,27,1,1,0,5.1e-05,0.999995,logprobs,Novita
4244,43,29,0,0,0,0,1,logprobs,Novita
4245,43,31,0,0,0,4.5e-05,0.999989,logprobs,Novita
4246,43,33,0,0,0,2e-06,0.999999,logprobs,Novita
4247,43,35,0,0,0,1e-05,0.999997,logprobs,Novita
4248,43,37,0,0,0,1e-06,0.999999,logprobs,Novita
4249,43,39,0,0,1,0.999797,0.999984,logprobs,Novita
4250,43,41,1,1,0,0,0.999999,logprobs,Novita
4251,43,43,1,1,1,0.998499,0.999954,logprobs,Novita
4252,43,45,1,1,0,1e-06,0.999999,logprobs,Novita
4253,43,47,1,1,0,2e-06,0.999999,logprobs,Novita
4254,43,49,1,0,1,0.998675,0.999948,logprobs,Novita
4255,43,51,1,0,1,0.999987,0.999997,logprobs,Novita
4256,43,53,1,1,1,0.99982,0.999971,logprobs,Novita
4257,43,55,1,1,1,0.999447,0.999985,logprobs,Novita
4258,43,57,1,1,1,0.999985,0.999999,logprobs,Novita
4259,43,59,1,1,0,4e-06,0.999999,logprobs,Novita
4260,43,61,1,1,0,5e-06,0.999996,logprobs,Novita
4261,43,63,1,1,0,,,text,Novita
4262,43,65,1,1,1,0.99929,0.999989,logprobs,Novita
4263,43,67,1,1,1,0.99986,0.999825,logprobs,Novita
4264,43,69,1,1,1,0.999842,0.999984,logprobs,Novita
4265,43,71,1,1,0,,,text,Novita
4266,43,73,1,1,1,0.999915,0.999997,logprobs,Novita
4267,43,75,1,1,1,0.999995,0.999991,logprobs,Novita
4268,43,77,1,1,1,0.999739,0.999974,logprobs,Novita
4269,43,79,1,1,0,0.000335,0.999991,logprobs,Novita
4270,43,81,1,1,0,,,text,Novita
4271,43,83,1,1,1,0.999512,0.999991,logprobs,Novita
4272,43,85,1,1,1,0.999704,0.999973,logprobs,Novita
4273,43,87,1,1,1,0.999955,0.99999,logprobs,Novita
4274,43,89,1,1,1,0.999997,0.999996,logprobs,Novita
4275,43,91,1,1,1,,,text,Novita
4276,43,93,1,1,1,,,text,Novita
4277,43,95,1,1,1,0.999925,0.99991,logprobs,Novita
4278,43,97,1,1,1,0.999447,0.999976,logprobs,Novita
4279,43,99,1,1,1,0.998675,0.999971,logprobs,Novita
4280,43,101,1,1,1,,,text,Novita
4281,43,103,1,1,1,0.999925,0.999965,logprobs,Novita
4282,43,105,1,1,1,0.998831,0.999972,logprobs,Novita
4283,43,107,1,1,1,0.999999,0.999998,logprobs,Novita
4284,43,109,1,1,1,,,text,Novita
4285,43,111,1,1,1,1,0.999999,logprobs,Novita
4286,43,113,1,1,1,0.999739,0.99997,logprobs,Novita
4287,43,115,1,1,1,0.99982,0.999943,logprobs,Novita
4288,43,117,1,1,1,0.999512,0.999972,logprobs,Novita
4289,43,119,1,1,1,,,text,Novita
4290,43,121,1,1,1,1,0.999999,logprobs,Novita
4291,43,123,1,1,1,0.999976,0.99999,logprobs,Novita
4292,43,125,1,1,0,1e-06,0.999999,logprobs,Novita
4293,43,127,1,1,1,,,text,Novita
4294,43,129,1,1,0,5.8e-05,0.999996,logprobs,Novita
4295,43,131,1,1,0,,,text,Novita
4296,43,133,1,1,1,0.999994,0.999996,logprobs,Novita
4297,43,135,0,0,0,2.1e-05,0.999996,logprobs,Novita
4298,43,137,0,0,1,0.999955,0.999989,logprobs,Novita
4299,43,139,0,0,1,0.999797,0.999918,logprobs,Novita
4300,43,141,1,1,1,,,text,Novita
4301,43,143,1,1,0,1.9e-05,0.999985,logprobs,Novita
4302,43,145,1,1,0,,,text,Novita
4303,43,147,0,0,0,,,text,Novita
4304,43,149,0,0,1,0.999704,0.999982,logprobs,Novita
4305,43,151,0,0,0,,,text,Novita
4306,43,153,0,0,0,,,text,Novita
4307,43,155,0,0,0,0.000109,0.999992,logprobs,Novita
4308,43,157,0,0,0,1e-06,0.999998,logprobs,Novita
4309,43,159,0,0,0,,,text,Novita
4310,43,161,0,0,0,9e-06,0.999999,logprobs,Novita
4311,43,163,0,0,0,1.7e-05,0.999988,logprobs,Novita
4312,43,165,0,0,0,2e-06,0.999998,logprobs,Novita
4313,43,167,0,0,0,,,text,Novita
4314,43,169,0,0,0,4e-05,0.999996,logprobs,Novita
4315,43,171,0,0,0,4.5e-05,0.999992,logprobs,Novita
4316,43,173,0,0,0,0,0.999999,logprobs,Novita
4317,43,175,0,0,0,4e-06,0.999998,logprobs,Novita
4318,43,177,0,0,0,,,text,Novita
4319,43,179,0,0,0,,,text,Novita
4320,41,-179,0,0,0,,,text,Novita
4321,41,-177,0,0,0,0,0.999999,logprobs,Novita
4322,41,-175,0,0,0,0,0.999999,logprobs,Novita
4323,41,-173,0,0,0,2e-06,0.999997,logprobs,Novita
4324,41,-171,0,0,0,,,text,Novita
4325,41,-169,0,0,0,1e-06,0.999999,logprobs,Novita
4326,41,-167,0,0,0,5.8e-05,0.999988,logprobs,Novita
4327,41,-165,0,0,0,5.1e-05,0.999994,logprobs,Novita
4328,41,-163,0,0,0,9.6e-05,0.999993,logprobs,Novita
4329,41,-161,0,0,0,,,text,Novita
4330,41,-159,0,0,0,1.1e-05,0.999986,logprobs,Novita
4331,41,-157,0,0,0,1e-06,0.999998,logprobs,Novita
4332,41,-155,0,0,0,1e-05,0.999943,logprobs,Novita
4333,41,-153,0,0,0,2.1e-05,0.999995,logprobs,Novita
4334,41,-151,0,0,0,,,text,Novita
4335,41,-149,0,0,1,0.999704,0.999996,logprobs,Novita
4336,41,-147,0,0,0,3e-06,0.999984,logprobs,Novita
4337,41,-145,0,0,0,,,text,Novita
4338,41,-143,0,0,0,2.8e-05,0.999984,logprobs,Novita
4339,41,-141,0,0,0,,,text,Novita
4340,41,-139,0,0,0,2.8e-05,0.999983,logprobs,Novita
4341,41,-137,0,0,0,2e-06,0.999998,logprobs,Novita
4342,41,-135,0,0,0,3.1e-05,0.999993,logprobs,Novita
4343,41,-133,0,0,0,1.3e-05,0.999996,logprobs,Novita
4344,41,-131,0,0,0,6e-06,0.999998,logprobs,Novita
4345,41,-129,0,0,0,2.1e-05,0.999995,logprobs,Novita
4346,41,-127,0,0,0,2e-06,0.999996,logprobs,Novita
4347,41,-125,0,0,0,,,text,Novita
4348,41,-123,1,1,1,0.999842,0.999978,logprobs,Novita
4349,41,-121,1,1,1,0.999992,0.999995,logprobs,Novita
4350,41,-119,1,1,1,,,text,Novita
4351,41,-117,1,1,1,0.999994,0.999994,logprobs,Novita
4352,41,-115,1,1,1,0.999983,0.999996,logprobs,Novita
4353,41,-113,1,1,1,0.998073,0.999954,logprobs,Novita
4354,41,-111,1,1,1,0.99999,0.999997,logprobs,Novita
4355,41,-109,1,1,1,0.999993,0.999999,logprobs,Novita
4356,41,-107,1,1,1,0.999987,0.999998,logprobs,Novita
4357,41,-105,1,1,1,0.999995,0.999993,logprobs,Novita
4358,41,-103,1,1,1,,,text,Novita
4359,41,-101,1,1,1,0.999997,0.999997,logprobs,Novita
4360,41,-99,1,1,1,0.999992,0.999998,logprobs,Novita
4361,41,-97,1,1,1,0.999989,0.999991,logprobs,Novita
4362,41,-95,1,1,1,0.999981,0.999998,logprobs,Novita
4363,41,-93,1,1,1,0.999904,0.999986,logprobs,Novita
4364,41,-91,1,1,1,0.999999,0.999997,logprobs,Novita
4365,41,-89,1,1,1,0.999999,0.999998,logprobs,Novita
4366,41,-87,1,1,1,0.999997,0.999997,logprobs,Novita
4367,41,-85,1,1,1,0.999665,0.999985,logprobs,Novita
4368,41,-83,1,1,1,0.999985,0.999998,logprobs,Novita
4369,41,-81,1,1,0,,,text,Novita
4370,41,-79,1,1,1,0.999993,0.999998,logprobs,Novita
4371,41,-77,1,1,1,0.999969,0.999993,logprobs,Novita
4372,41,-75,1,1,1,0.999996,0.999998,logprobs,Novita
4373,41,-73,0,0,0,2e-06,0.999997,logprobs,Novita
4374,41,-71,0,0,1,0.999447,0.999953,logprobs,Novita
4375,41,-69,0,0,0,,,text,Novita
4376,41,-67,0,0,0,6.6e-05,0.999982,logprobs,Novita
4377,41,-65,0,0,0,5.1e-05,0.999994,logprobs,Novita
4378,41,-63,0,0,0,6e-06,0.999993,logprobs,Novita
4379,41,-61,0,0,0,1.5e-05,0.999997,logprobs,Novita
4380,41,-59,0,0,0,3e-06,0.999999,logprobs,Novita
4381,41,-57,0,0,0,5e-06,0.999998,logprobs,Novita
4382,41,-55,0,0,0,2.4e-05,0.999994,logprobs,Novita
4383,41,-53,0,0,0,8e-06,0.999995,logprobs,Novita
4384,41,-51,0,0,0,1.3e-05,0.999996,logprobs,Novita
4385,41,-49,0,0,0,1.9e-05,0.999997,logprobs,Novita
4386,41,-47,0,0,0,2e-06,0.999996,logprobs,Novita
4387,41,-45,0,0,0,5e-06,0.999999,logprobs,Novita
4388,41,-43,0,0,0,1.5e-05,0.999995,logprobs,Novita
4389,41,-41,0,0,0,4e-06,0.999999,logprobs,Novita
4390,41,-39,0,0,0,1.3e-05,0.999996,logprobs,Novita
4391,41,-37,0,0,0,3.5e-05,0.999996,logprobs,Novita
4392,41,-35,0,0,0,1.1e-05,0.999998,logprobs,Novita
4393,41,-33,0,0,0,4e-06,0.999998,logprobs,Novita
4394,41,-31,0,0,0,,,text,Novita
4395,41,-29,0,0,0,3e-06,0.999998,logprobs,Novita
4396,41,-27,0,0,0,5e-06,0.999998,logprobs,Novita
4397,41,-25,0,0,0,,,text,Novita
4398,41,-23,0,0,0,3.1e-05,0.999989,logprobs,Novita
4399,41,-21,0,0,0,2e-06,0.999999,logprobs,Novita
4400,41,-19,0,0,0,5e-06,0.999996,logprobs,Novita
4401,41,-17,0,0,0,2.4e-05,0.999994,logprobs,Novita
4402,41,-15,0,0,0,6e-06,0.999998,logprobs,Novita
4403,41,-13,0,0,0,4.5e-05,0.999987,logprobs,Novita
4404,41,-11,0,0,0,2.8e-05,0.999991,logprobs,Novita
4405,41,-9,0,0,0,,,text,Novita
4406,41,-7,1,1,0,4e-05,0.999992,logprobs,Novita
4407,41,-5,1,1,0,8e-06,0.999997,logprobs,Novita
4408,41,-3,1,1,0,4.5e-05,0.999999,logprobs,Novita
4409,41,-1,1,1,1,,,text,Novita
4410,41,1,0,0,0,7e-06,0.999998,logprobs,Novita
4411,41,3,0,0,1,0.999996,0.999994,logprobs,Novita
4412,41,5,0,0,0,3.1e-05,0.999997,logprobs,Novita
4413,41,7,0,0,0,7e-06,0.999995,logprobs,Novita
4414,41,9,1,1,0,1.5e-05,0.999994,logprobs,Novita
4415,41,11,0,0,1,0.999089,0.999976,logprobs,Novita
4416,41,13,0,0,0,6e-06,0.999998,logprobs,Novita
4417,41,15,1,1,0,9e-06,0.999997,logprobs,Novita
4418,41,17,1,1,0,1.9e-05,0.999995,logprobs,Novita
4419,41,19,0,0,1,0.999995,0.999999,logprobs,Novita
4420,41,21,1,0,1,,,text,Novita
4421,41,23,1,1,0,1e-06,0.999999,logprobs,Novita
4422,41,25,1,1,0,7e-06,0.999998,logprobs,Novita
4423,41,27,1,1,1,0.999891,0.999984,logprobs,Novita
4424,41,29,0,0,0,0,0.999998,logprobs,Novita
4425,41,31,1,1,0,3e-06,0.999999,logprobs,Novita
4426,41,33,1,1,1,0.998831,0.999958,logprobs,Novita
4427,41,35,1,1,0,1e-06,0.999999,logprobs,Novita
4428,41,37,1,1,1,0.998299,0.999969,logprobs,Novita
4429,41,39,1,1,1,,,text,Novita
4430,41,41,1,1,0,3e-06,0.999998,logprobs,Novita
4431,41,43,1,1,0,4e-05,0.999994,logprobs,Novita
4432,41,45,1,1,1,0.999374,0.999959,logprobs,Novita
4433,41,47,1,1,0,,,text,Novita
4434,41,49,1,1,0,4e-05,0.999997,logprobs,Novita
4435,41,51,1,0,1,,,text,Novita
4436,41,53,1,1,1,0.999877,0.999997,logprobs,Novita
4437,41,55,1,1,0,,,text,Novita
4438,41,57,1,1,1,0.999979,0.999994,logprobs,Novita
4439,41,59,1,1,1,0.999196,0.999975,logprobs,Novita
4440,41,61,1,1,0,1.5e-05,0.999994,logprobs,Novita
4441,41,63,1,1,0,,,text,Novita
4442,41,65,1,1,1,0.999196,0.999959,logprobs,Novita
4443,41,67,1,1,0,1.5e-05,0.999998,logprobs,Novita
4444,41,69,1,1,1,0.999877,0.999988,logprobs,Novita
4445,41,71,1,1,0,1.5e-05,0.999998,logprobs,Novita
4446,41,73,1,1,0,0,1,logprobs,Novita
4447,41,75,1,1,1,0.999877,0.999993,logprobs,Novita
4448,41,77,1,1,1,0.999981,0.999999,logprobs,Novita
4449,41,79,1,1,1,,,text,Novita
4450,41,81,1,1,1,,,text,Novita
4451,41,83,1,1,1,0.999991,0.999999,logprobs,Novita
4452,41,85,1,1,1,0.999739,0.999983,logprobs,Novita
4453,41,87,1,1,1,,,text,Novita
4454,41,89,1,1,1,,,text,Novita
4455,41,91,1,1,1,0.999374,0.999976,logprobs,Novita
4456,41,93,1,1,1,0.999877,0.99999,logprobs,Novita
4457,41,95,1,1,1,0.999989,0.999998,logprobs,Novita
4458,41,97,1,1,1,0.999996,0.999996,logprobs,Novita
4459,41,99,1,1,1,0.999972,0.999992,logprobs,Novita
4460,41,101,1,1,1,0.999981,0.999996,logprobs,Novita
4461,41,103,1,1,1,0.999987,0.999996,logprobs,Novita
4462,41,105,1,1,1,0.999998,0.999998,logprobs,Novita
4463,41,107,1,1,1,0.999996,0.999999,logprobs,Novita
4464,41,109,1,1,1,0.99986,0.999993,logprobs,Novita
4465,41,111,1,1,1,0.999934,0.999989,logprobs,Novita
4466,41,113,1,1,1,,,text,Novita
4467,41,115,1,1,1,,,text,Novita
4468,41,117,1,1,1,,,text,Novita
4469,41,119,1,1,1,0.999196,0.999991,logprobs,Novita
4470,41,121,1,1,1,0.999904,0.999988,logprobs,Novita
4471,41,123,1,1,1,0.999996,0.999996,logprobs,Novita
4472,41,125,1,1,0,0,0.999999,logprobs,Novita
4473,41,127,1,1,0,4e-05,0.999991,logprobs,Novita
4474,41,129,1,1,0,2.4e-05,0.999998,logprobs,Novita
4475,41,131,0,0,1,0.999942,0.999996,logprobs,Novita
4476,41,133,0,0,1,0.999993,0.999999,logprobs,Novita
4477,41,135,0,0,0,1.7e-05,0.999995,logprobs,Novita
4478,41,137,0,0,1,0.999089,0.99999,logprobs,Novita
4479,41,139,0,0,1,,,text,Novita
4480,41,141,0,0,0,,,text,Novita
4481,41,143,0,0,1,0.999915,0.999997,logprobs,Novita
4482,41,145,0,0,0,9e-06,0.999992,logprobs,Novita
4483,41,147,0,0,0,,,text,Novita
4484,41,149,0,0,1,0.99962,0.999947,logprobs,Novita
4485,41,151,0,0,0,1.1e-05,0.999983,logprobs,Novita
4486,41,153,0,0,0,2e-06,0.999997,logprobs,Novita
4487,41,155,0,0,0,3.1e-05,0.999978,logprobs,Novita
4488,41,157,0,0,0,3e-06,0.999996,logprobs,Novita
4489,41,159,0,0,0,5e-06,0.999997,logprobs,Novita
4490,41,161,0,0,0,2e-06,0.999998,logprobs,Novita
4491,41,163,0,0,0,1e-06,0.999998,logprobs,Novita
4492,41,165,0,0,0,1e-06,0.999996,logprobs,Novita
4493,41,167,0,0,0,6e-06,0.999978,logprobs,Novita
4494,41,169,0,0,0,,,text,Novita
4495,41,171,0,0,0,1e-06,1,logprobs,Novita
4496,41,173,0,0,0,1e-06,0.999999,logprobs,Novita
4497,41,175,0,0,0,2e-06,0.999998,logprobs,Novita
4498,41,177,0,0,0,4e-06,0.999998,logprobs,Novita
4499,41,179,0,0,0,3e-06,0.999995,logprobs,Novita
4500,39,-179,0,0,0,2e-06,0.999998,logprobs,Novita
4501,39,-177,0,0,0,2e-06,0.999996,logprobs,Novita
4502,39,-175,0,0,0,,,text,Novita
4503,39,-173,0,0,0,7e-06,0.999996,logprobs,Novita
4504,39,-171,0,0,0,7e-06,0.999997,logprobs,Novita
4505,39,-169,0,0,0,4e-06,0.999998,logprobs,Novita
4506,39,-167,0,0,0,2e-06,0.999986,logprobs,Novita
4507,39,-165,0,0,0,7e-06,0.999995,logprobs,Novita
4508,39,-163,0,0,0,4e-06,0.999992,logprobs,Novita
4509,39,-161,0,0,0,,,text,Novita
4510,39,-159,0,0,0,,,text,Novita
4511,39,-157,0,0,0,2e-06,0.999996,logprobs,Novita
4512,39,-155,0,0,0,1e-05,0.999993,logprobs,Novita
4513,39,-153,0,0,0,1e-06,0.999993,logprobs,Novita
4514,39,-151,0,0,0,1e-06,0.999998,logprobs,Novita
4515,39,-149,0,0,1,0.999665,0.999983,logprobs,Novita
4516,39,-147,0,0,0,,,text,Novita
4517,39,-145,0,0,0,2e-06,0.999993,logprobs,Novita
4518,39,-143,0,0,0,2.1e-05,0.999997,logprobs,Novita
4519,39,-141,0,0,0,,,text,Novita
4520,39,-139,0,0,0,9e-06,0.999996,logprobs,Novita
4521,39,-137,0,0,0,5.1e-05,0.999996,logprobs,Novita
4522,39,-135,0,0,0,1.3e-05,0.999991,logprobs,Novita
4523,39,-133,0,0,0,1e-06,0.999998,logprobs,Novita
4524,39,-131,0,0,0,,,text,Novita
4525,39,-129,0,0,0,3e-06,0.999998,logprobs,Novita
4526,39,-127,0,0,0,1.7e-05,0.999995,logprobs,Novita
4527,39,-125,0,0,0,3.5e-05,0.999987,logprobs,Novita
4528,39,-123,1,1,1,0.999891,0.999967,logprobs,Novita
4529,39,-121,1,1,1,0.999999,0.999999,logprobs,Novita
4530,39,-119,1,1,1,0.999999,0.999998,logprobs,Novita
4531,39,-117,1,1,1,0.99977,0.999958,logprobs,Novita
4532,39,-115,1,1,1,0.999992,0.999994,logprobs,Novita
4533,39,-113,1,1,1,0.999999,0.999993,logprobs,Novita
4534,39,-111,1,1,1,0.999965,0.999995,logprobs,Novita
4535,39,-109,1,1,1,0.99999,0.999998,logprobs,Novita
4536,39,-107,1,1,1,0.99962,0.999977,logprobs,Novita
4537,39,-105,1,1,1,0.999891,0.999973,logprobs,Novita
4538,39,-103,1,1,1,0.999997,0.999998,logprobs,Novita
4539,39,-101,1,1,1,,,text,Novita
4540,39,-99,1,1,1,0.999997,0.999996,logprobs,Novita
4541,39,-97,1,1,1,0.999998,0.999995,logprobs,Novita
4542,39,-95,1,1,1,,,text,Novita
4543,39,-93,1,1,1,0.999987,0.999993,logprobs,Novita
4544,39,-91,1,1,1,0.99982,0.999959,logprobs,Novita
4545,39,-89,1,1,1,0.999739,0.99994,logprobs,Novita
4546,39,-87,1,1,1,0.999998,0.999994,logprobs,Novita
4547,39,-85,1,1,0,3e-06,0.999998,logprobs,Novita
4548,39,-83,1,1,1,,,text,Novita
4549,39,-81,1,1,0,,,text,Novita
4550,39,-79,1,1,1,0.99986,0.99998,logprobs,Novita
4551,39,-77,1,1,0,5e-06,0.999999,logprobs,Novita
4552,39,-75,0,0,0,8e-06,0.999962,logprobs,Novita
4553,39,-73,0,0,0,2.8e-05,0.999996,logprobs,Novita
4554,39,-71,0,0,0,1.9e-05,0.99999,logprobs,Novita
4555,39,-69,0,0,0,8e-06,0.999995,logprobs,Novita
4556,39,-67,0,0,0,5.8e-05,0.999991,logprobs,Novita
4557,39,-65,0,0,0,,,text,Novita
4558,39,-63,0,0,0,3e-06,0.999997,logprobs,Novita
4559,39,-61,0,0,0,,,text,Novita
4560,39,-59,0,0,0,1e-06,0.999999,logprobs,Novita
4561,39,-57,0,0,0,1.5e-05,0.999996,logprobs,Novita
4562,39,-55,0,0,0,1.3e-05,0.999995,logprobs,Novita
4563,39,-53,0,0,0,,,text,Novita
4564,39,-51,0,0,0,,,text,Novita
4565,39,-49,0,0,0,,,text,Novita
4566,39,-47,0,0,0,,,text,Novita
4567,39,-45,0,0,0,,,text,Novita
4568,39,-43,0,0,0,,,text,Novita
4569,39,-41,0,0,0,1.7e-05,0.999994,logprobs,Novita
4570,39,-39,0,0,0,5.8e-05,0.999996,logprobs,Novita
4571,39,-37,0,0,0,5.8e-05,0.99999,logprobs,Novita
4572,39,-35,0,0,0,4.5e-05,0.999993,logprobs,Novita
4573,39,-33,0,0,0,5.8e-05,0.999993,logprobs,Novita
4574,39,-31,0,0,0,,,text,Novita
4575,39,-29,0,0,0,3.1e-05,0.999996,logprobs,Novita
4576,39,-27,0,0,0,3.5e-05,0.999996,logprobs,Novita
4577,39,-25,0,0,0,8.5e-05,0.999969,logprobs,Novita
4578,39,-23,0,0,0,4e-05,0.99999,logprobs,Novita
4579,39,-21,0,0,0,0.000109,0.99998,logprobs,Novita
4580,39,-19,0,0,0,4e-06,0.999997,logprobs,Novita
4581,39,-17,0,0,0,1.9e-05,0.999994,logprobs,Novita
4582,39,-15,0,0,0,1.1e-05,0.999989,logprobs,Novita
4583,39,-13,0,0,0,2.8e-05,0.999995,logprobs,Novita
4584,39,-11,0,0,0,3.1e-05,0.999983,logprobs,Novita
4585,39,-9,1,1,0,0.000431,0.999979,logprobs,Novita
4586,39,-7,1,1,0,1.9e-05,0.999995,logprobs,Novita
4587,39,-5,1,1,0,,,text,Novita
4588,39,-3,1,1,0,,,text,Novita
4589,39,-1,1,1,1,0.999739,0.999977,logprobs,Novita
4590,39,1,0,0,1,,,text,Novita
4591,39,3,0,0,1,0.999993,0.999997,logprobs,Novita
4592,39,5,0,0,0,0.00018,0.999939,logprobs,Novita
4593,39,7,0,0,0,3e-06,0.999996,logprobs,Novita
4594,39,9,1,1,0,,,text,Novita
4595,39,11,0,0,0,,,text,Novita
4596,39,13,0,0,0,7e-06,0.999995,logprobs,Novita
4597,39,15,0,0,0,1.1e-05,0.999997,logprobs,Novita
4598,39,17,1,1,0,4e-06,0.999997,logprobs,Novita
4599,39,19,0,0,0,,,text,Novita
4600,39,21,0,0,0,0.000158,0.999993,logprobs,Novita
4601,39,23,1,1,0,,,text,Novita
4602,39,25,0,0,0,2.8e-05,0.999997,logprobs,Novita
4603,39,27,1,1,0,2e-06,0.999999,logprobs,Novita
4604,39,29,1,1,0,4e-06,0.999996,logprobs,Novita
4605,39,31,1,1,1,,,text,Novita
4606,39,33,1,1,1,0.999797,0.999967,logprobs,Novita
4607,39,35,1,1,0,,,text,Novita
4608,39,37,1,1,1,0.999972,0.999995,logprobs,Novita
4609,39,39,1,1,1,0.999979,0.999997,logprobs,Novita
4610,39,41,1,1,1,0.999797,0.999988,logprobs,Novita
4611,39,43,1,1,1,0.999991,0.999996,logprobs,Novita
4612,39,45,1,1,1,0.998968,0.999992,logprobs,Novita
4613,39,47,1,1,1,0.999447,0.999934,logprobs,Novita
4614,39,49,1,0,1,0.999969,0.999998,logprobs,Novita
4615,39,51,1,0,1,0.999891,0.999984,logprobs,Novita
4616,39,53,1,0,1,0.999704,0.999981,logprobs,Novita
4617,39,55,1,1,0,9e-06,0.999998,logprobs,Novita
4618,39,57,1,1,0,1.3e-05,0.999999,logprobs,Novita
4619,39,59,1,1,0,,,text,Novita
4620,39,61,1,1,1,0.999995,0.999993,logprobs,Novita
4621,39,63,1,1,0,4.5e-05,0.999997,logprobs,Novita
4622,39,65,1,1,1,0.99999,0.999998,logprobs,Novita
4623,39,67,1,1,1,,,text,Novita
4624,39,69,1,1,0,1.3e-05,0.999997,logprobs,Novita
4625,39,71,1,1,0,3.5e-05,0.999996,logprobs,Novita
4626,39,73,1,1,0,0,0.999999,logprobs,Novita
4627,39,75,1,1,0,1e-06,0.999999,logprobs,Novita
4628,39,77,1,1,0,3.5e-05,0.999971,logprobs,Novita
4629,39,79,1,1,1,0.99999,0.999998,logprobs,Novita
4630,39,81,1,1,1,0.9983,0.999969,logprobs,Novita
4631,39,83,1,1,0,6e-06,0.999996,logprobs,Novita
4632,39,85,1,1,1,0.997818,0.999955,logprobs,Novita
4633,39,87,1,1,1,0.998499,0.999979,logprobs,Novita
4634,39,89,1,1,1,0.99999,0.999994,logprobs,Novita
4635,39,91,1,1,0,,,text,Novita
4636,39,93,1,1,1,0.998074,0.999949,logprobs,Novita
4637,39,95,1,1,1,0.998675,0.999993,logprobs,Novita
4638,39,97,1,1,1,,,text,Novita
4639,39,99,1,1,1,0.999877,0.99999,logprobs,Novita
4640,39,101,1,1,1,0.999989,0.999997,logprobs,Novita
4641,39,103,1,1,1,,,text,Novita
4642,39,105,1,1,1,0.999447,0.999989,logprobs,Novita
4643,39,107,1,1,1,0.999955,0.9999,logprobs,Novita
4644,39,109,1,1,1,0.999995,0.999999,logprobs,Novita
4645,39,111,1,1,1,0.999987,0.999996,logprobs,Novita
4646,39,113,1,1,1,0.999877,0.999975,logprobs,Novita
4647,39,115,1,1,1,0.999877,0.999981,logprobs,Novita
4648,39,117,1,1,1,,,text,Novita
4649,39,119,0,0,1,0.852029,0.999448,logprobs,Novita
4650,39,121,0,0,1,0.999704,0.999965,logprobs,Novita
4651,39,123,0,0,0,1e-06,0.999997,logprobs,Novita
4652,39,125,0,0,0,0,0.999998,logprobs,Novita
4653,39,127,1,1,1,0.999983,0.999985,logprobs,Novita
4654,39,129,0,0,0,,,text,Novita
4655,39,131,0,0,0,1e-05,0.999994,logprobs,Novita
4656,39,133,0,0,0,,,text,Novita
4657,39,135,0,0,0,0,0.999999,logprobs,Novita
4658,39,137,0,0,1,0.999942,0.999964,logprobs,Novita
4659,39,139,0,0,1,0.999904,0.999974,logprobs,Novita
4660,39,141,1,1,0,,,text,Novita
4661,39,143,0,0,0,4e-05,0.999994,logprobs,Novita
4662,39,145,0,0,1,0.99593,0.999943,logprobs,Novita
4663,39,147,0,0,1,,,text,Novita
4664,39,149,0,0,1,0.999842,0.999979,logprobs,Novita
4665,39,151,0,0,0,,,text,Novita
4666,39,153,0,0,0,1.5e-05,0.999993,logprobs,Novita
4667,39,155,0,0,0,2.4e-05,0.99999,logprobs,Novita
4668,39,157,0,0,0,4e-06,0.99999,logprobs,Novita
4669,39,159,0,0,0,4e-06,0.999995,logprobs,Novita
4670,39,161,0,0,0,1.3e-05,0.999998,logprobs,Novita
4671,39,163,0,0,0,4e-06,0.999991,logprobs,Novita
4672,39,165,0,0,0,1.7e-05,0.999997,logprobs,Novita
4673,39,167,0,0,0,2.1e-05,0.999996,logprobs,Novita
4674,39,169,0,0,0,8e-06,0.999994,logprobs,Novita
4675,39,171,0,0,0,1e-05,0.999996,logprobs,Novita
4676,39,173,0,0,0,1e-06,0.999998,logprobs,Novita
4677,39,175,0,0,0,5e-06,0.999995,logprobs,Novita
4678,39,177,0,0,0,0,0.999997,logprobs,Novita
4679,39,179,0,0,0,1e-06,0.999998,logprobs,Novita
4680,37,-179,0,0,0,3e-06,0.999997,logprobs,Novita
4681,37,-177,0,0,0,3e-06,0.999999,logprobs,Novita
4682,37,-175,0,0,0,4e-06,0.999993,logprobs,Novita
4683,37,-173,0,0,0,,,text,Novita
4684,37,-171,0,0,0,,,text,Novita
4685,37,-169,0,0,0,7e-06,0.999998,logprobs,Novita
4686,37,-167,0,0,0,,,text,Novita
4687,37,-165,0,0,0,2e-06,0.999998,logprobs,Novita
4688,37,-163,0,0,0,2.8e-05,0.999995,logprobs,Novita
4689,37,-161,0,0,0,5e-06,0.999998,logprobs,Novita
4690,37,-159,0,0,0,2e-06,0.999997,logprobs,Novita
4691,37,-157,0,0,0,8e-06,0.999997,logprobs,Novita
4692,37,-155,0,0,0,8e-06,0.999996,logprobs,Novita
4693,37,-153,0,0,0,,,text,Novita
4694,37,-151,0,0,0,2.4e-05,0.999989,logprobs,Novita
4695,37,-149,0,0,0,7e-06,0.999996,logprobs,Novita
4696,37,-147,0,0,0,1e-06,0.999999,logprobs,Novita
4697,37,-145,0,0,0,4.5e-05,0.999987,logprobs,Novita
4698,37,-143,0,0,0,4.5e-05,0.999992,logprobs,Novita
4699,37,-141,0,0,0,,,text,Novita
4700,37,-139,0,0,0,7.5e-05,0.999988,logprobs,Novita
4701,37,-137,0,0,0,6.6e-05,0.99999,logprobs,Novita
4702,37,-135,0,0,0,8e-06,0.999992,logprobs,Novita
4703,37,-133,0,0,0,,,text,Novita
4704,37,-131,0,0,0,5.1e-05,0.999991,logprobs,Novita
4705,37,-129,0,0,0,6.6e-05,0.999983,logprobs,Novita
4706,37,-127,0,0,0,0.000109,0.999968,logprobs,Novita
4707,37,-125,0,0,0,2e-06,0.999998,logprobs,Novita
4708,37,-123,0,0,0,2.8e-05,0.999994,logprobs,Novita
4709,37,-121,1,1,1,0.999994,0.999996,logprobs,Novita
4710,37,-119,1,1,1,0.999979,0.99999,logprobs,Novita
4711,37,-117,1,1,1,,,text,Novita
4712,37,-115,1,1,1,0.999196,0.999976,logprobs,Novita
4713,37,-113,1,1,1,0.999704,0.999916,logprobs,Novita
4714,37,-111,1,1,1,0.999979,0.999995,logprobs,Novita
4715,37,-109,1,1,1,0.999769,0.999997,logprobs,Novita
4716,37,-107,1,1,1,0.999991,0.999994,logprobs,Novita
4717,37,-105,1,1,1,0.99996,0.999996,logprobs,Novita
4718,37,-103,1,1,1,0.999989,0.999997,logprobs,Novita
4719,37,-101,1,1,1,0.999999,0.999999,logprobs,Novita
4720,37,-99,1,1,1,,,text,Novita
4721,37,-97,1,1,1,0.999999,0.999996,logprobs,Novita
4722,37,-95,1,1,1,0.999999,0.999999,logprobs,Novita
4723,37,-93,1,1,1,0.999704,0.999959,logprobs,Novita
4724,37,-91,1,1,1,,,text,Novita
4725,37,-89,1,1,1,0.999969,0.999998,logprobs,Novita
4726,37,-87,1,1,1,0.999739,0.999989,logprobs,Novita
4727,37,-85,1,1,1,,,text,Novita
4728,37,-83,1,1,1,0.999374,0.999976,logprobs,Novita
4729,37,-81,1,1,1,,,text,Novita
4730,37,-79,1,1,0,3e-06,0.999998,logprobs,Novita
4731,37,-77,1,1,0,3.1e-05,0.999996,logprobs,Novita
4732,37,-75,0,0,0,0.000488,0.999989,logprobs,Novita
4733,37,-73,0,0,0,3.1e-05,0.999994,logprobs,Novita
4734,37,-71,0,0,0,1e-06,0.999998,logprobs,Novita
4735,37,-69,0,0,0,3e-06,0.999998,logprobs,Novita
4736,37,-67,0,0,0,1.7e-05,0.999996,logprobs,Novita
4737,37,-65,0,0,0,0.000261,0.999992,logprobs,Novita
4738,37,-63,0,0,0,1e-06,0.999999,logprobs,Novita
4739,37,-61,0,0,0,1.9e-05,0.999996,logprobs,Novita
4740,37,-59,0,0,0,8e-06,0.999997,logprobs,Novita
4741,37,-57,0,0,0,2.8e-05,0.999997,logprobs,Novita
4742,37,-55,0,0,0,1.7e-05,0.999987,logprobs,Novita
4743,37,-53,0,0,0,1.3e-05,0.999998,logprobs,Novita
4744,37,-51,0,0,0,1.9e-05,0.999983,logprobs,Novita
4745,37,-49,0,0,0,4e-06,0.999995,logprobs,Novita
4746,37,-47,0,0,0,2e-06,0.999998,logprobs,Novita
4747,37,-45,0,0,0,5e-06,0.999998,logprobs,Novita
4748,37,-43,0,0,0,,,text,Novita
4749,37,-41,0,0,0,4e-05,0.999993,logprobs,Novita
4750,37,-39,0,0,0,5.8e-05,0.999984,logprobs,Novita
4751,37,-37,0,0,0,1.7e-05,0.999996,logprobs,Novita
4752,37,-35,0,0,0,,,text,Novita
4753,37,-33,0,0,0,1.3e-05,0.999997,logprobs,Novita
4754,37,-31,0,0,0,,,text,Novita
4755,37,-29,0,0,0,1e-06,0.999999,logprobs,Novita
4756,37,-27,0,0,0,2e-06,0.999999,logprobs,Novita
4757,37,-25,0,0,0,3.5e-05,0.999992,logprobs,Novita
4758,37,-23,0,0,0,9e-06,0.999996,logprobs,Novita
4759,37,-21,0,0,0,,,text,Novita
4760,37,-19,0,0,0,3.1e-05,0.999994,logprobs,Novita
4761,37,-17,0,0,0,2.8e-05,0.999995,logprobs,Novita
4762,37,-15,0,0,0,,,text,Novita
4763,37,-13,0,0,0,,,text,Novita
4764,37,-11,0,0,0,3.5e-05,0.999986,logprobs,Novita
4765,37,-9,0,0,0,4e-06,0.999999,logprobs,Novita
4766,37,-7,0,0,0,1.5e-05,0.999993,logprobs,Novita
4767,37,-5,1,1,0,,,text,Novita
4768,37,-3,1,1,0,7e-06,0.999998,logprobs,Novita
4769,37,-1,0,0,0,7e-06,0.999996,logprobs,Novita
4770,37,1,0,0,1,0.999569,0.999984,logprobs,Novita
4771,37,3,0,0,1,0.99929,0.999978,logprobs,Novita
4772,37,5,0,0,0,1.5e-05,0.999997,logprobs,Novita
4773,37,7,0,0,0,7e-06,0.999991,logprobs,Novita
4774,37,9,1,1,0,7e-06,0.999991,logprobs,Novita
4775,37,11,1,1,0,5.8e-05,0.999993,logprobs,Novita
4776,37,13,0,0,0,6e-06,0.999997,logprobs,Novita
4777,37,15,1,1,0,,,text,Novita
4778,37,17,0,0,0,6e-06,0.99997,logprobs,Novita
4779,37,19,0,0,0,,,text,Novita
4780,37,21,0,0,1,0.999739,0.999979,logprobs,Novita
4781,37,23,1,1,1,0.999987,0.999987,logprobs,Novita
4782,37,25,0,0,0,,,text,Novita
4783,37,27,1,1,0,4e-05,0.999992,logprobs,Novita
4784,37,29,1,1,0,3e-06,0.999996,logprobs,Novita
4785,37,31,1,1,0,,,text,Novita
4786,37,33,1,1,0,,,text,Novita
4787,37,35,1,1,0,1e-06,0.999998,logprobs,Novita
4788,37,37,1,1,0,,,text,Novita
4789,37,39,1,1,1,0.999891,0.999996,logprobs,Novita
4790,37,41,1,1,0,2.1e-05,0.999996,logprobs,Novita
4791,37,43,1,1,1,0.999925,0.999976,logprobs,Novita
4792,37,45,1,1,0,,,text,Novita
4793,37,47,1,1,0,1e-05,0.999999,logprobs,Novita
4794,37,49,1,1,1,0.999981,0.999999,logprobs,Novita
4795,37,51,1,0,1,0.999993,0.999997,logprobs,Novita
4796,37,53,1,0,1,0.999915,0.999988,logprobs,Novita
4797,37,55,1,1,1,0.999965,0.999993,logprobs,Novita
4798,37,57,1,1,0,1.5e-05,0.999999,logprobs,Novita
4799,37,59,1,1,0,3e-06,0.999999,logprobs,Novita
4800,37,61,1,1,1,0.999739,0.999995,logprobs,Novita
4801,37,63,1,1,1,0.999904,0.999997,logprobs,Novita
4802,37,65,1,1,1,0.999998,0.999999,logprobs,Novita
4803,37,67,1,1,0,1.1e-05,0.999997,logprobs,Novita
4804,37,69,1,1,1,0.999704,0.999993,logprobs,Novita
4805,37,71,1,1,1,0.998831,0.999949,logprobs,Novita
4806,37,73,1,1,1,,,text,Novita
4807,37,75,1,1,0,,,text,Novita
4808,37,77,1,1,1,0.998499,0.999955,logprobs,Novita
4809,37,79,1,1,1,0.999089,0.999984,logprobs,Novita
4810,37,81,1,1,1,0.99957,0.999982,logprobs,Novita
4811,37,83,1,1,1,0.999842,0.999992,logprobs,Novita
4812,37,85,1,1,1,0.999996,0.999999,logprobs,Novita
4813,37,87,1,1,1,0.999904,0.999996,logprobs,Novita
4814,37,89,1,1,1,0.998968,0.999961,logprobs,Novita
4815,37,91,1,1,1,0.997818,0.999954,logprobs,Novita
4816,37,93,1,1,1,,,text,Novita
4817,37,95,1,1,1,0.999821,0.99993,logprobs,Novita
4818,37,97,1,1,1,0.999447,0.99995,logprobs,Novita
4819,37,99,1,1,1,0.998968,0.999949,logprobs,Novita
4820,37,101,1,1,1,,,text,Novita
4821,37,103,1,1,1,0.999965,0.999998,logprobs,Novita
4822,37,105,1,1,1,,,text,Novita
4823,37,107,1,1,1,0.999704,0.999978,logprobs,Novita
4824,37,109,1,1,1,0.99977,0.99999,logprobs,Novita
4825,37,111,1,1,1,,,text,Novita
4826,37,113,1,1,1,0.999987,0.999998,logprobs,Novita
4827,37,115,1,1,1,0.99962,0.999971,logprobs,Novita
4828,37,117,1,1,1,0.999089,0.999965,logprobs,Novita
4829,37,119,1,1,0,0.320946,0.999397,logprobs,Novita
4830,37,121,1,1,1,0.999991,0.999998,logprobs,Novita
4831,37,123,0,0,0,2.1e-05,0.999987,logprobs,Novita
4832,37,125,0,0,0,1e-05,0.999993,logprobs,Novita
4833,37,127,1,1,1,0.999999,0.999997,logprobs,Novita
4834,37,129,1,1,0,5.8e-05,0.999984,logprobs,Novita
4835,37,131,0,0,0,6.6e-05,0.999985,logprobs,Novita
4836,37,133,0,0,1,0.999987,0.999999,logprobs,Novita
4837,37,135,0,0,1,0.999512,0.999951,logprobs,Novita
4838,37,137,1,1,1,0.99957,0.999972,logprobs,Novita
4839,37,139,1,1,1,0.99929,0.999985,logprobs,Novita
4840,37,141,0,0,0,5e-06,0.999996,logprobs,Novita
4841,37,143,0,0,1,0.999965,0.999986,logprobs,Novita
4842,37,145,0,0,1,0.999925,0.999965,logprobs,Novita
4843,37,147,0,0,1,0.999915,0.999983,logprobs,Novita
4844,37,149,0,0,1,,,text,Novita
4845,37,151,0,0,1,0.999665,0.999976,logprobs,Novita
4846,37,153,0,0,0,6e-06,0.999989,logprobs,Novita
4847,37,155,0,0,0,3e-06,0.999997,logprobs,Novita
4848,37,157,0,0,0,3e-06,0.999998,logprobs,Novita
4849,37,159,0,0,1,0.998968,0.999976,logprobs,Novita
4850,37,161,0,0,0,1.3e-05,0.999997,logprobs,Novita
4851,37,163,0,0,0,4e-06,0.999997,logprobs,Novita
4852,37,165,0,0,0,,,text,Novita
4853,37,167,0,0,0,1e-05,0.999996,logprobs,Novita
4854,37,169,0,0,0,5e-06,0.999992,logprobs,Novita
4855,37,171,0,0,0,2e-06,0.999998,logprobs,Novita
4856,37,173,0,0,0,1e-06,0.999998,logprobs,Novita
4857,37,175,0,0,0,1.3e-05,0.999991,logprobs,Novita
4858,37,177,0,0,0,1.1e-05,0.999996,logprobs,Novita
4859,37,179,0,0,0,1.3e-05,0.999993,logprobs,Novita
4860,35,-179,0,0,0,,,text,Novita
4861,35,-177,0,0,0,,,text,Novita
4862,35,-175,0,0,0,1.9e-05,0.999996,logprobs,Novita
4863,35,-173,0,0,0,,,text,Novita
4864,35,-171,0,0,0,1.9e-05,0.999991,logprobs,Novita
4865,35,-169,0,0,0,4.5e-05,0.999997,logprobs,Novita
4866,35,-167,0,0,0,7e-06,0.999998,logprobs,Novita
4867,35,-165,0,0,0,8.5e-05,0.999996,logprobs,Novita
4868,35,-163,0,0,0,,,text,Novita
4869,35,-161,0,0,0,,,text,Novita
4870,35,-159,0,0,0,,,text,Novita
4871,35,-157,0,0,0,4.5e-05,0.999989,logprobs,Novita
4872,35,-155,0,0,0,2e-06,0.999997,logprobs,Novita
4873,35,-153,0,0,0,2e-06,0.999997,logprobs,Novita
4874,35,-151,0,0,0,2e-06,0.999998,logprobs,Novita
4875,35,-149,0,0,0,8e-06,0.999997,logprobs,Novita
4876,35,-147,0,0,0,8e-06,0.999997,logprobs,Novita
4877,35,-145,0,0,0,2e-06,0.999999,logprobs,Novita
4878,35,-143,0,0,0,2e-06,0.999998,logprobs,Novita
4879,35,-141,0,0,0,1e-06,0.999999,logprobs,Novita
4880,35,-139,0,0,1,,,text,Novita
4881,35,-137,0,0,0,,,text,Novita
4882,35,-135,0,0,0,7.5e-05,0.999994,logprobs,Novita
4883,35,-133,0,0,0,4e-05,0.999995,logprobs,Novita
4884,35,-131,0,0,0,1.7e-05,0.999996,logprobs,Novita
4885,35,-129,0,0,0,9.6e-05,0.999992,logprobs,Novita
4886,35,-127,0,0,0,5.8e-05,0.999983,logprobs,Novita
4887,35,-125,0,0,0,4e-06,0.999993,logprobs,Novita
4888,35,-123,0,0,0,1.7e-05,0.999994,logprobs,Novita
4889,35,-121,0,0,0,1e-06,0.999998,logprobs,Novita
4890,35,-119,1,1,1,0.999992,0.999999,logprobs,Novita
4891,35,-117,1,1,1,0.999904,0.999993,logprobs,Novita
4892,35,-115,1,1,1,0.999991,0.999995,logprobs,Novita
4893,35,-113,1,1,1,0.99999,0.999998,logprobs,Novita
4894,35,-111,1,1,1,0.999998,0.999996,logprobs,Novita
4895,35,-109,1,1,1,,,text,Novita
4896,35,-107,1,1,1,0.999995,0.999998,logprobs,Novita
4897,35,-105,1,1,1,0.99999,0.999995,logprobs,Novita
4898,35,-103,1,1,1,0.999998,0.999998,logprobs,Novita
4899,35,-101,1,1,1,0.999989,0.999988,logprobs,Novita
4900,35,-99,1,1,1,,,text,Novita
4901,35,-97,1,1,1,0.999997,0.999998,logprobs,Novita
4902,35,-95,1,1,1,0.999999,0.999998,logprobs,Novita
4903,35,-93,1,1,1,,,text,Novita
4904,35,-91,1,1,1,,,text,Novita
4905,35,-89,1,1,1,0.999999,0.999997,logprobs,Novita
4906,35,-87,1,1,1,0.999985,0.999996,logprobs,Novita
4907,35,-85,1,1,1,0.999797,0.999981,logprobs,Novita
4908,35,-83,1,1,1,0.99996,0.999997,logprobs,Novita
4909,35,-81,1,1,1,0.999995,0.999998,logprobs,Novita
4910,35,-79,1,1,0,1e-06,0.999999,logprobs,Novita
4911,35,-77,1,1,0,,,text,Novita
4912,35,-75,0,0,0,2e-06,0.999996,logprobs,Novita
4913,35,-73,0,0,0,9e-06,0.999995,logprobs,Novita
4914,35,-71,0,0,0,1e-06,0.999998,logprobs,Novita
4915,35,-69,0,0,0,1.5e-05,0.999998,logprobs,Novita
4916,35,-67,0,0,0,4e-06,0.999998,logprobs,Novita
4917,35,-65,0,0,0,1.5e-05,0.999996,logprobs,Novita
4918,35,-63,0,0,0,1e-06,1,logprobs,Novita
4919,35,-61,0,0,0,,,text,Novita
4920,35,-59,0,0,0,,,text,Novita
4921,35,-57,0,0,0,1.9e-05,0.999997,logprobs,Novita
4922,35,-55,0,0,0,3e-06,0.999999,logprobs,Novita
4923,35,-53,0,0,0,1.1e-05,0.999994,logprobs,Novita
4924,35,-51,0,0,0,,,text,Novita
4925,35,-49,0,0,0,,,text,Novita
4926,35,-47,0,0,0,7.5e-05,0.999987,logprobs,Novita
4927,35,-45,0,0,0,9e-06,0.999994,logprobs,Novita
4928,35,-43,0,0,0,,,text,Novita
4929,35,-41,0,0,0,,,text,Novita
4930,35,-39,0,0,0,8e-06,0.999995,logprobs,Novita
4931,35,-37,0,0,0,2.8e-05,0.999989,logprobs,Novita
4932,35,-35,0,0,0,,,text,Novita
4933,35,-33,0,0,0,8e-06,0.999989,logprobs,Novita
4934,35,-31,0,0,0,3.5e-05,0.999996,logprobs,Novita
4935,35,-29,0,0,0,2.8e-05,0.999993,logprobs,Novita
4936,35,-27,0,0,0,,,text,Novita
4937,35,-25,0,0,0,,,text,Novita
4938,35,-23,0,0,0,1e-06,0.999999,logprobs,Novita
4939,35,-21,0,0,0,1e-06,0.999997,logprobs,Novita
4940,35,-19,0,0,0,0.000123,0.999996,logprobs,Novita
4941,35,-17,0,0,0,4e-05,0.999996,logprobs,Novita
4942,35,-15,0,0,0,5.1e-05,0.999978,logprobs,Novita
4943,35,-13,0,0,0,,,text,Novita
4944,35,-11,0,0,0,,,text,Novita
4945,35,-9,0,0,0,1.1e-05,0.999997,logprobs,Novita
4946,35,-7,0,0,0,1e-06,0.999998,logprobs,Novita
4947,35,-5,1,1,0,9e-06,0.999996,logprobs,Novita
4948,35,-3,1,1,0,3.1e-05,0.99999,logprobs,Novita
4949,35,-1,1,1,0,2.4e-05,0.999991,logprobs,Novita
4950,35,1,1,1,1,0.999955,0.999993,logprobs,Novita
4951,35,3,1,1,0,,,text,Novita
4952,35,5,1,1,0,,,text,Novita
4953,35,7,1,1,0,9e-06,0.999997,logprobs,Novita
4954,35,9,1,1,0,3.1e-05,0.999995,logprobs,Novita
4955,35,11,0,0,0,,,text,Novita
4956,35,13,0,0,0,7e-06,0.999986,logprobs,Novita
4957,35,15,0,0,0,5.8e-05,0.999984,logprobs,Novita
4958,35,17,0,0,0,1e-06,0.999998,logprobs,Novita
4959,35,19,0,0,0,1e-06,0.999998,logprobs,Novita
4960,35,21,0,0,0,4.5e-05,0.999991,logprobs,Novita
4961,35,23,0,0,0,,,text,Novita
4962,35,25,1,1,0,5.8e-05,0.999991,logprobs,Novita
4963,35,27,0,0,0,7e-06,0.999993,logprobs,Novita
4964,35,29,0,0,0,,,text,Novita
4965,35,31,0,0,0,8e-06,0.999994,logprobs,Novita
4966,35,33,1,1,0,,,text,Novita
4967,35,35,0,0,0,3e-06,0.999996,logprobs,Novita
4968,35,37,1,1,0,5e-06,0.999993,logprobs,Novita
4969,35,39,1,1,0,2e-06,0.999997,logprobs,Novita
4970,35,41,1,1,1,0.999955,0.999988,logprobs,Novita
4971,35,43,1,1,0,0.00038,0.999981,logprobs,Novita
4972,35,45,1,1,0,1e-06,0.999998,logprobs,Novita
4973,35,47,1,1,1,0.999842,0.999968,logprobs,Novita
4974,35,49,1,1,1,0.99986,0.999974,logprobs,Novita
4975,35,51,1,1,1,0.999999,0.999998,logprobs,Novita
4976,35,53,1,1,1,0.999942,0.999985,logprobs,Novita
4977,35,55,1,1,0,2e-06,0.999992,logprobs,Novita
4978,35,57,1,1,1,0.999842,0.999993,logprobs,Novita
4979,35,59,1,1,0,1e-06,0.999999,logprobs,Novita
4980,35,61,1,1,1,0.999797,0.999993,logprobs,Novita
4981,35,63,1,1,1,0.999877,0.999995,logprobs,Novita
4982,35,65,1,1,1,0.999999,0.999998,logprobs,Novita
4983,35,67,1,1,1,0.999998,0.999996,logprobs,Novita
4984,35,69,1,1,1,,,text,Novita
4985,35,71,1,1,1,0.999997,0.999998,logprobs,Novita
4986,35,73,1,1,1,0.999994,0.999998,logprobs,Novita
4987,35,75,1,1,1,0.999972,0.999988,logprobs,Novita
4988,35,77,1,1,1,0.999979,0.999988,logprobs,Novita
4989,35,79,1,1,0,1e-06,0.999999,logprobs,Novita
4990,35,81,1,0,1,0.999998,0.999996,logprobs,Novita
4991,35,83,1,1,1,0.99986,0.999988,logprobs,Novita
4992,35,85,1,1,1,,,text,Novita
4993,35,87,1,1,0,0,0.999999,logprobs,Novita
4994,35,89,1,1,1,0.999877,0.99999,logprobs,Novita
4995,35,91,1,1,1,0.99929,0.999994,logprobs,Novita
4996,35,93,1,1,1,,,text,Novita
4997,35,95,1,1,1,,,text,Novita
4998,35,97,1,1,1,0.999994,0.999993,logprobs,Novita
4999,35,99,1,1,1,,,text,Novita
5000,35,101,1,1,1,,,text,Novita
5001,35,103,1,1,1,0.99996,0.999998,logprobs,Novita
5002,35,105,1,1,1,,,text,Novita
5003,35,107,1,1,1,,,text,Novita
5004,35,109,1,1,1,0.999997,0.999992,logprobs,Novita
5005,35,111,1,1,1,0.99986,0.999988,logprobs,Novita
5006,35,113,1,1,1,0.999665,0.999928,logprobs,Novita
5007,35,115,1,1,1,0.999704,0.999933,logprobs,Novita
5008,35,117,1,1,1,0.99999,0.999997,logprobs,Novita
5009,35,119,1,1,1,0.999979,0.999985,logprobs,Novita
5010,35,121,0,0,0,,,text,Novita
5011,35,123,0,0,0,5e-06,0.999995,logprobs,Novita
5012,35,125,0,0,0,5.1e-05,0.999971,logprobs,Novita
5013,35,127,1,1,0,1e-06,0.999999,logprobs,Novita
5014,35,129,0,0,1,0.999991,0.999993,logprobs,Novita
5015,35,131,0,0,0,2.1e-05,0.999983,logprobs,Novita
5016,35,133,1,1,1,0.999996,0.999988,logprobs,Novita
5017,35,135,1,1,1,0.999665,0.99998,logprobs,Novita
5018,35,137,1,1,1,0.999985,0.999995,logprobs,Novita
5019,35,139,1,1,1,0.99977,0.999976,logprobs,Novita
5020,35,141,0,0,0,5.8e-05,0.999987,logprobs,Novita
5021,35,143,0,0,0,,,text,Novita
5022,35,145,0,0,0,,,text,Novita
5023,35,147,0,0,1,0.99929,0.999994,logprobs,Novita
5024,35,149,0,0,0,6e-06,0.999995,logprobs,Novita
5025,35,151,0,0,0,3e-06,0.999996,logprobs,Novita
5026,35,153,0,0,0,2e-06,0.999997,logprobs,Novita
5027,35,155,0,0,0,5e-06,0.999995,logprobs,Novita
5028,35,157,0,0,0,6e-06,0.999994,logprobs,Novita
5029,35,159,0,0,0,3e-06,0.999997,logprobs,Novita
5030,35,161,0,0,0,2.8e-05,0.999987,logprobs,Novita
5031,35,163,0,0,0,4e-06,0.999985,logprobs,Novita
5032,35,165,0,0,0,4e-06,0.999995,logprobs,Novita
5033,35,167,0,0,0,5e-06,0.999994,logprobs,Novita
5034,35,169,0,0,0,0,0.999998,logprobs,Novita
5035,35,171,0,0,0,3.1e-05,0.999984,logprobs,Novita
5036,35,173,0,0,0,2e-06,0.999997,logprobs,Novita
5037,35,175,0,0,0,1.7e-05,0.999991,logprobs,Novita
5038,35,177,0,0,0,2e-06,0.999998,logprobs,Novita
5039,35,179,0,0,0,0,0.999999,logprobs,Novita
5040,33,-179,0,0,0,1e-06,0.999997,logprobs,Novita
5041,33,-177,0,0,0,1e-05,0.999998,logprobs,Novita
5042,33,-175,0,0,0,7e-06,0.999997,logprobs,Novita
5043,33,-173,0,0,0,1.1e-05,0.999998,logprobs,Novita
5044,33,-171,0,0,0,5e-06,0.999998,logprobs,Novita
5045,33,-169,0,0,0,6e-06,0.999999,logprobs,Novita
5046,33,-167,0,0,0,1e-05,0.999991,logprobs,Novita
5047,33,-165,0,0,0,1.5e-05,0.999997,logprobs,Novita
5048,33,-163,0,0,0,2e-06,0.999998,logprobs,Novita
5049,33,-161,0,0,0,1.9e-05,0.999997,logprobs,Novita
5050,33,-159,0,0,0,5e-06,0.999997,logprobs,Novita
5051,33,-157,0,0,0,1e-05,0.999994,logprobs,Novita
5052,33,-155,0,0,0,1e-06,0.999998,logprobs,Novita
5053,33,-153,0,0,0,,,text,Novita
5054,33,-151,0,0,0,1.1e-05,0.999993,logprobs,Novita
5055,33,-149,0,0,0,1.9e-05,0.999998,logprobs,Novita
5056,33,-147,0,0,0,2e-06,0.999997,logprobs,Novita
5057,33,-145,0,0,0,3.1e-05,0.999991,logprobs,Novita
5058,33,-143,0,0,0,,,text,Novita
5059,33,-141,0,0,0,7e-06,0.999993,logprobs,Novita
5060,33,-139,0,0,0,,,text,Novita
5061,33,-137,0,0,0,0.000123,0.999984,logprobs,Novita
5062,33,-135,0,0,0,,,text,Novita
5063,33,-133,0,0,0,3.1e-05,0.999995,logprobs,Novita
5064,33,-131,0,0,0,4.5e-05,0.999995,logprobs,Novita
5065,33,-129,0,0,0,3.1e-05,0.999992,logprobs,Novita
5066,33,-127,0,0,0,9.6e-05,0.999993,logprobs,Novita
5067,33,-125,0,0,0,4.5e-05,0.999987,logprobs,Novita
5068,33,-123,0,0,0,1e-06,0.999997,logprobs,Novita
5069,33,-121,0,0,0,,,text,Novita
5070,33,-119,0,0,0,,,text,Novita
5071,33,-117,1,1,1,0.99982,0.999979,logprobs,Novita
5072,33,-115,1,1,1,,,text,Novita
5073,33,-113,1,1,1,,,text,Novita
5074,33,-111,1,1,1,0.999979,0.999986,logprobs,Novita
5075,33,-109,1,1,1,0.999904,0.999976,logprobs,Novita
5076,33,-107,1,1,1,0.999996,0.999993,logprobs,Novita
5077,33,-105,1,1,1,,,text,Novita
5078,33,-103,1,1,1,0.99982,0.999966,logprobs,Novita
5079,33,-101,1,1,1,0.999996,0.999994,logprobs,Novita
5080,33,-99,1,1,1,0.999877,0.999986,logprobs,Novita
5081,33,-97,1,1,1,0.999979,0.999994,logprobs,Novita
5082,33,-95,1,1,1,0.999995,0.999999,logprobs,Novita
5083,33,-93,1,1,1,0.99996,0.999985,logprobs,Novita
5084,33,-91,1,1,1,0.999981,0.999994,logprobs,Novita
5085,33,-89,1,1,0,5e-06,1,logprobs,Novita
5086,33,-87,1,1,1,0.999904,0.99999,logprobs,Novita
5087,33,-85,1,1,1,0.99986,0.999972,logprobs,Novita
5088,33,-83,1,1,1,0.999569,0.999976,logprobs,Novita
5089,33,-81,1,1,0,4e-06,0.999998,logprobs,Novita
5090,33,-79,0,0,0,,,text,Novita
5091,33,-77,0,0,0,9e-06,0.999998,logprobs,Novita
5092,33,-75,0,0,0,2e-06,0.999999,logprobs,Novita
5093,33,-73,0,0,0,0.00018,0.999993,logprobs,Novita
5094,33,-71,0,0,0,2.8e-05,0.999992,logprobs,Novita
5095,33,-69,0,0,0,4e-05,0.999987,logprobs,Novita
5096,33,-67,0,0,0,2.8e-05,0.999995,logprobs,Novita
5097,33,-65,0,0,0,,,text,Novita
5098,33,-63,0,0,0,1e-06,0.999999,logprobs,Novita
5099,33,-61,0,0,0,4e-05,0.999994,logprobs,Novita
5100,33,-59,0,0,0,2.4e-05,0.999998,logprobs,Novita
5101,33,-57,0,0,0,1.7e-05,0.999991,logprobs,Novita
5102,33,-55,0,0,0,8e-06,0.999994,logprobs,Novita
5103,33,-53,0,0,0,,,text,Novita
5104,33,-51,0,0,0,4e-06,0.999999,logprobs,Novita
5105,33,-49,0,0,0,5.8e-05,0.999992,logprobs,Novita
5106,33,-47,0,0,0,1e-06,0.999997,logprobs,Novita
5107,33,-45,0,0,0,4.5e-05,0.999992,logprobs,Novita
5108,33,-43,0,0,0,5e-06,0.999999,logprobs,Novita
5109,33,-41,0,0,0,1.3e-05,0.999998,logprobs,Novita
5110,33,-39,0,0,0,2.4e-05,0.999995,logprobs,Novita
5111,33,-37,0,0,0,,,text,Novita
5112,33,-35,0,0,0,2e-06,0.999999,logprobs,Novita
5113,33,-33,0,0,0,,,text,Novita
5114,33,-31,0,0,0,5.8e-05,0.999992,logprobs,Novita
5115,33,-29,0,0,0,2e-06,0.999998,logprobs,Novita
5116,33,-27,0,0,0,1.5e-05,0.999992,logprobs,Novita
5117,33,-25,0,0,0,3e-06,0.999998,logprobs,Novita
5118,33,-23,0,0,0,,,text,Novita
5119,33,-21,0,0,0,,,text,Novita
5120,33,-19,0,0,0,0,0.999999,logprobs,Novita
5121,33,-17,0,0,0,9e-06,0.999996,logprobs,Novita
5122,33,-15,0,0,0,3.1e-05,0.999992,logprobs,Novita
5123,33,-13,0,0,0,3.1e-05,0.999993,logprobs,Novita
5124,33,-11,0,0,0,5e-06,0.999998,logprobs,Novita
5125,33,-9,0,0,0,,,text,Novita
5126,33,-7,1,1,0,9.6e-05,0.999993,logprobs,Novita
5127,33,-5,1,1,0,0.000203,0.999985,logprobs,Novita
5128,33,-3,1,1,0,4.5e-05,0.999996,logprobs,Novita
5129,33,-1,1,1,0,,,text,Novita
5130,33,1,1,1,1,0.99996,0.999996,logprobs,Novita
5131,33,3,1,1,0,,,text,Novita
5132,33,5,1,1,0,2.4e-05,0.999996,logprobs,Novita
5133,33,7,1,1,0,1e-06,1,logprobs,Novita
5134,33,9,1,1,0,1.5e-05,0.999998,logprobs,Novita
5135,33,11,1,1,0,3.5e-05,0.999993,logprobs,Novita
5136,33,13,0,0,0,1e-06,1,logprobs,Novita
5137,33,15,0,0,0,1.3e-05,0.999997,logprobs,Novita
5138,33,17,0,0,0,0,1,logprobs,Novita
5139,33,19,0,0,0,1e-05,0.999992,logprobs,Novita
5140,33,21,0,0,1,0.999915,0.999975,logprobs,Novita
5141,33,23,0,0,0,,,text,Novita
5142,33,25,0,0,0,1e-06,0.999998,logprobs,Novita
5143,33,27,0,0,0,1e-06,0.999999,logprobs,Novita
5144,33,29,0,0,0,1.3e-05,0.999997,logprobs,Novita
5145,33,31,0,0,0,1.3e-05,0.999996,logprobs,Novita
5146,33,33,0,0,0,3.1e-05,0.999989,logprobs,Novita
5147,33,35,0,0,0,1.5e-05,0.999993,logprobs,Novita
5148,33,37,1,1,0,,,text,Novita
5149,33,39,1,1,0,1.9e-05,0.999997,logprobs,Novita
5150,33,41,1,1,1,0.999877,0.99999,logprobs,Novita
5151,33,43,1,1,1,0.999972,0.999997,logprobs,Novita
5152,33,45,1,1,0,1e-06,0.999999,logprobs,Novita
5153,33,47,1,1,1,0.999997,0.999998,logprobs,Novita
5154,33,49,1,1,1,0.999797,0.999978,logprobs,Novita
5155,33,51,1,1,1,0.99977,0.999963,logprobs,Novita
5156,33,53,1,1,0,2e-06,0.999998,logprobs,Novita
5157,33,55,1,1,0,0,0.999999,logprobs,Novita
5158,33,57,1,1,0,0.000109,0.999987,logprobs,Novita
5159,33,59,1,1,0,3.1e-05,0.999997,logprobs,Novita
5160,33,61,1,1,1,0.999739,0.999996,logprobs,Novita
5161,33,63,1,1,1,0.99999,0.999997,logprobs,Novita
5162,33,65,1,1,1,0.99999,0.999999,logprobs,Novita
5163,33,67,1,1,1,0.999512,0.999993,logprobs,Novita
5164,33,69,1,1,1,0.999999,0.999995,logprobs,Novita
5165,33,71,1,1,1,,,text,Novita
5166,33,73,1,1,1,0.999983,0.999998,logprobs,Novita
5167,33,75,1,1,0,1e-06,0.999999,logprobs,Novita
5168,33,77,1,1,0,1e-06,0.999998,logprobs,Novita
5169,33,79,1,1,0,3e-06,0.999998,logprobs,Novita
5170,33,81,1,1,0,2e-06,0.999999,logprobs,Novita
5171,33,83,1,1,1,0.999891,0.999986,logprobs,Novita
5172,33,85,1,1,0,1.3e-05,0.999998,logprobs,Novita
5173,33,87,1,1,0,,,text,Novita
5174,33,89,1,1,0,,,text,Novita
5175,33,91,1,1,1,,,text,Novita
5176,33,93,1,1,1,,,text,Novita
5177,33,95,1,1,0,5e-06,0.999998,logprobs,Novita
5178,33,97,1,1,1,,,text,Novita
5179,33,99,1,1,1,0.999969,0.999999,logprobs,Novita
5180,33,101,1,1,1,0.999512,0.999979,logprobs,Novita
5181,33,103,1,1,1,0.99999,0.999998,logprobs,Novita
5182,33,105,1,1,1,0.999993,0.999996,logprobs,Novita
5183,33,107,1,1,1,0.999992,0.999998,logprobs,Novita
5184,33,109,1,1,1,0.999995,0.999997,logprobs,Novita
5185,33,111,1,1,1,0.999969,0.999998,logprobs,Novita
5186,33,113,1,1,0,8e-06,0.999997,logprobs,Novita
5187,33,115,1,1,0,4.5e-05,0.999997,logprobs,Novita
5188,33,117,1,1,1,0.994783,0.999845,logprobs,Novita
5189,33,119,1,1,0,1e-06,0.999993,logprobs,Novita
5190,33,121,0,0,0,0.000335,0.999991,logprobs,Novita
5191,33,123,0,0,0,6e-06,0.99999,logprobs,Novita
5192,33,125,0,0,0,4.5e-05,0.999988,logprobs,Novita
5193,33,127,0,0,0,,,text,Novita
5194,33,129,0,0,0,7e-06,0.999996,logprobs,Novita
5195,33,131,1,1,0,4e-06,0.999994,logprobs,Novita
5196,33,133,1,1,1,0.99977,0.999973,logprobs,Novita
5197,33,135,0,0,1,0.99996,0.999996,logprobs,Novita
5198,33,137,0,0,1,0.998299,0.999976,logprobs,Novita
5199,33,139,0,0,1,0.999089,0.999973,logprobs,Novita
5200,33,141,0,0,0,6e-06,0.999994,logprobs,Novita
5201,33,143,0,0,0,,,text,Novita
5202,33,145,0,0,0,6.6e-05,0.999989,logprobs,Novita
5203,33,147,0,0,0,6.6e-05,0.999989,logprobs,Novita
5204,33,149,0,0,0,1e-05,0.999995,logprobs,Novita
5205,33,151,0,0,0,1.1e-05,0.999998,logprobs,Novita
5206,33,153,0,0,0,1e-06,0.999997,logprobs,Novita
5207,33,155,0,0,0,0,1,logprobs,Novita
5208,33,157,0,0,0,7.5e-05,0.999991,logprobs,Novita
5209,33,159,0,0,0,2e-06,0.999995,logprobs,Novita
5210,33,161,0,0,0,1e-06,0.999999,logprobs,Novita
5211,33,163,0,0,0,6e-06,0.999996,logprobs,Novita
5212,33,165,0,0,0,4e-06,0.999997,logprobs,Novita
5213,33,167,0,0,0,,,text,Novita
5214,33,169,0,0,0,1.9e-05,0.999996,logprobs,Novita
5215,33,171,0,0,0,3e-06,0.999997,logprobs,Novita
5216,33,173,0,0,0,3e-06,0.999996,logprobs,Novita
5217,33,175,0,0,0,1e-06,0.999999,logprobs,Novita
5218,33,177,0,0,0,7e-06,0.999997,logprobs,Novita
5219,33,179,0,0,0,,,text,Novita
5220,31,-179,0,0,0,1e-06,0.999999,logprobs,Novita
5221,31,-177,0,0,0,2.1e-05,0.999996,logprobs,Novita
5222,31,-175,0,0,0,,,text,Novita
5223,31,-173,0,0,0,3e-06,0.999999,logprobs,Novita
5224,31,-171,0,0,0,3e-06,0.999999,logprobs,Novita
5225,31,-169,0,0,0,3e-06,0.999999,logprobs,Novita
5226,31,-167,0,0,0,4e-06,0.999997,logprobs,Novita
5227,31,-165,0,0,0,0.00014,0.999982,logprobs,Novita
5228,31,-163,0,0,0,1.1e-05,0.999996,logprobs,Novita
5229,31,-161,0,0,0,7.5e-05,0.999995,logprobs,Novita
5230,31,-159,0,0,0,2.1e-05,0.99999,logprobs,Novita
5231,31,-157,0,0,0,4e-06,0.999998,logprobs,Novita
5232,31,-155,0,0,0,,,text,Novita
5233,31,-153,0,0,0,3.5e-05,0.999994,logprobs,Novita
5234,31,-151,0,0,0,4e-05,0.999984,logprobs,Novita
5235,31,-149,0,0,0,5e-06,0.999999,logprobs,Novita
5236,31,-147,0,0,0,3e-06,0.999998,logprobs,Novita
5237,31,-145,0,0,0,,,text,Novita
5238,31,-143,0,0,0,0,0.999999,logprobs,Novita
5239,31,-141,0,0,0,9.6e-05,0.999995,logprobs,Novita
5240,31,-139,0,0,0,1.7e-05,0.999997,logprobs,Novita
5241,31,-137,0,0,0,5.1e-05,0.999998,logprobs,Novita
5242,31,-135,0,0,0,9.6e-05,0.999968,logprobs,Novita
5243,31,-133,0,0,0,1.3e-05,0.999998,logprobs,Novita
5244,31,-131,0,0,0,8e-06,0.999998,logprobs,Novita
5245,31,-129,0,0,0,2.8e-05,0.999995,logprobs,Novita
5246,31,-127,0,0,0,6.6e-05,0.99999,logprobs,Novita
5247,31,-125,0,0,0,1.1e-05,0.999992,logprobs,Novita
5248,31,-123,0,0,0,,,text,Novita
5249,31,-121,0,0,0,,,text,Novita
5250,31,-119,0,0,0,1e-06,0.999998,logprobs,Novita
5251,31,-117,0,0,0,6e-06,0.999998,logprobs,Novita
5252,31,-115,1,1,0,3e-06,0.999998,logprobs,Novita
5253,31,-113,1,1,0,2.1e-05,0.999992,logprobs,Novita
5254,31,-111,1,1,1,,,text,Novita
5255,31,-109,1,1,1,0.999842,0.999997,logprobs,Novita
5256,31,-107,1,1,1,,,text,Novita
5257,31,-105,1,1,1,0.999998,0.999999,logprobs,Novita
5258,31,-103,1,1,1,0.999979,0.999998,logprobs,Novita
5259,31,-101,1,1,1,0.999996,0.999987,logprobs,Novita
5260,31,-99,1,1,1,0.999998,0.999998,logprobs,Novita
5261,31,-97,1,1,1,,,text,Novita
5262,31,-95,1,1,1,0.999985,0.999996,logprobs,Novita
5263,31,-93,1,1,1,0.999976,0.999997,logprobs,Novita
5264,31,-91,1,1,0,0,0.999999,logprobs,Novita
5265,31,-89,1,1,0,4.5e-05,0.999998,logprobs,Novita
5266,31,-87,1,1,0,8e-06,0.999998,logprobs,Novita
5267,31,-85,1,1,0,5e-06,0.999997,logprobs,Novita
5268,31,-83,1,1,0,1e-06,0.999999,logprobs,Novita
5269,31,-81,0,0,0,3e-06,0.999998,logprobs,Novita
5270,31,-79,0,0,0,0,0.999999,logprobs,Novita
5271,31,-77,0,0,0,1e-06,0.999999,logprobs,Novita
5272,31,-75,0,0,0,1e-06,0.999999,logprobs,Novita
5273,31,-73,0,0,0,,,text,Novita
5274,31,-71,0,0,0,,,text,Novita
5275,31,-69,0,0,0,3e-06,0.999998,logprobs,Novita
5276,31,-67,0,0,0,5e-06,0.999997,logprobs,Novita
5277,31,-65,0,0,0,,,text,Novita
5278,31,-63,0,0,0,1.5e-05,0.999996,logprobs,Novita
5279,31,-61,0,0,0,1e-06,0.999999,logprobs,Novita
5280,31,-59,0,0,0,,,text,Novita
5281,31,-57,0,0,0,0.000158,0.999993,logprobs,Novita
5282,31,-55,0,0,0,2.1e-05,0.999996,logprobs,Novita
5283,31,-53,0,0,0,9e-06,0.999998,logprobs,Novita
5284,31,-51,0,0,0,4e-06,0.999998,logprobs,Novita
5285,31,-49,0,0,0,3e-06,0.999999,logprobs,Novita
5286,31,-47,0,0,0,3.1e-05,0.999992,logprobs,Novita
5287,31,-45,0,0,0,6e-06,0.999997,logprobs,Novita
5288,31,-43,0,0,0,1.1e-05,0.999997,logprobs,Novita
5289,31,-41,0,0,0,6e-06,0.999998,logprobs,Novita
5290,31,-39,0,0,0,,,text,Novita
5291,31,-37,0,0,0,3.1e-05,0.999996,logprobs,Novita
5292,31,-35,0,0,0,5e-06,0.999996,logprobs,Novita
5293,31,-33,0,0,0,1.5e-05,0.999997,logprobs,Novita
5294,31,-31,0,0,0,4e-05,0.999995,logprobs,Novita
5295,31,-29,0,0,0,,,text,Novita
5296,31,-27,0,0,0,3.5e-05,0.999998,logprobs,Novita
5297,31,-25,0,0,0,4e-05,0.999994,logprobs,Novita
5298,31,-23,0,0,0,1.7e-05,0.999996,logprobs,Novita
5299,31,-21,0,0,0,1.5e-05,0.999995,logprobs,Novita
5300,31,-19,0,0,0,,,text,Novita
5301,31,-17,0,0,0,0.000123,0.999995,logprobs,Novita
5302,31,-15,0,0,0,3e-06,0.999999,logprobs,Novita
5303,31,-13,0,0,0,1.5e-05,0.999996,logprobs,Novita
5304,31,-11,0,0,0,,,text,Novita
5305,31,-9,1,1,0,4e-06,0.999995,logprobs,Novita
5306,31,-7,1,1,0,2.1e-05,0.999992,logprobs,Novita
5307,31,-5,1,1,0,2e-06,0.999997,logprobs,Novita
5308,31,-3,1,1,0,1.5e-05,0.999998,logprobs,Novita
5309,31,-1,1,1,0,0.00014,0.999982,logprobs,Novita
5310,31,1,1,1,1,0.999997,0.999998,logprobs,Novita
5311,31,3,1,1,1,,,text,Novita
5312,31,5,1,1,1,0.999915,0.999989,logprobs,Novita
5313,31,7,1,1,0,1e-05,0.999999,logprobs,Novita
5314,31,9,1,1,1,,,text,Novita
5315,31,11,1,1,1,0.999994,0.999998,logprobs,Novita
5316,31,13,1,1,1,0.999949,0.999998,logprobs,Novita
5317,31,15,1,1,1,0.999998,0.999998,logprobs,Novita
5318,31,17,1,1,1,0.999969,0.999996,logprobs,Novita
5319,31,19,0,0,0,0,1,logprobs,Novita
5320,31,21,1,1,0,3e-06,0.999996,logprobs,Novita
5321,31,23,1,1,0,2e-06,0.999998,logprobs,Novita
5322,31,25,1,1,0,8e-06,0.999997,logprobs,Novita
5323,31,27,1,1,0,1e-06,0.999999,logprobs,Novita
5324,31,29,0,0,0,2e-06,0.999996,logprobs,Novita
5325,31,31,1,1,1,0.999374,0.999976,logprobs,Novita
5326,31,33,1,1,0,5e-06,0.999996,logprobs,Novita
5327,31,35,1,1,1,0.999976,0.999995,logprobs,Novita
5328,31,37,1,1,1,0.999979,0.999995,logprobs,Novita
5329,31,39,1,1,0,1e-06,0.999999,logprobs,Novita
5330,31,41,1,1,1,0.999979,0.999999,logprobs,Novita
5331,31,43,1,1,1,,,text,Novita
5332,31,45,1,1,0,,,text,Novita
5333,31,47,1,1,1,,,text,Novita
5334,31,49,1,1,1,0.999989,0.999998,logprobs,Novita
5335,31,51,1,1,1,,,text,Novita
5336,31,53,1,1,0,0.000203,0.999996,logprobs,Novita
5337,31,55,1,1,1,0.998831,0.999971,logprobs,Novita
5338,31,57,1,1,0,2e-06,0.999998,logprobs,Novita
5339,31,59,1,1,1,0.999989,0.999994,logprobs,Novita
5340,31,61,1,1,1,0.999374,0.999992,logprobs,Novita
5341,31,63,1,1,1,0.99977,0.999988,logprobs,Novita
5342,31,65,1,1,1,0.999992,0.999999,logprobs,Novita
5343,31,67,1,1,1,0.999877,0.999998,logprobs,Novita
5344,31,69,1,1,1,1,0.999997,logprobs,Novita
5345,31,71,1,1,1,0.99996,0.999999,logprobs,Novita
5346,31,73,1,1,1,0.999797,0.999992,logprobs,Novita
5347,31,75,1,1,1,0.99999,0.999997,logprobs,Novita
5348,31,77,1,1,1,,,text,Novita
5349,31,79,1,1,0,1.5e-05,0.999996,logprobs,Novita
5350,31,81,1,1,0,2.1e-05,0.999979,logprobs,Novita
5351,31,83,1,1,0,2e-06,0.999998,logprobs,Novita
5352,31,85,1,1,0,,,text,Novita
5353,31,87,1,0,0,1e-06,0.999999,logprobs,Novita
5354,31,89,1,1,0,7.5e-05,0.999995,logprobs,Novita
5355,31,91,1,1,1,,,text,Novita
5356,31,93,1,1,1,0.999665,0.999988,logprobs,Novita
5357,31,95,1,1,0,5e-06,0.999997,logprobs,Novita
5358,31,97,1,1,1,0.999891,0.999996,logprobs,Novita
5359,31,99,1,1,1,,,text,Novita
5360,31,101,1,1,1,0.999196,0.99996,logprobs,Novita
5361,31,103,1,1,1,0.999904,0.999994,logprobs,Novita
5362,31,105,1,1,1,0.99962,0.99999,logprobs,Novita
5363,31,107,1,1,1,0.999955,0.999994,logprobs,Novita
5364,31,109,1,1,1,0.999976,0.999997,logprobs,Novita
5365,31,111,1,1,1,,,text,Novita
5366,31,113,1,1,1,0.999447,0.999993,logprobs,Novita
5367,31,115,1,1,1,1,1,logprobs,Novita
5368,31,117,1,1,1,,,text,Novita
5369,31,119,1,1,0,1.7e-05,0.999997,logprobs,Novita
5370,31,121,1,1,1,,,text,Novita
5371,31,123,0,0,0,,,text,Novita
5372,31,125,0,0,0,,,text,Novita
5373,31,127,0,0,0,1.5e-05,0.999991,logprobs,Novita
5374,31,129,0,0,1,0.999976,0.999996,logprobs,Novita
5375,31,131,0,0,0,,,text,Novita
5376,31,133,0,0,1,0.999877,0.999966,logprobs,Novita
5377,31,135,0,0,1,0.999942,0.999992,logprobs,Novita
5378,31,137,0,0,0,,,text,Novita
5379,31,139,0,0,0,,,text,Novita
5380,31,141,0,0,0,3e-06,0.999992,logprobs,Novita
5381,31,143,0,0,0,1.5e-05,0.999996,logprobs,Novita
5382,31,145,0,0,0,2.4e-05,0.999992,logprobs,Novita
5383,31,147,0,0,1,0.999904,0.999996,logprobs,Novita
5384,31,149,0,0,1,0.999925,0.999977,logprobs,Novita
5385,31,151,0,0,0,1.1e-05,0.999996,logprobs,Novita
5386,31,153,0,0,0,2.8e-05,0.999996,logprobs,Novita
5387,31,155,0,0,0,1e-06,0.999994,logprobs,Novita
5388,31,157,0,0,0,1e-05,0.999995,logprobs,Novita
5389,31,159,0,0,0,,,text,Novita
5390,31,161,0,0,0,2.1e-05,0.999995,logprobs,Novita
5391,31,163,0,0,0,2.1e-05,0.999998,logprobs,Novita
5392,31,165,0,0,0,2.4e-05,0.999995,logprobs,Novita
5393,31,167,0,0,0,2e-06,0.999996,logprobs,Novita
5394,31,169,0,0,0,2e-06,0.999999,logprobs,Novita
5395,31,171,0,0,0,3e-06,0.999999,logprobs,Novita
5396,31,173,0,0,0,,,text,Novita
5397,31,175,0,0,0,7e-06,0.999997,logprobs,Novita
5398,31,177,0,0,0,1e-06,0.999999,logprobs,Novita
5399,31,179,0,0,0,8e-06,0.999974,logprobs,Novita
5400,29,-179,0,0,0,5e-06,0.999999,logprobs,Novita
5401,29,-177,0,0,0,1.5e-05,0.999998,logprobs,Novita
5402,29,-175,0,0,0,5e-06,0.999999,logprobs,Novita
5403,29,-173,0,0,0,1.7e-05,0.999993,logprobs,Novita
5404,29,-171,0,0,0,,,text,Novita
5405,29,-169,0,0,0,,,text,Novita
5406,29,-167,0,0,0,,,text,Novita
5407,29,-165,0,0,0,4e-05,0.999996,logprobs,Novita
5408,29,-163,0,0,0,7.5e-05,0.999998,logprobs,Novita
5409,29,-161,0,0,0,2.8e-05,0.999997,logprobs,Novita
5410,29,-159,0,0,0,4e-06,0.999998,logprobs,Novita
5411,29,-157,0,0,0,1.1e-05,0.999992,logprobs,Novita
5412,29,-155,0,0,0,3e-06,0.999998,logprobs,Novita
5413,29,-153,0,0,0,3e-06,0.999995,logprobs,Novita
5414,29,-151,0,0,0,4.5e-05,0.999996,logprobs,Novita
5415,29,-149,0,0,0,5.1e-05,0.999997,logprobs,Novita
5416,29,-147,0,0,0,1e-06,0.999998,logprobs,Novita
5417,29,-145,0,0,0,,,text,Novita
5418,29,-143,0,0,0,1.9e-05,0.999998,logprobs,Novita
5419,29,-141,0,0,0,1.5e-05,0.999998,logprobs,Novita
5420,29,-139,0,0,0,5e-06,0.999995,logprobs,Novita
5421,29,-137,0,0,0,1.9e-05,0.999996,logprobs,Novita
5422,29,-135,0,0,0,3e-06,0.999998,logprobs,Novita
5423,29,-133,0,0,0,4e-06,0.999998,logprobs,Novita
5424,29,-131,0,0,0,,,text,Novita
5425,29,-129,0,0,0,7.5e-05,0.999994,logprobs,Novita
5426,29,-127,0,0,0,2.4e-05,0.999992,logprobs,Novita
5427,29,-125,0,0,0,,,text,Novita
5428,29,-123,0,0,0,2.1e-05,0.999992,logprobs,Novita
5429,29,-121,0,0,1,0.999955,0.999995,logprobs,Novita
5430,29,-119,0,0,0,2e-06,0.999999,logprobs,Novita
5431,29,-117,0,0,0,7.5e-05,0.999991,logprobs,Novita
5432,29,-115,0,0,0,4e-06,0.999991,logprobs,Novita
5433,29,-113,0,0,0,6.6e-05,0.999998,logprobs,Novita
5434,29,-111,1,1,1,0.999842,0.999993,logprobs,Novita
5435,29,-109,1,1,1,0.997199,0.999986,logprobs,Novita
5436,29,-107,1,1,0,0.000203,0.999998,logprobs,Novita
5437,29,-105,1,1,1,0.999976,0.999997,logprobs,Novita
5438,29,-103,1,1,1,0.999665,0.999989,logprobs,Novita
5439,29,-101,1,1,1,,,text,Novita
5440,29,-99,1,1,1,0.999994,0.99999,logprobs,Novita
5441,29,-97,1,1,1,,,text,Novita
5442,29,-95,0,0,1,0.99929,0.999986,logprobs,Novita
5443,29,-93,0,0,0,1e-06,0.999995,logprobs,Novita
5444,29,-91,0,0,0,3e-06,0.999998,logprobs,Novita
5445,29,-89,0,0,0,9.6e-05,0.999988,logprobs,Novita
5446,29,-87,0,0,0,,,text,Novita
5447,29,-85,0,0,0,9e-06,0.999997,logprobs,Novita
5448,29,-83,0,0,0,0.00014,0.999991,logprobs,Novita
5449,29,-81,1,1,0,4e-06,0.999997,logprobs,Novita
5450,29,-79,0,0,0,0,1,logprobs,Novita
5451,29,-77,0,0,0,7.5e-05,0.99995,logprobs,Novita
5452,29,-75,0,0,0,1.1e-05,0.999997,logprobs,Novita
5453,29,-73,0,0,0,2e-06,0.999999,logprobs,Novita
5454,29,-71,0,0,0,4.5e-05,0.999992,logprobs,Novita
5455,29,-69,0,0,0,,,text,Novita
5456,29,-67,0,0,0,3e-06,0.999999,logprobs,Novita
5457,29,-65,0,0,0,1.5e-05,0.999997,logprobs,Novita
5458,29,-63,0,0,0,,,text,Novita
5459,29,-61,0,0,0,9e-06,0.999999,logprobs,Novita
5460,29,-59,0,0,0,1.9e-05,0.999997,logprobs,Novita
5461,29,-57,0,0,0,2e-06,0.999995,logprobs,Novita
5462,29,-55,0,0,0,3.1e-05,0.999997,logprobs,Novita
5463,29,-53,0,0,0,2e-06,0.999998,logprobs,Novita
5464,29,-51,0,0,0,3e-06,0.999998,logprobs,Novita
5465,29,-49,0,0,0,2.1e-05,0.999996,logprobs,Novita
5466,29,-47,0,0,0,,,text,Novita
5467,29,-45,0,0,0,1.5e-05,0.999996,logprobs,Novita
5468,29,-43,0,0,0,1.1e-05,0.999997,logprobs,Novita
5469,29,-41,0,0,0,4.5e-05,0.999997,logprobs,Novita
5470,29,-39,0,0,0,0,0.999999,logprobs,Novita
5471,29,-37,0,0,0,2e-06,0.999998,logprobs,Novita
5472,29,-35,0,0,0,1.7e-05,0.999997,logprobs,Novita
5473,29,-33,0,0,0,1.5e-05,0.999995,logprobs,Novita
5474,29,-31,0,0,0,1e-05,0.999995,logprobs,Novita
5475,29,-29,0,0,0,,,text,Novita
5476,29,-27,0,0,0,2e-06,0.999997,logprobs,Novita
5477,29,-25,0,0,0,2e-06,0.999996,logprobs,Novita
5478,29,-23,0,0,0,4e-05,0.999992,logprobs,Novita
5479,29,-21,0,0,0,2.1e-05,0.999996,logprobs,Novita
5480,29,-19,0,0,0,1e-05,0.999998,logprobs,Novita
5481,29,-17,0,0,0,,,text,Novita
5482,29,-15,0,0,0,6e-06,0.999997,logprobs,Novita
5483,29,-13,0,0,0,8e-06,0.999998,logprobs,Novita
5484,29,-11,0,0,0,,,text,Novita
5485,29,-9,1,1,0,0.000158,0.99999,logprobs,Novita
5486,29,-7,1,1,0,6e-06,0.999998,logprobs,Novita
5487,29,-5,1,1,0,5e-06,0.999996,logprobs,Novita
5488,29,-3,1,1,0,0.000231,0.999994,logprobs,Novita
5489,29,-1,1,1,0,,,text,Novita
5490,29,1,1,1,0,2.4e-05,0.999988,logprobs,Novita
5491,29,3,1,1,1,0.999972,0.999992,logprobs,Novita
5492,29,5,1,1,1,0.99982,0.999996,logprobs,Novita
5493,29,7,1,1,0,1e-06,0.999998,logprobs,Novita
5494,29,9,1,1,0,4.5e-05,0.999993,logprobs,Novita
5495,29,11,1,1,0,2.8e-05,0.999995,logprobs,Novita
5496,29,13,1,1,1,0.999972,0.999995,logprobs,Novita
5497,29,15,1,1,0,4e-05,0.999975,logprobs,Novita
5498,29,17,1,1,0,4e-06,0.999993,logprobs,Novita
5499,29,19,1,1,0,1.1e-05,0.999996,logprobs,Novita
5500,29,21,1,1,0,,,text,Novita
5501,29,23,1,1,1,0.999949,0.999995,logprobs,Novita
5502,29,25,1,1,0,1e-06,0.999998,logprobs,Novita
5503,29,27,1,1,0,1.3e-05,0.999994,logprobs,Novita
5504,29,29,1,1,0,1e-06,0.999999,logprobs,Novita
5505,29,31,1,1,1,0.99982,0.999995,logprobs,Novita
5506,29,33,0,0,0,1.9e-05,0.999996,logprobs,Novita
5507,29,35,1,1,0,2e-06,0.999998,logprobs,Novita
5508,29,37,1,1,0,1e-06,0.999999,logprobs,Novita
5509,29,39,1,1,0,1e-06,0.999999,logprobs,Novita
5510,29,41,1,1,1,0.999969,0.999994,logprobs,Novita
5511,29,43,1,1,1,0.999998,0.999999,logprobs,Novita
5512,29,45,1,1,0,0,0.999998,logprobs,Novita
5513,29,47,1,1,0,2.4e-05,0.999997,logprobs,Novita
5514,29,49,0,0,0,0,0.999999,logprobs,Novita
5515,29,51,1,1,0,1.9e-05,0.999998,logprobs,Novita
5516,29,53,1,1,0,,,text,Novita
5517,29,55,1,1,0,0,0.999998,logprobs,Novita
5518,29,57,1,1,0,0,0.999999,logprobs,Novita
5519,29,59,1,1,0,5e-06,0.999998,logprobs,Novita
5520,29,61,1,1,1,0.999196,0.999988,logprobs,Novita
5521,29,63,1,1,0,7e-06,0.999995,logprobs,Novita
5522,29,65,1,1,1,,,text,Novita
5523,29,67,1,1,0,,,text,Novita
5524,29,69,1,1,0,9e-06,0.999997,logprobs,Novita
5525,29,71,1,1,1,0.991423,0.999969,logprobs,Novita
5526,29,73,1,1,0,0,0.999999,logprobs,Novita
5527,29,75,1,1,1,0.99999,0.999996,logprobs,Novita
5528,29,77,1,1,1,0.999995,0.999987,logprobs,Novita
5529,29,79,1,1,0,3e-06,0.999997,logprobs,Novita
5530,29,81,1,1,0,1.1e-05,0.999998,logprobs,Novita
5531,29,83,1,1,0,1e-06,0.999999,logprobs,Novita
5532,29,85,1,1,0,,,text,Novita
5533,29,87,1,1,0,1.1e-05,0.999999,logprobs,Novita
5534,29,89,1,1,0,,,text,Novita
5535,29,91,1,1,0,4e-06,0.999999,logprobs,Novita
5536,29,93,1,1,1,,,text,Novita
5537,29,95,1,1,0,1e-06,0.999999,logprobs,Novita
5538,29,97,1,1,0,1.9e-05,0.999996,logprobs,Novita
5539,29,99,1,1,1,0.999196,0.999974,logprobs,Novita
5540,29,101,1,1,1,0.999665,0.999954,logprobs,Novita
5541,29,103,1,1,1,0.999704,0.999986,logprobs,Novita
5542,29,105,1,1,1,,,text,Novita
5543,29,107,1,1,1,0.999981,0.999995,logprobs,Novita
5544,29,109,1,1,1,0.999997,0.999999,logprobs,Novita
5545,29,111,1,1,0,0.00014,0.999993,logprobs,Novita
5546,29,113,1,1,1,0.999512,0.999991,logprobs,Novita
5547,29,115,1,1,0,,,text,Novita
5548,29,117,1,1,0,1e-06,0.999998,logprobs,Novita
5549,29,119,1,1,0,1e-06,0.999999,logprobs,Novita
5550,29,121,1,1,0,3e-06,0.999999,logprobs,Novita
5551,29,123,0,0,0,0,0.999998,logprobs,Novita
5552,29,125,0,0,0,1e-06,0.999997,logprobs,Novita
5553,29,127,0,0,0,5.1e-05,0.999989,logprobs,Novita
5554,29,129,0,0,0,5e-06,0.999993,logprobs,Novita
5555,29,131,0,0,0,3e-06,0.999997,logprobs,Novita
5556,29,133,0,0,0,7e-06,0.999997,logprobs,Novita
5557,29,135,0,0,0,,,text,Novita
5558,29,137,0,0,0,1.3e-05,0.999998,logprobs,Novita
5559,29,139,0,0,0,,,text,Novita
5560,29,141,0,0,0,0,0.999996,logprobs,Novita
5561,29,143,0,0,0,5.8e-05,0.999997,logprobs,Novita
5562,29,145,0,0,0,3.1e-05,0.999978,logprobs,Novita
5563,29,147,0,0,0,1e-06,0.999998,logprobs,Novita
5564,29,149,0,0,0,1e-06,0.999999,logprobs,Novita
5565,29,151,0,0,0,3e-06,0.999998,logprobs,Novita
5566,29,153,0,0,0,3e-06,0.999996,logprobs,Novita
5567,29,155,0,0,0,1e-06,0.999999,logprobs,Novita
5568,29,157,0,0,0,0,0.999999,logprobs,Novita
5569,29,159,0,0,0,0,0.999999,logprobs,Novita
5570,29,161,0,0,0,,,text,Novita
5571,29,163,0,0,0,3.5e-05,0.999989,logprobs,Novita
5572,29,165,0,0,0,0.007581,0.999902,logprobs,Novita
5573,29,167,0,0,0,4e-06,0.999989,logprobs,Novita
5574,29,169,0,0,0,1e-06,0.999997,logprobs,Novita
5575,29,171,0,0,0,7.5e-05,0.999996,logprobs,Novita
5576,29,173,0,0,0,1e-05,0.999998,logprobs,Novita
5577,29,175,0,0,0,3e-06,0.999993,logprobs,Novita
5578,29,177,0,0,0,,,text,Novita
5579,29,179,0,0,0,1e-06,0.999999,logprobs,Novita
5580,27,-179,0,0,0,8e-06,0.999998,logprobs,Novita
5581,27,-177,0,0,0,,,text,Novita
5582,27,-175,0,0,0,,,text,Novita
5583,27,-173,0,0,0,1.7e-05,0.999997,logprobs,Novita
5584,27,-171,0,0,0,5e-06,0.999998,logprobs,Novita
5585,27,-169,0,0,0,8e-06,0.999995,logprobs,Novita
5586,27,-167,0,0,0,8.5e-05,0.999989,logprobs,Novita
5587,27,-165,0,0,0,,,text,Novita
5588,27,-163,0,0,0,8e-06,0.999998,logprobs,Novita
5589,27,-161,0,0,0,1.3e-05,0.999997,logprobs,Novita
5590,27,-159,0,0,0,3.5e-05,0.999997,logprobs,Novita
5591,27,-157,0,0,0,0.00018,0.999988,logprobs,Novita
5592,27,-155,0,0,0,4e-05,0.999995,logprobs,Novita
5593,27,-153,0,0,0,1.7e-05,0.999996,logprobs,Novita
5594,27,-151,0,0,0,2.8e-05,0.999997,logprobs,Novita
5595,27,-149,0,0,0,1e-05,0.999997,logprobs,Novita
5596,27,-147,0,0,0,,,text,Novita
5597,27,-145,0,0,0,1.7e-05,0.999994,logprobs,Novita
5598,27,-143,0,0,0,,,text,Novita
5599,27,-141,0,0,0,,,text,Novita
5600,27,-139,0,0,0,3e-06,0.999998,logprobs,Novita
5601,27,-137,0,0,0,1.5e-05,0.999998,logprobs,Novita
5602,27,-135,0,0,0,2.8e-05,0.999996,logprobs,Novita
5603,27,-133,0,0,0,4.5e-05,0.999985,logprobs,Novita
5604,27,-131,0,0,0,1.3e-05,0.999997,logprobs,Novita
5605,27,-129,0,0,0,,,text,Novita
5606,27,-127,0,0,0,9.6e-05,0.999991,logprobs,Novita
5607,27,-125,0,0,0,,,text,Novita
5608,27,-123,0,0,0,1.9e-05,0.999987,logprobs,Novita
5609,27,-121,0,0,0,5.8e-05,0.999993,logprobs,Novita
5610,27,-119,0,0,0,1.9e-05,0.999997,logprobs,Novita
5611,27,-117,0,0,1,0.996407,0.999976,logprobs,Novita
5612,27,-115,0,0,0,4.5e-05,0.999983,logprobs,Novita
5613,27,-113,1,1,0,1.5e-05,0.999996,logprobs,Novita
5614,27,-111,0,0,0,9e-06,0.999999,logprobs,Novita
5615,27,-109,1,1,0,9.6e-05,0.999998,logprobs,Novita
5616,27,-107,1,1,0,,,text,Novita
5617,27,-105,1,1,0,1e-05,0.999998,logprobs,Novita
5618,27,-103,1,1,1,0.99977,0.999965,logprobs,Novita
5619,27,-101,1,1,1,0.999704,0.999973,logprobs,Novita
5620,27,-99,1,1,1,0.999992,0.999998,logprobs,Novita
5621,27,-97,0,0,0,3e-06,0.999999,logprobs,Novita
5622,27,-95,0,0,0,0.000231,0.999992,logprobs,Novita
5623,27,-93,0,0,0,0,0.999999,logprobs,Novita
5624,27,-91,0,0,0,9.6e-05,0.999991,logprobs,Novita
5625,27,-89,0,0,0,,,text,Novita
5626,27,-87,0,0,0,2.1e-05,0.999996,logprobs,Novita
5627,27,-85,0,0,0,3e-06,0.999998,logprobs,Novita
5628,27,-83,0,0,0,1e-06,0.999999,logprobs,Novita
5629,27,-81,1,0,1,,,text,Novita
5630,27,-79,0,0,0,7e-06,0.999999,logprobs,Novita
5631,27,-77,0,0,0,4e-06,0.999998,logprobs,Novita
5632,27,-75,0,0,0,4e-06,0.999999,logprobs,Novita
5633,27,-73,0,0,0,4e-06,0.999999,logprobs,Novita
5634,27,-71,0,0,0,,,text,Novita
5635,27,-69,0,0,0,1.1e-05,0.999996,logprobs,Novita
5636,27,-67,0,0,0,4e-06,0.999999,logprobs,Novita
5637,27,-65,0,0,0,5e-06,0.999996,logprobs,Novita
5638,27,-63,0,0,0,,,text,Novita
5639,27,-61,0,0,0,3e-06,0.999999,logprobs,Novita
5640,27,-59,0,0,0,0,0.999999,logprobs,Novita
5641,27,-57,0,0,0,7e-06,0.999997,logprobs,Novita
5642,27,-55,0,0,0,2.4e-05,0.999993,logprobs,Novita
5643,27,-53,0,0,0,,,text,Novita
5644,27,-51,0,0,0,1e-06,0.999998,logprobs,Novita
5645,27,-49,0,0,0,2.4e-05,0.999984,logprobs,Novita
5646,27,-47,0,0,0,1.1e-05,0.999997,logprobs,Novita
5647,27,-45,0,0,0,1e-06,0.999999,logprobs,Novita
5648,27,-43,0,0,0,1.1e-05,0.999996,logprobs,Novita
5649,27,-41,0,0,0,1e-05,0.999998,logprobs,Novita
5650,27,-39,0,0,0,,,text,Novita
5651,27,-37,0,0,0,2e-06,0.999996,logprobs,Novita
5652,27,-35,0,0,0,,,text,Novita
5653,27,-33,0,0,0,,,text,Novita
5654,27,-31,0,0,0,5.8e-05,0.999992,logprobs,Novita
5655,27,-29,0,0,0,2e-06,0.999998,logprobs,Novita
5656,27,-27,0,0,0,4e-06,0.999998,logprobs,Novita
5657,27,-25,0,0,0,4.5e-05,0.999987,logprobs,Novita
5658,27,-23,0,0,0,8e-06,0.999992,logprobs,Novita
5659,27,-21,0,0,0,8e-06,0.999998,logprobs,Novita
5660,27,-19,0,0,0,3e-06,0.999992,logprobs,Novita
5661,27,-17,0,0,0,1.1e-05,0.999988,logprobs,Novita
5662,27,-15,0,0,0,6e-06,0.999998,logprobs,Novita
5663,27,-13,1,1,0,,,text,Novita
5664,27,-11,1,1,0,,,text,Novita
5665,27,-9,1,1,0,0.000203,0.999982,logprobs,Novita
5666,27,-7,1,1,0,2.8e-05,0.999987,logprobs,Novita
5667,27,-5,1,1,0,7e-06,0.999997,logprobs,Novita
5668,27,-3,1,1,0,,,text,Novita
5669,27,-1,1,1,0,2.1e-05,0.99999,logprobs,Novita
5670,27,1,1,1,1,0.999942,0.999992,logprobs,Novita
5671,27,3,1,1,0,,,text,Novita
5672,27,5,1,1,1,0.999981,0.999997,logprobs,Novita
5673,27,7,1,1,0,1.9e-05,0.999998,logprobs,Novita
5674,27,9,1,1,1,0.999704,0.999987,logprobs,Novita
5675,27,11,1,1,0,,,text,Novita
5676,27,13,1,1,0,5e-06,0.999998,logprobs,Novita
5677,27,15,1,1,1,0.999842,0.999984,logprobs,Novita
5678,27,17,1,1,0,2e-06,0.999999,logprobs,Novita
5679,27,19,1,1,0,1.9e-05,0.999997,logprobs,Novita
5680,27,21,1,1,1,,,text,Novita
5681,27,23,1,1,0,,,text,Novita
5682,27,25,1,1,1,0.99996,0.999996,logprobs,Novita
5683,27,27,1,1,1,0.999925,0.999996,logprobs,Novita
5684,27,29,1,1,1,0.999739,0.999995,logprobs,Novita
5685,27,31,1,1,1,0.999996,0.999995,logprobs,Novita
5686,27,33,1,1,1,0.999972,0.999998,logprobs,Novita
5687,27,35,0,0,0,1e-06,0.999999,logprobs,Novita
5688,27,37,1,1,0,5e-06,0.999996,logprobs,Novita
5689,27,39,1,1,1,0.99962,0.999994,logprobs,Novita
5690,27,41,1,1,0,2.8e-05,0.999998,logprobs,Novita
5691,27,43,1,1,0,3e-06,0.999997,logprobs,Novita
5692,27,45,1,1,0,2e-06,0.999997,logprobs,Novita
5693,27,47,1,1,0,1.3e-05,0.999996,logprobs,Novita
5694,27,49,1,1,0,1.9e-05,0.999999,logprobs,Novita
5695,27,51,0,0,1,0.999915,0.999956,logprobs,Novita
5696,27,53,0,0,0,1e-06,0.999998,logprobs,Novita
5697,27,55,1,1,0,,,text,Novita
5698,27,57,1,1,0,,,text,Novita
5699,27,59,1,1,0,1.3e-05,0.999985,logprobs,Novita
5700,27,61,1,1,0,1e-06,0.999997,logprobs,Novita
5701,27,63,1,1,0,3.1e-05,0.999987,logprobs,Novita
5702,27,65,1,1,1,0.999512,0.999994,logprobs,Novita
5703,27,67,1,1,0,1e-06,1,logprobs,Novita
5704,27,69,1,1,1,,,text,Novita
5705,27,71,1,1,1,0.999996,0.999998,logprobs,Novita
5706,27,73,1,1,1,0.999891,0.999992,logprobs,Novita
5707,27,75,1,1,1,,,text,Novita
5708,27,77,1,1,1,0.999999,0.999997,logprobs,Novita
5709,27,79,1,1,1,0.999998,0.999996,logprobs,Novita
5710,27,81,1,1,0,6.6e-05,0.99999,logprobs,Novita
5711,27,83,1,1,1,0.999998,0.999998,logprobs,Novita
5712,27,85,1,1,1,,,text,Novita
5713,27,87,1,1,1,0.999842,0.999959,logprobs,Novita
5714,27,89,1,1,1,0.999925,0.999967,logprobs,Novita
5715,27,91,1,1,0,3.1e-05,0.999995,logprobs,Novita
5716,27,93,1,1,1,0.999877,0.999984,logprobs,Novita
5717,27,95,1,1,0,5e-06,0.999998,logprobs,Novita
5718,27,97,1,1,0,5e-06,0.999994,logprobs,Novita
5719,27,99,1,1,1,0.998831,0.99998,logprobs,Novita
5720,27,101,1,1,1,,,text,Novita
5721,27,103,1,1,1,0.99977,0.999995,logprobs,Novita
5722,27,105,1,1,1,0.999196,0.999987,logprobs,Novita
5723,27,107,1,1,1,0.99929,0.99998,logprobs,Novita
5724,27,109,1,1,1,0.999877,0.999986,logprobs,Novita
5725,27,111,1,1,1,0.999972,0.999996,logprobs,Novita
5726,27,113,1,1,1,0.999665,0.999974,logprobs,Novita
5727,27,115,1,1,0,3e-06,0.999998,logprobs,Novita
5728,27,117,1,1,0,3e-06,0.999998,logprobs,Novita
5729,27,119,1,1,0,1e-05,0.999997,logprobs,Novita
5730,27,121,0,0,0,0,0.999999,logprobs,Novita
5731,27,123,0,0,0,8e-06,0.999995,logprobs,Novita
5732,27,125,0,0,0,5e-06,0.999993,logprobs,Novita
5733,27,127,0,0,0,9e-06,0.999992,logprobs,Novita
5734,27,129,0,0,0,3.1e-05,0.999991,logprobs,Novita
5735,27,131,0,0,0,1e-06,0.999996,logprobs,Novita
5736,27,133,0,0,0,,,text,Novita
5737,27,135,0,0,0,1e-06,0.999998,logprobs,Novita
5738,27,137,0,0,0,2.1e-05,0.999998,logprobs,Novita
5739,27,139,0,0,0,,,text,Novita
5740,27,141,0,0,0,2e-06,0.999999,logprobs,Novita
5741,27,143,0,0,0,,,text,Novita
5742,27,145,0,0,0,7e-06,0.999986,logprobs,Novita
5743,27,147,0,0,0,1e-06,0.999998,logprobs,Novita
5744,27,149,0,0,0,4e-06,0.999995,logprobs,Novita
5745,27,151,0,0,0,,,text,Novita
5746,27,153,0,0,0,0,1,logprobs,Novita
5747,27,155,0,0,0,,,text,Novita
5748,27,157,0,0,0,0,0.999998,logprobs,Novita
5749,27,159,0,0,0,5e-06,0.999995,logprobs,Novita
5750,27,161,0,0,0,0,0.999999,logprobs,Novita
5751,27,163,0,0,0,1e-06,0.999998,logprobs,Novita
5752,27,165,0,0,0,1.7e-05,0.999996,logprobs,Novita
5753,27,167,0,0,0,9e-06,0.999997,logprobs,Novita
5754,27,169,0,0,0,,,text,Novita
5755,27,171,0,0,0,4e-06,0.999997,logprobs,Novita
5756,27,173,0,0,0,2.1e-05,0.999992,logprobs,Novita
5757,27,175,0,0,0,4e-06,0.999998,logprobs,Novita
5758,27,177,0,0,0,0,0.999999,logprobs,Novita
5759,27,179,0,0,0,1e-06,0.999996,logprobs,Novita
5760,25,-179,0,0,0,0,0.999999,logprobs,Novita
5761,25,-177,0,0,0,4e-06,0.999999,logprobs,Novita
5762,25,-175,0,0,0,,,text,Novita
5763,25,-173,0,0,0,5e-06,0.999997,logprobs,Novita
5764,25,-171,0,0,0,4e-05,0.999996,logprobs,Novita
5765,25,-169,0,0,0,1e-06,0.999999,logprobs,Novita
5766,25,-167,0,0,0,,,text,Novita
5767,25,-165,0,0,0,,,text,Novita
5768,25,-163,0,0,0,1.9e-05,0.999998,logprobs,Novita
5769,25,-161,0,0,0,2.8e-05,0.999997,logprobs,Novita
5770,25,-159,0,0,0,7e-06,0.999997,logprobs,Novita
5771,25,-157,0,0,0,1.5e-05,0.999996,logprobs,Novita
5772,25,-155,0,0,0,2e-06,0.999998,logprobs,Novita
5773,25,-153,0,0,0,1e-06,0.999999,logprobs,Novita
5774,25,-151,0,0,0,2e-06,0.999998,logprobs,Novita
5775,25,-149,0,0,0,1e-05,0.999997,logprobs,Novita
5776,25,-147,0,0,0,5e-06,0.999998,logprobs,Novita
5777,25,-145,0,0,0,2.1e-05,0.999997,logprobs,Novita
5778,25,-143,0,0,0,1.3e-05,0.999997,logprobs,Novita
5779,25,-141,0,0,0,,,text,Novita
5780,25,-139,0,0,0,1e-06,0.999999,logprobs,Novita
5781,25,-137,0,0,0,4e-06,0.999998,logprobs,Novita
5782,25,-135,0,0,0,1.7e-05,0.999996,logprobs,Novita
5783,25,-133,0,0,0,1.3e-05,0.999997,logprobs,Novita
5784,25,-131,0,0,0,2.4e-05,0.999973,logprobs,Novita
5785,25,-129,0,0,0,,,text,Novita
5786,25,-127,0,0,0,2.8e-05,0.999992,logprobs,Novita
5787,25,-125,0,0,0,0,0.999998,logprobs,Novita
5788,25,-123,0,0,0,6e-06,0.999979,logprobs,Novita
5789,25,-121,0,0,0,4e-06,0.999995,logprobs,Novita
5790,25,-119,0,0,0,1.1e-05,0.999992,logprobs,Novita
5791,25,-117,0,0,0,2e-06,0.999996,logprobs,Novita
5792,25,-115,0,0,0,2.1e-05,0.999993,logprobs,Novita
5793,25,-113,0,0,1,0.99999,0.999995,logprobs,Novita
5794,25,-111,1,1,1,,,text,Novita
5795,25,-109,0,0,0,6e-06,0.999999,logprobs,Novita
5796,25,-107,1,1,0,1e-05,0.999998,logprobs,Novita
5797,25,-105,1,1,0,2.1e-05,0.999994,logprobs,Novita
5798,25,-103,1,1,1,0.999569,0.999964,logprobs,Novita
5799,25,-101,1,1,1,,,text,Novita
5800,25,-99,1,1,0,1e-06,0.999998,logprobs,Novita
5801,25,-97,0,0,0,0.000296,0.999988,logprobs,Novita
5802,25,-95,0,0,0,9e-06,0.999992,logprobs,Novita
5803,25,-93,0,0,0,5.8e-05,0.999992,logprobs,Novita
5804,25,-91,0,0,0,1.9e-05,0.999996,logprobs,Novita
5805,25,-89,0,0,0,1.7e-05,0.999998,logprobs,Novita
5806,25,-87,0,0,0,,,text,Novita
5807,25,-85,0,0,0,6.6e-05,0.999995,logprobs,Novita
5808,25,-83,0,0,0,5e-06,0.999997,logprobs,Novita
5809,25,-81,0,0,0,1.1e-05,0.999997,logprobs,Novita
5810,25,-79,0,0,0,4e-06,0.999996,logprobs,Novita
5811,25,-77,0,0,0,8e-06,0.999995,logprobs,Novita
5812,25,-75,0,0,0,3.5e-05,0.999992,logprobs,Novita
5813,25,-73,0,0,0,2.4e-05,0.999993,logprobs,Novita
5814,25,-71,0,0,0,3.5e-05,0.999996,logprobs,Novita
5815,25,-69,0,0,0,2e-06,0.999999,logprobs,Novita
5816,25,-67,0,0,0,5e-06,0.999998,logprobs,Novita
5817,25,-65,0,0,0,1e-06,0.999999,logprobs,Novita
5818,25,-63,0,0,0,4e-05,0.999995,logprobs,Novita
5819,25,-61,0,0,0,,,text,Novita
5820,25,-59,0,0,0,0.085158,0.999102,logprobs,Novita
5821,25,-57,0,0,0,2e-06,0.999997,logprobs,Novita
5822,25,-55,0,0,0,7.5e-05,0.99999,logprobs,Novita
5823,25,-53,0,0,0,1.5e-05,0.999997,logprobs,Novita
5824,25,-51,0,0,0,0.00018,0.999856,logprobs,Novita
5825,25,-49,0,0,0,,,text,Novita
5826,25,-47,0,0,0,1e-06,0.999998,logprobs,Novita
5827,25,-45,0,0,0,2.1e-05,0.999994,logprobs,Novita
5828,25,-43,0,0,0,2e-06,0.999994,logprobs,Novita
5829,25,-41,0,0,0,5.1e-05,0.999991,logprobs,Novita
5830,25,-39,0,0,0,1.9e-05,0.999996,logprobs,Novita
5831,25,-37,0,0,0,,,text,Novita
5832,25,-35,0,0,0,4e-06,0.999997,logprobs,Novita
5833,25,-33,0,0,0,8.5e-05,0.999993,logprobs,Novita
5834,25,-31,0,0,0,,,text,Novita
5835,25,-29,0,0,0,9.6e-05,0.999991,logprobs,Novita
5836,25,-27,0,0,0,1.5e-05,0.999994,logprobs,Novita
5837,25,-25,0,0,0,1.5e-05,0.99999,logprobs,Novita
5838,25,-23,0,0,0,1.3e-05,0.999997,logprobs,Novita
5839,25,-21,0,0,0,1e-06,0.999998,logprobs,Novita
5840,25,-19,0,0,0,0,0.999998,logprobs,Novita
5841,25,-17,0,0,0,4e-06,0.999999,logprobs,Novita
5842,25,-15,0,0,0,9e-06,0.99999,logprobs,Novita
5843,25,-13,1,1,0,6e-06,0.999997,logprobs,Novita
5844,25,-11,1,1,0,1.3e-05,0.999997,logprobs,Novita
5845,25,-9,1,1,0,,,text,Novita
5846,25,-7,1,1,0,,,text,Novita
5847,25,-5,1,1,0,1.7e-05,0.999996,logprobs,Novita
5848,25,-3,1,1,0,8e-06,0.999995,logprobs,Novita
5849,25,-1,1,1,0,3.5e-05,0.999985,logprobs,Novita
5850,25,1,1,1,1,0.999985,0.999992,logprobs,Novita
5851,25,3,1,1,1,0.999965,0.999998,logprobs,Novita
5852,25,5,1,1,1,0.999993,0.999993,logprobs,Novita
5853,25,7,1,1,1,0.999739,0.999979,logprobs,Novita
5854,25,9,1,1,0,4e-06,0.999998,logprobs,Novita
5855,25,11,1,1,0,2e-06,0.999998,logprobs,Novita
5856,25,13,1,1,0,,,text,Novita
5857,25,15,1,1,0,5e-06,0.999998,logprobs,Novita
5858,25,17,1,1,0,7e-06,0.999998,logprobs,Novita
5859,25,19,1,1,0,7.5e-05,0.999992,logprobs,Novita
5860,25,21,1,1,0,1.1e-05,0.999997,logprobs,Novita
5861,25,23,1,1,0,0,0.999999,logprobs,Novita
5862,25,25,1,1,0,,,text,Novita
5863,25,27,1,1,1,0.999976,0.999998,logprobs,Novita
5864,25,29,1,1,0,1e-06,0.999999,logprobs,Novita
5865,25,31,1,1,1,,,text,Novita
5866,25,33,1,1,0,5e-06,0.999998,logprobs,Novita
5867,25,35,0,0,0,6e-06,0.999991,logprobs,Novita
5868,25,37,0,0,0,3.1e-05,0.999994,logprobs,Novita
5869,25,39,1,1,0,2e-06,0.999997,logprobs,Novita
5870,25,41,1,1,0,2e-06,0.999996,logprobs,Novita
5871,25,43,1,1,0,2e-06,0.999999,logprobs,Novita
5872,25,45,1,1,0,1e-06,0.999999,logprobs,Novita
5873,25,47,1,1,1,0.998299,0.999973,logprobs,Novita
5874,25,49,1,1,1,0.99977,0.999986,logprobs,Novita
5875,25,51,1,1,0,,,text,Novita
5876,25,53,0,0,1,,,text,Novita
5877,25,55,0,0,0,0,0.999999,logprobs,Novita
5878,25,57,0,0,0,3e-06,0.999998,logprobs,Novita
5879,25,59,0,0,0,1.3e-05,0.999997,logprobs,Novita
5880,25,61,0,0,0,1.7e-05,0.999996,logprobs,Novita
5881,25,63,0,0,0,,,text,Novita
5882,25,65,0,0,0,5e-06,0.999998,logprobs,Novita
5883,25,67,1,1,0,,,text,Novita
5884,25,69,1,1,0,2e-06,0.999999,logprobs,Novita
5885,25,71,1,1,0,4e-06,0.999993,logprobs,Novita
5886,25,73,1,1,1,0.999665,0.999982,logprobs,Novita
5887,25,75,1,1,1,,,text,Novita
5888,25,77,1,1,1,0.999997,0.999995,logprobs,Novita
5889,25,79,1,1,1,0.999995,0.999998,logprobs,Novita
5890,25,81,1,1,0,8.5e-05,0.999992,logprobs,Novita
5891,25,83,1,1,1,0.999704,0.999978,logprobs,Novita
5892,25,85,1,1,1,0.999996,0.999997,logprobs,Novita
5893,25,87,1,1,1,0.999915,0.999978,logprobs,Novita
5894,25,89,1,1,0,2e-06,0.999998,logprobs,Novita
5895,25,91,1,1,1,0.999972,0.999997,logprobs,Novita
5896,25,93,1,1,1,0.999955,0.999995,logprobs,Novita
5897,25,95,1,1,0,1.9e-05,0.999996,logprobs,Novita
5898,25,97,1,1,1,0.998675,0.999976,logprobs,Novita
5899,25,99,1,1,1,,,text,Novita
5900,25,101,1,1,1,0.999739,0.999998,logprobs,Novita
5901,25,103,1,1,1,,,text,Novita
5902,25,105,1,1,1,0.999089,0.999994,logprobs,Novita
5903,25,107,1,1,1,0.999739,0.999993,logprobs,Novita
5904,25,109,1,1,1,0.999994,0.999996,logprobs,Novita
5905,25,111,1,1,1,0.999665,0.999984,logprobs,Novita
5906,25,113,1,1,1,,,text,Novita
5907,25,115,1,1,0,2e-06,0.999998,logprobs,Novita
5908,25,117,1,1,0,3e-06,0.999997,logprobs,Novita
5909,25,119,0,0,0,3e-06,0.999997,logprobs,Novita
5910,25,121,0,0,1,0.999797,0.999997,logprobs,Novita
5911,25,123,0,0,0,4e-06,0.999996,logprobs,Novita
5912,25,125,0,0,0,1e-06,0.999997,logprobs,Novita
5913,25,127,0,0,0,3e-06,0.999996,logprobs,Novita
5914,25,129,0,0,0,8e-06,0.999991,logprobs,Novita
5915,25,131,0,0,0,,,text,Novita
5916,25,133,0,0,0,1e-06,0.999998,logprobs,Novita
5917,25,135,0,0,0,1e-06,0.999998,logprobs,Novita
5918,25,137,0,0,0,6e-06,0.999997,logprobs,Novita
5919,25,139,0,0,0,,,text,Novita
5920,25,141,0,0,0,2e-06,0.99999,logprobs,Novita
5921,25,143,0,0,0,,,text,Novita
5922,25,145,0,0,0,1e-06,0.999997,logprobs,Novita
5923,25,147,0,0,0,,,text,Novita
5924,25,149,0,0,0,,,text,Novita
5925,25,151,0,0,0,1.7e-05,0.999995,logprobs,Novita
5926,25,153,0,0,0,1e-05,0.99999,logprobs,Novita
5927,25,155,0,0,0,3e-06,0.999997,logprobs,Novita
5928,25,157,0,0,0,3e-06,0.999998,logprobs,Novita
5929,25,159,0,0,0,9e-06,0.999996,logprobs,Novita
5930,25,161,0,0,0,1.5e-05,0.999995,logprobs,Novita
5931,25,163,0,0,0,1e-06,0.999999,logprobs,Novita
5932,25,165,0,0,0,,,text,Novita
5933,25,167,0,0,0,0,0.999998,logprobs,Novita
5934,25,169,0,0,0,1.5e-05,0.999998,logprobs,Novita
5935,25,171,0,0,0,1.3e-05,0.999997,logprobs,Novita
5936,25,173,0,0,0,1e-06,0.999999,logprobs,Novita
5937,25,175,0,0,0,1.9e-05,0.999985,logprobs,Novita
5938,25,177,0,0,0,7e-06,0.999997,logprobs,Novita
5939,25,179,0,0,0,1e-06,0.999998,logprobs,Novita
5940,23,-179,0,0,0,,,text,Novita
5941,23,-177,0,0,0,,,text,Novita
5942,23,-175,0,0,0,1.1e-05,0.999997,logprobs,Novita
5943,23,-173,0,0,0,8.5e-05,0.999995,logprobs,Novita
5944,23,-171,0,0,0,4e-05,0.999994,logprobs,Novita
5945,23,-169,0,0,0,1.1e-05,0.999996,logprobs,Novita
5946,23,-167,0,0,0,1.3e-05,0.999997,logprobs,Novita
5947,23,-165,0,0,0,,,text,Novita
5948,23,-163,0,0,0,2.8e-05,0.999994,logprobs,Novita
5949,23,-161,0,0,0,6.6e-05,0.999986,logprobs,Novita
5950,23,-159,0,0,0,4e-06,0.999998,logprobs,Novita
5951,23,-157,0,0,0,7e-06,0.999998,logprobs,Novita
5952,23,-155,0,0,0,5e-06,0.999997,logprobs,Novita
5953,23,-153,0,0,0,1.7e-05,0.999996,logprobs,Novita
5954,23,-151,0,0,0,2e-06,0.999998,logprobs,Novita
5955,23,-149,0,0,0,5e-06,0.999997,logprobs,Novita
5956,23,-147,0,0,0,,,text,Novita
5957,23,-145,0,0,0,1.7e-05,0.999997,logprobs,Novita
5958,23,-143,0,0,0,,,text,Novita
5959,23,-141,0,0,0,1.7e-05,0.999997,logprobs,Novita
5960,23,-139,0,0,0,2.4e-05,0.999998,logprobs,Novita
5961,23,-137,0,0,0,8.5e-05,0.999996,logprobs,Novita
5962,23,-135,0,0,0,1.7e-05,0.999997,logprobs,Novita
5963,23,-133,0,0,0,4e-06,0.999998,logprobs,Novita
5964,23,-131,0,0,0,1.1e-05,0.999997,logprobs,Novita
5965,23,-129,0,0,0,,,text,Novita
5966,23,-127,0,0,0,0.000109,0.999996,logprobs,Novita
5967,23,-125,0,0,0,1.5e-05,0.999986,logprobs,Novita
5968,23,-123,0,0,0,,,text,Novita
5969,23,-121,0,0,0,3e-06,0.999998,logprobs,Novita
5970,23,-119,0,0,0,6.6e-05,0.999995,logprobs,Novita
5971,23,-117,0,0,0,5e-06,0.99999,logprobs,Novita
5972,23,-115,0,0,0,7.5e-05,0.999988,logprobs,Novita
5973,23,-113,0,0,1,,,text,Novita
5974,23,-111,0,0,1,0.999665,0.999982,logprobs,Novita
5975,23,-109,0,0,0,8.5e-05,0.999996,logprobs,Novita
5976,23,-107,0,0,0,0.000123,0.999992,logprobs,Novita
5977,23,-105,1,1,0,0,0.999998,logprobs,Novita
5978,23,-103,1,1,1,0.998831,0.999972,logprobs,Novita
5979,23,-101,1,1,1,0.999942,0.999992,logprobs,Novita
5980,23,-99,1,1,0,5.8e-05,0.999991,logprobs,Novita
5981,23,-97,0,0,1,,,text,Novita
5982,23,-95,0,0,0,,,text,Novita
5983,23,-93,0,0,0,1e-06,0.999999,logprobs,Novita
5984,23,-91,0,0,0,5.8e-05,0.999991,logprobs,Novita
5985,23,-89,0,0,0,2.1e-05,0.999996,logprobs,Novita
5986,23,-87,0,0,0,8e-06,0.999996,logprobs,Novita
5987,23,-85,0,0,0,3e-06,0.999999,logprobs,Novita
5988,23,-83,1,1,0,4e-06,0.999994,logprobs,Novita
5989,23,-81,1,1,0,2e-06,0.999998,logprobs,Novita
5990,23,-79,0,0,0,7e-06,0.999998,logprobs,Novita
5991,23,-77,0,0,0,5.1e-05,0.99999,logprobs,Novita
5992,23,-75,0,0,0,3e-06,0.999999,logprobs,Novita
5993,23,-73,0,0,0,,,text,Novita
5994,23,-71,0,0,0,4e-06,0.999996,logprobs,Novita
5995,23,-69,0,0,0,1.1e-05,0.999997,logprobs,Novita
5996,23,-67,0,0,0,9.6e-05,0.999998,logprobs,Novita
5997,23,-65,0,0,0,2.4e-05,0.999996,logprobs,Novita
5998,23,-63,0,0,0,1e-05,0.999997,logprobs,Novita
5999,23,-61,0,0,0,9.6e-05,0.999994,logprobs,Novita
6000,23,-59,0,0,0,2.1e-05,0.999986,logprobs,Novita
6001,23,-57,0,0,0,5.8e-05,0.999993,logprobs,Novita
6002,23,-55,0,0,0,,,text,Novita
6003,23,-53,0,0,0,4.5e-05,0.999995,logprobs,Novita
6004,23,-51,0,0,0,2.8e-05,0.999992,logprobs,Novita
6005,23,-49,0,0,0,2e-06,0.999998,logprobs,Novita
6006,23,-47,0,0,0,5.8e-05,0.999996,logprobs,Novita
6007,23,-45,0,0,0,9e-06,0.999997,logprobs,Novita
6008,23,-43,0,0,0,2.4e-05,0.999991,logprobs,Novita
6009,23,-41,0,0,0,,,text,Novita
6010,23,-39,0,0,0,,,text,Novita
6011,23,-37,0,0,0,1.3e-05,0.999996,logprobs,Novita
6012,23,-35,0,0,0,,,text,Novita
6013,23,-33,0,0,0,5e-06,0.999996,logprobs,Novita
6014,23,-31,0,0,0,1.7e-05,0.999995,logprobs,Novita
6015,23,-29,0,0,0,,,text,Novita
6016,23,-27,0,0,0,3e-06,0.999998,logprobs,Novita
6017,23,-25,0,0,0,4e-05,0.999993,logprobs,Novita
6018,23,-23,0,0,0,2.8e-05,0.999996,logprobs,Novita
6019,23,-21,0,0,0,1e-06,0.999999,logprobs,Novita
6020,23,-19,0,0,0,2e-06,0.999998,logprobs,Novita
6021,23,-17,0,0,0,7.5e-05,0.999996,logprobs,Novita
6022,23,-15,1,1,0,1.5e-05,0.999996,logprobs,Novita
6023,23,-13,1,1,0,3.1e-05,0.999993,logprobs,Novita
6024,23,-11,1,1,0,5e-06,0.999993,logprobs,Novita
6025,23,-9,1,1,0,3e-06,0.999998,logprobs,Novita
6026,23,-7,1,1,0,8e-06,0.999997,logprobs,Novita
6027,23,-5,1,1,0,4e-06,0.999996,logprobs,Novita
6028,23,-3,1,1,0,5e-06,0.999999,logprobs,Novita
6029,23,-1,1,1,0,6e-06,0.999997,logprobs,Novita
6030,23,1,1,1,1,0.999965,0.999994,logprobs,Novita
6031,23,3,1,1,1,0.999983,0.999995,logprobs,Novita
6032,23,5,1,1,1,,,text,Novita
6033,23,7,1,1,1,0.999997,0.999995,logprobs,Novita
6034,23,9,1,1,0,0,0.999999,logprobs,Novita
6035,23,11,1,1,1,0.999969,0.999995,logprobs,Novita
6036,23,13,1,1,1,0.999972,0.999996,logprobs,Novita
6037,23,15,1,1,1,,,text,Novita
6038,23,17,1,1,1,0.999969,0.999998,logprobs,Novita
6039,23,19,1,1,0,5e-06,0.999997,logprobs,Novita
6040,23,21,1,1,0,9e-06,0.999997,logprobs,Novita
6041,23,23,1,1,1,0.999979,0.999997,logprobs,Novita
6042,23,25,1,1,1,0.99996,0.999993,logprobs,Novita
6043,23,27,1,1,1,0.99982,0.999993,logprobs,Novita
6044,23,29,1,1,1,0.999994,0.999997,logprobs,Novita
6045,23,31,1,1,1,,,text,Novita
6046,23,33,1,1,0,0,0.999999,logprobs,Novita
6047,23,35,1,1,0,2.4e-05,0.999992,logprobs,Novita
6048,23,37,0,0,0,1.3e-05,0.999996,logprobs,Novita
6049,23,39,1,1,0,,,text,Novita
6050,23,41,1,1,0,1e-06,0.999997,logprobs,Novita
6051,23,43,1,1,0,,,text,Novita
6052,23,45,1,1,0,0,0.999999,logprobs,Novita
6053,23,47,1,1,0,,,text,Novita
6054,23,49,1,1,0,3.5e-05,0.999996,logprobs,Novita
6055,23,51,1,1,1,0.999969,0.999986,logprobs,Novita
6056,23,53,1,1,0,1e-06,0.999999,logprobs,Novita
6057,23,55,1,1,1,0.999891,0.999987,logprobs,Novita
6058,23,57,1,1,0,,,text,Novita
6059,23,59,1,1,1,0.99977,0.999989,logprobs,Novita
6060,23,61,0,0,0,8e-06,0.999967,logprobs,Novita
6061,23,63,0,0,0,1e-06,0.999999,logprobs,Novita
6062,23,65,0,0,0,4e-06,0.999999,logprobs,Novita
6063,23,67,0,0,0,,,text,Novita
6064,23,69,1,1,0,2e-06,0.999996,logprobs,Novita
6065,23,71,1,1,1,,,text,Novita
6066,23,73,1,1,1,0.999991,0.999998,logprobs,Novita
6067,23,75,1,1,1,,,text,Novita
6068,23,77,1,1,1,,,text,Novita
6069,23,79,1,1,1,0.99999,0.999993,logprobs,Novita
6070,23,81,1,1,1,0.998299,0.999992,logprobs,Novita
6071,23,83,1,1,1,,,text,Novita
6072,23,85,1,1,1,0.999797,0.999993,logprobs,Novita
6073,23,87,1,1,1,0.999877,0.999985,logprobs,Novita
6074,23,89,1,1,1,,,text,Novita
6075,23,91,1,1,1,,,text,Novita
6076,23,93,1,1,1,0.999991,0.999996,logprobs,Novita
6077,23,95,1,1,0,7e-06,0.999998,logprobs,Novita
6078,23,97,1,1,1,0.999447,0.999986,logprobs,Novita
6079,23,99,1,1,1,0.999979,0.999998,logprobs,Novita
6080,23,101,1,1,1,0.999739,0.999973,logprobs,Novita
6081,23,103,1,1,1,0.99982,0.999994,logprobs,Novita
6082,23,105,1,1,1,0.99957,0.999982,logprobs,Novita
6083,23,107,1,1,0,6e-06,0.999996,logprobs,Novita
6084,23,109,1,1,0,2.1e-05,0.999998,logprobs,Novita
6085,23,111,1,1,0,,,text,Novita
6086,23,113,1,1,1,0.999196,0.999974,logprobs,Novita
6087,23,115,1,1,0,3.5e-05,0.999998,logprobs,Novita
6088,23,117,0,0,0,6.6e-05,0.999995,logprobs,Novita
6089,23,119,0,0,1,0.99977,0.999986,logprobs,Novita
6090,23,121,1,1,1,,,text,Novita
6091,23,123,0,0,0,,,text,Novita
6092,23,125,0,0,0,,,text,Novita
6093,23,127,0,0,0,5e-06,0.999997,logprobs,Novita
6094,23,129,0,0,0,2e-06,0.999993,logprobs,Novita
6095,23,131,0,0,0,3e-06,0.999994,logprobs,Novita
6096,23,133,0,0,0,,,text,Novita
6097,23,135,0,0,0,2e-06,0.999997,logprobs,Novita
6098,23,137,0,0,0,2e-06,0.999999,logprobs,Novita
6099,23,139,0,0,0,1e-06,0.999997,logprobs,Novita
6100,23,141,0,0,0,1e-06,0.999997,logprobs,Novita
6101,23,143,0,0,0,1e-06,0.999998,logprobs,Novita
6102,23,145,0,0,0,0.002184,0.999909,logprobs,Novita
6103,23,147,0,0,0,2e-06,0.999998,logprobs,Novita
6104,23,149,0,0,0,0,0.999999,logprobs,Novita
6105,23,151,0,0,0,3e-06,0.999997,logprobs,Novita
6106,23,153,0,0,0,8e-06,0.999998,logprobs,Novita
6107,23,155,0,0,0,1e-06,0.999998,logprobs,Novita
6108,23,157,0,0,0,4e-06,0.999994,logprobs,Novita
6109,23,159,0,0,0,2e-06,0.999997,logprobs,Novita
6110,23,161,0,0,0,2e-06,0.999997,logprobs,Novita
6111,23,163,0,0,0,2e-06,0.999997,logprobs,Novita
6112,23,165,0,0,0,9e-06,0.999997,logprobs,Novita
6113,23,167,0,0,0,,,text,Novita
6114,23,169,0,0,0,,,text,Novita
6115,23,171,0,0,0,3e-06,0.999999,logprobs,Novita
6116,23,173,0,0,0,2e-06,0.999998,logprobs,Novita
6117,23,175,0,0,0,3e-06,0.999992,logprobs,Novita
6118,23,177,0,0,0,,,text,Novita
6119,23,179,0,0,0,1e-06,0.999999,logprobs,Novita
6120,21,-179,0,0,0,,,text,Novita
6121,21,-177,0,0,0,1e-06,0.999999,logprobs,Novita
6122,21,-175,0,0,0,5e-06,0.999999,logprobs,Novita
6123,21,-173,0,0,0,6e-06,0.999999,logprobs,Novita
6124,21,-171,0,0,0,0.000158,0.999994,logprobs,Novita
6125,21,-169,0,0,0,3.5e-05,0.999995,logprobs,Novita
6126,21,-167,0,0,0,,,text,Novita
6127,21,-165,0,0,0,,,text,Novita
6128,21,-163,0,0,0,,,text,Novita
6129,21,-161,0,0,0,5.1e-05,0.999985,logprobs,Novita
6130,21,-159,0,0,0,1.9e-05,0.999999,logprobs,Novita
6131,21,-157,0,0,0,,,text,Novita
6132,21,-155,0,0,0,,,text,Novita
6133,21,-153,0,0,0,5e-06,0.999998,logprobs,Novita
6134,21,-151,0,0,0,0.000109,0.999996,logprobs,Novita
6135,21,-149,0,0,0,5.1e-05,0.999986,logprobs,Novita
6136,21,-147,0,0,0,0.000123,0.999977,logprobs,Novita
6137,21,-145,0,0,0,,,text,Novita
6138,21,-143,0,0,0,,,text,Novita
6139,21,-141,0,0,0,4e-05,0.999995,logprobs,Novita
6140,21,-139,0,0,0,,,text,Novita
6141,21,-137,0,0,0,1.7e-05,0.999996,logprobs,Novita
6142,21,-135,0,0,0,4e-05,0.999993,logprobs,Novita
6143,21,-133,0,0,0,4e-05,0.999997,logprobs,Novita
6144,21,-131,0,0,0,9.6e-05,0.999991,logprobs,Novita
6145,21,-129,0,0,0,,,text,Novita
6146,21,-127,0,0,0,9e-06,0.999997,logprobs,Novita
6147,21,-125,0,0,0,1.5e-05,0.999994,logprobs,Novita
6148,21,-123,0,0,0,1e-05,0.999975,logprobs,Novita
6149,21,-121,0,0,0,3.1e-05,0.999997,logprobs,Novita
6150,21,-119,0,0,0,2e-06,0.999998,logprobs,Novita
6151,21,-117,0,0,0,2.4e-05,0.999978,logprobs,Novita
6152,21,-115,0,0,0,,,text,Novita
6153,21,-113,0,0,1,,,text,Novita
6154,21,-111,0,0,1,0.999797,0.999978,logprobs,Novita
6155,21,-109,0,0,1,,,text,Novita
6156,21,-107,0,0,0,5.1e-05,0.999995,logprobs,Novita
6157,21,-105,1,1,0,1e-06,0.999999,logprobs,Novita
6158,21,-103,1,1,0,6.6e-05,0.999994,logprobs,Novita
6159,21,-101,1,1,0,1.7e-05,0.999996,logprobs,Novita
6160,21,-99,1,1,0,0.00014,0.999991,logprobs,Novita
6161,21,-97,0,0,0,3e-06,0.999998,logprobs,Novita
6162,21,-95,0,0,0,,,text,Novita
6163,21,-93,0,0,0,3e-06,0.999998,logprobs,Novita
6164,21,-91,0,0,0,1.9e-05,0.999994,logprobs,Novita
6165,21,-89,1,1,1,0.999999,0.999999,logprobs,Novita
6166,21,-87,1,1,0,,,text,Novita
6167,21,-85,0,0,0,0.00014,0.999983,logprobs,Novita
6168,21,-83,0,0,0,,,text,Novita
6169,21,-81,0,0,0,2.4e-05,0.999998,logprobs,Novita
6170,21,-79,0,0,0,1.3e-05,0.999999,logprobs,Novita
6171,21,-77,1,1,0,1.1e-05,0.999997,logprobs,Novita
6172,21,-75,0,0,0,7e-06,0.999996,logprobs,Novita
6173,21,-73,0,0,0,5.8e-05,0.99997,logprobs,Novita
6174,21,-71,0,0,0,,,text,Novita
6175,21,-69,0,0,0,1.3e-05,0.999998,logprobs,Novita
6176,21,-67,0,0,0,1.1e-05,0.999999,logprobs,Novita
6177,21,-65,0,0,0,0,0.999999,logprobs,Novita
6178,21,-63,0,0,0,5.8e-05,0.999987,logprobs,Novita
6179,21,-61,0,0,0,0,0.999999,logprobs,Novita
6180,21,-59,0,0,0,,,text,Novita
6181,21,-57,0,0,0,7e-06,0.999996,logprobs,Novita
6182,21,-55,0,0,0,2e-06,0.999997,logprobs,Novita
6183,21,-53,0,0,0,9e-06,0.999996,logprobs,Novita
6184,21,-51,0,0,0,1e-06,0.999995,logprobs,Novita
6185,21,-49,0,0,0,9.6e-05,0.999994,logprobs,Novita
6186,21,-47,0,0,0,,,text,Novita
6187,21,-45,0,0,0,,,text,Novita
6188,21,-43,0,0,0,2e-06,0.999997,logprobs,Novita
6189,21,-41,0,0,0,9e-06,0.999997,logprobs,Novita
6190,21,-39,0,0,0,1.9e-05,0.99999,logprobs,Novita
6191,21,-37,0,0,0,2.8e-05,0.999993,logprobs,Novita
6192,21,-35,0,0,0,9e-06,0.999995,logprobs,Novita
6193,21,-33,0,0,0,1e-05,0.999989,logprobs,Novita
6194,21,-31,0,0,0,,,text,Novita
6195,21,-29,0,0,0,2e-06,0.999997,logprobs,Novita
6196,21,-27,0,0,0,1.5e-05,0.999987,logprobs,Novita
6197,21,-25,0,0,0,,,text,Novita
6198,21,-23,0,0,0,7e-06,0.999991,logprobs,Novita
6199,21,-21,0,0,0,5.8e-05,0.999988,logprobs,Novita
6200,21,-19,0,0,0,4.5e-05,0.999983,logprobs,Novita
6201,21,-17,0,0,0,0.000261,0.999986,logprobs,Novita
6202,21,-15,1,1,0,3e-06,0.999997,logprobs,Novita
6203,21,-13,1,1,0,2.8e-05,0.999994,logprobs,Novita
6204,21,-11,1,1,0,7e-06,0.999997,logprobs,Novita
6205,21,-9,1,1,0,4e-06,0.999994,logprobs,Novita
6206,21,-7,1,1,0,1.1e-05,0.999991,logprobs,Novita
6207,21,-5,1,1,0,,,text,Novita
6208,21,-3,1,1,0,1.1e-05,0.999997,logprobs,Novita
6209,21,-1,1,1,0,6.6e-05,0.999994,logprobs,Novita
6210,21,1,1,1,0,1.5e-05,0.999996,logprobs,Novita
6211,21,3,1,1,0,9e-06,0.999996,logprobs,Novita
6212,21,5,1,1,1,0.999985,0.999988,logprobs,Novita
6213,21,7,1,1,1,0.999983,0.999995,logprobs,Novita
6214,21,9,1,1,0,2.1e-05,0.999995,logprobs,Novita
6215,21,11,1,1,0,,,text,Novita
6216,21,13,1,1,0,2.1e-05,0.999994,logprobs,Novita
6217,21,15,1,1,0,3.1e-05,0.999996,logprobs,Novita
6218,21,17,1,1,1,,,text,Novita
6219,21,19,1,1,1,0.999915,0.999998,logprobs,Novita
6220,21,21,1,1,1,0.999904,0.999994,logprobs,Novita
6221,21,23,1,1,1,0.999993,0.999999,logprobs,Novita
6222,21,25,1,1,1,,,text,Novita
6223,21,27,1,1,1,0.999196,0.99999,logprobs,Novita
6224,21,29,1,1,0,0,0.999999,logprobs,Novita
6225,21,31,1,1,1,,,text,Novita
6226,21,33,1,1,1,0.999739,0.999986,logprobs,Novita
6227,21,35,1,1,0,1e-06,0.999999,logprobs,Novita
6228,21,37,1,1,1,0.998675,0.999984,logprobs,Novita
6229,21,39,0,0,0,,,text,Novita
6230,21,41,1,1,0,,,text,Novita
6231,21,43,1,1,0,3.1e-05,0.999993,logprobs,Novita
6232,21,45,1,1,0,3e-06,0.999975,logprobs,Novita
6233,21,47,1,1,0,1.3e-05,0.999989,logprobs,Novita
6234,21,49,1,1,1,,,text,Novita
6235,21,51,1,1,0,,,text,Novita
6236,21,53,1,1,0,4e-06,0.999999,logprobs,Novita
6237,21,55,1,1,0,1e-06,0.999999,logprobs,Novita
6238,21,57,1,1,0,4e-06,0.999999,logprobs,Novita
6239,21,59,0,0,0,8e-06,0.999996,logprobs,Novita
6240,21,61,0,0,0,5e-06,0.999999,logprobs,Novita
6241,21,63,0,0,0,5e-06,0.999991,logprobs,Novita
6242,21,65,0,0,0,0.000231,0.999986,logprobs,Novita
6243,21,67,0,0,0,9e-06,0.999988,logprobs,Novita
6244,21,69,0,0,0,,,text,Novita
6245,21,71,1,1,0,8e-06,0.999995,logprobs,Novita
6246,21,73,1,1,0,,,text,Novita
6247,21,75,1,1,1,0.999965,0.999994,logprobs,Novita
6248,21,77,1,1,1,0.999998,0.999999,logprobs,Novita
6249,21,79,1,1,0,0.00014,0.99999,logprobs,Novita
6250,21,81,1,1,0,7e-06,0.999996,logprobs,Novita
6251,21,83,1,1,0,1e-06,0.999999,logprobs,Novita
6252,21,85,1,1,1,0.999997,0.999998,logprobs,Novita
6253,21,87,0,0,0,3e-06,0.999999,logprobs,Novita
6254,21,89,0,0,0,2.8e-05,0.999994,logprobs,Novita
6255,21,91,0,0,0,,,text,Novita
6256,21,93,1,1,1,0.999665,0.999998,logprobs,Novita
6257,21,95,1,1,0,0,1,logprobs,Novita
6258,21,97,1,1,0,1e-06,0.999999,logprobs,Novita
6259,21,99,1,1,1,,,text,Novita
6260,21,101,1,1,1,0.997199,0.999988,logprobs,Novita
6261,21,103,1,1,0,1.3e-05,0.999995,logprobs,Novita
6262,21,105,1,1,1,0.999955,0.999995,logprobs,Novita
6263,21,107,1,1,1,0.999904,0.999998,logprobs,Novita
6264,21,109,0,0,0,4.5e-05,0.999995,logprobs,Novita
6265,21,111,0,0,0,6.6e-05,0.999989,logprobs,Novita
6266,21,113,0,0,0,1.3e-05,0.999989,logprobs,Novita
6267,21,115,0,0,0,,,text,Novita
6268,21,117,0,0,0,5e-06,0.999997,logprobs,Novita
6269,21,119,0,0,0,5e-06,0.999996,logprobs,Novita
6270,21,121,0,0,1,0.999569,0.999992,logprobs,Novita
6271,21,123,0,0,1,0.999998,0.999999,logprobs,Novita
6272,21,125,0,0,0,5e-06,0.999997,logprobs,Novita
6273,21,127,0,0,0,5.1e-05,0.999997,logprobs,Novita
6274,21,129,0,0,0,,,text,Novita
6275,21,131,0,0,0,,,text,Novita
6276,21,133,0,0,0,8.5e-05,0.999989,logprobs,Novita
6277,21,135,0,0,0,6.6e-05,0.999991,logprobs,Novita
6278,21,137,0,0,0,9e-06,0.999993,logprobs,Novita
6279,21,139,0,0,1,,,text,Novita
6280,21,141,0,0,0,1e-06,0.999998,logprobs,Novita
6281,21,143,0,0,0,2.4e-05,0.999997,logprobs,Novita
6282,21,145,0,0,0,6e-06,0.999989,logprobs,Novita
6283,21,147,0,0,0,1e-06,0.999999,logprobs,Novita
6284,21,149,0,0,0,4e-06,0.999996,logprobs,Novita
6285,21,151,0,0,0,1.7e-05,0.999992,logprobs,Novita
6286,21,153,0,0,0,5e-06,0.999987,logprobs,Novita
6287,21,155,0,0,0,1.1e-05,0.999994,logprobs,Novita
6288,21,157,0,0,0,2.1e-05,0.999984,logprobs,Novita
6289,21,159,0,0,0,2.4e-05,0.999997,logprobs,Novita
6290,21,161,0,0,0,4e-06,0.999998,logprobs,Novita
6291,21,163,0,0,0,1.1e-05,0.999996,logprobs,Novita
6292,21,165,0,0,0,6.6e-05,0.99999,logprobs,Novita
6293,21,167,0,0,0,,,text,Novita
6294,21,169,0,0,0,2e-06,0.999998,logprobs,Novita
6295,21,171,0,0,0,3e-06,0.999999,logprobs,Novita
6296,21,173,0,0,0,4e-06,0.999998,logprobs,Novita
6297,21,175,0,0,0,2e-06,0.999995,logprobs,Novita
6298,21,177,0,0,0,1.9e-05,0.999988,logprobs,Novita
6299,21,179,0,0,0,0,1,logprobs,Novita
6300,19,-179,0,0,0,3e-06,0.999999,logprobs,Novita
6301,19,-177,0,0,0,2.1e-05,0.999996,logprobs,Novita
6302,19,-175,0,0,0,5.1e-05,0.999993,logprobs,Novita
6303,19,-173,0,0,0,5e-06,0.999999,logprobs,Novita
6304,19,-171,0,0,0,9.6e-05,0.999995,logprobs,Novita
6305,19,-169,0,0,0,5e-06,0.999999,logprobs,Novita
6306,19,-167,0,0,0,4e-05,0.999983,logprobs,Novita
6307,19,-165,0,0,0,4.5e-05,0.999988,logprobs,Novita
6308,19,-163,0,0,0,3.5e-05,0.99999,logprobs,Novita
6309,19,-161,0,0,0,3.5e-05,0.999996,logprobs,Novita
6310,19,-159,0,0,0,3.5e-05,0.999995,logprobs,Novita
6311,19,-157,0,0,0,6.6e-05,0.999989,logprobs,Novita
6312,19,-155,0,0,0,3.5e-05,0.999988,logprobs,Novita
6313,19,-153,0,0,0,4e-06,0.999998,logprobs,Novita
6314,19,-151,0,0,0,7e-06,0.999997,logprobs,Novita
6315,19,-149,0,0,0,6.6e-05,0.999993,logprobs,Novita
6316,19,-147,0,0,0,5.8e-05,0.999935,logprobs,Novita
6317,19,-145,0,0,0,4e-06,0.999999,logprobs,Novita
6318,19,-143,0,0,0,5e-06,0.999989,logprobs,Novita
6319,19,-141,0,0,0,,,text,Novita
6320,19,-139,0,0,0,1.9e-05,0.999994,logprobs,Novita
6321,19,-137,0,0,0,,,text,Novita
6322,19,-135,0,0,0,2.4e-05,0.999994,logprobs,Novita
6323,19,-133,0,0,0,4e-06,0.999999,logprobs,Novita
6324,19,-131,0,0,0,1e-05,0.999998,logprobs,Novita
6325,19,-129,0,0,0,1.5e-05,0.999993,logprobs,Novita
6326,19,-127,0,0,0,9e-06,0.999997,logprobs,Novita
6327,19,-125,0,0,0,4.5e-05,0.999992,logprobs,Novita
6328,19,-123,0,0,0,1e-05,0.999997,logprobs,Novita
6329,19,-121,0,0,0,1.9e-05,0.999994,logprobs,Novita
6330,19,-119,0,0,0,2e-06,0.999998,logprobs,Novita
6331,19,-117,0,0,0,,,text,Novita
6332,19,-115,0,0,0,,,text,Novita
6333,19,-113,0,0,0,,,text,Novita
6334,19,-111,0,0,0,0.000203,0.999986,logprobs,Novita
6335,19,-109,0,0,0,,,text,Novita
6336,19,-107,0,0,0,9e-06,0.999998,logprobs,Novita
6337,19,-105,0,0,1,0.998675,0.999986,logprobs,Novita
6338,19,-103,1,1,1,0.99982,0.999983,logprobs,Novita
6339,19,-101,1,1,1,0.99986,0.999992,logprobs,Novita
6340,19,-99,1,1,1,0.999877,0.999992,logprobs,Novita
6341,19,-97,1,1,0,2.8e-05,0.999997,logprobs,Novita
6342,19,-95,0,0,1,0.999797,0.999989,logprobs,Novita
6343,19,-93,0,0,0,5e-06,0.999997,logprobs,Novita
6344,19,-91,1,1,0,1.5e-05,0.999998,logprobs,Novita
6345,19,-89,1,1,0,4.5e-05,0.999998,logprobs,Novita
6346,19,-87,0,0,0,4.5e-05,0.999997,logprobs,Novita
6347,19,-85,0,0,0,,,text,Novita
6348,19,-83,0,0,0,3.1e-05,0.999996,logprobs,Novita
6349,19,-81,0,0,0,5e-06,0.999994,logprobs,Novita
6350,19,-79,0,0,0,,,text,Novita
6351,19,-77,0,0,0,7.5e-05,0.999972,logprobs,Novita
6352,19,-75,0,0,0,2e-06,0.999999,logprobs,Novita
6353,19,-73,0,0,0,1e-06,1,logprobs,Novita
6354,19,-71,1,1,0,2.4e-05,0.999996,logprobs,Novita
6355,19,-69,1,1,0,2.4e-05,0.999998,logprobs,Novita
6356,19,-67,0,0,0,,,text,Novita
6357,19,-65,0,0,0,,,text,Novita
6358,19,-63,0,0,0,,,text,Novita
6359,19,-61,0,0,0,3e-06,0.999998,logprobs,Novita
6360,19,-59,0,0,0,,,text,Novita
6361,19,-57,0,0,0,1.5e-05,0.999997,logprobs,Novita
6362,19,-55,0,0,0,5.1e-05,0.999985,logprobs,Novita
6363,19,-53,0,0,0,,,text,Novita
6364,19,-51,0,0,0,1.3e-05,0.999994,logprobs,Novita
6365,19,-49,0,0,0,,,text,Novita
6366,19,-47,0,0,0,,,text,Novita
6367,19,-45,0,0,0,0.000158,0.999982,logprobs,Novita
6368,19,-43,0,0,0,1.5e-05,0.999991,logprobs,Novita
6369,19,-41,0,0,0,,,text,Novita
6370,19,-39,0,0,0,1.3e-05,0.999995,logprobs,Novita
6371,19,-37,0,0,0,,,text,Novita
6372,19,-35,0,0,0,2.1e-05,0.999991,logprobs,Novita
6373,19,-33,0,0,0,8e-06,0.999993,logprobs,Novita
6374,19,-31,0,0,0,4e-05,0.999996,logprobs,Novita
6375,19,-29,0,0,0,1.5e-05,0.999991,logprobs,Novita
6376,19,-27,0,0,0,1.7e-05,0.999994,logprobs,Novita
6377,19,-25,0,0,0,5.1e-05,0.999989,logprobs,Novita
6378,19,-23,0,0,0,5e-06,0.999997,logprobs,Novita
6379,19,-21,0,0,0,1.3e-05,0.999994,logprobs,Novita
6380,19,-19,0,0,0,7e-06,0.999996,logprobs,Novita
6381,19,-17,0,0,0,,,text,Novita
6382,19,-15,1,1,0,,,text,Novita
6383,19,-13,1,1,0,4e-05,0.999991,logprobs,Novita
6384,19,-11,1,1,0,1.3e-05,0.999994,logprobs,Novita
6385,19,-9,1,1,0,2.4e-05,0.999996,logprobs,Novita
6386,19,-7,1,1,0,1e-05,0.999992,logprobs,Novita
6387,19,-5,1,1,0,7e-06,0.999992,logprobs,Novita
6388,19,-3,1,1,0,,,text,Novita
6389,19,-1,1,1,0,1.3e-05,0.999992,logprobs,Novita
6390,19,1,1,1,0,1.7e-05,0.999995,logprobs,Novita
6391,19,3,1,1,0,1e-06,0.999998,logprobs,Novita
6392,19,5,1,1,0,2e-06,0.999999,logprobs,Novita
6393,19,7,1,1,0,1.1e-05,0.999997,logprobs,Novita
6394,19,9,1,1,0,1.9e-05,0.999996,logprobs,Novita
6395,19,11,1,1,1,0.999665,0.999987,logprobs,Novita
6396,19,13,1,1,0,4e-06,0.999996,logprobs,Novita
6397,19,15,1,1,1,0.999797,0.999993,logprobs,Novita
6398,19,17,1,1,1,0.999374,0.999979,logprobs,Novita
6399,19,19,1,1,0,2e-06,0.999996,logprobs,Novita
6400,19,21,1,1,0,,,text,Novita
6401,19,23,1,1,1,0.999972,0.999999,logprobs,Novita
6402,19,25,1,1,1,0.999447,0.999975,logprobs,Novita
6403,19,27,1,1,0,2e-06,0.999994,logprobs,Novita
6404,19,29,1,1,0,1e-06,0.999999,logprobs,Novita
6405,19,31,1,1,0,3e-06,0.999992,logprobs,Novita
6406,19,33,1,1,1,0.999942,0.999996,logprobs,Novita
6407,19,35,1,1,0,0,0.999999,logprobs,Novita
6408,19,37,1,1,1,0.99962,0.999983,logprobs,Novita
6409,19,39,0,0,0,2.1e-05,0.999994,logprobs,Novita
6410,19,41,0,0,0,9.6e-05,0.999995,logprobs,Novita
6411,19,43,1,1,0,5e-06,0.999998,logprobs,Novita
6412,19,45,1,1,1,0.99957,0.99998,logprobs,Novita
6413,19,47,1,1,0,1.3e-05,0.999996,logprobs,Novita
6414,19,49,1,1,0,5.1e-05,0.999992,logprobs,Novita
6415,19,51,1,1,0,1.5e-05,0.99999,logprobs,Novita
6416,19,53,1,1,0,1.1e-05,0.999992,logprobs,Novita
6417,19,55,1,1,0,2e-06,0.999983,logprobs,Novita
6418,19,57,1,1,0,,,text,Novita
6419,19,59,0,0,0,,,text,Novita
6420,19,61,0,0,0,4e-06,0.999998,logprobs,Novita
6421,19,63,0,0,0,,,text,Novita
6422,19,65,0,0,0,1.5e-05,0.999994,logprobs,Novita
6423,19,67,0,0,0,,,text,Novita
6424,19,69,0,0,0,1.5e-05,0.999997,logprobs,Novita
6425,19,71,0,0,0,4e-06,0.999998,logprobs,Novita
6426,19,73,0,0,0,2e-06,0.999998,logprobs,Novita
6427,19,75,1,1,0,0,0.999999,logprobs,Novita
6428,19,77,1,1,1,0.999999,0.999996,logprobs,Novita
6429,19,79,1,1,0,2e-06,0.999994,logprobs,Novita
6430,19,81,1,1,0,1.7e-05,0.999993,logprobs,Novita
6431,19,83,1,1,0,1e-06,1,logprobs,Novita
6432,19,85,0,0,0,5e-06,0.999995,logprobs,Novita
6433,19,87,0,0,0,,,text,Novita
6434,19,89,0,0,0,9e-06,0.999997,logprobs,Novita
6435,19,91,0,0,1,0.99996,0.999989,logprobs,Novita
6436,19,93,0,0,1,0.99929,0.99999,logprobs,Novita
6437,19,95,1,1,0,,,text,Novita
6438,19,97,1,1,1,0.999955,0.999999,logprobs,Novita
6439,19,99,1,1,0,5.8e-05,0.999994,logprobs,Novita
6440,19,101,1,1,1,0.999915,0.999935,logprobs,Novita
6441,19,103,1,1,0,8e-06,0.999998,logprobs,Novita
6442,19,105,1,1,0,1e-05,0.999991,logprobs,Novita
6443,19,107,0,0,1,0.99996,0.999997,logprobs,Novita
6444,19,109,1,1,0,2e-06,0.999996,logprobs,Novita
6445,19,111,0,0,0,0,0.999999,logprobs,Novita
6446,19,113,0,0,0,5.1e-05,0.999994,logprobs,Novita
6447,19,115,0,0,0,,,text,Novita
6448,19,117,0,0,0,7e-06,0.999996,logprobs,Novita
6449,19,119,0,0,0,7e-06,0.999997,logprobs,Novita
6450,19,121,0,0,1,0.999569,0.99998,logprobs,Novita
6451,19,123,0,0,1,,,text,Novita
6452,19,125,0,0,0,1.7e-05,0.999994,logprobs,Novita
6453,19,127,0,0,0,,,text,Novita
6454,19,129,0,0,0,2e-06,0.999998,logprobs,Novita
6455,19,131,0,0,0,3e-06,0.999997,logprobs,Novita
6456,19,133,0,0,0,1.5e-05,0.999997,logprobs,Novita
6457,19,135,0,0,0,1e-06,0.999997,logprobs,Novita
6458,19,137,0,0,0,1.5e-05,0.999993,logprobs,Novita
6459,19,139,0,0,0,2e-06,0.99999,logprobs,Novita
6460,19,141,0,0,0,5e-06,0.999998,logprobs,Novita
6461,19,143,0,0,0,1e-05,0.999998,logprobs,Novita
6462,19,145,0,0,0,1e-06,0.999999,logprobs,Novita
6463,19,147,0,0,0,,,text,Novita
6464,19,149,0,0,0,1e-06,0.999999,logprobs,Novita
6465,19,151,0,0,0,2.8e-05,0.99999,logprobs,Novita
6466,19,153,0,0,0,,,text,Novita
6467,19,155,0,0,0,9e-06,0.999997,logprobs,Novita
6468,19,157,0,0,0,,,text,Novita
6469,19,159,0,0,0,2e-06,0.999997,logprobs,Novita
6470,19,161,0,0,0,4e-06,0.999996,logprobs,Novita
6471,19,163,0,0,0,8e-06,0.999998,logprobs,Novita
6472,19,165,0,0,0,1.3e-05,0.99999,logprobs,Novita
6473,19,167,0,0,0,,,text,Novita
6474,19,169,0,0,0,,,text,Novita
6475,19,171,0,0,0,3e-06,0.999998,logprobs,Novita
6476,19,173,0,0,0,2e-06,0.999996,logprobs,Novita
6477,19,175,0,0,0,1e-05,0.999989,logprobs,Novita
6478,19,177,0,0,0,,,text,Novita
6479,19,179,0,0,0,,,text,Novita
6480,17,-179,0,0,0,1.9e-05,0.999996,logprobs,Novita
6481,17,-177,0,0,0,,,text,Novita
6482,17,-175,0,0,0,1.7e-05,0.999994,logprobs,Novita
6483,17,-173,0,0,0,1e-06,0.999999,logprobs,Novita
6484,17,-171,0,0,0,2.1e-05,0.999998,logprobs,Novita
6485,17,-169,0,0,0,3e-06,0.999997,logprobs,Novita
6486,17,-167,0,0,0,,,text,Novita
6487,17,-165,0,0,0,4.5e-05,0.999991,logprobs,Novita
6488,17,-163,0,0,0,1.7e-05,0.999996,logprobs,Novita
6489,17,-161,0,0,0,2.1e-05,0.999991,logprobs,Novita
6490,17,-159,0,0,0,5.8e-05,0.999997,logprobs,Novita
6491,17,-157,0,0,0,,,text,Novita
6492,17,-155,0,0,0,2e-06,0.999999,logprobs,Novita
6493,17,-153,0,0,0,3e-06,0.999999,logprobs,Novita
6494,17,-151,0,0,0,2.1e-05,0.999997,logprobs,Novita
6495,17,-149,0,0,0,7e-06,0.999998,logprobs,Novita
6496,17,-147,0,0,0,,,text,Novita
6497,17,-145,0,0,0,8e-06,0.999996,logprobs,Novita
6498,17,-143,0,0,0,1.3e-05,0.999997,logprobs,Novita
6499,17,-141,0,0,0,1e-06,1,logprobs,Novita
6500,17,-139,0,0,0,,,text,Novita
6501,17,-137,0,0,0,,,text,Novita
6502,17,-135,0,0,0,0.000123,0.999997,logprobs,Novita
6503,17,-133,0,0,0,,,text,Novita
6504,17,-131,0,0,0,0.000158,0.999991,logprobs,Novita
6505,17,-129,0,0,0,2.8e-05,0.999995,logprobs,Novita
6506,17,-127,0,0,0,0,0.999998,logprobs,Novita
6507,17,-125,0,0,0,9e-06,0.999998,logprobs,Novita
6508,17,-123,0,0,0,2.8e-05,0.999955,logprobs,Novita
6509,17,-121,0,0,0,3e-06,0.999999,logprobs,Novita
6510,17,-119,0,0,0,1.1e-05,0.999994,logprobs,Novita
6511,17,-117,0,0,1,,,text,Novita
6512,17,-115,0,0,0,0.000123,0.999965,logprobs,Novita
6513,17,-113,0,0,1,,,text,Novita
6514,17,-111,0,0,1,,,text,Novita
6515,17,-109,0,0,1,0.999915,0.999985,logprobs,Novita
6516,17,-107,0,0,1,,,text,Novita
6517,17,-105,0,0,0,1.7e-05,0.999998,logprobs,Novita
6518,17,-103,0,0,1,,,text,Novita
6519,17,-101,0,0,0,4e-05,0.999989,logprobs,Novita
6520,17,-99,1,1,1,,,text,Novita
6521,17,-97,1,1,0,6.6e-05,0.999999,logprobs,Novita
6522,17,-95,1,1,0,4.5e-05,0.999995,logprobs,Novita
6523,17,-93,1,1,0,6e-06,0.999996,logprobs,Novita
6524,17,-91,1,1,1,0.999704,0.999994,logprobs,Novita
6525,17,-89,1,1,0,1e-06,0.999998,logprobs,Novita
6526,17,-87,0,0,0,,,text,Novita
6527,17,-85,0,0,0,5e-06,0.999997,logprobs,Novita
6528,17,-83,0,0,0,5.8e-05,0.999996,logprobs,Novita
6529,17,-81,0,0,0,3.1e-05,0.99999,logprobs,Novita
6530,17,-79,0,0,0,,,text,Novita
6531,17,-77,0,0,0,3.5e-05,0.999986,logprobs,Novita
6532,17,-75,0,0,0,2e-06,0.999999,logprobs,Novita
6533,17,-73,0,0,0,,,text,Novita
6534,17,-71,0,0,0,,,text,Novita
6535,17,-69,0,0,0,0,1,logprobs,Novita
6536,17,-67,0,0,0,7.5e-05,0.999981,logprobs,Novita
6537,17,-65,0,0,0,2e-06,0.999999,logprobs,Novita
6538,17,-63,0,0,0,3e-06,0.999997,logprobs,Novita
6539,17,-61,0,0,0,1.7e-05,0.999998,logprobs,Novita
6540,17,-59,0,0,0,5e-06,0.999998,logprobs,Novita
6541,17,-57,0,0,0,5e-06,0.999997,logprobs,Novita
6542,17,-55,0,0,0,8e-06,0.999994,logprobs,Novita
6543,17,-53,0,0,0,7e-06,0.999996,logprobs,Novita
6544,17,-51,0,0,0,5e-06,0.999996,logprobs,Novita
6545,17,-49,0,0,0,7e-06,0.999998,logprobs,Novita
6546,17,-47,0,0,0,,,text,Novita
6547,17,-45,0,0,0,1e-06,0.999994,logprobs,Novita
6548,17,-43,0,0,0,,,text,Novita
6549,17,-41,0,0,0,,,text,Novita
6550,17,-39,0,0,0,7e-06,0.999997,logprobs,Novita
6551,17,-37,0,0,0,4.5e-05,0.999977,logprobs,Novita
6552,17,-35,0,0,0,,,text,Novita
6553,17,-33,0,0,0,8e-06,0.999975,logprobs,Novita
6554,17,-31,0,0,0,,,text,Novita
6555,17,-29,0,0,0,1e-05,0.999998,logprobs,Novita
6556,17,-27,0,0,0,1.7e-05,0.999987,logprobs,Novita
6557,17,-25,0,0,0,,,text,Novita
6558,17,-23,0,0,0,,,text,Novita
6559,17,-21,0,0,0,2e-06,0.999999,logprobs,Novita
6560,17,-19,0,0,0,,,text,Novita
6561,17,-17,0,0,0,9e-06,0.99999,logprobs,Novita
6562,17,-15,1,1,0,1.3e-05,0.999997,logprobs,Novita
6563,17,-13,1,1,0,4e-06,0.999998,logprobs,Novita
6564,17,-11,1,1,0,1.9e-05,0.999993,logprobs,Novita
6565,17,-9,1,1,0,3e-06,0.999999,logprobs,Novita
6566,17,-7,1,1,0,1.3e-05,0.999996,logprobs,Novita
6567,17,-5,1,1,0,7.5e-05,0.999982,logprobs,Novita
6568,17,-3,1,1,0,,,text,Novita
6569,17,-1,1,1,0,7e-06,0.999996,logprobs,Novita
6570,17,1,1,1,0,5e-06,0.999998,logprobs,Novita
6571,17,3,1,1,0,1e-05,0.99999,logprobs,Novita
6572,17,5,1,1,0,0,0.999999,logprobs,Novita
6573,17,7,1,1,1,0.999972,0.999996,logprobs,Novita
6574,17,9,1,1,0,3e-06,0.999999,logprobs,Novita
6575,17,11,1,1,1,0.999925,0.999996,logprobs,Novita
6576,17,13,1,1,1,0.99999,0.999989,logprobs,Novita
6577,17,15,1,1,0,0,0.999999,logprobs,Novita
6578,17,17,1,1,1,0.999989,0.999998,logprobs,Novita
6579,17,19,1,1,1,0.99986,0.999991,logprobs,Novita
6580,17,21,1,1,0,6e-06,0.999998,logprobs,Novita
6581,17,23,1,1,1,0.999991,0.999997,logprobs,Novita
6582,17,25,1,1,1,,,text,Novita
6583,17,27,1,1,1,,,text,Novita
6584,17,29,1,1,1,,,text,Novita
6585,17,31,1,1,0,4e-06,0.999995,logprobs,Novita
6586,17,33,1,1,1,0.999979,0.999998,logprobs,Novita
6587,17,35,1,1,0,4e-05,0.999993,logprobs,Novita
6588,17,37,1,1,1,0.999739,0.999991,logprobs,Novita
6589,17,39,1,1,1,0.999374,0.999986,logprobs,Novita
6590,17,41,0,0,0,,,text,Novita
6591,17,43,1,1,0,2e-06,0.999996,logprobs,Novita
6592,17,45,1,1,1,0.999704,0.999982,logprobs,Novita
6593,17,47,1,1,1,,,text,Novita
6594,17,49,1,1,0,4e-06,0.999993,logprobs,Novita
6595,17,51,1,1,0,1e-05,0.999996,logprobs,Novita
6596,17,53,1,1,0,,,text,Novita
6597,17,55,0,0,0,9e-06,0.999996,logprobs,Novita
6598,17,57,0,0,0,,,text,Novita
6599,17,59,0,0,0,1.9e-05,0.999997,logprobs,Novita
6600,17,61,0,0,0,2.8e-05,0.999998,logprobs,Novita
6601,17,63,0,0,0,1.7e-05,0.999997,logprobs,Novita
6602,17,65,0,0,0,1.9e-05,0.999991,logprobs,Novita
6603,17,67,0,0,0,1.7e-05,0.99999,logprobs,Novita
6604,17,69,0,0,0,2e-06,0.999999,logprobs,Novita
6605,17,71,0,0,0,,,text,Novita
6606,17,73,0,0,0,2e-06,0.999996,logprobs,Novita
6607,17,75,1,1,1,0.999998,0.999996,logprobs,Novita
6608,17,77,1,1,1,0.999998,0.999998,logprobs,Novita
6609,17,79,1,1,1,,,text,Novita
6610,17,81,1,1,0,1.1e-05,0.999995,logprobs,Novita
6611,17,83,0,0,1,0.999374,0.999994,logprobs,Novita
6612,17,85,0,0,1,0.999996,0.99999,logprobs,Novita
6613,17,87,0,0,0,6e-06,0.999986,logprobs,Novita
6614,17,89,0,0,1,0.999089,0.999993,logprobs,Novita
6615,17,91,0,0,1,0.998073,0.999988,logprobs,Novita
6616,17,93,0,0,1,0.998831,0.999981,logprobs,Novita
6617,17,95,1,1,1,0.999512,0.999994,logprobs,Novita
6618,17,97,0,0,1,0.999942,0.999996,logprobs,Novita
6619,17,99,1,1,0,3e-06,0.999998,logprobs,Novita
6620,17,101,1,1,1,,,text,Novita
6621,17,103,1,1,1,0.998299,0.999991,logprobs,Novita
6622,17,105,1,1,0,2.1e-05,0.999995,logprobs,Novita
6623,17,107,1,1,1,0.999447,0.999988,logprobs,Novita
6624,17,109,0,0,0,,,text,Novita
6625,17,111,0,0,0,,,text,Novita
6626,17,113,0,0,0,4e-06,0.999999,logprobs,Novita
6627,17,115,0,0,0,4e-05,0.999996,logprobs,Novita
6628,17,117,0,0,0,2.1e-05,0.999995,logprobs,Novita
6629,17,119,0,0,0,,,text,Novita
6630,17,121,1,1,0,3.1e-05,0.999997,logprobs,Novita
6631,17,123,0,0,0,7e-06,0.999995,logprobs,Novita
6632,17,125,0,0,0,3e-06,0.999999,logprobs,Novita
6633,17,127,0,0,0,1e-06,0.999998,logprobs,Novita
6634,17,129,0,0,0,1e-06,0.999999,logprobs,Novita
6635,17,131,0,0,0,,,text,Novita
6636,17,133,0,0,0,3e-06,0.999999,logprobs,Novita
6637,17,135,0,0,0,4e-06,0.999997,logprobs,Novita
6638,17,137,0,0,0,1e-06,0.999998,logprobs,Novita
6639,17,139,0,0,0,,,text,Novita
6640,17,141,0,0,0,2.4e-05,0.999993,logprobs,Novita
6641,17,143,0,0,0,1.1e-05,0.999993,logprobs,Novita
6642,17,145,0,0,0,0,0.999999,logprobs,Novita
6643,17,147,0,0,0,1.7e-05,0.999994,logprobs,Novita
6644,17,149,0,0,0,1e-06,0.999998,logprobs,Novita
6645,17,151,0,0,0,1e-06,0.999997,logprobs,Novita
6646,17,153,0,0,0,1e-06,0.999998,logprobs,Novita
6647,17,155,0,0,0,1.7e-05,0.999992,logprobs,Novita
6648,17,157,0,0,0,3e-06,0.999998,logprobs,Novita
6649,17,159,0,0,0,1e-06,0.999995,logprobs,Novita
6650,17,161,0,0,0,0,0.999998,logprobs,Novita
6651,17,163,0,0,0,1e-06,0.999999,logprobs,Novita
6652,17,165,0,0,0,,,text,Novita
6653,17,167,0,0,0,6.6e-05,0.999989,logprobs,Novita
6654,17,169,0,0,0,7.5e-05,0.999992,logprobs,Novita
6655,17,171,0,0,0,3.5e-05,0.999986,logprobs,Novita
6656,17,173,0,0,0,4e-06,0.999999,logprobs,Novita
6657,17,175,0,0,0,,,text,Novita
6658,17,177,0,0,0,4e-06,0.999997,logprobs,Novita
6659,17,179,0,0,0,4e-06,0.999998,logprobs,Novita
6660,15,-179,0,0,0,1e-06,0.999999,logprobs,Novita
6661,15,-177,0,0,0,3e-06,0.999997,logprobs,Novita
6662,15,-175,0,0,0,2.8e-05,0.999996,logprobs,Novita
6663,15,-173,0,0,0,1.9e-05,0.999996,logprobs,Novita
6664,15,-171,0,0,0,7e-06,0.999999,logprobs,Novita
6665,15,-169,0,0,0,4.5e-05,0.999995,logprobs,Novita
6666,15,-167,0,0,0,4e-06,0.999998,logprobs,Novita
6667,15,-165,0,0,0,,,text,Novita
6668,15,-163,0,0,0,4.5e-05,0.999993,logprobs,Novita
6669,15,-161,0,0,0,4e-05,0.999996,logprobs,Novita
6670,15,-159,0,0,0,1.7e-05,0.999998,logprobs,Novita
6671,15,-157,0,0,0,4e-06,0.999998,logprobs,Novita
6672,15,-155,0,0,0,1.7e-05,0.999966,logprobs,Novita
6673,15,-153,0,0,0,4e-06,0.999998,logprobs,Novita
6674,15,-151,0,0,0,,,text,Novita
6675,15,-149,0,0,0,7.5e-05,0.999997,logprobs,Novita
6676,15,-147,0,0,0,3e-06,0.999999,logprobs,Novita
6677,15,-145,0,0,0,3.1e-05,0.999996,logprobs,Novita
6678,15,-143,0,0,0,9e-06,0.999998,logprobs,Novita
6679,15,-141,0,0,0,1.1e-05,0.999999,logprobs,Novita
6680,15,-139,0,0,0,1e-06,0.999999,logprobs,Novita
6681,15,-137,0,0,0,1e-05,0.999997,logprobs,Novita
6682,15,-135,0,0,0,2.1e-05,0.999993,logprobs,Novita
6683,15,-133,0,0,0,2.8e-05,0.999998,logprobs,Novita
6684,15,-131,0,0,0,6.6e-05,0.999997,logprobs,Novita
6685,15,-129,0,0,0,1e-06,0.999999,logprobs,Novita
6686,15,-127,0,0,0,5e-06,0.999992,logprobs,Novita
6687,15,-125,0,0,0,4e-06,0.999979,logprobs,Novita
6688,15,-123,0,0,0,9e-06,0.99999,logprobs,Novita
6689,15,-121,0,0,0,5.1e-05,0.999995,logprobs,Novita
6690,15,-119,0,0,0,9.6e-05,0.999994,logprobs,Novita
6691,15,-117,0,0,0,9e-06,0.999988,logprobs,Novita
6692,15,-115,0,0,0,,,text,Novita
6693,15,-113,0,0,0,1.7e-05,0.999995,logprobs,Novita
6694,15,-111,0,0,0,1.1e-05,0.999995,logprobs,Novita
6695,15,-109,0,0,1,0.999981,0.999997,logprobs,Novita
6696,15,-107,0,0,1,0.999994,0.999992,logprobs,Novita
6697,15,-105,0,0,0,6e-06,0.999992,logprobs,Novita
6698,15,-103,0,0,1,,,text,Novita
6699,15,-101,0,0,1,0.99986,0.999977,logprobs,Novita
6700,15,-99,0,0,1,0.99982,0.999977,logprobs,Novita
6701,15,-97,0,0,0,4e-06,0.999997,logprobs,Novita
6702,15,-95,0,0,0,2e-06,0.999998,logprobs,Novita
6703,15,-93,0,0,0,5e-06,0.999999,logprobs,Novita
6704,15,-91,1,1,1,0.999089,0.999987,logprobs,Novita
6705,15,-89,1,1,0,,,text,Novita
6706,15,-87,1,1,0,5.8e-05,0.999992,logprobs,Novita
6707,15,-85,1,1,1,0.999739,0.99997,logprobs,Novita
6708,15,-83,0,0,0,0.000203,0.999996,logprobs,Novita
6709,15,-81,0,0,0,3e-06,0.999998,logprobs,Novita
6710,15,-79,0,0,0,1.5e-05,0.999999,logprobs,Novita
6711,15,-77,0,0,0,2e-06,0.999999,logprobs,Novita
6712,15,-75,0,0,0,,,text,Novita
6713,15,-73,0,0,0,9e-06,0.999999,logprobs,Novita
6714,15,-71,0,0,0,1.5e-05,0.999996,logprobs,Novita
6715,15,-69,0,0,0,3e-06,0.999998,logprobs,Novita
6716,15,-67,0,0,0,7e-06,0.999998,logprobs,Novita
6717,15,-65,0,0,0,,,text,Novita
6718,15,-63,0,0,0,2.8e-05,0.999998,logprobs,Novita
6719,15,-61,0,0,0,,,text,Novita
6720,15,-59,0,0,0,8e-06,0.999998,logprobs,Novita
6721,15,-57,0,0,0,4e-05,0.999994,logprobs,Novita
6722,15,-55,0,0,0,,,text,Novita
6723,15,-53,0,0,0,2e-06,0.999999,logprobs,Novita
6724,15,-51,0,0,0,2e-06,0.999998,logprobs,Novita
6725,15,-49,0,0,0,2.4e-05,0.999986,logprobs,Novita
6726,15,-47,0,0,0,2.4e-05,0.999996,logprobs,Novita
6727,15,-45,0,0,0,,,text,Novita
6728,15,-43,0,0,0,0.000109,0.999992,logprobs,Novita
6729,15,-41,0,0,0,1.1e-05,0.999997,logprobs,Novita
6730,15,-39,0,0,0,1e-05,0.999996,logprobs,Novita
6731,15,-37,0,0,0,3.5e-05,0.999992,logprobs,Novita
6732,15,-35,0,0,0,2.8e-05,0.999944,logprobs,Novita
6733,15,-33,0,0,0,1.9e-05,0.99999,logprobs,Novita
6734,15,-31,0,0,0,6e-06,0.999997,logprobs,Novita
6735,15,-29,0,0,0,3.5e-05,0.999993,logprobs,Novita
6736,15,-27,0,0,0,1e-06,0.999991,logprobs,Novita
6737,15,-25,0,0,0,0,0.999999,logprobs,Novita
6738,15,-23,0,0,1,0.999992,0.999981,logprobs,Novita
6739,15,-21,0,0,0,3e-06,0.999995,logprobs,Novita
6740,15,-19,0,0,0,4e-05,0.999997,logprobs,Novita
6741,15,-17,1,1,0,,,text,Novita
6742,15,-15,1,1,0,5.8e-05,0.999981,logprobs,Novita
6743,15,-13,1,1,0,,,text,Novita
6744,15,-11,1,1,0,1.3e-05,0.999994,logprobs,Novita
6745,15,-9,1,1,0,7e-06,0.999998,logprobs,Novita
6746,15,-7,1,1,0,1.5e-05,0.999986,logprobs,Novita
6747,15,-5,1,1,0,2e-06,0.999999,logprobs,Novita
6748,15,-3,1,1,0,2.8e-05,0.999993,logprobs,Novita
6749,15,-1,1,1,0,1.1e-05,0.999987,logprobs,Novita
6750,15,1,1,1,0,1.3e-05,0.999991,logprobs,Novita
6751,15,3,1,1,0,2.4e-05,0.999993,logprobs,Novita
6752,15,5,1,1,0,2e-06,0.999995,logprobs,Novita
6753,15,7,1,1,1,0.999942,0.999988,logprobs,Novita
6754,15,9,1,1,1,0.999997,0.999998,logprobs,Novita
6755,15,11,1,1,1,0.99996,0.999996,logprobs,Novita
6756,15,13,1,1,1,0.999915,0.999987,logprobs,Novita
6757,15,15,1,1,0,3e-06,0.999995,logprobs,Novita
6758,15,17,1,1,1,0.999942,0.999997,logprobs,Novita
6759,15,19,1,1,1,0.999891,0.999988,logprobs,Novita
6760,15,21,1,1,1,0.999842,0.999976,logprobs,Novita
6761,15,23,1,1,1,0.999991,0.999994,logprobs,Novita
6762,15,25,1,1,1,0.999995,0.999998,logprobs,Novita
6763,15,27,1,1,0,1e-06,0.999999,logprobs,Novita
6764,15,29,1,1,0,,,text,Novita
6765,15,31,1,1,1,0.999665,0.999967,logprobs,Novita
6766,15,33,1,1,0,1.9e-05,0.999994,logprobs,Novita
6767,15,35,1,1,1,,,text,Novita
6768,15,37,1,1,1,0.999842,0.99999,logprobs,Novita
6769,15,39,1,1,0,1e-06,0.999999,logprobs,Novita
6770,15,41,0,0,0,5.8e-05,0.999984,logprobs,Novita
6771,15,43,1,1,1,0.999739,0.999986,logprobs,Novita
6772,15,45,1,1,1,0.999739,0.999987,logprobs,Novita
6773,15,47,1,1,1,,,text,Novita
6774,15,49,1,1,1,,,text,Novita
6775,15,51,0,0,1,0.999904,0.999944,logprobs,Novita
6776,15,53,0,0,0,4e-06,0.999995,logprobs,Novita
6777,15,55,0,0,0,,,text,Novita
6778,15,57,0,0,0,3.5e-05,0.999998,logprobs,Novita
6779,15,59,0,0,1,0.999925,0.999988,logprobs,Novita
6780,15,61,0,0,0,5.8e-05,0.999994,logprobs,Novita
6781,15,63,0,0,0,1.1e-05,0.999994,logprobs,Novita
6782,15,65,0,0,0,1.1e-05,0.999997,logprobs,Novita
6783,15,67,0,0,0,8e-06,0.999995,logprobs,Novita
6784,15,69,0,0,0,,,text,Novita
6785,15,71,0,0,0,3e-06,0.999994,logprobs,Novita
6786,15,73,0,0,0,6e-06,0.999997,logprobs,Novita
6787,15,75,1,1,1,0.999989,0.999995,logprobs,Novita
6788,15,77,1,1,1,,,text,Novita
6789,15,79,1,1,1,0.999797,0.999994,logprobs,Novita
6790,15,81,0,0,0,1.5e-05,0.999998,logprobs,Novita
6791,15,83,0,0,0,3e-06,0.999997,logprobs,Novita
6792,15,85,0,0,0,9e-06,0.999999,logprobs,Novita
6793,15,87,0,0,1,0.999949,0.999995,logprobs,Novita
6794,15,89,0,0,0,2.4e-05,0.999997,logprobs,Novita
6795,15,91,0,0,1,0.999891,0.999997,logprobs,Novita
6796,15,93,0,0,1,0.999665,0.999995,logprobs,Novita
6797,15,95,0,0,0,,,text,Novita
6798,15,97,0,0,0,,,text,Novita
6799,15,99,1,1,1,0.99929,0.999984,logprobs,Novita
6800,15,101,1,1,0,,,text,Novita
6801,15,103,1,1,1,0.999569,0.99999,logprobs,Novita
6802,15,105,1,1,0,4e-06,0.999992,logprobs,Novita
6803,15,107,1,1,1,0.999374,0.999989,logprobs,Novita
6804,15,109,0,0,1,0.998968,0.999974,logprobs,Novita
6805,15,111,0,0,0,0,0.999999,logprobs,Novita
6806,15,113,0,0,0,,,text,Novita
6807,15,115,0,0,0,5.8e-05,0.999992,logprobs,Novita
6808,15,117,0,0,1,0.999512,0.999978,logprobs,Novita
6809,15,119,0,0,0,1e-06,0.999995,logprobs,Novita
6810,15,121,1,1,1,0.99977,0.999968,logprobs,Novita
6811,15,123,0,0,0,3e-06,0.999997,logprobs,Novita
6812,15,125,0,0,0,4e-06,0.999996,logprobs,Novita
6813,15,127,0,0,0,9e-06,0.99999,logprobs,Novita
6814,15,129,0,0,0,,,text,Novita
6815,15,131,0,0,0,6e-06,0.999997,logprobs,Novita
6816,15,133,0,0,0,1.7e-05,0.999976,logprobs,Novita
6817,15,135,0,0,0,2e-06,0.999997,logprobs,Novita
6818,15,137,0,0,0,3e-06,0.999999,logprobs,Novita
6819,15,139,0,0,0,5e-06,0.999993,logprobs,Novita
6820,15,141,0,0,0,3e-06,0.999999,logprobs,Novita
6821,15,143,0,0,0,4e-05,0.999993,logprobs,Novita
6822,15,145,0,0,0,3e-06,0.999995,logprobs,Novita
6823,15,147,0,0,0,2e-06,0.999999,logprobs,Novita
6824,15,149,0,0,0,1e-06,0.999998,logprobs,Novita
6825,15,151,0,0,0,1e-06,0.99999,logprobs,Novita
6826,15,153,0,0,0,3e-06,0.999998,logprobs,Novita
6827,15,155,0,0,0,,,text,Novita
6828,15,157,0,0,0,0,0.999999,logprobs,Novita
6829,15,159,0,0,0,4e-05,0.999997,logprobs,Novita
6830,15,161,0,0,0,3e-06,0.999998,logprobs,Novita
6831,15,163,0,0,0,,,text,Novita
6832,15,165,0,0,0,,,text,Novita
6833,15,167,0,0,0,,,text,Novita
6834,15,169,0,0,0,1.9e-05,0.999998,logprobs,Novita
6835,15,171,0,0,0,,,text,Novita
6836,15,173,0,0,0,2e-06,0.999997,logprobs,Novita
6837,15,175,0,0,0,1e-05,0.999995,logprobs,Novita
6838,15,177,0,0,0,6e-06,0.999996,logprobs,Novita
6839,15,179,0,0,0,1e-06,0.999999,logprobs,Novita
6840,13,-179,0,0,0,,,text,Novita
6841,13,-177,0,0,0,7e-06,0.999995,logprobs,Novita
6842,13,-175,0,0,0,2.8e-05,0.999992,logprobs,Novita
6843,13,-173,0,0,0,1e-05,0.999998,logprobs,Novita
6844,13,-171,0,0,0,,,text,Novita
6845,13,-169,0,0,0,2.8e-05,0.999997,logprobs,Novita
6846,13,-167,0,0,0,3.5e-05,0.999994,logprobs,Novita
6847,13,-165,0,0,0,5.8e-05,0.999985,logprobs,Novita
6848,13,-163,0,0,0,8e-06,0.999995,logprobs,Novita
6849,13,-161,0,0,0,0.000109,0.999987,logprobs,Novita
6850,13,-159,0,0,0,9.6e-05,0.999994,logprobs,Novita
6851,13,-157,0,0,0,4e-06,0.999999,logprobs,Novita
6852,13,-155,0,0,0,3e-06,0.999993,logprobs,Novita
6853,13,-153,0,0,0,2.4e-05,0.99999,logprobs,Novita
6854,13,-151,0,0,0,6e-06,0.999997,logprobs,Novita
6855,13,-149,0,0,0,2e-06,0.999999,logprobs,Novita
6856,13,-147,0,0,0,1e-06,0.999998,logprobs,Novita
6857,13,-145,0,0,0,4e-06,0.999999,logprobs,Novita
6858,13,-143,0,0,0,5e-06,0.999983,logprobs,Novita
6859,13,-141,0,0,0,9e-06,0.999997,logprobs,Novita
6860,13,-139,0,0,0,6.6e-05,0.99999,logprobs,Novita
6861,13,-137,0,0,0,7e-06,0.999998,logprobs,Novita
6862,13,-135,0,0,0,3e-06,0.999998,logprobs,Novita
6863,13,-133,0,0,0,4.5e-05,0.999995,logprobs,Novita
6864,13,-131,0,0,0,1.5e-05,0.999995,logprobs,Novita
6865,13,-129,0,0,0,,,text,Novita
6866,13,-127,0,0,0,1.7e-05,0.999988,logprobs,Novita
6867,13,-125,0,0,0,1e-06,0.999998,logprobs,Novita
6868,13,-123,0,0,0,0.00023,0.999982,logprobs,Novita
6869,13,-121,0,0,0,3.5e-05,0.999977,logprobs,Novita
6870,13,-119,0,0,0,,,text,Novita
6871,13,-117,0,0,0,4e-06,0.999994,logprobs,Novita
6872,13,-115,0,0,0,2e-06,0.999996,logprobs,Novita
6873,13,-113,0,0,0,2.4e-05,0.999996,logprobs,Novita
6874,13,-111,0,0,0,,,text,Novita
6875,13,-109,0,0,0,5.1e-05,0.999996,logprobs,Novita
6876,13,-107,0,0,1,,,text,Novita
6877,13,-105,0,0,0,7e-06,0.999997,logprobs,Novita
6878,13,-103,0,0,1,0.997528,0.99997,logprobs,Novita
6879,13,-101,0,0,0,2.4e-05,0.999994,logprobs,Novita
6880,13,-99,0,0,0,,,text,Novita
6881,13,-97,0,0,0,6e-06,0.999998,logprobs,Novita
6882,13,-95,0,0,0,3e-06,0.999999,logprobs,Novita
6883,13,-93,0,0,0,2.4e-05,0.999996,logprobs,Novita
6884,13,-91,0,0,1,0.997528,0.999973,logprobs,Novita
6885,13,-89,0,0,0,1e-06,0.999999,logprobs,Novita
6886,13,-87,1,1,0,2.8e-05,0.999996,logprobs,Novita
6887,13,-85,1,1,1,,,text,Novita
6888,13,-83,0,0,0,6e-06,0.999999,logprobs,Novita
6889,13,-81,0,0,0,7e-06,0.999999,logprobs,Novita
6890,13,-79,0,0,0,3e-06,0.999996,logprobs,Novita
6891,13,-77,0,0,0,5.1e-05,0.999991,logprobs,Novita
6892,13,-75,0,0,0,5e-06,0.999999,logprobs,Novita
6893,13,-73,0,0,0,,,text,Novita
6894,13,-71,0,0,0,,,text,Novita
6895,13,-69,0,0,0,3.5e-05,0.999997,logprobs,Novita
6896,13,-67,0,0,0,,,text,Novita
6897,13,-65,0,0,0,9e-06,0.999995,logprobs,Novita
6898,13,-63,0,0,0,5e-06,0.999998,logprobs,Novita
6899,13,-61,0,0,0,1.5e-05,0.999997,logprobs,Novita
6900,13,-59,0,0,0,5.8e-05,0.999997,logprobs,Novita
6901,13,-57,0,0,0,5.8e-05,0.999994,logprobs,Novita
6902,13,-55,0,0,0,1.9e-05,0.999993,logprobs,Novita
6903,13,-53,0,0,0,3e-06,0.999999,logprobs,Novita
6904,13,-51,0,0,0,,,text,Novita
6905,13,-49,0,0,0,5e-06,0.999992,logprobs,Novita
6906,13,-47,0,0,1,,,text,Novita
6907,13,-45,0,0,0,5e-06,0.999995,logprobs,Novita
6908,13,-43,0,0,0,6e-06,0.999997,logprobs,Novita
6909,13,-41,0,0,0,2e-06,0.999998,logprobs,Novita
6910,13,-39,0,0,1,0.999512,0.999994,logprobs,Novita
6911,13,-37,0,0,0,1e-06,0.999999,logprobs,Novita
6912,13,-35,0,0,0,,,text,Novita
6913,13,-33,0,0,0,5.8e-05,0.999993,logprobs,Novita
6914,13,-31,0,0,0,1.5e-05,0.999997,logprobs,Novita
6915,13,-29,0,0,0,,,text,Novita
6916,13,-27,0,0,0,,,text,Novita
6917,13,-25,0,0,0,4.5e-05,0.999993,logprobs,Novita
6918,13,-23,0,0,0,5e-06,0.999994,logprobs,Novita
6919,13,-21,0,0,0,,,text,Novita
6920,13,-19,0,0,0,,,text,Novita
6921,13,-17,0,0,0,2.1e-05,0.999997,logprobs,Novita
6922,13,-15,1,1,0,7e-06,0.999999,logprobs,Novita
6923,13,-13,1,1,0,5e-06,0.999998,logprobs,Novita
6924,13,-11,1,1,0,3.1e-05,0.999994,logprobs,Novita
6925,13,-9,1,1,0,3.1e-05,0.999992,logprobs,Novita
6926,13,-7,1,1,0,6e-06,0.999997,logprobs,Novita
6927,13,-5,1,1,0,2e-06,0.999997,logprobs,Novita
6928,13,-3,1,1,0,1e-05,0.999992,logprobs,Novita
6929,13,-1,1,1,0,3.5e-05,0.999996,logprobs,Novita
6930,13,1,1,1,0,1e-06,0.999999,logprobs,Novita
6931,13,3,1,1,1,0.999991,0.999991,logprobs,Novita
6932,13,5,1,1,1,0.99996,0.999994,logprobs,Novita
6933,13,7,1,1,1,0.999877,0.999989,logprobs,Novita
6934,13,9,1,1,0,3.1e-05,0.999994,logprobs,Novita
6935,13,11,1,1,1,0.999934,0.999996,logprobs,Novita
6936,13,13,1,1,1,0.999997,0.999997,logprobs,Novita
6937,13,15,1,1,1,0.999891,0.999997,logprobs,Novita
6938,13,17,1,1,1,0.999979,0.999998,logprobs,Novita
6939,13,19,1,1,1,,,text,Novita
6940,13,21,1,1,1,,,text,Novita
6941,13,23,1,1,1,0.999999,0.999998,logprobs,Novita
6942,13,25,1,1,1,0.999969,0.999998,logprobs,Novita
6943,13,27,1,1,1,,,text,Novita
6944,13,29,1,1,1,0.99999,0.999991,logprobs,Novita
6945,13,31,1,1,1,0.999942,0.999986,logprobs,Novita
6946,13,33,1,1,1,0.999998,0.999999,logprobs,Novita
6947,13,35,1,1,0,3.1e-05,0.999989,logprobs,Novita
6948,13,37,1,1,0,2.1e-05,0.999995,logprobs,Novita
6949,13,39,1,1,1,0.995391,0.999974,logprobs,Novita
6950,13,41,1,1,1,0.999955,0.999984,logprobs,Novita
6951,13,43,0,0,0,5e-06,0.999999,logprobs,Novita
6952,13,45,1,1,1,0.99999,0.999992,logprobs,Novita
6953,13,47,0,0,1,0.999993,0.999993,logprobs,Novita
6954,13,49,0,0,1,0.999512,0.999986,logprobs,Novita
6955,13,51,0,0,1,0.999704,0.999986,logprobs,Novita
6956,13,53,0,0,0,1.9e-05,0.999996,logprobs,Novita
6957,13,55,0,0,0,4e-06,0.999999,logprobs,Novita
6958,13,57,0,0,0,2e-06,0.999999,logprobs,Novita
6959,13,59,0,0,1,0.999877,0.99997,logprobs,Novita
6960,13,61,0,0,0,7e-06,0.999999,logprobs,Novita
6961,13,63,0,0,0,,,text,Novita
6962,13,65,0,0,0,5.1e-05,0.999985,logprobs,Novita
6963,13,67,0,0,0,3e-06,0.999998,logprobs,Novita
6964,13,69,0,0,0,4e-05,0.999997,logprobs,Novita
6965,13,71,0,0,1,0.999972,0.999995,logprobs,Novita
6966,13,73,0,0,0,1.1e-05,0.999996,logprobs,Novita
6967,13,75,1,1,1,,,text,Novita
6968,13,77,1,1,1,0.999998,0.999987,logprobs,Novita
6969,13,79,1,1,0,,,text,Novita
6970,13,81,0,0,0,4e-05,0.999986,logprobs,Novita
6971,13,83,0,0,0,,,text,Novita
6972,13,85,0,0,0,,,text,Novita
6973,13,87,0,0,0,4e-06,0.999998,logprobs,Novita
6974,13,89,0,0,1,0.999842,0.999997,logprobs,Novita
6975,13,91,0,0,1,,,text,Novita
6976,13,93,0,0,1,,,text,Novita
6977,13,95,0,0,0,1e-05,0.999996,logprobs,Novita
6978,13,97,0,0,1,0.99982,0.999998,logprobs,Novita
6979,13,99,1,1,1,0.998499,0.999982,logprobs,Novita
6980,13,101,1,1,1,,,text,Novita
6981,13,103,1,1,1,,,text,Novita
6982,13,105,1,1,1,,,text,Novita
6983,13,107,1,1,1,0.999739,0.999988,logprobs,Novita
6984,13,109,1,1,0,,,text,Novita
6985,13,111,0,0,0,1e-05,0.999999,logprobs,Novita
6986,13,113,0,0,0,3.5e-05,0.999997,logprobs,Novita
6987,13,115,0,0,0,2e-06,0.999998,logprobs,Novita
6988,13,117,0,0,1,0.999512,0.999965,logprobs,Novita
6989,13,119,0,0,1,0.998831,0.999979,logprobs,Novita
6990,13,121,1,1,1,0.999739,0.999964,logprobs,Novita
6991,13,123,1,1,0,4e-06,0.999995,logprobs,Novita
6992,13,125,0,0,0,7e-06,0.999998,logprobs,Novita
6993,13,127,0,0,0,0.000158,0.99999,logprobs,Novita
6994,13,129,0,0,0,3e-06,0.999998,logprobs,Novita
6995,13,131,0,0,0,0,0.999999,logprobs,Novita
6996,13,133,0,0,0,7e-06,0.999998,logprobs,Novita
6997,13,135,0,0,0,2e-06,0.999999,logprobs,Novita
6998,13,137,0,0,0,0,0.999998,logprobs,Novita
6999,13,139,0,0,0,0,0.999998,logprobs,Novita
7000,13,141,0,0,0,0,0.999999,logprobs,Novita
7001,13,143,0,0,0,8e-06,0.999996,logprobs,Novita
7002,13,145,0,0,0,3.5e-05,0.99999,logprobs,Novita
7003,13,147,0,0,0,2e-06,0.999998,logprobs,Novita
7004,13,149,0,0,0,3.5e-05,0.999993,logprobs,Novita
7005,13,151,0,0,0,7e-06,0.999996,logprobs,Novita
7006,13,153,0,0,0,8e-06,0.999994,logprobs,Novita
7007,13,155,0,0,0,3.1e-05,0.999995,logprobs,Novita
7008,13,157,0,0,0,9e-06,0.999985,logprobs,Novita
7009,13,159,0,0,0,0.000335,0.999956,logprobs,Novita
7010,13,161,0,0,0,5e-06,0.999992,logprobs,Novita
7011,13,163,0,0,0,2e-06,0.999998,logprobs,Novita
7012,13,165,0,0,0,,,text,Novita
7013,13,167,0,0,0,,,text,Novita
7014,13,169,0,0,0,6e-06,0.999998,logprobs,Novita
7015,13,171,0,0,0,2e-06,0.999994,logprobs,Novita
7016,13,173,0,0,0,2.4e-05,0.999998,logprobs,Novita
7017,13,175,0,0,0,1.5e-05,0.999996,logprobs,Novita
7018,13,177,0,0,0,3e-06,0.999996,logprobs,Novita
7019,13,179,0,0,0,1e-06,0.999999,logprobs,Novita
7020,11,-179,0,0,1,0.998831,0.999992,logprobs,Novita
7021,11,-177,0,0,0,1.5e-05,0.999997,logprobs,Novita
7022,11,-175,0,0,0,3e-06,0.999998,logprobs,Novita
7023,11,-173,0,0,0,1e-06,0.999999,logprobs,Novita
7024,11,-171,0,0,0,5e-06,0.999999,logprobs,Novita
7025,11,-169,0,0,0,1.3e-05,0.999998,logprobs,Novita
7026,11,-167,0,0,0,6e-06,0.999999,logprobs,Novita
7027,11,-165,0,0,0,1.9e-05,0.999996,logprobs,Novita
7028,11,-163,0,0,0,2.1e-05,0.999997,logprobs,Novita
7029,11,-161,0,0,0,0.00014,0.999996,logprobs,Novita
7030,11,-159,0,0,0,5e-06,0.999998,logprobs,Novita
7031,11,-157,0,0,0,1.1e-05,0.999996,logprobs,Novita
7032,11,-155,0,0,0,0.000158,0.99999,logprobs,Novita
7033,11,-153,0,0,0,1.3e-05,0.999995,logprobs,Novita
7034,11,-151,0,0,0,,,text,Novita
7035,11,-149,0,0,0,4e-06,0.999997,logprobs,Novita
7036,11,-147,0,0,0,1.7e-05,0.999996,logprobs,Novita
7037,11,-145,0,0,0,3e-06,0.999993,logprobs,Novita
7038,11,-143,0,0,0,3.1e-05,0.999998,logprobs,Novita
7039,11,-141,0,0,0,5e-06,0.999998,logprobs,Novita
7040,11,-139,0,0,0,3e-06,0.999998,logprobs,Novita
7041,11,-137,0,0,0,8e-06,0.999998,logprobs,Novita
7042,11,-135,0,0,0,,,text,Novita
7043,11,-133,0,0,0,7e-06,0.999998,logprobs,Novita
7044,11,-131,0,0,0,4e-06,0.999999,logprobs,Novita
7045,11,-129,0,0,0,,,text,Novita
7046,11,-127,0,0,0,5e-06,0.999996,logprobs,Novita
7047,11,-125,0,0,0,,,text,Novita
7048,11,-123,0,0,0,9e-06,0.999981,logprobs,Novita
7049,11,-121,0,0,0,0.000123,0.999995,logprobs,Novita
7050,11,-119,0,0,0,1.9e-05,0.999997,logprobs,Novita
7051,11,-117,0,0,0,8.5e-05,0.999988,logprobs,Novita
7052,11,-115,0,0,0,4e-05,0.999992,logprobs,Novita
7053,11,-113,0,0,0,8.5e-05,0.999996,logprobs,Novita
7054,11,-111,0,0,0,2.4e-05,0.999997,logprobs,Novita
7055,11,-109,0,0,1,0.999569,0.999991,logprobs,Novita
7056,11,-107,0,0,0,0.000123,0.999994,logprobs,Novita
7057,11,-105,0,0,1,0.999925,0.999995,logprobs,Novita
7058,11,-103,0,0,1,0.999739,0.99999,logprobs,Novita
7059,11,-101,0,0,0,1e-05,0.999996,logprobs,Novita
7060,11,-99,0,0,0,1e-06,0.999999,logprobs,Novita
7061,11,-97,0,0,1,0.998675,0.99996,logprobs,Novita
7062,11,-95,0,0,0,,,text,Novita
7063,11,-93,0,0,1,0.998968,0.999995,logprobs,Novita
7064,11,-91,0,0,0,2e-06,0.999999,logprobs,Novita
7065,11,-89,0,0,1,0.999904,0.999999,logprobs,Novita
7066,11,-87,0,0,0,1e-05,0.999996,logprobs,Novita
7067,11,-85,1,1,0,,,text,Novita
7068,11,-83,0,0,0,2.1e-05,0.999997,logprobs,Novita
7069,11,-81,0,0,0,2e-06,0.999999,logprobs,Novita
7070,11,-79,0,0,0,,,text,Novita
7071,11,-77,0,0,0,1e-06,0.999998,logprobs,Novita
7072,11,-75,0,0,1,0.999998,0.999998,logprobs,Novita
7073,11,-73,1,1,0,2.8e-05,0.999995,logprobs,Novita
7074,11,-71,1,1,0,0.000231,0.999993,logprobs,Novita
7075,11,-69,1,1,0,5e-06,0.999997,logprobs,Novita
7076,11,-67,0,0,0,9.6e-05,0.999993,logprobs,Novita
7077,11,-65,0,0,0,5e-06,0.999998,logprobs,Novita
7078,11,-63,0,0,0,6.6e-05,0.999999,logprobs,Novita
7079,11,-61,0,0,0,1.3e-05,0.999999,logprobs,Novita
7080,11,-59,0,0,0,,,text,Novita
7081,11,-57,0,0,0,5e-06,0.999997,logprobs,Novita
7082,11,-55,0,0,0,2e-06,0.999997,logprobs,Novita
7083,11,-53,0,0,0,1e-06,0.999999,logprobs,Novita
7084,11,-51,0,0,0,5e-06,0.999997,logprobs,Novita
7085,11,-49,0,0,0,2e-06,0.999999,logprobs,Novita
7086,11,-47,0,0,0,3.1e-05,0.999996,logprobs,Novita
7087,11,-45,0,0,0,1e-05,0.999996,logprobs,Novita
7088,11,-43,0,0,0,1e-06,0.999997,logprobs,Novita
7089,11,-41,0,0,0,7e-06,0.999996,logprobs,Novita
7090,11,-39,0,0,0,2e-06,0.999999,logprobs,Novita
7091,11,-37,0,0,0,3e-06,0.999998,logprobs,Novita
7092,11,-35,0,0,0,5e-06,0.999997,logprobs,Novita
7093,11,-33,0,0,0,1e-06,0.999993,logprobs,Novita
7094,11,-31,0,0,0,,,text,Novita
7095,11,-29,0,0,0,3.1e-05,0.999995,logprobs,Novita
7096,11,-27,0,0,0,,,text,Novita
7097,11,-25,0,0,0,1e-06,0.999999,logprobs,Novita
7098,11,-23,0,0,0,2e-06,0.999999,logprobs,Novita
7099,11,-21,0,0,0,1.3e-05,0.999998,logprobs,Novita
7100,11,-19,0,0,0,0,0.999998,logprobs,Novita
7101,11,-17,0,0,0,9e-06,0.999998,logprobs,Novita
7102,11,-15,1,1,0,2e-06,0.999996,logprobs,Novita
7103,11,-13,1,1,0,,,text,Novita
7104,11,-11,1,1,0,1.1e-05,0.99999,logprobs,Novita
7105,11,-9,1,1,0,1.9e-05,0.999992,logprobs,Novita
7106,11,-7,1,1,0,,,text,Novita
7107,11,-5,1,1,0,1e-06,0.999996,logprobs,Novita
7108,11,-3,1,1,0,,,text,Novita
7109,11,-1,1,1,1,0.999997,0.999998,logprobs,Novita
7110,11,1,1,1,1,,,text,Novita
7111,11,3,1,1,1,0.999987,0.999995,logprobs,Novita
7112,11,5,1,1,1,0.999976,0.999994,logprobs,Novita
7113,11,7,1,1,1,0.999904,0.999997,logprobs,Novita
7114,11,9,1,1,0,,,text,Novita
7115,11,11,1,1,1,0.999981,0.999995,logprobs,Novita
7116,11,13,1,1,1,0.99999,0.999997,logprobs,Novita
7117,11,15,1,1,0,6e-06,0.999997,logprobs,Novita
7118,11,17,1,1,1,0.999955,0.999996,logprobs,Novita
7119,11,19,1,1,1,,,text,Novita
7120,11,21,1,1,0,0,0.999999,logprobs,Novita
7121,11,23,1,1,1,0.999985,0.999996,logprobs,Novita
7122,11,25,1,1,1,,,text,Novita
7123,11,27,1,1,1,0.999949,0.999996,logprobs,Novita
7124,11,29,1,1,0,,,text,Novita
7125,11,31,1,1,0,1e-06,0.999998,logprobs,Novita
7126,11,33,1,1,0,3.1e-05,0.999996,logprobs,Novita
7127,11,35,1,1,1,0.999995,0.999999,logprobs,Novita
7128,11,37,1,1,1,0.999942,0.999998,logprobs,Novita
7129,11,39,1,1,1,,,text,Novita
7130,11,41,1,1,0,1e-06,0.999999,logprobs,Novita
7131,11,43,1,1,0,1e-06,0.999999,logprobs,Novita
7132,11,45,0,0,1,0.999891,0.999979,logprobs,Novita
7133,11,47,0,0,1,0.99962,0.999989,logprobs,Novita
7134,11,49,1,1,1,0.999739,0.999986,logprobs,Novita
7135,11,51,1,1,1,0.999665,0.999986,logprobs,Novita
7136,11,53,0,0,0,1.3e-05,0.999999,logprobs,Novita
7137,11,55,0,0,0,0,0.999999,logprobs,Novita
7138,11,57,0,0,0,1.1e-05,0.999983,logprobs,Novita
7139,11,59,0,0,0,0.00014,0.999994,logprobs,Novita
7140,11,61,0,0,0,3e-06,0.999999,logprobs,Novita
7141,11,63,0,0,0,2e-06,0.999997,logprobs,Novita
7142,11,65,0,0,0,0.000123,0.999991,logprobs,Novita
7143,11,67,0,0,0,,,text,Novita
7144,11,69,0,0,0,,,text,Novita
7145,11,71,0,0,0,6.6e-05,0.999998,logprobs,Novita
7146,11,73,0,0,0,,,text,Novita
7147,11,75,0,0,1,0.999891,0.999992,logprobs,Novita
7148,11,77,1,1,1,1,0.999998,logprobs,Novita
7149,11,79,1,1,0,1e-06,0.999999,logprobs,Novita
7150,11,81,0,0,0,1.3e-05,0.999998,logprobs,Novita
7151,11,83,0,0,0,3e-06,0.999999,logprobs,Novita
7152,11,85,0,0,0,2.4e-05,0.999997,logprobs,Novita
7153,11,87,0,0,0,0,0.999999,logprobs,Novita
7154,11,89,0,0,0,,,text,Novita
7155,11,91,0,0,1,0.99982,0.999996,logprobs,Novita
7156,11,93,0,0,0,,,text,Novita
7157,11,95,0,0,0,1e-06,0.999999,logprobs,Novita
7158,11,97,0,0,1,0.999915,0.999998,logprobs,Novita
7159,11,99,1,1,0,8e-06,0.999998,logprobs,Novita
7160,11,101,0,0,0,0,0.999997,logprobs,Novita
7161,11,103,0,0,1,0.999665,0.999989,logprobs,Novita
7162,11,105,1,1,1,,,text,Novita
7163,11,107,1,1,0,2e-06,0.999999,logprobs,Novita
7164,11,109,0,0,1,,,text,Novita
7165,11,111,0,0,1,0.99996,0.999997,logprobs,Novita
7166,11,113,0,0,0,2.1e-05,0.999994,logprobs,Novita
7167,11,115,0,0,0,1.3e-05,0.999996,logprobs,Novita
7168,11,117,0,0,1,0.999877,0.99999,logprobs,Novita
7169,11,119,0,0,0,0,0.999999,logprobs,Novita
7170,11,121,0,0,1,0.99962,0.999985,logprobs,Novita
7171,11,123,0,0,0,,,text,Novita
7172,11,125,1,1,0,3e-06,0.999998,logprobs,Novita
7173,11,127,0,0,0,0.000158,0.999983,logprobs,Novita
7174,11,129,0,0,0,6e-06,0.999996,logprobs,Novita
7175,11,131,0,0,0,,,text,Novita
7176,11,133,0,0,0,7e-06,0.999994,logprobs,Novita
7177,11,135,0,0,0,1.7e-05,0.99997,logprobs,Novita
7178,11,137,0,0,0,0,0.999999,logprobs,Novita
7179,11,139,0,0,0,9e-06,0.999996,logprobs,Novita
7180,11,141,0,0,0,2e-06,0.999999,logprobs,Novita
7181,11,143,0,0,0,,,text,Novita
7182,11,145,0,0,0,2e-06,0.999996,logprobs,Novita
7183,11,147,0,0,0,,,text,Novita
7184,11,149,0,0,0,4e-06,0.999998,logprobs,Novita
7185,11,151,0,0,0,,,text,Novita
7186,11,153,0,0,0,3e-06,0.999995,logprobs,Novita
7187,11,155,0,0,0,6e-06,0.999987,logprobs,Novita
7188,11,157,0,0,0,4e-06,0.999999,logprobs,Novita
7189,11,159,0,0,0,,,text,Novita
7190,11,161,0,0,0,7e-06,0.999997,logprobs,Novita
7191,11,163,0,0,0,1.5e-05,0.999993,logprobs,Novita
7192,11,165,0,0,0,4e-06,0.999998,logprobs,Novita
7193,11,167,0,0,0,7.5e-05,0.999997,logprobs,Novita
7194,11,169,0,0,0,4e-06,0.99999,logprobs,Novita
7195,11,171,0,0,0,,,text,Novita
7196,11,173,0,0,0,3e-06,0.999999,logprobs,Novita
7197,11,175,0,0,0,1e-05,0.999995,logprobs,Novita
7198,11,177,0,0,0,1.1e-05,0.999998,logprobs,Novita
7199,11,179,0,0,0,1e-06,0.999998,logprobs,Novita
7200,9,-179,0,0,0,5e-06,0.999999,logprobs,Novita
7201,9,-177,0,0,0,4e-06,0.999997,logprobs,Novita
7202,9,-175,0,0,0,5e-06,0.999998,logprobs,Novita
7203,9,-173,0,0,0,1e-05,0.999999,logprobs,Novita
7204,9,-171,0,0,0,2.1e-05,0.999997,logprobs,Novita
7205,9,-169,0,0,0,,,text,Novita
7206,9,-167,0,0,0,,,text,Novita
7207,9,-165,0,0,0,9e-06,0.999997,logprobs,Novita
7208,9,-163,0,0,0,7.5e-05,0.999993,logprobs,Novita
7209,9,-161,0,0,0,9e-06,0.999998,logprobs,Novita
7210,9,-159,0,0,0,1e-06,0.999999,logprobs,Novita
7211,9,-157,0,0,0,4e-06,0.999999,logprobs,Novita
7212,9,-155,0,0,0,9.6e-05,0.999992,logprobs,Novita
7213,9,-153,0,0,0,,,text,Novita
7214,9,-151,0,0,0,2.8e-05,0.999994,logprobs,Novita
7215,9,-149,0,0,0,1.3e-05,0.999999,logprobs,Novita
7216,9,-147,0,0,0,3e-06,0.999998,logprobs,Novita
7217,9,-145,0,0,0,1e-06,0.999999,logprobs,Novita
7218,9,-143,0,0,0,1e-06,0.999999,logprobs,Novita
7219,9,-141,0,0,0,,,text,Novita
7220,9,-139,0,0,0,2e-06,0.999996,logprobs,Novita
7221,9,-137,0,0,0,1e-06,0.999999,logprobs,Novita
7222,9,-135,0,0,0,1e-05,0.999997,logprobs,Novita
7223,9,-133,0,0,0,4e-06,0.999998,logprobs,Novita
7224,9,-131,0,0,0,3e-06,0.999998,logprobs,Novita
7225,9,-129,0,0,0,3.1e-05,0.999991,logprobs,Novita
7226,9,-127,0,0,0,2e-06,0.999998,logprobs,Novita
7227,9,-125,0,0,0,3e-06,0.999998,logprobs,Novita
7228,9,-123,0,0,0,5e-06,0.999996,logprobs,Novita
7229,9,-121,0,0,0,4e-06,0.999999,logprobs,Novita
7230,9,-119,0,0,0,5e-06,0.999997,logprobs,Novita
7231,9,-117,0,0,0,0.000261,0.999993,logprobs,Novita
7232,9,-115,0,0,0,3.1e-05,0.999996,logprobs,Novita
7233,9,-113,0,0,0,5e-06,0.999993,logprobs,Novita
7234,9,-111,0,0,0,,,text,Novita
7235,9,-109,0,0,0,4e-06,0.999999,logprobs,Novita
7236,9,-107,0,0,0,9e-06,0.999995,logprobs,Novita
7237,9,-105,0,0,0,1.3e-05,0.999996,logprobs,Novita
7238,9,-103,0,0,1,0.997528,0.999982,logprobs,Novita
7239,9,-101,0,0,1,,,text,Novita
7240,9,-99,0,0,0,5e-06,0.999999,logprobs,Novita
7241,9,-97,0,0,0,1e-06,0.999996,logprobs,Novita
7242,9,-95,0,0,0,4e-06,0.999998,logprobs,Novita
7243,9,-93,0,0,0,2e-06,0.999999,logprobs,Novita
7244,9,-91,0,0,0,1e-06,0.999999,logprobs,Novita
7245,9,-89,0,0,0,5e-06,0.999995,logprobs,Novita
7246,9,-87,0,0,0,1.3e-05,0.999998,logprobs,Novita
7247,9,-85,0,0,0,5.1e-05,0.999992,logprobs,Novita
7248,9,-83,1,1,0,0,1,logprobs,Novita
7249,9,-81,0,0,0,9e-06,0.999998,logprobs,Novita
7250,9,-79,1,1,0,7e-06,0.999994,logprobs,Novita
7251,9,-77,0,0,0,1e-06,0.999998,logprobs,Novita
7252,9,-75,1,1,0,4e-06,0.999999,logprobs,Novita
7253,9,-73,1,1,0,5.8e-05,0.999994,logprobs,Novita
7254,9,-71,1,1,0,,,text,Novita
7255,9,-69,1,1,0,4.5e-05,0.999997,logprobs,Novita
7256,9,-67,1,1,0,,,text,Novita
7257,9,-65,1,1,0,1e-06,0.999999,logprobs,Novita
7258,9,-63,1,1,0,0.000123,0.999998,logprobs,Novita
7259,9,-61,1,1,0,7.5e-05,0.999992,logprobs,Novita
7260,9,-59,0,0,0,4e-06,0.999999,logprobs,Novita
7261,9,-57,0,0,0,3e-06,0.999999,logprobs,Novita
7262,9,-55,0,0,1,0.999797,0.999996,logprobs,Novita
7263,9,-53,0,0,0,,,text,Novita
7264,9,-51,0,0,0,1e-05,0.999997,logprobs,Novita
7265,9,-49,0,0,0,5e-06,0.999996,logprobs,Novita
7266,9,-47,0,0,0,1e-05,0.999997,logprobs,Novita
7267,9,-45,0,0,0,,,text,Novita
7268,9,-43,0,0,0,3e-06,0.999997,logprobs,Novita
7269,9,-41,0,0,0,1.7e-05,0.999997,logprobs,Novita
7270,9,-39,0,0,0,,,text,Novita
7271,9,-37,0,0,0,1e-06,0.999999,logprobs,Novita
7272,9,-35,0,0,0,4e-06,0.999994,logprobs,Novita
7273,9,-33,0,0,0,3e-06,0.999995,logprobs,Novita
7274,9,-31,0,0,0,,,text,Novita
7275,9,-29,0,0,0,1e-06,0.999999,logprobs,Novita
7276,9,-27,0,0,0,6e-06,0.999994,logprobs,Novita
7277,9,-25,0,0,0,6e-06,0.999996,logprobs,Novita
7278,9,-23,0,0,0,4e-06,0.999997,logprobs,Novita
7279,9,-21,0,0,0,,,text,Novita
7280,9,-19,0,0,0,2e-06,0.999998,logprobs,Novita
7281,9,-17,0,0,0,2.8e-05,0.999995,logprobs,Novita
7282,9,-15,0,0,0,1.1e-05,0.999997,logprobs,Novita
7283,9,-13,1,1,0,3.1e-05,0.999996,logprobs,Novita
7284,9,-11,1,1,0,4e-06,0.999998,logprobs,Novita
7285,9,-9,1,1,0,6e-06,0.999994,logprobs,Novita
7286,9,-7,1,1,0,5.8e-05,0.999992,logprobs,Novita
7287,9,-5,1,1,0,8e-06,0.999999,logprobs,Novita
7288,9,-3,1,1,0,,,text,Novita
7289,9,-1,1,1,0,7e-06,0.999997,logprobs,Novita
7290,9,1,1,1,1,0.999665,0.999973,logprobs,Novita
7291,9,3,1,1,1,0.999981,0.999997,logprobs,Novita
7292,9,5,1,1,0,5e-06,0.999997,logprobs,Novita
7293,9,7,1,1,0,,,text,Novita
7294,9,9,1,1,0,,,text,Novita
7295,9,11,1,1,1,0.999994,0.999999,logprobs,Novita
7296,9,13,1,1,1,,,text,Novita
7297,9,15,1,1,0,7e-06,0.999998,logprobs,Novita
7298,9,17,1,1,0,0,0.999999,logprobs,Novita
7299,9,19,1,1,1,0.999925,0.999998,logprobs,Novita
7300,9,21,1,1,1,0.99986,0.999994,logprobs,Novita
7301,9,23,1,1,1,0.999989,0.999996,logprobs,Novita
7302,9,25,1,1,1,0.999704,0.999995,logprobs,Novita
7303,9,27,1,1,1,0.999934,0.999984,logprobs,Novita
7304,9,29,1,1,0,0,1,logprobs,Novita
7305,9,31,1,1,1,0.999981,0.999998,logprobs,Novita
7306,9,33,1,1,1,0.999891,0.999993,logprobs,Novita
7307,9,35,1,1,1,0.99929,0.999987,logprobs,Novita
7308,9,37,1,1,1,0.99999,0.999998,logprobs,Novita
7309,9,39,1,1,1,0.999877,0.999995,logprobs,Novita
7310,9,41,1,1,0,1e-06,0.999998,logprobs,Novita
7311,9,43,1,1,0,5.8e-05,0.999997,logprobs,Novita
7312,9,45,1,1,0,6.6e-05,0.999995,logprobs,Novita
7313,9,47,1,1,1,0.999999,0.999999,logprobs,Novita
7314,9,49,1,1,1,0.999955,0.999994,logprobs,Novita
7315,9,51,0,0,1,0.999739,0.999989,logprobs,Novita
7316,9,53,0,0,0,4e-05,0.999998,logprobs,Novita
7317,9,55,0,0,0,2e-06,0.999998,logprobs,Novita
7318,9,57,0,0,1,0.999934,0.999994,logprobs,Novita
7319,9,59,0,0,1,,,text,Novita
7320,9,61,0,0,1,0.999447,0.999986,logprobs,Novita
7321,9,63,0,0,1,0.999739,0.99999,logprobs,Novita
7322,9,65,0,0,0,9e-06,0.999997,logprobs,Novita
7323,9,67,0,0,0,2.8e-05,0.999998,logprobs,Novita
7324,9,69,0,0,0,1e-06,0.999999,logprobs,Novita
7325,9,71,0,0,0,4e-06,0.999999,logprobs,Novita
7326,9,73,0,0,0,,,text,Novita
7327,9,75,0,0,0,5e-06,0.999998,logprobs,Novita
7328,9,77,1,1,0,9e-06,0.999998,logprobs,Novita
7329,9,79,0,0,0,0,0.999999,logprobs,Novita
7330,9,81,0,0,1,0.999995,0.999997,logprobs,Novita
7331,9,83,0,0,0,0,1,logprobs,Novita
7332,9,85,0,0,0,2e-06,0.999998,logprobs,Novita
7333,9,87,0,0,0,,,text,Novita
7334,9,89,0,0,0,1e-05,0.999989,logprobs,Novita
7335,9,91,0,0,0,3.5e-05,0.999995,logprobs,Novita
7336,9,93,0,0,1,0.994089,0.99995,logprobs,Novita
7337,9,95,0,0,0,2e-06,0.999995,logprobs,Novita
7338,9,97,0,0,0,1e-06,0.999993,logprobs,Novita
7339,9,99,1,1,1,0.999569,0.99999,logprobs,Novita
7340,9,101,0,0,1,0.999997,0.999998,logprobs,Novita
7341,9,103,0,0,1,0.999915,0.999996,logprobs,Novita
7342,9,105,1,1,0,0,0.999999,logprobs,Novita
7343,9,107,0,0,1,0.999904,0.999984,logprobs,Novita
7344,9,109,0,0,1,,,text,Novita
7345,9,111,0,0,0,1e-06,0.999996,logprobs,Novita
7346,9,113,0,0,0,1e-06,0.999997,logprobs,Novita
7347,9,115,0,0,0,1.9e-05,0.999998,logprobs,Novita
7348,9,117,0,0,0,2e-06,0.999999,logprobs,Novita
7349,9,119,0,0,0,9.6e-05,0.999998,logprobs,Novita
7350,9,121,0,0,1,0.999739,0.999984,logprobs,Novita
7351,9,123,0,0,0,,,text,Novita
7352,9,125,0,0,0,2e-06,0.999998,logprobs,Novita
7353,9,127,0,0,0,4e-06,0.999985,logprobs,Novita
7354,9,129,0,0,0,,,text,Novita
7355,9,131,0,0,0,9e-06,0.999997,logprobs,Novita
7356,9,133,0,0,0,,,text,Novita
7357,9,135,0,0,0,1e-06,0.999994,logprobs,Novita
7358,9,137,0,0,0,,,text,Novita
7359,9,139,0,0,0,3e-06,0.999997,logprobs,Novita
7360,9,141,0,0,0,3e-06,0.999997,logprobs,Novita
7361,9,143,0,0,0,0,0.999998,logprobs,Novita
7362,9,145,0,0,1,0.999925,0.99999,logprobs,Novita
7363,9,147,0,0,0,,,text,Novita
7364,9,149,0,0,0,0,0.999999,logprobs,Novita
7365,9,151,0,0,0,1e-06,0.999999,logprobs,Novita
7366,9,153,0,0,0,1e-06,0.999998,logprobs,Novita
7367,9,155,0,0,0,6e-06,0.999998,logprobs,Novita
7368,9,157,0,0,0,1e-06,0.999999,logprobs,Novita
7369,9,159,0,0,0,,,text,Novita
7370,9,161,0,0,0,1.5e-05,0.999993,logprobs,Novita
7371,9,163,0,0,0,,,text,Novita
7372,9,165,0,0,0,8e-06,0.999998,logprobs,Novita
7373,9,167,0,0,0,2.1e-05,0.999989,logprobs,Novita
7374,9,169,0,0,0,1e-06,0.999998,logprobs,Novita
7375,9,171,0,0,0,0,0.999999,logprobs,Novita
7376,9,173,0,0,0,4e-06,0.999997,logprobs,Novita
7377,9,175,0,0,0,,,text,Novita
7378,9,177,0,0,0,2.1e-05,0.999988,logprobs,Novita
7379,9,179,0,0,0,0,0.999999,logprobs,Novita
7380,7,-179,0,0,0,,,text,Novita
7381,7,-177,0,0,0,0.001927,0.999961,logprobs,Novita
7382,7,-175,0,0,0,1.5e-05,0.999998,logprobs,Novita
7383,7,-173,0,0,0,,,text,Novita
7384,7,-171,0,0,1,0.999995,0.999998,logprobs,Novita
7385,7,-169,0,0,0,3e-06,0.999998,logprobs,Novita
7386,7,-167,0,0,0,,,text,Novita
7387,7,-165,0,0,0,2e-06,0.999999,logprobs,Novita
7388,7,-163,0,0,0,5e-06,0.999997,logprobs,Novita
7389,7,-161,0,0,0,1.3e-05,0.999997,logprobs,Novita
7390,7,-159,0,0,0,8e-06,0.999997,logprobs,Novita
7391,7,-157,0,0,0,,,text,Novita
7392,7,-155,0,0,0,,,text,Novita
7393,7,-153,0,0,0,1.5e-05,0.999998,logprobs,Novita
7394,7,-151,0,0,0,2e-06,0.999998,logprobs,Novita
7395,7,-149,0,0,0,1e-06,0.999998,logprobs,Novita
7396,7,-147,0,0,0,,,text,Novita
7397,7,-145,0,0,0,4e-06,0.999999,logprobs,Novita
7398,7,-143,0,0,0,7e-06,0.999998,logprobs,Novita
7399,7,-141,0,0,0,,,text,Novita
7400,7,-139,0,0,0,1e-06,0.999998,logprobs,Novita
7401,7,-137,0,0,0,5e-06,0.999996,logprobs,Novita
7402,7,-135,0,0,0,1.5e-05,0.999998,logprobs,Novita
7403,7,-133,0,0,0,3.5e-05,0.999984,logprobs,Novita
7404,7,-131,0,0,0,2e-06,0.999998,logprobs,Novita
7405,7,-129,0,0,0,1e-06,0.999999,logprobs,Novita
7406,7,-127,0,0,0,4e-05,0.999993,logprobs,Novita
7407,7,-125,0,0,0,1e-06,0.999999,logprobs,Novita
7408,7,-123,0,0,0,,,text,Novita
7409,7,-121,0,0,0,2e-06,0.999997,logprobs,Novita
7410,7,-119,0,0,0,0,1,logprobs,Novita
7411,7,-117,0,0,0,5.1e-05,0.999995,logprobs,Novita
7412,7,-115,0,0,0,3e-06,0.999999,logprobs,Novita
7413,7,-113,0,0,0,,,text,Novita
7414,7,-111,0,0,0,3.5e-05,0.999995,logprobs,Novita
7415,7,-109,0,0,0,,,text,Novita
7416,7,-107,0,0,0,,,text,Novita
7417,7,-105,0,0,0,7e-06,0.999998,logprobs,Novita
7418,7,-103,0,0,0,3e-06,0.999998,logprobs,Novita
7419,7,-101,0,0,0,1.9e-05,0.999996,logprobs,Novita
7420,7,-99,0,0,0,1.9e-05,0.999986,logprobs,Novita
7421,7,-97,0,0,0,,,text,Novita
7422,7,-95,0,0,0,1.5e-05,0.999993,logprobs,Novita
7423,7,-93,0,0,0,,,text,Novita
7424,7,-91,0,0,0,6.6e-05,0.999993,logprobs,Novita
7425,7,-89,0,0,0,8.5e-05,0.99999,logprobs,Novita
7426,7,-87,0,0,0,1.1e-05,0.999993,logprobs,Novita
7427,7,-85,0,0,0,1e-06,0.999998,logprobs,Novita
7428,7,-83,0,0,0,8.5e-05,0.999994,logprobs,Novita
7429,7,-81,0,0,0,,,text,Novita
7430,7,-79,0,0,0,3.5e-05,0.999994,logprobs,Novita
7431,7,-77,1,1,0,2e-06,0.999999,logprobs,Novita
7432,7,-75,1,1,0,0,0.999999,logprobs,Novita
7433,7,-73,1,1,0,2e-06,0.999999,logprobs,Novita
7434,7,-71,1,1,0,5e-06,0.999999,logprobs,Novita
7435,7,-69,1,1,0,1e-06,0.999999,logprobs,Novita
7436,7,-67,1,1,0,5.1e-05,0.999996,logprobs,Novita
7437,7,-65,1,1,0,4e-06,0.999999,logprobs,Novita
7438,7,-63,1,1,0,2e-06,0.999999,logprobs,Novita
7439,7,-61,1,1,0,2.8e-05,0.999991,logprobs,Novita
7440,7,-59,1,1,0,6.6e-05,0.999997,logprobs,Novita
7441,7,-57,0,0,0,0,0.999999,logprobs,Novita
7442,7,-55,0,0,0,2.1e-05,0.999993,logprobs,Novita
7443,7,-53,0,0,0,1e-06,0.999998,logprobs,Novita
7444,7,-51,0,0,0,,,text,Novita
7445,7,-49,0,0,0,1e-06,0.999998,logprobs,Novita
7446,7,-47,0,0,1,0.999999,0.999999,logprobs,Novita
7447,7,-45,0,0,0,0,1,logprobs,Novita
7448,7,-43,0,0,0,5e-06,0.999999,logprobs,Novita
7449,7,-41,0,0,0,2e-06,0.999998,logprobs,Novita
7450,7,-39,0,0,0,5e-06,0.999997,logprobs,Novita
7451,7,-37,0,0,1,,,text,Novita
7452,7,-35,0,0,0,1e-06,0.999998,logprobs,Novita
7453,7,-33,0,0,0,1e-05,0.999988,logprobs,Novita
7454,7,-31,0,0,0,3e-06,0.999997,logprobs,Novita
7455,7,-29,0,0,0,,,text,Novita
7456,7,-27,0,0,0,2e-06,0.999995,logprobs,Novita
7457,7,-25,0,0,0,1.7e-05,0.999996,logprobs,Novita
7458,7,-23,0,0,0,7e-06,0.999998,logprobs,Novita
7459,7,-21,0,0,0,1e-06,0.999998,logprobs,Novita
7460,7,-19,0,0,0,6e-06,0.999997,logprobs,Novita
7461,7,-17,0,0,0,0,0.999997,logprobs,Novita
7462,7,-15,0,0,0,3.5e-05,0.999989,logprobs,Novita
7463,7,-13,0,0,0,0,0.999999,logprobs,Novita
7464,7,-11,1,1,0,,,text,Novita
7465,7,-9,1,1,0,9e-06,0.999997,logprobs,Novita
7466,7,-7,1,1,0,3e-06,0.999998,logprobs,Novita
7467,7,-5,1,1,0,2.8e-05,0.999983,logprobs,Novita
7468,7,-3,1,1,0,3e-06,0.999994,logprobs,Novita
7469,7,-1,1,1,0,,,text,Novita
7470,7,1,1,1,0,3e-06,0.999995,logprobs,Novita
7471,7,3,1,1,1,0.999999,0.999999,logprobs,Novita
7472,7,5,1,1,1,0.999934,0.999993,logprobs,Novita
7473,7,7,1,1,0,3e-06,0.999996,logprobs,Novita
7474,7,9,1,1,1,0.999989,0.999999,logprobs,Novita
7475,7,11,1,1,1,0.999995,0.999998,logprobs,Novita
7476,7,13,1,1,1,0.999976,0.999998,logprobs,Novita
7477,7,15,1,1,1,0.997528,0.999968,logprobs,Novita
7478,7,17,1,1,1,0.999989,0.999999,logprobs,Novita
7479,7,19,1,1,0,2e-06,0.999998,logprobs,Novita
7480,7,21,1,1,1,0.99996,0.999997,logprobs,Novita
7481,7,23,1,1,0,0,1,logprobs,Novita
7482,7,25,1,1,1,0.999969,0.999995,logprobs,Novita
7483,7,27,1,1,1,0.999989,0.999988,logprobs,Novita
7484,7,29,1,1,1,0.99962,0.999982,logprobs,Novita
7485,7,31,1,1,1,0.999915,0.999961,logprobs,Novita
7486,7,33,1,1,1,,,text,Novita
7487,7,35,1,1,1,0.999569,0.999991,logprobs,Novita
7488,7,37,1,1,1,,,text,Novita
7489,7,39,1,1,1,0.99996,0.999998,logprobs,Novita
7490,7,41,1,1,1,0.999969,0.999992,logprobs,Novita
7491,7,43,1,1,1,0.999997,0.999997,logprobs,Novita
7492,7,45,1,1,1,,,text,Novita
7493,7,47,1,1,0,7.5e-05,0.999994,logprobs,Novita
7494,7,49,1,1,1,0.999877,0.99999,logprobs,Novita
7495,7,51,0,0,1,0.999997,0.999999,logprobs,Novita
7496,7,53,0,0,1,0.999999,0.999999,logprobs,Novita
7497,7,55,0,0,0,2e-06,0.999999,logprobs,Novita
7498,7,57,0,0,0,1e-06,0.999999,logprobs,Novita
7499,7,59,0,0,1,0.999965,0.999979,logprobs,Novita
7500,7,61,0,0,1,,,text,Novita
7501,7,63,0,0,1,0.99982,0.999996,logprobs,Novita
7502,7,65,0,0,0,2.1e-05,0.999987,logprobs,Novita
7503,7,67,0,0,1,0.999665,0.999976,logprobs,Novita
7504,7,69,0,0,0,4e-06,0.999999,logprobs,Novita
7505,7,71,0,0,0,3e-06,1,logprobs,Novita
7506,7,73,0,0,0,0.000431,0.999969,logprobs,Novita
7507,7,75,0,0,0,1.1e-05,0.999995,logprobs,Novita
7508,7,77,0,0,0,1e-06,0.999999,logprobs,Novita
7509,7,79,0,0,0,4e-06,0.999996,logprobs,Novita
7510,7,81,1,1,0,2e-06,0.999998,logprobs,Novita
7511,7,83,0,0,0,1e-06,1,logprobs,Novita
7512,7,85,0,0,0,1e-06,0.999998,logprobs,Novita
7513,7,87,0,0,0,8e-06,0.999996,logprobs,Novita
7514,7,89,0,0,0,2e-06,0.999998,logprobs,Novita
7515,7,91,0,0,1,,,text,Novita
7516,7,93,0,0,0,2e-06,0.999999,logprobs,Novita
7517,7,95,0,0,0,3e-06,0.999997,logprobs,Novita
7518,7,97,0,0,0,,,text,Novita
7519,7,99,0,0,0,1.3e-05,0.999996,logprobs,Novita
7520,7,101,0,0,1,,,text,Novita
7521,7,103,0,0,1,0.999739,0.999984,logprobs,Novita
7522,7,105,0,0,0,0,0.999999,logprobs,Novita
7523,7,107,0,0,1,0.999374,0.999982,logprobs,Novita
7524,7,109,0,0,1,,,text,Novita
7525,7,111,0,0,1,0.999934,0.999996,logprobs,Novita
7526,7,113,0,0,0,,,text,Novita
7527,7,115,0,0,1,0.999972,0.999989,logprobs,Novita
7528,7,117,0,0,1,,,text,Novita
7529,7,119,0,0,0,1e-06,0.999999,logprobs,Novita
7530,7,121,0,0,1,0.998968,0.999979,logprobs,Novita
7531,7,123,0,0,1,0.999992,0.999998,logprobs,Novita
7532,7,125,1,1,0,7.5e-05,0.999996,logprobs,Novita
7533,7,127,0,0,0,2e-06,0.999999,logprobs,Novita
7534,7,129,0,0,0,,,text,Novita
7535,7,131,0,0,0,9e-06,0.999997,logprobs,Novita
7536,7,133,0,0,1,0.99962,0.999994,logprobs,Novita
7537,7,135,0,0,0,,,text,Novita
7538,7,137,0,0,0,3e-06,0.999997,logprobs,Novita
7539,7,139,0,0,0,,,text,Novita
7540,7,141,0,0,0,1.5e-05,0.999999,logprobs,Novita
7541,7,143,0,0,0,1e-06,0.999998,logprobs,Novita
7542,7,145,0,0,0,,,text,Novita
7543,7,147,0,0,0,5e-06,0.999989,logprobs,Novita
7544,7,149,0,0,0,,,text,Novita
7545,7,151,0,0,0,1e-05,0.999997,logprobs,Novita
7546,7,153,0,0,0,6e-06,0.999996,logprobs,Novita
7547,7,155,0,0,0,0.00038,0.999992,logprobs,Novita
7548,7,157,0,0,0,8e-06,0.999997,logprobs,Novita
7549,7,159,0,0,0,1.5e-05,0.999993,logprobs,Novita
7550,7,161,0,0,0,5e-06,0.999997,logprobs,Novita
7551,7,163,0,0,0,,,text,Novita
7552,7,165,0,0,0,4e-06,0.999998,logprobs,Novita
7553,7,167,0,0,0,7e-06,0.999991,logprobs,Novita
7554,7,169,0,0,0,2e-06,0.999998,logprobs,Novita
7555,7,171,0,0,0,5.8e-05,0.999997,logprobs,Novita
7556,7,173,0,0,0,2e-06,0.999999,logprobs,Novita
7557,7,175,0,0,0,1e-06,0.999999,logprobs,Novita
7558,7,177,0,0,0,1e-06,0.999999,logprobs,Novita
7559,7,179,0,0,0,2e-06,0.999999,logprobs,Novita
7560,5,-179,0,0,0,1e-06,0.999998,logprobs,Novita
7561,5,-177,0,0,0,0.002184,0.999952,logprobs,Novita
7562,5,-175,0,0,0,,,text,Novita
7563,5,-173,0,0,0,7e-06,0.999998,logprobs,Novita
7564,5,-171,0,0,0,,,text,Novita
7565,5,-169,0,0,0,,,text,Novita
7566,5,-167,0,0,0,8e-06,0.999994,logprobs,Novita
7567,5,-165,0,0,0,1e-06,0.999999,logprobs,Novita
7568,5,-163,0,0,0,,,text,Novita
7569,5,-161,0,0,0,0,0.999999,logprobs,Novita
7570,5,-159,0,0,0,1.5e-05,0.999995,logprobs,Novita
7571,5,-157,0,0,0,3e-06,0.999999,logprobs,Novita
7572,5,-155,0,0,0,2e-06,0.999999,logprobs,Novita
7573,5,-153,0,0,0,,,text,Novita
7574,5,-151,0,0,0,5e-06,0.999998,logprobs,Novita
7575,5,-149,0,0,0,4e-06,0.999999,logprobs,Novita
7576,5,-147,0,0,0,1e-06,0.999999,logprobs,Novita
7577,5,-145,0,0,0,1.3e-05,0.999992,logprobs,Novita
7578,5,-143,0,0,0,6e-06,0.999998,logprobs,Novita
7579,5,-141,0,0,0,3e-06,0.999998,logprobs,Novita
7580,5,-139,0,0,0,9.6e-05,0.999986,logprobs,Novita
7581,5,-137,0,0,0,3.5e-05,0.999994,logprobs,Novita
7582,5,-135,0,0,0,,,text,Novita
7583,5,-133,0,0,0,2e-06,0.999999,logprobs,Novita
7584,5,-131,0,0,0,,,text,Novita
7585,5,-129,0,0,0,,,text,Novita
7586,5,-127,0,0,0,3.1e-05,0.999996,logprobs,Novita
7587,5,-125,0,0,0,3e-06,0.999998,logprobs,Novita
7588,5,-123,0,0,0,1.3e-05,0.999988,logprobs,Novita
7589,5,-121,0,0,0,1.3e-05,0.999995,logprobs,Novita
7590,5,-119,0,0,0,3e-06,0.999998,logprobs,Novita
7591,5,-117,0,0,0,1e-05,0.99999,logprobs,Novita
7592,5,-115,0,0,0,,,text,Novita
7593,5,-113,0,0,0,4e-05,0.99999,logprobs,Novita
7594,5,-111,0,0,0,2e-06,0.999995,logprobs,Novita
7595,5,-109,0,0,0,4e-05,0.999988,logprobs,Novita
7596,5,-107,0,0,0,5e-06,0.999998,logprobs,Novita
7597,5,-105,0,0,0,3e-06,0.999997,logprobs,Novita
7598,5,-103,0,0,0,5.8e-05,0.999997,logprobs,Novita
7599,5,-101,0,0,0,,,text,Novita
7600,5,-99,0,0,0,2e-06,0.999998,logprobs,Novita
7601,5,-97,0,0,0,3e-06,0.999999,logprobs,Novita
7602,5,-95,0,0,0,1e-06,0.999998,logprobs,Novita
7603,5,-93,0,0,0,,,text,Novita
7604,5,-91,0,0,0,8.5e-05,0.99999,logprobs,Novita
7605,5,-89,0,0,0,1.3e-05,0.999994,logprobs,Novita
7606,5,-87,0,0,0,,,text,Novita
7607,5,-85,0,0,0,2e-06,0.999999,logprobs,Novita
7608,5,-83,0,0,0,1e-05,0.999998,logprobs,Novita
7609,5,-81,0,0,0,0,1,logprobs,Novita
7610,5,-79,0,0,0,,,text,Novita
7611,5,-77,1,1,0,3.5e-05,0.999989,logprobs,Novita
7612,5,-75,1,1,0,1e-06,0.999999,logprobs,Novita
7613,5,-73,1,1,0,1e-06,0.999999,logprobs,Novita
7614,5,-71,1,1,0,0.00038,0.99998,logprobs,Novita
7615,5,-69,1,1,0,0,1,logprobs,Novita
7616,5,-67,1,1,0,1e-06,0.999998,logprobs,Novita
7617,5,-65,1,1,0,3e-06,0.999998,logprobs,Novita
7618,5,-63,1,1,0,,,text,Novita
7619,5,-61,1,1,0,0.000123,0.999998,logprobs,Novita
7620,5,-59,1,1,0,6e-06,0.999998,logprobs,Novita
7621,5,-57,1,1,0,2.4e-05,0.999996,logprobs,Novita
7622,5,-55,1,1,0,0,0.999998,logprobs,Novita
7623,5,-53,1,1,0,5e-06,0.999998,logprobs,Novita
7624,5,-51,0,0,0,3e-06,0.999998,logprobs,Novita
7625,5,-49,0,0,0,4e-06,0.999995,logprobs,Novita
7626,5,-47,0,0,0,,,text,Novita
7627,5,-45,0,0,0,0,0.999998,logprobs,Novita
7628,5,-43,0,0,0,5.1e-05,0.999995,logprobs,Novita
7629,5,-41,0,0,0,6e-06,0.999998,logprobs,Novita
7630,5,-39,0,0,0,,,text,Novita
7631,5,-37,0,0,0,5e-06,0.999998,logprobs,Novita
7632,5,-35,0,0,0,3e-06,0.999997,logprobs,Novita
7633,5,-33,0,0,0,0,0.999999,logprobs,Novita
7634,5,-31,0,0,0,,,text,Novita
7635,5,-29,0,0,0,,,text,Novita
7636,5,-27,0,0,0,,,text,Novita
7637,5,-25,0,0,0,1.9e-05,0.999991,logprobs,Novita
7638,5,-23,0,0,0,,,text,Novita
7639,5,-21,0,0,0,1.5e-05,0.999997,logprobs,Novita
7640,5,-19,0,0,0,3e-06,0.999999,logprobs,Novita
7641,5,-17,0,0,0,1e-06,0.999999,logprobs,Novita
7642,5,-15,0,0,0,5.1e-05,0.999996,logprobs,Novita
7643,5,-13,0,0,0,0,1,logprobs,Novita
7644,5,-11,0,0,0,3e-06,0.999998,logprobs,Novita
7645,5,-9,1,1,0,1e-06,0.999998,logprobs,Novita
7646,5,-7,1,1,0,6e-06,0.999999,logprobs,Novita
7647,5,-5,0,0,0,,,text,Novita
7648,5,-3,0,0,0,,,text,Novita
7649,5,-1,0,0,0,1.9e-05,0.999991,logprobs,Novita
7650,5,1,0,0,1,0.999934,0.999985,logprobs,Novita
7651,5,3,0,0,0,,,text,Novita
7652,5,5,0,0,0,0,0.999999,logprobs,Novita
7653,5,7,1,1,1,,,text,Novita
7654,5,9,1,1,1,0.999991,0.999993,logprobs,Novita
7655,5,11,1,1,1,0.999665,0.999995,logprobs,Novita
7656,5,13,1,1,1,0.999925,0.999993,logprobs,Novita
7657,5,15,1,1,0,0,0.999998,logprobs,Novita
7658,5,17,1,1,1,0.999972,0.999996,logprobs,Novita
7659,5,19,1,1,0,1e-06,0.999999,logprobs,Novita
7660,5,21,1,1,1,0.999979,0.99999,logprobs,Novita
7661,5,23,1,1,1,0.999925,0.999997,logprobs,Novita
7662,5,25,1,1,1,0.999704,0.999992,logprobs,Novita
7663,5,27,1,1,1,,,text,Novita
7664,5,29,1,1,1,,,text,Novita
7665,5,31,1,1,1,0.999972,0.999991,logprobs,Novita
7666,5,33,1,1,1,,,text,Novita
7667,5,35,1,1,1,0.99996,0.999995,logprobs,Novita
7668,5,37,1,1,1,0.999949,0.999994,logprobs,Novita
7669,5,39,1,1,1,,,text,Novita
7670,5,41,1,1,0,2e-06,0.999998,logprobs,Novita
7671,5,43,1,1,0,,,text,Novita
7672,5,45,1,1,1,,,text,Novita
7673,5,47,1,1,1,0.999985,0.999991,logprobs,Novita
7674,5,49,0,0,0,,,text,Novita
7675,5,51,0,0,1,0.999739,0.999982,logprobs,Novita
7676,5,53,0,0,1,,,text,Novita
7677,5,55,0,0,0,4e-06,0.999997,logprobs,Novita
7678,5,57,0,0,0,,,text,Novita
7679,5,59,0,0,1,0.999089,0.999972,logprobs,Novita
7680,5,61,0,0,0,3e-06,0.999997,logprobs,Novita
7681,5,63,0,0,0,0.000261,0.999993,logprobs,Novita
7682,5,65,0,0,1,,,text,Novita
7683,5,67,0,0,0,4e-06,0.999999,logprobs,Novita
7684,5,69,0,0,0,0,0.999997,logprobs,Novita
7685,5,71,0,0,1,,,text,Novita
7686,5,73,0,0,0,,,text,Novita
7687,5,75,0,0,0,5e-06,0.999996,logprobs,Novita
7688,5,77,0,0,0,0,1,logprobs,Novita
7689,5,79,0,0,0,2e-06,0.999999,logprobs,Novita
7690,5,81,0,0,0,2e-06,0.999999,logprobs,Novita
7691,5,83,0,0,0,,,text,Novita
7692,5,85,0,0,0,2.1e-05,0.999994,logprobs,Novita
7693,5,87,0,0,0,1.1e-05,0.999997,logprobs,Novita
7694,5,89,0,0,0,0.018005,0.99922,logprobs,Novita
7695,5,91,0,0,0,1.7e-05,0.999996,logprobs,Novita
7696,5,93,0,0,1,0.99962,0.999998,logprobs,Novita
7697,5,95,0,0,1,0.999995,0.999999,logprobs,Novita
7698,5,97,1,1,0,9e-06,0.999993,logprobs,Novita
7699,5,99,0,0,0,1e-06,0.999999,logprobs,Novita
7700,5,101,1,1,1,0.999797,0.999968,logprobs,Novita
7701,5,103,1,1,0,1.3e-05,0.999998,logprobs,Novita
7702,5,105,0,0,0,,,text,Novita
7703,5,107,0,0,1,0.999915,0.999991,logprobs,Novita
7704,5,109,0,0,1,0.999969,0.999996,logprobs,Novita
7705,5,111,0,0,1,0.999998,0.999999,logprobs,Novita
7706,5,113,0,0,0,1e-06,0.999998,logprobs,Novita
7707,5,115,1,1,0,0.000109,0.999994,logprobs,Novita
7708,5,117,1,1,0,1.1e-05,0.999999,logprobs,Novita
7709,5,119,0,0,0,,,text,Novita
7710,5,121,0,0,0,3e-06,0.999997,logprobs,Novita
7711,5,123,0,0,0,2.4e-05,0.999997,logprobs,Novita
7712,5,125,0,0,0,,,text,Novita
7713,5,127,0,0,0,3e-06,0.999998,logprobs,Novita
7714,5,129,0,0,0,7e-06,0.999996,logprobs,Novita
7715,5,131,0,0,1,0.999877,0.999997,logprobs,Novita
7716,5,133,0,0,0,2e-06,0.999998,logprobs,Novita
7717,5,135,0,0,0,3e-06,0.999998,logprobs,Novita
7718,5,137,0,0,0,6e-06,0.999997,logprobs,Novita
7719,5,139,0,0,1,,,text,Novita
7720,5,141,0,0,0,0,0.999999,logprobs,Novita
7721,5,143,0,0,0,2e-06,0.999999,logprobs,Novita
7722,5,145,0,0,0,,,text,Novita
7723,5,147,0,0,0,0.002805,0.999744,logprobs,Novita
7724,5,149,0,0,0,7e-06,0.999998,logprobs,Novita
7725,5,151,0,0,0,5e-06,0.999997,logprobs,Novita
7726,5,153,0,0,0,1e-06,0.999999,logprobs,Novita
7727,5,155,0,0,0,1e-05,0.999992,logprobs,Novita
7728,5,157,0,0,0,1e-06,0.999998,logprobs,Novita
7729,5,159,0,0,1,0.99999,0.999994,logprobs,Novita
7730,5,161,0,0,0,0.00014,0.999993,logprobs,Novita
7731,5,163,0,0,0,2.8e-05,0.999998,logprobs,Novita
7732,5,165,0,0,0,3.5e-05,0.999994,logprobs,Novita
7733,5,167,0,0,1,0.99962,0.999972,logprobs,Novita
7734,5,169,0,0,0,1.3e-05,0.999987,logprobs,Novita
7735,5,171,0,0,0,4e-05,0.999987,logprobs,Novita
7736,5,173,0,0,0,1.1e-05,0.999999,logprobs,Novita
7737,5,175,0,0,0,0.000158,0.999986,logprobs,Novita
7738,5,177,0,0,0,,,text,Novita
7739,5,179,0,0,0,2e-06,0.999998,logprobs,Novita
7740,3,-179,0,0,0,3e-06,0.999999,logprobs,Novita
7741,3,-177,0,0,0,1e-06,0.999998,logprobs,Novita
7742,3,-175,0,0,0,,,text,Novita
7743,3,-173,0,0,0,3e-06,0.999998,logprobs,Novita
7744,3,-171,0,0,0,6e-06,0.999997,logprobs,Novita
7745,3,-169,0,0,0,8e-06,0.999997,logprobs,Novita
7746,3,-167,0,0,0,2e-06,0.999997,logprobs,Novita
7747,3,-165,0,0,0,2e-06,0.999998,logprobs,Novita
7748,3,-163,0,0,0,0,1,logprobs,Novita
7749,3,-161,0,0,0,,,text,Novita
7750,3,-159,0,0,0,1e-06,0.999999,logprobs,Novita
7751,3,-157,0,0,0,2e-06,0.999998,logprobs,Novita
7752,3,-155,0,0,0,3e-06,0.999999,logprobs,Novita
7753,3,-153,0,0,0,2e-06,0.999998,logprobs,Novita
7754,3,-151,0,0,0,1e-06,0.999998,logprobs,Novita
7755,3,-149,0,0,0,9e-06,0.99999,logprobs,Novita
7756,3,-147,0,0,0,3.1e-05,0.999997,logprobs,Novita
7757,3,-145,0,0,0,7e-06,0.999998,logprobs,Novita
7758,3,-143,0,0,0,0,1,logprobs,Novita
7759,3,-141,0,0,0,,,text,Novita
7760,3,-139,0,0,0,9.6e-05,0.999988,logprobs,Novita
7761,3,-137,0,0,0,3.5e-05,0.999992,logprobs,Novita
7762,3,-135,0,0,0,2.4e-05,0.999994,logprobs,Novita
7763,3,-133,0,0,0,8e-06,0.999997,logprobs,Novita
7764,3,-131,0,0,0,4e-06,0.999997,logprobs,Novita
7765,3,-129,0,0,0,1e-06,0.999999,logprobs,Novita
7766,3,-127,0,0,0,7e-06,0.999996,logprobs,Novita
7767,3,-125,0,0,0,7e-06,0.999997,logprobs,Novita
7768,3,-123,0,0,0,5e-06,0.999993,logprobs,Novita
7769,3,-121,0,0,0,3e-06,0.999997,logprobs,Novita
7770,3,-119,0,0,0,0,0.999999,logprobs,Novita
7771,3,-117,0,0,0,3.1e-05,0.999995,logprobs,Novita
7772,3,-115,0,0,0,2.8e-05,0.999995,logprobs,Novita
7773,3,-113,0,0,1,0.999969,0.999997,logprobs,Novita
7774,3,-111,0,0,0,,,text,Novita
7775,3,-109,0,0,0,,,text,Novita
7776,3,-107,0,0,1,0.999983,0.999999,logprobs,Novita
7777,3,-105,0,0,0,1e-06,0.999999,logprobs,Novita
7778,3,-103,0,0,0,1.3e-05,0.999996,logprobs,Novita
7779,3,-101,0,0,0,,,text,Novita
7780,3,-99,0,0,0,6.6e-05,0.999986,logprobs,Novita
7781,3,-97,0,0,0,3e-06,0.999996,logprobs,Novita
7782,3,-95,0,0,0,2.1e-05,0.999994,logprobs,Novita
7783,3,-93,0,0,0,0,1,logprobs,Novita
7784,3,-91,0,0,0,2.4e-05,0.999994,logprobs,Novita
7785,3,-89,0,0,0,8e-06,0.999993,logprobs,Novita
7786,3,-87,0,0,0,5e-06,0.999998,logprobs,Novita
7787,3,-85,0,0,0,2e-06,0.999999,logprobs,Novita
7788,3,-83,0,0,0,4e-06,0.999997,logprobs,Novita
7789,3,-81,0,0,0,2e-06,0.999999,logprobs,Novita
7790,3,-79,0,0,0,3.5e-05,0.999996,logprobs,Novita
7791,3,-77,1,1,0,3e-06,0.999997,logprobs,Novita
7792,3,-75,1,1,0,1.9e-05,0.999996,logprobs,Novita
7793,3,-73,1,1,0,3.1e-05,0.999994,logprobs,Novita
7794,3,-71,1,1,0,,,text,Novita
7795,3,-69,1,1,0,2e-06,0.999999,logprobs,Novita
7796,3,-67,1,1,0,2e-06,0.999999,logprobs,Novita
7797,3,-65,1,1,0,4e-06,0.999997,logprobs,Novita
7798,3,-63,1,1,0,,,text,Novita
7799,3,-61,1,1,0,0,0.999999,logprobs,Novita
7800,3,-59,1,1,0,2e-06,0.999999,logprobs,Novita
7801,3,-57,1,1,0,2e-06,0.999996,logprobs,Novita
7802,3,-55,1,1,0,1.1e-05,0.999997,logprobs,Novita
7803,3,-53,1,1,0,1e-06,0.999999,logprobs,Novita
7804,3,-51,1,1,0,1e-06,0.999998,logprobs,Novita
7805,3,-49,0,0,0,3e-06,0.999997,logprobs,Novita
7806,3,-47,0,0,0,0,0.999999,logprobs,Novita
7807,3,-45,0,0,0,2e-06,0.999999,logprobs,Novita
7808,3,-43,0,0,0,1e-06,0.999998,logprobs,Novita
7809,3,-41,0,0,0,1e-06,0.999998,logprobs,Novita
7810,3,-39,0,0,0,2e-06,0.999999,logprobs,Novita
7811,3,-37,0,0,0,3e-06,0.999998,logprobs,Novita
7812,3,-35,0,0,0,1e-06,0.999998,logprobs,Novita
7813,3,-33,0,0,0,1e-06,0.999998,logprobs,Novita
7814,3,-31,0,0,0,,,text,Novita
7815,3,-29,0,0,0,7e-06,0.999996,logprobs,Novita
7816,3,-27,0,0,0,1e-06,0.999999,logprobs,Novita
7817,3,-25,0,0,0,9e-06,0.999995,logprobs,Novita
7818,3,-23,0,0,0,1e-06,0.999998,logprobs,Novita
7819,3,-21,0,0,0,1e-06,0.999999,logprobs,Novita
7820,3,-19,0,0,0,3e-06,0.999997,logprobs,Novita
7821,3,-17,0,0,0,3.5e-05,0.999998,logprobs,Novita
7822,3,-15,0,0,0,,,text,Novita
7823,3,-13,0,0,0,1e-06,0.999999,logprobs,Novita
7824,3,-11,0,0,0,0,0.999999,logprobs,Novita
7825,3,-9,0,0,0,9e-06,0.999996,logprobs,Novita
7826,3,-7,0,0,0,3e-06,0.999997,logprobs,Novita
7827,3,-5,0,0,1,0.999972,0.999988,logprobs,Novita
7828,3,-3,0,0,0,,,text,Novita
7829,3,-1,0,0,0,4e-06,0.999997,logprobs,Novita
7830,3,1,0,0,1,0.999965,0.999996,logprobs,Novita
7831,3,3,0,0,0,1.9e-05,0.999988,logprobs,Novita
7832,3,5,0,0,1,0.999569,0.999986,logprobs,Novita
7833,3,7,0,0,1,0.999996,0.999997,logprobs,Novita
7834,3,9,0,0,1,0.999797,0.999992,logprobs,Novita
7835,3,11,1,1,1,,,text,Novita
7836,3,13,1,1,0,2.8e-05,0.999994,logprobs,Novita
7837,3,15,1,1,1,0.999949,0.999997,logprobs,Novita
7838,3,17,1,1,1,0.999972,0.999998,logprobs,Novita
7839,3,19,1,1,1,0.999969,0.999995,logprobs,Novita
7840,3,21,1,1,0,,,text,Novita
7841,3,23,1,1,1,0.999976,0.999997,logprobs,Novita
7842,3,25,1,1,1,0.999291,0.999976,logprobs,Novita
7843,3,27,1,1,1,0.999994,0.999997,logprobs,Novita
7844,3,29,1,1,1,0.999969,0.999996,logprobs,Novita
7845,3,31,1,1,1,0.998499,0.999988,logprobs,Novita
7846,3,33,1,1,1,0.999842,0.999997,logprobs,Novita
7847,3,35,1,1,1,0.999997,0.999998,logprobs,Novita
7848,3,37,1,1,1,0.999891,0.999994,logprobs,Novita
7849,3,39,1,1,1,0.999981,0.999999,logprobs,Novita
7850,3,41,1,1,0,8e-06,0.999998,logprobs,Novita
7851,3,43,1,1,0,6e-06,0.999998,logprobs,Novita
7852,3,45,1,1,1,0.999569,0.999985,logprobs,Novita
7853,3,47,0,0,1,0.999942,0.999995,logprobs,Novita
7854,3,49,0,0,0,2e-06,0.999999,logprobs,Novita
7855,3,51,0,0,0,9e-06,0.999995,logprobs,Novita
7856,3,53,0,0,0,0,0.999998,logprobs,Novita
7857,3,55,0,0,0,2e-06,0.999999,logprobs,Novita
7858,3,57,0,0,0,5e-06,0.999997,logprobs,Novita
7859,3,59,0,0,1,0.999877,0.999992,logprobs,Novita
7860,3,61,0,0,0,0,1,logprobs,Novita
7861,3,63,0,0,0,9e-06,0.999997,logprobs,Novita
7862,3,65,0,0,0,8e-06,0.999996,logprobs,Novita
7863,3,67,0,0,0,1.7e-05,0.999992,logprobs,Novita
7864,3,69,0,0,0,0,0.999999,logprobs,Novita
7865,3,71,0,0,0,9e-06,0.999997,logprobs,Novita
7866,3,73,0,0,0,5e-06,0.999998,logprobs,Novita
7867,3,75,0,0,0,0,1,logprobs,Novita
7868,3,77,0,0,0,2.8e-05,0.999997,logprobs,Novita
7869,3,79,0,0,0,7e-06,0.999998,logprobs,Novita
7870,3,81,0,0,0,1e-06,0.999999,logprobs,Novita
7871,3,83,0,0,0,9e-06,0.999991,logprobs,Novita
7872,3,85,0,0,0,2.4e-05,0.99999,logprobs,Novita
7873,3,87,0,0,0,3e-06,0.999997,logprobs,Novita
7874,3,89,0,0,0,6.6e-05,0.999994,logprobs,Novita
7875,3,91,0,0,0,0,1,logprobs,Novita
7876,3,93,0,0,0,,,text,Novita
7877,3,95,0,0,1,0.999949,0.999994,logprobs,Novita
7878,3,97,0,0,0,1e-06,0.999998,logprobs,Novita
7879,3,99,1,1,0,0,0.999998,logprobs,Novita
7880,3,101,0,0,0,2e-06,0.999999,logprobs,Novita
7881,3,103,1,1,0,1e-05,0.999997,logprobs,Novita
7882,3,105,0,0,0,,,text,Novita
7883,3,107,0,0,1,0.999955,0.999998,logprobs,Novita
7884,3,109,0,0,1,0.999739,0.999998,logprobs,Novita
7885,3,111,0,0,1,0.999983,0.999998,logprobs,Novita
7886,3,113,1,1,1,0.999447,0.999994,logprobs,Novita
7887,3,115,1,1,1,0.999447,0.999995,logprobs,Novita
7888,3,117,1,1,0,1e-06,1,logprobs,Novita
7889,3,119,0,0,0,0.133068,0.999496,logprobs,Novita
7890,3,121,0,0,1,0.999739,0.999996,logprobs,Novita
7891,3,123,0,0,0,2e-06,0.999998,logprobs,Novita
7892,3,125,0,0,0,,,text,Novita
7893,3,127,0,0,1,0.999995,0.999998,logprobs,Novita
7894,3,129,0,0,0,9e-06,0.999995,logprobs,Novita
7895,3,131,0,0,1,0.999904,0.999998,logprobs,Novita
7896,3,133,0,0,0,1e-06,0.999999,logprobs,Novita
7897,3,135,0,0,0,1e-06,0.999998,logprobs,Novita
7898,3,137,0,0,0,3e-06,0.999998,logprobs,Novita
7899,3,139,0,0,1,0.999997,0.999998,logprobs,Novita
7900,3,141,0,0,0,1.5e-05,0.999997,logprobs,Novita
7901,3,143,0,0,1,0.999842,0.999995,logprobs,Novita
7902,3,145,0,0,0,3e-06,0.999991,logprobs,Novita
7903,3,147,0,0,0,3e-06,0.999998,logprobs,Novita
7904,3,149,0,0,0,,,text,Novita
7905,3,151,0,0,0,,,text,Novita
7906,3,153,0,0,0,6e-06,0.999996,logprobs,Novita
7907,3,155,0,0,0,8.5e-05,0.999995,logprobs,Novita
7908,3,157,0,0,0,1.5e-05,0.999997,logprobs,Novita
7909,3,159,0,0,0,4e-06,0.999999,logprobs,Novita
7910,3,161,0,0,0,4e-05,0.999981,logprobs,Novita
7911,3,163,0,0,0,3e-06,0.999999,logprobs,Novita
7912,3,165,0,0,0,1e-06,0.999999,logprobs,Novita
7913,3,167,0,0,0,7.5e-05,0.999992,logprobs,Novita
7914,3,169,0,0,0,7e-06,0.999998,logprobs,Novita
7915,3,171,0,0,0,4e-06,0.999999,logprobs,Novita
7916,3,173,0,0,0,1.5e-05,0.999998,logprobs,Novita
7917,3,175,0,0,0,1.1e-05,0.999996,logprobs,Novita
7918,3,177,0,0,0,0.00023,0.999989,logprobs,Novita
7919,3,179,0,0,0,3e-06,0.999999,logprobs,Novita
7920,1,-179,0,0,0,,,text,Novita
7921,1,-177,0,0,0,3e-06,0.999998,logprobs,Novita
7922,1,-175,0,0,0,5e-06,0.999997,logprobs,Novita
7923,1,-173,0,0,0,0,0.999999,logprobs,Novita
7924,1,-171,0,0,0,,,text,Novita
7925,1,-169,0,0,0,,,text,Novita
7926,1,-167,0,0,0,,,text,Novita
7927,1,-165,0,0,0,,,text,Novita
7928,1,-163,0,0,0,,,text,Novita
7929,1,-161,0,0,0,,,text,Novita
7930,1,-159,0,0,0,2e-06,0.999999,logprobs,Novita
7931,1,-157,0,0,0,,,text,Novita
7932,1,-155,0,0,0,,,text,Novita
7933,1,-153,0,0,0,2e-06,0.999999,logprobs,Novita
7934,1,-151,0,0,0,4e-06,0.999999,logprobs,Novita
7935,1,-149,0,0,0,3.1e-05,0.999992,logprobs,Novita
7936,1,-147,0,0,0,1e-06,0.999998,logprobs,Novita
7937,1,-145,0,0,0,8e-06,0.999988,logprobs,Novita
7938,1,-143,0,0,0,1e-06,0.999999,logprobs,Novita
7939,1,-141,0,0,0,1.9e-05,0.999995,logprobs,Novita
7940,1,-139,0,0,0,2.4e-05,0.999993,logprobs,Novita
7941,1,-137,0,0,0,,,text,Novita
7942,1,-135,0,0,0,4e-06,0.999997,logprobs,Novita
7943,1,-133,0,0,0,3e-06,0.999998,logprobs,Novita
7944,1,-131,0,0,0,1e-06,0.999997,logprobs,Novita
7945,1,-129,0,0,0,4.5e-05,0.999981,logprobs,Novita
7946,1,-127,0,0,0,,,text,Novita
7947,1,-125,0,0,0,3e-06,0.999998,logprobs,Novita
7948,1,-123,0,0,0,,,text,Novita
7949,1,-121,0,0,0,,,text,Novita
7950,1,-119,0,0,0,,,text,Novita
7951,1,-117,0,0,0,,,text,Novita
7952,1,-115,0,0,0,5e-06,0.999979,logprobs,Novita
7953,1,-113,0,0,0,8.5e-05,0.999996,logprobs,Novita
7954,1,-111,0,0,0,1e-06,0.999998,logprobs,Novita
7955,1,-109,0,0,0,1.5e-05,0.999997,logprobs,Novita
7956,1,-107,0,0,0,3e-06,0.999998,logprobs,Novita
7957,1,-105,0,0,0,7e-06,0.999997,logprobs,Novita
7958,1,-103,0,0,0,1e-05,0.999999,logprobs,Novita
7959,1,-101,0,0,0,,,text,Novita
7960,1,-99,0,0,0,1.3e-05,0.999995,logprobs,Novita
7961,1,-97,0,0,0,,,text,Novita
7962,1,-95,0,0,0,1e-06,0.999991,logprobs,Novita
7963,1,-93,0,0,0,5.8e-05,0.99999,logprobs,Novita
7964,1,-91,0,0,0,1.7e-05,0.999998,logprobs,Novita
7965,1,-89,0,0,0,1e-06,0.999999,logprobs,Novita
7966,1,-87,0,0,0,,,text,Novita
7967,1,-85,0,0,0,4e-06,0.999996,logprobs,Novita
7968,1,-83,0,0,0,3.5e-05,0.999994,logprobs,Novita
7969,1,-81,0,0,0,5e-06,0.999996,logprobs,Novita
7970,1,-79,1,1,0,2e-06,0.999998,logprobs,Novita
7971,1,-77,1,1,0,5e-06,0.999997,logprobs,Novita
7972,1,-75,1,1,0,4e-05,0.999997,logprobs,Novita
7973,1,-73,1,1,0,0.000123,0.999996,logprobs,Novita
7974,1,-71,1,1,0,,,text,Novita
7975,1,-69,1,1,0,1e-06,0.999999,logprobs,Novita
7976,1,-67,1,1,0,9e-06,0.999995,logprobs,Novita
7977,1,-65,1,1,0,,,text,Novita
7978,1,-63,1,1,0,3e-06,0.999997,logprobs,Novita
7979,1,-61,1,1,0,1e-06,0.999999,logprobs,Novita
7980,1,-59,1,1,0,1e-05,0.999997,logprobs,Novita
7981,1,-57,1,1,0,2e-06,0.999997,logprobs,Novita
7982,1,-55,1,1,0,,,text,Novita
7983,1,-53,1,1,0,1e-06,0.999998,logprobs,Novita
7984,1,-51,1,1,0,0,0.999998,logprobs,Novita
7985,1,-49,0,0,0,4e-06,0.999989,logprobs,Novita
7986,1,-47,0,0,0,1e-06,0.999999,logprobs,Novita
7987,1,-45,0,0,0,8e-06,0.999997,logprobs,Novita
7988,1,-43,0,0,0,0,0.999997,logprobs,Novita
7989,1,-41,0,0,0,2.1e-05,0.999987,logprobs,Novita
7990,1,-39,0,0,0,1e-06,0.999998,logprobs,Novita
7991,1,-37,0,0,0,2e-06,0.999995,logprobs,Novita
7992,1,-35,0,0,0,1e-06,0.999997,logprobs,Novita
7993,1,-33,0,0,0,2e-06,0.999997,logprobs,Novita
7994,1,-31,0,0,0,,,text,Novita
7995,1,-29,0,0,0,1.5e-05,0.999992,logprobs,Novita
7996,1,-27,0,0,0,6e-06,0.999995,logprobs,Novita
7997,1,-25,0,0,0,,,text,Novita
7998,1,-23,0,0,0,,,text,Novita
7999,1,-21,0,0,0,4e-06,0.999998,logprobs,Novita
8000,1,-19,0,0,0,1e-06,0.999998,logprobs,Novita
8001,1,-17,0,0,0,3e-06,0.999998,logprobs,Novita
8002,1,-15,0,0,0,2.8e-05,0.999991,logprobs,Novita
8003,1,-13,0,0,0,4e-06,0.999998,logprobs,Novita
8004,1,-11,0,0,0,3e-06,0.999996,logprobs,Novita
8005,1,-9,0,0,0,1.5e-05,0.999997,logprobs,Novita
8006,1,-7,0,0,0,,,text,Novita
8007,1,-5,0,0,1,0.999942,0.999978,logprobs,Novita
8008,1,-3,0,0,0,3e-06,0.999997,logprobs,Novita
8009,1,-1,0,0,0,,,text,Novita
8010,1,1,0,0,0,1.3e-05,0.999967,logprobs,Novita
8011,1,3,0,0,0,4e-06,0.999998,logprobs,Novita
8012,1,5,0,0,0,1.9e-05,0.999981,logprobs,Novita
8013,1,7,0,0,1,0.999996,0.999996,logprobs,Novita
8014,1,9,0,0,1,0.99999,0.999998,logprobs,Novita
8015,1,11,1,1,1,0.999987,0.999998,logprobs,Novita
8016,1,13,1,1,0,0,0.999999,logprobs,Novita
8017,1,15,1,1,1,0.999998,0.999999,logprobs,Novita
8018,1,17,1,1,1,0.999995,0.999998,logprobs,Novita
8019,1,19,1,1,0,1e-05,0.999998,logprobs,Novita
8020,1,21,1,1,0,0.468862,0.999447,logprobs,Novita
8021,1,23,1,1,1,,,text,Novita
8022,1,25,1,1,1,0.999925,0.999996,logprobs,Novita
8023,1,27,1,1,1,0.99996,0.999998,logprobs,Novita
8024,1,29,1,1,1,0.99977,0.999984,logprobs,Novita
8025,1,31,1,1,1,0.999934,0.999993,logprobs,Novita
8026,1,33,1,1,1,,,text,Novita
8027,1,35,1,1,1,0.999991,0.999995,logprobs,Novita
8028,1,37,1,1,1,,,text,Novita
8029,1,39,1,1,1,0.999981,0.999997,logprobs,Novita
8030,1,41,1,1,1,,,text,Novita
8031,1,43,1,1,0,6e-06,0.999987,logprobs,Novita
8032,1,45,0,0,1,0.99986,0.999984,logprobs,Novita
8033,1,47,0,0,1,0.999997,0.999998,logprobs,Novita
8034,1,49,0,0,0,1e-06,0.999998,logprobs,Novita
8035,1,51,0,0,1,0.999512,0.999956,logprobs,Novita
8036,1,53,0,0,1,0.999995,0.999996,logprobs,Novita
8037,1,55,0,0,0,0,0.999997,logprobs,Novita
8038,1,57,0,0,0,5e-06,0.999997,logprobs,Novita
8039,1,59,0,0,0,5e-06,0.999999,logprobs,Novita
8040,1,61,0,0,0,0,0.999999,logprobs,Novita
8041,1,63,0,0,1,0.99999,0.999998,logprobs,Novita
8042,1,65,0,0,1,,,text,Novita
8043,1,67,0,0,0,,,text,Novita
8044,1,69,0,0,0,4e-06,0.999993,logprobs,Novita
8045,1,71,0,0,0,2e-06,0.999998,logprobs,Novita
8046,1,73,0,0,0,5e-06,0.999998,logprobs,Novita
8047,1,75,0,0,0,0,0.999999,logprobs,Novita
8048,1,77,0,0,0,1e-06,0.999999,logprobs,Novita
8049,1,79,0,0,0,3e-06,0.999998,logprobs,Novita
8050,1,81,0,0,0,1e-06,0.999994,logprobs,Novita
8051,1,83,0,0,0,5e-06,0.999997,logprobs,Novita
8052,1,85,0,0,0,1e-06,1,logprobs,Novita
8053,1,87,0,0,0,0,0.999999,logprobs,Novita
8054,1,89,0,0,0,2e-06,0.999997,logprobs,Novita
8055,1,91,0,0,0,1e-06,0.999998,logprobs,Novita
8056,1,93,0,0,0,2e-06,0.999999,logprobs,Novita
8057,1,95,0,0,0,2e-06,0.999996,logprobs,Novita
8058,1,97,0,0,1,0.999993,0.999999,logprobs,Novita
8059,1,99,1,1,0,0,0.999999,logprobs,Novita
8060,1,101,1,1,1,,,text,Novita
8061,1,103,1,1,1,0.999998,0.999991,logprobs,Novita
8062,1,105,0,0,0,2e-06,0.999997,logprobs,Novita
8063,1,107,0,0,1,0.999998,0.999999,logprobs,Novita
8064,1,109,1,1,1,0.998074,0.99997,logprobs,Novita
8065,1,111,1,1,0,3e-06,0.999998,logprobs,Novita
8066,1,113,1,1,0,,,text,Novita
8067,1,115,1,1,1,0.999904,0.999993,logprobs,Novita
8068,1,117,1,1,0,0,1,logprobs,Novita
8069,1,119,0,0,0,5e-06,0.999998,logprobs,Novita
8070,1,121,1,1,1,,,text,Novita
8071,1,123,0,0,0,5e-06,0.999987,logprobs,Novita
8072,1,125,0,0,0,2e-06,0.999996,logprobs,Novita
8073,1,127,0,0,0,,,text,Novita
8074,1,129,0,0,0,0,0.999999,logprobs,Novita
8075,1,131,0,0,0,,,text,Novita
8076,1,133,0,0,0,1e-06,0.999997,logprobs,Novita
8077,1,135,0,0,0,2e-06,0.999997,logprobs,Novita
8078,1,137,0,0,0,4e-06,0.999999,logprobs,Novita
8079,1,139,0,0,0,,,text,Novita
8080,1,141,0,0,0,,,text,Novita
8081,1,143,0,0,0,,,text,Novita
8082,1,145,0,0,0,1e-06,0.999995,logprobs,Novita
8083,1,147,0,0,0,1e-06,0.999992,logprobs,Novita
8084,1,149,0,0,0,3.1e-05,0.999995,logprobs,Novita
8085,1,151,0,0,0,4e-06,0.999994,logprobs,Novita
8086,1,153,0,0,0,0,0.999998,logprobs,Novita
8087,1,155,0,0,0,7e-06,0.999993,logprobs,Novita
8088,1,157,0,0,0,1.1e-05,0.999998,logprobs,Novita
8089,1,159,0,0,0,0.000109,0.999994,logprobs,Novita
8090,1,161,0,0,0,3.1e-05,0.999994,logprobs,Novita
8091,1,163,0,0,0,0.00014,0.999982,logprobs,Novita
8092,1,165,0,0,0,1e-06,0.999999,logprobs,Novita
8093,1,167,0,0,0,2.8e-05,0.999989,logprobs,Novita
8094,1,169,0,0,0,8.5e-05,0.999997,logprobs,Novita
8095,1,171,0,0,0,2e-06,0.999998,logprobs,Novita
8096,1,173,0,0,0,0,0.999999,logprobs,Novita
8097,1,175,0,0,0,2e-06,0.999999,logprobs,Novita
8098,1,177,0,0,0,,,text,Novita
8099,1,179,0,0,0,,,text,Novita
8100,-1,-179,0,0,0,3e-06,0.999999,logprobs,Novita
8101,-1,-177,0,0,0,8e-06,0.999996,logprobs,Novita
8102,-1,-175,0,0,0,,,text,Novita
8103,-1,-173,0,0,0,0.000204,0.99998,logprobs,Novita
8104,-1,-171,0,0,0,0,0.999997,logprobs,Novita
8105,-1,-169,0,0,0,,,text,Novita
8106,-1,-167,0,0,0,2e-06,0.999998,logprobs,Novita
8107,-1,-165,0,0,0,0,0.999999,logprobs,Novita
8108,-1,-163,0,0,0,0,0.999999,logprobs,Novita
8109,-1,-161,0,0,0,3e-06,0.999999,logprobs,Novita
8110,-1,-159,0,0,0,1e-06,0.999996,logprobs,Novita
8111,-1,-157,0,0,0,2e-06,0.999998,logprobs,Novita
8112,-1,-155,0,0,0,1e-06,0.999997,logprobs,Novita
8113,-1,-153,0,0,0,5e-06,0.999997,logprobs,Novita
8114,-1,-151,0,0,0,2e-06,0.999999,logprobs,Novita
8115,-1,-149,0,0,0,1e-06,0.999998,logprobs,Novita
8116,-1,-147,0,0,0,1e-06,0.999999,logprobs,Novita
8117,-1,-145,0,0,0,,,text,Novita
8118,-1,-143,0,0,0,0,0.999998,logprobs,Novita
8119,-1,-141,0,0,0,0,0.999999,logprobs,Novita
8120,-1,-139,0,0,0,1e-06,0.999998,logprobs,Novita
8121,-1,-137,0,0,0,6e-06,0.999994,logprobs,Novita
8122,-1,-135,0,0,0,1.3e-05,0.999995,logprobs,Novita
8123,-1,-133,0,0,0,1e-05,0.999996,logprobs,Novita
8124,-1,-131,0,0,0,2.4e-05,0.999996,logprobs,Novita
8125,-1,-129,0,0,0,2e-06,0.999997,logprobs,Novita
8126,-1,-127,0,0,0,1e-06,0.999998,logprobs,Novita
8127,-1,-125,0,0,0,2.1e-05,0.999983,logprobs,Novita
8128,-1,-123,0,0,0,,,text,Novita
8129,-1,-121,0,0,0,1.1e-05,0.999995,logprobs,Novita
8130,-1,-119,0,0,0,0,0.999998,logprobs,Novita
8131,-1,-117,0,0,0,2e-06,0.999997,logprobs,Novita
8132,-1,-115,0,0,0,2e-06,0.999996,logprobs,Novita
8133,-1,-113,0,0,0,1.9e-05,0.999998,logprobs,Novita
8134,-1,-111,0,0,0,1e-06,0.999999,logprobs,Novita
8135,-1,-109,0,0,0,,,text,Novita
8136,-1,-107,0,0,0,1e-06,0.999998,logprobs,Novita
8137,-1,-105,0,0,1,0.999447,0.999988,logprobs,Novita
8138,-1,-103,0,0,1,0.99996,0.999999,logprobs,Novita
8139,-1,-101,0,0,0,0,0.999997,logprobs,Novita
8140,-1,-99,0,0,1,0.999447,0.99998,logprobs,Novita
8141,-1,-97,0,0,0,2e-06,0.999998,logprobs,Novita
8142,-1,-95,0,0,0,1e-06,0.999998,logprobs,Novita
8143,-1,-93,0,0,1,0.999512,0.99999,logprobs,Novita
8144,-1,-91,0,0,1,,,text,Novita
8145,-1,-89,0,0,0,1e-06,0.999993,logprobs,Novita
8146,-1,-87,0,0,0,3e-06,0.999992,logprobs,Novita
8147,-1,-85,0,0,0,,,text,Novita
8148,-1,-83,0,0,0,6e-06,0.999998,logprobs,Novita
8149,-1,-81,0,0,0,3e-06,0.999996,logprobs,Novita
8150,-1,-79,1,1,0,1.3e-05,0.999996,logprobs,Novita
8151,-1,-77,1,1,0,3e-06,0.999997,logprobs,Novita
8152,-1,-75,1,1,1,,,text,Novita
8153,-1,-73,1,1,0,,,text,Novita
8154,-1,-71,1,1,0,,,text,Novita
8155,-1,-69,1,1,0,,,text,Novita
8156,-1,-67,1,1,1,0.99999,0.999992,logprobs,Novita
8157,-1,-65,1,1,0,0.001702,0.9999,logprobs,Novita
8158,-1,-63,1,1,1,0.999904,0.999998,logprobs,Novita
8159,-1,-61,1,1,1,0.999955,0.999997,logprobs,Novita
8160,-1,-59,1,1,1,0.999797,0.999992,logprobs,Novita
8161,-1,-57,1,1,0,1.1e-05,0.999989,logprobs,Novita
8162,-1,-55,1,1,1,0.999965,0.999999,logprobs,Novita
8163,-1,-53,1,1,0,2e-06,0.999997,logprobs,Novita
8164,-1,-51,1,1,1,0.999942,0.999998,logprobs,Novita
8165,-1,-49,1,1,1,0.999996,0.999997,logprobs,Novita
8166,-1,-47,1,1,0,6e-06,0.999997,logprobs,Novita
8167,-1,-45,0,0,0,0,0.999998,logprobs,Novita
8168,-1,-43,0,0,0,,,text,Novita
8169,-1,-41,0,0,0,0,0.999999,logprobs,Novita
8170,-1,-39,0,0,0,0,0.999998,logprobs,Novita
8171,-1,-37,0,0,0,1.1e-05,0.999996,logprobs,Novita
8172,-1,-35,0,0,0,1e-06,0.999999,logprobs,Novita
8173,-1,-33,0,0,0,3e-06,0.999997,logprobs,Novita
8174,-1,-31,0,0,0,4e-06,0.999997,logprobs,Novita
8175,-1,-29,0,0,0,2e-06,0.999998,logprobs,Novita
8176,-1,-27,0,0,0,,,text,Novita
8177,-1,-25,0,0,0,1e-06,0.999998,logprobs,Novita
8178,-1,-23,0,0,0,2e-06,0.999996,logprobs,Novita
8179,-1,-21,0,0,0,8e-06,0.999997,logprobs,Novita
8180,-1,-19,0,0,0,,,text,Novita
8181,-1,-17,0,0,0,2e-06,0.999996,logprobs,Novita
8182,-1,-15,0,0,0,,,text,Novita
8183,-1,-13,0,0,0,1e-06,0.999997,logprobs,Novita
8184,-1,-11,0,0,0,1e-06,0.999996,logprobs,Novita
8185,-1,-9,0,0,0,,,text,Novita
8186,-1,-7,0,0,0,2e-06,0.999998,logprobs,Novita
8187,-1,-5,0,0,0,2.4e-05,0.999983,logprobs,Novita
8188,-1,-3,0,0,0,6e-06,0.999969,logprobs,Novita
8189,-1,-1,0,0,0,2e-06,0.999993,logprobs,Novita
8190,-1,1,0,0,0,1.3e-05,0.999991,logprobs,Novita
8191,-1,3,0,0,0,4e-06,0.999996,logprobs,Novita
8192,-1,5,0,0,0,0,0.999999,logprobs,Novita
8193,-1,7,0,0,0,,,text,Novita
8194,-1,9,1,1,0,8e-06,0.999998,logprobs,Novita
8195,-1,11,1,1,1,0.99999,0.999996,logprobs,Novita
8196,-1,13,1,1,1,0.999995,0.999995,logprobs,Novita
8197,-1,15,1,1,0,0,0.999999,logprobs,Novita
8198,-1,17,1,1,0,0,1,logprobs,Novita
8199,-1,19,1,1,1,0.999993,0.999999,logprobs,Novita
8200,-1,21,1,1,1,0.999972,0.999992,logprobs,Novita
8201,-1,23,1,1,1,0.99996,0.999996,logprobs,Novita
8202,-1,25,1,1,1,0.999993,0.999998,logprobs,Novita
8203,-1,27,1,1,0,,,text,Novita
8204,-1,29,1,1,1,0.999972,0.999997,logprobs,Novita
8205,-1,31,1,1,1,0.999965,0.999996,logprobs,Novita
8206,-1,33,1,0,0,1e-06,0.999998,logprobs,Novita
8207,-1,35,1,1,0,2e-06,0.999997,logprobs,Novita
8208,-1,37,1,1,1,0.999934,0.999971,logprobs,Novita
8209,-1,39,1,1,0,2e-06,0.999999,logprobs,Novita
8210,-1,41,1,1,1,0.99999,0.999998,logprobs,Novita
8211,-1,43,0,0,1,0.999985,0.999989,logprobs,Novita
8212,-1,45,0,0,1,0.999972,0.999996,logprobs,Novita
8213,-1,47,0,0,1,0.999999,0.999996,logprobs,Novita
8214,-1,49,0,0,1,0.999569,0.999982,logprobs,Novita
8215,-1,51,0,0,1,0.999704,0.999992,logprobs,Novita
8216,-1,53,0,0,1,0.99962,0.999989,logprobs,Novita
8217,-1,55,0,0,0,,,text,Novita
8218,-1,57,0,0,1,0.999949,0.999996,logprobs,Novita
8219,-1,59,0,0,1,0.999976,0.999998,logprobs,Novita
8220,-1,61,0,0,0,5e-06,0.999999,logprobs,Novita
8221,-1,63,0,0,0,2e-06,0.999998,logprobs,Novita
8222,-1,65,0,0,0,,,text,Novita
8223,-1,67,0,0,0,1e-06,0.999998,logprobs,Novita
8224,-1,69,0,0,0,1e-06,1,logprobs,Novita
8225,-1,71,0,0,0,1e-06,0.999997,logprobs,Novita
8226,-1,73,0,0,0,1.1e-05,0.999996,logprobs,Novita
8227,-1,75,0,0,0,1.5e-05,0.999998,logprobs,Novita
8228,-1,77,0,0,1,,,text,Novita
8229,-1,79,0,0,0,0,0.999998,logprobs,Novita
8230,-1,81,0,0,0,1e-06,0.999999,logprobs,Novita
8231,-1,83,0,0,0,,,text,Novita
8232,-1,85,0,0,0,1.5e-05,0.999995,logprobs,Novita
8233,-1,87,0,0,0,2e-06,0.999997,logprobs,Novita
8234,-1,89,0,0,1,0.999196,0.999978,logprobs,Novita
8235,-1,91,0,0,0,1e-06,0.999998,logprobs,Novita
8236,-1,93,0,0,1,0.997528,0.999984,logprobs,Novita
8237,-1,95,0,0,0,8e-06,0.99998,logprobs,Novita
8238,-1,97,0,0,1,0.999665,0.999998,logprobs,Novita
8239,-1,99,0,0,1,0.999965,0.999995,logprobs,Novita
8240,-1,101,1,1,0,1e-05,0.999984,logprobs,Novita
8241,-1,103,1,1,0,3e-06,0.999999,logprobs,Novita
8242,-1,105,0,0,1,0.99929,0.999985,logprobs,Novita
8243,-1,107,0,0,1,0.999969,0.999987,logprobs,Novita
8244,-1,109,0,0,1,0.999979,0.999997,logprobs,Novita
8245,-1,111,1,1,1,0.996407,0.999983,logprobs,Novita
8246,-1,113,1,1,1,0.998831,0.999977,logprobs,Novita
8247,-1,115,1,1,1,0.998073,0.999987,logprobs,Novita
8248,-1,117,1,1,1,0.999569,0.999991,logprobs,Novita
8249,-1,119,0,0,1,0.999989,0.999998,logprobs,Novita
8250,-1,121,0,0,1,0.998831,0.99997,logprobs,Novita
8251,-1,123,0,0,1,0.999981,0.999994,logprobs,Novita
8252,-1,125,0,0,1,,,text,Novita
8253,-1,127,0,0,1,0.999969,0.99999,logprobs,Novita
8254,-1,129,0,0,0,0,0.999999,logprobs,Novita
8255,-1,131,1,1,0,0,0.999999,logprobs,Novita
8256,-1,133,1,1,1,0.999797,0.999946,logprobs,Novita
8257,-1,135,0,0,0,8e-06,0.999998,logprobs,Novita
8258,-1,137,0,0,0,3e-06,0.999998,logprobs,Novita
8259,-1,139,0,0,1,0.999797,0.999994,logprobs,Novita
8260,-1,141,0,0,0,4e-06,0.999997,logprobs,Novita
8261,-1,143,0,0,1,0.991423,0.99997,logprobs,Novita
8262,-1,145,0,0,0,0,0.999998,logprobs,Novita
8263,-1,147,0,0,0,2e-06,0.999999,logprobs,Novita
8264,-1,149,0,0,0,,,text,Novita
8265,-1,151,0,0,0,,,text,Novita
8266,-1,153,0,0,0,6e-06,0.999998,logprobs,Novita
8267,-1,155,0,0,0,8e-06,0.999988,logprobs,Novita
8268,-1,157,0,0,0,,,text,Novita
8269,-1,159,0,0,1,,,text,Novita
8270,-1,161,0,0,0,1.3e-05,0.999994,logprobs,Novita
8271,-1,163,0,0,0,1e-06,0.999999,logprobs,Novita
8272,-1,165,0,0,0,2.1e-05,0.999991,logprobs,Novita
8273,-1,167,0,0,0,,,text,Novita
8274,-1,169,0,0,0,,,text,Novita
8275,-1,171,0,0,0,,,text,Novita
8276,-1,173,0,0,0,1e-06,0.999999,logprobs,Novita
8277,-1,175,0,0,0,5e-06,0.999994,logprobs,Novita
8278,-1,177,0,0,0,,,text,Novita
8279,-1,179,0,0,0,7e-06,0.999997,logprobs,Novita
8280,-3,-179,0,0,0,,,text,Novita
8281,-3,-177,0,0,0,,,text,Novita
8282,-3,-175,0,0,0,3e-06,0.999998,logprobs,Novita
8283,-3,-173,0,0,0,7e-06,0.999994,logprobs,Novita
8284,-3,-171,0,0,0,0,0.999998,logprobs,Novita
8285,-3,-169,0,0,0,3.1e-05,0.999994,logprobs,Novita
8286,-3,-167,0,0,0,5e-06,0.999996,logprobs,Novita
8287,-3,-165,0,0,0,1.1e-05,0.999986,logprobs,Novita
8288,-3,-163,0,0,0,2e-06,0.999997,logprobs,Novita
8289,-3,-161,0,0,0,2e-06,0.999999,logprobs,Novita
8290,-3,-159,0,0,0,2e-06,0.999992,logprobs,Novita
8291,-3,-157,0,0,0,1e-06,0.999999,logprobs,Novita
8292,-3,-155,0,0,0,1e-06,0.999996,logprobs,Novita
8293,-3,-153,0,0,0,1e-06,0.999997,logprobs,Novita
8294,-3,-151,0,0,0,,,text,Novita
8295,-3,-149,0,0,0,2e-06,0.999999,logprobs,Novita
8296,-3,-147,0,0,0,,,text,Novita
8297,-3,-145,0,0,0,6e-06,0.999999,logprobs,Novita
8298,-3,-143,0,0,0,1e-06,1,logprobs,Novita
8299,-3,-141,0,0,0,2e-06,0.999998,logprobs,Novita
8300,-3,-139,0,0,0,,,text,Novita
8301,-3,-137,0,0,0,0,0.999999,logprobs,Novita
8302,-3,-135,0,0,0,,,text,Novita
8303,-3,-133,0,0,0,2e-06,0.999997,logprobs,Novita
8304,-3,-131,0,0,0,7e-06,0.999996,logprobs,Novita
8305,-3,-129,0,0,0,2e-06,0.999998,logprobs,Novita
8306,-3,-127,0,0,0,2.1e-05,0.999996,logprobs,Novita
8307,-3,-125,0,0,0,,,text,Novita
8308,-3,-123,0,0,0,4e-06,0.999997,logprobs,Novita
8309,-3,-121,0,0,0,2.4e-05,0.999981,logprobs,Novita
8310,-3,-119,0,0,0,,,text,Novita
8311,-3,-117,0,0,0,3e-06,0.999998,logprobs,Novita
8312,-3,-115,0,0,0,7.5e-05,0.999995,logprobs,Novita
8313,-3,-113,0,0,0,1.1e-05,0.999997,logprobs,Novita
8314,-3,-111,0,0,1,,,text,Novita
8315,-3,-109,0,0,0,1e-06,0.999997,logprobs,Novita
8316,-3,-107,0,0,1,0.999797,0.999992,logprobs,Novita
8317,-3,-105,0,0,0,1e-06,0.999998,logprobs,Novita
8318,-3,-103,0,0,0,0,0.999999,logprobs,Novita
8319,-3,-101,0,0,1,0.999904,0.999998,logprobs,Novita
8320,-3,-99,0,0,0,2e-06,0.99999,logprobs,Novita
8321,-3,-97,0,0,1,0.999665,0.999991,logprobs,Novita
8322,-3,-95,0,0,0,0,0.999999,logprobs,Novita
8323,-3,-93,0,0,0,,,text,Novita
8324,-3,-91,0,0,0,1e-06,0.999998,logprobs,Novita
8325,-3,-89,0,0,0,2e-06,0.999998,logprobs,Novita
8326,-3,-87,0,0,0,1.5e-05,0.999995,logprobs,Novita
8327,-3,-85,0,0,0,1e-06,0.999998,logprobs,Novita
8328,-3,-83,0,0,0,9e-06,0.999996,logprobs,Novita
8329,-3,-81,0,0,0,8e-06,0.999997,logprobs,Novita
8330,-3,-79,1,1,0,5e-06,0.999997,logprobs,Novita
8331,-3,-77,1,1,0,1e-06,1,logprobs,Novita
8332,-3,-75,1,1,0,1e-06,0.999999,logprobs,Novita
8333,-3,-73,1,1,0,1e-06,0.999999,logprobs,Novita
8334,-3,-71,1,1,1,0.999925,0.999996,logprobs,Novita
8335,-3,-69,1,1,1,0.999904,0.999995,logprobs,Novita
8336,-3,-67,1,1,1,0.999915,0.999996,logprobs,Novita
8337,-3,-65,1,1,0,1e-06,0.999998,logprobs,Novita
8338,-3,-63,1,1,1,0.999994,0.999996,logprobs,Novita
8339,-3,-61,1,1,1,0.999993,0.999996,logprobs,Novita
8340,-3,-59,1,1,1,0.998299,0.999974,logprobs,Novita
8341,-3,-57,1,1,1,,,text,Novita
8342,-3,-55,1,1,0,1.1e-05,0.999997,logprobs,Novita
8343,-3,-53,1,1,0,0,0.999999,logprobs,Novita
8344,-3,-51,1,1,1,0.99593,0.999984,logprobs,Novita
8345,-3,-49,1,1,1,0.999891,0.999997,logprobs,Novita
8346,-3,-47,1,1,0,,,text,Novita
8347,-3,-45,1,1,0,2e-06,0.999996,logprobs,Novita
8348,-3,-43,1,1,0,2e-06,0.999995,logprobs,Novita
8349,-3,-41,1,1,0,0,1,logprobs,Novita
8350,-3,-39,0,0,0,5e-06,0.999991,logprobs,Novita
8351,-3,-37,0,0,0,2.4e-05,0.999995,logprobs,Novita
8352,-3,-35,0,0,0,4e-06,0.999996,logprobs,Novita
8353,-3,-33,0,0,0,,,text,Novita
8354,-3,-31,0,0,0,,,text,Novita
8355,-3,-29,0,0,0,,,text,Novita
8356,-3,-27,0,0,0,,,text,Novita
8357,-3,-25,0,0,0,1e-06,0.999999,logprobs,Novita
8358,-3,-23,0,0,0,9e-06,0.999998,logprobs,Novita
8359,-3,-21,0,0,0,1.1e-05,0.999996,logprobs,Novita
8360,-3,-19,0,0,0,8e-06,0.999992,logprobs,Novita
8361,-3,-17,0,0,0,,,text,Novita
8362,-3,-15,0,0,0,,,text,Novita
8363,-3,-13,0,0,0,1e-06,0.999998,logprobs,Novita
8364,-3,-11,0,0,0,8e-06,0.999997,logprobs,Novita
8365,-3,-9,0,0,0,,,text,Novita
8366,-3,-7,0,0,0,0,0.999999,logprobs,Novita
8367,-3,-5,0,0,0,1e-06,0.999999,logprobs,Novita
8368,-3,-3,0,0,0,1.3e-05,0.999994,logprobs,Novita
8369,-3,-1,0,0,0,,,text,Novita
8370,-3,1,0,0,0,1e-06,0.999997,logprobs,Novita
8371,-3,3,0,0,0,0,1,logprobs,Novita
8372,-3,5,0,0,0,,,text,Novita
8373,-3,7,0,0,0,1e-06,0.999999,logprobs,Novita
8374,-3,9,0,0,0,5.1e-05,0.999996,logprobs,Novita
8375,-3,11,1,1,0,,,text,Novita
8376,-3,13,1,1,0,3e-06,0.999999,logprobs,Novita
8377,-3,15,1,1,1,0.999987,0.999999,logprobs,Novita
8378,-3,17,1,1,0,6e-06,0.999997,logprobs,Novita
8379,-3,19,1,1,0,4e-06,0.999998,logprobs,Novita
8380,-3,21,1,1,0,3e-06,0.999999,logprobs,Novita
8381,-3,23,1,1,1,,,text,Novita
8382,-3,25,1,1,1,0.999994,0.999993,logprobs,Novita
8383,-3,27,1,1,0,2.8e-05,0.999987,logprobs,Novita
8384,-3,29,1,1,1,0.999999,0.999999,logprobs,Novita
8385,-3,31,1,1,0,,,text,Novita
8386,-3,33,1,1,1,0.999993,0.999999,logprobs,Novita
8387,-3,35,1,1,0,,,text,Novita
8388,-3,37,1,1,1,0.999512,0.999995,logprobs,Novita
8389,-3,39,1,1,1,0.999089,0.999971,logprobs,Novita
8390,-3,41,0,0,0,2e-06,0.999996,logprobs,Novita
8391,-3,43,0,0,1,0.999987,0.999998,logprobs,Novita
8392,-3,45,0,0,0,6e-06,0.999997,logprobs,Novita
8393,-3,47,0,0,1,0.999995,0.999998,logprobs,Novita
8394,-3,49,0,0,0,,,text,Novita
8395,-3,51,0,0,0,3.5e-05,0.999993,logprobs,Novita
8396,-3,53,0,0,1,0.999991,0.999996,logprobs,Novita
8397,-3,55,0,0,0,1.7e-05,0.999998,logprobs,Novita
8398,-3,57,0,0,1,0.999998,0.999999,logprobs,Novita
8399,-3,59,0,0,1,0.999998,0.999982,logprobs,Novita
8400,-3,61,0,0,0,,,text,Novita
8401,-3,63,0,0,0,9e-06,0.999997,logprobs,Novita
8402,-3,65,0,0,0,3e-06,0.999997,logprobs,Novita
8403,-3,67,0,0,0,,,text,Novita
8404,-3,69,0,0,0,,,text,Novita
8405,-3,71,0,0,0,2.8e-05,0.999996,logprobs,Novita
8406,-3,73,0,0,0,,,text,Novita
8407,-3,75,0,0,0,1e-06,0.999998,logprobs,Novita
8408,-3,77,0,0,0,0.025968,0.999441,logprobs,Novita
8409,-3,79,0,0,0,1e-06,0.999998,logprobs,Novita
8410,-3,81,0,0,0,2e-06,0.999998,logprobs,Novita
8411,-3,83,0,0,0,1e-06,0.999999,logprobs,Novita
8412,-3,85,0,0,0,9e-06,0.999996,logprobs,Novita
8413,-3,87,0,0,1,0.999992,0.999997,logprobs,Novita
8414,-3,89,0,0,0,,,text,Novita
8415,-3,91,0,0,0,1e-06,1,logprobs,Novita
8416,-3,93,0,0,1,,,text,Novita
8417,-3,95,0,0,0,0,1,logprobs,Novita
8418,-3,97,0,0,1,0.99996,0.999997,logprobs,Novita
8419,-3,99,0,0,0,2e-06,0.999996,logprobs,Novita
8420,-3,101,0,0,1,0.999842,0.999991,logprobs,Novita
8421,-3,103,1,1,1,0.999989,0.999998,logprobs,Novita
8422,-3,105,1,1,0,1e-06,0.999998,logprobs,Novita
8423,-3,107,0,0,1,0.999991,0.999993,logprobs,Novita
8424,-3,109,0,0,1,0.999089,0.99999,logprobs,Novita
8425,-3,111,1,1,1,0.999998,0.999999,logprobs,Novita
8426,-3,113,1,1,1,0.999976,0.999998,logprobs,Novita
8427,-3,115,1,1,0,9e-06,0.999996,logprobs,Novita
8428,-3,117,0,0,0,1e-06,0.999998,logprobs,Novita
8429,-3,119,1,1,1,0.998968,0.999993,logprobs,Novita
8430,-3,121,0,0,0,,,text,Novita
8431,-3,123,0,0,1,0.999925,0.999988,logprobs,Novita
8432,-3,125,0,0,1,,,text,Novita
8433,-3,127,0,0,1,0.999972,0.999998,logprobs,Novita
8434,-3,129,1,1,0,2.1e-05,0.999998,logprobs,Novita
8435,-3,131,0,0,0,2e-06,0.999992,logprobs,Novita
8436,-3,133,1,1,0,,,text,Novita
8437,-3,135,0,0,1,0.999842,0.999993,logprobs,Novita
8438,-3,137,1,1,0,8e-06,0.999994,logprobs,Novita
8439,-3,139,1,1,1,0.999996,0.999996,logprobs,Novita
8440,-3,141,1,1,0,1e-06,0.999999,logprobs,Novita
8441,-3,143,0,0,1,0.99996,0.99999,logprobs,Novita
8442,-3,145,0,0,1,0.999996,0.999997,logprobs,Novita
8443,-3,147,0,0,0,2e-06,0.999999,logprobs,Novita
8444,-3,149,0,0,0,3e-06,0.999999,logprobs,Novita
8445,-3,151,0,0,0,3.5e-05,0.999991,logprobs,Novita
8446,-3,153,0,0,1,,,text,Novita
8447,-3,155,0,0,1,,,text,Novita
8448,-3,157,0,0,0,0,0.999999,logprobs,Novita
8449,-3,159,0,0,0,,,text,Novita
8450,-3,161,0,0,0,9e-06,0.999998,logprobs,Novita
8451,-3,163,0,0,1,0.99999,0.999997,logprobs,Novita
8452,-3,165,0,0,1,0.999891,0.999995,logprobs,Novita
8453,-3,167,0,0,1,0.999965,0.999998,logprobs,Novita
8454,-3,169,0,0,0,2e-06,0.999999,logprobs,Novita
8455,-3,171,0,0,0,1e-06,0.999999,logprobs,Novita
8456,-3,173,0,0,0,3.5e-05,0.999991,logprobs,Novita
8457,-3,175,0,0,0,1.5e-05,0.999994,logprobs,Novita
8458,-3,177,0,0,0,1.5e-05,0.999987,logprobs,Novita
8459,-3,179,0,0,0,0.000261,0.999975,logprobs,Novita
8460,-5,-179,0,0,0,4e-06,0.999998,logprobs,Novita
8461,-5,-177,0,0,0,0,0.999999,logprobs,Novita
8462,-5,-175,0,0,0,2.8e-05,0.999996,logprobs,Novita
8463,-5,-173,0,0,0,1e-06,0.999998,logprobs,Novita
8464,-5,-171,0,0,0,1e-06,0.999999,logprobs,Novita
8465,-5,-169,0,0,0,2e-06,0.999997,logprobs,Novita
8466,-5,-167,0,0,0,0,1,logprobs,Novita
8467,-5,-165,0,0,0,0,0.999999,logprobs,Novita
8468,-5,-163,0,0,0,5e-06,0.999998,logprobs,Novita
8469,-5,-161,0,0,0,2.1e-05,0.999998,logprobs,Novita
8470,-5,-159,0,0,0,1e-06,0.999999,logprobs,Novita
8471,-5,-157,0,0,0,2e-06,0.999995,logprobs,Novita
8472,-5,-155,0,0,0,1e-06,0.999999,logprobs,Novita
8473,-5,-153,0,0,0,2e-06,0.999996,logprobs,Novita
8474,-5,-151,0,0,0,1e-06,0.999999,logprobs,Novita
8475,-5,-149,0,0,0,0.001502,0.999972,logprobs,Novita
8476,-5,-147,0,0,0,1e-06,0.999998,logprobs,Novita
8477,-5,-145,0,0,0,,,text,Novita
8478,-5,-143,0,0,0,1e-06,0.999997,logprobs,Novita
8479,-5,-141,0,0,0,3e-06,0.999999,logprobs,Novita
8480,-5,-139,0,0,0,1e-06,0.999999,logprobs,Novita
8481,-5,-137,0,0,0,3.5e-05,0.999996,logprobs,Novita
8482,-5,-135,0,0,0,3e-06,0.999999,logprobs,Novita
8483,-5,-133,0,0,0,0,0.999999,logprobs,Novita
8484,-5,-131,0,0,0,1e-06,0.999999,logprobs,Novita
8485,-5,-129,0,0,0,3.1e-05,0.999996,logprobs,Novita
8486,-5,-127,0,0,0,1e-06,0.999998,logprobs,Novita
8487,-5,-125,0,0,0,4e-06,0.999998,logprobs,Novita
8488,-5,-123,0,0,0,,,text,Novita
8489,-5,-121,0,0,0,1.1e-05,0.999998,logprobs,Novita
8490,-5,-119,0,0,0,3e-06,0.999998,logprobs,Novita
8491,-5,-117,0,0,0,0,0.999999,logprobs,Novita
8492,-5,-115,0,0,0,1.1e-05,0.999997,logprobs,Novita
8493,-5,-113,0,0,0,2e-06,0.999996,logprobs,Novita
8494,-5,-111,0,0,0,9e-06,0.999997,logprobs,Novita
8495,-5,-109,0,0,0,,,text,Novita
8496,-5,-107,0,0,0,,,text,Novita
8497,-5,-105,0,0,0,9e-06,0.999997,logprobs,Novita
8498,-5,-103,0,0,0,3e-06,0.999997,logprobs,Novita
8499,-5,-101,0,0,0,5e-06,0.999993,logprobs,Novita
8500,-5,-99,0,0,1,0.999704,0.999986,logprobs,Novita
8501,-5,-97,0,0,0,,,text,Novita
8502,-5,-95,0,0,0,,,text,Novita
8503,-5,-93,0,0,1,,,text,Novita
8504,-5,-91,0,0,0,1e-06,0.999998,logprobs,Novita
8505,-5,-89,0,0,0,3e-06,0.999997,logprobs,Novita
8506,-5,-87,0,0,0,1e-06,0.999999,logprobs,Novita
8507,-5,-85,0,0,0,2.1e-05,0.999988,logprobs,Novita
8508,-5,-83,0,0,0,0,1,logprobs,Novita
8509,-5,-81,1,1,0,4e-06,0.999999,logprobs,Novita
8510,-5,-79,1,1,1,0.99962,0.999981,logprobs,Novita
8511,-5,-77,1,1,1,0.999934,0.999998,logprobs,Novita
8512,-5,-75,1,1,0,0,0.999999,logprobs,Novita
8513,-5,-73,1,1,1,,,text,Novita
8514,-5,-71,1,1,1,0.999995,0.999996,logprobs,Novita
8515,-5,-69,1,1,1,0.999994,0.999998,logprobs,Novita
8516,-5,-67,1,1,0,9.6e-05,0.999989,logprobs,Novita
8517,-5,-65,1,1,0,,,text,Novita
8518,-5,-63,1,1,0,3e-06,0.999996,logprobs,Novita
8519,-5,-61,1,1,1,,,text,Novita
8520,-5,-59,1,1,1,0.99986,0.999997,logprobs,Novita
8521,-5,-57,1,1,1,0.999891,0.999991,logprobs,Novita
8522,-5,-55,1,1,0,0,0.999999,logprobs,Novita
8523,-5,-53,1,1,1,0.999739,0.999977,logprobs,Novita
8524,-5,-51,1,1,0,,,text,Novita
8525,-5,-49,1,1,1,0.999983,0.999998,logprobs,Novita
8526,-5,-47,1,1,1,0.999995,0.999999,logprobs,Novita
8527,-5,-45,1,1,0,3e-06,0.999992,logprobs,Novita
8528,-5,-43,1,1,0,,,text,Novita
8529,-5,-41,1,1,0,1e-06,1,logprobs,Novita
8530,-5,-39,1,1,0,,,text,Novita
8531,-5,-37,1,1,0,1e-05,0.999998,logprobs,Novita
8532,-5,-35,0,0,0,0,0.999999,logprobs,Novita
8533,-5,-33,0,0,0,,,text,Novita
8534,-5,-31,0,0,0,3e-06,0.999997,logprobs,Novita
8535,-5,-29,0,0,0,0,0.999999,logprobs,Novita
8536,-5,-27,0,0,0,3e-06,0.999998,logprobs,Novita
8537,-5,-25,0,0,0,2e-06,0.999999,logprobs,Novita
8538,-5,-23,0,0,1,0.999987,0.999998,logprobs,Novita
8539,-5,-21,0,0,0,2e-06,0.999996,logprobs,Novita
8540,-5,-19,0,0,0,3e-06,0.999998,logprobs,Novita
8541,-5,-17,0,0,0,2e-06,0.999998,logprobs,Novita
8542,-5,-15,0,0,0,5e-06,0.999994,logprobs,Novita
8543,-5,-13,0,0,0,8e-06,0.999998,logprobs,Novita
8544,-5,-11,0,0,0,1e-06,0.999997,logprobs,Novita
8545,-5,-9,0,0,0,7e-06,0.999996,logprobs,Novita
8546,-5,-7,0,0,0,3.5e-05,0.999997,logprobs,Novita
8547,-5,-5,0,0,0,3e-06,0.999994,logprobs,Novita
8548,-5,-3,0,0,0,3.1e-05,0.999985,logprobs,Novita
8549,-5,-1,0,0,0,1.5e-05,0.999993,logprobs,Novita
8550,-5,1,0,0,0,2.1e-05,0.999992,logprobs,Novita
8551,-5,3,0,0,0,3e-06,0.999998,logprobs,Novita
8552,-5,5,0,0,0,6e-06,0.999997,logprobs,Novita
8553,-5,7,0,0,0,4e-06,0.999998,logprobs,Novita
8554,-5,9,0,0,0,1e-05,0.999994,logprobs,Novita
8555,-5,11,0,0,0,,,text,Novita
8556,-5,13,1,1,0,,,text,Novita
8557,-5,15,1,1,0,3e-06,0.999998,logprobs,Novita
8558,-5,17,1,1,1,0.99999,0.999994,logprobs,Novita
8559,-5,19,1,1,0,0,0.999997,logprobs,Novita
8560,-5,21,1,1,1,0.99999,0.999995,logprobs,Novita
8561,-5,23,1,1,1,0.999981,0.999996,logprobs,Novita
8562,-5,25,1,1,0,9e-06,0.999995,logprobs,Novita
8563,-5,27,1,1,0,1.9e-05,0.999995,logprobs,Novita
8564,-5,29,1,1,1,0.999925,0.999997,logprobs,Novita
8565,-5,31,1,1,0,0,0.999999,logprobs,Novita
8566,-5,33,1,1,0,3e-06,0.999998,logprobs,Novita
8567,-5,35,1,1,0,2.4e-05,0.999988,logprobs,Novita
8568,-5,37,1,1,0,4e-05,0.999994,logprobs,Novita
8569,-5,39,1,1,0,1e-06,0.999998,logprobs,Novita
8570,-5,41,0,0,0,1e-06,0.999998,logprobs,Novita
8571,-5,43,0,0,1,0.987569,0.999946,logprobs,Novita
8572,-5,45,0,0,0,0,0.999999,logprobs,Novita
8573,-5,47,0,0,0,1e-06,0.999995,logprobs,Novita
8574,-5,49,0,0,0,,,text,Novita
8575,-5,51,0,0,0,1e-06,0.999998,logprobs,Novita
8576,-5,53,0,0,1,0.998299,0.999979,logprobs,Novita
8577,-5,55,0,0,1,0.999997,0.999997,logprobs,Novita
8578,-5,57,0,0,1,0.999976,0.999997,logprobs,Novita
8579,-5,59,0,0,1,,,text,Novita
8580,-5,61,0,0,1,0.999981,0.999998,logprobs,Novita
8581,-5,63,0,0,0,2.1e-05,0.999998,logprobs,Novita
8582,-5,65,0,0,1,0.999999,0.999998,logprobs,Novita
8583,-5,67,0,0,0,,,text,Novita
8584,-5,69,0,0,0,,,text,Novita
8585,-5,71,0,0,0,2e-06,0.999998,logprobs,Novita
8586,-5,73,0,0,0,2e-06,0.999999,logprobs,Novita
8587,-5,75,0,0,0,2e-06,0.999995,logprobs,Novita
8588,-5,77,0,0,0,1e-06,0.999998,logprobs,Novita
8589,-5,79,0,0,0,0,0.999999,logprobs,Novita
8590,-5,81,0,0,0,,,text,Novita
8591,-5,83,0,0,0,,,text,Novita
8592,-5,85,0,0,0,,,text,Novita
8593,-5,87,0,0,0,,,text,Novita
8594,-5,89,0,0,0,,,text,Novita
8595,-5,91,0,0,0,1e-06,0.999999,logprobs,Novita
8596,-5,93,0,0,1,0.999842,0.999997,logprobs,Novita
8597,-5,95,0,0,0,0.000203,0.999981,logprobs,Novita
8598,-5,97,0,0,1,0.998831,0.999994,logprobs,Novita
8599,-5,99,0,0,0,,,text,Novita
8600,-5,101,0,0,1,0.999904,0.999997,logprobs,Novita
8601,-5,103,0,0,0,0,0.999997,logprobs,Novita
8602,-5,105,1,1,1,0.999949,0.999997,logprobs,Novita
8603,-5,107,0,0,0,0,0.999999,logprobs,Novita
8604,-5,109,0,0,1,,,text,Novita
8605,-5,111,0,0,0,2e-06,0.999995,logprobs,Novita
8606,-5,113,0,0,0,5.1e-05,0.999992,logprobs,Novita
8607,-5,115,0,0,1,0.999998,0.999999,logprobs,Novita
8608,-5,117,0,0,1,0.996407,0.999982,logprobs,Novita
8609,-5,119,0,0,0,3e-06,0.999998,logprobs,Novita
8610,-5,121,0,0,0,2.4e-05,0.999998,logprobs,Novita
8611,-5,123,0,0,0,1e-06,0.999998,logprobs,Novita
8612,-5,125,0,0,1,0.999983,0.999998,logprobs,Novita
8613,-5,127,0,0,0,0,0.999999,logprobs,Novita
8614,-5,129,0,0,0,7.5e-05,0.999982,logprobs,Novita
8615,-5,131,0,0,0,5e-06,0.999997,logprobs,Novita
8616,-5,133,0,0,1,0.999983,0.999999,logprobs,Novita
8617,-5,135,0,0,1,0.999447,0.999979,logprobs,Novita
8618,-5,137,0,0,0,0,0.999999,logprobs,Novita
8619,-5,139,1,1,1,,,text,Novita
8620,-5,141,1,1,1,,,text,Novita
8621,-5,143,1,1,0,0,1,logprobs,Novita
8622,-5,145,1,1,0,3e-06,0.999997,logprobs,Novita
8623,-5,147,0,0,1,0.999972,0.999996,logprobs,Novita
8624,-5,149,0,0,0,,,text,Novita
8625,-5,151,0,0,0,1.3e-05,0.999998,logprobs,Novita
8626,-5,153,0,0,0,3e-06,0.999996,logprobs,Novita
8627,-5,155,0,0,0,3.5e-05,0.999996,logprobs,Novita
8628,-5,157,0,0,1,0.999877,0.999989,logprobs,Novita
8629,-5,159,0,0,0,1e-06,0.999999,logprobs,Novita
8630,-5,161,0,0,0,0.00014,0.999993,logprobs,Novita
8631,-5,163,0,0,0,1e-06,1,logprobs,Novita
8632,-5,165,0,0,1,0.999972,0.999993,logprobs,Novita
8633,-5,167,0,0,1,,,text,Novita
8634,-5,169,0,0,0,5e-06,0.999996,logprobs,Novita
8635,-5,171,0,0,0,0.348772,0.999418,logprobs,Novita
8636,-5,173,0,0,0,3.5e-05,0.999995,logprobs,Novita
8637,-5,175,0,0,0,4e-06,0.999996,logprobs,Novita
8638,-5,177,0,0,0,5e-06,0.999999,logprobs,Novita
8639,-5,179,0,0,0,3e-06,0.999998,logprobs,Novita
8640,-7,-179,0,0,0,1e-06,0.999997,logprobs,Novita
8641,-7,-177,0,0,0,0,1,logprobs,Novita
8642,-7,-175,0,0,0,1.5e-05,0.999996,logprobs,Novita
8643,-7,-173,0,0,0,1e-06,0.999998,logprobs,Novita
8644,-7,-171,0,0,0,,,text,Novita
8645,-7,-169,0,0,0,4e-05,0.999996,logprobs,Novita
8646,-7,-167,0,0,0,,,text,Novita
8647,-7,-165,0,0,0,1e-06,0.999997,logprobs,Novita
8648,-7,-163,0,0,0,1e-06,0.999996,logprobs,Novita
8649,-7,-161,0,0,0,0,0.999998,logprobs,Novita
8650,-7,-159,0,0,0,1.1e-05,0.999987,logprobs,Novita
8651,-7,-157,0,0,0,0,0.999998,logprobs,Novita
8652,-7,-155,0,0,0,1e-06,0.999998,logprobs,Novita
8653,-7,-153,0,0,0,1e-06,0.999999,logprobs,Novita
8654,-7,-151,0,0,0,1e-06,0.999999,logprobs,Novita
8655,-7,-149,0,0,0,1e-06,0.999994,logprobs,Novita
8656,-7,-147,0,0,0,0,0.999996,logprobs,Novita
8657,-7,-145,0,0,0,0,0.999998,logprobs,Novita
8658,-7,-143,0,0,0,1.3e-05,0.999999,logprobs,Novita
8659,-7,-141,0,0,0,1e-06,0.999996,logprobs,Novita
8660,-7,-139,0,0,0,3e-06,0.999992,logprobs,Novita
8661,-7,-137,0,0,0,4e-06,0.999997,logprobs,Novita
8662,-7,-135,0,0,0,5.1e-05,0.999993,logprobs,Novita
8663,-7,-133,0,0,0,,,text,Novita
8664,-7,-131,0,0,0,,,text,Novita
8665,-7,-129,0,0,0,1e-05,0.999998,logprobs,Novita
8666,-7,-127,0,0,0,,,text,Novita
8667,-7,-125,0,0,0,2e-06,0.999997,logprobs,Novita
8668,-7,-123,0,0,0,8e-06,0.999996,logprobs,Novita
8669,-7,-121,0,0,0,1e-05,0.999996,logprobs,Novita
8670,-7,-119,0,0,0,,,text,Novita
8671,-7,-117,0,0,0,1e-05,0.999999,logprobs,Novita
8672,-7,-115,0,0,0,1.7e-05,0.999995,logprobs,Novita
8673,-7,-113,0,0,0,2e-06,0.999998,logprobs,Novita
8674,-7,-111,0,0,0,1e-06,0.999998,logprobs,Novita
8675,-7,-109,0,0,0,0,0.999999,logprobs,Novita
8676,-7,-107,0,0,0,3e-06,0.999991,logprobs,Novita
8677,-7,-105,0,0,0,1e-06,0.999998,logprobs,Novita
8678,-7,-103,0,0,0,4e-06,0.999996,logprobs,Novita
8679,-7,-101,0,0,0,0,1,logprobs,Novita
8680,-7,-99,0,0,0,1e-06,0.999991,logprobs,Novita
8681,-7,-97,0,0,0,7e-06,0.999999,logprobs,Novita
8682,-7,-95,0,0,0,1e-06,0.999996,logprobs,Novita
8683,-7,-93,0,0,1,0.998499,0.999986,logprobs,Novita
8684,-7,-91,0,0,0,4e-06,0.999998,logprobs,Novita
8685,-7,-89,0,0,0,2e-06,0.999996,logprobs,Novita
8686,-7,-87,0,0,0,1e-06,0.999998,logprobs,Novita
8687,-7,-85,0,0,0,2e-06,0.999997,logprobs,Novita
8688,-7,-83,0,0,1,0.999995,0.999998,logprobs,Novita
8689,-7,-81,0,0,0,,,text,Novita
8690,-7,-79,1,1,0,,,text,Novita
8691,-7,-77,1,1,1,0.999997,0.999996,logprobs,Novita
8692,-7,-75,1,1,0,1e-06,0.999998,logprobs,Novita
8693,-7,-73,1,1,0,1e-06,0.999999,logprobs,Novita
8694,-7,-71,1,1,1,,,text,Novita
8695,-7,-69,1,1,1,,,text,Novita
8696,-7,-67,1,1,1,0.999993,0.999998,logprobs,Novita
8697,-7,-65,1,1,0,3.5e-05,0.999988,logprobs,Novita
8698,-7,-63,1,1,1,,,text,Novita
8699,-7,-61,1,1,1,,,text,Novita
8700,-7,-59,1,1,1,0.999512,0.999987,logprobs,Novita
8701,-7,-57,1,1,1,0.998968,0.999984,logprobs,Novita
8702,-7,-55,1,1,1,0.999797,0.999988,logprobs,Novita
8703,-7,-53,1,1,0,2e-06,0.999993,logprobs,Novita
8704,-7,-51,1,1,1,0.999995,0.999997,logprobs,Novita
8705,-7,-49,1,1,0,3e-06,0.999999,logprobs,Novita
8706,-7,-47,1,1,1,,,text,Novita
8707,-7,-45,1,1,1,0.999739,0.999994,logprobs,Novita
8708,-7,-43,1,1,0,1e-06,0.999999,logprobs,Novita
8709,-7,-41,1,1,0,1e-06,0.999998,logprobs,Novita
8710,-7,-39,1,1,0,0,0.999999,logprobs,Novita
8711,-7,-37,1,1,0,2.1e-05,0.999993,logprobs,Novita
8712,-7,-35,1,1,1,0.999998,0.999998,logprobs,Novita
8713,-7,-33,0,0,0,1.1e-05,0.999994,logprobs,Novita
8714,-7,-31,0,0,0,,,text,Novita
8715,-7,-29,0,0,0,,,text,Novita
8716,-7,-27,0,0,0,0,0.999999,logprobs,Novita
8717,-7,-25,0,0,0,1e-06,0.999999,logprobs,Novita
8718,-7,-23,0,0,0,3e-06,0.999998,logprobs,Novita
8719,-7,-21,0,0,0,1e-06,0.999999,logprobs,Novita
8720,-7,-19,0,0,0,1e-06,0.999999,logprobs,Novita
8721,-7,-17,0,0,0,0,1,logprobs,Novita
8722,-7,-15,0,0,0,,,text,Novita
8723,-7,-13,0,0,0,1e-06,0.999999,logprobs,Novita
8724,-7,-11,0,0,0,,,text,Novita
8725,-7,-9,0,0,0,1e-06,0.999999,logprobs,Novita
8726,-7,-7,0,0,0,,,text,Novita
8727,-7,-5,0,0,0,1.9e-05,0.999987,logprobs,Novita
8728,-7,-3,0,0,0,4e-06,0.999997,logprobs,Novita
8729,-7,-1,0,0,0,8e-06,0.999997,logprobs,Novita
8730,-7,1,0,0,0,1e-06,0.999999,logprobs,Novita
8731,-7,3,0,0,0,1.9e-05,0.999988,logprobs,Novita
8732,-7,5,0,0,0,1e-06,0.999998,logprobs,Novita
8733,-7,7,0,0,0,0,1,logprobs,Novita
8734,-7,9,0,0,0,1e-06,0.999999,logprobs,Novita
8735,-7,11,0,0,0,2e-06,0.999999,logprobs,Novita
8736,-7,13,1,1,0,3.5e-05,0.999997,logprobs,Novita
8737,-7,15,1,1,1,,,text,Novita
8738,-7,17,1,1,0,3e-06,0.999998,logprobs,Novita
8739,-7,19,1,1,0,1.9e-05,0.999996,logprobs,Novita
8740,-7,21,1,1,0,3e-06,0.999999,logprobs,Novita
8741,-7,23,1,1,1,0.999904,0.999994,logprobs,Novita
8742,-7,25,1,1,1,,,text,Novita
8743,-7,27,1,1,1,0.999447,0.999988,logprobs,Novita
8744,-7,29,1,1,0,2e-06,0.999998,logprobs,Novita
8745,-7,31,1,1,0,,,text,Novita
8746,-7,33,1,1,0,1e-06,0.999999,logprobs,Novita
8747,-7,35,1,1,0,3e-06,0.999999,logprobs,Novita
8748,-7,37,1,1,0,1e-06,0.999999,logprobs,Novita
8749,-7,39,1,1,1,0.999934,0.999994,logprobs,Novita
8750,-7,41,0,0,0,2e-06,0.999999,logprobs,Novita
8751,-7,43,0,0,0,2e-06,0.999999,logprobs,Novita
8752,-7,45,0,0,0,0,0.999994,logprobs,Novita
8753,-7,47,0,0,0,,,text,Novita
8754,-7,49,0,0,0,3e-06,0.999995,logprobs,Novita
8755,-7,51,0,0,0,2e-06,0.999998,logprobs,Novita
8756,-7,53,0,0,0,5.8e-05,0.999995,logprobs,Novita
8757,-7,55,0,0,0,1.9e-05,0.999998,logprobs,Novita
8758,-7,57,0,0,0,,,text,Novita
8759,-7,59,0,0,0,8e-06,0.999996,logprobs,Novita
8760,-7,61,0,0,0,1e-06,0.999998,logprobs,Novita
8761,-7,63,0,0,0,1.7e-05,0.999995,logprobs,Novita
8762,-7,65,0,0,0,3e-06,0.999999,logprobs,Novita
8763,-7,67,0,0,0,1e-06,0.999999,logprobs,Novita
8764,-7,69,0,0,0,0,0.999999,logprobs,Novita
8765,-7,71,0,0,0,4e-06,0.999999,logprobs,Novita
8766,-7,73,0,0,0,2e-06,0.999999,logprobs,Novita
8767,-7,75,0,0,0,,,text,Novita
8768,-7,77,0,0,0,1e-06,1,logprobs,Novita
8769,-7,79,0,0,0,1e-06,0.999999,logprobs,Novita
8770,-7,81,0,0,0,1e-05,0.999998,logprobs,Novita
8771,-7,83,0,0,0,0,1,logprobs,Novita
8772,-7,85,0,0,0,4e-06,0.999998,logprobs,Novita
8773,-7,87,0,0,0,6.6e-05,0.999997,logprobs,Novita
8774,-7,89,0,0,0,3e-06,0.999996,logprobs,Novita
8775,-7,91,0,0,0,1e-06,0.999999,logprobs,Novita
8776,-7,93,0,0,1,0.999797,0.999979,logprobs,Novita
8777,-7,95,0,0,0,,,text,Novita
8778,-7,97,0,0,1,0.999955,0.999999,logprobs,Novita
8779,-7,99,0,0,1,0.999965,0.999998,logprobs,Novita
8780,-7,101,0,0,0,,,text,Novita
8781,-7,103,0,0,0,,,text,Novita
8782,-7,105,0,0,0,2.4e-05,0.999991,logprobs,Novita
8783,-7,107,1,1,1,,,text,Novita
8784,-7,109,1,1,0,,,text,Novita
8785,-7,111,1,1,0,1e-06,0.999999,logprobs,Novita
8786,-7,113,1,1,0,3.1e-05,0.999997,logprobs,Novita
8787,-7,115,0,0,0,,,text,Novita
8788,-7,117,0,0,0,2e-06,0.999998,logprobs,Novita
8789,-7,119,0,0,0,1e-06,0.999999,logprobs,Novita
8790,-7,121,0,0,1,0.999891,0.999997,logprobs,Novita
8791,-7,123,0,0,0,0.00014,0.999985,logprobs,Novita
8792,-7,125,0,0,0,9e-06,0.999992,logprobs,Novita
8793,-7,127,0,0,1,0.999925,0.999984,logprobs,Novita
8794,-7,129,0,0,1,0.999969,0.999985,logprobs,Novita
8795,-7,131,0,0,0,1.9e-05,0.999998,logprobs,Novita
8796,-7,133,0,0,0,1e-06,0.999999,logprobs,Novita
8797,-7,135,0,0,1,0.999994,0.999999,logprobs,Novita
8798,-7,137,0,0,1,0.999842,0.999994,logprobs,Novita
8799,-7,139,1,1,1,0.999769,0.999992,logprobs,Novita
8800,-7,141,1,1,1,0.999989,0.999996,logprobs,Novita
8801,-7,143,1,1,0,4e-06,0.999997,logprobs,Novita
8802,-7,145,1,1,0,,,text,Novita
8803,-7,147,0,0,1,0.999998,0.999999,logprobs,Novita
8804,-7,149,0,0,0,2.8e-05,0.999995,logprobs,Novita
8805,-7,151,0,0,0,0,0.999992,logprobs,Novita
8806,-7,153,0,0,0,1e-06,0.999999,logprobs,Novita
8807,-7,155,0,0,0,1.1e-05,0.999997,logprobs,Novita
8808,-7,157,1,1,0,1.7e-05,0.999997,logprobs,Novita
8809,-7,159,0,0,0,1e-05,0.999998,logprobs,Novita
8810,-7,161,0,0,0,,,text,Novita
8811,-7,163,0,0,0,7e-06,0.999995,logprobs,Novita
8812,-7,165,0,0,0,3e-06,0.999999,logprobs,Novita
8813,-7,167,0,0,0,1e-06,0.999998,logprobs,Novita
8814,-7,169,0,0,0,1e-06,0.999999,logprobs,Novita
8815,-7,171,0,0,0,1.9e-05,0.999997,logprobs,Novita
8816,-7,173,0,0,0,,,text,Novita
8817,-7,175,0,0,0,6e-06,0.999997,logprobs,Novita
8818,-7,177,0,0,0,2e-06,0.999999,logprobs,Novita
8819,-7,179,0,0,0,3e-06,0.999999,logprobs,Novita
8820,-9,-179,0,0,0,1e-06,0.999999,logprobs,Novita
8821,-9,-177,0,0,0,2e-06,0.999999,logprobs,Novita
8822,-9,-175,0,0,0,3e-06,0.999992,logprobs,Novita
8823,-9,-173,0,0,0,0,1,logprobs,Novita
8824,-9,-171,0,0,0,7e-06,0.999993,logprobs,Novita
8825,-9,-169,0,0,0,,,text,Novita
8826,-9,-167,0,0,0,,,text,Novita
8827,-9,-165,0,0,0,5e-06,0.999997,logprobs,Novita
8828,-9,-163,0,0,0,3e-06,0.999995,logprobs,Novita
8829,-9,-161,0,0,0,0,0.999999,logprobs,Novita
8830,-9,-159,0,0,0,1.5e-05,0.999992,logprobs,Novita
8831,-9,-157,0,0,0,,,text,Novita
8832,-9,-155,0,0,0,2.4e-05,0.999992,logprobs,Novita
8833,-9,-153,0,0,0,,,text,Novita
8834,-9,-151,0,0,0,0,0.999999,logprobs,Novita
8835,-9,-149,0,0,0,,,text,Novita
8836,-9,-147,0,0,0,,,text,Novita
8837,-9,-145,0,0,0,2.4e-05,0.999997,logprobs,Novita
8838,-9,-143,0,0,0,0,0.999999,logprobs,Novita
8839,-9,-141,0,0,0,9e-06,0.999997,logprobs,Novita
8840,-9,-139,0,0,0,2.4e-05,0.999975,logprobs,Novita
8841,-9,-137,0,0,0,2e-06,0.999999,logprobs,Novita
8842,-9,-135,0,0,0,1e-05,0.999997,logprobs,Novita
8843,-9,-133,0,0,0,,,text,Novita
8844,-9,-131,0,0,0,1e-06,0.999998,logprobs,Novita
8845,-9,-129,0,0,0,,,text,Novita
8846,-9,-127,0,0,0,5e-06,0.999998,logprobs,Novita
8847,-9,-125,0,0,0,2e-06,0.999997,logprobs,Novita
8848,-9,-123,0,0,0,3e-06,0.999991,logprobs,Novita
8849,-9,-121,0,0,0,4e-06,0.999997,logprobs,Novita
8850,-9,-119,0,0,0,0,0.999999,logprobs,Novita
8851,-9,-117,0,0,0,,,text,Novita
8852,-9,-115,0,0,0,1e-06,1,logprobs,Novita
8853,-9,-113,0,0,0,,,text,Novita
8854,-9,-111,0,0,0,3e-06,0.999998,logprobs,Novita
8855,-9,-109,0,0,1,,,text,Novita
8856,-9,-107,0,0,0,4.5e-05,0.999995,logprobs,Novita
8857,-9,-105,0,0,0,4.5e-05,0.999994,logprobs,Novita
8858,-9,-103,0,0,0,1.7e-05,0.999994,logprobs,Novita
8859,-9,-101,0,0,0,,,text,Novita
8860,-9,-99,0,0,1,0.99996,0.999997,logprobs,Novita
8861,-9,-97,0,0,0,,,text,Novita
8862,-9,-95,0,0,0,1.5e-05,0.999994,logprobs,Novita
8863,-9,-93,0,0,0,2e-06,0.999998,logprobs,Novita
8864,-9,-91,0,0,0,3e-06,0.999999,logprobs,Novita
8865,-9,-89,0,0,0,8.5e-05,0.999988,logprobs,Novita
8866,-9,-87,0,0,0,4e-05,0.999979,logprobs,Novita
8867,-9,-85,0,0,0,4.5e-05,0.999997,logprobs,Novita
8868,-9,-83,0,0,1,0.99986,0.999997,logprobs,Novita
8869,-9,-81,0,0,0,,,text,Novita
8870,-9,-79,0,0,0,1.3e-05,0.999995,logprobs,Novita
8871,-9,-77,1,1,0,,,text,Novita
8872,-9,-75,1,1,0,5e-06,0.999992,logprobs,Novita
8873,-9,-73,1,1,0,0.000123,0.99999,logprobs,Novita
8874,-9,-71,1,1,1,0.999998,0.999996,logprobs,Novita
8875,-9,-69,1,1,1,0.999983,0.999999,logprobs,Novita
8876,-9,-67,1,1,1,0.999891,0.999996,logprobs,Novita
8877,-9,-65,1,1,1,0.999942,0.999988,logprobs,Novita
8878,-9,-63,1,1,1,0.999374,0.999993,logprobs,Novita
8879,-9,-61,1,1,1,,,text,Novita
8880,-9,-59,1,1,1,0.999972,0.999998,logprobs,Novita
8881,-9,-57,1,1,1,0.999981,0.999997,logprobs,Novita
8882,-9,-55,1,1,1,0.999979,0.999995,logprobs,Novita
8883,-9,-53,1,1,1,0.999996,0.999992,logprobs,Novita
8884,-9,-51,1,1,1,,,text,Novita
8885,-9,-49,1,1,1,,,text,Novita
8886,-9,-47,1,1,1,0.999996,0.999998,logprobs,Novita
8887,-9,-45,1,1,1,0.999877,0.999996,logprobs,Novita
8888,-9,-43,1,1,0,1e-06,0.999998,logprobs,Novita
8889,-9,-41,1,1,0,0,0.999999,logprobs,Novita
8890,-9,-39,1,1,0,5.1e-05,0.999992,logprobs,Novita
8891,-9,-37,1,1,0,0,0.999999,logprobs,Novita
8892,-9,-35,0,0,0,2e-06,0.999997,logprobs,Novita
8893,-9,-33,0,0,0,,,text,Novita
8894,-9,-31,0,0,0,2.1e-05,0.999992,logprobs,Novita
8895,-9,-29,0,0,0,,,text,Novita
8896,-9,-27,0,0,0,4e-06,0.999995,logprobs,Novita
8897,-9,-25,0,0,0,1.9e-05,0.999996,logprobs,Novita
8898,-9,-23,0,0,0,,,text,Novita
8899,-9,-21,0,0,0,1.7e-05,0.999992,logprobs,Novita
8900,-9,-19,0,0,0,1e-06,0.999998,logprobs,Novita
8901,-9,-17,0,0,0,5e-06,0.999995,logprobs,Novita
8902,-9,-15,0,0,0,1e-06,0.999999,logprobs,Novita
8903,-9,-13,0,0,0,,,text,Novita
8904,-9,-11,0,0,0,0,1,logprobs,Novita
8905,-9,-9,0,0,0,,,text,Novita
8906,-9,-7,0,0,0,2e-06,0.999998,logprobs,Novita
8907,-9,-5,0,0,0,4e-06,0.999997,logprobs,Novita
8908,-9,-3,0,0,0,1.1e-05,0.999998,logprobs,Novita
8909,-9,-1,0,0,0,9e-06,0.999997,logprobs,Novita
8910,-9,1,0,0,0,0,0.999999,logprobs,Novita
8911,-9,3,0,0,0,1e-06,0.999997,logprobs,Novita
8912,-9,5,0,0,0,4.5e-05,0.999995,logprobs,Novita
8913,-9,7,0,0,0,1e-06,0.999999,logprobs,Novita
8914,-9,9,0,0,0,1e-06,0.999995,logprobs,Novita
8915,-9,11,0,0,0,1.5e-05,0.999997,logprobs,Novita
8916,-9,13,0,0,0,0,0.999999,logprobs,Novita
8917,-9,15,1,1,0,1e-06,0.999999,logprobs,Novita
8918,-9,17,1,1,0,1e-06,0.999999,logprobs,Novita
8919,-9,19,1,1,0,4e-06,0.999998,logprobs,Novita
8920,-9,21,1,1,0,7e-06,0.999996,logprobs,Novita
8921,-9,23,1,1,0,1e-06,0.999999,logprobs,Novita
8922,-9,25,1,1,0,8e-06,0.999998,logprobs,Novita
8923,-9,27,1,1,0,,,text,Novita
8924,-9,29,1,1,0,3e-06,0.999999,logprobs,Novita
8925,-9,31,1,1,0,2e-06,0.999999,logprobs,Novita
8926,-9,33,1,1,0,5e-06,0.999998,logprobs,Novita
8927,-9,35,1,1,0,2e-06,0.999997,logprobs,Novita
8928,-9,37,1,1,0,4e-06,0.999997,logprobs,Novita
8929,-9,39,1,1,0,,,text,Novita
8930,-9,41,0,0,0,,,text,Novita
8931,-9,43,0,0,0,1e-06,0.999995,logprobs,Novita
8932,-9,45,0,0,0,,,text,Novita
8933,-9,47,0,0,0,2e-06,0.999999,logprobs,Novita
8934,-9,49,0,0,0,1e-06,0.999998,logprobs,Novita
8935,-9,51,0,0,0,2e-06,0.999999,logprobs,Novita
8936,-9,53,0,0,0,2e-06,0.999999,logprobs,Novita
8937,-9,55,0,0,1,0.999904,0.999995,logprobs,Novita
8938,-9,57,0,0,0,1.9e-05,0.999993,logprobs,Novita
8939,-9,59,0,0,0,7e-06,0.999997,logprobs,Novita
8940,-9,61,0,0,0,5e-06,0.999998,logprobs,Novita
8941,-9,63,0,0,0,4.5e-05,0.999992,logprobs,Novita
8942,-9,65,0,0,0,1e-06,1,logprobs,Novita
8943,-9,67,0,0,0,5e-06,0.999996,logprobs,Novita
8944,-9,69,0,0,0,7e-06,0.99999,logprobs,Novita
8945,-9,71,0,0,0,2.4e-05,0.999993,logprobs,Novita
8946,-9,73,0,0,0,2.1e-05,0.999997,logprobs,Novita
8947,-9,75,0,0,0,3e-06,0.999995,logprobs,Novita
8948,-9,77,0,0,0,3e-06,0.999998,logprobs,Novita
8949,-9,79,0,0,0,1e-05,0.999998,logprobs,Novita
8950,-9,81,0,0,0,0.000109,0.999992,logprobs,Novita
8951,-9,83,0,0,0,5e-06,0.999999,logprobs,Novita
8952,-9,85,0,0,0,3e-06,0.999999,logprobs,Novita
8953,-9,87,0,0,0,,,text,Novita
8954,-9,89,0,0,0,,,text,Novita
8955,-9,91,0,0,0,,,text,Novita
8956,-9,93,0,0,0,7e-06,0.999995,logprobs,Novita
8957,-9,95,0,0,1,0.997199,0.999979,logprobs,Novita
8958,-9,97,0,0,0,,,text,Novita
8959,-9,99,0,0,0,5e-06,0.999997,logprobs,Novita
8960,-9,101,0,0,0,2.4e-05,0.999996,logprobs,Novita
8961,-9,103,0,0,0,1e-06,0.999999,logprobs,Novita
8962,-9,105,0,0,0,,,text,Novita
8963,-9,107,0,0,0,8e-06,0.999995,logprobs,Novita
8964,-9,109,0,0,1,0.999915,0.999993,logprobs,Novita
8965,-9,111,0,0,1,0.999994,0.999999,logprobs,Novita
8966,-9,113,0,0,0,3.1e-05,0.99999,logprobs,Novita
8967,-9,115,0,0,1,0.999999,0.999999,logprobs,Novita
8968,-9,117,1,1,0,3e-06,0.999995,logprobs,Novita
8969,-9,119,0,0,0,1.5e-05,0.999998,logprobs,Novita
8970,-9,121,0,0,0,1e-06,0.999999,logprobs,Novita
8971,-9,123,0,0,0,,,text,Novita
8972,-9,125,1,1,0,,,text,Novita
8973,-9,127,0,0,1,0.999969,0.999995,logprobs,Novita
8974,-9,129,0,0,0,8.5e-05,0.999994,logprobs,Novita
8975,-9,131,0,0,0,0,0.999999,logprobs,Novita
8976,-9,133,0,0,0,0,0.999998,logprobs,Novita
8977,-9,135,0,0,0,1e-06,0.999998,logprobs,Novita
8978,-9,137,0,0,0,4e-06,0.999997,logprobs,Novita
8979,-9,139,0,0,0,3.1e-05,0.999993,logprobs,Novita
8980,-9,141,1,1,0,9e-06,0.999997,logprobs,Novita
8981,-9,143,1,1,0,0,0.999998,logprobs,Novita
8982,-9,145,0,0,0,,,text,Novita
8983,-9,147,1,1,0,1.5e-05,0.999988,logprobs,Novita
8984,-9,149,0,0,0,0.042112,0.999856,logprobs,Novita
8985,-9,151,0,0,0,1e-06,0.999998,logprobs,Novita
8986,-9,153,0,0,0,2e-06,0.999998,logprobs,Novita
8987,-9,155,0,0,0,2e-06,0.999999,logprobs,Novita
8988,-9,157,0,0,0,6e-06,0.999995,logprobs,Novita
8989,-9,159,0,0,0,8e-06,0.999997,logprobs,Novita
8990,-9,161,1,1,0,5e-06,0.999997,logprobs,Novita
8991,-9,163,0,0,0,0,0.999999,logprobs,Novita
8992,-9,165,0,0,0,8e-06,0.999994,logprobs,Novita
8993,-9,167,0,0,0,1e-06,0.999999,logprobs,Novita
8994,-9,169,0,0,0,5e-06,0.999998,logprobs,Novita
8995,-9,171,0,0,0,0,0.999999,logprobs,Novita
8996,-9,173,0,0,0,3e-06,0.999999,logprobs,Novita
8997,-9,175,0,0,0,0.000109,0.99999,logprobs,Novita
8998,-9,177,0,0,0,6e-06,0.999999,logprobs,Novita
8999,-9,179,0,0,0,3e-06,0.999997,logprobs,Novita
9000,-11,-179,0,0,0,4e-06,0.999995,logprobs,Novita
9001,-11,-177,0,0,0,,,text,Novita
9002,-11,-175,0,0,0,1e-05,0.999996,logprobs,Novita
9003,-11,-173,0,0,0,4e-06,0.999997,logprobs,Novita
9004,-11,-171,0,0,0,,,text,Novita
9005,-11,-169,0,0,0,3e-06,0.999998,logprobs,Novita
9006,-11,-167,0,0,0,,,text,Novita
9007,-11,-165,0,0,0,2.4e-05,0.999993,logprobs,Novita
9008,-11,-163,0,0,0,,,text,Novita
9009,-11,-161,0,0,0,4e-06,0.999996,logprobs,Novita
9010,-11,-159,0,0,0,0.000109,0.999984,logprobs,Novita
9011,-11,-157,0,0,0,,,text,Novita
9012,-11,-155,0,0,0,2.4e-05,0.999995,logprobs,Novita
9013,-11,-153,0,0,0,,,text,Novita
9014,-11,-151,0,0,0,2e-06,0.999998,logprobs,Novita
9015,-11,-149,0,0,0,1.3e-05,0.999995,logprobs,Novita
9016,-11,-147,0,0,0,0,0.999999,logprobs,Novita
9017,-11,-145,0,0,0,2.8e-05,0.999994,logprobs,Novita
9018,-11,-143,0,0,0,5e-06,0.999995,logprobs,Novita
9019,-11,-141,0,0,0,2e-06,0.999999,logprobs,Novita
9020,-11,-139,0,0,0,,,text,Novita
9021,-11,-137,0,0,0,2e-06,0.999998,logprobs,Novita
9022,-11,-135,0,0,0,4e-06,0.999995,logprobs,Novita
9023,-11,-133,0,0,0,8e-06,0.999997,logprobs,Novita
9024,-11,-131,0,0,0,1e-06,0.999999,logprobs,Novita
9025,-11,-129,0,0,0,9e-06,0.999999,logprobs,Novita
9026,-11,-127,0,0,0,2.8e-05,0.999995,logprobs,Novita
9027,-11,-125,0,0,0,0,0.999999,logprobs,Novita
9028,-11,-123,0,0,0,5e-06,0.999997,logprobs,Novita
9029,-11,-121,0,0,0,5e-06,0.999998,logprobs,Novita
9030,-11,-119,0,0,0,1e-06,0.999997,logprobs,Novita
9031,-11,-117,0,0,0,5.8e-05,0.999994,logprobs,Novita
9032,-11,-115,0,0,0,1e-06,0.999999,logprobs,Novita
9033,-11,-113,0,0,0,3e-06,0.999998,logprobs,Novita
9034,-11,-111,0,0,0,1e-06,0.999999,logprobs,Novita
9035,-11,-109,0,0,0,1e-06,0.999999,logprobs,Novita
9036,-11,-107,0,0,0,1e-06,0.999998,logprobs,Novita
9037,-11,-105,0,0,0,2e-06,0.999993,logprobs,Novita
9038,-11,-103,0,0,0,,,text,Novita
9039,-11,-101,0,0,0,4e-06,0.999994,logprobs,Novita
9040,-11,-99,0,0,0,0,1,logprobs,Novita
9041,-11,-97,0,0,0,3e-06,0.999994,logprobs,Novita
9042,-11,-95,0,0,0,8e-06,0.999993,logprobs,Novita
9043,-11,-93,0,0,0,0,0.999999,logprobs,Novita
9044,-11,-91,0,0,0,0,0.999999,logprobs,Novita
9045,-11,-89,0,0,0,,,text,Novita
9046,-11,-87,0,0,1,,,text,Novita
9047,-11,-85,0,0,0,3e-06,0.999996,logprobs,Novita
9048,-11,-83,0,0,1,0.999992,0.999999,logprobs,Novita
9049,-11,-81,0,0,0,5e-06,0.999998,logprobs,Novita
9050,-11,-79,0,0,1,,,text,Novita
9051,-11,-77,1,1,1,,,text,Novita
9052,-11,-75,1,1,1,,,text,Novita
9053,-11,-73,1,1,0,1e-05,0.999998,logprobs,Novita
9054,-11,-71,1,1,1,0.999993,0.999993,logprobs,Novita
9055,-11,-69,1,1,1,0.999997,0.999998,logprobs,Novita
9056,-11,-67,1,1,1,0.999447,0.99999,logprobs,Novita
9057,-11,-65,1,1,1,,,text,Novita
9058,-11,-63,1,1,1,0.999996,0.999999,logprobs,Novita
9059,-11,-61,1,1,1,0.999987,0.999992,logprobs,Novita
9060,-11,-59,1,1,1,0.999996,0.999999,logprobs,Novita
9061,-11,-57,1,1,1,,,text,Novita
9062,-11,-55,1,1,1,0.999972,0.999997,logprobs,Novita
9063,-11,-53,1,1,1,0.999985,0.999998,logprobs,Novita
9064,-11,-51,1,1,1,0.999995,0.999988,logprobs,Novita
9065,-11,-49,1,1,1,0.999969,0.999997,logprobs,Novita
9066,-11,-47,1,1,1,0.999993,0.999996,logprobs,Novita
9067,-11,-45,1,1,0,0,0.999998,logprobs,Novita
9068,-11,-43,1,0,0,1e-06,0.999998,logprobs,Novita
9069,-11,-41,1,1,0,,,text,Novita
9070,-11,-39,1,1,0,1e-06,0.999999,logprobs,Novita
9071,-11,-37,0,0,0,9e-06,0.99999,logprobs,Novita
9072,-11,-35,0,0,0,6e-06,0.999998,logprobs,Novita
9073,-11,-33,0,0,0,3e-06,0.999997,logprobs,Novita
9074,-11,-31,0,0,0,0,0.999999,logprobs,Novita
9075,-11,-29,0,0,0,6e-06,0.999997,logprobs,Novita
9076,-11,-27,0,0,0,3e-06,0.999998,logprobs,Novita
9077,-11,-25,0,0,0,5e-06,0.999993,logprobs,Novita
9078,-11,-23,0,0,0,,,text,Novita
9079,-11,-21,0,0,0,2e-06,0.999999,logprobs,Novita
9080,-11,-19,0,0,0,1e-06,0.999998,logprobs,Novita
9081,-11,-17,0,0,0,3e-06,0.999998,logprobs,Novita
9082,-11,-15,0,0,0,4e-06,0.999999,logprobs,Novita
9083,-11,-13,0,0,0,0,1,logprobs,Novita
9084,-11,-11,0,0,0,2e-06,0.999998,logprobs,Novita
9085,-11,-9,0,0,0,1e-06,0.999998,logprobs,Novita
9086,-11,-7,0,0,0,,,text,Novita
9087,-11,-5,0,0,0,1.3e-05,0.999993,logprobs,Novita
9088,-11,-3,0,0,0,,,text,Novita
9089,-11,-1,0,0,0,8e-06,0.999999,logprobs,Novita
9090,-11,1,0,0,0,1.3e-05,0.999995,logprobs,Novita
9091,-11,3,0,0,0,1.7e-05,0.999997,logprobs,Novita
9092,-11,5,0,0,0,0,0.999999,logprobs,Novita
9093,-11,7,0,0,0,3e-06,0.999997,logprobs,Novita
9094,-11,9,0,0,0,0,0.999999,logprobs,Novita
9095,-11,11,0,0,0,1e-06,0.999997,logprobs,Novita
9096,-11,13,0,0,0,3e-06,0.999993,logprobs,Novita
9097,-11,15,1,1,0,1e-06,0.999999,logprobs,Novita
9098,-11,17,1,1,1,0.999997,0.999998,logprobs,Novita
9099,-11,19,1,1,0,2e-06,0.999999,logprobs,Novita
9100,-11,21,1,1,0,3e-06,0.999997,logprobs,Novita
9101,-11,23,1,1,1,,,text,Novita
9102,-11,25,1,1,0,,,text,Novita
9103,-11,27,1,0,1,,,text,Novita
9104,-11,29,1,1,1,0.999949,0.999988,logprobs,Novita
9105,-11,31,1,1,1,0.999925,0.999997,logprobs,Novita
9106,-11,33,1,1,1,0.99986,0.999995,logprobs,Novita
9107,-11,35,1,1,0,2e-06,0.999999,logprobs,Novita
9108,-11,37,1,1,0,4e-06,0.999996,logprobs,Novita
9109,-11,39,1,1,0,5e-06,0.999997,logprobs,Novita
9110,-11,41,0,0,0,7e-06,0.999997,logprobs,Novita
9111,-11,43,0,0,1,,,text,Novita
9112,-11,45,0,0,0,1.3e-05,0.999993,logprobs,Novita
9113,-11,47,0,0,0,3e-06,0.999996,logprobs,Novita
9114,-11,49,0,0,0,,,text,Novita
9115,-11,51,0,0,0,5e-06,0.999999,logprobs,Novita
9116,-11,53,0,0,0,6e-06,0.999995,logprobs,Novita
9117,-11,55,0,0,0,0,1,logprobs,Novita
9118,-11,57,0,0,0,2.4e-05,0.999998,logprobs,Novita
9119,-11,59,0,0,0,3e-06,0.999999,logprobs,Novita
9120,-11,61,0,0,0,7e-06,0.999997,logprobs,Novita
9121,-11,63,0,0,0,3.1e-05,0.999997,logprobs,Novita
9122,-11,65,0,0,0,,,text,Novita
9123,-11,67,0,0,0,3e-06,0.999997,logprobs,Novita
9124,-11,69,0,0,0,2e-06,0.999999,logprobs,Novita
9125,-11,71,0,0,0,,,text,Novita
9126,-11,73,0,0,0,3e-06,0.999999,logprobs,Novita
9127,-11,75,0,0,0,1e-06,0.999998,logprobs,Novita
9128,-11,77,0,0,0,0,0.999998,logprobs,Novita
9129,-11,79,0,0,0,,,text,Novita
9130,-11,81,0,0,0,3e-06,0.999993,logprobs,Novita
9131,-11,83,0,0,0,2e-06,0.999999,logprobs,Novita
9132,-11,85,0,0,0,4e-06,0.999998,logprobs,Novita
9133,-11,87,0,0,0,0.000123,0.999987,logprobs,Novita
9134,-11,89,0,0,0,2e-06,0.999997,logprobs,Novita
9135,-11,91,0,0,0,1.5e-05,0.999997,logprobs,Novita
9136,-11,93,0,0,0,2e-06,0.999999,logprobs,Novita
9137,-11,95,0,0,0,,,text,Novita
9138,-11,97,0,0,0,4e-06,0.999997,logprobs,Novita
9139,-11,99,0,0,0,2e-06,0.999998,logprobs,Novita
9140,-11,101,0,0,1,0.998831,0.999987,logprobs,Novita
9141,-11,103,0,0,1,0.99929,0.99999,logprobs,Novita
9142,-11,105,0,0,0,1e-06,0.999997,logprobs,Novita
9143,-11,107,0,0,0,2.4e-05,0.999993,logprobs,Novita
9144,-11,109,0,0,1,0.999987,0.999995,logprobs,Novita
9145,-11,111,0,0,0,0,0.999999,logprobs,Novita
9146,-11,113,0,0,1,0.999842,0.999995,logprobs,Novita
9147,-11,115,0,0,0,1e-06,0.999997,logprobs,Novita
9148,-11,117,0,0,1,0.999569,0.999993,logprobs,Novita
9149,-11,119,0,0,1,0.999999,0.999998,logprobs,Novita
9150,-11,121,0,0,0,1e-06,0.999999,logprobs,Novita
9151,-11,123,0,0,1,0.999915,0.999986,logprobs,Novita
9152,-11,125,0,0,0,3.1e-05,0.999994,logprobs,Novita
9153,-11,127,0,0,0,2e-06,0.999998,logprobs,Novita
9154,-11,129,0,0,0,2e-06,0.999998,logprobs,Novita
9155,-11,131,0,0,0,,,text,Novita
9156,-11,133,0,0,0,,,text,Novita
9157,-11,135,0,0,0,1e-06,0.999999,logprobs,Novita
9158,-11,137,0,0,0,1e-06,0.999998,logprobs,Novita
9159,-11,139,0,0,0,1e-06,0.999999,logprobs,Novita
9160,-11,141,0,0,0,1e-06,0.999998,logprobs,Novita
9161,-11,143,0,0,1,0.999993,0.999967,logprobs,Novita
9162,-11,145,0,0,0,1e-06,0.999999,logprobs,Novita
9163,-11,147,0,0,0,0,0.999999,logprobs,Novita
9164,-11,149,0,0,0,3.5e-05,0.999995,logprobs,Novita
9165,-11,151,0,0,0,6.6e-05,0.999992,logprobs,Novita
9166,-11,153,0,0,0,1e-06,0.999998,logprobs,Novita
9167,-11,155,0,0,0,6.6e-05,0.999987,logprobs,Novita
9168,-11,157,0,0,0,0,1,logprobs,Novita
9169,-11,159,0,0,0,4e-06,0.999995,logprobs,Novita
9170,-11,161,0,0,1,0.999989,0.999992,logprobs,Novita
9171,-11,163,0,0,0,2e-06,0.999998,logprobs,Novita
9172,-11,165,0,0,0,1e-06,0.999997,logprobs,Novita
9173,-11,167,0,0,0,3e-06,0.999999,logprobs,Novita
9174,-11,169,0,0,0,4e-06,0.999998,logprobs,Novita
9175,-11,171,0,0,0,,,text,Novita
9176,-11,173,0,0,0,,,text,Novita
9177,-11,175,0,0,0,1e-05,0.999997,logprobs,Novita
9178,-11,177,0,0,0,1e-06,0.999998,logprobs,Novita
9179,-11,179,0,0,0,0.000159,0.99999,logprobs,Novita
9180,-13,-179,0,0,0,2e-06,0.999997,logprobs,Novita
9181,-13,-177,0,0,0,0,0.999999,logprobs,Novita
9182,-13,-175,0,0,0,4e-06,0.999999,logprobs,Novita
9183,-13,-173,0,0,0,,,text,Novita
9184,-13,-171,0,0,0,5e-06,0.999997,logprobs,Novita
9185,-13,-169,0,0,0,6e-06,0.999997,logprobs,Novita
9186,-13,-167,0,0,0,2e-06,0.999999,logprobs,Novita
9187,-13,-165,0,0,0,4e-06,0.999997,logprobs,Novita
9188,-13,-163,0,0,0,,,text,Novita
9189,-13,-161,0,0,0,1e-06,0.999999,logprobs,Novita
9190,-13,-159,0,0,0,,,text,Novita
9191,-13,-157,0,0,0,,,text,Novita
9192,-13,-155,0,0,0,1e-06,0.999999,logprobs,Novita
9193,-13,-153,0,0,0,6e-06,0.999989,logprobs,Novita
9194,-13,-151,0,0,0,0,0.999999,logprobs,Novita
9195,-13,-149,0,0,0,1e-06,0.999999,logprobs,Novita
9196,-13,-147,0,0,0,1e-06,0.999999,logprobs,Novita
9197,-13,-145,0,0,0,,,text,Novita
9198,-13,-143,0,0,0,1e-06,0.999999,logprobs,Novita
9199,-13,-141,0,0,0,1e-06,0.999998,logprobs,Novita
9200,-13,-139,0,0,0,5e-06,0.999997,logprobs,Novita
9201,-13,-137,0,0,0,0,0.999999,logprobs,Novita
9202,-13,-135,0,0,0,,,text,Novita
9203,-13,-133,0,0,0,1e-06,0.999999,logprobs,Novita
9204,-13,-131,0,0,0,1.7e-05,0.999987,logprobs,Novita
9205,-13,-129,0,0,0,1e-05,0.999997,logprobs,Novita
9206,-13,-127,0,0,0,,,text,Novita
9207,-13,-125,0,0,0,0,0.999997,logprobs,Novita
9208,-13,-123,0,0,0,5e-06,0.999995,logprobs,Novita
9209,-13,-121,0,0,0,4e-05,0.999995,logprobs,Novita
9210,-13,-119,0,0,0,9e-06,0.999994,logprobs,Novita
9211,-13,-117,0,0,0,1e-06,0.999997,logprobs,Novita
9212,-13,-115,0,0,0,1.7e-05,0.999985,logprobs,Novita
9213,-13,-113,0,0,0,4e-06,0.999998,logprobs,Novita
9214,-13,-111,0,0,0,0,0.999999,logprobs,Novita
9215,-13,-109,0,0,0,1e-06,0.999999,logprobs,Novita
9216,-13,-107,0,0,0,1e-06,0.999997,logprobs,Novita
9217,-13,-105,0,0,1,0.999569,0.999993,logprobs,Novita
9218,-13,-103,0,0,1,0.998073,0.999984,logprobs,Novita
9219,-13,-101,0,0,0,0,0.999993,logprobs,Novita
9220,-13,-99,0,0,0,1.5e-05,0.999987,logprobs,Novita
9221,-13,-97,0,0,0,1e-06,0.999999,logprobs,Novita
9222,-13,-95,0,0,0,,,text,Novita
9223,-13,-93,0,0,0,6e-06,0.999987,logprobs,Novita
9224,-13,-91,0,0,0,0,1,logprobs,Novita
9225,-13,-89,0,0,0,,,text,Novita
9226,-13,-87,0,0,0,1e-06,0.999999,logprobs,Novita
9227,-13,-85,0,0,0,3e-06,0.999997,logprobs,Novita
9228,-13,-83,0,0,1,,,text,Novita
9229,-13,-81,0,0,0,3e-06,0.999995,logprobs,Novita
9230,-13,-79,0,0,0,3.1e-05,0.999993,logprobs,Novita
9231,-13,-77,0,0,0,0,1,logprobs,Novita
9232,-13,-75,1,1,1,0.999997,0.999998,logprobs,Novita
9233,-13,-73,1,1,0,,,text,Novita
9234,-13,-71,1,1,1,0.999999,0.999992,logprobs,Novita
9235,-13,-69,1,1,1,0.999999,0.999999,logprobs,Novita
9236,-13,-67,1,1,1,0.999994,0.999998,logprobs,Novita
9237,-13,-65,1,1,1,,,text,Novita
9238,-13,-63,1,1,1,,,text,Novita
9239,-13,-61,1,1,1,0.999981,0.999997,logprobs,Novita
9240,-13,-59,1,1,1,0.999769,0.999986,logprobs,Novita
9241,-13,-57,1,1,1,0.999997,0.999999,logprobs,Novita
9242,-13,-55,1,1,1,0.999997,0.999997,logprobs,Novita
9243,-13,-53,1,1,1,,,text,Novita
9244,-13,-51,1,1,1,0.999979,0.999992,logprobs,Novita
9245,-13,-49,1,1,1,0.999739,0.999987,logprobs,Novita
9246,-13,-47,1,1,1,0.999949,0.999998,logprobs,Novita
9247,-13,-45,1,1,0,1e-06,0.999998,logprobs,Novita
9248,-13,-43,1,1,0,1e-06,0.999998,logprobs,Novita
9249,-13,-41,1,1,0,3e-06,0.999998,logprobs,Novita
9250,-13,-39,1,1,0,1e-06,0.999997,logprobs,Novita
9251,-13,-37,0,0,0,1.5e-05,0.999997,logprobs,Novita
9252,-13,-35,0,0,0,1e-06,0.999998,logprobs,Novita
9253,-13,-33,0,0,0,4e-06,0.999997,logprobs,Novita
9254,-13,-31,0,0,0,2e-06,0.999987,logprobs,Novita
9255,-13,-29,0,0,0,2e-06,0.999993,logprobs,Novita
9256,-13,-27,0,0,0,1e-06,0.999999,logprobs,Novita
9257,-13,-25,0,0,0,2e-06,0.999998,logprobs,Novita
9258,-13,-23,0,0,0,2e-06,0.999999,logprobs,Novita
9259,-13,-21,0,0,0,3e-06,0.999998,logprobs,Novita
9260,-13,-19,0,0,0,0,0.999999,logprobs,Novita
9261,-13,-17,0,0,0,,,text,Novita
9262,-13,-15,0,0,0,1.9e-05,0.999982,logprobs,Novita
9263,-13,-13,0,0,0,,,text,Novita
9264,-13,-11,0,0,0,2e-06,0.999999,logprobs,Novita
9265,-13,-9,0,0,0,0,0.999999,logprobs,Novita
9266,-13,-7,0,0,0,2e-06,0.999999,logprobs,Novita
9267,-13,-5,0,0,0,,,text,Novita
9268,-13,-3,0,0,0,1e-06,0.999997,logprobs,Novita
9269,-13,-1,0,0,0,1e-06,0.999999,logprobs,Novita
9270,-13,1,0,0,0,9e-06,0.999995,logprobs,Novita
9271,-13,3,0,0,0,,,text,Novita
9272,-13,5,0,0,0,6e-06,0.999999,logprobs,Novita
9273,-13,7,0,0,0,,,text,Novita
9274,-13,9,0,0,1,0.999704,0.999981,logprobs,Novita
9275,-13,11,0,0,0,2e-06,0.999998,logprobs,Novita
9276,-13,13,1,1,0,,,text,Novita
9277,-13,15,1,1,0,2e-06,0.999999,logprobs,Novita
9278,-13,17,1,1,1,0.999999,0.999999,logprobs,Novita
9279,-13,19,1,1,0,0,0.999999,logprobs,Novita
9280,-13,21,1,1,0,1e-06,0.999999,logprobs,Novita
9281,-13,23,1,1,1,,,text,Novita
9282,-13,25,1,1,1,0.999969,0.99999,logprobs,Novita
9283,-13,27,1,1,0,,,text,Novita
9284,-13,29,1,1,1,0.99478,0.999977,logprobs,Novita
9285,-13,31,1,1,1,1,0.999999,logprobs,Novita
9286,-13,33,1,1,0,5e-06,0.999998,logprobs,Novita
9287,-13,35,1,1,0,,,text,Novita
9288,-13,37,1,1,0,0,0.999999,logprobs,Novita
9289,-13,39,1,1,0,3e-06,0.999998,logprobs,Novita
9290,-13,41,0,0,0,1e-06,0.999999,logprobs,Novita
9291,-13,43,0,0,0,,,text,Novita
9292,-13,45,0,0,0,,,text,Novita
9293,-13,47,0,0,0,0,0.999999,logprobs,Novita
9294,-13,49,1,1,0,6e-06,0.999997,logprobs,Novita
9295,-13,51,0,0,0,8.5e-05,0.99999,logprobs,Novita
9296,-13,53,0,0,0,,,text,Novita
9297,-13,55,0,0,0,0,0.999999,logprobs,Novita
9298,-13,57,0,0,0,0,0.999999,logprobs,Novita
9299,-13,59,0,0,0,7.5e-05,0.999989,logprobs,Novita
9300,-13,61,0,0,0,,,text,Novita
9301,-13,63,0,0,0,,,text,Novita
9302,-13,65,0,0,0,5e-06,0.999998,logprobs,Novita
9303,-13,67,0,0,0,1.5e-05,0.999992,logprobs,Novita
9304,-13,69,0,0,0,2e-06,0.999999,logprobs,Novita
9305,-13,71,0,0,0,4e-06,0.999997,logprobs,Novita
9306,-13,73,0,0,0,5e-06,0.999998,logprobs,Novita
9307,-13,75,0,0,0,0,0.999998,logprobs,Novita
9308,-13,77,0,0,0,,,text,Novita
9309,-13,79,0,0,0,1e-06,0.999999,logprobs,Novita
9310,-13,81,0,0,0,1.3e-05,0.999997,logprobs,Novita
9311,-13,83,0,0,0,1e-06,1,logprobs,Novita
9312,-13,85,0,0,0,1.3e-05,0.999944,logprobs,Novita
9313,-13,87,0,0,0,,,text,Novita
9314,-13,89,0,0,0,3e-06,0.999989,logprobs,Novita
9315,-13,91,0,0,0,0,0.999999,logprobs,Novita
9316,-13,93,0,0,0,3e-06,0.999998,logprobs,Novita
9317,-13,95,0,0,0,2e-06,0.999998,logprobs,Novita
9318,-13,97,0,0,0,,,text,Novita
9319,-13,99,0,0,0,2e-06,0.999997,logprobs,Novita
9320,-13,101,0,0,1,0.999739,0.999986,logprobs,Novita
9321,-13,103,0,0,1,,,text,Novita
9322,-13,105,0,0,0,1e-06,0.999998,logprobs,Novita
9323,-13,107,0,0,1,0.999994,0.999999,logprobs,Novita
9324,-13,109,0,0,0,0.000203,0.999994,logprobs,Novita
9325,-13,111,0,0,0,0,0.999999,logprobs,Novita
9326,-13,113,0,0,0,3e-06,0.999997,logprobs,Novita
9327,-13,115,0,0,0,1.1e-05,0.999995,logprobs,Novita
9328,-13,117,0,0,0,6e-06,0.999997,logprobs,Novita
9329,-13,119,0,0,0,9.6e-05,0.999991,logprobs,Novita
9330,-13,121,0,0,0,7e-06,0.999996,logprobs,Novita
9331,-13,123,0,0,0,0,0.999999,logprobs,Novita
9332,-13,125,0,0,0,1e-06,0.999999,logprobs,Novita
9333,-13,127,0,0,0,1.1e-05,0.999994,logprobs,Novita
9334,-13,129,0,0,0,5e-06,0.999997,logprobs,Novita
9335,-13,131,1,1,0,0.020347,0.999786,logprobs,Novita
9336,-13,133,1,1,1,0.998499,0.999994,logprobs,Novita
9337,-13,135,1,1,0,5e-06,0.999998,logprobs,Novita
9338,-13,137,0,0,0,4e-06,0.999998,logprobs,Novita
9339,-13,139,0,0,0,0.029336,0.999539,logprobs,Novita
9340,-13,141,0,0,0,8e-06,0.999998,logprobs,Novita
9341,-13,143,1,1,0,1e-06,0.999998,logprobs,Novita
9342,-13,145,0,0,0,1e-05,0.999996,logprobs,Novita
9343,-13,147,0,0,0,1.9e-05,0.999997,logprobs,Novita
9344,-13,149,0,0,0,,,text,Novita
9345,-13,151,0,0,0,,,text,Novita
9346,-13,153,0,0,0,1e-06,0.999997,logprobs,Novita
9347,-13,155,0,0,0,0,1,logprobs,Novita
9348,-13,157,0,0,0,7e-06,0.999997,logprobs,Novita
9349,-13,159,0,0,0,5e-06,0.999997,logprobs,Novita
9350,-13,161,0,0,0,3e-06,0.999994,logprobs,Novita
9351,-13,163,0,0,0,7e-06,0.999998,logprobs,Novita
9352,-13,165,0,0,0,2e-06,0.999998,logprobs,Novita
9353,-13,167,0,0,0,6e-06,0.999998,logprobs,Novita
9354,-13,169,0,0,0,0,0.999997,logprobs,Novita
9355,-13,171,0,0,0,1.1e-05,0.999997,logprobs,Novita
9356,-13,173,0,0,0,,,text,Novita
9357,-13,175,0,0,0,,,text,Novita
9358,-13,177,0,0,0,1e-06,0.999999,logprobs,Novita
9359,-13,179,0,0,0,2.1e-05,0.999997,logprobs,Novita
9360,-15,-179,0,0,0,2e-06,0.999996,logprobs,Novita
9361,-15,-177,0,0,0,7e-06,0.999998,logprobs,Novita
9362,-15,-175,0,0,0,0,0.999999,logprobs,Novita
9363,-15,-173,0,0,0,3e-06,0.999997,logprobs,Novita
9364,-15,-171,0,0,0,1e-06,0.999998,logprobs,Novita
9365,-15,-169,0,0,0,3e-06,0.999998,logprobs,Novita
9366,-15,-167,0,0,0,0,0.999998,logprobs,Novita
9367,-15,-165,0,0,0,4e-06,0.999998,logprobs,Novita
9368,-15,-163,0,0,0,0,0.999998,logprobs,Novita
9369,-15,-161,0,0,0,,,text,Novita
9370,-15,-159,0,0,0,1.7e-05,0.999981,logprobs,Novita
9371,-15,-157,0,0,0,2.1e-05,0.999996,logprobs,Novita
9372,-15,-155,0,0,0,1e-06,0.999998,logprobs,Novita
9373,-15,-153,0,0,0,1e-06,0.999998,logprobs,Novita
9374,-15,-151,0,0,0,2e-06,0.999993,logprobs,Novita
9375,-15,-149,0,0,0,3e-06,0.999999,logprobs,Novita
9376,-15,-147,0,0,0,,,text,Novita
9377,-15,-145,0,0,0,,,text,Novita
9378,-15,-143,0,0,0,,,text,Novita
9379,-15,-141,0,0,0,2.4e-05,0.999989,logprobs,Novita
9380,-15,-139,0,0,0,9e-06,0.999994,logprobs,Novita
9381,-15,-137,0,0,0,2.4e-05,0.999997,logprobs,Novita
9382,-15,-135,0,0,0,2e-06,0.999997,logprobs,Novita
9383,-15,-133,0,0,0,0,0.999999,logprobs,Novita
9384,-15,-131,0,0,0,2.1e-05,0.999993,logprobs,Novita
9385,-15,-129,0,0,0,1e-06,0.999999,logprobs,Novita
9386,-15,-127,0,0,0,1e-06,0.999999,logprobs,Novita
9387,-15,-125,0,0,0,,,text,Novita
9388,-15,-123,0,0,0,2e-06,0.999996,logprobs,Novita
9389,-15,-121,0,0,0,,,text,Novita
9390,-15,-119,0,0,0,8e-06,0.999982,logprobs,Novita
9391,-15,-117,0,0,0,1e-06,0.999998,logprobs,Novita
9392,-15,-115,0,0,0,1e-06,0.999999,logprobs,Novita
9393,-15,-113,0,0,0,,,text,Novita
9394,-15,-111,0,0,0,,,text,Novita
9395,-15,-109,0,0,0,,,text,Novita
9396,-15,-107,0,0,0,2e-06,0.999997,logprobs,Novita
9397,-15,-105,0,0,0,1e-06,0.999999,logprobs,Novita
9398,-15,-103,0,0,0,2e-06,0.999996,logprobs,Novita
9399,-15,-101,0,0,0,2e-06,0.999998,logprobs,Novita
9400,-15,-99,0,0,1,0.9983,0.999963,logprobs,Novita
9401,-15,-97,0,0,0,0,0.999999,logprobs,Novita
9402,-15,-95,0,0,0,1e-06,0.999998,logprobs,Novita
9403,-15,-93,0,0,0,2e-06,0.999998,logprobs,Novita
9404,-15,-91,0,0,1,0.999925,0.999992,logprobs,Novita
9405,-15,-89,0,0,0,0,0.999999,logprobs,Novita
9406,-15,-87,0,0,0,3e-06,0.999999,logprobs,Novita
9407,-15,-85,0,0,0,,,text,Novita
9408,-15,-83,0,0,1,0.999891,0.999992,logprobs,Novita
9409,-15,-81,0,0,0,4e-06,0.999997,logprobs,Novita
9410,-15,-79,0,0,1,0.99929,0.999984,logprobs,Novita
9411,-15,-77,0,0,1,0.99996,0.999998,logprobs,Novita
9412,-15,-75,1,1,1,0.999999,0.999995,logprobs,Novita
9413,-15,-73,1,1,1,0.999999,0.999996,logprobs,Novita
9414,-15,-71,1,1,1,,,text,Novita
9415,-15,-69,1,1,1,0.999704,0.999968,logprobs,Novita
9416,-15,-67,1,1,1,0.999991,0.999996,logprobs,Novita
9417,-15,-65,1,1,1,,,text,Novita
9418,-15,-63,1,1,1,0.998831,0.999949,logprobs,Novita
9419,-15,-61,1,1,1,,,text,Novita
9420,-15,-59,1,1,1,0.999998,0.999998,logprobs,Novita
9421,-15,-57,1,1,1,0.999997,0.999999,logprobs,Novita
9422,-15,-55,1,1,0,5e-06,0.999995,logprobs,Novita
9423,-15,-53,1,1,1,0.999979,0.999993,logprobs,Novita
9424,-15,-51,1,1,1,0.999979,0.999991,logprobs,Novita
9425,-15,-49,1,1,1,,,text,Novita
9426,-15,-47,1,1,1,0.999997,0.999995,logprobs,Novita
9427,-15,-45,1,1,0,0,0.999998,logprobs,Novita
9428,-15,-43,1,1,0,1e-06,0.999998,logprobs,Novita
9429,-15,-41,1,1,0,2e-06,0.999997,logprobs,Novita
9430,-15,-39,0,0,0,,,text,Novita
9431,-15,-37,0,0,0,,,text,Novita
9432,-15,-35,0,0,0,2e-06,0.999999,logprobs,Novita
9433,-15,-33,0,0,0,5e-06,0.999998,logprobs,Novita
9434,-15,-31,0,0,0,6e-06,0.999994,logprobs,Novita
9435,-15,-29,0,0,0,,,text,Novita
9436,-15,-27,0,0,0,3e-06,0.999998,logprobs,Novita
9437,-15,-25,0,0,0,5e-06,0.999994,logprobs,Novita
9438,-15,-23,0,0,0,2.1e-05,0.999995,logprobs,Novita
9439,-15,-21,0,0,0,1e-06,0.999998,logprobs,Novita
9440,-15,-19,0,0,0,6e-06,0.999995,logprobs,Novita
9441,-15,-17,0,0,0,4e-06,0.999995,logprobs,Novita
9442,-15,-15,0,0,0,,,text,Novita
9443,-15,-13,0,0,0,2e-06,0.999996,logprobs,Novita
9444,-15,-11,0,0,0,1e-06,0.999998,logprobs,Novita
9445,-15,-9,0,0,0,6e-06,0.999995,logprobs,Novita
9446,-15,-7,0,0,0,9e-06,0.999995,logprobs,Novita
9447,-15,-5,0,0,0,,,text,Novita
9448,-15,-3,0,0,0,2e-06,0.999998,logprobs,Novita
9449,-15,-1,0,0,0,,,text,Novita
9450,-15,1,0,0,0,1e-06,0.999997,logprobs,Novita
9451,-15,3,0,0,0,1e-06,0.999998,logprobs,Novita
9452,-15,5,0,0,0,8e-06,0.999972,logprobs,Novita
9453,-15,7,0,0,0,5e-06,0.999996,logprobs,Novita
9454,-15,9,0,0,0,1.3e-05,0.999998,logprobs,Novita
9455,-15,11,0,0,0,1.9e-05,0.999994,logprobs,Novita
9456,-15,13,1,1,0,,,text,Novita
9457,-15,15,1,1,0,1e-06,0.999998,logprobs,Novita
9458,-15,17,1,1,1,0.998073,0.999964,logprobs,Novita
9459,-15,19,1,1,0,2e-06,0.999998,logprobs,Novita
9460,-15,21,1,1,0,1e-06,0.999999,logprobs,Novita
9461,-15,23,1,1,1,0.999996,0.999995,logprobs,Novita
9462,-15,25,1,1,0,1.3e-05,0.999994,logprobs,Novita
9463,-15,27,1,1,1,0.999665,0.999987,logprobs,Novita
9464,-15,29,1,1,1,0.999999,0.999998,logprobs,Novita
9465,-15,31,1,1,1,,,text,Novita
9466,-15,33,1,1,0,,,text,Novita
9467,-15,35,1,1,0,2e-06,0.999999,logprobs,Novita
9468,-15,37,1,1,1,0.999995,0.999998,logprobs,Novita
9469,-15,39,1,1,1,0.995391,0.999979,logprobs,Novita
9470,-15,41,0,0,0,1.3e-05,0.999994,logprobs,Novita
9471,-15,43,0,0,0,,,text,Novita
9472,-15,45,0,0,0,3e-06,0.999997,logprobs,Novita
9473,-15,47,0,0,0,2e-06,0.999998,logprobs,Novita
9474,-15,49,1,1,0,6e-06,0.999997,logprobs,Novita
9475,-15,51,0,0,0,0,0.999999,logprobs,Novita
9476,-15,53,0,0,0,9e-06,0.999993,logprobs,Novita
9477,-15,55,0,0,0,,,text,Novita
9478,-15,57,0,0,0,1e-06,0.999999,logprobs,Novita
9479,-15,59,0,0,0,,,text,Novita
9480,-15,61,0,0,0,0.002184,0.999885,logprobs,Novita
9481,-15,63,0,0,0,2e-06,0.999998,logprobs,Novita
9482,-15,65,0,0,0,1e-06,0.999999,logprobs,Novita
9483,-15,67,0,0,0,,,text,Novita
9484,-15,69,0,0,0,1.5e-05,0.999996,logprobs,Novita
9485,-15,71,0,0,0,0,0.999999,logprobs,Novita
9486,-15,73,0,0,0,0,0.999999,logprobs,Novita
9487,-15,75,0,0,0,1e-06,0.999999,logprobs,Novita
9488,-15,77,0,0,0,5e-06,0.999996,logprobs,Novita
9489,-15,79,0,0,0,3e-06,0.999997,logprobs,Novita
9490,-15,81,0,0,0,1.1e-05,0.999977,logprobs,Novita
9491,-15,83,0,0,0,0,0.999999,logprobs,Novita
9492,-15,85,0,0,0,3e-06,0.999995,logprobs,Novita
9493,-15,87,0,0,0,5e-06,0.999998,logprobs,Novita
9494,-15,89,0,0,0,2.8e-05,0.999991,logprobs,Novita
9495,-15,91,0,0,0,3e-06,0.999963,logprobs,Novita
9496,-15,93,0,0,0,4e-06,0.999997,logprobs,Novita
9497,-15,95,0,0,0,1e-06,0.999995,logprobs,Novita
9498,-15,97,0,0,0,2e-06,0.999998,logprobs,Novita
9499,-15,99,0,0,0,,,text,Novita
9500,-15,101,0,0,0,4e-06,0.999997,logprobs,Novita
9501,-15,103,0,0,0,1.3e-05,0.999997,logprobs,Novita
9502,-15,105,0,0,0,,,text,Novita
9503,-15,107,0,0,0,4e-06,0.999989,logprobs,Novita
9504,-15,109,0,0,0,6e-06,0.999995,logprobs,Novita
9505,-15,111,0,0,0,,,text,Novita
9506,-15,113,0,0,0,2e-06,0.999997,logprobs,Novita
9507,-15,115,0,0,0,8e-06,0.999996,logprobs,Novita
9508,-15,117,0,0,0,9e-06,0.999998,logprobs,Novita
9509,-15,119,0,0,0,,,text,Novita
9510,-15,121,0,0,0,1.7e-05,0.999995,logprobs,Novita
9511,-15,123,0,0,0,1.1e-05,0.999994,logprobs,Novita
9512,-15,125,0,0,0,,,text,Novita
9513,-15,127,1,1,0,4e-06,0.999995,logprobs,Novita
9514,-15,129,1,1,0,3e-06,0.999999,logprobs,Novita
9515,-15,131,1,1,0,3e-06,0.999992,logprobs,Novita
9516,-15,133,1,1,1,0.99962,0.999973,logprobs,Novita
9517,-15,135,1,1,0,1e-06,0.999998,logprobs,Novita
9518,-15,137,0,0,0,1.5e-05,0.999994,logprobs,Novita
9519,-15,139,0,0,0,4e-06,0.999998,logprobs,Novita
9520,-15,141,0,0,0,1e-06,0.999998,logprobs,Novita
9521,-15,143,1,1,1,0.995391,0.999985,logprobs,Novita
9522,-15,145,1,1,0,0,0.999998,logprobs,Novita
9523,-15,147,0,0,0,0,0.999998,logprobs,Novita
9524,-15,149,0,0,0,4e-06,0.999992,logprobs,Novita
9525,-15,151,0,0,0,4e-06,0.999998,logprobs,Novita
9526,-15,153,0,0,0,,,text,Novita
9527,-15,155,0,0,0,1.7e-05,0.999974,logprobs,Novita
9528,-15,157,0,0,0,0,0.999999,logprobs,Novita
9529,-15,159,0,0,0,1e-06,0.999997,logprobs,Novita
9530,-15,161,0,0,0,4e-06,0.999997,logprobs,Novita
9531,-15,163,0,0,0,,,text,Novita
9532,-15,165,0,0,0,1.3e-05,0.999993,logprobs,Novita
9533,-15,167,1,1,0,2e-06,0.999998,logprobs,Novita
9534,-15,169,0,0,1,0.997818,0.999945,logprobs,Novita
9535,-15,171,0,0,0,1.9e-05,0.999996,logprobs,Novita
9536,-15,173,0,0,0,4.5e-05,0.999989,logprobs,Novita
9537,-15,175,0,0,0,5e-06,0.999999,logprobs,Novita
9538,-15,177,0,0,0,,,text,Novita
9539,-15,179,0,0,0,,,text,Novita
9540,-17,-179,0,0,0,1e-06,0.999998,logprobs,Novita
9541,-17,-177,0,0,0,1e-06,0.999998,logprobs,Novita
9542,-17,-175,0,0,0,1e-06,0.999998,logprobs,Novita
9543,-17,-173,0,0,0,0,0.999999,logprobs,Novita
9544,-17,-171,0,0,0,,,text,Novita
9545,-17,-169,0,0,0,0,0.999998,logprobs,Novita
9546,-17,-167,0,0,0,2.4e-05,0.999993,logprobs,Novita
9547,-17,-165,0,0,0,1.7e-05,0.999978,logprobs,Novita
9548,-17,-163,0,0,0,1.5e-05,0.999997,logprobs,Novita
9549,-17,-161,0,0,0,,,text,Novita
9550,-17,-159,0,0,0,1e-06,0.999999,logprobs,Novita
9551,-17,-157,0,0,0,2.1e-05,0.999996,logprobs,Novita
9552,-17,-155,0,0,0,3e-06,0.999998,logprobs,Novita
9553,-17,-153,0,0,0,3e-06,0.99999,logprobs,Novita
9554,-17,-151,0,0,0,3e-06,0.999998,logprobs,Novita
9555,-17,-149,0,0,1,0.999997,0.999995,logprobs,Novita
9556,-17,-147,0,0,0,1.7e-05,0.999988,logprobs,Novita
9557,-17,-145,0,0,0,5e-06,0.999998,logprobs,Novita
9558,-17,-143,0,0,0,1e-06,0.999998,logprobs,Novita
9559,-17,-141,0,0,0,9e-06,0.999984,logprobs,Novita
9560,-17,-139,0,0,0,1e-06,0.999999,logprobs,Novita
9561,-17,-137,0,0,0,,,text,Novita
9562,-17,-135,0,0,0,0,0.999999,logprobs,Novita
9563,-17,-133,0,0,0,2e-06,0.999998,logprobs,Novita
9564,-17,-131,0,0,0,1.7e-05,0.999996,logprobs,Novita
9565,-17,-129,0,0,0,1e-06,0.999998,logprobs,Novita
9566,-17,-127,0,0,0,2e-06,0.999998,logprobs,Novita
9567,-17,-125,0,0,0,7e-06,0.999997,logprobs,Novita
9568,-17,-123,0,0,0,2e-06,0.999995,logprobs,Novita
9569,-17,-121,0,0,0,2e-06,0.99999,logprobs,Novita
9570,-17,-119,0,0,0,3e-06,0.999999,logprobs,Novita
9571,-17,-117,0,0,0,4e-06,0.999998,logprobs,Novita
9572,-17,-115,0,0,0,,,text,Novita
9573,-17,-113,0,0,0,2.8e-05,0.999998,logprobs,Novita
9574,-17,-111,0,0,0,8e-06,0.999998,logprobs,Novita
9575,-17,-109,0,0,1,0.99962,0.999996,logprobs,Novita
9576,-17,-107,0,0,1,0.99962,0.999965,logprobs,Novita
9577,-17,-105,0,0,0,0,0.999999,logprobs,Novita
9578,-17,-103,0,0,0,0,0.999999,logprobs,Novita
9579,-17,-101,0,0,0,0,0.999998,logprobs,Novita
9580,-17,-99,0,0,0,,,text,Novita
9581,-17,-97,0,0,0,2e-06,0.999998,logprobs,Novita
9582,-17,-95,0,0,0,,,text,Novita
9583,-17,-93,0,0,0,0,0.999999,logprobs,Novita
9584,-17,-91,0,0,0,1.7e-05,0.999999,logprobs,Novita
9585,-17,-89,0,0,0,5e-06,0.999997,logprobs,Novita
9586,-17,-87,0,0,0,3.1e-05,0.999993,logprobs,Novita
9587,-17,-85,0,0,0,1e-06,0.999997,logprobs,Novita
9588,-17,-83,0,0,0,1e-06,0.999999,logprobs,Novita
9589,-17,-81,0,0,0,1e-06,0.999998,logprobs,Novita
9590,-17,-79,0,0,0,0.000553,0.999975,logprobs,Novita
9591,-17,-77,0,0,1,0.999842,0.999979,logprobs,Novita
9592,-17,-75,0,0,1,0.999842,0.999979,logprobs,Novita
9593,-17,-73,0,0,0,2e-06,0.999999,logprobs,Novita
9594,-17,-71,1,1,1,0.99996,0.99999,logprobs,Novita
9595,-17,-69,1,1,1,,,text,Novita
9596,-17,-67,1,1,1,,,text,Novita
9597,-17,-65,1,1,1,0.999997,0.999997,logprobs,Novita
9598,-17,-63,1,1,1,,,text,Novita
9599,-17,-61,1,1,1,0.999891,0.999993,logprobs,Novita
9600,-17,-59,1,1,1,,,text,Novita
9601,-17,-57,1,1,1,0.999993,0.999998,logprobs,Novita
9602,-17,-55,1,1,1,,,text,Novita
9603,-17,-53,1,1,1,0.999512,0.999975,logprobs,Novita
9604,-17,-51,1,1,1,0.999942,0.999996,logprobs,Novita
9605,-17,-49,1,1,1,0.99977,0.999943,logprobs,Novita
9606,-17,-47,1,1,1,0.999925,0.999979,logprobs,Novita
9607,-17,-45,1,1,1,0.999196,0.999974,logprobs,Novita
9608,-17,-43,1,1,0,1e-06,0.999998,logprobs,Novita
9609,-17,-41,1,1,0,1e-06,0.999999,logprobs,Novita
9610,-17,-39,0,0,1,0.997818,0.99998,logprobs,Novita
9611,-17,-37,0,0,0,1.5e-05,0.999997,logprobs,Novita
9612,-17,-35,0,0,0,7e-06,0.999998,logprobs,Novita
9613,-17,-33,0,0,1,0.998299,0.999977,logprobs,Novita
9614,-17,-31,0,0,0,9e-06,0.999998,logprobs,Novita
9615,-17,-29,0,0,0,,,text,Novita
9616,-17,-27,0,0,0,4e-06,0.999998,logprobs,Novita
9617,-17,-25,0,0,0,,,text,Novita
9618,-17,-23,0,0,0,1e-06,0.999999,logprobs,Novita
9619,-17,-21,0,0,0,5e-06,0.999999,logprobs,Novita
9620,-17,-19,0,0,0,0,0.999999,logprobs,Novita
9621,-17,-17,0,0,0,,,text,Novita
9622,-17,-15,0,0,0,1e-06,0.999998,logprobs,Novita
9623,-17,-13,0,0,0,8e-06,0.999993,logprobs,Novita
9624,-17,-11,0,0,0,2e-06,0.999996,logprobs,Novita
9625,-17,-9,0,0,0,,,text,Novita
9626,-17,-7,0,0,0,1.1e-05,0.999995,logprobs,Novita
9627,-17,-5,0,0,0,,,text,Novita
9628,-17,-3,0,0,0,0,0.999999,logprobs,Novita
9629,-17,-1,0,0,0,1.3e-05,0.999989,logprobs,Novita
9630,-17,1,0,0,0,3e-06,0.999998,logprobs,Novita
9631,-17,3,0,0,0,0,1,logprobs,Novita
9632,-17,5,0,0,0,4e-06,0.999997,logprobs,Novita
9633,-17,7,0,0,0,5e-06,0.999996,logprobs,Novita
9634,-17,9,0,0,0,,,text,Novita
9635,-17,11,0,0,0,3e-06,0.999997,logprobs,Novita
9636,-17,13,1,1,0,1e-06,1,logprobs,Novita
9637,-17,15,1,1,0,1.5e-05,0.999996,logprobs,Novita
9638,-17,17,1,1,0,1e-06,0.999998,logprobs,Novita
9639,-17,19,1,1,0,1e-06,0.999999,logprobs,Novita
9640,-17,21,1,1,1,0.999955,0.999991,logprobs,Novita
9641,-17,23,1,1,0,1.1e-05,0.999999,logprobs,Novita
9642,-17,25,1,1,1,0.999996,0.999999,logprobs,Novita
9643,-17,27,1,1,0,2e-06,0.999995,logprobs,Novita
9644,-17,29,1,1,0,9e-06,0.999992,logprobs,Novita
9645,-17,31,1,1,1,0.999196,0.999953,logprobs,Novita
9646,-17,33,1,1,0,0,0.999999,logprobs,Novita
9647,-17,35,1,1,1,0.999969,0.999996,logprobs,Novita
9648,-17,37,1,1,0,1e-06,0.999998,logprobs,Novita
9649,-17,39,1,1,0,0,0.999999,logprobs,Novita
9650,-17,41,0,0,0,1.5e-05,0.999994,logprobs,Novita
9651,-17,43,0,0,0,,,text,Novita
9652,-17,45,1,1,0,1.1e-05,0.999996,logprobs,Novita
9653,-17,47,1,1,0,4e-06,0.999996,logprobs,Novita
9654,-17,49,1,1,0,0,0.999999,logprobs,Novita
9655,-17,51,0,0,0,3e-06,0.999996,logprobs,Novita
9656,-17,53,0,0,0,,,text,Novita
9657,-17,55,0,0,0,8e-06,0.999998,logprobs,Novita
9658,-17,57,0,0,0,1.7e-05,0.999994,logprobs,Novita
9659,-17,59,0,0,0,1e-06,0.999998,logprobs,Novita
9660,-17,61,0,0,0,5e-06,0.999998,logprobs,Novita
9661,-17,63,0,0,0,6e-06,0.999996,logprobs,Novita
9662,-17,65,0,0,0,1e-06,0.999999,logprobs,Novita
9663,-17,67,0,0,0,,,text,Novita
9664,-17,69,0,0,0,1e-06,0.999997,logprobs,Novita
9665,-17,71,0,0,0,3.1e-05,0.999996,logprobs,Novita
9666,-17,73,0,0,0,2e-06,1,logprobs,Novita
9667,-17,75,0,0,0,,,text,Novita
9668,-17,77,0,0,0,1.7e-05,0.999996,logprobs,Novita
9669,-17,79,0,0,0,6e-06,0.999994,logprobs,Novita
9670,-17,81,0,0,0,1e-06,1,logprobs,Novita
9671,-17,83,0,0,0,,,text,Novita
9672,-17,85,0,0,0,9.6e-05,0.999951,logprobs,Novita
9673,-17,87,0,0,0,4e-05,0.999998,logprobs,Novita
9674,-17,89,0,0,0,5e-06,0.999998,logprobs,Novita
9675,-17,91,0,0,0,,,text,Novita
9676,-17,93,0,0,0,1e-06,0.999999,logprobs,Novita
9677,-17,95,0,0,0,1e-05,0.999998,logprobs,Novita
9678,-17,97,0,0,0,0,0.999999,logprobs,Novita
9679,-17,99,0,0,0,4e-06,0.999998,logprobs,Novita
9680,-17,101,0,0,0,,,text,Novita
9681,-17,103,0,0,0,,,text,Novita
9682,-17,105,0,0,0,,,text,Novita
9683,-17,107,0,0,0,,,text,Novita
9684,-17,109,0,0,0,1e-06,0.999999,logprobs,Novita
9685,-17,111,0,0,0,,,text,Novita
9686,-17,113,0,0,0,4e-06,0.999997,logprobs,Novita
9687,-17,115,0,0,0,1.3e-05,0.999995,logprobs,Novita
9688,-17,117,0,0,0,,,text,Novita
9689,-17,119,0,0,0,1e-05,0.999998,logprobs,Novita
9690,-17,121,0,0,0,,,text,Novita
9691,-17,123,1,1,0,1e-06,0.999997,logprobs,Novita
9692,-17,125,1,1,0,5e-06,0.999993,logprobs,Novita
9693,-17,127,1,1,0,,,text,Novita
9694,-17,129,1,1,0,1e-06,0.999999,logprobs,Novita
9695,-17,131,1,1,0,,,text,Novita
9696,-17,133,1,1,0,2e-06,0.999999,logprobs,Novita
9697,-17,135,1,1,0,6e-06,0.999997,logprobs,Novita
9698,-17,137,1,1,0,,,text,Novita
9699,-17,139,1,1,0,1e-06,0.999998,logprobs,Novita
9700,-17,141,1,1,0,3e-06,0.999998,logprobs,Novita
9701,-17,143,1,1,0,2e-06,0.999997,logprobs,Novita
9702,-17,145,1,1,0,7e-06,0.999992,logprobs,Novita
9703,-17,147,0,0,1,0.999942,0.999937,logprobs,Novita
9704,-17,149,0,0,0,0,0.999999,logprobs,Novita
9705,-17,151,0,0,0,0,0.999999,logprobs,Novita
9706,-17,153,0,0,0,4e-06,0.999998,logprobs,Novita
9707,-17,155,0,0,0,1e-06,0.999998,logprobs,Novita
9708,-17,157,0,0,0,0,1,logprobs,Novita
9709,-17,159,0,0,0,1.5e-05,0.999991,logprobs,Novita
9710,-17,161,0,0,0,,,text,Novita
9711,-17,163,0,0,0,2e-06,0.999998,logprobs,Novita
9712,-17,165,0,0,0,6e-06,0.999998,logprobs,Novita
9713,-17,167,0,0,0,4e-06,0.999994,logprobs,Novita
9714,-17,169,0,0,0,1.9e-05,0.999997,logprobs,Novita
9715,-17,171,0,0,0,3.1e-05,0.999997,logprobs,Novita
9716,-17,173,0,0,0,1e-06,0.999998,logprobs,Novita
9717,-17,175,0,0,0,8e-06,0.999999,logprobs,Novita
9718,-17,177,0,0,0,1e-06,1,logprobs,Novita
9719,-17,179,0,0,0,4e-05,0.99999,logprobs,Novita
9720,-19,-179,0,0,0,0,1,logprobs,Novita
9721,-19,-177,0,0,0,3e-06,0.999999,logprobs,Novita
9722,-19,-175,0,0,0,,,text,Novita
9723,-19,-173,0,0,0,2e-06,0.999996,logprobs,Novita
9724,-19,-171,0,0,0,1.7e-05,0.999994,logprobs,Novita
9725,-19,-169,0,0,0,0.00071,0.999841,logprobs,Novita
9726,-19,-167,0,0,0,1e-06,0.999999,logprobs,Novita
9727,-19,-165,0,0,0,3e-06,0.999996,logprobs,Novita
9728,-19,-163,0,0,0,,,text,Novita
9729,-19,-161,0,0,0,5e-06,0.999993,logprobs,Novita
9730,-19,-159,0,0,0,,,text,Novita
9731,-19,-157,0,0,0,2e-06,0.999999,logprobs,Novita
9732,-19,-155,0,0,0,9e-06,0.999996,logprobs,Novita
9733,-19,-153,0,0,0,2e-06,0.999998,logprobs,Novita
9734,-19,-151,0,0,0,1.3e-05,0.999982,logprobs,Novita
9735,-19,-149,0,0,0,1e-06,0.999995,logprobs,Novita
9736,-19,-147,0,0,0,1e-05,0.999994,logprobs,Novita
9737,-19,-145,0,0,0,1.1e-05,0.999997,logprobs,Novita
9738,-19,-143,0,0,0,1e-06,1,logprobs,Novita
9739,-19,-141,0,0,0,1e-06,0.999999,logprobs,Novita
9740,-19,-139,0,0,0,,,text,Novita
9741,-19,-137,0,0,0,2e-06,0.999996,logprobs,Novita
9742,-19,-135,0,0,0,,,text,Novita
9743,-19,-133,0,0,0,9e-06,0.999993,logprobs,Novita
9744,-19,-131,0,0,0,,,text,Novita
9745,-19,-129,0,0,0,,,text,Novita
9746,-19,-127,0,0,0,0,1,logprobs,Novita
9747,-19,-125,0,0,0,1e-06,0.999999,logprobs,Novita
9748,-19,-123,0,0,0,,,text,Novita
9749,-19,-121,0,0,0,1e-06,0.999993,logprobs,Novita
9750,-19,-119,0,0,0,3e-06,0.999996,logprobs,Novita
9751,-19,-117,0,0,0,3e-06,0.999998,logprobs,Novita
9752,-19,-115,0,0,0,0,0.999999,logprobs,Novita
9753,-19,-113,0,0,0,1e-05,0.999991,logprobs,Novita
9754,-19,-111,0,0,0,3e-06,0.999998,logprobs,Novita
9755,-19,-109,0,0,0,0,0.999999,logprobs,Novita
9756,-19,-107,0,0,0,6e-06,0.999978,logprobs,Novita
9757,-19,-105,0,0,0,,,text,Novita
9758,-19,-103,0,0,0,1e-06,0.999999,logprobs,Novita
9759,-19,-101,0,0,0,1e-06,0.999998,logprobs,Novita
9760,-19,-99,0,0,1,0.999089,0.999959,logprobs,Novita
9761,-19,-97,0,0,0,5e-06,0.999996,logprobs,Novita
9762,-19,-95,0,0,0,6e-06,0.999995,logprobs,Novita
9763,-19,-93,0,0,0,3e-06,0.999996,logprobs,Novita
9764,-19,-91,0,0,0,0,0.999999,logprobs,Novita
9765,-19,-89,0,0,0,3e-06,1,logprobs,Novita
9766,-19,-87,0,0,0,2e-06,0.999998,logprobs,Novita
9767,-19,-85,0,0,0,6.6e-05,0.999992,logprobs,Novita
9768,-19,-83,0,0,1,,,text,Novita
9769,-19,-81,0,0,0,6e-06,0.999997,logprobs,Novita
9770,-19,-79,0,0,0,0,0.999999,logprobs,Novita
9771,-19,-77,0,0,1,,,text,Novita
9772,-19,-75,0,0,0,3e-06,0.999997,logprobs,Novita
9773,-19,-73,0,0,0,1e-06,0.999999,logprobs,Novita
9774,-19,-71,0,0,0,5e-06,0.999998,logprobs,Novita
9775,-19,-69,1,1,1,,,text,Novita
9776,-19,-67,1,0,1,,,text,Novita
9777,-19,-65,1,1,1,0.999993,0.999999,logprobs,Novita
9778,-19,-63,1,1,1,0.999949,0.999931,logprobs,Novita
9779,-19,-61,1,1,1,0.999996,0.999999,logprobs,Novita
9780,-19,-59,1,1,1,0.999374,0.999976,logprobs,Novita
9781,-19,-57,1,1,1,,,text,Novita
9782,-19,-55,1,1,1,0.99957,0.999984,logprobs,Novita
9783,-19,-53,1,1,1,0.999942,0.999997,logprobs,Novita
9784,-19,-51,1,1,1,0.999665,0.999995,logprobs,Novita
9785,-19,-49,1,1,1,0.999996,0.999997,logprobs,Novita
9786,-19,-47,1,1,1,0.999999,0.999999,logprobs,Novita
9787,-19,-45,1,1,1,,,text,Novita
9788,-19,-43,1,1,0,1e-06,0.999998,logprobs,Novita
9789,-19,-41,1,1,1,0.999704,0.999984,logprobs,Novita
9790,-19,-39,0,0,0,1e-05,0.999989,logprobs,Novita
9791,-19,-37,0,0,0,1.9e-05,0.999995,logprobs,Novita
9792,-19,-35,0,0,1,0.999925,0.999998,logprobs,Novita
9793,-19,-33,0,0,0,,,text,Novita
9794,-19,-31,0,0,0,0,0.999999,logprobs,Novita
9795,-19,-29,0,0,0,1.7e-05,0.999996,logprobs,Novita
9796,-19,-27,0,0,0,4e-06,0.999994,logprobs,Novita
9797,-19,-25,0,0,0,1e-06,0.999999,logprobs,Novita
9798,-19,-23,0,0,0,0,0.999997,logprobs,Novita
9799,-19,-21,0,0,0,3e-06,0.999997,logprobs,Novita
9800,-19,-19,0,0,0,5e-06,0.999997,logprobs,Novita
9801,-19,-17,0,0,0,1e-06,0.999999,logprobs,Novita
9802,-19,-15,0,0,0,,,text,Novita
9803,-19,-13,0,0,0,9e-06,0.999995,logprobs,Novita
9804,-19,-11,0,0,0,,,text,Novita
9805,-19,-9,0,0,0,0,0.999999,logprobs,Novita
9806,-19,-7,0,0,0,7e-06,0.999991,logprobs,Novita
9807,-19,-5,0,0,0,1e-06,0.999996,logprobs,Novita
9808,-19,-3,0,0,0,3.5e-05,0.999993,logprobs,Novita
9809,-19,-1,0,0,0,0,0.999998,logprobs,Novita
9810,-19,1,0,0,0,3e-06,0.999984,logprobs,Novita
9811,-19,3,0,0,0,3e-06,0.999997,logprobs,Novita
9812,-19,5,0,0,0,2e-06,0.999999,logprobs,Novita
9813,-19,7,0,0,0,2e-06,0.999997,logprobs,Novita
9814,-19,9,0,0,0,1e-05,0.999997,logprobs,Novita
9815,-19,11,0,0,0,1e-06,0.999999,logprobs,Novita
9816,-19,13,1,1,0,1e-05,0.999998,logprobs,Novita
9817,-19,15,1,1,1,0.999089,0.999966,logprobs,Novita
9818,-19,17,1,1,1,,,text,Novita
9819,-19,19,1,1,1,0.999983,0.999998,logprobs,Novita
9820,-19,21,1,1,0,1e-06,0.999995,logprobs,Novita
9821,-19,23,1,1,1,,,text,Novita
9822,-19,25,1,1,1,0.999999,0.999999,logprobs,Novita
9823,-19,27,1,1,1,0.999985,0.999999,logprobs,Novita
9824,-19,29,1,1,1,,,text,Novita
9825,-19,31,1,1,0,1e-06,0.999999,logprobs,Novita
9826,-19,33,1,1,0,0,0.999999,logprobs,Novita
9827,-19,35,1,1,1,0.999904,0.999996,logprobs,Novita
9828,-19,37,0,0,0,0,0.999999,logprobs,Novita
9829,-19,39,0,0,0,0,1,logprobs,Novita
9830,-19,41,0,0,0,,,text,Novita
9831,-19,43,0,0,0,2e-06,0.999999,logprobs,Novita
9832,-19,45,1,1,0,7e-06,0.999997,logprobs,Novita
9833,-19,47,1,1,0,1e-06,0.999999,logprobs,Novita
9834,-19,49,1,1,0,1e-06,0.999999,logprobs,Novita
9835,-19,51,0,0,0,2e-06,0.999999,logprobs,Novita
9836,-19,53,0,0,0,3e-06,0.999998,logprobs,Novita
9837,-19,55,0,0,0,,,text,Novita
9838,-19,57,0,0,0,,,text,Novita
9839,-19,59,0,0,0,0,1,logprobs,Novita
9840,-19,61,0,0,0,5e-06,0.999996,logprobs,Novita
9841,-19,63,0,0,0,4e-05,0.99999,logprobs,Novita
9842,-19,65,0,0,0,2e-06,0.999998,logprobs,Novita
9843,-19,67,0,0,0,1e-06,0.999999,logprobs,Novita
9844,-19,69,0,0,0,1e-06,0.999996,logprobs,Novita
9845,-19,71,0,0,0,,,text,Novita
9846,-19,73,0,0,0,4e-06,0.999999,logprobs,Novita
9847,-19,75,0,0,0,1e-06,0.999998,logprobs,Novita
9848,-19,77,0,0,0,4e-06,0.999997,logprobs,Novita
9849,-19,79,0,0,0,1e-06,0.999999,logprobs,Novita
9850,-19,81,0,0,0,,,text,Novita
9851,-19,83,0,0,0,,,text,Novita
9852,-19,85,0,0,0,,,text,Novita
9853,-19,87,0,0,0,,,text,Novita
9854,-19,89,0,0,0,1.1e-05,0.999998,logprobs,Novita
9855,-19,91,0,0,0,2e-06,0.999999,logprobs,Novita
9856,-19,93,0,0,0,0,0.999999,logprobs,Novita
9857,-19,95,0,0,0,3e-06,0.999997,logprobs,Novita
9858,-19,97,0,0,0,2.8e-05,0.999997,logprobs,Novita
9859,-19,99,0,0,0,4e-06,0.999998,logprobs,Novita
9860,-19,101,0,0,0,1.7e-05,0.999992,logprobs,Novita
9861,-19,103,0,0,0,1.1e-05,0.999995,logprobs,Novita
9862,-19,105,0,0,0,3e-06,0.999997,logprobs,Novita
9863,-19,107,0,0,1,0.999739,0.999996,logprobs,Novita
9864,-19,109,0,0,0,4e-06,0.999996,logprobs,Novita
9865,-19,111,0,0,0,3e-06,0.999998,logprobs,Novita
9866,-19,113,0,0,0,,,text,Novita
9867,-19,115,0,0,0,2e-06,0.999998,logprobs,Novita
9868,-19,117,0,0,1,0.999934,0.999993,logprobs,Novita
9869,-19,119,0,0,0,3.1e-05,0.999986,logprobs,Novita
9870,-19,121,0,0,0,,,text,Novita
9871,-19,123,1,1,0,0,0.999998,logprobs,Novita
9872,-19,125,1,1,0,1e-06,0.999997,logprobs,Novita
9873,-19,127,1,1,0,,,text,Novita
9874,-19,129,1,1,0,,,text,Novita
9875,-19,131,1,1,0,0,0.999998,logprobs,Novita
9876,-19,133,1,1,0,1e-06,0.999999,logprobs,Novita
9877,-19,135,1,1,1,0.9972,0.999972,logprobs,Novita
9878,-19,137,1,1,1,0.999769,0.99999,logprobs,Novita
9879,-19,139,1,1,0,,,text,Novita
9880,-19,141,1,1,0,,,text,Novita
9881,-19,143,1,1,1,0.99996,0.999998,logprobs,Novita
9882,-19,145,1,1,0,2e-06,0.999998,logprobs,Novita
9883,-19,147,0,0,0,0,0.999999,logprobs,Novita
9884,-19,149,0,0,0,0,0.999999,logprobs,Novita
9885,-19,151,0,0,0,6e-06,0.999953,logprobs,Novita
9886,-19,153,0,0,0,5.1e-05,0.99999,logprobs,Novita
9887,-19,155,0,0,0,1e-06,0.999999,logprobs,Novita
9888,-19,157,0,0,0,,,text,Novita
9889,-19,159,0,0,0,1e-06,0.999996,logprobs,Novita
9890,-19,161,0,0,0,1.9e-05,0.999996,logprobs,Novita
9891,-19,163,0,0,0,3.1e-05,0.999995,logprobs,Novita
9892,-19,165,0,0,0,,,text,Novita
9893,-19,167,0,0,0,5e-06,0.999999,logprobs,Novita
9894,-19,169,0,0,1,1,0.999999,logprobs,Novita
9895,-19,171,0,0,0,6e-06,0.999995,logprobs,Novita
9896,-19,173,0,0,0,2.4e-05,0.999995,logprobs,Novita
9897,-19,175,0,0,0,,,text,Novita
9898,-19,177,0,0,0,1e-06,0.999999,logprobs,Novita
9899,-19,179,0,0,0,,,text,Novita
9900,-21,-179,0,0,0,2e-06,0.999998,logprobs,Novita
9901,-21,-177,0,0,0,1e-06,0.999995,logprobs,Novita
9902,-21,-175,0,0,0,8e-06,0.999998,logprobs,Novita
9903,-21,-173,0,0,0,0.000261,0.999979,logprobs,Novita
9904,-21,-171,0,0,0,,,text,Novita
9905,-21,-169,0,0,0,3e-06,0.999996,logprobs,Novita
9906,-21,-167,0,0,0,0,0.999999,logprobs,Novita
9907,-21,-165,0,0,0,8e-06,0.999996,logprobs,Novita
9908,-21,-163,0,0,0,1e-06,0.999993,logprobs,Novita
9909,-21,-161,0,0,0,,,text,Novita
9910,-21,-159,0,0,0,2.4e-05,0.999991,logprobs,Novita
9911,-21,-157,0,0,0,3e-06,0.999991,logprobs,Novita
9912,-21,-155,0,0,0,2.8e-05,0.999995,logprobs,Novita
9913,-21,-153,0,0,0,2.4e-05,0.999989,logprobs,Novita
9914,-21,-151,0,0,0,1e-06,0.999998,logprobs,Novita
9915,-21,-149,0,0,0,1.1e-05,0.999994,logprobs,Novita
9916,-21,-147,0,0,0,1.3e-05,0.999981,logprobs,Novita
9917,-21,-145,0,0,0,1.1e-05,0.999993,logprobs,Novita
9918,-21,-143,0,0,0,3e-06,0.999997,logprobs,Novita
9919,-21,-141,0,0,0,7e-06,0.999997,logprobs,Novita
9920,-21,-139,0,0,0,0,0.999998,logprobs,Novita
9921,-21,-137,0,0,0,1.3e-05,0.999995,logprobs,Novita
9922,-21,-135,0,0,0,1e-06,0.999998,logprobs,Novita
9923,-21,-133,0,0,0,7e-06,0.999995,logprobs,Novita
9924,-21,-131,0,0,0,,,text,Novita
9925,-21,-129,0,0,0,,,text,Novita
9926,-21,-127,0,0,0,2e-06,0.999997,logprobs,Novita
9927,-21,-125,0,0,0,,,text,Novita
9928,-21,-123,0,0,0,1e-06,0.999997,logprobs,Novita
9929,-21,-121,0,0,0,5e-06,0.999997,logprobs,Novita
9930,-21,-119,0,0,0,4e-06,0.999996,logprobs,Novita
9931,-21,-117,0,0,0,1e-06,0.999999,logprobs,Novita
9932,-21,-115,0,0,0,9e-06,0.999996,logprobs,Novita
9933,-21,-113,0,0,0,1e-06,0.999997,logprobs,Novita
9934,-21,-111,0,0,0,2e-06,0.999998,logprobs,Novita
9935,-21,-109,0,0,0,1e-06,0.999999,logprobs,Novita
9936,-21,-107,0,0,0,2.4e-05,0.999992,logprobs,Novita
9937,-21,-105,0,0,0,0,0.999998,logprobs,Novita
9938,-21,-103,0,0,1,0.999704,0.999996,logprobs,Novita
9939,-21,-101,0,0,0,,,text,Novita
9940,-21,-99,0,0,0,0,0.999998,logprobs,Novita
9941,-21,-97,0,0,0,,,text,Novita
9942,-21,-95,0,0,0,0,0.999998,logprobs,Novita
9943,-21,-93,0,0,0,,,text,Novita
9944,-21,-91,0,0,0,2.1e-05,0.999995,logprobs,Novita
9945,-21,-89,0,0,0,1e-06,0.999997,logprobs,Novita
9946,-21,-87,0,0,0,,,text,Novita
9947,-21,-85,0,0,0,0,1,logprobs,Novita
9948,-21,-83,0,0,0,,,text,Novita
9949,-21,-81,0,0,0,1e-06,0.999999,logprobs,Novita
9950,-21,-79,0,0,0,0,1,logprobs,Novita
9951,-21,-77,0,0,0,0,0.999998,logprobs,Novita
9952,-21,-75,0,0,0,2.4e-05,0.999997,logprobs,Novita
9953,-21,-73,0,0,0,0,0.999999,logprobs,Novita
9954,-21,-71,0,0,0,1e-06,0.999999,logprobs,Novita
9955,-21,-69,1,1,1,0.999998,0.999998,logprobs,Novita
9956,-21,-67,1,1,1,0.999991,0.999999,logprobs,Novita
9957,-21,-65,1,1,1,0.999965,0.999985,logprobs,Novita
9958,-21,-63,1,1,1,0.999739,0.999986,logprobs,Novita
9959,-21,-61,1,1,1,0.999993,0.999999,logprobs,Novita
9960,-21,-59,1,1,1,0.999991,0.999997,logprobs,Novita
9961,-21,-57,1,1,1,0.999196,0.999962,logprobs,Novita
9962,-21,-55,1,1,1,0.999981,0.99999,logprobs,Novita
9963,-21,-53,1,1,1,0.999979,0.999997,logprobs,Novita
9964,-21,-51,1,1,1,0.999995,0.999996,logprobs,Novita
9965,-21,-49,1,1,1,0.999934,0.999993,logprobs,Novita
9966,-21,-47,1,1,1,0.999996,0.999998,logprobs,Novita
9967,-21,-45,1,1,1,0.999999,0.999999,logprobs,Novita
9968,-21,-43,1,1,1,0.999512,0.999975,logprobs,Novita
9969,-21,-41,1,1,0,9e-06,0.999995,logprobs,Novita
9970,-21,-39,0,0,0,1e-06,0.999998,logprobs,Novita
9971,-21,-37,0,0,0,9e-06,0.999997,logprobs,Novita
9972,-21,-35,0,0,0,1.9e-05,0.999995,logprobs,Novita
9973,-21,-33,0,0,0,6e-06,0.999992,logprobs,Novita
9974,-21,-31,0,0,0,1e-06,0.999998,logprobs,Novita
9975,-21,-29,0,0,0,2e-06,0.999995,logprobs,Novita
9976,-21,-27,0,0,0,2e-06,0.999998,logprobs,Novita
9977,-21,-25,0,0,0,0,1,logprobs,Novita
9978,-21,-23,0,0,0,2e-06,0.999997,logprobs,Novita
9979,-21,-21,0,0,0,3e-06,0.999998,logprobs,Novita
9980,-21,-19,0,0,0,2.4e-05,0.999997,logprobs,Novita
9981,-21,-17,0,0,0,2e-06,0.999997,logprobs,Novita
9982,-21,-15,0,0,0,1e-06,0.999998,logprobs,Novita
9983,-21,-13,0,0,0,2e-06,0.999998,logprobs,Novita
9984,-21,-11,0,0,0,2e-06,0.999997,logprobs,Novita
9985,-21,-9,0,0,0,1e-06,0.999998,logprobs,Novita
9986,-21,-7,0,0,0,,,text,Novita
9987,-21,-5,0,0,0,1e-06,0.999998,logprobs,Novita
9988,-21,-3,0,0,0,,,text,Novita
9989,-21,-1,0,0,0,2e-06,0.999997,logprobs,Novita
9990,-21,1,0,0,0,3e-06,0.999997,logprobs,Novita
9991,-21,3,0,0,0,4e-06,0.999996,logprobs,Novita
9992,-21,5,0,0,0,1e-06,0.999997,logprobs,Novita
9993,-21,7,0,0,0,,,text,Novita
9994,-21,9,0,0,0,1e-06,0.999999,logprobs,Novita
9995,-21,11,0,0,0,0,0.999999,logprobs,Novita
9996,-21,13,0,0,0,1.3e-05,0.999997,logprobs,Novita
9997,-21,15,1,1,0,1.3e-05,0.999996,logprobs,Novita
9998,-21,17,1,1,1,,,text,Novita
9999,-21,19,1,1,1,,,text,Novita
10000,-21,21,1,1,1,0.999904,0.999995,logprobs,Novita
10001,-21,23,1,1,0,4e-06,0.999999,logprobs,Novita
10002,-21,25,1,1,1,,,text,Novita
10003,-21,27,1,1,1,0.99996,0.999993,logprobs,Novita
10004,-21,29,1,1,1,,,text,Novita
10005,-21,31,1,1,1,0.999972,0.999997,logprobs,Novita
10006,-21,33,1,1,0,0.00014,0.999988,logprobs,Novita
10007,-21,35,1,1,1,0.999983,0.999996,logprobs,Novita
10008,-21,37,0,0,0,0,0.999999,logprobs,Novita
10009,-21,39,0,0,0,0,0.999999,logprobs,Novita
10010,-21,41,0,0,0,0,1,logprobs,Novita
10011,-21,43,0,0,0,3e-06,0.999998,logprobs,Novita
10012,-21,45,1,1,0,7e-06,0.999994,logprobs,Novita
10013,-21,47,1,1,0,,,text,Novita
10014,-21,49,0,0,1,,,text,Novita
10015,-21,51,0,0,0,0,0.999999,logprobs,Novita
10016,-21,53,0,0,0,,,text,Novita
10017,-21,55,0,0,0,,,text,Novita
10018,-21,57,0,0,0,1e-06,0.999999,logprobs,Novita
10019,-21,59,0,0,0,2e-06,0.999998,logprobs,Novita
10020,-21,61,0,0,0,1e-06,0.999998,logprobs,Novita
10021,-21,63,0,0,0,1e-06,0.999998,logprobs,Novita
10022,-21,65,0,0,0,,,text,Novita
10023,-21,67,0,0,1,0.999877,0.999996,logprobs,Novita
10024,-21,69,0,0,0,2.4e-05,0.999997,logprobs,Novita
10025,-21,71,0,0,0,1.7e-05,0.999998,logprobs,Novita
10026,-21,73,0,0,0,1e-05,0.999998,logprobs,Novita
10027,-21,75,0,0,0,2e-06,0.999997,logprobs,Novita
10028,-21,77,0,0,0,0,0.999998,logprobs,Novita
10029,-21,79,0,0,0,3e-06,0.999998,logprobs,Novita
10030,-21,81,0,0,0,2e-06,0.999999,logprobs,Novita
10031,-21,83,0,0,0,1e-06,0.999997,logprobs,Novita
10032,-21,85,0,0,0,1.3e-05,0.999996,logprobs,Novita
10033,-21,87,0,0,0,1e-06,0.999999,logprobs,Novita
10034,-21,89,0,0,0,1.9e-05,0.999995,logprobs,Novita
10035,-21,91,0,0,0,4e-06,0.999999,logprobs,Novita
10036,-21,93,0,0,0,1e-06,1,logprobs,Novita
10037,-21,95,0,0,0,0,0.999998,logprobs,Novita
10038,-21,97,0,0,1,0.999969,0.999998,logprobs,Novita
10039,-21,99,0,0,0,2.1e-05,0.999997,logprobs,Novita
10040,-21,101,0,0,0,2e-06,0.999993,logprobs,Novita
10041,-21,103,0,0,0,2.8e-05,0.999994,logprobs,Novita
10042,-21,105,0,0,0,1e-06,0.999998,logprobs,Novita
10043,-21,107,0,0,0,0,0.999999,logprobs,Novita
10044,-21,109,0,0,0,3e-06,0.999998,logprobs,Novita
10045,-21,111,0,0,0,7e-06,0.999995,logprobs,Novita
10046,-21,113,0,0,0,0,0.999999,logprobs,Novita
10047,-21,115,0,0,0,,,text,Novita
10048,-21,117,1,1,0,2e-06,0.999999,logprobs,Novita
10049,-21,119,1,1,0,7e-06,0.999996,logprobs,Novita
10050,-21,121,1,1,0,2e-06,0.999997,logprobs,Novita
10051,-21,123,1,1,0,2e-06,0.999996,logprobs,Novita
10052,-21,125,1,1,0,2e-06,0.999997,logprobs,Novita
10053,-21,127,1,1,0,4e-06,0.999998,logprobs,Novita
10054,-21,129,1,1,0,4e-06,0.999991,logprobs,Novita
10055,-21,131,1,1,0,4e-06,0.999996,logprobs,Novita
10056,-21,133,1,1,0,1e-06,0.999999,logprobs,Novita
10057,-21,135,1,1,0,1e-06,0.999998,logprobs,Novita
10058,-21,137,1,1,0,0,0.999999,logprobs,Novita
10059,-21,139,1,1,1,0.999797,0.999996,logprobs,Novita
10060,-21,141,1,1,0,1e-05,0.99999,logprobs,Novita
10061,-21,143,1,1,1,0.99593,0.999933,logprobs,Novita
10062,-21,145,1,1,1,0.99593,0.999927,logprobs,Novita
10063,-21,147,1,1,0,,,text,Novita
10064,-21,149,1,1,0,,,text,Novita
10065,-21,151,0,0,0,1e-06,0.999999,logprobs,Novita
10066,-21,153,0,0,0,1e-06,0.999994,logprobs,Novita
10067,-21,155,0,0,0,5e-06,0.999998,logprobs,Novita
10068,-21,157,0,0,0,1e-06,0.999999,logprobs,Novita
10069,-21,159,0,0,0,,,text,Novita
10070,-21,161,0,0,0,1e-06,0.999999,logprobs,Novita
10071,-21,163,0,0,0,2e-06,0.999998,logprobs,Novita
10072,-21,165,1,1,0,,,text,Novita
10073,-21,167,0,0,0,0.000626,0.999989,logprobs,Novita
10074,-21,169,0,0,0,,,text,Novita
10075,-21,171,0,0,0,2e-06,0.999997,logprobs,Novita
10076,-21,173,0,0,0,2.4e-05,0.999997,logprobs,Novita
10077,-21,175,0,0,0,,,text,Novita
10078,-21,177,0,0,0,3.1e-05,0.999994,logprobs,Novita
10079,-21,179,0,0,0,5e-06,0.999999,logprobs,Novita
10080,-23,-179,0,0,0,0,0.999999,logprobs,Novita
10081,-23,-177,0,0,0,0,0.999999,logprobs,Novita
10082,-23,-175,0,0,0,0,0.999999,logprobs,Novita
10083,-23,-173,0,0,0,2e-06,0.999996,logprobs,Novita
10084,-23,-171,0,0,0,5e-06,0.999995,logprobs,Novita
10085,-23,-169,0,0,0,6e-06,0.999987,logprobs,Novita
10086,-23,-167,0,0,0,2e-06,0.999998,logprobs,Novita
10087,-23,-165,0,0,0,,,text,Novita
10088,-23,-163,0,0,0,3e-06,0.999984,logprobs,Novita
10089,-23,-161,0,0,0,,,text,Novita
10090,-23,-159,0,0,0,3e-06,0.999994,logprobs,Novita
10091,-23,-157,0,0,0,1e-06,0.999999,logprobs,Novita
10092,-23,-155,0,0,0,1.9e-05,0.999991,logprobs,Novita
10093,-23,-153,0,0,0,2e-06,0.999998,logprobs,Novita
10094,-23,-151,0,0,0,0,0.999999,logprobs,Novita
10095,-23,-149,0,0,0,4e-06,0.999999,logprobs,Novita
10096,-23,-147,0,0,0,1e-06,0.999996,logprobs,Novita
10097,-23,-145,0,0,0,,,text,Novita
10098,-23,-143,0,0,0,0,1,logprobs,Novita
10099,-23,-141,0,0,0,,,text,Novita
10100,-23,-139,0,0,0,9e-06,0.999996,logprobs,Novita
10101,-23,-137,0,0,0,4.5e-05,0.999991,logprobs,Novita
10102,-23,-135,0,0,0,6e-06,0.999997,logprobs,Novita
10103,-23,-133,0,0,0,1.7e-05,0.999994,logprobs,Novita
10104,-23,-131,0,0,0,1e-06,0.999998,logprobs,Novita
10105,-23,-129,0,0,0,1e-06,0.999996,logprobs,Novita
10106,-23,-127,0,0,0,2.1e-05,0.999992,logprobs,Novita
10107,-23,-125,0,0,0,1.7e-05,0.999995,logprobs,Novita
10108,-23,-123,0,0,0,0,0.999999,logprobs,Novita
10109,-23,-121,0,0,0,3e-06,0.99999,logprobs,Novita
10110,-23,-119,0,0,0,1e-06,0.999996,logprobs,Novita
10111,-23,-117,0,0,0,1e-06,0.999994,logprobs,Novita
10112,-23,-115,0,0,0,1.7e-05,0.999992,logprobs,Novita
10113,-23,-113,0,0,0,1.5e-05,0.999997,logprobs,Novita
10114,-23,-111,0,0,0,0.000123,0.999993,logprobs,Novita
10115,-23,-109,0,0,0,3.5e-05,0.999983,logprobs,Novita
10116,-23,-107,0,0,1,0.999925,0.999952,logprobs,Novita
10117,-23,-105,0,0,0,9e-06,0.999993,logprobs,Novita
10118,-23,-103,0,0,1,0.999512,0.999961,logprobs,Novita
10119,-23,-101,0,0,0,,,text,Novita
10120,-23,-99,0,0,0,,,text,Novita
10121,-23,-97,0,0,0,0,0.999999,logprobs,Novita
10122,-23,-95,0,0,0,9e-06,0.999992,logprobs,Novita
10123,-23,-93,0,0,0,1e-06,0.999999,logprobs,Novita
10124,-23,-91,0,0,0,1e-06,0.999997,logprobs,Novita
10125,-23,-89,0,0,1,0.993308,0.999948,logprobs,Novita
10126,-23,-87,0,0,0,1.5e-05,0.999996,logprobs,Novita
10127,-23,-85,0,0,0,,,text,Novita
10128,-23,-83,0,0,0,0,0.999999,logprobs,Novita
10129,-23,-81,0,0,0,1e-06,0.999995,logprobs,Novita
10130,-23,-79,0,0,1,0.999997,0.999998,logprobs,Novita
10131,-23,-77,0,0,0,7e-06,0.999997,logprobs,Novita
10132,-23,-75,0,0,0,9e-06,0.999995,logprobs,Novita
10133,-23,-73,0,0,0,1e-06,0.999999,logprobs,Novita
10134,-23,-71,0,0,1,,,text,Novita
10135,-23,-69,1,1,0,7e-06,0.999992,logprobs,Novita
10136,-23,-67,1,1,1,0.999983,0.999998,logprobs,Novita
10137,-23,-65,1,1,1,0.999196,0.999978,logprobs,Novita
10138,-23,-63,1,1,1,0.999972,0.999977,logprobs,Novita
10139,-23,-61,1,1,1,,,text,Novita
10140,-23,-59,1,1,1,0.999992,0.999997,logprobs,Novita
10141,-23,-57,1,1,1,0.999981,0.999996,logprobs,Novita
10142,-23,-55,1,1,1,0.999995,0.999996,logprobs,Novita
10143,-23,-53,1,1,1,0.99999,0.999997,logprobs,Novita
10144,-23,-51,1,1,1,,,text,Novita
10145,-23,-49,1,1,1,0.999989,0.999997,logprobs,Novita
10146,-23,-47,1,1,1,0.999995,0.999999,logprobs,Novita
10147,-23,-45,1,1,1,0.999904,0.999991,logprobs,Novita
10148,-23,-43,0,0,1,,,text,Novita
10149,-23,-41,0,0,1,0.999704,0.999977,logprobs,Novita
10150,-23,-39,0,0,1,0.998968,0.999988,logprobs,Novita
10151,-23,-37,0,0,0,4e-06,0.999998,logprobs,Novita
10152,-23,-35,0,0,0,1e-06,0.999998,logprobs,Novita
10153,-23,-33,0,0,0,2.4e-05,0.999991,logprobs,Novita
10154,-23,-31,0,0,0,,,text,Novita
10155,-23,-29,0,0,0,1e-06,0.999996,logprobs,Novita
10156,-23,-27,0,0,0,3e-06,0.999998,logprobs,Novita
10157,-23,-25,0,0,0,1e-06,0.999997,logprobs,Novita
10158,-23,-23,0,0,0,,,text,Novita
10159,-23,-21,0,0,0,0,0.999999,logprobs,Novita
10160,-23,-19,0,0,0,1e-06,0.999998,logprobs,Novita
10161,-23,-17,0,0,0,,,text,Novita
10162,-23,-15,0,0,0,2e-06,0.999998,logprobs,Novita
10163,-23,-13,0,0,0,1e-06,0.999998,logprobs,Novita
10164,-23,-11,0,0,0,1e-06,0.999999,logprobs,Novita
10165,-23,-9,0,0,0,1e-06,0.999997,logprobs,Novita
10166,-23,-7,0,0,0,1e-06,0.999997,logprobs,Novita
10167,-23,-5,0,0,0,0,0.999999,logprobs,Novita
10168,-23,-3,0,0,1,0.997199,0.999976,logprobs,Novita
10169,-23,-1,0,0,0,3e-06,0.999998,logprobs,Novita
10170,-23,1,0,0,0,2e-06,0.999998,logprobs,Novita
10171,-23,3,0,0,0,2e-06,0.999997,logprobs,Novita
10172,-23,5,0,0,0,,,text,Novita
10173,-23,7,0,0,0,,,text,Novita
10174,-23,9,0,0,0,2e-06,0.999998,logprobs,Novita
10175,-23,11,0,0,0,1e-06,0.999999,logprobs,Novita
10176,-23,13,0,0,0,1e-06,0.999999,logprobs,Novita
10177,-23,15,1,1,1,,,text,Novita
10178,-23,17,1,1,1,0.999976,0.999988,logprobs,Novita
10179,-23,19,1,1,1,0.999877,0.999992,logprobs,Novita
10180,-23,21,1,1,1,0.999998,0.999997,logprobs,Novita
10181,-23,23,1,1,1,0.999979,0.999995,logprobs,Novita
10182,-23,25,1,1,1,,,text,Novita
10183,-23,27,1,1,0,,,text,Novita
10184,-23,29,1,1,0,1e-06,0.999999,logprobs,Novita
10185,-23,31,1,1,1,,,text,Novita
10186,-23,33,1,1,0,1e-06,0.999997,logprobs,Novita
10187,-23,35,1,1,1,0.999934,0.999922,logprobs,Novita
10188,-23,37,0,0,0,,,text,Novita
10189,-23,39,0,0,0,1e-06,0.999998,logprobs,Novita
10190,-23,41,0,0,0,,,text,Novita
10191,-23,43,0,0,0,0,0.999998,logprobs,Novita
10192,-23,45,1,1,0,,,text,Novita
10193,-23,47,1,1,0,,,text,Novita
10194,-23,49,0,0,0,,,text,Novita
10195,-23,51,0,0,1,0.999997,0.999999,logprobs,Novita
10196,-23,53,0,0,0,1e-05,0.999996,logprobs,Novita
10197,-23,55,0,0,0,,,text,Novita
10198,-23,57,0,0,0,4e-06,0.999997,logprobs,Novita
10199,-23,59,0,0,0,,,text,Novita
10200,-23,61,0,0,0,,,text,Novita
10201,-23,63,0,0,0,7e-06,0.999997,logprobs,Novita
10202,-23,65,0,0,0,9e-06,0.999995,logprobs,Novita
10203,-23,67,0,0,0,1e-06,0.999999,logprobs,Novita
10204,-23,69,0,0,0,1e-06,0.999998,logprobs,Novita
10205,-23,71,0,0,0,1e-06,0.999999,logprobs,Novita
10206,-23,73,0,0,0,1e-05,0.999993,logprobs,Novita
10207,-23,75,0,0,0,,,text,Novita
10208,-23,77,0,0,0,6e-06,0.999998,logprobs,Novita
10209,-23,79,0,0,0,,,text,Novita
10210,-23,81,0,0,0,0.00018,0.999988,logprobs,Novita
10211,-23,83,0,0,0,,,text,Novita
10212,-23,85,0,0,0,1.3e-05,0.999995,logprobs,Novita
10213,-23,87,0,0,0,3e-06,0.999997,logprobs,Novita
10214,-23,89,0,0,0,,,text,Novita
10215,-23,91,0,0,0,3.1e-05,0.999996,logprobs,Novita
10216,-23,93,0,0,0,2e-06,0.999997,logprobs,Novita
10217,-23,95,0,0,0,4.5e-05,0.999993,logprobs,Novita
10218,-23,97,0,0,0,1e-06,0.999999,logprobs,Novita
10219,-23,99,0,0,1,0.999995,0.999996,logprobs,Novita
10220,-23,101,0,0,1,0.998299,0.99996,logprobs,Novita
10221,-23,103,0,0,0,3e-06,0.999992,logprobs,Novita
10222,-23,105,0,0,0,,,text,Novita
10223,-23,107,0,0,1,0.997199,0.999969,logprobs,Novita
10224,-23,109,0,0,0,1e-06,0.999995,logprobs,Novita
10225,-23,111,0,0,0,,,text,Novita
10226,-23,113,0,0,0,,,text,Novita
10227,-23,115,1,1,0,4e-06,0.999998,logprobs,Novita
10228,-23,117,1,1,0,4e-06,0.999992,logprobs,Novita
10229,-23,119,1,1,0,3e-06,0.999997,logprobs,Novita
10230,-23,121,1,1,0,,,text,Novita
10231,-23,123,1,1,0,1.1e-05,0.999995,logprobs,Novita
10232,-23,125,1,1,0,4e-06,0.999994,logprobs,Novita
10233,-23,127,1,1,1,0.994089,0.999989,logprobs,Novita
10234,-23,129,1,1,0,1e-06,0.999997,logprobs,Novita
10235,-23,131,1,1,1,0.999942,0.999995,logprobs,Novita
10236,-23,133,1,1,1,,,text,Novita
10237,-23,135,1,1,1,,,text,Novita
10238,-23,137,1,1,1,0.999797,0.999945,logprobs,Novita
10239,-23,139,1,1,0,1e-06,0.999999,logprobs,Novita
10240,-23,141,1,1,1,,,text,Novita
10241,-23,143,1,1,1,,,text,Novita
10242,-23,145,1,1,0,,,text,Novita
10243,-23,147,1,1,1,0.999447,0.999993,logprobs,Novita
10244,-23,149,1,1,0,2e-06,0.999998,logprobs,Novita
10245,-23,151,0,0,0,3.5e-05,0.999997,logprobs,Novita
10246,-23,153,0,0,0,0,1,logprobs,Novita
10247,-23,155,0,0,0,2.8e-05,0.999992,logprobs,Novita
10248,-23,157,0,0,0,2e-06,0.999998,logprobs,Novita
10249,-23,159,0,0,0,6.6e-05,0.999993,logprobs,Novita
10250,-23,161,0,0,0,2e-06,0.999996,logprobs,Novita
10251,-23,163,0,0,0,2e-06,0.999999,logprobs,Novita
10252,-23,165,0,0,0,2e-06,0.999998,logprobs,Novita
10253,-23,167,0,0,0,0,0.999998,logprobs,Novita
10254,-23,169,0,0,0,5e-06,0.999996,logprobs,Novita
10255,-23,171,0,0,0,0,1,logprobs,Novita
10256,-23,173,0,0,0,1e-06,0.999998,logprobs,Novita
10257,-23,175,0,0,0,1e-06,0.999999,logprobs,Novita
10258,-23,177,0,0,0,3e-06,0.999994,logprobs,Novita
10259,-23,179,0,0,0,1e-06,0.999999,logprobs,Novita
10260,-25,-179,0,0,0,,,text,Novita
10261,-25,-177,0,0,0,,,text,Novita
10262,-25,-175,0,0,0,1e-06,0.999999,logprobs,Novita
10263,-25,-173,0,0,0,3e-06,0.999999,logprobs,Novita
10264,-25,-171,0,0,0,8e-06,0.999998,logprobs,Novita
10265,-25,-169,0,0,0,1e-06,0.999999,logprobs,Novita
10266,-25,-167,0,0,0,0,0.999999,logprobs,Novita
10267,-25,-165,0,0,0,4e-06,0.999998,logprobs,Novita
10268,-25,-163,0,0,0,0,0.999995,logprobs,Novita
10269,-25,-161,0,0,0,1.7e-05,0.999992,logprobs,Novita
10270,-25,-159,0,0,0,7e-06,0.999996,logprobs,Novita
10271,-25,-157,0,0,0,,,text,Novita
10272,-25,-155,0,0,0,5e-06,0.999992,logprobs,Novita
10273,-25,-153,0,0,0,1e-06,0.999998,logprobs,Novita
10274,-25,-151,0,0,0,,,text,Novita
10275,-25,-149,0,0,0,2e-06,0.999997,logprobs,Novita
10276,-25,-147,0,0,0,1e-06,0.999999,logprobs,Novita
10277,-25,-145,0,0,0,,,text,Novita
10278,-25,-143,0,0,0,,,text,Novita
10279,-25,-141,0,0,0,,,text,Novita
10280,-25,-139,0,0,0,2e-06,0.999999,logprobs,Novita
10281,-25,-137,0,0,0,2.1e-05,0.999997,logprobs,Novita
10282,-25,-135,0,0,0,1e-06,0.999998,logprobs,Novita
10283,-25,-133,0,0,0,6e-06,0.999993,logprobs,Novita
10284,-25,-131,0,0,0,4e-06,0.999997,logprobs,Novita
10285,-25,-129,0,0,0,1e-06,0.999993,logprobs,Novita
10286,-25,-127,0,0,0,1e-06,0.999999,logprobs,Novita
10287,-25,-125,0,0,0,0,0.999997,logprobs,Novita
10288,-25,-123,0,0,0,0,0.999996,logprobs,Novita
10289,-25,-121,0,0,0,1.3e-05,0.999993,logprobs,Novita
10290,-25,-119,0,0,0,1.1e-05,0.999997,logprobs,Novita
10291,-25,-117,0,0,0,5e-06,0.999994,logprobs,Novita
10292,-25,-115,0,0,0,8e-06,0.999994,logprobs,Novita
10293,-25,-113,0,0,0,0,0.999998,logprobs,Novita
10294,-25,-111,0,0,0,0,0.999999,logprobs,Novita
10295,-25,-109,0,0,0,1e-06,0.999996,logprobs,Novita
10296,-25,-107,0,0,1,0.999955,0.999995,logprobs,Novita
10297,-25,-105,0,0,0,0,0.999998,logprobs,Novita
10298,-25,-103,0,0,1,0.998968,0.999963,logprobs,Novita
10299,-25,-101,0,0,0,,,text,Novita
10300,-25,-99,0,0,0,3e-06,0.999996,logprobs,Novita
10301,-25,-97,0,0,0,4e-06,0.999989,logprobs,Novita
10302,-25,-95,0,0,0,,,text,Novita
10303,-25,-93,0,0,0,0,0.999999,logprobs,Novita
10304,-25,-91,0,0,0,1.3e-05,0.999996,logprobs,Novita
10305,-25,-89,0,0,0,3e-06,0.999997,logprobs,Novita
10306,-25,-87,0,0,0,1e-06,0.999998,logprobs,Novita
10307,-25,-85,0,0,0,2e-06,0.999997,logprobs,Novita
10308,-25,-83,0,0,0,5e-06,0.999998,logprobs,Novita
10309,-25,-81,0,0,0,,,text,Novita
10310,-25,-79,0,0,1,0.999374,0.999984,logprobs,Novita
10311,-25,-77,0,0,0,,,text,Novita
10312,-25,-75,0,0,0,0,0.999998,logprobs,Novita
10313,-25,-73,0,0,0,7e-06,0.999998,logprobs,Novita
10314,-25,-71,0,0,1,0.999981,0.999999,logprobs,Novita
10315,-25,-69,1,1,1,0.99986,0.99998,logprobs,Novita
10316,-25,-67,1,1,1,,,text,Novita
10317,-25,-65,1,1,1,,,text,Novita
10318,-25,-63,1,1,1,0.999797,0.999981,logprobs,Novita
10319,-25,-61,1,1,1,0.999993,0.999997,logprobs,Novita
10320,-25,-59,1,1,1,0.999991,0.999999,logprobs,Novita
10321,-25,-57,1,1,1,,,text,Novita
10322,-25,-55,1,1,0,1e-06,0.999998,logprobs,Novita
10323,-25,-53,1,1,0,4e-06,0.999997,logprobs,Novita
10324,-25,-51,1,1,1,0.999992,0.999998,logprobs,Novita
10325,-25,-49,1,1,1,,,text,Novita
10326,-25,-47,0,0,1,0.999998,0.999996,logprobs,Novita
10327,-25,-45,0,0,0,8e-06,0.999979,logprobs,Novita
10328,-25,-43,0,0,1,0.999995,0.999994,logprobs,Novita
10329,-25,-41,0,0,0,0,0.999999,logprobs,Novita
10330,-25,-39,0,0,0,,,text,Novita
10331,-25,-37,0,0,0,,,text,Novita
10332,-25,-35,0,0,0,0,0.999999,logprobs,Novita
10333,-25,-33,0,0,0,1.3e-05,0.999999,logprobs,Novita
10334,-25,-31,0,0,0,3e-06,0.999996,logprobs,Novita
10335,-25,-29,0,0,0,0,0.999999,logprobs,Novita
10336,-25,-27,0,0,0,0.000261,0.999982,logprobs,Novita
10337,-25,-25,0,0,0,0,0.999999,logprobs,Novita
10338,-25,-23,0,0,1,0.997817,0.99996,logprobs,Novita
10339,-25,-21,0,0,0,,,text,Novita
10340,-25,-19,0,0,0,2e-06,0.999997,logprobs,Novita
10341,-25,-17,0,0,0,1e-06,0.999999,logprobs,Novita
10342,-25,-15,0,0,0,8e-06,0.999994,logprobs,Novita
10343,-25,-13,0,0,0,6e-06,0.999998,logprobs,Novita
10344,-25,-11,0,0,0,1e-05,0.999996,logprobs,Novita
10345,-25,-9,0,0,0,,,text,Novita
10346,-25,-7,0,0,0,2e-06,0.999998,logprobs,Novita
10347,-25,-5,0,0,0,7e-06,0.999997,logprobs,Novita
10348,-25,-3,0,0,0,2e-06,0.999996,logprobs,Novita
10349,-25,-1,0,0,0,1e-06,0.999997,logprobs,Novita
10350,-25,1,0,0,0,1.7e-05,0.999994,logprobs,Novita
10351,-25,3,0,0,0,2e-06,0.999997,logprobs,Novita
10352,-25,5,0,0,0,1e-06,0.999995,logprobs,Novita
10353,-25,7,0,0,1,0.99999,0.999997,logprobs,Novita
10354,-25,9,0,0,0,8e-06,0.999994,logprobs,Novita
10355,-25,11,0,0,0,6e-06,0.999996,logprobs,Novita
10356,-25,13,0,0,1,0.999925,0.999981,logprobs,Novita
10357,-25,15,1,1,1,0.999981,0.999998,logprobs,Novita
10358,-25,17,1,1,0,2.8e-05,0.999994,logprobs,Novita
10359,-25,19,1,1,0,0,0.999999,logprobs,Novita
10360,-25,21,1,1,1,,,text,Novita
10361,-25,23,1,1,1,0.999569,0.99999,logprobs,Novita
10362,-25,25,1,1,0,,,text,Novita
10363,-25,27,1,1,0,0,0.999999,logprobs,Novita
10364,-25,29,1,1,1,0.999877,0.999995,logprobs,Novita
10365,-25,31,1,1,0,1.3e-05,0.999995,logprobs,Novita
10366,-25,33,1,1,1,0.999998,0.999999,logprobs,Novita
10367,-25,35,0,0,0,1e-06,0.999998,logprobs,Novita
10368,-25,37,0,0,1,,,text,Novita
10369,-25,39,0,0,0,1.7e-05,0.999996,logprobs,Novita
10370,-25,41,0,0,0,,,text,Novita
10371,-25,43,0,0,0,,,text,Novita
10372,-25,45,1,1,0,,,text,Novita
10373,-25,47,1,1,0,1.7e-05,0.999998,logprobs,Novita
10374,-25,49,0,0,0,3e-06,0.999999,logprobs,Novita
10375,-25,51,0,0,0,1e-06,1,logprobs,Novita
10376,-25,53,0,0,0,2e-06,0.999992,logprobs,Novita
10377,-25,55,0,0,0,0,0.999997,logprobs,Novita
10378,-25,57,0,0,0,,,text,Novita
10379,-25,59,0,0,0,2e-06,0.999996,logprobs,Novita
10380,-25,61,0,0,0,4e-06,0.999997,logprobs,Novita
10381,-25,63,0,0,0,1.9e-05,0.999996,logprobs,Novita
10382,-25,65,0,0,0,8.5e-05,0.999989,logprobs,Novita
10383,-25,67,0,0,0,1e-06,0.999999,logprobs,Novita
10384,-25,69,0,0,0,1e-06,0.999996,logprobs,Novita
10385,-25,71,0,0,0,5e-06,0.999999,logprobs,Novita
10386,-25,73,0,0,0,3.1e-05,0.999997,logprobs,Novita
10387,-25,75,0,0,0,2.8e-05,0.999987,logprobs,Novita
10388,-25,77,0,0,0,8e-06,0.999984,logprobs,Novita
10389,-25,79,0,0,0,0.017996,0.999799,logprobs,Novita
10390,-25,81,0,0,0,6e-06,0.999985,logprobs,Novita
10391,-25,83,0,0,0,,,text,Novita
10392,-25,85,0,0,0,2e-06,0.999997,logprobs,Novita
10393,-25,87,0,0,0,3.1e-05,0.999995,logprobs,Novita
10394,-25,89,0,0,0,5e-06,0.999996,logprobs,Novita
10395,-25,91,0,0,0,0,0.999997,logprobs,Novita
10396,-25,93,0,0,0,1e-05,0.999997,logprobs,Novita
10397,-25,95,0,0,0,2.1e-05,0.999986,logprobs,Novita
10398,-25,97,0,0,0,1e-06,0.999998,logprobs,Novita
10399,-25,99,0,0,0,,,text,Novita
10400,-25,101,0,0,0,5e-06,0.999998,logprobs,Novita
10401,-25,103,0,0,0,4e-06,0.999999,logprobs,Novita
10402,-25,105,0,0,0,,,text,Novita
10403,-25,107,0,0,0,3e-06,0.999998,logprobs,Novita
10404,-25,109,0,0,0,1.9e-05,0.999989,logprobs,Novita
10405,-25,111,0,0,1,,,text,Novita
10406,-25,113,0,0,0,2e-06,0.999997,logprobs,Novita
10407,-25,115,1,1,0,4e-06,0.999998,logprobs,Novita
10408,-25,117,1,1,0,9e-06,0.999997,logprobs,Novita
10409,-25,119,1,1,0,5e-06,0.999998,logprobs,Novita
10410,-25,121,1,1,0,4e-06,0.999997,logprobs,Novita
10411,-25,123,1,1,0,1.1e-05,0.999997,logprobs,Novita
10412,-25,125,1,1,0,,,text,Novita
10413,-25,127,1,1,0,0,0.999998,logprobs,Novita
10414,-25,129,1,1,0,1e-05,0.999995,logprobs,Novita
10415,-25,131,1,1,1,0.999991,0.999995,logprobs,Novita
10416,-25,133,1,1,1,,,text,Novita
10417,-25,135,1,1,0,5e-06,0.999997,logprobs,Novita
10418,-25,137,1,1,1,0.999891,0.999998,logprobs,Novita
10419,-25,139,1,1,1,0.995393,0.999954,logprobs,Novita
10420,-25,141,1,1,1,0.999995,0.999998,logprobs,Novita
10421,-25,143,1,1,1,,,text,Novita
10422,-25,145,1,1,0,0,0.999998,logprobs,Novita
10423,-25,147,1,1,0,,,text,Novita
10424,-25,149,1,1,1,0.999196,0.999964,logprobs,Novita
10425,-25,151,1,1,0,0,0.999999,logprobs,Novita
10426,-25,153,0,0,0,4e-06,0.999997,logprobs,Novita
10427,-25,155,0,0,0,1e-06,0.999997,logprobs,Novita
10428,-25,157,0,0,0,2e-06,0.999998,logprobs,Novita
10429,-25,159,0,0,0,4e-06,0.999997,logprobs,Novita
10430,-25,161,0,0,0,4e-06,0.999997,logprobs,Novita
10431,-25,163,0,0,0,0,0.999999,logprobs,Novita
10432,-25,165,0,0,0,5e-06,0.999999,logprobs,Novita
10433,-25,167,0,0,0,,,text,Novita
10434,-25,169,0,0,0,1.7e-05,0.999997,logprobs,Novita
10435,-25,171,0,0,0,0,0.999999,logprobs,Novita
10436,-25,173,0,0,0,2e-06,0.999998,logprobs,Novita
10437,-25,175,0,0,0,7e-06,0.999997,logprobs,Novita
10438,-25,177,0,0,0,8.5e-05,0.999989,logprobs,Novita
10439,-25,179,0,0,0,0,0.999999,logprobs,Novita
10440,-27,-179,0,0,0,1e-06,0.999999,logprobs,Novita
10441,-27,-177,0,0,0,5e-06,0.999998,logprobs,Novita
10442,-27,-175,0,0,0,1e-06,0.999996,logprobs,Novita
10443,-27,-173,0,0,0,0.000203,0.999948,logprobs,Novita
10444,-27,-171,0,0,0,1.3e-05,0.999998,logprobs,Novita
10445,-27,-169,0,0,0,2e-06,0.999998,logprobs,Novita
10446,-27,-167,0,0,0,,,text,Novita
10447,-27,-165,0,0,0,4e-06,0.999994,logprobs,Novita
10448,-27,-163,0,0,0,2e-06,0.999998,logprobs,Novita
10449,-27,-161,0,0,0,,,text,Novita
10450,-27,-159,0,0,0,3e-06,0.999995,logprobs,Novita
10451,-27,-157,0,0,0,2e-06,0.999993,logprobs,Novita
10452,-27,-155,0,0,0,1.1e-05,0.999967,logprobs,Novita
10453,-27,-153,0,0,0,8e-06,0.999997,logprobs,Novita
10454,-27,-151,0,0,0,1e-06,0.999999,logprobs,Novita
10455,-27,-149,0,0,0,1e-06,0.999997,logprobs,Novita
10456,-27,-147,0,0,0,2e-06,0.999993,logprobs,Novita
10457,-27,-145,0,0,0,4e-06,0.999997,logprobs,Novita
10458,-27,-143,0,0,0,,,text,Novita
10459,-27,-141,0,0,0,1e-06,0.999998,logprobs,Novita
10460,-27,-139,0,0,0,,,text,Novita
10461,-27,-137,0,0,0,1e-05,0.999995,logprobs,Novita
10462,-27,-135,0,0,0,2e-06,0.999997,logprobs,Novita
10463,-27,-133,0,0,0,4e-06,0.999998,logprobs,Novita
10464,-27,-131,0,0,0,,,text,Novita
10465,-27,-129,0,0,0,,,text,Novita
10466,-27,-127,0,0,0,8e-06,0.999987,logprobs,Novita
10467,-27,-125,0,0,0,6e-06,0.999987,logprobs,Novita
10468,-27,-123,0,0,0,7e-06,0.999994,logprobs,Novita
10469,-27,-121,0,0,0,,,text,Novita
10470,-27,-119,0,0,0,1e-06,0.999997,logprobs,Novita
10471,-27,-117,0,0,0,4e-06,0.999995,logprobs,Novita
10472,-27,-115,0,0,0,,,text,Novita
10473,-27,-113,0,0,0,,,text,Novita
10474,-27,-111,0,0,1,0.998675,0.999925,logprobs,Novita
10475,-27,-109,0,0,0,7.5e-05,0.999995,logprobs,Novita
10476,-27,-107,0,0,1,0.999447,0.999992,logprobs,Novita
10477,-27,-105,0,0,0,1e-06,0.999999,logprobs,Novita
10478,-27,-103,0,0,0,1.3e-05,0.999996,logprobs,Novita
10479,-27,-101,0,0,0,1e-05,0.999986,logprobs,Novita
10480,-27,-99,0,0,1,0.99982,0.999938,logprobs,Novita
10481,-27,-97,0,0,0,1.9e-05,0.999997,logprobs,Novita
10482,-27,-95,0,0,0,1.9e-05,0.999992,logprobs,Novita
10483,-27,-93,0,0,0,7e-06,0.999996,logprobs,Novita
10484,-27,-91,0,0,0,1e-06,0.999997,logprobs,Novita
10485,-27,-89,0,0,0,2e-06,0.999998,logprobs,Novita
10486,-27,-87,0,0,0,1e-06,0.999998,logprobs,Novita
10487,-27,-85,0,0,0,3e-06,0.999998,logprobs,Novita
10488,-27,-83,0,0,0,3e-06,0.999998,logprobs,Novita
10489,-27,-81,0,0,0,5e-06,0.999998,logprobs,Novita
10490,-27,-79,0,0,1,,,text,Novita
10491,-27,-77,0,0,0,,,text,Novita
10492,-27,-75,0,0,0,9e-06,0.999997,logprobs,Novita
10493,-27,-73,0,0,0,,,text,Novita
10494,-27,-71,0,0,1,0.999739,0.999992,logprobs,Novita
10495,-27,-69,1,1,1,0.59278,0.997941,logprobs,Novita
10496,-27,-67,1,1,1,0.998299,0.999983,logprobs,Novita
10497,-27,-65,1,1,1,0.999942,0.999988,logprobs,Novita
10498,-27,-63,1,1,1,0.999955,0.999958,logprobs,Novita
10499,-27,-61,1,1,0,1e-06,1,logprobs,Novita
10500,-27,-59,1,1,1,0.999991,0.999998,logprobs,Novita
10501,-27,-57,1,1,1,,,text,Novita
10502,-27,-55,1,1,0,,,text,Novita
10503,-27,-53,1,1,1,0.999998,0.999999,logprobs,Novita
10504,-27,-51,1,1,1,0.999925,0.999999,logprobs,Novita
10505,-27,-49,1,1,1,0.999972,0.999996,logprobs,Novita
10506,-27,-47,0,0,1,,,text,Novita
10507,-27,-45,0,0,0,1e-06,0.999998,logprobs,Novita
10508,-27,-43,0,0,1,0.999983,0.999995,logprobs,Novita
10509,-27,-41,0,0,0,3e-06,0.999996,logprobs,Novita
10510,-27,-39,0,0,0,,,text,Novita
10511,-27,-37,0,0,0,2.8e-05,0.999994,logprobs,Novita
10512,-27,-35,0,0,0,1e-06,0.999999,logprobs,Novita
10513,-27,-33,0,0,0,0,0.999998,logprobs,Novita
10514,-27,-31,0,0,0,,,text,Novita
10515,-27,-29,0,0,0,1e-06,0.999998,logprobs,Novita
10516,-27,-27,0,0,0,0,0.999999,logprobs,Novita
10517,-27,-25,0,0,0,3e-06,0.999998,logprobs,Novita
10518,-27,-23,0,0,0,9e-06,0.999997,logprobs,Novita
10519,-27,-21,0,0,0,3e-06,0.999998,logprobs,Novita
10520,-27,-19,0,0,0,2e-06,0.999998,logprobs,Novita
10521,-27,-17,0,0,0,2e-06,0.999994,logprobs,Novita
10522,-27,-15,0,0,0,2e-06,0.999997,logprobs,Novita
10523,-27,-13,0,0,0,2e-06,0.999996,logprobs,Novita
10524,-27,-11,0,0,0,2e-06,0.999999,logprobs,Novita
10525,-27,-9,0,0,0,,,text,Novita
10526,-27,-7,0,0,0,1e-06,0.999999,logprobs,Novita
10527,-27,-5,0,0,0,3e-06,0.999997,logprobs,Novita
10528,-27,-3,0,0,0,,,text,Novita
10529,-27,-1,0,0,0,,,text,Novita
10530,-27,1,0,0,0,2e-06,0.999996,logprobs,Novita
10531,-27,3,0,0,0,1.5e-05,0.999997,logprobs,Novita
10532,-27,5,0,0,0,,,text,Novita
10533,-27,7,0,0,0,1e-06,0.999999,logprobs,Novita
10534,-27,9,0,0,0,0,0.999999,logprobs,Novita
10535,-27,11,0,0,1,,,text,Novita
10536,-27,13,0,0,0,1e-06,0.999997,logprobs,Novita
10537,-27,15,0,0,1,0.999949,0.999994,logprobs,Novita
10538,-27,17,1,1,0,0,0.999999,logprobs,Novita
10539,-27,19,1,1,0,1.7e-05,0.999989,logprobs,Novita
10540,-27,21,1,1,1,0.999997,0.999999,logprobs,Novita
10541,-27,23,1,1,1,0.999969,0.999996,logprobs,Novita
10542,-27,25,1,1,0,4e-06,0.999996,logprobs,Novita
10543,-27,27,1,1,0,,,text,Novita
10544,-27,29,1,1,1,,,text,Novita
10545,-27,31,1,1,1,0.999972,0.999995,logprobs,Novita
10546,-27,33,0,0,1,0.999981,0.999997,logprobs,Novita
10547,-27,35,0,0,1,0.999976,0.999998,logprobs,Novita
10548,-27,37,0,0,0,,,text,Novita
10549,-27,39,0,0,1,,,text,Novita
10550,-27,41,0,0,1,0.999877,0.999996,logprobs,Novita
10551,-27,43,0,0,1,0.999447,0.999965,logprobs,Novita
10552,-27,45,0,0,0,1e-06,0.999999,logprobs,Novita
10553,-27,47,0,0,1,0.999993,0.999998,logprobs,Novita
10554,-27,49,0,0,0,0,1,logprobs,Novita
10555,-27,51,0,0,0,,,text,Novita
10556,-27,53,0,0,0,9e-06,0.999997,logprobs,Novita
10557,-27,55,0,0,0,,,text,Novita
10558,-27,57,0,0,0,9e-06,0.999996,logprobs,Novita
10559,-27,59,0,0,0,0,1,logprobs,Novita
10560,-27,61,0,0,0,4e-06,0.999992,logprobs,Novita
10561,-27,63,0,0,0,,,text,Novita
10562,-27,65,0,0,0,,,text,Novita
10563,-27,67,0,0,0,4e-06,0.999995,logprobs,Novita
10564,-27,69,0,0,0,,,text,Novita
10565,-27,71,0,0,0,,,text,Novita
10566,-27,73,0,0,0,2e-06,0.999999,logprobs,Novita
10567,-27,75,0,0,0,,,text,Novita
10568,-27,77,0,0,1,0.999934,0.999995,logprobs,Novita
10569,-27,79,0,0,0,3e-06,0.999995,logprobs,Novita
10570,-27,81,0,0,0,1e-06,0.999998,logprobs,Novita
10571,-27,83,0,0,0,3e-06,0.999998,logprobs,Novita
10572,-27,85,0,0,0,1e-06,0.999999,logprobs,Novita
10573,-27,87,0,0,0,1e-06,0.999999,logprobs,Novita
10574,-27,89,0,0,0,2e-06,0.999998,logprobs,Novita
10575,-27,91,0,0,0,8e-06,0.999996,logprobs,Novita
10576,-27,93,0,0,0,3.5e-05,0.999995,logprobs,Novita
10577,-27,95,0,0,0,1.7e-05,0.999997,logprobs,Novita
10578,-27,97,0,0,0,0,0.999999,logprobs,Novita
10579,-27,99,0,0,0,,,text,Novita
10580,-27,101,0,0,0,1e-06,0.999998,logprobs,Novita
10581,-27,103,0,0,0,3e-06,0.999997,logprobs,Novita
10582,-27,105,0,0,0,,,text,Novita
10583,-27,107,0,0,0,,,text,Novita
10584,-27,109,0,0,0,2.8e-05,0.999993,logprobs,Novita
10585,-27,111,0,0,0,6e-06,0.999996,logprobs,Novita
10586,-27,113,0,0,0,,,text,Novita
10587,-27,115,1,1,0,,,text,Novita
10588,-27,117,1,1,0,1.1e-05,0.99999,logprobs,Novita
10589,-27,119,1,1,0,3e-06,0.999994,logprobs,Novita
10590,-27,121,1,1,0,6e-06,0.999996,logprobs,Novita
10591,-27,123,1,1,0,,,text,Novita
10592,-27,125,1,1,0,0,0.999999,logprobs,Novita
10593,-27,127,1,1,1,,,text,Novita
10594,-27,129,1,1,0,7e-06,0.999998,logprobs,Novita
10595,-27,131,1,1,0,0.000109,0.999993,logprobs,Novita
10596,-27,133,1,1,1,0.999949,0.999996,logprobs,Novita
10597,-27,135,1,1,1,0.999904,0.999995,logprobs,Novita
10598,-27,137,1,1,1,0.99929,0.999991,logprobs,Novita
10599,-27,139,1,1,1,,,text,Novita
10600,-27,141,1,1,1,0.999965,0.999998,logprobs,Novita
10601,-27,143,1,1,1,,,text,Novita
10602,-27,145,1,1,0,2e-06,0.999997,logprobs,Novita
10603,-27,147,1,1,1,,,text,Novita
10604,-27,149,1,1,0,3.1e-05,0.999995,logprobs,Novita
10605,-27,151,1,1,0,,,text,Novita
10606,-27,153,1,1,0,4e-06,0.999999,logprobs,Novita
10607,-27,155,0,0,0,1.3e-05,0.999985,logprobs,Novita
10608,-27,157,0,0,0,0,0.999999,logprobs,Novita
10609,-27,159,0,0,0,1e-05,0.999983,logprobs,Novita
10610,-27,161,0,0,0,4e-06,0.999998,logprobs,Novita
10611,-27,163,0,0,0,3e-06,0.999996,logprobs,Novita
10612,-27,165,0,0,0,,,text,Novita
10613,-27,167,0,0,0,1e-06,0.999998,logprobs,Novita
10614,-27,169,0,0,0,1.3e-05,0.999996,logprobs,Novita
10615,-27,171,0,0,1,0.999196,0.999982,logprobs,Novita
10616,-27,173,0,0,0,1e-06,0.999999,logprobs,Novita
10617,-27,175,0,0,0,3e-06,0.999998,logprobs,Novita
10618,-27,177,0,0,0,3e-06,0.999998,logprobs,Novita
10619,-27,179,0,0,0,,,text,Novita
10620,-29,-179,0,0,0,2e-06,0.999999,logprobs,Novita
10621,-29,-177,0,0,0,1e-06,0.999999,logprobs,Novita
10622,-29,-175,0,0,0,,,text,Novita
10623,-29,-173,0,0,0,0,0.999999,logprobs,Novita
10624,-29,-171,0,0,0,,,text,Novita
10625,-29,-169,0,0,0,,,text,Novita
10626,-29,-167,0,0,0,1e-06,0.999999,logprobs,Novita
10627,-29,-165,0,0,0,1e-06,0.999999,logprobs,Novita
10628,-29,-163,0,0,0,1e-06,0.999995,logprobs,Novita
10629,-29,-161,0,0,0,1.1e-05,0.999996,logprobs,Novita
10630,-29,-159,0,0,0,2.4e-05,0.999995,logprobs,Novita
10631,-29,-157,0,0,0,8e-06,0.99999,logprobs,Novita
10632,-29,-155,0,0,0,,,text,Novita
10633,-29,-153,0,0,1,0.999769,0.999994,logprobs,Novita
10634,-29,-151,0,0,0,2e-06,0.999996,logprobs,Novita
10635,-29,-149,0,0,0,0,0.999998,logprobs,Novita
10636,-29,-147,0,0,0,1e-06,0.999997,logprobs,Novita
10637,-29,-145,0,0,0,1e-06,0.999999,logprobs,Novita
10638,-29,-143,0,0,0,,,text,Novita
10639,-29,-141,0,0,0,1e-06,0.999999,logprobs,Novita
10640,-29,-139,0,0,0,1e-06,0.999997,logprobs,Novita
10641,-29,-137,0,0,0,1e-06,0.999999,logprobs,Novita
10642,-29,-135,0,0,0,6e-06,0.999997,logprobs,Novita
10643,-29,-133,0,0,0,1e-06,0.999999,logprobs,Novita
10644,-29,-131,0,0,0,,,text,Novita
10645,-29,-129,0,0,0,,,text,Novita
10646,-29,-127,0,0,0,6e-06,0.999997,logprobs,Novita
10647,-29,-125,0,0,0,2e-06,0.999997,logprobs,Novita
10648,-29,-123,0,0,0,6e-06,0.999995,logprobs,Novita
10649,-29,-121,0,0,0,6e-06,0.999998,logprobs,Novita
10650,-29,-119,0,0,0,1e-06,0.999997,logprobs,Novita
10651,-29,-117,0,0,0,,,text,Novita
10652,-29,-115,0,0,0,1e-06,0.999998,logprobs,Novita
10653,-29,-113,0,0,0,2e-06,0.999997,logprobs,Novita
10654,-29,-111,0,0,0,8e-06,0.999997,logprobs,Novita
10655,-29,-109,0,0,0,1e-06,0.999998,logprobs,Novita
10656,-29,-107,0,0,0,0,0.999999,logprobs,Novita
10657,-29,-105,0,0,1,0.999769,0.999986,logprobs,Novita
10658,-29,-103,0,0,0,6e-06,0.999997,logprobs,Novita
10659,-29,-101,0,0,0,3e-06,0.999999,logprobs,Novita
10660,-29,-99,0,0,1,0.99977,0.999988,logprobs,Novita
10661,-29,-97,0,0,0,1e-06,1,logprobs,Novita
10662,-29,-95,0,0,0,,,text,Novita
10663,-29,-93,0,0,0,7e-06,0.999994,logprobs,Novita
10664,-29,-91,0,0,0,1.7e-05,0.999992,logprobs,Novita
10665,-29,-89,0,0,0,,,text,Novita
10666,-29,-87,0,0,0,2e-06,0.999999,logprobs,Novita
10667,-29,-85,0,0,0,2e-06,0.999998,logprobs,Novita
10668,-29,-83,0,0,0,8e-06,0.999997,logprobs,Novita
10669,-29,-81,0,0,0,1e-06,0.999999,logprobs,Novita
10670,-29,-79,0,0,0,6e-06,0.999997,logprobs,Novita
10671,-29,-77,0,0,0,4e-06,0.999998,logprobs,Novita
10672,-29,-75,0,0,0,1e-06,0.999999,logprobs,Novita
10673,-29,-73,0,0,0,,,text,Novita
10674,-29,-71,1,1,0,1e-05,0.999996,logprobs,Novita
10675,-29,-69,1,1,0,0,0.999999,logprobs,Novita
10676,-29,-67,1,1,1,,,text,Novita
10677,-29,-65,1,1,0,1e-06,0.999997,logprobs,Novita
10678,-29,-63,1,1,0,5e-06,0.999996,logprobs,Novita
10679,-29,-61,1,1,0,3e-06,0.999999,logprobs,Novita
10680,-29,-59,1,1,0,0,0.999999,logprobs,Novita
10681,-29,-57,1,1,1,0.999196,0.99998,logprobs,Novita
10682,-29,-55,1,1,0,5e-06,0.999998,logprobs,Novita
10683,-29,-53,1,1,0,1e-06,0.999992,logprobs,Novita
10684,-29,-51,1,1,1,,,text,Novita
10685,-29,-49,0,0,1,0.999934,0.999996,logprobs,Novita
10686,-29,-47,0,0,0,1.7e-05,0.999982,logprobs,Novita
10687,-29,-45,0,0,0,7e-06,0.999997,logprobs,Novita
10688,-29,-43,0,0,1,0.966925,0.999767,logprobs,Novita
10689,-29,-41,0,0,1,0.999955,0.999992,logprobs,Novita
10690,-29,-39,0,0,0,4e-06,0.999998,logprobs,Novita
10691,-29,-37,0,0,0,2e-06,0.999998,logprobs,Novita
10692,-29,-35,0,0,0,1.1e-05,0.999995,logprobs,Novita
10693,-29,-33,0,0,0,1e-06,0.999998,logprobs,Novita
10694,-29,-31,0,0,0,5e-06,0.999988,logprobs,Novita
10695,-29,-29,0,0,0,2e-06,0.999999,logprobs,Novita
10696,-29,-27,0,0,0,3e-06,0.999998,logprobs,Novita
10697,-29,-25,0,0,0,7.5e-05,0.999978,logprobs,Novita
10698,-29,-23,0,0,0,2.1e-05,0.999992,logprobs,Novita
10699,-29,-21,0,0,0,1e-06,0.999997,logprobs,Novita
10700,-29,-19,0,0,0,1e-06,0.999999,logprobs,Novita
10701,-29,-17,0,0,0,4e-06,0.999995,logprobs,Novita
10702,-29,-15,0,0,0,2e-06,0.999996,logprobs,Novita
10703,-29,-13,0,0,0,4e-06,0.999997,logprobs,Novita
10704,-29,-11,0,0,0,,,text,Novita
10705,-29,-9,0,0,0,8e-06,0.999998,logprobs,Novita
10706,-29,-7,0,0,0,0,0.999999,logprobs,Novita
10707,-29,-5,0,0,0,1e-06,0.999998,logprobs,Novita
10708,-29,-3,0,0,0,4e-06,0.999994,logprobs,Novita
10709,-29,-1,0,0,0,1e-06,0.999999,logprobs,Novita
10710,-29,1,0,0,0,0,0.999999,logprobs,Novita
10711,-29,3,0,0,0,0,0.999999,logprobs,Novita
10712,-29,5,0,0,0,3e-06,0.999996,logprobs,Novita
10713,-29,7,0,0,0,8e-06,0.999997,logprobs,Novita
10714,-29,9,0,0,0,2e-06,0.999998,logprobs,Novita
10715,-29,11,0,0,0,0,0.999999,logprobs,Novita
10716,-29,13,0,0,1,0.999997,0.999984,logprobs,Novita
10717,-29,15,0,0,0,2e-06,0.999999,logprobs,Novita
10718,-29,17,1,1,1,0.999994,0.999999,logprobs,Novita
10719,-29,19,1,1,1,0.999949,0.999995,logprobs,Novita
10720,-29,21,1,1,1,0.999996,0.999995,logprobs,Novita
10721,-29,23,1,1,1,0.999797,0.999946,logprobs,Novita
10722,-29,25,1,1,1,0.999942,0.999994,logprobs,Novita
10723,-29,27,1,1,1,0.999999,0.999998,logprobs,Novita
10724,-29,29,1,1,1,,,text,Novita
10725,-29,31,1,1,1,0.999994,0.999998,logprobs,Novita
10726,-29,33,0,0,0,,,text,Novita
10727,-29,35,0,0,0,3.1e-05,0.999997,logprobs,Novita
10728,-29,37,0,0,0,0,0.999999,logprobs,Novita
10729,-29,39,0,0,1,0.999987,0.999998,logprobs,Novita
10730,-29,41,0,0,0,,,text,Novita
10731,-29,43,0,0,0,,,text,Novita
10732,-29,45,0,0,0,1e-06,0.999999,logprobs,Novita
10733,-29,47,0,0,0,,,text,Novita
10734,-29,49,0,0,0,0,0.999999,logprobs,Novita
10735,-29,51,0,0,0,3e-06,0.999986,logprobs,Novita
10736,-29,53,0,0,0,1e-06,0.999999,logprobs,Novita
10737,-29,55,0,0,0,1e-06,0.999998,logprobs,Novita
10738,-29,57,0,0,0,,,text,Novita
10739,-29,59,0,0,0,,,text,Novita
10740,-29,61,0,0,0,0,0.999999,logprobs,Novita
10741,-29,63,0,0,0,0,0.999999,logprobs,Novita
10742,-29,65,0,0,0,3e-06,0.999997,logprobs,Novita
10743,-29,67,0,0,0,1.3e-05,0.999997,logprobs,Novita
10744,-29,69,0,0,0,2e-06,0.999999,logprobs,Novita
10745,-29,71,0,0,0,0,1,logprobs,Novita
10746,-29,73,0,0,0,0,0.999997,logprobs,Novita
10747,-29,75,0,0,0,1e-06,0.999999,logprobs,Novita
10748,-29,77,0,0,0,4e-06,0.999998,logprobs,Novita
10749,-29,79,0,0,0,5e-06,0.999997,logprobs,Novita
10750,-29,81,0,0,0,3e-06,0.999997,logprobs,Novita
10751,-29,83,0,0,0,4e-06,0.999998,logprobs,Novita
10752,-29,85,0,0,0,,,text,Novita
10753,-29,87,0,0,0,1.1e-05,0.999997,logprobs,Novita
10754,-29,89,0,0,0,5e-06,0.999994,logprobs,Novita
10755,-29,91,0,0,0,1e-05,0.999998,logprobs,Novita
10756,-29,93,0,0,0,,,text,Novita
10757,-29,95,0,0,0,2.4e-05,0.999985,logprobs,Novita
10758,-29,97,0,0,0,0,0.999999,logprobs,Novita
10759,-29,99,0,0,0,2.1e-05,0.999989,logprobs,Novita
10760,-29,101,0,0,1,,,text,Novita
10761,-29,103,0,0,0,1.7e-05,0.999994,logprobs,Novita
10762,-29,105,0,0,0,5e-06,0.999995,logprobs,Novita
10763,-29,107,0,0,1,0.999797,0.999979,logprobs,Novita
10764,-29,109,0,0,1,0.999891,0.99999,logprobs,Novita
10765,-29,111,0,0,0,0,0.999999,logprobs,Novita
10766,-29,113,0,0,1,,,text,Novita
10767,-29,115,1,1,1,0.999976,0.999986,logprobs,Novita
10768,-29,117,1,1,1,,,text,Novita
10769,-29,119,1,1,0,3e-06,0.999998,logprobs,Novita
10770,-29,121,1,1,0,0,0.999999,logprobs,Novita
10771,-29,123,1,1,0,8e-06,0.999997,logprobs,Novita
10772,-29,125,1,1,0,1e-06,0.999999,logprobs,Novita
10773,-29,127,1,1,1,0.999979,0.999999,logprobs,Novita
10774,-29,129,1,1,0,,,text,Novita
10775,-29,131,1,1,1,,,text,Novita
10776,-29,133,1,1,1,,,text,Novita
10777,-29,135,1,1,1,0.999996,0.999998,logprobs,Novita
10778,-29,137,1,0,1,0.999993,0.999999,logprobs,Novita
10779,-29,139,1,1,0,3e-06,0.999999,logprobs,Novita
10780,-29,141,1,1,0,0,0.999999,logprobs,Novita
10781,-29,143,1,1,0,2.8e-05,0.999998,logprobs,Novita
10782,-29,145,1,1,1,,,text,Novita
10783,-29,147,1,1,0,0,1,logprobs,Novita
10784,-29,149,1,1,1,0.99999,0.999993,logprobs,Novita
10785,-29,151,1,1,1,0.998968,0.999987,logprobs,Novita
10786,-29,153,1,1,0,0,0.999999,logprobs,Novita
10787,-29,155,0,0,0,4e-06,0.999997,logprobs,Novita
10788,-29,157,0,0,0,,,text,Novita
10789,-29,159,0,0,0,1e-06,0.999999,logprobs,Novita
10790,-29,161,0,0,0,1e-06,0.999998,logprobs,Novita
10791,-29,163,0,0,0,0.000261,0.999975,logprobs,Novita
10792,-29,165,0,0,0,1e-06,0.999999,logprobs,Novita
10793,-29,167,0,0,0,1e-06,0.999998,logprobs,Novita
10794,-29,169,0,0,0,,,text,Novita
10795,-29,171,0,0,0,3e-06,0.999998,logprobs,Novita
10796,-29,173,0,0,0,1e-06,0.999998,logprobs,Novita
10797,-29,175,0,0,0,1.7e-05,0.999993,logprobs,Novita
10798,-29,177,0,0,0,1.7e-05,0.999994,logprobs,Novita
10799,-29,179,0,0,0,2e-06,0.999998,logprobs,Novita
10800,-31,-179,0,0,0,2e-06,0.999999,logprobs,Novita
10801,-31,-177,0,0,0,0,0.999999,logprobs,Novita
10802,-31,-175,0,0,0,0,0.999999,logprobs,Novita
10803,-31,-173,0,0,0,,,text,Novita
10804,-31,-171,0,0,0,1e-06,0.999999,logprobs,Novita
10805,-31,-169,0,0,0,3e-06,0.999998,logprobs,Novita
10806,-31,-167,0,0,0,0,0.999999,logprobs,Novita
10807,-31,-165,0,0,0,0,0.999999,logprobs,Novita
10808,-31,-163,0,0,0,1.5e-05,0.999996,logprobs,Novita
10809,-31,-161,0,0,0,,,text,Novita
10810,-31,-159,0,0,0,7e-06,0.999995,logprobs,Novita
10811,-31,-157,0,0,0,1e-06,0.999996,logprobs,Novita
10812,-31,-155,0,0,0,6e-06,0.999992,logprobs,Novita
10813,-31,-153,0,0,0,,,text,Novita
10814,-31,-151,0,0,0,3e-06,0.999999,logprobs,Novita
10815,-31,-149,0,0,0,7.5e-05,0.999997,logprobs,Novita
10816,-31,-147,0,0,0,0,0.999998,logprobs,Novita
10817,-31,-145,0,0,0,4e-06,0.999998,logprobs,Novita
10818,-31,-143,0,0,0,1e-06,0.999999,logprobs,Novita
10819,-31,-141,0,0,0,2e-06,0.999999,logprobs,Novita
10820,-31,-139,0,0,0,5.8e-05,0.999995,logprobs,Novita
10821,-31,-137,0,0,0,2.8e-05,0.999997,logprobs,Novita
10822,-31,-135,0,0,0,1e-06,0.999996,logprobs,Novita
10823,-31,-133,0,0,0,3e-06,0.999997,logprobs,Novita
10824,-31,-131,0,0,0,8e-06,0.999998,logprobs,Novita
10825,-31,-129,0,0,0,6e-06,0.999985,logprobs,Novita
10826,-31,-127,0,0,0,1e-05,0.999995,logprobs,Novita
10827,-31,-125,0,0,0,4e-06,0.999996,logprobs,Novita
10828,-31,-123,0,0,0,7.5e-05,0.99999,logprobs,Novita
10829,-31,-121,0,0,0,9e-06,0.999997,logprobs,Novita
10830,-31,-119,0,0,0,1.3e-05,0.999994,logprobs,Novita
10831,-31,-117,0,0,0,3e-06,0.999997,logprobs,Novita
10832,-31,-115,0,0,0,9e-06,0.999996,logprobs,Novita
10833,-31,-113,0,0,0,8e-06,0.999995,logprobs,Novita
10834,-31,-111,0,0,0,,,text,Novita
10835,-31,-109,0,0,0,0,0.999999,logprobs,Novita
10836,-31,-107,0,0,0,1e-06,0.999998,logprobs,Novita
10837,-31,-105,0,0,0,4e-06,0.999998,logprobs,Novita
10838,-31,-103,0,0,1,0.999985,0.999999,logprobs,Novita
10839,-31,-101,0,0,0,2e-06,0.999997,logprobs,Novita
10840,-31,-99,0,0,0,0,0.999999,logprobs,Novita
10841,-31,-97,0,0,0,1e-05,0.999996,logprobs,Novita
10842,-31,-95,0,0,0,,,text,Novita
10843,-31,-93,0,0,0,1e-06,0.999998,logprobs,Novita
10844,-31,-91,0,0,0,7e-06,0.99999,logprobs,Novita
10845,-31,-89,0,0,0,,,text,Novita
10846,-31,-87,0,0,0,1e-06,0.999999,logprobs,Novita
10847,-31,-85,0,0,1,0.997818,0.999932,logprobs,Novita
10848,-31,-83,0,0,0,2e-06,0.999998,logprobs,Novita
10849,-31,-81,0,0,0,1e-06,0.999997,logprobs,Novita
10850,-31,-79,0,0,0,,,text,Novita
10851,-31,-77,0,0,0,2e-06,0.999997,logprobs,Novita
10852,-31,-75,0,0,0,2e-06,0.999996,logprobs,Novita
10853,-31,-73,0,0,0,8e-06,0.999998,logprobs,Novita
10854,-31,-71,1,1,0,3e-06,0.999998,logprobs,Novita
10855,-31,-69,1,1,1,0.99996,0.999987,logprobs,Novita
10856,-31,-67,1,1,1,0.999998,0.999996,logprobs,Novita
10857,-31,-65,1,1,1,0.999997,0.999998,logprobs,Novita
10858,-31,-63,1,1,1,0.999969,0.999995,logprobs,Novita
10859,-31,-61,1,1,1,0.999997,0.999998,logprobs,Novita
10860,-31,-59,1,1,1,0.999993,0.999995,logprobs,Novita
10861,-31,-57,1,1,1,0.999925,0.999996,logprobs,Novita
10862,-31,-55,1,1,1,,,text,Novita
10863,-31,-53,1,1,0,2.8e-05,0.999994,logprobs,Novita
10864,-31,-51,0,0,1,0.999998,0.999996,logprobs,Novita
10865,-31,-49,0,0,1,1,0.999999,logprobs,Novita
10866,-31,-47,0,0,1,0.997528,0.999968,logprobs,Novita
10867,-31,-45,0,0,0,2e-06,0.999997,logprobs,Novita
10868,-31,-43,0,0,1,0.999987,0.999997,logprobs,Novita
10869,-31,-41,0,0,0,,,text,Novita
10870,-31,-39,0,0,0,0,0.999999,logprobs,Novita
10871,-31,-37,0,0,0,,,text,Novita
10872,-31,-35,0,0,0,1e-06,0.999996,logprobs,Novita
10873,-31,-33,0,0,0,4e-06,0.999996,logprobs,Novita
10874,-31,-31,0,0,0,4e-06,0.999997,logprobs,Novita
10875,-31,-29,0,0,0,,,text,Novita
10876,-31,-27,0,0,0,1e-06,0.999999,logprobs,Novita
10877,-31,-25,0,0,0,1e-06,0.999996,logprobs,Novita
10878,-31,-23,0,0,0,0,0.999999,logprobs,Novita
10879,-31,-21,0,0,0,0,0.999997,logprobs,Novita
10880,-31,-19,0,0,0,5e-06,0.999996,logprobs,Novita
10881,-31,-17,0,0,0,1e-06,0.999994,logprobs,Novita
10882,-31,-15,0,0,0,3e-06,0.999997,logprobs,Novita
10883,-31,-13,0,0,0,2e-06,0.999998,logprobs,Novita
10884,-31,-11,0,0,0,1e-06,0.999997,logprobs,Novita
10885,-31,-9,0,0,0,,,text,Novita
10886,-31,-7,0,0,0,3.1e-05,0.99999,logprobs,Novita
10887,-31,-5,0,0,0,,,text,Novita
10888,-31,-3,0,0,0,2e-06,0.999999,logprobs,Novita
10889,-31,-1,0,0,0,3e-06,0.999996,logprobs,Novita
10890,-31,1,0,0,0,2e-06,0.999998,logprobs,Novita
10891,-31,3,0,0,0,,,text,Novita
10892,-31,5,0,0,0,,,text,Novita
10893,-31,7,0,0,1,0.999996,0.999996,logprobs,Novita
10894,-31,9,0,0,0,2e-06,0.999996,logprobs,Novita
10895,-31,11,0,0,0,3e-06,0.999999,logprobs,Novita
10896,-31,13,0,0,0,8e-06,0.999998,logprobs,Novita
10897,-31,15,0,0,0,7e-06,0.99999,logprobs,Novita
10898,-31,17,0,0,1,0.999934,0.999997,logprobs,Novita
10899,-31,19,1,1,1,0.999942,0.999992,logprobs,Novita
10900,-31,21,1,1,1,0.999842,0.999992,logprobs,Novita
10901,-31,23,1,1,1,,,text,Novita
10902,-31,25,1,1,1,,,text,Novita
10903,-31,27,1,1,1,0.99996,0.999998,logprobs,Novita
10904,-31,29,1,1,1,,,text,Novita
10905,-31,31,0,0,1,1,1,logprobs,Novita
10906,-31,33,0,0,1,0.999983,0.999994,logprobs,Novita
10907,-31,35,0,0,1,0.999979,0.999999,logprobs,Novita
10908,-31,37,0,0,0,0,0.999994,logprobs,Novita
10909,-31,39,0,0,0,1.3e-05,0.999997,logprobs,Novita
10910,-31,41,0,0,0,1e-06,0.999999,logprobs,Novita
10911,-31,43,0,0,0,0,0.999999,logprobs,Novita
10912,-31,45,0,0,0,1e-06,1,logprobs,Novita
10913,-31,47,0,0,0,0,1,logprobs,Novita
10914,-31,49,0,0,1,0.999976,0.999999,logprobs,Novita
10915,-31,51,0,0,0,2e-06,0.999999,logprobs,Novita
10916,-31,53,0,0,0,1e-06,0.999999,logprobs,Novita
10917,-31,55,0,0,0,1e-06,0.999998,logprobs,Novita
10918,-31,57,0,0,0,,,text,Novita
10919,-31,59,0,0,0,1e-06,0.999997,logprobs,Novita
10920,-31,61,0,0,0,,,text,Novita
10921,-31,63,0,0,0,5e-06,0.999997,logprobs,Novita
10922,-31,65,0,0,0,1e-06,0.999996,logprobs,Novita
10923,-31,67,0,0,1,0.999942,0.999995,logprobs,Novita
10924,-31,69,0,0,0,1e-06,0.999999,logprobs,Novita
10925,-31,71,0,0,0,2.8e-05,0.999997,logprobs,Novita
10926,-31,73,0,0,0,2e-06,0.999998,logprobs,Novita
10927,-31,75,0,0,0,7e-06,0.999997,logprobs,Novita
10928,-31,77,0,0,1,0.999842,0.99998,logprobs,Novita
10929,-31,79,0,0,0,1e-06,0.999997,logprobs,Novita
10930,-31,81,0,0,0,,,text,Novita
10931,-31,83,0,0,0,1.9e-05,0.999998,logprobs,Novita
10932,-31,85,0,0,0,,,text,Novita
10933,-31,87,0,0,0,2.1e-05,0.999995,logprobs,Novita
10934,-31,89,0,0,0,4e-06,0.999998,logprobs,Novita
10935,-31,91,0,0,0,3e-06,0.999997,logprobs,Novita
10936,-31,93,0,0,0,,,text,Novita
10937,-31,95,0,0,0,,,text,Novita
10938,-31,97,0,0,0,,,text,Novita
10939,-31,99,0,0,0,0,0.999998,logprobs,Novita
10940,-31,101,0,0,1,0.999985,0.999996,logprobs,Novita
10941,-31,103,0,0,1,0.999904,0.999989,logprobs,Novita
10942,-31,105,0,0,0,6e-06,0.999995,logprobs,Novita
10943,-31,107,0,0,1,0.99962,0.999965,logprobs,Novita
10944,-31,109,0,0,1,0.999904,0.999991,logprobs,Novita
10945,-31,111,0,0,1,0.999934,0.999992,logprobs,Novita
10946,-31,113,0,0,1,0.999992,0.999997,logprobs,Novita
10947,-31,115,0,0,1,0.999739,0.999994,logprobs,Novita
10948,-31,117,1,1,0,0.000203,0.99999,logprobs,Novita
10949,-31,119,1,1,0,7e-06,0.999998,logprobs,Novita
10950,-31,121,1,1,0,,,text,Novita
10951,-31,123,1,1,0,3e-06,0.999996,logprobs,Novita
10952,-31,125,1,1,0,,,text,Novita
10953,-31,127,1,1,1,0.999925,0.99999,logprobs,Novita
10954,-31,129,1,1,0,4e-06,0.999997,logprobs,Novita
10955,-31,131,1,1,1,0.999994,0.999998,logprobs,Novita
10956,-31,133,1,1,1,0.999985,0.999998,logprobs,Novita
10957,-31,135,1,1,1,0.999997,0.999989,logprobs,Novita
10958,-31,137,1,1,1,1,0.999999,logprobs,Novita
10959,-31,139,1,1,1,0.999842,0.999981,logprobs,Novita
10960,-31,141,1,1,1,,,text,Novita
10961,-31,143,1,1,1,1,1,logprobs,Novita
10962,-31,145,1,1,1,0.999942,0.999997,logprobs,Novita
10963,-31,147,1,1,1,0.99999,0.999997,logprobs,Novita
10964,-31,149,1,1,1,0.999972,0.999997,logprobs,Novita
10965,-31,151,1,1,1,0.998675,0.999941,logprobs,Novita
10966,-31,153,1,1,0,,,text,Novita
10967,-31,155,0,0,0,1.7e-05,0.999995,logprobs,Novita
10968,-31,157,0,0,0,,,text,Novita
10969,-31,159,0,0,0,,,text,Novita
10970,-31,161,0,0,0,3e-06,0.999996,logprobs,Novita
10971,-31,163,0,0,0,,,text,Novita
10972,-31,165,0,0,1,0.999965,0.999993,logprobs,Novita
10973,-31,167,0,0,0,2e-06,0.999998,logprobs,Novita
10974,-31,169,0,0,0,,,text,Novita
10975,-31,171,0,0,0,2.1e-05,0.999997,logprobs,Novita
10976,-31,173,0,0,0,,,text,Novita
10977,-31,175,0,0,0,4e-06,0.999999,logprobs,Novita
10978,-31,177,0,0,0,2e-06,0.999997,logprobs,Novita
10979,-31,179,0,0,0,1e-06,0.999999,logprobs,Novita
10980,-33,-179,0,0,0,3e-06,0.999999,logprobs,Novita
10981,-33,-177,0,0,0,2e-06,0.999999,logprobs,Novita
10982,-33,-175,0,0,0,,,text,Novita
10983,-33,-173,0,0,0,1e-06,0.999999,logprobs,Novita
10984,-33,-171,0,0,0,7e-06,0.999998,logprobs,Novita
10985,-33,-169,0,0,0,,,text,Novita
10986,-33,-167,0,0,0,1e-06,0.999999,logprobs,Novita
10987,-33,-165,0,0,0,,,text,Novita
10988,-33,-163,0,0,0,4e-05,0.999991,logprobs,Novita
10989,-33,-161,0,0,0,5.1e-05,0.999993,logprobs,Novita
10990,-33,-159,0,0,1,0.999842,0.999995,logprobs,Novita
10991,-33,-157,0,0,0,1.3e-05,0.999994,logprobs,Novita
10992,-33,-155,0,0,0,4e-06,0.999995,logprobs,Novita
10993,-33,-153,0,0,0,1e-06,0.999999,logprobs,Novita
10994,-33,-151,0,0,0,3.1e-05,0.999992,logprobs,Novita
10995,-33,-149,0,0,0,1e-05,0.999997,logprobs,Novita
10996,-33,-147,0,0,0,,,text,Novita
10997,-33,-145,0,0,0,3e-06,0.999998,logprobs,Novita
10998,-33,-143,0,0,0,7e-06,0.999997,logprobs,Novita
10999,-33,-141,0,0,0,3e-06,0.999999,logprobs,Novita
11000,-33,-139,0,0,0,3e-06,0.999992,logprobs,Novita
11001,-33,-137,0,0,0,7e-06,0.999998,logprobs,Novita
11002,-33,-135,0,0,0,0,0.999998,logprobs,Novita
11003,-33,-133,0,0,0,1e-06,0.999998,logprobs,Novita
11004,-33,-131,0,0,0,3e-06,0.999997,logprobs,Novita
11005,-33,-129,0,0,0,8e-06,0.999996,logprobs,Novita
11006,-33,-127,0,0,0,1e-05,0.999996,logprobs,Novita
11007,-33,-125,0,0,0,2e-06,0.999998,logprobs,Novita
11008,-33,-123,0,0,0,1e-06,0.999999,logprobs,Novita
11009,-33,-121,0,0,0,1e-06,0.999995,logprobs,Novita
11010,-33,-119,0,0,0,1e-06,0.999995,logprobs,Novita
11011,-33,-117,0,0,0,,,text,Novita
11012,-33,-115,0,0,0,,,text,Novita
11013,-33,-113,0,0,0,2e-06,0.999998,logprobs,Novita
11014,-33,-111,0,0,1,0.999942,0.999997,logprobs,Novita
11015,-33,-109,0,0,1,0.99999,0.999999,logprobs,Novita
11016,-33,-107,0,0,1,0.999904,0.999969,logprobs,Novita
11017,-33,-105,0,0,1,0.99962,0.99998,logprobs,Novita
11018,-33,-103,0,0,1,0.999797,0.999977,logprobs,Novita
11019,-33,-101,0,0,1,0.999925,0.999997,logprobs,Novita
11020,-33,-99,0,0,0,3e-06,0.999997,logprobs,Novita
11021,-33,-97,0,0,1,0.999934,0.999995,logprobs,Novita
11022,-33,-95,0,0,0,1.5e-05,0.999994,logprobs,Novita
11023,-33,-93,0,0,0,4.5e-05,0.999986,logprobs,Novita
11024,-33,-91,0,0,0,3.1e-05,0.999995,logprobs,Novita
11025,-33,-89,0,0,0,1.3e-05,0.999991,logprobs,Novita
11026,-33,-87,0,0,1,0.998831,0.999968,logprobs,Novita
11027,-33,-85,0,0,1,0.999969,0.999994,logprobs,Novita
11028,-33,-83,0,0,0,1e-05,0.999982,logprobs,Novita
11029,-33,-81,0,0,0,8e-06,0.999993,logprobs,Novita
11030,-33,-79,0,0,1,0.996827,0.999947,logprobs,Novita
11031,-33,-77,0,0,1,0.998299,0.999938,logprobs,Novita
11032,-33,-75,0,0,1,0.999997,0.999995,logprobs,Novita
11033,-33,-73,0,0,1,0.999998,0.999997,logprobs,Novita
11034,-33,-71,1,1,1,0.999996,0.999998,logprobs,Novita
11035,-33,-69,1,1,1,0.99962,0.999976,logprobs,Novita
11036,-33,-67,1,1,1,0.999991,0.999998,logprobs,Novita
11037,-33,-65,1,1,1,0.999987,0.999997,logprobs,Novita
11038,-33,-63,1,1,1,0.999739,0.999986,logprobs,Novita
11039,-33,-61,1,1,1,0.999999,0.999998,logprobs,Novita
11040,-33,-59,1,1,1,0.999994,0.999998,logprobs,Novita
11041,-33,-57,1,1,1,0.999704,0.999972,logprobs,Novita
11042,-33,-55,1,1,0,3e-06,0.999981,logprobs,Novita
11043,-33,-53,1,1,1,,,text,Novita
11044,-33,-51,0,0,1,0.999972,0.999988,logprobs,Novita
11045,-33,-49,0,0,0,1e-06,0.999999,logprobs,Novita
11046,-33,-47,0,0,1,,,text,Novita
11047,-33,-45,0,0,0,1e-06,0.999997,logprobs,Novita
11048,-33,-43,0,0,0,1e-06,0.999998,logprobs,Novita
11049,-33,-41,0,0,0,3e-06,0.999998,logprobs,Novita
11050,-33,-39,0,0,0,4e-06,0.999997,logprobs,Novita
11051,-33,-37,0,0,0,,,text,Novita
11052,-33,-35,0,0,0,0,0.999999,logprobs,Novita
11053,-33,-33,0,0,0,3e-06,0.999997,logprobs,Novita
11054,-33,-31,0,0,0,2e-06,0.999997,logprobs,Novita
11055,-33,-29,0,0,0,1e-06,0.999998,logprobs,Novita
11056,-33,-27,0,0,0,2e-06,0.999997,logprobs,Novita
11057,-33,-25,0,0,0,1e-06,0.999998,logprobs,Novita
11058,-33,-23,0,0,0,1.7e-05,0.999995,logprobs,Novita
11059,-33,-21,0,0,0,1e-06,0.999997,logprobs,Novita
11060,-33,-19,0,0,0,,,text,Novita
11061,-33,-17,0,0,0,5e-06,0.999998,logprobs,Novita
11062,-33,-15,0,0,0,1e-06,0.999999,logprobs,Novita
11063,-33,-13,0,0,0,2e-06,0.999998,logprobs,Novita
11064,-33,-11,0,0,0,2e-06,0.999998,logprobs,Novita
11065,-33,-9,0,0,0,1e-06,0.999997,logprobs,Novita
11066,-33,-7,0,0,0,2e-06,0.999998,logprobs,Novita
11067,-33,-5,0,0,0,0,0.999999,logprobs,Novita
11068,-33,-3,0,0,0,2e-06,0.999999,logprobs,Novita
11069,-33,-1,0,0,0,1e-06,0.999997,logprobs,Novita
11070,-33,1,0,0,0,,,text,Novita
11071,-33,3,0,0,0,2e-06,0.999997,logprobs,Novita
11072,-33,5,0,0,0,5e-06,0.999992,logprobs,Novita
11073,-33,7,0,0,0,,,text,Novita
11074,-33,9,0,0,0,4e-06,0.999996,logprobs,Novita
11075,-33,11,0,0,0,,,text,Novita
11076,-33,13,0,0,1,0.999704,0.999981,logprobs,Novita
11077,-33,15,0,0,1,0.999996,0.999999,logprobs,Novita
11078,-33,17,0,0,0,,,text,Novita
11079,-33,19,1,1,1,0.999985,0.999999,logprobs,Novita
11080,-33,21,1,1,1,,,text,Novita
11081,-33,23,1,1,1,,,text,Novita
11082,-33,25,1,1,1,0.999979,0.999998,logprobs,Novita
11083,-33,27,1,1,1,0.999949,0.999994,logprobs,Novita
11084,-33,29,0,0,1,0.999374,0.999986,logprobs,Novita
11085,-33,31,0,0,0,1.1e-05,0.999998,logprobs,Novita
11086,-33,33,0,0,0,1e-06,0.999998,logprobs,Novita
11087,-33,35,0,0,0,4e-06,0.999998,logprobs,Novita
11088,-33,37,0,0,1,0.999949,0.999993,logprobs,Novita
11089,-33,39,0,0,1,0.999891,0.999994,logprobs,Novita
11090,-33,41,0,0,0,2e-06,0.999998,logprobs,Novita
11091,-33,43,0,0,1,0.999089,0.999987,logprobs,Novita
11092,-33,45,0,0,0,4e-06,0.999999,logprobs,Novita
11093,-33,47,0,0,1,0.999447,0.99999,logprobs,Novita
11094,-33,49,0,0,0,3e-06,0.999994,logprobs,Novita
11095,-33,51,0,0,0,3e-06,0.999995,logprobs,Novita
11096,-33,53,0,0,0,2e-06,0.999998,logprobs,Novita
11097,-33,55,0,0,0,1e-06,0.999992,logprobs,Novita
11098,-33,57,0,0,1,0.998831,0.999987,logprobs,Novita
11099,-33,59,0,0,0,5.1e-05,0.999997,logprobs,Novita
11100,-33,61,0,0,0,1.5e-05,0.999995,logprobs,Novita
11101,-33,63,0,0,0,2.8e-05,0.999995,logprobs,Novita
11102,-33,65,0,0,0,,,text,Novita
11103,-33,67,0,0,0,2e-06,0.999995,logprobs,Novita
11104,-33,69,0,0,0,2e-06,0.999998,logprobs,Novita
11105,-33,71,0,0,0,0,1,logprobs,Novita
11106,-33,73,0,0,1,,,text,Novita
11107,-33,75,0,0,0,1e-06,0.999999,logprobs,Novita
11108,-33,77,0,0,0,1.7e-05,0.999998,logprobs,Novita
11109,-33,79,0,0,0,6e-06,0.999994,logprobs,Novita
11110,-33,81,0,0,0,1.1e-05,0.999996,logprobs,Novita
11111,-33,83,0,0,0,,,text,Novita
11112,-33,85,0,0,0,1e-05,0.999993,logprobs,Novita
11113,-33,87,0,0,0,2.1e-05,0.999995,logprobs,Novita
11114,-33,89,0,0,0,1e-06,0.999999,logprobs,Novita
11115,-33,91,0,0,0,5e-06,0.999996,logprobs,Novita
11116,-33,93,0,0,0,2e-06,0.999998,logprobs,Novita
11117,-33,95,0,0,0,,,text,Novita
11118,-33,97,0,0,0,1e-06,0.999999,logprobs,Novita
11119,-33,99,0,0,0,5e-06,0.999997,logprobs,Novita
11120,-33,101,0,0,0,4.5e-05,0.999994,logprobs,Novita
11121,-33,103,0,0,0,1.9e-05,0.999991,logprobs,Novita
11122,-33,105,0,0,0,,,text,Novita
11123,-33,107,0,0,0,,,text,Novita
11124,-33,109,0,0,1,0.998831,0.999968,logprobs,Novita
11125,-33,111,0,0,0,1e-06,0.999998,logprobs,Novita
11126,-33,113,0,0,0,1.7e-05,0.999995,logprobs,Novita
11127,-33,115,0,0,1,,,text,Novita
11128,-33,117,1,1,0,,,text,Novita
11129,-33,119,1,1,0,3e-06,0.999996,logprobs,Novita
11130,-33,121,1,1,0,2e-06,0.999996,logprobs,Novita
11131,-33,123,1,1,0,3e-06,0.999991,logprobs,Novita
11132,-33,125,0,0,0,,,text,Novita
11133,-33,127,0,0,1,0.99962,0.999988,logprobs,Novita
11134,-33,129,0,0,0,3e-06,0.999999,logprobs,Novita
11135,-33,131,0,0,0,1e-06,0.999999,logprobs,Novita
11136,-33,133,0,0,1,0.999569,0.999985,logprobs,Novita
11137,-33,135,1,1,0,1e-06,0.999998,logprobs,Novita
11138,-33,137,1,1,1,0.999925,0.999991,logprobs,Novita
11139,-33,139,1,1,1,0.998968,0.999981,logprobs,Novita
11140,-33,141,1,1,1,0.999089,0.999979,logprobs,Novita
11141,-33,143,1,1,0,4e-06,0.999995,logprobs,Novita
11142,-33,145,1,1,1,0.999965,0.999996,logprobs,Novita
11143,-33,147,1,1,1,0.999965,0.999997,logprobs,Novita
11144,-33,149,1,1,1,0.999979,0.999998,logprobs,Novita
11145,-33,151,1,1,0,2e-06,0.999998,logprobs,Novita
11146,-33,153,0,0,0,6e-06,0.999994,logprobs,Novita
11147,-33,155,0,0,0,4e-06,0.999998,logprobs,Novita
11148,-33,157,0,0,0,1e-06,0.999998,logprobs,Novita
11149,-33,159,0,0,0,1.9e-05,0.999992,logprobs,Novita
11150,-33,161,0,0,0,9e-06,0.999997,logprobs,Novita
11151,-33,163,0,0,0,,,text,Novita
11152,-33,165,0,0,0,1.9e-05,0.999987,logprobs,Novita
11153,-33,167,0,0,0,,,text,Novita
11154,-33,169,0,0,0,2e-06,0.999999,logprobs,Novita
11155,-33,171,0,0,0,1.5e-05,0.999993,logprobs,Novita
11156,-33,173,0,0,0,,,text,Novita
11157,-33,175,0,0,0,,,text,Novita
11158,-33,177,0,0,1,0.99996,0.999994,logprobs,Novita
11159,-33,179,0,0,0,3.1e-05,0.999985,logprobs,Novita
11160,-35,-179,0,0,0,,,text,Novita
11161,-35,-177,0,0,0,4e-06,0.999995,logprobs,Novita
11162,-35,-175,0,0,0,3e-06,0.999998,logprobs,Novita
11163,-35,-173,0,0,1,0.999934,0.999993,logprobs,Novita
11164,-35,-171,0,0,0,5e-06,0.999997,logprobs,Novita
11165,-35,-169,0,0,0,0,0.999999,logprobs,Novita
11166,-35,-167,0,0,0,1e-06,0.999997,logprobs,Novita
11167,-35,-165,0,0,0,6e-06,0.99999,logprobs,Novita
11168,-35,-163,0,0,0,2e-06,0.999997,logprobs,Novita
11169,-35,-161,0,0,0,1e-06,0.999998,logprobs,Novita
11170,-35,-159,0,0,0,2e-06,0.999998,logprobs,Novita
11171,-35,-157,0,0,0,0,0.999999,logprobs,Novita
11172,-35,-155,0,0,0,0,0.999999,logprobs,Novita
11173,-35,-153,0,0,0,0,0.999998,logprobs,Novita
11174,-35,-151,0,0,0,0.012443,0.999408,logprobs,Novita
11175,-35,-149,0,0,0,1e-06,0.999997,logprobs,Novita
11176,-35,-147,0,0,0,8e-06,0.99999,logprobs,Novita
11177,-35,-145,0,0,0,,,text,Novita
11178,-35,-143,0,0,0,,,text,Novita
11179,-35,-141,0,0,0,3e-06,0.999997,logprobs,Novita
11180,-35,-139,0,0,0,1.9e-05,0.999994,logprobs,Novita
11181,-35,-137,0,0,0,2.1e-05,0.999989,logprobs,Novita
11182,-35,-135,0,0,0,6e-06,0.999996,logprobs,Novita
11183,-35,-133,0,0,0,1e-06,0.999999,logprobs,Novita
11184,-35,-131,0,0,0,5e-06,0.999994,logprobs,Novita
11185,-35,-129,0,0,0,3e-06,0.99999,logprobs,Novita
11186,-35,-127,0,0,0,1.7e-05,0.999997,logprobs,Novita
11187,-35,-125,0,0,0,5e-06,0.999997,logprobs,Novita
11188,-35,-123,0,0,0,1.3e-05,0.999996,logprobs,Novita
11189,-35,-121,0,0,0,0,0.999998,logprobs,Novita
11190,-35,-119,0,0,0,2.4e-05,0.999994,logprobs,Novita
11191,-35,-117,0,0,0,,,text,Novita
11192,-35,-115,0,0,0,6e-06,0.999997,logprobs,Novita
11193,-35,-113,0,0,1,0.999797,0.999963,logprobs,Novita
11194,-35,-111,0,0,0,5e-06,0.999995,logprobs,Novita
11195,-35,-109,0,0,1,0.999972,0.999984,logprobs,Novita
11196,-35,-107,0,0,1,,,text,Novita
11197,-35,-105,0,0,1,0.99962,0.999983,logprobs,Novita
11198,-35,-103,0,0,1,,,text,Novita
11199,-35,-101,0,0,0,4e-06,0.999998,logprobs,Novita
11200,-35,-99,0,0,1,0.999995,0.999999,logprobs,Novita
11201,-35,-97,0,0,1,0.99982,0.999994,logprobs,Novita
11202,-35,-95,0,0,0,1e-06,0.999998,logprobs,Novita
11203,-35,-93,0,0,1,0.999942,0.999998,logprobs,Novita
11204,-35,-91,0,0,0,0,0.999999,logprobs,Novita
11205,-35,-89,0,0,0,0,1,logprobs,Novita
11206,-35,-87,0,0,0,3e-06,0.999997,logprobs,Novita
11207,-35,-85,0,0,0,,,text,Novita
11208,-35,-83,0,0,1,0.999999,0.999999,logprobs,Novita
11209,-35,-81,0,0,0,2e-06,0.999997,logprobs,Novita
11210,-35,-79,0,0,0,0,0.999999,logprobs,Novita
11211,-35,-77,0,0,0,,,text,Novita
11212,-35,-75,0,0,0,1.5e-05,0.999995,logprobs,Novita
11213,-35,-73,0,0,0,7e-06,0.999998,logprobs,Novita
11214,-35,-71,1,1,1,0.999992,0.999992,logprobs,Novita
11215,-35,-69,1,1,1,0.999374,0.999972,logprobs,Novita
11216,-35,-67,1,1,1,,,text,Novita
11217,-35,-65,1,1,1,0.999991,0.999997,logprobs,Novita
11218,-35,-63,1,1,1,0.999994,0.999995,logprobs,Novita
11219,-35,-61,1,1,1,0.999972,0.999992,logprobs,Novita
11220,-35,-59,1,1,1,,,text,Novita
11221,-35,-57,0,0,1,,,text,Novita
11222,-35,-55,0,0,0,,,text,Novita
11223,-35,-53,0,0,0,3e-06,0.999998,logprobs,Novita
11224,-35,-51,0,0,0,0,0.999998,logprobs,Novita
11225,-35,-49,0,0,1,0.999997,0.999996,logprobs,Novita
11226,-35,-47,0,0,1,0.999949,0.999984,logprobs,Novita
11227,-35,-45,0,0,0,2e-06,0.999997,logprobs,Novita
11228,-35,-43,0,0,0,1e-06,0.999998,logprobs,Novita
11229,-35,-41,0,0,0,0,0.999999,logprobs,Novita
11230,-35,-39,0,0,0,,,text,Novita
11231,-35,-37,0,0,0,4e-06,0.999998,logprobs,Novita
11232,-35,-35,0,0,0,3e-06,0.999999,logprobs,Novita
11233,-35,-33,0,0,0,1e-06,0.999998,logprobs,Novita
11234,-35,-31,0,0,0,2e-06,0.999993,logprobs,Novita
11235,-35,-29,0,0,0,1e-06,0.999998,logprobs,Novita
11236,-35,-27,0,0,0,3e-06,0.999997,logprobs,Novita
11237,-35,-25,0,0,0,0,0.999995,logprobs,Novita
11238,-35,-23,0,0,0,3e-06,0.999997,logprobs,Novita
11239,-35,-21,0,0,0,8e-06,0.999994,logprobs,Novita
11240,-35,-19,0,0,0,0,0.999999,logprobs,Novita
11241,-35,-17,0,0,0,0,0.999998,logprobs,Novita
11242,-35,-15,0,0,0,,,text,Novita
11243,-35,-13,0,0,0,1.1e-05,0.999996,logprobs,Novita
11244,-35,-11,0,0,0,9e-06,0.999996,logprobs,Novita
11245,-35,-9,0,0,0,7e-06,0.999994,logprobs,Novita
11246,-35,-7,0,0,0,,,text,Novita
11247,-35,-5,0,0,0,1e-06,0.999998,logprobs,Novita
11248,-35,-3,0,0,0,1e-06,0.999999,logprobs,Novita
11249,-35,-1,0,0,0,2e-06,0.999998,logprobs,Novita
11250,-35,1,0,0,0,,,text,Novita
11251,-35,3,0,0,0,2e-06,0.999998,logprobs,Novita
11252,-35,5,0,0,0,1.1e-05,0.999998,logprobs,Novita
11253,-35,7,0,0,0,9e-06,0.999994,logprobs,Novita
11254,-35,9,0,0,0,1.7e-05,0.999994,logprobs,Novita
11255,-35,11,0,0,0,2e-06,0.999995,logprobs,Novita
11256,-35,13,0,0,0,8e-06,0.999992,logprobs,Novita
11257,-35,15,0,0,0,4e-06,0.999989,logprobs,Novita
11258,-35,17,0,0,0,4e-06,0.999998,logprobs,Novita
11259,-35,19,0,0,0,0.000158,0.999993,logprobs,Novita
11260,-35,21,0,0,0,1.9e-05,0.999992,logprobs,Novita
11261,-35,23,0,0,0,2e-06,0.999998,logprobs,Novita
11262,-35,25,0,0,0,2.1e-05,0.999996,logprobs,Novita
11263,-35,27,0,0,0,2e-06,0.999999,logprobs,Novita
11264,-35,29,0,0,0,2e-06,0.999995,logprobs,Novita
11265,-35,31,0,0,0,2e-06,0.999996,logprobs,Novita
11266,-35,33,0,0,0,1e-06,0.999997,logprobs,Novita
11267,-35,35,0,0,0,7e-06,0.999998,logprobs,Novita
11268,-35,37,0,0,0,2e-06,0.999998,logprobs,Novita
11269,-35,39,0,0,0,1e-06,0.999998,logprobs,Novita
11270,-35,41,0,0,0,1.1e-05,0.999997,logprobs,Novita
11271,-35,43,0,0,0,7e-06,0.999986,logprobs,Novita
11272,-35,45,0,0,0,,,text,Novita
11273,-35,47,0,0,0,1e-06,0.999999,logprobs,Novita
11274,-35,49,0,0,0,1.7e-05,0.999997,logprobs,Novita
11275,-35,51,0,0,0,1e-06,0.999997,logprobs,Novita
11276,-35,53,0,0,0,0,1,logprobs,Novita
11277,-35,55,0,0,0,,,text,Novita
11278,-35,57,0,0,0,4e-06,0.999998,logprobs,Novita
11279,-35,59,0,0,0,,,text,Novita
11280,-35,61,0,0,0,2.1e-05,0.999987,logprobs,Novita
11281,-35,63,0,0,0,,,text,Novita
11282,-35,65,0,0,0,1e-06,0.999993,logprobs,Novita
11283,-35,67,0,0,0,5e-06,0.999993,logprobs,Novita
11284,-35,69,0,0,0,4e-06,0.999995,logprobs,Novita
11285,-35,71,0,0,1,,,text,Novita
11286,-35,73,0,0,0,1e-06,0.999996,logprobs,Novita
11287,-35,75,0,0,0,1.5e-05,0.999993,logprobs,Novita
11288,-35,77,0,0,0,2.4e-05,0.999996,logprobs,Novita
11289,-35,79,0,0,1,,,text,Novita
11290,-35,81,0,0,0,3e-06,0.999999,logprobs,Novita
11291,-35,83,0,0,0,8e-06,0.999996,logprobs,Novita
11292,-35,85,0,0,0,8e-06,0.999996,logprobs,Novita
11293,-35,87,0,0,0,5e-06,0.999996,logprobs,Novita
11294,-35,89,0,0,0,0,0.999999,logprobs,Novita
11295,-35,91,0,0,0,1e-06,0.999997,logprobs,Novita
11296,-35,93,0,0,0,5e-06,0.999997,logprobs,Novita
11297,-35,95,0,0,0,,,text,Novita
11298,-35,97,0,0,0,1.7e-05,0.999997,logprobs,Novita
11299,-35,99,0,0,0,6e-06,0.999984,logprobs,Novita
11300,-35,101,0,0,1,0.999915,0.999994,logprobs,Novita
11301,-35,103,0,0,1,0.999374,0.999987,logprobs,Novita
11302,-35,105,0,0,0,2e-06,0.999998,logprobs,Novita
11303,-35,107,0,0,1,0.99929,0.99997,logprobs,Novita
11304,-35,109,0,0,1,0.999569,0.999972,logprobs,Novita
11305,-35,111,0,0,1,0.999987,0.999993,logprobs,Novita
11306,-35,113,0,0,1,0.999987,0.999995,logprobs,Novita
11307,-35,115,0,0,0,5.8e-05,0.999993,logprobs,Novita
11308,-35,117,1,1,1,0.999942,0.999993,logprobs,Novita
11309,-35,119,0,0,1,,,text,Novita
11310,-35,121,0,0,0,2e-06,0.999998,logprobs,Novita
11311,-35,123,0,0,0,1e-06,0.999995,logprobs,Novita
11312,-35,125,0,0,0,4e-06,0.999991,logprobs,Novita
11313,-35,127,0,0,0,,,text,Novita
11314,-35,129,0,0,0,,,text,Novita
11315,-35,131,0,0,1,0.99929,0.999984,logprobs,Novita
11316,-35,133,0,0,1,,,text,Novita
11317,-35,135,0,0,0,,,text,Novita
11318,-35,137,1,1,1,0.999981,0.999996,logprobs,Novita
11319,-35,139,1,1,1,,,text,Novita
11320,-35,141,1,1,0,2e-06,0.999994,logprobs,Novita
11321,-35,143,1,1,1,0.999955,0.999989,logprobs,Novita
11322,-35,145,1,1,1,0.999934,0.999994,logprobs,Novita
11323,-35,147,1,1,1,0.999981,0.999995,logprobs,Novita
11324,-35,149,1,1,0,1e-06,0.999997,logprobs,Novita
11325,-35,151,0,0,1,0.999739,0.999995,logprobs,Novita
11326,-35,153,0,0,1,0.99982,0.999993,logprobs,Novita
11327,-35,155,0,0,0,0,0.999999,logprobs,Novita
11328,-35,157,0,0,0,1e-06,0.999999,logprobs,Novita
11329,-35,159,0,0,0,1e-06,0.999998,logprobs,Novita
11330,-35,161,0,0,1,0.99986,0.999991,logprobs,Novita
11331,-35,163,0,0,0,,,text,Novita
11332,-35,165,0,0,0,5e-06,0.999996,logprobs,Novita
11333,-35,167,0,0,1,,,text,Novita
11334,-35,169,0,0,0,1e-06,0.999996,logprobs,Novita
11335,-35,171,0,0,1,,,text,Novita
11336,-35,173,0,0,1,0.999969,0.999995,logprobs,Novita
11337,-35,175,0,0,0,1e-06,0.999999,logprobs,Novita
11338,-35,177,0,0,0,2.1e-05,0.99999,logprobs,Novita
11339,-35,179,0,0,0,0,0.999998,logprobs,Novita
11340,-37,-179,0,0,0,4e-06,0.999998,logprobs,Novita
11341,-37,-177,0,0,0,,,text,Novita
11342,-37,-175,0,0,1,0.999942,0.999993,logprobs,Novita
11343,-37,-173,0,0,0,5e-06,0.999998,logprobs,Novita
11344,-37,-171,0,0,1,,,text,Novita
11345,-37,-169,0,0,0,3.5e-05,0.999998,logprobs,Novita
11346,-37,-167,0,0,0,2.1e-05,0.999993,logprobs,Novita
11347,-37,-165,0,0,0,3e-06,0.999997,logprobs,Novita
11348,-37,-163,0,0,0,2.1e-05,0.999993,logprobs,Novita
11349,-37,-161,0,0,0,9.6e-05,0.999994,logprobs,Novita
11350,-37,-159,0,0,0,,,text,Novita
11351,-37,-157,0,0,0,,,text,Novita
11352,-37,-155,0,0,0,3e-06,0.999996,logprobs,Novita
11353,-37,-153,0,0,0,2.1e-05,0.999995,logprobs,Novita
11354,-37,-151,0,0,0,4e-06,0.999997,logprobs,Novita
11355,-37,-149,0,0,0,1.7e-05,0.999992,logprobs,Novita
11356,-37,-147,0,0,0,1e-06,0.999999,logprobs,Novita
11357,-37,-145,0,0,0,1e-06,0.999997,logprobs,Novita
11358,-37,-143,0,0,0,1e-06,0.999999,logprobs,Novita
11359,-37,-141,0,0,0,8.5e-05,0.999992,logprobs,Novita
11360,-37,-139,0,0,0,3.1e-05,0.99999,logprobs,Novita
11361,-37,-137,0,0,0,1.9e-05,0.999995,logprobs,Novita
11362,-37,-135,0,0,0,4e-06,0.999997,logprobs,Novita
11363,-37,-133,0,0,0,1e-06,0.999999,logprobs,Novita
11364,-37,-131,0,0,0,5.8e-05,0.999985,logprobs,Novita
11365,-37,-129,0,0,0,3e-06,0.999997,logprobs,Novita
11366,-37,-127,0,0,0,7e-06,0.999998,logprobs,Novita
11367,-37,-125,0,0,0,2e-06,0.999991,logprobs,Novita
11368,-37,-123,0,0,0,4e-06,0.999995,logprobs,Novita
11369,-37,-121,0,0,0,3e-06,0.999988,logprobs,Novita
11370,-37,-119,0,0,0,2e-06,0.999998,logprobs,Novita
11371,-37,-117,0,0,0,,,text,Novita
11372,-37,-115,0,0,0,4e-06,0.999997,logprobs,Novita
11373,-37,-113,0,0,0,5e-06,0.999997,logprobs,Novita
11374,-37,-111,0,0,0,4e-06,0.999998,logprobs,Novita
11375,-37,-109,0,0,1,0.999942,0.999991,logprobs,Novita
11376,-37,-107,0,0,1,0.99977,0.999994,logprobs,Novita
11377,-37,-105,0,0,0,4e-05,0.999995,logprobs,Novita
11378,-37,-103,0,0,1,0.999665,0.999939,logprobs,Novita
11379,-37,-101,0,0,1,0.999949,0.999997,logprobs,Novita
11380,-37,-99,0,0,1,0.999991,0.999997,logprobs,Novita
11381,-37,-97,0,0,0,5e-06,0.999997,logprobs,Novita
11382,-37,-95,0,0,0,0,1,logprobs,Novita
11383,-37,-93,0,0,0,,,text,Novita
11384,-37,-91,0,0,0,,,text,Novita
11385,-37,-89,0,0,1,,,text,Novita
11386,-37,-87,0,0,0,4e-06,0.999992,logprobs,Novita
11387,-37,-85,0,0,0,1e-06,0.999998,logprobs,Novita
11388,-37,-83,0,0,1,0.998831,0.999967,logprobs,Novita
11389,-37,-81,0,0,0,3e-06,0.999997,logprobs,Novita
11390,-37,-79,0,0,1,,,text,Novita
11391,-37,-77,0,0,0,2.1e-05,0.999992,logprobs,Novita
11392,-37,-75,0,0,0,2e-06,0.999996,logprobs,Novita
11393,-37,-73,1,1,0,2e-06,0.999998,logprobs,Novita
11394,-37,-71,1,1,1,0.999942,0.999998,logprobs,Novita
11395,-37,-69,1,1,0,0,0.999999,logprobs,Novita
11396,-37,-67,1,1,1,0.999915,0.999995,logprobs,Novita
11397,-37,-65,1,1,1,0.999972,0.999988,logprobs,Novita
11398,-37,-63,1,1,0,1e-06,0.999997,logprobs,Novita
11399,-37,-61,1,1,0,3e-06,0.999998,logprobs,Novita
11400,-37,-59,1,1,0,,,text,Novita
11401,-37,-57,1,1,0,,,text,Novita
11402,-37,-55,0,0,0,3e-06,0.999997,logprobs,Novita
11403,-37,-53,0,0,0,3e-06,0.999997,logprobs,Novita
11404,-37,-51,0,0,0,1e-06,0.999998,logprobs,Novita
11405,-37,-49,0,0,0,0,1,logprobs,Novita
11406,-37,-47,0,0,0,1e-06,0.999998,logprobs,Novita
11407,-37,-45,0,0,0,,,text,Novita
11408,-37,-43,0,0,0,3e-06,0.999998,logprobs,Novita
11409,-37,-41,0,0,0,1e-06,0.999998,logprobs,Novita
11410,-37,-39,0,0,0,1.3e-05,0.999998,logprobs,Novita
11411,-37,-37,0,0,0,1e-06,0.999997,logprobs,Novita
11412,-37,-35,0,0,0,,,text,Novita
11413,-37,-33,0,0,0,1e-06,0.999999,logprobs,Novita
11414,-37,-31,0,0,0,2e-06,0.999998,logprobs,Novita
11415,-37,-29,0,0,0,7e-06,0.999999,logprobs,Novita
11416,-37,-27,0,0,0,,,text,Novita
11417,-37,-25,0,0,0,3e-06,0.999999,logprobs,Novita
11418,-37,-23,0,0,0,6e-06,0.999997,logprobs,Novita
11419,-37,-21,0,0,0,1e-06,0.999998,logprobs,Novita
11420,-37,-19,0,0,0,,,text,Novita
11421,-37,-17,0,0,0,0.000261,0.999991,logprobs,Novita
11422,-37,-15,0,0,0,,,text,Novita
11423,-37,-13,0,0,0,3e-06,0.999998,logprobs,Novita
11424,-37,-11,0,0,0,,,text,Novita
11425,-37,-9,0,0,0,1e-06,0.999997,logprobs,Novita
11426,-37,-7,0,0,0,8e-06,0.999997,logprobs,Novita
11427,-37,-5,0,0,0,6e-06,0.999996,logprobs,Novita
11428,-37,-3,0,0,0,5e-06,0.999998,logprobs,Novita
11429,-37,-1,0,0,0,3e-06,0.999996,logprobs,Novita
11430,-37,1,0,0,0,,,text,Novita
11431,-37,3,0,0,0,0.000296,0.999982,logprobs,Novita
11432,-37,5,0,0,0,1.1e-05,0.999997,logprobs,Novita
11433,-37,7,0,0,0,2e-06,0.999998,logprobs,Novita
11434,-37,9,0,0,0,1.9e-05,0.999998,logprobs,Novita
11435,-37,11,0,0,0,,,text,Novita
11436,-37,13,0,0,0,4e-06,0.999999,logprobs,Novita
11437,-37,15,0,0,1,0.991423,0.999943,logprobs,Novita
11438,-37,17,0,0,0,1e-06,0.999998,logprobs,Novita
11439,-37,19,0,0,0,9e-06,0.999997,logprobs,Novita
11440,-37,21,0,0,1,0.999739,0.999985,logprobs,Novita
11441,-37,23,0,0,0,,,text,Novita
11442,-37,25,0,0,0,3e-06,0.999998,logprobs,Novita
11443,-37,27,0,0,1,0.999983,0.999997,logprobs,Novita
11444,-37,29,0,0,1,,,text,Novita
11445,-37,31,0,0,0,,,text,Novita
11446,-37,33,0,0,0,,,text,Novita
11447,-37,35,0,0,0,3e-06,0.999998,logprobs,Novita
11448,-37,37,0,0,0,8e-06,0.999996,logprobs,Novita
11449,-37,39,0,0,0,1e-06,0.999999,logprobs,Novita
11450,-37,41,0,0,0,1e-06,0.999999,logprobs,Novita
11451,-37,43,0,0,0,1e-06,0.999998,logprobs,Novita
11452,-37,45,0,0,0,1.5e-05,0.999996,logprobs,Novita
11453,-37,47,0,0,0,0,1,logprobs,Novita
11454,-37,49,0,0,1,0.999972,0.999994,logprobs,Novita
11455,-37,51,0,0,0,,,text,Novita
11456,-37,53,0,0,0,9e-06,0.999996,logprobs,Novita
11457,-37,55,0,0,0,5e-06,0.999997,logprobs,Novita
11458,-37,57,0,0,0,0,0.999997,logprobs,Novita
11459,-37,59,0,0,0,8e-06,0.999998,logprobs,Novita
11460,-37,61,0,0,0,5e-06,0.999998,logprobs,Novita
11461,-37,63,0,0,0,1.5e-05,0.999993,logprobs,Novita
11462,-37,65,0,0,0,,,text,Novita
11463,-37,67,0,0,0,2e-06,0.999998,logprobs,Novita
11464,-37,69,0,0,0,1e-06,0.999999,logprobs,Novita
11465,-37,71,0,0,0,3.1e-05,0.999989,logprobs,Novita
11466,-37,73,0,0,0,5e-06,0.999997,logprobs,Novita
11467,-37,75,0,0,0,3e-06,0.999994,logprobs,Novita
11468,-37,77,0,0,0,2e-06,0.999999,logprobs,Novita
11469,-37,79,0,0,0,5e-06,0.999997,logprobs,Novita
11470,-37,81,0,0,0,8e-06,0.999998,logprobs,Novita
11471,-37,83,0,0,0,1e-06,0.999996,logprobs,Novita
11472,-37,85,0,0,0,4e-06,0.999997,logprobs,Novita
11473,-37,87,0,0,0,,,text,Novita
11474,-37,89,0,0,0,6e-06,0.999995,logprobs,Novita
11475,-37,91,0,0,0,2e-06,0.999993,logprobs,Novita
11476,-37,93,0,0,0,4e-06,0.999997,logprobs,Novita
11477,-37,95,0,0,0,3e-06,0.999997,logprobs,Novita
11478,-37,97,0,0,0,4e-06,0.999998,logprobs,Novita
11479,-37,99,0,0,0,4e-06,0.999996,logprobs,Novita
11480,-37,101,0,0,0,8e-06,0.99999,logprobs,Novita
11481,-37,103,0,0,1,0.999904,0.999996,logprobs,Novita
11482,-37,105,0,0,0,,,text,Novita
11483,-37,107,0,0,1,0.999983,0.999998,logprobs,Novita
11484,-37,109,0,0,1,0.999665,0.999986,logprobs,Novita
11485,-37,111,0,0,1,0.999955,0.999992,logprobs,Novita
11486,-37,113,0,0,1,0.99962,0.999977,logprobs,Novita
11487,-37,115,0,0,0,7.5e-05,0.999974,logprobs,Novita
11488,-37,117,0,0,1,0.999842,0.99998,logprobs,Novita
11489,-37,119,0,0,1,0.999996,0.999999,logprobs,Novita
11490,-37,121,0,0,0,4e-06,0.999998,logprobs,Novita
11491,-37,123,0,0,1,0.999196,0.999987,logprobs,Novita
11492,-37,125,0,0,1,0.999979,0.999998,logprobs,Novita
11493,-37,127,0,0,1,0.999983,0.999999,logprobs,Novita
11494,-37,129,0,0,1,0.996828,0.999984,logprobs,Novita
11495,-37,131,0,0,1,0.99929,0.999993,logprobs,Novita
11496,-37,133,0,0,1,0.999997,0.999998,logprobs,Novita
11497,-37,135,0,0,1,0.999979,0.999982,logprobs,Novita
11498,-37,137,0,0,1,0.999983,0.999998,logprobs,Novita
11499,-37,139,0,0,1,1,0.999999,logprobs,Novita
11500,-37,141,1,1,1,0.999992,0.999998,logprobs,Novita
11501,-37,143,1,1,1,,,text,Novita
11502,-37,145,1,1,1,,,text,Novita
11503,-37,147,1,1,1,0.999998,0.999998,logprobs,Novita
11504,-37,149,1,1,1,0.999983,0.999996,logprobs,Novita
11505,-37,151,0,0,1,0.999965,0.999995,logprobs,Novita
11506,-37,153,0,0,1,0.993308,0.999925,logprobs,Novita
11507,-37,155,0,0,0,9.6e-05,0.99999,logprobs,Novita
11508,-37,157,0,0,0,,,text,Novita
11509,-37,159,0,0,0,3e-06,0.999999,logprobs,Novita
11510,-37,161,0,0,0,0,1,logprobs,Novita
11511,-37,163,0,0,1,0.995391,0.999928,logprobs,Novita
11512,-37,165,0,0,0,1.7e-05,0.999995,logprobs,Novita
11513,-37,167,0,0,0,0.000804,0.999801,logprobs,Novita
11514,-37,169,0,0,0,1e-06,0.999999,logprobs,Novita
11515,-37,171,0,0,1,0.989019,0.999836,logprobs,Novita
11516,-37,173,0,0,0,0.00014,0.999992,logprobs,Novita
11517,-37,175,1,1,1,0.991423,0.999956,logprobs,Novita
11518,-37,177,0,0,0,4.5e-05,0.999993,logprobs,Novita
11519,-37,179,0,0,1,0.999769,0.999996,logprobs,Novita
11520,-39,-179,0,0,0,3e-06,0.999999,logprobs,Novita
11521,-39,-177,0,0,0,1e-06,1,logprobs,Novita
11522,-39,-175,0,0,1,0.99996,0.999998,logprobs,Novita
11523,-39,-173,0,0,0,3e-06,0.999998,logprobs,Novita
11524,-39,-171,0,0,0,4e-06,0.999999,logprobs,Novita
11525,-39,-169,0,0,0,5e-06,0.999996,logprobs,Novita
11526,-39,-167,0,0,0,1e-06,0.999998,logprobs,Novita
11527,-39,-165,0,0,0,,,text,Novita
11528,-39,-163,0,0,0,4e-06,0.999997,logprobs,Novita
11529,-39,-161,0,0,0,0,0.999999,logprobs,Novita
11530,-39,-159,0,0,0,0,0.999999,logprobs,Novita
11531,-39,-157,0,0,0,,,text,Novita
11532,-39,-155,0,0,0,0,0.999998,logprobs,Novita
11533,-39,-153,0,0,0,2e-06,0.999995,logprobs,Novita
11534,-39,-151,0,0,0,1e-06,0.999998,logprobs,Novita
11535,-39,-149,0,0,0,,,text,Novita
11536,-39,-147,0,0,0,0,0.999997,logprobs,Novita
11537,-39,-145,0,0,0,1e-06,0.999998,logprobs,Novita
11538,-39,-143,0,0,0,2e-06,0.999998,logprobs,Novita
11539,-39,-141,0,0,0,1e-06,0.999998,logprobs,Novita
11540,-39,-139,0,0,0,,,text,Novita
11541,-39,-137,0,0,0,2e-06,0.999999,logprobs,Novita
11542,-39,-135,0,0,0,5e-06,0.999997,logprobs,Novita
11543,-39,-133,0,0,0,1e-06,0.999998,logprobs,Novita
11544,-39,-131,0,0,0,1e-06,0.999996,logprobs,Novita
11545,-39,-129,0,0,0,1e-06,0.999999,logprobs,Novita
11546,-39,-127,0,0,0,2e-06,0.999999,logprobs,Novita
11547,-39,-125,0,0,0,8e-06,0.999998,logprobs,Novita
11548,-39,-123,0,0,0,,,text,Novita
11549,-39,-121,0,0,0,1.9e-05,0.999993,logprobs,Novita
11550,-39,-119,0,0,0,3e-06,0.999998,logprobs,Novita
11551,-39,-117,0,0,0,,,text,Novita
11552,-39,-115,0,0,0,3e-06,0.999998,logprobs,Novita
11553,-39,-113,0,0,0,2e-06,0.999998,logprobs,Novita
11554,-39,-111,0,0,0,1e-06,0.999998,logprobs,Novita
11555,-39,-109,0,0,0,,,text,Novita
11556,-39,-107,0,0,1,0.997528,0.99993,logprobs,Novita
11557,-39,-105,0,0,1,0.999089,0.999983,logprobs,Novita
11558,-39,-103,0,0,0,1e-06,0.999999,logprobs,Novita
11559,-39,-101,0,0,1,,,text,Novita
11560,-39,-99,0,0,0,,,text,Novita
11561,-39,-97,0,0,0,1e-06,0.999998,logprobs,Novita
11562,-39,-95,0,0,0,4e-06,0.999999,logprobs,Novita
11563,-39,-93,0,0,1,0.999915,0.999977,logprobs,Novita
11564,-39,-91,0,0,0,1e-06,0.999999,logprobs,Novita
11565,-39,-89,0,0,0,2e-06,0.999998,logprobs,Novita
11566,-39,-87,0,0,0,,,text,Novita
11567,-39,-85,0,0,0,4e-06,0.999998,logprobs,Novita
11568,-39,-83,0,0,0,0,0.999998,logprobs,Novita
11569,-39,-81,0,0,0,1e-06,0.999999,logprobs,Novita
11570,-39,-79,0,0,0,0,0.999999,logprobs,Novita
11571,-39,-77,0,0,0,,,text,Novita
11572,-39,-75,0,0,0,0,0.999999,logprobs,Novita
11573,-39,-73,1,1,0,1e-06,0.999996,logprobs,Novita
11574,-39,-71,1,1,0,2e-06,0.999998,logprobs,Novita
11575,-39,-69,1,1,0,0,1,logprobs,Novita
11576,-39,-67,1,1,0,0,0.999999,logprobs,Novita
11577,-39,-65,1,1,0,1e-06,0.999997,logprobs,Novita
11578,-39,-63,1,1,0,1e-06,0.999999,logprobs,Novita
11579,-39,-61,0,0,0,2.1e-05,0.999996,logprobs,Novita
11580,-39,-59,0,0,0,,,text,Novita
11581,-39,-57,0,0,0,,,text,Novita
11582,-39,-55,0,0,0,,,text,Novita
11583,-39,-53,0,0,0,1e-06,0.999999,logprobs,Novita
11584,-39,-51,0,0,0,0,0.999999,logprobs,Novita
11585,-39,-49,0,0,0,,,text,Novita
11586,-39,-47,0,0,0,1e-06,0.999998,logprobs,Novita
11587,-39,-45,0,0,0,1e-06,0.999999,logprobs,Novita
11588,-39,-43,0,0,0,2e-06,0.999999,logprobs,Novita
11589,-39,-41,0,0,0,3e-06,0.999997,logprobs,Novita
11590,-39,-39,0,0,0,7e-06,0.999989,logprobs,Novita
11591,-39,-37,0,0,0,1e-06,0.999999,logprobs,Novita
11592,-39,-35,0,0,0,0,0.999998,logprobs,Novita
11593,-39,-33,0,0,0,1e-06,0.999999,logprobs,Novita
11594,-39,-31,0,0,0,,,text,Novita
11595,-39,-29,0,0,0,4e-06,0.999997,logprobs,Novita
11596,-39,-27,0,0,0,1e-06,0.999998,logprobs,Novita
11597,-39,-25,0,0,0,1e-06,0.999999,logprobs,Novita
11598,-39,-23,0,0,0,1e-06,0.999998,logprobs,Novita
11599,-39,-21,0,0,0,4e-06,0.999997,logprobs,Novita
11600,-39,-19,0,0,0,1e-06,0.999999,logprobs,Novita
11601,-39,-17,0,0,0,,,text,Novita
11602,-39,-15,0,0,0,,,text,Novita
11603,-39,-13,0,0,0,1e-06,0.999999,logprobs,Novita
11604,-39,-11,0,0,0,1e-06,0.999999,logprobs,Novita
11605,-39,-9,0,0,0,4e-06,0.999998,logprobs,Novita
11606,-39,-7,0,0,0,3e-06,0.999997,logprobs,Novita
11607,-39,-5,0,0,0,5e-06,0.999998,logprobs,Novita
11608,-39,-3,0,0,0,1e-06,0.999998,logprobs,Novita
11609,-39,-1,0,0,0,7e-06,0.999996,logprobs,Novita
11610,-39,1,0,0,0,0,0.999998,logprobs,Novita
11611,-39,3,0,0,0,2e-06,0.999997,logprobs,Novita
11612,-39,5,0,0,0,3e-06,0.999998,logprobs,Novita
11613,-39,7,0,0,0,1.5e-05,0.999997,logprobs,Novita
11614,-39,9,0,0,0,1e-06,0.999998,logprobs,Novita
11615,-39,11,0,0,0,4e-06,0.999997,logprobs,Novita
11616,-39,13,0,0,0,0,0.999999,logprobs,Novita
11617,-39,15,0,0,0,4e-06,0.999999,logprobs,Novita
11618,-39,17,0,0,0,2e-06,0.999997,logprobs,Novita
11619,-39,19,0,0,0,0,0.999997,logprobs,Novita
11620,-39,21,0,0,0,0,0.999999,logprobs,Novita
11621,-39,23,0,0,0,6e-06,0.999997,logprobs,Novita
11622,-39,25,0,0,0,1e-06,0.999998,logprobs,Novita
11623,-39,27,0,0,0,0,1,logprobs,Novita
11624,-39,29,0,0,0,2e-06,0.999996,logprobs,Novita
11625,-39,31,0,0,1,0.999842,0.999995,logprobs,Novita
11626,-39,33,0,0,0,3e-06,0.999997,logprobs,Novita
11627,-39,35,0,0,0,,,text,Novita
11628,-39,37,0,0,0,1e-06,0.999998,logprobs,Novita
11629,-39,39,0,0,0,1.9e-05,0.999996,logprobs,Novita
11630,-39,41,0,0,0,,,text,Novita
11631,-39,43,0,0,0,1e-06,0.999999,logprobs,Novita
11632,-39,45,0,0,0,5e-06,0.999998,logprobs,Novita
11633,-39,47,0,0,0,0,0.999999,logprobs,Novita
11634,-39,49,0,0,0,0,0.999997,logprobs,Novita
11635,-39,51,0,0,0,,,text,Novita
11636,-39,53,0,0,0,4e-06,0.999998,logprobs,Novita
11637,-39,55,0,0,0,1e-05,0.999994,logprobs,Novita
11638,-39,57,0,0,0,1e-06,0.999996,logprobs,Novita
11639,-39,59,0,0,0,2e-06,0.999998,logprobs,Novita
11640,-39,61,0,0,0,0,1,logprobs,Novita
11641,-39,63,0,0,0,,,text,Novita
11642,-39,65,0,0,0,1e-06,0.999999,logprobs,Novita
11643,-39,67,0,0,0,0,0.999999,logprobs,Novita
11644,-39,69,0,0,0,,,text,Novita
11645,-39,71,0,0,0,2e-06,0.999998,logprobs,Novita
11646,-39,73,0,0,0,6e-06,0.999998,logprobs,Novita
11647,-39,75,0,0,0,,,text,Novita
11648,-39,77,0,0,0,,,text,Novita
11649,-39,79,0,0,0,7e-06,0.999997,logprobs,Novita
11650,-39,81,0,0,0,3e-06,0.999996,logprobs,Novita
11651,-39,83,0,0,0,5e-06,0.999998,logprobs,Novita
11652,-39,85,0,0,0,8e-06,0.999992,logprobs,Novita
11653,-39,87,0,0,0,,,text,Novita
11654,-39,89,0,0,0,,,text,Novita
11655,-39,91,0,0,0,5.1e-05,0.999981,logprobs,Novita
11656,-39,93,0,0,0,9e-06,0.999998,logprobs,Novita
11657,-39,95,0,0,0,1e-06,0.999999,logprobs,Novita
11658,-39,97,0,0,0,0,0.999997,logprobs,Novita
11659,-39,99,0,0,0,7e-06,0.999995,logprobs,Novita
11660,-39,101,0,0,1,0.999739,0.999989,logprobs,Novita
11661,-39,103,0,0,0,3e-06,0.99999,logprobs,Novita
11662,-39,105,0,0,0,9e-06,0.999996,logprobs,Novita
11663,-39,107,0,0,1,0.999972,0.999996,logprobs,Novita
11664,-39,109,0,0,0,1e-06,0.999998,logprobs,Novita
11665,-39,111,0,0,1,0.999981,0.999997,logprobs,Novita
11666,-39,113,0,0,1,,,text,Novita
11667,-39,115,0,0,0,,,text,Novita
11668,-39,117,0,0,0,8e-06,0.999998,logprobs,Novita
11669,-39,119,0,0,0,1e-06,0.999996,logprobs,Novita
11670,-39,121,0,0,0,,,text,Novita
11671,-39,123,0,0,0,,,text,Novita
11672,-39,125,0,0,0,7e-06,0.999991,logprobs,Novita
11673,-39,127,0,0,0,1e-06,0.999998,logprobs,Novita
11674,-39,129,0,0,0,8e-06,0.999995,logprobs,Novita
11675,-39,131,0,0,0,1e-06,0.999999,logprobs,Novita
11676,-39,133,0,0,1,0.999877,0.999982,logprobs,Novita
11677,-39,135,0,0,0,,,text,Novita
11678,-39,137,0,0,1,0.999891,0.999995,logprobs,Novita
11679,-39,139,0,0,0,4e-06,0.999998,logprobs,Novita
11680,-39,141,0,0,0,,,text,Novita
11681,-39,143,0,0,1,0.999976,0.999946,logprobs,Novita
11682,-39,145,0,0,0,1.1e-05,0.999996,logprobs,Novita
11683,-39,147,0,0,1,0.999949,0.999978,logprobs,Novita
11684,-39,149,0,0,1,0.997527,0.999984,logprobs,Novita
11685,-39,151,0,0,0,4.5e-05,0.999996,logprobs,Novita
11686,-39,153,0,0,0,8e-06,0.999998,logprobs,Novita
11687,-39,155,0,0,0,,,text,Novita
11688,-39,157,0,0,0,1.9e-05,0.999995,logprobs,Novita
11689,-39,159,0,0,0,2e-06,0.999999,logprobs,Novita
11690,-39,161,0,0,0,3e-06,0.999999,logprobs,Novita
11691,-39,163,0,0,0,4e-05,0.999997,logprobs,Novita
11692,-39,165,0,0,0,4e-06,0.999998,logprobs,Novita
11693,-39,167,0,0,1,0.999987,0.999992,logprobs,Novita
11694,-39,169,0,0,1,0.999842,0.999987,logprobs,Novita
11695,-39,171,0,0,0,2e-06,0.999998,logprobs,Novita
11696,-39,173,0,0,0,,,text,Novita
11697,-39,175,1,1,0,2.1e-05,0.999994,logprobs,Novita
11698,-39,177,1,1,0,7e-06,0.999995,logprobs,Novita
11699,-39,179,0,0,0,0,0.999999,logprobs,Novita
11700,-41,-179,0,0,0,0,0.999999,logprobs,Novita
11701,-41,-177,0,0,0,4e-06,0.999998,logprobs,Novita
11702,-41,-175,0,0,0,,,text,Novita
11703,-41,-173,0,0,0,0,0.999999,logprobs,Novita
11704,-41,-171,0,0,0,,,text,Novita
11705,-41,-169,0,0,0,,,text,Novita
11706,-41,-167,0,0,0,,,text,Novita
11707,-41,-165,0,0,0,,,text,Novita
11708,-41,-163,0,0,0,2e-06,0.999998,logprobs,Novita
11709,-41,-161,0,0,0,1e-06,0.999999,logprobs,Novita
11710,-41,-159,0,0,0,4.5e-05,0.999993,logprobs,Novita
11711,-41,-157,0,0,0,0,0.999998,logprobs,Novita
11712,-41,-155,0,0,0,7e-06,0.999995,logprobs,Novita
11713,-41,-153,0,0,0,1e-06,0.999998,logprobs,Novita
11714,-41,-151,0,0,0,1e-06,0.999998,logprobs,Novita
11715,-41,-149,0,0,0,3e-06,0.999991,logprobs,Novita
11716,-41,-147,0,0,0,2e-06,0.999998,logprobs,Novita
11717,-41,-145,0,0,0,2.1e-05,0.99999,logprobs,Novita
11718,-41,-143,0,0,0,1e-06,0.999999,logprobs,Novita
11719,-41,-141,0,0,0,1e-06,0.999998,logprobs,Novita
11720,-41,-139,0,0,0,3e-06,0.999993,logprobs,Novita
11721,-41,-137,0,0,0,2e-06,0.999999,logprobs,Novita
11722,-41,-135,0,0,0,1e-06,0.999996,logprobs,Novita
11723,-41,-133,0,0,0,,,text,Novita
11724,-41,-131,0,0,0,1e-06,0.999996,logprobs,Novita
11725,-41,-129,0,0,0,,,text,Novita
11726,-41,-127,0,0,0,1e-06,0.999999,logprobs,Novita
11727,-41,-125,0,0,0,3e-06,0.999998,logprobs,Novita
11728,-41,-123,0,0,0,5e-06,0.999997,logprobs,Novita
11729,-41,-121,0,0,0,,,text,Novita
11730,-41,-119,0,0,0,,,text,Novita
11731,-41,-117,0,0,1,0.999999,1,logprobs,Novita
11732,-41,-115,0,0,0,7e-06,0.999996,logprobs,Novita
11733,-41,-113,0,0,0,1e-05,0.999996,logprobs,Novita
11734,-41,-111,0,0,0,0.008579,0.999803,logprobs,Novita
11735,-41,-109,0,0,0,1.1e-05,0.999997,logprobs,Novita
11736,-41,-107,0,0,1,0.999989,0.999992,logprobs,Novita
11737,-41,-105,0,0,0,,,text,Novita
11738,-41,-103,0,0,1,0.99986,0.99996,logprobs,Novita
11739,-41,-101,0,0,1,,,text,Novita
11740,-41,-99,0,0,1,0.999976,0.999998,logprobs,Novita
11741,-41,-97,0,0,0,,,text,Novita
11742,-41,-95,0,0,1,0.997818,0.999972,logprobs,Novita
11743,-41,-93,0,0,0,2.4e-05,0.999998,logprobs,Novita
11744,-41,-91,0,0,0,2e-06,0.999999,logprobs,Novita
11745,-41,-89,0,0,1,0.999374,0.999992,logprobs,Novita
11746,-41,-87,0,0,1,,,text,Novita
11747,-41,-85,0,0,0,,,text,Novita
11748,-41,-83,0,0,0,7e-06,0.999997,logprobs,Novita
11749,-41,-81,0,0,0,,,text,Novita
11750,-41,-79,0,0,0,1e-06,0.999998,logprobs,Novita
11751,-41,-77,0,0,0,1e-06,0.999997,logprobs,Novita
11752,-41,-75,0,0,0,4e-06,0.999998,logprobs,Novita
11753,-41,-73,1,1,0,,,text,Novita
11754,-41,-71,1,1,0,1e-06,0.999998,logprobs,Novita
11755,-41,-69,1,1,0,0,0.999998,logprobs,Novita
11756,-41,-67,1,1,0,,,text,Novita
11757,-41,-65,0,0,0,3e-06,0.999998,logprobs,Novita
11758,-41,-63,1,1,0,2e-06,0.999998,logprobs,Novita
11759,-41,-61,0,0,0,1e-06,0.999997,logprobs,Novita
11760,-41,-59,0,0,0,2e-06,0.999998,logprobs,Novita
11761,-41,-57,0,0,0,1e-06,0.999999,logprobs,Novita
11762,-41,-55,0,0,0,0,1,logprobs,Novita
11763,-41,-53,0,0,0,2e-06,0.999999,logprobs,Novita
11764,-41,-51,0,0,0,4e-06,0.999993,logprobs,Novita
11765,-41,-49,0,0,0,,,text,Novita
11766,-41,-47,0,0,0,0,1,logprobs,Novita
11767,-41,-45,0,0,0,3e-06,0.999998,logprobs,Novita
11768,-41,-43,0,0,0,0,0.999998,logprobs,Novita
11769,-41,-41,0,0,0,1e-06,0.999999,logprobs,Novita
11770,-41,-39,0,0,0,1e-06,0.999999,logprobs,Novita
11771,-41,-37,0,0,0,5e-06,0.999998,logprobs,Novita
11772,-41,-35,0,0,0,2e-06,0.999998,logprobs,Novita
11773,-41,-33,0,0,0,,,text,Novita
11774,-41,-31,0,0,0,5e-06,0.999998,logprobs,Novita
11775,-41,-29,0,0,0,1e-06,0.999999,logprobs,Novita
11776,-41,-27,0,0,0,3e-06,0.999995,logprobs,Novita
11777,-41,-25,0,0,0,1e-06,0.999996,logprobs,Novita
11778,-41,-23,0,0,0,8.5e-05,0.999993,logprobs,Novita
11779,-41,-21,0,0,0,,,text,Novita
11780,-41,-19,0,0,0,,,text,Novita
11781,-41,-17,0,0,0,8e-06,0.999996,logprobs,Novita
11782,-41,-15,0,0,0,3e-06,0.999996,logprobs,Novita
11783,-41,-13,0,0,0,3e-06,0.999998,logprobs,Novita
11784,-41,-11,0,0,0,,,text,Novita
11785,-41,-9,0,0,0,1e-06,0.999999,logprobs,Novita
11786,-41,-7,0,0,0,2e-06,0.999999,logprobs,Novita
11787,-41,-5,0,0,0,2e-06,0.999999,logprobs,Novita
11788,-41,-3,0,0,0,1e-06,0.999998,logprobs,Novita
11789,-41,-1,0,0,0,1e-06,0.999998,logprobs,Novita
11790,-41,1,0,0,0,5.1e-05,0.99999,logprobs,Novita
11791,-41,3,0,0,0,8e-06,0.999997,logprobs,Novita
11792,-41,5,0,0,0,5e-06,0.999998,logprobs,Novita
11793,-41,7,0,0,0,2e-06,0.999997,logprobs,Novita
11794,-41,9,0,0,0,,,text,Novita
11795,-41,11,0,0,0,9e-06,0.999996,logprobs,Novita
11796,-41,13,0,0,0,8e-06,0.999998,logprobs,Novita
11797,-41,15,0,0,0,1.9e-05,0.999993,logprobs,Novita
11798,-41,17,0,0,0,1e-06,0.999998,logprobs,Novita
11799,-41,19,0,0,0,3e-06,0.999998,logprobs,Novita
11800,-41,21,0,0,0,,,text,Novita
11801,-41,23,0,0,0,2e-06,0.999997,logprobs,Novita
11802,-41,25,0,0,0,0,0.999999,logprobs,Novita
11803,-41,27,0,0,0,1e-06,0.999999,logprobs,Novita
11804,-41,29,0,0,0,1e-06,0.999999,logprobs,Novita
11805,-41,31,0,0,0,1e-06,0.999999,logprobs,Novita
11806,-41,33,0,0,0,2e-06,0.999997,logprobs,Novita
11807,-41,35,0,0,0,3e-06,0.999998,logprobs,Novita
11808,-41,37,0,0,0,,,text,Novita
11809,-41,39,0,0,0,,,text,Novita
11810,-41,41,0,0,0,3e-06,0.999997,logprobs,Novita
11811,-41,43,0,0,0,4e-05,0.999995,logprobs,Novita
11812,-41,45,0,0,0,1e-06,0.999999,logprobs,Novita
11813,-41,47,0,0,0,4e-06,0.999997,logprobs,Novita
11814,-41,49,0,0,0,4e-06,0.999995,logprobs,Novita
11815,-41,51,0,0,0,1e-06,0.999998,logprobs,Novita
11816,-41,53,0,0,0,,,text,Novita
11817,-41,55,0,0,0,3e-06,0.999997,logprobs,Novita
11818,-41,57,0,0,0,0,0.999999,logprobs,Novita
11819,-41,59,0,0,0,,,text,Novita
11820,-41,61,0,0,0,9e-06,0.999997,logprobs,Novita
11821,-41,63,0,0,0,2e-06,0.999999,logprobs,Novita
11822,-41,65,0,0,0,2.4e-05,0.999992,logprobs,Novita
11823,-41,67,0,0,0,4.5e-05,0.999995,logprobs,Novita
11824,-41,69,0,0,0,1e-06,0.999997,logprobs,Novita
11825,-41,71,0,0,0,3e-06,0.999998,logprobs,Novita
11826,-41,73,0,0,0,,,text,Novita
11827,-41,75,0,0,0,0,0.999999,logprobs,Novita
11828,-41,77,0,0,0,1e-06,0.999998,logprobs,Novita
11829,-41,79,0,0,0,1.1e-05,0.999981,logprobs,Novita
11830,-41,81,0,0,0,2.1e-05,0.999996,logprobs,Novita
11831,-41,83,0,0,0,1e-06,0.999999,logprobs,Novita
11832,-41,85,0,0,0,3e-06,0.999998,logprobs,Novita
11833,-41,87,0,0,0,3e-06,0.999997,logprobs,Novita
11834,-41,89,0,0,0,8e-06,0.999993,logprobs,Novita
11835,-41,91,0,0,0,1e-05,0.999995,logprobs,Novita
11836,-41,93,0,0,0,8e-06,0.999995,logprobs,Novita
11837,-41,95,0,0,0,,,text,Novita
11838,-41,97,0,0,0,,,text,Novita
11839,-41,99,0,0,0,3e-06,0.999995,logprobs,Novita
11840,-41,101,0,0,0,1e-06,0.999996,logprobs,Novita
11841,-41,103,0,0,0,,,text,Novita
11842,-41,105,0,0,0,4e-06,0.999998,logprobs,Novita
11843,-41,107,0,0,1,0.999704,0.999993,logprobs,Novita
11844,-41,109,0,0,0,,,text,Novita
11845,-41,111,0,0,1,0.999983,0.999997,logprobs,Novita
11846,-41,113,0,0,0,2e-06,0.999996,logprobs,Novita
11847,-41,115,0,0,1,,,text,Novita
11848,-41,117,0,0,0,,,text,Novita
11849,-41,119,0,0,0,2e-06,0.999996,logprobs,Novita
11850,-41,121,0,0,0,,,text,Novita
11851,-41,123,0,0,0,4e-06,0.999993,logprobs,Novita
11852,-41,125,0,0,0,2e-06,0.999998,logprobs,Novita
11853,-41,127,0,0,0,8.5e-05,0.999996,logprobs,Novita
11854,-41,129,0,0,0,1e-06,0.999999,logprobs,Novita
11855,-41,131,0,0,0,,,text,Novita
11856,-41,133,0,0,0,0.00018,0.99999,logprobs,Novita
11857,-41,135,0,0,1,0.999955,0.999992,logprobs,Novita
11858,-41,137,0,0,1,,,text,Novita
11859,-41,139,0,0,1,0.999991,0.999999,logprobs,Novita
11860,-41,141,0,0,0,1.9e-05,0.999997,logprobs,Novita
11861,-41,143,0,0,1,0.999877,0.999988,logprobs,Novita
11862,-41,145,1,1,0,,,text,Novita
11863,-41,147,1,1,0,1e-06,0.999999,logprobs,Novita
11864,-41,149,0,0,1,0.999999,0.999996,logprobs,Novita
11865,-41,151,0,0,0,2.8e-05,0.999997,logprobs,Novita
11866,-41,153,0,0,1,0.99977,0.999969,logprobs,Novita
11867,-41,155,0,0,0,,,text,Novita
11868,-41,157,0,0,0,,,text,Novita
11869,-41,159,0,0,0,0.006704,0.999248,logprobs,Novita
11870,-41,161,0,0,0,1e-06,0.999999,logprobs,Novita
11871,-41,163,0,0,0,2e-06,0.999998,logprobs,Novita
11872,-41,165,0,0,0,2e-06,0.999997,logprobs,Novita
11873,-41,167,0,0,0,1.3e-05,0.999993,logprobs,Novita
11874,-41,169,0,0,0,,,text,Novita
11875,-41,171,0,0,1,0.999999,0.999992,logprobs,Novita
11876,-41,173,1,1,0,,,text,Novita
11877,-41,175,1,1,0,0.001501,0.999979,logprobs,Novita
11878,-41,177,0,0,0,1e-06,0.999994,logprobs,Novita
11879,-41,179,0,0,0,1e-06,0.999998,logprobs,Novita
11880,-43,-179,0,0,0,1.5e-05,0.999994,logprobs,Novita
11881,-43,-177,0,0,0,4e-06,0.999997,logprobs,Novita
11882,-43,-175,0,0,1,0.999985,0.999998,logprobs,Novita
11883,-43,-173,0,0,0,,,text,Novita
11884,-43,-171,0,0,0,8.5e-05,0.999976,logprobs,Novita
11885,-43,-169,0,0,0,1e-06,0.999999,logprobs,Novita
11886,-43,-167,0,0,0,2e-06,0.999999,logprobs,Novita
11887,-43,-165,0,0,0,2.8e-05,0.999996,logprobs,Novita
11888,-43,-163,0,0,0,,,text,Novita
11889,-43,-161,0,0,0,0,0.999997,logprobs,Novita
11890,-43,-159,0,0,0,,,text,Novita
11891,-43,-157,0,0,0,1e-06,0.999998,logprobs,Novita
11892,-43,-155,0,0,0,,,text,Novita
11893,-43,-153,0,0,0,3e-06,0.999997,logprobs,Novita
11894,-43,-151,0,0,0,,,text,Novita
11895,-43,-149,0,0,0,0,0.999999,logprobs,Novita
11896,-43,-147,0,0,0,1e-06,0.999998,logprobs,Novita
11897,-43,-145,0,0,0,,,text,Novita
11898,-43,-143,0,0,0,,,text,Novita
11899,-43,-141,0,0,0,4e-06,0.999998,logprobs,Novita
11900,-43,-139,0,0,0,8e-06,0.999994,logprobs,Novita
11901,-43,-137,0,0,0,1e-06,0.999999,logprobs,Novita
11902,-43,-135,0,0,0,1e-06,0.999999,logprobs,Novita
11903,-43,-133,0,0,0,4e-06,0.999999,logprobs,Novita
11904,-43,-131,0,0,0,0,1,logprobs,Novita
11905,-43,-129,0,0,0,1.5e-05,0.999997,logprobs,Novita
11906,-43,-127,0,0,0,1e-06,0.999999,logprobs,Novita
11907,-43,-125,0,0,0,9e-06,0.999991,logprobs,Novita
11908,-43,-123,0,0,0,,,text,Novita
11909,-43,-121,0,0,0,9e-06,0.999995,logprobs,Novita
11910,-43,-119,0,0,0,,,text,Novita
11911,-43,-117,0,0,0,3e-06,0.999998,logprobs,Novita
11912,-43,-115,0,0,0,4e-06,0.999996,logprobs,Novita
11913,-43,-113,0,0,0,5e-06,0.999998,logprobs,Novita
11914,-43,-111,0,0,0,1e-05,0.999997,logprobs,Novita
11915,-43,-109,0,0,0,,,text,Novita
11916,-43,-107,0,0,0,3e-06,0.999998,logprobs,Novita
11917,-43,-105,0,0,0,1e-06,0.999999,logprobs,Novita
11918,-43,-103,0,0,0,0,0.999999,logprobs,Novita
11919,-43,-101,0,0,0,0,0.999999,logprobs,Novita
11920,-43,-99,0,0,0,1e-06,0.999996,logprobs,Novita
11921,-43,-97,0,0,0,,,text,Novita
11922,-43,-95,0,0,0,0.00071,0.999752,logprobs,Novita
11923,-43,-93,0,0,0,,,text,Novita
11924,-43,-91,0,0,0,1e-06,0.999998,logprobs,Novita
11925,-43,-89,0,0,1,0.997199,0.999901,logprobs,Novita
11926,-43,-87,0,0,0,2e-06,0.999998,logprobs,Novita
11927,-43,-85,0,0,0,1e-06,0.999998,logprobs,Novita
11928,-43,-83,0,0,0,0,0.999999,logprobs,Novita
11929,-43,-81,0,0,0,0,0.999999,logprobs,Novita
11930,-43,-79,0,0,0,,,text,Novita
11931,-43,-77,0,0,0,5e-06,0.999996,logprobs,Novita
11932,-43,-75,0,0,0,,,text,Novita
11933,-43,-73,0,0,0,1e-06,0.999999,logprobs,Novita
11934,-43,-71,1,1,0,,,text,Novita
11935,-43,-69,1,1,0,1e-06,0.999998,logprobs,Novita
11936,-43,-67,1,1,0,,,text,Novita
11937,-43,-65,1,1,0,2e-06,0.999998,logprobs,Novita
11938,-43,-63,0,0,0,1e-06,0.999999,logprobs,Novita
11939,-43,-61,0,0,0,6e-06,0.999996,logprobs,Novita
11940,-43,-59,0,0,1,,,text,Novita
11941,-43,-57,0,0,0,2.1e-05,0.999995,logprobs,Novita
11942,-43,-55,0,0,0,1e-06,0.999998,logprobs,Novita
11943,-43,-53,0,0,0,,,text,Novita
11944,-43,-51,0,0,0,8e-06,0.999996,logprobs,Novita
11945,-43,-49,0,0,0,1e-06,0.999999,logprobs,Novita
11946,-43,-47,0,0,0,2e-06,0.999999,logprobs,Novita
11947,-43,-45,0,0,0,1e-06,0.999999,logprobs,Novita
11948,-43,-43,0,0,0,6e-06,0.999998,logprobs,Novita
11949,-43,-41,0,0,0,8e-06,0.999997,logprobs,Novita
11950,-43,-39,0,0,0,1e-06,0.999999,logprobs,Novita
11951,-43,-37,0,0,0,1e-06,0.999998,logprobs,Novita
11952,-43,-35,0,0,0,1.7e-05,0.999998,logprobs,Novita
11953,-43,-33,0,0,0,0,1,logprobs,Novita
11954,-43,-31,0,0,0,5e-06,0.999999,logprobs,Novita
11955,-43,-29,0,0,0,4e-05,0.999995,logprobs,Novita
11956,-43,-27,0,0,0,4e-06,0.999998,logprobs,Novita
11957,-43,-25,0,0,0,1.1e-05,0.999996,logprobs,Novita
11958,-43,-23,0,0,0,,,text,Novita
11959,-43,-21,0,0,0,1e-06,0.999996,logprobs,Novita
11960,-43,-19,0,0,0,3e-06,0.999998,logprobs,Novita
11961,-43,-17,0,0,0,,,text,Novita
11962,-43,-15,0,0,0,0,0.999999,logprobs,Novita
11963,-43,-13,0,0,0,3e-06,0.999998,logprobs,Novita
11964,-43,-11,0,0,0,3e-06,0.999997,logprobs,Novita
11965,-43,-9,0,0,0,,,text,Novita
11966,-43,-7,0,0,0,6e-06,0.999998,logprobs,Novita
11967,-43,-5,0,0,0,,,text,Novita
11968,-43,-3,0,0,0,3e-06,0.999998,logprobs,Novita
11969,-43,-1,0,0,0,1e-06,0.999998,logprobs,Novita
11970,-43,1,0,0,0,1e-06,0.999997,logprobs,Novita
11971,-43,3,0,0,0,4e-06,0.999994,logprobs,Novita
11972,-43,5,0,0,0,0,0.999997,logprobs,Novita
11973,-43,7,0,0,0,3e-06,0.999998,logprobs,Novita
11974,-43,9,0,0,0,,,text,Novita
11975,-43,11,0,0,0,,,text,Novita
11976,-43,13,0,0,0,3e-06,0.999997,logprobs,Novita
11977,-43,15,0,0,0,4e-06,0.999997,logprobs,Novita
11978,-43,17,0,0,0,2e-06,0.999997,logprobs,Novita
11979,-43,19,0,0,0,,,text,Novita
11980,-43,21,0,0,0,1e-06,0.999998,logprobs,Novita
11981,-43,23,0,0,0,,,text,Novita
11982,-43,25,0,0,0,0,0.999999,logprobs,Novita
11983,-43,27,0,0,0,1.5e-05,0.999991,logprobs,Novita
11984,-43,29,0,0,0,2.4e-05,0.999993,logprobs,Novita
11985,-43,31,0,0,0,1.3e-05,0.999998,logprobs,Novita
11986,-43,33,0,0,0,1e-06,0.999999,logprobs,Novita
11987,-43,35,0,0,0,0,0.999999,logprobs,Novita
11988,-43,37,0,0,0,3e-06,0.999995,logprobs,Novita
11989,-43,39,0,0,0,,,text,Novita
11990,-43,41,0,0,0,2.4e-05,0.999997,logprobs,Novita
11991,-43,43,0,0,0,3e-06,0.999998,logprobs,Novita
11992,-43,45,0,0,0,0,1,logprobs,Novita
11993,-43,47,0,0,0,,,text,Novita
11994,-43,49,0,0,0,0,0.999999,logprobs,Novita
11995,-43,51,0,0,0,,,text,Novita
11996,-43,53,0,0,0,3e-06,0.999996,logprobs,Novita
11997,-43,55,0,0,0,,,text,Novita
11998,-43,57,0,0,0,1e-06,0.999998,logprobs,Novita
11999,-43,59,0,0,0,,,text,Novita
12000,-43,61,0,0,0,1e-06,0.999999,logprobs,Novita
12001,-43,63,0,0,0,0,0.999999,logprobs,Novita
12002,-43,65,0,0,0,6e-06,0.999996,logprobs,Novita
12003,-43,67,0,0,0,1e-06,0.999999,logprobs,Novita
12004,-43,69,0,0,0,1e-05,0.999996,logprobs,Novita
12005,-43,71,0,0,0,,,text,Novita
12006,-43,73,0,0,0,0.000158,0.999981,logprobs,Novita
12007,-43,75,0,0,0,1.5e-05,0.999979,logprobs,Novita
12008,-43,77,0,0,0,1e-06,0.999994,logprobs,Novita
12009,-43,79,0,0,0,,,text,Novita
12010,-43,81,0,0,0,1e-06,0.999999,logprobs,Novita
12011,-43,83,0,0,1,0.999925,0.999997,logprobs,Novita
12012,-43,85,0,0,0,6.6e-05,0.999983,logprobs,Novita
12013,-43,87,0,0,0,2e-06,0.999999,logprobs,Novita
12014,-43,89,0,0,0,7e-06,0.999998,logprobs,Novita
12015,-43,91,0,0,0,8e-06,0.999997,logprobs,Novita
12016,-43,93,0,0,0,4e-06,0.999997,logprobs,Novita
12017,-43,95,0,0,0,4e-06,0.999999,logprobs,Novita
12018,-43,97,0,0,0,2e-06,0.999998,logprobs,Novita
12019,-43,99,0,0,0,1e-06,0.999999,logprobs,Novita
12020,-43,101,0,0,0,,,text,Novita
12021,-43,103,0,0,1,0.999996,0.999992,logprobs,Novita
12022,-43,105,0,0,0,,,text,Novita
12023,-43,107,0,0,0,4e-06,0.999998,logprobs,Novita
12024,-43,109,0,0,0,1e-05,0.999995,logprobs,Novita
12025,-43,111,0,0,0,1.5e-05,0.999995,logprobs,Novita
12026,-43,113,0,0,0,3e-06,0.999997,logprobs,Novita
12027,-43,115,0,0,0,1.1e-05,0.999995,logprobs,Novita
12028,-43,117,0,0,0,4e-06,0.999998,logprobs,Novita
12029,-43,119,0,0,0,1e-06,0.999998,logprobs,Novita
12030,-43,121,0,0,0,4e-06,0.999998,logprobs,Novita
12031,-43,123,0,0,0,3e-06,0.999995,logprobs,Novita
12032,-43,125,0,0,0,,,text,Novita
12033,-43,127,0,0,0,,,text,Novita
12034,-43,129,0,0,0,6e-06,0.999995,logprobs,Novita
12035,-43,131,0,0,0,2e-06,0.999998,logprobs,Novita
12036,-43,133,0,0,0,,,text,Novita
12037,-43,135,0,0,0,0,0.999998,logprobs,Novita
12038,-43,137,0,0,0,1e-05,0.999999,logprobs,Novita
12039,-43,139,0,0,0,,,text,Novita
12040,-43,141,0,0,0,,,text,Novita
12041,-43,143,0,0,0,1e-06,0.999999,logprobs,Novita
12042,-43,145,0,0,0,,,text,Novita
12043,-43,147,1,1,1,0.999989,0.999986,logprobs,Novita
12044,-43,149,0,0,0,1e-06,0.999999,logprobs,Novita
12045,-43,151,0,0,0,4e-06,0.999998,logprobs,Novita
12046,-43,153,0,0,0,4e-06,0.999999,logprobs,Novita
12047,-43,155,0,0,0,0.000109,0.999984,logprobs,Novita
12048,-43,157,0,0,0,,,text,Novita
12049,-43,159,0,0,0,1e-06,0.999997,logprobs,Novita
12050,-43,161,0,0,0,5e-06,0.999997,logprobs,Novita
12051,-43,163,0,0,0,,,text,Novita
12052,-43,165,0,0,0,1e-06,0.999998,logprobs,Novita
12053,-43,167,0,0,0,0,0.999999,logprobs,Novita
12054,-43,169,0,0,1,,,text,Novita
12055,-43,171,1,1,1,0.999993,0.999998,logprobs,Novita
12056,-43,173,1,1,1,0.999987,0.999993,logprobs,Novita
12057,-43,175,0,0,1,0.99962,0.999994,logprobs,Novita
12058,-43,177,0,0,0,,,text,Novita
12059,-43,179,0,0,0,8e-06,0.999998,logprobs,Novita
12060,-45,-179,0,0,0,0,0.999998,logprobs,Novita
12061,-45,-177,0,0,1,0.99999,0.999995,logprobs,Novita
12062,-45,-175,0,0,0,,,text,Novita
12063,-45,-173,0,0,0,0,0.999998,logprobs,Novita
12064,-45,-171,0,0,1,0.999996,0.999997,logprobs,Novita
12065,-45,-169,0,0,0,0,1,logprobs,Novita
12066,-45,-167,0,0,0,0,0.999999,logprobs,Novita
12067,-45,-165,0,0,0,0,0.999999,logprobs,Novita
12068,-45,-163,0,0,0,1e-06,0.999999,logprobs,Novita
12069,-45,-161,0,0,0,1e-06,0.999999,logprobs,Novita
12070,-45,-159,0,0,0,,,text,Novita
12071,-45,-157,0,0,0,0,0.999999,logprobs,Novita
12072,-45,-155,0,0,0,,,text,Novita
12073,-45,-153,0,0,0,0,0.999998,logprobs,Novita
12074,-45,-151,0,0,0,,,text,Novita
12075,-45,-149,0,0,0,1e-06,0.999999,logprobs,Novita
12076,-45,-147,0,0,0,1e-06,0.999999,logprobs,Novita
12077,-45,-145,0,0,0,1e-06,0.999994,logprobs,Novita
12078,-45,-143,0,0,0,,,text,Novita
12079,-45,-141,0,0,0,2e-06,0.999998,logprobs,Novita
12080,-45,-139,0,0,0,0.006702,0.999723,logprobs,Novita
12081,-45,-137,0,0,0,,,text,Novita
12082,-45,-135,0,0,0,0,0.999999,logprobs,Novita
12083,-45,-133,0,0,0,3e-06,0.999998,logprobs,Novita
12084,-45,-131,0,0,0,2e-06,0.999997,logprobs,Novita
12085,-45,-129,0,0,0,2.4e-05,0.999994,logprobs,Novita
12086,-45,-127,0,0,0,0,0.999997,logprobs,Novita
12087,-45,-125,0,0,0,,,text,Novita
12088,-45,-123,0,0,0,1e-06,0.999998,logprobs,Novita
12089,-45,-121,0,0,0,1e-06,0.999998,logprobs,Novita
12090,-45,-119,0,0,0,,,text,Novita
12091,-45,-117,0,0,0,8e-06,0.999997,logprobs,Novita
12092,-45,-115,0,0,0,2e-06,0.999996,logprobs,Novita
12093,-45,-113,0,0,0,1.9e-05,0.99998,logprobs,Novita
12094,-45,-111,0,0,0,0,0.999996,logprobs,Novita
12095,-45,-109,0,0,0,5e-06,0.999997,logprobs,Novita
12096,-45,-107,0,0,0,0,0.999999,logprobs,Novita
12097,-45,-105,0,0,1,0.997528,0.99991,logprobs,Novita
12098,-45,-103,0,0,0,1e-06,0.999999,logprobs,Novita
12099,-45,-101,0,0,1,0.999965,0.999998,logprobs,Novita
12100,-45,-99,0,0,0,1e-06,0.999999,logprobs,Novita
12101,-45,-97,0,0,0,6e-06,0.999998,logprobs,Novita
12102,-45,-95,0,0,0,4e-06,0.999994,logprobs,Novita
12103,-45,-93,0,0,0,0,1,logprobs,Novita
12104,-45,-91,0,0,0,1e-06,0.999994,logprobs,Novita
12105,-45,-89,0,0,0,4e-06,0.999998,logprobs,Novita
12106,-45,-87,0,0,0,1e-06,0.999998,logprobs,Novita
12107,-45,-85,0,0,0,0,0.999999,logprobs,Novita
12108,-45,-83,0,0,0,,,text,Novita
12109,-45,-81,0,0,0,7e-06,0.999997,logprobs,Novita
12110,-45,-79,0,0,0,9e-06,0.999996,logprobs,Novita
12111,-45,-77,0,0,0,3e-06,0.999996,logprobs,Novita
12112,-45,-75,0,0,0,2e-06,0.999995,logprobs,Novita
12113,-45,-73,1,1,0,2e-06,0.999998,logprobs,Novita
12114,-45,-71,1,1,0,6e-06,0.999979,logprobs,Novita
12115,-45,-69,1,1,0,,,text,Novita
12116,-45,-67,1,1,0,2e-06,0.999998,logprobs,Novita
12117,-45,-65,0,0,0,1.7e-05,0.999997,logprobs,Novita
12118,-45,-63,0,0,0,,,text,Novita
12119,-45,-61,0,0,0,1e-06,0.999998,logprobs,Novita
12120,-45,-59,0,0,0,2e-06,0.999997,logprobs,Novita
12121,-45,-57,0,0,0,,,text,Novita
12122,-45,-55,0,0,0,0,0.999999,logprobs,Novita
12123,-45,-53,0,0,0,1e-06,0.999998,logprobs,Novita
12124,-45,-51,0,0,0,9e-06,0.999998,logprobs,Novita
12125,-45,-49,0,0,0,,,text,Novita
12126,-45,-47,0,0,0,0,1,logprobs,Novita
12127,-45,-45,0,0,0,7e-06,0.999998,logprobs,Novita
12128,-45,-43,0,0,0,2.1e-05,0.999996,logprobs,Novita
12129,-45,-41,0,0,0,,,text,Novita
12130,-45,-39,0,0,0,7e-06,0.999996,logprobs,Novita
12131,-45,-37,0,0,0,,,text,Novita
12132,-45,-35,0,0,0,1e-06,0.999999,logprobs,Novita
12133,-45,-33,0,0,0,,,text,Novita
12134,-45,-31,0,0,0,1e-06,0.999996,logprobs,Novita
12135,-45,-29,0,0,0,1e-06,0.999997,logprobs,Novita
12136,-45,-27,0,0,0,2e-06,0.999999,logprobs,Novita
12137,-45,-25,0,0,0,4e-06,0.999999,logprobs,Novita
12138,-45,-23,0,0,0,8e-06,0.999997,logprobs,Novita
12139,-45,-21,0,0,0,0,0.999999,logprobs,Novita
12140,-45,-19,0,0,0,3e-06,0.999998,logprobs,Novita
12141,-45,-17,0,0,0,4e-06,0.999994,logprobs,Novita
12142,-45,-15,0,0,0,,,text,Novita
12143,-45,-13,0,0,0,3e-06,0.999996,logprobs,Novita
12144,-45,-11,0,0,0,1e-06,0.999998,logprobs,Novita
12145,-45,-9,0,0,0,2e-06,0.999999,logprobs,Novita
12146,-45,-7,0,0,0,,,text,Novita
12147,-45,-5,0,0,0,,,text,Novita
12148,-45,-3,0,0,0,5e-06,0.999996,logprobs,Novita
12149,-45,-1,0,0,0,0,0.999999,logprobs,Novita
12150,-45,1,0,0,0,0,0.999999,logprobs,Novita
12151,-45,3,0,0,0,1e-06,0.999997,logprobs,Novita
12152,-45,5,0,0,0,2e-06,0.99999,logprobs,Novita
12153,-45,7,0,0,0,1e-06,0.999999,logprobs,Novita
12154,-45,9,0,0,0,,,text,Novita
12155,-45,11,0,0,0,2.1e-05,0.999992,logprobs,Novita
12156,-45,13,0,0,0,,,text,Novita
12157,-45,15,0,0,0,1e-06,0.999998,logprobs,Novita
12158,-45,17,0,0,0,0,0.999999,logprobs,Novita
12159,-45,19,0,0,0,1e-06,0.999996,logprobs,Novita
12160,-45,21,0,0,0,2e-06,0.999996,logprobs,Novita
12161,-45,23,0,0,0,,,text,Novita
12162,-45,25,0,0,0,,,text,Novita
12163,-45,27,0,0,0,,,text,Novita
12164,-45,29,0,0,0,,,text,Novita
12165,-45,31,0,0,0,2e-06,0.999995,logprobs,Novita
12166,-45,33,0,0,0,,,text,Novita
12167,-45,35,0,0,0,3e-06,0.999999,logprobs,Novita
12168,-45,37,0,0,0,1e-06,0.999995,logprobs,Novita
12169,-45,39,0,0,0,0,0.999999,logprobs,Novita
12170,-45,41,0,0,0,,,text,Novita
12171,-45,43,0,0,0,1e-06,0.999998,logprobs,Novita
12172,-45,45,0,0,0,8e-06,0.999996,logprobs,Novita
12173,-45,47,0,0,0,1e-06,0.999998,logprobs,Novita
12174,-45,49,0,0,0,0,0.999998,logprobs,Novita
12175,-45,51,0,0,0,3e-06,0.999993,logprobs,Novita
12176,-45,53,0,0,0,4e-05,0.999976,logprobs,Novita
12177,-45,55,0,0,0,2e-06,0.999996,logprobs,Novita
12178,-45,57,0,0,0,,,text,Novita
12179,-45,59,0,0,0,5e-06,0.999995,logprobs,Novita
12180,-45,61,0,0,0,2.4e-05,0.999995,logprobs,Novita
12181,-45,63,0,0,0,1.1e-05,0.99999,logprobs,Novita
12182,-45,65,0,0,0,4e-06,0.999996,logprobs,Novita
12183,-45,67,0,0,0,,,text,Novita
12184,-45,69,0,0,0,1.1e-05,0.999995,logprobs,Novita
12185,-45,71,0,0,0,,,text,Novita
12186,-45,73,0,0,0,9e-06,0.999997,logprobs,Novita
12187,-45,75,0,0,0,,,text,Novita
12188,-45,77,0,0,0,4e-06,0.999994,logprobs,Novita
12189,-45,79,0,0,0,3e-06,0.999997,logprobs,Novita
12190,-45,81,0,0,0,,,text,Novita
12191,-45,83,0,0,0,,,text,Novita
12192,-45,85,0,0,0,,,text,Novita
12193,-45,87,0,0,0,1e-06,0.999997,logprobs,Novita
12194,-45,89,0,0,0,1e-06,0.999997,logprobs,Novita
12195,-45,91,0,0,0,2e-06,0.999999,logprobs,Novita
12196,-45,93,0,0,0,4e-06,0.999997,logprobs,Novita
12197,-45,95,0,0,0,1.5e-05,0.999976,logprobs,Novita
12198,-45,97,0,0,0,,,text,Novita
12199,-45,99,0,0,0,,,text,Novita
12200,-45,101,0,0,0,2e-06,0.99999,logprobs,Novita
12201,-45,103,0,0,1,0.999999,0.999995,logprobs,Novita
12202,-45,105,0,0,0,2e-06,0.999999,logprobs,Novita
12203,-45,107,0,0,1,0.999665,0.999928,logprobs,Novita
12204,-45,109,0,0,0,3e-06,0.999996,logprobs,Novita
12205,-45,111,0,0,0,3e-06,0.999994,logprobs,Novita
12206,-45,113,0,0,1,0.998675,0.999891,logprobs,Novita
12207,-45,115,0,0,0,0,0.999999,logprobs,Novita
12208,-45,117,0,0,0,8e-06,0.999993,logprobs,Novita
12209,-45,119,0,0,0,6e-06,0.999993,logprobs,Novita
12210,-45,121,0,0,0,1e-06,0.999998,logprobs,Novita
12211,-45,123,0,0,0,8e-06,0.999995,logprobs,Novita
12212,-45,125,0,0,0,,,text,Novita
12213,-45,127,0,0,0,2e-06,0.999998,logprobs,Novita
12214,-45,129,0,0,0,0,0.999998,logprobs,Novita
12215,-45,131,0,0,0,0,0.999998,logprobs,Novita
12216,-45,133,0,0,0,4e-06,0.999998,logprobs,Novita
12217,-45,135,0,0,0,,,text,Novita
12218,-45,137,0,0,0,6.6e-05,0.999989,logprobs,Novita
12219,-45,139,0,0,0,1e-06,0.999993,logprobs,Novita
12220,-45,141,0,0,0,,,text,Novita
12221,-45,143,0,0,1,0.999992,0.999998,logprobs,Novita
12222,-45,145,0,0,0,0,0.999999,logprobs,Novita
12223,-45,147,0,0,0,0,0.999999,logprobs,Novita
12224,-45,149,0,0,0,2e-06,0.999993,logprobs,Novita
12225,-45,151,0,0,0,4e-06,0.999998,logprobs,Novita
12226,-45,153,0,0,0,1e-06,0.999997,logprobs,Novita
12227,-45,155,0,0,0,2e-06,0.999997,logprobs,Novita
12228,-45,157,0,0,1,0.99929,0.999993,logprobs,Novita
12229,-45,159,0,0,0,1e-06,0.999997,logprobs,Novita
12230,-45,161,0,0,0,2e-06,0.999995,logprobs,Novita
12231,-45,163,0,0,0,,,text,Novita
12232,-45,165,0,0,0,2e-06,0.999997,logprobs,Novita
12233,-45,167,0,0,0,2e-06,0.999996,logprobs,Novita
12234,-45,169,1,1,0,1.7e-05,0.999995,logprobs,Novita
12235,-45,171,1,1,1,0.997817,0.999958,logprobs,Novita
12236,-45,173,0,0,0,2e-06,0.999996,logprobs,Novita
12237,-45,175,0,0,0,0,0.999999,logprobs,Novita
12238,-45,177,0,0,1,0.999981,0.999995,logprobs,Novita
12239,-45,179,0,0,0,1e-06,0.999998,logprobs,Novita
12240,-47,-179,0,0,0,1e-06,0.999999,logprobs,Novita
12241,-47,-177,0,0,0,1e-06,0.999999,logprobs,Novita
12242,-47,-175,0,0,0,3e-06,0.999995,logprobs,Novita
12243,-47,-173,0,0,0,1e-06,0.999999,logprobs,Novita
12244,-47,-171,0,0,0,2e-06,0.999997,logprobs,Novita
12245,-47,-169,0,0,0,9e-06,0.999997,logprobs,Novita
12246,-47,-167,0,0,0,1e-06,0.999999,logprobs,Novita
12247,-47,-165,0,0,1,,,text,Novita
12248,-47,-163,0,0,0,2e-06,0.999999,logprobs,Novita
12249,-47,-161,0,0,0,4e-06,0.999997,logprobs,Novita
12250,-47,-159,0,0,0,3e-06,0.999997,logprobs,Novita
12251,-47,-157,0,0,0,2e-06,0.999997,logprobs,Novita
12252,-47,-155,0,0,0,5e-06,0.999993,logprobs,Novita
12253,-47,-153,0,0,0,,,text,Novita
12254,-47,-151,0,0,0,2e-06,0.999998,logprobs,Novita
12255,-47,-149,0,0,0,0,0.999999,logprobs,Novita
12256,-47,-147,0,0,0,1e-06,0.999999,logprobs,Novita
12257,-47,-145,0,0,0,0,0.999998,logprobs,Novita
12258,-47,-143,0,0,0,1e-06,0.999998,logprobs,Novita
12259,-47,-141,0,0,0,1e-06,0.999998,logprobs,Novita
12260,-47,-139,0,0,0,2e-06,0.999993,logprobs,Novita
12261,-47,-137,0,0,0,,,text,Novita
12262,-47,-135,0,0,0,,,text,Novita
12263,-47,-133,0,0,0,4.5e-05,0.999991,logprobs,Novita
12264,-47,-131,0,0,0,0,0.999999,logprobs,Novita
12265,-47,-129,0,0,0,1e-06,0.999999,logprobs,Novita
12266,-47,-127,0,0,0,1e-06,0.999998,logprobs,Novita
12267,-47,-125,0,0,0,,,text,Novita
12268,-47,-123,0,0,0,,,text,Novita
12269,-47,-121,0,0,0,0,0.999999,logprobs,Novita
12270,-47,-119,0,0,0,0,1,logprobs,Novita
12271,-47,-117,0,0,0,1.3e-05,0.999998,logprobs,Novita
12272,-47,-115,0,0,0,2e-06,0.999991,logprobs,Novita
12273,-47,-113,0,0,1,0.998499,0.999975,logprobs,Novita
12274,-47,-111,0,0,0,5e-06,0.999996,logprobs,Novita
12275,-47,-109,0,0,0,2e-06,0.999998,logprobs,Novita
12276,-47,-107,0,0,1,0.999374,0.999985,logprobs,Novita
12277,-47,-105,0,0,0,2e-06,0.999998,logprobs,Novita
12278,-47,-103,0,0,0,4e-06,0.999996,logprobs,Novita
12279,-47,-101,0,0,0,4e-06,0.999997,logprobs,Novita
12280,-47,-99,0,0,0,0,0.999999,logprobs,Novita
12281,-47,-97,0,0,0,3.1e-05,0.999996,logprobs,Novita
12282,-47,-95,0,0,0,2.1e-05,0.999996,logprobs,Novita
12283,-47,-93,0,0,0,2.4e-05,0.999991,logprobs,Novita
12284,-47,-91,0,0,0,2e-06,0.999998,logprobs,Novita
12285,-47,-89,0,0,0,0,0.999997,logprobs,Novita
12286,-47,-87,0,0,0,2e-06,0.999996,logprobs,Novita
12287,-47,-85,0,0,0,0,0.999999,logprobs,Novita
12288,-47,-83,0,0,0,4e-05,0.999982,logprobs,Novita
12289,-47,-81,0,0,0,3e-06,0.999997,logprobs,Novita
12290,-47,-79,0,0,0,6e-06,0.999995,logprobs,Novita
12291,-47,-77,0,0,0,6e-06,0.999998,logprobs,Novita
12292,-47,-75,0,0,0,8e-06,0.999997,logprobs,Novita
12293,-47,-73,1,1,0,1.7e-05,0.999997,logprobs,Novita
12294,-47,-71,1,1,0,4e-06,0.999997,logprobs,Novita
12295,-47,-69,1,1,0,9e-06,0.999998,logprobs,Novita
12296,-47,-67,1,1,0,0,1,logprobs,Novita
12297,-47,-65,0,0,0,7e-06,0.999998,logprobs,Novita
12298,-47,-63,0,0,0,1e-06,0.999999,logprobs,Novita
12299,-47,-61,0,0,0,1e-06,0.999998,logprobs,Novita
12300,-47,-59,0,0,0,,,text,Novita
12301,-47,-57,0,0,0,2e-06,0.999999,logprobs,Novita
12302,-47,-55,0,0,0,1e-06,0.999999,logprobs,Novita
12303,-47,-53,0,0,0,2e-06,0.999998,logprobs,Novita
12304,-47,-51,0,0,0,1e-06,0.999997,logprobs,Novita
12305,-47,-49,0,0,0,2e-06,0.999997,logprobs,Novita
12306,-47,-47,0,0,0,0,0.999999,logprobs,Novita
12307,-47,-45,0,0,0,1.7e-05,0.999997,logprobs,Novita
12308,-47,-43,0,0,0,0,0.999999,logprobs,Novita
12309,-47,-41,0,0,0,0,0.999999,logprobs,Novita
12310,-47,-39,0,0,0,1e-06,0.999998,logprobs,Novita
12311,-47,-37,0,0,0,1e-06,0.999999,logprobs,Novita
12312,-47,-35,0,0,0,3e-06,0.999997,logprobs,Novita
12313,-47,-33,0,0,0,0,0.999999,logprobs,Novita
12314,-47,-31,0,0,0,0,0.999998,logprobs,Novita
12315,-47,-29,0,0,0,,,text,Novita
12316,-47,-27,0,0,1,,,text,Novita
12317,-47,-25,0,0,0,1e-06,0.999998,logprobs,Novita
12318,-47,-23,0,0,1,0.999996,0.999997,logprobs,Novita
12319,-47,-21,0,0,1,0.999994,0.999999,logprobs,Novita
12320,-47,-19,0,0,1,0.999569,0.999981,logprobs,Novita
12321,-47,-17,0,0,0,1e-06,0.999999,logprobs,Novita
12322,-47,-15,0,0,0,1.9e-05,0.999997,logprobs,Novita
12323,-47,-13,0,0,0,1e-06,0.999999,logprobs,Novita
12324,-47,-11,0,0,0,1e-06,0.999999,logprobs,Novita
12325,-47,-9,0,0,0,1e-06,0.999999,logprobs,Novita
12326,-47,-7,0,0,0,1e-06,0.999998,logprobs,Novita
12327,-47,-5,0,0,0,,,text,Novita
12328,-47,-3,0,0,0,2e-06,0.999999,logprobs,Novita
12329,-47,-1,0,0,0,2e-06,0.999997,logprobs,Novita
12330,-47,1,0,0,0,1e-06,0.999998,logprobs,Novita
12331,-47,3,0,0,0,2.8e-05,0.999991,logprobs,Novita
12332,-47,5,0,0,0,4e-06,0.999998,logprobs,Novita
12333,-47,7,0,0,0,,,text,Novita
12334,-47,9,0,0,0,,,text,Novita
12335,-47,11,0,0,0,0,0.999999,logprobs,Novita
12336,-47,13,0,0,0,,,text,Novita
12337,-47,15,0,0,0,9e-06,0.999994,logprobs,Novita
12338,-47,17,0,0,0,2e-06,0.999996,logprobs,Novita
12339,-47,19,0,0,0,8e-06,0.99999,logprobs,Novita
12340,-47,21,0,0,0,0,0.999999,logprobs,Novita
12341,-47,23,0,0,0,0,0.999998,logprobs,Novita
12342,-47,25,0,0,0,3e-06,0.999998,logprobs,Novita
12343,-47,27,0,0,0,5e-06,0.999993,logprobs,Novita
12344,-47,29,0,0,0,,,text,Novita
12345,-47,31,0,0,0,1.3e-05,0.999994,logprobs,Novita
12346,-47,33,0,0,0,1e-06,0.999998,logprobs,Novita
12347,-47,35,0,0,0,2e-06,0.999998,logprobs,Novita
12348,-47,37,0,0,0,2e-06,0.999999,logprobs,Novita
12349,-47,39,0,0,0,4e-06,0.999998,logprobs,Novita
12350,-47,41,0,0,0,5e-06,0.999998,logprobs,Novita
12351,-47,43,0,0,0,3e-06,0.999999,logprobs,Novita
12352,-47,45,0,0,0,,,text,Novita
12353,-47,47,0,0,0,0,1,logprobs,Novita
12354,-47,49,0,0,0,5e-06,0.999997,logprobs,Novita
12355,-47,51,0,0,0,1e-06,0.999997,logprobs,Novita
12356,-47,53,0,0,0,1e-06,0.999998,logprobs,Novita
12357,-47,55,0,0,0,5e-06,0.999999,logprobs,Novita
12358,-47,57,0,0,0,0,1,logprobs,Novita
12359,-47,59,0,0,0,2e-06,0.999996,logprobs,Novita
12360,-47,61,0,0,0,1e-06,0.999998,logprobs,Novita
12361,-47,63,0,0,0,9.6e-05,0.999994,logprobs,Novita
12362,-47,65,0,0,0,4e-06,0.999996,logprobs,Novita
12363,-47,67,0,0,0,3e-06,0.999998,logprobs,Novita
12364,-47,69,0,0,0,1e-05,0.999998,logprobs,Novita
12365,-47,71,0,0,1,0.999915,0.999984,logprobs,Novita
12366,-47,73,0,0,0,0,1,logprobs,Novita
12367,-47,75,0,0,0,1.7e-05,0.999991,logprobs,Novita
12368,-47,77,0,0,0,0,0.999998,logprobs,Novita
12369,-47,79,0,0,0,,,text,Novita
12370,-47,81,0,0,0,8.5e-05,0.999982,logprobs,Novita
12371,-47,83,0,0,0,0,0.999999,logprobs,Novita
12372,-47,85,0,0,0,5e-06,0.999999,logprobs,Novita
12373,-47,87,0,0,0,,,text,Novita
12374,-47,89,0,0,0,,,text,Novita
12375,-47,91,0,0,0,,,text,Novita
12376,-47,93,0,0,0,1e-06,0.999999,logprobs,Novita
12377,-47,95,0,0,0,,,text,Novita
12378,-47,97,0,0,0,1.5e-05,0.999994,logprobs,Novita
12379,-47,99,0,0,0,2e-06,0.999996,logprobs,Novita
12380,-47,101,0,0,0,3e-06,0.999996,logprobs,Novita
12381,-47,103,0,0,0,7e-06,0.999995,logprobs,Novita
12382,-47,105,0,0,0,,,text,Novita
12383,-47,107,0,0,0,1e-06,0.999999,logprobs,Novita
12384,-47,109,0,0,0,5e-06,0.999998,logprobs,Novita
12385,-47,111,0,0,1,0.999965,0.999983,logprobs,Novita
12386,-47,113,0,0,0,1e-06,0.999998,logprobs,Novita
12387,-47,115,0,0,0,1e-06,0.999991,logprobs,Novita
12388,-47,117,0,0,0,0,0.999997,logprobs,Novita
12389,-47,119,0,0,0,,,text,Novita
12390,-47,121,0,0,0,3e-06,0.999999,logprobs,Novita
12391,-47,123,0,0,0,3e-06,0.999998,logprobs,Novita
12392,-47,125,0,0,0,0,0.999999,logprobs,Novita
12393,-47,127,0,0,0,,,text,Novita
12394,-47,129,0,0,0,1e-06,0.999998,logprobs,Novita
12395,-47,131,0,0,0,0,0.999998,logprobs,Novita
12396,-47,133,0,0,0,,,text,Novita
12397,-47,135,0,0,0,2e-06,0.999997,logprobs,Novita
12398,-47,137,0,0,1,0.99982,0.999981,logprobs,Novita
12399,-47,139,0,0,0,,,text,Novita
12400,-47,141,0,0,0,2e-06,0.999997,logprobs,Novita
12401,-47,143,0,0,0,,,text,Novita
12402,-47,145,0,0,0,,,text,Novita
12403,-47,147,0,0,0,,,text,Novita
12404,-47,149,0,0,0,3e-06,0.999997,logprobs,Novita
12405,-47,151,0,0,0,5.8e-05,0.999995,logprobs,Novita
12406,-47,153,0,0,0,1e-06,0.999993,logprobs,Novita
12407,-47,155,0,0,0,2e-06,0.999999,logprobs,Novita
12408,-47,157,0,0,0,,,text,Novita
12409,-47,159,0,0,0,5.8e-05,0.999976,logprobs,Novita
12410,-47,161,0,0,0,3e-06,0.999997,logprobs,Novita
12411,-47,163,0,0,0,2e-06,0.999999,logprobs,Novita
12412,-47,165,0,0,0,4e-06,0.999998,logprobs,Novita
12413,-47,167,0,0,0,1e-06,0.999997,logprobs,Novita
12414,-47,169,0,0,0,1e-06,0.999997,logprobs,Novita
12415,-47,171,0,0,1,0.999842,0.999996,logprobs,Novita
12416,-47,173,0,0,0,9e-06,0.999997,logprobs,Novita
12417,-47,175,0,0,0,3.1e-05,0.999992,logprobs,Novita
12418,-47,177,0,0,0,1.1e-05,0.999991,logprobs,Novita
12419,-47,179,0,0,0,2e-06,0.999998,logprobs,Novita
12420,-49,-179,0,0,0,0,0.999999,logprobs,Novita
12421,-49,-177,0,0,0,0,0.999999,logprobs,Novita
12422,-49,-175,0,0,0,3e-06,0.999998,logprobs,Novita
12423,-49,-173,0,0,0,5e-06,0.999998,logprobs,Novita
12424,-49,-171,0,0,0,0,0.999999,logprobs,Novita
12425,-49,-169,0,0,0,4e-06,0.999999,logprobs,Novita
12426,-49,-167,0,0,0,0,0.999999,logprobs,Novita
12427,-49,-165,0,0,0,2e-06,0.999996,logprobs,Novita
12428,-49,-163,0,0,0,4e-06,0.999981,logprobs,Novita
12429,-49,-161,0,0,0,3e-06,0.999996,logprobs,Novita
12430,-49,-159,0,0,0,1e-06,0.999999,logprobs,Novita
12431,-49,-157,0,0,0,0,1,logprobs,Novita
12432,-49,-155,0,0,0,2e-06,0.999998,logprobs,Novita
12433,-49,-153,0,0,0,1e-06,0.999998,logprobs,Novita
12434,-49,-151,0,0,0,,,text,Novita
12435,-49,-149,0,0,0,1e-06,0.999998,logprobs,Novita
12436,-49,-147,0,0,0,1e-06,0.999997,logprobs,Novita
12437,-49,-145,0,0,0,4e-06,0.999997,logprobs,Novita
12438,-49,-143,0,0,0,8e-06,0.999996,logprobs,Novita
12439,-49,-141,0,0,0,1e-06,0.999997,logprobs,Novita
12440,-49,-139,0,0,0,1e-06,0.999998,logprobs,Novita
12441,-49,-137,0,0,0,0,0.999999,logprobs,Novita
12442,-49,-135,0,0,0,3e-06,0.999998,logprobs,Novita
12443,-49,-133,0,0,0,1e-06,0.999996,logprobs,Novita
12444,-49,-131,0,0,0,0,0.999998,logprobs,Novita
12445,-49,-129,0,0,0,1e-06,0.999999,logprobs,Novita
12446,-49,-127,0,0,0,8e-06,0.999998,logprobs,Novita
12447,-49,-125,0,0,0,1e-06,0.999995,logprobs,Novita
12448,-49,-123,0,0,0,3e-06,0.999999,logprobs,Novita
12449,-49,-121,0,0,0,2e-06,0.999999,logprobs,Novita
12450,-49,-119,0,0,0,0,0.999999,logprobs,Novita
12451,-49,-117,0,0,1,0.996407,0.999967,logprobs,Novita
12452,-49,-115,0,0,0,6e-06,0.999998,logprobs,Novita
12453,-49,-113,0,0,0,5e-06,0.999999,logprobs,Novita
12454,-49,-111,0,0,1,0.998073,0.999958,logprobs,Novita
12455,-49,-109,0,0,0,0,1,logprobs,Novita
12456,-49,-107,0,0,0,1e-06,0.999999,logprobs,Novita
12457,-49,-105,0,0,0,,,text,Novita
12458,-49,-103,0,0,0,,,text,Novita
12459,-49,-101,0,0,0,2e-06,0.999999,logprobs,Novita
12460,-49,-99,0,0,0,8e-06,0.999995,logprobs,Novita
12461,-49,-97,0,0,0,3e-06,0.999996,logprobs,Novita
12462,-49,-95,0,0,0,1.1e-05,0.999996,logprobs,Novita
12463,-49,-93,0,0,0,0,0.999999,logprobs,Novita
12464,-49,-91,0,0,0,2e-06,0.999997,logprobs,Novita
12465,-49,-89,0,0,1,0.99962,0.999991,logprobs,Novita
12466,-49,-87,0,0,1,0.999949,0.999996,logprobs,Novita
12467,-49,-85,0,0,0,3e-06,0.999998,logprobs,Novita
12468,-49,-83,0,0,0,,,text,Novita
12469,-49,-81,0,0,0,,,text,Novita
12470,-49,-79,0,0,0,,,text,Novita
12471,-49,-77,0,0,0,3e-06,0.999999,logprobs,Novita
12472,-49,-75,0,0,0,0,0.999999,logprobs,Novita
12473,-49,-73,1,1,0,1.1e-05,0.999993,logprobs,Novita
12474,-49,-71,1,1,0,5e-06,0.999991,logprobs,Novita
12475,-49,-69,1,1,0,1e-06,0.999998,logprobs,Novita
12476,-49,-67,0,0,0,2e-06,0.999998,logprobs,Novita
12477,-49,-65,0,0,0,1.1e-05,0.999998,logprobs,Novita
12478,-49,-63,0,0,0,4e-06,0.999995,logprobs,Novita
12479,-49,-61,0,0,0,4e-06,0.999997,logprobs,Novita
12480,-49,-59,0,0,0,0,0.999998,logprobs,Novita
12481,-49,-57,0,0,0,0,0.999999,logprobs,Novita
12482,-49,-55,0,0,0,2e-06,0.999998,logprobs,Novita
12483,-49,-53,0,0,0,,,text,Novita
12484,-49,-51,0,0,0,0,0.999999,logprobs,Novita
12485,-49,-49,0,0,0,,,text,Novita
12486,-49,-47,0,0,0,,,text,Novita
12487,-49,-45,0,0,0,4e-05,0.999993,logprobs,Novita
12488,-49,-43,0,0,0,1e-06,0.999999,logprobs,Novita
12489,-49,-41,0,0,0,8e-06,0.999992,logprobs,Novita
12490,-49,-39,0,0,0,1e-06,0.999999,logprobs,Novita
12491,-49,-37,0,0,0,4e-06,0.999996,logprobs,Novita
12492,-49,-35,0,0,0,,,text,Novita
12493,-49,-33,0,0,0,,,text,Novita
12494,-49,-31,0,0,0,0,0.999999,logprobs,Novita
12495,-49,-29,0,0,0,0,0.999998,logprobs,Novita
12496,-49,-27,0,0,0,2e-06,0.999999,logprobs,Novita
12497,-49,-25,0,0,0,1e-06,0.999999,logprobs,Novita
12498,-49,-23,0,0,0,,,text,Novita
12499,-49,-21,0,0,0,1e-06,0.999995,logprobs,Novita
12500,-49,-19,0,0,0,,,text,Novita
12501,-49,-17,0,0,0,1e-06,0.999999,logprobs,Novita
12502,-49,-15,0,0,0,1e-06,0.999999,logprobs,Novita
12503,-49,-13,0,0,0,,,text,Novita
12504,-49,-11,0,0,0,1.1e-05,0.999991,logprobs,Novita
12505,-49,-9,0,0,0,1.3e-05,0.999997,logprobs,Novita
12506,-49,-7,0,0,0,1e-06,0.999998,logprobs,Novita
12507,-49,-5,0,0,0,0,0.999999,logprobs,Novita
12508,-49,-3,0,0,0,0,0.999999,logprobs,Novita
12509,-49,-1,0,0,0,0,0.999999,logprobs,Novita
12510,-49,1,0,0,0,2e-06,0.999998,logprobs,Novita
12511,-49,3,0,0,0,1e-06,0.999999,logprobs,Novita
12512,-49,5,0,0,0,1e-06,0.999999,logprobs,Novita
12513,-49,7,0,0,0,2e-06,0.999999,logprobs,Novita
12514,-49,9,0,0,0,3e-06,0.999996,logprobs,Novita
12515,-49,11,0,0,0,0,0.999999,logprobs,Novita
12516,-49,13,0,0,0,,,text,Novita
12517,-49,15,0,0,0,,,text,Novita
12518,-49,17,0,0,0,8e-06,0.999996,logprobs,Novita
12519,-49,19,0,0,0,2e-06,0.999994,logprobs,Novita
12520,-49,21,0,0,0,0,0.999999,logprobs,Novita
12521,-49,23,0,0,0,1e-06,0.999998,logprobs,Novita
12522,-49,25,0,0,0,0,1,logprobs,Novita
12523,-49,27,0,0,0,,,text,Novita
12524,-49,29,0,0,0,,,text,Novita
12525,-49,31,0,0,1,0.998675,0.999983,logprobs,Novita
12526,-49,33,0,0,0,1e-06,0.999994,logprobs,Novita
12527,-49,35,0,0,0,0,0.999999,logprobs,Novita
12528,-49,37,0,0,0,,,text,Novita
12529,-49,39,0,0,0,1e-06,0.999993,logprobs,Novita
12530,-49,41,0,0,0,6e-06,0.999997,logprobs,Novita
12531,-49,43,0,0,0,,,text,Novita
12532,-49,45,0,0,0,,,text,Novita
12533,-49,47,0,0,0,4e-06,0.999997,logprobs,Novita
12534,-49,49,0,0,0,,,text,Novita
12535,-49,51,0,0,0,8e-06,0.999997,logprobs,Novita
12536,-49,53,0,0,0,,,text,Novita
12537,-49,55,0,0,0,3e-06,0.999997,logprobs,Novita
12538,-49,57,0,0,0,1e-06,0.999999,logprobs,Novita
12539,-49,59,0,0,0,2e-06,0.999999,logprobs,Novita
12540,-49,61,0,0,0,0,0.999998,logprobs,Novita
12541,-49,63,0,0,0,3e-06,0.999996,logprobs,Novita
12542,-49,65,0,0,0,0,0.999999,logprobs,Novita
12543,-49,67,0,0,0,,,text,Novita
12544,-49,69,1,1,0,,,text,Novita
12545,-49,71,0,0,0,,,text,Novita
12546,-49,73,0,0,0,2e-06,0.999998,logprobs,Novita
12547,-49,75,0,0,0,2e-06,0.999999,logprobs,Novita
12548,-49,77,0,0,0,3e-06,0.999998,logprobs,Novita
12549,-49,79,0,0,0,7e-06,0.999995,logprobs,Novita
12550,-49,81,0,0,0,2e-06,0.999998,logprobs,Novita
12551,-49,83,0,0,1,0.999877,0.99996,logprobs,Novita
12552,-49,85,0,0,0,,,text,Novita
12553,-49,87,0,0,0,6e-06,0.999997,logprobs,Novita
12554,-49,89,0,0,0,2e-06,0.999998,logprobs,Novita
12555,-49,91,0,0,0,1.7e-05,0.999994,logprobs,Novita
12556,-49,93,0,0,0,2.4e-05,0.999993,logprobs,Novita
12557,-49,95,0,0,0,4e-06,0.999998,logprobs,Novita
12558,-49,97,0,0,0,,,text,Novita
12559,-49,99,0,0,1,0.9983,0.999945,logprobs,Novita
12560,-49,101,0,0,0,1e-06,0.999999,logprobs,Novita
12561,-49,103,0,0,0,1e-06,0.999998,logprobs,Novita
12562,-49,105,0,0,0,,,text,Novita
12563,-49,107,0,0,0,,,text,Novita
12564,-49,109,0,0,0,1.5e-05,0.999997,logprobs,Novita
12565,-49,111,0,0,0,2e-06,0.999998,logprobs,Novita
12566,-49,113,0,0,0,2e-06,0.999997,logprobs,Novita
12567,-49,115,0,0,0,3e-06,0.999997,logprobs,Novita
12568,-49,117,0,0,0,2e-06,0.999999,logprobs,Novita
12569,-49,119,0,0,0,4e-06,0.999997,logprobs,Novita
12570,-49,121,0,0,0,2e-06,0.999997,logprobs,Novita
12571,-49,123,0,0,0,4e-06,0.999995,logprobs,Novita
12572,-49,125,0,0,0,,,text,Novita
12573,-49,127,0,0,0,2e-06,0.999998,logprobs,Novita
12574,-49,129,0,0,0,3e-06,0.999998,logprobs,Novita
12575,-49,131,0,0,1,0.999987,0.999992,logprobs,Novita
12576,-49,133,0,0,0,0,0.999999,logprobs,Novita
12577,-49,135,0,0,0,4e-06,0.999996,logprobs,Novita
12578,-49,137,0,0,0,3e-06,0.999998,logprobs,Novita
12579,-49,139,0,0,0,1e-06,0.999997,logprobs,Novita
12580,-49,141,0,0,1,,,text,Novita
12581,-49,143,0,0,0,,,text,Novita
12582,-49,145,0,0,0,2e-06,0.999996,logprobs,Novita
12583,-49,147,0,0,1,0.995391,0.999963,logprobs,Novita
12584,-49,149,0,0,0,0,0.999999,logprobs,Novita
12585,-49,151,0,0,0,1.9e-05,0.999997,logprobs,Novita
12586,-49,153,0,0,1,0.999447,0.999991,logprobs,Novita
12587,-49,155,0,0,0,0,0.999999,logprobs,Novita
12588,-49,157,0,0,0,3e-06,0.999997,logprobs,Novita
12589,-49,159,0,0,0,1e-06,0.999998,logprobs,Novita
12590,-49,161,0,0,0,0,0.999999,logprobs,Novita
12591,-49,163,0,0,0,0,0.999998,logprobs,Novita
12592,-49,165,0,0,0,4e-06,0.999998,logprobs,Novita
12593,-49,167,0,0,0,1e-06,0.999999,logprobs,Novita
12594,-49,169,0,0,0,5.1e-05,0.999995,logprobs,Novita
12595,-49,171,0,0,0,1e-06,0.999999,logprobs,Novita
12596,-49,173,0,0,0,1e-06,0.999998,logprobs,Novita
12597,-49,175,0,0,0,0,0.999999,logprobs,Novita
12598,-49,177,0,0,0,,,text,Novita
12599,-49,179,0,0,0,2e-06,0.999997,logprobs,Novita
12600,-51,-179,0,0,0,,,text,Novita
12601,-51,-177,0,0,0,0,0.999999,logprobs,Novita
12602,-51,-175,0,0,0,3e-06,0.999996,logprobs,Novita
12603,-51,-173,0,0,0,2e-06,0.999998,logprobs,Novita
12604,-51,-171,0,0,0,0,0.999999,logprobs,Novita
12605,-51,-169,0,0,0,1e-06,0.999996,logprobs,Novita
12606,-51,-167,0,0,0,0,0.999999,logprobs,Novita
12607,-51,-165,0,0,0,0,0.999998,logprobs,Novita
12608,-51,-163,0,0,0,1e-06,0.999997,logprobs,Novita
12609,-51,-161,0,0,0,,,text,Novita
12610,-51,-159,0,0,0,0,0.999998,logprobs,Novita
12611,-51,-157,0,0,0,2e-06,0.999999,logprobs,Novita
12612,-51,-155,0,0,0,1.9e-05,0.999998,logprobs,Novita
12613,-51,-153,0,0,0,0,0.999999,logprobs,Novita
12614,-51,-151,0,0,0,1e-06,0.999998,logprobs,Novita
12615,-51,-149,0,0,0,5e-06,0.999995,logprobs,Novita
12616,-51,-147,0,0,0,,,text,Novita
12617,-51,-145,0,0,0,0,1,logprobs,Novita
12618,-51,-143,0,0,0,,,text,Novita
12619,-51,-141,0,0,0,5.8e-05,0.999995,logprobs,Novita
12620,-51,-139,0,0,0,5e-06,0.999997,logprobs,Novita
12621,-51,-137,0,0,0,2e-06,0.999998,logprobs,Novita
12622,-51,-135,0,0,0,3e-06,0.999998,logprobs,Novita
12623,-51,-133,0,0,0,0,0.999999,logprobs,Novita
12624,-51,-131,0,0,0,2e-06,0.999998,logprobs,Novita
12625,-51,-129,0,0,0,,,text,Novita
12626,-51,-127,0,0,0,0,0.999999,logprobs,Novita
12627,-51,-125,0,0,0,2e-06,0.999998,logprobs,Novita
12628,-51,-123,0,0,0,1e-06,0.999998,logprobs,Novita
12629,-51,-121,0,0,0,4.5e-05,0.999975,logprobs,Novita
12630,-51,-119,0,0,0,0,0.999999,logprobs,Novita
12631,-51,-117,0,0,1,0.999877,0.99999,logprobs,Novita
12632,-51,-115,0,0,0,3e-06,0.999998,logprobs,Novita
12633,-51,-113,0,0,0,2e-06,0.999997,logprobs,Novita
12634,-51,-111,0,0,0,,,text,Novita
12635,-51,-109,0,0,0,3e-06,0.999989,logprobs,Novita
12636,-51,-107,0,0,1,0.999969,0.999995,logprobs,Novita
12637,-51,-105,0,0,0,3e-06,0.999997,logprobs,Novita
12638,-51,-103,0,0,0,3e-06,0.999995,logprobs,Novita
12639,-51,-101,0,0,0,0,0.999999,logprobs,Novita
12640,-51,-99,0,0,0,1e-06,0.999997,logprobs,Novita
12641,-51,-97,0,0,0,0,0.999998,logprobs,Novita
12642,-51,-95,0,0,0,0,0.999999,logprobs,Novita
12643,-51,-93,0,0,0,1e-06,0.999997,logprobs,Novita
12644,-51,-91,0,0,0,2.1e-05,0.999989,logprobs,Novita
12645,-51,-89,0,0,0,2e-06,0.999995,logprobs,Novita
12646,-51,-87,0,0,0,,,text,Novita
12647,-51,-85,0,0,0,,,text,Novita
12648,-51,-83,0,0,0,1e-06,0.999999,logprobs,Novita
12649,-51,-81,0,0,0,,,text,Novita
12650,-51,-79,0,0,1,0.999739,0.999997,logprobs,Novita
12651,-51,-77,0,0,0,1e-06,0.999998,logprobs,Novita
12652,-51,-75,1,1,0,0,0.999999,logprobs,Novita
12653,-51,-73,1,1,0,0,0.999999,logprobs,Novita
12654,-51,-71,1,1,0,2e-06,0.999998,logprobs,Novita
12655,-51,-69,0,0,1,,,text,Novita
12656,-51,-67,0,0,0,0,0.999999,logprobs,Novita
12657,-51,-65,0,0,0,1e-06,0.999999,logprobs,Novita
12658,-51,-63,0,0,0,1e-06,0.999998,logprobs,Novita
12659,-51,-61,0,0,0,0,0.999999,logprobs,Novita
12660,-51,-59,0,0,0,0,1,logprobs,Novita
12661,-51,-57,0,0,0,,,text,Novita
12662,-51,-55,0,0,0,1e-06,0.999999,logprobs,Novita
12663,-51,-53,0,0,0,0,0.999998,logprobs,Novita
12664,-51,-51,0,0,0,1e-06,0.999999,logprobs,Novita
12665,-51,-49,0,0,0,3e-06,0.999999,logprobs,Novita
12666,-51,-47,0,0,0,2e-06,0.999998,logprobs,Novita
12667,-51,-45,0,0,0,,,text,Novita
12668,-51,-43,0,0,0,,,text,Novita
12669,-51,-41,0,0,0,8e-06,0.999998,logprobs,Novita
12670,-51,-39,0,0,0,2e-06,0.999997,logprobs,Novita
12671,-51,-37,0,0,0,,,text,Novita
12672,-51,-35,0,0,0,,,text,Novita
12673,-51,-33,0,0,0,1.7e-05,0.999991,logprobs,Novita
12674,-51,-31,0,0,0,,,text,Novita
12675,-51,-29,0,0,0,1e-06,0.999998,logprobs,Novita
12676,-51,-27,0,0,0,1e-06,0.999999,logprobs,Novita
12677,-51,-25,0,0,0,,,text,Novita
12678,-51,-23,0,0,0,1e-06,0.999998,logprobs,Novita
12679,-51,-21,0,0,0,1e-06,0.999999,logprobs,Novita
12680,-51,-19,0,0,0,4e-06,0.999998,logprobs,Novita
12681,-51,-17,0,0,0,,,text,Novita
12682,-51,-15,0,0,0,0,0.999998,logprobs,Novita
12683,-51,-13,0,0,0,0,0.999998,logprobs,Novita
12684,-51,-11,0,0,0,,,text,Novita
12685,-51,-9,0,0,0,2e-06,0.999999,logprobs,Novita
12686,-51,-7,0,0,0,6e-06,0.999996,logprobs,Novita
12687,-51,-5,0,0,0,2e-06,0.999996,logprobs,Novita
12688,-51,-3,0,0,0,0,0.999998,logprobs,Novita
12689,-51,-1,0,0,0,,,text,Novita
12690,-51,1,0,0,0,2e-06,0.999996,logprobs,Novita
12691,-51,3,0,0,0,3e-06,0.999998,logprobs,Novita
12692,-51,5,0,0,0,,,text,Novita
12693,-51,7,0,0,0,0,0.999999,logprobs,Novita
12694,-51,9,0,0,0,1e-06,0.999999,logprobs,Novita
12695,-51,11,0,0,0,0,0.999999,logprobs,Novita
12696,-51,13,0,0,0,3e-06,0.999997,logprobs,Novita
12697,-51,15,0,0,0,,,text,Novita
12698,-51,17,0,0,0,1e-06,0.999997,logprobs,Novita
12699,-51,19,0,0,0,,,text,Novita
12700,-51,21,0,0,0,2e-06,0.999998,logprobs,Novita
12701,-51,23,0,0,0,8e-06,0.999992,logprobs,Novita
12702,-51,25,0,0,0,0,0.999999,logprobs,Novita
12703,-51,27,0,0,0,2e-06,0.999998,logprobs,Novita
12704,-51,29,0,0,0,0,0.999999,logprobs,Novita
12705,-51,31,0,0,0,4e-06,0.999998,logprobs,Novita
12706,-51,33,0,0,0,1e-06,0.999999,logprobs,Novita
12707,-51,35,0,0,0,,,text,Novita
12708,-51,37,0,0,0,1e-06,0.999998,logprobs,Novita
12709,-51,39,0,0,0,1e-05,0.999998,logprobs,Novita
12710,-51,41,0,0,0,3e-06,0.999997,logprobs,Novita
12711,-51,43,0,0,0,0,1,logprobs,Novita
12712,-51,45,0,0,0,,,text,Novita
12713,-51,47,0,0,0,5e-06,0.999999,logprobs,Novita
12714,-51,49,0,0,0,,,text,Novita
12715,-51,51,0,0,0,,,text,Novita
12716,-51,53,0,0,0,1e-06,0.999999,logprobs,Novita
12717,-51,55,0,0,0,8e-06,0.999994,logprobs,Novita
12718,-51,57,0,0,0,7e-06,0.999995,logprobs,Novita
12719,-51,59,0,0,0,2e-06,0.999996,logprobs,Novita
12720,-51,61,0,0,1,0.999997,0.999999,logprobs,Novita
12721,-51,63,0,0,0,5e-06,0.999996,logprobs,Novita
12722,-51,65,0,0,0,0,0.999993,logprobs,Novita
12723,-51,67,0,0,0,0,0.999999,logprobs,Novita
12724,-51,69,0,0,0,1e-06,0.999998,logprobs,Novita
12725,-51,71,0,0,0,0,1,logprobs,Novita
12726,-51,73,0,0,0,2e-06,0.999997,logprobs,Novita
12727,-51,75,0,0,0,,,text,Novita
12728,-51,77,0,0,0,1e-06,0.999999,logprobs,Novita
12729,-51,79,0,0,0,1e-06,0.999998,logprobs,Novita
12730,-51,81,0,0,0,6e-06,0.999997,logprobs,Novita
12731,-51,83,0,0,0,2.4e-05,0.999998,logprobs,Novita
12732,-51,85,0,0,0,,,text,Novita
12733,-51,87,0,0,0,2e-06,0.999999,logprobs,Novita
12734,-51,89,0,0,0,0,0.999999,logprobs,Novita
12735,-51,91,0,0,0,1e-06,0.999999,logprobs,Novita
12736,-51,93,0,0,0,2e-06,0.999999,logprobs,Novita
12737,-51,95,0,0,0,2.4e-05,0.999994,logprobs,Novita
12738,-51,97,0,0,0,2e-06,0.999998,logprobs,Novita
12739,-51,99,0,0,0,,,text,Novita
12740,-51,101,0,0,0,,,text,Novita
12741,-51,103,0,0,0,2.1e-05,0.999995,logprobs,Novita
12742,-51,105,0,0,0,5e-06,0.999997,logprobs,Novita
12743,-51,107,0,0,0,0,0.999999,logprobs,Novita
12744,-51,109,0,0,0,2e-06,0.999998,logprobs,Novita
12745,-51,111,0,0,0,1e-06,0.999992,logprobs,Novita
12746,-51,113,0,0,0,2.8e-05,0.999994,logprobs,Novita
12747,-51,115,0,0,0,2e-06,0.999994,logprobs,Novita
12748,-51,117,0,0,0,1e-06,0.999998,logprobs,Novita
12749,-51,119,0,0,0,1.1e-05,0.999996,logprobs,Novita
12750,-51,121,0,0,0,1e-06,0.999998,logprobs,Novita
12751,-51,123,0,0,0,2e-06,0.999999,logprobs,Novita
12752,-51,125,0,0,0,,,text,Novita
12753,-51,127,0,0,0,4e-06,0.999997,logprobs,Novita
12754,-51,129,0,0,0,2e-06,0.999998,logprobs,Novita
12755,-51,131,0,0,0,0,0.999999,logprobs,Novita
12756,-51,133,0,0,0,2e-06,0.999996,logprobs,Novita
12757,-51,135,0,0,0,2.1e-05,0.999994,logprobs,Novita
12758,-51,137,0,0,0,,,text,Novita
12759,-51,139,0,0,0,1e-06,0.999997,logprobs,Novita
12760,-51,141,0,0,0,1e-06,0.999999,logprobs,Novita
12761,-51,143,0,0,0,1e-06,0.999997,logprobs,Novita
12762,-51,145,0,0,0,1e-06,0.999997,logprobs,Novita
12763,-51,147,0,0,0,1.3e-05,0.999993,logprobs,Novita
12764,-51,149,0,0,0,1e-06,0.999998,logprobs,Novita
12765,-51,151,0,0,0,3.1e-05,0.999993,logprobs,Novita
12766,-51,153,0,0,0,5e-06,0.999997,logprobs,Novita
12767,-51,155,0,0,0,1.3e-05,0.999993,logprobs,Novita
12768,-51,157,0,0,0,1e-06,0.999995,logprobs,Novita
12769,-51,159,0,0,0,,,text,Novita
12770,-51,161,0,0,0,1.1e-05,0.999995,logprobs,Novita
12771,-51,163,0,0,0,,,text,Novita
12772,-51,165,0,0,0,1e-06,0.999997,logprobs,Novita
12773,-51,167,0,0,0,,,text,Novita
12774,-51,169,0,0,1,0.999955,0.999997,logprobs,Novita
12775,-51,171,0,0,0,,,text,Novita
12776,-51,173,0,0,0,9e-06,0.999996,logprobs,Novita
12777,-51,175,0,0,0,6e-06,0.999997,logprobs,Novita
12778,-51,177,0,0,0,0,1,logprobs,Novita
12779,-51,179,0,0,0,,,text,Novita
12780,-53,-179,0,0,0,0,1,logprobs,Novita
12781,-53,-177,0,0,0,3e-06,0.999996,logprobs,Novita
12782,-53,-175,0,0,0,1e-06,0.999998,logprobs,Novita
12783,-53,-173,0,0,0,4e-06,0.999998,logprobs,Novita
12784,-53,-171,0,0,0,0,1,logprobs,Novita
12785,-53,-169,0,0,0,0,0.999999,logprobs,Novita
12786,-53,-167,0,0,0,2e-06,0.999998,logprobs,Novita
12787,-53,-165,0,0,0,0,0.999999,logprobs,Novita
12788,-53,-163,0,0,0,1e-06,0.999999,logprobs,Novita
12789,-53,-161,0,0,0,0,0.999999,logprobs,Novita
12790,-53,-159,0,0,0,1e-06,0.999999,logprobs,Novita
12791,-53,-157,0,0,0,0,0.999999,logprobs,Novita
12792,-53,-155,0,0,0,1.1e-05,0.999987,logprobs,Novita
12793,-53,-153,0,0,0,1e-06,0.999997,logprobs,Novita
12794,-53,-151,0,0,0,3e-06,0.999997,logprobs,Novita
12795,-53,-149,0,0,0,0,0.999998,logprobs,Novita
12796,-53,-147,0,0,0,0,0.999998,logprobs,Novita
12797,-53,-145,0,0,0,1e-06,0.999999,logprobs,Novita
12798,-53,-143,0,0,0,1e-06,0.999998,logprobs,Novita
12799,-53,-141,0,0,0,0,0.999999,logprobs,Novita
12800,-53,-139,0,0,0,,,text,Novita
12801,-53,-137,0,0,0,0,0.999999,logprobs,Novita
12802,-53,-135,0,0,0,,,text,Novita
12803,-53,-133,0,0,0,1e-06,0.999997,logprobs,Novita
12804,-53,-131,0,0,0,0,1,logprobs,Novita
12805,-53,-129,0,0,0,,,text,Novita
12806,-53,-127,0,0,0,1e-06,0.999988,logprobs,Novita
12807,-53,-125,0,0,0,0,0.999999,logprobs,Novita
12808,-53,-123,0,0,0,3e-06,0.999998,logprobs,Novita
12809,-53,-121,0,0,0,,,text,Novita
12810,-53,-119,0,0,0,0,0.999999,logprobs,Novita
12811,-53,-117,0,0,0,1e-06,0.999997,logprobs,Novita
12812,-53,-115,0,0,0,1e-06,0.999997,logprobs,Novita
12813,-53,-113,0,0,0,2e-06,0.999997,logprobs,Novita
12814,-53,-111,0,0,1,0.999987,0.999999,logprobs,Novita
12815,-53,-109,0,0,0,0,0.999999,logprobs,Novita
12816,-53,-107,0,0,0,0,0.999999,logprobs,Novita
12817,-53,-105,0,0,0,9e-06,0.999996,logprobs,Novita
12818,-53,-103,0,0,1,0.999925,0.99999,logprobs,Novita
12819,-53,-101,0,0,0,1e-06,0.999997,logprobs,Novita
12820,-53,-99,0,0,0,0,0.999996,logprobs,Novita
12821,-53,-97,0,0,0,1e-06,0.999998,logprobs,Novita
12822,-53,-95,0,0,0,,,text,Novita
12823,-53,-93,0,0,0,2.8e-05,0.999995,logprobs,Novita
12824,-53,-91,0,0,0,8e-06,0.999994,logprobs,Novita
12825,-53,-89,0,0,0,0,0.999998,logprobs,Novita
12826,-53,-87,0,0,0,0,0.999999,logprobs,Novita
12827,-53,-85,0,0,1,0.995391,0.999915,logprobs,Novita
12828,-53,-83,0,0,0,0,0.999999,logprobs,Novita
12829,-53,-81,0,0,0,1.5e-05,0.999997,logprobs,Novita
12830,-53,-79,0,0,0,1e-06,0.999998,logprobs,Novita
12831,-53,-77,0,0,1,0.998968,0.999901,logprobs,Novita
12832,-53,-75,0,0,0,2.8e-05,0.999996,logprobs,Novita
12833,-53,-73,1,1,0,0,1,logprobs,Novita
12834,-53,-71,1,1,0,,,text,Novita
12835,-53,-69,1,1,0,1e-06,0.999997,logprobs,Novita
12836,-53,-67,0,0,1,0.999447,0.99996,logprobs,Novita
12837,-53,-65,0,0,0,3e-06,0.999997,logprobs,Novita
12838,-53,-63,0,0,0,1e-06,0.999998,logprobs,Novita
12839,-53,-61,0,0,0,0,0.999998,logprobs,Novita
12840,-53,-59,0,0,0,,,text,Novita
12841,-53,-57,0,0,0,,,text,Novita
12842,-53,-55,0,0,0,1e-06,0.999998,logprobs,Novita
12843,-53,-53,0,0,0,5e-06,0.999996,logprobs,Novita
12844,-53,-51,0,0,0,,,text,Novita
12845,-53,-49,0,0,0,,,text,Novita
12846,-53,-47,0,0,0,0,0.999999,logprobs,Novita
12847,-53,-45,0,0,0,2e-06,0.999997,logprobs,Novita
12848,-53,-43,0,0,0,0,0.999998,logprobs,Novita
12849,-53,-41,0,0,0,0,0.999999,logprobs,Novita
12850,-53,-39,0,0,0,1e-06,0.999998,logprobs,Novita
12851,-53,-37,0,0,0,1e-06,0.999998,logprobs,Novita
12852,-53,-35,0,0,0,1e-06,0.999997,logprobs,Novita
12853,-53,-33,0,0,0,,,text,Novita
12854,-53,-31,0,0,0,,,text,Novita
12855,-53,-29,0,0,0,0,0.999998,logprobs,Novita
12856,-53,-27,0,0,0,5e-06,0.999995,logprobs,Novita
12857,-53,-25,0,0,0,3e-06,0.999998,logprobs,Novita
12858,-53,-23,0,0,0,1e-06,0.999996,logprobs,Novita
12859,-53,-21,0,0,0,2.4e-05,0.999995,logprobs,Novita
12860,-53,-19,0,0,0,,,text,Novita
12861,-53,-17,0,0,0,1e-06,0.999999,logprobs,Novita
12862,-53,-15,0,0,0,0,1,logprobs,Novita
12863,-53,-13,0,0,0,1e-06,0.999998,logprobs,Novita
12864,-53,-11,0,0,0,1e-06,0.999998,logprobs,Novita
12865,-53,-9,0,0,0,0,0.999999,logprobs,Novita
12866,-53,-7,0,0,0,3e-06,0.999998,logprobs,Novita
12867,-53,-5,0,0,0,,,text,Novita
12868,-53,-3,0,0,0,3e-06,0.999998,logprobs,Novita
12869,-53,-1,0,0,0,0,0.999999,logprobs,Novita
12870,-53,1,0,0,0,,,text,Novita
12871,-53,3,0,0,0,5e-06,0.999998,logprobs,Novita
12872,-53,5,0,0,0,2e-06,0.999998,logprobs,Novita
12873,-53,7,0,0,0,,,text,Novita
12874,-53,9,0,0,0,,,text,Novita
12875,-53,11,0,0,0,0,1,logprobs,Novita
12876,-53,13,0,0,0,2e-06,0.999999,logprobs,Novita
12877,-53,15,0,0,0,3e-06,0.999996,logprobs,Novita
12878,-53,17,0,0,0,1e-06,0.999999,logprobs,Novita
12879,-53,19,0,0,0,3e-06,0.999998,logprobs,Novita
12880,-53,21,0,0,0,,,text,Novita
12881,-53,23,0,0,0,1e-06,0.999999,logprobs,Novita
12882,-53,25,0,0,0,0,0.999998,logprobs,Novita
12883,-53,27,0,0,0,4e-06,0.999995,logprobs,Novita
12884,-53,29,0,0,0,1e-06,0.999999,logprobs,Novita
12885,-53,31,0,0,0,1e-06,0.999993,logprobs,Novita
12886,-53,33,0,0,0,2e-06,0.999998,logprobs,Novita
12887,-53,35,0,0,0,1e-05,0.999995,logprobs,Novita
12888,-53,37,0,0,0,1e-06,0.999999,logprobs,Novita
12889,-53,39,0,0,0,1e-06,0.999997,logprobs,Novita
12890,-53,41,0,0,0,1e-06,0.999999,logprobs,Novita
12891,-53,43,0,0,0,1e-06,0.999997,logprobs,Novita
12892,-53,45,0,0,0,5e-06,0.999997,logprobs,Novita
12893,-53,47,0,0,0,0,0.999999,logprobs,Novita
12894,-53,49,0,0,0,5e-06,0.999998,logprobs,Novita
12895,-53,51,0,0,0,1e-06,0.999998,logprobs,Novita
12896,-53,53,0,0,0,0,0.999998,logprobs,Novita
12897,-53,55,0,0,0,,,text,Novita
12898,-53,57,0,0,0,0,0.999999,logprobs,Novita
12899,-53,59,0,0,0,0,0.999999,logprobs,Novita
12900,-53,61,0,0,0,2e-06,0.999997,logprobs,Novita
12901,-53,63,0,0,0,0,0.999996,logprobs,Novita
12902,-53,65,0,0,0,0,0.999998,logprobs,Novita
12903,-53,67,0,0,0,3e-06,0.999998,logprobs,Novita
12904,-53,69,0,0,0,1e-06,0.999999,logprobs,Novita
12905,-53,71,0,0,0,1e-06,0.999999,logprobs,Novita
12906,-53,73,0,0,0,1.5e-05,0.999991,logprobs,Novita
12907,-53,75,0,0,0,0,0.999999,logprobs,Novita
12908,-53,77,0,0,0,1e-06,0.999997,logprobs,Novita
12909,-53,79,0,0,0,0,0.999998,logprobs,Novita
12910,-53,81,0,0,0,,,text,Novita
12911,-53,83,0,0,0,4e-05,0.999997,logprobs,Novita
12912,-53,85,0,0,0,6e-06,0.999995,logprobs,Novita
12913,-53,87,0,0,0,,,text,Novita
12914,-53,89,0,0,0,1.7e-05,0.999997,logprobs,Novita
12915,-53,91,0,0,0,2.1e-05,0.999995,logprobs,Novita
12916,-53,93,0,0,0,1.5e-05,0.999997,logprobs,Novita
12917,-53,95,0,0,0,,,text,Novita
12918,-53,97,0,0,0,0,0.999999,logprobs,Novita
12919,-53,99,0,0,0,1e-06,0.999998,logprobs,Novita
12920,-53,101,0,0,0,,,text,Novita
12921,-53,103,0,0,1,0.998675,0.999932,logprobs,Novita
12922,-53,105,0,0,0,0,0.999999,logprobs,Novita
12923,-53,107,0,0,0,,,text,Novita
12924,-53,109,0,0,0,6e-06,0.999996,logprobs,Novita
12925,-53,111,0,0,0,1e-06,0.999992,logprobs,Novita
12926,-53,113,0,0,1,0.998831,0.999942,logprobs,Novita
12927,-53,115,0,0,0,3e-06,0.999997,logprobs,Novita
12928,-53,117,0,0,0,6e-06,0.999993,logprobs,Novita
12929,-53,119,0,0,0,2e-06,0.999996,logprobs,Novita
12930,-53,121,0,0,0,,,text,Novita
12931,-53,123,0,0,0,,,text,Novita
12932,-53,125,0,0,0,0,1,logprobs,Novita
12933,-53,127,0,0,0,,,text,Novita
12934,-53,129,0,0,0,5e-06,0.999997,logprobs,Novita
12935,-53,131,0,0,0,2e-06,0.999998,logprobs,Novita
12936,-53,133,0,0,0,4e-06,0.999997,logprobs,Novita
12937,-53,135,0,0,0,9e-06,0.999996,logprobs,Novita
12938,-53,137,0,0,0,3e-06,0.999998,logprobs,Novita
12939,-53,139,0,0,0,2e-06,0.999999,logprobs,Novita
12940,-53,141,0,0,0,,,text,Novita
12941,-53,143,0,0,1,0.996407,0.999972,logprobs,Novita
12942,-53,145,0,0,0,1e-06,0.999997,logprobs,Novita
12943,-53,147,0,0,0,,,text,Novita
12944,-53,149,0,0,0,3e-06,0.999998,logprobs,Novita
12945,-53,151,0,0,0,0,0.999999,logprobs,Novita
12946,-53,153,0,0,0,,,text,Novita
12947,-53,155,0,0,0,4e-06,0.999997,logprobs,Novita
12948,-53,157,0,0,0,3.5e-05,0.999993,logprobs,Novita
12949,-53,159,0,0,0,2.4e-05,0.999992,logprobs,Novita
12950,-53,161,0,0,0,1e-06,0.999997,logprobs,Novita
12951,-53,163,0,0,0,4e-06,0.999996,logprobs,Novita
12952,-53,165,0,0,0,1e-06,0.999996,logprobs,Novita
12953,-53,167,0,0,0,1e-06,0.999999,logprobs,Novita
12954,-53,169,0,0,0,1e-06,0.999999,logprobs,Novita
12955,-53,171,0,0,0,,,text,Novita
12956,-53,173,0,0,0,6.6e-05,0.999993,logprobs,Novita
12957,-53,175,0,0,0,,,text,Novita
12958,-53,177,0,0,0,0,0.999998,logprobs,Novita
12959,-53,179,0,0,0,0,0.999997,logprobs,Novita
12960,-55,-179,0,0,0,,,text,Novita
12961,-55,-177,0,0,0,1e-06,0.999999,logprobs,Novita
12962,-55,-175,0,0,0,,,text,Novita
12963,-55,-173,0,0,0,,,text,Novita
12964,-55,-171,0,0,0,2e-06,0.999996,logprobs,Novita
12965,-55,-169,0,0,0,1e-06,0.999988,logprobs,Novita
12966,-55,-167,0,0,0,4e-06,0.999997,logprobs,Novita
12967,-55,-165,0,0,0,6e-06,0.999991,logprobs,Novita
12968,-55,-163,0,0,0,0,0.999998,logprobs,Novita
12969,-55,-161,0,0,0,,,text,Novita
12970,-55,-159,0,0,0,1e-06,0.999996,logprobs,Novita
12971,-55,-157,0,0,0,0,0.999997,logprobs,Novita
12972,-55,-155,0,0,0,0,0.99999,logprobs,Novita
12973,-55,-153,0,0,0,0,0.999997,logprobs,Novita
12974,-55,-151,0,0,0,1e-06,0.999999,logprobs,Novita
12975,-55,-149,0,0,0,,,text,Novita
12976,-55,-147,0,0,0,2e-06,0.999998,logprobs,Novita
12977,-55,-145,0,0,0,0,0.999999,logprobs,Novita
12978,-55,-143,0,0,0,1e-06,0.999997,logprobs,Novita
12979,-55,-141,0,0,0,0,0.999999,logprobs,Novita
12980,-55,-139,0,0,0,0,0.999999,logprobs,Novita
12981,-55,-137,0,0,0,0,0.999998,logprobs,Novita
12982,-55,-135,0,0,0,1e-06,0.999999,logprobs,Novita
12983,-55,-133,0,0,0,1e-06,0.999999,logprobs,Novita
12984,-55,-131,0,0,0,1e-06,0.999998,logprobs,Novita
12985,-55,-129,0,0,0,0,0.999999,logprobs,Novita
12986,-55,-127,0,0,0,0,0.999999,logprobs,Novita
12987,-55,-125,0,0,0,0,0.999998,logprobs,Novita
12988,-55,-123,0,0,0,0,0.999998,logprobs,Novita
12989,-55,-121,0,0,0,,,text,Novita
12990,-55,-119,0,0,0,0,0.999999,logprobs,Novita
12991,-55,-117,0,0,0,0,0.999998,logprobs,Novita
12992,-55,-115,0,0,0,,,text,Novita
12993,-55,-113,0,0,0,,,text,Novita
12994,-55,-111,0,0,0,1.9e-05,0.999995,logprobs,Novita
12995,-55,-109,0,0,0,,,text,Novita
12996,-55,-107,0,0,0,0,0.999999,logprobs,Novita
12997,-55,-105,0,0,0,,,text,Novita
12998,-55,-103,0,0,0,8e-06,0.999997,logprobs,Novita
12999,-55,-101,0,0,0,0,0.999999,logprobs,Novita
13000,-55,-99,0,0,0,,,text,Novita
13001,-55,-97,0,0,0,0,1,logprobs,Novita
13002,-55,-95,0,0,0,1e-06,0.999998,logprobs,Novita
13003,-55,-93,0,0,0,0,1,logprobs,Novita
13004,-55,-91,0,0,0,2e-06,0.999999,logprobs,Novita
13005,-55,-89,0,0,0,3e-06,0.999997,logprobs,Novita
13006,-55,-87,0,0,0,2e-06,0.999997,logprobs,Novita
13007,-55,-85,0,0,0,2e-06,0.999997,logprobs,Novita
13008,-55,-83,0,0,0,,,text,Novita
13009,-55,-81,0,0,0,,,text,Novita
13010,-55,-79,0,0,0,1.1e-05,0.999998,logprobs,Novita
13011,-55,-77,0,0,0,1e-06,0.999998,logprobs,Novita
13012,-55,-75,0,0,1,0.999512,0.999989,logprobs,Novita
13013,-55,-73,0,0,0,2e-06,0.999999,logprobs,Novita
13014,-55,-71,0,0,0,1e-06,0.999999,logprobs,Novita
13015,-55,-69,1,1,0,,,text,Novita
13016,-55,-67,0,0,0,0,0.999999,logprobs,Novita
13017,-55,-65,0,0,0,1e-06,0.999996,logprobs,Novita
13018,-55,-63,0,0,0,0,0.999999,logprobs,Novita
13019,-55,-61,0,0,0,7e-06,0.999998,logprobs,Novita
13020,-55,-59,0,0,0,4e-06,0.999996,logprobs,Novita
13021,-55,-57,0,0,0,8e-06,0.999998,logprobs,Novita
13022,-55,-55,0,0,0,0,0.999999,logprobs,Novita
13023,-55,-53,0,0,0,0,0.999998,logprobs,Novita
13024,-55,-51,0,0,0,1e-06,0.999991,logprobs,Novita
13025,-55,-49,0,0,0,1e-06,0.999997,logprobs,Novita
13026,-55,-47,0,0,0,1e-06,0.999999,logprobs,Novita
13027,-55,-45,0,0,0,0,1,logprobs,Novita
13028,-55,-43,0,0,0,,,text,Novita
13029,-55,-41,0,0,0,,,text,Novita
13030,-55,-39,0,0,0,1e-06,0.999998,logprobs,Novita
13031,-55,-37,0,0,0,0,0.999999,logprobs,Novita
13032,-55,-35,0,0,0,0,0.999999,logprobs,Novita
13033,-55,-33,0,0,0,0,0.999997,logprobs,Novita
13034,-55,-31,0,0,0,0,1,logprobs,Novita
13035,-55,-29,0,0,0,0,0.999999,logprobs,Novita
13036,-55,-27,0,0,0,3e-06,0.999997,logprobs,Novita
13037,-55,-25,0,0,1,0.999569,0.999972,logprobs,Novita
13038,-55,-23,0,0,0,,,text,Novita
13039,-55,-21,0,0,0,,,text,Novita
13040,-55,-19,0,0,0,0,0.999999,logprobs,Novita
13041,-55,-17,0,0,0,,,text,Novita
13042,-55,-15,0,0,0,1e-06,0.999995,logprobs,Novita
13043,-55,-13,0,0,0,0,0.999999,logprobs,Novita
13044,-55,-11,0,0,0,,,text,Novita
13045,-55,-9,0,0,0,1e-06,0.999996,logprobs,Novita
13046,-55,-7,0,0,0,1e-06,0.999998,logprobs,Novita
13047,-55,-5,0,0,0,,,text,Novita
13048,-55,-3,0,0,0,3e-06,0.999997,logprobs,Novita
13049,-55,-1,0,0,0,0,0.999998,logprobs,Novita
13050,-55,1,0,0,0,1e-06,0.999996,logprobs,Novita
13051,-55,3,0,0,0,2e-06,0.999997,logprobs,Novita
13052,-55,5,0,0,0,5e-06,0.999997,logprobs,Novita
13053,-55,7,0,0,0,3e-06,0.999999,logprobs,Novita
13054,-55,9,0,0,0,2e-06,0.999999,logprobs,Novita
13055,-55,11,0,0,0,3e-06,0.999998,logprobs,Novita
13056,-55,13,0,0,0,1e-06,0.999998,logprobs,Novita
13057,-55,15,0,0,0,8e-06,0.999995,logprobs,Novita
13058,-55,17,0,0,0,2e-06,0.999998,logprobs,Novita
13059,-55,19,0,0,0,1.3e-05,0.999997,logprobs,Novita
13060,-55,21,0,0,0,3e-06,0.999999,logprobs,Novita
13061,-55,23,0,0,0,1e-06,0.999998,logprobs,Novita
13062,-55,25,0,0,0,4.5e-05,0.999998,logprobs,Novita
13063,-55,27,0,0,0,0,0.999999,logprobs,Novita
13064,-55,29,0,0,0,5e-06,0.999995,logprobs,Novita
13065,-55,31,0,0,0,,,text,Novita
13066,-55,33,0,0,0,2e-06,0.999998,logprobs,Novita
13067,-55,35,0,0,0,1e-06,0.999996,logprobs,Novita
13068,-55,37,0,0,0,3e-06,0.999999,logprobs,Novita
13069,-55,39,0,0,0,2e-06,0.999998,logprobs,Novita
13070,-55,41,0,0,0,2e-06,0.999998,logprobs,Novita
13071,-55,43,0,0,0,0,0.999997,logprobs,Novita
13072,-55,45,0,0,0,,,text,Novita
13073,-55,47,0,0,0,0,0.999999,logprobs,Novita
13074,-55,49,0,0,0,0,0.999999,logprobs,Novita
13075,-55,51,0,0,0,3e-06,0.999999,logprobs,Novita
13076,-55,53,0,0,0,2e-06,0.999996,logprobs,Novita
13077,-55,55,0,0,0,3e-06,0.999995,logprobs,Novita
13078,-55,57,0,0,0,1e-05,0.999997,logprobs,Novita
13079,-55,59,0,0,0,0,0.999999,logprobs,Novita
13080,-55,61,0,0,0,1.1e-05,0.999996,logprobs,Novita
13081,-55,63,0,0,0,,,text,Novita
13082,-55,65,0,0,0,3e-06,0.999997,logprobs,Novita
13083,-55,67,0,0,0,3e-06,0.999997,logprobs,Novita
13084,-55,69,0,0,0,1e-06,0.999999,logprobs,Novita
13085,-55,71,0,0,0,1e-06,0.999999,logprobs,Novita
13086,-55,73,0,0,0,0,0.999999,logprobs,Novita
13087,-55,75,0,0,0,0,0.999999,logprobs,Novita
13088,-55,77,0,0,0,9e-06,0.999995,logprobs,Novita
13089,-55,79,0,0,0,,,text,Novita
13090,-55,81,0,0,0,1.5e-05,0.999997,logprobs,Novita
13091,-55,83,0,0,0,0,1,logprobs,Novita
13092,-55,85,0,0,0,3e-06,0.999998,logprobs,Novita
13093,-55,87,0,0,0,0,0.999998,logprobs,Novita
13094,-55,89,0,0,0,1e-06,0.999998,logprobs,Novita
13095,-55,91,0,0,0,6e-06,0.999998,logprobs,Novita
13096,-55,93,0,0,1,0.997817,0.999972,logprobs,Novita
13097,-55,95,0,0,0,,,text,Novita
13098,-55,97,0,0,0,1.3e-05,0.999995,logprobs,Novita
13099,-55,99,0,0,0,1e-06,0.999998,logprobs,Novita
13100,-55,101,0,0,0,1e-06,0.999999,logprobs,Novita
13101,-55,103,0,0,0,,,text,Novita
13102,-55,105,0,0,0,1e-06,0.999998,logprobs,Novita
13103,-55,107,0,0,0,,,text,Novita
13104,-55,109,0,0,0,1e-06,0.999997,logprobs,Novita
13105,-55,111,0,0,0,0,0.999998,logprobs,Novita
13106,-55,113,0,0,0,1e-06,0.999999,logprobs,Novita
13107,-55,115,0,0,0,,,text,Novita
13108,-55,117,0,0,0,5e-06,0.999997,logprobs,Novita
13109,-55,119,0,0,0,2e-06,0.999998,logprobs,Novita
13110,-55,121,0,0,0,,,text,Novita
13111,-55,123,0,0,0,0,0.999984,logprobs,Novita
13112,-55,125,0,0,0,1e-06,0.999998,logprobs,Novita
13113,-55,127,0,0,0,2.4e-05,0.999989,logprobs,Novita
13114,-55,129,0,0,0,2e-06,0.999989,logprobs,Novita
13115,-55,131,0,0,0,1e-06,0.999999,logprobs,Novita
13116,-55,133,0,0,0,,,text,Novita
13117,-55,135,0,0,0,3e-06,0.999998,logprobs,Novita
13118,-55,137,0,0,0,0,0.999997,logprobs,Novita
13119,-55,139,0,0,0,0,0.999999,logprobs,Novita
13120,-55,141,0,0,0,3e-06,0.999997,logprobs,Novita
13121,-55,143,0,0,0,2.1e-05,0.999998,logprobs,Novita
13122,-55,145,0,0,0,0,0.999998,logprobs,Novita
13123,-55,147,0,0,0,0,0.999998,logprobs,Novita
13124,-55,149,0,0,0,1e-05,0.999994,logprobs,Novita
13125,-55,151,0,0,0,1e-06,0.999997,logprobs,Novita
13126,-55,153,0,0,0,0,0.999998,logprobs,Novita
13127,-55,155,0,0,0,,,text,Novita
13128,-55,157,0,0,0,6e-06,0.999998,logprobs,Novita
13129,-55,159,0,0,0,4e-06,0.999998,logprobs,Novita
13130,-55,161,0,0,0,,,text,Novita
13131,-55,163,0,0,0,2e-06,0.999999,logprobs,Novita
13132,-55,165,0,0,0,1e-06,0.999998,logprobs,Novita
13133,-55,167,0,0,0,1e-06,0.999997,logprobs,Novita
13134,-55,169,0,0,0,1e-06,0.999998,logprobs,Novita
13135,-55,171,0,0,0,2e-06,0.999999,logprobs,Novita
13136,-55,173,0,0,0,3e-06,0.999997,logprobs,Novita
13137,-55,175,0,0,0,8e-06,0.999995,logprobs,Novita
13138,-55,177,0,0,0,,,text,Novita
13139,-55,179,0,0,0,,,text,Novita
13140,-57,-179,0,0,0,0,0.999999,logprobs,Novita
13141,-57,-177,0,0,0,1e-06,0.999998,logprobs,Novita
13142,-57,-175,0,0,0,0,0.999998,logprobs,Novita
13143,-57,-173,0,0,0,2e-06,0.999997,logprobs,Novita
13144,-57,-171,0,0,0,3e-06,0.999998,logprobs,Novita
13145,-57,-169,0,0,0,1e-06,0.999998,logprobs,Novita
13146,-57,-167,0,0,0,,,text,Novita
13147,-57,-165,0,0,0,4e-06,0.999998,logprobs,Novita
13148,-57,-163,0,0,0,0,0.999999,logprobs,Novita
13149,-57,-161,0,0,0,1e-06,0.999998,logprobs,Novita
13150,-57,-159,0,0,0,0,0.999999,logprobs,Novita
13151,-57,-157,0,0,0,1e-06,0.999998,logprobs,Novita
13152,-57,-155,0,0,0,5e-06,0.999993,logprobs,Novita
13153,-57,-153,0,0,0,,,text,Novita
13154,-57,-151,0,0,0,0,0.999999,logprobs,Novita
13155,-57,-149,0,0,0,4e-06,0.999997,logprobs,Novita
13156,-57,-147,0,0,0,0,0.999999,logprobs,Novita
13157,-57,-145,0,0,0,,,text,Novita
13158,-57,-143,0,0,0,0,0.999999,logprobs,Novita
13159,-57,-141,0,0,0,1e-06,0.999998,logprobs,Novita
13160,-57,-139,0,0,0,0,0.999998,logprobs,Novita
13161,-57,-137,0,0,0,,,text,Novita
13162,-57,-135,0,0,0,,,text,Novita
13163,-57,-133,0,0,0,3e-06,0.999998,logprobs,Novita
13164,-57,-131,0,0,0,1e-06,0.999997,logprobs,Novita
13165,-57,-129,0,0,0,,,text,Novita
13166,-57,-127,0,0,0,0,0.999999,logprobs,Novita
13167,-57,-125,0,0,0,2e-06,0.999997,logprobs,Novita
13168,-57,-123,0,0,0,1e-06,0.999993,logprobs,Novita
13169,-57,-121,0,0,0,,,text,Novita
13170,-57,-119,0,0,0,1.3e-05,0.999995,logprobs,Novita
13171,-57,-117,0,0,0,1e-06,0.999998,logprobs,Novita
13172,-57,-115,0,0,0,,,text,Novita
13173,-57,-113,0,0,0,2e-06,0.999998,logprobs,Novita
13174,-57,-111,0,0,0,,,text,Novita
13175,-57,-109,0,0,0,1e-06,0.999999,logprobs,Novita
13176,-57,-107,0,0,1,0.998675,0.999966,logprobs,Novita
13177,-57,-105,0,0,0,0,0.999999,logprobs,Novita
13178,-57,-103,0,0,1,0.999891,0.999978,logprobs,Novita
13179,-57,-101,0,0,0,6e-06,0.999995,logprobs,Novita
13180,-57,-99,0,0,0,0,0.999999,logprobs,Novita
13181,-57,-97,0,0,0,2.8e-05,0.999995,logprobs,Novita
13182,-57,-95,0,0,0,,,text,Novita
13183,-57,-93,0,0,0,1e-06,0.999998,logprobs,Novita
13184,-57,-91,0,0,0,1e-06,0.999998,logprobs,Novita
13185,-57,-89,0,0,0,,,text,Novita
13186,-57,-87,0,0,0,0,0.999999,logprobs,Novita
13187,-57,-85,0,0,0,,,text,Novita
13188,-57,-83,0,0,0,0,0.999999,logprobs,Novita
13189,-57,-81,0,0,0,,,text,Novita
13190,-57,-79,0,0,0,,,text,Novita
13191,-57,-77,0,0,0,0,0.999998,logprobs,Novita
13192,-57,-75,0,0,0,0,0.999999,logprobs,Novita
13193,-57,-73,0,0,0,0,0.999999,logprobs,Novita
13194,-57,-71,0,0,0,1e-06,0.999998,logprobs,Novita
13195,-57,-69,0,0,0,0,0.999999,logprobs,Novita
13196,-57,-67,0,0,0,1.9e-05,0.999992,logprobs,Novita
13197,-57,-65,0,0,0,,,text,Novita
13198,-57,-63,0,0,0,5.1e-05,0.99999,logprobs,Novita
13199,-57,-61,0,0,0,1e-06,0.999999,logprobs,Novita
13200,-57,-59,0,0,0,1.9e-05,0.999996,logprobs,Novita
13201,-57,-57,0,0,0,3e-06,0.999994,logprobs,Novita
13202,-57,-55,0,0,1,,,text,Novita
13203,-57,-53,0,0,0,8e-06,0.999997,logprobs,Novita
13204,-57,-51,0,0,0,1e-05,0.999997,logprobs,Novita
13205,-57,-49,0,0,0,0,1,logprobs,Novita
13206,-57,-47,0,0,0,2e-06,0.999997,logprobs,Novita
13207,-57,-45,0,0,0,3e-06,0.999996,logprobs,Novita
13208,-57,-43,0,0,0,1e-06,0.999999,logprobs,Novita
13209,-57,-41,0,0,0,9e-06,0.999992,logprobs,Novita
13210,-57,-39,0,0,0,2e-06,0.999997,logprobs,Novita
13211,-57,-37,0,0,0,1e-06,0.999998,logprobs,Novita
13212,-57,-35,0,0,0,0,0.999999,logprobs,Novita
13213,-57,-33,0,0,0,0,0.999999,logprobs,Novita
13214,-57,-31,0,0,0,5e-06,0.999996,logprobs,Novita
13215,-57,-29,0,0,0,1e-06,0.999999,logprobs,Novita
13216,-57,-27,0,0,0,1e-06,0.999996,logprobs,Novita
13217,-57,-25,0,0,0,,,text,Novita
13218,-57,-23,0,0,0,1e-06,0.999999,logprobs,Novita
13219,-57,-21,0,0,1,0.999994,0.999996,logprobs,Novita
13220,-57,-19,0,0,0,,,text,Novita
13221,-57,-17,0,0,0,2e-06,0.999997,logprobs,Novita
13222,-57,-15,0,0,0,0,0.999999,logprobs,Novita
13223,-57,-13,0,0,0,1e-06,0.999999,logprobs,Novita
13224,-57,-11,0,0,0,0,0.999999,logprobs,Novita
13225,-57,-9,0,0,0,,,text,Novita
13226,-57,-7,0,0,0,5e-06,0.999998,logprobs,Novita
13227,-57,-5,0,0,0,2e-06,0.999995,logprobs,Novita
13228,-57,-3,0,0,0,1e-05,0.999997,logprobs,Novita
13229,-57,-1,0,0,0,2e-06,0.999998,logprobs,Novita
13230,-57,1,0,0,0,2e-06,0.999998,logprobs,Novita
13231,-57,3,0,0,0,3.1e-05,0.999993,logprobs,Novita
13232,-57,5,0,0,0,1e-06,0.999999,logprobs,Novita
13233,-57,7,0,0,0,1.5e-05,0.999998,logprobs,Novita
13234,-57,9,0,0,0,1e-05,0.999995,logprobs,Novita
13235,-57,11,0,0,0,1.1e-05,0.999997,logprobs,Novita
13236,-57,13,0,0,0,1.9e-05,0.999995,logprobs,Novita
13237,-57,15,0,0,0,2.4e-05,0.999993,logprobs,Novita
13238,-57,17,0,0,0,1e-06,0.999999,logprobs,Novita
13239,-57,19,0,0,0,,,text,Novita
13240,-57,21,0,0,0,1e-05,0.999993,logprobs,Novita
13241,-57,23,0,0,0,,,text,Novita
13242,-57,25,0,0,0,5e-06,0.999998,logprobs,Novita
13243,-57,27,0,0,0,1e-06,0.999997,logprobs,Novita
13244,-57,29,0,0,0,,,text,Novita
13245,-57,31,0,0,0,0.000159,0.999992,logprobs,Novita
13246,-57,33,0,0,0,,,text,Novita
13247,-57,35,0,0,0,1e-06,0.999997,logprobs,Novita
13248,-57,37,0,0,0,2e-06,0.999997,logprobs,Novita
13249,-57,39,0,0,0,1e-06,0.999995,logprobs,Novita
13250,-57,41,0,0,0,1e-06,0.999999,logprobs,Novita
13251,-57,43,0,0,0,1.3e-05,0.999996,logprobs,Novita
13252,-57,45,0,0,0,,,text,Novita
13253,-57,47,0,0,0,1e-06,0.999999,logprobs,Novita
13254,-57,49,0,0,0,1.3e-05,0.999996,logprobs,Novita
13255,-57,51,0,0,0,,,text,Novita
13256,-57,53,0,0,0,1e-06,0.999999,logprobs,Novita
13257,-57,55,0,0,0,1e-06,0.999997,logprobs,Novita
13258,-57,57,0,0,0,,,text,Novita
13259,-57,59,0,0,0,0,0.999999,logprobs,Novita
13260,-57,61,0,0,0,,,text,Novita
13261,-57,63,0,0,0,4e-06,0.999998,logprobs,Novita
13262,-57,65,0,0,0,4e-06,0.999995,logprobs,Novita
13263,-57,67,0,0,0,3e-06,0.999998,logprobs,Novita
13264,-57,69,0,0,0,3.1e-05,0.999992,logprobs,Novita
13265,-57,71,0,0,0,3e-06,0.999997,logprobs,Novita
13266,-57,73,0,0,0,1e-06,0.999999,logprobs,Novita
13267,-57,75,0,0,0,5.1e-05,0.999992,logprobs,Novita
13268,-57,77,0,0,0,4e-06,0.999997,logprobs,Novita
13269,-57,79,0,0,0,1e-06,0.999998,logprobs,Novita
13270,-57,81,0,0,0,0,0.999999,logprobs,Novita
13271,-57,83,0,0,1,0.999999,0.999997,logprobs,Novita
13272,-57,85,0,0,0,2e-06,0.999998,logprobs,Novita
13273,-57,87,0,0,0,4e-05,0.999999,logprobs,Novita
13274,-57,89,0,0,0,7e-06,0.999986,logprobs,Novita
13275,-57,91,0,0,0,1.7e-05,0.999998,logprobs,Novita
13276,-57,93,0,0,0,2e-06,0.999998,logprobs,Novita
13277,-57,95,0,0,0,5e-06,0.999998,logprobs,Novita
13278,-57,97,0,0,0,,,text,Novita
13279,-57,99,0,0,0,,,text,Novita
13280,-57,101,0,0,0,6e-06,0.999996,logprobs,Novita
13281,-57,103,0,0,0,0.000123,0.999988,logprobs,Novita
13282,-57,105,0,0,0,7e-06,0.999997,logprobs,Novita
13283,-57,107,0,0,0,4e-06,0.999998,logprobs,Novita
13284,-57,109,0,0,0,5e-06,0.999995,logprobs,Novita
13285,-57,111,0,0,0,1e-06,0.999997,logprobs,Novita
13286,-57,113,0,0,0,2e-06,0.999995,logprobs,Novita
13287,-57,115,0,0,0,,,text,Novita
13288,-57,117,0,0,0,9e-06,0.999997,logprobs,Novita
13289,-57,119,0,0,0,3e-06,0.999995,logprobs,Novita
13290,-57,121,0,0,0,5e-06,0.999997,logprobs,Novita
13291,-57,123,0,0,0,1.1e-05,0.999997,logprobs,Novita
13292,-57,125,0,0,0,2e-06,0.999998,logprobs,Novita
13293,-57,127,0,0,0,,,text,Novita
13294,-57,129,0,0,0,0,0.999998,logprobs,Novita
13295,-57,131,0,0,0,6e-06,0.999996,logprobs,Novita
13296,-57,133,0,0,0,1e-06,0.999998,logprobs,Novita
13297,-57,135,0,0,0,4e-06,0.999998,logprobs,Novita
13298,-57,137,0,0,0,0,0.999999,logprobs,Novita
13299,-57,139,0,0,0,,,text,Novita
13300,-57,141,0,0,0,,,text,Novita
13301,-57,143,0,0,0,,,text,Novita
13302,-57,145,0,0,0,4e-06,0.999993,logprobs,Novita
13303,-57,147,0,0,0,3e-06,0.999996,logprobs,Novita
13304,-57,149,0,0,0,,,text,Novita
13305,-57,151,0,0,0,0,0.999998,logprobs,Novita
13306,-57,153,0,0,0,1e-06,0.999997,logprobs,Novita
13307,-57,155,0,0,0,,,text,Novita
13308,-57,157,0,0,0,0,1,logprobs,Novita
13309,-57,159,0,0,0,,,text,Novita
13310,-57,161,0,0,0,,,text,Novita
13311,-57,163,0,0,0,0,0.999997,logprobs,Novita
13312,-57,165,0,0,0,2e-06,0.999997,logprobs,Novita
13313,-57,167,0,0,0,1e-05,0.999996,logprobs,Novita
13314,-57,169,0,0,0,1e-06,0.999996,logprobs,Novita
13315,-57,171,0,0,0,3e-06,0.999998,logprobs,Novita
13316,-57,173,0,0,0,4e-06,0.999998,logprobs,Novita
13317,-57,175,0,0,0,2e-06,0.999999,logprobs,Novita
13318,-57,177,0,0,0,1.1e-05,0.999995,logprobs,Novita
13319,-57,179,0,0,0,0,0.999999,logprobs,Novita
13320,-59,-179,0,0,0,1e-06,0.999999,logprobs,Novita
13321,-59,-177,0,0,0,,,text,Novita
13322,-59,-175,0,0,0,7e-06,0.999997,logprobs,Novita
13323,-59,-173,0,0,0,3e-06,0.999998,logprobs,Novita
13324,-59,-171,0,0,0,0,0.999998,logprobs,Novita
13325,-59,-169,0,0,0,0,1,logprobs,Novita
13326,-59,-167,0,0,0,1e-06,0.999999,logprobs,Novita
13327,-59,-165,0,0,0,,,text,Novita
13328,-59,-163,0,0,0,1e-06,0.999999,logprobs,Novita
13329,-59,-161,0,0,0,1e-06,0.999998,logprobs,Novita
13330,-59,-159,0,0,0,0,0.999999,logprobs,Novita
13331,-59,-157,0,0,0,,,text,Novita
13332,-59,-155,0,0,0,1e-06,0.999997,logprobs,Novita
13333,-59,-153,0,0,0,,,text,Novita
13334,-59,-151,0,0,0,1e-06,0.999998,logprobs,Novita
13335,-59,-149,0,0,0,1e-06,0.999998,logprobs,Novita
13336,-59,-147,0,0,0,0,0.999999,logprobs,Novita
13337,-59,-145,0,0,0,1e-06,0.999997,logprobs,Novita
13338,-59,-143,0,0,0,0,0.999999,logprobs,Novita
13339,-59,-141,0,0,0,1e-06,0.999999,logprobs,Novita
13340,-59,-139,0,0,0,1e-06,0.999999,logprobs,Novita
13341,-59,-137,0,0,0,,,text,Novita
13342,-59,-135,0,0,0,6e-06,0.999994,logprobs,Novita
13343,-59,-133,0,0,0,2e-06,0.999998,logprobs,Novita
13344,-59,-131,0,0,0,1e-06,0.999999,logprobs,Novita
13345,-59,-129,0,0,0,0,0.999997,logprobs,Novita
13346,-59,-127,0,0,0,0,0.999999,logprobs,Novita
13347,-59,-125,0,0,0,5e-06,0.999996,logprobs,Novita
13348,-59,-123,0,0,0,3e-06,0.999997,logprobs,Novita
13349,-59,-121,0,0,0,,,text,Novita
13350,-59,-119,0,0,0,1e-06,0.999999,logprobs,Novita
13351,-59,-117,0,0,0,0,1,logprobs,Novita
13352,-59,-115,0,0,1,0.999842,0.999983,logprobs,Novita
13353,-59,-113,0,0,0,0,0.999999,logprobs,Novita
13354,-59,-111,0,0,1,0.999965,0.999989,logprobs,Novita
13355,-59,-109,0,0,0,3e-06,0.999998,logprobs,Novita
13356,-59,-107,0,0,0,0,0.999999,logprobs,Novita
13357,-59,-105,0,0,0,9e-06,0.99999,logprobs,Novita
13358,-59,-103,0,0,0,1e-06,0.999998,logprobs,Novita
13359,-59,-101,0,0,0,7.5e-05,0.999989,logprobs,Novita
13360,-59,-99,0,0,0,3e-06,0.999999,logprobs,Novita
13361,-59,-97,0,0,0,2e-06,0.999996,logprobs,Novita
13362,-59,-95,0,0,0,0,0.999998,logprobs,Novita
13363,-59,-93,0,0,0,2e-06,0.999999,logprobs,Novita
13364,-59,-91,0,0,0,0,0.999998,logprobs,Novita
13365,-59,-89,0,0,0,1e-06,0.999998,logprobs,Novita
13366,-59,-87,0,0,0,1e-06,0.999998,logprobs,Novita
13367,-59,-85,0,0,0,1e-06,0.999998,logprobs,Novita
13368,-59,-83,0,0,0,2e-06,0.999998,logprobs,Novita
13369,-59,-81,0,0,0,1e-06,0.999996,logprobs,Novita
13370,-59,-79,0,0,1,0.999998,0.999954,logprobs,Novita
13371,-59,-77,0,0,0,4e-06,0.999991,logprobs,Novita
13372,-59,-75,0,0,0,7e-06,0.999998,logprobs,Novita
13373,-59,-73,0,0,0,0,0.999999,logprobs,Novita
13374,-59,-71,0,0,0,2e-06,0.99999,logprobs,Novita
13375,-59,-69,0,0,0,1.1e-05,0.999996,logprobs,Novita
13376,-59,-67,0,0,0,0,0.999999,logprobs,Novita
13377,-59,-65,0,0,0,0,0.999999,logprobs,Novita
13378,-59,-63,0,0,0,,,text,Novita
13379,-59,-61,0,0,0,1.5e-05,0.999975,logprobs,Novita
13380,-59,-59,0,0,0,2e-06,0.999997,logprobs,Novita
13381,-59,-57,0,0,0,0,0.999999,logprobs,Novita
13382,-59,-55,0,0,0,,,text,Novita
13383,-59,-53,0,0,0,0,1,logprobs,Novita
13384,-59,-51,0,0,0,0,0.999999,logprobs,Novita
13385,-59,-49,0,0,0,1e-06,0.999999,logprobs,Novita
13386,-59,-47,0,0,0,1e-06,0.999998,logprobs,Novita
13387,-59,-45,0,0,0,0,0.999999,logprobs,Novita
13388,-59,-43,0,0,0,1e-06,0.999999,logprobs,Novita
13389,-59,-41,0,0,0,6e-06,0.999996,logprobs,Novita
13390,-59,-39,0,0,0,2e-06,0.999999,logprobs,Novita
13391,-59,-37,0,0,0,9e-06,0.999999,logprobs,Novita
13392,-59,-35,0,0,0,1e-06,0.999999,logprobs,Novita
13393,-59,-33,0,0,0,,,text,Novita
13394,-59,-31,0,0,0,,,text,Novita
13395,-59,-29,0,0,0,1e-06,0.999996,logprobs,Novita
13396,-59,-27,0,0,0,0,0.999999,logprobs,Novita
13397,-59,-25,0,0,0,1e-06,0.999996,logprobs,Novita
13398,-59,-23,0,0,0,8e-06,0.999998,logprobs,Novita
13399,-59,-21,0,0,0,4e-06,0.999998,logprobs,Novita
13400,-59,-19,0,0,0,2e-06,0.999999,logprobs,Novita
13401,-59,-17,0,0,0,,,text,Novita
13402,-59,-15,0,0,0,1e-06,0.999998,logprobs,Novita
13403,-59,-13,0,0,0,0,0.999996,logprobs,Novita
13404,-59,-11,0,0,0,2.8e-05,0.999995,logprobs,Novita
13405,-59,-9,0,0,0,2.1e-05,0.999993,logprobs,Novita
13406,-59,-7,0,0,0,3e-06,0.999997,logprobs,Novita
13407,-59,-5,0,0,0,0,0.999999,logprobs,Novita
13408,-59,-3,0,0,0,1e-06,0.999998,logprobs,Novita
13409,-59,-1,0,0,0,,,text,Novita
13410,-59,1,0,0,0,7.5e-05,0.999995,logprobs,Novita
13411,-59,3,0,0,0,,,text,Novita
13412,-59,5,0,0,0,2e-06,0.999998,logprobs,Novita
13413,-59,7,0,0,0,,,text,Novita
13414,-59,9,0,0,0,0,0.999999,logprobs,Novita
13415,-59,11,0,0,0,1e-06,0.999985,logprobs,Novita
13416,-59,13,0,0,0,1.5e-05,0.999996,logprobs,Novita
13417,-59,15,0,0,0,,,text,Novita
13418,-59,17,0,0,0,,,text,Novita
13419,-59,19,0,0,0,,,text,Novita
13420,-59,21,0,0,0,,,text,Novita
13421,-59,23,0,0,0,,,text,Novita
13422,-59,25,0,0,0,,,text,Novita
13423,-59,27,0,0,0,2e-06,0.999998,logprobs,Novita
13424,-59,29,0,0,0,,,text,Novita
13425,-59,31,0,0,0,0,0.999998,logprobs,Novita
13426,-59,33,0,0,0,1e-06,0.999996,logprobs,Novita
13427,-59,35,0,0,0,1e-06,0.999998,logprobs,Novita
13428,-59,37,0,0,0,4e-06,0.999993,logprobs,Novita
13429,-59,39,0,0,0,2e-06,0.999997,logprobs,Novita
13430,-59,41,0,0,0,,,text,Novita
13431,-59,43,0,0,0,1e-06,0.999999,logprobs,Novita
13432,-59,45,0,0,0,3.5e-05,0.99999,logprobs,Novita
13433,-59,47,0,0,0,,,text,Novita
13434,-59,49,0,0,0,1e-06,0.999999,logprobs,Novita
13435,-59,51,0,0,0,1.1e-05,0.999997,logprobs,Novita
13436,-59,53,0,0,0,4e-06,0.999997,logprobs,Novita
13437,-59,55,0,0,0,9e-06,0.999995,logprobs,Novita
13438,-59,57,0,0,0,,,text,Novita
13439,-59,59,0,0,0,,,text,Novita
13440,-59,61,0,0,0,,,text,Novita
13441,-59,63,0,0,0,9.6e-05,0.999985,logprobs,Novita
13442,-59,65,0,0,0,1e-06,0.999994,logprobs,Novita
13443,-59,67,0,0,0,1e-06,0.999999,logprobs,Novita
13444,-59,69,0,0,0,0,0.999999,logprobs,Novita
13445,-59,71,0,0,0,1.7e-05,0.999994,logprobs,Novita
13446,-59,73,0,0,0,,,text,Novita
13447,-59,75,0,0,0,9.6e-05,0.999997,logprobs,Novita
13448,-59,77,0,0,0,4e-05,0.999962,logprobs,Novita
13449,-59,79,0,0,0,3e-06,0.999994,logprobs,Novita
13450,-59,81,0,0,0,,,text,Novita
13451,-59,83,0,0,0,,,text,Novita
13452,-59,85,0,0,0,6e-06,0.999999,logprobs,Novita
13453,-59,87,0,0,0,5.8e-05,0.999991,logprobs,Novita
13454,-59,89,0,0,0,8.5e-05,0.999954,logprobs,Novita
13455,-59,91,0,0,0,1.9e-05,0.99999,logprobs,Novita
13456,-59,93,0,0,0,2.8e-05,0.999996,logprobs,Novita
13457,-59,95,0,0,0,1.1e-05,0.999997,logprobs,Novita
13458,-59,97,0,0,0,,,text,Novita
13459,-59,99,0,0,0,9e-06,0.999993,logprobs,Novita
13460,-59,101,0,0,0,1e-06,0.999998,logprobs,Novita
13461,-59,103,0,0,0,2e-06,0.999996,logprobs,Novita
13462,-59,105,0,0,0,6e-06,0.999998,logprobs,Novita
13463,-59,107,0,0,0,1e-06,0.999999,logprobs,Novita
13464,-59,109,0,0,0,2e-06,0.999999,logprobs,Novita
13465,-59,111,0,0,0,3e-06,0.999998,logprobs,Novita
13466,-59,113,0,0,0,5.1e-05,0.999994,logprobs,Novita
13467,-59,115,0,0,0,1.1e-05,0.999996,logprobs,Novita
13468,-59,117,0,0,0,0,0.999998,logprobs,Novita
13469,-59,119,0,0,0,1e-06,0.999999,logprobs,Novita
13470,-59,121,0,0,0,5e-06,0.999996,logprobs,Novita
13471,-59,123,0,0,0,,,text,Novita
13472,-59,125,0,0,0,2.1e-05,0.999994,logprobs,Novita
13473,-59,127,0,0,0,6e-06,0.999982,logprobs,Novita
13474,-59,129,0,0,0,0,0.999995,logprobs,Novita
13475,-59,131,0,0,0,0,0.999997,logprobs,Novita
13476,-59,133,0,0,0,2e-06,0.999997,logprobs,Novita
13477,-59,135,0,0,0,0,0.999999,logprobs,Novita
13478,-59,137,0,0,0,3.1e-05,0.999996,logprobs,Novita
13479,-59,139,0,0,0,8e-06,0.999991,logprobs,Novita
13480,-59,141,0,0,0,2e-06,0.999999,logprobs,Novita
13481,-59,143,0,0,0,7e-06,0.999997,logprobs,Novita
13482,-59,145,0,0,0,1e-06,0.999998,logprobs,Novita
13483,-59,147,0,0,1,0.999842,0.999981,logprobs,Novita
13484,-59,149,0,0,0,,,text,Novita
13485,-59,151,0,0,0,1e-06,0.999998,logprobs,Novita
13486,-59,153,0,0,0,4e-06,0.999995,logprobs,Novita
13487,-59,155,0,0,0,0,0.999998,logprobs,Novita
13488,-59,157,0,0,0,8e-06,0.999983,logprobs,Novita
13489,-59,159,0,0,0,9e-06,0.999973,logprobs,Novita
13490,-59,161,0,0,0,1e-06,0.999998,logprobs,Novita
13491,-59,163,0,0,0,,,text,Novita
13492,-59,165,0,0,0,3.1e-05,0.999995,logprobs,Novita
13493,-59,167,0,0,0,2.4e-05,0.999986,logprobs,Novita
13494,-59,169,0,0,0,1e-06,0.999999,logprobs,Novita
13495,-59,171,0,0,0,1.7e-05,0.999985,logprobs,Novita
13496,-59,173,0,0,0,5e-06,0.99999,logprobs,Novita
13497,-59,175,0,0,0,9e-06,0.999995,logprobs,Novita
13498,-59,177,0,0,0,1e-06,0.999998,logprobs,Novita
13499,-59,179,0,0,0,1e-06,0.999999,logprobs,Novita
13500,-61,-179,0,0,0,,,text,Novita
13501,-61,-177,0,0,0,0,1,logprobs,Novita
13502,-61,-175,0,0,0,,,text,Novita
13503,-61,-173,0,0,0,6e-06,0.999997,logprobs,Novita
13504,-61,-171,0,0,0,2e-06,0.999999,logprobs,Novita
13505,-61,-169,0,0,0,0,0.999999,logprobs,Novita
13506,-61,-167,0,0,0,0,0.999998,logprobs,Novita
13507,-61,-165,0,0,0,0,1,logprobs,Novita
13508,-61,-163,0,0,0,0,0.999998,logprobs,Novita
13509,-61,-161,0,0,0,0,0.999999,logprobs,Novita
13510,-61,-159,0,0,0,0,0.999999,logprobs,Novita
13511,-61,-157,0,0,0,,,text,Novita
13512,-61,-155,0,0,0,3e-06,0.999989,logprobs,Novita
13513,-61,-153,0,0,0,0,0.999999,logprobs,Novita
13514,-61,-151,0,0,0,5e-06,0.999998,logprobs,Novita
13515,-61,-149,0,0,0,8.5e-05,0.999921,logprobs,Novita
13516,-61,-147,0,0,0,1e-06,0.999999,logprobs,Novita
13517,-61,-145,0,0,0,,,text,Novita
13518,-61,-143,0,0,0,1e-06,0.999999,logprobs,Novita
13519,-61,-141,0,0,0,0,0.999999,logprobs,Novita
13520,-61,-139,0,0,0,1e-06,0.999998,logprobs,Novita
13521,-61,-137,0,0,0,0,0.999998,logprobs,Novita
13522,-61,-135,0,0,0,5e-06,0.999994,logprobs,Novita
13523,-61,-133,0,0,0,2e-06,0.999997,logprobs,Novita
13524,-61,-131,0,0,0,1e-06,0.999995,logprobs,Novita
13525,-61,-129,0,0,0,1e-06,0.999998,logprobs,Novita
13526,-61,-127,0,0,0,0,0.999999,logprobs,Novita
13527,-61,-125,0,0,0,0,0.999999,logprobs,Novita
13528,-61,-123,0,0,0,0,0.999999,logprobs,Novita
13529,-61,-121,0,0,0,6e-06,0.999999,logprobs,Novita
13530,-61,-119,0,0,0,1e-06,0.999996,logprobs,Novita
13531,-61,-117,0,0,0,1e-06,0.999998,logprobs,Novita
13532,-61,-115,0,0,0,1e-06,0.999998,logprobs,Novita
13533,-61,-113,0,0,0,1e-06,0.999998,logprobs,Novita
13534,-61,-111,0,0,0,2e-06,0.999998,logprobs,Novita
13535,-61,-109,0,0,0,5e-06,0.999994,logprobs,Novita
13536,-61,-107,0,0,0,2e-06,0.999997,logprobs,Novita
13537,-61,-105,0,0,0,1e-06,0.999998,logprobs,Novita
13538,-61,-103,0,0,0,2e-06,0.999997,logprobs,Novita
13539,-61,-101,0,0,0,1e-06,0.999999,logprobs,Novita
13540,-61,-99,0,0,0,9.6e-05,0.999994,logprobs,Novita
13541,-61,-97,0,0,0,0,1,logprobs,Novita
13542,-61,-95,0,0,0,2e-06,0.999999,logprobs,Novita
13543,-61,-93,0,0,0,0,0.999997,logprobs,Novita
13544,-61,-91,0,0,0,,,text,Novita
13545,-61,-89,0,0,0,4e-06,0.999998,logprobs,Novita
13546,-61,-87,0,0,0,1e-06,0.999999,logprobs,Novita
13547,-61,-85,0,0,0,1e-06,0.999999,logprobs,Novita
13548,-61,-83,0,0,0,1e-06,0.999992,logprobs,Novita
13549,-61,-81,0,0,0,0,0.999998,logprobs,Novita
13550,-61,-79,0,0,0,1e-06,0.999999,logprobs,Novita
13551,-61,-77,0,0,0,1e-06,0.999999,logprobs,Novita
13552,-61,-75,0,0,0,2e-06,0.999999,logprobs,Novita
13553,-61,-73,0,0,0,0,0.999997,logprobs,Novita
13554,-61,-71,0,0,0,,,text,Novita
13555,-61,-69,0,0,1,0.999934,0.999998,logprobs,Novita
13556,-61,-67,0,0,0,0,0.999999,logprobs,Novita
13557,-61,-65,0,0,0,0,0.999999,logprobs,Novita
13558,-61,-63,0,0,0,,,text,Novita
13559,-61,-61,0,0,0,,,text,Novita
13560,-61,-59,0,0,0,0,0.999998,logprobs,Novita
13561,-61,-57,0,0,0,0,0.999999,logprobs,Novita
13562,-61,-55,0,0,0,4e-06,0.999997,logprobs,Novita
13563,-61,-53,0,0,0,4e-06,0.999998,logprobs,Novita
13564,-61,-51,0,0,0,1e-06,0.999997,logprobs,Novita
13565,-61,-49,0,0,0,3e-06,0.99999,logprobs,Novita
13566,-61,-47,0,0,0,2.4e-05,0.999994,logprobs,Novita
13567,-61,-45,0,0,0,5e-06,0.999995,logprobs,Novita
13568,-61,-43,0,0,0,,,text,Novita
13569,-61,-41,0,0,0,0,0.999999,logprobs,Novita
13570,-61,-39,0,0,0,2e-06,0.999997,logprobs,Novita
13571,-61,-37,0,0,0,0,0.999998,logprobs,Novita
13572,-61,-35,0,0,0,0,0.999999,logprobs,Novita
13573,-61,-33,0,0,0,0,0.999999,logprobs,Novita
13574,-61,-31,0,0,0,,,text,Novita
13575,-61,-29,0,0,0,,,text,Novita
13576,-61,-27,0,0,0,2e-06,0.999996,logprobs,Novita
13577,-61,-25,0,0,0,2e-06,0.999998,logprobs,Novita
13578,-61,-23,0,0,0,1e-06,0.999999,logprobs,Novita
13579,-61,-21,0,0,0,5e-06,0.999996,logprobs,Novita
13580,-61,-19,0,0,0,,,text,Novita
13581,-61,-17,0,0,0,,,text,Novita
13582,-61,-15,0,0,0,1e-06,0.999999,logprobs,Novita
13583,-61,-13,0,0,0,0,0.999999,logprobs,Novita
13584,-61,-11,0,0,0,0,0.999999,logprobs,Novita
13585,-61,-9,0,0,0,0,0.999999,logprobs,Novita
13586,-61,-7,0,0,0,0,0.999999,logprobs,Novita
13587,-61,-5,0,0,1,0.999769,0.999992,logprobs,Novita
13588,-61,-3,0,0,0,1e-06,0.999999,logprobs,Novita
13589,-61,-1,0,0,0,3e-06,0.999993,logprobs,Novita
13590,-61,1,0,0,0,9e-06,0.999995,logprobs,Novita
13591,-61,3,0,0,0,,,text,Novita
13592,-61,5,0,0,0,,,text,Novita
13593,-61,7,0,0,0,0,0.999997,logprobs,Novita
13594,-61,9,0,0,0,0,0.999998,logprobs,Novita
13595,-61,11,0,0,0,2.8e-05,0.999998,logprobs,Novita
13596,-61,13,0,0,0,2e-06,0.999999,logprobs,Novita
13597,-61,15,0,0,0,,,text,Novita
13598,-61,17,0,0,1,0.999915,0.999994,logprobs,Novita
13599,-61,19,0,0,0,1e-06,0.999999,logprobs,Novita
13600,-61,21,0,0,0,2e-06,0.999995,logprobs,Novita
13601,-61,23,0,0,0,1e-05,0.999997,logprobs,Novita
13602,-61,25,0,0,0,1e-06,0.999999,logprobs,Novita
13603,-61,27,0,0,0,0.000158,0.999991,logprobs,Novita
13604,-61,29,0,0,0,0,0.999999,logprobs,Novita
13605,-61,31,0,0,0,3e-06,0.999997,logprobs,Novita
13606,-61,33,0,0,0,5e-06,0.999999,logprobs,Novita
13607,-61,35,0,0,0,2.4e-05,0.999992,logprobs,Novita
13608,-61,37,0,0,0,1.5e-05,0.999988,logprobs,Novita
13609,-61,39,0,0,0,2e-06,0.999997,logprobs,Novita
13610,-61,41,0,0,0,2e-06,0.999998,logprobs,Novita
13611,-61,43,0,0,0,0,0.999999,logprobs,Novita
13612,-61,45,0,0,0,3e-06,0.999976,logprobs,Novita
13613,-61,47,0,0,0,3e-06,0.999997,logprobs,Novita
13614,-61,49,0,0,0,0,0.999999,logprobs,Novita
13615,-61,51,0,0,0,5e-06,0.999996,logprobs,Novita
13616,-61,53,0,0,0,0,0.999998,logprobs,Novita
13617,-61,55,0,0,0,1e-06,0.999999,logprobs,Novita
13618,-61,57,0,0,0,1e-06,0.999997,logprobs,Novita
13619,-61,59,0,0,0,1e-06,0.999997,logprobs,Novita
13620,-61,61,0,0,0,,,text,Novita
13621,-61,63,0,0,0,4e-06,0.999995,logprobs,Novita
13622,-61,65,0,0,0,0,0.999999,logprobs,Novita
13623,-61,67,0,0,0,0,0.999999,logprobs,Novita
13624,-61,69,0,0,0,1e-06,0.999998,logprobs,Novita
13625,-61,71,0,0,0,2e-06,0.999998,logprobs,Novita
13626,-61,73,0,0,0,2e-06,0.999997,logprobs,Novita
13627,-61,75,0,0,0,1e-06,0.999999,logprobs,Novita
13628,-61,77,0,0,0,0,0.999999,logprobs,Novita
13629,-61,79,0,0,0,,,text,Novita
13630,-61,81,0,0,0,,,text,Novita
13631,-61,83,0,0,1,0.999089,0.999955,logprobs,Novita
13632,-61,85,0,0,0,,,text,Novita
13633,-61,87,0,0,0,3e-06,0.999997,logprobs,Novita
13634,-61,89,0,0,0,0.000158,0.999976,logprobs,Novita
13635,-61,91,0,0,0,3e-06,0.999994,logprobs,Novita
13636,-61,93,0,0,0,6e-06,0.999998,logprobs,Novita
13637,-61,95,0,0,0,0.00018,0.999984,logprobs,Novita
13638,-61,97,0,0,0,,,text,Novita
13639,-61,99,0,0,0,0.000158,0.999973,logprobs,Novita
13640,-61,101,0,0,0,0,0.999999,logprobs,Novita
13641,-61,103,0,0,0,8e-06,0.999997,logprobs,Novita
13642,-61,105,0,0,0,1e-06,0.999999,logprobs,Novita
13643,-61,107,0,0,0,1.3e-05,0.999984,logprobs,Novita
13644,-61,109,0,0,0,5e-06,0.999996,logprobs,Novita
13645,-61,111,0,0,0,0,0.999998,logprobs,Novita
13646,-61,113,0,0,0,0,0.999999,logprobs,Novita
13647,-61,115,0,0,0,2e-06,0.999994,logprobs,Novita
13648,-61,117,0,0,0,4e-06,0.999991,logprobs,Novita
13649,-61,119,0,0,0,2e-06,0.999997,logprobs,Novita
13650,-61,121,0,0,0,2e-06,0.999999,logprobs,Novita
13651,-61,123,0,0,0,,,text,Novita
13652,-61,125,0,0,0,0,0.999999,logprobs,Novita
13653,-61,127,0,0,0,6e-06,0.999998,logprobs,Novita
13654,-61,129,0,0,0,0,0.999998,logprobs,Novita
13655,-61,131,0,0,0,,,text,Novita
13656,-61,133,0,0,0,0,0.999999,logprobs,Novita
13657,-61,135,0,0,0,0,1,logprobs,Novita
13658,-61,137,0,0,0,0,0.999999,logprobs,Novita
13659,-61,139,0,0,0,1e-06,0.999996,logprobs,Novita
13660,-61,141,0,0,0,,,text,Novita
13661,-61,143,0,0,0,1e-06,0.999997,logprobs,Novita
13662,-61,145,0,0,0,0,0.999999,logprobs,Novita
13663,-61,147,0,0,0,0,0.999997,logprobs,Novita
13664,-61,149,0,0,0,0,0.999999,logprobs,Novita
13665,-61,151,0,0,0,0,0.999998,logprobs,Novita
13666,-61,153,0,0,0,,,text,Novita
13667,-61,155,0,0,0,2e-06,0.999998,logprobs,Novita
13668,-61,157,0,0,0,,,text,Novita
13669,-61,159,0,0,0,0,0.999999,logprobs,Novita
13670,-61,161,0,0,0,2e-06,0.999998,logprobs,Novita
13671,-61,163,0,0,0,,,text,Novita
13672,-61,165,0,0,0,7e-06,0.999997,logprobs,Novita
13673,-61,167,0,0,0,1e-06,0.999997,logprobs,Novita
13674,-61,169,0,0,0,,,text,Novita
13675,-61,171,0,0,0,0,1,logprobs,Novita
13676,-61,173,0,0,0,,,text,Novita
13677,-61,175,0,0,0,0,0.999999,logprobs,Novita
13678,-61,177,0,0,0,3e-06,0.999998,logprobs,Novita
13679,-61,179,0,0,1,0.999997,0.999998,logprobs,Novita
13680,-63,-179,0,0,0,4e-06,0.999995,logprobs,Novita
13681,-63,-177,0,0,0,1e-06,0.999999,logprobs,Novita
13682,-63,-175,0,0,0,1e-06,0.999998,logprobs,Novita
13683,-63,-173,0,0,0,1.7e-05,0.999991,logprobs,Novita
13684,-63,-171,0,0,0,0,0.999998,logprobs,Novita
13685,-63,-169,0,0,0,0,0.999998,logprobs,Novita
13686,-63,-167,0,0,0,0,0.999999,logprobs,Novita
13687,-63,-165,0,0,0,,,text,Novita
13688,-63,-163,0,0,0,2e-06,0.999998,logprobs,Novita
13689,-63,-161,0,0,0,2e-06,0.999997,logprobs,Novita
13690,-63,-159,0,0,0,1e-06,0.999989,logprobs,Novita
13691,-63,-157,0,0,0,0,0.999992,logprobs,Novita
13692,-63,-155,0,0,0,2e-06,0.999997,logprobs,Novita
13693,-63,-153,0,0,0,0,0.999999,logprobs,Novita
13694,-63,-151,0,0,0,1e-06,0.999998,logprobs,Novita
13695,-63,-149,0,0,0,0,0.999999,logprobs,Novita
13696,-63,-147,0,0,0,1e-06,0.999995,logprobs,Novita
13697,-63,-145,0,0,0,,,text,Novita
13698,-63,-143,0,0,0,,,text,Novita
13699,-63,-141,0,0,0,,,text,Novita
13700,-63,-139,0,0,0,0,0.999999,logprobs,Novita
13701,-63,-137,0,0,0,1.1e-05,0.999998,logprobs,Novita
13702,-63,-135,0,0,0,2e-06,0.999996,logprobs,Novita
13703,-63,-133,0,0,0,,,text,Novita
13704,-63,-131,0,0,1,0.999979,0.999986,logprobs,Novita
13705,-63,-129,0,0,0,,,text,Novita
13706,-63,-127,0,0,0,4e-06,0.999995,logprobs,Novita
13707,-63,-125,0,0,0,,,text,Novita
13708,-63,-123,0,0,0,3e-06,0.999995,logprobs,Novita
13709,-63,-121,0,0,0,1e-06,0.999997,logprobs,Novita
13710,-63,-119,0,0,0,1e-06,0.999998,logprobs,Novita
13711,-63,-117,0,0,0,2e-06,0.999998,logprobs,Novita
13712,-63,-115,0,0,0,3e-06,0.999997,logprobs,Novita
13713,-63,-113,0,0,0,9.6e-05,0.999994,logprobs,Novita
13714,-63,-111,0,0,1,0.999981,0.999996,logprobs,Novita
13715,-63,-109,0,0,0,6e-06,0.999995,logprobs,Novita
13716,-63,-107,0,0,1,0.999979,0.999998,logprobs,Novita
13717,-63,-105,0,0,0,,,text,Novita
13718,-63,-103,0,0,0,,,text,Novita
13719,-63,-101,0,0,0,0,0.999999,logprobs,Novita
13720,-63,-99,0,0,0,1e-06,0.99998,logprobs,Novita
13721,-63,-97,0,0,0,3e-06,0.999994,logprobs,Novita
13722,-63,-95,0,0,0,2e-06,0.999995,logprobs,Novita
13723,-63,-93,0,0,0,2e-06,0.999998,logprobs,Novita
13724,-63,-91,0,0,0,0.001032,0.999867,logprobs,Novita
13725,-63,-89,0,0,1,0.998299,0.999974,logprobs,Novita
13726,-63,-87,0,0,1,0.999942,0.99998,logprobs,Novita
13727,-63,-85,0,0,1,0.999089,0.999985,logprobs,Novita
13728,-63,-83,0,0,0,7e-06,0.999998,logprobs,Novita
13729,-63,-81,0,0,0,0,0.999999,logprobs,Novita
13730,-63,-79,0,0,0,,,text,Novita
13731,-63,-77,0,0,1,0.999569,0.999994,logprobs,Novita
13732,-63,-75,0,0,0,3.5e-05,0.999994,logprobs,Novita
13733,-63,-73,0,0,0,1e-06,0.999999,logprobs,Novita
13734,-63,-71,0,0,0,,,text,Novita
13735,-63,-69,0,0,0,,,text,Novita
13736,-63,-67,0,0,1,,,text,Novita
13737,-63,-65,0,0,0,1e-06,0.999999,logprobs,Novita
13738,-63,-63,0,0,0,0,0.999999,logprobs,Novita
13739,-63,-61,0,0,0,,,text,Novita
13740,-63,-59,0,0,0,0,0.999998,logprobs,Novita
13741,-63,-57,0,0,0,0,0.999999,logprobs,Novita
13742,-63,-55,0,0,0,3.1e-05,0.999997,logprobs,Novita
13743,-63,-53,0,0,0,,,text,Novita
13744,-63,-51,0,0,0,,,text,Novita
13745,-63,-49,0,0,0,1e-06,0.999999,logprobs,Novita
13746,-63,-47,0,0,0,1e-06,0.999998,logprobs,Novita
13747,-63,-45,0,0,0,5e-06,0.999998,logprobs,Novita
13748,-63,-43,0,0,0,,,text,Novita
13749,-63,-41,0,0,0,1e-06,0.999997,logprobs,Novita
13750,-63,-39,0,0,0,0,0.999999,logprobs,Novita
13751,-63,-37,0,0,0,,,text,Novita
13752,-63,-35,0,0,0,,,text,Novita
13753,-63,-33,0,0,0,,,text,Novita
13754,-63,-31,0,0,0,1e-06,0.999998,logprobs,Novita
13755,-63,-29,0,0,0,9e-06,0.999998,logprobs,Novita
13756,-63,-27,0,0,0,1e-06,0.999998,logprobs,Novita
13757,-63,-25,0,0,0,8e-06,0.999996,logprobs,Novita
13758,-63,-23,0,0,0,5e-06,0.999997,logprobs,Novita
13759,-63,-21,0,0,0,2e-06,0.999995,logprobs,Novita
13760,-63,-19,0,0,1,0.999999,0.999999,logprobs,Novita
13761,-63,-17,0,0,0,5e-06,0.999992,logprobs,Novita
13762,-63,-15,0,0,0,2e-06,0.999997,logprobs,Novita
13763,-63,-13,0,0,0,,,text,Novita
13764,-63,-11,0,0,0,6e-06,0.999997,logprobs,Novita
13765,-63,-9,0,0,0,,,text,Novita
13766,-63,-7,0,0,0,,,text,Novita
13767,-63,-5,0,0,0,1e-06,0.999998,logprobs,Novita
13768,-63,-3,0,0,0,1.5e-05,0.999995,logprobs,Novita
13769,-63,-1,0,0,0,1.5e-05,0.999997,logprobs,Novita
13770,-63,1,0,0,0,1e-06,0.999997,logprobs,Novita
13771,-63,3,0,0,0,1.9e-05,0.999997,logprobs,Novita
13772,-63,5,0,0,0,1e-06,0.999997,logprobs,Novita
13773,-63,7,0,0,0,6e-06,0.999997,logprobs,Novita
13774,-63,9,0,0,0,1.7e-05,0.999996,logprobs,Novita
13775,-63,11,0,0,0,1.9e-05,0.999995,logprobs,Novita
13776,-63,13,0,0,0,2e-06,0.999999,logprobs,Novita
13777,-63,15,0,0,0,0,0.999999,logprobs,Novita
13778,-63,17,0,0,0,5e-06,0.999996,logprobs,Novita
13779,-63,19,0,0,0,4e-06,0.999996,logprobs,Novita
13780,-63,21,0,0,0,2.1e-05,0.999998,logprobs,Novita
13781,-63,23,0,0,0,7e-06,0.999994,logprobs,Novita
13782,-63,25,0,0,0,1e-06,0.999988,logprobs,Novita
13783,-63,27,0,0,0,2e-06,0.999998,logprobs,Novita
13784,-63,29,0,0,0,1e-06,0.999997,logprobs,Novita
13785,-63,31,0,0,0,,,text,Novita
13786,-63,33,0,0,0,1e-06,0.999998,logprobs,Novita
13787,-63,35,0,0,0,1e-06,0.999999,logprobs,Novita
13788,-63,37,0,0,0,,,text,Novita
13789,-63,39,0,0,0,3.1e-05,0.999998,logprobs,Novita
13790,-63,41,0,0,0,3e-06,0.999998,logprobs,Novita
13791,-63,43,0,0,0,,,text,Novita
13792,-63,45,0,0,0,4e-06,0.999993,logprobs,Novita
13793,-63,47,0,0,0,,,text,Novita
13794,-63,49,0,0,0,,,text,Novita
13795,-63,51,0,0,0,3e-06,0.999997,logprobs,Novita
13796,-63,53,0,0,0,1e-06,0.999999,logprobs,Novita
13797,-63,55,0,0,0,,,text,Novita
13798,-63,57,0,0,0,1e-06,0.999996,logprobs,Novita
13799,-63,59,0,0,0,0,0.999998,logprobs,Novita
13800,-63,61,0,0,0,2e-06,0.999998,logprobs,Novita
13801,-63,63,0,0,0,,,text,Novita
13802,-63,65,0,0,0,1e-06,0.999997,logprobs,Novita
13803,-63,67,0,0,1,0.999999,0.999999,logprobs,Novita
13804,-63,69,0,0,0,1e-06,0.999998,logprobs,Novita
13805,-63,71,0,0,0,1e-06,0.999999,logprobs,Novita
13806,-63,73,0,0,0,0,1,logprobs,Novita
13807,-63,75,0,0,0,6e-06,0.999997,logprobs,Novita
13808,-63,77,0,0,0,8e-06,0.999994,logprobs,Novita
13809,-63,79,0,0,0,9e-06,0.999998,logprobs,Novita
13810,-63,81,0,0,0,5.1e-05,0.999989,logprobs,Novita
13811,-63,83,0,0,0,5.8e-05,0.999995,logprobs,Novita
13812,-63,85,0,0,0,4e-06,0.999998,logprobs,Novita
13813,-63,87,0,0,0,9e-06,0.999996,logprobs,Novita
13814,-63,89,0,0,0,,,text,Novita
13815,-63,91,0,0,0,,,text,Novita
13816,-63,93,0,0,0,1e-05,0.999989,logprobs,Novita
13817,-63,95,0,0,0,5e-06,0.999993,logprobs,Novita
13818,-63,97,0,0,0,1.5e-05,0.999998,logprobs,Novita
13819,-63,99,0,0,0,2e-06,0.999995,logprobs,Novita
13820,-63,101,0,0,0,,,text,Novita
13821,-63,103,0,0,0,1.5e-05,0.999996,logprobs,Novita
13822,-63,105,0,0,0,0.002183,0.99993,logprobs,Novita
13823,-63,107,0,0,0,1.5e-05,0.999998,logprobs,Novita
13824,-63,109,0,0,0,4.5e-05,0.999991,logprobs,Novita
13825,-63,111,0,0,0,0.00014,0.999997,logprobs,Novita
13826,-63,113,0,0,0,0.000296,0.999953,logprobs,Novita
13827,-63,115,0,0,0,1e-06,0.999997,logprobs,Novita
13828,-63,117,0,0,0,3e-06,0.999997,logprobs,Novita
13829,-63,119,0,0,0,1e-06,0.99999,logprobs,Novita
13830,-63,121,0,0,0,0.000431,0.99997,logprobs,Novita
13831,-63,123,0,0,0,5.8e-05,0.999988,logprobs,Novita
13832,-63,125,0,0,0,5e-06,0.999991,logprobs,Novita
13833,-63,127,0,0,0,1.9e-05,0.999986,logprobs,Novita
13834,-63,129,0,0,0,1e-06,0.999992,logprobs,Novita
13835,-63,131,0,0,0,0,0.999997,logprobs,Novita
13836,-63,133,0,0,0,2.8e-05,0.999998,logprobs,Novita
13837,-63,135,0,0,0,0,1,logprobs,Novita
13838,-63,137,0,0,0,0,0.999999,logprobs,Novita
13839,-63,139,0,0,0,4e-06,0.999998,logprobs,Novita
13840,-63,141,0,0,1,0.999739,0.999928,logprobs,Novita
13841,-63,143,0,0,0,,,text,Novita
13842,-63,145,0,0,0,2.8e-05,0.999982,logprobs,Novita
13843,-63,147,0,0,0,1.5e-05,0.999989,logprobs,Novita
13844,-63,149,0,0,0,6e-06,0.99998,logprobs,Novita
13845,-63,151,0,0,0,0,0.99998,logprobs,Novita
13846,-63,153,0,0,0,2.1e-05,0.999994,logprobs,Novita
13847,-63,155,0,0,0,6.6e-05,0.999986,logprobs,Novita
13848,-63,157,0,0,0,,,text,Novita
13849,-63,159,0,0,0,7e-06,0.999994,logprobs,Novita
13850,-63,161,0,0,0,1e-06,0.999999,logprobs,Novita
13851,-63,163,0,0,0,0.003594,0.99982,logprobs,Novita
13852,-63,165,0,0,0,0.002801,0.999961,logprobs,Novita
13853,-63,167,0,0,0,0,0.999997,logprobs,Novita
13854,-63,169,0,0,0,1e-06,0.999985,logprobs,Novita
13855,-63,171,0,0,0,2e-06,0.999998,logprobs,Novita
13856,-63,173,0,0,0,1.7e-05,0.999992,logprobs,Novita
13857,-63,175,0,0,0,3e-06,0.999991,logprobs,Novita
13858,-63,177,0,0,0,,,text,Novita
13859,-63,179,0,0,0,1e-06,0.999999,logprobs,Novita
13860,-65,-179,0,0,0,0,1,logprobs,Novita
13861,-65,-177,0,0,0,2e-06,0.999998,logprobs,Novita
13862,-65,-175,0,0,0,0,0.999998,logprobs,Novita
13863,-65,-173,0,0,0,3e-06,0.999998,logprobs,Novita
13864,-65,-171,0,0,0,2e-06,0.999997,logprobs,Novita
13865,-65,-169,0,0,0,1.9e-05,0.999994,logprobs,Novita
13866,-65,-167,0,0,0,0,0.999998,logprobs,Novita
13867,-65,-165,0,0,0,1e-06,0.999999,logprobs,Novita
13868,-65,-163,0,0,0,0,0.999998,logprobs,Novita
13869,-65,-161,0,0,0,1e-06,0.999999,logprobs,Novita
13870,-65,-159,0,0,0,1e-05,0.999997,logprobs,Novita
13871,-65,-157,0,0,0,,,text,Novita
13872,-65,-155,0,0,0,0,0.999999,logprobs,Novita
13873,-65,-153,0,0,0,1e-06,0.999998,logprobs,Novita
13874,-65,-151,0,0,0,8e-06,0.999986,logprobs,Novita
13875,-65,-149,0,0,0,,,text,Novita
13876,-65,-147,0,0,0,0,0.999999,logprobs,Novita
13877,-65,-145,0,0,0,,,text,Novita
13878,-65,-143,0,0,0,4e-06,0.999994,logprobs,Novita
13879,-65,-141,0,0,0,0,0.999999,logprobs,Novita
13880,-65,-139,0,0,0,,,text,Novita
13881,-65,-137,0,0,0,2e-06,0.999994,logprobs,Novita
13882,-65,-135,0,0,0,2e-06,0.999994,logprobs,Novita
13883,-65,-133,0,0,0,,,text,Novita
13884,-65,-131,0,0,0,0,0.999996,logprobs,Novita
13885,-65,-129,0,0,0,1e-06,0.999999,logprobs,Novita
13886,-65,-127,0,0,1,,,text,Novita
13887,-65,-125,0,0,0,3e-06,0.999997,logprobs,Novita
13888,-65,-123,0,0,0,3e-06,0.999996,logprobs,Novita
13889,-65,-121,0,0,0,3e-06,0.999995,logprobs,Novita
13890,-65,-119,0,0,0,,,text,Novita
13891,-65,-117,0,0,0,0,0.999999,logprobs,Novita
13892,-65,-115,0,0,0,1e-06,0.999996,logprobs,Novita
13893,-65,-113,0,0,0,0.00071,0.999985,logprobs,Novita
13894,-65,-111,0,0,0,0,0.999999,logprobs,Novita
13895,-65,-109,0,0,0,,,text,Novita
13896,-65,-107,0,0,1,0.999904,0.99999,logprobs,Novita
13897,-65,-105,0,0,0,1.9e-05,0.999987,logprobs,Novita
13898,-65,-103,0,0,0,0,1,logprobs,Novita
13899,-65,-101,0,0,0,1e-06,0.999997,logprobs,Novita
13900,-65,-99,0,0,0,0,0.999998,logprobs,Novita
13901,-65,-97,0,0,0,0,0.999999,logprobs,Novita
13902,-65,-95,0,0,0,1e-06,0.999999,logprobs,Novita
13903,-65,-93,0,0,0,5.8e-05,0.999991,logprobs,Novita
13904,-65,-91,0,0,0,7e-06,0.999996,logprobs,Novita
13905,-65,-89,0,0,0,5.1e-05,0.999992,logprobs,Novita
13906,-65,-87,0,0,0,,,text,Novita
13907,-65,-85,0,0,0,2e-06,0.999997,logprobs,Novita
13908,-65,-83,0,0,0,1e-06,0.999998,logprobs,Novita
13909,-65,-81,0,0,0,0,0.999999,logprobs,Novita
13910,-65,-79,0,0,1,0.991423,0.999932,logprobs,Novita
13911,-65,-77,0,0,0,5e-06,0.999995,logprobs,Novita
13912,-65,-75,0,0,0,0,0.999997,logprobs,Novita
13913,-65,-73,0,0,0,,,text,Novita
13914,-65,-71,0,0,0,1e-06,0.999995,logprobs,Novita
13915,-65,-69,0,0,0,0,0.999998,logprobs,Novita
13916,-65,-67,0,0,0,3e-06,0.999997,logprobs,Novita
13917,-65,-65,0,0,0,2.8e-05,0.999991,logprobs,Novita
13918,-65,-63,1,1,0,0,1,logprobs,Novita
13919,-65,-61,0,0,0,0,1,logprobs,Novita
13920,-65,-59,0,0,0,1.7e-05,0.999994,logprobs,Novita
13921,-65,-57,0,0,0,,,text,Novita
13922,-65,-55,0,0,0,9e-06,0.999997,logprobs,Novita
13923,-65,-53,0,0,0,1e-06,0.999999,logprobs,Novita
13924,-65,-51,0,0,0,1e-06,0.999999,logprobs,Novita
13925,-65,-49,0,0,0,5e-06,0.999997,logprobs,Novita
13926,-65,-47,0,0,0,,,text,Novita
13927,-65,-45,0,0,0,5e-06,0.999998,logprobs,Novita
13928,-65,-43,0,0,0,1e-06,0.999996,logprobs,Novita
13929,-65,-41,0,0,0,0,0.999998,logprobs,Novita
13930,-65,-39,0,0,0,1e-06,0.999999,logprobs,Novita
13931,-65,-37,0,0,0,1e-06,0.999998,logprobs,Novita
13932,-65,-35,0,0,0,7e-06,0.99999,logprobs,Novita
13933,-65,-33,0,0,0,,,text,Novita
13934,-65,-31,0,0,0,9e-06,0.999993,logprobs,Novita
13935,-65,-29,0,0,0,,,text,Novita
13936,-65,-27,0,0,0,4e-06,0.999997,logprobs,Novita
13937,-65,-25,0,0,1,0.999969,0.999991,logprobs,Novita
13938,-65,-23,0,0,0,4e-06,0.999993,logprobs,Novita
13939,-65,-21,0,0,0,0,0.999999,logprobs,Novita
13940,-65,-19,0,0,0,,,text,Novita
13941,-65,-17,0,0,0,2e-06,0.999997,logprobs,Novita
13942,-65,-15,0,0,0,2e-06,0.999998,logprobs,Novita
13943,-65,-13,0,0,0,1e-06,0.999999,logprobs,Novita
13944,-65,-11,0,0,0,1e-06,0.999999,logprobs,Novita
13945,-65,-9,0,0,0,1e-06,0.999997,logprobs,Novita
13946,-65,-7,0,0,0,7e-06,0.999996,logprobs,Novita
13947,-65,-5,0,0,0,,,text,Novita
13948,-65,-3,0,0,0,5e-06,0.999986,logprobs,Novita
13949,-65,-1,0,0,0,1e-06,0.999996,logprobs,Novita
13950,-65,1,0,0,0,1e-06,0.999998,logprobs,Novita
13951,-65,3,0,0,0,2.1e-05,0.999998,logprobs,Novita
13952,-65,5,0,0,0,4e-06,0.999998,logprobs,Novita
13953,-65,7,0,0,0,0,0.999999,logprobs,Novita
13954,-65,9,0,0,0,,,text,Novita
13955,-65,11,0,0,0,,,text,Novita
13956,-65,13,0,0,0,,,text,Novita
13957,-65,15,0,0,0,2.1e-05,0.999994,logprobs,Novita
13958,-65,17,0,0,0,0,0.999998,logprobs,Novita
13959,-65,19,0,0,0,3e-06,0.999996,logprobs,Novita
13960,-65,21,0,0,0,1e-06,0.999998,logprobs,Novita
13961,-65,23,0,0,0,6e-06,0.999986,logprobs,Novita
13962,-65,25,0,0,0,2.8e-05,0.999984,logprobs,Novita
13963,-65,27,0,0,0,1e-05,0.999997,logprobs,Novita
13964,-65,29,0,0,0,6.6e-05,0.999995,logprobs,Novita
13965,-65,31,0,0,0,5e-06,0.999998,logprobs,Novita
13966,-65,33,0,0,0,6e-06,0.999997,logprobs,Novita
13967,-65,35,0,0,0,9e-06,0.999993,logprobs,Novita
13968,-65,37,0,0,0,,,text,Novita
13969,-65,39,0,0,0,8e-06,0.999995,logprobs,Novita
13970,-65,41,0,0,0,1e-06,0.999996,logprobs,Novita
13971,-65,43,0,0,0,1e-06,0.999997,logprobs,Novita
13972,-65,45,0,0,0,3.1e-05,0.999989,logprobs,Novita
13973,-65,47,0,0,0,0.000231,0.999978,logprobs,Novita
13974,-65,49,0,0,0,9e-06,0.999994,logprobs,Novita
13975,-65,51,0,0,0,1.7e-05,0.999986,logprobs,Novita
13976,-65,53,0,0,0,3e-06,0.999998,logprobs,Novita
13977,-65,55,0,0,0,2e-06,0.999998,logprobs,Novita
13978,-65,57,0,0,0,0,0.999998,logprobs,Novita
13979,-65,59,0,0,0,3e-06,0.999996,logprobs,Novita
13980,-65,61,0,0,0,4e-06,0.999999,logprobs,Novita
13981,-65,63,0,0,0,,,text,Novita
13982,-65,65,0,0,0,5e-06,0.999996,logprobs,Novita
13983,-65,67,0,0,0,,,text,Novita
13984,-65,69,0,0,0,5e-06,0.999997,logprobs,Novita
13985,-65,71,0,0,0,,,text,Novita
13986,-65,73,0,0,0,0.000123,0.999996,logprobs,Novita
13987,-65,75,0,0,0,1e-06,0.999998,logprobs,Novita
13988,-65,77,0,0,0,1e-06,0.999999,logprobs,Novita
13989,-65,79,0,0,0,,,text,Novita
13990,-65,81,0,0,0,2.8e-05,0.999996,logprobs,Novita
13991,-65,83,0,0,0,3.5e-05,0.999955,logprobs,Novita
13992,-65,85,0,0,0,2e-06,0.999992,logprobs,Novita
13993,-65,87,0,0,0,2.1e-05,0.999986,logprobs,Novita
13994,-65,89,0,0,0,4e-06,0.999992,logprobs,Novita
13995,-65,91,0,0,1,0.999374,0.999948,logprobs,Novita
13996,-65,93,0,0,0,,,text,Novita
13997,-65,95,0,0,0,0.00038,0.999991,logprobs,Novita
13998,-65,97,0,0,1,0.998831,0.999976,logprobs,Novita
13999,-65,99,0,0,0,8e-06,0.999997,logprobs,Novita
14000,-65,101,0,0,0,1.9e-05,0.999992,logprobs,Novita
14001,-65,103,0,0,0,5e-06,0.999995,logprobs,Novita
14002,-65,105,0,0,0,5.1e-05,0.999984,logprobs,Novita
14003,-65,107,0,0,0,2.1e-05,0.999896,logprobs,Novita
14004,-65,109,0,0,0,1.3e-05,0.999997,logprobs,Novita
14005,-65,111,0,0,1,0.997527,0.999952,logprobs,Novita
14006,-65,113,0,0,0,1e-06,0.999996,logprobs,Novita
14007,-65,115,0,0,0,0,0.999999,logprobs,Novita
14008,-65,117,0,0,0,6.6e-05,0.99995,logprobs,Novita
14009,-65,119,0,0,0,0,0.999998,logprobs,Novita
14010,-65,121,0,0,0,1e-06,0.999997,logprobs,Novita
14011,-65,123,0,0,0,0,0.999998,logprobs,Novita
14012,-65,125,0,0,0,4e-05,0.999975,logprobs,Novita
14013,-65,127,0,0,0,,,text,Novita
14014,-65,129,0,0,0,0,0.999999,logprobs,Novita
14015,-65,131,0,0,0,5e-06,0.999999,logprobs,Novita
14016,-65,133,0,0,0,7e-06,0.999995,logprobs,Novita
14017,-65,135,0,0,0,,,text,Novita
14018,-65,137,0,0,0,3e-06,0.999996,logprobs,Novita
14019,-65,139,0,0,0,2e-06,0.999998,logprobs,Novita
14020,-65,141,0,0,0,9e-06,0.999995,logprobs,Novita
14021,-65,143,0,0,0,0,0.999999,logprobs,Novita
14022,-65,145,0,0,0,0,0.999999,logprobs,Novita
14023,-65,147,0,0,0,4e-06,0.999998,logprobs,Novita
14024,-65,149,0,0,0,5e-06,0.999994,logprobs,Novita
14025,-65,151,0,0,0,7e-06,0.99999,logprobs,Novita
14026,-65,153,0,0,0,2e-06,0.999996,logprobs,Novita
14027,-65,155,0,0,0,,,text,Novita
14028,-65,157,0,0,0,3e-06,0.999998,logprobs,Novita
14029,-65,159,0,0,0,,,text,Novita
14030,-65,161,0,0,0,0,0.999999,logprobs,Novita
14031,-65,163,0,0,0,7e-06,0.999995,logprobs,Novita
14032,-65,165,0,0,0,3e-06,0.999995,logprobs,Novita
14033,-65,167,0,0,0,1.1e-05,0.999994,logprobs,Novita
14034,-65,169,0,0,0,,,text,Novita
14035,-65,171,0,0,0,,,text,Novita
14036,-65,173,0,0,0,8e-06,0.999995,logprobs,Novita
14037,-65,175,0,0,0,1.7e-05,0.999997,logprobs,Novita
14038,-65,177,0,0,0,3e-06,0.999997,logprobs,Novita
14039,-65,179,0,0,0,4e-05,0.999993,logprobs,Novita
14040,-67,-179,0,0,0,0,0.999999,logprobs,Novita
14041,-67,-177,0,0,0,0,0.999999,logprobs,Novita
14042,-67,-175,0,0,0,2.4e-05,0.999997,logprobs,Novita
14043,-67,-173,0,0,0,,,text,Novita
14044,-67,-171,0,0,0,,,text,Novita
14045,-67,-169,0,0,0,,,text,Novita
14046,-67,-167,0,0,0,1e-06,0.999998,logprobs,Novita
14047,-67,-165,0,0,0,1e-06,0.999986,logprobs,Novita
14048,-67,-163,0,0,0,2e-06,0.999997,logprobs,Novita
14049,-67,-161,0,0,0,,,text,Novita
14050,-67,-159,0,0,0,,,text,Novita
14051,-67,-157,0,0,0,5e-06,0.999998,logprobs,Novita
14052,-67,-155,0,0,0,,,text,Novita
14053,-67,-153,0,0,0,,,text,Novita
14054,-67,-151,0,0,0,1e-06,0.999997,logprobs,Novita
14055,-67,-149,0,0,0,0,0.999999,logprobs,Novita
14056,-67,-147,0,0,0,1e-06,0.999997,logprobs,Novita
14057,-67,-145,0,0,0,1e-06,0.999998,logprobs,Novita
14058,-67,-143,0,0,0,1e-06,0.999999,logprobs,Novita
14059,-67,-141,0,0,0,6.6e-05,0.999991,logprobs,Novita
14060,-67,-139,0,0,0,0.000911,0.999937,logprobs,Novita
14061,-67,-137,0,0,0,,,text,Novita
14062,-67,-135,0,0,0,3e-06,0.999998,logprobs,Novita
14063,-67,-133,0,0,0,0.00014,0.999968,logprobs,Novita
14064,-67,-131,0,0,0,1e-06,0.999999,logprobs,Novita
14065,-67,-129,0,0,0,7e-06,0.999988,logprobs,Novita
14066,-67,-127,0,0,0,0.001701,0.999884,logprobs,Novita
14067,-67,-125,0,0,0,,,text,Novita
14068,-67,-123,0,0,0,1e-06,0.999999,logprobs,Novita
14069,-67,-121,0,0,0,0.000203,0.999966,logprobs,Novita
14070,-67,-119,0,0,0,0,0.999999,logprobs,Novita
14071,-67,-117,0,0,0,4e-06,0.999998,logprobs,Novita
14072,-67,-115,0,0,0,2e-06,0.999998,logprobs,Novita
14073,-67,-113,0,0,0,0,0.999998,logprobs,Novita
14074,-67,-111,0,0,1,0.999955,0.999993,logprobs,Novita
14075,-67,-109,0,0,0,4e-06,0.999998,logprobs,Novita
14076,-67,-107,0,0,0,,,text,Novita
14077,-67,-105,0,0,1,0.998675,0.999981,logprobs,Novita
14078,-67,-103,0,0,0,0.000158,0.999825,logprobs,Novita
14079,-67,-101,0,0,0,1e-06,0.999998,logprobs,Novita
14080,-67,-99,0,0,0,0.000553,0.999912,logprobs,Novita
14081,-67,-97,0,0,0,5e-06,0.999997,logprobs,Novita
14082,-67,-95,0,0,0,0.000296,0.999889,logprobs,Novita
14083,-67,-93,0,0,0,1.1e-05,0.999997,logprobs,Novita
14084,-67,-91,0,0,0,1e-06,0.999999,logprobs,Novita
14085,-67,-89,0,0,1,0.990292,0.999941,logprobs,Novita
14086,-67,-87,0,0,0,2e-06,0.999995,logprobs,Novita
14087,-67,-85,0,0,0,,,text,Novita
14088,-67,-83,0,0,0,1e-06,0.999998,logprobs,Novita
14089,-67,-81,0,0,0,,,text,Novita
14090,-67,-79,0,0,0,9e-06,0.999998,logprobs,Novita
14091,-67,-77,0,0,0,2e-06,0.999982,logprobs,Novita
14092,-67,-75,0,0,0,,,text,Novita
14093,-67,-73,0,0,0,1e-06,0.999998,logprobs,Novita
14094,-67,-71,0,0,0,,,text,Novita
14095,-67,-69,0,0,0,,,text,Novita
14096,-67,-67,1,1,0,1e-06,0.999998,logprobs,Novita
14097,-67,-65,1,1,0,,,text,Novita
14098,-67,-63,0,0,0,1e-06,0.999998,logprobs,Novita
14099,-67,-61,0,0,0,0,0.999999,logprobs,Novita
14100,-67,-59,0,0,0,,,text,Novita
14101,-67,-57,0,0,0,4e-06,0.999998,logprobs,Novita
14102,-67,-55,0,0,1,0.999665,0.999987,logprobs,Novita
14103,-67,-53,0,0,0,,,text,Novita
14104,-67,-51,0,0,0,0,0.999998,logprobs,Novita
14105,-67,-49,0,0,1,0.996828,0.999921,logprobs,Novita
14106,-67,-47,0,0,0,0,0.999999,logprobs,Novita
14107,-67,-45,0,0,0,1e-06,0.999998,logprobs,Novita
14108,-67,-43,0,0,0,1.5e-05,0.999994,logprobs,Novita
14109,-67,-41,0,0,0,2e-06,0.999997,logprobs,Novita
14110,-67,-39,0,0,0,2e-06,0.999997,logprobs,Novita
14111,-67,-37,0,0,0,1e-06,0.999994,logprobs,Novita
14112,-67,-35,0,0,0,4e-06,0.999996,logprobs,Novita
14113,-67,-33,0,0,0,,,text,Novita
14114,-67,-31,0,0,0,,,text,Novita
14115,-67,-29,0,0,0,0,0.999999,logprobs,Novita
14116,-67,-27,0,0,1,0.999999,0.999999,logprobs,Novita
14117,-67,-25,0,0,0,1e-06,0.999994,logprobs,Novita
14118,-67,-23,0,0,1,0.99962,0.999985,logprobs,Novita
14119,-67,-21,0,0,0,0,0.999999,logprobs,Novita
14120,-67,-19,0,0,0,1e-06,1,logprobs,Novita
14121,-67,-17,0,0,0,2e-06,0.999998,logprobs,Novita
14122,-67,-15,0,0,0,1e-06,0.999998,logprobs,Novita
14123,-67,-13,0,0,0,1.3e-05,0.999994,logprobs,Novita
14124,-67,-11,0,0,0,6e-06,0.999996,logprobs,Novita
14125,-67,-9,0,0,1,0.999972,0.999997,logprobs,Novita
14126,-67,-7,0,0,0,7e-06,0.999996,logprobs,Novita
14127,-67,-5,0,0,0,,,text,Novita
14128,-67,-3,0,0,0,1.1e-05,0.999994,logprobs,Novita
14129,-67,-1,0,0,0,3e-06,0.999997,logprobs,Novita
14130,-67,1,0,0,0,1e-06,1,logprobs,Novita
14131,-67,3,0,0,0,1.5e-05,0.999997,logprobs,Novita
14132,-67,5,0,0,0,,,text,Novita
14133,-67,7,0,0,0,1.9e-05,0.999997,logprobs,Novita
14134,-67,9,0,0,0,3e-06,0.999998,logprobs,Novita
14135,-67,11,0,0,0,,,text,Novita
14136,-67,13,0,0,0,6e-06,0.999996,logprobs,Novita
14137,-67,15,0,0,0,7e-06,0.999995,logprobs,Novita
14138,-67,17,0,0,0,1e-06,1,logprobs,Novita
14139,-67,19,0,0,0,1e-06,0.999998,logprobs,Novita
14140,-67,21,0,0,0,,,text,Novita
14141,-67,23,0,0,0,6e-06,0.999998,logprobs,Novita
14142,-67,25,0,0,0,,,text,Novita
14143,-67,27,0,0,0,,,text,Novita
14144,-67,29,0,0,0,,,text,Novita
14145,-67,31,0,0,0,2e-06,0.999998,logprobs,Novita
14146,-67,33,0,0,0,2.8e-05,0.999991,logprobs,Novita
14147,-67,35,0,0,0,4e-06,0.999996,logprobs,Novita
14148,-67,37,0,0,0,2.4e-05,0.999995,logprobs,Novita
14149,-67,39,0,0,0,,,text,Novita
14150,-67,41,0,0,1,0.999997,0.999994,logprobs,Novita
14151,-67,43,0,0,0,3e-06,0.999998,logprobs,Novita
14152,-67,45,0,0,1,,,text,Novita
14153,-67,47,0,0,0,2e-06,0.999997,logprobs,Novita
14154,-67,49,1,1,1,0.999997,0.999999,logprobs,Novita
14155,-67,51,1,1,0,5e-06,0.999991,logprobs,Novita
14156,-67,53,1,1,0,0.000296,0.999981,logprobs,Novita
14157,-67,55,1,1,0,1e-06,0.999995,logprobs,Novita
14158,-67,57,0,0,0,,,text,Novita
14159,-67,59,0,0,0,5.8e-05,0.999994,logprobs,Novita
14160,-67,61,0,0,0,4e-06,0.999995,logprobs,Novita
14161,-67,63,0,0,0,,,text,Novita
14162,-67,65,0,0,1,0.999992,0.999986,logprobs,Novita
14163,-67,67,0,0,0,3.1e-05,0.999996,logprobs,Novita
14164,-67,69,0,0,0,0,0.999999,logprobs,Novita
14165,-67,71,0,0,0,1e-06,0.999999,logprobs,Novita
14166,-67,73,0,0,0,1.3e-05,0.999997,logprobs,Novita
14167,-67,75,0,0,0,0,1,logprobs,Novita
14168,-67,77,0,0,0,1e-06,0.999997,logprobs,Novita
14169,-67,79,0,0,0,8e-06,0.999986,logprobs,Novita
14170,-67,81,0,0,0,,,text,Novita
14171,-67,83,0,0,0,,,text,Novita
14172,-67,85,0,0,0,5e-06,0.999971,logprobs,Novita
14173,-67,87,1,1,0,2e-06,0.999998,logprobs,Novita
14174,-67,89,1,1,0,,,text,Novita
14175,-67,91,1,1,0,0.00014,0.999993,logprobs,Novita
14176,-67,93,1,1,0,,,text,Novita
14177,-67,95,1,1,0,,,text,Novita
14178,-67,97,1,1,0,2.1e-05,0.999996,logprobs,Novita
14179,-67,99,1,1,1,0.998499,0.999885,logprobs,Novita
14180,-67,101,1,1,0,0.001325,0.999953,logprobs,Novita
14181,-67,103,1,1,0,3e-06,0.999994,logprobs,Novita
14182,-67,105,1,1,0,,,text,Novita
14183,-67,107,1,1,0,,,text,Novita
14184,-67,109,1,1,0,2.8e-05,0.999983,logprobs,Novita
14185,-67,111,1,1,1,,,text,Novita
14186,-67,113,1,1,0,2.8e-05,0.999991,logprobs,Novita
14187,-67,115,1,1,0,2.1e-05,0.99999,logprobs,Novita
14188,-67,117,0,0,0,4e-06,0.999989,logprobs,Novita
14189,-67,119,0,0,0,4.5e-05,0.999984,logprobs,Novita
14190,-67,121,0,0,0,,,text,Novita
14191,-67,123,1,1,0,4e-06,0.999999,logprobs,Novita
14192,-67,125,1,1,0,4e-06,0.999976,logprobs,Novita
14193,-67,127,1,1,0,6e-06,0.999991,logprobs,Novita
14194,-67,129,0,0,0,0.00038,0.999809,logprobs,Novita
14195,-67,131,1,1,0,0.000488,0.999846,logprobs,Novita
14196,-67,133,1,1,0,0,0.999998,logprobs,Novita
14197,-67,135,1,1,0,,,text,Novita
14198,-67,137,1,1,0,1e-06,0.999998,logprobs,Novita
14199,-67,139,1,1,0,,,text,Novita
14200,-67,141,1,1,0,1.3e-05,0.999996,logprobs,Novita
14201,-67,143,1,1,0,0,0.999998,logprobs,Novita
14202,-67,145,0,0,0,1e-05,0.999989,logprobs,Novita
14203,-67,147,0,0,0,1e-06,0.999994,logprobs,Novita
14204,-67,149,0,0,0,0,0.999999,logprobs,Novita
14205,-67,151,0,0,0,,,text,Novita
14206,-67,153,0,0,0,0.00014,0.999992,logprobs,Novita
14207,-67,155,0,0,0,,,text,Novita
14208,-67,157,0,0,0,1e-06,0.999998,logprobs,Novita
14209,-67,159,0,0,0,5e-06,0.999996,logprobs,Novita
14210,-67,161,0,0,0,6e-06,0.999988,logprobs,Novita
14211,-67,163,0,0,0,,,text,Novita
14212,-67,165,0,0,0,2e-06,0.999997,logprobs,Novita
14213,-67,167,0,0,0,0,0.999999,logprobs,Novita
14214,-67,169,0,0,0,8e-06,0.999994,logprobs,Novita
14215,-67,171,0,0,0,6.6e-05,0.99999,logprobs,Novita
14216,-67,173,0,0,0,5e-06,0.999999,logprobs,Novita
14217,-67,175,0,0,0,1e-06,0.999997,logprobs,Novita
14218,-67,177,0,0,0,0,1,logprobs,Novita
14219,-67,179,0,0,0,,,text,Novita
14220,-69,-179,0,0,1,0.99982,0.999991,logprobs,Novita
14221,-69,-177,0,0,0,2e-06,0.999996,logprobs,Novita
14222,-69,-175,0,0,0,1e-06,0.999998,logprobs,Novita
14223,-69,-173,0,0,0,0,0.999999,logprobs,Novita
14224,-69,-171,0,0,0,3.5e-05,0.999995,logprobs,Novita
14225,-69,-169,0,0,0,2.1e-05,0.999989,logprobs,Novita
14226,-69,-167,0,0,0,0,0.999998,logprobs,Novita
14227,-69,-165,0,0,0,,,text,Novita
14228,-69,-163,0,0,0,,,text,Novita
14229,-69,-161,0,0,0,1e-06,0.999998,logprobs,Novita
14230,-69,-159,0,0,0,5e-06,0.999989,logprobs,Novita
14231,-69,-157,0,0,0,3e-06,0.999998,logprobs,Novita
14232,-69,-155,0,0,0,5e-06,0.999991,logprobs,Novita
14233,-69,-153,0,0,0,0,0.999999,logprobs,Novita
14234,-69,-151,0,0,0,0,1,logprobs,Novita
14235,-69,-149,0,0,0,8.5e-05,0.999939,logprobs,Novita
14236,-69,-147,0,0,0,2e-06,0.999994,logprobs,Novita
14237,-69,-145,0,0,0,,,text,Novita
14238,-69,-143,0,0,0,9.6e-05,0.999904,logprobs,Novita
14239,-69,-141,0,0,0,1.9e-05,0.999996,logprobs,Novita
14240,-69,-139,0,0,0,1e-06,0.999998,logprobs,Novita
14241,-69,-137,0,0,0,0,0.999998,logprobs,Novita
14242,-69,-135,0,0,0,7e-06,0.999993,logprobs,Novita
14243,-69,-133,0,0,0,2e-06,0.999998,logprobs,Novita
14244,-69,-131,0,0,0,4e-06,0.999996,logprobs,Novita
14245,-69,-129,0,0,0,3e-06,0.999998,logprobs,Novita
14246,-69,-127,0,0,0,0,0.999999,logprobs,Novita
14247,-69,-125,0,0,0,4e-06,0.999997,logprobs,Novita
14248,-69,-123,0,0,0,,,text,Novita
14249,-69,-121,0,0,0,3e-06,0.999998,logprobs,Novita
14250,-69,-119,0,0,0,,,text,Novita
14251,-69,-117,0,0,0,4e-06,0.999997,logprobs,Novita
14252,-69,-115,0,0,0,2e-06,0.999993,logprobs,Novita
14253,-69,-113,0,0,0,1e-06,0.999997,logprobs,Novita
14254,-69,-111,0,0,0,0,0.999999,logprobs,Novita
14255,-69,-109,0,0,0,1.9e-05,0.999992,logprobs,Novita
14256,-69,-107,0,0,1,,,text,Novita
14257,-69,-105,0,0,0,1e-06,0.999993,logprobs,Novita
14258,-69,-103,0,0,0,1e-06,0.999998,logprobs,Novita
14259,-69,-101,0,0,0,3e-06,0.999993,logprobs,Novita
14260,-69,-99,0,0,0,,,text,Novita
14261,-69,-97,0,0,0,0,0.999999,logprobs,Novita
14262,-69,-95,0,0,0,0.000261,0.999816,logprobs,Novita
14263,-69,-93,0,0,0,3e-06,0.999998,logprobs,Novita
14264,-69,-91,0,0,0,2e-06,0.999999,logprobs,Novita
14265,-69,-89,0,0,1,0.99593,0.999978,logprobs,Novita
14266,-69,-87,0,0,1,0.999089,0.999975,logprobs,Novita
14267,-69,-85,0,0,1,0.999739,0.999991,logprobs,Novita
14268,-69,-83,0,0,0,0,0.999999,logprobs,Novita
14269,-69,-81,0,0,0,0,0.999997,logprobs,Novita
14270,-69,-79,0,0,0,0,1,logprobs,Novita
14271,-69,-77,0,0,0,0,0.999999,logprobs,Novita
14272,-69,-75,0,0,0,0,0.999999,logprobs,Novita
14273,-69,-73,0,0,0,,,text,Novita
14274,-69,-71,1,1,0,4e-06,0.999999,logprobs,Novita
14275,-69,-69,0,0,0,,,text,Novita
14276,-69,-67,0,0,0,0,0.999999,logprobs,Novita
14277,-69,-65,1,1,0,,,text,Novita
14278,-69,-63,0,0,0,6e-06,0.999998,logprobs,Novita
14279,-69,-61,0,0,0,0,1,logprobs,Novita
14280,-69,-59,0,0,0,0,0.999998,logprobs,Novita
14281,-69,-57,0,0,0,1e-06,0.999999,logprobs,Novita
14282,-69,-55,0,0,0,0,1,logprobs,Novita
14283,-69,-53,0,0,0,1e-06,0.999999,logprobs,Novita
14284,-69,-51,0,0,1,0.998299,0.99997,logprobs,Novita
14285,-69,-49,0,0,0,1e-06,0.999998,logprobs,Novita
14286,-69,-47,0,0,0,0,0.999999,logprobs,Novita
14287,-69,-45,0,0,0,1e-06,0.999997,logprobs,Novita
14288,-69,-43,0,0,0,0,0.999999,logprobs,Novita
14289,-69,-41,0,0,0,,,text,Novita
14290,-69,-39,0,0,0,2e-06,0.999998,logprobs,Novita
14291,-69,-37,0,0,0,0,0.999998,logprobs,Novita
14292,-69,-35,0,0,1,0.999983,0.999999,logprobs,Novita
14293,-69,-33,0,0,0,,,text,Novita
14294,-69,-31,0,0,0,1e-06,0.999997,logprobs,Novita
14295,-69,-29,0,0,1,0.999965,0.999996,logprobs,Novita
14296,-69,-27,0,0,1,0.999985,0.999997,logprobs,Novita
14297,-69,-25,0,0,1,0.999969,0.999991,logprobs,Novita
14298,-69,-23,0,0,0,3e-06,0.999998,logprobs,Novita
14299,-69,-21,0,0,0,2e-06,0.999995,logprobs,Novita
14300,-69,-19,0,0,0,1e-06,0.999998,logprobs,Novita
14301,-69,-17,0,0,0,,,text,Novita
14302,-69,-15,0,0,0,1.5e-05,0.999997,logprobs,Novita
14303,-69,-13,0,0,0,1e-05,0.999998,logprobs,Novita
14304,-69,-11,0,0,0,5e-06,0.999997,logprobs,Novita
14305,-69,-9,0,0,0,1e-06,0.999997,logprobs,Novita
14306,-69,-7,0,0,0,0,0.999999,logprobs,Novita
14307,-69,-5,0,0,0,,,text,Novita
14308,-69,-3,0,0,0,3e-06,0.999996,logprobs,Novita
14309,-69,-1,0,0,0,6e-06,0.999995,logprobs,Novita
14310,-69,1,0,0,0,0,0.999999,logprobs,Novita
14311,-69,3,0,0,0,1e-06,0.999996,logprobs,Novita
14312,-69,5,0,0,0,3e-06,0.999994,logprobs,Novita
14313,-69,7,0,0,0,1.3e-05,0.999995,logprobs,Novita
14314,-69,9,0,0,0,4e-06,0.999995,logprobs,Novita
14315,-69,11,0,0,0,8e-06,0.999995,logprobs,Novita
14316,-69,13,0,0,0,1e-06,0.999999,logprobs,Novita
14317,-69,15,0,0,0,,,text,Novita
14318,-69,17,0,0,0,2e-06,0.999997,logprobs,Novita
14319,-69,19,0,0,0,,,text,Novita
14320,-69,21,0,0,0,4e-06,0.999984,logprobs,Novita
14321,-69,23,0,0,0,1e-06,0.999999,logprobs,Novita
14322,-69,25,0,0,0,,,text,Novita
14323,-69,27,0,0,0,4.5e-05,0.999996,logprobs,Novita
14324,-69,29,0,0,0,4e-06,0.999998,logprobs,Novita
14325,-69,31,0,0,0,3e-06,0.999992,logprobs,Novita
14326,-69,33,1,1,0,,,text,Novita
14327,-69,35,0,0,0,3e-06,0.999997,logprobs,Novita
14328,-69,37,0,0,0,,,text,Novita
14329,-69,39,0,0,0,1e-06,0.999995,logprobs,Novita
14330,-69,41,1,1,0,1.3e-05,0.999998,logprobs,Novita
14331,-69,43,1,1,0,1e-06,0.999998,logprobs,Novita
14332,-69,45,1,1,0,1e-06,0.999999,logprobs,Novita
14333,-69,47,1,1,0,3e-06,0.999994,logprobs,Novita
14334,-69,49,1,1,0,2e-06,0.999999,logprobs,Novita
14335,-69,51,1,1,0,3e-06,0.999997,logprobs,Novita
14336,-69,53,1,1,0,,,text,Novita
14337,-69,55,1,1,0,1e-06,0.999999,logprobs,Novita
14338,-69,57,1,1,0,0,0.999999,logprobs,Novita
14339,-69,59,1,1,0,,,text,Novita
14340,-69,61,1,1,0,,,text,Novita
14341,-69,63,1,1,0,6.6e-05,0.999992,logprobs,Novita
14342,-69,65,1,1,1,0.991423,0.999973,logprobs,Novita
14343,-69,67,1,1,0,0,0.999999,logprobs,Novita
14344,-69,69,1,1,0,1e-06,0.999997,logprobs,Novita
14345,-69,71,0,0,0,1.9e-05,0.999994,logprobs,Novita
14346,-69,73,0,0,0,3e-06,0.999983,logprobs,Novita
14347,-69,75,0,0,0,3.1e-05,0.999994,logprobs,Novita
14348,-69,77,0,0,0,3e-06,0.999997,logprobs,Novita
14349,-69,79,1,1,0,0,0.999998,logprobs,Novita
14350,-69,81,1,1,0,1.3e-05,0.999996,logprobs,Novita
14351,-69,83,1,1,0,1.3e-05,0.999998,logprobs,Novita
14352,-69,85,1,1,0,5e-06,0.999996,logprobs,Novita
14353,-69,87,1,1,0,,,text,Novita
14354,-69,89,1,1,0,0.000231,0.99999,logprobs,Novita
14355,-69,91,1,1,0,,,text,Novita
14356,-69,93,1,1,0,6e-06,0.999993,logprobs,Novita
14357,-69,95,1,1,0,1e-06,0.999997,logprobs,Novita
14358,-69,97,1,1,0,2e-06,0.999996,logprobs,Novita
14359,-69,99,1,1,0,0,0.999998,logprobs,Novita
14360,-69,101,1,1,0,0.000488,0.999866,logprobs,Novita
14361,-69,103,1,1,0,,,text,Novita
14362,-69,105,1,1,0,8e-06,0.999995,logprobs,Novita
14363,-69,107,1,1,0,1.3e-05,0.999979,logprobs,Novita
14364,-69,109,1,1,0,1e-06,0.999998,logprobs,Novita
14365,-69,111,1,1,0,0,0.999999,logprobs,Novita
14366,-69,113,1,1,0,0.000296,0.99998,logprobs,Novita
14367,-69,115,1,1,0,0.000296,0.999957,logprobs,Novita
14368,-69,117,1,1,0,,,text,Novita
14369,-69,119,1,1,0,3e-06,0.999997,logprobs,Novita
14370,-69,121,1,1,0,1e-05,0.999965,logprobs,Novita
14371,-69,123,1,1,0,2e-06,0.999993,logprobs,Novita
14372,-69,125,1,1,0,1e-06,0.999994,logprobs,Novita
14373,-69,127,1,1,0,9e-06,0.999926,logprobs,Novita
14374,-69,129,1,1,0,,,text,Novita
14375,-69,131,1,1,0,0,0.999999,logprobs,Novita
14376,-69,133,1,1,0,1.1e-05,0.999982,logprobs,Novita
14377,-69,135,1,1,0,0.00071,0.999924,logprobs,Novita
14378,-69,137,1,1,0,2e-06,0.999994,logprobs,Novita
14379,-69,139,1,1,0,0.000553,0.999734,logprobs,Novita
14380,-69,141,1,1,0,0.004609,0.999884,logprobs,Novita
14381,-69,143,1,1,0,,,text,Novita
14382,-69,145,1,1,0,1.7e-05,0.999989,logprobs,Novita
14383,-69,147,1,1,0,0.000109,0.999933,logprobs,Novita
14384,-69,149,1,1,0,5.1e-05,0.999978,logprobs,Novita
14385,-69,151,1,1,0,0,0.999999,logprobs,Novita
14386,-69,153,1,1,0,0.001501,0.999946,logprobs,Novita
14387,-69,155,1,1,0,1e-06,0.999998,logprobs,Novita
14388,-69,157,0,0,0,0,0.999998,logprobs,Novita
14389,-69,159,0,0,0,0.001169,0.999942,logprobs,Novita
14390,-69,161,0,0,0,,,text,Novita
14391,-69,163,0,0,0,7.5e-05,0.999954,logprobs,Novita
14392,-69,165,0,0,0,1e-06,0.999994,logprobs,Novita
14393,-69,167,0,0,0,2e-06,0.999999,logprobs,Novita
14394,-69,169,0,0,0,0.00018,0.999961,logprobs,Novita
14395,-69,171,0,0,0,8e-06,0.999991,logprobs,Novita
14396,-69,173,0,0,0,1e-06,0.999998,logprobs,Novita
14397,-69,175,0,0,0,,,text,Novita
14398,-69,177,0,0,0,1e-06,0.999997,logprobs,Novita
14399,-69,179,0,0,0,1e-06,0.999996,logprobs,Novita
14400,-71,-179,0,0,0,0,1,logprobs,Novita
14401,-71,-177,0,0,0,1.3e-05,0.999995,logprobs,Novita
14402,-71,-175,0,0,0,7e-06,0.999996,logprobs,Novita
14403,-71,-173,0,0,0,0,0.999999,logprobs,Novita
14404,-71,-171,0,0,0,3e-06,0.999998,logprobs,Novita
14405,-71,-169,0,0,0,2e-06,0.999995,logprobs,Novita
14406,-71,-167,0,0,0,0,0.999999,logprobs,Novita
14407,-71,-165,0,0,0,2e-06,0.999997,logprobs,Novita
14408,-71,-163,0,0,0,1e-06,0.999993,logprobs,Novita
14409,-71,-161,0,0,0,2e-06,0.999998,logprobs,Novita
14410,-71,-159,0,0,0,2e-06,0.999999,logprobs,Novita
14411,-71,-157,0,0,0,2e-06,0.999997,logprobs,Novita
14412,-71,-155,0,0,0,1e-06,0.999999,logprobs,Novita
14413,-71,-153,0,0,0,1e-06,0.999998,logprobs,Novita
14414,-71,-151,0,0,0,,,text,Novita
14415,-71,-149,0,0,0,,,text,Novita
14416,-71,-147,0,0,0,1e-06,0.999999,logprobs,Novita
14417,-71,-145,0,0,0,,,text,Novita
14418,-71,-143,0,0,0,1e-06,0.999998,logprobs,Novita
14419,-71,-141,0,0,0,1e-06,0.999999,logprobs,Novita
14420,-71,-139,0,0,0,,,text,Novita
14421,-71,-137,0,0,0,1e-06,0.999999,logprobs,Novita
14422,-71,-135,0,0,0,2.4e-05,0.999993,logprobs,Novita
14423,-71,-133,0,0,0,,,text,Novita
14424,-71,-131,0,0,0,2e-06,0.999998,logprobs,Novita
14425,-71,-129,0,0,0,0.000261,0.999866,logprobs,Novita
14426,-71,-127,0,0,0,4e-06,0.999992,logprobs,Novita
14427,-71,-125,0,0,0,0,0.999999,logprobs,Novita
14428,-71,-123,0,0,0,1.7e-05,0.999994,logprobs,Novita
14429,-71,-121,0,0,0,,,text,Novita
14430,-71,-119,0,0,0,2e-06,0.999994,logprobs,Novita
14431,-71,-117,0,0,0,5e-06,0.999996,logprobs,Novita
14432,-71,-115,0,0,0,0,0.999999,logprobs,Novita
14433,-71,-113,0,0,0,1e-06,0.999998,logprobs,Novita
14434,-71,-111,0,0,0,2e-06,0.999997,logprobs,Novita
14435,-71,-109,0,0,1,0.999797,0.999992,logprobs,Novita
14436,-71,-107,0,0,0,2e-06,0.999996,logprobs,Novita
14437,-71,-105,0,0,0,2e-06,0.999998,logprobs,Novita
14438,-71,-103,0,0,0,,,text,Novita
14439,-71,-101,0,0,0,,,text,Novita
14440,-71,-99,0,0,0,8e-06,0.999993,logprobs,Novita
14441,-71,-97,0,0,0,2e-06,0.999999,logprobs,Novita
14442,-71,-95,0,0,0,1e-05,0.999997,logprobs,Novita
14443,-71,-93,0,0,0,2.8e-05,0.999995,logprobs,Novita
14444,-71,-91,0,0,0,0.000488,0.999984,logprobs,Novita
14445,-71,-89,0,0,0,2e-06,0.999999,logprobs,Novita
14446,-71,-87,0,0,0,1e-06,0.999997,logprobs,Novita
14447,-71,-85,0,0,0,1e-06,1,logprobs,Novita
14448,-71,-83,0,0,0,2e-06,0.999998,logprobs,Novita
14449,-71,-81,0,0,0,4e-06,0.999993,logprobs,Novita
14450,-71,-79,0,0,0,1.1e-05,0.999998,logprobs,Novita
14451,-71,-77,0,0,0,0,1,logprobs,Novita
14452,-71,-75,0,0,0,3e-06,0.999996,logprobs,Novita
14453,-71,-73,0,0,0,1e-06,0.999999,logprobs,Novita
14454,-71,-71,1,1,0,3e-06,0.999998,logprobs,Novita
14455,-71,-69,1,1,0,,,text,Novita
14456,-71,-67,1,1,0,1e-06,0.999998,logprobs,Novita
14457,-71,-65,1,1,0,3.5e-05,0.999987,logprobs,Novita
14458,-71,-63,1,1,1,,,text,Novita
14459,-71,-61,0,0,0,3e-06,0.999998,logprobs,Novita
14460,-71,-59,0,0,0,1.1e-05,0.999998,logprobs,Novita
14461,-71,-57,0,0,0,1e-05,0.999991,logprobs,Novita
14462,-71,-55,0,0,0,1e-06,0.999996,logprobs,Novita
14463,-71,-53,0,0,0,4e-06,0.999995,logprobs,Novita
14464,-71,-51,0,0,0,2e-06,0.999999,logprobs,Novita
14465,-71,-49,0,0,0,2.4e-05,0.999986,logprobs,Novita
14466,-71,-47,0,0,0,2e-06,0.999999,logprobs,Novita
14467,-71,-45,0,0,0,0,1,logprobs,Novita
14468,-71,-43,0,0,0,0,0.999996,logprobs,Novita
14469,-71,-41,0,0,0,1.5e-05,0.999996,logprobs,Novita
14470,-71,-39,0,0,0,2e-06,0.999998,logprobs,Novita
14471,-71,-37,0,0,0,,,text,Novita
14472,-71,-35,0,0,0,0,1,logprobs,Novita
14473,-71,-33,0,0,1,0.999972,0.999998,logprobs,Novita
14474,-71,-31,0,0,0,8e-06,0.999996,logprobs,Novita
14475,-71,-29,0,0,1,,,text,Novita
14476,-71,-27,0,0,1,0.999981,0.999998,logprobs,Novita
14477,-71,-25,0,0,1,0.999842,0.999965,logprobs,Novita
14478,-71,-23,0,0,1,0.999998,0.999997,logprobs,Novita
14479,-71,-21,0,0,1,0.999904,0.999994,logprobs,Novita
14480,-71,-19,0,0,0,,,text,Novita
14481,-71,-17,0,0,0,3e-06,0.999998,logprobs,Novita
14482,-71,-15,0,0,0,3e-06,0.999997,logprobs,Novita
14483,-71,-13,0,0,0,0,0.999999,logprobs,Novita
14484,-71,-11,0,0,1,0.999985,0.999998,logprobs,Novita
14485,-71,-9,0,0,0,1e-06,0.999997,logprobs,Novita
14486,-71,-7,1,1,1,0.999987,0.999996,logprobs,Novita
14487,-71,-5,0,0,0,8e-06,0.999997,logprobs,Novita
14488,-71,-3,0,0,0,,,text,Novita
14489,-71,-1,0,0,0,0,0.999998,logprobs,Novita
14490,-71,1,0,0,0,0.00018,0.999347,logprobs,Novita
14491,-71,3,1,1,0,1.9e-05,0.999996,logprobs,Novita
14492,-71,5,1,1,0,7e-06,0.999995,logprobs,Novita
14493,-71,7,1,1,0,3e-06,0.999998,logprobs,Novita
14494,-71,9,1,1,0,9e-06,0.999992,logprobs,Novita
14495,-71,11,1,1,0,3.5e-05,0.999993,logprobs,Novita
14496,-71,13,1,1,0,1.5e-05,0.999999,logprobs,Novita
14497,-71,15,1,1,0,2e-06,0.999999,logprobs,Novita
14498,-71,17,1,1,0,0.000158,0.999993,logprobs,Novita
14499,-71,19,1,1,0,0,0.999999,logprobs,Novita
14500,-71,21,1,1,0,4e-06,0.999997,logprobs,Novita
14501,-71,23,1,1,0,,,text,Novita
14502,-71,25,1,1,0,1.1e-05,0.999996,logprobs,Novita
14503,-71,27,1,1,0,2e-06,0.999999,logprobs,Novita
14504,-71,29,1,1,0,9.6e-05,0.999992,logprobs,Novita
14505,-71,31,1,1,0,,,text,Novita
14506,-71,33,1,1,0,8e-06,0.999992,logprobs,Novita
14507,-71,35,1,1,0,4e-05,0.999992,logprobs,Novita
14508,-71,37,1,1,0,2.8e-05,0.999995,logprobs,Novita
14509,-71,39,1,1,0,5.8e-05,0.999988,logprobs,Novita
14510,-71,41,1,1,0,1.3e-05,0.999955,logprobs,Novita
14511,-71,43,1,1,1,0.999985,0.999993,logprobs,Novita
14512,-71,45,1,1,1,0.999985,0.999995,logprobs,Novita
14513,-71,47,1,1,0,2e-06,0.999999,logprobs,Novita
14514,-71,49,1,1,1,,,text,Novita
14515,-71,51,1,1,0,,,text,Novita
14516,-71,53,1,1,1,0.999969,0.999996,logprobs,Novita
14517,-71,55,1,1,0,1e-06,0.999999,logprobs,Novita
14518,-71,57,1,1,0,3e-06,0.999998,logprobs,Novita
14519,-71,59,1,1,1,0.999983,0.999992,logprobs,Novita
14520,-71,61,1,1,0,0,0.999999,logprobs,Novita
14521,-71,63,1,1,0,,,text,Novita
14522,-71,65,1,1,0,2.4e-05,0.999997,logprobs,Novita
14523,-71,67,1,1,0,2e-06,0.999996,logprobs,Novita
14524,-71,69,1,1,0,,,text,Novita
14525,-71,71,0,0,0,8e-06,0.999983,logprobs,Novita
14526,-71,73,1,1,0,4.5e-05,0.999994,logprobs,Novita
14527,-71,75,1,1,0,2e-06,0.999996,logprobs,Novita
14528,-71,77,1,1,0,6.6e-05,0.999984,logprobs,Novita
14529,-71,79,1,1,0,5.1e-05,0.999995,logprobs,Novita
14530,-71,81,1,1,0,2.1e-05,0.999991,logprobs,Novita
14531,-71,83,1,1,0,,,text,Novita
14532,-71,85,1,1,0,0,0.999999,logprobs,Novita
14533,-71,87,1,1,0,1e-06,0.999999,logprobs,Novita
14534,-71,89,1,1,0,,,text,Novita
14535,-71,91,1,1,0,3.1e-05,0.999993,logprobs,Novita
14536,-71,93,1,1,0,1e-06,0.999998,logprobs,Novita
14537,-71,95,1,1,0,1e-06,0.999999,logprobs,Novita
14538,-71,97,1,1,0,8.5e-05,0.999998,logprobs,Novita
14539,-71,99,1,1,0,1.9e-05,0.999987,logprobs,Novita
14540,-71,101,1,1,0,0.003173,0.999919,logprobs,Novita
14541,-71,103,1,1,0,2e-06,0.999989,logprobs,Novita
14542,-71,105,1,1,0,0.000203,0.999973,logprobs,Novita
14543,-71,107,1,1,0,5e-06,0.999997,logprobs,Novita
14544,-71,109,1,1,0,0,1,logprobs,Novita
14545,-71,111,1,1,0,5.8e-05,0.999996,logprobs,Novita
14546,-71,113,1,1,0,,,text,Novita
14547,-71,115,1,1,0,5e-06,0.999996,logprobs,Novita
14548,-71,117,1,1,0,,,text,Novita
14549,-71,119,1,1,0,0.006692,0.999707,logprobs,Novita
14550,-71,121,1,1,0,,,text,Novita
14551,-71,123,1,1,0,,,text,Novita
14552,-71,125,1,1,0,,,text,Novita
14553,-71,127,1,1,0,3e-06,0.999996,logprobs,Novita
14554,-71,129,1,1,0,3.5e-05,0.999983,logprobs,Novita
14555,-71,131,1,1,0,4e-06,0.999997,logprobs,Novita
14556,-71,133,1,1,0,1e-06,0.999998,logprobs,Novita
14557,-71,135,1,1,0,0,0.999998,logprobs,Novita
14558,-71,137,1,1,0,1e-06,0.999998,logprobs,Novita
14559,-71,139,1,1,0,7e-06,0.999998,logprobs,Novita
14560,-71,141,1,1,0,2e-06,0.999996,logprobs,Novita
14561,-71,143,1,1,1,,,text,Novita
14562,-71,145,1,1,0,,,text,Novita
14563,-71,147,1,1,0,4e-06,0.999996,logprobs,Novita
14564,-71,149,1,1,0,0.00014,0.999993,logprobs,Novita
14565,-71,151,1,1,0,6.6e-05,0.999995,logprobs,Novita
14566,-71,153,1,1,0,,,text,Novita
14567,-71,155,1,1,0,3e-06,0.999992,logprobs,Novita
14568,-71,157,1,1,0,,,text,Novita
14569,-71,159,1,1,0,2e-06,0.999996,logprobs,Novita
14570,-71,161,1,1,0,2e-06,0.999999,logprobs,Novita
14571,-71,163,1,1,0,1e-06,0.999997,logprobs,Novita
14572,-71,165,1,1,0,7e-06,0.999994,logprobs,Novita
14573,-71,167,1,1,0,3.5e-05,0.999995,logprobs,Novita
14574,-71,169,0,0,0,4e-06,0.999997,logprobs,Novita
14575,-71,171,0,0,0,,,text,Novita
14576,-71,173,0,0,0,1.5e-05,0.999984,logprobs,Novita
14577,-71,175,0,0,1,0.999089,0.999979,logprobs,Novita
14578,-71,177,0,0,0,1.1e-05,0.999993,logprobs,Novita
14579,-71,179,0,0,0,3e-06,0.999998,logprobs,Novita
14580,-73,-179,0,0,0,2.8e-05,0.999985,logprobs,Novita
14581,-73,-177,0,0,0,7e-06,0.999995,logprobs,Novita
14582,-73,-175,0,0,0,1e-06,0.999998,logprobs,Novita
14583,-73,-173,0,0,0,1.9e-05,0.99999,logprobs,Novita
14584,-73,-171,0,0,0,8e-06,0.999996,logprobs,Novita
14585,-73,-169,0,0,0,0.001169,0.999911,logprobs,Novita
14586,-73,-167,0,0,0,2e-06,0.999998,logprobs,Novita
14587,-73,-165,0,0,0,5e-06,0.999993,logprobs,Novita
14588,-73,-163,0,0,0,2e-06,0.999999,logprobs,Novita
14589,-73,-161,0,0,0,7e-06,0.999997,logprobs,Novita
14590,-73,-159,0,0,0,2e-06,0.999998,logprobs,Novita
14591,-73,-157,0,0,0,1e-06,0.999998,logprobs,Novita
14592,-73,-155,0,0,0,0.00038,0.999956,logprobs,Novita
14593,-73,-153,0,0,0,0.000123,0.99998,logprobs,Novita
14594,-73,-151,0,0,0,5.8e-05,0.999924,logprobs,Novita
14595,-73,-149,0,0,0,,,text,Novita
14596,-73,-147,0,0,0,6.6e-05,0.999993,logprobs,Novita
14597,-73,-145,0,0,0,4.5e-05,0.999941,logprobs,Novita
14598,-73,-143,0,0,0,1e-06,0.999999,logprobs,Novita
14599,-73,-141,0,0,0,2e-06,0.999999,logprobs,Novita
14600,-73,-139,0,0,0,0,0.999999,logprobs,Novita
14601,-73,-137,0,0,0,,,text,Novita
14602,-73,-135,0,0,0,0.000488,0.999981,logprobs,Novita
14603,-73,-133,0,0,0,2.8e-05,0.999986,logprobs,Novita
14604,-73,-131,0,0,0,0.000488,0.999959,logprobs,Novita
14605,-73,-129,0,0,0,0.000203,0.999874,logprobs,Novita
14606,-73,-127,0,0,0,0.000627,0.999916,logprobs,Novita
14607,-73,-125,0,0,0,,,text,Novita
14608,-73,-123,0,0,0,0,0.999998,logprobs,Novita
14609,-73,-121,0,0,0,,,text,Novita
14610,-73,-119,0,0,0,4e-06,0.999981,logprobs,Novita
14611,-73,-117,0,0,1,0.999797,0.999973,logprobs,Novita
14612,-73,-115,0,0,1,0.99962,0.999968,logprobs,Novita
14613,-73,-113,0,0,1,0.999797,0.999985,logprobs,Novita
14614,-73,-111,0,0,0,1.1e-05,0.999993,logprobs,Novita
14615,-73,-109,0,0,0,0.000431,0.999939,logprobs,Novita
14616,-73,-107,0,0,0,0.000231,0.999976,logprobs,Novita
14617,-73,-105,0,0,0,,,text,Novita
14618,-73,-103,1,1,1,0.999877,0.999986,logprobs,Novita
14619,-73,-101,1,1,0,0.001927,0.999921,logprobs,Novita
14620,-73,-99,1,1,0,2.1e-05,0.999985,logprobs,Novita
14621,-73,-97,0,0,0,0,0.999999,logprobs,Novita
14622,-73,-95,0,0,0,5e-06,0.999998,logprobs,Novita
14623,-73,-93,0,0,0,0.000553,0.999981,logprobs,Novita
14624,-73,-91,1,1,0,0.000335,0.999989,logprobs,Novita
14625,-73,-89,1,1,1,0.998499,0.999922,logprobs,Novita
14626,-73,-87,0,0,0,,,text,Novita
14627,-73,-85,0,0,0,1e-06,0.999999,logprobs,Novita
14628,-73,-83,0,0,1,,,text,Novita
14629,-73,-81,0,0,1,,,text,Novita
14630,-73,-79,1,1,0,5e-06,0.999998,logprobs,Novita
14631,-73,-77,0,0,0,3e-06,0.999999,logprobs,Novita
14632,-73,-75,1,1,0,1.1e-05,0.999986,logprobs,Novita
14633,-73,-73,0,0,0,2e-06,0.999985,logprobs,Novita
14634,-73,-71,0,0,0,1e-06,0.999998,logprobs,Novita
14635,-73,-69,0,0,0,5e-06,0.999972,logprobs,Novita
14636,-73,-67,1,1,0,0,0.999998,logprobs,Novita
14637,-73,-65,1,1,0,1e-05,0.999989,logprobs,Novita
14638,-73,-63,1,1,1,0.999972,0.999997,logprobs,Novita
14639,-73,-61,1,1,0,2e-06,0.999998,logprobs,Novita
14640,-73,-59,0,0,0,1e-06,0.999999,logprobs,Novita
14641,-73,-57,0,0,0,,,text,Novita
14642,-73,-55,0,0,0,2e-06,0.999994,logprobs,Novita
14643,-73,-53,0,0,0,,,text,Novita
14644,-73,-51,0,0,0,1e-06,0.999998,logprobs,Novita
14645,-73,-49,0,0,0,0,0.999999,logprobs,Novita
14646,-73,-47,0,0,1,0.999987,0.999998,logprobs,Novita
14647,-73,-45,0,0,1,0.99409,0.999786,logprobs,Novita
14648,-73,-43,0,0,0,1e-05,0.999994,logprobs,Novita
14649,-73,-41,0,0,0,0,0.999999,logprobs,Novita
14650,-73,-39,0,0,0,1e-06,0.999998,logprobs,Novita
14651,-73,-37,0,0,0,,,text,Novita
14652,-73,-35,0,0,0,2e-06,0.999999,logprobs,Novita
14653,-73,-33,0,0,1,,,text,Novita
14654,-73,-31,0,0,0,,,text,Novita
14655,-73,-29,0,0,0,0,0.999999,logprobs,Novita
14656,-73,-27,0,0,0,1.5e-05,0.999996,logprobs,Novita
14657,-73,-25,0,0,0,1e-06,0.999997,logprobs,Novita
14658,-73,-23,0,0,1,,,text,Novita
14659,-73,-21,0,0,0,2e-06,0.999996,logprobs,Novita
14660,-73,-19,0,0,0,4e-06,0.999997,logprobs,Novita
14661,-73,-17,0,0,0,,,text,Novita
14662,-73,-15,0,0,0,1e-06,0.999999,logprobs,Novita
14663,-73,-13,1,1,0,4.5e-05,0.999989,logprobs,Novita
14664,-73,-11,1,1,0,1e-06,0.999998,logprobs,Novita
14665,-73,-9,1,1,0,,,text,Novita
14666,-73,-7,1,1,0,2e-06,0.999999,logprobs,Novita
14667,-73,-5,1,1,0,7e-06,0.999997,logprobs,Novita
14668,-73,-3,1,1,0,5e-06,0.99999,logprobs,Novita
14669,-73,-1,1,1,0,1e-06,1,logprobs,Novita
14670,-73,1,1,1,0,2e-06,0.999997,logprobs,Novita
14671,-73,3,1,1,0,2e-06,0.999998,logprobs,Novita
14672,-73,5,1,1,0,5e-06,0.999995,logprobs,Novita
14673,-73,7,1,1,0,0,0.999998,logprobs,Novita
14674,-73,9,1,1,0,8e-06,0.999996,logprobs,Novita
14675,-73,11,1,1,0,,,text,Novita
14676,-73,13,1,1,0,7e-06,0.999998,logprobs,Novita
14677,-73,15,1,1,0,,,text,Novita
14678,-73,17,1,1,0,1.5e-05,0.999997,logprobs,Novita
14679,-73,19,1,1,0,,,text,Novita
14680,-73,21,1,1,0,2e-06,0.999999,logprobs,Novita
14681,-73,23,1,1,0,,,text,Novita
14682,-73,25,1,1,0,0,1,logprobs,Novita
14683,-73,27,1,1,0,1.7e-05,0.999988,logprobs,Novita
14684,-73,29,1,1,0,1.3e-05,0.999997,logprobs,Novita
14685,-73,31,1,1,0,1.7e-05,0.999992,logprobs,Novita
14686,-73,33,1,1,0,1e-06,0.999999,logprobs,Novita
14687,-73,35,1,1,0,1e-06,0.999999,logprobs,Novita
14688,-73,37,1,1,0,,,text,Novita
14689,-73,39,1,1,0,2.4e-05,0.999997,logprobs,Novita
14690,-73,41,1,1,1,0.99999,0.999989,logprobs,Novita
14691,-73,43,1,1,1,0.999965,0.999994,logprobs,Novita
14692,-73,45,1,1,1,,,text,Novita
14693,-73,47,1,1,0,1e-06,0.999997,logprobs,Novita
14694,-73,49,1,1,0,2e-06,0.999998,logprobs,Novita
14695,-73,51,1,1,0,1e-06,0.999995,logprobs,Novita
14696,-73,53,1,1,1,0.999665,0.999972,logprobs,Novita
14697,-73,55,1,1,0,5e-06,0.999995,logprobs,Novita
14698,-73,57,1,1,0,1.5e-05,0.999999,logprobs,Novita
14699,-73,59,1,1,1,0.999981,0.999995,logprobs,Novita
14700,-73,61,1,1,0,1e-06,0.999998,logprobs,Novita
14701,-73,63,1,1,1,0.999994,0.999994,logprobs,Novita
14702,-73,65,1,1,0,1e-06,0.999999,logprobs,Novita
14703,-73,67,1,1,0,,,text,Novita
14704,-73,69,1,1,0,2e-06,0.999999,logprobs,Novita
14705,-73,71,1,1,0,1e-06,0.999996,logprobs,Novita
14706,-73,73,1,1,0,1e-06,0.999999,logprobs,Novita
14707,-73,75,1,1,0,1.7e-05,0.999995,logprobs,Novita
14708,-73,77,1,1,0,2e-06,0.999998,logprobs,Novita
14709,-73,79,1,1,0,1e-06,0.999998,logprobs,Novita
14710,-73,81,1,1,1,0.99982,0.999995,logprobs,Novita
14711,-73,83,1,1,0,1e-06,0.999999,logprobs,Novita
14712,-73,85,1,1,0,0,0.999995,logprobs,Novita
14713,-73,87,1,1,0,9e-06,0.999996,logprobs,Novita
14714,-73,89,1,1,0,2.1e-05,0.99999,logprobs,Novita
14715,-73,91,1,1,0,0.001169,0.999943,logprobs,Novita
14716,-73,93,1,1,0,0.00071,0.999993,logprobs,Novita
14717,-73,95,1,1,0,,,text,Novita
14718,-73,97,1,1,0,,,text,Novita
14719,-73,99,1,1,0,4e-06,0.999998,logprobs,Novita
14720,-73,101,1,1,0,4e-05,0.999989,logprobs,Novita
14721,-73,103,1,1,0,8e-06,0.999996,logprobs,Novita
14722,-73,105,1,1,0,0.002183,0.999979,logprobs,Novita
14723,-73,107,1,1,0,1.3e-05,0.99999,logprobs,Novita
14724,-73,109,1,1,0,8.5e-05,0.99998,logprobs,Novita
14725,-73,111,1,1,0,5.1e-05,0.999992,logprobs,Novita
14726,-73,113,1,1,0,1.1e-05,0.999986,logprobs,Novita
14727,-73,115,1,1,0,1.3e-05,0.999991,logprobs,Novita
14728,-73,117,1,1,0,0.00071,0.999969,logprobs,Novita
14729,-73,119,1,1,0,,,text,Novita
14730,-73,121,1,1,0,8.5e-05,0.999986,logprobs,Novita
14731,-73,123,1,1,0,0.00014,0.999967,logprobs,Novita
14732,-73,125,1,1,0,4e-05,0.999985,logprobs,Novita
14733,-73,127,1,1,0,0.00014,0.999985,logprobs,Novita
14734,-73,129,1,1,0,3.5e-05,0.999994,logprobs,Novita
14735,-73,131,1,1,0,8e-06,0.999997,logprobs,Novita
14736,-73,133,1,1,0,,,text,Novita
14737,-73,135,1,1,0,,,text,Novita
14738,-73,137,1,1,0,5.8e-05,0.999979,logprobs,Novita
14739,-73,139,1,1,0,,,text,Novita
14740,-73,141,1,1,0,1e-06,0.999998,logprobs,Novita
14741,-73,143,1,1,0,9.6e-05,0.999985,logprobs,Novita
14742,-73,145,1,1,0,,,text,Novita
14743,-73,147,1,1,0,,,text,Novita
14744,-73,149,1,1,0,0.001032,0.999973,logprobs,Novita
14745,-73,151,1,1,0,2e-06,0.999998,logprobs,Novita
14746,-73,153,1,1,0,0.00038,0.999959,logprobs,Novita
14747,-73,155,1,1,0,9.6e-05,0.999986,logprobs,Novita
14748,-73,157,1,1,0,0,0.999998,logprobs,Novita
14749,-73,159,1,1,0,,,text,Novita
14750,-73,161,1,1,0,0.001169,0.999928,logprobs,Novita
14751,-73,163,1,1,0,0.000804,0.999837,logprobs,Novita
14752,-73,165,1,1,0,3e-06,0.999999,logprobs,Novita
14753,-73,167,1,1,0,1e-06,0.999998,logprobs,Novita
14754,-73,169,1,1,0,,,text,Novita
14755,-73,171,0,0,0,,,text,Novita
14756,-73,173,0,0,0,0.000203,0.999977,logprobs,Novita
14757,-73,175,0,0,0,2e-06,0.999997,logprobs,Novita
14758,-73,177,0,0,0,,,text,Novita
14759,-73,179,0,0,0,2.8e-05,0.999985,logprobs,Novita
14760,-75,-179,0,0,0,4e-06,0.999994,logprobs,Novita
14761,-75,-177,0,0,0,,,text,Novita
14762,-75,-175,0,0,0,9e-06,0.99998,logprobs,Novita
14763,-75,-173,0,0,0,2.8e-05,0.999991,logprobs,Novita
14764,-75,-171,0,0,0,,,text,Novita
14765,-75,-169,0,0,0,,,text,Novita
14766,-75,-167,0,0,0,3.1e-05,0.99999,logprobs,Novita
14767,-75,-165,0,0,0,3e-06,0.99999,logprobs,Novita
14768,-75,-163,0,0,0,2e-06,0.999998,logprobs,Novita
14769,-75,-161,0,0,0,2.1e-05,0.99999,logprobs,Novita
14770,-75,-159,0,0,0,2.1e-05,0.999995,logprobs,Novita
14771,-75,-157,0,0,0,0,1,logprobs,Novita
14772,-75,-155,0,0,0,,,text,Novita
14773,-75,-153,0,0,0,0,0.999998,logprobs,Novita
14774,-75,-151,0,0,0,0.000911,0.999849,logprobs,Novita
14775,-75,-149,0,0,0,1e-06,0.999998,logprobs,Novita
14776,-75,-147,0,0,0,3e-06,0.999997,logprobs,Novita
14777,-75,-145,0,0,0,2e-06,0.999995,logprobs,Novita
14778,-75,-143,0,0,0,,,text,Novita
14779,-75,-141,0,0,0,0.000109,0.999965,logprobs,Novita
14780,-75,-139,0,0,0,0,1,logprobs,Novita
14781,-75,-137,1,1,0,0.000488,0.999844,logprobs,Novita
14782,-75,-135,1,1,0,1.3e-05,0.999998,logprobs,Novita
14783,-75,-133,1,1,0,0.001928,0.999862,logprobs,Novita
14784,-75,-131,1,1,0,7e-06,0.999995,logprobs,Novita
14785,-75,-129,1,1,0,0.000553,0.999917,logprobs,Novita
14786,-75,-127,1,1,0,0.000553,0.999915,logprobs,Novita
14787,-75,-125,1,1,0,0.002183,0.999604,logprobs,Novita
14788,-75,-123,1,1,0,2e-06,0.999996,logprobs,Novita
14789,-75,-121,1,1,0,0.002183,0.999864,logprobs,Novita
14790,-75,-119,1,1,0,,,text,Novita
14791,-75,-117,1,1,0,4e-06,0.999997,logprobs,Novita
14792,-75,-115,1,1,0,0,0.999999,logprobs,Novita
14793,-75,-113,1,1,0,0.000109,0.999981,logprobs,Novita
14794,-75,-111,0,0,0,5e-06,0.999997,logprobs,Novita
14795,-75,-109,0,0,1,0.999925,0.999943,logprobs,Novita
14796,-75,-107,0,0,0,0.001927,0.999957,logprobs,Novita
14797,-75,-105,0,0,1,,,text,Novita
14798,-75,-103,0,0,1,,,text,Novita
14799,-75,-101,0,0,0,0.002183,0.99995,logprobs,Novita
14800,-75,-99,1,1,0,0.000626,0.99999,logprobs,Novita
14801,-75,-97,1,1,0,2e-06,0.999992,logprobs,Novita
14802,-75,-95,1,1,0,0.00018,0.999964,logprobs,Novita
14803,-75,-93,1,1,0,3e-06,0.999995,logprobs,Novita
14804,-75,-91,1,1,0,1e-06,0.999999,logprobs,Novita
14805,-75,-89,1,1,1,0.998073,0.999948,logprobs,Novita
14806,-75,-87,1,1,0,,,text,Novita
14807,-75,-85,1,1,1,0.999942,0.999969,logprobs,Novita
14808,-75,-83,1,1,0,0,0.999999,logprobs,Novita
14809,-75,-81,1,1,0,0,1,logprobs,Novita
14810,-75,-79,1,1,1,,,text,Novita
14811,-75,-77,1,1,0,0,0.999999,logprobs,Novita
14812,-75,-75,1,1,0,1.3e-05,0.999989,logprobs,Novita
14813,-75,-73,1,1,0,0,1,logprobs,Novita
14814,-75,-71,1,1,0,0,1,logprobs,Novita
14815,-75,-69,1,1,0,1e-06,0.999997,logprobs,Novita
14816,-75,-67,1,1,0,6e-06,0.999997,logprobs,Novita
14817,-75,-65,1,1,0,1e-06,0.999998,logprobs,Novita
14818,-75,-63,0,0,1,0.999665,0.999993,logprobs,Novita
14819,-75,-61,0,0,0,0,0.999999,logprobs,Novita
14820,-75,-59,0,0,0,0,0.999997,logprobs,Novita
14821,-75,-57,0,0,0,,,text,Novita
14822,-75,-55,0,0,0,0,0.999999,logprobs,Novita
14823,-75,-53,0,0,0,1e-06,0.999997,logprobs,Novita
14824,-75,-51,0,0,0,0,0.999999,logprobs,Novita
14825,-75,-49,0,0,0,1e-06,0.999998,logprobs,Novita
14826,-75,-47,0,0,0,,,text,Novita
14827,-75,-45,0,0,0,0,0.999998,logprobs,Novita
14828,-75,-43,0,0,1,0.99409,0.999931,logprobs,Novita
14829,-75,-41,0,0,0,0,0.999998,logprobs,Novita
14830,-75,-39,0,0,0,1.7e-05,0.999995,logprobs,Novita
14831,-75,-37,0,0,0,3e-06,0.999997,logprobs,Novita
14832,-75,-35,0,0,0,8e-06,0.999998,logprobs,Novita
14833,-75,-33,0,0,0,2e-06,0.999995,logprobs,Novita
14834,-75,-31,0,0,0,,,text,Novita
14835,-75,-29,0,0,0,1e-06,0.999998,logprobs,Novita
14836,-75,-27,0,0,0,2e-06,0.99999,logprobs,Novita
14837,-75,-25,0,0,0,1e-06,0.999998,logprobs,Novita
14838,-75,-23,0,0,1,0.999979,0.999998,logprobs,Novita
14839,-75,-21,0,0,1,0.999915,0.999994,logprobs,Novita
14840,-75,-19,0,0,0,1.5e-05,0.999994,logprobs,Novita
14841,-75,-17,1,1,1,0.999374,0.999974,logprobs,Novita
14842,-75,-15,1,1,0,1e-06,0.999995,logprobs,Novita
14843,-75,-13,1,1,0,3e-06,0.999995,logprobs,Novita
14844,-75,-11,1,1,0,3e-06,0.999997,logprobs,Novita
14845,-75,-9,1,1,0,2e-06,0.999998,logprobs,Novita
14846,-75,-7,1,1,1,0.999969,0.999993,logprobs,Novita
14847,-75,-5,1,1,0,3.5e-05,0.999995,logprobs,Novita
14848,-75,-3,1,1,0,0,0.999999,logprobs,Novita
14849,-75,-1,1,1,0,7e-06,0.999989,logprobs,Novita
14850,-75,1,1,1,0,,,text,Novita
14851,-75,3,1,1,0,6.6e-05,0.999993,logprobs,Novita
14852,-75,5,1,1,0,3e-06,0.999999,logprobs,Novita
14853,-75,7,1,1,0,1e-06,0.999998,logprobs,Novita
14854,-75,9,1,1,0,,,text,Novita
14855,-75,11,1,1,0,3e-06,0.999998,logprobs,Novita
14856,-75,13,1,1,0,0,0.999998,logprobs,Novita
14857,-75,15,1,1,0,1e-06,0.999999,logprobs,Novita
14858,-75,17,1,1,0,0,0.999999,logprobs,Novita
14859,-75,19,1,1,0,0,1,logprobs,Novita
14860,-75,21,1,1,0,0,0.999999,logprobs,Novita
14861,-75,23,1,1,0,2.1e-05,0.999993,logprobs,Novita
14862,-75,25,1,1,0,0,0.999999,logprobs,Novita
14863,-75,27,1,1,0,1e-06,0.999999,logprobs,Novita
14864,-75,29,1,1,0,6e-06,0.999994,logprobs,Novita
14865,-75,31,1,1,0,,,text,Novita
14866,-75,33,1,1,0,2e-06,0.999991,logprobs,Novita
14867,-75,35,1,1,0,2e-06,0.999996,logprobs,Novita
14868,-75,37,1,1,1,0.999089,0.99997,logprobs,Novita
14869,-75,39,1,1,0,2e-06,0.999999,logprobs,Novita
14870,-75,41,1,1,1,0.999976,0.99999,logprobs,Novita
14871,-75,43,1,1,1,,,text,Novita
14872,-75,45,1,1,0,0,0.999999,logprobs,Novita
14873,-75,47,1,1,1,0.999891,0.999994,logprobs,Novita
14874,-75,49,1,1,0,2e-06,0.999998,logprobs,Novita
14875,-75,51,1,1,0,2e-06,0.999997,logprobs,Novita
14876,-75,53,1,1,0,2e-06,0.999986,logprobs,Novita
14877,-75,55,1,1,0,0,0.999999,logprobs,Novita
14878,-75,57,1,1,0,,,text,Novita
14879,-75,59,1,1,0,,,text,Novita
14880,-75,61,1,1,0,0,0.999999,logprobs,Novita
14881,-75,63,1,1,0,1.9e-05,0.999998,logprobs,Novita
14882,-75,65,1,1,0,8.5e-05,0.999988,logprobs,Novita
14883,-75,67,1,1,0,3e-06,0.999998,logprobs,Novita
14884,-75,69,1,1,0,1e-05,0.999996,logprobs,Novita
14885,-75,71,1,1,0,,,text,Novita
14886,-75,73,1,1,0,,,text,Novita
14887,-75,75,1,1,0,,,text,Novita
14888,-75,77,1,1,0,3.5e-05,0.999995,logprobs,Novita
14889,-75,79,1,1,0,2e-06,0.999994,logprobs,Novita
14890,-75,81,1,1,1,0.999891,0.999877,logprobs,Novita
14891,-75,83,1,1,0,,,text,Novita
14892,-75,85,1,1,0,0,0.999999,logprobs,Novita
14893,-75,87,1,1,0,2.8e-05,0.999991,logprobs,Novita
14894,-75,89,1,1,0,9e-06,0.999985,logprobs,Novita
14895,-75,91,1,1,0,0.000296,0.999865,logprobs,Novita
14896,-75,93,1,1,0,1e-06,0.999999,logprobs,Novita
14897,-75,95,1,1,0,3e-06,0.999998,logprobs,Novita
14898,-75,97,1,1,0,2e-06,0.999998,logprobs,Novita
14899,-75,99,1,1,0,,,text,Novita
14900,-75,101,1,1,0,0.000626,0.999801,logprobs,Novita
14901,-75,103,1,1,0,0.001169,0.999775,logprobs,Novita
14902,-75,105,1,1,1,0.998968,0.999736,logprobs,Novita
14903,-75,107,1,1,0,1e-06,0.999999,logprobs,Novita
14904,-75,109,1,1,0,1e-06,0.999998,logprobs,Novita
14905,-75,111,1,1,0,0.000123,0.999989,logprobs,Novita
14906,-75,113,1,1,0,1e-06,0.999999,logprobs,Novita
14907,-75,115,1,1,0,1e-06,0.999998,logprobs,Novita
14908,-75,117,1,1,0,0.000109,0.999974,logprobs,Novita
14909,-75,119,1,1,0,0.000123,0.999983,logprobs,Novita
14910,-75,121,1,1,0,1.5e-05,0.999996,logprobs,Novita
14911,-75,123,1,1,0,0.000911,0.999842,logprobs,Novita
14912,-75,125,1,1,0,0.001326,0.999805,logprobs,Novita
14913,-75,127,1,1,0,5e-06,0.999995,logprobs,Novita
14914,-75,129,1,1,0,3e-06,0.999995,logprobs,Novita
14915,-75,131,1,1,0,1e-06,0.999995,logprobs,Novita
14916,-75,133,1,1,0,9.6e-05,0.999987,logprobs,Novita
14917,-75,135,1,1,0,,,text,Novita
14918,-75,137,1,1,0,4.5e-05,0.999988,logprobs,Novita
14919,-75,139,1,1,0,1e-06,0.999999,logprobs,Novita
14920,-75,141,1,1,0,0,0.999998,logprobs,Novita
14921,-75,143,1,1,0,3e-06,0.999999,logprobs,Novita
14922,-75,145,1,1,0,,,text,Novita
14923,-75,147,1,1,0,2e-06,0.999998,logprobs,Novita
14924,-75,149,1,1,0,1.1e-05,0.999996,logprobs,Novita
14925,-75,151,1,1,0,1e-06,0.999999,logprobs,Novita
14926,-75,153,1,1,0,0.002803,0.999788,logprobs,Novita
14927,-75,155,1,1,0,1.5e-05,0.999992,logprobs,Novita
14928,-75,157,1,1,0,5.8e-05,0.999983,logprobs,Novita
14929,-75,159,1,1,1,,,text,Novita
14930,-75,161,1,1,0,,,text,Novita
14931,-75,163,0,0,0,0,0.999999,logprobs,Novita
14932,-75,165,0,0,0,8e-06,0.999996,logprobs,Novita
14933,-75,167,0,0,0,1e-06,0.999994,logprobs,Novita
14934,-75,169,0,0,0,4e-06,0.999994,logprobs,Novita
14935,-75,171,0,0,0,,,text,Novita
14936,-75,173,0,0,0,1.5e-05,0.999989,logprobs,Novita
14937,-75,175,0,0,0,2e-06,0.999999,logprobs,Novita
14938,-75,177,0,0,0,,,text,Novita
14939,-75,179,0,0,1,0.999569,0.999992,logprobs,Novita
14940,-77,-179,0,0,1,0.998675,0.999932,logprobs,Novita
14941,-77,-177,0,0,0,4e-06,0.999994,logprobs,Novita
14942,-77,-175,0,0,0,8e-06,0.999995,logprobs,Novita
14943,-77,-173,0,0,1,,,text,Novita
14944,-77,-171,0,0,1,,,text,Novita
14945,-77,-169,0,0,0,,,text,Novita
14946,-77,-167,0,0,0,2e-06,0.999997,logprobs,Novita
14947,-77,-165,0,0,1,,,text,Novita
14948,-77,-163,0,0,0,6.6e-05,0.999987,logprobs,Novita
14949,-77,-161,0,0,0,4.5e-05,0.999996,logprobs,Novita
14950,-77,-159,0,0,0,7e-06,0.999996,logprobs,Novita
14951,-77,-157,0,0,0,4e-05,0.999991,logprobs,Novita
14952,-77,-155,0,0,0,5e-06,0.999993,logprobs,Novita
14953,-77,-153,0,0,0,1e-05,0.999988,logprobs,Novita
14954,-77,-151,0,0,0,0.00071,0.999815,logprobs,Novita
14955,-77,-149,1,1,0,4e-06,0.999986,logprobs,Novita
14956,-77,-147,0,0,0,2e-06,0.999994,logprobs,Novita
14957,-77,-145,1,1,0,8e-06,0.999998,logprobs,Novita
14958,-77,-143,1,1,0,1e-05,0.999995,logprobs,Novita
14959,-77,-141,1,1,0,0.000261,0.999963,logprobs,Novita
14960,-77,-139,1,1,0,0.000261,0.999958,logprobs,Novita
14961,-77,-137,1,1,0,0.00071,0.999916,logprobs,Novita
14962,-77,-135,1,1,0,0.000488,0.999905,logprobs,Novita
14963,-77,-133,1,1,0,0.001169,0.999616,logprobs,Novita
14964,-77,-131,1,1,0,0.00014,0.999974,logprobs,Novita
14965,-77,-129,1,1,0,,,text,Novita
14966,-77,-127,1,1,0,0.001032,0.999965,logprobs,Novita
14967,-77,-125,1,1,0,0.000431,0.999849,logprobs,Novita
14968,-77,-123,1,1,1,0.999983,0.999996,logprobs,Novita
14969,-77,-121,1,1,0,0.000261,0.99997,logprobs,Novita
14970,-77,-119,1,1,0,0,0.999999,logprobs,Novita
14971,-77,-117,1,1,0,0.00038,0.999958,logprobs,Novita
14972,-77,-115,1,1,1,0.999665,0.999978,logprobs,Novita
14973,-77,-113,1,1,0,0.001927,0.999868,logprobs,Novita
14974,-77,-111,1,1,0,0.000804,0.999807,logprobs,Novita
14975,-77,-109,1,1,0,0.002473,0.999956,logprobs,Novita
14976,-77,-107,1,1,0,1.5e-05,0.999992,logprobs,Novita
14977,-77,-105,1,1,0,,,text,Novita
14978,-77,-103,1,1,0,0.00038,0.999973,logprobs,Novita
14979,-77,-101,1,1,1,,,text,Novita
14980,-77,-99,1,1,0,1.5e-05,0.999997,logprobs,Novita
14981,-77,-97,1,1,0,0.000335,0.99993,logprobs,Novita
14982,-77,-95,1,1,0,0.00023,0.99997,logprobs,Novita
14983,-77,-93,1,1,0,,,text,Novita
14984,-77,-91,1,1,0,0.001032,0.999942,logprobs,Novita
14985,-77,-89,1,1,1,0.998831,0.999974,logprobs,Novita
14986,-77,-87,1,1,0,2e-06,0.999996,logprobs,Novita
14987,-77,-85,1,1,0,3.5e-05,0.999992,logprobs,Novita
14988,-77,-83,1,1,0,0.000203,0.999988,logprobs,Novita
14989,-77,-81,1,1,0,9e-06,0.999993,logprobs,Novita
14990,-77,-79,1,1,0,,,text,Novita
14991,-77,-77,1,1,0,3.1e-05,0.999973,logprobs,Novita
14992,-77,-75,0,0,1,,,text,Novita
14993,-77,-73,0,0,0,2e-06,0.999996,logprobs,Novita
14994,-77,-71,0,0,0,1e-06,0.999998,logprobs,Novita
14995,-77,-69,0,0,0,0,0.999999,logprobs,Novita
14996,-77,-67,0,0,0,1e-06,0.999999,logprobs,Novita
14997,-77,-65,0,0,0,,,text,Novita
14998,-77,-63,0,0,0,5e-06,0.999998,logprobs,Novita
14999,-77,-61,0,0,0,1e-06,0.999996,logprobs,Novita
15000,-77,-59,0,0,0,1e-06,0.999998,logprobs,Novita
15001,-77,-57,0,0,0,,,text,Novita
15002,-77,-55,0,0,0,1.1e-05,0.999991,logprobs,Novita
15003,-77,-53,0,0,0,,,text,Novita
15004,-77,-51,0,0,0,,,text,Novita
15005,-77,-49,0,0,0,2e-06,0.999996,logprobs,Novita
15006,-77,-47,0,0,0,1e-06,0.999999,logprobs,Novita
15007,-77,-45,0,0,1,0.998968,0.999891,logprobs,Novita
15008,-77,-43,0,0,0,1e-06,0.999985,logprobs,Novita
15009,-77,-41,0,0,0,,,text,Novita
15010,-77,-39,0,0,0,3e-06,0.999996,logprobs,Novita
15011,-77,-37,0,0,0,,,text,Novita
15012,-77,-35,0,0,0,1e-06,0.999998,logprobs,Novita
15013,-77,-33,0,0,0,2.4e-05,0.999998,logprobs,Novita
15014,-77,-31,1,1,0,1.9e-05,0.999994,logprobs,Novita
15015,-77,-29,1,1,0,1.1e-05,0.999997,logprobs,Novita
15016,-77,-27,1,1,0,2.8e-05,0.999987,logprobs,Novita
15017,-77,-25,1,1,0,7e-06,0.999996,logprobs,Novita
15018,-77,-23,1,1,1,0.999739,0.999888,logprobs,Novita
15019,-77,-21,1,1,0,9e-06,0.999998,logprobs,Novita
15020,-77,-19,1,1,0,2e-06,0.999997,logprobs,Novita
15021,-77,-17,1,1,1,,,text,Novita
15022,-77,-15,1,1,0,0,0.999999,logprobs,Novita
15023,-77,-13,1,1,0,1e-06,0.999998,logprobs,Novita
15024,-77,-11,1,1,0,,,text,Novita
15025,-77,-9,1,1,0,5e-06,0.999998,logprobs,Novita
15026,-77,-7,1,1,0,0,1,logprobs,Novita
15027,-77,-5,1,1,0,4e-06,0.999998,logprobs,Novita
15028,-77,-3,1,1,0,,,text,Novita
15029,-77,-1,1,1,0,0,0.999999,logprobs,Novita
15030,-77,1,1,1,0,5e-06,0.999995,logprobs,Novita
15031,-77,3,1,1,0,5e-06,0.999999,logprobs,Novita
15032,-77,5,1,1,0,1.5e-05,0.999994,logprobs,Novita
15033,-77,7,1,1,0,9e-06,0.999998,logprobs,Novita
15034,-77,9,1,1,0,5.1e-05,0.999996,logprobs,Novita
15035,-77,11,1,1,0,1.5e-05,0.999997,logprobs,Novita
15036,-77,13,1,1,0,9e-06,0.999999,logprobs,Novita
15037,-77,15,1,1,1,0.997818,0.999935,logprobs,Novita
15038,-77,17,1,1,0,0,0.999999,logprobs,Novita
15039,-77,19,1,1,0,4e-05,0.999996,logprobs,Novita
15040,-77,21,1,1,0,,,text,Novita
15041,-77,23,1,1,0,7e-06,0.999994,logprobs,Novita
15042,-77,25,1,1,1,0.984095,0.999868,logprobs,Novita
15043,-77,27,1,1,0,4e-05,0.999987,logprobs,Novita
15044,-77,29,1,1,0,4e-06,0.999995,logprobs,Novita
15045,-77,31,1,1,0,,,text,Novita
15046,-77,33,1,1,1,0.999891,0.999979,logprobs,Novita
15047,-77,35,1,1,1,0.999447,0.999977,logprobs,Novita
15048,-77,37,1,1,0,1e-06,0.999996,logprobs,Novita
15049,-77,39,1,1,1,0.999999,0.999998,logprobs,Novita
15050,-77,41,1,1,1,0.999997,0.999995,logprobs,Novita
15051,-77,43,1,1,1,0.99999,0.999999,logprobs,Novita
15052,-77,45,1,1,1,0.999997,0.999999,logprobs,Novita
15053,-77,47,1,1,1,0.998499,0.999902,logprobs,Novita
15054,-77,49,1,1,0,2.8e-05,0.999994,logprobs,Novita
15055,-77,51,1,1,1,0.999769,0.999989,logprobs,Novita
15056,-77,53,1,1,1,0.999739,0.999996,logprobs,Novita
15057,-77,55,1,1,1,0.999089,0.999918,logprobs,Novita
15058,-77,57,1,1,0,4e-06,0.999997,logprobs,Novita
15059,-77,59,1,1,0,1.3e-05,0.999997,logprobs,Novita
15060,-77,61,1,1,0,2.1e-05,0.999997,logprobs,Novita
15061,-77,63,1,1,0,3.1e-05,0.999993,logprobs,Novita
15062,-77,65,1,1,0,1.5e-05,0.999995,logprobs,Novita
15063,-77,67,1,1,0,2.1e-05,0.999997,logprobs,Novita
15064,-77,69,1,1,0,3e-06,0.999998,logprobs,Novita
15065,-77,71,1,1,0,3e-06,0.999998,logprobs,Novita
15066,-77,73,1,1,0,6e-06,0.999998,logprobs,Novita
15067,-77,75,1,1,0,7e-06,0.999996,logprobs,Novita
15068,-77,77,1,1,0,1.1e-05,0.999998,logprobs,Novita
15069,-77,79,1,1,0,3e-06,0.999995,logprobs,Novita
15070,-77,81,1,1,0,1.3e-05,0.999992,logprobs,Novita
15071,-77,83,1,1,0,0.00038,0.99998,logprobs,Novita
15072,-77,85,1,1,0,0.000123,0.999986,logprobs,Novita
15073,-77,87,1,1,0,9e-06,0.999993,logprobs,Novita
15074,-77,89,1,1,0,0.000488,0.99996,logprobs,Novita
15075,-77,91,1,1,0,2.1e-05,0.999992,logprobs,Novita
15076,-77,93,1,1,0,,,text,Novita
15077,-77,95,1,1,0,1e-06,0.999999,logprobs,Novita
15078,-77,97,1,1,0,4e-05,0.999984,logprobs,Novita
15079,-77,99,1,1,0,,,text,Novita
15080,-77,101,1,1,0,,,text,Novita
15081,-77,103,1,1,0,4e-05,0.999991,logprobs,Novita
15082,-77,105,1,1,0,0.000488,0.99998,logprobs,Novita
15083,-77,107,1,1,0,0.00018,0.999982,logprobs,Novita
15084,-77,109,1,1,0,3.5e-05,0.999989,logprobs,Novita
15085,-77,111,1,1,0,0.000804,0.999862,logprobs,Novita
15086,-77,113,1,1,0,1.9e-05,0.99999,logprobs,Novita
15087,-77,115,1,1,0,9.6e-05,0.999947,logprobs,Novita
15088,-77,117,1,1,0,0.002801,0.999893,logprobs,Novita
15089,-77,119,1,1,0,0.00014,0.999981,logprobs,Novita
15090,-77,121,1,1,0,0.000335,0.999975,logprobs,Novita
15091,-77,123,1,1,0,0.00038,0.999993,logprobs,Novita
15092,-77,125,1,1,0,4e-05,0.999968,logprobs,Novita
15093,-77,127,1,1,0,0,0.999999,logprobs,Novita
15094,-77,129,1,1,0,0.00071,0.999957,logprobs,Novita
15095,-77,131,1,1,0,0.000123,0.999934,logprobs,Novita
15096,-77,133,1,1,0,3e-06,0.999998,logprobs,Novita
15097,-77,135,1,1,0,,,text,Novita
15098,-77,137,1,1,0,,,text,Novita
15099,-77,139,1,1,0,,,text,Novita
15100,-77,141,1,1,0,5e-06,0.999994,logprobs,Novita
15101,-77,143,1,1,0,0.000335,0.999988,logprobs,Novita
15102,-77,145,1,1,0,0.00018,0.999994,logprobs,Novita
15103,-77,147,1,1,0,,,text,Novita
15104,-77,149,1,1,1,,,text,Novita
15105,-77,151,1,1,0,,,text,Novita
15106,-77,153,1,1,0,0.000804,0.999903,logprobs,Novita
15107,-77,155,1,1,0,0.000261,0.999975,logprobs,Novita
15108,-77,157,1,1,0,,,text,Novita
15109,-77,159,1,1,0,3.5e-05,0.999945,logprobs,Novita
15110,-77,161,1,1,0,0.001326,0.999864,logprobs,Novita
15111,-77,163,0,0,0,2.8e-05,0.999992,logprobs,Novita
15112,-77,165,0,0,0,0.001501,0.999723,logprobs,Novita
15113,-77,167,0,0,0,1e-06,0.999997,logprobs,Novita
15114,-77,169,0,0,0,3.5e-05,0.99999,logprobs,Novita
15115,-77,171,0,0,0,0.003595,0.99991,logprobs,Novita
15116,-77,173,0,0,0,2.8e-05,0.999986,logprobs,Novita
15117,-77,175,0,0,0,,,text,Novita
15118,-77,177,0,0,0,2.4e-05,0.999993,logprobs,Novita
15119,-77,179,0,0,0,,,text,Novita
15120,-79,-179,0,0,0,1.1e-05,0.999996,logprobs,Novita
15121,-79,-177,0,0,0,,,text,Novita
15122,-79,-175,0,0,0,,,text,Novita
15123,-79,-173,0,0,0,0.000123,0.999952,logprobs,Novita
15124,-79,-171,0,0,0,1e-06,0.999996,logprobs,Novita
15125,-79,-169,0,0,0,,,text,Novita
15126,-79,-167,0,0,0,3e-06,0.999999,logprobs,Novita
15127,-79,-165,0,0,0,1e-06,0.999996,logprobs,Novita
15128,-79,-163,1,1,0,2e-06,0.999997,logprobs,Novita
15129,-79,-161,0,0,0,0.00018,0.999913,logprobs,Novita
15130,-79,-159,0,0,0,0.000203,0.999873,logprobs,Novita
15131,-79,-157,0,0,0,6e-06,0.999996,logprobs,Novita
15132,-79,-155,0,0,0,3e-06,0.999998,logprobs,Novita
15133,-79,-153,1,1,0,6e-06,0.999997,logprobs,Novita
15134,-79,-151,1,1,0,0.000261,0.999985,logprobs,Novita
15135,-79,-149,1,1,0,,,text,Novita
15136,-79,-147,1,1,0,0.001325,0.999922,logprobs,Novita
15137,-79,-145,1,1,0,4e-06,0.999988,logprobs,Novita
15138,-79,-143,1,1,0,0.000804,0.999947,logprobs,Novita
15139,-79,-141,1,1,0,5e-06,0.999997,logprobs,Novita
15140,-79,-139,1,1,0,2e-06,0.999997,logprobs,Novita
15141,-79,-137,1,1,0,3e-06,0.999997,logprobs,Novita
15142,-79,-135,1,1,0,0.000296,0.999984,logprobs,Novita
15143,-79,-133,1,1,0,0.00014,0.999985,logprobs,Novita
15144,-79,-131,1,1,1,,,text,Novita
15145,-79,-129,1,1,0,,,text,Novita
15146,-79,-127,1,1,0,0.00023,0.999873,logprobs,Novita
15147,-79,-125,1,1,1,0.997199,0.99965,logprobs,Novita
15148,-79,-123,1,1,0,2e-06,0.999999,logprobs,Novita
15149,-79,-121,1,1,0,0.000911,0.999963,logprobs,Novita
15150,-79,-119,1,1,1,,,text,Novita
15151,-79,-117,1,1,0,3.5e-05,0.999995,logprobs,Novita
15152,-79,-115,1,1,0,0.00522,0.999981,logprobs,Novita
15153,-79,-113,1,1,0,0.000203,0.999892,logprobs,Novita
15154,-79,-111,1,1,1,0.99986,0.999991,logprobs,Novita
15155,-79,-109,1,1,1,0.997199,0.999967,logprobs,Novita
15156,-79,-107,1,1,1,0.999704,0.999981,logprobs,Novita
15157,-79,-105,1,1,0,7e-06,0.999993,logprobs,Novita
15158,-79,-103,1,1,0,1.5e-05,0.999993,logprobs,Novita
15159,-79,-101,1,1,0,0.000488,0.999901,logprobs,Novita
15160,-79,-99,1,1,0,0.000109,0.999948,logprobs,Novita
15161,-79,-97,1,1,0,5e-06,0.999999,logprobs,Novita
15162,-79,-95,1,1,1,0.999447,0.999965,logprobs,Novita
15163,-79,-93,1,1,0,0.000158,0.999978,logprobs,Novita
15164,-79,-91,1,1,0,,,text,Novita
15165,-79,-89,1,1,1,0.999915,0.999981,logprobs,Novita
15166,-79,-87,1,1,0,1.9e-05,0.999993,logprobs,Novita
15167,-79,-85,1,1,1,0.999979,0.999998,logprobs,Novita
15168,-79,-83,1,1,0,1.5e-05,0.999996,logprobs,Novita
15169,-79,-81,0,0,0,1e-06,0.999999,logprobs,Novita
15170,-79,-79,0,0,0,1e-06,0.999999,logprobs,Novita
15171,-79,-77,0,0,0,0,0.999999,logprobs,Novita
15172,-79,-75,0,0,0,1.9e-05,0.999994,logprobs,Novita
15173,-79,-73,0,0,0,0,1,logprobs,Novita
15174,-79,-71,1,1,0,,,text,Novita
15175,-79,-69,1,1,0,0,0.999998,logprobs,Novita
15176,-79,-67,0,0,0,0,1,logprobs,Novita
15177,-79,-65,0,0,0,0,0.999995,logprobs,Novita
15178,-79,-63,0,0,0,1e-06,0.999997,logprobs,Novita
15179,-79,-61,0,0,0,5e-06,0.999994,logprobs,Novita
15180,-79,-59,0,0,0,0,0.999998,logprobs,Novita
15181,-79,-57,0,0,0,6e-06,0.999978,logprobs,Novita
15182,-79,-55,0,0,0,1e-06,0.999998,logprobs,Novita
15183,-79,-53,0,0,0,1e-06,0.999999,logprobs,Novita
15184,-79,-51,0,0,0,2e-06,0.999997,logprobs,Novita
15185,-79,-49,1,1,0,1e-06,0.999999,logprobs,Novita
15186,-79,-47,1,1,0,1e-06,0.999999,logprobs,Novita
15187,-79,-45,1,1,0,2e-06,0.999997,logprobs,Novita
15188,-79,-43,0,0,0,,,text,Novita
15189,-79,-41,0,0,0,2.8e-05,0.999993,logprobs,Novita
15190,-79,-39,0,0,0,,,text,Novita
15191,-79,-37,0,0,0,,,text,Novita
15192,-79,-35,0,0,0,0,0.999999,logprobs,Novita
15193,-79,-33,1,1,0,1e-06,0.999998,logprobs,Novita
15194,-79,-31,1,1,0,4.5e-05,0.99999,logprobs,Novita
15195,-79,-29,1,1,0,1.1e-05,0.999994,logprobs,Novita
15196,-79,-27,1,1,0,1e-06,0.999999,logprobs,Novita
15197,-79,-25,1,1,0,5.8e-05,0.999996,logprobs,Novita
15198,-79,-23,1,1,0,2e-06,0.999998,logprobs,Novita
15199,-79,-21,1,1,0,1e-06,0.999999,logprobs,Novita
15200,-79,-19,1,1,0,0,0.999999,logprobs,Novita
15201,-79,-17,1,1,0,0,0.999998,logprobs,Novita
15202,-79,-15,1,1,0,4e-06,0.999993,logprobs,Novita
15203,-79,-13,1,1,0,0,1,logprobs,Novita
15204,-79,-11,1,1,0,1e-06,0.999998,logprobs,Novita
15205,-79,-9,1,1,1,,,text,Novita
15206,-79,-7,1,1,1,0.999665,0.999993,logprobs,Novita
15207,-79,-5,1,1,0,,,text,Novita
15208,-79,-3,1,1,0,0,0.999998,logprobs,Novita
15209,-79,-1,1,1,0,,,text,Novita
15210,-79,1,1,1,0,8e-06,0.999999,logprobs,Novita
15211,-79,3,1,1,0,2e-06,0.999997,logprobs,Novita
15212,-79,5,1,1,1,0.99977,0.99996,logprobs,Novita
15213,-79,7,1,1,0,7e-06,0.999998,logprobs,Novita
15214,-79,9,1,1,1,0.999987,0.999996,logprobs,Novita
15215,-79,11,1,1,0,,,text,Novita
15216,-79,13,1,1,0,2.1e-05,0.999999,logprobs,Novita
15217,-79,15,1,1,0,0,0.999999,logprobs,Novita
15218,-79,17,1,1,0,4e-06,0.999999,logprobs,Novita
15219,-79,19,1,1,0,0,0.999999,logprobs,Novita
15220,-79,21,1,1,0,1.3e-05,0.999998,logprobs,Novita
15221,-79,23,1,1,0,,,text,Novita
15222,-79,25,1,1,0,1.9e-05,0.999994,logprobs,Novita
15223,-79,27,1,1,0,,,text,Novita
15224,-79,29,1,1,0,0.00038,0.999982,logprobs,Novita
15225,-79,31,1,1,0,1e-06,0.999999,logprobs,Novita
15226,-79,33,1,1,0,2e-06,0.999993,logprobs,Novita
15227,-79,35,1,1,0,5e-06,0.999997,logprobs,Novita
15228,-79,37,1,1,0,1.9e-05,0.999986,logprobs,Novita
15229,-79,39,1,1,1,,,text,Novita
15230,-79,41,1,1,1,,,text,Novita
15231,-79,43,1,1,1,0.999999,0.999997,logprobs,Novita
15232,-79,45,1,1,1,,,text,Novita
15233,-79,47,1,1,1,0.99409,0.999944,logprobs,Novita
15234,-79,49,1,1,1,0.999996,0.999995,logprobs,Novita
15235,-79,51,1,1,0,3e-06,0.999989,logprobs,Novita
15236,-79,53,1,1,1,0.998675,0.999987,logprobs,Novita
15237,-79,55,1,1,0,,,text,Novita
15238,-79,57,1,1,0,1e-06,0.999999,logprobs,Novita
15239,-79,59,1,1,0,,,text,Novita
15240,-79,61,1,1,0,2e-06,0.999997,logprobs,Novita
15241,-79,63,1,1,0,1e-06,0.999998,logprobs,Novita
15242,-79,65,1,1,0,0,0.999998,logprobs,Novita
15243,-79,67,1,1,0,1.7e-05,0.999991,logprobs,Novita
15244,-79,69,1,1,0,1e-06,0.999998,logprobs,Novita
15245,-79,71,1,1,0,1e-06,0.999999,logprobs,Novita
15246,-79,73,1,1,0,6e-06,0.999997,logprobs,Novita
15247,-79,75,1,1,0,8.5e-05,0.999996,logprobs,Novita
15248,-79,77,1,1,1,0.999993,0.999998,logprobs,Novita
15249,-79,79,1,1,0,7e-06,0.999992,logprobs,Novita
15250,-79,81,1,1,0,2e-06,0.999997,logprobs,Novita
15251,-79,83,1,1,0,0.000231,0.999983,logprobs,Novita
15252,-79,85,1,1,0,3.1e-05,0.999991,logprobs,Novita
15253,-79,87,1,1,0,,,text,Novita
15254,-79,89,1,1,0,,,text,Novita
15255,-79,91,1,1,0,1e-06,0.999998,logprobs,Novita
15256,-79,93,1,1,0,,,text,Novita
15257,-79,95,1,1,0,,,text,Novita
15258,-79,97,1,1,0,5.1e-05,0.999994,logprobs,Novita
15259,-79,99,1,1,0,,,text,Novita
15260,-79,101,1,1,0,,,text,Novita
15261,-79,103,1,1,0,0.000123,0.999972,logprobs,Novita
15262,-79,105,1,1,0,,,text,Novita
15263,-79,107,1,1,0,0.000911,0.99989,logprobs,Novita
15264,-79,109,1,1,0,4e-05,0.999973,logprobs,Novita
15265,-79,111,1,1,0,8.5e-05,0.999981,logprobs,Novita
15266,-79,113,1,1,0,,,text,Novita
15267,-79,115,1,1,0,0.00071,0.999962,logprobs,Novita
15268,-79,117,1,1,0,,,text,Novita
15269,-79,119,1,1,0,0.002801,0.999734,logprobs,Novita
15270,-79,121,1,1,0,0.006694,0.999875,logprobs,Novita
15271,-79,123,1,1,0,0.00071,0.999963,logprobs,Novita
15272,-79,125,1,1,0,5.8e-05,0.999989,logprobs,Novita
15273,-79,127,1,1,0,9.6e-05,0.999987,logprobs,Novita
15274,-79,129,1,1,0,3.1e-05,0.999993,logprobs,Novita
15275,-79,131,1,1,0,,,text,Novita
15276,-79,133,1,1,0,1.7e-05,0.999992,logprobs,Novita
15277,-79,135,1,1,0,0.001927,0.999951,logprobs,Novita
15278,-79,137,1,1,0,,,text,Novita
15279,-79,139,1,1,0,9.6e-05,0.999979,logprobs,Novita
15280,-79,141,1,1,0,0.000296,0.999939,logprobs,Novita
15281,-79,143,1,1,0,6.6e-05,0.999991,logprobs,Novita
15282,-79,145,1,1,0,0.000911,0.999968,logprobs,Novita
15283,-79,147,1,1,0,0.00038,0.999983,logprobs,Novita
15284,-79,149,1,1,0,0.000804,0.999974,logprobs,Novita
15285,-79,151,1,1,0,7.5e-05,0.999991,logprobs,Novita
15286,-79,153,1,1,0,,,text,Novita
15287,-79,155,1,1,0,5e-06,0.999997,logprobs,Novita
15288,-79,157,1,1,0,9.6e-05,0.99997,logprobs,Novita
15289,-79,159,1,1,0,,,text,Novita
15290,-79,161,1,1,0,3e-06,0.999994,logprobs,Novita
15291,-79,163,0,0,0,,,text,Novita
15292,-79,165,0,0,0,0.000203,0.999901,logprobs,Novita
15293,-79,167,0,0,1,,,text,Novita
15294,-79,169,0,0,0,5.8e-05,0.999991,logprobs,Novita
15295,-79,171,0,0,0,,,text,Novita
15296,-79,173,0,0,0,,,text,Novita
15297,-79,175,0,0,0,0.000109,0.999986,logprobs,Novita
15298,-79,177,0,0,0,,,text,Novita
15299,-79,179,0,0,1,0.999196,0.999977,logprobs,Novita
15300,-81,-179,0,0,0,3e-06,0.999998,logprobs,Novita
15301,-81,-177,0,0,0,1e-05,0.999992,logprobs,Novita
15302,-81,-175,0,0,1,0.993307,0.999874,logprobs,Novita
15303,-81,-173,0,0,0,8.5e-05,0.999958,logprobs,Novita
15304,-81,-171,0,0,0,3.5e-05,0.999949,logprobs,Novita
15305,-81,-169,0,0,0,0.000335,0.99999,logprobs,Novita
15306,-81,-167,0,0,0,0,0.999999,logprobs,Novita
15307,-81,-165,0,0,0,1e-06,0.999997,logprobs,Novita
15308,-81,-163,0,0,0,5e-06,0.999998,logprobs,Novita
15309,-81,-161,0,0,0,4.5e-05,0.999988,logprobs,Novita
15310,-81,-159,0,0,1,0.999979,0.999977,logprobs,Novita
15311,-81,-157,0,0,0,2e-06,0.999998,logprobs,Novita
15312,-81,-155,0,0,0,0.001325,0.999949,logprobs,Novita
15313,-81,-153,0,0,0,3e-06,0.999999,logprobs,Novita
15314,-81,-151,0,0,0,0.000335,0.999946,logprobs,Novita
15315,-81,-149,1,1,0,0.000158,0.999969,logprobs,Novita
15316,-81,-147,1,1,0,3.1e-05,0.999995,logprobs,Novita
15317,-81,-145,1,1,0,1.7e-05,0.999996,logprobs,Novita
15318,-81,-143,1,1,0,5e-06,0.999987,logprobs,Novita
15319,-81,-141,1,1,0,3.5e-05,0.999943,logprobs,Novita
15320,-81,-139,1,1,0,0.000296,0.999966,logprobs,Novita
15321,-81,-137,1,1,0,0.00038,0.999977,logprobs,Novita
15322,-81,-135,1,1,0,0.00023,0.999862,logprobs,Novita
15323,-81,-133,1,1,1,,,text,Novita
15324,-81,-131,1,1,0,,,text,Novita
15325,-81,-129,1,1,0,,,text,Novita
15326,-81,-127,1,1,0,9.6e-05,0.999914,logprobs,Novita
15327,-81,-125,1,1,0,0.002473,0.999931,logprobs,Novita
15328,-81,-123,1,1,0,,,text,Novita
15329,-81,-121,1,1,0,,,text,Novita
15330,-81,-119,1,1,0,4.5e-05,0.999995,logprobs,Novita
15331,-81,-117,1,1,0,0.000231,0.999981,logprobs,Novita
15332,-81,-115,1,1,0,0.000158,0.99998,logprobs,Novita
15333,-81,-113,1,1,1,0.999987,0.999945,logprobs,Novita
15334,-81,-111,1,1,0,0.000804,0.999956,logprobs,Novita
15335,-81,-109,1,1,0,1.9e-05,0.999984,logprobs,Novita
15336,-81,-107,1,1,0,0.001501,0.999907,logprobs,Novita
15337,-81,-105,1,1,1,,,text,Novita
15338,-81,-103,1,1,0,4e-05,0.999997,logprobs,Novita
15339,-81,-101,1,1,0,0.000296,0.999992,logprobs,Novita
15340,-81,-99,1,1,0,0.001032,0.999972,logprobs,Novita
15341,-81,-97,1,1,0,6e-06,0.999996,logprobs,Novita
15342,-81,-95,1,1,0,0.000488,0.999993,logprobs,Novita
15343,-81,-93,1,1,0,0.001032,0.999985,logprobs,Novita
15344,-81,-91,1,1,0,0.001501,0.999964,logprobs,Novita
15345,-81,-89,1,1,1,0.999842,0.999993,logprobs,Novita
15346,-81,-87,1,1,0,5e-06,0.999998,logprobs,Novita
15347,-81,-85,1,1,0,8e-06,0.999996,logprobs,Novita
15348,-81,-83,1,1,1,,,text,Novita
15349,-81,-81,1,1,0,5e-06,0.999995,logprobs,Novita
15350,-81,-79,1,1,1,0.999972,0.999992,logprobs,Novita
15351,-81,-77,1,1,0,0,0.999997,logprobs,Novita
15352,-81,-75,1,1,0,,,text,Novita
15353,-81,-73,1,1,0,0,0.999999,logprobs,Novita
15354,-81,-71,0,0,0,,,text,Novita
15355,-81,-69,0,0,0,,,text,Novita
15356,-81,-67,0,0,0,1e-06,0.999998,logprobs,Novita
15357,-81,-65,0,0,1,0.998968,0.999977,logprobs,Novita
15358,-81,-63,0,0,0,,,text,Novita
15359,-81,-61,0,0,0,2e-06,0.999993,logprobs,Novita
15360,-81,-59,0,0,0,1e-06,0.999998,logprobs,Novita
15361,-81,-57,0,0,0,1e-06,0.999998,logprobs,Novita
15362,-81,-55,0,0,1,0.99996,0.999963,logprobs,Novita
15363,-81,-53,0,0,0,,,text,Novita
15364,-81,-51,0,0,0,3e-06,0.999998,logprobs,Novita
15365,-81,-49,0,0,0,2e-06,0.999997,logprobs,Novita
15366,-81,-47,0,0,0,,,text,Novita
15367,-81,-45,0,0,0,1e-06,1,logprobs,Novita
15368,-81,-43,0,0,0,1.1e-05,0.999994,logprobs,Novita
15369,-81,-41,0,0,0,2e-06,0.999998,logprobs,Novita
15370,-81,-39,1,1,0,1e-06,0.999999,logprobs,Novita
15371,-81,-37,1,1,0,3e-06,0.999997,logprobs,Novita
15372,-81,-35,1,1,0,3e-06,0.999997,logprobs,Novita
15373,-81,-33,1,1,0,1e-06,0.999999,logprobs,Novita
15374,-81,-31,1,1,0,,,text,Novita
15375,-81,-29,1,1,0,,,text,Novita
15376,-81,-27,1,1,0,1e-06,0.999999,logprobs,Novita
15377,-81,-25,1,1,0,6e-06,0.999997,logprobs,Novita
15378,-81,-23,1,1,0,2e-06,0.999997,logprobs,Novita
15379,-81,-21,1,1,0,5e-06,0.999998,logprobs,Novita
15380,-81,-19,1,1,0,1e-06,0.999999,logprobs,Novita
15381,-81,-17,1,1,0,1.1e-05,0.999997,logprobs,Novita
15382,-81,-15,1,1,0,,,text,Novita
15383,-81,-13,1,1,0,1.5e-05,0.999997,logprobs,Novita
15384,-81,-11,1,1,0,2e-06,0.999997,logprobs,Novita
15385,-81,-9,1,1,0,0,0.999998,logprobs,Novita
15386,-81,-7,1,1,0,1e-06,0.999999,logprobs,Novita
15387,-81,-5,1,1,0,,,text,Novita
15388,-81,-3,1,1,0,,,text,Novita
15389,-81,-1,1,1,0,5e-06,0.999997,logprobs,Novita
15390,-81,1,1,1,0,2.4e-05,0.999996,logprobs,Novita
15391,-81,3,1,1,0,1e-06,0.999999,logprobs,Novita
15392,-81,5,1,1,0,,,text,Novita
15393,-81,7,1,1,0,1e-06,0.999999,logprobs,Novita
15394,-81,9,1,1,0,1e-06,0.999999,logprobs,Novita
15395,-81,11,1,1,0,1.3e-05,0.999997,logprobs,Novita
15396,-81,13,1,1,0,2e-06,0.999999,logprobs,Novita
15397,-81,15,1,1,0,,,text,Novita
15398,-81,17,1,1,0,6e-06,0.999995,logprobs,Novita
15399,-81,19,1,1,0,0,0.999999,logprobs,Novita
15400,-81,21,1,1,0,0.000488,0.999982,logprobs,Novita
15401,-81,23,1,1,0,2.4e-05,0.999996,logprobs,Novita
15402,-81,25,1,1,0,1e-06,0.999999,logprobs,Novita
15403,-81,27,1,1,1,0.999904,0.999994,logprobs,Novita
15404,-81,29,1,1,0,6.6e-05,0.99999,logprobs,Novita
15405,-81,31,1,1,0,1.5e-05,0.999991,logprobs,Novita
15406,-81,33,1,1,1,,,text,Novita
15407,-81,35,1,1,1,0.999979,0.999994,logprobs,Novita
15408,-81,37,1,1,1,0.999999,0.999997,logprobs,Novita
15409,-81,39,1,1,1,0.999842,0.999974,logprobs,Novita
15410,-81,41,1,1,1,0.999994,0.999988,logprobs,Novita
15411,-81,43,1,1,0,2.1e-05,0.999998,logprobs,Novita
15412,-81,45,1,1,0,5e-06,0.999998,logprobs,Novita
15413,-81,47,1,1,0,1.7e-05,0.999996,logprobs,Novita
15414,-81,49,1,1,1,,,text,Novita
15415,-81,51,1,1,0,1.3e-05,0.999997,logprobs,Novita
15416,-81,53,1,1,0,0,0.999999,logprobs,Novita
15417,-81,55,1,1,0,2e-06,0.999997,logprobs,Novita
15418,-81,57,1,1,0,0,0.999999,logprobs,Novita
15419,-81,59,1,1,0,,,text,Novita
15420,-81,61,1,1,0,3e-06,0.999998,logprobs,Novita
15421,-81,63,1,1,0,1e-06,0.999998,logprobs,Novita
15422,-81,65,1,1,0,,,text,Novita
15423,-81,67,1,1,0,1e-06,0.999998,logprobs,Novita
15424,-81,69,1,1,0,2e-06,0.999997,logprobs,Novita
15425,-81,71,1,1,0,,,text,Novita
15426,-81,73,1,1,0,9e-06,0.999996,logprobs,Novita
15427,-81,75,1,1,0,5e-06,0.999996,logprobs,Novita
15428,-81,77,1,1,0,3.1e-05,0.999994,logprobs,Novita
15429,-81,79,1,1,0,6e-06,0.999998,logprobs,Novita
15430,-81,81,1,1,0,1.3e-05,0.999997,logprobs,Novita
15431,-81,83,1,1,0,2e-06,0.999998,logprobs,Novita
15432,-81,85,1,1,0,,,text,Novita
15433,-81,87,1,1,0,2.8e-05,0.999991,logprobs,Novita
15434,-81,89,1,1,0,2e-06,0.999999,logprobs,Novita
15435,-81,91,1,1,0,2.4e-05,0.999997,logprobs,Novita
15436,-81,93,1,1,0,,,text,Novita
15437,-81,95,1,1,0,,,text,Novita
15438,-81,97,1,1,0,,,text,Novita
15439,-81,99,1,1,0,0.001032,0.999928,logprobs,Novita
15440,-81,101,1,1,0,0.001169,0.999906,logprobs,Novita
15441,-81,103,1,1,0,0.000804,0.999976,logprobs,Novita
15442,-81,105,1,1,1,0.99593,0.999948,logprobs,Novita
15443,-81,107,1,1,0,4.5e-05,0.999989,logprobs,Novita
15444,-81,109,1,1,0,5.1e-05,0.999983,logprobs,Novita
15445,-81,111,1,1,0,,,text,Novita
15446,-81,113,1,1,0,0.000431,0.999882,logprobs,Novita
15447,-81,115,1,1,0,0.005911,0.99984,logprobs,Novita
15448,-81,117,1,1,1,0.999842,0.999989,logprobs,Novita
15449,-81,119,1,1,0,1.5e-05,0.999997,logprobs,Novita
15450,-81,121,1,1,0,0.000203,0.999977,logprobs,Novita
15451,-81,123,1,1,0,,,text,Novita
15452,-81,125,1,1,0,7e-06,0.999996,logprobs,Novita
15453,-81,127,1,1,0,0.000109,0.999985,logprobs,Novita
15454,-81,129,1,1,0,9.6e-05,0.999893,logprobs,Novita
15455,-81,131,1,1,0,3e-06,0.999991,logprobs,Novita
15456,-81,133,1,1,0,4e-05,0.999985,logprobs,Novita
15457,-81,135,1,1,0,0.001501,0.999949,logprobs,Novita
15458,-81,137,1,1,0,1.5e-05,0.999995,logprobs,Novita
15459,-81,139,1,1,0,,,text,Novita
15460,-81,141,1,1,0,0.005911,0.99981,logprobs,Novita
15461,-81,143,1,1,0,0.000123,0.999991,logprobs,Novita
15462,-81,145,1,1,0,7.5e-05,0.999995,logprobs,Novita
15463,-81,147,1,1,0,5.1e-05,0.999972,logprobs,Novita
15464,-81,149,1,1,0,9.6e-05,0.999983,logprobs,Novita
15465,-81,151,1,1,0,2.8e-05,0.999987,logprobs,Novita
15466,-81,153,1,1,0,0.000123,0.999996,logprobs,Novita
15467,-81,155,1,1,0,0.001927,0.999655,logprobs,Novita
15468,-81,157,1,1,0,0.002475,0.999871,logprobs,Novita
15469,-81,159,1,1,0,6e-06,0.999994,logprobs,Novita
15470,-81,161,0,0,0,,,text,Novita
15471,-81,163,0,0,0,0.002801,0.999911,logprobs,Novita
15472,-81,165,0,0,0,0.000158,0.999925,logprobs,Novita
15473,-81,167,0,0,0,2.1e-05,0.999996,logprobs,Novita
15474,-81,169,0,0,0,0.000261,0.999949,logprobs,Novita
15475,-81,171,0,0,0,3.1e-05,0.999993,logprobs,Novita
15476,-81,173,0,0,0,0.00018,0.99998,logprobs,Novita
15477,-81,175,0,0,0,,,text,Novita
15478,-81,177,0,0,0,4e-06,0.999996,logprobs,Novita
15479,-81,179,0,0,0,1.7e-05,0.999992,logprobs,Novita
15480,-83,-179,0,0,1,0.999797,0.999977,logprobs,Novita
15481,-83,-177,0,0,0,8.5e-05,0.999964,logprobs,Novita
15482,-83,-175,0,0,0,4e-06,0.999987,logprobs,Novita
15483,-83,-173,0,0,0,0.00038,0.999911,logprobs,Novita
15484,-83,-171,0,0,0,1e-05,0.999997,logprobs,Novita
15485,-83,-169,0,0,0,0,0.999999,logprobs,Novita
15486,-83,-167,0,0,0,2e-06,0.999993,logprobs,Novita
15487,-83,-165,0,0,0,,,text,Novita
15488,-83,-163,0,0,0,2.1e-05,0.999982,logprobs,Novita
15489,-83,-161,0,0,0,0,0.999999,logprobs,Novita
15490,-83,-159,0,0,0,,,text,Novita
15491,-83,-157,0,0,0,0,0.999999,logprobs,Novita
15492,-83,-155,1,1,0,0.00407,0.999914,logprobs,Novita
15493,-83,-153,1,1,0,3e-06,0.999996,logprobs,Novita
15494,-83,-151,1,1,0,0.001501,0.999927,logprobs,Novita
15495,-83,-149,1,1,0,7e-06,0.999994,logprobs,Novita
15496,-83,-147,1,1,0,3e-06,0.999995,logprobs,Novita
15497,-83,-145,1,1,0,8.5e-05,0.999941,logprobs,Novita
15498,-83,-143,1,1,0,0,0.999999,logprobs,Novita
15499,-83,-141,1,1,0,9.6e-05,0.999989,logprobs,Novita
15500,-83,-139,1,1,0,0.001032,0.999857,logprobs,Novita
15501,-83,-137,1,1,0,0.000626,0.999948,logprobs,Novita
15502,-83,-135,1,1,0,0.000109,0.999982,logprobs,Novita
15503,-83,-133,1,1,0,0.001326,0.999881,logprobs,Novita
15504,-83,-131,1,1,0,4.5e-05,0.999993,logprobs,Novita
15505,-83,-129,1,1,0,2.1e-05,0.999999,logprobs,Novita
15506,-83,-127,1,1,0,9.6e-05,0.999994,logprobs,Novita
15507,-83,-125,1,1,0,0.000488,0.999976,logprobs,Novita
15508,-83,-123,1,1,0,0.000158,0.999934,logprobs,Novita
15509,-83,-121,1,1,0,0.00038,0.999886,logprobs,Novita
15510,-83,-119,1,1,1,,,text,Novita
15511,-83,-117,1,1,0,0.000296,0.999995,logprobs,Novita
15512,-83,-115,1,1,0,0.002472,0.999808,logprobs,Novita
15513,-83,-113,1,1,0,0.000431,0.999938,logprobs,Novita
15514,-83,-111,1,1,0,0.000261,0.999993,logprobs,Novita
15515,-83,-109,1,1,0,1.9e-05,0.999995,logprobs,Novita
15516,-83,-107,1,1,0,0.00038,0.999994,logprobs,Novita
15517,-83,-105,1,1,1,0.999089,0.999983,logprobs,Novita
15518,-83,-103,1,1,0,0.000335,0.999988,logprobs,Novita
15519,-83,-101,1,1,0,,,text,Novita
15520,-83,-99,1,1,0,8e-06,0.999993,logprobs,Novita
15521,-83,-97,1,1,0,0.00071,0.999972,logprobs,Novita
15522,-83,-95,1,1,0,1.3e-05,0.99999,logprobs,Novita
15523,-83,-93,1,1,0,,,text,Novita
15524,-83,-91,1,1,0,,,text,Novita
15525,-83,-89,1,1,1,0.999739,0.999988,logprobs,Novita
15526,-83,-87,1,1,1,0.999976,0.999991,logprobs,Novita
15527,-83,-85,1,1,1,,,text,Novita
15528,-83,-83,1,1,1,0.999915,0.999991,logprobs,Novita
15529,-83,-81,1,1,0,,,text,Novita
15530,-83,-79,1,1,0,0.000158,0.999994,logprobs,Novita
15531,-83,-77,1,1,0,3.1e-05,0.999995,logprobs,Novita
15532,-83,-75,1,1,0,0,0.999999,logprobs,Novita
15533,-83,-73,1,1,0,0,0.999999,logprobs,Novita
15534,-83,-71,1,1,0,2.4e-05,0.999996,logprobs,Novita
15535,-83,-69,1,1,0,2e-06,0.999998,logprobs,Novita
15536,-83,-67,1,1,0,,,text,Novita
15537,-83,-65,1,1,0,1e-06,0.999992,logprobs,Novita
15538,-83,-63,1,1,0,0,0.999999,logprobs,Novita
15539,-83,-61,0,0,0,1e-06,0.999998,logprobs,Novita
15540,-83,-59,0,0,0,,,text,Novita
15541,-83,-57,1,1,0,0,1,logprobs,Novita
15542,-83,-55,1,1,1,0.99929,0.999985,logprobs,Novita
15543,-83,-53,1,1,0,0,0.999999,logprobs,Novita
15544,-83,-51,1,1,0,,,text,Novita
15545,-83,-49,1,1,0,1e-06,0.999999,logprobs,Novita
15546,-83,-47,1,1,0,3e-06,0.999998,logprobs,Novita
15547,-83,-45,1,1,0,0,0.999999,logprobs,Novita
15548,-83,-43,1,1,0,,,text,Novita
15549,-83,-41,1,1,0,1e-06,0.999999,logprobs,Novita
15550,-83,-39,1,1,0,3e-06,0.999997,logprobs,Novita
15551,-83,-37,1,1,0,2e-06,0.999998,logprobs,Novita
15552,-83,-35,1,1,1,0.999972,0.999998,logprobs,Novita
15553,-83,-33,1,1,1,0.99999,0.999997,logprobs,Novita
15554,-83,-31,1,1,0,,,text,Novita
15555,-83,-29,1,1,0,1e-05,0.999994,logprobs,Novita
15556,-83,-27,1,1,0,1e-06,0.999999,logprobs,Novita
15557,-83,-25,1,1,0,2e-06,0.999997,logprobs,Novita
15558,-83,-23,1,1,0,,,text,Novita
15559,-83,-21,1,1,0,,,text,Novita
15560,-83,-19,1,1,0,0,1,logprobs,Novita
15561,-83,-17,1,1,0,3e-06,0.999998,logprobs,Novita
15562,-83,-15,1,1,0,1e-06,0.999998,logprobs,Novita
15563,-83,-13,1,1,0,,,text,Novita
15564,-83,-11,1,1,0,,,text,Novita
15565,-83,-9,1,1,0,2e-06,0.999998,logprobs,Novita
15566,-83,-7,1,1,0,,,text,Novita
15567,-83,-5,1,1,0,1e-06,1,logprobs,Novita
15568,-83,-3,1,1,0,5e-06,0.999998,logprobs,Novita
15569,-83,-1,1,1,0,4.5e-05,0.999995,logprobs,Novita
15570,-83,1,1,1,0,2e-06,0.999997,logprobs,Novita
15571,-83,3,1,1,0,1e-06,0.999999,logprobs,Novita
15572,-83,5,1,1,0,9e-06,0.999998,logprobs,Novita
15573,-83,7,1,1,0,1.3e-05,0.999998,logprobs,Novita
15574,-83,9,1,1,0,9.6e-05,0.999992,logprobs,Novita
15575,-83,11,1,1,0,1e-06,0.999996,logprobs,Novita
15576,-83,13,1,1,0,4e-06,0.999997,logprobs,Novita
15577,-83,15,1,1,0,3e-06,0.999999,logprobs,Novita
15578,-83,17,1,1,0,,,text,Novita
15579,-83,19,1,1,0,0,0.999999,logprobs,Novita
15580,-83,21,1,1,0,0,0.999999,logprobs,Novita
15581,-83,23,1,1,0,5e-06,0.999996,logprobs,Novita
15582,-83,25,1,1,0,1e-06,0.999999,logprobs,Novita
15583,-83,27,1,1,1,0.999904,0.999994,logprobs,Novita
15584,-83,29,1,1,0,2e-06,0.999994,logprobs,Novita
15585,-83,31,1,1,0,,,text,Novita
15586,-83,33,1,1,0,,,text,Novita
15587,-83,35,1,1,1,1,1,logprobs,Novita
15588,-83,37,1,1,1,0.974044,0.999961,logprobs,Novita
15589,-83,39,1,1,1,0.999998,0.999991,logprobs,Novita
15590,-83,41,1,1,1,0.999999,0.999998,logprobs,Novita
15591,-83,43,1,1,1,0.996407,0.99997,logprobs,Novita
15592,-83,45,1,1,0,3.5e-05,0.999998,logprobs,Novita
15593,-83,47,1,1,1,0.999915,0.999984,logprobs,Novita
15594,-83,49,1,1,0,1e-06,0.999999,logprobs,Novita
15595,-83,51,1,1,0,6e-06,0.99999,logprobs,Novita
15596,-83,53,1,1,0,3e-06,0.999996,logprobs,Novita
15597,-83,55,1,1,0,,,text,Novita
15598,-83,57,1,1,0,,,text,Novita
15599,-83,59,1,1,0,2e-06,0.999999,logprobs,Novita
15600,-83,61,1,1,0,1e-06,0.999996,logprobs,Novita
15601,-83,63,1,1,0,0,1,logprobs,Novita
15602,-83,65,1,1,1,0.999904,0.999972,logprobs,Novita
15603,-83,67,1,1,0,3e-06,0.999997,logprobs,Novita
15604,-83,69,1,1,0,,,text,Novita
15605,-83,71,1,1,0,2e-06,0.999999,logprobs,Novita
15606,-83,73,1,1,0,2e-06,0.999997,logprobs,Novita
15607,-83,75,1,1,0,9e-06,0.999996,logprobs,Novita
15608,-83,77,1,1,0,,,text,Novita
15609,-83,79,1,1,0,,,text,Novita
15610,-83,81,1,1,0,0,0.999998,logprobs,Novita
15611,-83,83,1,1,0,1.3e-05,0.999985,logprobs,Novita
15612,-83,85,1,1,0,1.7e-05,0.999991,logprobs,Novita
15613,-83,87,1,1,0,,,text,Novita
15614,-83,89,1,1,0,,,text,Novita
15615,-83,91,1,1,1,0.999089,0.999994,logprobs,Novita
15616,-83,93,1,1,0,5e-06,0.999998,logprobs,Novita
15617,-83,95,1,1,0,0.00117,0.999988,logprobs,Novita
15618,-83,97,1,1,0,0.000231,0.999988,logprobs,Novita
15619,-83,99,1,1,0,0.001701,0.999885,logprobs,Novita
15620,-83,101,1,1,0,,,text,Novita
15621,-83,103,1,1,0,0.001501,0.999977,logprobs,Novita
15622,-83,105,1,1,0,0.00407,0.999948,logprobs,Novita
15623,-83,107,1,1,0,0.00014,0.99999,logprobs,Novita
15624,-83,109,1,1,0,4.5e-05,0.999995,logprobs,Novita
15625,-83,111,1,1,0,8.5e-05,0.999986,logprobs,Novita
15626,-83,113,1,1,0,,,text,Novita
15627,-83,115,1,1,0,0.00014,0.999964,logprobs,Novita
15628,-83,117,1,1,0,6e-06,0.999998,logprobs,Novita
15629,-83,119,1,1,0,0.000488,0.999987,logprobs,Novita
15630,-83,121,1,1,0,1.9e-05,0.999991,logprobs,Novita
15631,-83,123,1,1,0,1.1e-05,0.999989,logprobs,Novita
15632,-83,125,1,1,0,1.7e-05,0.99998,logprobs,Novita
15633,-83,127,1,1,1,,,text,Novita
15634,-83,129,1,1,0,0.00038,0.999976,logprobs,Novita
15635,-83,131,1,1,0,0.000804,0.999978,logprobs,Novita
15636,-83,133,1,1,0,1.1e-05,0.999994,logprobs,Novita
15637,-83,135,1,1,0,0.000123,0.999964,logprobs,Novita
15638,-83,137,1,1,0,0.001325,0.999509,logprobs,Novita
15639,-83,139,1,1,0,0.001928,0.999839,logprobs,Novita
15640,-83,141,1,1,0,8e-06,0.999996,logprobs,Novita
15641,-83,143,1,1,1,0.999374,0.999943,logprobs,Novita
15642,-83,145,1,1,0,0.000109,0.99999,logprobs,Novita
15643,-83,147,1,1,0,3e-06,0.999989,logprobs,Novita
15644,-83,149,1,1,0,0.000296,0.999959,logprobs,Novita
15645,-83,151,1,1,0,0.002473,0.999886,logprobs,Novita
15646,-83,153,1,1,0,2.4e-05,0.999993,logprobs,Novita
15647,-83,155,1,1,0,0.001501,0.999932,logprobs,Novita
15648,-83,157,1,1,0,0.000804,0.999983,logprobs,Novita
15649,-83,159,1,1,0,,,text,Novita
15650,-83,161,1,1,0,3.5e-05,0.99999,logprobs,Novita
15651,-83,163,1,1,0,1.7e-05,0.999996,logprobs,Novita
15652,-83,165,1,1,0,9.6e-05,0.999991,logprobs,Novita
15653,-83,167,1,1,1,0.999704,0.999934,logprobs,Novita
15654,-83,169,0,0,0,3.1e-05,0.999929,logprobs,Novita
15655,-83,171,0,0,0,4e-05,0.999943,logprobs,Novita
15656,-83,173,0,0,0,,,text,Novita
15657,-83,175,0,0,0,0.000553,0.999979,logprobs,Novita
15658,-83,177,0,0,0,1.5e-05,0.999993,logprobs,Novita
15659,-83,179,0,0,1,0.998968,0.999946,logprobs,Novita
15660,-85,-179,1,1,1,0.999842,0.999994,logprobs,Novita
15661,-85,-177,1,1,1,0.99962,0.999993,logprobs,Novita
15662,-85,-175,1,1,1,,,text,Novita
15663,-85,-173,1,1,1,0.999877,0.999989,logprobs,Novita
15664,-85,-171,1,1,1,0.999739,0.999979,logprobs,Novita
15665,-85,-169,1,1,1,0.999569,0.999994,logprobs,Novita
15666,-85,-167,1,1,0,0,0.999997,logprobs,Novita
15667,-85,-165,1,1,1,0.999842,0.999993,logprobs,Novita
15668,-85,-163,0,0,0,5e-06,0.999995,logprobs,Novita
15669,-85,-161,0,0,0,0,0.999998,logprobs,Novita
15670,-85,-159,0,0,1,,,text,Novita
15671,-85,-157,0,0,0,0.00038,0.999932,logprobs,Novita
15672,-85,-155,0,0,0,0.00018,0.999983,logprobs,Novita
15673,-85,-153,0,0,0,6.6e-05,0.999992,logprobs,Novita
15674,-85,-151,0,0,0,5.8e-05,0.999989,logprobs,Novita
15675,-85,-149,1,1,1,,,text,Novita
15676,-85,-147,1,1,1,0.999969,0.999981,logprobs,Novita
15677,-85,-145,1,1,0,3e-06,0.999993,logprobs,Novita
15678,-85,-143,1,1,1,0.999665,0.999956,logprobs,Novita
15679,-85,-141,1,1,1,0.997817,0.99996,logprobs,Novita
15680,-85,-139,1,1,1,0.999934,0.999972,logprobs,Novita
15681,-85,-137,1,1,1,0.999904,0.999978,logprobs,Novita
15682,-85,-135,1,1,0,0.000231,0.999967,logprobs,Novita
15683,-85,-133,1,1,0,9.6e-05,0.999973,logprobs,Novita
15684,-85,-131,1,1,0,0,0.999999,logprobs,Novita
15685,-85,-129,1,1,0,8.5e-05,0.999992,logprobs,Novita
15686,-85,-127,1,1,0,0.000158,0.999974,logprobs,Novita
15687,-85,-125,1,1,0,0.000553,0.999953,logprobs,Novita
15688,-85,-123,1,1,1,0.999976,0.999873,logprobs,Novita
15689,-85,-121,1,1,0,0.00071,0.999991,logprobs,Novita
15690,-85,-119,1,1,0,4.5e-05,0.999984,logprobs,Novita
15691,-85,-117,1,1,1,,,text,Novita
15692,-85,-115,1,1,0,3.1e-05,0.999989,logprobs,Novita
15693,-85,-113,1,1,1,,,text,Novita
15694,-85,-111,1,1,0,0.001701,0.999969,logprobs,Novita
15695,-85,-109,1,1,1,,,text,Novita
15696,-85,-107,1,1,0,2.1e-05,0.999995,logprobs,Novita
15697,-85,-105,1,1,0,,,text,Novita
15698,-85,-103,1,1,0,0.000626,0.999958,logprobs,Novita
15699,-85,-101,1,1,1,0.999842,0.999935,logprobs,Novita
15700,-85,-99,1,1,1,0.999969,0.999995,logprobs,Novita
15701,-85,-97,1,1,0,0.00038,0.999988,logprobs,Novita
15702,-85,-95,1,1,1,0.999842,0.99999,logprobs,Novita
15703,-85,-93,1,1,1,0.999934,0.99999,logprobs,Novita
15704,-85,-91,1,1,0,0.000553,0.999976,logprobs,Novita
15705,-85,-89,1,1,1,0.996406,0.999971,logprobs,Novita
15706,-85,-87,1,1,1,,,text,Novita
15707,-85,-85,1,1,1,0.999739,0.99999,logprobs,Novita
15708,-85,-83,1,1,1,0.998299,0.999976,logprobs,Novita
15709,-85,-81,1,1,1,0.999998,0.999995,logprobs,Novita
15710,-85,-79,1,1,0,0,1,logprobs,Novita
15711,-85,-77,1,1,0,5e-06,0.999993,logprobs,Novita
15712,-85,-75,1,1,0,1e-06,0.999999,logprobs,Novita
15713,-85,-73,1,1,0,0,0.999999,logprobs,Novita
15714,-85,-71,1,1,0,1e-06,0.999997,logprobs,Novita
15715,-85,-69,1,1,1,,,text,Novita
15716,-85,-67,1,1,0,0,0.999999,logprobs,Novita
15717,-85,-65,1,1,1,0.9983,0.999936,logprobs,Novita
15718,-85,-63,1,1,0,,,text,Novita
15719,-85,-61,1,1,0,1e-06,0.999999,logprobs,Novita
15720,-85,-59,1,1,1,,,text,Novita
15721,-85,-57,1,1,0,0,0.999999,logprobs,Novita
15722,-85,-55,1,1,0,0,0.999998,logprobs,Novita
15723,-85,-53,1,1,0,1e-06,0.999999,logprobs,Novita
15724,-85,-51,1,1,0,1e-06,0.999999,logprobs,Novita
15725,-85,-49,1,1,0,0,1,logprobs,Novita
15726,-85,-47,1,1,1,0.999877,0.999994,logprobs,Novita
15727,-85,-45,1,1,0,,,text,Novita
15728,-85,-43,1,1,0,,,text,Novita
15729,-85,-41,1,1,1,0.99999,0.99999,logprobs,Novita
15730,-85,-39,1,1,0,0,0.999997,logprobs,Novita
15731,-85,-37,1,1,0,0,0.999999,logprobs,Novita
15732,-85,-35,1,1,0,1e-06,0.999998,logprobs,Novita
15733,-85,-33,1,1,1,0.999989,0.999999,logprobs,Novita
15734,-85,-31,1,1,0,3e-06,0.999997,logprobs,Novita
15735,-85,-29,1,1,0,0,0.999999,logprobs,Novita
15736,-85,-27,1,1,0,0,0.999999,logprobs,Novita
15737,-85,-25,1,1,1,,,text,Novita
15738,-85,-23,1,1,1,0.999997,0.999993,logprobs,Novita
15739,-85,-21,1,1,0,1e-06,0.999999,logprobs,Novita
15740,-85,-19,1,1,0,0,0.999999,logprobs,Novita
15741,-85,-17,1,1,0,,,text,Novita
15742,-85,-15,1,1,0,,,text,Novita
15743,-85,-13,1,1,0,1e-06,0.999998,logprobs,Novita
15744,-85,-11,1,1,0,2.4e-05,0.999997,logprobs,Novita
15745,-85,-9,1,1,0,0,0.999999,logprobs,Novita
15746,-85,-7,1,1,0,2e-06,0.999992,logprobs,Novita
15747,-85,-5,1,1,1,0.999089,0.999983,logprobs,Novita
15748,-85,-3,1,1,1,0.999985,0.999994,logprobs,Novita
15749,-85,-1,1,1,0,7e-06,0.999996,logprobs,Novita
15750,-85,1,1,1,0,,,text,Novita
15751,-85,3,1,1,0,4e-06,0.999997,logprobs,Novita
15752,-85,5,1,1,0,2e-06,0.999999,logprobs,Novita
15753,-85,7,1,1,0,1e-06,0.999998,logprobs,Novita
15754,-85,9,1,1,0,,,text,Novita
15755,-85,11,1,1,0,,,text,Novita
15756,-85,13,1,1,0,2.1e-05,0.999997,logprobs,Novita
15757,-85,15,1,1,0,8e-06,0.999996,logprobs,Novita
15758,-85,17,1,1,0,0,0.999999,logprobs,Novita
15759,-85,19,1,1,0,1.9e-05,0.999991,logprobs,Novita
15760,-85,21,1,1,0,1e-06,0.999997,logprobs,Novita
15761,-85,23,1,1,0,0,0.999999,logprobs,Novita
15762,-85,25,1,1,0,1.5e-05,0.999997,logprobs,Novita
15763,-85,27,1,1,0,1e-06,0.999999,logprobs,Novita
15764,-85,29,1,1,0,7e-06,0.999998,logprobs,Novita
15765,-85,31,1,1,0,4e-05,0.999984,logprobs,Novita
15766,-85,33,1,1,1,0.999989,0.999997,logprobs,Novita
15767,-85,35,1,1,1,0.999996,0.999989,logprobs,Novita
15768,-85,37,1,1,1,0.999997,0.999994,logprobs,Novita
15769,-85,39,1,1,1,0.999925,0.999992,logprobs,Novita
15770,-85,41,1,1,1,0.999999,0.999999,logprobs,Novita
15771,-85,43,1,1,1,0.999955,0.999991,logprobs,Novita
15772,-85,45,1,1,0,8e-06,0.999997,logprobs,Novita
15773,-85,47,1,1,1,,,text,Novita
15774,-85,49,1,1,0,8.5e-05,0.999991,logprobs,Novita
15775,-85,51,1,1,0,7.5e-05,0.999985,logprobs,Novita
15776,-85,53,1,1,1,0.999983,0.999999,logprobs,Novita
15777,-85,55,1,1,1,0.999999,0.999999,logprobs,Novita
15778,-85,57,1,1,0,5e-06,0.999996,logprobs,Novita
15779,-85,59,1,1,0,0,0.999998,logprobs,Novita
15780,-85,61,1,1,0,1.1e-05,0.999993,logprobs,Novita
15781,-85,63,1,1,0,,,text,Novita
15782,-85,65,1,1,0,0,0.999999,logprobs,Novita
15783,-85,67,1,1,0,1e-06,0.999999,logprobs,Novita
15784,-85,69,1,1,0,6e-06,0.999998,logprobs,Novita
15785,-85,71,1,1,0,9e-06,0.999999,logprobs,Novita
15786,-85,73,1,1,0,,,text,Novita
15787,-85,75,1,1,0,2.4e-05,0.999978,logprobs,Novita
15788,-85,77,1,1,0,0.000109,0.999995,logprobs,Novita
15789,-85,79,1,1,0,3e-06,0.999994,logprobs,Novita
15790,-85,81,1,1,0,,,text,Novita
15791,-85,83,1,1,0,,,text,Novita
15792,-85,85,1,1,0,7e-06,0.999976,logprobs,Novita
15793,-85,87,1,1,0,2e-06,0.999995,logprobs,Novita
15794,-85,89,1,1,0,0.000553,0.999983,logprobs,Novita
15795,-85,91,1,1,0,1.7e-05,0.999992,logprobs,Novita
15796,-85,93,1,1,1,0.999665,0.999984,logprobs,Novita
15797,-85,95,1,1,1,0.999512,0.999969,logprobs,Novita
15798,-85,97,1,1,0,,,text,Novita
15799,-85,99,1,1,0,0.002801,0.99997,logprobs,Novita
15800,-85,101,1,1,0,0.00407,0.999913,logprobs,Novita
15801,-85,103,1,1,0,4e-06,0.999994,logprobs,Novita
15802,-85,105,1,1,1,0.997199,0.999957,logprobs,Novita
15803,-85,107,1,1,1,0.999972,0.999996,logprobs,Novita
15804,-85,109,1,1,1,0.99929,0.999973,logprobs,Novita
15805,-85,111,1,1,0,,,text,Novita
15806,-85,113,1,1,0,,,text,Novita
15807,-85,115,1,1,0,0.014065,0.999879,logprobs,Novita
15808,-85,117,1,1,0,0,0.999999,logprobs,Novita
15809,-85,119,1,1,0,0,0.999999,logprobs,Novita
15810,-85,121,1,1,0,0.002183,0.999909,logprobs,Novita
15811,-85,123,1,1,0,,,text,Novita
15812,-85,125,1,1,0,1e-06,0.999996,logprobs,Novita
15813,-85,127,1,1,0,5.1e-05,0.999973,logprobs,Novita
15814,-85,129,1,1,0,0.002474,0.99982,logprobs,Novita
15815,-85,131,1,1,0,1.5e-05,0.999991,logprobs,Novita
15816,-85,133,1,1,0,0.000488,0.999957,logprobs,Novita
15817,-85,135,1,1,0,0.000911,0.999881,logprobs,Novita
15818,-85,137,1,1,0,6.6e-05,0.999988,logprobs,Novita
15819,-85,139,1,1,0,,,text,Novita
15820,-85,141,1,1,1,0.999891,0.999971,logprobs,Novita
15821,-85,143,1,1,0,5.1e-05,0.999996,logprobs,Novita
15822,-85,145,1,1,0,0.000109,0.999945,logprobs,Novita
15823,-85,147,1,1,1,0.999987,0.999993,logprobs,Novita
15824,-85,149,1,1,0,1e-06,0.999994,logprobs,Novita
15825,-85,151,1,1,0,,,text,Novita
15826,-85,153,1,1,0,6e-06,0.999979,logprobs,Novita
15827,-85,155,1,1,0,1.7e-05,0.999988,logprobs,Novita
15828,-85,157,1,1,1,,,text,Novita
15829,-85,159,1,1,1,,,text,Novita
15830,-85,161,1,1,1,0.999965,0.999952,logprobs,Novita
15831,-85,163,1,1,0,1e-06,0.999999,logprobs,Novita
15832,-85,165,1,1,1,,,text,Novita
15833,-85,167,1,1,1,0.999196,0.99995,logprobs,Novita
15834,-85,169,1,1,0,0.00038,0.999992,logprobs,Novita
15835,-85,171,1,1,1,0.999925,0.999978,logprobs,Novita
15836,-85,173,1,1,0,0.00018,0.99998,logprobs,Novita
15837,-85,175,1,1,1,,,text,Novita
15838,-85,177,1,1,1,0.998968,0.999947,logprobs,Novita
15839,-85,179,1,1,1,0.999569,0.999992,logprobs,Novita
15840,-87,-179,1,1,1,0.999995,0.999999,logprobs,Novita
15841,-87,-177,1,1,1,,,text,Novita
15842,-87,-175,1,1,0,4e-06,0.999997,logprobs,Novita
15843,-87,-173,1,1,0,0.000109,0.999983,logprobs,Novita
15844,-87,-171,1,1,0,0.000431,0.999952,logprobs,Novita
15845,-87,-169,1,1,0,5.1e-05,0.999991,logprobs,Novita
15846,-87,-167,1,1,1,0.999925,0.999975,logprobs,Novita
15847,-87,-165,1,1,0,0.000911,0.999941,logprobs,Novita
15848,-87,-163,1,1,0,6e-06,0.999998,logprobs,Novita
15849,-87,-161,1,1,0,,,text,Novita
15850,-87,-159,1,1,0,,,text,Novita
15851,-87,-157,1,1,0,,,text,Novita
15852,-87,-155,1,1,0,0.000261,0.99998,logprobs,Novita
15853,-87,-153,1,1,0,4e-06,0.999994,logprobs,Novita
15854,-87,-151,1,1,0,0.000553,0.9998,logprobs,Novita
15855,-87,-149,1,1,0,,,text,Novita
15856,-87,-147,1,1,0,0.000158,0.999982,logprobs,Novita
15857,-87,-145,1,1,1,0.999089,0.999995,logprobs,Novita
15858,-87,-143,1,1,0,0.00018,0.999984,logprobs,Novita
15859,-87,-141,1,1,0,1e-05,0.999992,logprobs,Novita
15860,-87,-139,1,1,0,0.000231,0.999913,logprobs,Novita
15861,-87,-137,1,1,0,0.000553,0.999973,logprobs,Novita
15862,-87,-135,1,1,1,0.999972,0.999992,logprobs,Novita
15863,-87,-133,1,1,0,,,text,Novita
15864,-87,-131,1,1,0,0.000431,0.999844,logprobs,Novita
15865,-87,-129,1,1,0,0.001032,0.99984,logprobs,Novita
15866,-87,-127,1,1,0,9.6e-05,0.99998,logprobs,Novita
15867,-87,-125,1,1,0,,,text,Novita
15868,-87,-123,1,1,0,0.002183,0.999927,logprobs,Novita
15869,-87,-121,1,1,0,0.000261,0.999976,logprobs,Novita
15870,-87,-119,1,1,0,4.5e-05,0.999998,logprobs,Novita
15871,-87,-117,1,1,0,0.000231,0.999959,logprobs,Novita
15872,-87,-115,1,1,1,0.998073,0.999956,logprobs,Novita
15873,-87,-113,1,1,0,0.000431,0.999871,logprobs,Novita
15874,-87,-111,1,1,1,0.99593,0.999977,logprobs,Novita
15875,-87,-109,1,1,0,0.000109,0.99999,logprobs,Novita
15876,-87,-107,1,1,1,,,text,Novita
15877,-87,-105,1,1,1,0.999739,0.999963,logprobs,Novita
15878,-87,-103,1,1,0,0.000488,0.999979,logprobs,Novita
15879,-87,-101,1,1,0,0.000203,0.999961,logprobs,Novita
15880,-87,-99,1,1,0,3e-06,0.999992,logprobs,Novita
15881,-87,-97,1,1,0,,,text,Novita
15882,-87,-95,1,1,1,,,text,Novita
15883,-87,-93,1,1,1,0.99962,0.999964,logprobs,Novita
15884,-87,-91,1,1,0,0.000231,0.999995,logprobs,Novita
15885,-87,-89,1,1,1,0.999569,0.99998,logprobs,Novita
15886,-87,-87,1,1,1,0.999665,0.999988,logprobs,Novita
15887,-87,-85,1,1,1,0.999915,0.999982,logprobs,Novita
15888,-87,-83,1,1,0,0,0.999999,logprobs,Novita
15889,-87,-81,1,1,0,3e-06,0.999992,logprobs,Novita
15890,-87,-79,1,1,1,,,text,Novita
15891,-87,-77,1,1,0,0,0.999998,logprobs,Novita
15892,-87,-75,1,1,0,9e-06,0.999997,logprobs,Novita
15893,-87,-73,1,1,0,0,1,logprobs,Novita
15894,-87,-71,1,1,0,,,text,Novita
15895,-87,-69,1,1,0,8e-06,0.999975,logprobs,Novita
15896,-87,-67,1,1,0,,,text,Novita
15897,-87,-65,1,1,1,0.999569,0.999983,logprobs,Novita
15898,-87,-63,1,1,0,0,0.999999,logprobs,Novita
15899,-87,-61,1,1,0,0,0.999999,logprobs,Novita
15900,-87,-59,1,1,0,0,0.999998,logprobs,Novita
15901,-87,-57,1,1,0,0,0.999999,logprobs,Novita
15902,-87,-55,1,1,0,0,0.999998,logprobs,Novita
15903,-87,-53,1,1,0,0,0.999999,logprobs,Novita
15904,-87,-51,1,1,0,,,text,Novita
15905,-87,-49,1,1,0,0,0.999998,logprobs,Novita
15906,-87,-47,1,1,0,1e-06,0.999998,logprobs,Novita
15907,-87,-45,1,1,0,3e-06,0.999999,logprobs,Novita
15908,-87,-43,1,1,0,0,0.999999,logprobs,Novita
15909,-87,-41,1,1,0,0,1,logprobs,Novita
15910,-87,-39,1,1,0,1e-06,0.999999,logprobs,Novita
15911,-87,-37,1,1,0,2e-06,0.999999,logprobs,Novita
15912,-87,-35,1,1,0,,,text,Novita
15913,-87,-33,1,1,0,,,text,Novita
15914,-87,-31,1,1,0,,,text,Novita
15915,-87,-29,1,1,0,1e-06,0.999997,logprobs,Novita
15916,-87,-27,1,1,0,1e-06,0.999999,logprobs,Novita
15917,-87,-25,1,1,0,0,1,logprobs,Novita
15918,-87,-23,1,1,1,0.999989,0.999996,logprobs,Novita
15919,-87,-21,1,1,0,4e-06,0.999997,logprobs,Novita
15920,-87,-19,1,1,0,,,text,Novita
15921,-87,-17,1,1,0,9e-06,0.999997,logprobs,Novita
15922,-87,-15,1,1,0,1.1e-05,0.999998,logprobs,Novita
15923,-87,-13,1,1,0,0,0.999997,logprobs,Novita
15924,-87,-11,1,1,0,1e-06,0.999997,logprobs,Novita
15925,-87,-9,1,1,0,,,text,Novita
15926,-87,-7,1,1,0,,,text,Novita
15927,-87,-5,1,1,0,6e-06,0.999998,logprobs,Novita
15928,-87,-3,1,1,0,1e-05,0.999997,logprobs,Novita
15929,-87,-1,1,1,0,5e-06,0.999995,logprobs,Novita
15930,-87,1,1,1,0,3e-06,0.999995,logprobs,Novita
15931,-87,3,1,1,0,3e-06,0.999996,logprobs,Novita
15932,-87,5,1,1,0,0,0.999999,logprobs,Novita
15933,-87,7,1,1,0,3e-06,0.999995,logprobs,Novita
15934,-87,9,1,1,0,0,0.999999,logprobs,Novita
15935,-87,11,1,1,0,2e-06,0.999998,logprobs,Novita
15936,-87,13,1,1,0,0,1,logprobs,Novita
15937,-87,15,1,1,0,8e-06,0.999999,logprobs,Novita
15938,-87,17,1,1,0,1e-06,0.999999,logprobs,Novita
15939,-87,19,1,1,0,,,text,Novita
15940,-87,21,1,1,0,2.1e-05,0.999994,logprobs,Novita
15941,-87,23,1,1,0,1.3e-05,0.999994,logprobs,Novita
15942,-87,25,1,1,0,3e-06,0.999998,logprobs,Novita
15943,-87,27,1,1,0,,,text,Novita
15944,-87,29,1,1,0,0,1,logprobs,Novita
15945,-87,31,1,1,0,0,1,logprobs,Novita
15946,-87,33,1,1,1,0.999998,0.999998,logprobs,Novita
15947,-87,35,1,1,1,0.999969,0.999998,logprobs,Novita
15948,-87,37,1,1,0,1e-06,0.999999,logprobs,Novita
15949,-87,39,1,1,1,0.999739,0.999994,logprobs,Novita
15950,-87,41,1,1,1,0.999969,0.999993,logprobs,Novita
15951,-87,43,1,1,0,6e-06,0.999997,logprobs,Novita
15952,-87,45,1,1,1,0.999999,0.999998,logprobs,Novita
15953,-87,47,1,1,1,,,text,Novita
15954,-87,49,1,1,0,,,text,Novita
15955,-87,51,1,1,1,,,text,Novita
15956,-87,53,1,1,1,0.999925,0.999998,logprobs,Novita
15957,-87,55,1,1,0,1e-06,0.999999,logprobs,Novita
15958,-87,57,1,1,1,0.999196,0.99999,logprobs,Novita
15959,-87,59,1,1,0,7e-06,0.999995,logprobs,Novita
15960,-87,61,1,1,0,1.9e-05,0.999998,logprobs,Novita
15961,-87,63,1,1,0,0,1,logprobs,Novita
15962,-87,65,1,1,0,1e-06,0.999999,logprobs,Novita
15963,-87,67,1,1,0,3e-06,0.999994,logprobs,Novita
15964,-87,69,1,1,0,2e-06,0.999996,logprobs,Novita
15965,-87,71,1,1,0,0.000158,0.999993,logprobs,Novita
15966,-87,73,1,1,0,1.9e-05,0.999996,logprobs,Novita
15967,-87,75,1,1,0,1.5e-05,0.999998,logprobs,Novita
15968,-87,77,1,1,0,4e-05,0.999996,logprobs,Novita
15969,-87,79,1,1,1,0.999196,0.999988,logprobs,Novita
15970,-87,81,1,1,0,,,text,Novita
15971,-87,83,1,1,0,,,text,Novita
15972,-87,85,1,1,0,0,0.999997,logprobs,Novita
15973,-87,87,1,1,0,1.9e-05,0.999997,logprobs,Novita
15974,-87,89,1,1,0,3e-06,0.999998,logprobs,Novita
15975,-87,91,1,1,0,0.001501,0.999841,logprobs,Novita
15976,-87,93,1,1,0,,,text,Novita
15977,-87,95,1,1,0,7e-06,0.999995,logprobs,Novita
15978,-87,97,1,1,0,,,text,Novita
15979,-87,99,1,1,0,0.002473,0.999821,logprobs,Novita
15980,-87,101,1,1,0,0.000109,0.99999,logprobs,Novita
15981,-87,103,1,1,0,0.000335,0.999925,logprobs,Novita
15982,-87,105,1,1,0,,,text,Novita
15983,-87,107,1,1,1,0.999447,0.99999,logprobs,Novita
15984,-87,109,1,1,0,2e-06,0.999998,logprobs,Novita
15985,-87,111,1,1,0,0.001501,0.999807,logprobs,Novita
15986,-87,113,1,1,1,0.999374,0.999978,logprobs,Novita
15987,-87,115,1,1,0,0.002801,0.999918,logprobs,Novita
15988,-87,117,1,1,0,0.003594,0.999906,logprobs,Novita
15989,-87,119,1,1,0,3e-06,0.999996,logprobs,Novita
15990,-87,121,1,1,0,0.00071,0.999953,logprobs,Novita
15991,-87,123,1,1,1,0.99986,0.999988,logprobs,Novita
15992,-87,125,1,1,0,,,text,Novita
15993,-87,127,1,1,0,0.000431,0.999902,logprobs,Novita
15994,-87,129,1,1,0,0.007577,0.999919,logprobs,Novita
15995,-87,131,1,1,0,,,text,Novita
15996,-87,133,1,1,0,0,0.999999,logprobs,Novita
15997,-87,135,1,1,0,1.3e-05,0.999992,logprobs,Novita
15998,-87,137,1,1,0,0.000231,0.999985,logprobs,Novita
15999,-87,139,1,1,0,0.001032,0.99996,logprobs,Novita
16000,-87,141,1,1,0,0,1,logprobs,Novita
16001,-87,143,1,1,0,0.000626,0.999975,logprobs,Novita
16002,-87,145,1,1,0,0.000911,0.99994,logprobs,Novita
16003,-87,147,1,1,1,,,text,Novita
16004,-87,149,1,1,0,0.00018,0.999975,logprobs,Novita
16005,-87,151,1,1,0,,,text,Novita
16006,-87,153,1,1,0,0.00071,0.999979,logprobs,Novita
16007,-87,155,1,1,0,2.4e-05,0.999991,logprobs,Novita
16008,-87,157,1,1,0,4.5e-05,0.999991,logprobs,Novita
16009,-87,159,1,1,0,,,text,Novita
16010,-87,161,1,1,0,2.1e-05,0.999991,logprobs,Novita
16011,-87,163,1,1,0,,,text,Novita
16012,-87,165,1,1,0,1e-06,0.999997,logprobs,Novita
16013,-87,167,1,1,1,,,text,Novita
16014,-87,169,1,1,1,0.999512,0.999984,logprobs,Novita
16015,-87,171,1,1,0,0.000911,0.999982,logprobs,Novita
16016,-87,173,1,1,0,,,text,Novita
16017,-87,175,1,1,0,0.000488,0.999956,logprobs,Novita
16018,-87,177,1,1,0,8e-06,0.999993,logprobs,Novita
16019,-87,179,1,1,1,0.999739,0.999973,logprobs,Novita
16020,-89,-179,1,1,1,0.999739,0.999995,logprobs,Novita
16021,-89,-177,1,1,1,0.999904,0.999994,logprobs,Novita
16022,-89,-175,1,1,1,,,text,Novita
16023,-89,-173,1,1,0,4.5e-05,0.999978,logprobs,Novita
16024,-89,-171,1,1,0,9e-06,0.999973,logprobs,Novita
16025,-89,-169,1,1,0,0.000335,0.99999,logprobs,Novita
16026,-89,-167,1,1,0,,,text,Novita
16027,-89,-165,1,1,1,0.999374,0.999987,logprobs,Novita
16028,-89,-163,1,1,0,6.6e-05,0.999975,logprobs,Novita
16029,-89,-161,1,1,0,,,text,Novita
16030,-89,-159,1,1,0,0.00014,0.999973,logprobs,Novita
16031,-89,-157,1,1,1,0.999447,0.999986,logprobs,Novita
16032,-89,-155,1,1,1,0.999374,0.999906,logprobs,Novita
16033,-89,-153,1,1,1,0.999512,0.999945,logprobs,Novita
16034,-89,-151,1,1,0,5e-06,0.999995,logprobs,Novita
16035,-89,-149,1,1,1,0.999969,0.999995,logprobs,Novita
16036,-89,-147,1,1,0,5e-06,0.999983,logprobs,Novita
16037,-89,-145,1,1,1,,,text,Novita
16038,-89,-143,1,1,1,0.99986,0.999945,logprobs,Novita
16039,-89,-141,1,1,0,3.1e-05,0.999994,logprobs,Novita
16040,-89,-139,1,1,0,0.00014,0.999984,logprobs,Novita
16041,-89,-137,1,1,1,0.999904,0.999989,logprobs,Novita
16042,-89,-135,1,1,1,,,text,Novita
16043,-89,-133,1,1,0,0.000488,0.999895,logprobs,Novita
16044,-89,-131,1,1,1,0.999569,0.999925,logprobs,Novita
16045,-89,-129,1,1,0,0.000231,0.999984,logprobs,Novita
16046,-89,-127,1,1,0,0.000261,0.999874,logprobs,Novita
16047,-89,-125,1,1,0,0.00018,0.999962,logprobs,Novita
16048,-89,-123,1,1,0,5e-06,0.999993,logprobs,Novita
16049,-89,-121,1,1,0,9e-06,0.999974,logprobs,Novita
16050,-89,-119,1,1,1,0.99996,0.999995,logprobs,Novita
16051,-89,-117,1,1,0,0.003593,0.99991,logprobs,Novita
16052,-89,-115,1,1,1,,,text,Novita
16053,-89,-113,1,1,1,0.998073,0.999818,logprobs,Novita
16054,-89,-111,1,1,1,,,text,Novita
16055,-89,-109,1,1,0,0.001325,0.999875,logprobs,Novita
16056,-89,-107,1,1,1,0.99982,0.999966,logprobs,Novita
16057,-89,-105,1,1,1,0.99962,0.999925,logprobs,Novita
16058,-89,-103,1,1,1,0.999976,0.999974,logprobs,Novita
16059,-89,-101,1,1,0,0.000488,0.999906,logprobs,Novita
16060,-89,-99,1,1,0,0.003172,0.999764,logprobs,Novita
16061,-89,-97,1,1,0,8e-06,0.999988,logprobs,Novita
16062,-89,-95,1,1,0,0.000431,0.999882,logprobs,Novita
16063,-89,-93,1,1,1,,,text,Novita
16064,-89,-91,1,1,1,0.982015,0.999939,logprobs,Novita
16065,-89,-89,1,1,0,3e-06,0.999997,logprobs,Novita
16066,-89,-87,1,1,1,,,text,Novita
16067,-89,-85,1,1,1,,,text,Novita
16068,-89,-83,1,1,0,1.9e-05,0.999995,logprobs,Novita
16069,-89,-81,1,1,1,,,text,Novita
16070,-89,-79,1,1,0,0,0.999999,logprobs,Novita
16071,-89,-77,1,1,1,0.999983,0.999998,logprobs,Novita
16072,-89,-75,1,1,1,,,text,Novita
16073,-89,-73,1,1,1,0.999797,0.999984,logprobs,Novita
16074,-89,-71,1,1,0,2e-06,0.999998,logprobs,Novita
16075,-89,-69,1,1,0,0,0.999998,logprobs,Novita
16076,-89,-67,1,1,0,1.3e-05,0.999994,logprobs,Novita
16077,-89,-65,1,1,1,0.999991,0.999937,logprobs,Novita
16078,-89,-63,1,1,0,4e-06,0.999998,logprobs,Novita
16079,-89,-61,1,1,0,0,0.999999,logprobs,Novita
16080,-89,-59,1,1,0,,,text,Novita
16081,-89,-57,1,1,0,0,0.999999,logprobs,Novita
16082,-89,-55,1,1,0,,,text,Novita
16083,-89,-53,1,1,0,0,0.999998,logprobs,Novita
16084,-89,-51,1,1,0,0,0.999999,logprobs,Novita
16085,-89,-49,1,1,0,0,1,logprobs,Novita
16086,-89,-47,1,1,0,5e-06,0.999989,logprobs,Novita
16087,-89,-45,1,1,0,6e-06,0.999995,logprobs,Novita
16088,-89,-43,1,1,0,0,0.999998,logprobs,Novita
16089,-89,-41,1,1,0,2.4e-05,0.999991,logprobs,Novita
16090,-89,-39,1,1,0,0,1,logprobs,Novita
16091,-89,-37,1,1,0,0,0.999999,logprobs,Novita
16092,-89,-35,1,1,0,,,text,Novita
16093,-89,-33,1,1,1,0.999997,0.999998,logprobs,Novita
16094,-89,-31,1,1,0,3e-06,0.999989,logprobs,Novita
16095,-89,-29,1,1,0,5.1e-05,0.999997,logprobs,Novita
16096,-89,-27,1,1,0,,,text,Novita
16097,-89,-25,1,1,0,1e-06,0.999998,logprobs,Novita
16098,-89,-23,1,1,1,,,text,Novita
16099,-89,-21,1,1,0,1e-06,0.999999,logprobs,Novita
16100,-89,-19,1,1,0,2e-06,0.999996,logprobs,Novita
16101,-89,-17,1,1,0,4e-06,0.999995,logprobs,Novita
16102,-89,-15,1,1,0,,,text,Novita
16103,-89,-13,1,1,0,8e-06,0.999997,logprobs,Novita
16104,-89,-11,1,1,0,1e-06,0.999997,logprobs,Novita
16105,-89,-9,1,1,0,3e-06,0.999996,logprobs,Novita
16106,-89,-7,1,1,0,8e-06,0.999999,logprobs,Novita
16107,-89,-5,1,1,0,3e-06,0.999996,logprobs,Novita
16108,-89,-3,1,1,0,,,text,Novita
16109,-89,-1,1,1,0,,,text,Novita
16110,-89,1,1,1,0,7e-06,0.999991,logprobs,Novita
16111,-89,3,1,1,0,,,text,Novita
16112,-89,5,1,1,0,8e-06,0.999998,logprobs,Novita
16113,-89,7,1,1,1,0.999196,0.999982,logprobs,Novita
16114,-89,9,1,1,1,0.999904,0.999992,logprobs,Novita
16115,-89,11,1,1,0,1e-06,0.999997,logprobs,Novita
16116,-89,13,1,1,1,0.999196,0.999981,logprobs,Novita
16117,-89,15,1,1,0,,,text,Novita
16118,-89,17,1,1,0,5e-06,0.999997,logprobs,Novita
16119,-89,19,1,1,0,,,text,Novita
16120,-89,21,1,1,0,8e-06,0.999997,logprobs,Novita
16121,-89,23,1,1,0,0,0.999999,logprobs,Novita
16122,-89,25,1,1,0,0,0.999998,logprobs,Novita
16123,-89,27,1,1,0,1.3e-05,0.999996,logprobs,Novita
16124,-89,29,1,1,0,1.7e-05,0.999986,logprobs,Novita
16125,-89,31,1,1,0,,,text,Novita
16126,-89,33,1,1,1,0.999842,0.999997,logprobs,Novita
16127,-89,35,1,1,1,0.999987,0.999995,logprobs,Novita
16128,-89,37,1,1,1,0.999374,0.999986,logprobs,Novita
16129,-89,39,1,1,1,0.999992,0.999993,logprobs,Novita
16130,-89,41,1,1,1,0.999981,0.999996,logprobs,Novita
16131,-89,43,1,1,1,0.999739,0.999988,logprobs,Novita
16132,-89,45,1,1,1,,,text,Novita
16133,-89,47,1,1,1,0.99977,0.999984,logprobs,Novita
16134,-89,49,1,1,0,3e-06,0.999995,logprobs,Novita
16135,-89,51,1,1,1,,,text,Novita
16136,-89,53,1,1,1,,,text,Novita
16137,-89,55,1,1,1,0.999955,0.999989,logprobs,Novita
16138,-89,57,1,1,1,,,text,Novita
16139,-89,59,1,1,0,3e-06,0.999998,logprobs,Novita
16140,-89,61,1,1,0,0,0.999999,logprobs,Novita
16141,-89,63,1,1,0,1.9e-05,0.999993,logprobs,Novita
16142,-89,65,1,1,0,1e-06,0.999997,logprobs,Novita
16143,-89,67,1,1,1,0.999797,0.999987,logprobs,Novita
16144,-89,69,1,1,0,,,text,Novita
16145,-89,71,1,1,0,0,0.999999,logprobs,Novita
16146,-89,73,1,1,0,1e-06,0.999999,logprobs,Novita
16147,-89,75,1,1,0,2.8e-05,0.999993,logprobs,Novita
16148,-89,77,1,1,0,1e-06,0.999998,logprobs,Novita
16149,-89,79,1,1,0,1e-06,0.999998,logprobs,Novita
16150,-89,81,1,1,0,,,text,Novita
16151,-89,83,1,1,0,2.8e-05,0.999996,logprobs,Novita
16152,-89,85,1,1,0,4e-06,0.999987,logprobs,Novita
16153,-89,87,1,1,0,,,text,Novita
16154,-89,89,1,1,0,5.8e-05,0.999994,logprobs,Novita
16155,-89,91,1,1,0,0.000335,0.999995,logprobs,Novita
16156,-89,93,1,1,0,0.000626,0.999982,logprobs,Novita
16157,-89,95,1,1,1,0.99929,0.999983,logprobs,Novita
16158,-89,97,1,1,0,5.8e-05,0.999999,logprobs,Novita
16159,-89,99,1,1,0,0.000431,0.999986,logprobs,Novita
16160,-89,101,1,1,0,0.000335,0.99997,logprobs,Novita
16161,-89,103,1,1,0,0.000296,0.999891,logprobs,Novita
16162,-89,105,1,1,0,0.000123,0.999986,logprobs,Novita
16163,-89,107,1,1,0,,,text,Novita
16164,-89,109,1,1,0,0.000203,0.999991,logprobs,Novita
16165,-89,111,1,1,0,0.000553,0.999889,logprobs,Novita
16166,-89,113,1,1,0,,,text,Novita
16167,-89,115,1,1,0,0.00014,0.999978,logprobs,Novita
16168,-89,117,1,1,0,,,text,Novita
16169,-89,119,1,1,0,0.000626,0.999967,logprobs,Novita
16170,-89,121,1,1,0,0.000158,0.999979,logprobs,Novita
16171,-89,123,1,1,0,0.001701,0.999854,logprobs,Novita
16172,-89,125,1,1,0,0.000431,0.999967,logprobs,Novita
16173,-89,127,1,1,0,0.000203,0.999981,logprobs,Novita
16174,-89,129,1,1,1,,,text,Novita
16175,-89,131,1,1,1,0.999447,0.999939,logprobs,Novita
16176,-89,133,1,1,0,2.4e-05,0.999987,logprobs,Novita
16177,-89,135,1,1,0,3.1e-05,0.999981,logprobs,Novita
16178,-89,137,1,1,0,0.000109,0.999985,logprobs,Novita
16179,-89,139,1,1,0,0.001032,0.999821,logprobs,Novita
16180,-89,141,1,1,0,0.00522,0.999872,logprobs,Novita
16181,-89,143,1,1,0,0.000626,0.999876,logprobs,Novita
16182,-89,145,1,1,0,0.000296,0.999959,logprobs,Novita
16183,-89,147,1,1,1,,,text,Novita
16184,-89,149,1,1,0,0.000431,0.999973,logprobs,Novita
16185,-89,151,1,1,0,0.001501,0.999911,logprobs,Novita
16186,-89,153,1,1,0,1.7e-05,0.999996,logprobs,Novita
16187,-89,155,1,1,0,0.000158,0.999935,logprobs,Novita
16188,-89,157,1,1,0,9.6e-05,0.999989,logprobs,Novita
16189,-89,159,1,1,1,,,text,Novita
16190,-89,161,1,1,1,0.998968,0.999966,logprobs,Novita
16191,-89,163,1,1,1,,,text,Novita
16192,-89,165,1,1,0,0.000431,0.999929,logprobs,Novita
16193,-89,167,1,1,0,0.00018,0.999916,logprobs,Novita
16194,-89,169,1,1,0,0.001032,0.999811,logprobs,Novita
16195,-89,171,1,1,0,3e-06,0.999994,logprobs,Novita
16196,-89,173,1,1,0,,,text,Novita
16197,-89,175,1,1,0,,,text,Novita
16198,-89,177,1,1,1,0.999569,0.999964,logprobs,Novita
16199,-89,179,1,1,0,3e-06,0.999994,logprobs,Novita
