point_id,lat,lon,truth,truth_lakes,pred,p_land,mass,source,provider
0,89,-179,0,0,0,,,text,SiliconFlow
1,89,-177,0,0,0,,,text,SiliconFlow
2,89,-175,0,0,0,,,text,SiliconFlow
3,89,-173,0,0,0,,,text,SiliconFlow
4,89,-171,0,0,0,,,text,SiliconFlow
5,89,-169,0,0,0,,,text,SiliconFlow
6,89,-167,0,0,0,,,text,SiliconFlow
7,89,-165,0,0,0,,,text,SiliconFlow
8,89,-163,0,0,0,,,text,SiliconFlow
9,89,-161,0,0,0,,,text,SiliconFlow
10,89,-159,0,0,0,,,text,SiliconFlow
11,89,-157,0,0,0,,,text,SiliconFlow
12,89,-155,0,0,0,,,text,SiliconFlow
13,89,-153,0,0,0,,,text,SiliconFlow
14,89,-151,0,0,0,,,text,SiliconFlow
15,89,-149,0,0,0,,,text,SiliconFlow
16,89,-147,0,0,0,,,text,SiliconFlow
17,89,-145,0,0,0,,,text,SiliconFlow
18,89,-143,0,0,0,,,text,SiliconFlow
19,89,-141,0,0,0,,,text,SiliconFlow
20,89,-139,0,0,0,,,text,SiliconFlow
21,89,-137,0,0,0,,,text,SiliconFlow
22,89,-135,0,0,0,,,text,SiliconFlow
23,89,-133,0,0,0,,,text,SiliconFlow
24,89,-131,0,0,0,,,text,SiliconFlow
25,89,-129,0,0,0,,,text,SiliconFlow
26,89,-127,0,0,0,,,text,SiliconFlow
27,89,-125,0,0,0,,,text,SiliconFlow
28,89,-123,0,0,0,,,text,SiliconFlow
29,89,-121,0,0,0,,,text,SiliconFlow
30,89,-119,0,0,0,,,text,SiliconFlow
31,89,-117,0,0,0,,,text,SiliconFlow
32,89,-115,0,0,0,,,text,SiliconFlow
33,89,-113,0,0,0,,,text,SiliconFlow
34,89,-111,0,0,0,,,text,SiliconFlow
35,89,-109,0,0,0,,,text,SiliconFlow
36,89,-107,0,0,0,,,text,SiliconFlow
37,89,-105,0,0,0,,,text,SiliconFlow
38,89,-103,0,0,0,,,text,SiliconFlow
39,89,-101,0,0,0,,,text,SiliconFlow
40,89,-99,0,0,0,,,text,SiliconFlow
41,89,-97,0,0,0,,,text,SiliconFlow
42,89,-95,0,0,0,,,text,SiliconFlow
43,89,-93,0,0,0,,,text,SiliconFlow
44,89,-91,0,0,0,,,text,SiliconFlow
45,89,-89,0,0,0,,,text,SiliconFlow
46,89,-87,0,0,0,,,text,SiliconFlow
47,89,-85,0,0,0,,,text,SiliconFlow
48,89,-83,0,0,0,,,text,SiliconFlow
49,89,-81,0,0,0,,,text,SiliconFlow
50,89,-79,0,0,0,,,text,SiliconFlow
51,89,-77,0,0,0,,,text,SiliconFlow
52,89,-75,0,0,0,,,text,SiliconFlow
53,89,-73,0,0,0,,,text,SiliconFlow
54,89,-71,0,0,0,,,text,SiliconFlow
55,89,-69,0,0,0,,,text,SiliconFlow
56,89,-67,0,0,0,,,text,SiliconFlow
57,89,-65,0,0,0,,,text,SiliconFlow
58,89,-63,0,0,0,,,text,SiliconFlow
59,89,-61,0,0,0,,,text,SiliconFlow
60,89,-59,0,0,0,,,text,SiliconFlow
61,89,-57,0,0,0,,,text,SiliconFlow
62,89,-55,0,0,0,,,text,SiliconFlow
63,89,-53,0,0,0,,,text,SiliconFlow
64,89,-51,0,0,0,,,text,SiliconFlow
65,89,-49,0,0,0,,,text,SiliconFlow
66,89,-47,0,0,0,,,text,SiliconFlow
67,89,-45,0,0,0,,,text,SiliconFlow
68,89,-43,0,0,0,,,text,SiliconFlow
69,89,-41,0,0,0,,,text,SiliconFlow
70,89,-39,0,0,0,,,text,SiliconFlow
71,89,-37,0,0,0,,,text,SiliconFlow
72,89,-35,0,0,0,,,text,SiliconFlow
73,89,-33,0,0,0,,,text,SiliconFlow
74,89,-31,0,0,0,,,text,SiliconFlow
75,89,-29,0,0,0,,,text,SiliconFlow
76,89,-27,0,0,0,,,text,SiliconFlow
77,89,-25,0,0,0,,,text,SiliconFlow
78,89,-23,0,0,0,,,text,SiliconFlow
79,89,-21,0,0,0,,,text,SiliconFlow
80,89,-19,0,0,0,,,text,SiliconFlow
81,89,-17,0,0,0,,,text,SiliconFlow
82,89,-15,0,0,0,,,text,SiliconFlow
83,89,-13,0,0,0,,,text,SiliconFlow
84,89,-11,0,0,0,,,text,SiliconFlow
85,89,-9,0,0,0,,,text,SiliconFlow
86,89,-7,0,0,0,,,text,SiliconFlow
87,89,-5,0,0,0,,,text,SiliconFlow
88,89,-3,0,0,0,,,text,SiliconFlow
89,89,-1,0,0,0,,,text,SiliconFlow
90,89,1,0,0,0,,,text,SiliconFlow
91,89,3,0,0,0,,,text,SiliconFlow
92,89,5,0,0,0,,,text,SiliconFlow
93,89,7,0,0,0,,,text,SiliconFlow
94,89,9,0,0,0,,,text,SiliconFlow
95,89,11,0,0,0,,,text,SiliconFlow
96,89,13,0,0,0,,,text,SiliconFlow
97,89,15,0,0,0,,,text,SiliconFlow
98,89,17,0,0,0,,,text,SiliconFlow
99,89,19,0,0,0,,,text,SiliconFlow
100,89,21,0,0,0,,,text,SiliconFlow
101,89,23,0,0,0,,,text,SiliconFlow
102,89,25,0,0,1,,,text,SiliconFlow
103,89,27,0,0,1,,,text,SiliconFlow
104,89,29,0,0,1,,,text,SiliconFlow
105,89,31,0,0,1,,,text,SiliconFlow
106,89,33,0,0,0,,,text,SiliconFlow
107,89,35,0,0,1,,,text,SiliconFlow
108,89,37,0,0,1,,,text,SiliconFlow
109,89,39,0,0,1,,,text,SiliconFlow
110,89,41,0,0,0,,,text,SiliconFlow
111,89,43,0,0,0,,,text,SiliconFlow
112,89,45,0,0,0,,,text,SiliconFlow
113,89,47,0,0,0,,,text,SiliconFlow
114,89,49,0,0,0,,,text,SiliconFlow
115,89,51,0,0,0,,,text,SiliconFlow
116,89,53,0,0,0,,,text,SiliconFlow
117,89,55,0,0,0,,,text,SiliconFlow
118,89,57,0,0,0,,,text,SiliconFlow
119,89,59,0,0,0,,,text,SiliconFlow
120,89,61,0,0,0,,,text,SiliconFlow
121,89,63,0,0,0,,,text,SiliconFlow
122,89,65,0,0,0,,,text,SiliconFlow
123,89,67,0,0,0,,,text,SiliconFlow
124,89,69,0,0,0,,,text,SiliconFlow
125,89,71,0,0,0,,,text,SiliconFlow
126,89,73,0,0,0,,,text,SiliconFlow
127,89,75,0,0,0,,,text,SiliconFlow
128,89,77,0,0,0,,,text,SiliconFlow
129,89,79,0,0,0,,,text,SiliconFlow
130,89,81,0,0,0,,,text,SiliconFlow
131,89,83,0,0,0,,,text,SiliconFlow
132,89,85,0,0,0,,,text,SiliconFlow
133,89,87,0,0,0,,,text,SiliconFlow
134,89,89,0,0,0,,,text,SiliconFlow
135,89,91,0,0,0,,,text,SiliconFlow
136,89,93,0,0,0,,,text,SiliconFlow
137,89,95,0,0,0,,,text,SiliconFlow
138,89,97,0,0,0,,,text,SiliconFlow
139,89,99,0,0,0,,,text,SiliconFlow
140,89,101,0,0,0,,,text,SiliconFlow
141,89,103,0,0,0,,,text,SiliconFlow
142,89,105,0,0,0,,,text,SiliconFlow
143,89,107,0,0,0,,,text,SiliconFlow
144,89,109,0,0,0,,,text,SiliconFlow
145,89,111,0,0,0,,,text,SiliconFlow
146,89,113,0,0,0,,,text,SiliconFlow
147,89,115,0,0,0,,,text,SiliconFlow
148,89,117,0,0,0,,,text,SiliconFlow
149,89,119,0,0,0,,,text,SiliconFlow
150,89,121,0,0,0,,,text,SiliconFlow
151,89,123,0,0,0,,,text,SiliconFlow
152,89,125,0,0,0,,,text,SiliconFlow
153,89,127,0,0,0,,,text,SiliconFlow
154,89,129,0,0,0,,,text,SiliconFlow
155,89,131,0,0,0,,,text,SiliconFlow
156,89,133,0,0,0,,,text,SiliconFlow
157,89,135,0,0,0,,,text,SiliconFlow
158,89,137,0,0,0,,,text,SiliconFlow
159,89,139,0,0,0,,,text,SiliconFlow
160,89,141,0,0,0,,,text,SiliconFlow
161,89,143,0,0,0,,,text,SiliconFlow
162,89,145,0,0,0,,,text,SiliconFlow
163,89,147,0,0,0,,,text,SiliconFlow
164,89,149,0,0,0,,,text,SiliconFlow
165,89,151,0,0,0,,,text,SiliconFlow
166,89,153,0,0,0,,,text,SiliconFlow
167,89,155,0,0,0,,,text,SiliconFlow
168,89,157,0,0,0,,,text,SiliconFlow
169,89,159,0,0,0,,,text,SiliconFlow
170,89,161,0,0,0,,,text,SiliconFlow
171,89,163,0,0,0,,,text,SiliconFlow
172,89,165,0,0,0,,,text,SiliconFlow
173,89,167,0,0,0,,,text,SiliconFlow
174,89,169,0,0,0,,,text,SiliconFlow
175,89,171,0,0,0,,,text,SiliconFlow
176,89,173,0,0,0,,,text,SiliconFlow
177,89,175,0,0,0,,,text,SiliconFlow
178,89,177,0,0,0,,,text,SiliconFlow
179,89,179,0,0,0,,,text,SiliconFlow
180,87,-179,0,0,0,,,text,SiliconFlow
181,87,-177,0,0,0,,,text,SiliconFlow
182,87,-175,0,0,0,,,text,SiliconFlow
183,87,-173,0,0,0,,,text,SiliconFlow
184,87,-171,0,0,0,,,text,SiliconFlow
185,87,-169,0,0,0,,,text,SiliconFlow
186,87,-167,0,0,0,,,text,SiliconFlow
187,87,-165,0,0,0,,,text,SiliconFlow
188,87,-163,0,0,0,,,text,SiliconFlow
189,87,-161,0,0,0,,,text,SiliconFlow
190,87,-159,0,0,0,,,text,SiliconFlow
191,87,-157,0,0,0,,,text,SiliconFlow
192,87,-155,0,0,0,,,text,SiliconFlow
193,87,-153,0,0,0,,,text,SiliconFlow
194,87,-151,0,0,0,,,text,SiliconFlow
195,87,-149,0,0,0,,,text,SiliconFlow
196,87,-147,0,0,0,,,text,SiliconFlow
197,87,-145,0,0,0,,,text,SiliconFlow
198,87,-143,0,0,0,,,text,SiliconFlow
199,87,-141,0,0,0,,,text,SiliconFlow
200,87,-139,0,0,0,,,text,SiliconFlow
201,87,-137,0,0,0,,,text,SiliconFlow
202,87,-135,0,0,0,,,text,SiliconFlow
203,87,-133,0,0,0,,,text,SiliconFlow
204,87,-131,0,0,0,,,text,SiliconFlow
205,87,-129,0,0,0,,,text,SiliconFlow
206,87,-127,0,0,0,,,text,SiliconFlow
207,87,-125,0,0,0,,,text,SiliconFlow
208,87,-123,0,0,0,,,text,SiliconFlow
209,87,-121,0,0,0,,,text,SiliconFlow
210,87,-119,0,0,0,,,text,SiliconFlow
211,87,-117,0,0,0,,,text,SiliconFlow
212,87,-115,0,0,0,,,text,SiliconFlow
213,87,-113,0,0,0,,,text,SiliconFlow
214,87,-111,0,0,0,,,text,SiliconFlow
215,87,-109,0,0,0,,,text,SiliconFlow
216,87,-107,0,0,0,,,text,SiliconFlow
217,87,-105,0,0,0,,,text,SiliconFlow
218,87,-103,0,0,0,,,text,SiliconFlow
219,87,-101,0,0,0,,,text,SiliconFlow
220,87,-99,0,0,0,,,text,SiliconFlow
221,87,-97,0,0,0,,,text,SiliconFlow
222,87,-95,0,0,0,,,text,SiliconFlow
223,87,-93,0,0,0,,,text,SiliconFlow
224,87,-91,0,0,0,,,text,SiliconFlow
225,87,-89,0,0,0,,,text,SiliconFlow
226,87,-87,0,0,0,,,text,SiliconFlow
227,87,-85,0,0,0,,,text,SiliconFlow
228,87,-83,0,0,0,,,text,SiliconFlow
229,87,-81,0,0,0,,,text,SiliconFlow
230,87,-79,0,0,0,,,text,SiliconFlow
231,87,-77,0,0,0,,,text,SiliconFlow
232,87,-75,0,0,0,,,text,SiliconFlow
233,87,-73,0,0,0,,,text,SiliconFlow
234,87,-71,0,0,0,,,text,SiliconFlow
235,87,-69,0,0,0,,,text,SiliconFlow
236,87,-67,0,0,0,,,text,SiliconFlow
237,87,-65,0,0,0,,,text,SiliconFlow
238,87,-63,0,0,0,,,text,SiliconFlow
239,87,-61,0,0,0,,,text,SiliconFlow
240,87,-59,0,0,0,,,text,SiliconFlow
241,87,-57,0,0,0,,,text,SiliconFlow
242,87,-55,0,0,0,,,text,SiliconFlow
243,87,-53,0,0,0,,,text,SiliconFlow
244,87,-51,0,0,0,,,text,SiliconFlow
245,87,-49,0,0,0,,,text,SiliconFlow
246,87,-47,0,0,0,,,text,SiliconFlow
247,87,-45,0,0,0,,,text,SiliconFlow
248,87,-43,0,0,0,,,text,SiliconFlow
249,87,-41,0,0,0,,,text,SiliconFlow
250,87,-39,0,0,0,,,text,SiliconFlow
251,87,-37,0,0,0,,,text,SiliconFlow
252,87,-35,0,0,0,,,text,SiliconFlow
253,87,-33,0,0,0,,,text,SiliconFlow
254,87,-31,0,0,0,,,text,SiliconFlow
255,87,-29,0,0,0,,,text,SiliconFlow
256,87,-27,0,0,0,,,text,SiliconFlow
257,87,-25,0,0,0,,,text,SiliconFlow
258,87,-23,0,0,0,,,text,SiliconFlow
259,87,-21,0,0,0,,,text,SiliconFlow
260,87,-19,0,0,0,,,text,SiliconFlow
261,87,-17,0,0,0,,,text,SiliconFlow
262,87,-15,0,0,0,,,text,SiliconFlow
263,87,-13,0,0,0,,,text,SiliconFlow
264,87,-11,0,0,0,,,text,SiliconFlow
265,87,-9,0,0,0,,,text,SiliconFlow
266,87,-7,0,0,0,,,text,SiliconFlow
267,87,-5,0,0,0,,,text,SiliconFlow
268,87,-3,0,0,0,,,text,SiliconFlow
269,87,-1,0,0,0,,,text,SiliconFlow
270,87,1,0,0,0,,,text,SiliconFlow
271,87,3,0,0,0,,,text,SiliconFlow
272,87,5,0,0,0,,,text,SiliconFlow
273,87,7,0,0,0,,,text,SiliconFlow
274,87,9,0,0,0,,,text,SiliconFlow
275,87,11,0,0,0,,,text,SiliconFlow
276,87,13,0,0,0,,,text,SiliconFlow
277,87,15,0,0,0,,,text,SiliconFlow
278,87,17,0,0,0,,,text,SiliconFlow
279,87,19,0,0,0,,,text,SiliconFlow
280,87,21,0,0,0,,,text,SiliconFlow
281,87,23,0,0,0,,,text,SiliconFlow
282,87,25,0,0,0,,,text,SiliconFlow
283,87,27,0,0,0,,,text,SiliconFlow
284,87,29,0,0,1,,,text,SiliconFlow
285,87,31,0,0,0,,,text,SiliconFlow
286,87,33,0,0,0,,,text,SiliconFlow
287,87,35,0,0,0,,,text,SiliconFlow
288,87,37,0,0,1,,,text,SiliconFlow
289,87,39,0,0,1,,,text,SiliconFlow
290,87,41,0,0,1,,,text,SiliconFlow
291,87,43,0,0,0,,,text,SiliconFlow
292,87,45,0,0,1,,,text,SiliconFlow
293,87,47,0,0,0,,,text,SiliconFlow
294,87,49,0,0,1,,,text,SiliconFlow
295,87,51,0,0,0,,,text,SiliconFlow
296,87,53,0,0,0,,,text,SiliconFlow
297,87,55,0,0,1,,,text,SiliconFlow
298,87,57,0,0,0,,,text,SiliconFlow
299,87,59,0,0,1,,,text,SiliconFlow
300,87,61,0,0,1,,,text,SiliconFlow
301,87,63,0,0,0,,,text,SiliconFlow
302,87,65,0,0,0,,,text,SiliconFlow
303,87,67,0,0,0,,,text,SiliconFlow
304,87,69,0,0,0,,,text,SiliconFlow
305,87,71,0,0,0,,,text,SiliconFlow
306,87,73,0,0,0,,,text,SiliconFlow
307,87,75,0,0,0,,,text,SiliconFlow
308,87,77,0,0,0,,,text,SiliconFlow
309,87,79,0,0,0,,,text,SiliconFlow
310,87,81,0,0,0,,,text,SiliconFlow
311,87,83,0,0,0,,,text,SiliconFlow
312,87,85,0,0,0,,,text,SiliconFlow
313,87,87,0,0,0,,,text,SiliconFlow
314,87,89,0,0,0,,,text,SiliconFlow
315,87,91,0,0,0,,,text,SiliconFlow
316,87,93,0,0,0,,,text,SiliconFlow
317,87,95,0,0,0,,,text,SiliconFlow
318,87,97,0,0,0,,,text,SiliconFlow
319,87,99,0,0,0,,,text,SiliconFlow
320,87,101,0,0,0,,,text,SiliconFlow
321,87,103,0,0,0,,,text,SiliconFlow
322,87,105,0,0,0,,,text,SiliconFlow
323,87,107,0,0,0,,,text,SiliconFlow
324,87,109,0,0,0,,,text,SiliconFlow
325,87,111,0,0,0,,,text,SiliconFlow
326,87,113,0,0,0,,,text,SiliconFlow
327,87,115,0,0,0,,,text,SiliconFlow
328,87,117,0,0,0,,,text,SiliconFlow
329,87,119,0,0,0,,,text,SiliconFlow
330,87,121,0,0,0,,,text,SiliconFlow
331,87,123,0,0,0,,,text,SiliconFlow
332,87,125,0,0,0,,,text,SiliconFlow
333,87,127,0,0,0,,,text,SiliconFlow
334,87,129,0,0,0,,,text,SiliconFlow
335,87,131,0,0,0,,,text,SiliconFlow
336,87,133,0,0,0,,,text,SiliconFlow
337,87,135,0,0,0,,,text,SiliconFlow
338,87,137,0,0,0,,,text,SiliconFlow
339,87,139,0,0,0,,,text,SiliconFlow
340,87,141,0,0,0,,,text,SiliconFlow
341,87,143,0,0,0,,,text,SiliconFlow
342,87,145,0,0,0,,,text,SiliconFlow
343,87,147,0,0,0,,,text,SiliconFlow
344,87,149,0,0,0,,,text,SiliconFlow
345,87,151,0,0,0,,,text,SiliconFlow
346,87,153,0,0,0,,,text,SiliconFlow
347,87,155,0,0,0,,,text,SiliconFlow
348,87,157,0,0,0,,,text,SiliconFlow
349,87,159,0,0,0,,,text,SiliconFlow
350,87,161,0,0,0,,,text,SiliconFlow
351,87,163,0,0,0,,,text,SiliconFlow
352,87,165,0,0,0,,,text,SiliconFlow
353,87,167,0,0,0,,,text,SiliconFlow
354,87,169,0,0,0,,,text,SiliconFlow
355,87,171,0,0,0,,,text,SiliconFlow
356,87,173,0,0,0,,,text,SiliconFlow
357,87,175,0,0,0,,,text,SiliconFlow
358,87,177,0,0,0,,,text,SiliconFlow
359,87,179,0,0,0,,,text,SiliconFlow
360,85,-179,0,0,0,,,text,SiliconFlow
361,85,-177,0,0,0,,,text,SiliconFlow
362,85,-175,0,0,0,,,text,SiliconFlow
363,85,-173,0,0,0,,,text,SiliconFlow
364,85,-171,0,0,0,,,text,SiliconFlow
365,85,-169,0,0,0,,,text,SiliconFlow
366,85,-167,0,0,0,,,text,SiliconFlow
367,85,-165,0,0,0,,,text,SiliconFlow
368,85,-163,0,0,0,,,text,SiliconFlow
369,85,-161,0,0,0,,,text,SiliconFlow
370,85,-159,0,0,0,,,text,SiliconFlow
371,85,-157,0,0,0,,,text,SiliconFlow
372,85,-155,0,0,0,,,text,SiliconFlow
373,85,-153,0,0,0,,,text,SiliconFlow
374,85,-151,0,0,0,,,text,SiliconFlow
375,85,-149,0,0,0,,,text,SiliconFlow
376,85,-147,0,0,0,,,text,SiliconFlow
377,85,-145,0,0,0,,,text,SiliconFlow
378,85,-143,0,0,0,,,text,SiliconFlow
379,85,-141,0,0,0,,,text,SiliconFlow
380,85,-139,0,0,0,,,text,SiliconFlow
381,85,-137,0,0,0,,,text,SiliconFlow
382,85,-135,0,0,0,,,text,SiliconFlow
383,85,-133,0,0,0,,,text,SiliconFlow
384,85,-131,0,0,0,,,text,SiliconFlow
385,85,-129,0,0,0,,,text,SiliconFlow
386,85,-127,0,0,0,,,text,SiliconFlow
387,85,-125,0,0,0,,,text,SiliconFlow
388,85,-123,0,0,0,,,text,SiliconFlow
389,85,-121,0,0,0,,,text,SiliconFlow
390,85,-119,0,0,0,,,text,SiliconFlow
391,85,-117,0,0,0,,,text,SiliconFlow
392,85,-115,0,0,0,,,text,SiliconFlow
393,85,-113,0,0,0,,,text,SiliconFlow
394,85,-111,0,0,0,,,text,SiliconFlow
395,85,-109,0,0,0,,,text,SiliconFlow
396,85,-107,0,0,0,,,text,SiliconFlow
397,85,-105,0,0,0,,,text,SiliconFlow
398,85,-103,0,0,0,,,text,SiliconFlow
399,85,-101,0,0,0,,,text,SiliconFlow
400,85,-99,0,0,0,,,text,SiliconFlow
401,85,-97,0,0,0,,,text,SiliconFlow
402,85,-95,0,0,0,,,text,SiliconFlow
403,85,-93,0,0,0,,,text,SiliconFlow
404,85,-91,0,0,0,,,text,SiliconFlow
405,85,-89,0,0,0,,,text,SiliconFlow
406,85,-87,0,0,0,,,text,SiliconFlow
407,85,-85,0,0,0,,,text,SiliconFlow
408,85,-83,0,0,0,,,text,SiliconFlow
409,85,-81,0,0,0,,,text,SiliconFlow
410,85,-79,0,0,0,,,text,SiliconFlow
411,85,-77,0,0,0,,,text,SiliconFlow
412,85,-75,0,0,0,,,text,SiliconFlow
413,85,-73,0,0,0,,,text,SiliconFlow
414,85,-71,0,0,0,,,text,SiliconFlow
415,85,-69,0,0,0,,,text,SiliconFlow
416,85,-67,0,0,0,,,text,SiliconFlow
417,85,-65,0,0,0,,,text,SiliconFlow
418,85,-63,0,0,0,,,text,SiliconFlow
419,85,-61,0,0,0,,,text,SiliconFlow
420,85,-59,0,0,0,,,text,SiliconFlow
421,85,-57,0,0,0,,,text,SiliconFlow
422,85,-55,0,0,0,,,text,SiliconFlow
423,85,-53,0,0,0,,,text,SiliconFlow
424,85,-51,0,0,0,,,text,SiliconFlow
425,85,-49,0,0,0,,,text,SiliconFlow
426,85,-47,0,0,0,,,text,SiliconFlow
427,85,-45,0,0,0,,,text,SiliconFlow
428,85,-43,0,0,0,,,text,SiliconFlow
429,85,-41,0,0,0,,,text,SiliconFlow
430,85,-39,0,0,0,,,text,SiliconFlow
431,85,-37,0,0,0,,,text,SiliconFlow
432,85,-35,0,0,0,,,text,SiliconFlow
433,85,-33,0,0,0,,,text,SiliconFlow
434,85,-31,0,0,0,,,text,SiliconFlow
435,85,-29,0,0,0,,,text,SiliconFlow
436,85,-27,0,0,0,,,text,SiliconFlow
437,85,-25,0,0,0,,,text,SiliconFlow
438,85,-23,0,0,0,,,text,SiliconFlow
439,85,-21,0,0,0,,,text,SiliconFlow
440,85,-19,0,0,0,,,text,SiliconFlow
441,85,-17,0,0,0,,,text,SiliconFlow
442,85,-15,0,0,0,,,text,SiliconFlow
443,85,-13,0,0,0,,,text,SiliconFlow
444,85,-11,0,0,0,,,text,SiliconFlow
445,85,-9,0,0,0,,,text,SiliconFlow
446,85,-7,0,0,0,,,text,SiliconFlow
447,85,-5,0,0,0,,,text,SiliconFlow
448,85,-3,0,0,0,,,text,SiliconFlow
449,85,-1,0,0,0,,,text,SiliconFlow
450,85,1,0,0,0,,,text,SiliconFlow
451,85,3,0,0,0,,,text,SiliconFlow
452,85,5,0,0,0,,,text,SiliconFlow
453,85,7,0,0,0,,,text,SiliconFlow
454,85,9,0,0,0,,,text,SiliconFlow
455,85,11,0,0,0,,,text,SiliconFlow
456,85,13,0,0,0,,,text,SiliconFlow
457,85,15,0,0,0,,,text,SiliconFlow
458,85,17,0,0,0,,,text,SiliconFlow
459,85,19,0,0,0,,,text,SiliconFlow
460,85,21,0,0,1,,,text,SiliconFlow
461,85,23,0,0,1,,,text,SiliconFlow
462,85,25,0,0,1,,,text,SiliconFlow
463,85,27,0,0,1,,,text,SiliconFlow
464,85,29,0,0,1,,,text,SiliconFlow
465,85,31,0,0,1,,,text,SiliconFlow
466,85,33,0,0,1,,,text,SiliconFlow
467,85,35,0,0,1,,,text,SiliconFlow
468,85,37,0,0,1,,,text,SiliconFlow
469,85,39,0,0,1,,,text,SiliconFlow
470,85,41,0,0,1,,,text,SiliconFlow
471,85,43,0,0,1,,,text,SiliconFlow
472,85,45,0,0,1,,,text,SiliconFlow
473,85,47,0,0,1,,,text,SiliconFlow
474,85,49,0,0,1,,,text,SiliconFlow
475,85,51,0,0,1,,,text,SiliconFlow
476,85,53,0,0,1,,,text,SiliconFlow
477,85,55,0,0,0,,,text,SiliconFlow
478,85,57,0,0,1,,,text,SiliconFlow
479,85,59,0,0,1,,,text,SiliconFlow
480,85,61,0,0,0,,,text,SiliconFlow
481,85,63,0,0,0,,,text,SiliconFlow
482,85,65,0,0,0,,,text,SiliconFlow
483,85,67,0,0,1,,,text,SiliconFlow
484,85,69,0,0,1,,,text,SiliconFlow
485,85,71,0,0,0,,,text,SiliconFlow
486,85,73,0,0,0,,,text,SiliconFlow
487,85,75,0,0,0,,,text,SiliconFlow
488,85,77,0,0,0,,,text,SiliconFlow
489,85,79,0,0,0,,,text,SiliconFlow
490,85,81,0,0,0,,,text,SiliconFlow
491,85,83,0,0,0,,,text,SiliconFlow
492,85,85,0,0,0,,,text,SiliconFlow
493,85,87,0,0,0,,,text,SiliconFlow
494,85,89,0,0,0,,,text,SiliconFlow
495,85,91,0,0,0,,,text,SiliconFlow
496,85,93,0,0,0,,,text,SiliconFlow
497,85,95,0,0,0,,,text,SiliconFlow
498,85,97,0,0,0,,,text,SiliconFlow
499,85,99,0,0,0,,,text,SiliconFlow
500,85,101,0,0,0,,,text,SiliconFlow
501,85,103,0,0,0,,,text,SiliconFlow
502,85,105,0,0,0,,,text,SiliconFlow
503,85,107,0,0,0,,,text,SiliconFlow
504,85,109,0,0,0,,,text,SiliconFlow
505,85,111,0,0,0,,,text,SiliconFlow
506,85,113,0,0,0,,,text,SiliconFlow
507,85,115,0,0,0,,,text,SiliconFlow
508,85,117,0,0,0,,,text,SiliconFlow
509,85,119,0,0,0,,,text,SiliconFlow
510,85,121,0,0,0,,,text,SiliconFlow
511,85,123,0,0,0,,,text,SiliconFlow
512,85,125,0,0,0,,,text,SiliconFlow
513,85,127,0,0,0,,,text,SiliconFlow
514,85,129,0,0,0,,,text,SiliconFlow
515,85,131,0,0,0,,,text,SiliconFlow
516,85,133,0,0,0,,,text,SiliconFlow
517,85,135,0,0,0,,,text,SiliconFlow
518,85,137,0,0,0,,,text,SiliconFlow
519,85,139,0,0,0,,,text,SiliconFlow
520,85,141,0,0,0,,,text,SiliconFlow
521,85,143,0,0,0,,,text,SiliconFlow
522,85,145,0,0,0,,,text,SiliconFlow
523,85,147,0,0,0,,,text,SiliconFlow
524,85,149,0,0,0,,,text,SiliconFlow
525,85,151,0,0,0,,,text,SiliconFlow
526,85,153,0,0,0,,,text,SiliconFlow
527,85,155,0,0,0,,,text,SiliconFlow
528,85,157,0,0,0,,,text,SiliconFlow
529,85,159,0,0,0,,,text,SiliconFlow
530,85,161,0,0,0,,,text,SiliconFlow
531,85,163,0,0,0,,,text,SiliconFlow
532,85,165,0,0,0,,,text,SiliconFlow
533,85,167,0,0,0,,,text,SiliconFlow
534,85,169,0,0,0,,,text,SiliconFlow
535,85,171,0,0,0,,,text,SiliconFlow
536,85,173,0,0,0,,,text,SiliconFlow
537,85,175,0,0,0,,,text,SiliconFlow
538,85,177,0,0,0,,,text,SiliconFlow
539,85,179,0,0,0,,,text,SiliconFlow
540,83,-179,0,0,0,,,text,SiliconFlow
541,83,-177,0,0,0,,,text,SiliconFlow
542,83,-175,0,0,0,,,text,SiliconFlow
543,83,-173,0,0,0,,,text,SiliconFlow
544,83,-171,0,0,0,,,text,SiliconFlow
545,83,-169,0,0,0,,,text,SiliconFlow
546,83,-167,0,0,0,,,text,SiliconFlow
547,83,-165,0,0,0,,,text,SiliconFlow
548,83,-163,0,0,0,,,text,SiliconFlow
549,83,-161,0,0,0,,,text,SiliconFlow
550,83,-159,0,0,0,,,text,SiliconFlow
551,83,-157,0,0,0,,,text,SiliconFlow
552,83,-155,0,0,0,,,text,SiliconFlow
553,83,-153,0,0,0,,,text,SiliconFlow
554,83,-151,0,0,0,,,text,SiliconFlow
555,83,-149,0,0,0,,,text,SiliconFlow
556,83,-147,0,0,0,,,text,SiliconFlow
557,83,-145,0,0,0,,,text,SiliconFlow
558,83,-143,0,0,0,,,text,SiliconFlow
559,83,-141,0,0,0,,,text,SiliconFlow
560,83,-139,0,0,0,,,text,SiliconFlow
561,83,-137,0,0,0,,,text,SiliconFlow
562,83,-135,0,0,0,,,text,SiliconFlow
563,83,-133,0,0,0,,,text,SiliconFlow
564,83,-131,0,0,0,,,text,SiliconFlow
565,83,-129,0,0,0,,,text,SiliconFlow
566,83,-127,0,0,0,,,text,SiliconFlow
567,83,-125,0,0,0,,,text,SiliconFlow
568,83,-123,0,0,0,,,text,SiliconFlow
569,83,-121,0,0,0,,,text,SiliconFlow
570,83,-119,0,0,0,,,text,SiliconFlow
571,83,-117,0,0,0,,,text,SiliconFlow
572,83,-115,0,0,0,,,text,SiliconFlow
573,83,-113,0,0,0,,,text,SiliconFlow
574,83,-111,0,0,0,,,text,SiliconFlow
575,83,-109,0,0,0,,,text,SiliconFlow
576,83,-107,0,0,0,,,text,SiliconFlow
577,83,-105,0,0,0,,,text,SiliconFlow
578,83,-103,0,0,0,,,text,SiliconFlow
579,83,-101,0,0,0,,,text,SiliconFlow
580,83,-99,0,0,0,,,text,SiliconFlow
581,83,-97,0,0,0,,,text,SiliconFlow
582,83,-95,0,0,0,,,text,SiliconFlow
583,83,-93,0,0,0,,,text,SiliconFlow
584,83,-91,0,0,0,,,text,SiliconFlow
585,83,-89,0,0,0,,,text,SiliconFlow
586,83,-87,0,0,0,,,text,SiliconFlow
587,83,-85,0,0,0,,,text,SiliconFlow
588,83,-83,0,0,0,,,text,SiliconFlow
589,83,-81,0,0,0,,,text,SiliconFlow
590,83,-79,0,0,0,,,text,SiliconFlow
591,83,-77,1,1,0,,,text,SiliconFlow
592,83,-75,1,1,0,,,text,SiliconFlow
593,83,-73,1,1,0,,,text,SiliconFlow
594,83,-71,1,1,0,,,text,SiliconFlow
595,83,-69,1,1,0,,,text,SiliconFlow
596,83,-67,0,0,0,,,text,SiliconFlow
597,83,-65,0,0,0,,,text,SiliconFlow
598,83,-63,0,0,0,,,text,SiliconFlow
599,83,-61,0,0,0,,,text,SiliconFlow
600,83,-59,0,0,0,,,text,SiliconFlow
601,83,-57,0,0,0,,,text,SiliconFlow
602,83,-55,0,0,0,,,text,SiliconFlow
603,83,-53,0,0,0,,,text,SiliconFlow
604,83,-51,0,0,0,,,text,SiliconFlow
605,83,-49,0,0,0,,,text,SiliconFlow
606,83,-47,0,0,0,,,text,SiliconFlow
607,83,-45,1,1,0,,,text,SiliconFlow
608,83,-43,1,1,0,,,text,SiliconFlow
609,83,-41,1,1,0,,,text,SiliconFlow
610,83,-39,1,1,0,,,text,SiliconFlow
611,83,-37,1,1,0,,,text,SiliconFlow
612,83,-35,1,1,0,,,text,SiliconFlow
613,83,-33,0,0,0,,,text,SiliconFlow
614,83,-31,1,1,0,,,text,SiliconFlow
615,83,-29,1,1,0,,,text,SiliconFlow
616,83,-27,1,1,0,,,text,SiliconFlow
617,83,-25,1,1,0,,,text,SiliconFlow
618,83,-23,0,0,0,,,text,SiliconFlow
619,83,-21,0,0,0,,,text,SiliconFlow
620,83,-19,0,0,0,,,text,SiliconFlow
621,83,-17,0,0,0,,,text,SiliconFlow
622,83,-15,0,0,0,,,text,SiliconFlow
623,83,-13,0,0,0,,,text,SiliconFlow
624,83,-11,0,0,0,,,text,SiliconFlow
625,83,-9,0,0,0,,,text,SiliconFlow
626,83,-7,0,0,0,,,text,SiliconFlow
627,83,-5,0,0,0,,,text,SiliconFlow
628,83,-3,0,0,0,,,text,SiliconFlow
629,83,-1,0,0,0,,,text,SiliconFlow
630,83,1,0,0,0,,,text,SiliconFlow
631,83,3,0,0,0,,,text,SiliconFlow
632,83,5,0,0,0,,,text,SiliconFlow
633,83,7,0,0,0,,,text,SiliconFlow
634,83,9,0,0,0,,,text,SiliconFlow
635,83,11,0,0,0,,,text,SiliconFlow
636,83,13,0,0,0,,,text,SiliconFlow
637,83,15,0,0,0,,,text,SiliconFlow
638,83,17,0,0,0,,,text,SiliconFlow
639,83,19,0,0,0,,,text,SiliconFlow
640,83,21,0,0,1,,,text,SiliconFlow
641,83,23,0,0,1,,,text,SiliconFlow
642,83,25,0,0,1,,,text,SiliconFlow
643,83,27,0,0,0,,,text,SiliconFlow
644,83,29,0,0,1,,,text,SiliconFlow
645,83,31,0,0,1,,,text,SiliconFlow
646,83,33,0,0,1,,,text,SiliconFlow
647,83,35,0,0,1,,,text,SiliconFlow
648,83,37,0,0,1,,,text,SiliconFlow
649,83,39,0,0,1,,,text,SiliconFlow
650,83,41,0,0,1,,,text,SiliconFlow
651,83,43,0,0,1,,,text,SiliconFlow
652,83,45,0,0,1,,,text,SiliconFlow
653,83,47,0,0,1,,,text,SiliconFlow
654,83,49,0,0,1,,,text,SiliconFlow
655,83,51,0,0,1,,,text,SiliconFlow
656,83,53,0,0,1,,,text,SiliconFlow
657,83,55,0,0,0,,,text,SiliconFlow
658,83,57,0,0,1,,,text,SiliconFlow
659,83,59,0,0,1,,,text,SiliconFlow
660,83,61,0,0,1,,,text,SiliconFlow
661,83,63,0,0,1,,,text,SiliconFlow
662,83,65,0,0,1,,,text,SiliconFlow
663,83,67,0,0,1,,,text,SiliconFlow
664,83,69,0,0,0,,,text,SiliconFlow
665,83,71,0,0,1,,,text,SiliconFlow
666,83,73,0,0,0,,,text,SiliconFlow
667,83,75,0,0,0,,,text,SiliconFlow
668,83,77,0,0,1,,,text,SiliconFlow
669,83,79,0,0,1,,,text,SiliconFlow
670,83,81,0,0,0,,,text,SiliconFlow
671,83,83,0,0,0,,,text,SiliconFlow
672,83,85,0,0,0,,,text,SiliconFlow
673,83,87,0,0,1,,,text,SiliconFlow
674,83,89,0,0,0,,,text,SiliconFlow
675,83,91,0,0,0,,,text,SiliconFlow
676,83,93,0,0,0,,,text,SiliconFlow
677,83,95,0,0,0,,,text,SiliconFlow
678,83,97,0,0,0,,,text,SiliconFlow
679,83,99,0,0,0,,,text,SiliconFlow
680,83,101,0,0,0,,,text,SiliconFlow
681,83,103,0,0,0,,,text,SiliconFlow
682,83,105,0,0,0,,,text,SiliconFlow
683,83,107,0,0,0,,,text,SiliconFlow
684,83,109,0,0,0,,,text,SiliconFlow
685,83,111,0,0,0,,,text,SiliconFlow
686,83,113,0,0,0,,,text,SiliconFlow
687,83,115,0,0,0,,,text,SiliconFlow
688,83,117,0,0,0,,,text,SiliconFlow
689,83,119,0,0,0,,,text,SiliconFlow
690,83,121,0,0,0,,,text,SiliconFlow
691,83,123,0,0,0,,,text,SiliconFlow
692,83,125,0,0,0,,,text,SiliconFlow
693,83,127,0,0,0,,,text,SiliconFlow
694,83,129,0,0,0,,,text,SiliconFlow
695,83,131,0,0,0,,,text,SiliconFlow
696,83,133,0,0,0,,,text,SiliconFlow
697,83,135,0,0,0,,,text,SiliconFlow
698,83,137,0,0,0,,,text,SiliconFlow
699,83,139,0,0,0,,,text,SiliconFlow
700,83,141,0,0,0,,,text,SiliconFlow
701,83,143,0,0,0,,,text,SiliconFlow
702,83,145,0,0,0,,,text,SiliconFlow
703,83,147,0,0,0,,,text,SiliconFlow
704,83,149,0,0,0,,,text,SiliconFlow
705,83,151,0,0,0,,,text,SiliconFlow
706,83,153,0,0,0,,,text,SiliconFlow
707,83,155,0,0,0,,,text,SiliconFlow
708,83,157,0,0,0,,,text,SiliconFlow
709,83,159,0,0,0,,,text,SiliconFlow
710,83,161,0,0,0,,,text,SiliconFlow
711,83,163,0,0,0,,,text,SiliconFlow
712,83,165,0,0,0,,,text,SiliconFlow
713,83,167,0,0,0,,,text,SiliconFlow
714,83,169,0,0,0,,,text,SiliconFlow
715,83,171,0,0,0,,,text,SiliconFlow
716,83,173,0,0,0,,,text,SiliconFlow
717,83,175,0,0,0,,,text,SiliconFlow
718,83,177,0,0,0,,,text,SiliconFlow
719,83,179,0,0,0,,,text,SiliconFlow
720,81,-179,0,0,0,,,text,SiliconFlow
721,81,-177,0,0,0,,,text,SiliconFlow
722,81,-175,0,0,0,,,text,SiliconFlow
723,81,-173,0,0,0,,,text,SiliconFlow
724,81,-171,0,0,0,,,text,SiliconFlow
725,81,-169,0,0,0,,,text,SiliconFlow
726,81,-167,0,0,0,,,text,SiliconFlow
727,81,-165,0,0,0,,,text,SiliconFlow
728,81,-163,0,0,0,,,text,SiliconFlow
729,81,-161,0,0,0,,,text,SiliconFlow
730,81,-159,0,0,0,,,text,SiliconFlow
731,81,-157,0,0,0,,,text,SiliconFlow
732,81,-155,0,0,0,,,text,SiliconFlow
733,81,-153,0,0,0,,,text,SiliconFlow
734,81,-151,0,0,0,,,text,SiliconFlow
735,81,-149,0,0,0,,,text,SiliconFlow
736,81,-147,0,0,0,,,text,SiliconFlow
737,81,-145,0,0,0,,,text,SiliconFlow
738,81,-143,0,0,0,,,text,SiliconFlow
739,81,-141,0,0,0,,,text,SiliconFlow
740,81,-139,0,0,0,,,text,SiliconFlow
741,81,-137,0,0,0,,,text,SiliconFlow
742,81,-135,0,0,0,,,text,SiliconFlow
743,81,-133,0,0,0,,,text,SiliconFlow
744,81,-131,0,0,0,,,text,SiliconFlow
745,81,-129,0,0,0,,,text,SiliconFlow
746,81,-127,0,0,0,,,text,SiliconFlow
747,81,-125,0,0,0,,,text,SiliconFlow
748,81,-123,0,0,0,,,text,SiliconFlow
749,81,-121,0,0,0,,,text,SiliconFlow
750,81,-119,0,0,0,,,text,SiliconFlow
751,81,-117,0,0,0,,,text,SiliconFlow
752,81,-115,0,0,0,,,text,SiliconFlow
753,81,-113,0,0,0,,,text,SiliconFlow
754,81,-111,0,0,0,,,text,SiliconFlow
755,81,-109,0,0,0,,,text,SiliconFlow
756,81,-107,0,0,0,,,text,SiliconFlow
757,81,-105,0,0,0,,,text,SiliconFlow
758,81,-103,0,0,0,,,text,SiliconFlow
759,81,-101,0,0,0,,,text,SiliconFlow
760,81,-99,0,0,0,,,text,SiliconFlow
761,81,-97,0,0,0,,,text,SiliconFlow
762,81,-95,1,1,0,,,text,SiliconFlow
763,81,-93,1,1,0,,,text,SiliconFlow
764,81,-91,0,0,0,,,text,SiliconFlow
765,81,-89,0,0,0,,,text,SiliconFlow
766,81,-87,0,0,0,,,text,SiliconFlow
767,81,-85,1,1,0,,,text,SiliconFlow
768,81,-83,1,1,0,,,text,SiliconFlow
769,81,-81,1,1,0,,,text,SiliconFlow
770,81,-79,0,0,0,,,text,SiliconFlow
771,81,-77,1,1,0,,,text,SiliconFlow
772,81,-75,1,1,0,,,text,SiliconFlow
773,81,-73,1,1,0,,,text,SiliconFlow
774,81,-71,1,1,0,,,text,SiliconFlow
775,81,-69,1,1,0,,,text,SiliconFlow
776,81,-67,1,1,0,,,text,SiliconFlow
777,81,-65,0,0,0,,,text,SiliconFlow
778,81,-63,1,1,0,,,text,SiliconFlow
779,81,-61,1,1,0,,,text,SiliconFlow
780,81,-59,1,1,0,,,text,SiliconFlow
781,81,-57,1,1,0,,,text,SiliconFlow
782,81,-55,1,1,0,,,text,SiliconFlow
783,81,-53,1,1,0,,,text,SiliconFlow
784,81,-51,1,1,0,,,text,SiliconFlow
785,81,-49,1,1,0,,,text,SiliconFlow
786,81,-47,1,1,0,,,text,SiliconFlow
787,81,-45,1,1,0,,,text,SiliconFlow
788,81,-43,1,1,0,,,text,SiliconFlow
789,81,-41,1,1,0,,,text,SiliconFlow
790,81,-39,1,1,0,,,text,SiliconFlow
791,81,-37,1,1,0,,,text,SiliconFlow
792,81,-35,1,1,0,,,text,SiliconFlow
793,81,-33,1,1,0,,,text,SiliconFlow
794,81,-31,1,1,0,,,text,SiliconFlow
795,81,-29,1,1,0,,,text,SiliconFlow
796,81,-27,1,1,0,,,text,SiliconFlow
797,81,-25,1,1,0,,,text,SiliconFlow
798,81,-23,1,1,0,,,text,SiliconFlow
799,81,-21,1,1,0,,,text,SiliconFlow
800,81,-19,1,1,0,,,text,SiliconFlow
801,81,-17,1,1,0,,,text,SiliconFlow
802,81,-15,1,1,0,,,text,SiliconFlow
803,81,-13,0,0,0,,,text,SiliconFlow
804,81,-11,0,0,0,,,text,SiliconFlow
805,81,-9,0,0,0,,,text,SiliconFlow
806,81,-7,0,0,0,,,text,SiliconFlow
807,81,-5,0,0,0,,,text,SiliconFlow
808,81,-3,0,0,0,,,text,SiliconFlow
809,81,-1,0,0,0,,,text,SiliconFlow
810,81,1,0,0,0,,,text,SiliconFlow
811,81,3,0,0,0,,,text,SiliconFlow
812,81,5,0,0,0,,,text,SiliconFlow
813,81,7,0,0,0,,,text,SiliconFlow
814,81,9,0,0,0,,,text,SiliconFlow
815,81,11,0,0,0,,,text,SiliconFlow
816,81,13,0,0,0,,,text,SiliconFlow
817,81,15,0,0,0,,,text,SiliconFlow
818,81,17,0,0,0,,,text,SiliconFlow
819,81,19,0,0,0,,,text,SiliconFlow
820,81,21,0,0,1,,,text,SiliconFlow
821,81,23,0,0,1,,,text,SiliconFlow
822,81,25,0,0,0,,,text,SiliconFlow
823,81,27,0,0,1,,,text,SiliconFlow
824,81,29,0,0,1,,,text,SiliconFlow
825,81,31,0,0,0,,,text,SiliconFlow
826,81,33,0,0,0,,,text,SiliconFlow
827,81,35,0,0,1,,,text,SiliconFlow
828,81,37,0,0,1,,,text,SiliconFlow
829,81,39,0,0,1,,,text,SiliconFlow
830,81,41,0,0,0,,,text,SiliconFlow
831,81,43,0,0,1,,,text,SiliconFlow
832,81,45,0,0,0,,,text,SiliconFlow
833,81,47,0,0,0,,,text,SiliconFlow
834,81,49,0,0,0,,,text,SiliconFlow
835,81,51,0,0,0,,,text,SiliconFlow
836,81,53,0,0,0,,,text,SiliconFlow
837,81,55,1,1,0,,,text,SiliconFlow
838,81,57,1,1,0,,,text,SiliconFlow
839,81,59,0,0,0,,,text,SiliconFlow
840,81,61,1,1,0,,,text,SiliconFlow
841,81,63,0,0,0,,,text,SiliconFlow
842,81,65,1,1,0,,,text,SiliconFlow
843,81,67,0,0,0,,,text,SiliconFlow
844,81,69,0,0,0,,,text,SiliconFlow
845,81,71,0,0,0,,,text,SiliconFlow
846,81,73,0,0,0,,,text,SiliconFlow
847,81,75,0,0,0,,,text,SiliconFlow
848,81,77,0,0,0,,,text,SiliconFlow
849,81,79,0,0,0,,,text,SiliconFlow
850,81,81,0,0,0,,,text,SiliconFlow
851,81,83,0,0,0,,,text,SiliconFlow
852,81,85,0,0,0,,,text,SiliconFlow
853,81,87,0,0,0,,,text,SiliconFlow
854,81,89,0,0,0,,,text,SiliconFlow
855,81,91,0,0,0,,,text,SiliconFlow
856,81,93,0,0,0,,,text,SiliconFlow
857,81,95,1,1,0,,,text,SiliconFlow
858,81,97,0,0,0,,,text,SiliconFlow
859,81,99,0,0,0,,,text,SiliconFlow
860,81,101,0,0,0,,,text,SiliconFlow
861,81,103,0,0,0,,,text,SiliconFlow
862,81,105,0,0,0,,,text,SiliconFlow
863,81,107,0,0,0,,,text,SiliconFlow
864,81,109,0,0,0,,,text,SiliconFlow
865,81,111,0,0,0,,,text,SiliconFlow
866,81,113,0,0,0,,,text,SiliconFlow
867,81,115,0,0,0,,,text,SiliconFlow
868,81,117,0,0,0,,,text,SiliconFlow
869,81,119,0,0,0,,,text,SiliconFlow
870,81,121,0,0,0,,,text,SiliconFlow
871,81,123,0,0,0,,,text,SiliconFlow
872,81,125,0,0,0,,,text,SiliconFlow
873,81,127,0,0,0,,,text,SiliconFlow
874,81,129,0,0,0,,,text,SiliconFlow
875,81,131,0,0,0,,,text,SiliconFlow
876,81,133,0,0,0,,,text,SiliconFlow
877,81,135,0,0,0,,,text,SiliconFlow
878,81,137,0,0,0,,,text,SiliconFlow
879,81,139,0,0,0,,,text,SiliconFlow
880,81,141,0,0,0,,,text,SiliconFlow
881,81,143,0,0,0,,,text,SiliconFlow
882,81,145,0,0,0,,,text,SiliconFlow
883,81,147,0,0,0,,,text,SiliconFlow
884,81,149,0,0,0,,,text,SiliconFlow
885,81,151,0,0,0,,,text,SiliconFlow
886,81,153,0,0,0,,,text,SiliconFlow
887,81,155,0,0,0,,,text,SiliconFlow
888,81,157,0,0,0,,,text,SiliconFlow
889,81,159,0,0,0,,,text,SiliconFlow
890,81,161,0,0,0,,,text,SiliconFlow
891,81,163,0,0,0,,,text,SiliconFlow
892,81,165,0,0,0,,,text,SiliconFlow
893,81,167,0,0,0,,,text,SiliconFlow
894,81,169,0,0,0,,,text,SiliconFlow
895,81,171,0,0,0,,,text,SiliconFlow
896,81,173,0,0,0,,,text,SiliconFlow
897,81,175,0,0,0,,,text,SiliconFlow
898,81,177,0,0,0,,,text,SiliconFlow
899,81,179,0,0,0,,,text,SiliconFlow
900,79,-179,0,0,0,,,text,SiliconFlow
901,79,-177,0,0,0,,,text,SiliconFlow
902,79,-175,0,0,0,,,text,SiliconFlow
903,79,-173,0,0,0,,,text,SiliconFlow
904,79,-171,0,0,0,,,text,SiliconFlow
905,79,-169,0,0,0,,,text,SiliconFlow
906,79,-167,0,0,0,,,text,SiliconFlow
907,79,-165,0,0,0,,,text,SiliconFlow
908,79,-163,0,0,0,,,text,SiliconFlow
909,79,-161,0,0,0,,,text,SiliconFlow
910,79,-159,0,0,0,,,text,SiliconFlow
911,79,-157,0,0,0,,,text,SiliconFlow
912,79,-155,0,0,0,,,text,SiliconFlow
913,79,-153,0,0,0,,,text,SiliconFlow
914,79,-151,0,0,0,,,text,SiliconFlow
915,79,-149,0,0,0,,,text,SiliconFlow
916,79,-147,0,0,0,,,text,SiliconFlow
917,79,-145,0,0,0,,,text,SiliconFlow
918,79,-143,0,0,0,,,text,SiliconFlow
919,79,-141,0,0,0,,,text,SiliconFlow
920,79,-139,0,0,0,,,text,SiliconFlow
921,79,-137,0,0,0,,,text,SiliconFlow
922,79,-135,0,0,0,,,text,SiliconFlow
923,79,-133,0,0,0,,,text,SiliconFlow
924,79,-131,0,0,0,,,text,SiliconFlow
925,79,-129,0,0,0,,,text,SiliconFlow
926,79,-127,0,0,0,,,text,SiliconFlow
927,79,-125,0,0,0,,,text,SiliconFlow
928,79,-123,0,0,0,,,text,SiliconFlow
929,79,-121,0,0,0,,,text,SiliconFlow
930,79,-119,0,0,0,,,text,SiliconFlow
931,79,-117,0,0,0,,,text,SiliconFlow
932,79,-115,0,0,0,,,text,SiliconFlow
933,79,-113,0,0,0,,,text,SiliconFlow
934,79,-111,0,0,0,,,text,SiliconFlow
935,79,-109,0,0,0,,,text,SiliconFlow
936,79,-107,0,0,0,,,text,SiliconFlow
937,79,-105,0,0,0,,,text,SiliconFlow
938,79,-103,1,1,0,,,text,SiliconFlow
939,79,-101,0,0,0,,,text,SiliconFlow
940,79,-99,0,0,0,,,text,SiliconFlow
941,79,-97,0,0,0,,,text,SiliconFlow
942,79,-95,0,0,0,,,text,SiliconFlow
943,79,-93,1,1,0,,,text,SiliconFlow
944,79,-91,1,1,0,,,text,SiliconFlow
945,79,-89,1,1,0,,,text,SiliconFlow
946,79,-87,1,1,0,,,text,SiliconFlow
947,79,-85,0,0,0,,,text,SiliconFlow
948,79,-83,1,1,0,,,text,SiliconFlow
949,79,-81,1,1,0,,,text,SiliconFlow
950,79,-79,1,1,0,,,text,SiliconFlow
951,79,-77,1,1,0,,,text,SiliconFlow
952,79,-75,0,0,0,,,text,SiliconFlow
953,79,-73,0,0,0,,,text,SiliconFlow
954,79,-71,0,0,0,,,text,SiliconFlow
955,79,-69,0,0,0,,,text,SiliconFlow
956,79,-67,1,1,0,,,text,SiliconFlow
957,79,-65,1,1,0,,,text,SiliconFlow
958,79,-63,1,1,0,,,text,SiliconFlow
959,79,-61,1,1,0,,,text,SiliconFlow
960,79,-59,1,1,0,,,text,SiliconFlow
961,79,-57,1,1,0,,,text,SiliconFlow
962,79,-55,1,1,0,,,text,SiliconFlow
963,79,-53,1,1,0,,,text,SiliconFlow
964,79,-51,1,1,0,,,text,SiliconFlow
965,79,-49,1,1,0,,,text,SiliconFlow
966,79,-47,1,1,0,,,text,SiliconFlow
967,79,-45,1,1,0,,,text,SiliconFlow
968,79,-43,1,1,0,,,text,SiliconFlow
969,79,-41,1,1,0,,,text,SiliconFlow
970,79,-39,1,1,0,,,text,SiliconFlow
971,79,-37,1,1,0,,,text,SiliconFlow
972,79,-35,1,1,0,,,text,SiliconFlow
973,79,-33,1,1,0,,,text,SiliconFlow
974,79,-31,1,1,0,,,text,SiliconFlow
975,79,-29,1,1,0,,,text,SiliconFlow
976,79,-27,1,1,0,,,text,SiliconFlow
977,79,-25,1,1,0,,,text,SiliconFlow
978,79,-23,1,1,0,,,text,SiliconFlow
979,79,-21,1,1,0,,,text,SiliconFlow
980,79,-19,0,0,0,,,text,SiliconFlow
981,79,-17,0,0,0,,,text,SiliconFlow
982,79,-15,0,0,0,,,text,SiliconFlow
983,79,-13,0,0,0,,,text,SiliconFlow
984,79,-11,0,0,0,,,text,SiliconFlow
985,79,-9,0,0,0,,,text,SiliconFlow
986,79,-7,0,0,0,,,text,SiliconFlow
987,79,-5,0,0,0,,,text,SiliconFlow
988,79,-3,0,0,0,,,text,SiliconFlow
989,79,-1,0,0,0,,,text,SiliconFlow
990,79,1,0,0,0,,,text,SiliconFlow
991,79,3,0,0,0,,,text,SiliconFlow
992,79,5,0,0,0,,,text,SiliconFlow
993,79,7,0,0,0,,,text,SiliconFlow
994,79,9,0,0,0,,,text,SiliconFlow
995,79,11,0,0,0,,,text,SiliconFlow
996,79,13,1,1,1,,,text,SiliconFlow
997,79,15,1,1,0,,,text,SiliconFlow
998,79,17,1,1,1,,,text,SiliconFlow
999,79,19,1,1,1,,,text,SiliconFlow
1000,79,21,0,0,1,,,text,SiliconFlow
1001,79,23,0,0,1,,,text,SiliconFlow
1002,79,25,0,0,1,,,text,SiliconFlow
1003,79,27,0,0,1,,,text,SiliconFlow
1004,79,29,0,0,1,,,text,SiliconFlow
1005,79,31,0,0,1,,,text,SiliconFlow
1006,79,33,0,0,1,,,text,SiliconFlow
1007,79,35,0,0,1,,,text,SiliconFlow
1008,79,37,0,0,1,,,text,SiliconFlow
1009,79,39,0,0,1,,,text,SiliconFlow
1010,79,41,0,0,1,,,text,SiliconFlow
1011,79,43,0,0,0,,,text,SiliconFlow
1012,79,45,0,0,0,,,text,SiliconFlow
1013,79,47,0,0,0,,,text,SiliconFlow
1014,79,49,0,0,1,,,text,SiliconFlow
1015,79,51,0,0,0,,,text,SiliconFlow
1016,79,53,0,0,0,,,text,SiliconFlow
1017,79,55,0,0,0,,,text,SiliconFlow
1018,79,57,0,0,0,,,text,SiliconFlow
1019,79,59,0,0,0,,,text,SiliconFlow
1020,79,61,0,0,0,,,text,SiliconFlow
1021,79,63,0,0,0,,,text,SiliconFlow
1022,79,65,0,0,0,,,text,SiliconFlow
1023,79,67,0,0,0,,,text,SiliconFlow
1024,79,69,0,0,0,,,text,SiliconFlow
1025,79,71,0,0,0,,,text,SiliconFlow
1026,79,73,0,0,0,,,text,SiliconFlow
1027,79,75,0,0,0,,,text,SiliconFlow
1028,79,77,0,0,0,,,text,SiliconFlow
1029,79,79,0,0,0,,,text,SiliconFlow
1030,79,81,0,0,0,,,text,SiliconFlow
1031,79,83,0,0,0,,,text,SiliconFlow
1032,79,85,0,0,0,,,text,SiliconFlow
1033,79,87,0,0,0,,,text,SiliconFlow
1034,79,89,0,0,0,,,text,SiliconFlow
1035,79,91,0,0,0,,,text,SiliconFlow
1036,79,93,0,0,0,,,text,SiliconFlow
1037,79,95,0,0,0,,,text,SiliconFlow
1038,79,97,1,1,0,,,text,SiliconFlow
1039,79,99,1,1,0,,,text,SiliconFlow
1040,79,101,0,0,0,,,text,SiliconFlow
1041,79,103,1,1,0,,,text,SiliconFlow
1042,79,105,0,0,0,,,text,SiliconFlow
1043,79,107,0,0,0,,,text,SiliconFlow
1044,79,109,0,0,0,,,text,SiliconFlow
1045,79,111,0,0,0,,,text,SiliconFlow
1046,79,113,0,0,0,,,text,SiliconFlow
1047,79,115,0,0,0,,,text,SiliconFlow
1048,79,117,0,0,0,,,text,SiliconFlow
1049,79,119,0,0,0,,,text,SiliconFlow
1050,79,121,0,0,0,,,text,SiliconFlow
1051,79,123,0,0,0,,,text,SiliconFlow
1052,79,125,0,0,0,,,text,SiliconFlow
1053,79,127,0,0,0,,,text,SiliconFlow
1054,79,129,0,0,0,,,text,SiliconFlow
1055,79,131,0,0,0,,,text,SiliconFlow
1056,79,133,0,0,0,,,text,SiliconFlow
1057,79,135,0,0,0,,,text,SiliconFlow
1058,79,137,0,0,0,,,text,SiliconFlow
1059,79,139,0,0,0,,,text,SiliconFlow
1060,79,141,0,0,0,,,text,SiliconFlow
1061,79,143,0,0,0,,,text,SiliconFlow
1062,79,145,0,0,0,,,text,SiliconFlow
1063,79,147,0,0,0,,,text,SiliconFlow
1064,79,149,0,0,0,,,text,SiliconFlow
1065,79,151,0,0,0,,,text,SiliconFlow
1066,79,153,0,0,0,,,text,SiliconFlow
1067,79,155,0,0,0,,,text,SiliconFlow
1068,79,157,0,0,0,,,text,SiliconFlow
1069,79,159,0,0,0,,,text,SiliconFlow
1070,79,161,0,0,0,,,text,SiliconFlow
1071,79,163,0,0,0,,,text,SiliconFlow
1072,79,165,0,0,0,,,text,SiliconFlow
1073,79,167,0,0,0,,,text,SiliconFlow
1074,79,169,0,0,0,,,text,SiliconFlow
1075,79,171,0,0,0,,,text,SiliconFlow
1076,79,173,0,0,0,,,text,SiliconFlow
1077,79,175,0,0,0,,,text,SiliconFlow
1078,79,177,0,0,0,,,text,SiliconFlow
1079,79,179,0,0,0,,,text,SiliconFlow
1080,77,-179,0,0,0,,,text,SiliconFlow
1081,77,-177,0,0,0,,,text,SiliconFlow
1082,77,-175,0,0,0,,,text,SiliconFlow
1083,77,-173,0,0,0,,,text,SiliconFlow
1084,77,-171,0,0,0,,,text,SiliconFlow
1085,77,-169,0,0,0,,,text,SiliconFlow
1086,77,-167,0,0,0,,,text,SiliconFlow
1087,77,-165,0,0,0,,,text,SiliconFlow
1088,77,-163,0,0,0,,,text,SiliconFlow
1089,77,-161,0,0,0,,,text,SiliconFlow
1090,77,-159,0,0,0,,,text,SiliconFlow
1091,77,-157,0,0,0,,,text,SiliconFlow
1092,77,-155,0,0,0,,,text,SiliconFlow
1093,77,-153,0,0,0,,,text,SiliconFlow
1094,77,-151,0,0,0,,,text,SiliconFlow
1095,77,-149,0,0,0,,,text,SiliconFlow
1096,77,-147,0,0,0,,,text,SiliconFlow
1097,77,-145,0,0,0,,,text,SiliconFlow
1098,77,-143,0,0,0,,,text,SiliconFlow
1099,77,-141,0,0,0,,,text,SiliconFlow
1100,77,-139,0,0,0,,,text,SiliconFlow
1101,77,-137,0,0,0,,,text,SiliconFlow
1102,77,-135,0,0,0,,,text,SiliconFlow
1103,77,-133,0,0,0,,,text,SiliconFlow
1104,77,-131,0,0,0,,,text,SiliconFlow
1105,77,-129,0,0,0,,,text,SiliconFlow
1106,77,-127,0,0,0,,,text,SiliconFlow
1107,77,-125,0,0,0,,,text,SiliconFlow
1108,77,-123,0,0,0,,,text,SiliconFlow
1109,77,-121,0,0,0,,,text,SiliconFlow
1110,77,-119,1,1,0,,,text,SiliconFlow
1111,77,-117,1,1,0,,,text,SiliconFlow
1112,77,-115,0,0,0,,,text,SiliconFlow
1113,77,-113,0,0,0,,,text,SiliconFlow
1114,77,-111,0,0,0,,,text,SiliconFlow
1115,77,-109,0,0,0,,,text,SiliconFlow
1116,77,-107,0,0,0,,,text,SiliconFlow
1117,77,-105,0,0,0,,,text,SiliconFlow
1118,77,-103,0,0,0,,,text,SiliconFlow
1119,77,-101,0,0,0,,,text,SiliconFlow
1120,77,-99,0,0,0,,,text,SiliconFlow
1121,77,-97,0,0,0,,,text,SiliconFlow
1122,77,-95,0,0,0,,,text,SiliconFlow
1123,77,-93,0,0,0,,,text,SiliconFlow
1124,77,-91,0,0,0,,,text,SiliconFlow
1125,77,-89,0,0,0,,,text,SiliconFlow
1126,77,-87,1,1,0,,,text,SiliconFlow
1127,77,-85,1,1,0,,,text,SiliconFlow
1128,77,-83,1,1,0,,,text,SiliconFlow
1129,77,-81,1,1,0,,,text,SiliconFlow
1130,77,-79,0,0,0,,,text,SiliconFlow
1131,77,-77,0,0,0,,,text,SiliconFlow
1132,77,-75,0,0,0,,,text,SiliconFlow
1133,77,-73,0,0,0,,,text,SiliconFlow
1134,77,-71,1,1,0,,,text,SiliconFlow
1135,77,-69,1,1,0,,,text,SiliconFlow
1136,77,-67,1,1,0,,,text,SiliconFlow
1137,77,-65,1,1,0,,,text,SiliconFlow
1138,77,-63,1,1,0,,,text,SiliconFlow
1139,77,-61,1,1,0,,,text,SiliconFlow
1140,77,-59,1,1,0,,,text,SiliconFlow
1141,77,-57,1,1,0,,,text,SiliconFlow
1142,77,-55,1,1,0,,,text,SiliconFlow
1143,77,-53,1,1,0,,,text,SiliconFlow
1144,77,-51,1,1,0,,,text,SiliconFlow
1145,77,-49,1,1,0,,,text,SiliconFlow
1146,77,-47,1,1,0,,,text,SiliconFlow
1147,77,-45,1,1,0,,,text,SiliconFlow
1148,77,-43,1,1,0,,,text,SiliconFlow
1149,77,-41,1,1,0,,,text,SiliconFlow
1150,77,-39,1,1,0,,,text,SiliconFlow
1151,77,-37,1,1,0,,,text,SiliconFlow
1152,77,-35,1,1,0,,,text,SiliconFlow
1153,77,-33,1,1,0,,,text,SiliconFlow
1154,77,-31,1,1,0,,,text,SiliconFlow
1155,77,-29,1,1,0,,,text,SiliconFlow
1156,77,-27,1,1,0,,,text,SiliconFlow
1157,77,-25,1,1,0,,,text,SiliconFlow
1158,77,-23,1,1,0,,,text,SiliconFlow
1159,77,-21,1,1,0,,,text,SiliconFlow
1160,77,-19,1,1,0,,,text,SiliconFlow
1161,77,-17,0,0,0,,,text,SiliconFlow
1162,77,-15,0,0,0,,,text,SiliconFlow
1163,77,-13,0,0,0,,,text,SiliconFlow
1164,77,-11,0,0,0,,,text,SiliconFlow
1165,77,-9,0,0,0,,,text,SiliconFlow
1166,77,-7,0,0,0,,,text,SiliconFlow
1167,77,-5,0,0,0,,,text,SiliconFlow
1168,77,-3,0,0,0,,,text,SiliconFlow
1169,77,-1,0,0,0,,,text,SiliconFlow
1170,77,1,0,0,0,,,text,SiliconFlow
1171,77,3,0,0,0,,,text,SiliconFlow
1172,77,5,0,0,0,,,text,SiliconFlow
1173,77,7,0,0,0,,,text,SiliconFlow
1174,77,9,0,0,0,,,text,SiliconFlow
1175,77,11,0,0,1,,,text,SiliconFlow
1176,77,13,0,0,1,,,text,SiliconFlow
1177,77,15,0,0,1,,,text,SiliconFlow
1178,77,17,1,1,1,,,text,SiliconFlow
1179,77,19,0,0,1,,,text,SiliconFlow
1180,77,21,0,0,1,,,text,SiliconFlow
1181,77,23,0,0,1,,,text,SiliconFlow
1182,77,25,0,0,1,,,text,SiliconFlow
1183,77,27,0,0,1,,,text,SiliconFlow
1184,77,29,0,0,1,,,text,SiliconFlow
1185,77,31,0,0,1,,,text,SiliconFlow
1186,77,33,0,0,1,,,text,SiliconFlow
1187,77,35,0,0,1,,,text,SiliconFlow
1188,77,37,0,0,0,,,text,SiliconFlow
1189,77,39,0,0,1,,,text,SiliconFlow
1190,77,41,0,0,1,,,text,SiliconFlow
1191,77,43,0,0,0,,,text,SiliconFlow
1192,77,45,0,0,0,,,text,SiliconFlow
1193,77,47,0,0,0,,,text,SiliconFlow
1194,77,49,0,0,0,,,text,SiliconFlow
1195,77,51,0,0,0,,,text,SiliconFlow
1196,77,53,0,0,0,,,text,SiliconFlow
1197,77,55,0,0,0,,,text,SiliconFlow
1198,77,57,0,0,0,,,text,SiliconFlow
1199,77,59,0,0,0,,,text,SiliconFlow
1200,77,61,0,0,0,,,text,SiliconFlow
1201,77,63,0,0,0,,,text,SiliconFlow
1202,77,65,0,0,0,,,text,SiliconFlow
1203,77,67,0,0,0,,,text,SiliconFlow
1204,77,69,0,0,0,,,text,SiliconFlow
1205,77,71,0,0,0,,,text,SiliconFlow
1206,77,73,0,0,0,,,text,SiliconFlow
1207,77,75,0,0,0,,,text,SiliconFlow
1208,77,77,0,0,0,,,text,SiliconFlow
1209,77,79,0,0,0,,,text,SiliconFlow
1210,77,81,0,0,0,,,text,SiliconFlow
1211,77,83,0,0,0,,,text,SiliconFlow
1212,77,85,0,0,0,,,text,SiliconFlow
1213,77,87,0,0,0,,,text,SiliconFlow
1214,77,89,0,0,0,,,text,SiliconFlow
1215,77,91,0,0,0,,,text,SiliconFlow
1216,77,93,0,0,0,,,text,SiliconFlow
1217,77,95,0,0,0,,,text,SiliconFlow
1218,77,97,0,0,0,,,text,SiliconFlow
1219,77,99,0,0,0,,,text,SiliconFlow
1220,77,101,0,0,0,,,text,SiliconFlow
1221,77,103,1,1,0,,,text,SiliconFlow
1222,77,105,1,1,0,,,text,SiliconFlow
1223,77,107,1,1,0,,,text,SiliconFlow
1224,77,109,0,0,1,,,text,SiliconFlow
1225,77,111,0,0,0,,,text,SiliconFlow
1226,77,113,0,0,0,,,text,SiliconFlow
1227,77,115,0,0,0,,,text,SiliconFlow
1228,77,117,0,0,0,,,text,SiliconFlow
1229,77,119,0,0,0,,,text,SiliconFlow
1230,77,121,0,0,0,,,text,SiliconFlow
1231,77,123,0,0,0,,,text,SiliconFlow
1232,77,125,0,0,0,,,text,SiliconFlow
1233,77,127,0,0,0,,,text,SiliconFlow
1234,77,129,0,0,0,,,text,SiliconFlow
1235,77,131,0,0,0,,,text,SiliconFlow
1236,77,133,0,0,0,,,text,SiliconFlow
1237,77,135,0,0,0,,,text,SiliconFlow
1238,77,137,0,0,0,,,text,SiliconFlow
1239,77,139,0,0,0,,,text,SiliconFlow
1240,77,141,0,0,0,,,text,SiliconFlow
1241,77,143,0,0,0,,,text,SiliconFlow
1242,77,145,0,0,0,,,text,SiliconFlow
1243,77,147,0,0,0,,,text,SiliconFlow
1244,77,149,0,0,0,,,text,SiliconFlow
1245,77,151,0,0,0,,,text,SiliconFlow
1246,77,153,0,0,0,,,text,SiliconFlow
1247,77,155,0,0,0,,,text,SiliconFlow
1248,77,157,0,0,0,,,text,SiliconFlow
1249,77,159,0,0,0,,,text,SiliconFlow
1250,77,161,0,0,0,,,text,SiliconFlow
1251,77,163,0,0,0,,,text,SiliconFlow
1252,77,165,0,0,0,,,text,SiliconFlow
1253,77,167,0,0,0,,,text,SiliconFlow
1254,77,169,0,0,0,,,text,SiliconFlow
1255,77,171,0,0,0,,,text,SiliconFlow
1256,77,173,0,0,0,,,text,SiliconFlow
1257,77,175,0,0,0,,,text,SiliconFlow
1258,77,177,0,0,0,,,text,SiliconFlow
1259,77,179,0,0,0,,,text,SiliconFlow
1260,75,-179,0,0,0,,,text,SiliconFlow
1261,75,-177,0,0,0,,,text,SiliconFlow
1262,75,-175,0,0,0,,,text,SiliconFlow
1263,75,-173,0,0,0,,,text,SiliconFlow
1264,75,-171,0,0,0,,,text,SiliconFlow
1265,75,-169,0,0,0,,,text,SiliconFlow
1266,75,-167,0,0,0,,,text,SiliconFlow
1267,75,-165,0,0,0,,,text,SiliconFlow
1268,75,-163,0,0,0,,,text,SiliconFlow
1269,75,-161,0,0,0,,,text,SiliconFlow
1270,75,-159,0,0,0,,,text,SiliconFlow
1271,75,-157,0,0,0,,,text,SiliconFlow
1272,75,-155,0,0,0,,,text,SiliconFlow
1273,75,-153,0,0,0,,,text,SiliconFlow
1274,75,-151,0,0,0,,,text,SiliconFlow
1275,75,-149,0,0,0,,,text,SiliconFlow
1276,75,-147,0,0,0,,,text,SiliconFlow
1277,75,-145,0,0,0,,,text,SiliconFlow
1278,75,-143,0,0,0,,,text,SiliconFlow
1279,75,-141,0,0,0,,,text,SiliconFlow
1280,75,-139,0,0,0,,,text,SiliconFlow
1281,75,-137,0,0,0,,,text,SiliconFlow
1282,75,-135,0,0,0,,,text,SiliconFlow
1283,75,-133,0,0,0,,,text,SiliconFlow
1284,75,-131,0,0,0,,,text,SiliconFlow
1285,75,-129,0,0,0,,,text,SiliconFlow
1286,75,-127,0,0,0,,,text,SiliconFlow
1287,75,-125,0,0,0,,,text,SiliconFlow
1288,75,-123,0,0,0,,,text,SiliconFlow
1289,75,-121,0,0,0,,,text,SiliconFlow
1290,75,-119,0,0,0,,,text,SiliconFlow
1291,75,-117,0,0,0,,,text,SiliconFlow
1292,75,-115,1,1,0,,,text,SiliconFlow
1293,75,-113,0,0,0,,,text,SiliconFlow
1294,75,-111,1,1,0,,,text,SiliconFlow
1295,75,-109,1,1,0,,,text,SiliconFlow
1296,75,-107,1,1,0,,,text,SiliconFlow
1297,75,-105,0,0,0,,,text,SiliconFlow
1298,75,-103,0,0,0,,,text,SiliconFlow
1299,75,-101,0,0,0,,,text,SiliconFlow
1300,75,-99,1,1,0,,,text,SiliconFlow
1301,75,-97,0,0,0,,,text,SiliconFlow
1302,75,-95,1,1,0,,,text,SiliconFlow
1303,75,-93,0,0,0,,,text,SiliconFlow
1304,75,-91,1,1,0,,,text,SiliconFlow
1305,75,-89,1,1,0,,,text,SiliconFlow
1306,75,-87,1,1,0,,,text,SiliconFlow
1307,75,-85,1,1,0,,,text,SiliconFlow
1308,75,-83,1,1,0,,,text,SiliconFlow
1309,75,-81,1,1,0,,,text,SiliconFlow
1310,75,-79,0,0,0,,,text,SiliconFlow
1311,75,-77,0,0,0,,,text,SiliconFlow
1312,75,-75,0,0,0,,,text,SiliconFlow
1313,75,-73,0,0,0,,,text,SiliconFlow
1314,75,-71,0,0,0,,,text,SiliconFlow
1315,75,-69,0,0,0,,,text,SiliconFlow
1316,75,-67,0,0,0,,,text,SiliconFlow
1317,75,-65,0,0,0,,,text,SiliconFlow
1318,75,-63,0,0,0,,,text,SiliconFlow
1319,75,-61,0,0,0,,,text,SiliconFlow
1320,75,-59,0,0,0,,,text,SiliconFlow
1321,75,-57,1,1,0,,,text,SiliconFlow
1322,75,-55,1,1,0,,,text,SiliconFlow
1323,75,-53,1,1,0,,,text,SiliconFlow
1324,75,-51,1,1,0,,,text,SiliconFlow
1325,75,-49,1,1,0,,,text,SiliconFlow
1326,75,-47,1,1,0,,,text,SiliconFlow
1327,75,-45,1,1,0,,,text,SiliconFlow
1328,75,-43,1,1,0,,,text,SiliconFlow
1329,75,-41,1,1,0,,,text,SiliconFlow
1330,75,-39,1,1,0,,,text,SiliconFlow
1331,75,-37,1,1,0,,,text,SiliconFlow
1332,75,-35,1,1,0,,,text,SiliconFlow
1333,75,-33,1,1,0,,,text,SiliconFlow
1334,75,-31,1,1,0,,,text,SiliconFlow
1335,75,-29,1,1,0,,,text,SiliconFlow
1336,75,-27,1,1,0,,,text,SiliconFlow
1337,75,-25,1,1,0,,,text,SiliconFlow
1338,75,-23,1,1,0,,,text,SiliconFlow
1339,75,-21,1,1,0,,,text,SiliconFlow
1340,75,-19,0,0,0,,,text,SiliconFlow
1341,75,-17,0,0,0,,,text,SiliconFlow
1342,75,-15,0,0,0,,,text,SiliconFlow
1343,75,-13,0,0,0,,,text,SiliconFlow
1344,75,-11,0,0,0,,,text,SiliconFlow
1345,75,-9,0,0,0,,,text,SiliconFlow
1346,75,-7,0,0,0,,,text,SiliconFlow
1347,75,-5,0,0,0,,,text,SiliconFlow
1348,75,-3,0,0,0,,,text,SiliconFlow
1349,75,-1,0,0,0,,,text,SiliconFlow
1350,75,1,0,0,0,,,text,SiliconFlow
1351,75,3,0,0,0,,,text,SiliconFlow
1352,75,5,0,0,0,,,text,SiliconFlow
1353,75,7,0,0,0,,,text,SiliconFlow
1354,75,9,0,0,0,,,text,SiliconFlow
1355,75,11,0,0,0,,,text,SiliconFlow
1356,75,13,0,0,0,,,text,SiliconFlow
1357,75,15,0,0,0,,,text,SiliconFlow
1358,75,17,0,0,1,,,text,SiliconFlow
1359,75,19,0,0,1,,,text,SiliconFlow
1360,75,21,0,0,1,,,text,SiliconFlow
1361,75,23,0,0,1,,,text,SiliconFlow
1362,75,25,0,0,0,,,text,SiliconFlow
1363,75,27,0,0,1,,,text,SiliconFlow
1364,75,29,0,0,1,,,text,SiliconFlow
1365,75,31,0,0,1,,,text,SiliconFlow
1366,75,33,0,0,1,,,text,SiliconFlow
1367,75,35,0,0,1,,,text,SiliconFlow
1368,75,37,0,0,0,,,text,SiliconFlow
1369,75,39,0,0,0,,,text,SiliconFlow
1370,75,41,0,0,0,,,text,SiliconFlow
1371,75,43,0,0,1,,,text,SiliconFlow
1372,75,45,0,0,0,,,text,SiliconFlow
1373,75,47,0,0,1,,,text,SiliconFlow
1374,75,49,0,0,1,,,text,SiliconFlow
1375,75,51,0,0,1,,,text,SiliconFlow
1376,75,53,0,0,0,,,text,SiliconFlow
1377,75,55,0,0,0,,,text,SiliconFlow
1378,75,57,1,1,0,,,text,SiliconFlow
1379,75,59,1,1,1,,,text,SiliconFlow
1380,75,61,0,0,0,,,text,SiliconFlow
1381,75,63,0,0,0,,,text,SiliconFlow
1382,75,65,0,0,0,,,text,SiliconFlow
1383,75,67,0,0,0,,,text,SiliconFlow
1384,75,69,0,0,0,,,text,SiliconFlow
1385,75,71,0,0,0,,,text,SiliconFlow
1386,75,73,0,0,0,,,text,SiliconFlow
1387,75,75,0,0,0,,,text,SiliconFlow
1388,75,77,0,0,0,,,text,SiliconFlow
1389,75,79,0,0,0,,,text,SiliconFlow
1390,75,81,0,0,0,,,text,SiliconFlow
1391,75,83,0,0,0,,,text,SiliconFlow
1392,75,85,0,0,0,,,text,SiliconFlow
1393,75,87,0,0,0,,,text,SiliconFlow
1394,75,89,1,1,0,,,text,SiliconFlow
1395,75,91,1,1,0,,,text,SiliconFlow
1396,75,93,1,1,0,,,text,SiliconFlow
1397,75,95,1,1,0,,,text,SiliconFlow
1398,75,97,1,1,0,,,text,SiliconFlow
1399,75,99,1,1,0,,,text,SiliconFlow
1400,75,101,1,1,0,,,text,SiliconFlow
1401,75,103,1,1,0,,,text,SiliconFlow
1402,75,105,1,1,0,,,text,SiliconFlow
1403,75,107,1,1,0,,,text,SiliconFlow
1404,75,109,1,1,0,,,text,SiliconFlow
1405,75,111,1,1,0,,,text,SiliconFlow
1406,75,113,0,0,0,,,text,SiliconFlow
1407,75,115,0,0,0,,,text,SiliconFlow
1408,75,117,0,0,0,,,text,SiliconFlow
1409,75,119,0,0,0,,,text,SiliconFlow
1410,75,121,0,0,0,,,text,SiliconFlow
1411,75,123,0,0,0,,,text,SiliconFlow
1412,75,125,0,0,0,,,text,SiliconFlow
1413,75,127,0,0,0,,,text,SiliconFlow
1414,75,129,0,0,0,,,text,SiliconFlow
1415,75,131,0,0,0,,,text,SiliconFlow
1416,75,133,0,0,0,,,text,SiliconFlow
1417,75,135,0,0,0,,,text,SiliconFlow
1418,75,137,0,0,0,,,text,SiliconFlow
1419,75,139,1,1,0,,,text,SiliconFlow
1420,75,141,1,1,0,,,text,SiliconFlow
1421,75,143,1,1,0,,,text,SiliconFlow
1422,75,145,0,0,0,,,text,SiliconFlow
1423,75,147,0,0,0,,,text,SiliconFlow
1424,75,149,1,1,0,,,text,SiliconFlow
1425,75,151,0,0,0,,,text,SiliconFlow
1426,75,153,0,0,0,,,text,SiliconFlow
1427,75,155,0,0,0,,,text,SiliconFlow
1428,75,157,0,0,0,,,text,SiliconFlow
1429,75,159,0,0,0,,,text,SiliconFlow
1430,75,161,0,0,0,,,text,SiliconFlow
1431,75,163,0,0,0,,,text,SiliconFlow
1432,75,165,0,0,0,,,text,SiliconFlow
1433,75,167,0,0,0,,,text,SiliconFlow
1434,75,169,0,0,0,,,text,SiliconFlow
1435,75,171,0,0,0,,,text,SiliconFlow
1436,75,173,0,0,0,,,text,SiliconFlow
1437,75,175,0,0,0,,,text,SiliconFlow
1438,75,177,0,0,0,,,text,SiliconFlow
1439,75,179,0,0,0,,,text,SiliconFlow
1440,73,-179,0,0,0,,,text,SiliconFlow
1441,73,-177,0,0,0,,,text,SiliconFlow
1442,73,-175,0,0,0,,,text,SiliconFlow
1443,73,-173,0,0,0,,,text,SiliconFlow
1444,73,-171,0,0,0,,,text,SiliconFlow
1445,73,-169,0,0,0,,,text,SiliconFlow
1446,73,-167,0,0,0,,,text,SiliconFlow
1447,73,-165,0,0,0,,,text,SiliconFlow
1448,73,-163,0,0,0,,,text,SiliconFlow
1449,73,-161,0,0,0,,,text,SiliconFlow
1450,73,-159,0,0,0,,,text,SiliconFlow
1451,73,-157,0,0,0,,,text,SiliconFlow
1452,73,-155,0,0,0,,,text,SiliconFlow
1453,73,-153,0,0,0,,,text,SiliconFlow
1454,73,-151,0,0,0,,,text,SiliconFlow
1455,73,-149,0,0,0,,,text,SiliconFlow
1456,73,-147,0,0,0,,,text,SiliconFlow
1457,73,-145,0,0,0,,,text,SiliconFlow
1458,73,-143,0,0,0,,,text,SiliconFlow
1459,73,-141,0,0,0,,,text,SiliconFlow
1460,73,-139,0,0,0,,,text,SiliconFlow
1461,73,-137,0,0,0,,,text,SiliconFlow
1462,73,-135,0,0,0,,,text,SiliconFlow
1463,73,-133,0,0,0,,,text,SiliconFlow
1464,73,-131,0,0,0,,,text,SiliconFlow
1465,73,-129,0,0,0,,,text,SiliconFlow
1466,73,-127,0,0,0,,,text,SiliconFlow
1467,73,-125,0,0,0,,,text,SiliconFlow
1468,73,-123,1,1,0,,,text,SiliconFlow
1469,73,-121,1,1,0,,,text,SiliconFlow
1470,73,-119,1,1,0,,,text,SiliconFlow
1471,73,-117,0,0,0,,,text,SiliconFlow
1472,73,-115,1,1,0,,,text,SiliconFlow
1473,73,-113,1,1,0,,,text,SiliconFlow
1474,73,-111,0,0,0,,,text,SiliconFlow
1475,73,-109,0,0,0,,,text,SiliconFlow
1476,73,-107,1,1,0,,,text,SiliconFlow
1477,73,-105,0,0,0,,,text,SiliconFlow
1478,73,-103,0,0,0,,,text,SiliconFlow
1479,73,-101,0,0,0,,,text,SiliconFlow
1480,73,-99,1,1,0,,,text,SiliconFlow
1481,73,-97,1,1,0,,,text,SiliconFlow
1482,73,-95,1,1,0,,,text,SiliconFlow
1483,73,-93,1,1,0,,,text,SiliconFlow
1484,73,-91,0,0,0,,,text,SiliconFlow
1485,73,-89,1,1,0,,,text,SiliconFlow
1486,73,-87,1,1,0,,,text,SiliconFlow
1487,73,-85,1,1,0,,,text,SiliconFlow
1488,73,-83,1,1,0,,,text,SiliconFlow
1489,73,-81,1,1,0,,,text,SiliconFlow
1490,73,-79,1,1,0,,,text,SiliconFlow
1491,73,-77,1,1,0,,,text,SiliconFlow
1492,73,-75,0,0,0,,,text,SiliconFlow
1493,73,-73,0,0,0,,,text,SiliconFlow
1494,73,-71,0,0,0,,,text,SiliconFlow
1495,73,-69,0,0,0,,,text,SiliconFlow
1496,73,-67,0,0,0,,,text,SiliconFlow
1497,73,-65,0,0,0,,,text,SiliconFlow
1498,73,-63,0,0,0,,,text,SiliconFlow
1499,73,-61,0,0,0,,,text,SiliconFlow
1500,73,-59,0,0,0,,,text,SiliconFlow
1501,73,-57,0,0,0,,,text,SiliconFlow
1502,73,-55,0,0,0,,,text,SiliconFlow
1503,73,-53,1,1,0,,,text,SiliconFlow
1504,73,-51,1,1,0,,,text,SiliconFlow
1505,73,-49,1,1,0,,,text,SiliconFlow
1506,73,-47,1,1,0,,,text,SiliconFlow
1507,73,-45,1,1,0,,,text,SiliconFlow
1508,73,-43,1,1,0,,,text,SiliconFlow
1509,73,-41,1,1,0,,,text,SiliconFlow
1510,73,-39,1,1,0,,,text,SiliconFlow
1511,73,-37,1,1,0,,,text,SiliconFlow
1512,73,-35,1,1,0,,,text,SiliconFlow
1513,73,-33,1,1,0,,,text,SiliconFlow
1514,73,-31,1,1,0,,,text,SiliconFlow
1515,73,-29,1,1,0,,,text,SiliconFlow
1516,73,-27,1,1,0,,,text,SiliconFlow
1517,73,-25,0,0,0,,,text,SiliconFlow
1518,73,-23,1,1,0,,,text,SiliconFlow
1519,73,-21,0,0,0,,,text,SiliconFlow
1520,73,-19,0,0,0,,,text,SiliconFlow
1521,73,-17,0,0,0,,,text,SiliconFlow
1522,73,-15,0,0,0,,,text,SiliconFlow
1523,73,-13,0,0,0,,,text,SiliconFlow
1524,73,-11,0,0,0,,,text,SiliconFlow
1525,73,-9,0,0,0,,,text,SiliconFlow
1526,73,-7,0,0,0,,,text,SiliconFlow
1527,73,-5,0,0,0,,,text,SiliconFlow
1528,73,-3,0,0,0,,,text,SiliconFlow
1529,73,-1,0,0,0,,,text,SiliconFlow
1530,73,1,0,0,0,,,text,SiliconFlow
1531,73,3,0,0,0,,,text,SiliconFlow
1532,73,5,0,0,0,,,text,SiliconFlow
1533,73,7,0,0,0,,,text,SiliconFlow
1534,73,9,0,0,0,,,text,SiliconFlow
1535,73,11,0,0,0,,,text,SiliconFlow
1536,73,13,0,0,0,,,text,SiliconFlow
1537,73,15,0,0,0,,,text,SiliconFlow
1538,73,17,0,0,0,,,text,SiliconFlow
1539,73,19,0,0,0,,,text,SiliconFlow
1540,73,21,0,0,0,,,text,SiliconFlow
1541,73,23,0,0,1,,,text,SiliconFlow
1542,73,25,0,0,1,,,text,SiliconFlow
1543,73,27,0,0,1,,,text,SiliconFlow
1544,73,29,0,0,1,,,text,SiliconFlow
1545,73,31,0,0,1,,,text,SiliconFlow
1546,73,33,0,0,1,,,text,SiliconFlow
1547,73,35,0,0,1,,,text,SiliconFlow
1548,73,37,0,0,1,,,text,SiliconFlow
1549,73,39,0,0,0,,,text,SiliconFlow
1550,73,41,0,0,0,,,text,SiliconFlow
1551,73,43,0,0,0,,,text,SiliconFlow
1552,73,45,0,0,0,,,text,SiliconFlow
1553,73,47,0,0,0,,,text,SiliconFlow
1554,73,49,0,0,0,,,text,SiliconFlow
1555,73,51,0,0,0,,,text,SiliconFlow
1556,73,53,0,0,0,,,text,SiliconFlow
1557,73,55,1,1,0,,,text,SiliconFlow
1558,73,57,0,0,0,,,text,SiliconFlow
1559,73,59,0,0,0,,,text,SiliconFlow
1560,73,61,0,0,0,,,text,SiliconFlow
1561,73,63,0,0,0,,,text,SiliconFlow
1562,73,65,0,0,0,,,text,SiliconFlow
1563,73,67,0,0,0,,,text,SiliconFlow
1564,73,69,0,0,0,,,text,SiliconFlow
1565,73,71,0,0,0,,,text,SiliconFlow
1566,73,73,0,0,0,,,text,SiliconFlow
1567,73,75,0,0,0,,,text,SiliconFlow
1568,73,77,0,0,0,,,text,SiliconFlow
1569,73,79,1,1,0,,,text,SiliconFlow
1570,73,81,1,1,0,,,text,SiliconFlow
1571,73,83,1,1,0,,,text,SiliconFlow
1572,73,85,1,1,0,,,text,SiliconFlow
1573,73,87,1,1,0,,,text,SiliconFlow
1574,73,89,1,1,0,,,text,SiliconFlow
1575,73,91,1,1,0,,,text,SiliconFlow
1576,73,93,1,1,0,,,text,SiliconFlow
1577,73,95,1,1,0,,,text,SiliconFlow
1578,73,97,1,1,0,,,text,SiliconFlow
1579,73,99,1,1,0,,,text,SiliconFlow
1580,73,101,1,0,0,,,text,SiliconFlow
1581,73,103,1,1,0,,,text,SiliconFlow
1582,73,105,1,1,0,,,text,SiliconFlow
1583,73,107,1,1,0,,,text,SiliconFlow
1584,73,109,1,1,0,,,text,SiliconFlow
1585,73,111,1,1,0,,,text,SiliconFlow
1586,73,113,1,1,0,,,text,SiliconFlow
1587,73,115,1,1,0,,,text,SiliconFlow
1588,73,117,1,1,0,,,text,SiliconFlow
1589,73,119,1,1,0,,,text,SiliconFlow
1590,73,121,0,0,0,,,text,SiliconFlow
1591,73,123,0,0,0,,,text,SiliconFlow
1592,73,125,1,1,0,,,text,SiliconFlow
1593,73,127,1,1,0,,,text,SiliconFlow
1594,73,129,1,1,0,,,text,SiliconFlow
1595,73,131,0,0,0,,,text,SiliconFlow
1596,73,133,0,0,0,,,text,SiliconFlow
1597,73,135,0,0,0,,,text,SiliconFlow
1598,73,137,0,0,0,,,text,SiliconFlow
1599,73,139,0,0,0,,,text,SiliconFlow
1600,73,141,0,0,0,,,text,SiliconFlow
1601,73,143,0,0,0,,,text,SiliconFlow
1602,73,145,0,0,0,,,text,SiliconFlow
1603,73,147,0,0,0,,,text,SiliconFlow
1604,73,149,0,0,0,,,text,SiliconFlow
1605,73,151,0,0,0,,,text,SiliconFlow
1606,73,153,0,0,0,,,text,SiliconFlow
1607,73,155,0,0,0,,,text,SiliconFlow
1608,73,157,0,0,0,,,text,SiliconFlow
1609,73,159,0,0,0,,,text,SiliconFlow
1610,73,161,0,0,0,,,text,SiliconFlow
1611,73,163,0,0,0,,,text,SiliconFlow
1612,73,165,0,0,0,,,text,SiliconFlow
1613,73,167,0,0,0,,,text,SiliconFlow
1614,73,169,0,0,0,,,text,SiliconFlow
1615,73,171,0,0,0,,,text,SiliconFlow
1616,73,173,0,0,0,,,text,SiliconFlow
1617,73,175,0,0,0,,,text,SiliconFlow
1618,73,177,0,0,0,,,text,SiliconFlow
1619,73,179,0,0,0,,,text,SiliconFlow
1620,71,-179,1,1,0,,,text,SiliconFlow
1621,71,-177,0,0,0,,,text,SiliconFlow
1622,71,-175,0,0,0,,,text,SiliconFlow
1623,71,-173,0,0,0,,,text,SiliconFlow
1624,71,-171,0,0,0,,,text,SiliconFlow
1625,71,-169,0,0,0,,,text,SiliconFlow
1626,71,-167,0,0,0,,,text,SiliconFlow
1627,71,-165,0,0,0,,,text,SiliconFlow
1628,71,-163,0,0,0,,,text,SiliconFlow
1629,71,-161,0,0,0,,,text,SiliconFlow
1630,71,-159,0,0,0,,,text,SiliconFlow
1631,71,-157,1,1,0,,,text,SiliconFlow
1632,71,-155,1,1,0,,,text,SiliconFlow
1633,71,-153,0,0,0,,,text,SiliconFlow
1634,71,-151,0,0,0,,,text,SiliconFlow
1635,71,-149,0,0,0,,,text,SiliconFlow
1636,71,-147,0,0,0,,,text,SiliconFlow
1637,71,-145,0,0,0,,,text,SiliconFlow
1638,71,-143,0,0,0,,,text,SiliconFlow
1639,71,-141,0,0,0,,,text,SiliconFlow
1640,71,-139,0,0,0,,,text,SiliconFlow
1641,71,-137,0,0,0,,,text,SiliconFlow
1642,71,-135,0,0,0,,,text,SiliconFlow
1643,71,-133,0,0,0,,,text,SiliconFlow
1644,71,-131,0,0,0,,,text,SiliconFlow
1645,71,-129,0,0,0,,,text,SiliconFlow
1646,71,-127,0,0,0,,,text,SiliconFlow
1647,71,-125,0,0,0,,,text,SiliconFlow
1648,71,-123,0,0,0,,,text,SiliconFlow
1649,71,-121,0,0,0,,,text,SiliconFlow
1650,71,-119,0,0,0,,,text,SiliconFlow
1651,71,-117,1,1,0,,,text,SiliconFlow
1652,71,-115,1,1,0,,,text,SiliconFlow
1653,71,-113,1,1,0,,,text,SiliconFlow
1654,71,-111,1,1,0,,,text,SiliconFlow
1655,71,-109,1,1,0,,,text,SiliconFlow
1656,71,-107,1,1,0,,,text,SiliconFlow
1657,71,-105,1,1,0,,,text,SiliconFlow
1658,71,-103,0,0,0,,,text,SiliconFlow
1659,71,-101,0,0,0,,,text,SiliconFlow
1660,71,-99,0,0,0,,,text,SiliconFlow
1661,71,-97,0,0,0,,,text,SiliconFlow
1662,71,-95,1,1,0,,,text,SiliconFlow
1663,71,-93,1,1,0,,,text,SiliconFlow
1664,71,-91,0,0,0,,,text,SiliconFlow
1665,71,-89,1,1,0,,,text,SiliconFlow
1666,71,-87,1,1,0,,,text,SiliconFlow
1667,71,-85,1,1,0,,,text,SiliconFlow
1668,71,-83,1,1,0,,,text,SiliconFlow
1669,71,-81,1,1,0,,,text,SiliconFlow
1670,71,-79,1,1,0,,,text,SiliconFlow
1671,71,-77,1,1,0,,,text,SiliconFlow
1672,71,-75,1,1,0,,,text,SiliconFlow
1673,71,-73,1,1,0,,,text,SiliconFlow
1674,71,-71,1,1,0,,,text,SiliconFlow
1675,71,-69,0,0,0,,,text,SiliconFlow
1676,71,-67,0,0,0,,,text,SiliconFlow
1677,71,-65,0,0,0,,,text,SiliconFlow
1678,71,-63,0,0,0,,,text,SiliconFlow
1679,71,-61,0,0,0,,,text,SiliconFlow
1680,71,-59,0,0,0,,,text,SiliconFlow
1681,71,-57,0,0,0,,,text,SiliconFlow
1682,71,-55,0,0,0,,,text,SiliconFlow
1683,71,-53,0,0,0,,,text,SiliconFlow
1684,71,-51,0,0,0,,,text,SiliconFlow
1685,71,-49,1,1,0,,,text,SiliconFlow
1686,71,-47,1,1,0,,,text,SiliconFlow
1687,71,-45,1,1,0,,,text,SiliconFlow
1688,71,-43,1,1,0,,,text,SiliconFlow
1689,71,-41,1,1,0,,,text,SiliconFlow
1690,71,-39,1,1,0,,,text,SiliconFlow
1691,71,-37,1,1,0,,,text,SiliconFlow
1692,71,-35,1,1,0,,,text,SiliconFlow
1693,71,-33,1,1,0,,,text,SiliconFlow
1694,71,-31,1,1,0,,,text,SiliconFlow
1695,71,-29,1,1,0,,,text,SiliconFlow
1696,71,-27,1,1,0,,,text,SiliconFlow
1697,71,-25,0,0,0,,,text,SiliconFlow
1698,71,-23,1,1,0,,,text,SiliconFlow
1699,71,-21,0,0,0,,,text,SiliconFlow
1700,71,-19,0,0,0,,,text,SiliconFlow
1701,71,-17,0,0,0,,,text,SiliconFlow
1702,71,-15,0,0,0,,,text,SiliconFlow
1703,71,-13,0,0,0,,,text,SiliconFlow
1704,71,-11,0,0,0,,,text,SiliconFlow
1705,71,-9,0,0,0,,,text,SiliconFlow
1706,71,-7,0,0,0,,,text,SiliconFlow
1707,71,-5,0,0,0,,,text,SiliconFlow
1708,71,-3,0,0,0,,,text,SiliconFlow
1709,71,-1,0,0,0,,,text,SiliconFlow
1710,71,1,0,0,0,,,text,SiliconFlow
1711,71,3,0,0,0,,,text,SiliconFlow
1712,71,5,0,0,0,,,text,SiliconFlow
1713,71,7,0,0,0,,,text,SiliconFlow
1714,71,9,0,0,0,,,text,SiliconFlow
1715,71,11,0,0,0,,,text,SiliconFlow
1716,71,13,0,0,0,,,text,SiliconFlow
1717,71,15,0,0,0,,,text,SiliconFlow
1718,71,17,0,0,0,,,text,SiliconFlow
1719,71,19,0,0,0,,,text,SiliconFlow
1720,71,21,0,0,0,,,text,SiliconFlow
1721,71,23,0,0,0,,,text,SiliconFlow
1722,71,25,1,1,0,,,text,SiliconFlow
1723,71,27,0,0,1,,,text,SiliconFlow
1724,71,29,0,0,1,,,text,SiliconFlow
1725,71,31,0,0,1,,,text,SiliconFlow
1726,71,33,0,0,1,,,text,SiliconFlow
1727,71,35,0,0,1,,,text,SiliconFlow
1728,71,37,0,0,1,,,text,SiliconFlow
1729,71,39,0,0,0,,,text,SiliconFlow
1730,71,41,0,0,0,,,text,SiliconFlow
1731,71,43,0,0,0,,,text,SiliconFlow
1732,71,45,0,0,0,,,text,SiliconFlow
1733,71,47,0,0,0,,,text,SiliconFlow
1734,71,49,0,0,0,,,text,SiliconFlow
1735,71,51,0,0,0,,,text,SiliconFlow
1736,71,53,1,1,0,,,text,SiliconFlow
1737,71,55,1,1,0,,,text,SiliconFlow
1738,71,57,0,0,0,,,text,SiliconFlow
1739,71,59,0,0,0,,,text,SiliconFlow
1740,71,61,0,0,0,,,text,SiliconFlow
1741,71,63,0,0,0,,,text,SiliconFlow
1742,71,65,0,0,0,,,text,SiliconFlow
1743,71,67,1,1,0,,,text,SiliconFlow
1744,71,69,1,1,0,,,text,SiliconFlow
1745,71,71,1,1,0,,,text,SiliconFlow
1746,71,73,0,0,0,,,text,SiliconFlow
1747,71,75,1,1,0,,,text,SiliconFlow
1748,71,77,1,1,0,,,text,SiliconFlow
1749,71,79,1,1,0,,,text,SiliconFlow
1750,71,81,1,1,0,,,text,SiliconFlow
1751,71,83,0,0,0,,,text,SiliconFlow
1752,71,85,1,1,1,,,text,SiliconFlow
1753,71,87,1,1,0,,,text,SiliconFlow
1754,71,89,1,1,0,,,text,SiliconFlow
1755,71,91,1,1,0,,,text,SiliconFlow
1756,71,93,1,1,0,,,text,SiliconFlow
1757,71,95,1,1,0,,,text,SiliconFlow
1758,71,97,1,1,0,,,text,SiliconFlow
1759,71,99,1,1,0,,,text,SiliconFlow
1760,71,101,1,1,0,,,text,SiliconFlow
1761,71,103,1,1,0,,,text,SiliconFlow
1762,71,105,1,1,0,,,text,SiliconFlow
1763,71,107,1,1,0,,,text,SiliconFlow
1764,71,109,1,1,0,,,text,SiliconFlow
1765,71,111,1,1,0,,,text,SiliconFlow
1766,71,113,1,1,0,,,text,SiliconFlow
1767,71,115,1,1,0,,,text,SiliconFlow
1768,71,117,1,1,0,,,text,SiliconFlow
1769,71,119,1,1,0,,,text,SiliconFlow
1770,71,121,1,1,0,,,text,SiliconFlow
1771,71,123,1,1,0,,,text,SiliconFlow
1772,71,125,1,1,0,,,text,SiliconFlow
1773,71,127,1,1,0,,,text,SiliconFlow
1774,71,129,1,1,0,,,text,SiliconFlow
1775,71,131,0,0,0,,,text,SiliconFlow
1776,71,133,1,1,0,,,text,SiliconFlow
1777,71,135,1,1,0,,,text,SiliconFlow
1778,71,137,1,1,0,,,text,SiliconFlow
1779,71,139,1,1,0,,,text,SiliconFlow
1780,71,141,1,1,0,,,text,SiliconFlow
1781,71,143,1,1,0,,,text,SiliconFlow
1782,71,145,1,1,0,,,text,SiliconFlow
1783,71,147,1,1,0,,,text,SiliconFlow
1784,71,149,1,1,0,,,text,SiliconFlow
1785,71,151,1,1,0,,,text,SiliconFlow
1786,71,153,0,0,0,,,text,SiliconFlow
1787,71,155,1,1,0,,,text,SiliconFlow
1788,71,157,1,1,0,,,text,SiliconFlow
1789,71,159,0,0,0,,,text,SiliconFlow
1790,71,161,0,0,0,,,text,SiliconFlow
1791,71,163,0,0,0,,,text,SiliconFlow
1792,71,165,0,0,0,,,text,SiliconFlow
1793,71,167,0,0,0,,,text,SiliconFlow
1794,71,169,0,0,0,,,text,SiliconFlow
1795,71,171,0,0,0,,,text,SiliconFlow
1796,71,173,0,0,0,,,text,SiliconFlow
1797,71,175,0,0,0,,,text,SiliconFlow
1798,71,177,0,0,0,,,text,SiliconFlow
1799,71,179,1,1,0,,,text,SiliconFlow
1800,69,-179,0,0,0,,,text,SiliconFlow
1801,69,-177,0,0,0,,,text,SiliconFlow
1802,69,-175,0,0,0,,,text,SiliconFlow
1803,69,-173,0,0,0,,,text,SiliconFlow
1804,69,-171,0,0,0,,,text,SiliconFlow
1805,69,-169,0,0,0,,,text,SiliconFlow
1806,69,-167,0,0,0,,,text,SiliconFlow
1807,69,-165,0,0,0,,,text,SiliconFlow
1808,69,-163,1,1,0,,,text,SiliconFlow
1809,69,-161,1,1,0,,,text,SiliconFlow
1810,69,-159,1,1,0,,,text,SiliconFlow
1811,69,-157,1,1,0,,,text,SiliconFlow
1812,69,-155,1,1,1,,,text,SiliconFlow
1813,69,-153,1,1,0,,,text,SiliconFlow
1814,69,-151,1,1,0,,,text,SiliconFlow
1815,69,-149,1,1,1,,,text,SiliconFlow
1816,69,-147,1,1,0,,,text,SiliconFlow
1817,69,-145,1,1,0,,,text,SiliconFlow
1818,69,-143,1,1,0,,,text,SiliconFlow
1819,69,-141,1,1,0,,,text,SiliconFlow
1820,69,-139,1,1,0,,,text,SiliconFlow
1821,69,-137,0,0,0,,,text,SiliconFlow
1822,69,-135,1,1,0,,,text,SiliconFlow
1823,69,-133,1,1,0,,,text,SiliconFlow
1824,69,-131,1,1,0,,,text,SiliconFlow
1825,69,-129,1,1,0,,,text,SiliconFlow
1826,69,-127,1,1,0,,,text,SiliconFlow
1827,69,-125,1,1,0,,,text,SiliconFlow
1828,69,-123,1,1,0,,,text,SiliconFlow
1829,69,-121,1,1,0,,,text,SiliconFlow
1830,69,-119,1,1,0,,,text,SiliconFlow
1831,69,-117,0,0,0,,,text,SiliconFlow
1832,69,-115,0,0,0,,,text,SiliconFlow
1833,69,-113,1,1,0,,,text,SiliconFlow
1834,69,-111,1,1,0,,,text,SiliconFlow
1835,69,-109,1,1,0,,,text,SiliconFlow
1836,69,-107,0,0,0,,,text,SiliconFlow
1837,69,-105,1,1,0,,,text,SiliconFlow
1838,69,-103,1,1,0,,,text,SiliconFlow
1839,69,-101,0,0,0,,,text,SiliconFlow
1840,69,-99,1,1,0,,,text,SiliconFlow
1841,69,-97,1,1,0,,,text,SiliconFlow
1842,69,-95,0,0,0,,,text,SiliconFlow
1843,69,-93,1,1,0,,,text,SiliconFlow
1844,69,-91,1,1,0,,,text,SiliconFlow
1845,69,-89,1,1,0,,,text,SiliconFlow
1846,69,-87,0,0,0,,,text,SiliconFlow
1847,69,-85,1,1,0,,,text,SiliconFlow
1848,69,-83,1,1,0,,,text,SiliconFlow
1849,69,-81,0,0,0,,,text,SiliconFlow
1850,69,-79,1,1,0,,,text,SiliconFlow
1851,69,-77,0,0,0,,,text,SiliconFlow
1852,69,-75,1,1,0,,,text,SiliconFlow
1853,69,-73,1,1,0,,,text,SiliconFlow
1854,69,-71,1,1,0,,,text,SiliconFlow
1855,69,-69,1,1,0,,,text,SiliconFlow
1856,69,-67,0,0,0,,,text,SiliconFlow
1857,69,-65,0,0,0,,,text,SiliconFlow
1858,69,-63,0,0,0,,,text,SiliconFlow
1859,69,-61,0,0,0,,,text,SiliconFlow
1860,69,-59,0,0,0,,,text,SiliconFlow
1861,69,-57,0,0,0,,,text,SiliconFlow
1862,69,-55,0,0,0,,,text,SiliconFlow
1863,69,-53,0,0,0,,,text,SiliconFlow
1864,69,-51,1,1,0,,,text,SiliconFlow
1865,69,-49,1,1,0,,,text,SiliconFlow
1866,69,-47,1,1,0,,,text,SiliconFlow
1867,69,-45,1,1,0,,,text,SiliconFlow
1868,69,-43,1,1,0,,,text,SiliconFlow
1869,69,-41,1,1,0,,,text,SiliconFlow
1870,69,-39,1,1,0,,,text,SiliconFlow
1871,69,-37,1,1,0,,,text,SiliconFlow
1872,69,-35,1,1,0,,,text,SiliconFlow
1873,69,-33,1,1,0,,,text,SiliconFlow
1874,69,-31,1,1,0,,,text,SiliconFlow
1875,69,-29,1,1,0,,,text,SiliconFlow
1876,69,-27,1,1,0,,,text,SiliconFlow
1877,69,-25,0,0,0,,,text,SiliconFlow
1878,69,-23,0,0,0,,,text,SiliconFlow
1879,69,-21,0,0,0,,,text,SiliconFlow
1880,69,-19,0,0,0,,,text,SiliconFlow
1881,69,-17,0,0,0,,,text,SiliconFlow
1882,69,-15,0,0,0,,,text,SiliconFlow
1883,69,-13,0,0,0,,,text,SiliconFlow
1884,69,-11,0,0,0,,,text,SiliconFlow
1885,69,-9,0,0,0,,,text,SiliconFlow
1886,69,-7,0,0,0,,,text,SiliconFlow
1887,69,-5,0,0,0,,,text,SiliconFlow
1888,69,-3,0,0,0,,,text,SiliconFlow
1889,69,-1,0,0,0,,,text,SiliconFlow
1890,69,1,0,0,0,,,text,SiliconFlow
1891,69,3,0,0,0,,,text,SiliconFlow
1892,69,5,0,0,0,,,text,SiliconFlow
1893,69,7,0,0,0,,,text,SiliconFlow
1894,69,9,0,0,0,,,text,SiliconFlow
1895,69,11,0,0,0,,,text,SiliconFlow
1896,69,13,0,0,0,,,text,SiliconFlow
1897,69,15,0,0,0,,,text,SiliconFlow
1898,69,17,0,0,0,,,text,SiliconFlow
1899,69,19,1,1,1,,,text,SiliconFlow
1900,69,21,1,1,1,,,text,SiliconFlow
1901,69,23,1,1,1,,,text,SiliconFlow
1902,69,25,1,1,1,,,text,SiliconFlow
1903,69,27,1,1,1,,,text,SiliconFlow
1904,69,29,1,1,0,,,text,SiliconFlow
1905,69,31,1,1,0,,,text,SiliconFlow
1906,69,33,1,1,0,,,text,SiliconFlow
1907,69,35,1,1,1,,,text,SiliconFlow
1908,69,37,0,0,1,,,text,SiliconFlow
1909,69,39,0,0,0,,,text,SiliconFlow
1910,69,41,0,0,1,,,text,SiliconFlow
1911,69,43,0,0,0,,,text,SiliconFlow
1912,69,45,0,0,0,,,text,SiliconFlow
1913,69,47,0,0,1,,,text,SiliconFlow
1914,69,49,1,1,1,,,text,SiliconFlow
1915,69,51,0,0,0,,,text,SiliconFlow
1916,69,53,0,0,1,,,text,SiliconFlow
1917,69,55,0,0,0,,,text,SiliconFlow
1918,69,57,0,0,0,,,text,SiliconFlow
1919,69,59,0,0,0,,,text,SiliconFlow
1920,69,61,1,1,0,,,text,SiliconFlow
1921,69,63,1,1,0,,,text,SiliconFlow
1922,69,65,1,1,0,,,text,SiliconFlow
1923,69,67,0,0,0,,,text,SiliconFlow
1924,69,69,1,1,0,,,text,SiliconFlow
1925,69,71,1,1,0,,,text,SiliconFlow
1926,69,73,0,0,0,,,text,SiliconFlow
1927,69,75,0,0,0,,,text,SiliconFlow
1928,69,77,0,0,0,,,text,SiliconFlow
1929,69,79,1,1,0,,,text,SiliconFlow
1930,69,81,1,1,0,,,text,SiliconFlow
1931,69,83,1,1,0,,,text,SiliconFlow
1932,69,85,1,1,0,,,text,SiliconFlow
1933,69,87,1,1,0,,,text,SiliconFlow
1934,69,89,1,1,0,,,text,SiliconFlow
1935,69,91,1,0,0,,,text,SiliconFlow
1936,69,93,1,1,0,,,text,SiliconFlow
1937,69,95,1,1,0,,,text,SiliconFlow
1938,69,97,1,1,0,,,text,SiliconFlow
1939,69,99,1,1,0,,,text,SiliconFlow
1940,69,101,1,1,0,,,text,SiliconFlow
1941,69,103,1,1,0,,,text,SiliconFlow
1942,69,105,1,1,0,,,text,SiliconFlow
1943,69,107,1,1,0,,,text,SiliconFlow
1944,69,109,1,1,0,,,text,SiliconFlow
1945,69,111,1,1,0,,,text,SiliconFlow
1946,69,113,1,1,0,,,text,SiliconFlow
1947,69,115,1,1,0,,,text,SiliconFlow
1948,69,117,1,1,0,,,text,SiliconFlow
1949,69,119,1,1,0,,,text,SiliconFlow
1950,69,121,1,1,0,,,text,SiliconFlow
1951,69,123,1,1,0,,,text,SiliconFlow
1952,69,125,1,1,0,,,text,SiliconFlow
1953,69,127,1,1,0,,,text,SiliconFlow
1954,69,129,1,1,0,,,text,SiliconFlow
1955,69,131,1,1,0,,,text,SiliconFlow
1956,69,133,1,1,0,,,text,SiliconFlow
1957,69,135,1,1,0,,,text,SiliconFlow
1958,69,137,1,1,0,,,text,SiliconFlow
1959,69,139,1,1,0,,,text,SiliconFlow
1960,69,141,1,1,0,,,text,SiliconFlow
1961,69,143,1,1,0,,,text,SiliconFlow
1962,69,145,1,1,0,,,text,SiliconFlow
1963,69,147,1,1,0,,,text,SiliconFlow
1964,69,149,1,1,0,,,text,SiliconFlow
1965,69,151,1,1,0,,,text,SiliconFlow
1966,69,153,1,1,0,,,text,SiliconFlow
1967,69,155,1,1,0,,,text,SiliconFlow
1968,69,157,1,1,0,,,text,SiliconFlow
1969,69,159,1,1,0,,,text,SiliconFlow
1970,69,161,1,1,0,,,text,SiliconFlow
1971,69,163,1,1,0,,,text,SiliconFlow
1972,69,165,1,1,0,,,text,SiliconFlow
1973,69,167,1,1,0,,,text,SiliconFlow
1974,69,169,1,1,0,,,text,SiliconFlow
1975,69,171,1,1,0,,,text,SiliconFlow
1976,69,173,1,1,0,,,text,SiliconFlow
1977,69,175,1,1,0,,,text,SiliconFlow
1978,69,177,1,1,0,,,text,SiliconFlow
1979,69,179,1,1,0,,,text,SiliconFlow
1980,67,-179,1,1,0,,,text,SiliconFlow
1981,67,-177,1,1,0,,,text,SiliconFlow
1982,67,-175,1,1,0,,,text,SiliconFlow
1983,67,-173,1,1,0,,,text,SiliconFlow
1984,67,-171,0,0,0,,,text,SiliconFlow
1985,67,-169,0,0,0,,,text,SiliconFlow
1986,67,-167,0,0,0,,,text,SiliconFlow
1987,67,-165,0,0,0,,,text,SiliconFlow
1988,67,-163,0,0,0,,,text,SiliconFlow
1989,67,-161,1,1,0,,,text,SiliconFlow
1990,67,-159,1,1,0,,,text,SiliconFlow
1991,67,-157,1,1,0,,,text,SiliconFlow
1992,67,-155,1,1,1,,,text,SiliconFlow
1993,67,-153,1,1,1,,,text,SiliconFlow
1994,67,-151,1,1,1,,,text,SiliconFlow
1995,67,-149,1,1,1,,,text,SiliconFlow
1996,67,-147,1,1,1,,,text,SiliconFlow
1997,67,-145,1,1,1,,,text,SiliconFlow
1998,67,-143,1,1,0,,,text,SiliconFlow
1999,67,-141,1,1,1,,,text,SiliconFlow
2000,67,-139,1,1,1,,,text,SiliconFlow
2001,67,-137,1,1,0,,,text,SiliconFlow
2002,67,-135,1,1,0,,,text,SiliconFlow
2003,67,-133,1,1,0,,,text,SiliconFlow
2004,67,-131,1,1,0,,,text,SiliconFlow
2005,67,-129,1,1,0,,,text,SiliconFlow
2006,67,-127,1,1,0,,,text,SiliconFlow
2007,67,-125,1,1,0,,,text,SiliconFlow
2008,67,-123,1,1,0,,,text,SiliconFlow
2009,67,-121,1,1,0,,,text,SiliconFlow
2010,67,-119,1,1,0,,,text,SiliconFlow
2011,67,-117,1,1,0,,,text,SiliconFlow
2012,67,-115,1,1,0,,,text,SiliconFlow
2013,67,-113,1,1,0,,,text,SiliconFlow
2014,67,-111,1,1,0,,,text,SiliconFlow
2015,67,-109,1,1,0,,,text,SiliconFlow
2016,67,-107,1,1,0,,,text,SiliconFlow
2017,67,-105,1,1,1,,,text,SiliconFlow
2018,67,-103,1,1,0,,,text,SiliconFlow
2019,67,-101,1,1,0,,,text,SiliconFlow
2020,67,-99,1,1,0,,,text,SiliconFlow
2021,67,-97,1,1,0,,,text,SiliconFlow
2022,67,-95,1,1,0,,,text,SiliconFlow
2023,67,-93,1,1,0,,,text,SiliconFlow
2024,67,-91,1,1,0,,,text,SiliconFlow
2025,67,-89,1,1,0,,,text,SiliconFlow
2026,67,-87,1,1,0,,,text,SiliconFlow
2027,67,-85,1,1,0,,,text,SiliconFlow
2028,67,-83,1,1,0,,,text,SiliconFlow
2029,67,-81,0,0,0,,,text,SiliconFlow
2030,67,-79,0,0,0,,,text,SiliconFlow
2031,67,-77,0,0,0,,,text,SiliconFlow
2032,67,-75,0,0,0,,,text,SiliconFlow
2033,67,-73,0,0,0,,,text,SiliconFlow
2034,67,-71,1,0,0,,,text,SiliconFlow
2035,67,-69,1,1,0,,,text,SiliconFlow
2036,67,-67,1,1,0,,,text,SiliconFlow
2037,67,-65,1,1,0,,,text,SiliconFlow
2038,67,-63,0,0,0,,,text,SiliconFlow
2039,67,-61,0,0,0,,,text,SiliconFlow
2040,67,-59,0,0,0,,,text,SiliconFlow
2041,67,-57,0,0,0,,,text,SiliconFlow
2042,67,-55,0,0,0,,,text,SiliconFlow
2043,67,-53,1,1,0,,,text,SiliconFlow
2044,67,-51,1,1,0,,,text,SiliconFlow
2045,67,-49,1,1,0,,,text,SiliconFlow
2046,67,-47,1,1,0,,,text,SiliconFlow
2047,67,-45,1,1,0,,,text,SiliconFlow
2048,67,-43,1,1,0,,,text,SiliconFlow
2049,67,-41,1,1,0,,,text,SiliconFlow
2050,67,-39,1,1,0,,,text,SiliconFlow
2051,67,-37,1,1,0,,,text,SiliconFlow
2052,67,-35,1,1,0,,,text,SiliconFlow
2053,67,-33,0,0,0,,,text,SiliconFlow
2054,67,-31,0,0,0,,,text,SiliconFlow
2055,67,-29,0,0,0,,,text,SiliconFlow
2056,67,-27,0,0,0,,,text,SiliconFlow
2057,67,-25,0,0,0,,,text,SiliconFlow
2058,67,-23,0,0,0,,,text,SiliconFlow
2059,67,-21,0,0,0,,,text,SiliconFlow
2060,67,-19,0,0,0,,,text,SiliconFlow
2061,67,-17,0,0,0,,,text,SiliconFlow
2062,67,-15,0,0,0,,,text,SiliconFlow
2063,67,-13,0,0,0,,,text,SiliconFlow
2064,67,-11,0,0,0,,,text,SiliconFlow
2065,67,-9,0,0,0,,,text,SiliconFlow
2066,67,-7,0,0,0,,,text,SiliconFlow
2067,67,-5,0,0,0,,,text,SiliconFlow
2068,67,-3,0,0,0,,,text,SiliconFlow
2069,67,-1,0,0,0,,,text,SiliconFlow
2070,67,1,0,0,0,,,text,SiliconFlow
2071,67,3,0,0,0,,,text,SiliconFlow
2072,67,5,0,0,0,,,text,SiliconFlow
2073,67,7,0,0,0,,,text,SiliconFlow
2074,67,9,0,0,0,,,text,SiliconFlow
2075,67,11,0,0,0,,,text,SiliconFlow
2076,67,13,0,0,0,,,text,SiliconFlow
2077,67,15,1,1,1,,,text,SiliconFlow
2078,67,17,1,1,1,,,text,SiliconFlow
2079,67,19,1,1,1,,,text,SiliconFlow
2080,67,21,1,1,1,,,text,SiliconFlow
2081,67,23,1,1,1,,,text,SiliconFlow
2082,67,25,1,1,1,,,text,SiliconFlow
2083,67,27,1,1,1,,,text,SiliconFlow
2084,67,29,1,1,1,,,text,SiliconFlow
2085,67,31,1,1,1,,,text,SiliconFlow
2086,67,33,1,1,1,,,text,SiliconFlow
2087,67,35,1,1,1,,,text,SiliconFlow
2088,67,37,1,1,1,,,text,SiliconFlow
2089,67,39,1,1,0,,,text,SiliconFlow
2090,67,41,1,1,0,,,text,SiliconFlow
2091,67,43,0,0,0,,,text,SiliconFlow
2092,67,45,1,1,1,,,text,SiliconFlow
2093,67,47,0,0,1,,,text,SiliconFlow
2094,67,49,1,1,1,,,text,SiliconFlow
2095,67,51,1,1,0,,,text,SiliconFlow
2096,67,53,1,1,1,,,text,SiliconFlow
2097,67,55,1,1,0,,,text,SiliconFlow
2098,67,57,1,1,1,,,text,SiliconFlow
2099,67,59,1,1,1,,,text,SiliconFlow
2100,67,61,1,1,0,,,text,SiliconFlow
2101,67,63,1,1,0,,,text,SiliconFlow
2102,67,65,1,1,0,,,text,SiliconFlow
2103,67,67,1,1,0,,,text,SiliconFlow
2104,67,69,1,1,0,,,text,SiliconFlow
2105,67,71,1,1,0,,,text,SiliconFlow
2106,67,73,0,0,0,,,text,SiliconFlow
2107,67,75,1,1,0,,,text,SiliconFlow
2108,67,77,1,1,0,,,text,SiliconFlow
2109,67,79,1,1,0,,,text,SiliconFlow
2110,67,81,1,1,0,,,text,SiliconFlow
2111,67,83,1,1,0,,,text,SiliconFlow
2112,67,85,1,1,0,,,text,SiliconFlow
2113,67,87,1,1,0,,,text,SiliconFlow
2114,67,89,1,1,0,,,text,SiliconFlow
2115,67,91,1,1,0,,,text,SiliconFlow
2116,67,93,1,1,0,,,text,SiliconFlow
2117,67,95,1,1,0,,,text,SiliconFlow
2118,67,97,1,1,0,,,text,SiliconFlow
2119,67,99,1,1,0,,,text,SiliconFlow
2120,67,101,1,1,0,,,text,SiliconFlow
2121,67,103,1,1,0,,,text,SiliconFlow
2122,67,105,1,1,0,,,text,SiliconFlow
2123,67,107,1,1,0,,,text,SiliconFlow
2124,67,109,1,1,0,,,text,SiliconFlow
2125,67,111,1,1,0,,,text,SiliconFlow
2126,67,113,1,1,0,,,text,SiliconFlow
2127,67,115,1,1,0,,,text,SiliconFlow
2128,67,117,1,1,0,,,text,SiliconFlow
2129,67,119,1,1,0,,,text,SiliconFlow
2130,67,121,1,1,0,,,text,SiliconFlow
2131,67,123,1,1,0,,,text,SiliconFlow
2132,67,125,1,1,0,,,text,SiliconFlow
2133,67,127,1,1,0,,,text,SiliconFlow
2134,67,129,1,1,0,,,text,SiliconFlow
2135,67,131,1,1,0,,,text,SiliconFlow
2136,67,133,1,1,0,,,text,SiliconFlow
2137,67,135,1,1,0,,,text,SiliconFlow
2138,67,137,1,1,0,,,text,SiliconFlow
2139,67,139,1,1,1,,,text,SiliconFlow
2140,67,141,1,1,0,,,text,SiliconFlow
2141,67,143,1,1,0,,,text,SiliconFlow
2142,67,145,1,1,0,,,text,SiliconFlow
2143,67,147,1,1,0,,,text,SiliconFlow
2144,67,149,1,1,0,,,text,SiliconFlow
2145,67,151,1,1,0,,,text,SiliconFlow
2146,67,153,1,1,0,,,text,SiliconFlow
2147,67,155,1,1,0,,,text,SiliconFlow
2148,67,157,1,1,0,,,text,SiliconFlow
2149,67,159,1,1,0,,,text,SiliconFlow
2150,67,161,1,1,0,,,text,SiliconFlow
2151,67,163,1,1,0,,,text,SiliconFlow
2152,67,165,1,1,0,,,text,SiliconFlow
2153,67,167,1,1,0,,,text,SiliconFlow
2154,67,169,1,1,0,,,text,SiliconFlow
2155,67,171,1,1,0,,,text,SiliconFlow
2156,67,173,1,1,0,,,text,SiliconFlow
2157,67,175,1,1,0,,,text,SiliconFlow
2158,67,177,1,1,0,,,text,SiliconFlow
2159,67,179,1,1,0,,,text,SiliconFlow
2160,65,-179,0,0,0,,,text,SiliconFlow
2161,65,-177,0,0,0,,,text,SiliconFlow
2162,65,-175,1,1,0,,,text,SiliconFlow
2163,65,-173,1,1,0,,,text,SiliconFlow
2164,65,-171,0,0,0,,,text,SiliconFlow
2165,65,-169,0,0,0,,,text,SiliconFlow
2166,65,-167,0,0,0,,,text,SiliconFlow
2167,65,-165,1,1,0,,,text,SiliconFlow
2168,65,-163,1,1,0,,,text,SiliconFlow
2169,65,-161,1,1,0,,,text,SiliconFlow
2170,65,-159,1,1,0,,,text,SiliconFlow
2171,65,-157,1,1,1,,,text,SiliconFlow
2172,65,-155,1,1,1,,,text,SiliconFlow
2173,65,-153,1,1,1,,,text,SiliconFlow
2174,65,-151,1,1,1,,,text,SiliconFlow
2175,65,-149,1,1,1,,,text,SiliconFlow
2176,65,-147,1,1,1,,,text,SiliconFlow
2177,65,-145,1,1,1,,,text,SiliconFlow
2178,65,-143,1,1,1,,,text,SiliconFlow
2179,65,-141,1,1,1,,,text,SiliconFlow
2180,65,-139,1,1,1,,,text,SiliconFlow
2181,65,-137,1,1,0,,,text,SiliconFlow
2182,65,-135,1,1,0,,,text,SiliconFlow
2183,65,-133,1,1,0,,,text,SiliconFlow
2184,65,-131,1,1,1,,,text,SiliconFlow
2185,65,-129,1,1,0,,,text,SiliconFlow
2186,65,-127,1,1,0,,,text,SiliconFlow
2187,65,-125,1,1,0,,,text,SiliconFlow
2188,65,-123,1,1,0,,,text,SiliconFlow
2189,65,-121,1,0,0,,,text,SiliconFlow
2190,65,-119,1,1,1,,,text,SiliconFlow
2191,65,-117,1,1,1,,,text,SiliconFlow
2192,65,-115,1,1,0,,,text,SiliconFlow
2193,65,-113,1,1,0,,,text,SiliconFlow
2194,65,-111,1,1,1,,,text,SiliconFlow
2195,65,-109,1,1,1,,,text,SiliconFlow
2196,65,-107,1,1,0,,,text,SiliconFlow
2197,65,-105,1,1,0,,,text,SiliconFlow
2198,65,-103,1,0,0,,,text,SiliconFlow
2199,65,-101,1,1,0,,,text,SiliconFlow
2200,65,-99,1,1,0,,,text,SiliconFlow
2201,65,-97,1,1,0,,,text,SiliconFlow
2202,65,-95,1,1,0,,,text,SiliconFlow
2203,65,-93,1,1,0,,,text,SiliconFlow
2204,65,-91,1,1,0,,,text,SiliconFlow
2205,65,-89,1,1,0,,,text,SiliconFlow
2206,65,-87,0,0,0,,,text,SiliconFlow
2207,65,-85,1,1,0,,,text,SiliconFlow
2208,65,-83,0,0,0,,,text,SiliconFlow
2209,65,-81,0,0,0,,,text,SiliconFlow
2210,65,-79,0,0,0,,,text,SiliconFlow
2211,65,-77,1,1,0,,,text,SiliconFlow
2212,65,-75,1,1,0,,,text,SiliconFlow
2213,65,-73,1,1,0,,,text,SiliconFlow
2214,65,-71,1,0,0,,,text,SiliconFlow
2215,65,-69,1,1,0,,,text,SiliconFlow
2216,65,-67,1,1,0,,,text,SiliconFlow
2217,65,-65,0,0,0,,,text,SiliconFlow
2218,65,-63,0,0,0,,,text,SiliconFlow
2219,65,-61,0,0,0,,,text,SiliconFlow
2220,65,-59,0,0,0,,,text,SiliconFlow
2221,65,-57,0,0,0,,,text,SiliconFlow
2222,65,-55,0,0,0,,,text,SiliconFlow
2223,65,-53,0,0,0,,,text,SiliconFlow
2224,65,-51,1,1,0,,,text,SiliconFlow
2225,65,-49,1,1,0,,,text,SiliconFlow
2226,65,-47,1,1,0,,,text,SiliconFlow
2227,65,-45,1,1,0,,,text,SiliconFlow
2228,65,-43,1,1,0,,,text,SiliconFlow
2229,65,-41,0,0,0,,,text,SiliconFlow
2230,65,-39,0,0,0,,,text,SiliconFlow
2231,65,-37,0,0,0,,,text,SiliconFlow
2232,65,-35,0,0,0,,,text,SiliconFlow
2233,65,-33,0,0,0,,,text,SiliconFlow
2234,65,-31,0,0,0,,,text,SiliconFlow
2235,65,-29,0,0,0,,,text,SiliconFlow
2236,65,-27,0,0,0,,,text,SiliconFlow
2237,65,-25,0,0,0,,,text,SiliconFlow
2238,65,-23,1,1,0,,,text,SiliconFlow
2239,65,-21,1,1,0,,,text,SiliconFlow
2240,65,-19,1,1,0,,,text,SiliconFlow
2241,65,-17,1,1,0,,,text,SiliconFlow
2242,65,-15,1,1,0,,,text,SiliconFlow
2243,65,-13,0,0,0,,,text,SiliconFlow
2244,65,-11,0,0,0,,,text,SiliconFlow
2245,65,-9,0,0,0,,,text,SiliconFlow
2246,65,-7,0,0,0,,,text,SiliconFlow
2247,65,-5,0,0,0,,,text,SiliconFlow
2248,65,-3,0,0,0,,,text,SiliconFlow
2249,65,-1,0,0,0,,,text,SiliconFlow
2250,65,1,0,0,0,,,text,SiliconFlow
2251,65,3,0,0,0,,,text,SiliconFlow
2252,65,5,0,0,0,,,text,SiliconFlow
2253,65,7,0,0,0,,,text,SiliconFlow
2254,65,9,0,0,0,,,text,SiliconFlow
2255,65,11,0,0,0,,,text,SiliconFlow
2256,65,13,1,1,0,,,text,SiliconFlow
2257,65,15,1,1,0,,,text,SiliconFlow
2258,65,17,1,1,1,,,text,SiliconFlow
2259,65,19,1,1,1,,,text,SiliconFlow
2260,65,21,1,1,1,,,text,SiliconFlow
2261,65,23,0,0,1,,,text,SiliconFlow
2262,65,25,0,0,1,,,text,SiliconFlow
2263,65,27,1,1,1,,,text,SiliconFlow
2264,65,29,1,1,1,,,text,SiliconFlow
2265,65,31,1,1,1,,,text,SiliconFlow
2266,65,33,1,1,1,,,text,SiliconFlow
2267,65,35,0,0,0,,,text,SiliconFlow
2268,65,37,1,1,0,,,text,SiliconFlow
2269,65,39,0,0,1,,,text,SiliconFlow
2270,65,41,1,1,0,,,text,SiliconFlow
2271,65,43,1,1,0,,,text,SiliconFlow
2272,65,45,1,1,1,,,text,SiliconFlow
2273,65,47,1,1,0,,,text,SiliconFlow
2274,65,49,1,1,1,,,text,SiliconFlow
2275,65,51,1,1,1,,,text,SiliconFlow
2276,65,53,1,1,0,,,text,SiliconFlow
2277,65,55,1,1,0,,,text,SiliconFlow
2278,65,57,1,1,0,,,text,SiliconFlow
2279,65,59,1,1,0,,,text,SiliconFlow
2280,65,61,1,1,1,,,text,SiliconFlow
2281,65,63,1,1,1,,,text,SiliconFlow
2282,65,65,1,1,0,,,text,SiliconFlow
2283,65,67,1,1,0,,,text,SiliconFlow
2284,65,69,1,1,1,,,text,SiliconFlow
2285,65,71,1,1,0,,,text,SiliconFlow
2286,65,73,1,1,0,,,text,SiliconFlow
2287,65,75,1,1,0,,,text,SiliconFlow
2288,65,77,1,1,0,,,text,SiliconFlow
2289,65,79,1,1,0,,,text,SiliconFlow
2290,65,81,1,1,0,,,text,SiliconFlow
2291,65,83,1,1,1,,,text,SiliconFlow
2292,65,85,1,1,0,,,text,SiliconFlow
2293,65,87,1,1,0,,,text,SiliconFlow
2294,65,89,1,1,0,,,text,SiliconFlow
2295,65,91,1,1,0,,,text,SiliconFlow
2296,65,93,1,1,0,,,text,SiliconFlow
2297,65,95,1,1,0,,,text,SiliconFlow
2298,65,97,1,1,0,,,text,SiliconFlow
2299,65,99,1,1,0,,,text,SiliconFlow
2300,65,101,1,1,0,,,text,SiliconFlow
2301,65,103,1,1,0,,,text,SiliconFlow
2302,65,105,1,1,0,,,text,SiliconFlow
2303,65,107,1,1,0,,,text,SiliconFlow
2304,65,109,1,1,0,,,text,SiliconFlow
2305,65,111,1,1,0,,,text,SiliconFlow
2306,65,113,1,1,0,,,text,SiliconFlow
2307,65,115,1,1,0,,,text,SiliconFlow
2308,65,117,1,1,0,,,text,SiliconFlow
2309,65,119,1,1,0,,,text,SiliconFlow
2310,65,121,1,1,0,,,text,SiliconFlow
2311,65,123,1,1,0,,,text,SiliconFlow
2312,65,125,1,1,0,,,text,SiliconFlow
2313,65,127,1,1,1,,,text,SiliconFlow
2314,65,129,1,1,0,,,text,SiliconFlow
2315,65,131,1,1,0,,,text,SiliconFlow
2316,65,133,1,1,0,,,text,SiliconFlow
2317,65,135,1,1,0,,,text,SiliconFlow
2318,65,137,1,1,0,,,text,SiliconFlow
2319,65,139,1,1,1,,,text,SiliconFlow
2320,65,141,1,1,0,,,text,SiliconFlow
2321,65,143,1,1,0,,,text,SiliconFlow
2322,65,145,1,1,0,,,text,SiliconFlow
2323,65,147,1,1,1,,,text,SiliconFlow
2324,65,149,1,1,0,,,text,SiliconFlow
2325,65,151,1,1,0,,,text,SiliconFlow
2326,65,153,1,1,0,,,text,SiliconFlow
2327,65,155,1,1,0,,,text,SiliconFlow
2328,65,157,1,1,0,,,text,SiliconFlow
2329,65,159,1,1,0,,,text,SiliconFlow
2330,65,161,1,1,0,,,text,SiliconFlow
2331,65,163,1,1,0,,,text,SiliconFlow
2332,65,165,1,1,0,,,text,SiliconFlow
2333,65,167,1,1,0,,,text,SiliconFlow
2334,65,169,1,1,0,,,text,SiliconFlow
2335,65,171,1,1,0,,,text,SiliconFlow
2336,65,173,1,1,0,,,text,SiliconFlow
2337,65,175,1,1,0,,,text,SiliconFlow
2338,65,177,1,1,0,,,text,SiliconFlow
2339,65,179,1,1,0,,,text,SiliconFlow
2340,63,-179,0,0,0,,,text,SiliconFlow
2341,63,-177,0,0,0,,,text,SiliconFlow
2342,63,-175,0,0,0,,,text,SiliconFlow
2343,63,-173,0,0,0,,,text,SiliconFlow
2344,63,-171,0,0,0,,,text,SiliconFlow
2345,63,-169,0,0,0,,,text,SiliconFlow
2346,63,-167,0,0,0,,,text,SiliconFlow
2347,63,-165,0,0,0,,,text,SiliconFlow
2348,63,-163,1,1,0,,,text,SiliconFlow
2349,63,-161,1,1,0,,,text,SiliconFlow
2350,63,-159,1,1,0,,,text,SiliconFlow
2351,63,-157,1,1,1,,,text,SiliconFlow
2352,63,-155,1,1,1,,,text,SiliconFlow
2353,63,-153,1,1,1,,,text,SiliconFlow
2354,63,-151,1,1,1,,,text,SiliconFlow
2355,63,-149,1,1,1,,,text,SiliconFlow
2356,63,-147,1,1,1,,,text,SiliconFlow
2357,63,-145,1,1,1,,,text,SiliconFlow
2358,63,-143,1,1,1,,,text,SiliconFlow
2359,63,-141,1,1,1,,,text,SiliconFlow
2360,63,-139,1,1,1,,,text,SiliconFlow
2361,63,-137,1,1,1,,,text,SiliconFlow
2362,63,-135,1,1,1,,,text,SiliconFlow
2363,63,-133,1,1,1,,,text,SiliconFlow
2364,63,-131,1,1,1,,,text,SiliconFlow
2365,63,-129,1,1,0,,,text,SiliconFlow
2366,63,-127,1,1,1,,,text,SiliconFlow
2367,63,-125,1,1,0,,,text,SiliconFlow
2368,63,-123,1,1,1,,,text,SiliconFlow
2369,63,-121,1,1,1,,,text,SiliconFlow
2370,63,-119,1,1,1,,,text,SiliconFlow
2371,63,-117,1,1,1,,,text,SiliconFlow
2372,63,-115,1,1,1,,,text,SiliconFlow
2373,63,-113,1,1,1,,,text,SiliconFlow
2374,63,-111,1,1,1,,,text,SiliconFlow
2375,63,-109,1,1,1,,,text,SiliconFlow
2376,63,-107,1,1,0,,,text,SiliconFlow
2377,63,-105,1,1,0,,,text,SiliconFlow
2378,63,-103,1,1,1,,,text,SiliconFlow
2379,63,-101,1,0,0,,,text,SiliconFlow
2380,63,-99,1,1,0,,,text,SiliconFlow
2381,63,-97,1,1,0,,,text,SiliconFlow
2382,63,-95,1,1,0,,,text,SiliconFlow
2383,63,-93,1,1,0,,,text,SiliconFlow
2384,63,-91,1,1,0,,,text,SiliconFlow
2385,63,-89,0,0,0,,,text,SiliconFlow
2386,63,-87,0,0,0,,,text,SiliconFlow
2387,63,-85,0,0,0,,,text,SiliconFlow
2388,63,-83,0,0,0,,,text,SiliconFlow
2389,63,-81,0,0,0,,,text,SiliconFlow
2390,63,-79,0,0,0,,,text,SiliconFlow
2391,63,-77,0,0,0,,,text,SiliconFlow
2392,63,-75,0,0,0,,,text,SiliconFlow
2393,63,-73,0,0,0,,,text,SiliconFlow
2394,63,-71,1,1,0,,,text,SiliconFlow
2395,63,-69,1,1,0,,,text,SiliconFlow
2396,63,-67,0,0,0,,,text,SiliconFlow
2397,63,-65,1,1,0,,,text,SiliconFlow
2398,63,-63,0,0,0,,,text,SiliconFlow
2399,63,-61,0,0,0,,,text,SiliconFlow
2400,63,-59,0,0,0,,,text,SiliconFlow
2401,63,-57,0,0,0,,,text,SiliconFlow
2402,63,-55,0,0,0,,,text,SiliconFlow
2403,63,-53,0,0,0,,,text,SiliconFlow
2404,63,-51,0,0,0,,,text,SiliconFlow
2405,63,-49,1,1,0,,,text,SiliconFlow
2406,63,-47,1,1,0,,,text,SiliconFlow
2407,63,-45,1,1,0,,,text,SiliconFlow
2408,63,-43,1,1,0,,,text,SiliconFlow
2409,63,-41,0,0,0,,,text,SiliconFlow
2410,63,-39,0,0,0,,,text,SiliconFlow
2411,63,-37,0,0,0,,,text,SiliconFlow
2412,63,-35,0,0,0,,,text,SiliconFlow
2413,63,-33,0,0,0,,,text,SiliconFlow
2414,63,-31,0,0,0,,,text,SiliconFlow
2415,63,-29,0,0,0,,,text,SiliconFlow
2416,63,-27,0,0,0,,,text,SiliconFlow
2417,63,-25,0,0,0,,,text,SiliconFlow
2418,63,-23,0,0,0,,,text,SiliconFlow
2419,63,-21,0,0,0,,,text,SiliconFlow
2420,63,-19,0,0,0,,,text,SiliconFlow
2421,63,-17,0,0,0,,,text,SiliconFlow
2422,63,-15,0,0,0,,,text,SiliconFlow
2423,63,-13,0,0,0,,,text,SiliconFlow
2424,63,-11,0,0,0,,,text,SiliconFlow
2425,63,-9,0,0,0,,,text,SiliconFlow
2426,63,-7,0,0,0,,,text,SiliconFlow
2427,63,-5,0,0,0,,,text,SiliconFlow
2428,63,-3,0,0,0,,,text,SiliconFlow
2429,63,-1,0,0,0,,,text,SiliconFlow
2430,63,1,0,0,0,,,text,SiliconFlow
2431,63,3,0,0,0,,,text,SiliconFlow
2432,63,5,0,0,0,,,text,SiliconFlow
2433,63,7,0,0,0,,,text,SiliconFlow
2434,63,9,1,1,0,,,text,SiliconFlow
2435,63,11,1,1,1,,,text,SiliconFlow
2436,63,13,1,1,1,,,text,SiliconFlow
2437,63,15,1,1,1,,,text,SiliconFlow
2438,63,17,1,1,1,,,text,SiliconFlow
2439,63,19,0,0,0,,,text,SiliconFlow
2440,63,21,0,0,0,,,text,SiliconFlow
2441,63,23,1,1,1,,,text,SiliconFlow
2442,63,25,1,1,1,,,text,SiliconFlow
2443,63,27,1,1,1,,,text,SiliconFlow
2444,63,29,1,1,1,,,text,SiliconFlow
2445,63,31,1,1,1,,,text,SiliconFlow
2446,63,33,1,1,0,,,text,SiliconFlow
2447,63,35,1,1,0,,,text,SiliconFlow
2448,63,37,1,1,0,,,text,SiliconFlow
2449,63,39,1,1,0,,,text,SiliconFlow
2450,63,41,1,1,0,,,text,SiliconFlow
2451,63,43,1,1,0,,,text,SiliconFlow
2452,63,45,1,1,0,,,text,SiliconFlow
2453,63,47,1,1,1,,,text,SiliconFlow
2454,63,49,1,1,0,,,text,SiliconFlow
2455,63,51,1,1,0,,,text,SiliconFlow
2456,63,53,1,1,0,,,text,SiliconFlow
2457,63,55,1,1,0,,,text,SiliconFlow
2458,63,57,1,1,0,,,text,SiliconFlow
2459,63,59,1,1,0,,,text,SiliconFlow
2460,63,61,1,1,0,,,text,SiliconFlow
2461,63,63,1,1,0,,,text,SiliconFlow
2462,63,65,1,1,0,,,text,SiliconFlow
2463,63,67,1,1,0,,,text,SiliconFlow
2464,63,69,1,1,1,,,text,SiliconFlow
2465,63,71,1,1,0,,,text,SiliconFlow
2466,63,73,1,1,0,,,text,SiliconFlow
2467,63,75,1,1,0,,,text,SiliconFlow
2468,63,77,1,1,0,,,text,SiliconFlow
2469,63,79,1,1,0,,,text,SiliconFlow
2470,63,81,1,1,0,,,text,SiliconFlow
2471,63,83,1,1,0,,,text,SiliconFlow
2472,63,85,1,1,0,,,text,SiliconFlow
2473,63,87,1,1,0,,,text,SiliconFlow
2474,63,89,1,1,0,,,text,SiliconFlow
2475,63,91,1,1,0,,,text,SiliconFlow
2476,63,93,1,1,0,,,text,SiliconFlow
2477,63,95,1,1,0,,,text,SiliconFlow
2478,63,97,1,1,0,,,text,SiliconFlow
2479,63,99,1,1,0,,,text,SiliconFlow
2480,63,101,1,1,0,,,text,SiliconFlow
2481,63,103,1,1,0,,,text,SiliconFlow
2482,63,105,1,1,0,,,text,SiliconFlow
2483,63,107,1,1,0,,,text,SiliconFlow
2484,63,109,1,1,0,,,text,SiliconFlow
2485,63,111,1,0,0,,,text,SiliconFlow
2486,63,113,1,1,0,,,text,SiliconFlow
2487,63,115,1,1,0,,,text,SiliconFlow
2488,63,117,1,1,0,,,text,SiliconFlow
2489,63,119,1,1,0,,,text,SiliconFlow
2490,63,121,1,1,0,,,text,SiliconFlow
2491,63,123,1,1,0,,,text,SiliconFlow
2492,63,125,1,1,0,,,text,SiliconFlow
2493,63,127,1,1,0,,,text,SiliconFlow
2494,63,129,1,1,1,,,text,SiliconFlow
2495,63,131,1,1,0,,,text,SiliconFlow
2496,63,133,1,1,1,,,text,SiliconFlow
2497,63,135,1,1,1,,,text,SiliconFlow
2498,63,137,1,1,1,,,text,SiliconFlow
2499,63,139,1,1,1,,,text,SiliconFlow
2500,63,141,1,1,0,,,text,SiliconFlow
2501,63,143,1,1,0,,,text,SiliconFlow
2502,63,145,1,1,0,,,text,SiliconFlow
2503,63,147,1,1,1,,,text,SiliconFlow
2504,63,149,1,1,1,,,text,SiliconFlow
2505,63,151,1,1,0,,,text,SiliconFlow
2506,63,153,1,1,0,,,text,SiliconFlow
2507,63,155,1,1,0,,,text,SiliconFlow
2508,63,157,1,1,0,,,text,SiliconFlow
2509,63,159,1,1,0,,,text,SiliconFlow
2510,63,161,1,1,0,,,text,SiliconFlow
2511,63,163,1,1,0,,,text,SiliconFlow
2512,63,165,1,1,0,,,text,SiliconFlow
2513,63,167,1,1,0,,,text,SiliconFlow
2514,63,169,1,1,0,,,text,SiliconFlow
2515,63,171,1,1,0,,,text,SiliconFlow
2516,63,173,1,1,0,,,text,SiliconFlow
2517,63,175,1,1,0,,,text,SiliconFlow
2518,63,177,1,1,0,,,text,SiliconFlow
2519,63,179,1,1,0,,,text,SiliconFlow
2520,61,-179,0,0,0,,,text,SiliconFlow
2521,61,-177,0,0,0,,,text,SiliconFlow
2522,61,-175,0,0,0,,,text,SiliconFlow
2523,61,-173,0,0,0,,,text,SiliconFlow
2524,61,-171,0,0,0,,,text,SiliconFlow
2525,61,-169,0,0,0,,,text,SiliconFlow
2526,61,-167,0,0,0,,,text,SiliconFlow
2527,61,-165,1,1,0,,,text,SiliconFlow
2528,61,-163,1,1,0,,,text,SiliconFlow
2529,61,-161,1,1,0,,,text,SiliconFlow
2530,61,-159,1,1,0,,,text,SiliconFlow
2531,61,-157,1,1,1,,,text,SiliconFlow
2532,61,-155,1,1,1,,,text,SiliconFlow
2533,61,-153,1,1,1,,,text,SiliconFlow
2534,61,-151,0,0,0,,,text,SiliconFlow
2535,61,-149,1,1,0,,,text,SiliconFlow
2536,61,-147,0,0,0,,,text,SiliconFlow
2537,61,-145,1,1,0,,,text,SiliconFlow
2538,61,-143,1,1,1,,,text,SiliconFlow
2539,61,-141,1,1,1,,,text,SiliconFlow
2540,61,-139,1,1,1,,,text,SiliconFlow
2541,61,-137,1,1,1,,,text,SiliconFlow
2542,61,-135,1,1,1,,,text,SiliconFlow
2543,61,-133,1,1,1,,,text,SiliconFlow
2544,61,-131,1,1,1,,,text,SiliconFlow
2545,61,-129,1,1,0,,,text,SiliconFlow
2546,61,-127,1,1,0,,,text,SiliconFlow
2547,61,-125,1,1,0,,,text,SiliconFlow
2548,61,-123,1,1,1,,,text,SiliconFlow
2549,61,-121,1,1,0,,,text,SiliconFlow
2550,61,-119,1,1,1,,,text,SiliconFlow
2551,61,-117,1,1,0,,,text,SiliconFlow
2552,61,-115,1,0,0,,,text,SiliconFlow
2553,61,-113,1,1,1,,,text,SiliconFlow
2554,61,-111,1,1,1,,,text,SiliconFlow
2555,61,-109,1,1,1,,,text,SiliconFlow
2556,61,-107,1,1,0,,,text,SiliconFlow
2557,61,-105,1,1,0,,,text,SiliconFlow
2558,61,-103,1,1,0,,,text,SiliconFlow
2559,61,-101,1,1,0,,,text,SiliconFlow
2560,61,-99,1,1,0,,,text,SiliconFlow
2561,61,-97,1,1,0,,,text,SiliconFlow
2562,61,-95,1,1,1,,,text,SiliconFlow
2563,61,-93,0,0,0,,,text,SiliconFlow
2564,61,-91,0,0,0,,,text,SiliconFlow
2565,61,-89,0,0,0,,,text,SiliconFlow
2566,61,-87,0,0,0,,,text,SiliconFlow
2567,61,-85,0,0,0,,,text,SiliconFlow
2568,61,-83,0,0,0,,,text,SiliconFlow
2569,61,-81,0,0,0,,,text,SiliconFlow
2570,61,-79,0,0,0,,,text,SiliconFlow
2571,61,-77,1,1,0,,,text,SiliconFlow
2572,61,-75,1,1,0,,,text,SiliconFlow
2573,61,-73,1,1,0,,,text,SiliconFlow
2574,61,-71,1,1,0,,,text,SiliconFlow
2575,61,-69,0,0,0,,,text,SiliconFlow
2576,61,-67,0,0,0,,,text,SiliconFlow
2577,61,-65,0,0,0,,,text,SiliconFlow
2578,61,-63,0,0,0,,,text,SiliconFlow
2579,61,-61,0,0,0,,,text,SiliconFlow
2580,61,-59,0,0,0,,,text,SiliconFlow
2581,61,-57,0,0,0,,,text,SiliconFlow
2582,61,-55,0,0,0,,,text,SiliconFlow
2583,61,-53,0,0,0,,,text,SiliconFlow
2584,61,-51,0,0,0,,,text,SiliconFlow
2585,61,-49,0,0,0,,,text,SiliconFlow
2586,61,-47,1,1,0,,,text,SiliconFlow
2587,61,-45,1,1,0,,,text,SiliconFlow
2588,61,-43,1,1,0,,,text,SiliconFlow
2589,61,-41,0,0,0,,,text,SiliconFlow
2590,61,-39,0,0,0,,,text,SiliconFlow
2591,61,-37,0,0,0,,,text,SiliconFlow
2592,61,-35,0,0,0,,,text,SiliconFlow
2593,61,-33,0,0,0,,,text,SiliconFlow
2594,61,-31,0,0,0,,,text,SiliconFlow
2595,61,-29,0,0,0,,,text,SiliconFlow
2596,61,-27,0,0,0,,,text,SiliconFlow
2597,61,-25,0,0,0,,,text,SiliconFlow
2598,61,-23,0,0,0,,,text,SiliconFlow
2599,61,-21,0,0,0,,,text,SiliconFlow
2600,61,-19,0,0,0,,,text,SiliconFlow
2601,61,-17,0,0,0,,,text,SiliconFlow
2602,61,-15,0,0,0,,,text,SiliconFlow
2603,61,-13,0,0,0,,,text,SiliconFlow
2604,61,-11,0,0,0,,,text,SiliconFlow
2605,61,-9,0,0,0,,,text,SiliconFlow
2606,61,-7,0,0,0,,,text,SiliconFlow
2607,61,-5,0,0,0,,,text,SiliconFlow
2608,61,-3,0,0,0,,,text,SiliconFlow
2609,61,-1,0,0,0,,,text,SiliconFlow
2610,61,1,0,0,0,,,text,SiliconFlow
2611,61,3,0,0,0,,,text,SiliconFlow
2612,61,5,1,1,0,,,text,SiliconFlow
2613,61,7,1,1,0,,,text,SiliconFlow
2614,61,9,1,1,1,,,text,SiliconFlow
2615,61,11,1,1,1,,,text,SiliconFlow
2616,61,13,1,1,1,,,text,SiliconFlow
2617,61,15,1,1,1,,,text,SiliconFlow
2618,61,17,1,1,0,,,text,SiliconFlow
2619,61,19,0,0,0,,,text,SiliconFlow
2620,61,21,0,0,0,,,text,SiliconFlow
2621,61,23,1,1,1,,,text,SiliconFlow
2622,61,25,1,1,1,,,text,SiliconFlow
2623,61,27,1,1,1,,,text,SiliconFlow
2624,61,29,1,1,0,,,text,SiliconFlow
2625,61,31,1,0,0,,,text,SiliconFlow
2626,61,33,1,1,1,,,text,SiliconFlow
2627,61,35,1,1,0,,,text,SiliconFlow
2628,61,37,1,1,1,,,text,SiliconFlow
2629,61,39,1,1,1,,,text,SiliconFlow
2630,61,41,1,1,1,,,text,SiliconFlow
2631,61,43,1,1,1,,,text,SiliconFlow
2632,61,45,1,1,1,,,text,SiliconFlow
2633,61,47,1,1,1,,,text,SiliconFlow
2634,61,49,1,1,1,,,text,SiliconFlow
2635,61,51,1,1,1,,,text,SiliconFlow
2636,61,53,1,1,1,,,text,SiliconFlow
2637,61,55,1,1,1,,,text,SiliconFlow
2638,61,57,1,1,0,,,text,SiliconFlow
2639,61,59,1,1,1,,,text,SiliconFlow
2640,61,61,1,1,0,,,text,SiliconFlow
2641,61,63,1,1,0,,,text,SiliconFlow
2642,61,65,1,1,0,,,text,SiliconFlow
2643,61,67,1,1,0,,,text,SiliconFlow
2644,61,69,1,1,0,,,text,SiliconFlow
2645,61,71,1,1,1,,,text,SiliconFlow
2646,61,73,1,1,0,,,text,SiliconFlow
2647,61,75,1,1,0,,,text,SiliconFlow
2648,61,77,1,1,1,,,text,SiliconFlow
2649,61,79,1,1,0,,,text,SiliconFlow
2650,61,81,1,1,0,,,text,SiliconFlow
2651,61,83,1,1,0,,,text,SiliconFlow
2652,61,85,1,1,0,,,text,SiliconFlow
2653,61,87,1,1,0,,,text,SiliconFlow
2654,61,89,1,1,0,,,text,SiliconFlow
2655,61,91,1,1,0,,,text,SiliconFlow
2656,61,93,1,1,0,,,text,SiliconFlow
2657,61,95,1,1,0,,,text,SiliconFlow
2658,61,97,1,1,0,,,text,SiliconFlow
2659,61,99,1,1,0,,,text,SiliconFlow
2660,61,101,1,1,0,,,text,SiliconFlow
2661,61,103,1,1,1,,,text,SiliconFlow
2662,61,105,1,1,1,,,text,SiliconFlow
2663,61,107,1,1,0,,,text,SiliconFlow
2664,61,109,1,1,1,,,text,SiliconFlow
2665,61,111,1,1,1,,,text,SiliconFlow
2666,61,113,1,1,1,,,text,SiliconFlow
2667,61,115,1,1,1,,,text,SiliconFlow
2668,61,117,1,1,1,,,text,SiliconFlow
2669,61,119,1,1,1,,,text,SiliconFlow
2670,61,121,1,1,0,,,text,SiliconFlow
2671,61,123,1,1,1,,,text,SiliconFlow
2672,61,125,1,1,1,,,text,SiliconFlow
2673,61,127,1,1,1,,,text,SiliconFlow
2674,61,129,1,1,1,,,text,SiliconFlow
2675,61,131,1,1,1,,,text,SiliconFlow
2676,61,133,1,1,1,,,text,SiliconFlow
2677,61,135,1,1,1,,,text,SiliconFlow
2678,61,137,1,1,1,,,text,SiliconFlow
2679,61,139,1,1,1,,,text,SiliconFlow
2680,61,141,1,1,1,,,text,SiliconFlow
2681,61,143,1,1,0,,,text,SiliconFlow
2682,61,145,1,1,1,,,text,SiliconFlow
2683,61,147,1,1,1,,,text,SiliconFlow
2684,61,149,1,1,1,,,text,SiliconFlow
2685,61,151,1,1,0,,,text,SiliconFlow
2686,61,153,1,1,1,,,text,SiliconFlow
2687,61,155,1,1,0,,,text,SiliconFlow
2688,61,157,0,0,0,,,text,SiliconFlow
2689,61,159,0,0,0,,,text,SiliconFlow
2690,61,161,1,1,0,,,text,SiliconFlow
2691,61,163,0,0,0,,,text,SiliconFlow
2692,61,165,1,1,0,,,text,SiliconFlow
2693,61,167,1,1,0,,,text,SiliconFlow
2694,61,169,1,1,0,,,text,SiliconFlow
2695,61,171,1,1,0,,,text,SiliconFlow
2696,61,173,0,0,0,,,text,SiliconFlow
2697,61,175,0,0,0,,,text,SiliconFlow
2698,61,177,0,0,0,,,text,SiliconFlow
2699,61,179,0,0,0,,,text,SiliconFlow
2700,59,-179,0,0,0,,,text,SiliconFlow
2701,59,-177,0,0,0,,,text,SiliconFlow
2702,59,-175,0,0,0,,,text,SiliconFlow
2703,59,-173,0,0,0,,,text,SiliconFlow
2704,59,-171,0,0,0,,,text,SiliconFlow
2705,59,-169,0,0,0,,,text,SiliconFlow
2706,59,-167,0,0,0,,,text,SiliconFlow
2707,59,-165,0,0,0,,,text,SiliconFlow
2708,59,-163,0,0,0,,,text,SiliconFlow
2709,59,-161,1,1,0,,,text,SiliconFlow
2710,59,-159,1,1,0,,,text,SiliconFlow
2711,59,-157,1,1,0,,,text,SiliconFlow
2712,59,-155,1,1,0,,,text,SiliconFlow
2713,59,-153,0,0,0,,,text,SiliconFlow
2714,59,-151,0,0,0,,,text,SiliconFlow
2715,59,-149,0,0,0,,,text,SiliconFlow
2716,59,-147,0,0,0,,,text,SiliconFlow
2717,59,-145,0,0,0,,,text,SiliconFlow
2718,59,-143,0,0,0,,,text,SiliconFlow
2719,59,-141,0,0,0,,,text,SiliconFlow
2720,59,-139,0,0,0,,,text,SiliconFlow
2721,59,-137,0,0,0,,,text,SiliconFlow
2722,59,-135,1,1,0,,,text,SiliconFlow
2723,59,-133,1,1,0,,,text,SiliconFlow
2724,59,-131,1,1,0,,,text,SiliconFlow
2725,59,-129,1,1,0,,,text,SiliconFlow
2726,59,-127,1,1,0,,,text,SiliconFlow
2727,59,-125,1,1,0,,,text,SiliconFlow
2728,59,-123,1,1,0,,,text,SiliconFlow
2729,59,-121,1,1,1,,,text,SiliconFlow
2730,59,-119,1,1,1,,,text,SiliconFlow
2731,59,-117,1,1,1,,,text,SiliconFlow
2732,59,-115,1,1,1,,,text,SiliconFlow
2733,59,-113,1,1,1,,,text,SiliconFlow
2734,59,-111,1,1,1,,,text,SiliconFlow
2735,59,-109,1,1,1,,,text,SiliconFlow
2736,59,-107,1,1,0,,,text,SiliconFlow
2737,59,-105,1,1,1,,,text,SiliconFlow
2738,59,-103,1,1,1,,,text,SiliconFlow
2739,59,-101,1,1,0,,,text,SiliconFlow
2740,59,-99,1,1,0,,,text,SiliconFlow
2741,59,-97,1,1,0,,,text,SiliconFlow
2742,59,-95,1,1,0,,,text,SiliconFlow
2743,59,-93,0,0,0,,,text,SiliconFlow
2744,59,-91,0,0,0,,,text,SiliconFlow
2745,59,-89,0,0,0,,,text,SiliconFlow
2746,59,-87,0,0,0,,,text,SiliconFlow
2747,59,-85,0,0,0,,,text,SiliconFlow
2748,59,-83,0,0,0,,,text,SiliconFlow
2749,59,-81,0,0,0,,,text,SiliconFlow
2750,59,-79,0,0,0,,,text,SiliconFlow
2751,59,-77,1,1,0,,,text,SiliconFlow
2752,59,-75,1,1,0,,,text,SiliconFlow
2753,59,-73,1,1,0,,,text,SiliconFlow
2754,59,-71,1,1,0,,,text,SiliconFlow
2755,59,-69,1,1,0,,,text,SiliconFlow
2756,59,-67,0,0,0,,,text,SiliconFlow
2757,59,-65,1,1,0,,,text,SiliconFlow
2758,59,-63,0,0,0,,,text,SiliconFlow
2759,59,-61,0,0,0,,,text,SiliconFlow
2760,59,-59,0,0,0,,,text,SiliconFlow
2761,59,-57,0,0,0,,,text,SiliconFlow
2762,59,-55,0,0,0,,,text,SiliconFlow
2763,59,-53,0,0,0,,,text,SiliconFlow
2764,59,-51,0,0,0,,,text,SiliconFlow
2765,59,-49,0,0,0,,,text,SiliconFlow
2766,59,-47,0,0,0,,,text,SiliconFlow
2767,59,-45,0,0,0,,,text,SiliconFlow
2768,59,-43,0,0,0,,,text,SiliconFlow
2769,59,-41,0,0,0,,,text,SiliconFlow
2770,59,-39,0,0,0,,,text,SiliconFlow
2771,59,-37,0,0,0,,,text,SiliconFlow
2772,59,-35,0,0,0,,,text,SiliconFlow
2773,59,-33,0,0,0,,,text,SiliconFlow
2774,59,-31,0,0,0,,,text,SiliconFlow
2775,59,-29,0,0,0,,,text,SiliconFlow
2776,59,-27,0,0,0,,,text,SiliconFlow
2777,59,-25,0,0,0,,,text,SiliconFlow
2778,59,-23,0,0,0,,,text,SiliconFlow
2779,59,-21,0,0,0,,,text,SiliconFlow
2780,59,-19,0,0,0,,,text,SiliconFlow
2781,59,-17,0,0,0,,,text,SiliconFlow
2782,59,-15,0,0,0,,,text,SiliconFlow
2783,59,-13,0,0,0,,,text,SiliconFlow
2784,59,-11,0,0,0,,,text,SiliconFlow
2785,59,-9,0,0,0,,,text,SiliconFlow
2786,59,-7,0,0,0,,,text,SiliconFlow
2787,59,-5,0,0,0,,,text,SiliconFlow
2788,59,-3,0,0,0,,,text,SiliconFlow
2789,59,-1,0,0,0,,,text,SiliconFlow
2790,59,1,0,0,0,,,text,SiliconFlow
2791,59,3,0,0,0,,,text,SiliconFlow
2792,59,5,0,0,0,,,text,SiliconFlow
2793,59,7,1,1,1,,,text,SiliconFlow
2794,59,9,1,1,0,,,text,SiliconFlow
2795,59,11,0,0,1,,,text,SiliconFlow
2796,59,13,1,0,1,,,text,SiliconFlow
2797,59,15,1,1,1,,,text,SiliconFlow
2798,59,17,1,1,0,,,text,SiliconFlow
2799,59,19,0,0,0,,,text,SiliconFlow
2800,59,21,0,0,0,,,text,SiliconFlow
2801,59,23,0,0,0,,,text,SiliconFlow
2802,59,25,1,1,0,,,text,SiliconFlow
2803,59,27,1,1,0,,,text,SiliconFlow
2804,59,29,1,1,1,,,text,SiliconFlow
2805,59,31,1,1,1,,,text,SiliconFlow
2806,59,33,1,1,1,,,text,SiliconFlow
2807,59,35,1,1,1,,,text,SiliconFlow
2808,59,37,1,1,1,,,text,SiliconFlow
2809,59,39,1,1,1,,,text,SiliconFlow
2810,59,41,1,1,1,,,text,SiliconFlow
2811,59,43,1,1,1,,,text,SiliconFlow
2812,59,45,1,1,1,,,text,SiliconFlow
2813,59,47,1,1,1,,,text,SiliconFlow
2814,59,49,1,1,1,,,text,SiliconFlow
2815,59,51,1,1,1,,,text,SiliconFlow
2816,59,53,1,1,0,,,text,SiliconFlow
2817,59,55,1,1,1,,,text,SiliconFlow
2818,59,57,1,1,1,,,text,SiliconFlow
2819,59,59,1,1,1,,,text,SiliconFlow
2820,59,61,1,1,1,,,text,SiliconFlow
2821,59,63,1,1,1,,,text,SiliconFlow
2822,59,65,1,1,0,,,text,SiliconFlow
2823,59,67,1,1,0,,,text,SiliconFlow
2824,59,69,1,1,0,,,text,SiliconFlow
2825,59,71,1,1,0,,,text,SiliconFlow
2826,59,73,1,1,0,,,text,SiliconFlow
2827,59,75,1,1,0,,,text,SiliconFlow
2828,59,77,1,1,0,,,text,SiliconFlow
2829,59,79,1,1,0,,,text,SiliconFlow
2830,59,81,1,1,0,,,text,SiliconFlow
2831,59,83,1,1,0,,,text,SiliconFlow
2832,59,85,1,1,0,,,text,SiliconFlow
2833,59,87,1,1,0,,,text,SiliconFlow
2834,59,89,1,1,0,,,text,SiliconFlow
2835,59,91,1,1,0,,,text,SiliconFlow
2836,59,93,1,1,0,,,text,SiliconFlow
2837,59,95,1,1,0,,,text,SiliconFlow
2838,59,97,1,1,0,,,text,SiliconFlow
2839,59,99,1,1,0,,,text,SiliconFlow
2840,59,101,1,1,1,,,text,SiliconFlow
2841,59,103,1,1,1,,,text,SiliconFlow
2842,59,105,1,1,1,,,text,SiliconFlow
2843,59,107,1,1,0,,,text,SiliconFlow
2844,59,109,1,1,1,,,text,SiliconFlow
2845,59,111,1,1,1,,,text,SiliconFlow
2846,59,113,1,1,1,,,text,SiliconFlow
2847,59,115,1,1,1,,,text,SiliconFlow
2848,59,117,1,1,1,,,text,SiliconFlow
2849,59,119,1,1,0,,,text,SiliconFlow
2850,59,121,1,1,1,,,text,SiliconFlow
2851,59,123,1,1,1,,,text,SiliconFlow
2852,59,125,1,1,1,,,text,SiliconFlow
2853,59,127,1,1,1,,,text,SiliconFlow
2854,59,129,1,1,1,,,text,SiliconFlow
2855,59,131,1,1,1,,,text,SiliconFlow
2856,59,133,1,1,1,,,text,SiliconFlow
2857,59,135,1,1,1,,,text,SiliconFlow
2858,59,137,1,1,0,,,text,SiliconFlow
2859,59,139,1,1,1,,,text,SiliconFlow
2860,59,141,1,1,0,,,text,SiliconFlow
2861,59,143,0,0,0,,,text,SiliconFlow
2862,59,145,0,0,0,,,text,SiliconFlow
2863,59,147,0,0,0,,,text,SiliconFlow
2864,59,149,0,0,0,,,text,SiliconFlow
2865,59,151,0,0,0,,,text,SiliconFlow
2866,59,153,0,0,0,,,text,SiliconFlow
2867,59,155,0,0,0,,,text,SiliconFlow
2868,59,157,0,0,0,,,text,SiliconFlow
2869,59,159,0,0,0,,,text,SiliconFlow
2870,59,161,1,1,0,,,text,SiliconFlow
2871,59,163,1,1,0,,,text,SiliconFlow
2872,59,165,0,0,0,,,text,SiliconFlow
2873,59,167,0,0,0,,,text,SiliconFlow
2874,59,169,0,0,0,,,text,SiliconFlow
2875,59,171,0,0,0,,,text,SiliconFlow
2876,59,173,0,0,0,,,text,SiliconFlow
2877,59,175,0,0,0,,,text,SiliconFlow
2878,59,177,0,0,0,,,text,SiliconFlow
2879,59,179,0,0,0,,,text,SiliconFlow
2880,57,-179,0,0,0,,,text,SiliconFlow
2881,57,-177,0,0,0,,,text,SiliconFlow
2882,57,-175,0,0,0,,,text,SiliconFlow
2883,57,-173,0,0,0,,,text,SiliconFlow
2884,57,-171,0,0,0,,,text,SiliconFlow
2885,57,-169,0,0,0,,,text,SiliconFlow
2886,57,-167,0,0,0,,,text,SiliconFlow
2887,57,-165,0,0,0,,,text,SiliconFlow
2888,57,-163,0,0,0,,,text,SiliconFlow
2889,57,-161,0,0,0,,,text,SiliconFlow
2890,57,-159,0,0,0,,,text,SiliconFlow
2891,57,-157,1,1,0,,,text,SiliconFlow
2892,57,-155,0,0,0,,,text,SiliconFlow
2893,57,-153,0,0,0,,,text,SiliconFlow
2894,57,-151,0,0,0,,,text,SiliconFlow
2895,57,-149,0,0,0,,,text,SiliconFlow
2896,57,-147,0,0,0,,,text,SiliconFlow
2897,57,-145,0,0,0,,,text,SiliconFlow
2898,57,-143,0,0,0,,,text,SiliconFlow
2899,57,-141,0,0,0,,,text,SiliconFlow
2900,57,-139,0,0,0,,,text,SiliconFlow
2901,57,-137,0,0,0,,,text,SiliconFlow
2902,57,-135,1,1,0,,,text,SiliconFlow
2903,57,-133,0,0,0,,,text,SiliconFlow
2904,57,-131,1,1,0,,,text,SiliconFlow
2905,57,-129,1,1,0,,,text,SiliconFlow
2906,57,-127,1,1,0,,,text,SiliconFlow
2907,57,-125,1,1,0,,,text,SiliconFlow
2908,57,-123,1,1,1,,,text,SiliconFlow
2909,57,-121,1,1,1,,,text,SiliconFlow
2910,57,-119,1,1,1,,,text,SiliconFlow
2911,57,-117,1,1,1,,,text,SiliconFlow
2912,57,-115,1,1,1,,,text,SiliconFlow
2913,57,-113,1,1,1,,,text,SiliconFlow
2914,57,-111,1,1,1,,,text,SiliconFlow
2915,57,-109,1,1,1,,,text,SiliconFlow
2916,57,-107,1,1,1,,,text,SiliconFlow
2917,57,-105,1,1,0,,,text,SiliconFlow
2918,57,-103,1,1,0,,,text,SiliconFlow
2919,57,-101,1,1,0,,,text,SiliconFlow
2920,57,-99,1,1,0,,,text,SiliconFlow
2921,57,-97,1,1,0,,,text,SiliconFlow
2922,57,-95,1,1,0,,,text,SiliconFlow
2923,57,-93,1,1,0,,,text,SiliconFlow
2924,57,-91,1,1,0,,,text,SiliconFlow
2925,57,-89,0,0,0,,,text,SiliconFlow
2926,57,-87,0,0,0,,,text,SiliconFlow
2927,57,-85,0,0,0,,,text,SiliconFlow
2928,57,-83,0,0,0,,,text,SiliconFlow
2929,57,-81,0,0,0,,,text,SiliconFlow
2930,57,-79,0,0,0,,,text,SiliconFlow
2931,57,-77,0,0,0,,,text,SiliconFlow
2932,57,-75,1,1,0,,,text,SiliconFlow
2933,57,-73,1,1,0,,,text,SiliconFlow
2934,57,-71,1,1,0,,,text,SiliconFlow
2935,57,-69,1,1,0,,,text,SiliconFlow
2936,57,-67,1,1,0,,,text,SiliconFlow
2937,57,-65,1,1,0,,,text,SiliconFlow
2938,57,-63,1,1,0,,,text,SiliconFlow
2939,57,-61,0,0,0,,,text,SiliconFlow
2940,57,-59,0,0,0,,,text,SiliconFlow
2941,57,-57,0,0,0,,,text,SiliconFlow
2942,57,-55,0,0,0,,,text,SiliconFlow
2943,57,-53,0,0,0,,,text,SiliconFlow
2944,57,-51,0,0,0,,,text,SiliconFlow
2945,57,-49,0,0,0,,,text,SiliconFlow
2946,57,-47,0,0,0,,,text,SiliconFlow
2947,57,-45,0,0,0,,,text,SiliconFlow
2948,57,-43,0,0,0,,,text,SiliconFlow
2949,57,-41,0,0,0,,,text,SiliconFlow
2950,57,-39,0,0,0,,,text,SiliconFlow
2951,57,-37,0,0,0,,,text,SiliconFlow
2952,57,-35,0,0,0,,,text,SiliconFlow
2953,57,-33,0,0,0,,,text,SiliconFlow
2954,57,-31,0,0,0,,,text,SiliconFlow
2955,57,-29,0,0,0,,,text,SiliconFlow
2956,57,-27,0,0,0,,,text,SiliconFlow
2957,57,-25,0,0,0,,,text,SiliconFlow
2958,57,-23,0,0,0,,,text,SiliconFlow
2959,57,-21,0,0,0,,,text,SiliconFlow
2960,57,-19,0,0,0,,,text,SiliconFlow
2961,57,-17,0,0,0,,,text,SiliconFlow
2962,57,-15,0,0,0,,,text,SiliconFlow
2963,57,-13,0,0,0,,,text,SiliconFlow
2964,57,-11,0,0,0,,,text,SiliconFlow
2965,57,-9,0,0,0,,,text,SiliconFlow
2966,57,-7,0,0,0,,,text,SiliconFlow
2967,57,-5,1,1,0,,,text,SiliconFlow
2968,57,-3,1,1,1,,,text,SiliconFlow
2969,57,-1,0,0,0,,,text,SiliconFlow
2970,57,1,0,0,0,,,text,SiliconFlow
2971,57,3,0,0,0,,,text,SiliconFlow
2972,57,5,0,0,0,,,text,SiliconFlow
2973,57,7,0,0,0,,,text,SiliconFlow
2974,57,9,1,1,0,,,text,SiliconFlow
2975,57,11,0,0,0,,,text,SiliconFlow
2976,57,13,1,1,1,,,text,SiliconFlow
2977,57,15,1,1,1,,,text,SiliconFlow
2978,57,17,0,0,0,,,text,SiliconFlow
2979,57,19,0,0,0,,,text,SiliconFlow
2980,57,21,0,0,0,,,text,SiliconFlow
2981,57,23,1,1,1,,,text,SiliconFlow
2982,57,25,1,1,1,,,text,SiliconFlow
2983,57,27,1,1,1,,,text,SiliconFlow
2984,57,29,1,1,1,,,text,SiliconFlow
2985,57,31,1,1,1,,,text,SiliconFlow
2986,57,33,1,1,1,,,text,SiliconFlow
2987,57,35,1,1,1,,,text,SiliconFlow
2988,57,37,1,1,1,,,text,SiliconFlow
2989,57,39,1,1,1,,,text,SiliconFlow
2990,57,41,1,1,1,,,text,SiliconFlow
2991,57,43,1,1,1,,,text,SiliconFlow
2992,57,45,1,1,1,,,text,SiliconFlow
2993,57,47,1,1,0,,,text,SiliconFlow
2994,57,49,1,1,0,,,text,SiliconFlow
2995,57,51,1,1,0,,,text,SiliconFlow
2996,57,53,1,1,1,,,text,SiliconFlow
2997,57,55,1,1,1,,,text,SiliconFlow
2998,57,57,1,1,1,,,text,SiliconFlow
2999,57,59,1,1,1,,,text,SiliconFlow
3000,57,61,1,1,1,,,text,SiliconFlow
3001,57,63,1,1,0,,,text,SiliconFlow
3002,57,65,1,1,0,,,text,SiliconFlow
3003,57,67,1,1,0,,,text,SiliconFlow
3004,57,69,1,1,0,,,text,SiliconFlow
3005,57,71,1,1,0,,,text,SiliconFlow
3006,57,73,1,1,0,,,text,SiliconFlow
3007,57,75,1,1,0,,,text,SiliconFlow
3008,57,77,1,1,0,,,text,SiliconFlow
3009,57,79,1,1,0,,,text,SiliconFlow
3010,57,81,1,1,0,,,text,SiliconFlow
3011,57,83,1,1,0,,,text,SiliconFlow
3012,57,85,1,1,0,,,text,SiliconFlow
3013,57,87,1,1,0,,,text,SiliconFlow
3014,57,89,1,1,0,,,text,SiliconFlow
3015,57,91,1,1,0,,,text,SiliconFlow
3016,57,93,1,1,1,,,text,SiliconFlow
3017,57,95,1,1,1,,,text,SiliconFlow
3018,57,97,1,1,0,,,text,SiliconFlow
3019,57,99,1,1,0,,,text,SiliconFlow
3020,57,101,1,1,1,,,text,SiliconFlow
3021,57,103,1,1,1,,,text,SiliconFlow
3022,57,105,1,1,1,,,text,SiliconFlow
3023,57,107,1,1,1,,,text,SiliconFlow
3024,57,109,1,1,1,,,text,SiliconFlow
3025,57,111,1,1,1,,,text,SiliconFlow
3026,57,113,1,1,1,,,text,SiliconFlow
3027,57,115,1,1,0,,,text,SiliconFlow
3028,57,117,1,1,1,,,text,SiliconFlow
3029,57,119,1,1,1,,,text,SiliconFlow
3030,57,121,1,1,1,,,text,SiliconFlow
3031,57,123,1,1,1,,,text,SiliconFlow
3032,57,125,1,1,1,,,text,SiliconFlow
3033,57,127,1,1,1,,,text,SiliconFlow
3034,57,129,1,1,1,,,text,SiliconFlow
3035,57,131,1,1,1,,,text,SiliconFlow
3036,57,133,1,1,1,,,text,SiliconFlow
3037,57,135,1,1,1,,,text,SiliconFlow
3038,57,137,1,1,0,,,text,SiliconFlow
3039,57,139,0,0,1,,,text,SiliconFlow
3040,57,141,0,0,0,,,text,SiliconFlow
3041,57,143,0,0,0,,,text,SiliconFlow
3042,57,145,0,0,0,,,text,SiliconFlow
3043,57,147,0,0,0,,,text,SiliconFlow
3044,57,149,0,0,0,,,text,SiliconFlow
3045,57,151,0,0,0,,,text,SiliconFlow
3046,57,153,0,0,0,,,text,SiliconFlow
3047,57,155,0,0,0,,,text,SiliconFlow
3048,57,157,1,1,0,,,text,SiliconFlow
3049,57,159,1,1,0,,,text,SiliconFlow
3050,57,161,1,1,0,,,text,SiliconFlow
3051,57,163,0,0,0,,,text,SiliconFlow
3052,57,165,0,0,0,,,text,SiliconFlow
3053,57,167,0,0,0,,,text,SiliconFlow
3054,57,169,0,0,0,,,text,SiliconFlow
3055,57,171,0,0,0,,,text,SiliconFlow
3056,57,173,0,0,0,,,text,SiliconFlow
3057,57,175,0,0,0,,,text,SiliconFlow
3058,57,177,0,0,0,,,text,SiliconFlow
3059,57,179,0,0,0,,,text,SiliconFlow
3060,55,-179,0,0,0,,,text,SiliconFlow
3061,55,-177,0,0,0,,,text,SiliconFlow
3062,55,-175,0,0,0,,,text,SiliconFlow
3063,55,-173,0,0,0,,,text,SiliconFlow
3064,55,-171,0,0,0,,,text,SiliconFlow
3065,55,-169,0,0,0,,,text,SiliconFlow
3066,55,-167,0,0,0,,,text,SiliconFlow
3067,55,-165,0,0,0,,,text,SiliconFlow
3068,55,-163,0,0,0,,,text,SiliconFlow
3069,55,-161,0,0,0,,,text,SiliconFlow
3070,55,-159,0,0,0,,,text,SiliconFlow
3071,55,-157,0,0,0,,,text,SiliconFlow
3072,55,-155,0,0,0,,,text,SiliconFlow
3073,55,-153,0,0,0,,,text,SiliconFlow
3074,55,-151,0,0,0,,,text,SiliconFlow
3075,55,-149,0,0,0,,,text,SiliconFlow
3076,55,-147,0,0,0,,,text,SiliconFlow
3077,55,-145,0,0,0,,,text,SiliconFlow
3078,55,-143,0,0,0,,,text,SiliconFlow
3079,55,-141,0,0,0,,,text,SiliconFlow
3080,55,-139,0,0,0,,,text,SiliconFlow
3081,55,-137,0,0,0,,,text,SiliconFlow
3082,55,-135,0,0,0,,,text,SiliconFlow
3083,55,-133,1,1,0,,,text,SiliconFlow
3084,55,-131,1,1,0,,,text,SiliconFlow
3085,55,-129,1,1,0,,,text,SiliconFlow
3086,55,-127,1,1,0,,,text,SiliconFlow
3087,55,-125,1,1,0,,,text,SiliconFlow
3088,55,-123,1,1,1,,,text,SiliconFlow
3089,55,-121,1,1,1,,,text,SiliconFlow
3090,55,-119,1,1,1,,,text,SiliconFlow
3091,55,-117,1,1,1,,,text,SiliconFlow
3092,55,-115,1,1,1,,,text,SiliconFlow
3093,55,-113,1,1,1,,,text,SiliconFlow
3094,55,-111,1,1,1,,,text,SiliconFlow
3095,55,-109,1,1,1,,,text,SiliconFlow
3096,55,-107,1,1,1,,,text,SiliconFlow
3097,55,-105,1,0,1,,,text,SiliconFlow
3098,55,-103,1,1,1,,,text,SiliconFlow
3099,55,-101,1,1,1,,,text,SiliconFlow
3100,55,-99,1,1,0,,,text,SiliconFlow
3101,55,-97,1,1,0,,,text,SiliconFlow
3102,55,-95,1,1,0,,,text,SiliconFlow
3103,55,-93,1,1,0,,,text,SiliconFlow
3104,55,-91,1,1,0,,,text,SiliconFlow
3105,55,-89,1,1,0,,,text,SiliconFlow
3106,55,-87,1,1,0,,,text,SiliconFlow
3107,55,-85,1,1,0,,,text,SiliconFlow
3108,55,-83,1,1,0,,,text,SiliconFlow
3109,55,-81,0,0,0,,,text,SiliconFlow
3110,55,-79,0,0,0,,,text,SiliconFlow
3111,55,-77,1,1,0,,,text,SiliconFlow
3112,55,-75,1,1,0,,,text,SiliconFlow
3113,55,-73,1,0,0,,,text,SiliconFlow
3114,55,-71,1,1,0,,,text,SiliconFlow
3115,55,-69,1,1,0,,,text,SiliconFlow
3116,55,-67,1,1,0,,,text,SiliconFlow
3117,55,-65,1,1,0,,,text,SiliconFlow
3118,55,-63,1,1,0,,,text,SiliconFlow
3119,55,-61,1,1,0,,,text,SiliconFlow
3120,55,-59,1,1,0,,,text,SiliconFlow
3121,55,-57,0,0,0,,,text,SiliconFlow
3122,55,-55,0,0,0,,,text,SiliconFlow
3123,55,-53,0,0,0,,,text,SiliconFlow
3124,55,-51,0,0,0,,,text,SiliconFlow
3125,55,-49,0,0,0,,,text,SiliconFlow
3126,55,-47,0,0,0,,,text,SiliconFlow
3127,55,-45,0,0,0,,,text,SiliconFlow
3128,55,-43,0,0,0,,,text,SiliconFlow
3129,55,-41,0,0,0,,,text,SiliconFlow
3130,55,-39,0,0,0,,,text,SiliconFlow
3131,55,-37,0,0,0,,,text,SiliconFlow
3132,55,-35,0,0,0,,,text,SiliconFlow
3133,55,-33,0,0,0,,,text,SiliconFlow
3134,55,-31,0,0,0,,,text,SiliconFlow
3135,55,-29,0,0,0,,,text,SiliconFlow
3136,55,-27,0,0,0,,,text,SiliconFlow
3137,55,-25,0,0,0,,,text,SiliconFlow
3138,55,-23,0,0,0,,,text,SiliconFlow
3139,55,-21,0,0,0,,,text,SiliconFlow
3140,55,-19,0,0,0,,,text,SiliconFlow
3141,55,-17,0,0,0,,,text,SiliconFlow
3142,55,-15,0,0,0,,,text,SiliconFlow
3143,55,-13,0,0,0,,,text,SiliconFlow
3144,55,-11,0,0,0,,,text,SiliconFlow
3145,55,-9,0,0,0,,,text,SiliconFlow
3146,55,-7,1,1,0,,,text,SiliconFlow
3147,55,-5,1,1,0,,,text,SiliconFlow
3148,55,-3,1,1,0,,,text,SiliconFlow
3149,55,-1,0,0,0,,,text,SiliconFlow
3150,55,1,0,0,0,,,text,SiliconFlow
3151,55,3,0,0,0,,,text,SiliconFlow
3152,55,5,0,0,0,,,text,SiliconFlow
3153,55,7,0,0,0,,,text,SiliconFlow
3154,55,9,1,1,0,,,text,SiliconFlow
3155,55,11,0,0,0,,,text,SiliconFlow
3156,55,13,0,0,0,,,text,SiliconFlow
3157,55,15,1,1,0,,,text,SiliconFlow
3158,55,17,0,0,0,,,text,SiliconFlow
3159,55,19,0,0,0,,,text,SiliconFlow
3160,55,21,0,0,0,,,text,SiliconFlow
3161,55,23,1,1,1,,,text,SiliconFlow
3162,55,25,1,1,0,,,text,SiliconFlow
3163,55,27,1,1,1,,,text,SiliconFlow
3164,55,29,1,1,0,,,text,SiliconFlow
3165,55,31,1,1,1,,,text,SiliconFlow
3166,55,33,1,1,1,,,text,SiliconFlow
3167,55,35,1,1,1,,,text,SiliconFlow
3168,55,37,1,1,1,,,text,SiliconFlow
3169,55,39,1,1,1,,,text,SiliconFlow
3170,55,41,1,1,1,,,text,SiliconFlow
3171,55,43,1,1,1,,,text,SiliconFlow
3172,55,45,1,1,0,,,text,SiliconFlow
3173,55,47,1,1,0,,,text,SiliconFlow
3174,55,49,1,0,0,,,text,SiliconFlow
3175,55,51,1,1,0,,,text,SiliconFlow
3176,55,53,1,1,0,,,text,SiliconFlow
3177,55,55,1,1,1,,,text,SiliconFlow
3178,55,57,1,1,1,,,text,SiliconFlow
3179,55,59,1,1,1,,,text,SiliconFlow
3180,55,61,1,1,1,,,text,SiliconFlow
3181,55,63,1,1,1,,,text,SiliconFlow
3182,55,65,1,1,0,,,text,SiliconFlow
3183,55,67,1,1,0,,,text,SiliconFlow
3184,55,69,1,1,0,,,text,SiliconFlow
3185,55,71,1,1,0,,,text,SiliconFlow
3186,55,73,1,1,0,,,text,SiliconFlow
3187,55,75,1,1,0,,,text,SiliconFlow
3188,55,77,1,1,1,,,text,SiliconFlow
3189,55,79,1,1,0,,,text,SiliconFlow
3190,55,81,1,1,1,,,text,SiliconFlow
3191,55,83,1,1,0,,,text,SiliconFlow
3192,55,85,1,1,0,,,text,SiliconFlow
3193,55,87,1,1,1,,,text,SiliconFlow
3194,55,89,1,1,0,,,text,SiliconFlow
3195,55,91,1,1,1,,,text,SiliconFlow
3196,55,93,1,1,1,,,text,SiliconFlow
3197,55,95,1,1,0,,,text,SiliconFlow
3198,55,97,1,1,0,,,text,SiliconFlow
3199,55,99,1,1,0,,,text,SiliconFlow
3200,55,101,1,1,1,,,text,SiliconFlow
3201,55,103,1,1,1,,,text,SiliconFlow
3202,55,105,1,1,1,,,text,SiliconFlow
3203,55,107,1,1,1,,,text,SiliconFlow
3204,55,109,1,0,1,,,text,SiliconFlow
3205,55,111,1,1,1,,,text,SiliconFlow
3206,55,113,1,1,1,,,text,SiliconFlow
3207,55,115,1,1,1,,,text,SiliconFlow
3208,55,117,1,1,1,,,text,SiliconFlow
3209,55,119,1,1,1,,,text,SiliconFlow
3210,55,121,1,1,1,,,text,SiliconFlow
3211,55,123,1,1,1,,,text,SiliconFlow
3212,55,125,1,1,1,,,text,SiliconFlow
3213,55,127,1,1,1,,,text,SiliconFlow
3214,55,129,1,1,1,,,text,SiliconFlow
3215,55,131,1,1,1,,,text,SiliconFlow
3216,55,133,1,1,1,,,text,SiliconFlow
3217,55,135,1,1,0,,,text,SiliconFlow
3218,55,137,1,1,0,,,text,SiliconFlow
3219,55,139,0,0,0,,,text,SiliconFlow
3220,55,141,0,0,1,,,text,SiliconFlow
3221,55,143,0,0,0,,,text,SiliconFlow
3222,55,145,0,0,0,,,text,SiliconFlow
3223,55,147,0,0,0,,,text,SiliconFlow
3224,55,149,0,0,0,,,text,SiliconFlow
3225,55,151,0,0,0,,,text,SiliconFlow
3226,55,153,0,0,0,,,text,SiliconFlow
3227,55,155,0,0,0,,,text,SiliconFlow
3228,55,157,1,1,0,,,text,SiliconFlow
3229,55,159,1,1,0,,,text,SiliconFlow
3230,55,161,1,1,0,,,text,SiliconFlow
3231,55,163,0,0,0,,,text,SiliconFlow
3232,55,165,0,0,0,,,text,SiliconFlow
3233,55,167,0,0,0,,,text,SiliconFlow
3234,55,169,0,0,0,,,text,SiliconFlow
3235,55,171,0,0,0,,,text,SiliconFlow
3236,55,173,0,0,0,,,text,SiliconFlow
3237,55,175,0,0,0,,,text,SiliconFlow
3238,55,177,0,0,0,,,text,SiliconFlow
3239,55,179,0,0,0,,,text,SiliconFlow
3240,53,-179,0,0,0,,,text,SiliconFlow
3241,53,-177,0,0,0,,,text,SiliconFlow
3242,53,-175,0,0,0,,,text,SiliconFlow
3243,53,-173,0,0,0,,,text,SiliconFlow
3244,53,-171,0,0,0,,,text,SiliconFlow
3245,53,-169,0,0,0,,,text,SiliconFlow
3246,53,-167,0,0,0,,,text,SiliconFlow
3247,53,-165,0,0,0,,,text,SiliconFlow
3248,53,-163,0,0,0,,,text,SiliconFlow
3249,53,-161,0,0,0,,,text,SiliconFlow
3250,53,-159,0,0,0,,,text,SiliconFlow
3251,53,-157,0,0,0,,,text,SiliconFlow
3252,53,-155,0,0,0,,,text,SiliconFlow
3253,53,-153,0,0,0,,,text,SiliconFlow
3254,53,-151,0,0,0,,,text,SiliconFlow
3255,53,-149,0,0,0,,,text,SiliconFlow
3256,53,-147,0,0,0,,,text,SiliconFlow
3257,53,-145,0,0,0,,,text,SiliconFlow
3258,53,-143,0,0,0,,,text,SiliconFlow
3259,53,-141,0,0,0,,,text,SiliconFlow
3260,53,-139,0,0,0,,,text,SiliconFlow
3261,53,-137,0,0,0,,,text,SiliconFlow
3262,53,-135,0,0,0,,,text,SiliconFlow
3263,53,-133,0,0,0,,,text,SiliconFlow
3264,53,-131,0,0,0,,,text,SiliconFlow
3265,53,-129,1,1,0,,,text,SiliconFlow
3266,53,-127,1,1,0,,,text,SiliconFlow
3267,53,-125,1,1,0,,,text,SiliconFlow
3268,53,-123,1,1,1,,,text,SiliconFlow
3269,53,-121,1,1,1,,,text,SiliconFlow
3270,53,-119,1,1,1,,,text,SiliconFlow
3271,53,-117,1,1,1,,,text,SiliconFlow
3272,53,-115,1,1,1,,,text,SiliconFlow
3273,53,-113,1,1,1,,,text,SiliconFlow
3274,53,-111,1,1,1,,,text,SiliconFlow
3275,53,-109,1,1,1,,,text,SiliconFlow
3276,53,-107,1,1,1,,,text,SiliconFlow
3277,53,-105,1,1,1,,,text,SiliconFlow
3278,53,-103,1,1,1,,,text,SiliconFlow
3279,53,-101,1,1,1,,,text,SiliconFlow
3280,53,-99,1,1,0,,,text,SiliconFlow
3281,53,-97,1,1,0,,,text,SiliconFlow
3282,53,-95,1,1,0,,,text,SiliconFlow
3283,53,-93,1,0,0,,,text,SiliconFlow
3284,53,-91,1,1,0,,,text,SiliconFlow
3285,53,-89,1,1,0,,,text,SiliconFlow
3286,53,-87,1,1,0,,,text,SiliconFlow
3287,53,-85,1,1,0,,,text,SiliconFlow
3288,53,-83,1,1,0,,,text,SiliconFlow
3289,53,-81,1,1,0,,,text,SiliconFlow
3290,53,-79,0,0,0,,,text,SiliconFlow
3291,53,-77,1,1,0,,,text,SiliconFlow
3292,53,-75,1,1,0,,,text,SiliconFlow
3293,53,-73,1,1,0,,,text,SiliconFlow
3294,53,-71,1,1,0,,,text,SiliconFlow
3295,53,-69,1,1,0,,,text,SiliconFlow
3296,53,-67,1,1,0,,,text,SiliconFlow
3297,53,-65,1,1,0,,,text,SiliconFlow
3298,53,-63,1,1,0,,,text,SiliconFlow
3299,53,-61,1,1,0,,,text,SiliconFlow
3300,53,-59,1,1,0,,,text,SiliconFlow
3301,53,-57,1,1,0,,,text,SiliconFlow
3302,53,-55,0,0,0,,,text,SiliconFlow
3303,53,-53,0,0,0,,,text,SiliconFlow
3304,53,-51,0,0,0,,,text,SiliconFlow
3305,53,-49,0,0,0,,,text,SiliconFlow
3306,53,-47,0,0,0,,,text,SiliconFlow
3307,53,-45,0,0,0,,,text,SiliconFlow
3308,53,-43,0,0,0,,,text,SiliconFlow
3309,53,-41,0,0,0,,,text,SiliconFlow
3310,53,-39,0,0,0,,,text,SiliconFlow
3311,53,-37,0,0,0,,,text,SiliconFlow
3312,53,-35,0,0,0,,,text,SiliconFlow
3313,53,-33,0,0,0,,,text,SiliconFlow
3314,53,-31,0,0,0,,,text,SiliconFlow
3315,53,-29,0,0,0,,,text,SiliconFlow
3316,53,-27,0,0,0,,,text,SiliconFlow
3317,53,-25,0,0,0,,,text,SiliconFlow
3318,53,-23,0,0,0,,,text,SiliconFlow
3319,53,-21,0,0,0,,,text,SiliconFlow
3320,53,-19,0,0,0,,,text,SiliconFlow
3321,53,-17,0,0,0,,,text,SiliconFlow
3322,53,-15,0,0,0,,,text,SiliconFlow
3323,53,-13,0,0,0,,,text,SiliconFlow
3324,53,-11,0,0,0,,,text,SiliconFlow
3325,53,-9,1,1,0,,,text,SiliconFlow
3326,53,-7,1,1,1,,,text,SiliconFlow
3327,53,-5,0,0,0,,,text,SiliconFlow
3328,53,-3,1,1,1,,,text,SiliconFlow
3329,53,-1,1,1,1,,,text,SiliconFlow
3330,53,1,0,0,0,,,text,SiliconFlow
3331,53,3,0,0,0,,,text,SiliconFlow
3332,53,5,0,0,0,,,text,SiliconFlow
3333,53,7,1,1,1,,,text,SiliconFlow
3334,53,9,1,1,1,,,text,SiliconFlow
3335,53,11,1,1,1,,,text,SiliconFlow
3336,53,13,1,1,1,,,text,SiliconFlow
3337,53,15,1,1,1,,,text,SiliconFlow
3338,53,17,1,1,1,,,text,SiliconFlow
3339,53,19,1,1,1,,,text,SiliconFlow
3340,53,21,1,1,1,,,text,SiliconFlow
3341,53,23,1,1,1,,,text,SiliconFlow
3342,53,25,1,1,1,,,text,SiliconFlow
3343,53,27,1,1,1,,,text,SiliconFlow
3344,53,29,1,1,1,,,text,SiliconFlow
3345,53,31,1,1,1,,,text,SiliconFlow
3346,53,33,1,1,1,,,text,SiliconFlow
3347,53,35,1,1,1,,,text,SiliconFlow
3348,53,37,1,1,1,,,text,SiliconFlow
3349,53,39,1,1,1,,,text,SiliconFlow
3350,53,41,1,1,1,,,text,SiliconFlow
3351,53,43,1,1,1,,,text,SiliconFlow
3352,53,45,1,1,1,,,text,SiliconFlow
3353,53,47,1,1,0,,,text,SiliconFlow
3354,53,49,1,1,1,,,text,SiliconFlow
3355,53,51,1,1,0,,,text,SiliconFlow
3356,53,53,1,1,1,,,text,SiliconFlow
3357,53,55,1,1,1,,,text,SiliconFlow
3358,53,57,1,1,1,,,text,SiliconFlow
3359,53,59,1,1,1,,,text,SiliconFlow
3360,53,61,1,1,1,,,text,SiliconFlow
3361,53,63,1,1,1,,,text,SiliconFlow
3362,53,65,1,1,1,,,text,SiliconFlow
3363,53,67,1,1,1,,,text,SiliconFlow
3364,53,69,1,1,1,,,text,SiliconFlow
3365,53,71,1,1,0,,,text,SiliconFlow
3366,53,73,1,1,1,,,text,SiliconFlow
3367,53,75,1,1,1,,,text,SiliconFlow
3368,53,77,1,1,0,,,text,SiliconFlow
3369,53,79,1,1,1,,,text,SiliconFlow
3370,53,81,1,1,1,,,text,SiliconFlow
3371,53,83,1,1,1,,,text,SiliconFlow
3372,53,85,1,1,1,,,text,SiliconFlow
3373,53,87,1,1,1,,,text,SiliconFlow
3374,53,89,1,1,1,,,text,SiliconFlow
3375,53,91,1,1,1,,,text,SiliconFlow
3376,53,93,1,1,1,,,text,SiliconFlow
3377,53,95,1,1,1,,,text,SiliconFlow
3378,53,97,1,1,0,,,text,SiliconFlow
3379,53,99,1,1,0,,,text,SiliconFlow
3380,53,101,1,1,1,,,text,SiliconFlow
3381,53,103,1,1,1,,,text,SiliconFlow
3382,53,105,1,1,1,,,text,SiliconFlow
3383,53,107,1,0,1,,,text,SiliconFlow
3384,53,109,1,1,1,,,text,SiliconFlow
3385,53,111,1,1,1,,,text,SiliconFlow
3386,53,113,1,1,1,,,text,SiliconFlow
3387,53,115,1,1,1,,,text,SiliconFlow
3388,53,117,1,1,1,,,text,SiliconFlow
3389,53,119,1,1,1,,,text,SiliconFlow
3390,53,121,1,1,1,,,text,SiliconFlow
3391,53,123,1,1,1,,,text,SiliconFlow
3392,53,125,1,1,1,,,text,SiliconFlow
3393,53,127,1,1,1,,,text,SiliconFlow
3394,53,129,1,1,1,,,text,SiliconFlow
3395,53,131,1,1,1,,,text,SiliconFlow
3396,53,133,1,1,1,,,text,SiliconFlow
3397,53,135,1,1,1,,,text,SiliconFlow
3398,53,137,1,1,0,,,text,SiliconFlow
3399,53,139,1,1,0,,,text,SiliconFlow
3400,53,141,0,0,0,,,text,SiliconFlow
3401,53,143,1,1,0,,,text,SiliconFlow
3402,53,145,0,0,0,,,text,SiliconFlow
3403,53,147,0,0,0,,,text,SiliconFlow
3404,53,149,0,0,0,,,text,SiliconFlow
3405,53,151,0,0,0,,,text,SiliconFlow
3406,53,153,0,0,0,,,text,SiliconFlow
3407,53,155,0,0,0,,,text,SiliconFlow
3408,53,157,1,1,0,,,text,SiliconFlow
3409,53,159,0,0,0,,,text,SiliconFlow
3410,53,161,0,0,0,,,text,SiliconFlow
3411,53,163,0,0,0,,,text,SiliconFlow
3412,53,165,0,0,0,,,text,SiliconFlow
3413,53,167,0,0,0,,,text,SiliconFlow
3414,53,169,0,0,0,,,text,SiliconFlow
3415,53,171,0,0,0,,,text,SiliconFlow
3416,53,173,0,0,0,,,text,SiliconFlow
3417,53,175,0,0,0,,,text,SiliconFlow
3418,53,177,0,0,0,,,text,SiliconFlow
3419,53,179,0,0,0,,,text,SiliconFlow
3420,51,-179,0,0,0,,,text,SiliconFlow
3421,51,-177,0,0,0,,,text,SiliconFlow
3422,51,-175,0,0,0,,,text,SiliconFlow
3423,51,-173,0,0,0,,,text,SiliconFlow
3424,51,-171,0,0,0,,,text,SiliconFlow
3425,51,-169,0,0,0,,,text,SiliconFlow
3426,51,-167,0,0,0,,,text,SiliconFlow
3427,51,-165,0,0,0,,,text,SiliconFlow
3428,51,-163,0,0,0,,,text,SiliconFlow
3429,51,-161,0,0,0,,,text,SiliconFlow
3430,51,-159,0,0,0,,,text,SiliconFlow
3431,51,-157,0,0,0,,,text,SiliconFlow
3432,51,-155,0,0,0,,,text,SiliconFlow
3433,51,-153,0,0,0,,,text,SiliconFlow
3434,51,-151,0,0,0,,,text,SiliconFlow
3435,51,-149,0,0,0,,,text,SiliconFlow
3436,51,-147,0,0,0,,,text,SiliconFlow
3437,51,-145,0,0,0,,,text,SiliconFlow
3438,51,-143,0,0,0,,,text,SiliconFlow
3439,51,-141,0,0,0,,,text,SiliconFlow
3440,51,-139,0,0,0,,,text,SiliconFlow
3441,51,-137,0,0,0,,,text,SiliconFlow
3442,51,-135,0,0,0,,,text,SiliconFlow
3443,51,-133,0,0,0,,,text,SiliconFlow
3444,51,-131,0,0,0,,,text,SiliconFlow
3445,51,-129,0,0,0,,,text,SiliconFlow
3446,51,-127,1,1,0,,,text,SiliconFlow
3447,51,-125,1,1,0,,,text,SiliconFlow
3448,51,-123,1,1,1,,,text,SiliconFlow
3449,51,-121,1,1,1,,,text,SiliconFlow
3450,51,-119,1,1,1,,,text,SiliconFlow
3451,51,-117,1,1,1,,,text,SiliconFlow
3452,51,-115,1,1,1,,,text,SiliconFlow
3453,51,-113,1,1,1,,,text,SiliconFlow
3454,51,-111,1,1,1,,,text,SiliconFlow
3455,51,-109,1,1,1,,,text,SiliconFlow
3456,51,-107,1,1,1,,,text,SiliconFlow
3457,51,-105,1,1,1,,,text,SiliconFlow
3458,51,-103,1,1,1,,,text,SiliconFlow
3459,51,-101,1,1,1,,,text,SiliconFlow
3460,51,-99,1,1,0,,,text,SiliconFlow
3461,51,-97,1,1,1,,,text,SiliconFlow
3462,51,-95,1,1,1,,,text,SiliconFlow
3463,51,-93,1,1,0,,,text,SiliconFlow
3464,51,-91,1,0,0,,,text,SiliconFlow
3465,51,-89,1,1,0,,,text,SiliconFlow
3466,51,-87,1,1,0,,,text,SiliconFlow
3467,51,-85,1,1,0,,,text,SiliconFlow
3468,51,-83,1,1,0,,,text,SiliconFlow
3469,51,-81,1,1,0,,,text,SiliconFlow
3470,51,-79,1,1,0,,,text,SiliconFlow
3471,51,-77,1,0,0,,,text,SiliconFlow
3472,51,-75,1,1,0,,,text,SiliconFlow
3473,51,-73,1,1,0,,,text,SiliconFlow
3474,51,-71,1,1,0,,,text,SiliconFlow
3475,51,-69,1,1,0,,,text,SiliconFlow
3476,51,-67,1,1,0,,,text,SiliconFlow
3477,51,-65,1,1,0,,,text,SiliconFlow
3478,51,-63,1,1,0,,,text,SiliconFlow
3479,51,-61,1,1,0,,,text,SiliconFlow
3480,51,-59,1,1,0,,,text,SiliconFlow
3481,51,-57,0,0,0,,,text,SiliconFlow
3482,51,-55,0,0,0,,,text,SiliconFlow
3483,51,-53,0,0,0,,,text,SiliconFlow
3484,51,-51,0,0,0,,,text,SiliconFlow
3485,51,-49,0,0,0,,,text,SiliconFlow
3486,51,-47,0,0,0,,,text,SiliconFlow
3487,51,-45,0,0,0,,,text,SiliconFlow
3488,51,-43,0,0,0,,,text,SiliconFlow
3489,51,-41,0,0,0,,,text,SiliconFlow
3490,51,-39,0,0,0,,,text,SiliconFlow
3491,51,-37,0,0,0,,,text,SiliconFlow
3492,51,-35,0,0,0,,,text,SiliconFlow
3493,51,-33,0,0,0,,,text,SiliconFlow
3494,51,-31,0,0,0,,,text,SiliconFlow
3495,51,-29,0,0,0,,,text,SiliconFlow
3496,51,-27,0,0,0,,,text,SiliconFlow
3497,51,-25,0,0,0,,,text,SiliconFlow
3498,51,-23,0,0,0,,,text,SiliconFlow
3499,51,-21,0,0,0,,,text,SiliconFlow
3500,51,-19,0,0,0,,,text,SiliconFlow
3501,51,-17,0,0,0,,,text,SiliconFlow
3502,51,-15,0,0,0,,,text,SiliconFlow
3503,51,-13,0,0,0,,,text,SiliconFlow
3504,51,-11,0,0,0,,,text,SiliconFlow
3505,51,-9,0,0,0,,,text,SiliconFlow
3506,51,-7,0,0,0,,,text,SiliconFlow
3507,51,-5,0,0,0,,,text,SiliconFlow
3508,51,-3,1,1,1,,,text,SiliconFlow
3509,51,-1,1,1,1,,,text,SiliconFlow
3510,51,1,0,0,0,,,text,SiliconFlow
3511,51,3,1,1,1,,,text,SiliconFlow
3512,51,5,1,1,1,,,text,SiliconFlow
3513,51,7,1,1,1,,,text,SiliconFlow
3514,51,9,1,1,1,,,text,SiliconFlow
3515,51,11,1,1,1,,,text,SiliconFlow
3516,51,13,1,1,1,,,text,SiliconFlow
3517,51,15,1,1,1,,,text,SiliconFlow
3518,51,17,1,1,1,,,text,SiliconFlow
3519,51,19,1,1,1,,,text,SiliconFlow
3520,51,21,1,1,1,,,text,SiliconFlow
3521,51,23,1,1,1,,,text,SiliconFlow
3522,51,25,1,1,1,,,text,SiliconFlow
3523,51,27,1,1,1,,,text,SiliconFlow
3524,51,29,1,1,1,,,text,SiliconFlow
3525,51,31,1,1,1,,,text,SiliconFlow
3526,51,33,1,1,1,,,text,SiliconFlow
3527,51,35,1,1,1,,,text,SiliconFlow
3528,51,37,1,1,1,,,text,SiliconFlow
3529,51,39,1,1,1,,,text,SiliconFlow
3530,51,41,1,1,1,,,text,SiliconFlow
3531,51,43,1,1,1,,,text,SiliconFlow
3532,51,45,1,1,1,,,text,SiliconFlow
3533,51,47,1,1,1,,,text,SiliconFlow
3534,51,49,1,1,0,,,text,SiliconFlow
3535,51,51,1,1,1,,,text,SiliconFlow
3536,51,53,1,1,1,,,text,SiliconFlow
3537,51,55,1,1,1,,,text,SiliconFlow
3538,51,57,1,1,1,,,text,SiliconFlow
3539,51,59,1,1,1,,,text,SiliconFlow
3540,51,61,1,1,1,,,text,SiliconFlow
3541,51,63,1,1,1,,,text,SiliconFlow
3542,51,65,1,1,1,,,text,SiliconFlow
3543,51,67,1,1,1,,,text,SiliconFlow
3544,51,69,1,1,1,,,text,SiliconFlow
3545,51,71,1,1,0,,,text,SiliconFlow
3546,51,73,1,1,1,,,text,SiliconFlow
3547,51,75,1,1,1,,,text,SiliconFlow
3548,51,77,1,1,1,,,text,SiliconFlow
3549,51,79,1,1,0,,,text,SiliconFlow
3550,51,81,1,1,1,,,text,SiliconFlow
3551,51,83,1,1,1,,,text,SiliconFlow
3552,51,85,1,1,0,,,text,SiliconFlow
3553,51,87,1,1,1,,,text,SiliconFlow
3554,51,89,1,1,0,,,text,SiliconFlow
3555,51,91,1,1,1,,,text,SiliconFlow
3556,51,93,1,1,1,,,text,SiliconFlow
3557,51,95,1,1,1,,,text,SiliconFlow
3558,51,97,1,1,0,,,text,SiliconFlow
3559,51,99,1,1,0,,,text,SiliconFlow
3560,51,101,1,1,1,,,text,SiliconFlow
3561,51,103,1,1,1,,,text,SiliconFlow
3562,51,105,1,1,1,,,text,SiliconFlow
3563,51,107,1,1,1,,,text,SiliconFlow
3564,51,109,1,1,1,,,text,SiliconFlow
3565,51,111,1,1,1,,,text,SiliconFlow
3566,51,113,1,1,1,,,text,SiliconFlow
3567,51,115,1,1,1,,,text,SiliconFlow
3568,51,117,1,1,1,,,text,SiliconFlow
3569,51,119,1,1,1,,,text,SiliconFlow
3570,51,121,1,1,1,,,text,SiliconFlow
3571,51,123,1,1,1,,,text,SiliconFlow
3572,51,125,1,1,1,,,text,SiliconFlow
3573,51,127,1,1,1,,,text,SiliconFlow
3574,51,129,1,1,1,,,text,SiliconFlow
3575,51,131,1,1,1,,,text,SiliconFlow
3576,51,133,1,1,1,,,text,SiliconFlow
3577,51,135,1,1,1,,,text,SiliconFlow
3578,51,137,1,1,0,,,text,SiliconFlow
3579,51,139,1,1,1,,,text,SiliconFlow
3580,51,141,0,0,0,,,text,SiliconFlow
3581,51,143,1,1,0,,,text,SiliconFlow
3582,51,145,0,0,0,,,text,SiliconFlow
3583,51,147,0,0,0,,,text,SiliconFlow
3584,51,149,0,0,0,,,text,SiliconFlow
3585,51,151,0,0,0,,,text,SiliconFlow
3586,51,153,0,0,0,,,text,SiliconFlow
3587,51,155,0,0,0,,,text,SiliconFlow
3588,51,157,0,0,0,,,text,SiliconFlow
3589,51,159,0,0,0,,,text,SiliconFlow
3590,51,161,0,0,0,,,text,SiliconFlow
3591,51,163,0,0,0,,,text,SiliconFlow
3592,51,165,0,0,0,,,text,SiliconFlow
3593,51,167,0,0,0,,,text,SiliconFlow
3594,51,169,0,0,0,,,text,SiliconFlow
3595,51,171,0,0,0,,,text,SiliconFlow
3596,51,173,0,0,0,,,text,SiliconFlow
3597,51,175,0,0,0,,,text,SiliconFlow
3598,51,177,0,0,0,,,text,SiliconFlow
3599,51,179,0,0,0,,,text,SiliconFlow
3600,49,-179,0,0,0,,,text,SiliconFlow
3601,49,-177,0,0,0,,,text,SiliconFlow
3602,49,-175,0,0,0,,,text,SiliconFlow
3603,49,-173,0,0,0,,,text,SiliconFlow
3604,49,-171,0,0,0,,,text,SiliconFlow
3605,49,-169,0,0,0,,,text,SiliconFlow
3606,49,-167,0,0,0,,,text,SiliconFlow
3607,49,-165,0,0,0,,,text,SiliconFlow
3608,49,-163,0,0,0,,,text,SiliconFlow
3609,49,-161,0,0,0,,,text,SiliconFlow
3610,49,-159,0,0,0,,,text,SiliconFlow
3611,49,-157,0,0,0,,,text,SiliconFlow
3612,49,-155,0,0,0,,,text,SiliconFlow
3613,49,-153,0,0,0,,,text,SiliconFlow
3614,49,-151,0,0,0,,,text,SiliconFlow
3615,49,-149,0,0,0,,,text,SiliconFlow
3616,49,-147,0,0,0,,,text,SiliconFlow
3617,49,-145,0,0,0,,,text,SiliconFlow
3618,49,-143,0,0,0,,,text,SiliconFlow
3619,49,-141,0,0,0,,,text,SiliconFlow
3620,49,-139,0,0,0,,,text,SiliconFlow
3621,49,-137,0,0,0,,,text,SiliconFlow
3622,49,-135,0,0,0,,,text,SiliconFlow
3623,49,-133,0,0,0,,,text,SiliconFlow
3624,49,-131,0,0,0,,,text,SiliconFlow
3625,49,-129,0,0,0,,,text,SiliconFlow
3626,49,-127,0,0,0,,,text,SiliconFlow
3627,49,-125,1,1,0,,,text,SiliconFlow
3628,49,-123,0,0,1,,,text,SiliconFlow
3629,49,-121,1,1,1,,,text,SiliconFlow
3630,49,-119,1,1,1,,,text,SiliconFlow
3631,49,-117,1,1,1,,,text,SiliconFlow
3632,49,-115,1,1,1,,,text,SiliconFlow
3633,49,-113,1,1,1,,,text,SiliconFlow
3634,49,-111,1,1,1,,,text,SiliconFlow
3635,49,-109,1,1,1,,,text,SiliconFlow
3636,49,-107,1,1,1,,,text,SiliconFlow
3637,49,-105,1,1,1,,,text,SiliconFlow
3638,49,-103,1,1,1,,,text,SiliconFlow
3639,49,-101,1,1,1,,,text,SiliconFlow
3640,49,-99,1,1,1,,,text,SiliconFlow
3641,49,-97,1,1,1,,,text,SiliconFlow
3642,49,-95,1,0,1,,,text,SiliconFlow
3643,49,-93,1,1,1,,,text,SiliconFlow
3644,49,-91,1,1,1,,,text,SiliconFlow
3645,49,-89,1,1,1,,,text,SiliconFlow
3646,49,-87,1,1,1,,,text,SiliconFlow
3647,49,-85,1,1,1,,,text,SiliconFlow
3648,49,-83,1,1,1,,,text,SiliconFlow
3649,49,-81,1,1,0,,,text,SiliconFlow
3650,49,-79,1,1,1,,,text,SiliconFlow
3651,49,-77,1,1,1,,,text,SiliconFlow
3652,49,-75,1,1,0,,,text,SiliconFlow
3653,49,-73,1,1,1,,,text,SiliconFlow
3654,49,-71,1,1,1,,,text,SiliconFlow
3655,49,-69,1,1,0,,,text,SiliconFlow
3656,49,-67,0,0,0,,,text,SiliconFlow
3657,49,-65,1,1,0,,,text,SiliconFlow
3658,49,-63,0,0,0,,,text,SiliconFlow
3659,49,-61,0,0,0,,,text,SiliconFlow
3660,49,-59,0,0,0,,,text,SiliconFlow
3661,49,-57,1,1,0,,,text,SiliconFlow
3662,49,-55,1,1,0,,,text,SiliconFlow
3663,49,-53,0,0,0,,,text,SiliconFlow
3664,49,-51,0,0,0,,,text,SiliconFlow
3665,49,-49,0,0,0,,,text,SiliconFlow
3666,49,-47,0,0,0,,,text,SiliconFlow
3667,49,-45,0,0,0,,,text,SiliconFlow
3668,49,-43,0,0,0,,,text,SiliconFlow
3669,49,-41,0,0,0,,,text,SiliconFlow
3670,49,-39,0,0,0,,,text,SiliconFlow
3671,49,-37,0,0,0,,,text,SiliconFlow
3672,49,-35,0,0,0,,,text,SiliconFlow
3673,49,-33,0,0,0,,,text,SiliconFlow
3674,49,-31,0,0,0,,,text,SiliconFlow
3675,49,-29,0,0,0,,,text,SiliconFlow
3676,49,-27,0,0,0,,,text,SiliconFlow
3677,49,-25,0,0,0,,,text,SiliconFlow
3678,49,-23,0,0,0,,,text,SiliconFlow
3679,49,-21,0,0,0,,,text,SiliconFlow
3680,49,-19,0,0,0,,,text,SiliconFlow
3681,49,-17,0,0,0,,,text,SiliconFlow
3682,49,-15,0,0,0,,,text,SiliconFlow
3683,49,-13,0,0,0,,,text,SiliconFlow
3684,49,-11,0,0,0,,,text,SiliconFlow
3685,49,-9,0,0,0,,,text,SiliconFlow
3686,49,-7,0,0,0,,,text,SiliconFlow
3687,49,-5,0,0,0,,,text,SiliconFlow
3688,49,-3,0,0,0,,,text,SiliconFlow
3689,49,-1,1,1,0,,,text,SiliconFlow
3690,49,1,1,1,1,,,text,SiliconFlow
3691,49,3,1,1,1,,,text,SiliconFlow
3692,49,5,1,1,1,,,text,SiliconFlow
3693,49,7,1,1,1,,,text,SiliconFlow
3694,49,9,1,1,1,,,text,SiliconFlow
3695,49,11,1,1,1,,,text,SiliconFlow
3696,49,13,1,1,1,,,text,SiliconFlow
3697,49,15,1,1,1,,,text,SiliconFlow
3698,49,17,1,1,1,,,text,SiliconFlow
3699,49,19,1,1,1,,,text,SiliconFlow
3700,49,21,1,1,1,,,text,SiliconFlow
3701,49,23,1,1,1,,,text,SiliconFlow
3702,49,25,1,1,1,,,text,SiliconFlow
3703,49,27,1,1,1,,,text,SiliconFlow
3704,49,29,1,1,1,,,text,SiliconFlow
3705,49,31,1,1,1,,,text,SiliconFlow
3706,49,33,1,1,1,,,text,SiliconFlow
3707,49,35,1,1,1,,,text,SiliconFlow
3708,49,37,1,1,1,,,text,SiliconFlow
3709,49,39,1,1,1,,,text,SiliconFlow
3710,49,41,1,1,1,,,text,SiliconFlow
3711,49,43,1,1,0,,,text,SiliconFlow
3712,49,45,1,1,0,,,text,SiliconFlow
3713,49,47,1,1,0,,,text,SiliconFlow
3714,49,49,1,1,1,,,text,SiliconFlow
3715,49,51,1,1,0,,,text,SiliconFlow
3716,49,53,1,1,0,,,text,SiliconFlow
3717,49,55,1,1,0,,,text,SiliconFlow
3718,49,57,1,1,0,,,text,SiliconFlow
3719,49,59,1,1,1,,,text,SiliconFlow
3720,49,61,1,1,1,,,text,SiliconFlow
3721,49,63,1,1,0,,,text,SiliconFlow
3722,49,65,1,1,1,,,text,SiliconFlow
3723,49,67,1,1,1,,,text,SiliconFlow
3724,49,69,1,1,1,,,text,SiliconFlow
3725,49,71,1,1,1,,,text,SiliconFlow
3726,49,73,1,1,1,,,text,SiliconFlow
3727,49,75,1,1,1,,,text,SiliconFlow
3728,49,77,1,1,1,,,text,SiliconFlow
3729,49,79,1,1,1,,,text,SiliconFlow
3730,49,81,1,1,1,,,text,SiliconFlow
3731,49,83,1,1,1,,,text,SiliconFlow
3732,49,85,1,1,1,,,text,SiliconFlow
3733,49,87,1,1,1,,,text,SiliconFlow
3734,49,89,1,1,1,,,text,SiliconFlow
3735,49,91,1,1,1,,,text,SiliconFlow
3736,49,93,1,1,1,,,text,SiliconFlow
3737,49,95,1,1,1,,,text,SiliconFlow
3738,49,97,1,1,0,,,text,SiliconFlow
3739,49,99,1,1,0,,,text,SiliconFlow
3740,49,101,1,1,1,,,text,SiliconFlow
3741,49,103,1,1,0,,,text,SiliconFlow
3742,49,105,1,1,1,,,text,SiliconFlow
3743,49,107,1,1,1,,,text,SiliconFlow
3744,49,109,1,1,1,,,text,SiliconFlow
3745,49,111,1,1,1,,,text,SiliconFlow
3746,49,113,1,1,1,,,text,SiliconFlow
3747,49,115,1,1,1,,,text,SiliconFlow
3748,49,117,1,1,1,,,text,SiliconFlow
3749,49,119,1,1,1,,,text,SiliconFlow
3750,49,121,1,1,1,,,text,SiliconFlow
3751,49,123,1,1,0,,,text,SiliconFlow
3752,49,125,1,1,1,,,text,SiliconFlow
3753,49,127,1,1,1,,,text,SiliconFlow
3754,49,129,1,1,1,,,text,SiliconFlow
3755,49,131,1,1,1,,,text,SiliconFlow
3756,49,133,1,1,1,,,text,SiliconFlow
3757,49,135,1,1,0,,,text,SiliconFlow
3758,49,137,1,1,1,,,text,SiliconFlow
3759,49,139,1,1,1,,,text,SiliconFlow
3760,49,141,0,0,1,,,text,SiliconFlow
3761,49,143,0,0,0,,,text,SiliconFlow
3762,49,145,0,0,0,,,text,SiliconFlow
3763,49,147,0,0,0,,,text,SiliconFlow
3764,49,149,0,0,0,,,text,SiliconFlow
3765,49,151,0,0,0,,,text,SiliconFlow
3766,49,153,0,0,0,,,text,SiliconFlow
3767,49,155,0,0,0,,,text,SiliconFlow
3768,49,157,0,0,0,,,text,SiliconFlow
3769,49,159,0,0,0,,,text,SiliconFlow
3770,49,161,0,0,0,,,text,SiliconFlow
3771,49,163,0,0,0,,,text,SiliconFlow
3772,49,165,0,0,0,,,text,SiliconFlow
3773,49,167,0,0,0,,,text,SiliconFlow
3774,49,169,0,0,0,,,text,SiliconFlow
3775,49,171,0,0,0,,,text,SiliconFlow
3776,49,173,0,0,0,,,text,SiliconFlow
3777,49,175,0,0,0,,,text,SiliconFlow
3778,49,177,0,0,0,,,text,SiliconFlow
3779,49,179,0,0,0,,,text,SiliconFlow
3780,47,-179,0,0,0,,,text,SiliconFlow
3781,47,-177,0,0,0,,,text,SiliconFlow
3782,47,-175,0,0,0,,,text,SiliconFlow
3783,47,-173,0,0,0,,,text,SiliconFlow
3784,47,-171,0,0,0,,,text,SiliconFlow
3785,47,-169,0,0,0,,,text,SiliconFlow
3786,47,-167,0,0,0,,,text,SiliconFlow
3787,47,-165,0,0,0,,,text,SiliconFlow
3788,47,-163,0,0,0,,,text,SiliconFlow
3789,47,-161,0,0,0,,,text,SiliconFlow
3790,47,-159,0,0,0,,,text,SiliconFlow
3791,47,-157,0,0,0,,,text,SiliconFlow
3792,47,-155,0,0,0,,,text,SiliconFlow
3793,47,-153,0,0,0,,,text,SiliconFlow
3794,47,-151,0,0,0,,,text,SiliconFlow
3795,47,-149,0,0,0,,,text,SiliconFlow
3796,47,-147,0,0,0,,,text,SiliconFlow
3797,47,-145,0,0,0,,,text,SiliconFlow
3798,47,-143,0,0,0,,,text,SiliconFlow
3799,47,-141,0,0,0,,,text,SiliconFlow
3800,47,-139,0,0,0,,,text,SiliconFlow
3801,47,-137,0,0,0,,,text,SiliconFlow
3802,47,-135,0,0,0,,,text,SiliconFlow
3803,47,-133,0,0,0,,,text,SiliconFlow
3804,47,-131,0,0,0,,,text,SiliconFlow
3805,47,-129,0,0,0,,,text,SiliconFlow
3806,47,-127,0,0,0,,,text,SiliconFlow
3807,47,-125,0,0,0,,,text,SiliconFlow
3808,47,-123,1,1,1,,,text,SiliconFlow
3809,47,-121,1,1,1,,,text,SiliconFlow
3810,47,-119,1,1,1,,,text,SiliconFlow
3811,47,-117,1,1,1,,,text,SiliconFlow
3812,47,-115,1,1,1,,,text,SiliconFlow
3813,47,-113,1,1,1,,,text,SiliconFlow
3814,47,-111,1,1,1,,,text,SiliconFlow
3815,47,-109,1,1,1,,,text,SiliconFlow
3816,47,-107,1,1,1,,,text,SiliconFlow
3817,47,-105,1,1,1,,,text,SiliconFlow
3818,47,-103,1,1,1,,,text,SiliconFlow
3819,47,-101,1,1,1,,,text,SiliconFlow
3820,47,-99,1,1,1,,,text,SiliconFlow
3821,47,-97,1,1,1,,,text,SiliconFlow
3822,47,-95,1,1,1,,,text,SiliconFlow
3823,47,-93,1,1,1,,,text,SiliconFlow
3824,47,-91,1,0,1,,,text,SiliconFlow
3825,47,-89,1,1,0,,,text,SiliconFlow
3826,47,-87,1,0,0,,,text,SiliconFlow
3827,47,-85,1,0,0,,,text,SiliconFlow
3828,47,-83,1,1,0,,,text,SiliconFlow
3829,47,-81,1,1,0,,,text,SiliconFlow
3830,47,-79,1,0,0,,,text,SiliconFlow
3831,47,-77,1,1,1,,,text,SiliconFlow
3832,47,-75,1,1,0,,,text,SiliconFlow
3833,47,-73,1,1,1,,,text,SiliconFlow
3834,47,-71,1,1,1,,,text,SiliconFlow
3835,47,-69,1,1,1,,,text,SiliconFlow
3836,47,-67,1,1,1,,,text,SiliconFlow
3837,47,-65,1,1,0,,,text,SiliconFlow
3838,47,-63,0,0,0,,,text,SiliconFlow
3839,47,-61,0,0,0,,,text,SiliconFlow
3840,47,-59,0,0,0,,,text,SiliconFlow
3841,47,-57,0,0,0,,,text,SiliconFlow
3842,47,-55,0,0,0,,,text,SiliconFlow
3843,47,-53,1,1,0,,,text,SiliconFlow
3844,47,-51,0,0,0,,,text,SiliconFlow
3845,47,-49,0,0,0,,,text,SiliconFlow
3846,47,-47,0,0,0,,,text,SiliconFlow
3847,47,-45,0,0,0,,,text,SiliconFlow
3848,47,-43,0,0,0,,,text,SiliconFlow
3849,47,-41,0,0,0,,,text,SiliconFlow
3850,47,-39,0,0,0,,,text,SiliconFlow
3851,47,-37,0,0,0,,,text,SiliconFlow
3852,47,-35,0,0,0,,,text,SiliconFlow
3853,47,-33,0,0,0,,,text,SiliconFlow
3854,47,-31,0,0,0,,,text,SiliconFlow
3855,47,-29,0,0,0,,,text,SiliconFlow
3856,47,-27,0,0,0,,,text,SiliconFlow
3857,47,-25,0,0,0,,,text,SiliconFlow
3858,47,-23,0,0,0,,,text,SiliconFlow
3859,47,-21,0,0,0,,,text,SiliconFlow
3860,47,-19,0,0,0,,,text,SiliconFlow
3861,47,-17,0,0,0,,,text,SiliconFlow
3862,47,-15,0,0,0,,,text,SiliconFlow
3863,47,-13,0,0,0,,,text,SiliconFlow
3864,47,-11,0,0,0,,,text,SiliconFlow
3865,47,-9,0,0,0,,,text,SiliconFlow
3866,47,-7,0,0,0,,,text,SiliconFlow
3867,47,-5,0,0,0,,,text,SiliconFlow
3868,47,-3,0,0,0,,,text,SiliconFlow
3869,47,-1,1,1,1,,,text,SiliconFlow
3870,47,1,1,1,1,,,text,SiliconFlow
3871,47,3,1,1,1,,,text,SiliconFlow
3872,47,5,1,1,1,,,text,SiliconFlow
3873,47,7,1,1,1,,,text,SiliconFlow
3874,47,9,1,1,1,,,text,SiliconFlow
3875,47,11,1,1,1,,,text,SiliconFlow
3876,47,13,1,1,1,,,text,SiliconFlow
3877,47,15,1,1,1,,,text,SiliconFlow
3878,47,17,1,1,1,,,text,SiliconFlow
3879,47,19,1,1,1,,,text,SiliconFlow
3880,47,21,1,1,1,,,text,SiliconFlow
3881,47,23,1,1,1,,,text,SiliconFlow
3882,47,25,1,1,1,,,text,SiliconFlow
3883,47,27,1,1,1,,,text,SiliconFlow
3884,47,29,1,1,1,,,text,SiliconFlow
3885,47,31,1,1,1,,,text,SiliconFlow
3886,47,33,1,1,0,,,text,SiliconFlow
3887,47,35,1,1,1,,,text,SiliconFlow
3888,47,37,1,1,1,,,text,SiliconFlow
3889,47,39,0,0,1,,,text,SiliconFlow
3890,47,41,1,1,1,,,text,SiliconFlow
3891,47,43,1,1,1,,,text,SiliconFlow
3892,47,45,1,1,0,,,text,SiliconFlow
3893,47,47,1,1,1,,,text,SiliconFlow
3894,47,49,1,1,0,,,text,SiliconFlow
3895,47,51,1,0,0,,,text,SiliconFlow
3896,47,53,1,1,0,,,text,SiliconFlow
3897,47,55,1,1,0,,,text,SiliconFlow
3898,47,57,1,1,0,,,text,SiliconFlow
3899,47,59,1,1,0,,,text,SiliconFlow
3900,47,61,1,1,1,,,text,SiliconFlow
3901,47,63,1,1,0,,,text,SiliconFlow
3902,47,65,1,1,1,,,text,SiliconFlow
3903,47,67,1,1,1,,,text,SiliconFlow
3904,47,69,1,1,1,,,text,SiliconFlow
3905,47,71,1,1,1,,,text,SiliconFlow
3906,47,73,1,1,1,,,text,SiliconFlow
3907,47,75,1,1,0,,,text,SiliconFlow
3908,47,77,1,1,0,,,text,SiliconFlow
3909,47,79,1,1,0,,,text,SiliconFlow
3910,47,81,1,1,0,,,text,SiliconFlow
3911,47,83,1,1,0,,,text,SiliconFlow
3912,47,85,1,1,0,,,text,SiliconFlow
3913,47,87,1,1,1,,,text,SiliconFlow
3914,47,89,1,1,0,,,text,SiliconFlow
3915,47,91,1,1,0,,,text,SiliconFlow
3916,47,93,1,1,1,,,text,SiliconFlow
3917,47,95,1,1,1,,,text,SiliconFlow
3918,47,97,1,1,0,,,text,SiliconFlow
3919,47,99,1,1,0,,,text,SiliconFlow
3920,47,101,1,1,1,,,text,SiliconFlow
3921,47,103,1,1,1,,,text,SiliconFlow
3922,47,105,1,1,1,,,text,SiliconFlow
3923,47,107,1,1,1,,,text,SiliconFlow
3924,47,109,1,1,1,,,text,SiliconFlow
3925,47,111,1,1,1,,,text,SiliconFlow
3926,47,113,1,1,1,,,text,SiliconFlow
3927,47,115,1,1,1,,,text,SiliconFlow
3928,47,117,1,1,1,,,text,SiliconFlow
3929,47,119,1,1,1,,,text,SiliconFlow
3930,47,121,1,1,1,,,text,SiliconFlow
3931,47,123,1,1,1,,,text,SiliconFlow
3932,47,125,1,1,1,,,text,SiliconFlow
3933,47,127,1,1,1,,,text,SiliconFlow
3934,47,129,1,1,1,,,text,SiliconFlow
3935,47,131,1,1,0,,,text,SiliconFlow
3936,47,133,1,1,1,,,text,SiliconFlow
3937,47,135,1,1,0,,,text,SiliconFlow
3938,47,137,1,1,1,,,text,SiliconFlow
3939,47,139,0,0,0,,,text,SiliconFlow
3940,47,141,0,0,0,,,text,SiliconFlow
3941,47,143,1,1,0,,,text,SiliconFlow
3942,47,145,0,0,0,,,text,SiliconFlow
3943,47,147,0,0,0,,,text,SiliconFlow
3944,47,149,0,0,0,,,text,SiliconFlow
3945,47,151,0,0,0,,,text,SiliconFlow
3946,47,153,0,0,0,,,text,SiliconFlow
3947,47,155,0,0,0,,,text,SiliconFlow
3948,47,157,0,0,0,,,text,SiliconFlow
3949,47,159,0,0,0,,,text,SiliconFlow
3950,47,161,0,0,0,,,text,SiliconFlow
3951,47,163,0,0,0,,,text,SiliconFlow
3952,47,165,0,0,0,,,text,SiliconFlow
3953,47,167,0,0,0,,,text,SiliconFlow
3954,47,169,0,0,0,,,text,SiliconFlow
3955,47,171,0,0,0,,,text,SiliconFlow
3956,47,173,0,0,0,,,text,SiliconFlow
3957,47,175,0,0,0,,,text,SiliconFlow
3958,47,177,0,0,0,,,text,SiliconFlow
3959,47,179,0,0,0,,,text,SiliconFlow
3960,45,-179,0,0,0,,,text,SiliconFlow
3961,45,-177,0,0,0,,,text,SiliconFlow
3962,45,-175,0,0,0,,,text,SiliconFlow
3963,45,-173,0,0,0,,,text,SiliconFlow
3964,45,-171,0,0,0,,,text,SiliconFlow
3965,45,-169,0,0,0,,,text,SiliconFlow
3966,45,-167,0,0,0,,,text,SiliconFlow
3967,45,-165,0,0,0,,,text,SiliconFlow
3968,45,-163,0,0,0,,,text,SiliconFlow
3969,45,-161,0,0,0,,,text,SiliconFlow
3970,45,-159,0,0,0,,,text,SiliconFlow
3971,45,-157,0,0,0,,,text,SiliconFlow
3972,45,-155,0,0,0,,,text,SiliconFlow
3973,45,-153,0,0,0,,,text,SiliconFlow
3974,45,-151,0,0,0,,,text,SiliconFlow
3975,45,-149,0,0,0,,,text,SiliconFlow
3976,45,-147,0,0,0,,,text,SiliconFlow
3977,45,-145,0,0,0,,,text,SiliconFlow
3978,45,-143,0,0,0,,,text,SiliconFlow
3979,45,-141,0,0,0,,,text,SiliconFlow
3980,45,-139,0,0,0,,,text,SiliconFlow
3981,45,-137,0,0,0,,,text,SiliconFlow
3982,45,-135,0,0,0,,,text,SiliconFlow
3983,45,-133,0,0,0,,,text,SiliconFlow
3984,45,-131,0,0,0,,,text,SiliconFlow
3985,45,-129,0,0,0,,,text,SiliconFlow
3986,45,-127,0,0,0,,,text,SiliconFlow
3987,45,-125,0,0,0,,,text,SiliconFlow
3988,45,-123,1,1,0,,,text,SiliconFlow
3989,45,-121,1,1,1,,,text,SiliconFlow
3990,45,-119,1,1,1,,,text,SiliconFlow
3991,45,-117,1,1,1,,,text,SiliconFlow
3992,45,-115,1,1,1,,,text,SiliconFlow
3993,45,-113,1,1,1,,,text,SiliconFlow
3994,45,-111,1,1,1,,,text,SiliconFlow
3995,45,-109,1,1,1,,,text,SiliconFlow
3996,45,-107,1,1,1,,,text,SiliconFlow
3997,45,-105,1,1,1,,,text,SiliconFlow
3998,45,-103,1,1,1,,,text,SiliconFlow
3999,45,-101,1,1,1,,,text,SiliconFlow
4000,45,-99,1,1,1,,,text,SiliconFlow
4001,45,-97,1,1,1,,,text,SiliconFlow
4002,45,-95,1,1,1,,,text,SiliconFlow
4003,45,-93,1,1,1,,,text,SiliconFlow
4004,45,-91,1,1,1,,,text,SiliconFlow
4005,45,-89,1,1,1,,,text,SiliconFlow
4006,45,-87,1,0,0,,,text,SiliconFlow
4007,45,-85,1,1,0,,,text,SiliconFlow
4008,45,-83,1,0,0,,,text,SiliconFlow
4009,45,-81,1,0,0,,,text,SiliconFlow
4010,45,-79,1,1,1,,,text,SiliconFlow
4011,45,-77,1,1,1,,,text,SiliconFlow
4012,45,-75,1,1,1,,,text,SiliconFlow
4013,45,-73,1,1,1,,,text,SiliconFlow
4014,45,-71,1,1,1,,,text,SiliconFlow
4015,45,-69,1,1,1,,,text,SiliconFlow
4016,45,-67,1,1,0,,,text,SiliconFlow
4017,45,-65,1,1,0,,,text,SiliconFlow
4018,45,-63,1,1,0,,,text,SiliconFlow
4019,45,-61,0,0,0,,,text,SiliconFlow
4020,45,-59,0,0,0,,,text,SiliconFlow
4021,45,-57,0,0,0,,,text,SiliconFlow
4022,45,-55,0,0,0,,,text,SiliconFlow
4023,45,-53,0,0,0,,,text,SiliconFlow
4024,45,-51,0,0,0,,,text,SiliconFlow
4025,45,-49,0,0,0,,,text,SiliconFlow
4026,45,-47,0,0,0,,,text,SiliconFlow
4027,45,-45,0,0,0,,,text,SiliconFlow
4028,45,-43,0,0,0,,,text,SiliconFlow
4029,45,-41,0,0,0,,,text,SiliconFlow
4030,45,-39,0,0,0,,,text,SiliconFlow
4031,45,-37,0,0,0,,,text,SiliconFlow
4032,45,-35,0,0,0,,,text,SiliconFlow
4033,45,-33,0,0,0,,,text,SiliconFlow
4034,45,-31,0,0,0,,,text,SiliconFlow
4035,45,-29,0,0,0,,,text,SiliconFlow
4036,45,-27,0,0,0,,,text,SiliconFlow
4037,45,-25,0,0,0,,,text,SiliconFlow
4038,45,-23,0,0,0,,,text,SiliconFlow
4039,45,-21,0,0,0,,,text,SiliconFlow
4040,45,-19,0,0,0,,,text,SiliconFlow
4041,45,-17,0,0,0,,,text,SiliconFlow
4042,45,-15,0,0,0,,,text,SiliconFlow
4043,45,-13,0,0,0,,,text,SiliconFlow
4044,45,-11,0,0,0,,,text,SiliconFlow
4045,45,-9,0,0,0,,,text,SiliconFlow
4046,45,-7,0,0,0,,,text,SiliconFlow
4047,45,-5,0,0,0,,,text,SiliconFlow
4048,45,-3,0,0,0,,,text,SiliconFlow
4049,45,-1,1,1,0,,,text,SiliconFlow
4050,45,1,1,1,1,,,text,SiliconFlow
4051,45,3,1,1,1,,,text,SiliconFlow
4052,45,5,1,1,1,,,text,SiliconFlow
4053,45,7,1,1,1,,,text,SiliconFlow
4054,45,9,1,1,1,,,text,SiliconFlow
4055,45,11,1,1,1,,,text,SiliconFlow
4056,45,13,0,0,0,,,text,SiliconFlow
4057,45,15,1,1,1,,,text,SiliconFlow
4058,45,17,1,1,1,,,text,SiliconFlow
4059,45,19,1,1,1,,,text,SiliconFlow
4060,45,21,1,1,1,,,text,SiliconFlow
4061,45,23,1,1,1,,,text,SiliconFlow
4062,45,25,1,1,1,,,text,SiliconFlow
4063,45,27,1,1,1,,,text,SiliconFlow
4064,45,29,1,1,0,,,text,SiliconFlow
4065,45,31,0,0,0,,,text,SiliconFlow
4066,45,33,0,0,0,,,text,SiliconFlow
4067,45,35,1,1,0,,,text,SiliconFlow
4068,45,37,0,0,0,,,text,SiliconFlow
4069,45,39,1,1,1,,,text,SiliconFlow
4070,45,41,1,1,1,,,text,SiliconFlow
4071,45,43,1,1,1,,,text,SiliconFlow
4072,45,45,1,1,0,,,text,SiliconFlow
4073,45,47,1,1,0,,,text,SiliconFlow
4074,45,49,1,0,0,,,text,SiliconFlow
4075,45,51,1,0,0,,,text,SiliconFlow
4076,45,53,1,1,0,,,text,SiliconFlow
4077,45,55,1,1,0,,,text,SiliconFlow
4078,45,57,1,1,0,,,text,SiliconFlow
4079,45,59,1,1,0,,,text,SiliconFlow
4080,45,61,1,1,0,,,text,SiliconFlow
4081,45,63,1,1,0,,,text,SiliconFlow
4082,45,65,1,1,0,,,text,SiliconFlow
4083,45,67,1,1,0,,,text,SiliconFlow
4084,45,69,1,1,1,,,text,SiliconFlow
4085,45,71,1,1,1,,,text,SiliconFlow
4086,45,73,1,1,1,,,text,SiliconFlow
4087,45,75,1,1,0,,,text,SiliconFlow
4088,45,77,1,1,0,,,text,SiliconFlow
4089,45,79,1,1,0,,,text,SiliconFlow
4090,45,81,1,1,0,,,text,SiliconFlow
4091,45,83,1,1,0,,,text,SiliconFlow
4092,45,85,1,1,0,,,text,SiliconFlow
4093,45,87,1,1,1,,,text,SiliconFlow
4094,45,89,1,1,0,,,text,SiliconFlow
4095,45,91,1,1,0,,,text,SiliconFlow
4096,45,93,1,1,0,,,text,SiliconFlow
4097,45,95,1,1,0,,,text,SiliconFlow
4098,45,97,1,1,0,,,text,SiliconFlow
4099,45,99,1,1,0,,,text,SiliconFlow
4100,45,101,1,1,0,,,text,SiliconFlow
4101,45,103,1,1,1,,,text,SiliconFlow
4102,45,105,1,1,1,,,text,SiliconFlow
4103,45,107,1,1,1,,,text,SiliconFlow
4104,45,109,1,1,1,,,text,SiliconFlow
4105,45,111,1,1,1,,,text,SiliconFlow
4106,45,113,1,1,1,,,text,SiliconFlow
4107,45,115,1,1,1,,,text,SiliconFlow
4108,45,117,1,1,1,,,text,SiliconFlow
4109,45,119,1,1,1,,,text,SiliconFlow
4110,45,121,1,1,0,,,text,SiliconFlow
4111,45,123,1,1,0,,,text,SiliconFlow
4112,45,125,1,1,1,,,text,SiliconFlow
4113,45,127,1,1,1,,,text,SiliconFlow
4114,45,129,1,1,0,,,text,SiliconFlow
4115,45,131,1,1,1,,,text,SiliconFlow
4116,45,133,1,1,1,,,text,SiliconFlow
4117,45,135,1,1,0,,,text,SiliconFlow
4118,45,137,0,0,0,,,text,SiliconFlow
4119,45,139,0,0,0,,,text,SiliconFlow
4120,45,141,0,0,0,,,text,SiliconFlow
4121,45,143,0,0,0,,,text,SiliconFlow
4122,45,145,0,0,0,,,text,SiliconFlow
4123,45,147,0,0,0,,,text,SiliconFlow
4124,45,149,0,0,0,,,text,SiliconFlow
4125,45,151,0,0,0,,,text,SiliconFlow
4126,45,153,0,0,0,,,text,SiliconFlow
4127,45,155,0,0,0,,,text,SiliconFlow
4128,45,157,0,0,0,,,text,SiliconFlow
4129,45,159,0,0,0,,,text,SiliconFlow
4130,45,161,0,0,0,,,text,SiliconFlow
4131,45,163,0,0,0,,,text,SiliconFlow
4132,45,165,0,0,0,,,text,SiliconFlow
4133,45,167,0,0,0,,,text,SiliconFlow
4134,45,169,0,0,0,,,text,SiliconFlow
4135,45,171,0,0,0,,,text,SiliconFlow
4136,45,173,0,0,0,,,text,SiliconFlow
4137,45,175,0,0,0,,,text,SiliconFlow
4138,45,177,0,0,0,,,text,SiliconFlow
4139,45,179,0,0,0,,,text,SiliconFlow
4140,43,-179,0,0,0,,,text,SiliconFlow
4141,43,-177,0,0,0,,,text,SiliconFlow
4142,43,-175,0,0,0,,,text,SiliconFlow
4143,43,-173,0,0,0,,,text,SiliconFlow
4144,43,-171,0,0,0,,,text,SiliconFlow
4145,43,-169,0,0,0,,,text,SiliconFlow
4146,43,-167,0,0,0,,,text,SiliconFlow
4147,43,-165,0,0,0,,,text,SiliconFlow
4148,43,-163,0,0,0,,,text,SiliconFlow
4149,43,-161,0,0,0,,,text,SiliconFlow
4150,43,-159,0,0,0,,,text,SiliconFlow
4151,43,-157,0,0,0,,,text,SiliconFlow
4152,43,-155,0,0,0,,,text,SiliconFlow
4153,43,-153,0,0,0,,,text,SiliconFlow
4154,43,-151,0,0,0,,,text,SiliconFlow
4155,43,-149,0,0,0,,,text,SiliconFlow
4156,43,-147,0,0,0,,,text,SiliconFlow
4157,43,-145,0,0,0,,,text,SiliconFlow
4158,43,-143,0,0,0,,,text,SiliconFlow
4159,43,-141,0,0,0,,,text,SiliconFlow
4160,43,-139,0,0,0,,,text,SiliconFlow
4161,43,-137,0,0,0,,,text,SiliconFlow
4162,43,-135,0,0,0,,,text,SiliconFlow
4163,43,-133,0,0,0,,,text,SiliconFlow
4164,43,-131,0,0,0,,,text,SiliconFlow
4165,43,-129,0,0,0,,,text,SiliconFlow
4166,43,-127,0,0,0,,,text,SiliconFlow
4167,43,-125,0,0,0,,,text,SiliconFlow
4168,43,-123,1,1,1,,,text,SiliconFlow
4169,43,-121,1,1,1,,,text,SiliconFlow
4170,43,-119,1,1,1,,,text,SiliconFlow
4171,43,-117,1,1,1,,,text,SiliconFlow
4172,43,-115,1,1,1,,,text,SiliconFlow
4173,43,-113,1,1,1,,,text,SiliconFlow
4174,43,-111,1,1,1,,,text,SiliconFlow
4175,43,-109,1,1,1,,,text,SiliconFlow
4176,43,-107,1,1,1,,,text,SiliconFlow
4177,43,-105,1,1,1,,,text,SiliconFlow
4178,43,-103,1,1,1,,,text,SiliconFlow
4179,43,-101,1,1,1,,,text,SiliconFlow
4180,43,-99,1,1,1,,,text,SiliconFlow
4181,43,-97,1,1,1,,,text,SiliconFlow
4182,43,-95,1,1,1,,,text,SiliconFlow
4183,43,-93,1,1,1,,,text,SiliconFlow
4184,43,-91,1,1,1,,,text,SiliconFlow
4185,43,-89,1,1,1,,,text,SiliconFlow
4186,43,-87,1,0,0,,,text,SiliconFlow
4187,43,-85,1,1,1,,,text,SiliconFlow
4188,43,-83,1,1,1,,,text,SiliconFlow
4189,43,-81,1,1,1,,,text,SiliconFlow
4190,43,-79,1,1,1,,,text,SiliconFlow
4191,43,-77,1,1,1,,,text,SiliconFlow
4192,43,-75,1,1,1,,,text,SiliconFlow
4193,43,-73,1,1,1,,,text,SiliconFlow
4194,43,-71,1,1,1,,,text,SiliconFlow
4195,43,-69,0,0,0,,,text,SiliconFlow
4196,43,-67,0,0,0,,,text,SiliconFlow
4197,43,-65,0,0,0,,,text,SiliconFlow
4198,43,-63,0,0,0,,,text,SiliconFlow
4199,43,-61,0,0,0,,,text,SiliconFlow
4200,43,-59,0,0,0,,,text,SiliconFlow
4201,43,-57,0,0,0,,,text,SiliconFlow
4202,43,-55,0,0,0,,,text,SiliconFlow
4203,43,-53,0,0,0,,,text,SiliconFlow
4204,43,-51,0,0,0,,,text,SiliconFlow
4205,43,-49,0,0,0,,,text,SiliconFlow
4206,43,-47,0,0,0,,,text,SiliconFlow
4207,43,-45,0,0,0,,,text,SiliconFlow
4208,43,-43,0,0,0,,,text,SiliconFlow
4209,43,-41,0,0,0,,,text,SiliconFlow
4210,43,-39,0,0,0,,,text,SiliconFlow
4211,43,-37,0,0,0,,,text,SiliconFlow
4212,43,-35,0,0,0,,,text,SiliconFlow
4213,43,-33,0,0,0,,,text,SiliconFlow
4214,43,-31,0,0,0,,,text,SiliconFlow
4215,43,-29,0,0,0,,,text,SiliconFlow
4216,43,-27,0,0,0,,,text,SiliconFlow
4217,43,-25,0,0,0,,,text,SiliconFlow
4218,43,-23,0,0,0,,,text,SiliconFlow
4219,43,-21,0,0,0,,,text,SiliconFlow
4220,43,-19,0,0,0,,,text,SiliconFlow
4221,43,-17,0,0,0,,,text,SiliconFlow
4222,43,-15,0,0,0,,,text,SiliconFlow
4223,43,-13,0,0,0,,,text,SiliconFlow
4224,43,-11,0,0,0,,,text,SiliconFlow
4225,43,-9,1,1,0,,,text,SiliconFlow
4226,43,-7,1,1,1,,,text,SiliconFlow
4227,43,-5,1,1,0,,,text,SiliconFlow
4228,43,-3,1,1,0,,,text,SiliconFlow
4229,43,-1,1,1,1,,,text,SiliconFlow
4230,43,1,1,1,1,,,text,SiliconFlow
4231,43,3,1,1,0,,,text,SiliconFlow
4232,43,5,0,0,0,,,text,SiliconFlow
4233,43,7,0,0,0,,,text,SiliconFlow
4234,43,9,0,0,0,,,text,SiliconFlow
4235,43,11,1,1,1,,,text,SiliconFlow
4236,43,13,1,1,1,,,text,SiliconFlow
4237,43,15,0,0,0,,,text,SiliconFlow
4238,43,17,0,0,0,,,text,SiliconFlow
4239,43,19,1,1,1,,,text,SiliconFlow
4240,43,21,1,1,1,,,text,SiliconFlow
4241,43,23,1,1,1,,,text,SiliconFlow
4242,43,25,1,1,1,,,text,SiliconFlow
4243,43,27,1,1,1,,,text,SiliconFlow
4244,43,29,0,0,0,,,text,SiliconFlow
4245,43,31,0,0,0,,,text,SiliconFlow
4246,43,33,0,0,0,,,text,SiliconFlow
4247,43,35,0,0,0,,,text,SiliconFlow
4248,43,37,0,0,0,,,text,SiliconFlow
4249,43,39,0,0,0,,,text,SiliconFlow
4250,43,41,1,1,1,,,text,SiliconFlow
4251,43,43,1,1,1,,,text,SiliconFlow
4252,43,45,1,1,1,,,text,SiliconFlow
4253,43,47,1,1,0,,,text,SiliconFlow
4254,43,49,1,0,0,,,text,SiliconFlow
4255,43,51,1,0,0,,,text,SiliconFlow
4256,43,53,1,1,0,,,text,SiliconFlow
4257,43,55,1,1,0,,,text,SiliconFlow
4258,43,57,1,1,0,,,text,SiliconFlow
4259,43,59,1,1,0,,,text,SiliconFlow
4260,43,61,1,1,0,,,text,SiliconFlow
4261,43,63,1,1,0,,,text,SiliconFlow
4262,43,65,1,1,1,,,text,SiliconFlow
4263,43,67,1,1,0,,,text,SiliconFlow
4264,43,69,1,1,1,,,text,SiliconFlow
4265,43,71,1,1,1,,,text,SiliconFlow
4266,43,73,1,1,0,,,text,SiliconFlow
4267,43,75,1,1,1,,,text,SiliconFlow
4268,43,77,1,1,0,,,text,SiliconFlow
4269,43,79,1,1,0,,,text,SiliconFlow
4270,43,81,1,1,1,,,text,SiliconFlow
4271,43,83,1,1,1,,,text,SiliconFlow
4272,43,85,1,1,0,,,text,SiliconFlow
4273,43,87,1,1,0,,,text,SiliconFlow
4274,43,89,1,1,0,,,text,SiliconFlow
4275,43,91,1,1,1,,,text,SiliconFlow
4276,43,93,1,1,1,,,text,SiliconFlow
4277,43,95,1,1,0,,,text,SiliconFlow
4278,43,97,1,1,0,,,text,SiliconFlow
4279,43,99,1,1,1,,,text,SiliconFlow
4280,43,101,1,1,1,,,text,SiliconFlow
4281,43,103,1,1,1,,,text,SiliconFlow
4282,43,105,1,1,1,,,text,SiliconFlow
4283,43,107,1,1,1,,,text,SiliconFlow
4284,43,109,1,1,1,,,text,SiliconFlow
4285,43,111,1,1,1,,,text,SiliconFlow
4286,43,113,1,1,1,,,text,SiliconFlow
4287,43,115,1,1,1,,,text,SiliconFlow
4288,43,117,1,1,1,,,text,SiliconFlow
4289,43,119,1,1,1,,,text,SiliconFlow
4290,43,121,1,1,1,,,text,SiliconFlow
4291,43,123,1,1,1,,,text,SiliconFlow
4292,43,125,1,1,1,,,text,SiliconFlow
4293,43,127,1,1,1,,,text,SiliconFlow
4294,43,129,1,1,1,,,text,SiliconFlow
4295,43,131,1,1,0,,,text,SiliconFlow
4296,43,133,1,1,1,,,text,SiliconFlow
4297,43,135,0,0,0,,,text,SiliconFlow
4298,43,137,0,0,0,,,text,SiliconFlow
4299,43,139,0,0,0,,,text,SiliconFlow
4300,43,141,1,1,1,,,text,SiliconFlow
4301,43,143,1,1,1,,,text,SiliconFlow
4302,43,145,1,1,0,,,text,SiliconFlow
4303,43,147,0,0,0,,,text,SiliconFlow
4304,43,149,0,0,0,,,text,SiliconFlow
4305,43,151,0,0,0,,,text,SiliconFlow
4306,43,153,0,0,0,,,text,SiliconFlow
4307,43,155,0,0,0,,,text,SiliconFlow
4308,43,157,0,0,0,,,text,SiliconFlow
4309,43,159,0,0,0,,,text,SiliconFlow
4310,43,161,0,0,0,,,text,SiliconFlow
4311,43,163,0,0,0,,,text,SiliconFlow
4312,43,165,0,0,0,,,text,SiliconFlow
4313,43,167,0,0,0,,,text,SiliconFlow
4314,43,169,0,0,0,,,text,SiliconFlow
4315,43,171,0,0,0,,,text,SiliconFlow
4316,43,173,0,0,0,,,text,SiliconFlow
4317,43,175,0,0,0,,,text,SiliconFlow
4318,43,177,0,0,0,,,text,SiliconFlow
4319,43,179,0,0,0,,,text,SiliconFlow
4320,41,-179,0,0,0,,,text,SiliconFlow
4321,41,-177,0,0,0,,,text,SiliconFlow
4322,41,-175,0,0,0,,,text,SiliconFlow
4323,41,-173,0,0,0,,,text,SiliconFlow
4324,41,-171,0,0,0,,,text,SiliconFlow
4325,41,-169,0,0,0,,,text,SiliconFlow
4326,41,-167,0,0,0,,,text,SiliconFlow
4327,41,-165,0,0,0,,,text,SiliconFlow
4328,41,-163,0,0,0,,,text,SiliconFlow
4329,41,-161,0,0,0,,,text,SiliconFlow
4330,41,-159,0,0,0,,,text,SiliconFlow
4331,41,-157,0,0,0,,,text,SiliconFlow
4332,41,-155,0,0,0,,,text,SiliconFlow
4333,41,-153,0,0,0,,,text,SiliconFlow
4334,41,-151,0,0,0,,,text,SiliconFlow
4335,41,-149,0,0,0,,,text,SiliconFlow
4336,41,-147,0,0,0,,,text,SiliconFlow
4337,41,-145,0,0,0,,,text,SiliconFlow
4338,41,-143,0,0,0,,,text,SiliconFlow
4339,41,-141,0,0,0,,,text,SiliconFlow
4340,41,-139,0,0,0,,,text,SiliconFlow
4341,41,-137,0,0,0,,,text,SiliconFlow
4342,41,-135,0,0,0,,,text,SiliconFlow
4343,41,-133,0,0,0,,,text,SiliconFlow
4344,41,-131,0,0,0,,,text,SiliconFlow
4345,41,-129,0,0,0,,,text,SiliconFlow
4346,41,-127,0,0,0,,,text,SiliconFlow
4347,41,-125,0,0,0,,,text,SiliconFlow
4348,41,-123,1,1,1,,,text,SiliconFlow
4349,41,-121,1,1,1,,,text,SiliconFlow
4350,41,-119,1,1,1,,,text,SiliconFlow
4351,41,-117,1,1,1,,,text,SiliconFlow
4352,41,-115,1,1,1,,,text,SiliconFlow
4353,41,-113,1,1,1,,,text,SiliconFlow
4354,41,-111,1,1,1,,,text,SiliconFlow
4355,41,-109,1,1,1,,,text,SiliconFlow
4356,41,-107,1,1,1,,,text,SiliconFlow
4357,41,-105,1,1,1,,,text,SiliconFlow
4358,41,-103,1,1,1,,,text,SiliconFlow
4359,41,-101,1,1,1,,,text,SiliconFlow
4360,41,-99,1,1,1,,,text,SiliconFlow
4361,41,-97,1,1,1,,,text,SiliconFlow
4362,41,-95,1,1,1,,,text,SiliconFlow
4363,41,-93,1,1,1,,,text,SiliconFlow
4364,41,-91,1,1,1,,,text,SiliconFlow
4365,41,-89,1,1,1,,,text,SiliconFlow
4366,41,-87,1,1,1,,,text,SiliconFlow
4367,41,-85,1,1,1,,,text,SiliconFlow
4368,41,-83,1,1,1,,,text,SiliconFlow
4369,41,-81,1,1,1,,,text,SiliconFlow
4370,41,-79,1,1,1,,,text,SiliconFlow
4371,41,-77,1,1,1,,,text,SiliconFlow
4372,41,-75,1,1,1,,,text,SiliconFlow
4373,41,-73,0,0,0,,,text,SiliconFlow
4374,41,-71,0,0,0,,,text,SiliconFlow
4375,41,-69,0,0,0,,,text,SiliconFlow
4376,41,-67,0,0,0,,,text,SiliconFlow
4377,41,-65,0,0,0,,,text,SiliconFlow
4378,41,-63,0,0,0,,,text,SiliconFlow
4379,41,-61,0,0,0,,,text,SiliconFlow
4380,41,-59,0,0,0,,,text,SiliconFlow
4381,41,-57,0,0,0,,,text,SiliconFlow
4382,41,-55,0,0,0,,,text,SiliconFlow
4383,41,-53,0,0,0,,,text,SiliconFlow
4384,41,-51,0,0,0,,,text,SiliconFlow
4385,41,-49,0,0,0,,,text,SiliconFlow
4386,41,-47,0,0,0,,,text,SiliconFlow
4387,41,-45,0,0,0,,,text,SiliconFlow
4388,41,-43,0,0,0,,,text,SiliconFlow
4389,41,-41,0,0,0,,,text,SiliconFlow
4390,41,-39,0,0,0,,,text,SiliconFlow
4391,41,-37,0,0,0,,,text,SiliconFlow
4392,41,-35,0,0,0,,,text,SiliconFlow
4393,41,-33,0,0,0,,,text,SiliconFlow
4394,41,-31,0,0,0,,,text,SiliconFlow
4395,41,-29,0,0,0,,,text,SiliconFlow
4396,41,-27,0,0,0,,,text,SiliconFlow
4397,41,-25,0,0,0,,,text,SiliconFlow
4398,41,-23,0,0,0,,,text,SiliconFlow
4399,41,-21,0,0,0,,,text,SiliconFlow
4400,41,-19,0,0,0,,,text,SiliconFlow
4401,41,-17,0,0,0,,,text,SiliconFlow
4402,41,-15,0,0,0,,,text,SiliconFlow
4403,41,-13,0,0,0,,,text,SiliconFlow
4404,41,-11,0,0,0,,,text,SiliconFlow
4405,41,-9,0,0,0,,,text,SiliconFlow
4406,41,-7,1,1,1,,,text,SiliconFlow
4407,41,-5,1,1,0,,,text,SiliconFlow
4408,41,-3,1,1,1,,,text,SiliconFlow
4409,41,-1,1,1,0,,,text,SiliconFlow
4410,41,1,0,0,0,,,text,SiliconFlow
4411,41,3,0,0,0,,,text,SiliconFlow
4412,41,5,0,0,0,,,text,SiliconFlow
4413,41,7,0,0,0,,,text,SiliconFlow
4414,41,9,1,1,0,,,text,SiliconFlow
4415,41,11,0,0,0,,,text,SiliconFlow
4416,41,13,0,0,1,,,text,SiliconFlow
4417,41,15,1,1,0,,,text,SiliconFlow
4418,41,17,1,1,0,,,text,SiliconFlow
4419,41,19,0,0,1,,,text,SiliconFlow
4420,41,21,1,0,1,,,text,SiliconFlow
4421,41,23,1,1,1,,,text,SiliconFlow
4422,41,25,1,1,1,,,text,SiliconFlow
4423,41,27,1,1,1,,,text,SiliconFlow
4424,41,29,0,0,0,,,text,SiliconFlow
4425,41,31,1,1,1,,,text,SiliconFlow
4426,41,33,1,1,1,,,text,SiliconFlow
4427,41,35,1,1,0,,,text,SiliconFlow
4428,41,37,1,1,0,,,text,SiliconFlow
4429,41,39,1,1,0,,,text,SiliconFlow
4430,41,41,1,1,1,,,text,SiliconFlow
4431,41,43,1,1,1,,,text,SiliconFlow
4432,41,45,1,1,1,,,text,SiliconFlow
4433,41,47,1,1,0,,,text,SiliconFlow
4434,41,49,1,1,0,,,text,SiliconFlow
4435,41,51,1,0,0,,,text,SiliconFlow
4436,41,53,1,1,0,,,text,SiliconFlow
4437,41,55,1,1,0,,,text,SiliconFlow
4438,41,57,1,1,0,,,text,SiliconFlow
4439,41,59,1,1,1,,,text,SiliconFlow
4440,41,61,1,1,1,,,text,SiliconFlow
4441,41,63,1,1,1,,,text,SiliconFlow
4442,41,65,1,1,1,,,text,SiliconFlow
4443,41,67,1,1,1,,,text,SiliconFlow
4444,41,69,1,1,1,,,text,SiliconFlow
4445,41,71,1,1,0,,,text,SiliconFlow
4446,41,73,1,1,0,,,text,SiliconFlow
4447,41,75,1,1,1,,,text,SiliconFlow
4448,41,77,1,1,1,,,text,SiliconFlow
4449,41,79,1,1,1,,,text,SiliconFlow
4450,41,81,1,1,1,,,text,SiliconFlow
4451,41,83,1,1,1,,,text,SiliconFlow
4452,41,85,1,1,1,,,text,SiliconFlow
4453,41,87,1,1,0,,,text,SiliconFlow
4454,41,89,1,1,0,,,text,SiliconFlow
4455,41,91,1,1,0,,,text,SiliconFlow
4456,41,93,1,1,1,,,text,SiliconFlow
4457,41,95,1,1,1,,,text,SiliconFlow
4458,41,97,1,1,0,,,text,SiliconFlow
4459,41,99,1,1,1,,,text,SiliconFlow
4460,41,101,1,1,1,,,text,SiliconFlow
4461,41,103,1,1,0,,,text,SiliconFlow
4462,41,105,1,1,1,,,text,SiliconFlow
4463,41,107,1,1,1,,,text,SiliconFlow
4464,41,109,1,1,1,,,text,SiliconFlow
4465,41,111,1,1,1,,,text,SiliconFlow
4466,41,113,1,1,1,,,text,SiliconFlow
4467,41,115,1,1,1,,,text,SiliconFlow
4468,41,117,1,1,1,,,text,SiliconFlow
4469,41,119,1,1,1,,,text,SiliconFlow
4470,41,121,1,1,1,,,text,SiliconFlow
4471,41,123,1,1,1,,,text,SiliconFlow
4472,41,125,1,1,1,,,text,SiliconFlow
4473,41,127,1,1,1,,,text,SiliconFlow
4474,41,129,1,1,0,,,text,SiliconFlow
4475,41,131,0,0,0,,,text,SiliconFlow
4476,41,133,0,0,0,,,text,SiliconFlow
4477,41,135,0,0,0,,,text,SiliconFlow
4478,41,137,0,0,0,,,text,SiliconFlow
4479,41,139,0,0,0,,,text,SiliconFlow
4480,41,141,0,0,0,,,text,SiliconFlow
4481,41,143,0,0,0,,,text,SiliconFlow
4482,41,145,0,0,0,,,text,SiliconFlow
4483,41,147,0,0,0,,,text,SiliconFlow
4484,41,149,0,0,0,,,text,SiliconFlow
4485,41,151,0,0,0,,,text,SiliconFlow
4486,41,153,0,0,0,,,text,SiliconFlow
4487,41,155,0,0,0,,,text,SiliconFlow
4488,41,157,0,0,0,,,text,SiliconFlow
4489,41,159,0,0,0,,,text,SiliconFlow
4490,41,161,0,0,0,,,text,SiliconFlow
4491,41,163,0,0,0,,,text,SiliconFlow
4492,41,165,0,0,0,,,text,SiliconFlow
4493,41,167,0,0,0,,,text,SiliconFlow
4494,41,169,0,0,0,,,text,SiliconFlow
4495,41,171,0,0,0,,,text,SiliconFlow
4496,41,173,0,0,0,,,text,SiliconFlow
4497,41,175,0,0,0,,,text,SiliconFlow
4498,41,177,0,0,0,,,text,SiliconFlow
4499,41,179,0,0,0,,,text,SiliconFlow
4500,39,-179,0,0,0,,,text,SiliconFlow
4501,39,-177,0,0,0,,,text,SiliconFlow
4502,39,-175,0,0,0,,,text,SiliconFlow
4503,39,-173,0,0,0,,,text,SiliconFlow
4504,39,-171,0,0,0,,,text,SiliconFlow
4505,39,-169,0,0,0,,,text,SiliconFlow
4506,39,-167,0,0,0,,,text,SiliconFlow
4507,39,-165,0,0,0,,,text,SiliconFlow
4508,39,-163,0,0,0,,,text,SiliconFlow
4509,39,-161,0,0,0,,,text,SiliconFlow
4510,39,-159,0,0,0,,,text,SiliconFlow
4511,39,-157,0,0,0,,,text,SiliconFlow
4512,39,-155,0,0,0,,,text,SiliconFlow
4513,39,-153,0,0,0,,,text,SiliconFlow
4514,39,-151,0,0,0,,,text,SiliconFlow
4515,39,-149,0,0,0,,,text,SiliconFlow
4516,39,-147,0,0,0,,,text,SiliconFlow
4517,39,-145,0,0,0,,,text,SiliconFlow
4518,39,-143,0,0,0,,,text,SiliconFlow
4519,39,-141,0,0,0,,,text,SiliconFlow
4520,39,-139,0,0,0,,,text,SiliconFlow
4521,39,-137,0,0,0,,,text,SiliconFlow
4522,39,-135,0,0,0,,,text,SiliconFlow
4523,39,-133,0,0,0,,,text,SiliconFlow
4524,39,-131,0,0,0,,,text,SiliconFlow
4525,39,-129,0,0,0,,,text,SiliconFlow
4526,39,-127,0,0,0,,,text,SiliconFlow
4527,39,-125,0,0,0,,,text,SiliconFlow
4528,39,-123,1,1,0,,,text,SiliconFlow
4529,39,-121,1,1,1,,,text,SiliconFlow
4530,39,-119,1,1,1,,,text,SiliconFlow
4531,39,-117,1,1,1,,,text,SiliconFlow
4532,39,-115,1,1,1,,,text,SiliconFlow
4533,39,-113,1,1,1,,,text,SiliconFlow
4534,39,-111,1,1,1,,,text,SiliconFlow
4535,39,-109,1,1,1,,,text,SiliconFlow
4536,39,-107,1,1,1,,,text,SiliconFlow
4537,39,-105,1,1,1,,,text,SiliconFlow
4538,39,-103,1,1,1,,,text,SiliconFlow
4539,39,-101,1,1,1,,,text,SiliconFlow
4540,39,-99,1,1,1,,,text,SiliconFlow
4541,39,-97,1,1,1,,,text,SiliconFlow
4542,39,-95,1,1,1,,,text,SiliconFlow
4543,39,-93,1,1,1,,,text,SiliconFlow
4544,39,-91,1,1,1,,,text,SiliconFlow
4545,39,-89,1,1,1,,,text,SiliconFlow
4546,39,-87,1,1,1,,,text,SiliconFlow
4547,39,-85,1,1,1,,,text,SiliconFlow
4548,39,-83,1,1,1,,,text,SiliconFlow
4549,39,-81,1,1,1,,,text,SiliconFlow
4550,39,-79,1,1,1,,,text,SiliconFlow
4551,39,-77,1,1,1,,,text,SiliconFlow
4552,39,-75,0,0,0,,,text,SiliconFlow
4553,39,-73,0,0,0,,,text,SiliconFlow
4554,39,-71,0,0,0,,,text,SiliconFlow
4555,39,-69,0,0,0,,,text,SiliconFlow
4556,39,-67,0,0,0,,,text,SiliconFlow
4557,39,-65,0,0,0,,,text,SiliconFlow
4558,39,-63,0,0,0,,,text,SiliconFlow
4559,39,-61,0,0,0,,,text,SiliconFlow
4560,39,-59,0,0,0,,,text,SiliconFlow
4561,39,-57,0,0,0,,,text,SiliconFlow
4562,39,-55,0,0,0,,,text,SiliconFlow
4563,39,-53,0,0,0,,,text,SiliconFlow
4564,39,-51,0,0,0,,,text,SiliconFlow
4565,39,-49,0,0,0,,,text,SiliconFlow
4566,39,-47,0,0,0,,,text,SiliconFlow
4567,39,-45,0,0,0,,,text,SiliconFlow
4568,39,-43,0,0,0,,,text,SiliconFlow
4569,39,-41,0,0,0,,,text,SiliconFlow
4570,39,-39,0,0,0,,,text,SiliconFlow
4571,39,-37,0,0,0,,,text,SiliconFlow
4572,39,-35,0,0,0,,,text,SiliconFlow
4573,39,-33,0,0,0,,,text,SiliconFlow
4574,39,-31,0,0,0,,,text,SiliconFlow
4575,39,-29,0,0,0,,,text,SiliconFlow
4576,39,-27,0,0,0,,,text,SiliconFlow
4577,39,-25,0,0,0,,,text,SiliconFlow
4578,39,-23,0,0,0,,,text,SiliconFlow
4579,39,-21,0,0,0,,,text,SiliconFlow
4580,39,-19,0,0,0,,,text,SiliconFlow
4581,39,-17,0,0,0,,,text,SiliconFlow
4582,39,-15,0,0,0,,,text,SiliconFlow
4583,39,-13,0,0,0,,,text,SiliconFlow
4584,39,-11,0,0,0,,,text,SiliconFlow
4585,39,-9,1,1,0,,,text,SiliconFlow
4586,39,-7,1,1,1,,,text,SiliconFlow
4587,39,-5,1,1,0,,,text,SiliconFlow
4588,39,-3,1,1,0,,,text,SiliconFlow
4589,39,-1,1,1,0,,,text,SiliconFlow
4590,39,1,0,0,0,,,text,SiliconFlow
4591,39,3,0,0,0,,,text,SiliconFlow
4592,39,5,0,0,0,,,text,SiliconFlow
4593,39,7,0,0,0,,,text,SiliconFlow
4594,39,9,1,1,0,,,text,SiliconFlow
4595,39,11,0,0,0,,,text,SiliconFlow
4596,39,13,0,0,0,,,text,SiliconFlow
4597,39,15,0,0,0,,,text,SiliconFlow
4598,39,17,1,1,0,,,text,SiliconFlow
4599,39,19,0,0,0,,,text,SiliconFlow
4600,39,21,0,0,1,,,text,SiliconFlow
4601,39,23,1,1,0,,,text,SiliconFlow
4602,39,25,0,0,0,,,text,SiliconFlow
4603,39,27,1,1,0,,,text,SiliconFlow
4604,39,29,1,1,1,,,text,SiliconFlow
4605,39,31,1,1,1,,,text,SiliconFlow
4606,39,33,1,1,1,,,text,SiliconFlow
4607,39,35,1,1,1,,,text,SiliconFlow
4608,39,37,1,1,1,,,text,SiliconFlow
4609,39,39,1,1,1,,,text,SiliconFlow
4610,39,41,1,1,1,,,text,SiliconFlow
4611,39,43,1,1,1,,,text,SiliconFlow
4612,39,45,1,1,1,,,text,SiliconFlow
4613,39,47,1,1,0,,,text,SiliconFlow
4614,39,49,1,0,0,,,text,SiliconFlow
4615,39,51,1,0,0,,,text,SiliconFlow
4616,39,53,1,0,0,,,text,SiliconFlow
4617,39,55,1,1,1,,,text,SiliconFlow
4618,39,57,1,1,0,,,text,SiliconFlow
4619,39,59,1,1,0,,,text,SiliconFlow
4620,39,61,1,1,1,,,text,SiliconFlow
4621,39,63,1,1,0,,,text,SiliconFlow
4622,39,65,1,1,1,,,text,SiliconFlow
4623,39,67,1,1,1,,,text,SiliconFlow
4624,39,69,1,1,1,,,text,SiliconFlow
4625,39,71,1,1,1,,,text,SiliconFlow
4626,39,73,1,1,1,,,text,SiliconFlow
4627,39,75,1,1,0,,,text,SiliconFlow
4628,39,77,1,1,1,,,text,SiliconFlow
4629,39,79,1,1,1,,,text,SiliconFlow
4630,39,81,1,1,1,,,text,SiliconFlow
4631,39,83,1,1,1,,,text,SiliconFlow
4632,39,85,1,1,1,,,text,SiliconFlow
4633,39,87,1,1,0,,,text,SiliconFlow
4634,39,89,1,1,1,,,text,SiliconFlow
4635,39,91,1,1,1,,,text,SiliconFlow
4636,39,93,1,1,1,,,text,SiliconFlow
4637,39,95,1,1,1,,,text,SiliconFlow
4638,39,97,1,1,1,,,text,SiliconFlow
4639,39,99,1,1,1,,,text,SiliconFlow
4640,39,101,1,1,1,,,text,SiliconFlow
4641,39,103,1,1,1,,,text,SiliconFlow
4642,39,105,1,1,1,,,text,SiliconFlow
4643,39,107,1,1,1,,,text,SiliconFlow
4644,39,109,1,1,1,,,text,SiliconFlow
4645,39,111,1,1,1,,,text,SiliconFlow
4646,39,113,1,1,0,,,text,SiliconFlow
4647,39,115,1,1,1,,,text,SiliconFlow
4648,39,117,1,1,1,,,text,SiliconFlow
4649,39,119,0,0,0,,,text,SiliconFlow
4650,39,121,0,0,0,,,text,SiliconFlow
4651,39,123,0,0,0,,,text,SiliconFlow
4652,39,125,0,0,0,,,text,SiliconFlow
4653,39,127,1,1,0,,,text,SiliconFlow
4654,39,129,0,0,0,,,text,SiliconFlow
4655,39,131,0,0,0,,,text,SiliconFlow
4656,39,133,0,0,0,,,text,SiliconFlow
4657,39,135,0,0,0,,,text,SiliconFlow
4658,39,137,0,0,0,,,text,SiliconFlow
4659,39,139,0,0,0,,,text,SiliconFlow
4660,39,141,1,1,1,,,text,SiliconFlow
4661,39,143,0,0,0,,,text,SiliconFlow
4662,39,145,0,0,0,,,text,SiliconFlow
4663,39,147,0,0,0,,,text,SiliconFlow
4664,39,149,0,0,0,,,text,SiliconFlow
4665,39,151,0,0,0,,,text,SiliconFlow
4666,39,153,0,0,0,,,text,SiliconFlow
4667,39,155,0,0,0,,,text,SiliconFlow
4668,39,157,0,0,0,,,text,SiliconFlow
4669,39,159,0,0,0,,,text,SiliconFlow
4670,39,161,0,0,0,,,text,SiliconFlow
4671,39,163,0,0,0,,,text,SiliconFlow
4672,39,165,0,0,0,,,text,SiliconFlow
4673,39,167,0,0,0,,,text,SiliconFlow
4674,39,169,0,0,0,,,text,SiliconFlow
4675,39,171,0,0,0,,,text,SiliconFlow
4676,39,173,0,0,0,,,text,SiliconFlow
4677,39,175,0,0,0,,,text,SiliconFlow
4678,39,177,0,0,0,,,text,SiliconFlow
4679,39,179,0,0,0,,,text,SiliconFlow
4680,37,-179,0,0,0,,,text,SiliconFlow
4681,37,-177,0,0,0,,,text,SiliconFlow
4682,37,-175,0,0,0,,,text,SiliconFlow
4683,37,-173,0,0,0,,,text,SiliconFlow
4684,37,-171,0,0,0,,,text,SiliconFlow
4685,37,-169,0,0,0,,,text,SiliconFlow
4686,37,-167,0,0,0,,,text,SiliconFlow
4687,37,-165,0,0,0,,,text,SiliconFlow
4688,37,-163,0,0,0,,,text,SiliconFlow
4689,37,-161,0,0,0,,,text,SiliconFlow
4690,37,-159,0,0,0,,,text,SiliconFlow
4691,37,-157,0,0,0,,,text,SiliconFlow
4692,37,-155,0,0,0,,,text,SiliconFlow
4693,37,-153,0,0,0,,,text,SiliconFlow
4694,37,-151,0,0,0,,,text,SiliconFlow
4695,37,-149,0,0,0,,,text,SiliconFlow
4696,37,-147,0,0,0,,,text,SiliconFlow
4697,37,-145,0,0,0,,,text,SiliconFlow
4698,37,-143,0,0,0,,,text,SiliconFlow
4699,37,-141,0,0,0,,,text,SiliconFlow
4700,37,-139,0,0,0,,,text,SiliconFlow
4701,37,-137,0,0,0,,,text,SiliconFlow
4702,37,-135,0,0,0,,,text,SiliconFlow
4703,37,-133,0,0,0,,,text,SiliconFlow
4704,37,-131,0,0,0,,,text,SiliconFlow
4705,37,-129,0,0,0,,,text,SiliconFlow
4706,37,-127,0,0,0,,,text,SiliconFlow
4707,37,-125,0,0,0,,,text,SiliconFlow
4708,37,-123,0,0,0,,,text,SiliconFlow
4709,37,-121,1,1,1,,,text,SiliconFlow
4710,37,-119,1,1,1,,,text,SiliconFlow
4711,37,-117,1,1,1,,,text,SiliconFlow
4712,37,-115,1,1,0,,,text,SiliconFlow
4713,37,-113,1,1,1,,,text,SiliconFlow
4714,37,-111,1,1,1,,,text,SiliconFlow
4715,37,-109,1,1,1,,,text,SiliconFlow
4716,37,-107,1,1,1,,,text,SiliconFlow
4717,37,-105,1,1,1,,,text,SiliconFlow
4718,37,-103,1,1,1,,,text,SiliconFlow
4719,37,-101,1,1,1,,,text,SiliconFlow
4720,37,-99,1,1,1,,,text,SiliconFlow
4721,37,-97,1,1,1,,,text,SiliconFlow
4722,37,-95,1,1,1,,,text,SiliconFlow
4723,37,-93,1,1,1,,,text,SiliconFlow
4724,37,-91,1,1,1,,,text,SiliconFlow
4725,37,-89,1,1,1,,,text,SiliconFlow
4726,37,-87,1,1,1,,,text,SiliconFlow
4727,37,-85,1,1,1,,,text,SiliconFlow
4728,37,-83,1,1,1,,,text,SiliconFlow
4729,37,-81,1,1,1,,,text,SiliconFlow
4730,37,-79,1,1,1,,,text,SiliconFlow
4731,37,-77,1,1,1,,,text,SiliconFlow
4732,37,-75,0,0,0,,,text,SiliconFlow
4733,37,-73,0,0,0,,,text,SiliconFlow
4734,37,-71,0,0,0,,,text,SiliconFlow
4735,37,-69,0,0,0,,,text,SiliconFlow
4736,37,-67,0,0,0,,,text,SiliconFlow
4737,37,-65,0,0,0,,,text,SiliconFlow
4738,37,-63,0,0,0,,,text,SiliconFlow
4739,37,-61,0,0,0,,,text,SiliconFlow
4740,37,-59,0,0,0,,,text,SiliconFlow
4741,37,-57,0,0,0,,,text,SiliconFlow
4742,37,-55,0,0,0,,,text,SiliconFlow
4743,37,-53,0,0,0,,,text,SiliconFlow
4744,37,-51,0,0,0,,,text,SiliconFlow
4745,37,-49,0,0,0,,,text,SiliconFlow
4746,37,-47,0,0,0,,,text,SiliconFlow
4747,37,-45,0,0,0,,,text,SiliconFlow
4748,37,-43,0,0,0,,,text,SiliconFlow
4749,37,-41,0,0,0,,,text,SiliconFlow
4750,37,-39,0,0,0,,,text,SiliconFlow
4751,37,-37,0,0,0,,,text,SiliconFlow
4752,37,-35,0,0,0,,,text,SiliconFlow
4753,37,-33,0,0,0,,,text,SiliconFlow
4754,37,-31,0,0,0,,,text,SiliconFlow
4755,37,-29,0,0,0,,,text,SiliconFlow
4756,37,-27,0,0,0,,,text,SiliconFlow
4757,37,-25,0,0,0,,,text,SiliconFlow
4758,37,-23,0,0,0,,,text,SiliconFlow
4759,37,-21,0,0,0,,,text,SiliconFlow
4760,37,-19,0,0,0,,,text,SiliconFlow
4761,37,-17,0,0,0,,,text,SiliconFlow
4762,37,-15,0,0,0,,,text,SiliconFlow
4763,37,-13,0,0,0,,,text,SiliconFlow
4764,37,-11,0,0,0,,,text,SiliconFlow
4765,37,-9,0,0,0,,,text,SiliconFlow
4766,37,-7,0,0,0,,,text,SiliconFlow
4767,37,-5,1,1,0,,,text,SiliconFlow
4768,37,-3,1,1,0,,,text,SiliconFlow
4769,37,-1,0,0,0,,,text,SiliconFlow
4770,37,1,0,0,0,,,text,SiliconFlow
4771,37,3,0,0,0,,,text,SiliconFlow
4772,37,5,0,0,0,,,text,SiliconFlow
4773,37,7,0,0,0,,,text,SiliconFlow
4774,37,9,1,1,0,,,text,SiliconFlow
4775,37,11,1,1,0,,,text,SiliconFlow
4776,37,13,0,0,0,,,text,SiliconFlow
4777,37,15,1,1,0,,,text,SiliconFlow
4778,37,17,0,0,0,,,text,SiliconFlow
4779,37,19,0,0,0,,,text,SiliconFlow
4780,37,21,0,0,0,,,text,SiliconFlow
4781,37,23,1,1,0,,,text,SiliconFlow
4782,37,25,0,0,0,,,text,SiliconFlow
4783,37,27,1,1,0,,,text,SiliconFlow
4784,37,29,1,1,1,,,text,SiliconFlow
4785,37,31,1,1,1,,,text,SiliconFlow
4786,37,33,1,1,1,,,text,SiliconFlow
4787,37,35,1,1,1,,,text,SiliconFlow
4788,37,37,1,1,1,,,text,SiliconFlow
4789,37,39,1,1,1,,,text,SiliconFlow
4790,37,41,1,1,1,,,text,SiliconFlow
4791,37,43,1,1,1,,,text,SiliconFlow
4792,37,45,1,1,0,,,text,SiliconFlow
4793,37,47,1,1,1,,,text,SiliconFlow
4794,37,49,1,1,1,,,text,SiliconFlow
4795,37,51,1,0,0,,,text,SiliconFlow
4796,37,53,1,0,0,,,text,SiliconFlow
4797,37,55,1,1,1,,,text,SiliconFlow
4798,37,57,1,1,0,,,text,SiliconFlow
4799,37,59,1,1,1,,,text,SiliconFlow
4800,37,61,1,1,1,,,text,SiliconFlow
4801,37,63,1,1,1,,,text,SiliconFlow
4802,37,65,1,1,1,,,text,SiliconFlow
4803,37,67,1,1,1,,,text,SiliconFlow
4804,37,69,1,1,1,,,text,SiliconFlow
4805,37,71,1,1,0,,,text,SiliconFlow
4806,37,73,1,1,1,,,text,SiliconFlow
4807,37,75,1,1,0,,,text,SiliconFlow
4808,37,77,1,1,0,,,text,SiliconFlow
4809,37,79,1,1,1,,,text,SiliconFlow
4810,37,81,1,1,0,,,text,SiliconFlow
4811,37,83,1,1,1,,,text,SiliconFlow
4812,37,85,1,1,1,,,text,SiliconFlow
4813,37,87,1,1,0,,,text,SiliconFlow
4814,37,89,1,1,0,,,text,SiliconFlow
4815,37,91,1,1,0,,,text,SiliconFlow
4816,37,93,1,1,1,,,text,SiliconFlow
4817,37,95,1,1,1,,,text,SiliconFlow
4818,37,97,1,1,0,,,text,SiliconFlow
4819,37,99,1,1,1,,,text,SiliconFlow
4820,37,101,1,1,1,,,text,SiliconFlow
4821,37,103,1,1,1,,,text,SiliconFlow
4822,37,105,1,1,1,,,text,SiliconFlow
4823,37,107,1,1,1,,,text,SiliconFlow
4824,37,109,1,1,1,,,text,SiliconFlow
4825,37,111,1,1,1,,,text,SiliconFlow
4826,37,113,1,1,1,,,text,SiliconFlow
4827,37,115,1,1,1,,,text,SiliconFlow
4828,37,117,1,1,1,,,text,SiliconFlow
4829,37,119,1,1,0,,,text,SiliconFlow
4830,37,121,1,1,0,,,text,SiliconFlow
4831,37,123,0,0,0,,,text,SiliconFlow
4832,37,125,0,0,0,,,text,SiliconFlow
4833,37,127,1,1,1,,,text,SiliconFlow
4834,37,129,1,1,0,,,text,SiliconFlow
4835,37,131,0,0,0,,,text,SiliconFlow
4836,37,133,0,0,0,,,text,SiliconFlow
4837,37,135,0,0,0,,,text,SiliconFlow
4838,37,137,1,1,0,,,text,SiliconFlow
4839,37,139,1,1,1,,,text,SiliconFlow
4840,37,141,0,0,0,,,text,SiliconFlow
4841,37,143,0,0,0,,,text,SiliconFlow
4842,37,145,0,0,0,,,text,SiliconFlow
4843,37,147,0,0,0,,,text,SiliconFlow
4844,37,149,0,0,0,,,text,SiliconFlow
4845,37,151,0,0,0,,,text,SiliconFlow
4846,37,153,0,0,0,,,text,SiliconFlow
4847,37,155,0,0,0,,,text,SiliconFlow
4848,37,157,0,0,0,,,text,SiliconFlow
4849,37,159,0,0,0,,,text,SiliconFlow
4850,37,161,0,0,0,,,text,SiliconFlow
4851,37,163,0,0,0,,,text,SiliconFlow
4852,37,165,0,0,0,,,text,SiliconFlow
4853,37,167,0,0,0,,,text,SiliconFlow
4854,37,169,0,0,0,,,text,SiliconFlow
4855,37,171,0,0,0,,,text,SiliconFlow
4856,37,173,0,0,0,,,text,SiliconFlow
4857,37,175,0,0,0,,,text,SiliconFlow
4858,37,177,0,0,0,,,text,SiliconFlow
4859,37,179,0,0,0,,,text,SiliconFlow
4860,35,-179,0,0,0,,,text,SiliconFlow
4861,35,-177,0,0,0,,,text,SiliconFlow
4862,35,-175,0,0,0,,,text,SiliconFlow
4863,35,-173,0,0,0,,,text,SiliconFlow
4864,35,-171,0,0,0,,,text,SiliconFlow
4865,35,-169,0,0,0,,,text,SiliconFlow
4866,35,-167,0,0,0,,,text,SiliconFlow
4867,35,-165,0,0,0,,,text,SiliconFlow
4868,35,-163,0,0,0,,,text,SiliconFlow
4869,35,-161,0,0,0,,,text,SiliconFlow
4870,35,-159,0,0,0,,,text,SiliconFlow
4871,35,-157,0,0,0,,,text,SiliconFlow
4872,35,-155,0,0,0,,,text,SiliconFlow
4873,35,-153,0,0,0,,,text,SiliconFlow
4874,35,-151,0,0,0,,,text,SiliconFlow
4875,35,-149,0,0,0,,,text,SiliconFlow
4876,35,-147,0,0,0,,,text,SiliconFlow
4877,35,-145,0,0,0,,,text,SiliconFlow
4878,35,-143,0,0,0,,,text,SiliconFlow
4879,35,-141,0,0,0,,,text,SiliconFlow
4880,35,-139,0,0,0,,,text,SiliconFlow
4881,35,-137,0,0,0,,,text,SiliconFlow
4882,35,-135,0,0,0,,,text,SiliconFlow
4883,35,-133,0,0,0,,,text,SiliconFlow
4884,35,-131,0,0,0,,,text,SiliconFlow
4885,35,-129,0,0,0,,,text,SiliconFlow
4886,35,-127,0,0,0,,,text,SiliconFlow
4887,35,-125,0,0,0,,,text,SiliconFlow
4888,35,-123,0,0,0,,,text,SiliconFlow
4889,35,-121,0,0,0,,,text,SiliconFlow
4890,35,-119,1,1,1,,,text,SiliconFlow
4891,35,-117,1,1,1,,,text,SiliconFlow
4892,35,-115,1,1,1,,,text,SiliconFlow
4893,35,-113,1,1,1,,,text,SiliconFlow
4894,35,-111,1,1,1,,,text,SiliconFlow
4895,35,-109,1,1,1,,,text,SiliconFlow
4896,35,-107,1,1,1,,,text,SiliconFlow
4897,35,-105,1,1,1,,,text,SiliconFlow
4898,35,-103,1,1,1,,,text,SiliconFlow
4899,35,-101,1,1,1,,,text,SiliconFlow
4900,35,-99,1,1,1,,,text,SiliconFlow
4901,35,-97,1,1,1,,,text,SiliconFlow
4902,35,-95,1,1,1,,,text,SiliconFlow
4903,35,-93,1,1,1,,,text,SiliconFlow
4904,35,-91,1,1,1,,,text,SiliconFlow
4905,35,-89,1,1,1,,,text,SiliconFlow
4906,35,-87,1,1,1,,,text,SiliconFlow
4907,35,-85,1,1,1,,,text,SiliconFlow
4908,35,-83,1,1,1,,,text,SiliconFlow
4909,35,-81,1,1,1,,,text,SiliconFlow
4910,35,-79,1,1,1,,,text,SiliconFlow
4911,35,-77,1,1,0,,,text,SiliconFlow
4912,35,-75,0,0,0,,,text,SiliconFlow
4913,35,-73,0,0,0,,,text,SiliconFlow
4914,35,-71,0,0,0,,,text,SiliconFlow
4915,35,-69,0,0,0,,,text,SiliconFlow
4916,35,-67,0,0,0,,,text,SiliconFlow
4917,35,-65,0,0,0,,,text,SiliconFlow
4918,35,-63,0,0,0,,,text,SiliconFlow
4919,35,-61,0,0,0,,,text,SiliconFlow
4920,35,-59,0,0,0,,,text,SiliconFlow
4921,35,-57,0,0,0,,,text,SiliconFlow
4922,35,-55,0,0,0,,,text,SiliconFlow
4923,35,-53,0,0,0,,,text,SiliconFlow
4924,35,-51,0,0,0,,,text,SiliconFlow
4925,35,-49,0,0,0,,,text,SiliconFlow
4926,35,-47,0,0,0,,,text,SiliconFlow
4927,35,-45,0,0,0,,,text,SiliconFlow
4928,35,-43,0,0,0,,,text,SiliconFlow
4929,35,-41,0,0,0,,,text,SiliconFlow
4930,35,-39,0,0,0,,,text,SiliconFlow
4931,35,-37,0,0,0,,,text,SiliconFlow
4932,35,-35,0,0,0,,,text,SiliconFlow
4933,35,-33,0,0,0,,,text,SiliconFlow
4934,35,-31,0,0,0,,,text,SiliconFlow
4935,35,-29,0,0,0,,,text,SiliconFlow
4936,35,-27,0,0,0,,,text,SiliconFlow
4937,35,-25,0,0,0,,,text,SiliconFlow
4938,35,-23,0,0,0,,,text,SiliconFlow
4939,35,-21,0,0,0,,,text,SiliconFlow
4940,35,-19,0,0,0,,,text,SiliconFlow
4941,35,-17,0,0,0,,,text,SiliconFlow
4942,35,-15,0,0,0,,,text,SiliconFlow
4943,35,-13,0,0,0,,,text,SiliconFlow
4944,35,-11,0,0,0,,,text,SiliconFlow
4945,35,-9,0,0,0,,,text,SiliconFlow
4946,35,-7,0,0,0,,,text,SiliconFlow
4947,35,-5,1,1,0,,,text,SiliconFlow
4948,35,-3,1,1,0,,,text,SiliconFlow
4949,35,-1,1,1,0,,,text,SiliconFlow
4950,35,1,1,1,0,,,text,SiliconFlow
4951,35,3,1,1,0,,,text,SiliconFlow
4952,35,5,1,1,0,,,text,SiliconFlow
4953,35,7,1,1,1,,,text,SiliconFlow
4954,35,9,1,1,0,,,text,SiliconFlow
4955,35,11,0,0,0,,,text,SiliconFlow
4956,35,13,0,0,0,,,text,SiliconFlow
4957,35,15,0,0,0,,,text,SiliconFlow
4958,35,17,0,0,0,,,text,SiliconFlow
4959,35,19,0,0,0,,,text,SiliconFlow
4960,35,21,0,0,0,,,text,SiliconFlow
4961,35,23,0,0,0,,,text,SiliconFlow
4962,35,25,1,1,0,,,text,SiliconFlow
4963,35,27,0,0,0,,,text,SiliconFlow
4964,35,29,0,0,0,,,text,SiliconFlow
4965,35,31,0,0,1,,,text,SiliconFlow
4966,35,33,1,1,0,,,text,SiliconFlow
4967,35,35,0,0,0,,,text,SiliconFlow
4968,35,37,1,1,1,,,text,SiliconFlow
4969,35,39,1,1,0,,,text,SiliconFlow
4970,35,41,1,1,1,,,text,SiliconFlow
4971,35,43,1,1,1,,,text,SiliconFlow
4972,35,45,1,1,1,,,text,SiliconFlow
4973,35,47,1,1,1,,,text,SiliconFlow
4974,35,49,1,1,1,,,text,SiliconFlow
4975,35,51,1,1,1,,,text,SiliconFlow
4976,35,53,1,1,0,,,text,SiliconFlow
4977,35,55,1,1,0,,,text,SiliconFlow
4978,35,57,1,1,0,,,text,SiliconFlow
4979,35,59,1,1,1,,,text,SiliconFlow
4980,35,61,1,1,1,,,text,SiliconFlow
4981,35,63,1,1,1,,,text,SiliconFlow
4982,35,65,1,1,1,,,text,SiliconFlow
4983,35,67,1,1,1,,,text,SiliconFlow
4984,35,69,1,1,1,,,text,SiliconFlow
4985,35,71,1,1,1,,,text,SiliconFlow
4986,35,73,1,1,1,,,text,SiliconFlow
4987,35,75,1,1,1,,,text,SiliconFlow
4988,35,77,1,1,0,,,text,SiliconFlow
4989,35,79,1,1,0,,,text,SiliconFlow
4990,35,81,1,0,1,,,text,SiliconFlow
4991,35,83,1,1,1,,,text,SiliconFlow
4992,35,85,1,1,1,,,text,SiliconFlow
4993,35,87,1,1,1,,,text,SiliconFlow
4994,35,89,1,1,1,,,text,SiliconFlow
4995,35,91,1,1,0,,,text,SiliconFlow
4996,35,93,1,1,1,,,text,SiliconFlow
4997,35,95,1,1,1,,,text,SiliconFlow
4998,35,97,1,1,1,,,text,SiliconFlow
4999,35,99,1,1,1,,,text,SiliconFlow
5000,35,101,1,1,1,,,text,SiliconFlow
5001,35,103,1,1,1,,,text,SiliconFlow
5002,35,105,1,1,1,,,text,SiliconFlow
5003,35,107,1,1,1,,,text,SiliconFlow
5004,35,109,1,1,1,,,text,SiliconFlow
5005,35,111,1,1,1,,,text,SiliconFlow
5006,35,113,1,1,1,,,text,SiliconFlow
5007,35,115,1,1,1,,,text,SiliconFlow
5008,35,117,1,1,1,,,text,SiliconFlow
5009,35,119,1,1,0,,,text,SiliconFlow
5010,35,121,0,0,0,,,text,SiliconFlow
5011,35,123,0,0,0,,,text,SiliconFlow
5012,35,125,0,0,0,,,text,SiliconFlow
5013,35,127,1,1,1,,,text,SiliconFlow
5014,35,129,0,0,0,,,text,SiliconFlow
5015,35,131,0,0,0,,,text,SiliconFlow
5016,35,133,1,1,0,,,text,SiliconFlow
5017,35,135,1,1,1,,,text,SiliconFlow
5018,35,137,1,1,1,,,text,SiliconFlow
5019,35,139,1,1,0,,,text,SiliconFlow
5020,35,141,0,0,0,,,text,SiliconFlow
5021,35,143,0,0,0,,,text,SiliconFlow
5022,35,145,0,0,0,,,text,SiliconFlow
5023,35,147,0,0,0,,,text,SiliconFlow
5024,35,149,0,0,0,,,text,SiliconFlow
5025,35,151,0,0,0,,,text,SiliconFlow
5026,35,153,0,0,0,,,text,SiliconFlow
5027,35,155,0,0,0,,,text,SiliconFlow
5028,35,157,0,0,0,,,text,SiliconFlow
5029,35,159,0,0,0,,,text,SiliconFlow
5030,35,161,0,0,0,,,text,SiliconFlow
5031,35,163,0,0,0,,,text,SiliconFlow
5032,35,165,0,0,0,,,text,SiliconFlow
5033,35,167,0,0,0,,,text,SiliconFlow
5034,35,169,0,0,0,,,text,SiliconFlow
5035,35,171,0,0,0,,,text,SiliconFlow
5036,35,173,0,0,0,,,text,SiliconFlow
5037,35,175,0,0,0,,,text,SiliconFlow
5038,35,177,0,0,0,,,text,SiliconFlow
5039,35,179,0,0,0,,,text,SiliconFlow
5040,33,-179,0,0,0,,,text,SiliconFlow
5041,33,-177,0,0,0,,,text,SiliconFlow
5042,33,-175,0,0,0,,,text,SiliconFlow
5043,33,-173,0,0,0,,,text,SiliconFlow
5044,33,-171,0,0,0,,,text,SiliconFlow
5045,33,-169,0,0,0,,,text,SiliconFlow
5046,33,-167,0,0,0,,,text,SiliconFlow
5047,33,-165,0,0,0,,,text,SiliconFlow
5048,33,-163,0,0,0,,,text,SiliconFlow
5049,33,-161,0,0,0,,,text,SiliconFlow
5050,33,-159,0,0,0,,,text,SiliconFlow
5051,33,-157,0,0,0,,,text,SiliconFlow
5052,33,-155,0,0,0,,,text,SiliconFlow
5053,33,-153,0,0,0,,,text,SiliconFlow
5054,33,-151,0,0,0,,,text,SiliconFlow
5055,33,-149,0,0,0,,,text,SiliconFlow
5056,33,-147,0,0,0,,,text,SiliconFlow
5057,33,-145,0,0,0,,,text,SiliconFlow
5058,33,-143,0,0,0,,,text,SiliconFlow
5059,33,-141,0,0,0,,,text,SiliconFlow
5060,33,-139,0,0,0,,,text,SiliconFlow
5061,33,-137,0,0,0,,,text,SiliconFlow
5062,33,-135,0,0,0,,,text,SiliconFlow
5063,33,-133,0,0,0,,,text,SiliconFlow
5064,33,-131,0,0,0,,,text,SiliconFlow
5065,33,-129,0,0,0,,,text,SiliconFlow
5066,33,-127,0,0,0,,,text,SiliconFlow
5067,33,-125,0,0,0,,,text,SiliconFlow
5068,33,-123,0,0,0,,,text,SiliconFlow
5069,33,-121,0,0,0,,,text,SiliconFlow
5070,33,-119,0,0,0,,,text,SiliconFlow
5071,33,-117,1,1,0,,,text,SiliconFlow
5072,33,-115,1,1,0,,,text,SiliconFlow
5073,33,-113,1,1,1,,,text,SiliconFlow
5074,33,-111,1,1,1,,,text,SiliconFlow
5075,33,-109,1,1,1,,,text,SiliconFlow
5076,33,-107,1,1,1,,,text,SiliconFlow
5077,33,-105,1,1,1,,,text,SiliconFlow
5078,33,-103,1,1,1,,,text,SiliconFlow
5079,33,-101,1,1,1,,,text,SiliconFlow
5080,33,-99,1,1,1,,,text,SiliconFlow
5081,33,-97,1,1,1,,,text,SiliconFlow
5082,33,-95,1,1,1,,,text,SiliconFlow
5083,33,-93,1,1,1,,,text,SiliconFlow
5084,33,-91,1,1,0,,,text,SiliconFlow
5085,33,-89,1,1,1,,,text,SiliconFlow
5086,33,-87,1,1,1,,,text,SiliconFlow
5087,33,-85,1,1,1,,,text,SiliconFlow
5088,33,-83,1,1,1,,,text,SiliconFlow
5089,33,-81,1,1,1,,,text,SiliconFlow
5090,33,-79,0,0,0,,,text,SiliconFlow
5091,33,-77,0,0,0,,,text,SiliconFlow
5092,33,-75,0,0,0,,,text,SiliconFlow
5093,33,-73,0,0,0,,,text,SiliconFlow
5094,33,-71,0,0,0,,,text,SiliconFlow
5095,33,-69,0,0,0,,,text,SiliconFlow
5096,33,-67,0,0,0,,,text,SiliconFlow
5097,33,-65,0,0,0,,,text,SiliconFlow
5098,33,-63,0,0,0,,,text,SiliconFlow
5099,33,-61,0,0,0,,,text,SiliconFlow
5100,33,-59,0,0,0,,,text,SiliconFlow
5101,33,-57,0,0,0,,,text,SiliconFlow
5102,33,-55,0,0,0,,,text,SiliconFlow
5103,33,-53,0,0,0,,,text,SiliconFlow
5104,33,-51,0,0,0,,,text,SiliconFlow
5105,33,-49,0,0,0,,,text,SiliconFlow
5106,33,-47,0,0,0,,,text,SiliconFlow
5107,33,-45,0,0,0,,,text,SiliconFlow
5108,33,-43,0,0,0,,,text,SiliconFlow
5109,33,-41,0,0,0,,,text,SiliconFlow
5110,33,-39,0,0,0,,,text,SiliconFlow
5111,33,-37,0,0,0,,,text,SiliconFlow
5112,33,-35,0,0,0,,,text,SiliconFlow
5113,33,-33,0,0,0,,,text,SiliconFlow
5114,33,-31,0,0,0,,,text,SiliconFlow
5115,33,-29,0,0,0,,,text,SiliconFlow
5116,33,-27,0,0,0,,,text,SiliconFlow
5117,33,-25,0,0,0,,,text,SiliconFlow
5118,33,-23,0,0,0,,,text,SiliconFlow
5119,33,-21,0,0,0,,,text,SiliconFlow
5120,33,-19,0,0,0,,,text,SiliconFlow
5121,33,-17,0,0,0,,,text,SiliconFlow
5122,33,-15,0,0,0,,,text,SiliconFlow
5123,33,-13,0,0,0,,,text,SiliconFlow
5124,33,-11,0,0,0,,,text,SiliconFlow
5125,33,-9,0,0,0,,,text,SiliconFlow
5126,33,-7,1,1,1,,,text,SiliconFlow
5127,33,-5,1,1,1,,,text,SiliconFlow
5128,33,-3,1,1,1,,,text,SiliconFlow
5129,33,-1,1,1,0,,,text,SiliconFlow
5130,33,1,1,1,0,,,text,SiliconFlow
5131,33,3,1,1,0,,,text,SiliconFlow
5132,33,5,1,1,0,,,text,SiliconFlow
5133,33,7,1,1,1,,,text,SiliconFlow
5134,33,9,1,1,0,,,text,SiliconFlow
5135,33,11,1,1,0,,,text,SiliconFlow
5136,33,13,0,0,0,,,text,SiliconFlow
5137,33,15,0,0,0,,,text,SiliconFlow
5138,33,17,0,0,0,,,text,SiliconFlow
5139,33,19,0,0,0,,,text,SiliconFlow
5140,33,21,0,0,0,,,text,SiliconFlow
5141,33,23,0,0,0,,,text,SiliconFlow
5142,33,25,0,0,0,,,text,SiliconFlow
5143,33,27,0,0,0,,,text,SiliconFlow
5144,33,29,0,0,0,,,text,SiliconFlow
5145,33,31,0,0,0,,,text,SiliconFlow
5146,33,33,0,0,0,,,text,SiliconFlow
5147,33,35,0,0,0,,,text,SiliconFlow
5148,33,37,1,1,0,,,text,SiliconFlow
5149,33,39,1,1,0,,,text,SiliconFlow
5150,33,41,1,1,0,,,text,SiliconFlow
5151,33,43,1,1,1,,,text,SiliconFlow
5152,33,45,1,1,0,,,text,SiliconFlow
5153,33,47,1,1,0,,,text,SiliconFlow
5154,33,49,1,1,1,,,text,SiliconFlow
5155,33,51,1,1,1,,,text,SiliconFlow
5156,33,53,1,1,1,,,text,SiliconFlow
5157,33,55,1,1,1,,,text,SiliconFlow
5158,33,57,1,1,1,,,text,SiliconFlow
5159,33,59,1,1,1,,,text,SiliconFlow
5160,33,61,1,1,0,,,text,SiliconFlow
5161,33,63,1,1,1,,,text,SiliconFlow
5162,33,65,1,1,1,,,text,SiliconFlow
5163,33,67,1,1,1,,,text,SiliconFlow
5164,33,69,1,1,1,,,text,SiliconFlow
5165,33,71,1,1,1,,,text,SiliconFlow
5166,33,73,1,1,1,,,text,SiliconFlow
5167,33,75,1,1,1,,,text,SiliconFlow
5168,33,77,1,1,1,,,text,SiliconFlow
5169,33,79,1,1,0,,,text,SiliconFlow
5170,33,81,1,1,0,,,text,SiliconFlow
5171,33,83,1,1,0,,,text,SiliconFlow
5172,33,85,1,1,0,,,text,SiliconFlow
5173,33,87,1,1,0,,,text,SiliconFlow
5174,33,89,1,1,0,,,text,SiliconFlow
5175,33,91,1,1,0,,,text,SiliconFlow
5176,33,93,1,1,1,,,text,SiliconFlow
5177,33,95,1,1,1,,,text,SiliconFlow
5178,33,97,1,1,1,,,text,SiliconFlow
5179,33,99,1,1,1,,,text,SiliconFlow
5180,33,101,1,1,1,,,text,SiliconFlow
5181,33,103,1,1,1,,,text,SiliconFlow
5182,33,105,1,1,1,,,text,SiliconFlow
5183,33,107,1,1,1,,,text,SiliconFlow
5184,33,109,1,1,1,,,text,SiliconFlow
5185,33,111,1,1,1,,,text,SiliconFlow
5186,33,113,1,1,1,,,text,SiliconFlow
5187,33,115,1,1,1,,,text,SiliconFlow
5188,33,117,1,1,1,,,text,SiliconFlow
5189,33,119,1,1,0,,,text,SiliconFlow
5190,33,121,0,0,0,,,text,SiliconFlow
5191,33,123,0,0,0,,,text,SiliconFlow
5192,33,125,0,0,0,,,text,SiliconFlow
5193,33,127,0,0,0,,,text,SiliconFlow
5194,33,129,0,0,0,,,text,SiliconFlow
5195,33,131,1,1,0,,,text,SiliconFlow
5196,33,133,1,1,0,,,text,SiliconFlow
5197,33,135,0,0,0,,,text,SiliconFlow
5198,33,137,0,0,0,,,text,SiliconFlow
5199,33,139,0,0,0,,,text,SiliconFlow
5200,33,141,0,0,0,,,text,SiliconFlow
5201,33,143,0,0,0,,,text,SiliconFlow
5202,33,145,0,0,0,,,text,SiliconFlow
5203,33,147,0,0,0,,,text,SiliconFlow
5204,33,149,0,0,0,,,text,SiliconFlow
5205,33,151,0,0,0,,,text,SiliconFlow
5206,33,153,0,0,0,,,text,SiliconFlow
5207,33,155,0,0,0,,,text,SiliconFlow
5208,33,157,0,0,0,,,text,SiliconFlow
5209,33,159,0,0,0,,,text,SiliconFlow
5210,33,161,0,0,0,,,text,SiliconFlow
5211,33,163,0,0,0,,,text,SiliconFlow
5212,33,165,0,0,0,,,text,SiliconFlow
5213,33,167,0,0,0,,,text,SiliconFlow
5214,33,169,0,0,0,,,text,SiliconFlow
5215,33,171,0,0,0,,,text,SiliconFlow
5216,33,173,0,0,0,,,text,SiliconFlow
5217,33,175,0,0,0,,,text,SiliconFlow
5218,33,177,0,0,0,,,text,SiliconFlow
5219,33,179,0,0,0,,,text,SiliconFlow
5220,31,-179,0,0,0,,,text,SiliconFlow
5221,31,-177,0,0,0,,,text,SiliconFlow
5222,31,-175,0,0,0,,,text,SiliconFlow
5223,31,-173,0,0,0,,,text,SiliconFlow
5224,31,-171,0,0,0,,,text,SiliconFlow
5225,31,-169,0,0,0,,,text,SiliconFlow
5226,31,-167,0,0,0,,,text,SiliconFlow
5227,31,-165,0,0,0,,,text,SiliconFlow
5228,31,-163,0,0,0,,,text,SiliconFlow
5229,31,-161,0,0,0,,,text,SiliconFlow
5230,31,-159,0,0,0,,,text,SiliconFlow
5231,31,-157,0,0,0,,,text,SiliconFlow
5232,31,-155,0,0,0,,,text,SiliconFlow
5233,31,-153,0,0,0,,,text,SiliconFlow
5234,31,-151,0,0,0,,,text,SiliconFlow
5235,31,-149,0,0,0,,,text,SiliconFlow
5236,31,-147,0,0,0,,,text,SiliconFlow
5237,31,-145,0,0,0,,,text,SiliconFlow
5238,31,-143,0,0,0,,,text,SiliconFlow
5239,31,-141,0,0,0,,,text,SiliconFlow
5240,31,-139,0,0,0,,,text,SiliconFlow
5241,31,-137,0,0,0,,,text,SiliconFlow
5242,31,-135,0,0,0,,,text,SiliconFlow
5243,31,-133,0,0,0,,,text,SiliconFlow
5244,31,-131,0,0,0,,,text,SiliconFlow
5245,31,-129,0,0,0,,,text,SiliconFlow
5246,31,-127,0,0,0,,,text,SiliconFlow
5247,31,-125,0,0,0,,,text,SiliconFlow
5248,31,-123,0,0,0,,,text,SiliconFlow
5249,31,-121,0,0,0,,,text,SiliconFlow
5250,31,-119,0,0,0,,,text,SiliconFlow
5251,31,-117,0,0,0,,,text,SiliconFlow
5252,31,-115,1,1,0,,,text,SiliconFlow
5253,31,-113,1,1,0,,,text,SiliconFlow
5254,31,-111,1,1,1,,,text,SiliconFlow
5255,31,-109,1,1,1,,,text,SiliconFlow
5256,31,-107,1,1,1,,,text,SiliconFlow
5257,31,-105,1,1,1,,,text,SiliconFlow
5258,31,-103,1,1,1,,,text,SiliconFlow
5259,31,-101,1,1,1,,,text,SiliconFlow
5260,31,-99,1,1,1,,,text,SiliconFlow
5261,31,-97,1,1,1,,,text,SiliconFlow
5262,31,-95,1,1,1,,,text,SiliconFlow
5263,31,-93,1,1,1,,,text,SiliconFlow
5264,31,-91,1,1,0,,,text,SiliconFlow
5265,31,-89,1,1,1,,,text,SiliconFlow
5266,31,-87,1,1,1,,,text,SiliconFlow
5267,31,-85,1,1,1,,,text,SiliconFlow
5268,31,-83,1,1,1,,,text,SiliconFlow
5269,31,-81,0,0,0,,,text,SiliconFlow
5270,31,-79,0,0,0,,,text,SiliconFlow
5271,31,-77,0,0,0,,,text,SiliconFlow
5272,31,-75,0,0,0,,,text,SiliconFlow
5273,31,-73,0,0,0,,,text,SiliconFlow
5274,31,-71,0,0,0,,,text,SiliconFlow
5275,31,-69,0,0,0,,,text,SiliconFlow
5276,31,-67,0,0,0,,,text,SiliconFlow
5277,31,-65,0,0,0,,,text,SiliconFlow
5278,31,-63,0,0,0,,,text,SiliconFlow
5279,31,-61,0,0,0,,,text,SiliconFlow
5280,31,-59,0,0,0,,,text,SiliconFlow
5281,31,-57,0,0,0,,,text,SiliconFlow
5282,31,-55,0,0,0,,,text,SiliconFlow
5283,31,-53,0,0,0,,,text,SiliconFlow
5284,31,-51,0,0,0,,,text,SiliconFlow
5285,31,-49,0,0,0,,,text,SiliconFlow
5286,31,-47,0,0,0,,,text,SiliconFlow
5287,31,-45,0,0,0,,,text,SiliconFlow
5288,31,-43,0,0,0,,,text,SiliconFlow
5289,31,-41,0,0,0,,,text,SiliconFlow
5290,31,-39,0,0,0,,,text,SiliconFlow
5291,31,-37,0,0,0,,,text,SiliconFlow
5292,31,-35,0,0,0,,,text,SiliconFlow
5293,31,-33,0,0,0,,,text,SiliconFlow
5294,31,-31,0,0,0,,,text,SiliconFlow
5295,31,-29,0,0,0,,,text,SiliconFlow
5296,31,-27,0,0,0,,,text,SiliconFlow
5297,31,-25,0,0,0,,,text,SiliconFlow
5298,31,-23,0,0,0,,,text,SiliconFlow
5299,31,-21,0,0,0,,,text,SiliconFlow
5300,31,-19,0,0,0,,,text,SiliconFlow
5301,31,-17,0,0,0,,,text,SiliconFlow
5302,31,-15,0,0,0,,,text,SiliconFlow
5303,31,-13,0,0,0,,,text,SiliconFlow
5304,31,-11,0,0,0,,,text,SiliconFlow
5305,31,-9,1,1,1,,,text,SiliconFlow
5306,31,-7,1,1,1,,,text,SiliconFlow
5307,31,-5,1,1,1,,,text,SiliconFlow
5308,31,-3,1,1,1,,,text,SiliconFlow
5309,31,-1,1,1,0,,,text,SiliconFlow
5310,31,1,1,1,0,,,text,SiliconFlow
5311,31,3,1,1,0,,,text,SiliconFlow
5312,31,5,1,1,0,,,text,SiliconFlow
5313,31,7,1,1,0,,,text,SiliconFlow
5314,31,9,1,1,1,,,text,SiliconFlow
5315,31,11,1,1,0,,,text,SiliconFlow
5316,31,13,1,1,0,,,text,SiliconFlow
5317,31,15,1,1,0,,,text,SiliconFlow
5318,31,17,1,1,0,,,text,SiliconFlow
5319,31,19,0,0,0,,,text,SiliconFlow
5320,31,21,1,1,0,,,text,SiliconFlow
5321,31,23,1,1,0,,,text,SiliconFlow
5322,31,25,1,1,0,,,text,SiliconFlow
5323,31,27,1,1,0,,,text,SiliconFlow
5324,31,29,0,0,0,,,text,SiliconFlow
5325,31,31,1,1,0,,,text,SiliconFlow
5326,31,33,1,1,0,,,text,SiliconFlow
5327,31,35,1,1,1,,,text,SiliconFlow
5328,31,37,1,1,1,,,text,SiliconFlow
5329,31,39,1,1,0,,,text,SiliconFlow
5330,31,41,1,1,0,,,text,SiliconFlow
5331,31,43,1,1,0,,,text,SiliconFlow
5332,31,45,1,1,0,,,text,SiliconFlow
5333,31,47,1,1,0,,,text,SiliconFlow
5334,31,49,1,1,1,,,text,SiliconFlow
5335,31,51,1,1,1,,,text,SiliconFlow
5336,31,53,1,1,1,,,text,SiliconFlow
5337,31,55,1,1,1,,,text,SiliconFlow
5338,31,57,1,1,1,,,text,SiliconFlow
5339,31,59,1,1,1,,,text,SiliconFlow
5340,31,61,1,1,0,,,text,SiliconFlow
5341,31,63,1,1,0,,,text,SiliconFlow
5342,31,65,1,1,1,,,text,SiliconFlow
5343,31,67,1,1,1,,,text,SiliconFlow
5344,31,69,1,1,1,,,text,SiliconFlow
5345,31,71,1,1,1,,,text,SiliconFlow
5346,31,73,1,1,1,,,text,SiliconFlow
5347,31,75,1,1,1,,,text,SiliconFlow
5348,31,77,1,1,1,,,text,SiliconFlow
5349,31,79,1,1,1,,,text,SiliconFlow
5350,31,81,1,1,0,,,text,SiliconFlow
5351,31,83,1,1,1,,,text,SiliconFlow
5352,31,85,1,1,1,,,text,SiliconFlow
5353,31,87,1,0,1,,,text,SiliconFlow
5354,31,89,1,1,0,,,text,SiliconFlow
5355,31,91,1,1,1,,,text,SiliconFlow
5356,31,93,1,1,1,,,text,SiliconFlow
5357,31,95,1,1,1,,,text,SiliconFlow
5358,31,97,1,1,1,,,text,SiliconFlow
5359,31,99,1,1,1,,,text,SiliconFlow
5360,31,101,1,1,1,,,text,SiliconFlow
5361,31,103,1,1,1,,,text,SiliconFlow
5362,31,105,1,1,1,,,text,SiliconFlow
5363,31,107,1,1,1,,,text,SiliconFlow
5364,31,109,1,1,1,,,text,SiliconFlow
5365,31,111,1,1,1,,,text,SiliconFlow
5366,31,113,1,1,1,,,text,SiliconFlow
5367,31,115,1,1,1,,,text,SiliconFlow
5368,31,117,1,1,1,,,text,SiliconFlow
5369,31,119,1,1,1,,,text,SiliconFlow
5370,31,121,1,1,0,,,text,SiliconFlow
5371,31,123,0,0,0,,,text,SiliconFlow
5372,31,125,0,0,0,,,text,SiliconFlow
5373,31,127,0,0,0,,,text,SiliconFlow
5374,31,129,0,0,0,,,text,SiliconFlow
5375,31,131,0,0,0,,,text,SiliconFlow
5376,31,133,0,0,0,,,text,SiliconFlow
5377,31,135,0,0,0,,,text,SiliconFlow
5378,31,137,0,0,0,,,text,SiliconFlow
5379,31,139,0,0,0,,,text,SiliconFlow
5380,31,141,0,0,0,,,text,SiliconFlow
5381,31,143,0,0,0,,,text,SiliconFlow
5382,31,145,0,0,0,,,text,SiliconFlow
5383,31,147,0,0,0,,,text,SiliconFlow
5384,31,149,0,0,0,,,text,SiliconFlow
5385,31,151,0,0,0,,,text,SiliconFlow
5386,31,153,0,0,0,,,text,SiliconFlow
5387,31,155,0,0,0,,,text,SiliconFlow
5388,31,157,0,0,0,,,text,SiliconFlow
5389,31,159,0,0,0,,,text,SiliconFlow
5390,31,161,0,0,0,,,text,SiliconFlow
5391,31,163,0,0,0,,,text,SiliconFlow
5392,31,165,0,0,0,,,text,SiliconFlow
5393,31,167,0,0,0,,,text,SiliconFlow
5394,31,169,0,0,0,,,text,SiliconFlow
5395,31,171,0,0,0,,,text,SiliconFlow
5396,31,173,0,0,0,,,text,SiliconFlow
5397,31,175,0,0,0,,,text,SiliconFlow
5398,31,177,0,0,0,,,text,SiliconFlow
5399,31,179,0,0,0,,,text,SiliconFlow
5400,29,-179,0,0,0,,,text,SiliconFlow
5401,29,-177,0,0,0,,,text,SiliconFlow
5402,29,-175,0,0,0,,,text,SiliconFlow
5403,29,-173,0,0,0,,,text,SiliconFlow
5404,29,-171,0,0,0,,,text,SiliconFlow
5405,29,-169,0,0,0,,,text,SiliconFlow
5406,29,-167,0,0,0,,,text,SiliconFlow
5407,29,-165,0,0,0,,,text,SiliconFlow
5408,29,-163,0,0,0,,,text,SiliconFlow
5409,29,-161,0,0,0,,,text,SiliconFlow
5410,29,-159,0,0,0,,,text,SiliconFlow
5411,29,-157,0,0,0,,,text,SiliconFlow
5412,29,-155,0,0,0,,,text,SiliconFlow
5413,29,-153,0,0,0,,,text,SiliconFlow
5414,29,-151,0,0,0,,,text,SiliconFlow
5415,29,-149,0,0,0,,,text,SiliconFlow
5416,29,-147,0,0,0,,,text,SiliconFlow
5417,29,-145,0,0,0,,,text,SiliconFlow
5418,29,-143,0,0,0,,,text,SiliconFlow
5419,29,-141,0,0,0,,,text,SiliconFlow
5420,29,-139,0,0,0,,,text,SiliconFlow
5421,29,-137,0,0,0,,,text,SiliconFlow
5422,29,-135,0,0,0,,,text,SiliconFlow
5423,29,-133,0,0,0,,,text,SiliconFlow
5424,29,-131,0,0,0,,,text,SiliconFlow
5425,29,-129,0,0,0,,,text,SiliconFlow
5426,29,-127,0,0,0,,,text,SiliconFlow
5427,29,-125,0,0,0,,,text,SiliconFlow
5428,29,-123,0,0,0,,,text,SiliconFlow
5429,29,-121,0,0,0,,,text,SiliconFlow
5430,29,-119,0,0,0,,,text,SiliconFlow
5431,29,-117,0,0,0,,,text,SiliconFlow
5432,29,-115,0,0,0,,,text,SiliconFlow
5433,29,-113,0,0,0,,,text,SiliconFlow
5434,29,-111,1,1,1,,,text,SiliconFlow
5435,29,-109,1,1,1,,,text,SiliconFlow
5436,29,-107,1,1,1,,,text,SiliconFlow
5437,29,-105,1,1,1,,,text,SiliconFlow
5438,29,-103,1,1,1,,,text,SiliconFlow
5439,29,-101,1,1,1,,,text,SiliconFlow
5440,29,-99,1,1,1,,,text,SiliconFlow
5441,29,-97,1,1,1,,,text,SiliconFlow
5442,29,-95,0,0,0,,,text,SiliconFlow
5443,29,-93,0,0,0,,,text,SiliconFlow
5444,29,-91,0,0,0,,,text,SiliconFlow
5445,29,-89,0,0,0,,,text,SiliconFlow
5446,29,-87,0,0,0,,,text,SiliconFlow
5447,29,-85,0,0,0,,,text,SiliconFlow
5448,29,-83,0,0,0,,,text,SiliconFlow
5449,29,-81,1,1,0,,,text,SiliconFlow
5450,29,-79,0,0,0,,,text,SiliconFlow
5451,29,-77,0,0,0,,,text,SiliconFlow
5452,29,-75,0,0,0,,,text,SiliconFlow
5453,29,-73,0,0,0,,,text,SiliconFlow
5454,29,-71,0,0,0,,,text,SiliconFlow
5455,29,-69,0,0,0,,,text,SiliconFlow
5456,29,-67,0,0,0,,,text,SiliconFlow
5457,29,-65,0,0,0,,,text,SiliconFlow
5458,29,-63,0,0,0,,,text,SiliconFlow
5459,29,-61,0,0,0,,,text,SiliconFlow
5460,29,-59,0,0,0,,,text,SiliconFlow
5461,29,-57,0,0,0,,,text,SiliconFlow
5462,29,-55,0,0,0,,,text,SiliconFlow
5463,29,-53,0,0,0,,,text,SiliconFlow
5464,29,-51,0,0,0,,,text,SiliconFlow
5465,29,-49,0,0,0,,,text,SiliconFlow
5466,29,-47,0,0,0,,,text,SiliconFlow
5467,29,-45,0,0,0,,,text,SiliconFlow
5468,29,-43,0,0,0,,,text,SiliconFlow
5469,29,-41,0,0,0,,,text,SiliconFlow
5470,29,-39,0,0,0,,,text,SiliconFlow
5471,29,-37,0,0,0,,,text,SiliconFlow
5472,29,-35,0,0,0,,,text,SiliconFlow
5473,29,-33,0,0,0,,,text,SiliconFlow
5474,29,-31,0,0,0,,,text,SiliconFlow
5475,29,-29,0,0,0,,,text,SiliconFlow
5476,29,-27,0,0,0,,,text,SiliconFlow
5477,29,-25,0,0,1,,,text,SiliconFlow
5478,29,-23,0,0,0,,,text,SiliconFlow
5479,29,-21,0,0,0,,,text,SiliconFlow
5480,29,-19,0,0,0,,,text,SiliconFlow
5481,29,-17,0,0,0,,,text,SiliconFlow
5482,29,-15,0,0,0,,,text,SiliconFlow
5483,29,-13,0,0,0,,,text,SiliconFlow
5484,29,-11,0,0,0,,,text,SiliconFlow
5485,29,-9,1,1,1,,,text,SiliconFlow
5486,29,-7,1,1,1,,,text,SiliconFlow
5487,29,-5,1,1,1,,,text,SiliconFlow
5488,29,-3,1,1,1,,,text,SiliconFlow
5489,29,-1,1,1,0,,,text,SiliconFlow
5490,29,1,1,1,0,,,text,SiliconFlow
5491,29,3,1,1,0,,,text,SiliconFlow
5492,29,5,1,1,0,,,text,SiliconFlow
5493,29,7,1,1,0,,,text,SiliconFlow
5494,29,9,1,1,0,,,text,SiliconFlow
5495,29,11,1,1,0,,,text,SiliconFlow
5496,29,13,1,1,1,,,text,SiliconFlow
5497,29,15,1,1,0,,,text,SiliconFlow
5498,29,17,1,1,0,,,text,SiliconFlow
5499,29,19,1,1,1,,,text,SiliconFlow
5500,29,21,1,1,0,,,text,SiliconFlow
5501,29,23,1,1,0,,,text,SiliconFlow
5502,29,25,1,1,0,,,text,SiliconFlow
5503,29,27,1,1,1,,,text,SiliconFlow
5504,29,29,1,1,0,,,text,SiliconFlow
5505,29,31,1,1,0,,,text,SiliconFlow
5506,29,33,0,0,0,,,text,SiliconFlow
5507,29,35,1,1,0,,,text,SiliconFlow
5508,29,37,1,1,0,,,text,SiliconFlow
5509,29,39,1,1,1,,,text,SiliconFlow
5510,29,41,1,1,1,,,text,SiliconFlow
5511,29,43,1,1,0,,,text,SiliconFlow
5512,29,45,1,1,0,,,text,SiliconFlow
5513,29,47,1,1,0,,,text,SiliconFlow
5514,29,49,0,0,0,,,text,SiliconFlow
5515,29,51,1,1,1,,,text,SiliconFlow
5516,29,53,1,1,1,,,text,SiliconFlow
5517,29,55,1,1,1,,,text,SiliconFlow
5518,29,57,1,1,1,,,text,SiliconFlow
5519,29,59,1,1,0,,,text,SiliconFlow
5520,29,61,1,1,0,,,text,SiliconFlow
5521,29,63,1,1,0,,,text,SiliconFlow
5522,29,65,1,1,1,,,text,SiliconFlow
5523,29,67,1,1,1,,,text,SiliconFlow
5524,29,69,1,1,1,,,text,SiliconFlow
5525,29,71,1,1,1,,,text,SiliconFlow
5526,29,73,1,1,0,,,text,SiliconFlow
5527,29,75,1,1,1,,,text,SiliconFlow
5528,29,77,1,1,1,,,text,SiliconFlow
5529,29,79,1,1,1,,,text,SiliconFlow
5530,29,81,1,1,1,,,text,SiliconFlow
5531,29,83,1,1,1,,,text,SiliconFlow
5532,29,85,1,1,1,,,text,SiliconFlow
5533,29,87,1,1,1,,,text,SiliconFlow
5534,29,89,1,1,1,,,text,SiliconFlow
5535,29,91,1,1,1,,,text,SiliconFlow
5536,29,93,1,1,1,,,text,SiliconFlow
5537,29,95,1,1,1,,,text,SiliconFlow
5538,29,97,1,1,1,,,text,SiliconFlow
5539,29,99,1,1,1,,,text,SiliconFlow
5540,29,101,1,1,1,,,text,SiliconFlow
5541,29,103,1,1,1,,,text,SiliconFlow
5542,29,105,1,1,1,,,text,SiliconFlow
5543,29,107,1,1,1,,,text,SiliconFlow
5544,29,109,1,1,1,,,text,SiliconFlow
5545,29,111,1,1,1,,,text,SiliconFlow
5546,29,113,1,1,1,,,text,SiliconFlow
5547,29,115,1,1,1,,,text,SiliconFlow
5548,29,117,1,1,1,,,text,SiliconFlow
5549,29,119,1,1,1,,,text,SiliconFlow
5550,29,121,1,1,0,,,text,SiliconFlow
5551,29,123,0,0,0,,,text,SiliconFlow
5552,29,125,0,0,0,,,text,SiliconFlow
5553,29,127,0,0,0,,,text,SiliconFlow
5554,29,129,0,0,0,,,text,SiliconFlow
5555,29,131,0,0,0,,,text,SiliconFlow
5556,29,133,0,0,0,,,text,SiliconFlow
5557,29,135,0,0,0,,,text,SiliconFlow
5558,29,137,0,0,0,,,text,SiliconFlow
5559,29,139,0,0,0,,,text,SiliconFlow
5560,29,141,0,0,0,,,text,SiliconFlow
5561,29,143,0,0,0,,,text,SiliconFlow
5562,29,145,0,0,0,,,text,SiliconFlow
5563,29,147,0,0,0,,,text,SiliconFlow
5564,29,149,0,0,0,,,text,SiliconFlow
5565,29,151,0,0,1,,,text,SiliconFlow
5566,29,153,0,0,0,,,text,SiliconFlow
5567,29,155,0,0,0,,,text,SiliconFlow
5568,29,157,0,0,0,,,text,SiliconFlow
5569,29,159,0,0,0,,,text,SiliconFlow
5570,29,161,0,0,0,,,text,SiliconFlow
5571,29,163,0,0,0,,,text,SiliconFlow
5572,29,165,0,0,0,,,text,SiliconFlow
5573,29,167,0,0,0,,,text,SiliconFlow
5574,29,169,0,0,0,,,text,SiliconFlow
5575,29,171,0,0,0,,,text,SiliconFlow
5576,29,173,0,0,0,,,text,SiliconFlow
5577,29,175,0,0,0,,,text,SiliconFlow
5578,29,177,0,0,0,,,text,SiliconFlow
5579,29,179,0,0,0,,,text,SiliconFlow
5580,27,-179,0,0,0,,,text,SiliconFlow
5581,27,-177,0,0,0,,,text,SiliconFlow
5582,27,-175,0,0,0,,,text,SiliconFlow
5583,27,-173,0,0,0,,,text,SiliconFlow
5584,27,-171,0,0,0,,,text,SiliconFlow
5585,27,-169,0,0,0,,,text,SiliconFlow
5586,27,-167,0,0,0,,,text,SiliconFlow
5587,27,-165,0,0,0,,,text,SiliconFlow
5588,27,-163,0,0,0,,,text,SiliconFlow
5589,27,-161,0,0,0,,,text,SiliconFlow
5590,27,-159,0,0,0,,,text,SiliconFlow
5591,27,-157,0,0,0,,,text,SiliconFlow
5592,27,-155,0,0,0,,,text,SiliconFlow
5593,27,-153,0,0,0,,,text,SiliconFlow
5594,27,-151,0,0,0,,,text,SiliconFlow
5595,27,-149,0,0,0,,,text,SiliconFlow
5596,27,-147,0,0,0,,,text,SiliconFlow
5597,27,-145,0,0,0,,,text,SiliconFlow
5598,27,-143,0,0,0,,,text,SiliconFlow
5599,27,-141,0,0,0,,,text,SiliconFlow
5600,27,-139,0,0,0,,,text,SiliconFlow
5601,27,-137,0,0,0,,,text,SiliconFlow
5602,27,-135,0,0,0,,,text,SiliconFlow
5603,27,-133,0,0,0,,,text,SiliconFlow
5604,27,-131,0,0,0,,,text,SiliconFlow
5605,27,-129,0,0,0,,,text,SiliconFlow
5606,27,-127,0,0,0,,,text,SiliconFlow
5607,27,-125,0,0,0,,,text,SiliconFlow
5608,27,-123,0,0,0,,,text,SiliconFlow
5609,27,-121,0,0,0,,,text,SiliconFlow
5610,27,-119,0,0,0,,,text,SiliconFlow
5611,27,-117,0,0,0,,,text,SiliconFlow
5612,27,-115,0,0,0,,,text,SiliconFlow
5613,27,-113,1,1,0,,,text,SiliconFlow
5614,27,-111,0,0,0,,,text,SiliconFlow
5615,27,-109,1,1,0,,,text,SiliconFlow
5616,27,-107,1,1,1,,,text,SiliconFlow
5617,27,-105,1,1,1,,,text,SiliconFlow
5618,27,-103,1,1,1,,,text,SiliconFlow
5619,27,-101,1,1,1,,,text,SiliconFlow
5620,27,-99,1,1,1,,,text,SiliconFlow
5621,27,-97,0,0,0,,,text,SiliconFlow
5622,27,-95,0,0,0,,,text,SiliconFlow
5623,27,-93,0,0,0,,,text,SiliconFlow
5624,27,-91,0,0,0,,,text,SiliconFlow
5625,27,-89,0,0,0,,,text,SiliconFlow
5626,27,-87,0,0,0,,,text,SiliconFlow
5627,27,-85,0,0,0,,,text,SiliconFlow
5628,27,-83,0,0,0,,,text,SiliconFlow
5629,27,-81,1,0,0,,,text,SiliconFlow
5630,27,-79,0,0,0,,,text,SiliconFlow
5631,27,-77,0,0,0,,,text,SiliconFlow
5632,27,-75,0,0,0,,,text,SiliconFlow
5633,27,-73,0,0,0,,,text,SiliconFlow
5634,27,-71,0,0,0,,,text,SiliconFlow
5635,27,-69,0,0,0,,,text,SiliconFlow
5636,27,-67,0,0,0,,,text,SiliconFlow
5637,27,-65,0,0,0,,,text,SiliconFlow
5638,27,-63,0,0,0,,,text,SiliconFlow
5639,27,-61,0,0,0,,,text,SiliconFlow
5640,27,-59,0,0,0,,,text,SiliconFlow
5641,27,-57,0,0,0,,,text,SiliconFlow
5642,27,-55,0,0,0,,,text,SiliconFlow
5643,27,-53,0,0,0,,,text,SiliconFlow
5644,27,-51,0,0,0,,,text,SiliconFlow
5645,27,-49,0,0,0,,,text,SiliconFlow
5646,27,-47,0,0,0,,,text,SiliconFlow
5647,27,-45,0,0,0,,,text,SiliconFlow
5648,27,-43,0,0,0,,,text,SiliconFlow
5649,27,-41,0,0,0,,,text,SiliconFlow
5650,27,-39,0,0,0,,,text,SiliconFlow
5651,27,-37,0,0,0,,,text,SiliconFlow
5652,27,-35,0,0,0,,,text,SiliconFlow
5653,27,-33,0,0,0,,,text,SiliconFlow
5654,27,-31,0,0,0,,,text,SiliconFlow
5655,27,-29,0,0,1,,,text,SiliconFlow
5656,27,-27,0,0,0,,,text,SiliconFlow
5657,27,-25,0,0,1,,,text,SiliconFlow
5658,27,-23,0,0,0,,,text,SiliconFlow
5659,27,-21,0,0,0,,,text,SiliconFlow
5660,27,-19,0,0,0,,,text,SiliconFlow
5661,27,-17,0,0,0,,,text,SiliconFlow
5662,27,-15,0,0,0,,,text,SiliconFlow
5663,27,-13,1,1,0,,,text,SiliconFlow
5664,27,-11,1,1,0,,,text,SiliconFlow
5665,27,-9,1,1,0,,,text,SiliconFlow
5666,27,-7,1,1,0,,,text,SiliconFlow
5667,27,-5,1,1,0,,,text,SiliconFlow
5668,27,-3,1,1,0,,,text,SiliconFlow
5669,27,-1,1,1,0,,,text,SiliconFlow
5670,27,1,1,1,0,,,text,SiliconFlow
5671,27,3,1,1,0,,,text,SiliconFlow
5672,27,5,1,1,0,,,text,SiliconFlow
5673,27,7,1,1,0,,,text,SiliconFlow
5674,27,9,1,1,0,,,text,SiliconFlow
5675,27,11,1,1,0,,,text,SiliconFlow
5676,27,13,1,1,0,,,text,SiliconFlow
5677,27,15,1,1,1,,,text,SiliconFlow
5678,27,17,1,1,0,,,text,SiliconFlow
5679,27,19,1,1,0,,,text,SiliconFlow
5680,27,21,1,1,0,,,text,SiliconFlow
5681,27,23,1,1,0,,,text,SiliconFlow
5682,27,25,1,1,0,,,text,SiliconFlow
5683,27,27,1,1,0,,,text,SiliconFlow
5684,27,29,1,1,0,,,text,SiliconFlow
5685,27,31,1,1,0,,,text,SiliconFlow
5686,27,33,1,1,0,,,text,SiliconFlow
5687,27,35,0,0,0,,,text,SiliconFlow
5688,27,37,1,1,0,,,text,SiliconFlow
5689,27,39,1,1,0,,,text,SiliconFlow
5690,27,41,1,1,0,,,text,SiliconFlow
5691,27,43,1,1,0,,,text,SiliconFlow
5692,27,45,1,1,0,,,text,SiliconFlow
5693,27,47,1,1,1,,,text,SiliconFlow
5694,27,49,1,1,0,,,text,SiliconFlow
5695,27,51,0,0,0,,,text,SiliconFlow
5696,27,53,0,0,1,,,text,SiliconFlow
5697,27,55,1,1,0,,,text,SiliconFlow
5698,27,57,1,1,0,,,text,SiliconFlow
5699,27,59,1,1,0,,,text,SiliconFlow
5700,27,61,1,1,0,,,text,SiliconFlow
5701,27,63,1,1,0,,,text,SiliconFlow
5702,27,65,1,1,1,,,text,SiliconFlow
5703,27,67,1,1,1,,,text,SiliconFlow
5704,27,69,1,1,1,,,text,SiliconFlow
5705,27,71,1,1,0,,,text,SiliconFlow
5706,27,73,1,1,1,,,text,SiliconFlow
5707,27,75,1,1,1,,,text,SiliconFlow
5708,27,77,1,1,1,,,text,SiliconFlow
5709,27,79,1,1,1,,,text,SiliconFlow
5710,27,81,1,1,1,,,text,SiliconFlow
5711,27,83,1,1,1,,,text,SiliconFlow
5712,27,85,1,1,1,,,text,SiliconFlow
5713,27,87,1,1,1,,,text,SiliconFlow
5714,27,89,1,1,0,,,text,SiliconFlow
5715,27,91,1,1,1,,,text,SiliconFlow
5716,27,93,1,1,1,,,text,SiliconFlow
5717,27,95,1,1,0,,,text,SiliconFlow
5718,27,97,1,1,1,,,text,SiliconFlow
5719,27,99,1,1,1,,,text,SiliconFlow
5720,27,101,1,1,1,,,text,SiliconFlow
5721,27,103,1,1,1,,,text,SiliconFlow
5722,27,105,1,1,1,,,text,SiliconFlow
5723,27,107,1,1,1,,,text,SiliconFlow
5724,27,109,1,1,1,,,text,SiliconFlow
5725,27,111,1,1,1,,,text,SiliconFlow
5726,27,113,1,1,1,,,text,SiliconFlow
5727,27,115,1,1,1,,,text,SiliconFlow
5728,27,117,1,1,1,,,text,SiliconFlow
5729,27,119,1,1,0,,,text,SiliconFlow
5730,27,121,0,0,0,,,text,SiliconFlow
5731,27,123,0,0,0,,,text,SiliconFlow
5732,27,125,0,0,0,,,text,SiliconFlow
5733,27,127,0,0,0,,,text,SiliconFlow
5734,27,129,0,0,0,,,text,SiliconFlow
5735,27,131,0,0,0,,,text,SiliconFlow
5736,27,133,0,0,0,,,text,SiliconFlow
5737,27,135,0,0,0,,,text,SiliconFlow
5738,27,137,0,0,0,,,text,SiliconFlow
5739,27,139,0,0,0,,,text,SiliconFlow
5740,27,141,0,0,0,,,text,SiliconFlow
5741,27,143,0,0,0,,,text,SiliconFlow
5742,27,145,0,0,0,,,text,SiliconFlow
5743,27,147,0,0,0,,,text,SiliconFlow
5744,27,149,0,0,0,,,text,SiliconFlow
5745,27,151,0,0,0,,,text,SiliconFlow
5746,27,153,0,0,0,,,text,SiliconFlow
5747,27,155,0,0,0,,,text,SiliconFlow
5748,27,157,0,0,0,,,text,SiliconFlow
5749,27,159,0,0,0,,,text,SiliconFlow
5750,27,161,0,0,0,,,text,SiliconFlow
5751,27,163,0,0,0,,,text,SiliconFlow
5752,27,165,0,0,0,,,text,SiliconFlow
5753,27,167,0,0,0,,,text,SiliconFlow
5754,27,169,0,0,0,,,text,SiliconFlow
5755,27,171,0,0,0,,,text,SiliconFlow
5756,27,173,0,0,0,,,text,SiliconFlow
5757,27,175,0,0,0,,,text,SiliconFlow
5758,27,177,0,0,0,,,text,SiliconFlow
5759,27,179,0,0,0,,,text,SiliconFlow
5760,25,-179,0,0,0,,,text,SiliconFlow
5761,25,-177,0,0,0,,,text,SiliconFlow
5762,25,-175,0,0,0,,,text,SiliconFlow
5763,25,-173,0,0,0,,,text,SiliconFlow
5764,25,-171,0,0,0,,,text,SiliconFlow
5765,25,-169,0,0,0,,,text,SiliconFlow
5766,25,-167,0,0,0,,,text,SiliconFlow
5767,25,-165,0,0,0,,,text,SiliconFlow
5768,25,-163,0,0,0,,,text,SiliconFlow
5769,25,-161,0,0,0,,,text,SiliconFlow
5770,25,-159,0,0,0,,,text,SiliconFlow
5771,25,-157,0,0,0,,,text,SiliconFlow
5772,25,-155,0,0,0,,,text,SiliconFlow
5773,25,-153,0,0,0,,,text,SiliconFlow
5774,25,-151,0,0,0,,,text,SiliconFlow
5775,25,-149,0,0,0,,,text,SiliconFlow
5776,25,-147,0,0,0,,,text,SiliconFlow
5777,25,-145,0,0,0,,,text,SiliconFlow
5778,25,-143,0,0,0,,,text,SiliconFlow
5779,25,-141,0,0,0,,,text,SiliconFlow
5780,25,-139,0,0,0,,,text,SiliconFlow
5781,25,-137,0,0,0,,,text,SiliconFlow
5782,25,-135,0,0,0,,,text,SiliconFlow
5783,25,-133,0,0,0,,,text,SiliconFlow
5784,25,-131,0,0,0,,,text,SiliconFlow
5785,25,-129,0,0,0,,,text,SiliconFlow
5786,25,-127,0,0,0,,,text,SiliconFlow
5787,25,-125,0,0,0,,,text,SiliconFlow
5788,25,-123,0,0,0,,,text,SiliconFlow
5789,25,-121,0,0,0,,,text,SiliconFlow
5790,25,-119,0,0,0,,,text,SiliconFlow
5791,25,-117,0,0,0,,,text,SiliconFlow
5792,25,-115,0,0,0,,,text,SiliconFlow
5793,25,-113,0,0,0,,,text,SiliconFlow
5794,25,-111,1,1,0,,,text,SiliconFlow
5795,25,-109,0,0,0,,,text,SiliconFlow
5796,25,-107,1,1,1,,,text,SiliconFlow
5797,25,-105,1,1,1,,,text,SiliconFlow
5798,25,-103,1,1,1,,,text,SiliconFlow
5799,25,-101,1,1,1,,,text,SiliconFlow
5800,25,-99,1,1,1,,,text,SiliconFlow
5801,25,-97,0,0,0,,,text,SiliconFlow
5802,25,-95,0,0,0,,,text,SiliconFlow
5803,25,-93,0,0,0,,,text,SiliconFlow
5804,25,-91,0,0,0,,,text,SiliconFlow
5805,25,-89,0,0,0,,,text,SiliconFlow
5806,25,-87,0,0,0,,,text,SiliconFlow
5807,25,-85,0,0,0,,,text,SiliconFlow
5808,25,-83,0,0,0,,,text,SiliconFlow
5809,25,-81,0,0,0,,,text,SiliconFlow
5810,25,-79,0,0,0,,,text,SiliconFlow
5811,25,-77,0,0,0,,,text,SiliconFlow
5812,25,-75,0,0,0,,,text,SiliconFlow
5813,25,-73,0,0,0,,,text,SiliconFlow
5814,25,-71,0,0,0,,,text,SiliconFlow
5815,25,-69,0,0,0,,,text,SiliconFlow
5816,25,-67,0,0,0,,,text,SiliconFlow
5817,25,-65,0,0,0,,,text,SiliconFlow
5818,25,-63,0,0,0,,,text,SiliconFlow
5819,25,-61,0,0,0,,,text,SiliconFlow
5820,25,-59,0,0,0,,,text,SiliconFlow
5821,25,-57,0,0,0,,,text,SiliconFlow
5822,25,-55,0,0,0,,,text,SiliconFlow
5823,25,-53,0,0,0,,,text,SiliconFlow
5824,25,-51,0,0,0,,,text,SiliconFlow
5825,25,-49,0,0,0,,,text,SiliconFlow
5826,25,-47,0,0,0,,,text,SiliconFlow
5827,25,-45,0,0,0,,,text,SiliconFlow
5828,25,-43,0,0,0,,,text,SiliconFlow
5829,25,-41,0,0,0,,,text,SiliconFlow
5830,25,-39,0,0,0,,,text,SiliconFlow
5831,25,-37,0,0,0,,,text,SiliconFlow
5832,25,-35,0,0,0,,,text,SiliconFlow
5833,25,-33,0,0,0,,,text,SiliconFlow
5834,25,-31,0,0,0,,,text,SiliconFlow
5835,25,-29,0,0,0,,,text,SiliconFlow
5836,25,-27,0,0,1,,,text,SiliconFlow
5837,25,-25,0,0,0,,,text,SiliconFlow
5838,25,-23,0,0,0,,,text,SiliconFlow
5839,25,-21,0,0,0,,,text,SiliconFlow
5840,25,-19,0,0,0,,,text,SiliconFlow
5841,25,-17,0,0,0,,,text,SiliconFlow
5842,25,-15,0,0,0,,,text,SiliconFlow
5843,25,-13,1,1,0,,,text,SiliconFlow
5844,25,-11,1,1,0,,,text,SiliconFlow
5845,25,-9,1,1,0,,,text,SiliconFlow
5846,25,-7,1,1,0,,,text,SiliconFlow
5847,25,-5,1,1,0,,,text,SiliconFlow
5848,25,-3,1,1,0,,,text,SiliconFlow
5849,25,-1,1,1,0,,,text,SiliconFlow
5850,25,1,1,1,0,,,text,SiliconFlow
5851,25,3,1,1,0,,,text,SiliconFlow
5852,25,5,1,1,0,,,text,SiliconFlow
5853,25,7,1,1,0,,,text,SiliconFlow
5854,25,9,1,1,0,,,text,SiliconFlow
5855,25,11,1,1,0,,,text,SiliconFlow
5856,25,13,1,1,0,,,text,SiliconFlow
5857,25,15,1,1,1,,,text,SiliconFlow
5858,25,17,1,1,0,,,text,SiliconFlow
5859,25,19,1,1,0,,,text,SiliconFlow
5860,25,21,1,1,0,,,text,SiliconFlow
5861,25,23,1,1,0,,,text,SiliconFlow
5862,25,25,1,1,0,,,text,SiliconFlow
5863,25,27,1,1,0,,,text,SiliconFlow
5864,25,29,1,1,0,,,text,SiliconFlow
5865,25,31,1,1,0,,,text,SiliconFlow
5866,25,33,1,1,0,,,text,SiliconFlow
5867,25,35,0,0,0,,,text,SiliconFlow
5868,25,37,0,0,0,,,text,SiliconFlow
5869,25,39,1,1,0,,,text,SiliconFlow
5870,25,41,1,1,1,,,text,SiliconFlow
5871,25,43,1,1,0,,,text,SiliconFlow
5872,25,45,1,1,1,,,text,SiliconFlow
5873,25,47,1,1,0,,,text,SiliconFlow
5874,25,49,1,1,0,,,text,SiliconFlow
5875,25,51,1,1,0,,,text,SiliconFlow
5876,25,53,0,0,0,,,text,SiliconFlow
5877,25,55,0,0,0,,,text,SiliconFlow
5878,25,57,0,0,0,,,text,SiliconFlow
5879,25,59,0,0,0,,,text,SiliconFlow
5880,25,61,0,0,0,,,text,SiliconFlow
5881,25,63,0,0,0,,,text,SiliconFlow
5882,25,65,0,0,0,,,text,SiliconFlow
5883,25,67,1,1,0,,,text,SiliconFlow
5884,25,69,1,1,0,,,text,SiliconFlow
5885,25,71,1,1,0,,,text,SiliconFlow
5886,25,73,1,1,0,,,text,SiliconFlow
5887,25,75,1,1,0,,,text,SiliconFlow
5888,25,77,1,1,0,,,text,SiliconFlow
5889,25,79,1,1,1,,,text,SiliconFlow
5890,25,81,1,1,1,,,text,SiliconFlow
5891,25,83,1,1,1,,,text,SiliconFlow
5892,25,85,1,1,1,,,text,SiliconFlow
5893,25,87,1,1,0,,,text,SiliconFlow
5894,25,89,1,1,0,,,text,SiliconFlow
5895,25,91,1,1,1,,,text,SiliconFlow
5896,25,93,1,1,0,,,text,SiliconFlow
5897,25,95,1,1,0,,,text,SiliconFlow
5898,25,97,1,1,0,,,text,SiliconFlow
5899,25,99,1,1,1,,,text,SiliconFlow
5900,25,101,1,1,1,,,text,SiliconFlow
5901,25,103,1,1,1,,,text,SiliconFlow
5902,25,105,1,1,1,,,text,SiliconFlow
5903,25,107,1,1,1,,,text,SiliconFlow
5904,25,109,1,1,1,,,text,SiliconFlow
5905,25,111,1,1,1,,,text,SiliconFlow
5906,25,113,1,1,1,,,text,SiliconFlow
5907,25,115,1,1,1,,,text,SiliconFlow
5908,25,117,1,1,1,,,text,SiliconFlow
5909,25,119,0,0,0,,,text,SiliconFlow
5910,25,121,0,0,0,,,text,SiliconFlow
5911,25,123,0,0,0,,,text,SiliconFlow
5912,25,125,0,0,0,,,text,SiliconFlow
5913,25,127,0,0,0,,,text,SiliconFlow
5914,25,129,0,0,0,,,text,SiliconFlow
5915,25,131,0,0,0,,,text,SiliconFlow
5916,25,133,0,0,0,,,text,SiliconFlow
5917,25,135,0,0,0,,,text,SiliconFlow
5918,25,137,0,0,0,,,text,SiliconFlow
5919,25,139,0,0,0,,,text,SiliconFlow
5920,25,141,0,0,0,,,text,SiliconFlow
5921,25,143,0,0,0,,,text,SiliconFlow
5922,25,145,0,0,0,,,text,SiliconFlow
5923,25,147,0,0,0,,,text,SiliconFlow
5924,25,149,0,0,0,,,text,SiliconFlow
5925,25,151,0,0,0,,,text,SiliconFlow
5926,25,153,0,0,0,,,text,SiliconFlow
5927,25,155,0,0,0,,,text,SiliconFlow
5928,25,157,0,0,0,,,text,SiliconFlow
5929,25,159,0,0,0,,,text,SiliconFlow
5930,25,161,0,0,0,,,text,SiliconFlow
5931,25,163,0,0,0,,,text,SiliconFlow
5932,25,165,0,0,0,,,text,SiliconFlow
5933,25,167,0,0,0,,,text,SiliconFlow
5934,25,169,0,0,0,,,text,SiliconFlow
5935,25,171,0,0,0,,,text,SiliconFlow
5936,25,173,0,0,0,,,text,SiliconFlow
5937,25,175,0,0,0,,,text,SiliconFlow
5938,25,177,0,0,0,,,text,SiliconFlow
5939,25,179,0,0,0,,,text,SiliconFlow
5940,23,-179,0,0,0,,,text,SiliconFlow
5941,23,-177,0,0,0,,,text,SiliconFlow
5942,23,-175,0,0,0,,,text,SiliconFlow
5943,23,-173,0,0,0,,,text,SiliconFlow
5944,23,-171,0,0,0,,,text,SiliconFlow
5945,23,-169,0,0,0,,,text,SiliconFlow
5946,23,-167,0,0,0,,,text,SiliconFlow
5947,23,-165,0,0,0,,,text,SiliconFlow
5948,23,-163,0,0,0,,,text,SiliconFlow
5949,23,-161,0,0,0,,,text,SiliconFlow
5950,23,-159,0,0,0,,,text,SiliconFlow
5951,23,-157,0,0,0,,,text,SiliconFlow
5952,23,-155,0,0,0,,,text,SiliconFlow
5953,23,-153,0,0,0,,,text,SiliconFlow
5954,23,-151,0,0,0,,,text,SiliconFlow
5955,23,-149,0,0,0,,,text,SiliconFlow
5956,23,-147,0,0,0,,,text,SiliconFlow
5957,23,-145,0,0,0,,,text,SiliconFlow
5958,23,-143,0,0,0,,,text,SiliconFlow
5959,23,-141,0,0,0,,,text,SiliconFlow
5960,23,-139,0,0,0,,,text,SiliconFlow
5961,23,-137,0,0,0,,,text,SiliconFlow
5962,23,-135,0,0,0,,,text,SiliconFlow
5963,23,-133,0,0,0,,,text,SiliconFlow
5964,23,-131,0,0,0,,,text,SiliconFlow
5965,23,-129,0,0,0,,,text,SiliconFlow
5966,23,-127,0,0,0,,,text,SiliconFlow
5967,23,-125,0,0,0,,,text,SiliconFlow
5968,23,-123,0,0,0,,,text,SiliconFlow
5969,23,-121,0,0,0,,,text,SiliconFlow
5970,23,-119,0,0,0,,,text,SiliconFlow
5971,23,-117,0,0,0,,,text,SiliconFlow
5972,23,-115,0,0,0,,,text,SiliconFlow
5973,23,-113,0,0,0,,,text,SiliconFlow
5974,23,-111,0,0,0,,,text,SiliconFlow
5975,23,-109,0,0,0,,,text,SiliconFlow
5976,23,-107,0,0,0,,,text,SiliconFlow
5977,23,-105,1,1,0,,,text,SiliconFlow
5978,23,-103,1,1,1,,,text,SiliconFlow
5979,23,-101,1,1,1,,,text,SiliconFlow
5980,23,-99,1,1,1,,,text,SiliconFlow
5981,23,-97,0,0,0,,,text,SiliconFlow
5982,23,-95,0,0,0,,,text,SiliconFlow
5983,23,-93,0,0,0,,,text,SiliconFlow
5984,23,-91,0,0,0,,,text,SiliconFlow
5985,23,-89,0,0,0,,,text,SiliconFlow
5986,23,-87,0,0,0,,,text,SiliconFlow
5987,23,-85,0,0,0,,,text,SiliconFlow
5988,23,-83,1,1,0,,,text,SiliconFlow
5989,23,-81,1,1,0,,,text,SiliconFlow
5990,23,-79,0,0,0,,,text,SiliconFlow
5991,23,-77,0,0,0,,,text,SiliconFlow
5992,23,-75,0,0,0,,,text,SiliconFlow
5993,23,-73,0,0,0,,,text,SiliconFlow
5994,23,-71,0,0,0,,,text,SiliconFlow
5995,23,-69,0,0,0,,,text,SiliconFlow
5996,23,-67,0,0,0,,,text,SiliconFlow
5997,23,-65,0,0,0,,,text,SiliconFlow
5998,23,-63,0,0,0,,,text,SiliconFlow
5999,23,-61,0,0,0,,,text,SiliconFlow
6000,23,-59,0,0,0,,,text,SiliconFlow
6001,23,-57,0,0,0,,,text,SiliconFlow
6002,23,-55,0,0,0,,,text,SiliconFlow
6003,23,-53,0,0,0,,,text,SiliconFlow
6004,23,-51,0,0,0,,,text,SiliconFlow
6005,23,-49,0,0,0,,,text,SiliconFlow
6006,23,-47,0,0,0,,,text,SiliconFlow
6007,23,-45,0,0,0,,,text,SiliconFlow
6008,23,-43,0,0,0,,,text,SiliconFlow
6009,23,-41,0,0,0,,,text,SiliconFlow
6010,23,-39,0,0,0,,,text,SiliconFlow
6011,23,-37,0,0,0,,,text,SiliconFlow
6012,23,-35,0,0,0,,,text,SiliconFlow
6013,23,-33,0,0,0,,,text,SiliconFlow
6014,23,-31,0,0,0,,,text,SiliconFlow
6015,23,-29,0,0,0,,,text,SiliconFlow
6016,23,-27,0,0,1,,,text,SiliconFlow
6017,23,-25,0,0,0,,,text,SiliconFlow
6018,23,-23,0,0,0,,,text,SiliconFlow
6019,23,-21,0,0,0,,,text,SiliconFlow
6020,23,-19,0,0,0,,,text,SiliconFlow
6021,23,-17,0,0,0,,,text,SiliconFlow
6022,23,-15,1,1,0,,,text,SiliconFlow
6023,23,-13,1,1,0,,,text,SiliconFlow
6024,23,-11,1,1,0,,,text,SiliconFlow
6025,23,-9,1,1,0,,,text,SiliconFlow
6026,23,-7,1,1,0,,,text,SiliconFlow
6027,23,-5,1,1,0,,,text,SiliconFlow
6028,23,-3,1,1,0,,,text,SiliconFlow
6029,23,-1,1,1,0,,,text,SiliconFlow
6030,23,1,1,1,0,,,text,SiliconFlow
6031,23,3,1,1,0,,,text,SiliconFlow
6032,23,5,1,1,0,,,text,SiliconFlow
6033,23,7,1,1,0,,,text,SiliconFlow
6034,23,9,1,1,0,,,text,SiliconFlow
6035,23,11,1,1,0,,,text,SiliconFlow
6036,23,13,1,1,0,,,text,SiliconFlow
6037,23,15,1,1,0,,,text,SiliconFlow
6038,23,17,1,1,1,,,text,SiliconFlow
6039,23,19,1,1,0,,,text,SiliconFlow
6040,23,21,1,1,0,,,text,SiliconFlow
6041,23,23,1,1,0,,,text,SiliconFlow
6042,23,25,1,1,0,,,text,SiliconFlow
6043,23,27,1,1,0,,,text,SiliconFlow
6044,23,29,1,1,0,,,text,SiliconFlow
6045,23,31,1,1,0,,,text,SiliconFlow
6046,23,33,1,1,0,,,text,SiliconFlow
6047,23,35,1,1,0,,,text,SiliconFlow
6048,23,37,0,0,0,,,text,SiliconFlow
6049,23,39,1,1,0,,,text,SiliconFlow
6050,23,41,1,1,1,,,text,SiliconFlow
6051,23,43,1,1,0,,,text,SiliconFlow
6052,23,45,1,1,0,,,text,SiliconFlow
6053,23,47,1,1,1,,,text,SiliconFlow
6054,23,49,1,1,0,,,text,SiliconFlow
6055,23,51,1,1,1,,,text,SiliconFlow
6056,23,53,1,1,1,,,text,SiliconFlow
6057,23,55,1,1,1,,,text,SiliconFlow
6058,23,57,1,1,1,,,text,SiliconFlow
6059,23,59,1,1,0,,,text,SiliconFlow
6060,23,61,0,0,1,,,text,SiliconFlow
6061,23,63,0,0,0,,,text,SiliconFlow
6062,23,65,0,0,0,,,text,SiliconFlow
6063,23,67,0,0,0,,,text,SiliconFlow
6064,23,69,1,1,1,,,text,SiliconFlow
6065,23,71,1,1,1,,,text,SiliconFlow
6066,23,73,1,1,1,,,text,SiliconFlow
6067,23,75,1,1,1,,,text,SiliconFlow
6068,23,77,1,1,1,,,text,SiliconFlow
6069,23,79,1,1,1,,,text,SiliconFlow
6070,23,81,1,1,1,,,text,SiliconFlow
6071,23,83,1,1,1,,,text,SiliconFlow
6072,23,85,1,1,1,,,text,SiliconFlow
6073,23,87,1,1,1,,,text,SiliconFlow
6074,23,89,1,1,0,,,text,SiliconFlow
6075,23,91,1,1,1,,,text,SiliconFlow
6076,23,93,1,1,1,,,text,SiliconFlow
6077,23,95,1,1,1,,,text,SiliconFlow
6078,23,97,1,1,1,,,text,SiliconFlow
6079,23,99,1,1,1,,,text,SiliconFlow
6080,23,101,1,1,1,,,text,SiliconFlow
6081,23,103,1,1,1,,,text,SiliconFlow
6082,23,105,1,1,1,,,text,SiliconFlow
6083,23,107,1,1,1,,,text,SiliconFlow
6084,23,109,1,1,1,,,text,SiliconFlow
6085,23,111,1,1,1,,,text,SiliconFlow
6086,23,113,1,1,1,,,text,SiliconFlow
6087,23,115,1,1,1,,,text,SiliconFlow
6088,23,117,0,0,0,,,text,SiliconFlow
6089,23,119,0,0,0,,,text,SiliconFlow
6090,23,121,1,1,0,,,text,SiliconFlow
6091,23,123,0,0,0,,,text,SiliconFlow
6092,23,125,0,0,0,,,text,SiliconFlow
6093,23,127,0,0,0,,,text,SiliconFlow
6094,23,129,0,0,0,,,text,SiliconFlow
6095,23,131,0,0,0,,,text,SiliconFlow
6096,23,133,0,0,0,,,text,SiliconFlow
6097,23,135,0,0,0,,,text,SiliconFlow
6098,23,137,0,0,0,,,text,SiliconFlow
6099,23,139,0,0,0,,,text,SiliconFlow
6100,23,141,0,0,0,,,text,SiliconFlow
6101,23,143,0,0,0,,,text,SiliconFlow
6102,23,145,0,0,0,,,text,SiliconFlow
6103,23,147,0,0,0,,,text,SiliconFlow
6104,23,149,0,0,0,,,text,SiliconFlow
6105,23,151,0,0,0,,,text,SiliconFlow
6106,23,153,0,0,0,,,text,SiliconFlow
6107,23,155,0,0,0,,,text,SiliconFlow
6108,23,157,0,0,0,,,text,SiliconFlow
6109,23,159,0,0,0,,,text,SiliconFlow
6110,23,161,0,0,0,,,text,SiliconFlow
6111,23,163,0,0,0,,,text,SiliconFlow
6112,23,165,0,0,0,,,text,SiliconFlow
6113,23,167,0,0,0,,,text,SiliconFlow
6114,23,169,0,0,0,,,text,SiliconFlow
6115,23,171,0,0,0,,,text,SiliconFlow
6116,23,173,0,0,0,,,text,SiliconFlow
6117,23,175,0,0,0,,,text,SiliconFlow
6118,23,177,0,0,0,,,text,SiliconFlow
6119,23,179,0,0,0,,,text,SiliconFlow
6120,21,-179,0,0,0,,,text,SiliconFlow
6121,21,-177,0,0,0,,,text,SiliconFlow
6122,21,-175,0,0,0,,,text,SiliconFlow
6123,21,-173,0,0,0,,,text,SiliconFlow
6124,21,-171,0,0,0,,,text,SiliconFlow
6125,21,-169,0,0,0,,,text,SiliconFlow
6126,21,-167,0,0,0,,,text,SiliconFlow
6127,21,-165,0,0,0,,,text,SiliconFlow
6128,21,-163,0,0,0,,,text,SiliconFlow
6129,21,-161,0,0,0,,,text,SiliconFlow
6130,21,-159,0,0,0,,,text,SiliconFlow
6131,21,-157,0,0,0,,,text,SiliconFlow
6132,21,-155,0,0,0,,,text,SiliconFlow
6133,21,-153,0,0,0,,,text,SiliconFlow
6134,21,-151,0,0,0,,,text,SiliconFlow
6135,21,-149,0,0,0,,,text,SiliconFlow
6136,21,-147,0,0,0,,,text,SiliconFlow
6137,21,-145,0,0,0,,,text,SiliconFlow
6138,21,-143,0,0,0,,,text,SiliconFlow
6139,21,-141,0,0,0,,,text,SiliconFlow
6140,21,-139,0,0,0,,,text,SiliconFlow
6141,21,-137,0,0,0,,,text,SiliconFlow
6142,21,-135,0,0,0,,,text,SiliconFlow
6143,21,-133,0,0,0,,,text,SiliconFlow
6144,21,-131,0,0,0,,,text,SiliconFlow
6145,21,-129,0,0,0,,,text,SiliconFlow
6146,21,-127,0,0,0,,,text,SiliconFlow
6147,21,-125,0,0,0,,,text,SiliconFlow
6148,21,-123,0,0,0,,,text,SiliconFlow
6149,21,-121,0,0,0,,,text,SiliconFlow
6150,21,-119,0,0,0,,,text,SiliconFlow
6151,21,-117,0,0,0,,,text,SiliconFlow
6152,21,-115,0,0,0,,,text,SiliconFlow
6153,21,-113,0,0,0,,,text,SiliconFlow
6154,21,-111,0,0,0,,,text,SiliconFlow
6155,21,-109,0,0,0,,,text,SiliconFlow
6156,21,-107,0,0,0,,,text,SiliconFlow
6157,21,-105,1,1,0,,,text,SiliconFlow
6158,21,-103,1,1,1,,,text,SiliconFlow
6159,21,-101,1,1,1,,,text,SiliconFlow
6160,21,-99,1,1,1,,,text,SiliconFlow
6161,21,-97,0,0,0,,,text,SiliconFlow
6162,21,-95,0,0,0,,,text,SiliconFlow
6163,21,-93,0,0,0,,,text,SiliconFlow
6164,21,-91,0,0,0,,,text,SiliconFlow
6165,21,-89,1,1,1,,,text,SiliconFlow
6166,21,-87,1,1,0,,,text,SiliconFlow
6167,21,-85,0,0,0,,,text,SiliconFlow
6168,21,-83,0,0,0,,,text,SiliconFlow
6169,21,-81,0,0,0,,,text,SiliconFlow
6170,21,-79,0,0,0,,,text,SiliconFlow
6171,21,-77,1,1,0,,,text,SiliconFlow
6172,21,-75,0,0,0,,,text,SiliconFlow
6173,21,-73,0,0,0,,,text,SiliconFlow
6174,21,-71,0,0,0,,,text,SiliconFlow
6175,21,-69,0,0,0,,,text,SiliconFlow
6176,21,-67,0,0,0,,,text,SiliconFlow
6177,21,-65,0,0,0,,,text,SiliconFlow
6178,21,-63,0,0,0,,,text,SiliconFlow
6179,21,-61,0,0,0,,,text,SiliconFlow
6180,21,-59,0,0,0,,,text,SiliconFlow
6181,21,-57,0,0,0,,,text,SiliconFlow
6182,21,-55,0,0,0,,,text,SiliconFlow
6183,21,-53,0,0,0,,,text,SiliconFlow
6184,21,-51,0,0,0,,,text,SiliconFlow
6185,21,-49,0,0,0,,,text,SiliconFlow
6186,21,-47,0,0,0,,,text,SiliconFlow
6187,21,-45,0,0,0,,,text,SiliconFlow
6188,21,-43,0,0,0,,,text,SiliconFlow
6189,21,-41,0,0,0,,,text,SiliconFlow
6190,21,-39,0,0,0,,,text,SiliconFlow
6191,21,-37,0,0,0,,,text,SiliconFlow
6192,21,-35,0,0,0,,,text,SiliconFlow
6193,21,-33,0,0,0,,,text,SiliconFlow
6194,21,-31,0,0,0,,,text,SiliconFlow
6195,21,-29,0,0,0,,,text,SiliconFlow
6196,21,-27,0,0,0,,,text,SiliconFlow
6197,21,-25,0,0,0,,,text,SiliconFlow
6198,21,-23,0,0,0,,,text,SiliconFlow
6199,21,-21,0,0,0,,,text,SiliconFlow
6200,21,-19,0,0,0,,,text,SiliconFlow
6201,21,-17,0,0,0,,,text,SiliconFlow
6202,21,-15,1,1,0,,,text,SiliconFlow
6203,21,-13,1,1,0,,,text,SiliconFlow
6204,21,-11,1,1,0,,,text,SiliconFlow
6205,21,-9,1,1,0,,,text,SiliconFlow
6206,21,-7,1,1,0,,,text,SiliconFlow
6207,21,-5,1,1,0,,,text,SiliconFlow
6208,21,-3,1,1,0,,,text,SiliconFlow
6209,21,-1,1,1,1,,,text,SiliconFlow
6210,21,1,1,1,0,,,text,SiliconFlow
6211,21,3,1,1,0,,,text,SiliconFlow
6212,21,5,1,1,0,,,text,SiliconFlow
6213,21,7,1,1,0,,,text,SiliconFlow
6214,21,9,1,1,0,,,text,SiliconFlow
6215,21,11,1,1,0,,,text,SiliconFlow
6216,21,13,1,1,0,,,text,SiliconFlow
6217,21,15,1,1,0,,,text,SiliconFlow
6218,21,17,1,1,1,,,text,SiliconFlow
6219,21,19,1,1,0,,,text,SiliconFlow
6220,21,21,1,1,0,,,text,SiliconFlow
6221,21,23,1,1,0,,,text,SiliconFlow
6222,21,25,1,1,0,,,text,SiliconFlow
6223,21,27,1,1,0,,,text,SiliconFlow
6224,21,29,1,1,0,,,text,SiliconFlow
6225,21,31,1,1,0,,,text,SiliconFlow
6226,21,33,1,1,0,,,text,SiliconFlow
6227,21,35,1,1,0,,,text,SiliconFlow
6228,21,37,1,1,0,,,text,SiliconFlow
6229,21,39,0,0,0,,,text,SiliconFlow
6230,21,41,1,1,1,,,text,SiliconFlow
6231,21,43,1,1,0,,,text,SiliconFlow
6232,21,45,1,1,1,,,text,SiliconFlow
6233,21,47,1,1,0,,,text,SiliconFlow
6234,21,49,1,1,1,,,text,SiliconFlow
6235,21,51,1,1,1,,,text,SiliconFlow
6236,21,53,1,1,1,,,text,SiliconFlow
6237,21,55,1,1,0,,,text,SiliconFlow
6238,21,57,1,1,0,,,text,SiliconFlow
6239,21,59,0,0,0,,,text,SiliconFlow
6240,21,61,0,0,0,,,text,SiliconFlow
6241,21,63,0,0,0,,,text,SiliconFlow
6242,21,65,0,0,0,,,text,SiliconFlow
6243,21,67,0,0,0,,,text,SiliconFlow
6244,21,69,0,0,0,,,text,SiliconFlow
6245,21,71,1,1,0,,,text,SiliconFlow
6246,21,73,1,1,0,,,text,SiliconFlow
6247,21,75,1,1,1,,,text,SiliconFlow
6248,21,77,1,1,1,,,text,SiliconFlow
6249,21,79,1,1,1,,,text,SiliconFlow
6250,21,81,1,1,1,,,text,SiliconFlow
6251,21,83,1,1,0,,,text,SiliconFlow
6252,21,85,1,1,1,,,text,SiliconFlow
6253,21,87,0,0,0,,,text,SiliconFlow
6254,21,89,0,0,0,,,text,SiliconFlow
6255,21,91,0,0,0,,,text,SiliconFlow
6256,21,93,1,1,0,,,text,SiliconFlow
6257,21,95,1,1,1,,,text,SiliconFlow
6258,21,97,1,1,1,,,text,SiliconFlow
6259,21,99,1,1,1,,,text,SiliconFlow
6260,21,101,1,1,1,,,text,SiliconFlow
6261,21,103,1,1,1,,,text,SiliconFlow
6262,21,105,1,1,1,,,text,SiliconFlow
6263,21,107,1,1,0,,,text,SiliconFlow
6264,21,109,0,0,1,,,text,SiliconFlow
6265,21,111,0,0,0,,,text,SiliconFlow
6266,21,113,0,0,0,,,text,SiliconFlow
6267,21,115,0,0,0,,,text,SiliconFlow
6268,21,117,0,0,0,,,text,SiliconFlow
6269,21,119,0,0,0,,,text,SiliconFlow
6270,21,121,0,0,0,,,text,SiliconFlow
6271,21,123,0,0,0,,,text,SiliconFlow
6272,21,125,0,0,0,,,text,SiliconFlow
6273,21,127,0,0,0,,,text,SiliconFlow
6274,21,129,0,0,0,,,text,SiliconFlow
6275,21,131,0,0,0,,,text,SiliconFlow
6276,21,133,0,0,0,,,text,SiliconFlow
6277,21,135,0,0,0,,,text,SiliconFlow
6278,21,137,0,0,0,,,text,SiliconFlow
6279,21,139,0,0,0,,,text,SiliconFlow
6280,21,141,0,0,0,,,text,SiliconFlow
6281,21,143,0,0,0,,,text,SiliconFlow
6282,21,145,0,0,0,,,text,SiliconFlow
6283,21,147,0,0,0,,,text,SiliconFlow
6284,21,149,0,0,0,,,text,SiliconFlow
6285,21,151,0,0,0,,,text,SiliconFlow
6286,21,153,0,0,0,,,text,SiliconFlow
6287,21,155,0,0,0,,,text,SiliconFlow
6288,21,157,0,0,0,,,text,SiliconFlow
6289,21,159,0,0,0,,,text,SiliconFlow
6290,21,161,0,0,0,,,text,SiliconFlow
6291,21,163,0,0,0,,,text,SiliconFlow
6292,21,165,0,0,0,,,text,SiliconFlow
6293,21,167,0,0,0,,,text,SiliconFlow
6294,21,169,0,0,0,,,text,SiliconFlow
6295,21,171,0,0,0,,,text,SiliconFlow
6296,21,173,0,0,0,,,text,SiliconFlow
6297,21,175,0,0,0,,,text,SiliconFlow
6298,21,177,0,0,0,,,text,SiliconFlow
6299,21,179,0,0,0,,,text,SiliconFlow
6300,19,-179,0,0,0,,,text,SiliconFlow
6301,19,-177,0,0,0,,,text,SiliconFlow
6302,19,-175,0,0,0,,,text,SiliconFlow
6303,19,-173,0,0,0,,,text,SiliconFlow
6304,19,-171,0,0,0,,,text,SiliconFlow
6305,19,-169,0,0,0,,,text,SiliconFlow
6306,19,-167,0,0,0,,,text,SiliconFlow
6307,19,-165,0,0,0,,,text,SiliconFlow
6308,19,-163,0,0,0,,,text,SiliconFlow
6309,19,-161,0,0,0,,,text,SiliconFlow
6310,19,-159,0,0,0,,,text,SiliconFlow
6311,19,-157,0,0,0,,,text,SiliconFlow
6312,19,-155,0,0,0,,,text,SiliconFlow
6313,19,-153,0,0,0,,,text,SiliconFlow
6314,19,-151,0,0,0,,,text,SiliconFlow
6315,19,-149,0,0,0,,,text,SiliconFlow
6316,19,-147,0,0,0,,,text,SiliconFlow
6317,19,-145,0,0,0,,,text,SiliconFlow
6318,19,-143,0,0,0,,,text,SiliconFlow
6319,19,-141,0,0,0,,,text,SiliconFlow
6320,19,-139,0,0,0,,,text,SiliconFlow
6321,19,-137,0,0,0,,,text,SiliconFlow
6322,19,-135,0,0,0,,,text,SiliconFlow
6323,19,-133,0,0,0,,,text,SiliconFlow
6324,19,-131,0,0,0,,,text,SiliconFlow
6325,19,-129,0,0,0,,,text,SiliconFlow
6326,19,-127,0,0,0,,,text,SiliconFlow
6327,19,-125,0,0,0,,,text,SiliconFlow
6328,19,-123,0,0,0,,,text,SiliconFlow
6329,19,-121,0,0,0,,,text,SiliconFlow
6330,19,-119,0,0,0,,,text,SiliconFlow
6331,19,-117,0,0,0,,,text,SiliconFlow
6332,19,-115,0,0,0,,,text,SiliconFlow
6333,19,-113,0,0,0,,,text,SiliconFlow
6334,19,-111,0,0,0,,,text,SiliconFlow
6335,19,-109,0,0,0,,,text,SiliconFlow
6336,19,-107,0,0,0,,,text,SiliconFlow
6337,19,-105,0,0,0,,,text,SiliconFlow
6338,19,-103,1,1,1,,,text,SiliconFlow
6339,19,-101,1,1,1,,,text,SiliconFlow
6340,19,-99,1,1,1,,,text,SiliconFlow
6341,19,-97,1,1,1,,,text,SiliconFlow
6342,19,-95,0,0,0,,,text,SiliconFlow
6343,19,-93,0,0,0,,,text,SiliconFlow
6344,19,-91,1,1,0,,,text,SiliconFlow
6345,19,-89,1,1,1,,,text,SiliconFlow
6346,19,-87,0,0,0,,,text,SiliconFlow
6347,19,-85,0,0,0,,,text,SiliconFlow
6348,19,-83,0,0,0,,,text,SiliconFlow
6349,19,-81,0,0,0,,,text,SiliconFlow
6350,19,-79,0,0,0,,,text,SiliconFlow
6351,19,-77,0,0,0,,,text,SiliconFlow
6352,19,-75,0,0,0,,,text,SiliconFlow
6353,19,-73,0,0,0,,,text,SiliconFlow
6354,19,-71,1,1,1,,,text,SiliconFlow
6355,19,-69,1,1,0,,,text,SiliconFlow
6356,19,-67,0,0,0,,,text,SiliconFlow
6357,19,-65,0,0,0,,,text,SiliconFlow
6358,19,-63,0,0,0,,,text,SiliconFlow
6359,19,-61,0,0,0,,,text,SiliconFlow
6360,19,-59,0,0,0,,,text,SiliconFlow
6361,19,-57,0,0,0,,,text,SiliconFlow
6362,19,-55,0,0,0,,,text,SiliconFlow
6363,19,-53,0,0,0,,,text,SiliconFlow
6364,19,-51,0,0,0,,,text,SiliconFlow
6365,19,-49,0,0,0,,,text,SiliconFlow
6366,19,-47,0,0,0,,,text,SiliconFlow
6367,19,-45,0,0,0,,,text,SiliconFlow
6368,19,-43,0,0,0,,,text,SiliconFlow
6369,19,-41,0,0,0,,,text,SiliconFlow
6370,19,-39,0,0,0,,,text,SiliconFlow
6371,19,-37,0,0,0,,,text,SiliconFlow
6372,19,-35,0,0,0,,,text,SiliconFlow
6373,19,-33,0,0,0,,,text,SiliconFlow
6374,19,-31,0,0,0,,,text,SiliconFlow
6375,19,-29,0,0,0,,,text,SiliconFlow
6376,19,-27,0,0,0,,,text,SiliconFlow
6377,19,-25,0,0,0,,,text,SiliconFlow
6378,19,-23,0,0,0,,,text,SiliconFlow
6379,19,-21,0,0,0,,,text,SiliconFlow
6380,19,-19,0,0,0,,,text,SiliconFlow
6381,19,-17,0,0,0,,,text,SiliconFlow
6382,19,-15,1,1,0,,,text,SiliconFlow
6383,19,-13,1,1,0,,,text,SiliconFlow
6384,19,-11,1,1,0,,,text,SiliconFlow
6385,19,-9,1,1,0,,,text,SiliconFlow
6386,19,-7,1,1,1,,,text,SiliconFlow
6387,19,-5,1,1,0,,,text,SiliconFlow
6388,19,-3,1,1,0,,,text,SiliconFlow
6389,19,-1,1,1,1,,,text,SiliconFlow
6390,19,1,1,1,0,,,text,SiliconFlow
6391,19,3,1,1,0,,,text,SiliconFlow
6392,19,5,1,1,0,,,text,SiliconFlow
6393,19,7,1,1,0,,,text,SiliconFlow
6394,19,9,1,1,0,,,text,SiliconFlow
6395,19,11,1,1,0,,,text,SiliconFlow
6396,19,13,1,1,0,,,text,SiliconFlow
6397,19,15,1,1,0,,,text,SiliconFlow
6398,19,17,1,1,0,,,text,SiliconFlow
6399,19,19,1,1,0,,,text,SiliconFlow
6400,19,21,1,1,0,,,text,SiliconFlow
6401,19,23,1,1,0,,,text,SiliconFlow
6402,19,25,1,1,0,,,text,SiliconFlow
6403,19,27,1,1,0,,,text,SiliconFlow
6404,19,29,1,1,0,,,text,SiliconFlow
6405,19,31,1,1,0,,,text,SiliconFlow
6406,19,33,1,1,0,,,text,SiliconFlow
6407,19,35,1,1,0,,,text,SiliconFlow
6408,19,37,1,1,0,,,text,SiliconFlow
6409,19,39,0,0,0,,,text,SiliconFlow
6410,19,41,0,0,0,,,text,SiliconFlow
6411,19,43,1,1,0,,,text,SiliconFlow
6412,19,45,1,1,1,,,text,SiliconFlow
6413,19,47,1,1,1,,,text,SiliconFlow
6414,19,49,1,1,1,,,text,SiliconFlow
6415,19,51,1,1,1,,,text,SiliconFlow
6416,19,53,1,1,0,,,text,SiliconFlow
6417,19,55,1,1,0,,,text,SiliconFlow
6418,19,57,1,1,0,,,text,SiliconFlow
6419,19,59,0,0,0,,,text,SiliconFlow
6420,19,61,0,0,0,,,text,SiliconFlow
6421,19,63,0,0,0,,,text,SiliconFlow
6422,19,65,0,0,0,,,text,SiliconFlow
6423,19,67,0,0,0,,,text,SiliconFlow
6424,19,69,0,0,0,,,text,SiliconFlow
6425,19,71,0,0,0,,,text,SiliconFlow
6426,19,73,0,0,0,,,text,SiliconFlow
6427,19,75,1,1,1,,,text,SiliconFlow
6428,19,77,1,1,1,,,text,SiliconFlow
6429,19,79,1,1,1,,,text,SiliconFlow
6430,19,81,1,1,0,,,text,SiliconFlow
6431,19,83,1,1,1,,,text,SiliconFlow
6432,19,85,0,0,0,,,text,SiliconFlow
6433,19,87,0,0,0,,,text,SiliconFlow
6434,19,89,0,0,0,,,text,SiliconFlow
6435,19,91,0,0,0,,,text,SiliconFlow
6436,19,93,0,0,0,,,text,SiliconFlow
6437,19,95,1,1,0,,,text,SiliconFlow
6438,19,97,1,1,1,,,text,SiliconFlow
6439,19,99,1,1,1,,,text,SiliconFlow
6440,19,101,1,1,1,,,text,SiliconFlow
6441,19,103,1,1,1,,,text,SiliconFlow
6442,19,105,1,1,1,,,text,SiliconFlow
6443,19,107,0,0,0,,,text,SiliconFlow
6444,19,109,1,1,1,,,text,SiliconFlow
6445,19,111,0,0,0,,,text,SiliconFlow
6446,19,113,0,0,0,,,text,SiliconFlow
6447,19,115,0,0,0,,,text,SiliconFlow
6448,19,117,0,0,0,,,text,SiliconFlow
6449,19,119,0,0,0,,,text,SiliconFlow
6450,19,121,0,0,0,,,text,SiliconFlow
6451,19,123,0,0,0,,,text,SiliconFlow
6452,19,125,0,0,0,,,text,SiliconFlow
6453,19,127,0,0,0,,,text,SiliconFlow
6454,19,129,0,0,0,,,text,SiliconFlow
6455,19,131,0,0,0,,,text,SiliconFlow
6456,19,133,0,0,0,,,text,SiliconFlow
6457,19,135,0,0,0,,,text,SiliconFlow
6458,19,137,0,0,0,,,text,SiliconFlow
6459,19,139,0,0,0,,,text,SiliconFlow
6460,19,141,0,0,0,,,text,SiliconFlow
6461,19,143,0,0,0,,,text,SiliconFlow
6462,19,145,0,0,0,,,text,SiliconFlow
6463,19,147,0,0,0,,,text,SiliconFlow
6464,19,149,0,0,0,,,text,SiliconFlow
6465,19,151,0,0,0,,,text,SiliconFlow
6466,19,153,0,0,0,,,text,SiliconFlow
6467,19,155,0,0,0,,,text,SiliconFlow
6468,19,157,0,0,0,,,text,SiliconFlow
6469,19,159,0,0,0,,,text,SiliconFlow
6470,19,161,0,0,0,,,text,SiliconFlow
6471,19,163,0,0,0,,,text,SiliconFlow
6472,19,165,0,0,0,,,text,SiliconFlow
6473,19,167,0,0,0,,,text,SiliconFlow
6474,19,169,0,0,0,,,text,SiliconFlow
6475,19,171,0,0,0,,,text,SiliconFlow
6476,19,173,0,0,0,,,text,SiliconFlow
6477,19,175,0,0,0,,,text,SiliconFlow
6478,19,177,0,0,0,,,text,SiliconFlow
6479,19,179,0,0,0,,,text,SiliconFlow
6480,17,-179,0,0,0,,,text,SiliconFlow
6481,17,-177,0,0,0,,,text,SiliconFlow
6482,17,-175,0,0,0,,,text,SiliconFlow
6483,17,-173,0,0,0,,,text,SiliconFlow
6484,17,-171,0,0,0,,,text,SiliconFlow
6485,17,-169,0,0,0,,,text,SiliconFlow
6486,17,-167,0,0,0,,,text,SiliconFlow
6487,17,-165,0,0,0,,,text,SiliconFlow
6488,17,-163,0,0,0,,,text,SiliconFlow
6489,17,-161,0,0,0,,,text,SiliconFlow
6490,17,-159,0,0,0,,,text,SiliconFlow
6491,17,-157,0,0,0,,,text,SiliconFlow
6492,17,-155,0,0,0,,,text,SiliconFlow
6493,17,-153,0,0,0,,,text,SiliconFlow
6494,17,-151,0,0,0,,,text,SiliconFlow
6495,17,-149,0,0,0,,,text,SiliconFlow
6496,17,-147,0,0,0,,,text,SiliconFlow
6497,17,-145,0,0,0,,,text,SiliconFlow
6498,17,-143,0,0,0,,,text,SiliconFlow
6499,17,-141,0,0,0,,,text,SiliconFlow
6500,17,-139,0,0,0,,,text,SiliconFlow
6501,17,-137,0,0,0,,,text,SiliconFlow
6502,17,-135,0,0,0,,,text,SiliconFlow
6503,17,-133,0,0,0,,,text,SiliconFlow
6504,17,-131,0,0,0,,,text,SiliconFlow
6505,17,-129,0,0,0,,,text,SiliconFlow
6506,17,-127,0,0,0,,,text,SiliconFlow
6507,17,-125,0,0,0,,,text,SiliconFlow
6508,17,-123,0,0,0,,,text,SiliconFlow
6509,17,-121,0,0,0,,,text,SiliconFlow
6510,17,-119,0,0,0,,,text,SiliconFlow
6511,17,-117,0,0,0,,,text,SiliconFlow
6512,17,-115,0,0,0,,,text,SiliconFlow
6513,17,-113,0,0,0,,,text,SiliconFlow
6514,17,-111,0,0,0,,,text,SiliconFlow
6515,17,-109,0,0,0,,,text,SiliconFlow
6516,17,-107,0,0,0,,,text,SiliconFlow
6517,17,-105,0,0,0,,,text,SiliconFlow
6518,17,-103,0,0,0,,,text,SiliconFlow
6519,17,-101,0,0,0,,,text,SiliconFlow
6520,17,-99,1,1,1,,,text,SiliconFlow
6521,17,-97,1,1,1,,,text,SiliconFlow
6522,17,-95,1,1,1,,,text,SiliconFlow
6523,17,-93,1,1,0,,,text,SiliconFlow
6524,17,-91,1,1,0,,,text,SiliconFlow
6525,17,-89,1,1,1,,,text,SiliconFlow
6526,17,-87,0,0,0,,,text,SiliconFlow
6527,17,-85,0,0,0,,,text,SiliconFlow
6528,17,-83,0,0,0,,,text,SiliconFlow
6529,17,-81,0,0,0,,,text,SiliconFlow
6530,17,-79,0,0,0,,,text,SiliconFlow
6531,17,-77,0,0,0,,,text,SiliconFlow
6532,17,-75,0,0,0,,,text,SiliconFlow
6533,17,-73,0,0,0,,,text,SiliconFlow
6534,17,-71,0,0,0,,,text,SiliconFlow
6535,17,-69,0,0,0,,,text,SiliconFlow
6536,17,-67,0,0,0,,,text,SiliconFlow
6537,17,-65,0,0,0,,,text,SiliconFlow
6538,17,-63,0,0,0,,,text,SiliconFlow
6539,17,-61,0,0,0,,,text,SiliconFlow
6540,17,-59,0,0,0,,,text,SiliconFlow
6541,17,-57,0,0,0,,,text,SiliconFlow
6542,17,-55,0,0,0,,,text,SiliconFlow
6543,17,-53,0,0,0,,,text,SiliconFlow
6544,17,-51,0,0,0,,,text,SiliconFlow
6545,17,-49,0,0,0,,,text,SiliconFlow
6546,17,-47,0,0,0,,,text,SiliconFlow
6547,17,-45,0,0,0,,,text,SiliconFlow
6548,17,-43,0,0,0,,,text,SiliconFlow
6549,17,-41,0,0,0,,,text,SiliconFlow
6550,17,-39,0,0,0,,,text,SiliconFlow
6551,17,-37,0,0,0,,,text,SiliconFlow
6552,17,-35,0,0,0,,,text,SiliconFlow
6553,17,-33,0,0,0,,,text,SiliconFlow
6554,17,-31,0,0,0,,,text,SiliconFlow
6555,17,-29,0,0,0,,,text,SiliconFlow
6556,17,-27,0,0,0,,,text,SiliconFlow
6557,17,-25,0,0,0,,,text,SiliconFlow
6558,17,-23,0,0,0,,,text,SiliconFlow
6559,17,-21,0,0,0,,,text,SiliconFlow
6560,17,-19,0,0,0,,,text,SiliconFlow
6561,17,-17,0,0,0,,,text,SiliconFlow
6562,17,-15,1,1,0,,,text,SiliconFlow
6563,17,-13,1,1,0,,,text,SiliconFlow
6564,17,-11,1,1,0,,,text,SiliconFlow
6565,17,-9,1,1,0,,,text,SiliconFlow
6566,17,-7,1,1,1,,,text,SiliconFlow
6567,17,-5,1,1,1,,,text,SiliconFlow
6568,17,-3,1,1,1,,,text,SiliconFlow
6569,17,-1,1,1,0,,,text,SiliconFlow
6570,17,1,1,1,0,,,text,SiliconFlow
6571,17,3,1,1,0,,,text,SiliconFlow
6572,17,5,1,1,0,,,text,SiliconFlow
6573,17,7,1,1,0,,,text,SiliconFlow
6574,17,9,1,1,0,,,text,SiliconFlow
6575,17,11,1,1,0,,,text,SiliconFlow
6576,17,13,1,1,0,,,text,SiliconFlow
6577,17,15,1,1,0,,,text,SiliconFlow
6578,17,17,1,1,0,,,text,SiliconFlow
6579,17,19,1,1,1,,,text,SiliconFlow
6580,17,21,1,1,0,,,text,SiliconFlow
6581,17,23,1,1,0,,,text,SiliconFlow
6582,17,25,1,1,0,,,text,SiliconFlow
6583,17,27,1,1,0,,,text,SiliconFlow
6584,17,29,1,1,0,,,text,SiliconFlow
6585,17,31,1,1,0,,,text,SiliconFlow
6586,17,33,1,1,0,,,text,SiliconFlow
6587,17,35,1,1,0,,,text,SiliconFlow
6588,17,37,1,1,0,,,text,SiliconFlow
6589,17,39,1,1,0,,,text,SiliconFlow
6590,17,41,0,0,0,,,text,SiliconFlow
6591,17,43,1,1,0,,,text,SiliconFlow
6592,17,45,1,1,0,,,text,SiliconFlow
6593,17,47,1,1,0,,,text,SiliconFlow
6594,17,49,1,1,1,,,text,SiliconFlow
6595,17,51,1,1,0,,,text,SiliconFlow
6596,17,53,1,1,0,,,text,SiliconFlow
6597,17,55,0,0,0,,,text,SiliconFlow
6598,17,57,0,0,0,,,text,SiliconFlow
6599,17,59,0,0,0,,,text,SiliconFlow
6600,17,61,0,0,0,,,text,SiliconFlow
6601,17,63,0,0,0,,,text,SiliconFlow
6602,17,65,0,0,0,,,text,SiliconFlow
6603,17,67,0,0,0,,,text,SiliconFlow
6604,17,69,0,0,0,,,text,SiliconFlow
6605,17,71,0,0,0,,,text,SiliconFlow
6606,17,73,0,0,0,,,text,SiliconFlow
6607,17,75,1,1,1,,,text,SiliconFlow
6608,17,77,1,1,0,,,text,SiliconFlow
6609,17,79,1,1,1,,,text,SiliconFlow
6610,17,81,1,1,0,,,text,SiliconFlow
6611,17,83,0,0,0,,,text,SiliconFlow
6612,17,85,0,0,0,,,text,SiliconFlow
6613,17,87,0,0,0,,,text,SiliconFlow
6614,17,89,0,0,0,,,text,SiliconFlow
6615,17,91,0,0,0,,,text,SiliconFlow
6616,17,93,0,0,0,,,text,SiliconFlow
6617,17,95,1,1,0,,,text,SiliconFlow
6618,17,97,0,0,0,,,text,SiliconFlow
6619,17,99,1,1,1,,,text,SiliconFlow
6620,17,101,1,1,1,,,text,SiliconFlow
6621,17,103,1,1,1,,,text,SiliconFlow
6622,17,105,1,1,0,,,text,SiliconFlow
6623,17,107,1,1,0,,,text,SiliconFlow
6624,17,109,0,0,0,,,text,SiliconFlow
6625,17,111,0,0,0,,,text,SiliconFlow
6626,17,113,0,0,0,,,text,SiliconFlow
6627,17,115,0,0,0,,,text,SiliconFlow
6628,17,117,0,0,0,,,text,SiliconFlow
6629,17,119,0,0,0,,,text,SiliconFlow
6630,17,121,1,1,1,,,text,SiliconFlow
6631,17,123,0,0,0,,,text,SiliconFlow
6632,17,125,0,0,0,,,text,SiliconFlow
6633,17,127,0,0,0,,,text,SiliconFlow
6634,17,129,0,0,0,,,text,SiliconFlow
6635,17,131,0,0,0,,,text,SiliconFlow
6636,17,133,0,0,0,,,text,SiliconFlow
6637,17,135,0,0,0,,,text,SiliconFlow
6638,17,137,0,0,0,,,text,SiliconFlow
6639,17,139,0,0,0,,,text,SiliconFlow
6640,17,141,0,0,0,,,text,SiliconFlow
6641,17,143,0,0,0,,,text,SiliconFlow
6642,17,145,0,0,0,,,text,SiliconFlow
6643,17,147,0,0,0,,,text,SiliconFlow
6644,17,149,0,0,0,,,text,SiliconFlow
6645,17,151,0,0,0,,,text,SiliconFlow
6646,17,153,0,0,0,,,text,SiliconFlow
6647,17,155,0,0,0,,,text,SiliconFlow
6648,17,157,0,0,0,,,text,SiliconFlow
6649,17,159,0,0,0,,,text,SiliconFlow
6650,17,161,0,0,0,,,text,SiliconFlow
6651,17,163,0,0,0,,,text,SiliconFlow
6652,17,165,0,0,0,,,text,SiliconFlow
6653,17,167,0,0,0,,,text,SiliconFlow
6654,17,169,0,0,0,,,text,SiliconFlow
6655,17,171,0,0,0,,,text,SiliconFlow
6656,17,173,0,0,0,,,text,SiliconFlow
6657,17,175,0,0,0,,,text,SiliconFlow
6658,17,177,0,0,0,,,text,SiliconFlow
6659,17,179,0,0,0,,,text,SiliconFlow
6660,15,-179,0,0,0,,,text,SiliconFlow
6661,15,-177,0,0,0,,,text,SiliconFlow
6662,15,-175,0,0,0,,,text,SiliconFlow
6663,15,-173,0,0,0,,,text,SiliconFlow
6664,15,-171,0,0,0,,,text,SiliconFlow
6665,15,-169,0,0,0,,,text,SiliconFlow
6666,15,-167,0,0,0,,,text,SiliconFlow
6667,15,-165,0,0,0,,,text,SiliconFlow
6668,15,-163,0,0,0,,,text,SiliconFlow
6669,15,-161,0,0,0,,,text,SiliconFlow
6670,15,-159,0,0,0,,,text,SiliconFlow
6671,15,-157,0,0,0,,,text,SiliconFlow
6672,15,-155,0,0,0,,,text,SiliconFlow
6673,15,-153,0,0,0,,,text,SiliconFlow
6674,15,-151,0,0,0,,,text,SiliconFlow
6675,15,-149,0,0,0,,,text,SiliconFlow
6676,15,-147,0,0,0,,,text,SiliconFlow
6677,15,-145,0,0,0,,,text,SiliconFlow
6678,15,-143,0,0,0,,,text,SiliconFlow
6679,15,-141,0,0,0,,,text,SiliconFlow
6680,15,-139,0,0,0,,,text,SiliconFlow
6681,15,-137,0,0,0,,,text,SiliconFlow
6682,15,-135,0,0,0,,,text,SiliconFlow
6683,15,-133,0,0,0,,,text,SiliconFlow
6684,15,-131,0,0,0,,,text,SiliconFlow
6685,15,-129,0,0,0,,,text,SiliconFlow
6686,15,-127,0,0,0,,,text,SiliconFlow
6687,15,-125,0,0,0,,,text,SiliconFlow
6688,15,-123,0,0,0,,,text,SiliconFlow
6689,15,-121,0,0,0,,,text,SiliconFlow
6690,15,-119,0,0,0,,,text,SiliconFlow
6691,15,-117,0,0,0,,,text,SiliconFlow
6692,15,-115,0,0,0,,,text,SiliconFlow
6693,15,-113,0,0,0,,,text,SiliconFlow
6694,15,-111,0,0,0,,,text,SiliconFlow
6695,15,-109,0,0,0,,,text,SiliconFlow
6696,15,-107,0,0,0,,,text,SiliconFlow
6697,15,-105,0,0,0,,,text,SiliconFlow
6698,15,-103,0,0,0,,,text,SiliconFlow
6699,15,-101,0,0,0,,,text,SiliconFlow
6700,15,-99,0,0,0,,,text,SiliconFlow
6701,15,-97,0,0,0,,,text,SiliconFlow
6702,15,-95,0,0,0,,,text,SiliconFlow
6703,15,-93,0,0,0,,,text,SiliconFlow
6704,15,-91,1,1,1,,,text,SiliconFlow
6705,15,-89,1,1,1,,,text,SiliconFlow
6706,15,-87,1,1,1,,,text,SiliconFlow
6707,15,-85,1,1,0,,,text,SiliconFlow
6708,15,-83,0,0,0,,,text,SiliconFlow
6709,15,-81,0,0,0,,,text,SiliconFlow
6710,15,-79,0,0,0,,,text,SiliconFlow
6711,15,-77,0,0,0,,,text,SiliconFlow
6712,15,-75,0,0,0,,,text,SiliconFlow
6713,15,-73,0,0,0,,,text,SiliconFlow
6714,15,-71,0,0,0,,,text,SiliconFlow
6715,15,-69,0,0,0,,,text,SiliconFlow
6716,15,-67,0,0,0,,,text,SiliconFlow
6717,15,-65,0,0,0,,,text,SiliconFlow
6718,15,-63,0,0,0,,,text,SiliconFlow
6719,15,-61,0,0,0,,,text,SiliconFlow
6720,15,-59,0,0,0,,,text,SiliconFlow
6721,15,-57,0,0,0,,,text,SiliconFlow
6722,15,-55,0,0,0,,,text,SiliconFlow
6723,15,-53,0,0,0,,,text,SiliconFlow
6724,15,-51,0,0,0,,,text,SiliconFlow
6725,15,-49,0,0,0,,,text,SiliconFlow
6726,15,-47,0,0,0,,,text,SiliconFlow
6727,15,-45,0,0,0,,,text,SiliconFlow
6728,15,-43,0,0,0,,,text,SiliconFlow
6729,15,-41,0,0,0,,,text,SiliconFlow
6730,15,-39,0,0,0,,,text,SiliconFlow
6731,15,-37,0,0,0,,,text,SiliconFlow
6732,15,-35,0,0,0,,,text,SiliconFlow
6733,15,-33,0,0,0,,,text,SiliconFlow
6734,15,-31,0,0,0,,,text,SiliconFlow
6735,15,-29,0,0,0,,,text,SiliconFlow
6736,15,-27,0,0,0,,,text,SiliconFlow
6737,15,-25,0,0,0,,,text,SiliconFlow
6738,15,-23,0,0,0,,,text,SiliconFlow
6739,15,-21,0,0,0,,,text,SiliconFlow
6740,15,-19,0,0,0,,,text,SiliconFlow
6741,15,-17,1,1,0,,,text,SiliconFlow
6742,15,-15,1,1,0,,,text,SiliconFlow
6743,15,-13,1,1,0,,,text,SiliconFlow
6744,15,-11,1,1,0,,,text,SiliconFlow
6745,15,-9,1,1,0,,,text,SiliconFlow
6746,15,-7,1,1,0,,,text,SiliconFlow
6747,15,-5,1,1,0,,,text,SiliconFlow
6748,15,-3,1,1,0,,,text,SiliconFlow
6749,15,-1,1,1,0,,,text,SiliconFlow
6750,15,1,1,1,0,,,text,SiliconFlow
6751,15,3,1,1,0,,,text,SiliconFlow
6752,15,5,1,1,0,,,text,SiliconFlow
6753,15,7,1,1,0,,,text,SiliconFlow
6754,15,9,1,1,0,,,text,SiliconFlow
6755,15,11,1,1,0,,,text,SiliconFlow
6756,15,13,1,1,0,,,text,SiliconFlow
6757,15,15,1,1,0,,,text,SiliconFlow
6758,15,17,1,1,0,,,text,SiliconFlow
6759,15,19,1,1,0,,,text,SiliconFlow
6760,15,21,1,1,0,,,text,SiliconFlow
6761,15,23,1,1,0,,,text,SiliconFlow
6762,15,25,1,1,0,,,text,SiliconFlow
6763,15,27,1,1,0,,,text,SiliconFlow
6764,15,29,1,1,0,,,text,SiliconFlow
6765,15,31,1,1,0,,,text,SiliconFlow
6766,15,33,1,1,0,,,text,SiliconFlow
6767,15,35,1,1,0,,,text,SiliconFlow
6768,15,37,1,1,0,,,text,SiliconFlow
6769,15,39,1,1,0,,,text,SiliconFlow
6770,15,41,0,0,0,,,text,SiliconFlow
6771,15,43,1,1,0,,,text,SiliconFlow
6772,15,45,1,1,0,,,text,SiliconFlow
6773,15,47,1,1,1,,,text,SiliconFlow
6774,15,49,1,1,1,,,text,SiliconFlow
6775,15,51,0,0,0,,,text,SiliconFlow
6776,15,53,0,0,0,,,text,SiliconFlow
6777,15,55,0,0,0,,,text,SiliconFlow
6778,15,57,0,0,0,,,text,SiliconFlow
6779,15,59,0,0,0,,,text,SiliconFlow
6780,15,61,0,0,0,,,text,SiliconFlow
6781,15,63,0,0,0,,,text,SiliconFlow
6782,15,65,0,0,0,,,text,SiliconFlow
6783,15,67,0,0,0,,,text,SiliconFlow
6784,15,69,0,0,0,,,text,SiliconFlow
6785,15,71,0,0,0,,,text,SiliconFlow
6786,15,73,0,0,0,,,text,SiliconFlow
6787,15,75,1,1,0,,,text,SiliconFlow
6788,15,77,1,1,0,,,text,SiliconFlow
6789,15,79,1,1,0,,,text,SiliconFlow
6790,15,81,0,0,0,,,text,SiliconFlow
6791,15,83,0,0,0,,,text,SiliconFlow
6792,15,85,0,0,0,,,text,SiliconFlow
6793,15,87,0,0,0,,,text,SiliconFlow
6794,15,89,0,0,0,,,text,SiliconFlow
6795,15,91,0,0,0,,,text,SiliconFlow
6796,15,93,0,0,0,,,text,SiliconFlow
6797,15,95,0,0,0,,,text,SiliconFlow
6798,15,97,0,0,0,,,text,SiliconFlow
6799,15,99,1,1,0,,,text,SiliconFlow
6800,15,101,1,1,1,,,text,SiliconFlow
6801,15,103,1,1,1,,,text,SiliconFlow
6802,15,105,1,1,0,,,text,SiliconFlow
6803,15,107,1,1,1,,,text,SiliconFlow
6804,15,109,0,0,0,,,text,SiliconFlow
6805,15,111,0,0,0,,,text,SiliconFlow
6806,15,113,0,0,0,,,text,SiliconFlow
6807,15,115,0,0,0,,,text,SiliconFlow
6808,15,117,0,0,0,,,text,SiliconFlow
6809,15,119,0,0,0,,,text,SiliconFlow
6810,15,121,1,1,0,,,text,SiliconFlow
6811,15,123,0,0,0,,,text,SiliconFlow
6812,15,125,0,0,0,,,text,SiliconFlow
6813,15,127,0,0,0,,,text,SiliconFlow
6814,15,129,0,0,0,,,text,SiliconFlow
6815,15,131,0,0,0,,,text,SiliconFlow
6816,15,133,0,0,0,,,text,SiliconFlow
6817,15,135,0,0,0,,,text,SiliconFlow
6818,15,137,0,0,0,,,text,SiliconFlow
6819,15,139,0,0,0,,,text,SiliconFlow
6820,15,141,0,0,0,,,text,SiliconFlow
6821,15,143,0,0,0,,,text,SiliconFlow
6822,15,145,0,0,0,,,text,SiliconFlow
6823,15,147,0,0,0,,,text,SiliconFlow
6824,15,149,0,0,0,,,text,SiliconFlow
6825,15,151,0,0,0,,,text,SiliconFlow
6826,15,153,0,0,0,,,text,SiliconFlow
6827,15,155,0,0,0,,,text,SiliconFlow
6828,15,157,0,0,0,,,text,SiliconFlow
6829,15,159,0,0,0,,,text,SiliconFlow
6830,15,161,0,0,0,,,text,SiliconFlow
6831,15,163,0,0,0,,,text,SiliconFlow
6832,15,165,0,0,0,,,text,SiliconFlow
6833,15,167,0,0,0,,,text,SiliconFlow
6834,15,169,0,0,0,,,text,SiliconFlow
6835,15,171,0,0,0,,,text,SiliconFlow
6836,15,173,0,0,0,,,text,SiliconFlow
6837,15,175,0,0,0,,,text,SiliconFlow
6838,15,177,0,0,0,,,text,SiliconFlow
6839,15,179,0,0,0,,,text,SiliconFlow
6840,13,-179,0,0,0,,,text,SiliconFlow
6841,13,-177,0,0,0,,,text,SiliconFlow
6842,13,-175,0,0,0,,,text,SiliconFlow
6843,13,-173,0,0,0,,,text,SiliconFlow
6844,13,-171,0,0,0,,,text,SiliconFlow
6845,13,-169,0,0,0,,,text,SiliconFlow
6846,13,-167,0,0,0,,,text,SiliconFlow
6847,13,-165,0,0,0,,,text,SiliconFlow
6848,13,-163,0,0,0,,,text,SiliconFlow
6849,13,-161,0,0,0,,,text,SiliconFlow
6850,13,-159,0,0,0,,,text,SiliconFlow
6851,13,-157,0,0,0,,,text,SiliconFlow
6852,13,-155,0,0,0,,,text,SiliconFlow
6853,13,-153,0,0,0,,,text,SiliconFlow
6854,13,-151,0,0,0,,,text,SiliconFlow
6855,13,-149,0,0,0,,,text,SiliconFlow
6856,13,-147,0,0,0,,,text,SiliconFlow
6857,13,-145,0,0,0,,,text,SiliconFlow
6858,13,-143,0,0,0,,,text,SiliconFlow
6859,13,-141,0,0,0,,,text,SiliconFlow
6860,13,-139,0,0,0,,,text,SiliconFlow
6861,13,-137,0,0,0,,,text,SiliconFlow
6862,13,-135,0,0,0,,,text,SiliconFlow
6863,13,-133,0,0,0,,,text,SiliconFlow
6864,13,-131,0,0,0,,,text,SiliconFlow
6865,13,-129,0,0,0,,,text,SiliconFlow
6866,13,-127,0,0,0,,,text,SiliconFlow
6867,13,-125,0,0,0,,,text,SiliconFlow
6868,13,-123,0,0,0,,,text,SiliconFlow
6869,13,-121,0,0,0,,,text,SiliconFlow
6870,13,-119,0,0,0,,,text,SiliconFlow
6871,13,-117,0,0,0,,,text,SiliconFlow
6872,13,-115,0,0,0,,,text,SiliconFlow
6873,13,-113,0,0,0,,,text,SiliconFlow
6874,13,-111,0,0,0,,,text,SiliconFlow
6875,13,-109,0,0,0,,,text,SiliconFlow
6876,13,-107,0,0,0,,,text,SiliconFlow
6877,13,-105,0,0,0,,,text,SiliconFlow
6878,13,-103,0,0,0,,,text,SiliconFlow
6879,13,-101,0,0,0,,,text,SiliconFlow
6880,13,-99,0,0,0,,,text,SiliconFlow
6881,13,-97,0,0,0,,,text,SiliconFlow
6882,13,-95,0,0,0,,,text,SiliconFlow
6883,13,-93,0,0,0,,,text,SiliconFlow
6884,13,-91,0,0,0,,,text,SiliconFlow
6885,13,-89,0,0,1,,,text,SiliconFlow
6886,13,-87,1,1,1,,,text,SiliconFlow
6887,13,-85,1,1,1,,,text,SiliconFlow
6888,13,-83,0,0,0,,,text,SiliconFlow
6889,13,-81,0,0,0,,,text,SiliconFlow
6890,13,-79,0,0,0,,,text,SiliconFlow
6891,13,-77,0,0,0,,,text,SiliconFlow
6892,13,-75,0,0,0,,,text,SiliconFlow
6893,13,-73,0,0,0,,,text,SiliconFlow
6894,13,-71,0,0,1,,,text,SiliconFlow
6895,13,-69,0,0,0,,,text,SiliconFlow
6896,13,-67,0,0,0,,,text,SiliconFlow
6897,13,-65,0,0,0,,,text,SiliconFlow
6898,13,-63,0,0,0,,,text,SiliconFlow
6899,13,-61,0,0,0,,,text,SiliconFlow
6900,13,-59,0,0,0,,,text,SiliconFlow
6901,13,-57,0,0,0,,,text,SiliconFlow
6902,13,-55,0,0,0,,,text,SiliconFlow
6903,13,-53,0,0,0,,,text,SiliconFlow
6904,13,-51,0,0,0,,,text,SiliconFlow
6905,13,-49,0,0,0,,,text,SiliconFlow
6906,13,-47,0,0,0,,,text,SiliconFlow
6907,13,-45,0,0,0,,,text,SiliconFlow
6908,13,-43,0,0,0,,,text,SiliconFlow
6909,13,-41,0,0,0,,,text,SiliconFlow
6910,13,-39,0,0,0,,,text,SiliconFlow
6911,13,-37,0,0,0,,,text,SiliconFlow
6912,13,-35,0,0,0,,,text,SiliconFlow
6913,13,-33,0,0,0,,,text,SiliconFlow
6914,13,-31,0,0,0,,,text,SiliconFlow
6915,13,-29,0,0,0,,,text,SiliconFlow
6916,13,-27,0,0,0,,,text,SiliconFlow
6917,13,-25,0,0,0,,,text,SiliconFlow
6918,13,-23,0,0,0,,,text,SiliconFlow
6919,13,-21,0,0,0,,,text,SiliconFlow
6920,13,-19,0,0,0,,,text,SiliconFlow
6921,13,-17,0,0,0,,,text,SiliconFlow
6922,13,-15,1,1,0,,,text,SiliconFlow
6923,13,-13,1,1,0,,,text,SiliconFlow
6924,13,-11,1,1,0,,,text,SiliconFlow
6925,13,-9,1,1,0,,,text,SiliconFlow
6926,13,-7,1,1,0,,,text,SiliconFlow
6927,13,-5,1,1,0,,,text,SiliconFlow
6928,13,-3,1,1,1,,,text,SiliconFlow
6929,13,-1,1,1,1,,,text,SiliconFlow
6930,13,1,1,1,0,,,text,SiliconFlow
6931,13,3,1,1,0,,,text,SiliconFlow
6932,13,5,1,1,0,,,text,SiliconFlow
6933,13,7,1,1,0,,,text,SiliconFlow
6934,13,9,1,1,0,,,text,SiliconFlow
6935,13,11,1,1,0,,,text,SiliconFlow
6936,13,13,1,1,0,,,text,SiliconFlow
6937,13,15,1,1,0,,,text,SiliconFlow
6938,13,17,1,1,0,,,text,SiliconFlow
6939,13,19,1,1,0,,,text,SiliconFlow
6940,13,21,1,1,0,,,text,SiliconFlow
6941,13,23,1,1,0,,,text,SiliconFlow
6942,13,25,1,1,0,,,text,SiliconFlow
6943,13,27,1,1,0,,,text,SiliconFlow
6944,13,29,1,1,0,,,text,SiliconFlow
6945,13,31,1,1,0,,,text,SiliconFlow
6946,13,33,1,1,1,,,text,SiliconFlow
6947,13,35,1,1,1,,,text,SiliconFlow
6948,13,37,1,1,1,,,text,SiliconFlow
6949,13,39,1,1,1,,,text,SiliconFlow
6950,13,41,1,1,0,,,text,SiliconFlow
6951,13,43,0,0,1,,,text,SiliconFlow
6952,13,45,1,1,0,,,text,SiliconFlow
6953,13,47,0,0,1,,,text,SiliconFlow
6954,13,49,0,0,1,,,text,SiliconFlow
6955,13,51,0,0,1,,,text,SiliconFlow
6956,13,53,0,0,1,,,text,SiliconFlow
6957,13,55,0,0,0,,,text,SiliconFlow
6958,13,57,0,0,0,,,text,SiliconFlow
6959,13,59,0,0,0,,,text,SiliconFlow
6960,13,61,0,0,0,,,text,SiliconFlow
6961,13,63,0,0,0,,,text,SiliconFlow
6962,13,65,0,0,0,,,text,SiliconFlow
6963,13,67,0,0,0,,,text,SiliconFlow
6964,13,69,0,0,0,,,text,SiliconFlow
6965,13,71,0,0,0,,,text,SiliconFlow
6966,13,73,0,0,0,,,text,SiliconFlow
6967,13,75,1,1,0,,,text,SiliconFlow
6968,13,77,1,1,1,,,text,SiliconFlow
6969,13,79,1,1,1,,,text,SiliconFlow
6970,13,81,0,0,0,,,text,SiliconFlow
6971,13,83,0,0,0,,,text,SiliconFlow
6972,13,85,0,0,0,,,text,SiliconFlow
6973,13,87,0,0,0,,,text,SiliconFlow
6974,13,89,0,0,0,,,text,SiliconFlow
6975,13,91,0,0,0,,,text,SiliconFlow
6976,13,93,0,0,0,,,text,SiliconFlow
6977,13,95,0,0,0,,,text,SiliconFlow
6978,13,97,0,0,0,,,text,SiliconFlow
6979,13,99,1,1,0,,,text,SiliconFlow
6980,13,101,1,1,1,,,text,SiliconFlow
6981,13,103,1,1,1,,,text,SiliconFlow
6982,13,105,1,1,0,,,text,SiliconFlow
6983,13,107,1,1,1,,,text,SiliconFlow
6984,13,109,1,1,0,,,text,SiliconFlow
6985,13,111,0,0,0,,,text,SiliconFlow
6986,13,113,0,0,0,,,text,SiliconFlow
6987,13,115,0,0,0,,,text,SiliconFlow
6988,13,117,0,0,0,,,text,SiliconFlow
6989,13,119,0,0,0,,,text,SiliconFlow
6990,13,121,1,1,0,,,text,SiliconFlow
6991,13,123,1,1,0,,,text,SiliconFlow
6992,13,125,0,0,0,,,text,SiliconFlow
6993,13,127,0,0,0,,,text,SiliconFlow
6994,13,129,0,0,0,,,text,SiliconFlow
6995,13,131,0,0,0,,,text,SiliconFlow
6996,13,133,0,0,0,,,text,SiliconFlow
6997,13,135,0,0,0,,,text,SiliconFlow
6998,13,137,0,0,0,,,text,SiliconFlow
6999,13,139,0,0,0,,,text,SiliconFlow
7000,13,141,0,0,0,,,text,SiliconFlow
7001,13,143,0,0,0,,,text,SiliconFlow
7002,13,145,0,0,0,,,text,SiliconFlow
7003,13,147,0,0,0,,,text,SiliconFlow
7004,13,149,0,0,0,,,text,SiliconFlow
7005,13,151,0,0,0,,,text,SiliconFlow
7006,13,153,0,0,0,,,text,SiliconFlow
7007,13,155,0,0,0,,,text,SiliconFlow
7008,13,157,0,0,0,,,text,SiliconFlow
7009,13,159,0,0,0,,,text,SiliconFlow
7010,13,161,0,0,0,,,text,SiliconFlow
7011,13,163,0,0,0,,,text,SiliconFlow
7012,13,165,0,0,0,,,text,SiliconFlow
7013,13,167,0,0,0,,,text,SiliconFlow
7014,13,169,0,0,0,,,text,SiliconFlow
7015,13,171,0,0,0,,,text,SiliconFlow
7016,13,173,0,0,0,,,text,SiliconFlow
7017,13,175,0,0,0,,,text,SiliconFlow
7018,13,177,0,0,0,,,text,SiliconFlow
7019,13,179,0,0,0,,,text,SiliconFlow
7020,11,-179,0,0,0,,,text,SiliconFlow
7021,11,-177,0,0,0,,,text,SiliconFlow
7022,11,-175,0,0,0,,,text,SiliconFlow
7023,11,-173,0,0,0,,,text,SiliconFlow
7024,11,-171,0,0,0,,,text,SiliconFlow
7025,11,-169,0,0,0,,,text,SiliconFlow
7026,11,-167,0,0,0,,,text,SiliconFlow
7027,11,-165,0,0,0,,,text,SiliconFlow
7028,11,-163,0,0,0,,,text,SiliconFlow
7029,11,-161,0,0,0,,,text,SiliconFlow
7030,11,-159,0,0,0,,,text,SiliconFlow
7031,11,-157,0,0,0,,,text,SiliconFlow
7032,11,-155,0,0,0,,,text,SiliconFlow
7033,11,-153,0,0,0,,,text,SiliconFlow
7034,11,-151,0,0,0,,,text,SiliconFlow
7035,11,-149,0,0,0,,,text,SiliconFlow
7036,11,-147,0,0,0,,,text,SiliconFlow
7037,11,-145,0,0,0,,,text,SiliconFlow
7038,11,-143,0,0,0,,,text,SiliconFlow
7039,11,-141,0,0,0,,,text,SiliconFlow
7040,11,-139,0,0,0,,,text,SiliconFlow
7041,11,-137,0,0,0,,,text,SiliconFlow
7042,11,-135,0,0,0,,,text,SiliconFlow
7043,11,-133,0,0,0,,,text,SiliconFlow
7044,11,-131,0,0,0,,,text,SiliconFlow
7045,11,-129,0,0,0,,,text,SiliconFlow
7046,11,-127,0,0,0,,,text,SiliconFlow
7047,11,-125,0,0,0,,,text,SiliconFlow
7048,11,-123,0,0,0,,,text,SiliconFlow
7049,11,-121,0,0,0,,,text,SiliconFlow
7050,11,-119,0,0,0,,,text,SiliconFlow
7051,11,-117,0,0,0,,,text,SiliconFlow
7052,11,-115,0,0,0,,,text,SiliconFlow
7053,11,-113,0,0,0,,,text,SiliconFlow
7054,11,-111,0,0,0,,,text,SiliconFlow
7055,11,-109,0,0,0,,,text,SiliconFlow
7056,11,-107,0,0,0,,,text,SiliconFlow
7057,11,-105,0,0,0,,,text,SiliconFlow
7058,11,-103,0,0,0,,,text,SiliconFlow
7059,11,-101,0,0,0,,,text,SiliconFlow
7060,11,-99,0,0,0,,,text,SiliconFlow
7061,11,-97,0,0,0,,,text,SiliconFlow
7062,11,-95,0,0,0,,,text,SiliconFlow
7063,11,-93,0,0,0,,,text,SiliconFlow
7064,11,-91,0,0,0,,,text,SiliconFlow
7065,11,-89,0,0,0,,,text,SiliconFlow
7066,11,-87,0,0,0,,,text,SiliconFlow
7067,11,-85,1,1,0,,,text,SiliconFlow
7068,11,-83,0,0,0,,,text,SiliconFlow
7069,11,-81,0,0,0,,,text,SiliconFlow
7070,11,-79,0,0,0,,,text,SiliconFlow
7071,11,-77,0,0,0,,,text,SiliconFlow
7072,11,-75,0,0,0,,,text,SiliconFlow
7073,11,-73,1,1,0,,,text,SiliconFlow
7074,11,-71,1,1,0,,,text,SiliconFlow
7075,11,-69,1,1,0,,,text,SiliconFlow
7076,11,-67,0,0,0,,,text,SiliconFlow
7077,11,-65,0,0,0,,,text,SiliconFlow
7078,11,-63,0,0,0,,,text,SiliconFlow
7079,11,-61,0,0,0,,,text,SiliconFlow
7080,11,-59,0,0,0,,,text,SiliconFlow
7081,11,-57,0,0,0,,,text,SiliconFlow
7082,11,-55,0,0,0,,,text,SiliconFlow
7083,11,-53,0,0,0,,,text,SiliconFlow
7084,11,-51,0,0,0,,,text,SiliconFlow
7085,11,-49,0,0,0,,,text,SiliconFlow
7086,11,-47,0,0,0,,,text,SiliconFlow
7087,11,-45,0,0,0,,,text,SiliconFlow
7088,11,-43,0,0,0,,,text,SiliconFlow
7089,11,-41,0,0,0,,,text,SiliconFlow
7090,11,-39,0,0,0,,,text,SiliconFlow
7091,11,-37,0,0,0,,,text,SiliconFlow
7092,11,-35,0,0,0,,,text,SiliconFlow
7093,11,-33,0,0,0,,,text,SiliconFlow
7094,11,-31,0,0,0,,,text,SiliconFlow
7095,11,-29,0,0,0,,,text,SiliconFlow
7096,11,-27,0,0,0,,,text,SiliconFlow
7097,11,-25,0,0,0,,,text,SiliconFlow
7098,11,-23,0,0,0,,,text,SiliconFlow
7099,11,-21,0,0,0,,,text,SiliconFlow
7100,11,-19,0,0,0,,,text,SiliconFlow
7101,11,-17,0,0,0,,,text,SiliconFlow
7102,11,-15,1,1,0,,,text,SiliconFlow
7103,11,-13,1,1,0,,,text,SiliconFlow
7104,11,-11,1,1,0,,,text,SiliconFlow
7105,11,-9,1,1,0,,,text,SiliconFlow
7106,11,-7,1,1,0,,,text,SiliconFlow
7107,11,-5,1,1,0,,,text,SiliconFlow
7108,11,-3,1,1,0,,,text,SiliconFlow
7109,11,-1,1,1,0,,,text,SiliconFlow
7110,11,1,1,1,0,,,text,SiliconFlow
7111,11,3,1,1,0,,,text,SiliconFlow
7112,11,5,1,1,0,,,text,SiliconFlow
7113,11,7,1,1,0,,,text,SiliconFlow
7114,11,9,1,1,0,,,text,SiliconFlow
7115,11,11,1,1,0,,,text,SiliconFlow
7116,11,13,1,1,0,,,text,SiliconFlow
7117,11,15,1,1,0,,,text,SiliconFlow
7118,11,17,1,1,0,,,text,SiliconFlow
7119,11,19,1,1,0,,,text,SiliconFlow
7120,11,21,1,1,0,,,text,SiliconFlow
7121,11,23,1,1,0,,,text,SiliconFlow
7122,11,25,1,1,0,,,text,SiliconFlow
7123,11,27,1,1,0,,,text,SiliconFlow
7124,11,29,1,1,0,,,text,SiliconFlow
7125,11,31,1,1,0,,,text,SiliconFlow
7126,11,33,1,1,0,,,text,SiliconFlow
7127,11,35,1,1,0,,,text,SiliconFlow
7128,11,37,1,1,1,,,text,SiliconFlow
7129,11,39,1,1,1,,,text,SiliconFlow
7130,11,41,1,1,0,,,text,SiliconFlow
7131,11,43,1,1,0,,,text,SiliconFlow
7132,11,45,0,0,1,,,text,SiliconFlow
7133,11,47,0,0,1,,,text,SiliconFlow
7134,11,49,1,1,1,,,text,SiliconFlow
7135,11,51,1,1,1,,,text,SiliconFlow
7136,11,53,0,0,0,,,text,SiliconFlow
7137,11,55,0,0,0,,,text,SiliconFlow
7138,11,57,0,0,0,,,text,SiliconFlow
7139,11,59,0,0,0,,,text,SiliconFlow
7140,11,61,0,0,0,,,text,SiliconFlow
7141,11,63,0,0,0,,,text,SiliconFlow
7142,11,65,0,0,0,,,text,SiliconFlow
7143,11,67,0,0,0,,,text,SiliconFlow
7144,11,69,0,0,0,,,text,SiliconFlow
7145,11,71,0,0,0,,,text,SiliconFlow
7146,11,73,0,0,0,,,text,SiliconFlow
7147,11,75,0,0,0,,,text,SiliconFlow
7148,11,77,1,1,1,,,text,SiliconFlow
7149,11,79,1,1,0,,,text,SiliconFlow
7150,11,81,0,0,0,,,text,SiliconFlow
7151,11,83,0,0,0,,,text,SiliconFlow
7152,11,85,0,0,0,,,text,SiliconFlow
7153,11,87,0,0,0,,,text,SiliconFlow
7154,11,89,0,0,0,,,text,SiliconFlow
7155,11,91,0,0,0,,,text,SiliconFlow
7156,11,93,0,0,0,,,text,SiliconFlow
7157,11,95,0,0,0,,,text,SiliconFlow
7158,11,97,0,0,0,,,text,SiliconFlow
7159,11,99,1,1,0,,,text,SiliconFlow
7160,11,101,0,0,0,,,text,SiliconFlow
7161,11,103,0,0,0,,,text,SiliconFlow
7162,11,105,1,1,0,,,text,SiliconFlow
7163,11,107,1,1,1,,,text,SiliconFlow
7164,11,109,0,0,0,,,text,SiliconFlow
7165,11,111,0,0,0,,,text,SiliconFlow
7166,11,113,0,0,0,,,text,SiliconFlow
7167,11,115,0,0,0,,,text,SiliconFlow
7168,11,117,0,0,0,,,text,SiliconFlow
7169,11,119,0,0,0,,,text,SiliconFlow
7170,11,121,0,0,0,,,text,SiliconFlow
7171,11,123,0,0,0,,,text,SiliconFlow
7172,11,125,1,1,0,,,text,SiliconFlow
7173,11,127,0,0,0,,,text,SiliconFlow
7174,11,129,0,0,0,,,text,SiliconFlow
7175,11,131,0,0,0,,,text,SiliconFlow
7176,11,133,0,0,0,,,text,SiliconFlow
7177,11,135,0,0,0,,,text,SiliconFlow
7178,11,137,0,0,0,,,text,SiliconFlow
7179,11,139,0,0,0,,,text,SiliconFlow
7180,11,141,0,0,0,,,text,SiliconFlow
7181,11,143,0,0,0,,,text,SiliconFlow
7182,11,145,0,0,0,,,text,SiliconFlow
7183,11,147,0,0,0,,,text,SiliconFlow
7184,11,149,0,0,0,,,text,SiliconFlow
7185,11,151,0,0,0,,,text,SiliconFlow
7186,11,153,0,0,0,,,text,SiliconFlow
7187,11,155,0,0,0,,,text,SiliconFlow
7188,11,157,0,0,0,,,text,SiliconFlow
7189,11,159,0,0,0,,,text,SiliconFlow
7190,11,161,0,0,0,,,text,SiliconFlow
7191,11,163,0,0,0,,,text,SiliconFlow
7192,11,165,0,0,0,,,text,SiliconFlow
7193,11,167,0,0,0,,,text,SiliconFlow
7194,11,169,0,0,0,,,text,SiliconFlow
7195,11,171,0,0,0,,,text,SiliconFlow
7196,11,173,0,0,0,,,text,SiliconFlow
7197,11,175,0,0,0,,,text,SiliconFlow
7198,11,177,0,0,0,,,text,SiliconFlow
7199,11,179,0,0,0,,,text,SiliconFlow
7200,9,-179,0,0,0,,,text,SiliconFlow
7201,9,-177,0,0,0,,,text,SiliconFlow
7202,9,-175,0,0,0,,,text,SiliconFlow
7203,9,-173,0,0,0,,,text,SiliconFlow
7204,9,-171,0,0,0,,,text,SiliconFlow
7205,9,-169,0,0,0,,,text,SiliconFlow
7206,9,-167,0,0,0,,,text,SiliconFlow
7207,9,-165,0,0,0,,,text,SiliconFlow
7208,9,-163,0,0,0,,,text,SiliconFlow
7209,9,-161,0,0,0,,,text,SiliconFlow
7210,9,-159,0,0,0,,,text,SiliconFlow
7211,9,-157,0,0,0,,,text,SiliconFlow
7212,9,-155,0,0,0,,,text,SiliconFlow
7213,9,-153,0,0,0,,,text,SiliconFlow
7214,9,-151,0,0,0,,,text,SiliconFlow
7215,9,-149,0,0,0,,,text,SiliconFlow
7216,9,-147,0,0,0,,,text,SiliconFlow
7217,9,-145,0,0,0,,,text,SiliconFlow
7218,9,-143,0,0,0,,,text,SiliconFlow
7219,9,-141,0,0,0,,,text,SiliconFlow
7220,9,-139,0,0,0,,,text,SiliconFlow
7221,9,-137,0,0,0,,,text,SiliconFlow
7222,9,-135,0,0,0,,,text,SiliconFlow
7223,9,-133,0,0,0,,,text,SiliconFlow
7224,9,-131,0,0,0,,,text,SiliconFlow
7225,9,-129,0,0,0,,,text,SiliconFlow
7226,9,-127,0,0,0,,,text,SiliconFlow
7227,9,-125,0,0,0,,,text,SiliconFlow
7228,9,-123,0,0,0,,,text,SiliconFlow
7229,9,-121,0,0,0,,,text,SiliconFlow
7230,9,-119,0,0,0,,,text,SiliconFlow
7231,9,-117,0,0,0,,,text,SiliconFlow
7232,9,-115,0,0,0,,,text,SiliconFlow
7233,9,-113,0,0,0,,,text,SiliconFlow
7234,9,-111,0,0,0,,,text,SiliconFlow
7235,9,-109,0,0,0,,,text,SiliconFlow
7236,9,-107,0,0,0,,,text,SiliconFlow
7237,9,-105,0,0,0,,,text,SiliconFlow
7238,9,-103,0,0,0,,,text,SiliconFlow
7239,9,-101,0,0,0,,,text,SiliconFlow
7240,9,-99,0,0,0,,,text,SiliconFlow
7241,9,-97,0,0,0,,,text,SiliconFlow
7242,9,-95,0,0,0,,,text,SiliconFlow
7243,9,-93,0,0,0,,,text,SiliconFlow
7244,9,-91,0,0,0,,,text,SiliconFlow
7245,9,-89,0,0,1,,,text,SiliconFlow
7246,9,-87,0,0,0,,,text,SiliconFlow
7247,9,-85,0,0,1,,,text,SiliconFlow
7248,9,-83,1,1,1,,,text,SiliconFlow
7249,9,-81,0,0,0,,,text,SiliconFlow
7250,9,-79,1,1,1,,,text,SiliconFlow
7251,9,-77,0,0,0,,,text,SiliconFlow
7252,9,-75,1,1,0,,,text,SiliconFlow
7253,9,-73,1,1,1,,,text,SiliconFlow
7254,9,-71,1,1,0,,,text,SiliconFlow
7255,9,-69,1,1,1,,,text,SiliconFlow
7256,9,-67,1,1,1,,,text,SiliconFlow
7257,9,-65,1,1,0,,,text,SiliconFlow
7258,9,-63,1,1,1,,,text,SiliconFlow
7259,9,-61,1,1,0,,,text,SiliconFlow
7260,9,-59,0,0,0,,,text,SiliconFlow
7261,9,-57,0,0,0,,,text,SiliconFlow
7262,9,-55,0,0,0,,,text,SiliconFlow
7263,9,-53,0,0,0,,,text,SiliconFlow
7264,9,-51,0,0,0,,,text,SiliconFlow
7265,9,-49,0,0,0,,,text,SiliconFlow
7266,9,-47,0,0,0,,,text,SiliconFlow
7267,9,-45,0,0,0,,,text,SiliconFlow
7268,9,-43,0,0,0,,,text,SiliconFlow
7269,9,-41,0,0,0,,,text,SiliconFlow
7270,9,-39,0,0,0,,,text,SiliconFlow
7271,9,-37,0,0,0,,,text,SiliconFlow
7272,9,-35,0,0,0,,,text,SiliconFlow
7273,9,-33,0,0,0,,,text,SiliconFlow
7274,9,-31,0,0,0,,,text,SiliconFlow
7275,9,-29,0,0,0,,,text,SiliconFlow
7276,9,-27,0,0,0,,,text,SiliconFlow
7277,9,-25,0,0,0,,,text,SiliconFlow
7278,9,-23,0,0,0,,,text,SiliconFlow
7279,9,-21,0,0,0,,,text,SiliconFlow
7280,9,-19,0,0,0,,,text,SiliconFlow
7281,9,-17,0,0,0,,,text,SiliconFlow
7282,9,-15,0,0,0,,,text,SiliconFlow
7283,9,-13,1,1,0,,,text,SiliconFlow
7284,9,-11,1,1,0,,,text,SiliconFlow
7285,9,-9,1,1,0,,,text,SiliconFlow
7286,9,-7,1,1,0,,,text,SiliconFlow
7287,9,-5,1,1,0,,,text,SiliconFlow
7288,9,-3,1,1,0,,,text,SiliconFlow
7289,9,-1,1,1,0,,,text,SiliconFlow
7290,9,1,1,1,0,,,text,SiliconFlow
7291,9,3,1,1,0,,,text,SiliconFlow
7292,9,5,1,1,0,,,text,SiliconFlow
7293,9,7,1,1,0,,,text,SiliconFlow
7294,9,9,1,1,0,,,text,SiliconFlow
7295,9,11,1,1,0,,,text,SiliconFlow
7296,9,13,1,1,0,,,text,SiliconFlow
7297,9,15,1,1,0,,,text,SiliconFlow
7298,9,17,1,1,0,,,text,SiliconFlow
7299,9,19,1,1,0,,,text,SiliconFlow
7300,9,21,1,1,0,,,text,SiliconFlow
7301,9,23,1,1,1,,,text,SiliconFlow
7302,9,25,1,1,0,,,text,SiliconFlow
7303,9,27,1,1,0,,,text,SiliconFlow
7304,9,29,1,1,0,,,text,SiliconFlow
7305,9,31,1,1,0,,,text,SiliconFlow
7306,9,33,1,1,0,,,text,SiliconFlow
7307,9,35,1,1,1,,,text,SiliconFlow
7308,9,37,1,1,1,,,text,SiliconFlow
7309,9,39,1,1,1,,,text,SiliconFlow
7310,9,41,1,1,1,,,text,SiliconFlow
7311,9,43,1,1,0,,,text,SiliconFlow
7312,9,45,1,1,1,,,text,SiliconFlow
7313,9,47,1,1,1,,,text,SiliconFlow
7314,9,49,1,1,1,,,text,SiliconFlow
7315,9,51,0,0,1,,,text,SiliconFlow
7316,9,53,0,0,0,,,text,SiliconFlow
7317,9,55,0,0,1,,,text,SiliconFlow
7318,9,57,0,0,0,,,text,SiliconFlow
7319,9,59,0,0,0,,,text,SiliconFlow
7320,9,61,0,0,0,,,text,SiliconFlow
7321,9,63,0,0,0,,,text,SiliconFlow
7322,9,65,0,0,0,,,text,SiliconFlow
7323,9,67,0,0,0,,,text,SiliconFlow
7324,9,69,0,0,0,,,text,SiliconFlow
7325,9,71,0,0,0,,,text,SiliconFlow
7326,9,73,0,0,0,,,text,SiliconFlow
7327,9,75,0,0,0,,,text,SiliconFlow
7328,9,77,1,1,0,,,text,SiliconFlow
7329,9,79,0,0,0,,,text,SiliconFlow
7330,9,81,0,0,0,,,text,SiliconFlow
7331,9,83,0,0,0,,,text,SiliconFlow
7332,9,85,0,0,0,,,text,SiliconFlow
7333,9,87,0,0,0,,,text,SiliconFlow
7334,9,89,0,0,0,,,text,SiliconFlow
7335,9,91,0,0,0,,,text,SiliconFlow
7336,9,93,0,0,0,,,text,SiliconFlow
7337,9,95,0,0,0,,,text,SiliconFlow
7338,9,97,0,0,0,,,text,SiliconFlow
7339,9,99,1,1,0,,,text,SiliconFlow
7340,9,101,0,0,0,,,text,SiliconFlow
7341,9,103,0,0,0,,,text,SiliconFlow
7342,9,105,1,1,0,,,text,SiliconFlow
7343,9,107,0,0,0,,,text,SiliconFlow
7344,9,109,0,0,0,,,text,SiliconFlow
7345,9,111,0,0,0,,,text,SiliconFlow
7346,9,113,0,0,0,,,text,SiliconFlow
7347,9,115,0,0,0,,,text,SiliconFlow
7348,9,117,0,0,0,,,text,SiliconFlow
7349,9,119,0,0,0,,,text,SiliconFlow
7350,9,121,0,0,0,,,text,SiliconFlow
7351,9,123,0,0,0,,,text,SiliconFlow
7352,9,125,0,0,0,,,text,SiliconFlow
7353,9,127,0,0,0,,,text,SiliconFlow
7354,9,129,0,0,0,,,text,SiliconFlow
7355,9,131,0,0,0,,,text,SiliconFlow
7356,9,133,0,0,0,,,text,SiliconFlow
7357,9,135,0,0,0,,,text,SiliconFlow
7358,9,137,0,0,0,,,text,SiliconFlow
7359,9,139,0,0,0,,,text,SiliconFlow
7360,9,141,0,0,0,,,text,SiliconFlow
7361,9,143,0,0,0,,,text,SiliconFlow
7362,9,145,0,0,0,,,text,SiliconFlow
7363,9,147,0,0,0,,,text,SiliconFlow
7364,9,149,0,0,0,,,text,SiliconFlow
7365,9,151,0,0,0,,,text,SiliconFlow
7366,9,153,0,0,0,,,text,SiliconFlow
7367,9,155,0,0,0,,,text,SiliconFlow
7368,9,157,0,0,0,,,text,SiliconFlow
7369,9,159,0,0,0,,,text,SiliconFlow
7370,9,161,0,0,0,,,text,SiliconFlow
7371,9,163,0,0,0,,,text,SiliconFlow
7372,9,165,0,0,0,,,text,SiliconFlow
7373,9,167,0,0,0,,,text,SiliconFlow
7374,9,169,0,0,0,,,text,SiliconFlow
7375,9,171,0,0,0,,,text,SiliconFlow
7376,9,173,0,0,0,,,text,SiliconFlow
7377,9,175,0,0,0,,,text,SiliconFlow
7378,9,177,0,0,0,,,text,SiliconFlow
7379,9,179,0,0,0,,,text,SiliconFlow
7380,7,-179,0,0,0,,,text,SiliconFlow
7381,7,-177,0,0,0,,,text,SiliconFlow
7382,7,-175,0,0,0,,,text,SiliconFlow
7383,7,-173,0,0,0,,,text,SiliconFlow
7384,7,-171,0,0,0,,,text,SiliconFlow
7385,7,-169,0,0,0,,,text,SiliconFlow
7386,7,-167,0,0,0,,,text,SiliconFlow
7387,7,-165,0,0,0,,,text,SiliconFlow
7388,7,-163,0,0,0,,,text,SiliconFlow
7389,7,-161,0,0,0,,,text,SiliconFlow
7390,7,-159,0,0,0,,,text,SiliconFlow
7391,7,-157,0,0,0,,,text,SiliconFlow
7392,7,-155,0,0,0,,,text,SiliconFlow
7393,7,-153,0,0,0,,,text,SiliconFlow
7394,7,-151,0,0,0,,,text,SiliconFlow
7395,7,-149,0,0,0,,,text,SiliconFlow
7396,7,-147,0,0,0,,,text,SiliconFlow
7397,7,-145,0,0,0,,,text,SiliconFlow
7398,7,-143,0,0,0,,,text,SiliconFlow
7399,7,-141,0,0,0,,,text,SiliconFlow
7400,7,-139,0,0,0,,,text,SiliconFlow
7401,7,-137,0,0,0,,,text,SiliconFlow
7402,7,-135,0,0,0,,,text,SiliconFlow
7403,7,-133,0,0,0,,,text,SiliconFlow
7404,7,-131,0,0,0,,,text,SiliconFlow
7405,7,-129,0,0,0,,,text,SiliconFlow
7406,7,-127,0,0,0,,,text,SiliconFlow
7407,7,-125,0,0,0,,,text,SiliconFlow
7408,7,-123,0,0,0,,,text,SiliconFlow
7409,7,-121,0,0,0,,,text,SiliconFlow
7410,7,-119,0,0,0,,,text,SiliconFlow
7411,7,-117,0,0,0,,,text,SiliconFlow
7412,7,-115,0,0,0,,,text,SiliconFlow
7413,7,-113,0,0,0,,,text,SiliconFlow
7414,7,-111,0,0,0,,,text,SiliconFlow
7415,7,-109,0,0,0,,,text,SiliconFlow
7416,7,-107,0,0,0,,,text,SiliconFlow
7417,7,-105,0,0,0,,,text,SiliconFlow
7418,7,-103,0,0,0,,,text,SiliconFlow
7419,7,-101,0,0,0,,,text,SiliconFlow
7420,7,-99,0,0,0,,,text,SiliconFlow
7421,7,-97,0,0,0,,,text,SiliconFlow
7422,7,-95,0,0,0,,,text,SiliconFlow
7423,7,-93,0,0,0,,,text,SiliconFlow
7424,7,-91,0,0,0,,,text,SiliconFlow
7425,7,-89,0,0,0,,,text,SiliconFlow
7426,7,-87,0,0,0,,,text,SiliconFlow
7427,7,-85,0,0,0,,,text,SiliconFlow
7428,7,-83,0,0,0,,,text,SiliconFlow
7429,7,-81,0,0,0,,,text,SiliconFlow
7430,7,-79,0,0,0,,,text,SiliconFlow
7431,7,-77,1,1,0,,,text,SiliconFlow
7432,7,-75,1,1,1,,,text,SiliconFlow
7433,7,-73,1,1,0,,,text,SiliconFlow
7434,7,-71,1,1,0,,,text,SiliconFlow
7435,7,-69,1,1,0,,,text,SiliconFlow
7436,7,-67,1,1,0,,,text,SiliconFlow
7437,7,-65,1,1,0,,,text,SiliconFlow
7438,7,-63,1,1,0,,,text,SiliconFlow
7439,7,-61,1,1,0,,,text,SiliconFlow
7440,7,-59,1,1,0,,,text,SiliconFlow
7441,7,-57,0,0,0,,,text,SiliconFlow
7442,7,-55,0,0,0,,,text,SiliconFlow
7443,7,-53,0,0,0,,,text,SiliconFlow
7444,7,-51,0,0,0,,,text,SiliconFlow
7445,7,-49,0,0,0,,,text,SiliconFlow
7446,7,-47,0,0,0,,,text,SiliconFlow
7447,7,-45,0,0,0,,,text,SiliconFlow
7448,7,-43,0,0,0,,,text,SiliconFlow
7449,7,-41,0,0,0,,,text,SiliconFlow
7450,7,-39,0,0,0,,,text,SiliconFlow
7451,7,-37,0,0,0,,,text,SiliconFlow
7452,7,-35,0,0,0,,,text,SiliconFlow
7453,7,-33,0,0,0,,,text,SiliconFlow
7454,7,-31,0,0,0,,,text,SiliconFlow
7455,7,-29,0,0,0,,,text,SiliconFlow
7456,7,-27,0,0,0,,,text,SiliconFlow
7457,7,-25,0,0,0,,,text,SiliconFlow
7458,7,-23,0,0,0,,,text,SiliconFlow
7459,7,-21,0,0,0,,,text,SiliconFlow
7460,7,-19,0,0,0,,,text,SiliconFlow
7461,7,-17,0,0,0,,,text,SiliconFlow
7462,7,-15,0,0,0,,,text,SiliconFlow
7463,7,-13,0,0,0,,,text,SiliconFlow
7464,7,-11,1,1,0,,,text,SiliconFlow
7465,7,-9,1,1,0,,,text,SiliconFlow
7466,7,-7,1,1,0,,,text,SiliconFlow
7467,7,-5,1,1,0,,,text,SiliconFlow
7468,7,-3,1,1,1,,,text,SiliconFlow
7469,7,-1,1,1,0,,,text,SiliconFlow
7470,7,1,1,1,0,,,text,SiliconFlow
7471,7,3,1,1,0,,,text,SiliconFlow
7472,7,5,1,1,0,,,text,SiliconFlow
7473,7,7,1,1,0,,,text,SiliconFlow
7474,7,9,1,1,0,,,text,SiliconFlow
7475,7,11,1,1,0,,,text,SiliconFlow
7476,7,13,1,1,0,,,text,SiliconFlow
7477,7,15,1,1,0,,,text,SiliconFlow
7478,7,17,1,1,0,,,text,SiliconFlow
7479,7,19,1,1,0,,,text,SiliconFlow
7480,7,21,1,1,0,,,text,SiliconFlow
7481,7,23,1,1,0,,,text,SiliconFlow
7482,7,25,1,1,0,,,text,SiliconFlow
7483,7,27,1,1,0,,,text,SiliconFlow
7484,7,29,1,1,0,,,text,SiliconFlow
7485,7,31,1,1,0,,,text,SiliconFlow
7486,7,33,1,1,0,,,text,SiliconFlow
7487,7,35,1,1,1,,,text,SiliconFlow
7488,7,37,1,1,1,,,text,SiliconFlow
7489,7,39,1,1,1,,,text,SiliconFlow
7490,7,41,1,1,0,,,text,SiliconFlow
7491,7,43,1,1,0,,,text,SiliconFlow
7492,7,45,1,1,1,,,text,SiliconFlow
7493,7,47,1,1,1,,,text,SiliconFlow
7494,7,49,1,1,1,,,text,SiliconFlow
7495,7,51,0,0,1,,,text,SiliconFlow
7496,7,53,0,0,0,,,text,SiliconFlow
7497,7,55,0,0,0,,,text,SiliconFlow
7498,7,57,0,0,0,,,text,SiliconFlow
7499,7,59,0,0,0,,,text,SiliconFlow
7500,7,61,0,0,0,,,text,SiliconFlow
7501,7,63,0,0,0,,,text,SiliconFlow
7502,7,65,0,0,0,,,text,SiliconFlow
7503,7,67,0,0,0,,,text,SiliconFlow
7504,7,69,0,0,0,,,text,SiliconFlow
7505,7,71,0,0,0,,,text,SiliconFlow
7506,7,73,0,0,0,,,text,SiliconFlow
7507,7,75,0,0,0,,,text,SiliconFlow
7508,7,77,0,0,0,,,text,SiliconFlow
7509,7,79,0,0,0,,,text,SiliconFlow
7510,7,81,1,1,0,,,text,SiliconFlow
7511,7,83,0,0,0,,,text,SiliconFlow
7512,7,85,0,0,0,,,text,SiliconFlow
7513,7,87,0,0,0,,,text,SiliconFlow
7514,7,89,0,0,0,,,text,SiliconFlow
7515,7,91,0,0,0,,,text,SiliconFlow
7516,7,93,0,0,0,,,text,SiliconFlow
7517,7,95,0,0,0,,,text,SiliconFlow
7518,7,97,0,0,0,,,text,SiliconFlow
7519,7,99,0,0,0,,,text,SiliconFlow
7520,7,101,0,0,0,,,text,SiliconFlow
7521,7,103,0,0,0,,,text,SiliconFlow
7522,7,105,0,0,0,,,text,SiliconFlow
7523,7,107,0,0,0,,,text,SiliconFlow
7524,7,109,0,0,0,,,text,SiliconFlow
7525,7,111,0,0,0,,,text,SiliconFlow
7526,7,113,0,0,0,,,text,SiliconFlow
7527,7,115,0,0,0,,,text,SiliconFlow
7528,7,117,0,0,0,,,text,SiliconFlow
7529,7,119,0,0,0,,,text,SiliconFlow
7530,7,121,0,0,0,,,text,SiliconFlow
7531,7,123,0,0,0,,,text,SiliconFlow
7532,7,125,1,1,0,,,text,SiliconFlow
7533,7,127,0,0,0,,,text,SiliconFlow
7534,7,129,0,0,0,,,text,SiliconFlow
7535,7,131,0,0,0,,,text,SiliconFlow
7536,7,133,0,0,0,,,text,SiliconFlow
7537,7,135,0,0,0,,,text,SiliconFlow
7538,7,137,0,0,0,,,text,SiliconFlow
7539,7,139,0,0,0,,,text,SiliconFlow
7540,7,141,0,0,0,,,text,SiliconFlow
7541,7,143,0,0,0,,,text,SiliconFlow
7542,7,145,0,0,0,,,text,SiliconFlow
7543,7,147,0,0,0,,,text,SiliconFlow
7544,7,149,0,0,0,,,text,SiliconFlow
7545,7,151,0,0,0,,,text,SiliconFlow
7546,7,153,0,0,0,,,text,SiliconFlow
7547,7,155,0,0,0,,,text,SiliconFlow
7548,7,157,0,0,0,,,text,SiliconFlow
7549,7,159,0,0,0,,,text,SiliconFlow
7550,7,161,0,0,0,,,text,SiliconFlow
7551,7,163,0,0,0,,,text,SiliconFlow
7552,7,165,0,0,0,,,text,SiliconFlow
7553,7,167,0,0,0,,,text,SiliconFlow
7554,7,169,0,0,0,,,text,SiliconFlow
7555,7,171,0,0,0,,,text,SiliconFlow
7556,7,173,0,0,0,,,text,SiliconFlow
7557,7,175,0,0,0,,,text,SiliconFlow
7558,7,177,0,0,0,,,text,SiliconFlow
7559,7,179,0,0,0,,,text,SiliconFlow
7560,5,-179,0,0,0,,,text,SiliconFlow
7561,5,-177,0,0,0,,,text,SiliconFlow
7562,5,-175,0,0,0,,,text,SiliconFlow
7563,5,-173,0,0,0,,,text,SiliconFlow
7564,5,-171,0,0,0,,,text,SiliconFlow
7565,5,-169,0,0,0,,,text,SiliconFlow
7566,5,-167,0,0,0,,,text,SiliconFlow
7567,5,-165,0,0,0,,,text,SiliconFlow
7568,5,-163,0,0,0,,,text,SiliconFlow
7569,5,-161,0,0,0,,,text,SiliconFlow
7570,5,-159,0,0,0,,,text,SiliconFlow
7571,5,-157,0,0,0,,,text,SiliconFlow
7572,5,-155,0,0,0,,,text,SiliconFlow
7573,5,-153,0,0,0,,,text,SiliconFlow
7574,5,-151,0,0,0,,,text,SiliconFlow
7575,5,-149,0,0,0,,,text,SiliconFlow
7576,5,-147,0,0,0,,,text,SiliconFlow
7577,5,-145,0,0,0,,,text,SiliconFlow
7578,5,-143,0,0,0,,,text,SiliconFlow
7579,5,-141,0,0,0,,,text,SiliconFlow
7580,5,-139,0,0,0,,,text,SiliconFlow
7581,5,-137,0,0,0,,,text,SiliconFlow
7582,5,-135,0,0,0,,,text,SiliconFlow
7583,5,-133,0,0,0,,,text,SiliconFlow
7584,5,-131,0,0,0,,,text,SiliconFlow
7585,5,-129,0,0,0,,,text,SiliconFlow
7586,5,-127,0,0,0,,,text,SiliconFlow
7587,5,-125,0,0,0,,,text,SiliconFlow
7588,5,-123,0,0,0,,,text,SiliconFlow
7589,5,-121,0,0,0,,,text,SiliconFlow
7590,5,-119,0,0,0,,,text,SiliconFlow
7591,5,-117,0,0,0,,,text,SiliconFlow
7592,5,-115,0,0,0,,,text,SiliconFlow
7593,5,-113,0,0,0,,,text,SiliconFlow
7594,5,-111,0,0,0,,,text,SiliconFlow
7595,5,-109,0,0,0,,,text,SiliconFlow
7596,5,-107,0,0,0,,,text,SiliconFlow
7597,5,-105,0,0,0,,,text,SiliconFlow
7598,5,-103,0,0,0,,,text,SiliconFlow
7599,5,-101,0,0,0,,,text,SiliconFlow
7600,5,-99,0,0,0,,,text,SiliconFlow
7601,5,-97,0,0,0,,,text,SiliconFlow
7602,5,-95,0,0,0,,,text,SiliconFlow
7603,5,-93,0,0,0,,,text,SiliconFlow
7604,5,-91,0,0,0,,,text,SiliconFlow
7605,5,-89,0,0,0,,,text,SiliconFlow
7606,5,-87,0,0,0,,,text,SiliconFlow
7607,5,-85,0,0,0,,,text,SiliconFlow
7608,5,-83,0,0,0,,,text,SiliconFlow
7609,5,-81,0,0,0,,,text,SiliconFlow
7610,5,-79,0,0,0,,,text,SiliconFlow
7611,5,-77,1,1,0,,,text,SiliconFlow
7612,5,-75,1,1,0,,,text,SiliconFlow
7613,5,-73,1,1,0,,,text,SiliconFlow
7614,5,-71,1,1,0,,,text,SiliconFlow
7615,5,-69,1,1,0,,,text,SiliconFlow
7616,5,-67,1,1,0,,,text,SiliconFlow
7617,5,-65,1,1,0,,,text,SiliconFlow
7618,5,-63,1,1,0,,,text,SiliconFlow
7619,5,-61,1,1,0,,,text,SiliconFlow
7620,5,-59,1,1,0,,,text,SiliconFlow
7621,5,-57,1,1,0,,,text,SiliconFlow
7622,5,-55,1,1,0,,,text,SiliconFlow
7623,5,-53,1,1,0,,,text,SiliconFlow
7624,5,-51,0,0,0,,,text,SiliconFlow
7625,5,-49,0,0,0,,,text,SiliconFlow
7626,5,-47,0,0,0,,,text,SiliconFlow
7627,5,-45,0,0,0,,,text,SiliconFlow
7628,5,-43,0,0,0,,,text,SiliconFlow
7629,5,-41,0,0,0,,,text,SiliconFlow
7630,5,-39,0,0,0,,,text,SiliconFlow
7631,5,-37,0,0,0,,,text,SiliconFlow
7632,5,-35,0,0,0,,,text,SiliconFlow
7633,5,-33,0,0,0,,,text,SiliconFlow
7634,5,-31,0,0,0,,,text,SiliconFlow
7635,5,-29,0,0,0,,,text,SiliconFlow
7636,5,-27,0,0,0,,,text,SiliconFlow
7637,5,-25,0,0,0,,,text,SiliconFlow
7638,5,-23,0,0,0,,,text,SiliconFlow
7639,5,-21,0,0,0,,,text,SiliconFlow
7640,5,-19,0,0,0,,,text,SiliconFlow
7641,5,-17,0,0,0,,,text,SiliconFlow
7642,5,-15,0,0,0,,,text,SiliconFlow
7643,5,-13,0,0,0,,,text,SiliconFlow
7644,5,-11,0,0,0,,,text,SiliconFlow
7645,5,-9,1,1,0,,,text,SiliconFlow
7646,5,-7,1,1,0,,,text,SiliconFlow
7647,5,-5,0,0,0,,,text,SiliconFlow
7648,5,-3,0,0,0,,,text,SiliconFlow
7649,5,-1,0,0,0,,,text,SiliconFlow
7650,5,1,0,0,1,,,text,SiliconFlow
7651,5,3,0,0,1,,,text,SiliconFlow
7652,5,5,0,0,1,,,text,SiliconFlow
7653,5,7,1,1,0,,,text,SiliconFlow
7654,5,9,1,1,0,,,text,SiliconFlow
7655,5,11,1,1,0,,,text,SiliconFlow
7656,5,13,1,1,0,,,text,SiliconFlow
7657,5,15,1,1,0,,,text,SiliconFlow
7658,5,17,1,1,0,,,text,SiliconFlow
7659,5,19,1,1,0,,,text,SiliconFlow
7660,5,21,1,1,1,,,text,SiliconFlow
7661,5,23,1,1,0,,,text,SiliconFlow
7662,5,25,1,1,0,,,text,SiliconFlow
7663,5,27,1,1,0,,,text,SiliconFlow
7664,5,29,1,1,0,,,text,SiliconFlow
7665,5,31,1,1,0,,,text,SiliconFlow
7666,5,33,1,1,0,,,text,SiliconFlow
7667,5,35,1,1,0,,,text,SiliconFlow
7668,5,37,1,1,1,,,text,SiliconFlow
7669,5,39,1,1,0,,,text,SiliconFlow
7670,5,41,1,1,0,,,text,SiliconFlow
7671,5,43,1,1,0,,,text,SiliconFlow
7672,5,45,1,1,1,,,text,SiliconFlow
7673,5,47,1,1,1,,,text,SiliconFlow
7674,5,49,0,0,1,,,text,SiliconFlow
7675,5,51,0,0,1,,,text,SiliconFlow
7676,5,53,0,0,0,,,text,SiliconFlow
7677,5,55,0,0,0,,,text,SiliconFlow
7678,5,57,0,0,0,,,text,SiliconFlow
7679,5,59,0,0,0,,,text,SiliconFlow
7680,5,61,0,0,0,,,text,SiliconFlow
7681,5,63,0,0,0,,,text,SiliconFlow
7682,5,65,0,0,0,,,text,SiliconFlow
7683,5,67,0,0,0,,,text,SiliconFlow
7684,5,69,0,0,0,,,text,SiliconFlow
7685,5,71,0,0,0,,,text,SiliconFlow
7686,5,73,0,0,0,,,text,SiliconFlow
7687,5,75,0,0,0,,,text,SiliconFlow
7688,5,77,0,0,0,,,text,SiliconFlow
7689,5,79,0,0,0,,,text,SiliconFlow
7690,5,81,0,0,0,,,text,SiliconFlow
7691,5,83,0,0,0,,,text,SiliconFlow
7692,5,85,0,0,0,,,text,SiliconFlow
7693,5,87,0,0,0,,,text,SiliconFlow
7694,5,89,0,0,0,,,text,SiliconFlow
7695,5,91,0,0,0,,,text,SiliconFlow
7696,5,93,0,0,0,,,text,SiliconFlow
7697,5,95,0,0,0,,,text,SiliconFlow
7698,5,97,1,1,0,,,text,SiliconFlow
7699,5,99,0,0,0,,,text,SiliconFlow
7700,5,101,1,1,1,,,text,SiliconFlow
7701,5,103,1,1,0,,,text,SiliconFlow
7702,5,105,0,0,0,,,text,SiliconFlow
7703,5,107,0,0,0,,,text,SiliconFlow
7704,5,109,0,0,0,,,text,SiliconFlow
7705,5,111,0,0,0,,,text,SiliconFlow
7706,5,113,0,0,0,,,text,SiliconFlow
7707,5,115,1,1,0,,,text,SiliconFlow
7708,5,117,1,1,0,,,text,SiliconFlow
7709,5,119,0,0,0,,,text,SiliconFlow
7710,5,121,0,0,0,,,text,SiliconFlow
7711,5,123,0,0,0,,,text,SiliconFlow
7712,5,125,0,0,0,,,text,SiliconFlow
7713,5,127,0,0,0,,,text,SiliconFlow
7714,5,129,0,0,0,,,text,SiliconFlow
7715,5,131,0,0,0,,,text,SiliconFlow
7716,5,133,0,0,0,,,text,SiliconFlow
7717,5,135,0,0,0,,,text,SiliconFlow
7718,5,137,0,0,0,,,text,SiliconFlow
7719,5,139,0,0,0,,,text,SiliconFlow
7720,5,141,0,0,0,,,text,SiliconFlow
7721,5,143,0,0,0,,,text,SiliconFlow
7722,5,145,0,0,0,,,text,SiliconFlow
7723,5,147,0,0,0,,,text,SiliconFlow
7724,5,149,0,0,0,,,text,SiliconFlow
7725,5,151,0,0,0,,,text,SiliconFlow
7726,5,153,0,0,0,,,text,SiliconFlow
7727,5,155,0,0,0,,,text,SiliconFlow
7728,5,157,0,0,0,,,text,SiliconFlow
7729,5,159,0,0,0,,,text,SiliconFlow
7730,5,161,0,0,0,,,text,SiliconFlow
7731,5,163,0,0,0,,,text,SiliconFlow
7732,5,165,0,0,0,,,text,SiliconFlow
7733,5,167,0,0,0,,,text,SiliconFlow
7734,5,169,0,0,0,,,text,SiliconFlow
7735,5,171,0,0,0,,,text,SiliconFlow
7736,5,173,0,0,0,,,text,SiliconFlow
7737,5,175,0,0,0,,,text,SiliconFlow
7738,5,177,0,0,0,,,text,SiliconFlow
7739,5,179,0,0,0,,,text,SiliconFlow
7740,3,-179,0,0,0,,,text,SiliconFlow
7741,3,-177,0,0,0,,,text,SiliconFlow
7742,3,-175,0,0,0,,,text,SiliconFlow
7743,3,-173,0,0,0,,,text,SiliconFlow
7744,3,-171,0,0,0,,,text,SiliconFlow
7745,3,-169,0,0,0,,,text,SiliconFlow
7746,3,-167,0,0,0,,,text,SiliconFlow
7747,3,-165,0,0,0,,,text,SiliconFlow
7748,3,-163,0,0,0,,,text,SiliconFlow
7749,3,-161,0,0,0,,,text,SiliconFlow
7750,3,-159,0,0,0,,,text,SiliconFlow
7751,3,-157,0,0,0,,,text,SiliconFlow
7752,3,-155,0,0,0,,,text,SiliconFlow
7753,3,-153,0,0,0,,,text,SiliconFlow
7754,3,-151,0,0,0,,,text,SiliconFlow
7755,3,-149,0,0,0,,,text,SiliconFlow
7756,3,-147,0,0,0,,,text,SiliconFlow
7757,3,-145,0,0,0,,,text,SiliconFlow
7758,3,-143,0,0,0,,,text,SiliconFlow
7759,3,-141,0,0,0,,,text,SiliconFlow
7760,3,-139,0,0,0,,,text,SiliconFlow
7761,3,-137,0,0,0,,,text,SiliconFlow
7762,3,-135,0,0,0,,,text,SiliconFlow
7763,3,-133,0,0,0,,,text,SiliconFlow
7764,3,-131,0,0,0,,,text,SiliconFlow
7765,3,-129,0,0,0,,,text,SiliconFlow
7766,3,-127,0,0,0,,,text,SiliconFlow
7767,3,-125,0,0,0,,,text,SiliconFlow
7768,3,-123,0,0,0,,,text,SiliconFlow
7769,3,-121,0,0,0,,,text,SiliconFlow
7770,3,-119,0,0,0,,,text,SiliconFlow
7771,3,-117,0,0,0,,,text,SiliconFlow
7772,3,-115,0,0,0,,,text,SiliconFlow
7773,3,-113,0,0,0,,,text,SiliconFlow
7774,3,-111,0,0,0,,,text,SiliconFlow
7775,3,-109,0,0,0,,,text,SiliconFlow
7776,3,-107,0,0,0,,,text,SiliconFlow
7777,3,-105,0,0,0,,,text,SiliconFlow
7778,3,-103,0,0,0,,,text,SiliconFlow
7779,3,-101,0,0,0,,,text,SiliconFlow
7780,3,-99,0,0,0,,,text,SiliconFlow
7781,3,-97,0,0,0,,,text,SiliconFlow
7782,3,-95,0,0,0,,,text,SiliconFlow
7783,3,-93,0,0,0,,,text,SiliconFlow
7784,3,-91,0,0,0,,,text,SiliconFlow
7785,3,-89,0,0,0,,,text,SiliconFlow
7786,3,-87,0,0,0,,,text,SiliconFlow
7787,3,-85,0,0,0,,,text,SiliconFlow
7788,3,-83,0,0,0,,,text,SiliconFlow
7789,3,-81,0,0,0,,,text,SiliconFlow
7790,3,-79,0,0,0,,,text,SiliconFlow
7791,3,-77,1,1,0,,,text,SiliconFlow
7792,3,-75,1,1,0,,,text,SiliconFlow
7793,3,-73,1,1,0,,,text,SiliconFlow
7794,3,-71,1,1,0,,,text,SiliconFlow
7795,3,-69,1,1,0,,,text,SiliconFlow
7796,3,-67,1,1,0,,,text,SiliconFlow
7797,3,-65,1,1,0,,,text,SiliconFlow
7798,3,-63,1,1,0,,,text,SiliconFlow
7799,3,-61,1,1,0,,,text,SiliconFlow
7800,3,-59,1,1,0,,,text,SiliconFlow
7801,3,-57,1,1,0,,,text,SiliconFlow
7802,3,-55,1,1,0,,,text,SiliconFlow
7803,3,-53,1,1,0,,,text,SiliconFlow
7804,3,-51,1,1,0,,,text,SiliconFlow
7805,3,-49,0,0,0,,,text,SiliconFlow
7806,3,-47,0,0,0,,,text,SiliconFlow
7807,3,-45,0,0,0,,,text,SiliconFlow
7808,3,-43,0,0,0,,,text,SiliconFlow
7809,3,-41,0,0,0,,,text,SiliconFlow
7810,3,-39,0,0,0,,,text,SiliconFlow
7811,3,-37,0,0,0,,,text,SiliconFlow
7812,3,-35,0,0,0,,,text,SiliconFlow
7813,3,-33,0,0,0,,,text,SiliconFlow
7814,3,-31,0,0,0,,,text,SiliconFlow
7815,3,-29,0,0,0,,,text,SiliconFlow
7816,3,-27,0,0,0,,,text,SiliconFlow
7817,3,-25,0,0,0,,,text,SiliconFlow
7818,3,-23,0,0,0,,,text,SiliconFlow
7819,3,-21,0,0,0,,,text,SiliconFlow
7820,3,-19,0,0,0,,,text,SiliconFlow
7821,3,-17,0,0,0,,,text,SiliconFlow
7822,3,-15,0,0,0,,,text,SiliconFlow
7823,3,-13,0,0,0,,,text,SiliconFlow
7824,3,-11,0,0,0,,,text,SiliconFlow
7825,3,-9,0,0,0,,,text,SiliconFlow
7826,3,-7,0,0,0,,,text,SiliconFlow
7827,3,-5,0,0,0,,,text,SiliconFlow
7828,3,-3,0,0,0,,,text,SiliconFlow
7829,3,-1,0,0,0,,,text,SiliconFlow
7830,3,1,0,0,1,,,text,SiliconFlow
7831,3,3,0,0,0,,,text,SiliconFlow
7832,3,5,0,0,0,,,text,SiliconFlow
7833,3,7,0,0,0,,,text,SiliconFlow
7834,3,9,0,0,0,,,text,SiliconFlow
7835,3,11,1,1,0,,,text,SiliconFlow
7836,3,13,1,1,0,,,text,SiliconFlow
7837,3,15,1,1,0,,,text,SiliconFlow
7838,3,17,1,1,0,,,text,SiliconFlow
7839,3,19,1,1,0,,,text,SiliconFlow
7840,3,21,1,1,0,,,text,SiliconFlow
7841,3,23,1,1,0,,,text,SiliconFlow
7842,3,25,1,1,0,,,text,SiliconFlow
7843,3,27,1,1,0,,,text,SiliconFlow
7844,3,29,1,1,0,,,text,SiliconFlow
7845,3,31,1,1,0,,,text,SiliconFlow
7846,3,33,1,1,0,,,text,SiliconFlow
7847,3,35,1,1,1,,,text,SiliconFlow
7848,3,37,1,1,1,,,text,SiliconFlow
7849,3,39,1,1,0,,,text,SiliconFlow
7850,3,41,1,1,0,,,text,SiliconFlow
7851,3,43,1,1,0,,,text,SiliconFlow
7852,3,45,1,1,1,,,text,SiliconFlow
7853,3,47,0,0,1,,,text,SiliconFlow
7854,3,49,0,0,1,,,text,SiliconFlow
7855,3,51,0,0,0,,,text,SiliconFlow
7856,3,53,0,0,0,,,text,SiliconFlow
7857,3,55,0,0,0,,,text,SiliconFlow
7858,3,57,0,0,0,,,text,SiliconFlow
7859,3,59,0,0,0,,,text,SiliconFlow
7860,3,61,0,0,0,,,text,SiliconFlow
7861,3,63,0,0,0,,,text,SiliconFlow
7862,3,65,0,0,0,,,text,SiliconFlow
7863,3,67,0,0,0,,,text,SiliconFlow
7864,3,69,0,0,0,,,text,SiliconFlow
7865,3,71,0,0,0,,,text,SiliconFlow
7866,3,73,0,0,0,,,text,SiliconFlow
7867,3,75,0,0,0,,,text,SiliconFlow
7868,3,77,0,0,0,,,text,SiliconFlow
7869,3,79,0,0,0,,,text,SiliconFlow
7870,3,81,0,0,0,,,text,SiliconFlow
7871,3,83,0,0,0,,,text,SiliconFlow
7872,3,85,0,0,0,,,text,SiliconFlow
7873,3,87,0,0,0,,,text,SiliconFlow
7874,3,89,0,0,0,,,text,SiliconFlow
7875,3,91,0,0,0,,,text,SiliconFlow
7876,3,93,0,0,0,,,text,SiliconFlow
7877,3,95,0,0,0,,,text,SiliconFlow
7878,3,97,0,0,1,,,text,SiliconFlow
7879,3,99,1,1,0,,,text,SiliconFlow
7880,3,101,0,0,0,,,text,SiliconFlow
7881,3,103,1,1,0,,,text,SiliconFlow
7882,3,105,0,0,0,,,text,SiliconFlow
7883,3,107,0,0,0,,,text,SiliconFlow
7884,3,109,0,0,0,,,text,SiliconFlow
7885,3,111,0,0,0,,,text,SiliconFlow
7886,3,113,1,1,0,,,text,SiliconFlow
7887,3,115,1,1,0,,,text,SiliconFlow
7888,3,117,1,1,0,,,text,SiliconFlow
7889,3,119,0,0,0,,,text,SiliconFlow
7890,3,121,0,0,0,,,text,SiliconFlow
7891,3,123,0,0,0,,,text,SiliconFlow
7892,3,125,0,0,0,,,text,SiliconFlow
7893,3,127,0,0,0,,,text,SiliconFlow
7894,3,129,0,0,0,,,text,SiliconFlow
7895,3,131,0,0,0,,,text,SiliconFlow
7896,3,133,0,0,0,,,text,SiliconFlow
7897,3,135,0,0,0,,,text,SiliconFlow
7898,3,137,0,0,0,,,text,SiliconFlow
7899,3,139,0,0,0,,,text,SiliconFlow
7900,3,141,0,0,0,,,text,SiliconFlow
7901,3,143,0,0,0,,,text,SiliconFlow
7902,3,145,0,0,0,,,text,SiliconFlow
7903,3,147,0,0,0,,,text,SiliconFlow
7904,3,149,0,0,0,,,text,SiliconFlow
7905,3,151,0,0,0,,,text,SiliconFlow
7906,3,153,0,0,0,,,text,SiliconFlow
7907,3,155,0,0,0,,,text,SiliconFlow
7908,3,157,0,0,0,,,text,SiliconFlow
7909,3,159,0,0,0,,,text,SiliconFlow
7910,3,161,0,0,0,,,text,SiliconFlow
7911,3,163,0,0,0,,,text,SiliconFlow
7912,3,165,0,0,0,,,text,SiliconFlow
7913,3,167,0,0,0,,,text,SiliconFlow
7914,3,169,0,0,0,,,text,SiliconFlow
7915,3,171,0,0,0,,,text,SiliconFlow
7916,3,173,0,0,0,,,text,SiliconFlow
7917,3,175,0,0,0,,,text,SiliconFlow
7918,3,177,0,0,0,,,text,SiliconFlow
7919,3,179,0,0,0,,,text,SiliconFlow
7920,1,-179,0,0,0,,,text,SiliconFlow
7921,1,-177,0,0,0,,,text,SiliconFlow
7922,1,-175,0,0,0,,,text,SiliconFlow
7923,1,-173,0,0,0,,,text,SiliconFlow
7924,1,-171,0,0,0,,,text,SiliconFlow
7925,1,-169,0,0,0,,,text,SiliconFlow
7926,1,-167,0,0,0,,,text,SiliconFlow
7927,1,-165,0,0,0,,,text,SiliconFlow
7928,1,-163,0,0,0,,,text,SiliconFlow
7929,1,-161,0,0,0,,,text,SiliconFlow
7930,1,-159,0,0,0,,,text,SiliconFlow
7931,1,-157,0,0,0,,,text,SiliconFlow
7932,1,-155,0,0,0,,,text,SiliconFlow
7933,1,-153,0,0,0,,,text,SiliconFlow
7934,1,-151,0,0,0,,,text,SiliconFlow
7935,1,-149,0,0,0,,,text,SiliconFlow
7936,1,-147,0,0,0,,,text,SiliconFlow
7937,1,-145,0,0,0,,,text,SiliconFlow
7938,1,-143,0,0,0,,,text,SiliconFlow
7939,1,-141,0,0,0,,,text,SiliconFlow
7940,1,-139,0,0,0,,,text,SiliconFlow
7941,1,-137,0,0,0,,,text,SiliconFlow
7942,1,-135,0,0,0,,,text,SiliconFlow
7943,1,-133,0,0,0,,,text,SiliconFlow
7944,1,-131,0,0,0,,,text,SiliconFlow
7945,1,-129,0,0,0,,,text,SiliconFlow
7946,1,-127,0,0,0,,,text,SiliconFlow
7947,1,-125,0,0,0,,,text,SiliconFlow
7948,1,-123,0,0,0,,,text,SiliconFlow
7949,1,-121,0,0,0,,,text,SiliconFlow
7950,1,-119,0,0,0,,,text,SiliconFlow
7951,1,-117,0,0,0,,,text,SiliconFlow
7952,1,-115,0,0,0,,,text,SiliconFlow
7953,1,-113,0,0,0,,,text,SiliconFlow
7954,1,-111,0,0,0,,,text,SiliconFlow
7955,1,-109,0,0,0,,,text,SiliconFlow
7956,1,-107,0,0,0,,,text,SiliconFlow
7957,1,-105,0,0,0,,,text,SiliconFlow
7958,1,-103,0,0,0,,,text,SiliconFlow
7959,1,-101,0,0,0,,,text,SiliconFlow
7960,1,-99,0,0,0,,,text,SiliconFlow
7961,1,-97,0,0,0,,,text,SiliconFlow
7962,1,-95,0,0,0,,,text,SiliconFlow
7963,1,-93,0,0,0,,,text,SiliconFlow
7964,1,-91,0,0,0,,,text,SiliconFlow
7965,1,-89,0,0,0,,,text,SiliconFlow
7966,1,-87,0,0,0,,,text,SiliconFlow
7967,1,-85,0,0,0,,,text,SiliconFlow
7968,1,-83,0,0,0,,,text,SiliconFlow
7969,1,-81,0,0,0,,,text,SiliconFlow
7970,1,-79,1,1,0,,,text,SiliconFlow
7971,1,-77,1,1,0,,,text,SiliconFlow
7972,1,-75,1,1,0,,,text,SiliconFlow
7973,1,-73,1,1,0,,,text,SiliconFlow
7974,1,-71,1,1,0,,,text,SiliconFlow
7975,1,-69,1,1,0,,,text,SiliconFlow
7976,1,-67,1,1,0,,,text,SiliconFlow
7977,1,-65,1,1,0,,,text,SiliconFlow
7978,1,-63,1,1,0,,,text,SiliconFlow
7979,1,-61,1,1,0,,,text,SiliconFlow
7980,1,-59,1,1,0,,,text,SiliconFlow
7981,1,-57,1,1,0,,,text,SiliconFlow
7982,1,-55,1,1,0,,,text,SiliconFlow
7983,1,-53,1,1,0,,,text,SiliconFlow
7984,1,-51,1,1,0,,,text,SiliconFlow
7985,1,-49,0,0,0,,,text,SiliconFlow
7986,1,-47,0,0,0,,,text,SiliconFlow
7987,1,-45,0,0,0,,,text,SiliconFlow
7988,1,-43,0,0,0,,,text,SiliconFlow
7989,1,-41,0,0,0,,,text,SiliconFlow
7990,1,-39,0,0,0,,,text,SiliconFlow
7991,1,-37,0,0,0,,,text,SiliconFlow
7992,1,-35,0,0,0,,,text,SiliconFlow
7993,1,-33,0,0,0,,,text,SiliconFlow
7994,1,-31,0,0,0,,,text,SiliconFlow
7995,1,-29,0,0,0,,,text,SiliconFlow
7996,1,-27,0,0,0,,,text,SiliconFlow
7997,1,-25,0,0,0,,,text,SiliconFlow
7998,1,-23,0,0,0,,,text,SiliconFlow
7999,1,-21,0,0,0,,,text,SiliconFlow
8000,1,-19,0,0,0,,,text,SiliconFlow
8001,1,-17,0,0,0,,,text,SiliconFlow
8002,1,-15,0,0,0,,,text,SiliconFlow
8003,1,-13,0,0,0,,,text,SiliconFlow
8004,1,-11,0,0,0,,,text,SiliconFlow
8005,1,-9,0,0,0,,,text,SiliconFlow
8006,1,-7,0,0,0,,,text,SiliconFlow
8007,1,-5,0,0,0,,,text,SiliconFlow
8008,1,-3,0,0,0,,,text,SiliconFlow
8009,1,-1,0,0,0,,,text,SiliconFlow
8010,1,1,0,0,1,,,text,SiliconFlow
8011,1,3,0,0,0,,,text,SiliconFlow
8012,1,5,0,0,0,,,text,SiliconFlow
8013,1,7,0,0,0,,,text,SiliconFlow
8014,1,9,0,0,0,,,text,SiliconFlow
8015,1,11,1,1,0,,,text,SiliconFlow
8016,1,13,1,1,0,,,text,SiliconFlow
8017,1,15,1,1,0,,,text,SiliconFlow
8018,1,17,1,1,0,,,text,SiliconFlow
8019,1,19,1,1,0,,,text,SiliconFlow
8020,1,21,1,1,0,,,text,SiliconFlow
8021,1,23,1,1,0,,,text,SiliconFlow
8022,1,25,1,1,0,,,text,SiliconFlow
8023,1,27,1,1,0,,,text,SiliconFlow
8024,1,29,1,1,1,,,text,SiliconFlow
8025,1,31,1,1,0,,,text,SiliconFlow
8026,1,33,1,1,1,,,text,SiliconFlow
8027,1,35,1,1,1,,,text,SiliconFlow
8028,1,37,1,1,1,,,text,SiliconFlow
8029,1,39,1,1,0,,,text,SiliconFlow
8030,1,41,1,1,0,,,text,SiliconFlow
8031,1,43,1,1,1,,,text,SiliconFlow
8032,1,45,0,0,1,,,text,SiliconFlow
8033,1,47,0,0,1,,,text,SiliconFlow
8034,1,49,0,0,1,,,text,SiliconFlow
8035,1,51,0,0,0,,,text,SiliconFlow
8036,1,53,0,0,1,,,text,SiliconFlow
8037,1,55,0,0,0,,,text,SiliconFlow
8038,1,57,0,0,0,,,text,SiliconFlow
8039,1,59,0,0,0,,,text,SiliconFlow
8040,1,61,0,0,0,,,text,SiliconFlow
8041,1,63,0,0,0,,,text,SiliconFlow
8042,1,65,0,0,0,,,text,SiliconFlow
8043,1,67,0,0,0,,,text,SiliconFlow
8044,1,69,0,0,0,,,text,SiliconFlow
8045,1,71,0,0,0,,,text,SiliconFlow
8046,1,73,0,0,0,,,text,SiliconFlow
8047,1,75,0,0,0,,,text,SiliconFlow
8048,1,77,0,0,0,,,text,SiliconFlow
8049,1,79,0,0,0,,,text,SiliconFlow
8050,1,81,0,0,0,,,text,SiliconFlow
8051,1,83,0,0,0,,,text,SiliconFlow
8052,1,85,0,0,0,,,text,SiliconFlow
8053,1,87,0,0,0,,,text,SiliconFlow
8054,1,89,0,0,0,,,text,SiliconFlow
8055,1,91,0,0,0,,,text,SiliconFlow
8056,1,93,0,0,0,,,text,SiliconFlow
8057,1,95,0,0,0,,,text,SiliconFlow
8058,1,97,0,0,0,,,text,SiliconFlow
8059,1,99,1,1,0,,,text,SiliconFlow
8060,1,101,1,1,0,,,text,SiliconFlow
8061,1,103,1,1,0,,,text,SiliconFlow
8062,1,105,0,0,0,,,text,SiliconFlow
8063,1,107,0,0,0,,,text,SiliconFlow
8064,1,109,1,1,0,,,text,SiliconFlow
8065,1,111,1,1,0,,,text,SiliconFlow
8066,1,113,1,1,0,,,text,SiliconFlow
8067,1,115,1,1,0,,,text,SiliconFlow
8068,1,117,1,1,0,,,text,SiliconFlow
8069,1,119,0,0,0,,,text,SiliconFlow
8070,1,121,1,1,0,,,text,SiliconFlow
8071,1,123,0,0,0,,,text,SiliconFlow
8072,1,125,0,0,0,,,text,SiliconFlow
8073,1,127,0,0,0,,,text,SiliconFlow
8074,1,129,0,0,0,,,text,SiliconFlow
8075,1,131,0,0,0,,,text,SiliconFlow
8076,1,133,0,0,0,,,text,SiliconFlow
8077,1,135,0,0,0,,,text,SiliconFlow
8078,1,137,0,0,0,,,text,SiliconFlow
8079,1,139,0,0,0,,,text,SiliconFlow
8080,1,141,0,0,0,,,text,SiliconFlow
8081,1,143,0,0,0,,,text,SiliconFlow
8082,1,145,0,0,0,,,text,SiliconFlow
8083,1,147,0,0,0,,,text,SiliconFlow
8084,1,149,0,0,0,,,text,SiliconFlow
8085,1,151,0,0,0,,,text,SiliconFlow
8086,1,153,0,0,0,,,text,SiliconFlow
8087,1,155,0,0,0,,,text,SiliconFlow
8088,1,157,0,0,0,,,text,SiliconFlow
8089,1,159,0,0,0,,,text,SiliconFlow
8090,1,161,0,0,0,,,text,SiliconFlow
8091,1,163,0,0,0,,,text,SiliconFlow
8092,1,165,0,0,0,,,text,SiliconFlow
8093,1,167,0,0,0,,,text,SiliconFlow
8094,1,169,0,0,0,,,text,SiliconFlow
8095,1,171,0,0,0,,,text,SiliconFlow
8096,1,173,0,0,0,,,text,SiliconFlow
8097,1,175,0,0,0,,,text,SiliconFlow
8098,1,177,0,0,0,,,text,SiliconFlow
8099,1,179,0,0,0,,,text,SiliconFlow
8100,-1,-179,0,0,0,,,text,SiliconFlow
8101,-1,-177,0,0,0,,,text,SiliconFlow
8102,-1,-175,0,0,0,,,text,SiliconFlow
8103,-1,-173,0,0,0,,,text,SiliconFlow
8104,-1,-171,0,0,0,,,text,SiliconFlow
8105,-1,-169,0,0,0,,,text,SiliconFlow
8106,-1,-167,0,0,0,,,text,SiliconFlow
8107,-1,-165,0,0,0,,,text,SiliconFlow
8108,-1,-163,0,0,0,,,text,SiliconFlow
8109,-1,-161,0,0,0,,,text,SiliconFlow
8110,-1,-159,0,0,0,,,text,SiliconFlow
8111,-1,-157,0,0,0,,,text,SiliconFlow
8112,-1,-155,0,0,0,,,text,SiliconFlow
8113,-1,-153,0,0,0,,,text,SiliconFlow
8114,-1,-151,0,0,0,,,text,SiliconFlow
8115,-1,-149,0,0,0,,,text,SiliconFlow
8116,-1,-147,0,0,0,,,text,SiliconFlow
8117,-1,-145,0,0,0,,,text,SiliconFlow
8118,-1,-143,0,0,0,,,text,SiliconFlow
8119,-1,-141,0,0,0,,,text,SiliconFlow
8120,-1,-139,0,0,0,,,text,SiliconFlow
8121,-1,-137,0,0,0,,,text,SiliconFlow
8122,-1,-135,0,0,0,,,text,SiliconFlow
8123,-1,-133,0,0,0,,,text,SiliconFlow
8124,-1,-131,0,0,0,,,text,SiliconFlow
8125,-1,-129,0,0,0,,,text,SiliconFlow
8126,-1,-127,0,0,0,,,text,SiliconFlow
8127,-1,-125,0,0,0,,,text,SiliconFlow
8128,-1,-123,0,0,0,,,text,SiliconFlow
8129,-1,-121,0,0,0,,,text,SiliconFlow
8130,-1,-119,0,0,0,,,text,SiliconFlow
8131,-1,-117,0,0,0,,,text,SiliconFlow
8132,-1,-115,0,0,0,,,text,SiliconFlow
8133,-1,-113,0,0,0,,,text,SiliconFlow
8134,-1,-111,0,0,0,,,text,SiliconFlow
8135,-1,-109,0,0,0,,,text,SiliconFlow
8136,-1,-107,0,0,0,,,text,SiliconFlow
8137,-1,-105,0,0,0,,,text,SiliconFlow
8138,-1,-103,0,0,0,,,text,SiliconFlow
8139,-1,-101,0,0,0,,,text,SiliconFlow
8140,-1,-99,0,0,0,,,text,SiliconFlow
8141,-1,-97,0,0,0,,,text,SiliconFlow
8142,-1,-95,0,0,0,,,text,SiliconFlow
8143,-1,-93,0,0,0,,,text,SiliconFlow
8144,-1,-91,0,0,0,,,text,SiliconFlow
8145,-1,-89,0,0,0,,,text,SiliconFlow
8146,-1,-87,0,0,0,,,text,SiliconFlow
8147,-1,-85,0,0,0,,,text,SiliconFlow
8148,-1,-83,0,0,0,,,text,SiliconFlow
8149,-1,-81,0,0,0,,,text,SiliconFlow
8150,-1,-79,1,1,0,,,text,SiliconFlow
8151,-1,-77,1,1,0,,,text,SiliconFlow
8152,-1,-75,1,1,0,,,text,SiliconFlow
8153,-1,-73,1,1,0,,,text,SiliconFlow
8154,-1,-71,1,1,0,,,text,SiliconFlow
8155,-1,-69,1,1,0,,,text,SiliconFlow
8156,-1,-67,1,1,0,,,text,SiliconFlow
8157,-1,-65,1,1,0,,,text,SiliconFlow
8158,-1,-63,1,1,0,,,text,SiliconFlow
8159,-1,-61,1,1,0,,,text,SiliconFlow
8160,-1,-59,1,1,0,,,text,SiliconFlow
8161,-1,-57,1,1,0,,,text,SiliconFlow
8162,-1,-55,1,1,0,,,text,SiliconFlow
8163,-1,-53,1,1,0,,,text,SiliconFlow
8164,-1,-51,1,1,0,,,text,SiliconFlow
8165,-1,-49,1,1,0,,,text,SiliconFlow
8166,-1,-47,1,1,0,,,text,SiliconFlow
8167,-1,-45,0,0,0,,,text,SiliconFlow
8168,-1,-43,0,0,0,,,text,SiliconFlow
8169,-1,-41,0,0,0,,,text,SiliconFlow
8170,-1,-39,0,0,0,,,text,SiliconFlow
8171,-1,-37,0,0,0,,,text,SiliconFlow
8172,-1,-35,0,0,0,,,text,SiliconFlow
8173,-1,-33,0,0,0,,,text,SiliconFlow
8174,-1,-31,0,0,0,,,text,SiliconFlow
8175,-1,-29,0,0,0,,,text,SiliconFlow
8176,-1,-27,0,0,0,,,text,SiliconFlow
8177,-1,-25,0,0,0,,,text,SiliconFlow
8178,-1,-23,0,0,0,,,text,SiliconFlow
8179,-1,-21,0,0,0,,,text,SiliconFlow
8180,-1,-19,0,0,0,,,text,SiliconFlow
8181,-1,-17,0,0,0,,,text,SiliconFlow
8182,-1,-15,0,0,0,,,text,SiliconFlow
8183,-1,-13,0,0,0,,,text,SiliconFlow
8184,-1,-11,0,0,0,,,text,SiliconFlow
8185,-1,-9,0,0,0,,,text,SiliconFlow
8186,-1,-7,0,0,0,,,text,SiliconFlow
8187,-1,-5,0,0,0,,,text,SiliconFlow
8188,-1,-3,0,0,0,,,text,SiliconFlow
8189,-1,-1,0,0,0,,,text,SiliconFlow
8190,-1,1,0,0,0,,,text,SiliconFlow
8191,-1,3,0,0,0,,,text,SiliconFlow
8192,-1,5,0,0,0,,,text,SiliconFlow
8193,-1,7,0,0,0,,,text,SiliconFlow
8194,-1,9,1,1,0,,,text,SiliconFlow
8195,-1,11,1,1,0,,,text,SiliconFlow
8196,-1,13,1,1,0,,,text,SiliconFlow
8197,-1,15,1,1,0,,,text,SiliconFlow
8198,-1,17,1,1,0,,,text,SiliconFlow
8199,-1,19,1,1,0,,,text,SiliconFlow
8200,-1,21,1,1,0,,,text,SiliconFlow
8201,-1,23,1,1,1,,,text,SiliconFlow
8202,-1,25,1,1,1,,,text,SiliconFlow
8203,-1,27,1,1,0,,,text,SiliconFlow
8204,-1,29,1,1,1,,,text,SiliconFlow
8205,-1,31,1,1,1,,,text,SiliconFlow
8206,-1,33,1,0,1,,,text,SiliconFlow
8207,-1,35,1,1,1,,,text,SiliconFlow
8208,-1,37,1,1,1,,,text,SiliconFlow
8209,-1,39,1,1,0,,,text,SiliconFlow
8210,-1,41,1,1,1,,,text,SiliconFlow
8211,-1,43,0,0,0,,,text,SiliconFlow
8212,-1,45,0,0,0,,,text,SiliconFlow
8213,-1,47,0,0,1,,,text,SiliconFlow
8214,-1,49,0,0,0,,,text,SiliconFlow
8215,-1,51,0,0,0,,,text,SiliconFlow
8216,-1,53,0,0,1,,,text,SiliconFlow
8217,-1,55,0,0,0,,,text,SiliconFlow
8218,-1,57,0,0,0,,,text,SiliconFlow
8219,-1,59,0,0,0,,,text,SiliconFlow
8220,-1,61,0,0,0,,,text,SiliconFlow
8221,-1,63,0,0,0,,,text,SiliconFlow
8222,-1,65,0,0,0,,,text,SiliconFlow
8223,-1,67,0,0,0,,,text,SiliconFlow
8224,-1,69,0,0,0,,,text,SiliconFlow
8225,-1,71,0,0,0,,,text,SiliconFlow
8226,-1,73,0,0,0,,,text,SiliconFlow
8227,-1,75,0,0,0,,,text,SiliconFlow
8228,-1,77,0,0,0,,,text,SiliconFlow
8229,-1,79,0,0,0,,,text,SiliconFlow
8230,-1,81,0,0,0,,,text,SiliconFlow
8231,-1,83,0,0,0,,,text,SiliconFlow
8232,-1,85,0,0,0,,,text,SiliconFlow
8233,-1,87,0,0,0,,,text,SiliconFlow
8234,-1,89,0,0,0,,,text,SiliconFlow
8235,-1,91,0,0,0,,,text,SiliconFlow
8236,-1,93,0,0,0,,,text,SiliconFlow
8237,-1,95,0,0,0,,,text,SiliconFlow
8238,-1,97,0,0,0,,,text,SiliconFlow
8239,-1,99,0,0,0,,,text,SiliconFlow
8240,-1,101,1,1,0,,,text,SiliconFlow
8241,-1,103,1,1,0,,,text,SiliconFlow
8242,-1,105,0,0,0,,,text,SiliconFlow
8243,-1,107,0,0,0,,,text,SiliconFlow
8244,-1,109,0,0,0,,,text,SiliconFlow
8245,-1,111,1,1,0,,,text,SiliconFlow
8246,-1,113,1,1,0,,,text,SiliconFlow
8247,-1,115,1,1,0,,,text,SiliconFlow
8248,-1,117,1,1,0,,,text,SiliconFlow
8249,-1,119,0,0,0,,,text,SiliconFlow
8250,-1,121,0,0,0,,,text,SiliconFlow
8251,-1,123,0,0,0,,,text,SiliconFlow
8252,-1,125,0,0,0,,,text,SiliconFlow
8253,-1,127,0,0,0,,,text,SiliconFlow
8254,-1,129,0,0,0,,,text,SiliconFlow
8255,-1,131,1,1,0,,,text,SiliconFlow
8256,-1,133,1,1,0,,,text,SiliconFlow
8257,-1,135,0,0,0,,,text,SiliconFlow
8258,-1,137,0,0,0,,,text,SiliconFlow
8259,-1,139,0,0,0,,,text,SiliconFlow
8260,-1,141,0,0,0,,,text,SiliconFlow
8261,-1,143,0,0,0,,,text,SiliconFlow
8262,-1,145,0,0,0,,,text,SiliconFlow
8263,-1,147,0,0,0,,,text,SiliconFlow
8264,-1,149,0,0,0,,,text,SiliconFlow
8265,-1,151,0,0,0,,,text,SiliconFlow
8266,-1,153,0,0,0,,,text,SiliconFlow
8267,-1,155,0,0,0,,,text,SiliconFlow
8268,-1,157,0,0,0,,,text,SiliconFlow
8269,-1,159,0,0,0,,,text,SiliconFlow
8270,-1,161,0,0,0,,,text,SiliconFlow
8271,-1,163,0,0,0,,,text,SiliconFlow
8272,-1,165,0,0,0,,,text,SiliconFlow
8273,-1,167,0,0,0,,,text,SiliconFlow
8274,-1,169,0,0,0,,,text,SiliconFlow
8275,-1,171,0,0,0,,,text,SiliconFlow
8276,-1,173,0,0,0,,,text,SiliconFlow
8277,-1,175,0,0,0,,,text,SiliconFlow
8278,-1,177,0,0,0,,,text,SiliconFlow
8279,-1,179,0,0,0,,,text,SiliconFlow
8280,-3,-179,0,0,0,,,text,SiliconFlow
8281,-3,-177,0,0,0,,,text,SiliconFlow
8282,-3,-175,0,0,0,,,text,SiliconFlow
8283,-3,-173,0,0,0,,,text,SiliconFlow
8284,-3,-171,0,0,0,,,text,SiliconFlow
8285,-3,-169,0,0,0,,,text,SiliconFlow
8286,-3,-167,0,0,0,,,text,SiliconFlow
8287,-3,-165,0,0,0,,,text,SiliconFlow
8288,-3,-163,0,0,0,,,text,SiliconFlow
8289,-3,-161,0,0,0,,,text,SiliconFlow
8290,-3,-159,0,0,0,,,text,SiliconFlow
8291,-3,-157,0,0,0,,,text,SiliconFlow
8292,-3,-155,0,0,0,,,text,SiliconFlow
8293,-3,-153,0,0,0,,,text,SiliconFlow
8294,-3,-151,0,0,0,,,text,SiliconFlow
8295,-3,-149,0,0,0,,,text,SiliconFlow
8296,-3,-147,0,0,0,,,text,SiliconFlow
8297,-3,-145,0,0,0,,,text,SiliconFlow
8298,-3,-143,0,0,0,,,text,SiliconFlow
8299,-3,-141,0,0,0,,,text,SiliconFlow
8300,-3,-139,0,0,0,,,text,SiliconFlow
8301,-3,-137,0,0,0,,,text,SiliconFlow
8302,-3,-135,0,0,0,,,text,SiliconFlow
8303,-3,-133,0,0,0,,,text,SiliconFlow
8304,-3,-131,0,0,0,,,text,SiliconFlow
8305,-3,-129,0,0,0,,,text,SiliconFlow
8306,-3,-127,0,0,0,,,text,SiliconFlow
8307,-3,-125,0,0,0,,,text,SiliconFlow
8308,-3,-123,0,0,0,,,text,SiliconFlow
8309,-3,-121,0,0,0,,,text,SiliconFlow
8310,-3,-119,0,0,0,,,text,SiliconFlow
8311,-3,-117,0,0,0,,,text,SiliconFlow
8312,-3,-115,0,0,0,,,text,SiliconFlow
8313,-3,-113,0,0,0,,,text,SiliconFlow
8314,-3,-111,0,0,0,,,text,SiliconFlow
8315,-3,-109,0,0,0,,,text,SiliconFlow
8316,-3,-107,0,0,0,,,text,SiliconFlow
8317,-3,-105,0,0,0,,,text,SiliconFlow
8318,-3,-103,0,0,0,,,text,SiliconFlow
8319,-3,-101,0,0,0,,,text,SiliconFlow
8320,-3,-99,0,0,0,,,text,SiliconFlow
8321,-3,-97,0,0,0,,,text,SiliconFlow
8322,-3,-95,0,0,0,,,text,SiliconFlow
8323,-3,-93,0,0,0,,,text,SiliconFlow
8324,-3,-91,0,0,0,,,text,SiliconFlow
8325,-3,-89,0,0,0,,,text,SiliconFlow
8326,-3,-87,0,0,0,,,text,SiliconFlow
8327,-3,-85,0,0,0,,,text,SiliconFlow
8328,-3,-83,0,0,0,,,text,SiliconFlow
8329,-3,-81,0,0,0,,,text,SiliconFlow
8330,-3,-79,1,1,1,,,text,SiliconFlow
8331,-3,-77,1,1,0,,,text,SiliconFlow
8332,-3,-75,1,1,0,,,text,SiliconFlow
8333,-3,-73,1,1,0,,,text,SiliconFlow
8334,-3,-71,1,1,0,,,text,SiliconFlow
8335,-3,-69,1,1,0,,,text,SiliconFlow
8336,-3,-67,1,1,0,,,text,SiliconFlow
8337,-3,-65,1,1,0,,,text,SiliconFlow
8338,-3,-63,1,1,0,,,text,SiliconFlow
8339,-3,-61,1,1,0,,,text,SiliconFlow
8340,-3,-59,1,1,0,,,text,SiliconFlow
8341,-3,-57,1,1,0,,,text,SiliconFlow
8342,-3,-55,1,1,0,,,text,SiliconFlow
8343,-3,-53,1,1,0,,,text,SiliconFlow
8344,-3,-51,1,1,0,,,text,SiliconFlow
8345,-3,-49,1,1,0,,,text,SiliconFlow
8346,-3,-47,1,1,0,,,text,SiliconFlow
8347,-3,-45,1,1,0,,,text,SiliconFlow
8348,-3,-43,1,1,0,,,text,SiliconFlow
8349,-3,-41,1,1,0,,,text,SiliconFlow
8350,-3,-39,0,0,0,,,text,SiliconFlow
8351,-3,-37,0,0,0,,,text,SiliconFlow
8352,-3,-35,0,0,0,,,text,SiliconFlow
8353,-3,-33,0,0,0,,,text,SiliconFlow
8354,-3,-31,0,0,0,,,text,SiliconFlow
8355,-3,-29,0,0,0,,,text,SiliconFlow
8356,-3,-27,0,0,0,,,text,SiliconFlow
8357,-3,-25,0,0,0,,,text,SiliconFlow
8358,-3,-23,0,0,0,,,text,SiliconFlow
8359,-3,-21,0,0,0,,,text,SiliconFlow
8360,-3,-19,0,0,0,,,text,SiliconFlow
8361,-3,-17,0,0,0,,,text,SiliconFlow
8362,-3,-15,0,0,0,,,text,SiliconFlow
8363,-3,-13,0,0,0,,,text,SiliconFlow
8364,-3,-11,0,0,0,,,text,SiliconFlow
8365,-3,-9,0,0,0,,,text,SiliconFlow
8366,-3,-7,0,0,0,,,text,SiliconFlow
8367,-3,-5,0,0,0,,,text,SiliconFlow
8368,-3,-3,0,0,0,,,text,SiliconFlow
8369,-3,-1,0,0,0,,,text,SiliconFlow
8370,-3,1,0,0,0,,,text,SiliconFlow
8371,-3,3,0,0,0,,,text,SiliconFlow
8372,-3,5,0,0,0,,,text,SiliconFlow
8373,-3,7,0,0,0,,,text,SiliconFlow
8374,-3,9,0,0,0,,,text,SiliconFlow
8375,-3,11,1,1,0,,,text,SiliconFlow
8376,-3,13,1,1,0,,,text,SiliconFlow
8377,-3,15,1,1,0,,,text,SiliconFlow
8378,-3,17,1,1,0,,,text,SiliconFlow
8379,-3,19,1,1,0,,,text,SiliconFlow
8380,-3,21,1,1,0,,,text,SiliconFlow
8381,-3,23,1,1,1,,,text,SiliconFlow
8382,-3,25,1,1,1,,,text,SiliconFlow
8383,-3,27,1,1,0,,,text,SiliconFlow
8384,-3,29,1,1,1,,,text,SiliconFlow
8385,-3,31,1,1,1,,,text,SiliconFlow
8386,-3,33,1,1,1,,,text,SiliconFlow
8387,-3,35,1,1,1,,,text,SiliconFlow
8388,-3,37,1,1,1,,,text,SiliconFlow
8389,-3,39,1,1,1,,,text,SiliconFlow
8390,-3,41,0,0,1,,,text,SiliconFlow
8391,-3,43,0,0,1,,,text,SiliconFlow
8392,-3,45,0,0,1,,,text,SiliconFlow
8393,-3,47,0,0,0,,,text,SiliconFlow
8394,-3,49,0,0,0,,,text,SiliconFlow
8395,-3,51,0,0,0,,,text,SiliconFlow
8396,-3,53,0,0,0,,,text,SiliconFlow
8397,-3,55,0,0,1,,,text,SiliconFlow
8398,-3,57,0,0,1,,,text,SiliconFlow
8399,-3,59,0,0,0,,,text,SiliconFlow
8400,-3,61,0,0,0,,,text,SiliconFlow
8401,-3,63,0,0,0,,,text,SiliconFlow
8402,-3,65,0,0,0,,,text,SiliconFlow
8403,-3,67,0,0,0,,,text,SiliconFlow
8404,-3,69,0,0,0,,,text,SiliconFlow
8405,-3,71,0,0,0,,,text,SiliconFlow
8406,-3,73,0,0,0,,,text,SiliconFlow
8407,-3,75,0,0,0,,,text,SiliconFlow
8408,-3,77,0,0,0,,,text,SiliconFlow
8409,-3,79,0,0,0,,,text,SiliconFlow
8410,-3,81,0,0,0,,,text,SiliconFlow
8411,-3,83,0,0,0,,,text,SiliconFlow
8412,-3,85,0,0,0,,,text,SiliconFlow
8413,-3,87,0,0,0,,,text,SiliconFlow
8414,-3,89,0,0,0,,,text,SiliconFlow
8415,-3,91,0,0,0,,,text,SiliconFlow
8416,-3,93,0,0,0,,,text,SiliconFlow
8417,-3,95,0,0,0,,,text,SiliconFlow
8418,-3,97,0,0,0,,,text,SiliconFlow
8419,-3,99,0,0,0,,,text,SiliconFlow
8420,-3,101,0,0,0,,,text,SiliconFlow
8421,-3,103,1,1,0,,,text,SiliconFlow
8422,-3,105,1,1,0,,,text,SiliconFlow
8423,-3,107,0,0,0,,,text,SiliconFlow
8424,-3,109,0,0,0,,,text,SiliconFlow
8425,-3,111,1,1,0,,,text,SiliconFlow
8426,-3,113,1,1,0,,,text,SiliconFlow
8427,-3,115,1,1,0,,,text,SiliconFlow
8428,-3,117,0,0,0,,,text,SiliconFlow
8429,-3,119,1,1,0,,,text,SiliconFlow
8430,-3,121,0,0,0,,,text,SiliconFlow
8431,-3,123,0,0,0,,,text,SiliconFlow
8432,-3,125,0,0,0,,,text,SiliconFlow
8433,-3,127,0,0,0,,,text,SiliconFlow
8434,-3,129,1,1,0,,,text,SiliconFlow
8435,-3,131,0,0,0,,,text,SiliconFlow
8436,-3,133,1,1,0,,,text,SiliconFlow
8437,-3,135,0,0,0,,,text,SiliconFlow
8438,-3,137,1,1,0,,,text,SiliconFlow
8439,-3,139,1,1,1,,,text,SiliconFlow
8440,-3,141,1,1,0,,,text,SiliconFlow
8441,-3,143,0,0,0,,,text,SiliconFlow
8442,-3,145,0,0,0,,,text,SiliconFlow
8443,-3,147,0,0,0,,,text,SiliconFlow
8444,-3,149,0,0,0,,,text,SiliconFlow
8445,-3,151,0,0,0,,,text,SiliconFlow
8446,-3,153,0,0,0,,,text,SiliconFlow
8447,-3,155,0,0,0,,,text,SiliconFlow
8448,-3,157,0,0,0,,,text,SiliconFlow
8449,-3,159,0,0,0,,,text,SiliconFlow
8450,-3,161,0,0,0,,,text,SiliconFlow
8451,-3,163,0,0,0,,,text,SiliconFlow
8452,-3,165,0,0,0,,,text,SiliconFlow
8453,-3,167,0,0,0,,,text,SiliconFlow
8454,-3,169,0,0,0,,,text,SiliconFlow
8455,-3,171,0,0,0,,,text,SiliconFlow
8456,-3,173,0,0,0,,,text,SiliconFlow
8457,-3,175,0,0,0,,,text,SiliconFlow
8458,-3,177,0,0,0,,,text,SiliconFlow
8459,-3,179,0,0,0,,,text,SiliconFlow
8460,-5,-179,0,0,0,,,text,SiliconFlow
8461,-5,-177,0,0,0,,,text,SiliconFlow
8462,-5,-175,0,0,0,,,text,SiliconFlow
8463,-5,-173,0,0,0,,,text,SiliconFlow
8464,-5,-171,0,0,0,,,text,SiliconFlow
8465,-5,-169,0,0,0,,,text,SiliconFlow
8466,-5,-167,0,0,0,,,text,SiliconFlow
8467,-5,-165,0,0,0,,,text,SiliconFlow
8468,-5,-163,0,0,0,,,text,SiliconFlow
8469,-5,-161,0,0,0,,,text,SiliconFlow
8470,-5,-159,0,0,0,,,text,SiliconFlow
8471,-5,-157,0,0,0,,,text,SiliconFlow
8472,-5,-155,0,0,0,,,text,SiliconFlow
8473,-5,-153,0,0,0,,,text,SiliconFlow
8474,-5,-151,0,0,0,,,text,SiliconFlow
8475,-5,-149,0,0,0,,,text,SiliconFlow
8476,-5,-147,0,0,0,,,text,SiliconFlow
8477,-5,-145,0,0,0,,,text,SiliconFlow
8478,-5,-143,0,0,0,,,text,SiliconFlow
8479,-5,-141,0,0,0,,,text,SiliconFlow
8480,-5,-139,0,0,0,,,text,SiliconFlow
8481,-5,-137,0,0,0,,,text,SiliconFlow
8482,-5,-135,0,0,0,,,text,SiliconFlow
8483,-5,-133,0,0,0,,,text,SiliconFlow
8484,-5,-131,0,0,0,,,text,SiliconFlow
8485,-5,-129,0,0,0,,,text,SiliconFlow
8486,-5,-127,0,0,0,,,text,SiliconFlow
8487,-5,-125,0,0,0,,,text,SiliconFlow
8488,-5,-123,0,0,0,,,text,SiliconFlow
8489,-5,-121,0,0,0,,,text,SiliconFlow
8490,-5,-119,0,0,0,,,text,SiliconFlow
8491,-5,-117,0,0,0,,,text,SiliconFlow
8492,-5,-115,0,0,0,,,text,SiliconFlow
8493,-5,-113,0,0,0,,,text,SiliconFlow
8494,-5,-111,0,0,0,,,text,SiliconFlow
8495,-5,-109,0,0,0,,,text,SiliconFlow
8496,-5,-107,0,0,0,,,text,SiliconFlow
8497,-5,-105,0,0,0,,,text,SiliconFlow
8498,-5,-103,0,0,0,,,text,SiliconFlow
8499,-5,-101,0,0,0,,,text,SiliconFlow
8500,-5,-99,0,0,0,,,text,SiliconFlow
8501,-5,-97,0,0,0,,,text,SiliconFlow
8502,-5,-95,0,0,0,,,text,SiliconFlow
8503,-5,-93,0,0,0,,,text,SiliconFlow
8504,-5,-91,0,0,0,,,text,SiliconFlow
8505,-5,-89,0,0,0,,,text,SiliconFlow
8506,-5,-87,0,0,0,,,text,SiliconFlow
8507,-5,-85,0,0,0,,,text,SiliconFlow
8508,-5,-83,0,0,0,,,text,SiliconFlow
8509,-5,-81,1,1,0,,,text,SiliconFlow
8510,-5,-79,1,1,0,,,text,SiliconFlow
8511,-5,-77,1,1,1,,,text,SiliconFlow
8512,-5,-75,1,1,0,,,text,SiliconFlow
8513,-5,-73,1,1,0,,,text,SiliconFlow
8514,-5,-71,1,1,0,,,text,SiliconFlow
8515,-5,-69,1,1,0,,,text,SiliconFlow
8516,-5,-67,1,1,0,,,text,SiliconFlow
8517,-5,-65,1,1,0,,,text,SiliconFlow
8518,-5,-63,1,1,0,,,text,SiliconFlow
8519,-5,-61,1,1,0,,,text,SiliconFlow
8520,-5,-59,1,1,0,,,text,SiliconFlow
8521,-5,-57,1,1,0,,,text,SiliconFlow
8522,-5,-55,1,1,0,,,text,SiliconFlow
8523,-5,-53,1,1,0,,,text,SiliconFlow
8524,-5,-51,1,1,0,,,text,SiliconFlow
8525,-5,-49,1,1,0,,,text,SiliconFlow
8526,-5,-47,1,1,0,,,text,SiliconFlow
8527,-5,-45,1,1,0,,,text,SiliconFlow
8528,-5,-43,1,1,0,,,text,SiliconFlow
8529,-5,-41,1,1,0,,,text,SiliconFlow
8530,-5,-39,1,1,0,,,text,SiliconFlow
8531,-5,-37,1,1,0,,,text,SiliconFlow
8532,-5,-35,0,0,0,,,text,SiliconFlow
8533,-5,-33,0,0,0,,,text,SiliconFlow
8534,-5,-31,0,0,0,,,text,SiliconFlow
8535,-5,-29,0,0,0,,,text,SiliconFlow
8536,-5,-27,0,0,0,,,text,SiliconFlow
8537,-5,-25,0,0,0,,,text,SiliconFlow
8538,-5,-23,0,0,0,,,text,SiliconFlow
8539,-5,-21,0,0,0,,,text,SiliconFlow
8540,-5,-19,0,0,0,,,text,SiliconFlow
8541,-5,-17,0,0,0,,,text,SiliconFlow
8542,-5,-15,0,0,0,,,text,SiliconFlow
8543,-5,-13,0,0,0,,,text,SiliconFlow
8544,-5,-11,0,0,0,,,text,SiliconFlow
8545,-5,-9,0,0,0,,,text,SiliconFlow
8546,-5,-7,0,0,0,,,text,SiliconFlow
8547,-5,-5,0,0,0,,,text,SiliconFlow
8548,-5,-3,0,0,0,,,text,SiliconFlow
8549,-5,-1,0,0,0,,,text,SiliconFlow
8550,-5,1,0,0,1,,,text,SiliconFlow
8551,-5,3,0,0,0,,,text,SiliconFlow
8552,-5,5,0,0,0,,,text,SiliconFlow
8553,-5,7,0,0,0,,,text,SiliconFlow
8554,-5,9,0,0,0,,,text,SiliconFlow
8555,-5,11,0,0,0,,,text,SiliconFlow
8556,-5,13,1,1,0,,,text,SiliconFlow
8557,-5,15,1,1,0,,,text,SiliconFlow
8558,-5,17,1,1,0,,,text,SiliconFlow
8559,-5,19,1,1,1,,,text,SiliconFlow
8560,-5,21,1,1,0,,,text,SiliconFlow
8561,-5,23,1,1,1,,,text,SiliconFlow
8562,-5,25,1,1,0,,,text,SiliconFlow
8563,-5,27,1,1,0,,,text,SiliconFlow
8564,-5,29,1,1,1,,,text,SiliconFlow
8565,-5,31,1,1,1,,,text,SiliconFlow
8566,-5,33,1,1,0,,,text,SiliconFlow
8567,-5,35,1,1,0,,,text,SiliconFlow
8568,-5,37,1,1,1,,,text,SiliconFlow
8569,-5,39,1,1,0,,,text,SiliconFlow
8570,-5,41,0,0,0,,,text,SiliconFlow
8571,-5,43,0,0,1,,,text,SiliconFlow
8572,-5,45,0,0,0,,,text,SiliconFlow
8573,-5,47,0,0,0,,,text,SiliconFlow
8574,-5,49,0,0,0,,,text,SiliconFlow
8575,-5,51,0,0,0,,,text,SiliconFlow
8576,-5,53,0,0,0,,,text,SiliconFlow
8577,-5,55,0,0,0,,,text,SiliconFlow
8578,-5,57,0,0,0,,,text,SiliconFlow
8579,-5,59,0,0,0,,,text,SiliconFlow
8580,-5,61,0,0,0,,,text,SiliconFlow
8581,-5,63,0,0,0,,,text,SiliconFlow
8582,-5,65,0,0,0,,,text,SiliconFlow
8583,-5,67,0,0,0,,,text,SiliconFlow
8584,-5,69,0,0,0,,,text,SiliconFlow
8585,-5,71,0,0,0,,,text,SiliconFlow
8586,-5,73,0,0,0,,,text,SiliconFlow
8587,-5,75,0,0,0,,,text,SiliconFlow
8588,-5,77,0,0,0,,,text,SiliconFlow
8589,-5,79,0,0,0,,,text,SiliconFlow
8590,-5,81,0,0,0,,,text,SiliconFlow
8591,-5,83,0,0,0,,,text,SiliconFlow
8592,-5,85,0,0,0,,,text,SiliconFlow
8593,-5,87,0,0,0,,,text,SiliconFlow
8594,-5,89,0,0,0,,,text,SiliconFlow
8595,-5,91,0,0,0,,,text,SiliconFlow
8596,-5,93,0,0,0,,,text,SiliconFlow
8597,-5,95,0,0,0,,,text,SiliconFlow
8598,-5,97,0,0,0,,,text,SiliconFlow
8599,-5,99,0,0,0,,,text,SiliconFlow
8600,-5,101,0,0,0,,,text,SiliconFlow
8601,-5,103,0,0,0,,,text,SiliconFlow
8602,-5,105,1,1,0,,,text,SiliconFlow
8603,-5,107,0,0,0,,,text,SiliconFlow
8604,-5,109,0,0,0,,,text,SiliconFlow
8605,-5,111,0,0,0,,,text,SiliconFlow
8606,-5,113,0,0,0,,,text,SiliconFlow
8607,-5,115,0,0,0,,,text,SiliconFlow
8608,-5,117,0,0,0,,,text,SiliconFlow
8609,-5,119,0,0,0,,,text,SiliconFlow
8610,-5,121,0,0,0,,,text,SiliconFlow
8611,-5,123,0,0,0,,,text,SiliconFlow
8612,-5,125,0,0,0,,,text,SiliconFlow
8613,-5,127,0,0,0,,,text,SiliconFlow
8614,-5,129,0,0,0,,,text,SiliconFlow
8615,-5,131,0,0,0,,,text,SiliconFlow
8616,-5,133,0,0,0,,,text,SiliconFlow
8617,-5,135,0,0,0,,,text,SiliconFlow
8618,-5,137,0,0,0,,,text,SiliconFlow
8619,-5,139,1,1,0,,,text,SiliconFlow
8620,-5,141,1,1,1,,,text,SiliconFlow
8621,-5,143,1,1,0,,,text,SiliconFlow
8622,-5,145,1,1,0,,,text,SiliconFlow
8623,-5,147,0,0,0,,,text,SiliconFlow
8624,-5,149,0,0,0,,,text,SiliconFlow
8625,-5,151,0,0,0,,,text,SiliconFlow
8626,-5,153,0,0,0,,,text,SiliconFlow
8627,-5,155,0,0,0,,,text,SiliconFlow
8628,-5,157,0,0,0,,,text,SiliconFlow
8629,-5,159,0,0,0,,,text,SiliconFlow
8630,-5,161,0,0,0,,,text,SiliconFlow
8631,-5,163,0,0,0,,,text,SiliconFlow
8632,-5,165,0,0,0,,,text,SiliconFlow
8633,-5,167,0,0,0,,,text,SiliconFlow
8634,-5,169,0,0,0,,,text,SiliconFlow
8635,-5,171,0,0,0,,,text,SiliconFlow
8636,-5,173,0,0,0,,,text,SiliconFlow
8637,-5,175,0,0,0,,,text,SiliconFlow
8638,-5,177,0,0,0,,,text,SiliconFlow
8639,-5,179,0,0,0,,,text,SiliconFlow
8640,-7,-179,0,0,0,,,text,SiliconFlow
8641,-7,-177,0,0,0,,,text,SiliconFlow
8642,-7,-175,0,0,0,,,text,SiliconFlow
8643,-7,-173,0,0,0,,,text,SiliconFlow
8644,-7,-171,0,0,0,,,text,SiliconFlow
8645,-7,-169,0,0,0,,,text,SiliconFlow
8646,-7,-167,0,0,0,,,text,SiliconFlow
8647,-7,-165,0,0,0,,,text,SiliconFlow
8648,-7,-163,0,0,0,,,text,SiliconFlow
8649,-7,-161,0,0,0,,,text,SiliconFlow
8650,-7,-159,0,0,0,,,text,SiliconFlow
8651,-7,-157,0,0,0,,,text,SiliconFlow
8652,-7,-155,0,0,0,,,text,SiliconFlow
8653,-7,-153,0,0,0,,,text,SiliconFlow
8654,-7,-151,0,0,0,,,text,SiliconFlow
8655,-7,-149,0,0,0,,,text,SiliconFlow
8656,-7,-147,0,0,0,,,text,SiliconFlow
8657,-7,-145,0,0,0,,,text,SiliconFlow
8658,-7,-143,0,0,0,,,text,SiliconFlow
8659,-7,-141,0,0,0,,,text,SiliconFlow
8660,-7,-139,0,0,0,,,text,SiliconFlow
8661,-7,-137,0,0,0,,,text,SiliconFlow
8662,-7,-135,0,0,0,,,text,SiliconFlow
8663,-7,-133,0,0,0,,,text,SiliconFlow
8664,-7,-131,0,0,0,,,text,SiliconFlow
8665,-7,-129,0,0,0,,,text,SiliconFlow
8666,-7,-127,0,0,0,,,text,SiliconFlow
8667,-7,-125,0,0,0,,,text,SiliconFlow
8668,-7,-123,0,0,0,,,text,SiliconFlow
8669,-7,-121,0,0,0,,,text,SiliconFlow
8670,-7,-119,0,0,0,,,text,SiliconFlow
8671,-7,-117,0,0,0,,,text,SiliconFlow
8672,-7,-115,0,0,0,,,text,SiliconFlow
8673,-7,-113,0,0,0,,,text,SiliconFlow
8674,-7,-111,0,0,0,,,text,SiliconFlow
8675,-7,-109,0,0,0,,,text,SiliconFlow
8676,-7,-107,0,0,0,,,text,SiliconFlow
8677,-7,-105,0,0,0,,,text,SiliconFlow
8678,-7,-103,0,0,0,,,text,SiliconFlow
8679,-7,-101,0,0,0,,,text,SiliconFlow
8680,-7,-99,0,0,0,,,text,SiliconFlow
8681,-7,-97,0,0,0,,,text,SiliconFlow
8682,-7,-95,0,0,0,,,text,SiliconFlow
8683,-7,-93,0,0,0,,,text,SiliconFlow
8684,-7,-91,0,0,0,,,text,SiliconFlow
8685,-7,-89,0,0,0,,,text,SiliconFlow
8686,-7,-87,0,0,0,,,text,SiliconFlow
8687,-7,-85,0,0,0,,,text,SiliconFlow
8688,-7,-83,0,0,0,,,text,SiliconFlow
8689,-7,-81,0,0,0,,,text,SiliconFlow
8690,-7,-79,1,1,0,,,text,SiliconFlow
8691,-7,-77,1,1,0,,,text,SiliconFlow
8692,-7,-75,1,1,0,,,text,SiliconFlow
8693,-7,-73,1,1,0,,,text,SiliconFlow
8694,-7,-71,1,1,0,,,text,SiliconFlow
8695,-7,-69,1,1,0,,,text,SiliconFlow
8696,-7,-67,1,1,0,,,text,SiliconFlow
8697,-7,-65,1,1,0,,,text,SiliconFlow
8698,-7,-63,1,1,0,,,text,SiliconFlow
8699,-7,-61,1,1,0,,,text,SiliconFlow
8700,-7,-59,1,1,0,,,text,SiliconFlow
8701,-7,-57,1,1,0,,,text,SiliconFlow
8702,-7,-55,1,1,0,,,text,SiliconFlow
8703,-7,-53,1,1,0,,,text,SiliconFlow
8704,-7,-51,1,1,1,,,text,SiliconFlow
8705,-7,-49,1,1,0,,,text,SiliconFlow
8706,-7,-47,1,1,1,,,text,SiliconFlow
8707,-7,-45,1,1,0,,,text,SiliconFlow
8708,-7,-43,1,1,0,,,text,SiliconFlow
8709,-7,-41,1,1,0,,,text,SiliconFlow
8710,-7,-39,1,1,0,,,text,SiliconFlow
8711,-7,-37,1,1,0,,,text,SiliconFlow
8712,-7,-35,1,1,0,,,text,SiliconFlow
8713,-7,-33,0,0,0,,,text,SiliconFlow
8714,-7,-31,0,0,0,,,text,SiliconFlow
8715,-7,-29,0,0,0,,,text,SiliconFlow
8716,-7,-27,0,0,0,,,text,SiliconFlow
8717,-7,-25,0,0,0,,,text,SiliconFlow
8718,-7,-23,0,0,0,,,text,SiliconFlow
8719,-7,-21,0,0,0,,,text,SiliconFlow
8720,-7,-19,0,0,0,,,text,SiliconFlow
8721,-7,-17,0,0,0,,,text,SiliconFlow
8722,-7,-15,0,0,0,,,text,SiliconFlow
8723,-7,-13,0,0,0,,,text,SiliconFlow
8724,-7,-11,0,0,0,,,text,SiliconFlow
8725,-7,-9,0,0,0,,,text,SiliconFlow
8726,-7,-7,0,0,0,,,text,SiliconFlow
8727,-7,-5,0,0,0,,,text,SiliconFlow
8728,-7,-3,0,0,0,,,text,SiliconFlow
8729,-7,-1,0,0,0,,,text,SiliconFlow
8730,-7,1,0,0,0,,,text,SiliconFlow
8731,-7,3,0,0,0,,,text,SiliconFlow
8732,-7,5,0,0,0,,,text,SiliconFlow
8733,-7,7,0,0,0,,,text,SiliconFlow
8734,-7,9,0,0,0,,,text,SiliconFlow
8735,-7,11,0,0,0,,,text,SiliconFlow
8736,-7,13,1,1,0,,,text,SiliconFlow
8737,-7,15,1,1,0,,,text,SiliconFlow
8738,-7,17,1,1,0,,,text,SiliconFlow
8739,-7,19,1,1,0,,,text,SiliconFlow
8740,-7,21,1,1,0,,,text,SiliconFlow
8741,-7,23,1,1,1,,,text,SiliconFlow
8742,-7,25,1,1,1,,,text,SiliconFlow
8743,-7,27,1,1,0,,,text,SiliconFlow
8744,-7,29,1,1,0,,,text,SiliconFlow
8745,-7,31,1,1,1,,,text,SiliconFlow
8746,-7,33,1,1,0,,,text,SiliconFlow
8747,-7,35,1,1,1,,,text,SiliconFlow
8748,-7,37,1,1,1,,,text,SiliconFlow
8749,-7,39,1,1,0,,,text,SiliconFlow
8750,-7,41,0,0,0,,,text,SiliconFlow
8751,-7,43,0,0,0,,,text,SiliconFlow
8752,-7,45,0,0,0,,,text,SiliconFlow
8753,-7,47,0,0,0,,,text,SiliconFlow
8754,-7,49,0,0,0,,,text,SiliconFlow
8755,-7,51,0,0,0,,,text,SiliconFlow
8756,-7,53,0,0,1,,,text,SiliconFlow
8757,-7,55,0,0,0,,,text,SiliconFlow
8758,-7,57,0,0,0,,,text,SiliconFlow
8759,-7,59,0,0,0,,,text,SiliconFlow
8760,-7,61,0,0,0,,,text,SiliconFlow
8761,-7,63,0,0,0,,,text,SiliconFlow
8762,-7,65,0,0,0,,,text,SiliconFlow
8763,-7,67,0,0,0,,,text,SiliconFlow
8764,-7,69,0,0,0,,,text,SiliconFlow
8765,-7,71,0,0,0,,,text,SiliconFlow
8766,-7,73,0,0,0,,,text,SiliconFlow
8767,-7,75,0,0,0,,,text,SiliconFlow
8768,-7,77,0,0,0,,,text,SiliconFlow
8769,-7,79,0,0,0,,,text,SiliconFlow
8770,-7,81,0,0,0,,,text,SiliconFlow
8771,-7,83,0,0,0,,,text,SiliconFlow
8772,-7,85,0,0,0,,,text,SiliconFlow
8773,-7,87,0,0,0,,,text,SiliconFlow
8774,-7,89,0,0,0,,,text,SiliconFlow
8775,-7,91,0,0,0,,,text,SiliconFlow
8776,-7,93,0,0,0,,,text,SiliconFlow
8777,-7,95,0,0,0,,,text,SiliconFlow
8778,-7,97,0,0,0,,,text,SiliconFlow
8779,-7,99,0,0,0,,,text,SiliconFlow
8780,-7,101,0,0,0,,,text,SiliconFlow
8781,-7,103,0,0,0,,,text,SiliconFlow
8782,-7,105,0,0,0,,,text,SiliconFlow
8783,-7,107,1,1,1,,,text,SiliconFlow
8784,-7,109,1,1,0,,,text,SiliconFlow
8785,-7,111,1,1,0,,,text,SiliconFlow
8786,-7,113,1,1,0,,,text,SiliconFlow
8787,-7,115,0,0,0,,,text,SiliconFlow
8788,-7,117,0,0,0,,,text,SiliconFlow
8789,-7,119,0,0,0,,,text,SiliconFlow
8790,-7,121,0,0,0,,,text,SiliconFlow
8791,-7,123,0,0,0,,,text,SiliconFlow
8792,-7,125,0,0,0,,,text,SiliconFlow
8793,-7,127,0,0,0,,,text,SiliconFlow
8794,-7,129,0,0,0,,,text,SiliconFlow
8795,-7,131,0,0,0,,,text,SiliconFlow
8796,-7,133,0,0,0,,,text,SiliconFlow
8797,-7,135,0,0,0,,,text,SiliconFlow
8798,-7,137,0,0,0,,,text,SiliconFlow
8799,-7,139,1,1,1,,,text,SiliconFlow
8800,-7,141,1,1,1,,,text,SiliconFlow
8801,-7,143,1,1,0,,,text,SiliconFlow
8802,-7,145,1,1,0,,,text,SiliconFlow
8803,-7,147,0,0,0,,,text,SiliconFlow
8804,-7,149,0,0,0,,,text,SiliconFlow
8805,-7,151,0,0,0,,,text,SiliconFlow
8806,-7,153,0,0,0,,,text,SiliconFlow
8807,-7,155,0,0,0,,,text,SiliconFlow
8808,-7,157,1,1,0,,,text,SiliconFlow
8809,-7,159,0,0,0,,,text,SiliconFlow
8810,-7,161,0,0,0,,,text,SiliconFlow
8811,-7,163,0,0,0,,,text,SiliconFlow
8812,-7,165,0,0,0,,,text,SiliconFlow
8813,-7,167,0,0,0,,,text,SiliconFlow
8814,-7,169,0,0,0,,,text,SiliconFlow
8815,-7,171,0,0,0,,,text,SiliconFlow
8816,-7,173,0,0,0,,,text,SiliconFlow
8817,-7,175,0,0,0,,,text,SiliconFlow
8818,-7,177,0,0,0,,,text,SiliconFlow
8819,-7,179,0,0,0,,,text,SiliconFlow
8820,-9,-179,0,0,0,,,text,SiliconFlow
8821,-9,-177,0,0,0,,,text,SiliconFlow
8822,-9,-175,0,0,0,,,text,SiliconFlow
8823,-9,-173,0,0,0,,,text,SiliconFlow
8824,-9,-171,0,0,0,,,text,SiliconFlow
8825,-9,-169,0,0,0,,,text,SiliconFlow
8826,-9,-167,0,0,0,,,text,SiliconFlow
8827,-9,-165,0,0,0,,,text,SiliconFlow
8828,-9,-163,0,0,0,,,text,SiliconFlow
8829,-9,-161,0,0,0,,,text,SiliconFlow
8830,-9,-159,0,0,0,,,text,SiliconFlow
8831,-9,-157,0,0,0,,,text,SiliconFlow
8832,-9,-155,0,0,0,,,text,SiliconFlow
8833,-9,-153,0,0,0,,,text,SiliconFlow
8834,-9,-151,0,0,0,,,text,SiliconFlow
8835,-9,-149,0,0,0,,,text,SiliconFlow
8836,-9,-147,0,0,0,,,text,SiliconFlow
8837,-9,-145,0,0,0,,,text,SiliconFlow
8838,-9,-143,0,0,0,,,text,SiliconFlow
8839,-9,-141,0,0,0,,,text,SiliconFlow
8840,-9,-139,0,0,0,,,text,SiliconFlow
8841,-9,-137,0,0,0,,,text,SiliconFlow
8842,-9,-135,0,0,0,,,text,SiliconFlow
8843,-9,-133,0,0,0,,,text,SiliconFlow
8844,-9,-131,0,0,0,,,text,SiliconFlow
8845,-9,-129,0,0,0,,,text,SiliconFlow
8846,-9,-127,0,0,0,,,text,SiliconFlow
8847,-9,-125,0,0,0,,,text,SiliconFlow
8848,-9,-123,0,0,0,,,text,SiliconFlow
8849,-9,-121,0,0,0,,,text,SiliconFlow
8850,-9,-119,0,0,0,,,text,SiliconFlow
8851,-9,-117,0,0,0,,,text,SiliconFlow
8852,-9,-115,0,0,0,,,text,SiliconFlow
8853,-9,-113,0,0,0,,,text,SiliconFlow
8854,-9,-111,0,0,0,,,text,SiliconFlow
8855,-9,-109,0,0,0,,,text,SiliconFlow
8856,-9,-107,0,0,0,,,text,SiliconFlow
8857,-9,-105,0,0,0,,,text,SiliconFlow
8858,-9,-103,0,0,0,,,text,SiliconFlow
8859,-9,-101,0,0,0,,,text,SiliconFlow
8860,-9,-99,0,0,0,,,text,SiliconFlow
8861,-9,-97,0,0,0,,,text,SiliconFlow
8862,-9,-95,0,0,0,,,text,SiliconFlow
8863,-9,-93,0,0,0,,,text,SiliconFlow
8864,-9,-91,0,0,0,,,text,SiliconFlow
8865,-9,-89,0,0,0,,,text,SiliconFlow
8866,-9,-87,0,0,0,,,text,SiliconFlow
8867,-9,-85,0,0,0,,,text,SiliconFlow
8868,-9,-83,0,0,0,,,text,SiliconFlow
8869,-9,-81,0,0,0,,,text,SiliconFlow
8870,-9,-79,0,0,0,,,text,SiliconFlow
8871,-9,-77,1,1,1,,,text,SiliconFlow
8872,-9,-75,1,1,1,,,text,SiliconFlow
8873,-9,-73,1,1,1,,,text,SiliconFlow
8874,-9,-71,1,1,0,,,text,SiliconFlow
8875,-9,-69,1,1,1,,,text,SiliconFlow
8876,-9,-67,1,1,0,,,text,SiliconFlow
8877,-9,-65,1,1,0,,,text,SiliconFlow
8878,-9,-63,1,1,0,,,text,SiliconFlow
8879,-9,-61,1,1,0,,,text,SiliconFlow
8880,-9,-59,1,1,0,,,text,SiliconFlow
8881,-9,-57,1,1,0,,,text,SiliconFlow
8882,-9,-55,1,1,1,,,text,SiliconFlow
8883,-9,-53,1,1,0,,,text,SiliconFlow
8884,-9,-51,1,1,0,,,text,SiliconFlow
8885,-9,-49,1,1,0,,,text,SiliconFlow
8886,-9,-47,1,1,1,,,text,SiliconFlow
8887,-9,-45,1,1,0,,,text,SiliconFlow
8888,-9,-43,1,1,0,,,text,SiliconFlow
8889,-9,-41,1,1,0,,,text,SiliconFlow
8890,-9,-39,1,1,0,,,text,SiliconFlow
8891,-9,-37,1,1,0,,,text,SiliconFlow
8892,-9,-35,0,0,0,,,text,SiliconFlow
8893,-9,-33,0,0,0,,,text,SiliconFlow
8894,-9,-31,0,0,0,,,text,SiliconFlow
8895,-9,-29,0,0,0,,,text,SiliconFlow
8896,-9,-27,0,0,0,,,text,SiliconFlow
8897,-9,-25,0,0,0,,,text,SiliconFlow
8898,-9,-23,0,0,0,,,text,SiliconFlow
8899,-9,-21,0,0,0,,,text,SiliconFlow
8900,-9,-19,0,0,0,,,text,SiliconFlow
8901,-9,-17,0,0,0,,,text,SiliconFlow
8902,-9,-15,0,0,0,,,text,SiliconFlow
8903,-9,-13,0,0,0,,,text,SiliconFlow
8904,-9,-11,0,0,0,,,text,SiliconFlow
8905,-9,-9,0,0,0,,,text,SiliconFlow
8906,-9,-7,0,0,0,,,text,SiliconFlow
8907,-9,-5,0,0,0,,,text,SiliconFlow
8908,-9,-3,0,0,0,,,text,SiliconFlow
8909,-9,-1,0,0,0,,,text,SiliconFlow
8910,-9,1,0,0,0,,,text,SiliconFlow
8911,-9,3,0,0,0,,,text,SiliconFlow
8912,-9,5,0,0,0,,,text,SiliconFlow
8913,-9,7,0,0,0,,,text,SiliconFlow
8914,-9,9,0,0,0,,,text,SiliconFlow
8915,-9,11,0,0,0,,,text,SiliconFlow
8916,-9,13,0,0,0,,,text,SiliconFlow
8917,-9,15,1,1,0,,,text,SiliconFlow
8918,-9,17,1,1,0,,,text,SiliconFlow
8919,-9,19,1,1,0,,,text,SiliconFlow
8920,-9,21,1,1,0,,,text,SiliconFlow
8921,-9,23,1,1,1,,,text,SiliconFlow
8922,-9,25,1,1,1,,,text,SiliconFlow
8923,-9,27,1,1,0,,,text,SiliconFlow
8924,-9,29,1,1,0,,,text,SiliconFlow
8925,-9,31,1,1,1,,,text,SiliconFlow
8926,-9,33,1,1,0,,,text,SiliconFlow
8927,-9,35,1,1,0,,,text,SiliconFlow
8928,-9,37,1,1,0,,,text,SiliconFlow
8929,-9,39,1,1,1,,,text,SiliconFlow
8930,-9,41,0,0,0,,,text,SiliconFlow
8931,-9,43,0,0,0,,,text,SiliconFlow
8932,-9,45,0,0,0,,,text,SiliconFlow
8933,-9,47,0,0,0,,,text,SiliconFlow
8934,-9,49,0,0,0,,,text,SiliconFlow
8935,-9,51,0,0,0,,,text,SiliconFlow
8936,-9,53,0,0,0,,,text,SiliconFlow
8937,-9,55,0,0,0,,,text,SiliconFlow
8938,-9,57,0,0,0,,,text,SiliconFlow
8939,-9,59,0,0,0,,,text,SiliconFlow
8940,-9,61,0,0,0,,,text,SiliconFlow
8941,-9,63,0,0,0,,,text,SiliconFlow
8942,-9,65,0,0,0,,,text,SiliconFlow
8943,-9,67,0,0,0,,,text,SiliconFlow
8944,-9,69,0,0,0,,,text,SiliconFlow
8945,-9,71,0,0,0,,,text,SiliconFlow
8946,-9,73,0,0,0,,,text,SiliconFlow
8947,-9,75,0,0,0,,,text,SiliconFlow
8948,-9,77,0,0,0,,,text,SiliconFlow
8949,-9,79,0,0,0,,,text,SiliconFlow
8950,-9,81,0,0,0,,,text,SiliconFlow
8951,-9,83,0,0,0,,,text,SiliconFlow
8952,-9,85,0,0,0,,,text,SiliconFlow
8953,-9,87,0,0,0,,,text,SiliconFlow
8954,-9,89,0,0,0,,,text,SiliconFlow
8955,-9,91,0,0,0,,,text,SiliconFlow
8956,-9,93,0,0,0,,,text,SiliconFlow
8957,-9,95,0,0,0,,,text,SiliconFlow
8958,-9,97,0,0,0,,,text,SiliconFlow
8959,-9,99,0,0,0,,,text,SiliconFlow
8960,-9,101,0,0,0,,,text,SiliconFlow
8961,-9,103,0,0,0,,,text,SiliconFlow
8962,-9,105,0,0,0,,,text,SiliconFlow
8963,-9,107,0,0,0,,,text,SiliconFlow
8964,-9,109,0,0,0,,,text,SiliconFlow
8965,-9,111,0,0,0,,,text,SiliconFlow
8966,-9,113,0,0,0,,,text,SiliconFlow
8967,-9,115,0,0,0,,,text,SiliconFlow
8968,-9,117,1,1,0,,,text,SiliconFlow
8969,-9,119,0,0,0,,,text,SiliconFlow
8970,-9,121,0,0,0,,,text,SiliconFlow
8971,-9,123,0,0,0,,,text,SiliconFlow
8972,-9,125,1,1,0,,,text,SiliconFlow
8973,-9,127,0,0,0,,,text,SiliconFlow
8974,-9,129,0,0,0,,,text,SiliconFlow
8975,-9,131,0,0,0,,,text,SiliconFlow
8976,-9,133,0,0,0,,,text,SiliconFlow
8977,-9,135,0,0,0,,,text,SiliconFlow
8978,-9,137,0,0,0,,,text,SiliconFlow
8979,-9,139,0,0,0,,,text,SiliconFlow
8980,-9,141,1,1,0,,,text,SiliconFlow
8981,-9,143,1,1,0,,,text,SiliconFlow
8982,-9,145,0,0,0,,,text,SiliconFlow
8983,-9,147,1,1,0,,,text,SiliconFlow
8984,-9,149,0,0,0,,,text,SiliconFlow
8985,-9,151,0,0,0,,,text,SiliconFlow
8986,-9,153,0,0,0,,,text,SiliconFlow
8987,-9,155,0,0,0,,,text,SiliconFlow
8988,-9,157,0,0,0,,,text,SiliconFlow
8989,-9,159,0,0,0,,,text,SiliconFlow
8990,-9,161,1,1,0,,,text,SiliconFlow
8991,-9,163,0,0,0,,,text,SiliconFlow
8992,-9,165,0,0,0,,,text,SiliconFlow
8993,-9,167,0,0,0,,,text,SiliconFlow
8994,-9,169,0,0,0,,,text,SiliconFlow
8995,-9,171,0,0,0,,,text,SiliconFlow
8996,-9,173,0,0,0,,,text,SiliconFlow
8997,-9,175,0,0,0,,,text,SiliconFlow
8998,-9,177,0,0,0,,,text,SiliconFlow
8999,-9,179,0,0,0,,,text,SiliconFlow
9000,-11,-179,0,0,0,,,text,SiliconFlow
9001,-11,-177,0,0,0,,,text,SiliconFlow
9002,-11,-175,0,0,0,,,text,SiliconFlow
9003,-11,-173,0,0,0,,,text,SiliconFlow
9004,-11,-171,0,0,0,,,text,SiliconFlow
9005,-11,-169,0,0,0,,,text,SiliconFlow
9006,-11,-167,0,0,0,,,text,SiliconFlow
9007,-11,-165,0,0,0,,,text,SiliconFlow
9008,-11,-163,0,0,0,,,text,SiliconFlow
9009,-11,-161,0,0,0,,,text,SiliconFlow
9010,-11,-159,0,0,0,,,text,SiliconFlow
9011,-11,-157,0,0,0,,,text,SiliconFlow
9012,-11,-155,0,0,0,,,text,SiliconFlow
9013,-11,-153,0,0,0,,,text,SiliconFlow
9014,-11,-151,0,0,0,,,text,SiliconFlow
9015,-11,-149,0,0,0,,,text,SiliconFlow
9016,-11,-147,0,0,0,,,text,SiliconFlow
9017,-11,-145,0,0,0,,,text,SiliconFlow
9018,-11,-143,0,0,0,,,text,SiliconFlow
9019,-11,-141,0,0,0,,,text,SiliconFlow
9020,-11,-139,0,0,0,,,text,SiliconFlow
9021,-11,-137,0,0,0,,,text,SiliconFlow
9022,-11,-135,0,0,0,,,text,SiliconFlow
9023,-11,-133,0,0,0,,,text,SiliconFlow
9024,-11,-131,0,0,0,,,text,SiliconFlow
9025,-11,-129,0,0,0,,,text,SiliconFlow
9026,-11,-127,0,0,0,,,text,SiliconFlow
9027,-11,-125,0,0,0,,,text,SiliconFlow
9028,-11,-123,0,0,0,,,text,SiliconFlow
9029,-11,-121,0,0,0,,,text,SiliconFlow
9030,-11,-119,0,0,0,,,text,SiliconFlow
9031,-11,-117,0,0,0,,,text,SiliconFlow
9032,-11,-115,0,0,0,,,text,SiliconFlow
9033,-11,-113,0,0,0,,,text,SiliconFlow
9034,-11,-111,0,0,0,,,text,SiliconFlow
9035,-11,-109,0,0,0,,,text,SiliconFlow
9036,-11,-107,0,0,0,,,text,SiliconFlow
9037,-11,-105,0,0,0,,,text,SiliconFlow
9038,-11,-103,0,0,0,,,text,SiliconFlow
9039,-11,-101,0,0,0,,,text,SiliconFlow
9040,-11,-99,0,0,0,,,text,SiliconFlow
9041,-11,-97,0,0,0,,,text,SiliconFlow
9042,-11,-95,0,0,0,,,text,SiliconFlow
9043,-11,-93,0,0,0,,,text,SiliconFlow
9044,-11,-91,0,0,0,,,text,SiliconFlow
9045,-11,-89,0,0,0,,,text,SiliconFlow
9046,-11,-87,0,0,0,,,text,SiliconFlow
9047,-11,-85,0,0,0,,,text,SiliconFlow
9048,-11,-83,0,0,0,,,text,SiliconFlow
9049,-11,-81,0,0,0,,,text,SiliconFlow
9050,-11,-79,0,0,0,,,text,SiliconFlow
9051,-11,-77,1,1,1,,,text,SiliconFlow
9052,-11,-75,1,1,1,,,text,SiliconFlow
9053,-11,-73,1,1,1,,,text,SiliconFlow
9054,-11,-71,1,1,1,,,text,SiliconFlow
9055,-11,-69,1,1,0,,,text,SiliconFlow
9056,-11,-67,1,1,0,,,text,SiliconFlow
9057,-11,-65,1,1,0,,,text,SiliconFlow
9058,-11,-63,1,1,1,,,text,SiliconFlow
9059,-11,-61,1,1,0,,,text,SiliconFlow
9060,-11,-59,1,1,1,,,text,SiliconFlow
9061,-11,-57,1,1,1,,,text,SiliconFlow
9062,-11,-55,1,1,1,,,text,SiliconFlow
9063,-11,-53,1,1,1,,,text,SiliconFlow
9064,-11,-51,1,1,0,,,text,SiliconFlow
9065,-11,-49,1,1,0,,,text,SiliconFlow
9066,-11,-47,1,1,1,,,text,SiliconFlow
9067,-11,-45,1,1,0,,,text,SiliconFlow
9068,-11,-43,1,0,0,,,text,SiliconFlow
9069,-11,-41,1,1,0,,,text,SiliconFlow
9070,-11,-39,1,1,0,,,text,SiliconFlow
9071,-11,-37,0,0,0,,,text,SiliconFlow
9072,-11,-35,0,0,0,,,text,SiliconFlow
9073,-11,-33,0,0,0,,,text,SiliconFlow
9074,-11,-31,0,0,0,,,text,SiliconFlow
9075,-11,-29,0,0,0,,,text,SiliconFlow
9076,-11,-27,0,0,0,,,text,SiliconFlow
9077,-11,-25,0,0,0,,,text,SiliconFlow
9078,-11,-23,0,0,0,,,text,SiliconFlow
9079,-11,-21,0,0,0,,,text,SiliconFlow
9080,-11,-19,0,0,0,,,text,SiliconFlow
9081,-11,-17,0,0,0,,,text,SiliconFlow
9082,-11,-15,0,0,0,,,text,SiliconFlow
9083,-11,-13,0,0,0,,,text,SiliconFlow
9084,-11,-11,0,0,0,,,text,SiliconFlow
9085,-11,-9,0,0,0,,,text,SiliconFlow
9086,-11,-7,0,0,0,,,text,SiliconFlow
9087,-11,-5,0,0,0,,,text,SiliconFlow
9088,-11,-3,0,0,0,,,text,SiliconFlow
9089,-11,-1,0,0,0,,,text,SiliconFlow
9090,-11,1,0,0,0,,,text,SiliconFlow
9091,-11,3,0,0,0,,,text,SiliconFlow
9092,-11,5,0,0,0,,,text,SiliconFlow
9093,-11,7,0,0,0,,,text,SiliconFlow
9094,-11,9,0,0,0,,,text,SiliconFlow
9095,-11,11,0,0,0,,,text,SiliconFlow
9096,-11,13,0,0,0,,,text,SiliconFlow
9097,-11,15,1,1,0,,,text,SiliconFlow
9098,-11,17,1,1,0,,,text,SiliconFlow
9099,-11,19,1,1,0,,,text,SiliconFlow
9100,-11,21,1,1,0,,,text,SiliconFlow
9101,-11,23,1,1,1,,,text,SiliconFlow
9102,-11,25,1,1,1,,,text,SiliconFlow
9103,-11,27,1,0,1,,,text,SiliconFlow
9104,-11,29,1,1,0,,,text,SiliconFlow
9105,-11,31,1,1,1,,,text,SiliconFlow
9106,-11,33,1,1,1,,,text,SiliconFlow
9107,-11,35,1,1,1,,,text,SiliconFlow
9108,-11,37,1,1,1,,,text,SiliconFlow
9109,-11,39,1,1,1,,,text,SiliconFlow
9110,-11,41,0,0,0,,,text,SiliconFlow
9111,-11,43,0,0,0,,,text,SiliconFlow
9112,-11,45,0,0,0,,,text,SiliconFlow
9113,-11,47,0,0,0,,,text,SiliconFlow
9114,-11,49,0,0,0,,,text,SiliconFlow
9115,-11,51,0,0,0,,,text,SiliconFlow
9116,-11,53,0,0,0,,,text,SiliconFlow
9117,-11,55,0,0,0,,,text,SiliconFlow
9118,-11,57,0,0,0,,,text,SiliconFlow
9119,-11,59,0,0,0,,,text,SiliconFlow
9120,-11,61,0,0,0,,,text,SiliconFlow
9121,-11,63,0,0,0,,,text,SiliconFlow
9122,-11,65,0,0,0,,,text,SiliconFlow
9123,-11,67,0,0,0,,,text,SiliconFlow
9124,-11,69,0,0,0,,,text,SiliconFlow
9125,-11,71,0,0,0,,,text,SiliconFlow
9126,-11,73,0,0,0,,,text,SiliconFlow
9127,-11,75,0,0,0,,,text,SiliconFlow
9128,-11,77,0,0,0,,,text,SiliconFlow
9129,-11,79,0,0,0,,,text,SiliconFlow
9130,-11,81,0,0,0,,,text,SiliconFlow
9131,-11,83,0,0,0,,,text,SiliconFlow
9132,-11,85,0,0,0,,,text,SiliconFlow
9133,-11,87,0,0,0,,,text,SiliconFlow
9134,-11,89,0,0,0,,,text,SiliconFlow
9135,-11,91,0,0,0,,,text,SiliconFlow
9136,-11,93,0,0,0,,,text,SiliconFlow
9137,-11,95,0,0,0,,,text,SiliconFlow
9138,-11,97,0,0,0,,,text,SiliconFlow
9139,-11,99,0,0,0,,,text,SiliconFlow
9140,-11,101,0,0,0,,,text,SiliconFlow
9141,-11,103,0,0,0,,,text,SiliconFlow
9142,-11,105,0,0,0,,,text,SiliconFlow
9143,-11,107,0,0,0,,,text,SiliconFlow
9144,-11,109,0,0,0,,,text,SiliconFlow
9145,-11,111,0,0,0,,,text,SiliconFlow
9146,-11,113,0,0,0,,,text,SiliconFlow
9147,-11,115,0,0,0,,,text,SiliconFlow
9148,-11,117,0,0,0,,,text,SiliconFlow
9149,-11,119,0,0,0,,,text,SiliconFlow
9150,-11,121,0,0,0,,,text,SiliconFlow
9151,-11,123,0,0,0,,,text,SiliconFlow
9152,-11,125,0,0,0,,,text,SiliconFlow
9153,-11,127,0,0,0,,,text,SiliconFlow
9154,-11,129,0,0,0,,,text,SiliconFlow
9155,-11,131,0,0,0,,,text,SiliconFlow
9156,-11,133,0,0,0,,,text,SiliconFlow
9157,-11,135,0,0,0,,,text,SiliconFlow
9158,-11,137,0,0,0,,,text,SiliconFlow
9159,-11,139,0,0,0,,,text,SiliconFlow
9160,-11,141,0,0,0,,,text,SiliconFlow
9161,-11,143,0,0,0,,,text,SiliconFlow
9162,-11,145,0,0,0,,,text,SiliconFlow
9163,-11,147,0,0,0,,,text,SiliconFlow
9164,-11,149,0,0,0,,,text,SiliconFlow
9165,-11,151,0,0,0,,,text,SiliconFlow
9166,-11,153,0,0,0,,,text,SiliconFlow
9167,-11,155,0,0,0,,,text,SiliconFlow
9168,-11,157,0,0,0,,,text,SiliconFlow
9169,-11,159,0,0,0,,,text,SiliconFlow
9170,-11,161,0,0,0,,,text,SiliconFlow
9171,-11,163,0,0,0,,,text,SiliconFlow
9172,-11,165,0,0,0,,,text,SiliconFlow
9173,-11,167,0,0,0,,,text,SiliconFlow
9174,-11,169,0,0,0,,,text,SiliconFlow
9175,-11,171,0,0,0,,,text,SiliconFlow
9176,-11,173,0,0,0,,,text,SiliconFlow
9177,-11,175,0,0,0,,,text,SiliconFlow
9178,-11,177,0,0,0,,,text,SiliconFlow
9179,-11,179,0,0,0,,,text,SiliconFlow
9180,-13,-179,0,0,0,,,text,SiliconFlow
9181,-13,-177,0,0,0,,,text,SiliconFlow
9182,-13,-175,0,0,0,,,text,SiliconFlow
9183,-13,-173,0,0,0,,,text,SiliconFlow
9184,-13,-171,0,0,0,,,text,SiliconFlow
9185,-13,-169,0,0,0,,,text,SiliconFlow
9186,-13,-167,0,0,0,,,text,SiliconFlow
9187,-13,-165,0,0,0,,,text,SiliconFlow
9188,-13,-163,0,0,0,,,text,SiliconFlow
9189,-13,-161,0,0,0,,,text,SiliconFlow
9190,-13,-159,0,0,0,,,text,SiliconFlow
9191,-13,-157,0,0,0,,,text,SiliconFlow
9192,-13,-155,0,0,0,,,text,SiliconFlow
9193,-13,-153,0,0,0,,,text,SiliconFlow
9194,-13,-151,0,0,0,,,text,SiliconFlow
9195,-13,-149,0,0,0,,,text,SiliconFlow
9196,-13,-147,0,0,0,,,text,SiliconFlow
9197,-13,-145,0,0,0,,,text,SiliconFlow
9198,-13,-143,0,0,0,,,text,SiliconFlow
9199,-13,-141,0,0,0,,,text,SiliconFlow
9200,-13,-139,0,0,0,,,text,SiliconFlow
9201,-13,-137,0,0,0,,,text,SiliconFlow
9202,-13,-135,0,0,0,,,text,SiliconFlow
9203,-13,-133,0,0,0,,,text,SiliconFlow
9204,-13,-131,0,0,0,,,text,SiliconFlow
9205,-13,-129,0,0,0,,,text,SiliconFlow
9206,-13,-127,0,0,0,,,text,SiliconFlow
9207,-13,-125,0,0,0,,,text,SiliconFlow
9208,-13,-123,0,0,0,,,text,SiliconFlow
9209,-13,-121,0,0,0,,,text,SiliconFlow
9210,-13,-119,0,0,0,,,text,SiliconFlow
9211,-13,-117,0,0,0,,,text,SiliconFlow
9212,-13,-115,0,0,0,,,text,SiliconFlow
9213,-13,-113,0,0,0,,,text,SiliconFlow
9214,-13,-111,0,0,0,,,text,SiliconFlow
9215,-13,-109,0,0,0,,,text,SiliconFlow
9216,-13,-107,0,0,0,,,text,SiliconFlow
9217,-13,-105,0,0,0,,,text,SiliconFlow
9218,-13,-103,0,0,0,,,text,SiliconFlow
9219,-13,-101,0,0,0,,,text,SiliconFlow
9220,-13,-99,0,0,0,,,text,SiliconFlow
9221,-13,-97,0,0,0,,,text,SiliconFlow
9222,-13,-95,0,0,0,,,text,SiliconFlow
9223,-13,-93,0,0,0,,,text,SiliconFlow
9224,-13,-91,0,0,0,,,text,SiliconFlow
9225,-13,-89,0,0,0,,,text,SiliconFlow
9226,-13,-87,0,0,0,,,text,SiliconFlow
9227,-13,-85,0,0,0,,,text,SiliconFlow
9228,-13,-83,0,0,0,,,text,SiliconFlow
9229,-13,-81,0,0,0,,,text,SiliconFlow
9230,-13,-79,0,0,0,,,text,SiliconFlow
9231,-13,-77,0,0,0,,,text,SiliconFlow
9232,-13,-75,1,1,1,,,text,SiliconFlow
9233,-13,-73,1,1,1,,,text,SiliconFlow
9234,-13,-71,1,1,1,,,text,SiliconFlow
9235,-13,-69,1,1,1,,,text,SiliconFlow
9236,-13,-67,1,1,0,,,text,SiliconFlow
9237,-13,-65,1,1,0,,,text,SiliconFlow
9238,-13,-63,1,1,1,,,text,SiliconFlow
9239,-13,-61,1,1,1,,,text,SiliconFlow
9240,-13,-59,1,1,1,,,text,SiliconFlow
9241,-13,-57,1,1,1,,,text,SiliconFlow
9242,-13,-55,1,1,0,,,text,SiliconFlow
9243,-13,-53,1,1,1,,,text,SiliconFlow
9244,-13,-51,1,1,0,,,text,SiliconFlow
9245,-13,-49,1,1,0,,,text,SiliconFlow
9246,-13,-47,1,1,1,,,text,SiliconFlow
9247,-13,-45,1,1,1,,,text,SiliconFlow
9248,-13,-43,1,1,0,,,text,SiliconFlow
9249,-13,-41,1,1,0,,,text,SiliconFlow
9250,-13,-39,1,1,0,,,text,SiliconFlow
9251,-13,-37,0,0,0,,,text,SiliconFlow
9252,-13,-35,0,0,0,,,text,SiliconFlow
9253,-13,-33,0,0,0,,,text,SiliconFlow
9254,-13,-31,0,0,0,,,text,SiliconFlow
9255,-13,-29,0,0,0,,,text,SiliconFlow
9256,-13,-27,0,0,0,,,text,SiliconFlow
9257,-13,-25,0,0,0,,,text,SiliconFlow
9258,-13,-23,0,0,0,,,text,SiliconFlow
9259,-13,-21,0,0,0,,,text,SiliconFlow
9260,-13,-19,0,0,0,,,text,SiliconFlow
9261,-13,-17,0,0,0,,,text,SiliconFlow
9262,-13,-15,0,0,0,,,text,SiliconFlow
9263,-13,-13,0,0,0,,,text,SiliconFlow
9264,-13,-11,0,0,0,,,text,SiliconFlow
9265,-13,-9,0,0,0,,,text,SiliconFlow
9266,-13,-7,0,0,0,,,text,SiliconFlow
9267,-13,-5,0,0,0,,,text,SiliconFlow
9268,-13,-3,0,0,0,,,text,SiliconFlow
9269,-13,-1,0,0,0,,,text,SiliconFlow
9270,-13,1,0,0,0,,,text,SiliconFlow
9271,-13,3,0,0,0,,,text,SiliconFlow
9272,-13,5,0,0,0,,,text,SiliconFlow
9273,-13,7,0,0,0,,,text,SiliconFlow
9274,-13,9,0,0,0,,,text,SiliconFlow
9275,-13,11,0,0,0,,,text,SiliconFlow
9276,-13,13,1,1,0,,,text,SiliconFlow
9277,-13,15,1,1,0,,,text,SiliconFlow
9278,-13,17,1,1,1,,,text,SiliconFlow
9279,-13,19,1,1,1,,,text,SiliconFlow
9280,-13,21,1,1,1,,,text,SiliconFlow
9281,-13,23,1,1,1,,,text,SiliconFlow
9282,-13,25,1,1,1,,,text,SiliconFlow
9283,-13,27,1,1,1,,,text,SiliconFlow
9284,-13,29,1,1,1,,,text,SiliconFlow
9285,-13,31,1,1,1,,,text,SiliconFlow
9286,-13,33,1,1,1,,,text,SiliconFlow
9287,-13,35,1,1,1,,,text,SiliconFlow
9288,-13,37,1,1,1,,,text,SiliconFlow
9289,-13,39,1,1,0,,,text,SiliconFlow
9290,-13,41,0,0,0,,,text,SiliconFlow
9291,-13,43,0,0,0,,,text,SiliconFlow
9292,-13,45,0,0,0,,,text,SiliconFlow
9293,-13,47,0,0,0,,,text,SiliconFlow
9294,-13,49,1,1,0,,,text,SiliconFlow
9295,-13,51,0,0,0,,,text,SiliconFlow
9296,-13,53,0,0,0,,,text,SiliconFlow
9297,-13,55,0,0,0,,,text,SiliconFlow
9298,-13,57,0,0,0,,,text,SiliconFlow
9299,-13,59,0,0,0,,,text,SiliconFlow
9300,-13,61,0,0,0,,,text,SiliconFlow
9301,-13,63,0,0,0,,,text,SiliconFlow
9302,-13,65,0,0,0,,,text,SiliconFlow
9303,-13,67,0,0,0,,,text,SiliconFlow
9304,-13,69,0,0,0,,,text,SiliconFlow
9305,-13,71,0,0,0,,,text,SiliconFlow
9306,-13,73,0,0,0,,,text,SiliconFlow
9307,-13,75,0,0,0,,,text,SiliconFlow
9308,-13,77,0,0,0,,,text,SiliconFlow
9309,-13,79,0,0,0,,,text,SiliconFlow
9310,-13,81,0,0,0,,,text,SiliconFlow
9311,-13,83,0,0,0,,,text,SiliconFlow
9312,-13,85,0,0,0,,,text,SiliconFlow
9313,-13,87,0,0,0,,,text,SiliconFlow
9314,-13,89,0,0,0,,,text,SiliconFlow
9315,-13,91,0,0,0,,,text,SiliconFlow
9316,-13,93,0,0,0,,,text,SiliconFlow
9317,-13,95,0,0,0,,,text,SiliconFlow
9318,-13,97,0,0,0,,,text,SiliconFlow
9319,-13,99,0,0,0,,,text,SiliconFlow
9320,-13,101,0,0,0,,,text,SiliconFlow
9321,-13,103,0,0,0,,,text,SiliconFlow
9322,-13,105,0,0,0,,,text,SiliconFlow
9323,-13,107,0,0,0,,,text,SiliconFlow
9324,-13,109,0,0,0,,,text,SiliconFlow
9325,-13,111,0,0,0,,,text,SiliconFlow
9326,-13,113,0,0,0,,,text,SiliconFlow
9327,-13,115,0,0,0,,,text,SiliconFlow
9328,-13,117,0,0,0,,,text,SiliconFlow
9329,-13,119,0,0,0,,,text,SiliconFlow
9330,-13,121,0,0,0,,,text,SiliconFlow
9331,-13,123,0,0,0,,,text,SiliconFlow
9332,-13,125,0,0,0,,,text,SiliconFlow
9333,-13,127,0,0,0,,,text,SiliconFlow
9334,-13,129,0,0,0,,,text,SiliconFlow
9335,-13,131,1,1,1,,,text,SiliconFlow
9336,-13,133,1,1,1,,,text,SiliconFlow
9337,-13,135,1,1,1,,,text,SiliconFlow
9338,-13,137,0,0,1,,,text,SiliconFlow
9339,-13,139,0,0,0,,,text,SiliconFlow
9340,-13,141,0,0,1,,,text,SiliconFlow
9341,-13,143,1,1,0,,,text,SiliconFlow
9342,-13,145,0,0,0,,,text,SiliconFlow
9343,-13,147,0,0,0,,,text,SiliconFlow
9344,-13,149,0,0,0,,,text,SiliconFlow
9345,-13,151,0,0,0,,,text,SiliconFlow
9346,-13,153,0,0,0,,,text,SiliconFlow
9347,-13,155,0,0,0,,,text,SiliconFlow
9348,-13,157,0,0,0,,,text,SiliconFlow
9349,-13,159,0,0,0,,,text,SiliconFlow
9350,-13,161,0,0,0,,,text,SiliconFlow
9351,-13,163,0,0,0,,,text,SiliconFlow
9352,-13,165,0,0,0,,,text,SiliconFlow
9353,-13,167,0,0,0,,,text,SiliconFlow
9354,-13,169,0,0,0,,,text,SiliconFlow
9355,-13,171,0,0,0,,,text,SiliconFlow
9356,-13,173,0,0,0,,,text,SiliconFlow
9357,-13,175,0,0,0,,,text,SiliconFlow
9358,-13,177,0,0,0,,,text,SiliconFlow
9359,-13,179,0,0,0,,,text,SiliconFlow
9360,-15,-179,0,0,0,,,text,SiliconFlow
9361,-15,-177,0,0,0,,,text,SiliconFlow
9362,-15,-175,0,0,0,,,text,SiliconFlow
9363,-15,-173,0,0,0,,,text,SiliconFlow
9364,-15,-171,0,0,0,,,text,SiliconFlow
9365,-15,-169,0,0,0,,,text,SiliconFlow
9366,-15,-167,0,0,0,,,text,SiliconFlow
9367,-15,-165,0,0,0,,,text,SiliconFlow
9368,-15,-163,0,0,0,,,text,SiliconFlow
9369,-15,-161,0,0,0,,,text,SiliconFlow
9370,-15,-159,0,0,0,,,text,SiliconFlow
9371,-15,-157,0,0,0,,,text,SiliconFlow
9372,-15,-155,0,0,0,,,text,SiliconFlow
9373,-15,-153,0,0,0,,,text,SiliconFlow
9374,-15,-151,0,0,0,,,text,SiliconFlow
9375,-15,-149,0,0,0,,,text,SiliconFlow
9376,-15,-147,0,0,0,,,text,SiliconFlow
9377,-15,-145,0,0,0,,,text,SiliconFlow
9378,-15,-143,0,0,0,,,text,SiliconFlow
9379,-15,-141,0,0,0,,,text,SiliconFlow
9380,-15,-139,0,0,0,,,text,SiliconFlow
9381,-15,-137,0,0,0,,,text,SiliconFlow
9382,-15,-135,0,0,0,,,text,SiliconFlow
9383,-15,-133,0,0,0,,,text,SiliconFlow
9384,-15,-131,0,0,0,,,text,SiliconFlow
9385,-15,-129,0,0,0,,,text,SiliconFlow
9386,-15,-127,0,0,0,,,text,SiliconFlow
9387,-15,-125,0,0,0,,,text,SiliconFlow
9388,-15,-123,0,0,0,,,text,SiliconFlow
9389,-15,-121,0,0,0,,,text,SiliconFlow
9390,-15,-119,0,0,0,,,text,SiliconFlow
9391,-15,-117,0,0,0,,,text,SiliconFlow
9392,-15,-115,0,0,0,,,text,SiliconFlow
9393,-15,-113,0,0,0,,,text,SiliconFlow
9394,-15,-111,0,0,0,,,text,SiliconFlow
9395,-15,-109,0,0,0,,,text,SiliconFlow
9396,-15,-107,0,0,0,,,text,SiliconFlow
9397,-15,-105,0,0,0,,,text,SiliconFlow
9398,-15,-103,0,0,0,,,text,SiliconFlow
9399,-15,-101,0,0,0,,,text,SiliconFlow
9400,-15,-99,0,0,0,,,text,SiliconFlow
9401,-15,-97,0,0,0,,,text,SiliconFlow
9402,-15,-95,0,0,0,,,text,SiliconFlow
9403,-15,-93,0,0,0,,,text,SiliconFlow
9404,-15,-91,0,0,0,,,text,SiliconFlow
9405,-15,-89,0,0,0,,,text,SiliconFlow
9406,-15,-87,0,0,0,,,text,SiliconFlow
9407,-15,-85,0,0,0,,,text,SiliconFlow
9408,-15,-83,0,0,0,,,text,SiliconFlow
9409,-15,-81,0,0,0,,,text,SiliconFlow
9410,-15,-79,0,0,0,,,text,SiliconFlow
9411,-15,-77,0,0,0,,,text,SiliconFlow
9412,-15,-75,1,1,0,,,text,SiliconFlow
9413,-15,-73,1,1,0,,,text,SiliconFlow
9414,-15,-71,1,1,1,,,text,SiliconFlow
9415,-15,-69,1,1,0,,,text,SiliconFlow
9416,-15,-67,1,1,1,,,text,SiliconFlow
9417,-15,-65,1,1,0,,,text,SiliconFlow
9418,-15,-63,1,1,1,,,text,SiliconFlow
9419,-15,-61,1,1,1,,,text,SiliconFlow
9420,-15,-59,1,1,1,,,text,SiliconFlow
9421,-15,-57,1,1,0,,,text,SiliconFlow
9422,-15,-55,1,1,1,,,text,SiliconFlow
9423,-15,-53,1,1,1,,,text,SiliconFlow
9424,-15,-51,1,1,1,,,text,SiliconFlow
9425,-15,-49,1,1,1,,,text,SiliconFlow
9426,-15,-47,1,1,1,,,text,SiliconFlow
9427,-15,-45,1,1,0,,,text,SiliconFlow
9428,-15,-43,1,1,0,,,text,SiliconFlow
9429,-15,-41,1,1,0,,,text,SiliconFlow
9430,-15,-39,0,0,0,,,text,SiliconFlow
9431,-15,-37,0,0,0,,,text,SiliconFlow
9432,-15,-35,0,0,0,,,text,SiliconFlow
9433,-15,-33,0,0,0,,,text,SiliconFlow
9434,-15,-31,0,0,0,,,text,SiliconFlow
9435,-15,-29,0,0,0,,,text,SiliconFlow
9436,-15,-27,0,0,0,,,text,SiliconFlow
9437,-15,-25,0,0,0,,,text,SiliconFlow
9438,-15,-23,0,0,0,,,text,SiliconFlow
9439,-15,-21,0,0,0,,,text,SiliconFlow
9440,-15,-19,0,0,0,,,text,SiliconFlow
9441,-15,-17,0,0,0,,,text,SiliconFlow
9442,-15,-15,0,0,0,,,text,SiliconFlow
9443,-15,-13,0,0,0,,,text,SiliconFlow
9444,-15,-11,0,0,0,,,text,SiliconFlow
9445,-15,-9,0,0,0,,,text,SiliconFlow
9446,-15,-7,0,0,0,,,text,SiliconFlow
9447,-15,-5,0,0,0,,,text,SiliconFlow
9448,-15,-3,0,0,0,,,text,SiliconFlow
9449,-15,-1,0,0,0,,,text,SiliconFlow
9450,-15,1,0,0,0,,,text,SiliconFlow
9451,-15,3,0,0,0,,,text,SiliconFlow
9452,-15,5,0,0,0,,,text,SiliconFlow
9453,-15,7,0,0,0,,,text,SiliconFlow
9454,-15,9,0,0,0,,,text,SiliconFlow
9455,-15,11,0,0,0,,,text,SiliconFlow
9456,-15,13,1,1,1,,,text,SiliconFlow
9457,-15,15,1,1,0,,,text,SiliconFlow
9458,-15,17,1,1,0,,,text,SiliconFlow
9459,-15,19,1,1,1,,,text,SiliconFlow
9460,-15,21,1,1,1,,,text,SiliconFlow
9461,-15,23,1,1,1,,,text,SiliconFlow
9462,-15,25,1,1,0,,,text,SiliconFlow
9463,-15,27,1,1,0,,,text,SiliconFlow
9464,-15,29,1,1,1,,,text,SiliconFlow
9465,-15,31,1,1,1,,,text,SiliconFlow
9466,-15,33,1,1,1,,,text,SiliconFlow
9467,-15,35,1,1,0,,,text,SiliconFlow
9468,-15,37,1,1,1,,,text,SiliconFlow
9469,-15,39,1,1,0,,,text,SiliconFlow
9470,-15,41,0,0,0,,,text,SiliconFlow
9471,-15,43,0,0,0,,,text,SiliconFlow
9472,-15,45,0,0,0,,,text,SiliconFlow
9473,-15,47,0,0,0,,,text,SiliconFlow
9474,-15,49,1,1,0,,,text,SiliconFlow
9475,-15,51,0,0,0,,,text,SiliconFlow
9476,-15,53,0,0,0,,,text,SiliconFlow
9477,-15,55,0,0,0,,,text,SiliconFlow
9478,-15,57,0,0,0,,,text,SiliconFlow
9479,-15,59,0,0,0,,,text,SiliconFlow
9480,-15,61,0,0,0,,,text,SiliconFlow
9481,-15,63,0,0,0,,,text,SiliconFlow
9482,-15,65,0,0,0,,,text,SiliconFlow
9483,-15,67,0,0,0,,,text,SiliconFlow
9484,-15,69,0,0,0,,,text,SiliconFlow
9485,-15,71,0,0,0,,,text,SiliconFlow
9486,-15,73,0,0,0,,,text,SiliconFlow
9487,-15,75,0,0,0,,,text,SiliconFlow
9488,-15,77,0,0,0,,,text,SiliconFlow
9489,-15,79,0,0,0,,,text,SiliconFlow
9490,-15,81,0,0,0,,,text,SiliconFlow
9491,-15,83,0,0,0,,,text,SiliconFlow
9492,-15,85,0,0,0,,,text,SiliconFlow
9493,-15,87,0,0,0,,,text,SiliconFlow
9494,-15,89,0,0,0,,,text,SiliconFlow
9495,-15,91,0,0,0,,,text,SiliconFlow
9496,-15,93,0,0,0,,,text,SiliconFlow
9497,-15,95,0,0,0,,,text,SiliconFlow
9498,-15,97,0,0,0,,,text,SiliconFlow
9499,-15,99,0,0,0,,,text,SiliconFlow
9500,-15,101,0,0,0,,,text,SiliconFlow
9501,-15,103,0,0,0,,,text,SiliconFlow
9502,-15,105,0,0,0,,,text,SiliconFlow
9503,-15,107,0,0,0,,,text,SiliconFlow
9504,-15,109,0,0,0,,,text,SiliconFlow
9505,-15,111,0,0,0,,,text,SiliconFlow
9506,-15,113,0,0,0,,,text,SiliconFlow
9507,-15,115,0,0,0,,,text,SiliconFlow
9508,-15,117,0,0,0,,,text,SiliconFlow
9509,-15,119,0,0,0,,,text,SiliconFlow
9510,-15,121,0,0,0,,,text,SiliconFlow
9511,-15,123,0,0,0,,,text,SiliconFlow
9512,-15,125,0,0,0,,,text,SiliconFlow
9513,-15,127,1,1,0,,,text,SiliconFlow
9514,-15,129,1,1,0,,,text,SiliconFlow
9515,-15,131,1,1,1,,,text,SiliconFlow
9516,-15,133,1,1,1,,,text,SiliconFlow
9517,-15,135,1,1,0,,,text,SiliconFlow
9518,-15,137,0,0,1,,,text,SiliconFlow
9519,-15,139,0,0,0,,,text,SiliconFlow
9520,-15,141,0,0,1,,,text,SiliconFlow
9521,-15,143,1,1,0,,,text,SiliconFlow
9522,-15,145,1,1,0,,,text,SiliconFlow
9523,-15,147,0,0,0,,,text,SiliconFlow
9524,-15,149,0,0,0,,,text,SiliconFlow
9525,-15,151,0,0,0,,,text,SiliconFlow
9526,-15,153,0,0,0,,,text,SiliconFlow
9527,-15,155,0,0,0,,,text,SiliconFlow
9528,-15,157,0,0,0,,,text,SiliconFlow
9529,-15,159,0,0,0,,,text,SiliconFlow
9530,-15,161,0,0,0,,,text,SiliconFlow
9531,-15,163,0,0,0,,,text,SiliconFlow
9532,-15,165,0,0,0,,,text,SiliconFlow
9533,-15,167,1,1,0,,,text,SiliconFlow
9534,-15,169,0,0,0,,,text,SiliconFlow
9535,-15,171,0,0,0,,,text,SiliconFlow
9536,-15,173,0,0,0,,,text,SiliconFlow
9537,-15,175,0,0,0,,,text,SiliconFlow
9538,-15,177,0,0,0,,,text,SiliconFlow
9539,-15,179,0,0,0,,,text,SiliconFlow
9540,-17,-179,0,0,0,,,text,SiliconFlow
9541,-17,-177,0,0,0,,,text,SiliconFlow
9542,-17,-175,0,0,0,,,text,SiliconFlow
9543,-17,-173,0,0,0,,,text,SiliconFlow
9544,-17,-171,0,0,0,,,text,SiliconFlow
9545,-17,-169,0,0,0,,,text,SiliconFlow
9546,-17,-167,0,0,0,,,text,SiliconFlow
9547,-17,-165,0,0,0,,,text,SiliconFlow
9548,-17,-163,0,0,0,,,text,SiliconFlow
9549,-17,-161,0,0,0,,,text,SiliconFlow
9550,-17,-159,0,0,0,,,text,SiliconFlow
9551,-17,-157,0,0,0,,,text,SiliconFlow
9552,-17,-155,0,0,0,,,text,SiliconFlow
9553,-17,-153,0,0,0,,,text,SiliconFlow
9554,-17,-151,0,0,0,,,text,SiliconFlow
9555,-17,-149,0,0,0,,,text,SiliconFlow
9556,-17,-147,0,0,0,,,text,SiliconFlow
9557,-17,-145,0,0,0,,,text,SiliconFlow
9558,-17,-143,0,0,0,,,text,SiliconFlow
9559,-17,-141,0,0,0,,,text,SiliconFlow
9560,-17,-139,0,0,0,,,text,SiliconFlow
9561,-17,-137,0,0,0,,,text,SiliconFlow
9562,-17,-135,0,0,0,,,text,SiliconFlow
9563,-17,-133,0,0,0,,,text,SiliconFlow
9564,-17,-131,0,0,0,,,text,SiliconFlow
9565,-17,-129,0,0,0,,,text,SiliconFlow
9566,-17,-127,0,0,0,,,text,SiliconFlow
9567,-17,-125,0,0,0,,,text,SiliconFlow
9568,-17,-123,0,0,0,,,text,SiliconFlow
9569,-17,-121,0,0,0,,,text,SiliconFlow
9570,-17,-119,0,0,0,,,text,SiliconFlow
9571,-17,-117,0,0,0,,,text,SiliconFlow
9572,-17,-115,0,0,0,,,text,SiliconFlow
9573,-17,-113,0,0,0,,,text,SiliconFlow
9574,-17,-111,0,0,0,,,text,SiliconFlow
9575,-17,-109,0,0,0,,,text,SiliconFlow
9576,-17,-107,0,0,0,,,text,SiliconFlow
9577,-17,-105,0,0,0,,,text,SiliconFlow
9578,-17,-103,0,0,0,,,text,SiliconFlow
9579,-17,-101,0,0,0,,,text,SiliconFlow
9580,-17,-99,0,0,0,,,text,SiliconFlow
9581,-17,-97,0,0,0,,,text,SiliconFlow
9582,-17,-95,0,0,0,,,text,SiliconFlow
9583,-17,-93,0,0,0,,,text,SiliconFlow
9584,-17,-91,0,0,0,,,text,SiliconFlow
9585,-17,-89,0,0,0,,,text,SiliconFlow
9586,-17,-87,0,0,0,,,text,SiliconFlow
9587,-17,-85,0,0,0,,,text,SiliconFlow
9588,-17,-83,0,0,0,,,text,SiliconFlow
9589,-17,-81,0,0,0,,,text,SiliconFlow
9590,-17,-79,0,0,0,,,text,SiliconFlow
9591,-17,-77,0,0,0,,,text,SiliconFlow
9592,-17,-75,0,0,0,,,text,SiliconFlow
9593,-17,-73,0,0,0,,,text,SiliconFlow
9594,-17,-71,1,1,0,,,text,SiliconFlow
9595,-17,-69,1,1,1,,,text,SiliconFlow
9596,-17,-67,1,1,1,,,text,SiliconFlow
9597,-17,-65,1,1,1,,,text,SiliconFlow
9598,-17,-63,1,1,1,,,text,SiliconFlow
9599,-17,-61,1,1,1,,,text,SiliconFlow
9600,-17,-59,1,1,0,,,text,SiliconFlow
9601,-17,-57,1,1,0,,,text,SiliconFlow
9602,-17,-55,1,1,0,,,text,SiliconFlow
9603,-17,-53,1,1,1,,,text,SiliconFlow
9604,-17,-51,1,1,0,,,text,SiliconFlow
9605,-17,-49,1,1,1,,,text,SiliconFlow
9606,-17,-47,1,1,0,,,text,SiliconFlow
9607,-17,-45,1,1,0,,,text,SiliconFlow
9608,-17,-43,1,1,0,,,text,SiliconFlow
9609,-17,-41,1,1,0,,,text,SiliconFlow
9610,-17,-39,0,0,0,,,text,SiliconFlow
9611,-17,-37,0,0,0,,,text,SiliconFlow
9612,-17,-35,0,0,0,,,text,SiliconFlow
9613,-17,-33,0,0,0,,,text,SiliconFlow
9614,-17,-31,0,0,0,,,text,SiliconFlow
9615,-17,-29,0,0,0,,,text,SiliconFlow
9616,-17,-27,0,0,0,,,text,SiliconFlow
9617,-17,-25,0,0,0,,,text,SiliconFlow
9618,-17,-23,0,0,0,,,text,SiliconFlow
9619,-17,-21,0,0,0,,,text,SiliconFlow
9620,-17,-19,0,0,0,,,text,SiliconFlow
9621,-17,-17,0,0,0,,,text,SiliconFlow
9622,-17,-15,0,0,0,,,text,SiliconFlow
9623,-17,-13,0,0,0,,,text,SiliconFlow
9624,-17,-11,0,0,0,,,text,SiliconFlow
9625,-17,-9,0,0,0,,,text,SiliconFlow
9626,-17,-7,0,0,0,,,text,SiliconFlow
9627,-17,-5,0,0,0,,,text,SiliconFlow
9628,-17,-3,0,0,0,,,text,SiliconFlow
9629,-17,-1,0,0,0,,,text,SiliconFlow
9630,-17,1,0,0,0,,,text,SiliconFlow
9631,-17,3,0,0,0,,,text,SiliconFlow
9632,-17,5,0,0,0,,,text,SiliconFlow
9633,-17,7,0,0,0,,,text,SiliconFlow
9634,-17,9,0,0,0,,,text,SiliconFlow
9635,-17,11,0,0,1,,,text,SiliconFlow
9636,-17,13,1,1,1,,,text,SiliconFlow
9637,-17,15,1,1,0,,,text,SiliconFlow
9638,-17,17,1,1,0,,,text,SiliconFlow
9639,-17,19,1,1,1,,,text,SiliconFlow
9640,-17,21,1,1,1,,,text,SiliconFlow
9641,-17,23,1,1,1,,,text,SiliconFlow
9642,-17,25,1,1,1,,,text,SiliconFlow
9643,-17,27,1,1,1,,,text,SiliconFlow
9644,-17,29,1,1,1,,,text,SiliconFlow
9645,-17,31,1,1,1,,,text,SiliconFlow
9646,-17,33,1,1,0,,,text,SiliconFlow
9647,-17,35,1,1,0,,,text,SiliconFlow
9648,-17,37,1,1,0,,,text,SiliconFlow
9649,-17,39,1,1,0,,,text,SiliconFlow
9650,-17,41,0,0,0,,,text,SiliconFlow
9651,-17,43,0,0,0,,,text,SiliconFlow
9652,-17,45,1,1,0,,,text,SiliconFlow
9653,-17,47,1,1,1,,,text,SiliconFlow
9654,-17,49,1,1,0,,,text,SiliconFlow
9655,-17,51,0,0,0,,,text,SiliconFlow
9656,-17,53,0,0,0,,,text,SiliconFlow
9657,-17,55,0,0,0,,,text,SiliconFlow
9658,-17,57,0,0,0,,,text,SiliconFlow
9659,-17,59,0,0,0,,,text,SiliconFlow
9660,-17,61,0,0,0,,,text,SiliconFlow
9661,-17,63,0,0,0,,,text,SiliconFlow
9662,-17,65,0,0,0,,,text,SiliconFlow
9663,-17,67,0,0,0,,,text,SiliconFlow
9664,-17,69,0,0,0,,,text,SiliconFlow
9665,-17,71,0,0,0,,,text,SiliconFlow
9666,-17,73,0,0,0,,,text,SiliconFlow
9667,-17,75,0,0,0,,,text,SiliconFlow
9668,-17,77,0,0,0,,,text,SiliconFlow
9669,-17,79,0,0,0,,,text,SiliconFlow
9670,-17,81,0,0,0,,,text,SiliconFlow
9671,-17,83,0,0,0,,,text,SiliconFlow
9672,-17,85,0,0,0,,,text,SiliconFlow
9673,-17,87,0,0,0,,,text,SiliconFlow
9674,-17,89,0,0,0,,,text,SiliconFlow
9675,-17,91,0,0,0,,,text,SiliconFlow
9676,-17,93,0,0,0,,,text,SiliconFlow
9677,-17,95,0,0,0,,,text,SiliconFlow
9678,-17,97,0,0,0,,,text,SiliconFlow
9679,-17,99,0,0,0,,,text,SiliconFlow
9680,-17,101,0,0,0,,,text,SiliconFlow
9681,-17,103,0,0,0,,,text,SiliconFlow
9682,-17,105,0,0,0,,,text,SiliconFlow
9683,-17,107,0,0,0,,,text,SiliconFlow
9684,-17,109,0,0,0,,,text,SiliconFlow
9685,-17,111,0,0,0,,,text,SiliconFlow
9686,-17,113,0,0,0,,,text,SiliconFlow
9687,-17,115,0,0,0,,,text,SiliconFlow
9688,-17,117,0,0,0,,,text,SiliconFlow
9689,-17,119,0,0,0,,,text,SiliconFlow
9690,-17,121,0,0,0,,,text,SiliconFlow
9691,-17,123,1,1,0,,,text,SiliconFlow
9692,-17,125,1,1,0,,,text,SiliconFlow
9693,-17,127,1,1,1,,,text,SiliconFlow
9694,-17,129,1,1,1,,,text,SiliconFlow
9695,-17,131,1,1,1,,,text,SiliconFlow
9696,-17,133,1,1,1,,,text,SiliconFlow
9697,-17,135,1,1,1,,,text,SiliconFlow
9698,-17,137,1,1,1,,,text,SiliconFlow
9699,-17,139,1,1,0,,,text,SiliconFlow
9700,-17,141,1,1,1,,,text,SiliconFlow
9701,-17,143,1,1,1,,,text,SiliconFlow
9702,-17,145,1,1,1,,,text,SiliconFlow
9703,-17,147,0,0,0,,,text,SiliconFlow
9704,-17,149,0,0,0,,,text,SiliconFlow
9705,-17,151,0,0,0,,,text,SiliconFlow
9706,-17,153,0,0,0,,,text,SiliconFlow
9707,-17,155,0,0,0,,,text,SiliconFlow
9708,-17,157,0,0,0,,,text,SiliconFlow
9709,-17,159,0,0,0,,,text,SiliconFlow
9710,-17,161,0,0,0,,,text,SiliconFlow
9711,-17,163,0,0,0,,,text,SiliconFlow
9712,-17,165,0,0,0,,,text,SiliconFlow
9713,-17,167,0,0,0,,,text,SiliconFlow
9714,-17,169,0,0,0,,,text,SiliconFlow
9715,-17,171,0,0,0,,,text,SiliconFlow
9716,-17,173,0,0,0,,,text,SiliconFlow
9717,-17,175,0,0,0,,,text,SiliconFlow
9718,-17,177,0,0,0,,,text,SiliconFlow
9719,-17,179,0,0,0,,,text,SiliconFlow
9720,-19,-179,0,0,0,,,text,SiliconFlow
9721,-19,-177,0,0,0,,,text,SiliconFlow
9722,-19,-175,0,0,0,,,text,SiliconFlow
9723,-19,-173,0,0,0,,,text,SiliconFlow
9724,-19,-171,0,0,0,,,text,SiliconFlow
9725,-19,-169,0,0,0,,,text,SiliconFlow
9726,-19,-167,0,0,0,,,text,SiliconFlow
9727,-19,-165,0,0,0,,,text,SiliconFlow
9728,-19,-163,0,0,0,,,text,SiliconFlow
9729,-19,-161,0,0,0,,,text,SiliconFlow
9730,-19,-159,0,0,0,,,text,SiliconFlow
9731,-19,-157,0,0,0,,,text,SiliconFlow
9732,-19,-155,0,0,0,,,text,SiliconFlow
9733,-19,-153,0,0,0,,,text,SiliconFlow
9734,-19,-151,0,0,0,,,text,SiliconFlow
9735,-19,-149,0,0,0,,,text,SiliconFlow
9736,-19,-147,0,0,0,,,text,SiliconFlow
9737,-19,-145,0,0,0,,,text,SiliconFlow
9738,-19,-143,0,0,0,,,text,SiliconFlow
9739,-19,-141,0,0,0,,,text,SiliconFlow
9740,-19,-139,0,0,0,,,text,SiliconFlow
9741,-19,-137,0,0,0,,,text,SiliconFlow
9742,-19,-135,0,0,0,,,text,SiliconFlow
9743,-19,-133,0,0,0,,,text,SiliconFlow
9744,-19,-131,0,0,0,,,text,SiliconFlow
9745,-19,-129,0,0,0,,,text,SiliconFlow
9746,-19,-127,0,0,0,,,text,SiliconFlow
9747,-19,-125,0,0,0,,,text,SiliconFlow
9748,-19,-123,0,0,0,,,text,SiliconFlow
9749,-19,-121,0,0,0,,,text,SiliconFlow
9750,-19,-119,0,0,0,,,text,SiliconFlow
9751,-19,-117,0,0,0,,,text,SiliconFlow
9752,-19,-115,0,0,0,,,text,SiliconFlow
9753,-19,-113,0,0,0,,,text,SiliconFlow
9754,-19,-111,0,0,0,,,text,SiliconFlow
9755,-19,-109,0,0,0,,,text,SiliconFlow
9756,-19,-107,0,0,0,,,text,SiliconFlow
9757,-19,-105,0,0,0,,,text,SiliconFlow
9758,-19,-103,0,0,0,,,text,SiliconFlow
9759,-19,-101,0,0,0,,,text,SiliconFlow
9760,-19,-99,0,0,0,,,text,SiliconFlow
9761,-19,-97,0,0,0,,,text,SiliconFlow
9762,-19,-95,0,0,0,,,text,SiliconFlow
9763,-19,-93,0,0,0,,,text,SiliconFlow
9764,-19,-91,0,0,0,,,text,SiliconFlow
9765,-19,-89,0,0,0,,,text,SiliconFlow
9766,-19,-87,0,0,0,,,text,SiliconFlow
9767,-19,-85,0,0,0,,,text,SiliconFlow
9768,-19,-83,0,0,0,,,text,SiliconFlow
9769,-19,-81,0,0,0,,,text,SiliconFlow
9770,-19,-79,0,0,0,,,text,SiliconFlow
9771,-19,-77,0,0,0,,,text,SiliconFlow
9772,-19,-75,0,0,0,,,text,SiliconFlow
9773,-19,-73,0,0,0,,,text,SiliconFlow
9774,-19,-71,0,0,0,,,text,SiliconFlow
9775,-19,-69,1,1,0,,,text,SiliconFlow
9776,-19,-67,1,0,0,,,text,SiliconFlow
9777,-19,-65,1,1,1,,,text,SiliconFlow
9778,-19,-63,1,1,1,,,text,SiliconFlow
9779,-19,-61,1,1,1,,,text,SiliconFlow
9780,-19,-59,1,1,0,,,text,SiliconFlow
9781,-19,-57,1,1,0,,,text,SiliconFlow
9782,-19,-55,1,1,1,,,text,SiliconFlow
9783,-19,-53,1,1,1,,,text,SiliconFlow
9784,-19,-51,1,1,1,,,text,SiliconFlow
9785,-19,-49,1,1,0,,,text,SiliconFlow
9786,-19,-47,1,1,0,,,text,SiliconFlow
9787,-19,-45,1,1,1,,,text,SiliconFlow
9788,-19,-43,1,1,1,,,text,SiliconFlow
9789,-19,-41,1,1,0,,,text,SiliconFlow
9790,-19,-39,0,0,0,,,text,SiliconFlow
9791,-19,-37,0,0,0,,,text,SiliconFlow
9792,-19,-35,0,0,0,,,text,SiliconFlow
9793,-19,-33,0,0,0,,,text,SiliconFlow
9794,-19,-31,0,0,0,,,text,SiliconFlow
9795,-19,-29,0,0,0,,,text,SiliconFlow
9796,-19,-27,0,0,0,,,text,SiliconFlow
9797,-19,-25,0,0,0,,,text,SiliconFlow
9798,-19,-23,0,0,0,,,text,SiliconFlow
9799,-19,-21,0,0,0,,,text,SiliconFlow
9800,-19,-19,0,0,0,,,text,SiliconFlow
9801,-19,-17,0,0,0,,,text,SiliconFlow
9802,-19,-15,0,0,0,,,text,SiliconFlow
9803,-19,-13,0,0,0,,,text,SiliconFlow
9804,-19,-11,0,0,0,,,text,SiliconFlow
9805,-19,-9,0,0,0,,,text,SiliconFlow
9806,-19,-7,0,0,0,,,text,SiliconFlow
9807,-19,-5,0,0,0,,,text,SiliconFlow
9808,-19,-3,0,0,0,,,text,SiliconFlow
9809,-19,-1,0,0,0,,,text,SiliconFlow
9810,-19,1,0,0,0,,,text,SiliconFlow
9811,-19,3,0,0,0,,,text,SiliconFlow
9812,-19,5,0,0,0,,,text,SiliconFlow
9813,-19,7,0,0,0,,,text,SiliconFlow
9814,-19,9,0,0,0,,,text,SiliconFlow
9815,-19,11,0,0,1,,,text,SiliconFlow
9816,-19,13,1,1,1,,,text,SiliconFlow
9817,-19,15,1,1,1,,,text,SiliconFlow
9818,-19,17,1,1,1,,,text,SiliconFlow
9819,-19,19,1,1,0,,,text,SiliconFlow
9820,-19,21,1,1,1,,,text,SiliconFlow
9821,-19,23,1,1,1,,,text,SiliconFlow
9822,-19,25,1,1,1,,,text,SiliconFlow
9823,-19,27,1,1,1,,,text,SiliconFlow
9824,-19,29,1,1,1,,,text,SiliconFlow
9825,-19,31,1,1,1,,,text,SiliconFlow
9826,-19,33,1,1,1,,,text,SiliconFlow
9827,-19,35,1,1,1,,,text,SiliconFlow
9828,-19,37,0,0,1,,,text,SiliconFlow
9829,-19,39,0,0,0,,,text,SiliconFlow
9830,-19,41,0,0,0,,,text,SiliconFlow
9831,-19,43,0,0,0,,,text,SiliconFlow
9832,-19,45,1,1,0,,,text,SiliconFlow
9833,-19,47,1,1,1,,,text,SiliconFlow
9834,-19,49,1,1,1,,,text,SiliconFlow
9835,-19,51,0,0,0,,,text,SiliconFlow
9836,-19,53,0,0,0,,,text,SiliconFlow
9837,-19,55,0,0,0,,,text,SiliconFlow
9838,-19,57,0,0,0,,,text,SiliconFlow
9839,-19,59,0,0,0,,,text,SiliconFlow
9840,-19,61,0,0,0,,,text,SiliconFlow
9841,-19,63,0,0,0,,,text,SiliconFlow
9842,-19,65,0,0,0,,,text,SiliconFlow
9843,-19,67,0,0,0,,,text,SiliconFlow
9844,-19,69,0,0,0,,,text,SiliconFlow
9845,-19,71,0,0,0,,,text,SiliconFlow
9846,-19,73,0,0,0,,,text,SiliconFlow
9847,-19,75,0,0,0,,,text,SiliconFlow
9848,-19,77,0,0,0,,,text,SiliconFlow
9849,-19,79,0,0,0,,,text,SiliconFlow
9850,-19,81,0,0,0,,,text,SiliconFlow
9851,-19,83,0,0,0,,,text,SiliconFlow
9852,-19,85,0,0,0,,,text,SiliconFlow
9853,-19,87,0,0,0,,,text,SiliconFlow
9854,-19,89,0,0,0,,,text,SiliconFlow
9855,-19,91,0,0,0,,,text,SiliconFlow
9856,-19,93,0,0,0,,,text,SiliconFlow
9857,-19,95,0,0,0,,,text,SiliconFlow
9858,-19,97,0,0,0,,,text,SiliconFlow
9859,-19,99,0,0,0,,,text,SiliconFlow
9860,-19,101,0,0,0,,,text,SiliconFlow
9861,-19,103,0,0,0,,,text,SiliconFlow
9862,-19,105,0,0,0,,,text,SiliconFlow
9863,-19,107,0,0,0,,,text,SiliconFlow
9864,-19,109,0,0,0,,,text,SiliconFlow
9865,-19,111,0,0,0,,,text,SiliconFlow
9866,-19,113,0,0,0,,,text,SiliconFlow
9867,-19,115,0,0,0,,,text,SiliconFlow
9868,-19,117,0,0,0,,,text,SiliconFlow
9869,-19,119,0,0,0,,,text,SiliconFlow
9870,-19,121,0,0,1,,,text,SiliconFlow
9871,-19,123,1,1,0,,,text,SiliconFlow
9872,-19,125,1,1,1,,,text,SiliconFlow
9873,-19,127,1,1,1,,,text,SiliconFlow
9874,-19,129,1,1,1,,,text,SiliconFlow
9875,-19,131,1,1,1,,,text,SiliconFlow
9876,-19,133,1,1,1,,,text,SiliconFlow
9877,-19,135,1,1,1,,,text,SiliconFlow
9878,-19,137,1,1,1,,,text,SiliconFlow
9879,-19,139,1,1,1,,,text,SiliconFlow
9880,-19,141,1,1,1,,,text,SiliconFlow
9881,-19,143,1,1,1,,,text,SiliconFlow
9882,-19,145,1,1,1,,,text,SiliconFlow
9883,-19,147,0,0,0,,,text,SiliconFlow
9884,-19,149,0,0,0,,,text,SiliconFlow
9885,-19,151,0,0,0,,,text,SiliconFlow
9886,-19,153,0,0,0,,,text,SiliconFlow
9887,-19,155,0,0,0,,,text,SiliconFlow
9888,-19,157,0,0,0,,,text,SiliconFlow
9889,-19,159,0,0,0,,,text,SiliconFlow
9890,-19,161,0,0,0,,,text,SiliconFlow
9891,-19,163,0,0,0,,,text,SiliconFlow
9892,-19,165,0,0,0,,,text,SiliconFlow
9893,-19,167,0,0,0,,,text,SiliconFlow
9894,-19,169,0,0,0,,,text,SiliconFlow
9895,-19,171,0,0,0,,,text,SiliconFlow
9896,-19,173,0,0,0,,,text,SiliconFlow
9897,-19,175,0,0,0,,,text,SiliconFlow
9898,-19,177,0,0,0,,,text,SiliconFlow
9899,-19,179,0,0,0,,,text,SiliconFlow
9900,-21,-179,0,0,0,,,text,SiliconFlow
9901,-21,-177,0,0,0,,,text,SiliconFlow
9902,-21,-175,0,0,0,,,text,SiliconFlow
9903,-21,-173,0,0,0,,,text,SiliconFlow
9904,-21,-171,0,0,0,,,text,SiliconFlow
9905,-21,-169,0,0,0,,,text,SiliconFlow
9906,-21,-167,0,0,0,,,text,SiliconFlow
9907,-21,-165,0,0,0,,,text,SiliconFlow
9908,-21,-163,0,0,0,,,text,SiliconFlow
9909,-21,-161,0,0,0,,,text,SiliconFlow
9910,-21,-159,0,0,0,,,text,SiliconFlow
9911,-21,-157,0,0,0,,,text,SiliconFlow
9912,-21,-155,0,0,0,,,text,SiliconFlow
9913,-21,-153,0,0,0,,,text,SiliconFlow
9914,-21,-151,0,0,0,,,text,SiliconFlow
9915,-21,-149,0,0,0,,,text,SiliconFlow
9916,-21,-147,0,0,0,,,text,SiliconFlow
9917,-21,-145,0,0,0,,,text,SiliconFlow
9918,-21,-143,0,0,0,,,text,SiliconFlow
9919,-21,-141,0,0,0,,,text,SiliconFlow
9920,-21,-139,0,0,0,,,text,SiliconFlow
9921,-21,-137,0,0,0,,,text,SiliconFlow
9922,-21,-135,0,0,0,,,text,SiliconFlow
9923,-21,-133,0,0,0,,,text,SiliconFlow
9924,-21,-131,0,0,0,,,text,SiliconFlow
9925,-21,-129,0,0,0,,,text,SiliconFlow
9926,-21,-127,0,0,0,,,text,SiliconFlow
9927,-21,-125,0,0,0,,,text,SiliconFlow
9928,-21,-123,0,0,0,,,text,SiliconFlow
9929,-21,-121,0,0,0,,,text,SiliconFlow
9930,-21,-119,0,0,0,,,text,SiliconFlow
9931,-21,-117,0,0,0,,,text,SiliconFlow
9932,-21,-115,0,0,0,,,text,SiliconFlow
9933,-21,-113,0,0,0,,,text,SiliconFlow
9934,-21,-111,0,0,0,,,text,SiliconFlow
9935,-21,-109,0,0,0,,,text,SiliconFlow
9936,-21,-107,0,0,0,,,text,SiliconFlow
9937,-21,-105,0,0,0,,,text,SiliconFlow
9938,-21,-103,0,0,0,,,text,SiliconFlow
9939,-21,-101,0,0,0,,,text,SiliconFlow
9940,-21,-99,0,0,0,,,text,SiliconFlow
9941,-21,-97,0,0,0,,,text,SiliconFlow
9942,-21,-95,0,0,0,,,text,SiliconFlow
9943,-21,-93,0,0,0,,,text,SiliconFlow
9944,-21,-91,0,0,0,,,text,SiliconFlow
9945,-21,-89,0,0,0,,,text,SiliconFlow
9946,-21,-87,0,0,0,,,text,SiliconFlow
9947,-21,-85,0,0,0,,,text,SiliconFlow
9948,-21,-83,0,0,0,,,text,SiliconFlow
9949,-21,-81,0,0,0,,,text,SiliconFlow
9950,-21,-79,0,0,0,,,text,SiliconFlow
9951,-21,-77,0,0,0,,,text,SiliconFlow
9952,-21,-75,0,0,0,,,text,SiliconFlow
9953,-21,-73,0,0,0,,,text,SiliconFlow
9954,-21,-71,0,0,0,,,text,SiliconFlow
9955,-21,-69,1,1,0,,,text,SiliconFlow
9956,-21,-67,1,1,1,,,text,SiliconFlow
9957,-21,-65,1,1,1,,,text,SiliconFlow
9958,-21,-63,1,1,1,,,text,SiliconFlow
9959,-21,-61,1,1,1,,,text,SiliconFlow
9960,-21,-59,1,1,0,,,text,SiliconFlow
9961,-21,-57,1,1,0,,,text,SiliconFlow
9962,-21,-55,1,1,1,,,text,SiliconFlow
9963,-21,-53,1,1,1,,,text,SiliconFlow
9964,-21,-51,1,1,1,,,text,SiliconFlow
9965,-21,-49,1,1,1,,,text,SiliconFlow
9966,-21,-47,1,1,1,,,text,SiliconFlow
9967,-21,-45,1,1,1,,,text,SiliconFlow
9968,-21,-43,1,1,0,,,text,SiliconFlow
9969,-21,-41,1,1,0,,,text,SiliconFlow
9970,-21,-39,0,0,0,,,text,SiliconFlow
9971,-21,-37,0,0,0,,,text,SiliconFlow
9972,-21,-35,0,0,0,,,text,SiliconFlow
9973,-21,-33,0,0,0,,,text,SiliconFlow
9974,-21,-31,0,0,0,,,text,SiliconFlow
9975,-21,-29,0,0,0,,,text,SiliconFlow
9976,-21,-27,0,0,0,,,text,SiliconFlow
9977,-21,-25,0,0,0,,,text,SiliconFlow
9978,-21,-23,0,0,0,,,text,SiliconFlow
9979,-21,-21,0,0,0,,,text,SiliconFlow
9980,-21,-19,0,0,0,,,text,SiliconFlow
9981,-21,-17,0,0,0,,,text,SiliconFlow
9982,-21,-15,0,0,0,,,text,SiliconFlow
9983,-21,-13,0,0,0,,,text,SiliconFlow
9984,-21,-11,0,0,0,,,text,SiliconFlow
9985,-21,-9,0,0,0,,,text,SiliconFlow
9986,-21,-7,0,0,0,,,text,SiliconFlow
9987,-21,-5,0,0,0,,,text,SiliconFlow
9988,-21,-3,0,0,0,,,text,SiliconFlow
9989,-21,-1,0,0,0,,,text,SiliconFlow
9990,-21,1,0,0,0,,,text,SiliconFlow
9991,-21,3,0,0,0,,,text,SiliconFlow
9992,-21,5,0,0,0,,,text,SiliconFlow
9993,-21,7,0,0,0,,,text,SiliconFlow
9994,-21,9,0,0,1,,,text,SiliconFlow
9995,-21,11,0,0,1,,,text,SiliconFlow
9996,-21,13,0,0,1,,,text,SiliconFlow
9997,-21,15,1,1,1,,,text,SiliconFlow
9998,-21,17,1,1,1,,,text,SiliconFlow
9999,-21,19,1,1,1,,,text,SiliconFlow
10000,-21,21,1,1,0,,,text,SiliconFlow
10001,-21,23,1,1,1,,,text,SiliconFlow
10002,-21,25,1,1,1,,,text,SiliconFlow
10003,-21,27,1,1,1,,,text,SiliconFlow
10004,-21,29,1,1,1,,,text,SiliconFlow
10005,-21,31,1,1,1,,,text,SiliconFlow
10006,-21,33,1,1,1,,,text,SiliconFlow
10007,-21,35,1,1,0,,,text,SiliconFlow
10008,-21,37,0,0,0,,,text,SiliconFlow
10009,-21,39,0,0,0,,,text,SiliconFlow
10010,-21,41,0,0,0,,,text,SiliconFlow
10011,-21,43,0,0,0,,,text,SiliconFlow
10012,-21,45,1,1,0,,,text,SiliconFlow
10013,-21,47,1,1,1,,,text,SiliconFlow
10014,-21,49,0,0,0,,,text,SiliconFlow
10015,-21,51,0,0,0,,,text,SiliconFlow
10016,-21,53,0,0,0,,,text,SiliconFlow
10017,-21,55,0,0,0,,,text,SiliconFlow
10018,-21,57,0,0,0,,,text,SiliconFlow
10019,-21,59,0,0,0,,,text,SiliconFlow
10020,-21,61,0,0,0,,,text,SiliconFlow
10021,-21,63,0,0,0,,,text,SiliconFlow
10022,-21,65,0,0,0,,,text,SiliconFlow
10023,-21,67,0,0,0,,,text,SiliconFlow
10024,-21,69,0,0,0,,,text,SiliconFlow
10025,-21,71,0,0,0,,,text,SiliconFlow
10026,-21,73,0,0,0,,,text,SiliconFlow
10027,-21,75,0,0,0,,,text,SiliconFlow
10028,-21,77,0,0,0,,,text,SiliconFlow
10029,-21,79,0,0,0,,,text,SiliconFlow
10030,-21,81,0,0,0,,,text,SiliconFlow
10031,-21,83,0,0,0,,,text,SiliconFlow
10032,-21,85,0,0,0,,,text,SiliconFlow
10033,-21,87,0,0,0,,,text,SiliconFlow
10034,-21,89,0,0,0,,,text,SiliconFlow
10035,-21,91,0,0,0,,,text,SiliconFlow
10036,-21,93,0,0,0,,,text,SiliconFlow
10037,-21,95,0,0,0,,,text,SiliconFlow
10038,-21,97,0,0,0,,,text,SiliconFlow
10039,-21,99,0,0,0,,,text,SiliconFlow
10040,-21,101,0,0,0,,,text,SiliconFlow
10041,-21,103,0,0,0,,,text,SiliconFlow
10042,-21,105,0,0,0,,,text,SiliconFlow
10043,-21,107,0,0,0,,,text,SiliconFlow
10044,-21,109,0,0,0,,,text,SiliconFlow
10045,-21,111,0,0,0,,,text,SiliconFlow
10046,-21,113,0,0,0,,,text,SiliconFlow
10047,-21,115,0,0,0,,,text,SiliconFlow
10048,-21,117,1,1,1,,,text,SiliconFlow
10049,-21,119,1,1,1,,,text,SiliconFlow
10050,-21,121,1,1,1,,,text,SiliconFlow
10051,-21,123,1,1,0,,,text,SiliconFlow
10052,-21,125,1,1,1,,,text,SiliconFlow
10053,-21,127,1,1,1,,,text,SiliconFlow
10054,-21,129,1,1,1,,,text,SiliconFlow
10055,-21,131,1,1,1,,,text,SiliconFlow
10056,-21,133,1,1,1,,,text,SiliconFlow
10057,-21,135,1,1,1,,,text,SiliconFlow
10058,-21,137,1,1,1,,,text,SiliconFlow
10059,-21,139,1,1,1,,,text,SiliconFlow
10060,-21,141,1,1,1,,,text,SiliconFlow
10061,-21,143,1,1,1,,,text,SiliconFlow
10062,-21,145,1,1,1,,,text,SiliconFlow
10063,-21,147,1,1,1,,,text,SiliconFlow
10064,-21,149,1,1,1,,,text,SiliconFlow
10065,-21,151,0,0,0,,,text,SiliconFlow
10066,-21,153,0,0,0,,,text,SiliconFlow
10067,-21,155,0,0,0,,,text,SiliconFlow
10068,-21,157,0,0,0,,,text,SiliconFlow
10069,-21,159,0,0,0,,,text,SiliconFlow
10070,-21,161,0,0,0,,,text,SiliconFlow
10071,-21,163,0,0,0,,,text,SiliconFlow
10072,-21,165,1,1,0,,,text,SiliconFlow
10073,-21,167,0,0,0,,,text,SiliconFlow
10074,-21,169,0,0,0,,,text,SiliconFlow
10075,-21,171,0,0,0,,,text,SiliconFlow
10076,-21,173,0,0,0,,,text,SiliconFlow
10077,-21,175,0,0,0,,,text,SiliconFlow
10078,-21,177,0,0,0,,,text,SiliconFlow
10079,-21,179,0,0,0,,,text,SiliconFlow
10080,-23,-179,0,0,0,,,text,SiliconFlow
10081,-23,-177,0,0,0,,,text,SiliconFlow
10082,-23,-175,0,0,0,,,text,SiliconFlow
10083,-23,-173,0,0,0,,,text,SiliconFlow
10084,-23,-171,0,0,0,,,text,SiliconFlow
10085,-23,-169,0,0,0,,,text,SiliconFlow
10086,-23,-167,0,0,0,,,text,SiliconFlow
10087,-23,-165,0,0,0,,,text,SiliconFlow
10088,-23,-163,0,0,0,,,text,SiliconFlow
10089,-23,-161,0,0,0,,,text,SiliconFlow
10090,-23,-159,0,0,0,,,text,SiliconFlow
10091,-23,-157,0,0,0,,,text,SiliconFlow
10092,-23,-155,0,0,0,,,text,SiliconFlow
10093,-23,-153,0,0,0,,,text,SiliconFlow
10094,-23,-151,0,0,0,,,text,SiliconFlow
10095,-23,-149,0,0,0,,,text,SiliconFlow
10096,-23,-147,0,0,0,,,text,SiliconFlow
10097,-23,-145,0,0,0,,,text,SiliconFlow
10098,-23,-143,0,0,0,,,text,SiliconFlow
10099,-23,-141,0,0,0,,,text,SiliconFlow
10100,-23,-139,0,0,0,,,text,SiliconFlow
10101,-23,-137,0,0,0,,,text,SiliconFlow
10102,-23,-135,0,0,0,,,text,SiliconFlow
10103,-23,-133,0,0,0,,,text,SiliconFlow
10104,-23,-131,0,0,0,,,text,SiliconFlow
10105,-23,-129,0,0,0,,,text,SiliconFlow
10106,-23,-127,0,0,0,,,text,SiliconFlow
10107,-23,-125,0,0,0,,,text,SiliconFlow
10108,-23,-123,0,0,0,,,text,SiliconFlow
10109,-23,-121,0,0,0,,,text,SiliconFlow
10110,-23,-119,0,0,0,,,text,SiliconFlow
10111,-23,-117,0,0,0,,,text,SiliconFlow
10112,-23,-115,0,0,0,,,text,SiliconFlow
10113,-23,-113,0,0,0,,,text,SiliconFlow
10114,-23,-111,0,0,0,,,text,SiliconFlow
10115,-23,-109,0,0,0,,,text,SiliconFlow
10116,-23,-107,0,0,0,,,text,SiliconFlow
10117,-23,-105,0,0,0,,,text,SiliconFlow
10118,-23,-103,0,0,0,,,text,SiliconFlow
10119,-23,-101,0,0,0,,,text,SiliconFlow
10120,-23,-99,0,0,0,,,text,SiliconFlow
10121,-23,-97,0,0,0,,,text,SiliconFlow
10122,-23,-95,0,0,0,,,text,SiliconFlow
10123,-23,-93,0,0,0,,,text,SiliconFlow
10124,-23,-91,0,0,0,,,text,SiliconFlow
10125,-23,-89,0,0,0,,,text,SiliconFlow
10126,-23,-87,0,0,0,,,text,SiliconFlow
10127,-23,-85,0,0,0,,,text,SiliconFlow
10128,-23,-83,0,0,0,,,text,SiliconFlow
10129,-23,-81,0,0,0,,,text,SiliconFlow
10130,-23,-79,0,0,0,,,text,SiliconFlow
10131,-23,-77,0,0,0,,,text,SiliconFlow
10132,-23,-75,0,0,0,,,text,SiliconFlow
10133,-23,-73,0,0,0,,,text,SiliconFlow
10134,-23,-71,0,0,0,,,text,SiliconFlow
10135,-23,-69,1,1,0,,,text,SiliconFlow
10136,-23,-67,1,1,1,,,text,SiliconFlow
10137,-23,-65,1,1,1,,,text,SiliconFlow
10138,-23,-63,1,1,1,,,text,SiliconFlow
10139,-23,-61,1,1,1,,,text,SiliconFlow
10140,-23,-59,1,1,0,,,text,SiliconFlow
10141,-23,-57,1,1,1,,,text,SiliconFlow
10142,-23,-55,1,1,1,,,text,SiliconFlow
10143,-23,-53,1,1,1,,,text,SiliconFlow
10144,-23,-51,1,1,1,,,text,SiliconFlow
10145,-23,-49,1,1,1,,,text,SiliconFlow
10146,-23,-47,1,1,1,,,text,SiliconFlow
10147,-23,-45,1,1,1,,,text,SiliconFlow
10148,-23,-43,0,0,0,,,text,SiliconFlow
10149,-23,-41,0,0,0,,,text,SiliconFlow
10150,-23,-39,0,0,0,,,text,SiliconFlow
10151,-23,-37,0,0,0,,,text,SiliconFlow
10152,-23,-35,0,0,0,,,text,SiliconFlow
10153,-23,-33,0,0,0,,,text,SiliconFlow
10154,-23,-31,0,0,0,,,text,SiliconFlow
10155,-23,-29,0,0,0,,,text,SiliconFlow
10156,-23,-27,0,0,0,,,text,SiliconFlow
10157,-23,-25,0,0,0,,,text,SiliconFlow
10158,-23,-23,0,0,0,,,text,SiliconFlow
10159,-23,-21,0,0,0,,,text,SiliconFlow
10160,-23,-19,0,0,0,,,text,SiliconFlow
10161,-23,-17,0,0,0,,,text,SiliconFlow
10162,-23,-15,0,0,0,,,text,SiliconFlow
10163,-23,-13,0,0,0,,,text,SiliconFlow
10164,-23,-11,0,0,0,,,text,SiliconFlow
10165,-23,-9,0,0,0,,,text,SiliconFlow
10166,-23,-7,0,0,0,,,text,SiliconFlow
10167,-23,-5,0,0,0,,,text,SiliconFlow
10168,-23,-3,0,0,0,,,text,SiliconFlow
10169,-23,-1,0,0,0,,,text,SiliconFlow
10170,-23,1,0,0,0,,,text,SiliconFlow
10171,-23,3,0,0,0,,,text,SiliconFlow
10172,-23,5,0,0,0,,,text,SiliconFlow
10173,-23,7,0,0,1,,,text,SiliconFlow
10174,-23,9,0,0,1,,,text,SiliconFlow
10175,-23,11,0,0,1,,,text,SiliconFlow
10176,-23,13,0,0,1,,,text,SiliconFlow
10177,-23,15,1,1,1,,,text,SiliconFlow
10178,-23,17,1,1,1,,,text,SiliconFlow
10179,-23,19,1,1,1,,,text,SiliconFlow
10180,-23,21,1,1,1,,,text,SiliconFlow
10181,-23,23,1,1,0,,,text,SiliconFlow
10182,-23,25,1,1,1,,,text,SiliconFlow
10183,-23,27,1,1,1,,,text,SiliconFlow
10184,-23,29,1,1,1,,,text,SiliconFlow
10185,-23,31,1,1,1,,,text,SiliconFlow
10186,-23,33,1,1,1,,,text,SiliconFlow
10187,-23,35,1,1,1,,,text,SiliconFlow
10188,-23,37,0,0,1,,,text,SiliconFlow
10189,-23,39,0,0,0,,,text,SiliconFlow
10190,-23,41,0,0,0,,,text,SiliconFlow
10191,-23,43,0,0,0,,,text,SiliconFlow
10192,-23,45,1,1,1,,,text,SiliconFlow
10193,-23,47,1,1,1,,,text,SiliconFlow
10194,-23,49,0,0,0,,,text,SiliconFlow
10195,-23,51,0,0,0,,,text,SiliconFlow
10196,-23,53,0,0,0,,,text,SiliconFlow
10197,-23,55,0,0,0,,,text,SiliconFlow
10198,-23,57,0,0,0,,,text,SiliconFlow
10199,-23,59,0,0,0,,,text,SiliconFlow
10200,-23,61,0,0,0,,,text,SiliconFlow
10201,-23,63,0,0,0,,,text,SiliconFlow
10202,-23,65,0,0,0,,,text,SiliconFlow
10203,-23,67,0,0,0,,,text,SiliconFlow
10204,-23,69,0,0,0,,,text,SiliconFlow
10205,-23,71,0,0,0,,,text,SiliconFlow
10206,-23,73,0,0,0,,,text,SiliconFlow
10207,-23,75,0,0,0,,,text,SiliconFlow
10208,-23,77,0,0,0,,,text,SiliconFlow
10209,-23,79,0,0,0,,,text,SiliconFlow
10210,-23,81,0,0,0,,,text,SiliconFlow
10211,-23,83,0,0,0,,,text,SiliconFlow
10212,-23,85,0,0,0,,,text,SiliconFlow
10213,-23,87,0,0,0,,,text,SiliconFlow
10214,-23,89,0,0,0,,,text,SiliconFlow
10215,-23,91,0,0,0,,,text,SiliconFlow
10216,-23,93,0,0,0,,,text,SiliconFlow
10217,-23,95,0,0,0,,,text,SiliconFlow
10218,-23,97,0,0,0,,,text,SiliconFlow
10219,-23,99,0,0,0,,,text,SiliconFlow
10220,-23,101,0,0,0,,,text,SiliconFlow
10221,-23,103,0,0,0,,,text,SiliconFlow
10222,-23,105,0,0,0,,,text,SiliconFlow
10223,-23,107,0,0,0,,,text,SiliconFlow
10224,-23,109,0,0,0,,,text,SiliconFlow
10225,-23,111,0,0,0,,,text,SiliconFlow
10226,-23,113,0,0,0,,,text,SiliconFlow
10227,-23,115,1,1,0,,,text,SiliconFlow
10228,-23,117,1,1,1,,,text,SiliconFlow
10229,-23,119,1,1,1,,,text,SiliconFlow
10230,-23,121,1,1,1,,,text,SiliconFlow
10231,-23,123,1,1,1,,,text,SiliconFlow
10232,-23,125,1,1,1,,,text,SiliconFlow
10233,-23,127,1,1,1,,,text,SiliconFlow
10234,-23,129,1,1,1,,,text,SiliconFlow
10235,-23,131,1,1,1,,,text,SiliconFlow
10236,-23,133,1,1,1,,,text,SiliconFlow
10237,-23,135,1,1,1,,,text,SiliconFlow
10238,-23,137,1,1,1,,,text,SiliconFlow
10239,-23,139,1,1,1,,,text,SiliconFlow
10240,-23,141,1,1,1,,,text,SiliconFlow
10241,-23,143,1,1,1,,,text,SiliconFlow
10242,-23,145,1,1,1,,,text,SiliconFlow
10243,-23,147,1,1,1,,,text,SiliconFlow
10244,-23,149,1,1,1,,,text,SiliconFlow
10245,-23,151,0,0,0,,,text,SiliconFlow
10246,-23,153,0,0,0,,,text,SiliconFlow
10247,-23,155,0,0,0,,,text,SiliconFlow
10248,-23,157,0,0,0,,,text,SiliconFlow
10249,-23,159,0,0,0,,,text,SiliconFlow
10250,-23,161,0,0,0,,,text,SiliconFlow
10251,-23,163,0,0,0,,,text,SiliconFlow
10252,-23,165,0,0,0,,,text,SiliconFlow
10253,-23,167,0,0,0,,,text,SiliconFlow
10254,-23,169,0,0,0,,,text,SiliconFlow
10255,-23,171,0,0,0,,,text,SiliconFlow
10256,-23,173,0,0,0,,,text,SiliconFlow
10257,-23,175,0,0,0,,,text,SiliconFlow
10258,-23,177,0,0,0,,,text,SiliconFlow
10259,-23,179,0,0,0,,,text,SiliconFlow
10260,-25,-179,0,0,0,,,text,SiliconFlow
10261,-25,-177,0,0,0,,,text,SiliconFlow
10262,-25,-175,0,0,0,,,text,SiliconFlow
10263,-25,-173,0,0,0,,,text,SiliconFlow
10264,-25,-171,0,0,0,,,text,SiliconFlow
10265,-25,-169,0,0,0,,,text,SiliconFlow
10266,-25,-167,0,0,0,,,text,SiliconFlow
10267,-25,-165,0,0,0,,,text,SiliconFlow
10268,-25,-163,0,0,0,,,text,SiliconFlow
10269,-25,-161,0,0,0,,,text,SiliconFlow
10270,-25,-159,0,0,0,,,text,SiliconFlow
10271,-25,-157,0,0,0,,,text,SiliconFlow
10272,-25,-155,0,0,0,,,text,SiliconFlow
10273,-25,-153,0,0,0,,,text,SiliconFlow
10274,-25,-151,0,0,0,,,text,SiliconFlow
10275,-25,-149,0,0,0,,,text,SiliconFlow
10276,-25,-147,0,0,0,,,text,SiliconFlow
10277,-25,-145,0,0,0,,,text,SiliconFlow
10278,-25,-143,0,0,0,,,text,SiliconFlow
10279,-25,-141,0,0,0,,,text,SiliconFlow
10280,-25,-139,0,0,0,,,text,SiliconFlow
10281,-25,-137,0,0,0,,,text,SiliconFlow
10282,-25,-135,0,0,0,,,text,SiliconFlow
10283,-25,-133,0,0,0,,,text,SiliconFlow
10284,-25,-131,0,0,0,,,text,SiliconFlow
10285,-25,-129,0,0,0,,,text,SiliconFlow
10286,-25,-127,0,0,0,,,text,SiliconFlow
10287,-25,-125,0,0,0,,,text,SiliconFlow
10288,-25,-123,0,0,0,,,text,SiliconFlow
10289,-25,-121,0,0,0,,,text,SiliconFlow
10290,-25,-119,0,0,0,,,text,SiliconFlow
10291,-25,-117,0,0,0,,,text,SiliconFlow
10292,-25,-115,0,0,0,,,text,SiliconFlow
10293,-25,-113,0,0,0,,,text,SiliconFlow
10294,-25,-111,0,0,0,,,text,SiliconFlow
10295,-25,-109,0,0,0,,,text,SiliconFlow
10296,-25,-107,0,0,0,,,text,SiliconFlow
10297,-25,-105,0,0,0,,,text,SiliconFlow
10298,-25,-103,0,0,0,,,text,SiliconFlow
10299,-25,-101,0,0,0,,,text,SiliconFlow
10300,-25,-99,0,0,0,,,text,SiliconFlow
10301,-25,-97,0,0,0,,,text,SiliconFlow
10302,-25,-95,0,0,0,,,text,SiliconFlow
10303,-25,-93,0,0,0,,,text,SiliconFlow
10304,-25,-91,0,0,0,,,text,SiliconFlow
10305,-25,-89,0,0,0,,,text,SiliconFlow
10306,-25,-87,0,0,0,,,text,SiliconFlow
10307,-25,-85,0,0,0,,,text,SiliconFlow
10308,-25,-83,0,0,0,,,text,SiliconFlow
10309,-25,-81,0,0,0,,,text,SiliconFlow
10310,-25,-79,0,0,0,,,text,SiliconFlow
10311,-25,-77,0,0,0,,,text,SiliconFlow
10312,-25,-75,0,0,0,,,text,SiliconFlow
10313,-25,-73,0,0,0,,,text,SiliconFlow
10314,-25,-71,0,0,0,,,text,SiliconFlow
10315,-25,-69,1,1,0,,,text,SiliconFlow
10316,-25,-67,1,1,0,,,text,SiliconFlow
10317,-25,-65,1,1,0,,,text,SiliconFlow
10318,-25,-63,1,1,0,,,text,SiliconFlow
10319,-25,-61,1,1,1,,,text,SiliconFlow
10320,-25,-59,1,1,1,,,text,SiliconFlow
10321,-25,-57,1,1,1,,,text,SiliconFlow
10322,-25,-55,1,1,0,,,text,SiliconFlow
10323,-25,-53,1,1,1,,,text,SiliconFlow
10324,-25,-51,1,1,1,,,text,SiliconFlow
10325,-25,-49,1,1,1,,,text,SiliconFlow
10326,-25,-47,0,0,0,,,text,SiliconFlow
10327,-25,-45,0,0,0,,,text,SiliconFlow
10328,-25,-43,0,0,0,,,text,SiliconFlow
10329,-25,-41,0,0,0,,,text,SiliconFlow
10330,-25,-39,0,0,0,,,text,SiliconFlow
10331,-25,-37,0,0,0,,,text,SiliconFlow
10332,-25,-35,0,0,0,,,text,SiliconFlow
10333,-25,-33,0,0,0,,,text,SiliconFlow
10334,-25,-31,0,0,0,,,text,SiliconFlow
10335,-25,-29,0,0,0,,,text,SiliconFlow
10336,-25,-27,0,0,0,,,text,SiliconFlow
10337,-25,-25,0,0,0,,,text,SiliconFlow
10338,-25,-23,0,0,0,,,text,SiliconFlow
10339,-25,-21,0,0,0,,,text,SiliconFlow
10340,-25,-19,0,0,0,,,text,SiliconFlow
10341,-25,-17,0,0,0,,,text,SiliconFlow
10342,-25,-15,0,0,0,,,text,SiliconFlow
10343,-25,-13,0,0,0,,,text,SiliconFlow
10344,-25,-11,0,0,0,,,text,SiliconFlow
10345,-25,-9,0,0,0,,,text,SiliconFlow
10346,-25,-7,0,0,0,,,text,SiliconFlow
10347,-25,-5,0,0,0,,,text,SiliconFlow
10348,-25,-3,0,0,0,,,text,SiliconFlow
10349,-25,-1,0,0,0,,,text,SiliconFlow
10350,-25,1,0,0,0,,,text,SiliconFlow
10351,-25,3,0,0,0,,,text,SiliconFlow
10352,-25,5,0,0,0,,,text,SiliconFlow
10353,-25,7,0,0,1,,,text,SiliconFlow
10354,-25,9,0,0,1,,,text,SiliconFlow
10355,-25,11,0,0,1,,,text,SiliconFlow
10356,-25,13,0,0,1,,,text,SiliconFlow
10357,-25,15,1,1,1,,,text,SiliconFlow
10358,-25,17,1,1,1,,,text,SiliconFlow
10359,-25,19,1,1,1,,,text,SiliconFlow
10360,-25,21,1,1,1,,,text,SiliconFlow
10361,-25,23,1,1,1,,,text,SiliconFlow
10362,-25,25,1,1,0,,,text,SiliconFlow
10363,-25,27,1,1,1,,,text,SiliconFlow
10364,-25,29,1,1,1,,,text,SiliconFlow
10365,-25,31,1,1,1,,,text,SiliconFlow
10366,-25,33,1,1,1,,,text,SiliconFlow
10367,-25,35,0,0,0,,,text,SiliconFlow
10368,-25,37,0,0,0,,,text,SiliconFlow
10369,-25,39,0,0,0,,,text,SiliconFlow
10370,-25,41,0,0,0,,,text,SiliconFlow
10371,-25,43,0,0,0,,,text,SiliconFlow
10372,-25,45,1,1,0,,,text,SiliconFlow
10373,-25,47,1,1,0,,,text,SiliconFlow
10374,-25,49,0,0,0,,,text,SiliconFlow
10375,-25,51,0,0,0,,,text,SiliconFlow
10376,-25,53,0,0,0,,,text,SiliconFlow
10377,-25,55,0,0,0,,,text,SiliconFlow
10378,-25,57,0,0,0,,,text,SiliconFlow
10379,-25,59,0,0,0,,,text,SiliconFlow
10380,-25,61,0,0,0,,,text,SiliconFlow
10381,-25,63,0,0,0,,,text,SiliconFlow
10382,-25,65,0,0,0,,,text,SiliconFlow
10383,-25,67,0,0,0,,,text,SiliconFlow
10384,-25,69,0,0,0,,,text,SiliconFlow
10385,-25,71,0,0,0,,,text,SiliconFlow
10386,-25,73,0,0,0,,,text,SiliconFlow
10387,-25,75,0,0,0,,,text,SiliconFlow
10388,-25,77,0,0,0,,,text,SiliconFlow
10389,-25,79,0,0,0,,,text,SiliconFlow
10390,-25,81,0,0,0,,,text,SiliconFlow
10391,-25,83,0,0,0,,,text,SiliconFlow
10392,-25,85,0,0,0,,,text,SiliconFlow
10393,-25,87,0,0,0,,,text,SiliconFlow
10394,-25,89,0,0,0,,,text,SiliconFlow
10395,-25,91,0,0,0,,,text,SiliconFlow
10396,-25,93,0,0,0,,,text,SiliconFlow
10397,-25,95,0,0,0,,,text,SiliconFlow
10398,-25,97,0,0,0,,,text,SiliconFlow
10399,-25,99,0,0,0,,,text,SiliconFlow
10400,-25,101,0,0,0,,,text,SiliconFlow
10401,-25,103,0,0,0,,,text,SiliconFlow
10402,-25,105,0,0,0,,,text,SiliconFlow
10403,-25,107,0,0,0,,,text,SiliconFlow
10404,-25,109,0,0,0,,,text,SiliconFlow
10405,-25,111,0,0,0,,,text,SiliconFlow
10406,-25,113,0,0,0,,,text,SiliconFlow
10407,-25,115,1,1,0,,,text,SiliconFlow
10408,-25,117,1,1,1,,,text,SiliconFlow
10409,-25,119,1,1,1,,,text,SiliconFlow
10410,-25,121,1,1,1,,,text,SiliconFlow
10411,-25,123,1,1,0,,,text,SiliconFlow
10412,-25,125,1,1,0,,,text,SiliconFlow
10413,-25,127,1,1,1,,,text,SiliconFlow
10414,-25,129,1,1,0,,,text,SiliconFlow
10415,-25,131,1,1,1,,,text,SiliconFlow
10416,-25,133,1,1,1,,,text,SiliconFlow
10417,-25,135,1,1,1,,,text,SiliconFlow
10418,-25,137,1,1,1,,,text,SiliconFlow
10419,-25,139,1,1,1,,,text,SiliconFlow
10420,-25,141,1,1,1,,,text,SiliconFlow
10421,-25,143,1,1,1,,,text,SiliconFlow
10422,-25,145,1,1,1,,,text,SiliconFlow
10423,-25,147,1,1,1,,,text,SiliconFlow
10424,-25,149,1,1,1,,,text,SiliconFlow
10425,-25,151,1,1,1,,,text,SiliconFlow
10426,-25,153,0,0,0,,,text,SiliconFlow
10427,-25,155,0,0,0,,,text,SiliconFlow
10428,-25,157,0,0,0,,,text,SiliconFlow
10429,-25,159,0,0,0,,,text,SiliconFlow
10430,-25,161,0,0,0,,,text,SiliconFlow
10431,-25,163,0,0,0,,,text,SiliconFlow
10432,-25,165,0,0,0,,,text,SiliconFlow
10433,-25,167,0,0,0,,,text,SiliconFlow
10434,-25,169,0,0,0,,,text,SiliconFlow
10435,-25,171,0,0,0,,,text,SiliconFlow
10436,-25,173,0,0,0,,,text,SiliconFlow
10437,-25,175,0,0,0,,,text,SiliconFlow
10438,-25,177,0,0,0,,,text,SiliconFlow
10439,-25,179,0,0,0,,,text,SiliconFlow
10440,-27,-179,0,0,0,,,text,SiliconFlow
10441,-27,-177,0,0,0,,,text,SiliconFlow
10442,-27,-175,0,0,0,,,text,SiliconFlow
10443,-27,-173,0,0,0,,,text,SiliconFlow
10444,-27,-171,0,0,0,,,text,SiliconFlow
10445,-27,-169,0,0,0,,,text,SiliconFlow
10446,-27,-167,0,0,0,,,text,SiliconFlow
10447,-27,-165,0,0,0,,,text,SiliconFlow
10448,-27,-163,0,0,0,,,text,SiliconFlow
10449,-27,-161,0,0,0,,,text,SiliconFlow
10450,-27,-159,0,0,0,,,text,SiliconFlow
10451,-27,-157,0,0,0,,,text,SiliconFlow
10452,-27,-155,0,0,0,,,text,SiliconFlow
10453,-27,-153,0,0,0,,,text,SiliconFlow
10454,-27,-151,0,0,0,,,text,SiliconFlow
10455,-27,-149,0,0,0,,,text,SiliconFlow
10456,-27,-147,0,0,0,,,text,SiliconFlow
10457,-27,-145,0,0,0,,,text,SiliconFlow
10458,-27,-143,0,0,0,,,text,SiliconFlow
10459,-27,-141,0,0,0,,,text,SiliconFlow
10460,-27,-139,0,0,0,,,text,SiliconFlow
10461,-27,-137,0,0,0,,,text,SiliconFlow
10462,-27,-135,0,0,0,,,text,SiliconFlow
10463,-27,-133,0,0,0,,,text,SiliconFlow
10464,-27,-131,0,0,0,,,text,SiliconFlow
10465,-27,-129,0,0,0,,,text,SiliconFlow
10466,-27,-127,0,0,0,,,text,SiliconFlow
10467,-27,-125,0,0,0,,,text,SiliconFlow
10468,-27,-123,0,0,0,,,text,SiliconFlow
10469,-27,-121,0,0,0,,,text,SiliconFlow
10470,-27,-119,0,0,0,,,text,SiliconFlow
10471,-27,-117,0,0,0,,,text,SiliconFlow
10472,-27,-115,0,0,0,,,text,SiliconFlow
10473,-27,-113,0,0,0,,,text,SiliconFlow
10474,-27,-111,0,0,0,,,text,SiliconFlow
10475,-27,-109,0,0,0,,,text,SiliconFlow
10476,-27,-107,0,0,0,,,text,SiliconFlow
10477,-27,-105,0,0,0,,,text,SiliconFlow
10478,-27,-103,0,0,0,,,text,SiliconFlow
10479,-27,-101,0,0,0,,,text,SiliconFlow
10480,-27,-99,0,0,0,,,text,SiliconFlow
10481,-27,-97,0,0,0,,,text,SiliconFlow
10482,-27,-95,0,0,0,,,text,SiliconFlow
10483,-27,-93,0,0,0,,,text,SiliconFlow
10484,-27,-91,0,0,0,,,text,SiliconFlow
10485,-27,-89,0,0,0,,,text,SiliconFlow
10486,-27,-87,0,0,0,,,text,SiliconFlow
10487,-27,-85,0,0,0,,,text,SiliconFlow
10488,-27,-83,0,0,0,,,text,SiliconFlow
10489,-27,-81,0,0,0,,,text,SiliconFlow
10490,-27,-79,0,0,0,,,text,SiliconFlow
10491,-27,-77,0,0,0,,,text,SiliconFlow
10492,-27,-75,0,0,0,,,text,SiliconFlow
10493,-27,-73,0,0,0,,,text,SiliconFlow
10494,-27,-71,0,0,0,,,text,SiliconFlow
10495,-27,-69,1,1,0,,,text,SiliconFlow
10496,-27,-67,1,1,1,,,text,SiliconFlow
10497,-27,-65,1,1,1,,,text,SiliconFlow
10498,-27,-63,1,1,1,,,text,SiliconFlow
10499,-27,-61,1,1,1,,,text,SiliconFlow
10500,-27,-59,1,1,0,,,text,SiliconFlow
10501,-27,-57,1,1,0,,,text,SiliconFlow
10502,-27,-55,1,1,1,,,text,SiliconFlow
10503,-27,-53,1,1,1,,,text,SiliconFlow
10504,-27,-51,1,1,1,,,text,SiliconFlow
10505,-27,-49,1,1,0,,,text,SiliconFlow
10506,-27,-47,0,0,0,,,text,SiliconFlow
10507,-27,-45,0,0,0,,,text,SiliconFlow
10508,-27,-43,0,0,0,,,text,SiliconFlow
10509,-27,-41,0,0,0,,,text,SiliconFlow
10510,-27,-39,0,0,0,,,text,SiliconFlow
10511,-27,-37,0,0,0,,,text,SiliconFlow
10512,-27,-35,0,0,0,,,text,SiliconFlow
10513,-27,-33,0,0,0,,,text,SiliconFlow
10514,-27,-31,0,0,0,,,text,SiliconFlow
10515,-27,-29,0,0,0,,,text,SiliconFlow
10516,-27,-27,0,0,0,,,text,SiliconFlow
10517,-27,-25,0,0,0,,,text,SiliconFlow
10518,-27,-23,0,0,0,,,text,SiliconFlow
10519,-27,-21,0,0,0,,,text,SiliconFlow
10520,-27,-19,0,0,0,,,text,SiliconFlow
10521,-27,-17,0,0,0,,,text,SiliconFlow
10522,-27,-15,0,0,0,,,text,SiliconFlow
10523,-27,-13,0,0,0,,,text,SiliconFlow
10524,-27,-11,0,0,0,,,text,SiliconFlow
10525,-27,-9,0,0,0,,,text,SiliconFlow
10526,-27,-7,0,0,0,,,text,SiliconFlow
10527,-27,-5,0,0,0,,,text,SiliconFlow
10528,-27,-3,0,0,0,,,text,SiliconFlow
10529,-27,-1,0,0,0,,,text,SiliconFlow
10530,-27,1,0,0,0,,,text,SiliconFlow
10531,-27,3,0,0,0,,,text,SiliconFlow
10532,-27,5,0,0,0,,,text,SiliconFlow
10533,-27,7,0,0,0,,,text,SiliconFlow
10534,-27,9,0,0,0,,,text,SiliconFlow
10535,-27,11,0,0,0,,,text,SiliconFlow
10536,-27,13,0,0,0,,,text,SiliconFlow
10537,-27,15,0,0,1,,,text,SiliconFlow
10538,-27,17,1,1,1,,,text,SiliconFlow
10539,-27,19,1,1,1,,,text,SiliconFlow
10540,-27,21,1,1,1,,,text,SiliconFlow
10541,-27,23,1,1,1,,,text,SiliconFlow
10542,-27,25,1,1,1,,,text,SiliconFlow
10543,-27,27,1,1,0,,,text,SiliconFlow
10544,-27,29,1,1,1,,,text,SiliconFlow
10545,-27,31,1,1,1,,,text,SiliconFlow
10546,-27,33,0,0,0,,,text,SiliconFlow
10547,-27,35,0,0,0,,,text,SiliconFlow
10548,-27,37,0,0,0,,,text,SiliconFlow
10549,-27,39,0,0,0,,,text,SiliconFlow
10550,-27,41,0,0,0,,,text,SiliconFlow
10551,-27,43,0,0,0,,,text,SiliconFlow
10552,-27,45,0,0,0,,,text,SiliconFlow
10553,-27,47,0,0,0,,,text,SiliconFlow
10554,-27,49,0,0,0,,,text,SiliconFlow
10555,-27,51,0,0,0,,,text,SiliconFlow
10556,-27,53,0,0,0,,,text,SiliconFlow
10557,-27,55,0,0,0,,,text,SiliconFlow
10558,-27,57,0,0,0,,,text,SiliconFlow
10559,-27,59,0,0,0,,,text,SiliconFlow
10560,-27,61,0,0,0,,,text,SiliconFlow
10561,-27,63,0,0,0,,,text,SiliconFlow
10562,-27,65,0,0,0,,,text,SiliconFlow
10563,-27,67,0,0,0,,,text,SiliconFlow
10564,-27,69,0,0,0,,,text,SiliconFlow
10565,-27,71,0,0,0,,,text,SiliconFlow
10566,-27,73,0,0,0,,,text,SiliconFlow
10567,-27,75,0,0,0,,,text,SiliconFlow
10568,-27,77,0,0,0,,,text,SiliconFlow
10569,-27,79,0,0,0,,,text,SiliconFlow
10570,-27,81,0,0,0,,,text,SiliconFlow
10571,-27,83,0,0,0,,,text,SiliconFlow
10572,-27,85,0,0,0,,,text,SiliconFlow
10573,-27,87,0,0,0,,,text,SiliconFlow
10574,-27,89,0,0,0,,,text,SiliconFlow
10575,-27,91,0,0,0,,,text,SiliconFlow
10576,-27,93,0,0,0,,,text,SiliconFlow
10577,-27,95,0,0,0,,,text,SiliconFlow
10578,-27,97,0,0,0,,,text,SiliconFlow
10579,-27,99,0,0,0,,,text,SiliconFlow
10580,-27,101,0,0,0,,,text,SiliconFlow
10581,-27,103,0,0,0,,,text,SiliconFlow
10582,-27,105,0,0,0,,,text,SiliconFlow
10583,-27,107,0,0,0,,,text,SiliconFlow
10584,-27,109,0,0,0,,,text,SiliconFlow
10585,-27,111,0,0,0,,,text,SiliconFlow
10586,-27,113,0,0,0,,,text,SiliconFlow
10587,-27,115,1,1,0,,,text,SiliconFlow
10588,-27,117,1,1,1,,,text,SiliconFlow
10589,-27,119,1,1,1,,,text,SiliconFlow
10590,-27,121,1,1,1,,,text,SiliconFlow
10591,-27,123,1,1,0,,,text,SiliconFlow
10592,-27,125,1,1,1,,,text,SiliconFlow
10593,-27,127,1,1,0,,,text,SiliconFlow
10594,-27,129,1,1,0,,,text,SiliconFlow
10595,-27,131,1,1,1,,,text,SiliconFlow
10596,-27,133,1,1,1,,,text,SiliconFlow
10597,-27,135,1,1,1,,,text,SiliconFlow
10598,-27,137,1,1,1,,,text,SiliconFlow
10599,-27,139,1,1,1,,,text,SiliconFlow
10600,-27,141,1,1,1,,,text,SiliconFlow
10601,-27,143,1,1,1,,,text,SiliconFlow
10602,-27,145,1,1,1,,,text,SiliconFlow
10603,-27,147,1,1,1,,,text,SiliconFlow
10604,-27,149,1,1,1,,,text,SiliconFlow
10605,-27,151,1,1,1,,,text,SiliconFlow
10606,-27,153,1,1,0,,,text,SiliconFlow
10607,-27,155,0,0,0,,,text,SiliconFlow
10608,-27,157,0,0,0,,,text,SiliconFlow
10609,-27,159,0,0,0,,,text,SiliconFlow
10610,-27,161,0,0,0,,,text,SiliconFlow
10611,-27,163,0,0,0,,,text,SiliconFlow
10612,-27,165,0,0,0,,,text,SiliconFlow
10613,-27,167,0,0,0,,,text,SiliconFlow
10614,-27,169,0,0,0,,,text,SiliconFlow
10615,-27,171,0,0,0,,,text,SiliconFlow
10616,-27,173,0,0,0,,,text,SiliconFlow
10617,-27,175,0,0,0,,,text,SiliconFlow
10618,-27,177,0,0,0,,,text,SiliconFlow
10619,-27,179,0,0,0,,,text,SiliconFlow
10620,-29,-179,0,0,0,,,text,SiliconFlow
10621,-29,-177,0,0,0,,,text,SiliconFlow
10622,-29,-175,0,0,0,,,text,SiliconFlow
10623,-29,-173,0,0,0,,,text,SiliconFlow
10624,-29,-171,0,0,0,,,text,SiliconFlow
10625,-29,-169,0,0,0,,,text,SiliconFlow
10626,-29,-167,0,0,0,,,text,SiliconFlow
10627,-29,-165,0,0,0,,,text,SiliconFlow
10628,-29,-163,0,0,0,,,text,SiliconFlow
10629,-29,-161,0,0,0,,,text,SiliconFlow
10630,-29,-159,0,0,0,,,text,SiliconFlow
10631,-29,-157,0,0,0,,,text,SiliconFlow
10632,-29,-155,0,0,0,,,text,SiliconFlow
10633,-29,-153,0,0,0,,,text,SiliconFlow
10634,-29,-151,0,0,0,,,text,SiliconFlow
10635,-29,-149,0,0,0,,,text,SiliconFlow
10636,-29,-147,0,0,0,,,text,SiliconFlow
10637,-29,-145,0,0,0,,,text,SiliconFlow
10638,-29,-143,0,0,0,,,text,SiliconFlow
10639,-29,-141,0,0,0,,,text,SiliconFlow
10640,-29,-139,0,0,0,,,text,SiliconFlow
10641,-29,-137,0,0,0,,,text,SiliconFlow
10642,-29,-135,0,0,0,,,text,SiliconFlow
10643,-29,-133,0,0,0,,,text,SiliconFlow
10644,-29,-131,0,0,0,,,text,SiliconFlow
10645,-29,-129,0,0,0,,,text,SiliconFlow
10646,-29,-127,0,0,0,,,text,SiliconFlow
10647,-29,-125,0,0,0,,,text,SiliconFlow
10648,-29,-123,0,0,0,,,text,SiliconFlow
10649,-29,-121,0,0,0,,,text,SiliconFlow
10650,-29,-119,0,0,0,,,text,SiliconFlow
10651,-29,-117,0,0,0,,,text,SiliconFlow
10652,-29,-115,0,0,0,,,text,SiliconFlow
10653,-29,-113,0,0,0,,,text,SiliconFlow
10654,-29,-111,0,0,0,,,text,SiliconFlow
10655,-29,-109,0,0,0,,,text,SiliconFlow
10656,-29,-107,0,0,0,,,text,SiliconFlow
10657,-29,-105,0,0,0,,,text,SiliconFlow
10658,-29,-103,0,0,0,,,text,SiliconFlow
10659,-29,-101,0,0,0,,,text,SiliconFlow
10660,-29,-99,0,0,0,,,text,SiliconFlow
10661,-29,-97,0,0,0,,,text,SiliconFlow
10662,-29,-95,0,0,0,,,text,SiliconFlow
10663,-29,-93,0,0,0,,,text,SiliconFlow
10664,-29,-91,0,0,0,,,text,SiliconFlow
10665,-29,-89,0,0,0,,,text,SiliconFlow
10666,-29,-87,0,0,0,,,text,SiliconFlow
10667,-29,-85,0,0,0,,,text,SiliconFlow
10668,-29,-83,0,0,0,,,text,SiliconFlow
10669,-29,-81,0,0,0,,,text,SiliconFlow
10670,-29,-79,0,0,0,,,text,SiliconFlow
10671,-29,-77,0,0,0,,,text,SiliconFlow
10672,-29,-75,0,0,0,,,text,SiliconFlow
10673,-29,-73,0,0,0,,,text,SiliconFlow
10674,-29,-71,1,1,0,,,text,SiliconFlow
10675,-29,-69,1,1,1,,,text,SiliconFlow
10676,-29,-67,1,1,1,,,text,SiliconFlow
10677,-29,-65,1,1,1,,,text,SiliconFlow
10678,-29,-63,1,1,0,,,text,SiliconFlow
10679,-29,-61,1,1,1,,,text,SiliconFlow
10680,-29,-59,1,1,0,,,text,SiliconFlow
10681,-29,-57,1,1,0,,,text,SiliconFlow
10682,-29,-55,1,1,1,,,text,SiliconFlow
10683,-29,-53,1,1,1,,,text,SiliconFlow
10684,-29,-51,1,1,1,,,text,SiliconFlow
10685,-29,-49,0,0,0,,,text,SiliconFlow
10686,-29,-47,0,0,0,,,text,SiliconFlow
10687,-29,-45,0,0,0,,,text,SiliconFlow
10688,-29,-43,0,0,0,,,text,SiliconFlow
10689,-29,-41,0,0,0,,,text,SiliconFlow
10690,-29,-39,0,0,0,,,text,SiliconFlow
10691,-29,-37,0,0,0,,,text,SiliconFlow
10692,-29,-35,0,0,0,,,text,SiliconFlow
10693,-29,-33,0,0,0,,,text,SiliconFlow
10694,-29,-31,0,0,0,,,text,SiliconFlow
10695,-29,-29,0,0,0,,,text,SiliconFlow
10696,-29,-27,0,0,0,,,text,SiliconFlow
10697,-29,-25,0,0,0,,,text,SiliconFlow
10698,-29,-23,0,0,0,,,text,SiliconFlow
10699,-29,-21,0,0,0,,,text,SiliconFlow
10700,-29,-19,0,0,0,,,text,SiliconFlow
10701,-29,-17,0,0,0,,,text,SiliconFlow
10702,-29,-15,0,0,0,,,text,SiliconFlow
10703,-29,-13,0,0,0,,,text,SiliconFlow
10704,-29,-11,0,0,0,,,text,SiliconFlow
10705,-29,-9,0,0,0,,,text,SiliconFlow
10706,-29,-7,0,0,0,,,text,SiliconFlow
10707,-29,-5,0,0,0,,,text,SiliconFlow
10708,-29,-3,0,0,0,,,text,SiliconFlow
10709,-29,-1,0,0,0,,,text,SiliconFlow
10710,-29,1,0,0,0,,,text,SiliconFlow
10711,-29,3,0,0,0,,,text,SiliconFlow
10712,-29,5,0,0,0,,,text,SiliconFlow
10713,-29,7,0,0,0,,,text,SiliconFlow
10714,-29,9,0,0,1,,,text,SiliconFlow
10715,-29,11,0,0,1,,,text,SiliconFlow
10716,-29,13,0,0,1,,,text,SiliconFlow
10717,-29,15,0,0,1,,,text,SiliconFlow
10718,-29,17,1,1,1,,,text,SiliconFlow
10719,-29,19,1,1,1,,,text,SiliconFlow
10720,-29,21,1,1,1,,,text,SiliconFlow
10721,-29,23,1,1,1,,,text,SiliconFlow
10722,-29,25,1,1,1,,,text,SiliconFlow
10723,-29,27,1,1,1,,,text,SiliconFlow
10724,-29,29,1,1,0,,,text,SiliconFlow
10725,-29,31,1,1,1,,,text,SiliconFlow
10726,-29,33,0,0,0,,,text,SiliconFlow
10727,-29,35,0,0,1,,,text,SiliconFlow
10728,-29,37,0,0,0,,,text,SiliconFlow
10729,-29,39,0,0,0,,,text,SiliconFlow
10730,-29,41,0,0,0,,,text,SiliconFlow
10731,-29,43,0,0,0,,,text,SiliconFlow
10732,-29,45,0,0,0,,,text,SiliconFlow
10733,-29,47,0,0,0,,,text,SiliconFlow
10734,-29,49,0,0,0,,,text,SiliconFlow
10735,-29,51,0,0,0,,,text,SiliconFlow
10736,-29,53,0,0,0,,,text,SiliconFlow
10737,-29,55,0,0,0,,,text,SiliconFlow
10738,-29,57,0,0,0,,,text,SiliconFlow
10739,-29,59,0,0,0,,,text,SiliconFlow
10740,-29,61,0,0,0,,,text,SiliconFlow
10741,-29,63,0,0,0,,,text,SiliconFlow
10742,-29,65,0,0,0,,,text,SiliconFlow
10743,-29,67,0,0,0,,,text,SiliconFlow
10744,-29,69,0,0,0,,,text,SiliconFlow
10745,-29,71,0,0,0,,,text,SiliconFlow
10746,-29,73,0,0,0,,,text,SiliconFlow
10747,-29,75,0,0,0,,,text,SiliconFlow
10748,-29,77,0,0,0,,,text,SiliconFlow
10749,-29,79,0,0,0,,,text,SiliconFlow
10750,-29,81,0,0,0,,,text,SiliconFlow
10751,-29,83,0,0,0,,,text,SiliconFlow
10752,-29,85,0,0,0,,,text,SiliconFlow
10753,-29,87,0,0,0,,,text,SiliconFlow
10754,-29,89,0,0,0,,,text,SiliconFlow
10755,-29,91,0,0,0,,,text,SiliconFlow
10756,-29,93,0,0,0,,,text,SiliconFlow
10757,-29,95,0,0,0,,,text,SiliconFlow
10758,-29,97,0,0,0,,,text,SiliconFlow
10759,-29,99,0,0,0,,,text,SiliconFlow
10760,-29,101,0,0,0,,,text,SiliconFlow
10761,-29,103,0,0,0,,,text,SiliconFlow
10762,-29,105,0,0,0,,,text,SiliconFlow
10763,-29,107,0,0,0,,,text,SiliconFlow
10764,-29,109,0,0,0,,,text,SiliconFlow
10765,-29,111,0,0,0,,,text,SiliconFlow
10766,-29,113,0,0,0,,,text,SiliconFlow
10767,-29,115,1,1,0,,,text,SiliconFlow
10768,-29,117,1,1,1,,,text,SiliconFlow
10769,-29,119,1,1,1,,,text,SiliconFlow
10770,-29,121,1,1,1,,,text,SiliconFlow
10771,-29,123,1,1,0,,,text,SiliconFlow
10772,-29,125,1,1,1,,,text,SiliconFlow
10773,-29,127,1,1,0,,,text,SiliconFlow
10774,-29,129,1,1,0,,,text,SiliconFlow
10775,-29,131,1,1,0,,,text,SiliconFlow
10776,-29,133,1,1,1,,,text,SiliconFlow
10777,-29,135,1,1,1,,,text,SiliconFlow
10778,-29,137,1,0,1,,,text,SiliconFlow
10779,-29,139,1,1,1,,,text,SiliconFlow
10780,-29,141,1,1,1,,,text,SiliconFlow
10781,-29,143,1,1,1,,,text,SiliconFlow
10782,-29,145,1,1,1,,,text,SiliconFlow
10783,-29,147,1,1,1,,,text,SiliconFlow
10784,-29,149,1,1,1,,,text,SiliconFlow
10785,-29,151,1,1,1,,,text,SiliconFlow
10786,-29,153,1,1,0,,,text,SiliconFlow
10787,-29,155,0,0,0,,,text,SiliconFlow
10788,-29,157,0,0,0,,,text,SiliconFlow
10789,-29,159,0,0,0,,,text,SiliconFlow
10790,-29,161,0,0,0,,,text,SiliconFlow
10791,-29,163,0,0,0,,,text,SiliconFlow
10792,-29,165,0,0,0,,,text,SiliconFlow
10793,-29,167,0,0,0,,,text,SiliconFlow
10794,-29,169,0,0,0,,,text,SiliconFlow
10795,-29,171,0,0,0,,,text,SiliconFlow
10796,-29,173,0,0,0,,,text,SiliconFlow
10797,-29,175,0,0,0,,,text,SiliconFlow
10798,-29,177,0,0,0,,,text,SiliconFlow
10799,-29,179,0,0,0,,,text,SiliconFlow
10800,-31,-179,0,0,0,,,text,SiliconFlow
10801,-31,-177,0,0,0,,,text,SiliconFlow
10802,-31,-175,0,0,0,,,text,SiliconFlow
10803,-31,-173,0,0,0,,,text,SiliconFlow
10804,-31,-171,0,0,0,,,text,SiliconFlow
10805,-31,-169,0,0,0,,,text,SiliconFlow
10806,-31,-167,0,0,0,,,text,SiliconFlow
10807,-31,-165,0,0,0,,,text,SiliconFlow
10808,-31,-163,0,0,0,,,text,SiliconFlow
10809,-31,-161,0,0,0,,,text,SiliconFlow
10810,-31,-159,0,0,0,,,text,SiliconFlow
10811,-31,-157,0,0,0,,,text,SiliconFlow
10812,-31,-155,0,0,0,,,text,SiliconFlow
10813,-31,-153,0,0,0,,,text,SiliconFlow
10814,-31,-151,0,0,0,,,text,SiliconFlow
10815,-31,-149,0,0,0,,,text,SiliconFlow
10816,-31,-147,0,0,0,,,text,SiliconFlow
10817,-31,-145,0,0,0,,,text,SiliconFlow
10818,-31,-143,0,0,0,,,text,SiliconFlow
10819,-31,-141,0,0,0,,,text,SiliconFlow
10820,-31,-139,0,0,0,,,text,SiliconFlow
10821,-31,-137,0,0,0,,,text,SiliconFlow
10822,-31,-135,0,0,0,,,text,SiliconFlow
10823,-31,-133,0,0,0,,,text,SiliconFlow
10824,-31,-131,0,0,0,,,text,SiliconFlow
10825,-31,-129,0,0,0,,,text,SiliconFlow
10826,-31,-127,0,0,0,,,text,SiliconFlow
10827,-31,-125,0,0,0,,,text,SiliconFlow
10828,-31,-123,0,0,0,,,text,SiliconFlow
10829,-31,-121,0,0,0,,,text,SiliconFlow
10830,-31,-119,0,0,0,,,text,SiliconFlow
10831,-31,-117,0,0,0,,,text,SiliconFlow
10832,-31,-115,0,0,0,,,text,SiliconFlow
10833,-31,-113,0,0,0,,,text,SiliconFlow
10834,-31,-111,0,0,0,,,text,SiliconFlow
10835,-31,-109,0,0,0,,,text,SiliconFlow
10836,-31,-107,0,0,0,,,text,SiliconFlow
10837,-31,-105,0,0,0,,,text,SiliconFlow
10838,-31,-103,0,0,0,,,text,SiliconFlow
10839,-31,-101,0,0,0,,,text,SiliconFlow
10840,-31,-99,0,0,0,,,text,SiliconFlow
10841,-31,-97,0,0,0,,,text,SiliconFlow
10842,-31,-95,0,0,0,,,text,SiliconFlow
10843,-31,-93,0,0,0,,,text,SiliconFlow
10844,-31,-91,0,0,0,,,text,SiliconFlow
10845,-31,-89,0,0,0,,,text,SiliconFlow
10846,-31,-87,0,0,0,,,text,SiliconFlow
10847,-31,-85,0,0,0,,,text,SiliconFlow
10848,-31,-83,0,0,0,,,text,SiliconFlow
10849,-31,-81,0,0,0,,,text,SiliconFlow
10850,-31,-79,0,0,0,,,text,SiliconFlow
10851,-31,-77,0,0,0,,,text,SiliconFlow
10852,-31,-75,0,0,0,,,text,SiliconFlow
10853,-31,-73,0,0,0,,,text,SiliconFlow
10854,-31,-71,1,1,0,,,text,SiliconFlow
10855,-31,-69,1,1,0,,,text,SiliconFlow
10856,-31,-67,1,1,1,,,text,SiliconFlow
10857,-31,-65,1,1,1,,,text,SiliconFlow
10858,-31,-63,1,1,1,,,text,SiliconFlow
10859,-31,-61,1,1,1,,,text,SiliconFlow
10860,-31,-59,1,1,0,,,text,SiliconFlow
10861,-31,-57,1,1,0,,,text,SiliconFlow
10862,-31,-55,1,1,1,,,text,SiliconFlow
10863,-31,-53,1,1,1,,,text,SiliconFlow
10864,-31,-51,0,0,0,,,text,SiliconFlow
10865,-31,-49,0,0,0,,,text,SiliconFlow
10866,-31,-47,0,0,0,,,text,SiliconFlow
10867,-31,-45,0,0,0,,,text,SiliconFlow
10868,-31,-43,0,0,0,,,text,SiliconFlow
10869,-31,-41,0,0,0,,,text,SiliconFlow
10870,-31,-39,0,0,0,,,text,SiliconFlow
10871,-31,-37,0,0,0,,,text,SiliconFlow
10872,-31,-35,0,0,0,,,text,SiliconFlow
10873,-31,-33,0,0,0,,,text,SiliconFlow
10874,-31,-31,0,0,0,,,text,SiliconFlow
10875,-31,-29,0,0,0,,,text,SiliconFlow
10876,-31,-27,0,0,0,,,text,SiliconFlow
10877,-31,-25,0,0,0,,,text,SiliconFlow
10878,-31,-23,0,0,0,,,text,SiliconFlow
10879,-31,-21,0,0,0,,,text,SiliconFlow
10880,-31,-19,0,0,0,,,text,SiliconFlow
10881,-31,-17,0,0,0,,,text,SiliconFlow
10882,-31,-15,0,0,0,,,text,SiliconFlow
10883,-31,-13,0,0,0,,,text,SiliconFlow
10884,-31,-11,0,0,0,,,text,SiliconFlow
10885,-31,-9,0,0,0,,,text,SiliconFlow
10886,-31,-7,0,0,0,,,text,SiliconFlow
10887,-31,-5,0,0,0,,,text,SiliconFlow
10888,-31,-3,0,0,0,,,text,SiliconFlow
10889,-31,-1,0,0,0,,,text,SiliconFlow
10890,-31,1,0,0,0,,,text,SiliconFlow
10891,-31,3,0,0,0,,,text,SiliconFlow
10892,-31,5,0,0,0,,,text,SiliconFlow
10893,-31,7,0,0,0,,,text,SiliconFlow
10894,-31,9,0,0,0,,,text,SiliconFlow
10895,-31,11,0,0,0,,,text,SiliconFlow
10896,-31,13,0,0,0,,,text,SiliconFlow
10897,-31,15,0,0,0,,,text,SiliconFlow
10898,-31,17,0,0,1,,,text,SiliconFlow
10899,-31,19,1,1,1,,,text,SiliconFlow
10900,-31,21,1,1,1,,,text,SiliconFlow
10901,-31,23,1,1,1,,,text,SiliconFlow
10902,-31,25,1,1,1,,,text,SiliconFlow
10903,-31,27,1,1,1,,,text,SiliconFlow
10904,-31,29,1,1,1,,,text,SiliconFlow
10905,-31,31,0,0,0,,,text,SiliconFlow
10906,-31,33,0,0,0,,,text,SiliconFlow
10907,-31,35,0,0,0,,,text,SiliconFlow
10908,-31,37,0,0,0,,,text,SiliconFlow
10909,-31,39,0,0,0,,,text,SiliconFlow
10910,-31,41,0,0,0,,,text,SiliconFlow
10911,-31,43,0,0,0,,,text,SiliconFlow
10912,-31,45,0,0,0,,,text,SiliconFlow
10913,-31,47,0,0,0,,,text,SiliconFlow
10914,-31,49,0,0,0,,,text,SiliconFlow
10915,-31,51,0,0,0,,,text,SiliconFlow
10916,-31,53,0,0,0,,,text,SiliconFlow
10917,-31,55,0,0,0,,,text,SiliconFlow
10918,-31,57,0,0,0,,,text,SiliconFlow
10919,-31,59,0,0,0,,,text,SiliconFlow
10920,-31,61,0,0,0,,,text,SiliconFlow
10921,-31,63,0,0,0,,,text,SiliconFlow
10922,-31,65,0,0,0,,,text,SiliconFlow
10923,-31,67,0,0,0,,,text,SiliconFlow
10924,-31,69,0,0,0,,,text,SiliconFlow
10925,-31,71,0,0,0,,,text,SiliconFlow
10926,-31,73,0,0,0,,,text,SiliconFlow
10927,-31,75,0,0,0,,,text,SiliconFlow
10928,-31,77,0,0,0,,,text,SiliconFlow
10929,-31,79,0,0,0,,,text,SiliconFlow
10930,-31,81,0,0,0,,,text,SiliconFlow
10931,-31,83,0,0,0,,,text,SiliconFlow
10932,-31,85,0,0,0,,,text,SiliconFlow
10933,-31,87,0,0,0,,,text,SiliconFlow
10934,-31,89,0,0,0,,,text,SiliconFlow
10935,-31,91,0,0,0,,,text,SiliconFlow
10936,-31,93,0,0,0,,,text,SiliconFlow
10937,-31,95,0,0,0,,,text,SiliconFlow
10938,-31,97,0,0,0,,,text,SiliconFlow
10939,-31,99,0,0,0,,,text,SiliconFlow
10940,-31,101,0,0,0,,,text,SiliconFlow
10941,-31,103,0,0,0,,,text,SiliconFlow
10942,-31,105,0,0,0,,,text,SiliconFlow
10943,-31,107,0,0,0,,,text,SiliconFlow
10944,-31,109,0,0,0,,,text,SiliconFlow
10945,-31,111,0,0,0,,,text,SiliconFlow
10946,-31,113,0,0,0,,,text,SiliconFlow
10947,-31,115,0,0,0,,,text,SiliconFlow
10948,-31,117,1,1,1,,,text,SiliconFlow
10949,-31,119,1,1,1,,,text,SiliconFlow
10950,-31,121,1,1,1,,,text,SiliconFlow
10951,-31,123,1,1,0,,,text,SiliconFlow
10952,-31,125,1,1,0,,,text,SiliconFlow
10953,-31,127,1,1,0,,,text,SiliconFlow
10954,-31,129,1,1,0,,,text,SiliconFlow
10955,-31,131,1,1,1,,,text,SiliconFlow
10956,-31,133,1,1,1,,,text,SiliconFlow
10957,-31,135,1,1,1,,,text,SiliconFlow
10958,-31,137,1,1,1,,,text,SiliconFlow
10959,-31,139,1,1,1,,,text,SiliconFlow
10960,-31,141,1,1,1,,,text,SiliconFlow
10961,-31,143,1,1,0,,,text,SiliconFlow
10962,-31,145,1,1,1,,,text,SiliconFlow
10963,-31,147,1,1,1,,,text,SiliconFlow
10964,-31,149,1,1,1,,,text,SiliconFlow
10965,-31,151,1,1,1,,,text,SiliconFlow
10966,-31,153,1,1,0,,,text,SiliconFlow
10967,-31,155,0,0,0,,,text,SiliconFlow
10968,-31,157,0,0,0,,,text,SiliconFlow
10969,-31,159,0,0,0,,,text,SiliconFlow
10970,-31,161,0,0,0,,,text,SiliconFlow
10971,-31,163,0,0,0,,,text,SiliconFlow
10972,-31,165,0,0,0,,,text,SiliconFlow
10973,-31,167,0,0,0,,,text,SiliconFlow
10974,-31,169,0,0,0,,,text,SiliconFlow
10975,-31,171,0,0,0,,,text,SiliconFlow
10976,-31,173,0,0,0,,,text,SiliconFlow
10977,-31,175,0,0,0,,,text,SiliconFlow
10978,-31,177,0,0,0,,,text,SiliconFlow
10979,-31,179,0,0,0,,,text,SiliconFlow
10980,-33,-179,0,0,0,,,text,SiliconFlow
10981,-33,-177,0,0,0,,,text,SiliconFlow
10982,-33,-175,0,0,0,,,text,SiliconFlow
10983,-33,-173,0,0,0,,,text,SiliconFlow
10984,-33,-171,0,0,0,,,text,SiliconFlow
10985,-33,-169,0,0,0,,,text,SiliconFlow
10986,-33,-167,0,0,0,,,text,SiliconFlow
10987,-33,-165,0,0,0,,,text,SiliconFlow
10988,-33,-163,0,0,0,,,text,SiliconFlow
10989,-33,-161,0,0,0,,,text,SiliconFlow
10990,-33,-159,0,0,0,,,text,SiliconFlow
10991,-33,-157,0,0,0,,,text,SiliconFlow
10992,-33,-155,0,0,0,,,text,SiliconFlow
10993,-33,-153,0,0,0,,,text,SiliconFlow
10994,-33,-151,0,0,0,,,text,SiliconFlow
10995,-33,-149,0,0,0,,,text,SiliconFlow
10996,-33,-147,0,0,0,,,text,SiliconFlow
10997,-33,-145,0,0,0,,,text,SiliconFlow
10998,-33,-143,0,0,0,,,text,SiliconFlow
10999,-33,-141,0,0,0,,,text,SiliconFlow
11000,-33,-139,0,0,0,,,text,SiliconFlow
11001,-33,-137,0,0,0,,,text,SiliconFlow
11002,-33,-135,0,0,0,,,text,SiliconFlow
11003,-33,-133,0,0,0,,,text,SiliconFlow
11004,-33,-131,0,0,0,,,text,SiliconFlow
11005,-33,-129,0,0,0,,,text,SiliconFlow
11006,-33,-127,0,0,0,,,text,SiliconFlow
11007,-33,-125,0,0,0,,,text,SiliconFlow
11008,-33,-123,0,0,0,,,text,SiliconFlow
11009,-33,-121,0,0,0,,,text,SiliconFlow
11010,-33,-119,0,0,0,,,text,SiliconFlow
11011,-33,-117,0,0,0,,,text,SiliconFlow
11012,-33,-115,0,0,0,,,text,SiliconFlow
11013,-33,-113,0,0,0,,,text,SiliconFlow
11014,-33,-111,0,0,0,,,text,SiliconFlow
11015,-33,-109,0,0,0,,,text,SiliconFlow
11016,-33,-107,0,0,0,,,text,SiliconFlow
11017,-33,-105,0,0,0,,,text,SiliconFlow
11018,-33,-103,0,0,0,,,text,SiliconFlow
11019,-33,-101,0,0,0,,,text,SiliconFlow
11020,-33,-99,0,0,0,,,text,SiliconFlow
11021,-33,-97,0,0,0,,,text,SiliconFlow
11022,-33,-95,0,0,0,,,text,SiliconFlow
11023,-33,-93,0,0,0,,,text,SiliconFlow
11024,-33,-91,0,0,0,,,text,SiliconFlow
11025,-33,-89,0,0,0,,,text,SiliconFlow
11026,-33,-87,0,0,0,,,text,SiliconFlow
11027,-33,-85,0,0,0,,,text,SiliconFlow
11028,-33,-83,0,0,0,,,text,SiliconFlow
11029,-33,-81,0,0,0,,,text,SiliconFlow
11030,-33,-79,0,0,0,,,text,SiliconFlow
11031,-33,-77,0,0,0,,,text,SiliconFlow
11032,-33,-75,0,0,0,,,text,SiliconFlow
11033,-33,-73,0,0,0,,,text,SiliconFlow
11034,-33,-71,1,1,0,,,text,SiliconFlow
11035,-33,-69,1,1,1,,,text,SiliconFlow
11036,-33,-67,1,1,1,,,text,SiliconFlow
11037,-33,-65,1,1,1,,,text,SiliconFlow
11038,-33,-63,1,1,0,,,text,SiliconFlow
11039,-33,-61,1,1,0,,,text,SiliconFlow
11040,-33,-59,1,1,0,,,text,SiliconFlow
11041,-33,-57,1,1,0,,,text,SiliconFlow
11042,-33,-55,1,1,0,,,text,SiliconFlow
11043,-33,-53,1,1,0,,,text,SiliconFlow
11044,-33,-51,0,0,0,,,text,SiliconFlow
11045,-33,-49,0,0,0,,,text,SiliconFlow
11046,-33,-47,0,0,0,,,text,SiliconFlow
11047,-33,-45,0,0,0,,,text,SiliconFlow
11048,-33,-43,0,0,0,,,text,SiliconFlow
11049,-33,-41,0,0,0,,,text,SiliconFlow
11050,-33,-39,0,0,0,,,text,SiliconFlow
11051,-33,-37,0,0,0,,,text,SiliconFlow
11052,-33,-35,0,0,0,,,text,SiliconFlow
11053,-33,-33,0,0,0,,,text,SiliconFlow
11054,-33,-31,0,0,0,,,text,SiliconFlow
11055,-33,-29,0,0,0,,,text,SiliconFlow
11056,-33,-27,0,0,0,,,text,SiliconFlow
11057,-33,-25,0,0,0,,,text,SiliconFlow
11058,-33,-23,0,0,0,,,text,SiliconFlow
11059,-33,-21,0,0,0,,,text,SiliconFlow
11060,-33,-19,0,0,0,,,text,SiliconFlow
11061,-33,-17,0,0,0,,,text,SiliconFlow
11062,-33,-15,0,0,0,,,text,SiliconFlow
11063,-33,-13,0,0,0,,,text,SiliconFlow
11064,-33,-11,0,0,0,,,text,SiliconFlow
11065,-33,-9,0,0,0,,,text,SiliconFlow
11066,-33,-7,0,0,0,,,text,SiliconFlow
11067,-33,-5,0,0,0,,,text,SiliconFlow
11068,-33,-3,0,0,0,,,text,SiliconFlow
11069,-33,-1,0,0,0,,,text,SiliconFlow
11070,-33,1,0,0,0,,,text,SiliconFlow
11071,-33,3,0,0,0,,,text,SiliconFlow
11072,-33,5,0,0,0,,,text,SiliconFlow
11073,-33,7,0,0,0,,,text,SiliconFlow
11074,-33,9,0,0,0,,,text,SiliconFlow
11075,-33,11,0,0,0,,,text,SiliconFlow
11076,-33,13,0,0,0,,,text,SiliconFlow
11077,-33,15,0,0,0,,,text,SiliconFlow
11078,-33,17,0,0,0,,,text,SiliconFlow
11079,-33,19,1,1,1,,,text,SiliconFlow
11080,-33,21,1,1,1,,,text,SiliconFlow
11081,-33,23,1,1,1,,,text,SiliconFlow
11082,-33,25,1,1,1,,,text,SiliconFlow
11083,-33,27,1,1,1,,,text,SiliconFlow
11084,-33,29,0,0,1,,,text,SiliconFlow
11085,-33,31,0,0,0,,,text,SiliconFlow
11086,-33,33,0,0,0,,,text,SiliconFlow
11087,-33,35,0,0,0,,,text,SiliconFlow
11088,-33,37,0,0,0,,,text,SiliconFlow
11089,-33,39,0,0,0,,,text,SiliconFlow
11090,-33,41,0,0,0,,,text,SiliconFlow
11091,-33,43,0,0,0,,,text,SiliconFlow
11092,-33,45,0,0,0,,,text,SiliconFlow
11093,-33,47,0,0,0,,,text,SiliconFlow
11094,-33,49,0,0,0,,,text,SiliconFlow
11095,-33,51,0,0,0,,,text,SiliconFlow
11096,-33,53,0,0,0,,,text,SiliconFlow
11097,-33,55,0,0,0,,,text,SiliconFlow
11098,-33,57,0,0,0,,,text,SiliconFlow
11099,-33,59,0,0,0,,,text,SiliconFlow
11100,-33,61,0,0,0,,,text,SiliconFlow
11101,-33,63,0,0,0,,,text,SiliconFlow
11102,-33,65,0,0,0,,,text,SiliconFlow
11103,-33,67,0,0,0,,,text,SiliconFlow
11104,-33,69,0,0,0,,,text,SiliconFlow
11105,-33,71,0,0,0,,,text,SiliconFlow
11106,-33,73,0,0,0,,,text,SiliconFlow
11107,-33,75,0,0,0,,,text,SiliconFlow
11108,-33,77,0,0,0,,,text,SiliconFlow
11109,-33,79,0,0,0,,,text,SiliconFlow
11110,-33,81,0,0,0,,,text,SiliconFlow
11111,-33,83,0,0,0,,,text,SiliconFlow
11112,-33,85,0,0,0,,,text,SiliconFlow
11113,-33,87,0,0,0,,,text,SiliconFlow
11114,-33,89,0,0,0,,,text,SiliconFlow
11115,-33,91,0,0,0,,,text,SiliconFlow
11116,-33,93,0,0,0,,,text,SiliconFlow
11117,-33,95,0,0,0,,,text,SiliconFlow
11118,-33,97,0,0,0,,,text,SiliconFlow
11119,-33,99,0,0,0,,,text,SiliconFlow
11120,-33,101,0,0,0,,,text,SiliconFlow
11121,-33,103,0,0,0,,,text,SiliconFlow
11122,-33,105,0,0,0,,,text,SiliconFlow
11123,-33,107,0,0,0,,,text,SiliconFlow
11124,-33,109,0,0,0,,,text,SiliconFlow
11125,-33,111,0,0,0,,,text,SiliconFlow
11126,-33,113,0,0,0,,,text,SiliconFlow
11127,-33,115,0,0,0,,,text,SiliconFlow
11128,-33,117,1,1,1,,,text,SiliconFlow
11129,-33,119,1,1,1,,,text,SiliconFlow
11130,-33,121,1,1,1,,,text,SiliconFlow
11131,-33,123,1,1,0,,,text,SiliconFlow
11132,-33,125,0,0,0,,,text,SiliconFlow
11133,-33,127,0,0,0,,,text,SiliconFlow
11134,-33,129,0,0,0,,,text,SiliconFlow
11135,-33,131,0,0,0,,,text,SiliconFlow
11136,-33,133,0,0,0,,,text,SiliconFlow
11137,-33,135,1,1,0,,,text,SiliconFlow
11138,-33,137,1,1,1,,,text,SiliconFlow
11139,-33,139,1,1,1,,,text,SiliconFlow
11140,-33,141,1,1,1,,,text,SiliconFlow
11141,-33,143,1,1,0,,,text,SiliconFlow
11142,-33,145,1,1,0,,,text,SiliconFlow
11143,-33,147,1,1,1,,,text,SiliconFlow
11144,-33,149,1,1,1,,,text,SiliconFlow
11145,-33,151,1,1,0,,,text,SiliconFlow
11146,-33,153,0,0,0,,,text,SiliconFlow
11147,-33,155,0,0,0,,,text,SiliconFlow
11148,-33,157,0,0,0,,,text,SiliconFlow
11149,-33,159,0,0,0,,,text,SiliconFlow
11150,-33,161,0,0,0,,,text,SiliconFlow
11151,-33,163,0,0,0,,,text,SiliconFlow
11152,-33,165,0,0,0,,,text,SiliconFlow
11153,-33,167,0,0,0,,,text,SiliconFlow
11154,-33,169,0,0,0,,,text,SiliconFlow
11155,-33,171,0,0,0,,,text,SiliconFlow
11156,-33,173,0,0,0,,,text,SiliconFlow
11157,-33,175,0,0,0,,,text,SiliconFlow
11158,-33,177,0,0,0,,,text,SiliconFlow
11159,-33,179,0,0,0,,,text,SiliconFlow
11160,-35,-179,0,0,0,,,text,SiliconFlow
11161,-35,-177,0,0,0,,,text,SiliconFlow
11162,-35,-175,0,0,0,,,text,SiliconFlow
11163,-35,-173,0,0,0,,,text,SiliconFlow
11164,-35,-171,0,0,0,,,text,SiliconFlow
11165,-35,-169,0,0,0,,,text,SiliconFlow
11166,-35,-167,0,0,0,,,text,SiliconFlow
11167,-35,-165,0,0,0,,,text,SiliconFlow
11168,-35,-163,0,0,0,,,text,SiliconFlow
11169,-35,-161,0,0,0,,,text,SiliconFlow
11170,-35,-159,0,0,0,,,text,SiliconFlow
11171,-35,-157,0,0,0,,,text,SiliconFlow
11172,-35,-155,0,0,0,,,text,SiliconFlow
11173,-35,-153,0,0,0,,,text,SiliconFlow
11174,-35,-151,0,0,0,,,text,SiliconFlow
11175,-35,-149,0,0,0,,,text,SiliconFlow
11176,-35,-147,0,0,0,,,text,SiliconFlow
11177,-35,-145,0,0,0,,,text,SiliconFlow
11178,-35,-143,0,0,0,,,text,SiliconFlow
11179,-35,-141,0,0,0,,,text,SiliconFlow
11180,-35,-139,0,0,0,,,text,SiliconFlow
11181,-35,-137,0,0,0,,,text,SiliconFlow
11182,-35,-135,0,0,0,,,text,SiliconFlow
11183,-35,-133,0,0,0,,,text,SiliconFlow
11184,-35,-131,0,0,0,,,text,SiliconFlow
11185,-35,-129,0,0,0,,,text,SiliconFlow
11186,-35,-127,0,0,0,,,text,SiliconFlow
11187,-35,-125,0,0,0,,,text,SiliconFlow
11188,-35,-123,0,0,0,,,text,SiliconFlow
11189,-35,-121,0,0,0,,,text,SiliconFlow
11190,-35,-119,0,0,0,,,text,SiliconFlow
11191,-35,-117,0,0,0,,,text,SiliconFlow
11192,-35,-115,0,0,0,,,text,SiliconFlow
11193,-35,-113,0,0,0,,,text,SiliconFlow
11194,-35,-111,0,0,0,,,text,SiliconFlow
11195,-35,-109,0,0,0,,,text,SiliconFlow
11196,-35,-107,0,0,0,,,text,SiliconFlow
11197,-35,-105,0,0,0,,,text,SiliconFlow
11198,-35,-103,0,0,0,,,text,SiliconFlow
11199,-35,-101,0,0,0,,,text,SiliconFlow
11200,-35,-99,0,0,0,,,text,SiliconFlow
11201,-35,-97,0,0,0,,,text,SiliconFlow
11202,-35,-95,0,0,0,,,text,SiliconFlow
11203,-35,-93,0,0,0,,,text,SiliconFlow
11204,-35,-91,0,0,0,,,text,SiliconFlow
11205,-35,-89,0,0,0,,,text,SiliconFlow
11206,-35,-87,0,0,0,,,text,SiliconFlow
11207,-35,-85,0,0,0,,,text,SiliconFlow
11208,-35,-83,0,0,0,,,text,SiliconFlow
11209,-35,-81,0,0,0,,,text,SiliconFlow
11210,-35,-79,0,0,0,,,text,SiliconFlow
11211,-35,-77,0,0,0,,,text,SiliconFlow
11212,-35,-75,0,0,0,,,text,SiliconFlow
11213,-35,-73,0,0,0,,,text,SiliconFlow
11214,-35,-71,1,1,1,,,text,SiliconFlow
11215,-35,-69,1,1,1,,,text,SiliconFlow
11216,-35,-67,1,1,1,,,text,SiliconFlow
11217,-35,-65,1,1,0,,,text,SiliconFlow
11218,-35,-63,1,1,1,,,text,SiliconFlow
11219,-35,-61,1,1,1,,,text,SiliconFlow
11220,-35,-59,1,1,1,,,text,SiliconFlow
11221,-35,-57,0,0,0,,,text,SiliconFlow
11222,-35,-55,0,0,0,,,text,SiliconFlow
11223,-35,-53,0,0,0,,,text,SiliconFlow
11224,-35,-51,0,0,0,,,text,SiliconFlow
11225,-35,-49,0,0,0,,,text,SiliconFlow
11226,-35,-47,0,0,0,,,text,SiliconFlow
11227,-35,-45,0,0,0,,,text,SiliconFlow
11228,-35,-43,0,0,0,,,text,SiliconFlow
11229,-35,-41,0,0,0,,,text,SiliconFlow
11230,-35,-39,0,0,0,,,text,SiliconFlow
11231,-35,-37,0,0,0,,,text,SiliconFlow
11232,-35,-35,0,0,0,,,text,SiliconFlow
11233,-35,-33,0,0,0,,,text,SiliconFlow
11234,-35,-31,0,0,0,,,text,SiliconFlow
11235,-35,-29,0,0,0,,,text,SiliconFlow
11236,-35,-27,0,0,0,,,text,SiliconFlow
11237,-35,-25,0,0,0,,,text,SiliconFlow
11238,-35,-23,0,0,0,,,text,SiliconFlow
11239,-35,-21,0,0,0,,,text,SiliconFlow
11240,-35,-19,0,0,0,,,text,SiliconFlow
11241,-35,-17,0,0,0,,,text,SiliconFlow
11242,-35,-15,0,0,0,,,text,SiliconFlow
11243,-35,-13,0,0,0,,,text,SiliconFlow
11244,-35,-11,0,0,0,,,text,SiliconFlow
11245,-35,-9,0,0,0,,,text,SiliconFlow
11246,-35,-7,0,0,0,,,text,SiliconFlow
11247,-35,-5,0,0,0,,,text,SiliconFlow
11248,-35,-3,0,0,0,,,text,SiliconFlow
11249,-35,-1,0,0,0,,,text,SiliconFlow
11250,-35,1,0,0,0,,,text,SiliconFlow
11251,-35,3,0,0,0,,,text,SiliconFlow
11252,-35,5,0,0,0,,,text,SiliconFlow
11253,-35,7,0,0,0,,,text,SiliconFlow
11254,-35,9,0,0,0,,,text,SiliconFlow
11255,-35,11,0,0,0,,,text,SiliconFlow
11256,-35,13,0,0,0,,,text,SiliconFlow
11257,-35,15,0,0,0,,,text,SiliconFlow
11258,-35,17,0,0,0,,,text,SiliconFlow
11259,-35,19,0,0,0,,,text,SiliconFlow
11260,-35,21,0,0,0,,,text,SiliconFlow
11261,-35,23,0,0,0,,,text,SiliconFlow
11262,-35,25,0,0,0,,,text,SiliconFlow
11263,-35,27,0,0,0,,,text,SiliconFlow
11264,-35,29,0,0,0,,,text,SiliconFlow
11265,-35,31,0,0,0,,,text,SiliconFlow
11266,-35,33,0,0,0,,,text,SiliconFlow
11267,-35,35,0,0,0,,,text,SiliconFlow
11268,-35,37,0,0,0,,,text,SiliconFlow
11269,-35,39,0,0,0,,,text,SiliconFlow
11270,-35,41,0,0,0,,,text,SiliconFlow
11271,-35,43,0,0,0,,,text,SiliconFlow
11272,-35,45,0,0,0,,,text,SiliconFlow
11273,-35,47,0,0,0,,,text,SiliconFlow
11274,-35,49,0,0,0,,,text,SiliconFlow
11275,-35,51,0,0,0,,,text,SiliconFlow
11276,-35,53,0,0,0,,,text,SiliconFlow
11277,-35,55,0,0,0,,,text,SiliconFlow
11278,-35,57,0,0,0,,,text,SiliconFlow
11279,-35,59,0,0,0,,,text,SiliconFlow
11280,-35,61,0,0,0,,,text,SiliconFlow
11281,-35,63,0,0,0,,,text,SiliconFlow
11282,-35,65,0,0,0,,,text,SiliconFlow
11283,-35,67,0,0,0,,,text,SiliconFlow
11284,-35,69,0,0,0,,,text,SiliconFlow
11285,-35,71,0,0,0,,,text,SiliconFlow
11286,-35,73,0,0,0,,,text,SiliconFlow
11287,-35,75,0,0,0,,,text,SiliconFlow
11288,-35,77,0,0,0,,,text,SiliconFlow
11289,-35,79,0,0,0,,,text,SiliconFlow
11290,-35,81,0,0,0,,,text,SiliconFlow
11291,-35,83,0,0,0,,,text,SiliconFlow
11292,-35,85,0,0,0,,,text,SiliconFlow
11293,-35,87,0,0,0,,,text,SiliconFlow
11294,-35,89,0,0,0,,,text,SiliconFlow
11295,-35,91,0,0,0,,,text,SiliconFlow
11296,-35,93,0,0,0,,,text,SiliconFlow
11297,-35,95,0,0,0,,,text,SiliconFlow
11298,-35,97,0,0,0,,,text,SiliconFlow
11299,-35,99,0,0,0,,,text,SiliconFlow
11300,-35,101,0,0,0,,,text,SiliconFlow
11301,-35,103,0,0,0,,,text,SiliconFlow
11302,-35,105,0,0,0,,,text,SiliconFlow
11303,-35,107,0,0,0,,,text,SiliconFlow
11304,-35,109,0,0,0,,,text,SiliconFlow
11305,-35,111,0,0,0,,,text,SiliconFlow
11306,-35,113,0,0,0,,,text,SiliconFlow
11307,-35,115,0,0,0,,,text,SiliconFlow
11308,-35,117,1,1,1,,,text,SiliconFlow
11309,-35,119,0,0,0,,,text,SiliconFlow
11310,-35,121,0,0,0,,,text,SiliconFlow
11311,-35,123,0,0,0,,,text,SiliconFlow
11312,-35,125,0,0,0,,,text,SiliconFlow
11313,-35,127,0,0,0,,,text,SiliconFlow
11314,-35,129,0,0,0,,,text,SiliconFlow
11315,-35,131,0,0,0,,,text,SiliconFlow
11316,-35,133,0,0,0,,,text,SiliconFlow
11317,-35,135,0,0,0,,,text,SiliconFlow
11318,-35,137,1,1,0,,,text,SiliconFlow
11319,-35,139,1,1,1,,,text,SiliconFlow
11320,-35,141,1,1,1,,,text,SiliconFlow
11321,-35,143,1,1,1,,,text,SiliconFlow
11322,-35,145,1,1,1,,,text,SiliconFlow
11323,-35,147,1,1,1,,,text,SiliconFlow
11324,-35,149,1,1,1,,,text,SiliconFlow
11325,-35,151,0,0,0,,,text,SiliconFlow
11326,-35,153,0,0,0,,,text,SiliconFlow
11327,-35,155,0,0,0,,,text,SiliconFlow
11328,-35,157,0,0,0,,,text,SiliconFlow
11329,-35,159,0,0,0,,,text,SiliconFlow
11330,-35,161,0,0,0,,,text,SiliconFlow
11331,-35,163,0,0,0,,,text,SiliconFlow
11332,-35,165,0,0,0,,,text,SiliconFlow
11333,-35,167,0,0,0,,,text,SiliconFlow
11334,-35,169,0,0,0,,,text,SiliconFlow
11335,-35,171,0,0,0,,,text,SiliconFlow
11336,-35,173,0,0,0,,,text,SiliconFlow
11337,-35,175,0,0,0,,,text,SiliconFlow
11338,-35,177,0,0,0,,,text,SiliconFlow
11339,-35,179,0,0,0,,,text,SiliconFlow
11340,-37,-179,0,0,0,,,text,SiliconFlow
11341,-37,-177,0,0,0,,,text,SiliconFlow
11342,-37,-175,0,0,0,,,text,SiliconFlow
11343,-37,-173,0,0,0,,,text,SiliconFlow
11344,-37,-171,0,0,0,,,text,SiliconFlow
11345,-37,-169,0,0,0,,,text,SiliconFlow
11346,-37,-167,0,0,0,,,text,SiliconFlow
11347,-37,-165,0,0,0,,,text,SiliconFlow
11348,-37,-163,0,0,0,,,text,SiliconFlow
11349,-37,-161,0,0,0,,,text,SiliconFlow
11350,-37,-159,0,0,0,,,text,SiliconFlow
11351,-37,-157,0,0,0,,,text,SiliconFlow
11352,-37,-155,0,0,0,,,text,SiliconFlow
11353,-37,-153,0,0,0,,,text,SiliconFlow
11354,-37,-151,0,0,0,,,text,SiliconFlow
11355,-37,-149,0,0,0,,,text,SiliconFlow
11356,-37,-147,0,0,0,,,text,SiliconFlow
11357,-37,-145,0,0,0,,,text,SiliconFlow
11358,-37,-143,0,0,0,,,text,SiliconFlow
11359,-37,-141,0,0,0,,,text,SiliconFlow
11360,-37,-139,0,0,0,,,text,SiliconFlow
11361,-37,-137,0,0,0,,,text,SiliconFlow
11362,-37,-135,0,0,0,,,text,SiliconFlow
11363,-37,-133,0,0,0,,,text,SiliconFlow
11364,-37,-131,0,0,0,,,text,SiliconFlow
11365,-37,-129,0,0,0,,,text,SiliconFlow
11366,-37,-127,0,0,0,,,text,SiliconFlow
11367,-37,-125,0,0,0,,,text,SiliconFlow
11368,-37,-123,0,0,0,,,text,SiliconFlow
11369,-37,-121,0,0,0,,,text,SiliconFlow
11370,-37,-119,0,0,0,,,text,SiliconFlow
11371,-37,-117,0,0,0,,,text,SiliconFlow
11372,-37,-115,0,0,0,,,text,SiliconFlow
11373,-37,-113,0,0,0,,,text,SiliconFlow
11374,-37,-111,0,0,0,,,text,SiliconFlow
11375,-37,-109,0,0,0,,,text,SiliconFlow
11376,-37,-107,0,0,0,,,text,SiliconFlow
11377,-37,-105,0,0,1,,,text,SiliconFlow
11378,-37,-103,0,0,0,,,text,SiliconFlow
11379,-37,-101,0,0,0,,,text,SiliconFlow
11380,-37,-99,0,0,0,,,text,SiliconFlow
11381,-37,-97,0,0,0,,,text,SiliconFlow
11382,-37,-95,0,0,0,,,text,SiliconFlow
11383,-37,-93,0,0,0,,,text,SiliconFlow
11384,-37,-91,0,0,0,,,text,SiliconFlow
11385,-37,-89,0,0,0,,,text,SiliconFlow
11386,-37,-87,0,0,0,,,text,SiliconFlow
11387,-37,-85,0,0,0,,,text,SiliconFlow
11388,-37,-83,0,0,0,,,text,SiliconFlow
11389,-37,-81,0,0,0,,,text,SiliconFlow
11390,-37,-79,0,0,0,,,text,SiliconFlow
11391,-37,-77,0,0,0,,,text,SiliconFlow
11392,-37,-75,0,0,0,,,text,SiliconFlow
11393,-37,-73,1,1,0,,,text,SiliconFlow
11394,-37,-71,1,1,1,,,text,SiliconFlow
11395,-37,-69,1,1,1,,,text,SiliconFlow
11396,-37,-67,1,1,1,,,text,SiliconFlow
11397,-37,-65,1,1,1,,,text,SiliconFlow
11398,-37,-63,1,1,0,,,text,SiliconFlow
11399,-37,-61,1,1,1,,,text,SiliconFlow
11400,-37,-59,1,1,0,,,text,SiliconFlow
11401,-37,-57,1,1,0,,,text,SiliconFlow
11402,-37,-55,0,0,0,,,text,SiliconFlow
11403,-37,-53,0,0,0,,,text,SiliconFlow
11404,-37,-51,0,0,0,,,text,SiliconFlow
11405,-37,-49,0,0,0,,,text,SiliconFlow
11406,-37,-47,0,0,0,,,text,SiliconFlow
11407,-37,-45,0,0,0,,,text,SiliconFlow
11408,-37,-43,0,0,0,,,text,SiliconFlow
11409,-37,-41,0,0,0,,,text,SiliconFlow
11410,-37,-39,0,0,0,,,text,SiliconFlow
11411,-37,-37,0,0,0,,,text,SiliconFlow
11412,-37,-35,0,0,0,,,text,SiliconFlow
11413,-37,-33,0,0,0,,,text,SiliconFlow
11414,-37,-31,0,0,0,,,text,SiliconFlow
11415,-37,-29,0,0,0,,,text,SiliconFlow
11416,-37,-27,0,0,0,,,text,SiliconFlow
11417,-37,-25,0,0,0,,,text,SiliconFlow
11418,-37,-23,0,0,0,,,text,SiliconFlow
11419,-37,-21,0,0,0,,,text,SiliconFlow
11420,-37,-19,0,0,0,,,text,SiliconFlow
11421,-37,-17,0,0,0,,,text,SiliconFlow
11422,-37,-15,0,0,0,,,text,SiliconFlow
11423,-37,-13,0,0,0,,,text,SiliconFlow
11424,-37,-11,0,0,0,,,text,SiliconFlow
11425,-37,-9,0,0,0,,,text,SiliconFlow
11426,-37,-7,0,0,0,,,text,SiliconFlow
11427,-37,-5,0,0,0,,,text,SiliconFlow
11428,-37,-3,0,0,0,,,text,SiliconFlow
11429,-37,-1,0,0,0,,,text,SiliconFlow
11430,-37,1,0,0,0,,,text,SiliconFlow
11431,-37,3,0,0,0,,,text,SiliconFlow
11432,-37,5,0,0,0,,,text,SiliconFlow
11433,-37,7,0,0,0,,,text,SiliconFlow
11434,-37,9,0,0,0,,,text,SiliconFlow
11435,-37,11,0,0,0,,,text,SiliconFlow
11436,-37,13,0,0,0,,,text,SiliconFlow
11437,-37,15,0,0,0,,,text,SiliconFlow
11438,-37,17,0,0,0,,,text,SiliconFlow
11439,-37,19,0,0,0,,,text,SiliconFlow
11440,-37,21,0,0,0,,,text,SiliconFlow
11441,-37,23,0,0,0,,,text,SiliconFlow
11442,-37,25,0,0,0,,,text,SiliconFlow
11443,-37,27,0,0,0,,,text,SiliconFlow
11444,-37,29,0,0,0,,,text,SiliconFlow
11445,-37,31,0,0,0,,,text,SiliconFlow
11446,-37,33,0,0,0,,,text,SiliconFlow
11447,-37,35,0,0,0,,,text,SiliconFlow
11448,-37,37,0,0,0,,,text,SiliconFlow
11449,-37,39,0,0,0,,,text,SiliconFlow
11450,-37,41,0,0,0,,,text,SiliconFlow
11451,-37,43,0,0,0,,,text,SiliconFlow
11452,-37,45,0,0,0,,,text,SiliconFlow
11453,-37,47,0,0,0,,,text,SiliconFlow
11454,-37,49,0,0,0,,,text,SiliconFlow
11455,-37,51,0,0,0,,,text,SiliconFlow
11456,-37,53,0,0,0,,,text,SiliconFlow
11457,-37,55,0,0,0,,,text,SiliconFlow
11458,-37,57,0,0,0,,,text,SiliconFlow
11459,-37,59,0,0,0,,,text,SiliconFlow
11460,-37,61,0,0,0,,,text,SiliconFlow
11461,-37,63,0,0,0,,,text,SiliconFlow
11462,-37,65,0,0,0,,,text,SiliconFlow
11463,-37,67,0,0,0,,,text,SiliconFlow
11464,-37,69,0,0,0,,,text,SiliconFlow
11465,-37,71,0,0,0,,,text,SiliconFlow
11466,-37,73,0,0,0,,,text,SiliconFlow
11467,-37,75,0,0,0,,,text,SiliconFlow
11468,-37,77,0,0,0,,,text,SiliconFlow
11469,-37,79,0,0,0,,,text,SiliconFlow
11470,-37,81,0,0,0,,,text,SiliconFlow
11471,-37,83,0,0,0,,,text,SiliconFlow
11472,-37,85,0,0,0,,,text,SiliconFlow
11473,-37,87,0,0,0,,,text,SiliconFlow
11474,-37,89,0,0,0,,,text,SiliconFlow
11475,-37,91,0,0,0,,,text,SiliconFlow
11476,-37,93,0,0,0,,,text,SiliconFlow
11477,-37,95,0,0,0,,,text,SiliconFlow
11478,-37,97,0,0,0,,,text,SiliconFlow
11479,-37,99,0,0,0,,,text,SiliconFlow
11480,-37,101,0,0,0,,,text,SiliconFlow
11481,-37,103,0,0,0,,,text,SiliconFlow
11482,-37,105,0,0,0,,,text,SiliconFlow
11483,-37,107,0,0,0,,,text,SiliconFlow
11484,-37,109,0,0,0,,,text,SiliconFlow
11485,-37,111,0,0,0,,,text,SiliconFlow
11486,-37,113,0,0,0,,,text,SiliconFlow
11487,-37,115,0,0,0,,,text,SiliconFlow
11488,-37,117,0,0,1,,,text,SiliconFlow
11489,-37,119,0,0,0,,,text,SiliconFlow
11490,-37,121,0,0,0,,,text,SiliconFlow
11491,-37,123,0,0,0,,,text,SiliconFlow
11492,-37,125,0,0,0,,,text,SiliconFlow
11493,-37,127,0,0,1,,,text,SiliconFlow
11494,-37,129,0,0,0,,,text,SiliconFlow
11495,-37,131,0,0,0,,,text,SiliconFlow
11496,-37,133,0,0,1,,,text,SiliconFlow
11497,-37,135,0,0,0,,,text,SiliconFlow
11498,-37,137,0,0,0,,,text,SiliconFlow
11499,-37,139,0,0,1,,,text,SiliconFlow
11500,-37,141,1,1,1,,,text,SiliconFlow
11501,-37,143,1,1,1,,,text,SiliconFlow
11502,-37,145,1,1,1,,,text,SiliconFlow
11503,-37,147,1,1,1,,,text,SiliconFlow
11504,-37,149,1,1,0,,,text,SiliconFlow
11505,-37,151,0,0,0,,,text,SiliconFlow
11506,-37,153,0,0,0,,,text,SiliconFlow
11507,-37,155,0,0,0,,,text,SiliconFlow
11508,-37,157,0,0,0,,,text,SiliconFlow
11509,-37,159,0,0,0,,,text,SiliconFlow
11510,-37,161,0,0,0,,,text,SiliconFlow
11511,-37,163,0,0,0,,,text,SiliconFlow
11512,-37,165,0,0,0,,,text,SiliconFlow
11513,-37,167,0,0,0,,,text,SiliconFlow
11514,-37,169,0,0,0,,,text,SiliconFlow
11515,-37,171,0,0,0,,,text,SiliconFlow
11516,-37,173,0,0,0,,,text,SiliconFlow
11517,-37,175,1,1,0,,,text,SiliconFlow
11518,-37,177,0,0,0,,,text,SiliconFlow
11519,-37,179,0,0,0,,,text,SiliconFlow
11520,-39,-179,0,0,0,,,text,SiliconFlow
11521,-39,-177,0,0,0,,,text,SiliconFlow
11522,-39,-175,0,0,0,,,text,SiliconFlow
11523,-39,-173,0,0,0,,,text,SiliconFlow
11524,-39,-171,0,0,0,,,text,SiliconFlow
11525,-39,-169,0,0,0,,,text,SiliconFlow
11526,-39,-167,0,0,0,,,text,SiliconFlow
11527,-39,-165,0,0,0,,,text,SiliconFlow
11528,-39,-163,0,0,0,,,text,SiliconFlow
11529,-39,-161,0,0,0,,,text,SiliconFlow
11530,-39,-159,0,0,0,,,text,SiliconFlow
11531,-39,-157,0,0,0,,,text,SiliconFlow
11532,-39,-155,0,0,0,,,text,SiliconFlow
11533,-39,-153,0,0,0,,,text,SiliconFlow
11534,-39,-151,0,0,0,,,text,SiliconFlow
11535,-39,-149,0,0,0,,,text,SiliconFlow
11536,-39,-147,0,0,0,,,text,SiliconFlow
11537,-39,-145,0,0,0,,,text,SiliconFlow
11538,-39,-143,0,0,0,,,text,SiliconFlow
11539,-39,-141,0,0,0,,,text,SiliconFlow
11540,-39,-139,0,0,0,,,text,SiliconFlow
11541,-39,-137,0,0,0,,,text,SiliconFlow
11542,-39,-135,0,0,0,,,text,SiliconFlow
11543,-39,-133,0,0,0,,,text,SiliconFlow
11544,-39,-131,0,0,0,,,text,SiliconFlow
11545,-39,-129,0,0,0,,,text,SiliconFlow
11546,-39,-127,0,0,0,,,text,SiliconFlow
11547,-39,-125,0,0,0,,,text,SiliconFlow
11548,-39,-123,0,0,0,,,text,SiliconFlow
11549,-39,-121,0,0,0,,,text,SiliconFlow
11550,-39,-119,0,0,0,,,text,SiliconFlow
11551,-39,-117,0,0,0,,,text,SiliconFlow
11552,-39,-115,0,0,0,,,text,SiliconFlow
11553,-39,-113,0,0,0,,,text,SiliconFlow
11554,-39,-111,0,0,0,,,text,SiliconFlow
11555,-39,-109,0,0,0,,,text,SiliconFlow
11556,-39,-107,0,0,0,,,text,SiliconFlow
11557,-39,-105,0,0,0,,,text,SiliconFlow
11558,-39,-103,0,0,0,,,text,SiliconFlow
11559,-39,-101,0,0,0,,,text,SiliconFlow
11560,-39,-99,0,0,0,,,text,SiliconFlow
11561,-39,-97,0,0,0,,,text,SiliconFlow
11562,-39,-95,0,0,0,,,text,SiliconFlow
11563,-39,-93,0,0,0,,,text,SiliconFlow
11564,-39,-91,0,0,0,,,text,SiliconFlow
11565,-39,-89,0,0,0,,,text,SiliconFlow
11566,-39,-87,0,0,0,,,text,SiliconFlow
11567,-39,-85,0,0,0,,,text,SiliconFlow
11568,-39,-83,0,0,0,,,text,SiliconFlow
11569,-39,-81,0,0,0,,,text,SiliconFlow
11570,-39,-79,0,0,0,,,text,SiliconFlow
11571,-39,-77,0,0,0,,,text,SiliconFlow
11572,-39,-75,0,0,0,,,text,SiliconFlow
11573,-39,-73,1,1,0,,,text,SiliconFlow
11574,-39,-71,1,1,1,,,text,SiliconFlow
11575,-39,-69,1,1,1,,,text,SiliconFlow
11576,-39,-67,1,1,1,,,text,SiliconFlow
11577,-39,-65,1,1,0,,,text,SiliconFlow
11578,-39,-63,1,1,0,,,text,SiliconFlow
11579,-39,-61,0,0,0,,,text,SiliconFlow
11580,-39,-59,0,0,0,,,text,SiliconFlow
11581,-39,-57,0,0,0,,,text,SiliconFlow
11582,-39,-55,0,0,0,,,text,SiliconFlow
11583,-39,-53,0,0,0,,,text,SiliconFlow
11584,-39,-51,0,0,0,,,text,SiliconFlow
11585,-39,-49,0,0,0,,,text,SiliconFlow
11586,-39,-47,0,0,0,,,text,SiliconFlow
11587,-39,-45,0,0,0,,,text,SiliconFlow
11588,-39,-43,0,0,0,,,text,SiliconFlow
11589,-39,-41,0,0,0,,,text,SiliconFlow
11590,-39,-39,0,0,0,,,text,SiliconFlow
11591,-39,-37,0,0,0,,,text,SiliconFlow
11592,-39,-35,0,0,0,,,text,SiliconFlow
11593,-39,-33,0,0,0,,,text,SiliconFlow
11594,-39,-31,0,0,0,,,text,SiliconFlow
11595,-39,-29,0,0,0,,,text,SiliconFlow
11596,-39,-27,0,0,0,,,text,SiliconFlow
11597,-39,-25,0,0,0,,,text,SiliconFlow
11598,-39,-23,0,0,0,,,text,SiliconFlow
11599,-39,-21,0,0,0,,,text,SiliconFlow
11600,-39,-19,0,0,0,,,text,SiliconFlow
11601,-39,-17,0,0,0,,,text,SiliconFlow
11602,-39,-15,0,0,0,,,text,SiliconFlow
11603,-39,-13,0,0,0,,,text,SiliconFlow
11604,-39,-11,0,0,0,,,text,SiliconFlow
11605,-39,-9,0,0,0,,,text,SiliconFlow
11606,-39,-7,0,0,0,,,text,SiliconFlow
11607,-39,-5,0,0,0,,,text,SiliconFlow
11608,-39,-3,0,0,0,,,text,SiliconFlow
11609,-39,-1,0,0,0,,,text,SiliconFlow
11610,-39,1,0,0,0,,,text,SiliconFlow
11611,-39,3,0,0,0,,,text,SiliconFlow
11612,-39,5,0,0,0,,,text,SiliconFlow
11613,-39,7,0,0,0,,,text,SiliconFlow
11614,-39,9,0,0,0,,,text,SiliconFlow
11615,-39,11,0,0,0,,,text,SiliconFlow
11616,-39,13,0,0,0,,,text,SiliconFlow
11617,-39,15,0,0,0,,,text,SiliconFlow
11618,-39,17,0,0,0,,,text,SiliconFlow
11619,-39,19,0,0,0,,,text,SiliconFlow
11620,-39,21,0,0,0,,,text,SiliconFlow
11621,-39,23,0,0,1,,,text,SiliconFlow
11622,-39,25,0,0,0,,,text,SiliconFlow
11623,-39,27,0,0,1,,,text,SiliconFlow
11624,-39,29,0,0,1,,,text,SiliconFlow
11625,-39,31,0,0,0,,,text,SiliconFlow
11626,-39,33,0,0,0,,,text,SiliconFlow
11627,-39,35,0,0,0,,,text,SiliconFlow
11628,-39,37,0,0,0,,,text,SiliconFlow
11629,-39,39,0,0,0,,,text,SiliconFlow
11630,-39,41,0,0,0,,,text,SiliconFlow
11631,-39,43,0,0,0,,,text,SiliconFlow
11632,-39,45,0,0,0,,,text,SiliconFlow
11633,-39,47,0,0,0,,,text,SiliconFlow
11634,-39,49,0,0,0,,,text,SiliconFlow
11635,-39,51,0,0,0,,,text,SiliconFlow
11636,-39,53,0,0,0,,,text,SiliconFlow
11637,-39,55,0,0,0,,,text,SiliconFlow
11638,-39,57,0,0,0,,,text,SiliconFlow
11639,-39,59,0,0,0,,,text,SiliconFlow
11640,-39,61,0,0,0,,,text,SiliconFlow
11641,-39,63,0,0,0,,,text,SiliconFlow
11642,-39,65,0,0,0,,,text,SiliconFlow
11643,-39,67,0,0,0,,,text,SiliconFlow
11644,-39,69,0,0,0,,,text,SiliconFlow
11645,-39,71,0,0,0,,,text,SiliconFlow
11646,-39,73,0,0,0,,,text,SiliconFlow
11647,-39,75,0,0,0,,,text,SiliconFlow
11648,-39,77,0,0,0,,,text,SiliconFlow
11649,-39,79,0,0,0,,,text,SiliconFlow
11650,-39,81,0,0,0,,,text,SiliconFlow
11651,-39,83,0,0,0,,,text,SiliconFlow
11652,-39,85,0,0,0,,,text,SiliconFlow
11653,-39,87,0,0,0,,,text,SiliconFlow
11654,-39,89,0,0,0,,,text,SiliconFlow
11655,-39,91,0,0,0,,,text,SiliconFlow
11656,-39,93,0,0,0,,,text,SiliconFlow
11657,-39,95,0,0,0,,,text,SiliconFlow
11658,-39,97,0,0,0,,,text,SiliconFlow
11659,-39,99,0,0,0,,,text,SiliconFlow
11660,-39,101,0,0,0,,,text,SiliconFlow
11661,-39,103,0,0,0,,,text,SiliconFlow
11662,-39,105,0,0,0,,,text,SiliconFlow
11663,-39,107,0,0,0,,,text,SiliconFlow
11664,-39,109,0,0,0,,,text,SiliconFlow
11665,-39,111,0,0,0,,,text,SiliconFlow
11666,-39,113,0,0,0,,,text,SiliconFlow
11667,-39,115,0,0,0,,,text,SiliconFlow
11668,-39,117,0,0,0,,,text,SiliconFlow
11669,-39,119,0,0,0,,,text,SiliconFlow
11670,-39,121,0,0,0,,,text,SiliconFlow
11671,-39,123,0,0,0,,,text,SiliconFlow
11672,-39,125,0,0,0,,,text,SiliconFlow
11673,-39,127,0,0,0,,,text,SiliconFlow
11674,-39,129,0,0,0,,,text,SiliconFlow
11675,-39,131,0,0,0,,,text,SiliconFlow
11676,-39,133,0,0,0,,,text,SiliconFlow
11677,-39,135,0,0,0,,,text,SiliconFlow
11678,-39,137,0,0,0,,,text,SiliconFlow
11679,-39,139,0,0,0,,,text,SiliconFlow
11680,-39,141,0,0,0,,,text,SiliconFlow
11681,-39,143,0,0,0,,,text,SiliconFlow
11682,-39,145,0,0,0,,,text,SiliconFlow
11683,-39,147,0,0,0,,,text,SiliconFlow
11684,-39,149,0,0,0,,,text,SiliconFlow
11685,-39,151,0,0,0,,,text,SiliconFlow
11686,-39,153,0,0,0,,,text,SiliconFlow
11687,-39,155,0,0,0,,,text,SiliconFlow
11688,-39,157,0,0,0,,,text,SiliconFlow
11689,-39,159,0,0,0,,,text,SiliconFlow
11690,-39,161,0,0,0,,,text,SiliconFlow
11691,-39,163,0,0,0,,,text,SiliconFlow
11692,-39,165,0,0,0,,,text,SiliconFlow
11693,-39,167,0,0,0,,,text,SiliconFlow
11694,-39,169,0,0,0,,,text,SiliconFlow
11695,-39,171,0,0,0,,,text,SiliconFlow
11696,-39,173,0,0,0,,,text,SiliconFlow
11697,-39,175,1,1,1,,,text,SiliconFlow
11698,-39,177,1,1,0,,,text,SiliconFlow
11699,-39,179,0,0,0,,,text,SiliconFlow
11700,-41,-179,0,0,0,,,text,SiliconFlow
11701,-41,-177,0,0,0,,,text,SiliconFlow
11702,-41,-175,0,0,0,,,text,SiliconFlow
11703,-41,-173,0,0,0,,,text,SiliconFlow
11704,-41,-171,0,0,0,,,text,SiliconFlow
11705,-41,-169,0,0,0,,,text,SiliconFlow
11706,-41,-167,0,0,0,,,text,SiliconFlow
11707,-41,-165,0,0,0,,,text,SiliconFlow
11708,-41,-163,0,0,0,,,text,SiliconFlow
11709,-41,-161,0,0,0,,,text,SiliconFlow
11710,-41,-159,0,0,0,,,text,SiliconFlow
11711,-41,-157,0,0,0,,,text,SiliconFlow
11712,-41,-155,0,0,0,,,text,SiliconFlow
11713,-41,-153,0,0,0,,,text,SiliconFlow
11714,-41,-151,0,0,0,,,text,SiliconFlow
11715,-41,-149,0,0,0,,,text,SiliconFlow
11716,-41,-147,0,0,0,,,text,SiliconFlow
11717,-41,-145,0,0,0,,,text,SiliconFlow
11718,-41,-143,0,0,0,,,text,SiliconFlow
11719,-41,-141,0,0,0,,,text,SiliconFlow
11720,-41,-139,0,0,0,,,text,SiliconFlow
11721,-41,-137,0,0,0,,,text,SiliconFlow
11722,-41,-135,0,0,0,,,text,SiliconFlow
11723,-41,-133,0,0,0,,,text,SiliconFlow
11724,-41,-131,0,0,0,,,text,SiliconFlow
11725,-41,-129,0,0,0,,,text,SiliconFlow
11726,-41,-127,0,0,0,,,text,SiliconFlow
11727,-41,-125,0,0,0,,,text,SiliconFlow
11728,-41,-123,0,0,0,,,text,SiliconFlow
11729,-41,-121,0,0,0,,,text,SiliconFlow
11730,-41,-119,0,0,0,,,text,SiliconFlow
11731,-41,-117,0,0,0,,,text,SiliconFlow
11732,-41,-115,0,0,0,,,text,SiliconFlow
11733,-41,-113,0,0,0,,,text,SiliconFlow
11734,-41,-111,0,0,0,,,text,SiliconFlow
11735,-41,-109,0,0,0,,,text,SiliconFlow
11736,-41,-107,0,0,0,,,text,SiliconFlow
11737,-41,-105,0,0,0,,,text,SiliconFlow
11738,-41,-103,0,0,0,,,text,SiliconFlow
11739,-41,-101,0,0,0,,,text,SiliconFlow
11740,-41,-99,0,0,0,,,text,SiliconFlow
11741,-41,-97,0,0,0,,,text,SiliconFlow
11742,-41,-95,0,0,0,,,text,SiliconFlow
11743,-41,-93,0,0,0,,,text,SiliconFlow
11744,-41,-91,0,0,0,,,text,SiliconFlow
11745,-41,-89,0,0,0,,,text,SiliconFlow
11746,-41,-87,0,0,0,,,text,SiliconFlow
11747,-41,-85,0,0,0,,,text,SiliconFlow
11748,-41,-83,0,0,0,,,text,SiliconFlow
11749,-41,-81,0,0,0,,,text,SiliconFlow
11750,-41,-79,0,0,0,,,text,SiliconFlow
11751,-41,-77,0,0,0,,,text,SiliconFlow
11752,-41,-75,0,0,0,,,text,SiliconFlow
11753,-41,-73,1,1,0,,,text,SiliconFlow
11754,-41,-71,1,1,0,,,text,SiliconFlow
11755,-41,-69,1,1,0,,,text,SiliconFlow
11756,-41,-67,1,1,0,,,text,SiliconFlow
11757,-41,-65,0,0,0,,,text,SiliconFlow
11758,-41,-63,1,1,0,,,text,SiliconFlow
11759,-41,-61,0,0,0,,,text,SiliconFlow
11760,-41,-59,0,0,0,,,text,SiliconFlow
11761,-41,-57,0,0,0,,,text,SiliconFlow
11762,-41,-55,0,0,0,,,text,SiliconFlow
11763,-41,-53,0,0,0,,,text,SiliconFlow
11764,-41,-51,0,0,0,,,text,SiliconFlow
11765,-41,-49,0,0,0,,,text,SiliconFlow
11766,-41,-47,0,0,0,,,text,SiliconFlow
11767,-41,-45,0,0,0,,,text,SiliconFlow
11768,-41,-43,0,0,0,,,text,SiliconFlow
11769,-41,-41,0,0,0,,,text,SiliconFlow
11770,-41,-39,0,0,0,,,text,SiliconFlow
11771,-41,-37,0,0,0,,,text,SiliconFlow
11772,-41,-35,0,0,0,,,text,SiliconFlow
11773,-41,-33,0,0,0,,,text,SiliconFlow
11774,-41,-31,0,0,0,,,text,SiliconFlow
11775,-41,-29,0,0,0,,,text,SiliconFlow
11776,-41,-27,0,0,0,,,text,SiliconFlow
11777,-41,-25,0,0,0,,,text,SiliconFlow
11778,-41,-23,0,0,0,,,text,SiliconFlow
11779,-41,-21,0,0,0,,,text,SiliconFlow
11780,-41,-19,0,0,0,,,text,SiliconFlow
11781,-41,-17,0,0,0,,,text,SiliconFlow
11782,-41,-15,0,0,0,,,text,SiliconFlow
11783,-41,-13,0,0,0,,,text,SiliconFlow
11784,-41,-11,0,0,0,,,text,SiliconFlow
11785,-41,-9,0,0,0,,,text,SiliconFlow
11786,-41,-7,0,0,0,,,text,SiliconFlow
11787,-41,-5,0,0,0,,,text,SiliconFlow
11788,-41,-3,0,0,0,,,text,SiliconFlow
11789,-41,-1,0,0,0,,,text,SiliconFlow
11790,-41,1,0,0,0,,,text,SiliconFlow
11791,-41,3,0,0,0,,,text,SiliconFlow
11792,-41,5,0,0,0,,,text,SiliconFlow
11793,-41,7,0,0,0,,,text,SiliconFlow
11794,-41,9,0,0,0,,,text,SiliconFlow
11795,-41,11,0,0,0,,,text,SiliconFlow
11796,-41,13,0,0,0,,,text,SiliconFlow
11797,-41,15,0,0,0,,,text,SiliconFlow
11798,-41,17,0,0,0,,,text,SiliconFlow
11799,-41,19,0,0,0,,,text,SiliconFlow
11800,-41,21,0,0,0,,,text,SiliconFlow
11801,-41,23,0,0,0,,,text,SiliconFlow
11802,-41,25,0,0,0,,,text,SiliconFlow
11803,-41,27,0,0,0,,,text,SiliconFlow
11804,-41,29,0,0,0,,,text,SiliconFlow
11805,-41,31,0,0,0,,,text,SiliconFlow
11806,-41,33,0,0,0,,,text,SiliconFlow
11807,-41,35,0,0,0,,,text,SiliconFlow
11808,-41,37,0,0,0,,,text,SiliconFlow
11809,-41,39,0,0,0,,,text,SiliconFlow
11810,-41,41,0,0,0,,,text,SiliconFlow
11811,-41,43,0,0,0,,,text,SiliconFlow
11812,-41,45,0,0,0,,,text,SiliconFlow
11813,-41,47,0,0,0,,,text,SiliconFlow
11814,-41,49,0,0,0,,,text,SiliconFlow
11815,-41,51,0,0,0,,,text,SiliconFlow
11816,-41,53,0,0,0,,,text,SiliconFlow
11817,-41,55,0,0,0,,,text,SiliconFlow
11818,-41,57,0,0,0,,,text,SiliconFlow
11819,-41,59,0,0,0,,,text,SiliconFlow
11820,-41,61,0,0,0,,,text,SiliconFlow
11821,-41,63,0,0,0,,,text,SiliconFlow
11822,-41,65,0,0,0,,,text,SiliconFlow
11823,-41,67,0,0,0,,,text,SiliconFlow
11824,-41,69,0,0,0,,,text,SiliconFlow
11825,-41,71,0,0,0,,,text,SiliconFlow
11826,-41,73,0,0,0,,,text,SiliconFlow
11827,-41,75,0,0,0,,,text,SiliconFlow
11828,-41,77,0,0,0,,,text,SiliconFlow
11829,-41,79,0,0,0,,,text,SiliconFlow
11830,-41,81,0,0,0,,,text,SiliconFlow
11831,-41,83,0,0,0,,,text,SiliconFlow
11832,-41,85,0,0,0,,,text,SiliconFlow
11833,-41,87,0,0,0,,,text,SiliconFlow
11834,-41,89,0,0,0,,,text,SiliconFlow
11835,-41,91,0,0,0,,,text,SiliconFlow
11836,-41,93,0,0,0,,,text,SiliconFlow
11837,-41,95,0,0,0,,,text,SiliconFlow
11838,-41,97,0,0,0,,,text,SiliconFlow
11839,-41,99,0,0,0,,,text,SiliconFlow
11840,-41,101,0,0,0,,,text,SiliconFlow
11841,-41,103,0,0,0,,,text,SiliconFlow
11842,-41,105,0,0,0,,,text,SiliconFlow
11843,-41,107,0,0,0,,,text,SiliconFlow
11844,-41,109,0,0,0,,,text,SiliconFlow
11845,-41,111,0,0,0,,,text,SiliconFlow
11846,-41,113,0,0,0,,,text,SiliconFlow
11847,-41,115,0,0,0,,,text,SiliconFlow
11848,-41,117,0,0,0,,,text,SiliconFlow
11849,-41,119,0,0,0,,,text,SiliconFlow
11850,-41,121,0,0,0,,,text,SiliconFlow
11851,-41,123,0,0,0,,,text,SiliconFlow
11852,-41,125,0,0,0,,,text,SiliconFlow
11853,-41,127,0,0,0,,,text,SiliconFlow
11854,-41,129,0,0,0,,,text,SiliconFlow
11855,-41,131,0,0,0,,,text,SiliconFlow
11856,-41,133,0,0,0,,,text,SiliconFlow
11857,-41,135,0,0,0,,,text,SiliconFlow
11858,-41,137,0,0,0,,,text,SiliconFlow
11859,-41,139,0,0,0,,,text,SiliconFlow
11860,-41,141,0,0,0,,,text,SiliconFlow
11861,-41,143,0,0,0,,,text,SiliconFlow
11862,-41,145,1,1,0,,,text,SiliconFlow
11863,-41,147,1,1,0,,,text,SiliconFlow
11864,-41,149,0,0,0,,,text,SiliconFlow
11865,-41,151,0,0,0,,,text,SiliconFlow
11866,-41,153,0,0,0,,,text,SiliconFlow
11867,-41,155,0,0,0,,,text,SiliconFlow
11868,-41,157,0,0,0,,,text,SiliconFlow
11869,-41,159,0,0,0,,,text,SiliconFlow
11870,-41,161,0,0,0,,,text,SiliconFlow
11871,-41,163,0,0,0,,,text,SiliconFlow
11872,-41,165,0,0,0,,,text,SiliconFlow
11873,-41,167,0,0,0,,,text,SiliconFlow
11874,-41,169,0,0,0,,,text,SiliconFlow
11875,-41,171,0,0,1,,,text,SiliconFlow
11876,-41,173,1,1,0,,,text,SiliconFlow
11877,-41,175,1,1,0,,,text,SiliconFlow
11878,-41,177,0,0,0,,,text,SiliconFlow
11879,-41,179,0,0,0,,,text,SiliconFlow
11880,-43,-179,0,0,0,,,text,SiliconFlow
11881,-43,-177,0,0,0,,,text,SiliconFlow
11882,-43,-175,0,0,0,,,text,SiliconFlow
11883,-43,-173,0,0,0,,,text,SiliconFlow
11884,-43,-171,0,0,0,,,text,SiliconFlow
11885,-43,-169,0,0,0,,,text,SiliconFlow
11886,-43,-167,0,0,0,,,text,SiliconFlow
11887,-43,-165,0,0,0,,,text,SiliconFlow
11888,-43,-163,0,0,0,,,text,SiliconFlow
11889,-43,-161,0,0,0,,,text,SiliconFlow
11890,-43,-159,0,0,0,,,text,SiliconFlow
11891,-43,-157,0,0,0,,,text,SiliconFlow
11892,-43,-155,0,0,0,,,text,SiliconFlow
11893,-43,-153,0,0,0,,,text,SiliconFlow
11894,-43,-151,0,0,0,,,text,SiliconFlow
11895,-43,-149,0,0,0,,,text,SiliconFlow
11896,-43,-147,0,0,0,,,text,SiliconFlow
11897,-43,-145,0,0,0,,,text,SiliconFlow
11898,-43,-143,0,0,0,,,text,SiliconFlow
11899,-43,-141,0,0,0,,,text,SiliconFlow
11900,-43,-139,0,0,0,,,text,SiliconFlow
11901,-43,-137,0,0,0,,,text,SiliconFlow
11902,-43,-135,0,0,0,,,text,SiliconFlow
11903,-43,-133,0,0,0,,,text,SiliconFlow
11904,-43,-131,0,0,0,,,text,SiliconFlow
11905,-43,-129,0,0,0,,,text,SiliconFlow
11906,-43,-127,0,0,0,,,text,SiliconFlow
11907,-43,-125,0,0,0,,,text,SiliconFlow
11908,-43,-123,0,0,0,,,text,SiliconFlow
11909,-43,-121,0,0,0,,,text,SiliconFlow
11910,-43,-119,0,0,0,,,text,SiliconFlow
11911,-43,-117,0,0,0,,,text,SiliconFlow
11912,-43,-115,0,0,0,,,text,SiliconFlow
11913,-43,-113,0,0,0,,,text,SiliconFlow
11914,-43,-111,0,0,0,,,text,SiliconFlow
11915,-43,-109,0,0,0,,,text,SiliconFlow
11916,-43,-107,0,0,0,,,text,SiliconFlow
11917,-43,-105,0,0,0,,,text,SiliconFlow
11918,-43,-103,0,0,0,,,text,SiliconFlow
11919,-43,-101,0,0,0,,,text,SiliconFlow
11920,-43,-99,0,0,0,,,text,SiliconFlow
11921,-43,-97,0,0,0,,,text,SiliconFlow
11922,-43,-95,0,0,0,,,text,SiliconFlow
11923,-43,-93,0,0,0,,,text,SiliconFlow
11924,-43,-91,0,0,0,,,text,SiliconFlow
11925,-43,-89,0,0,0,,,text,SiliconFlow
11926,-43,-87,0,0,0,,,text,SiliconFlow
11927,-43,-85,0,0,0,,,text,SiliconFlow
11928,-43,-83,0,0,0,,,text,SiliconFlow
11929,-43,-81,0,0,0,,,text,SiliconFlow
11930,-43,-79,0,0,0,,,text,SiliconFlow
11931,-43,-77,0,0,0,,,text,SiliconFlow
11932,-43,-75,0,0,0,,,text,SiliconFlow
11933,-43,-73,0,0,0,,,text,SiliconFlow
11934,-43,-71,1,1,0,,,text,SiliconFlow
11935,-43,-69,1,1,0,,,text,SiliconFlow
11936,-43,-67,1,1,0,,,text,SiliconFlow
11937,-43,-65,1,1,0,,,text,SiliconFlow
11938,-43,-63,0,0,0,,,text,SiliconFlow
11939,-43,-61,0,0,0,,,text,SiliconFlow
11940,-43,-59,0,0,0,,,text,SiliconFlow
11941,-43,-57,0,0,0,,,text,SiliconFlow
11942,-43,-55,0,0,0,,,text,SiliconFlow
11943,-43,-53,0,0,0,,,text,SiliconFlow
11944,-43,-51,0,0,0,,,text,SiliconFlow
11945,-43,-49,0,0,0,,,text,SiliconFlow
11946,-43,-47,0,0,0,,,text,SiliconFlow
11947,-43,-45,0,0,0,,,text,SiliconFlow
11948,-43,-43,0,0,0,,,text,SiliconFlow
11949,-43,-41,0,0,0,,,text,SiliconFlow
11950,-43,-39,0,0,0,,,text,SiliconFlow
11951,-43,-37,0,0,0,,,text,SiliconFlow
11952,-43,-35,0,0,0,,,text,SiliconFlow
11953,-43,-33,0,0,0,,,text,SiliconFlow
11954,-43,-31,0,0,0,,,text,SiliconFlow
11955,-43,-29,0,0,0,,,text,SiliconFlow
11956,-43,-27,0,0,0,,,text,SiliconFlow
11957,-43,-25,0,0,0,,,text,SiliconFlow
11958,-43,-23,0,0,0,,,text,SiliconFlow
11959,-43,-21,0,0,0,,,text,SiliconFlow
11960,-43,-19,0,0,0,,,text,SiliconFlow
11961,-43,-17,0,0,0,,,text,SiliconFlow
11962,-43,-15,0,0,0,,,text,SiliconFlow
11963,-43,-13,0,0,0,,,text,SiliconFlow
11964,-43,-11,0,0,0,,,text,SiliconFlow
11965,-43,-9,0,0,0,,,text,SiliconFlow
11966,-43,-7,0,0,0,,,text,SiliconFlow
11967,-43,-5,0,0,0,,,text,SiliconFlow
11968,-43,-3,0,0,0,,,text,SiliconFlow
11969,-43,-1,0,0,0,,,text,SiliconFlow
11970,-43,1,0,0,0,,,text,SiliconFlow
11971,-43,3,0,0,0,,,text,SiliconFlow
11972,-43,5,0,0,0,,,text,SiliconFlow
11973,-43,7,0,0,0,,,text,SiliconFlow
11974,-43,9,0,0,0,,,text,SiliconFlow
11975,-43,11,0,0,0,,,text,SiliconFlow
11976,-43,13,0,0,0,,,text,SiliconFlow
11977,-43,15,0,0,0,,,text,SiliconFlow
11978,-43,17,0,0,0,,,text,SiliconFlow
11979,-43,19,0,0,0,,,text,SiliconFlow
11980,-43,21,0,0,0,,,text,SiliconFlow
11981,-43,23,0,0,0,,,text,SiliconFlow
11982,-43,25,0,0,0,,,text,SiliconFlow
11983,-43,27,0,0,0,,,text,SiliconFlow
11984,-43,29,0,0,0,,,text,SiliconFlow
11985,-43,31,0,0,0,,,text,SiliconFlow
11986,-43,33,0,0,0,,,text,SiliconFlow
11987,-43,35,0,0,0,,,text,SiliconFlow
11988,-43,37,0,0,0,,,text,SiliconFlow
11989,-43,39,0,0,0,,,text,SiliconFlow
11990,-43,41,0,0,0,,,text,SiliconFlow
11991,-43,43,0,0,0,,,text,SiliconFlow
11992,-43,45,0,0,0,,,text,SiliconFlow
11993,-43,47,0,0,0,,,text,SiliconFlow
11994,-43,49,0,0,0,,,text,SiliconFlow
11995,-43,51,0,0,0,,,text,SiliconFlow
11996,-43,53,0,0,0,,,text,SiliconFlow
11997,-43,55,0,0,0,,,text,SiliconFlow
11998,-43,57,0,0,0,,,text,SiliconFlow
11999,-43,59,0,0,0,,,text,SiliconFlow
12000,-43,61,0,0,0,,,text,SiliconFlow
12001,-43,63,0,0,0,,,text,SiliconFlow
12002,-43,65,0,0,0,,,text,SiliconFlow
12003,-43,67,0,0,0,,,text,SiliconFlow
12004,-43,69,0,0,0,,,text,SiliconFlow
12005,-43,71,0,0,0,,,text,SiliconFlow
12006,-43,73,0,0,0,,,text,SiliconFlow
12007,-43,75,0,0,0,,,text,SiliconFlow
12008,-43,77,0,0,0,,,text,SiliconFlow
12009,-43,79,0,0,0,,,text,SiliconFlow
12010,-43,81,0,0,0,,,text,SiliconFlow
12011,-43,83,0,0,0,,,text,SiliconFlow
12012,-43,85,0,0,0,,,text,SiliconFlow
12013,-43,87,0,0,0,,,text,SiliconFlow
12014,-43,89,0,0,0,,,text,SiliconFlow
12015,-43,91,0,0,0,,,text,SiliconFlow
12016,-43,93,0,0,0,,,text,SiliconFlow
12017,-43,95,0,0,0,,,text,SiliconFlow
12018,-43,97,0,0,0,,,text,SiliconFlow
12019,-43,99,0,0,0,,,text,SiliconFlow
12020,-43,101,0,0,0,,,text,SiliconFlow
12021,-43,103,0,0,0,,,text,SiliconFlow
12022,-43,105,0,0,0,,,text,SiliconFlow
12023,-43,107,0,0,0,,,text,SiliconFlow
12024,-43,109,0,0,0,,,text,SiliconFlow
12025,-43,111,0,0,0,,,text,SiliconFlow
12026,-43,113,0,0,0,,,text,SiliconFlow
12027,-43,115,0,0,0,,,text,SiliconFlow
12028,-43,117,0,0,0,,,text,SiliconFlow
12029,-43,119,0,0,0,,,text,SiliconFlow
12030,-43,121,0,0,0,,,text,SiliconFlow
12031,-43,123,0,0,0,,,text,SiliconFlow
12032,-43,125,0,0,0,,,text,SiliconFlow
12033,-43,127,0,0,0,,,text,SiliconFlow
12034,-43,129,0,0,0,,,text,SiliconFlow
12035,-43,131,0,0,0,,,text,SiliconFlow
12036,-43,133,0,0,0,,,text,SiliconFlow
12037,-43,135,0,0,0,,,text,SiliconFlow
12038,-43,137,0,0,0,,,text,SiliconFlow
12039,-43,139,0,0,1,,,text,SiliconFlow
12040,-43,141,0,0,0,,,text,SiliconFlow
12041,-43,143,0,0,0,,,text,SiliconFlow
12042,-43,145,0,0,0,,,text,SiliconFlow
12043,-43,147,1,1,0,,,text,SiliconFlow
12044,-43,149,0,0,0,,,text,SiliconFlow
12045,-43,151,0,0,0,,,text,SiliconFlow
12046,-43,153,0,0,0,,,text,SiliconFlow
12047,-43,155,0,0,0,,,text,SiliconFlow
12048,-43,157,0,0,0,,,text,SiliconFlow
12049,-43,159,0,0,0,,,text,SiliconFlow
12050,-43,161,0,0,0,,,text,SiliconFlow
12051,-43,163,0,0,0,,,text,SiliconFlow
12052,-43,165,0,0,0,,,text,SiliconFlow
12053,-43,167,0,0,0,,,text,SiliconFlow
12054,-43,169,0,0,0,,,text,SiliconFlow
12055,-43,171,1,1,1,,,text,SiliconFlow
12056,-43,173,1,1,0,,,text,SiliconFlow
12057,-43,175,0,0,0,,,text,SiliconFlow
12058,-43,177,0,0,0,,,text,SiliconFlow
12059,-43,179,0,0,0,,,text,SiliconFlow
12060,-45,-179,0,0,0,,,text,SiliconFlow
12061,-45,-177,0,0,0,,,text,SiliconFlow
12062,-45,-175,0,0,0,,,text,SiliconFlow
12063,-45,-173,0,0,0,,,text,SiliconFlow
12064,-45,-171,0,0,0,,,text,SiliconFlow
12065,-45,-169,0,0,0,,,text,SiliconFlow
12066,-45,-167,0,0,0,,,text,SiliconFlow
12067,-45,-165,0,0,0,,,text,SiliconFlow
12068,-45,-163,0,0,0,,,text,SiliconFlow
12069,-45,-161,0,0,0,,,text,SiliconFlow
12070,-45,-159,0,0,0,,,text,SiliconFlow
12071,-45,-157,0,0,0,,,text,SiliconFlow
12072,-45,-155,0,0,0,,,text,SiliconFlow
12073,-45,-153,0,0,0,,,text,SiliconFlow
12074,-45,-151,0,0,0,,,text,SiliconFlow
12075,-45,-149,0,0,0,,,text,SiliconFlow
12076,-45,-147,0,0,0,,,text,SiliconFlow
12077,-45,-145,0,0,0,,,text,SiliconFlow
12078,-45,-143,0,0,0,,,text,SiliconFlow
12079,-45,-141,0,0,0,,,text,SiliconFlow
12080,-45,-139,0,0,0,,,text,SiliconFlow
12081,-45,-137,0,0,0,,,text,SiliconFlow
12082,-45,-135,0,0,0,,,text,SiliconFlow
12083,-45,-133,0,0,0,,,text,SiliconFlow
12084,-45,-131,0,0,0,,,text,SiliconFlow
12085,-45,-129,0,0,0,,,text,SiliconFlow
12086,-45,-127,0,0,0,,,text,SiliconFlow
12087,-45,-125,0,0,0,,,text,SiliconFlow
12088,-45,-123,0,0,0,,,text,SiliconFlow
12089,-45,-121,0,0,0,,,text,SiliconFlow
12090,-45,-119,0,0,0,,,text,SiliconFlow
12091,-45,-117,0,0,0,,,text,SiliconFlow
12092,-45,-115,0,0,0,,,text,SiliconFlow
12093,-45,-113,0,0,0,,,text,SiliconFlow
12094,-45,-111,0,0,0,,,text,SiliconFlow
12095,-45,-109,0,0,0,,,text,SiliconFlow
12096,-45,-107,0,0,0,,,text,SiliconFlow
12097,-45,-105,0,0,0,,,text,SiliconFlow
12098,-45,-103,0,0,0,,,text,SiliconFlow
12099,-45,-101,0,0,0,,,text,SiliconFlow
12100,-45,-99,0,0,0,,,text,SiliconFlow
12101,-45,-97,0,0,0,,,text,SiliconFlow
12102,-45,-95,0,0,0,,,text,SiliconFlow
12103,-45,-93,0,0,0,,,text,SiliconFlow
12104,-45,-91,0,0,0,,,text,SiliconFlow
12105,-45,-89,0,0,0,,,text,SiliconFlow
12106,-45,-87,0,0,0,,,text,SiliconFlow
12107,-45,-85,0,0,0,,,text,SiliconFlow
12108,-45,-83,0,0,0,,,text,SiliconFlow
12109,-45,-81,0,0,0,,,text,SiliconFlow
12110,-45,-79,0,0,0,,,text,SiliconFlow
12111,-45,-77,0,0,0,,,text,SiliconFlow
12112,-45,-75,0,0,0,,,text,SiliconFlow
12113,-45,-73,1,1,0,,,text,SiliconFlow
12114,-45,-71,1,1,0,,,text,SiliconFlow
12115,-45,-69,1,1,0,,,text,SiliconFlow
12116,-45,-67,1,1,0,,,text,SiliconFlow
12117,-45,-65,0,0,0,,,text,SiliconFlow
12118,-45,-63,0,0,0,,,text,SiliconFlow
12119,-45,-61,0,0,0,,,text,SiliconFlow
12120,-45,-59,0,0,0,,,text,SiliconFlow
12121,-45,-57,0,0,0,,,text,SiliconFlow
12122,-45,-55,0,0,0,,,text,SiliconFlow
12123,-45,-53,0,0,0,,,text,SiliconFlow
12124,-45,-51,0,0,0,,,text,SiliconFlow
12125,-45,-49,0,0,0,,,text,SiliconFlow
12126,-45,-47,0,0,0,,,text,SiliconFlow
12127,-45,-45,0,0,0,,,text,SiliconFlow
12128,-45,-43,0,0,0,,,text,SiliconFlow
12129,-45,-41,0,0,0,,,text,SiliconFlow
12130,-45,-39,0,0,0,,,text,SiliconFlow
12131,-45,-37,0,0,0,,,text,SiliconFlow
12132,-45,-35,0,0,0,,,text,SiliconFlow
12133,-45,-33,0,0,0,,,text,SiliconFlow
12134,-45,-31,0,0,0,,,text,SiliconFlow
12135,-45,-29,0,0,0,,,text,SiliconFlow
12136,-45,-27,0,0,0,,,text,SiliconFlow
12137,-45,-25,0,0,0,,,text,SiliconFlow
12138,-45,-23,0,0,0,,,text,SiliconFlow
12139,-45,-21,0,0,0,,,text,SiliconFlow
12140,-45,-19,0,0,0,,,text,SiliconFlow
12141,-45,-17,0,0,0,,,text,SiliconFlow
12142,-45,-15,0,0,0,,,text,SiliconFlow
12143,-45,-13,0,0,0,,,text,SiliconFlow
12144,-45,-11,0,0,0,,,text,SiliconFlow
12145,-45,-9,0,0,0,,,text,SiliconFlow
12146,-45,-7,0,0,0,,,text,SiliconFlow
12147,-45,-5,0,0,0,,,text,SiliconFlow
12148,-45,-3,0,0,0,,,text,SiliconFlow
12149,-45,-1,0,0,0,,,text,SiliconFlow
12150,-45,1,0,0,0,,,text,SiliconFlow
12151,-45,3,0,0,0,,,text,SiliconFlow
12152,-45,5,0,0,0,,,text,SiliconFlow
12153,-45,7,0,0,0,,,text,SiliconFlow
12154,-45,9,0,0,0,,,text,SiliconFlow
12155,-45,11,0,0,0,,,text,SiliconFlow
12156,-45,13,0,0,0,,,text,SiliconFlow
12157,-45,15,0,0,0,,,text,SiliconFlow
12158,-45,17,0,0,0,,,text,SiliconFlow
12159,-45,19,0,0,0,,,text,SiliconFlow
12160,-45,21,0,0,0,,,text,SiliconFlow
12161,-45,23,0,0,0,,,text,SiliconFlow
12162,-45,25,0,0,0,,,text,SiliconFlow
12163,-45,27,0,0,0,,,text,SiliconFlow
12164,-45,29,0,0,0,,,text,SiliconFlow
12165,-45,31,0,0,0,,,text,SiliconFlow
12166,-45,33,0,0,0,,,text,SiliconFlow
12167,-45,35,0,0,0,,,text,SiliconFlow
12168,-45,37,0,0,0,,,text,SiliconFlow
12169,-45,39,0,0,0,,,text,SiliconFlow
12170,-45,41,0,0,0,,,text,SiliconFlow
12171,-45,43,0,0,0,,,text,SiliconFlow
12172,-45,45,0,0,0,,,text,SiliconFlow
12173,-45,47,0,0,0,,,text,SiliconFlow
12174,-45,49,0,0,0,,,text,SiliconFlow
12175,-45,51,0,0,0,,,text,SiliconFlow
12176,-45,53,0,0,0,,,text,SiliconFlow
12177,-45,55,0,0,0,,,text,SiliconFlow
12178,-45,57,0,0,0,,,text,SiliconFlow
12179,-45,59,0,0,0,,,text,SiliconFlow
12180,-45,61,0,0,0,,,text,SiliconFlow
12181,-45,63,0,0,0,,,text,SiliconFlow
12182,-45,65,0,0,0,,,text,SiliconFlow
12183,-45,67,0,0,0,,,text,SiliconFlow
12184,-45,69,0,0,0,,,text,SiliconFlow
12185,-45,71,0,0,0,,,text,SiliconFlow
12186,-45,73,0,0,0,,,text,SiliconFlow
12187,-45,75,0,0,0,,,text,SiliconFlow
12188,-45,77,0,0,0,,,text,SiliconFlow
12189,-45,79,0,0,0,,,text,SiliconFlow
12190,-45,81,0,0,0,,,text,SiliconFlow
12191,-45,83,0,0,0,,,text,SiliconFlow
12192,-45,85,0,0,0,,,text,SiliconFlow
12193,-45,87,0,0,0,,,text,SiliconFlow
12194,-45,89,0,0,0,,,text,SiliconFlow
12195,-45,91,0,0,0,,,text,SiliconFlow
12196,-45,93,0,0,0,,,text,SiliconFlow
12197,-45,95,0,0,0,,,text,SiliconFlow
12198,-45,97,0,0,0,,,text,SiliconFlow
12199,-45,99,0,0,0,,,text,SiliconFlow
12200,-45,101,0,0,0,,,text,SiliconFlow
12201,-45,103,0,0,0,,,text,SiliconFlow
12202,-45,105,0,0,0,,,text,SiliconFlow
12203,-45,107,0,0,0,,,text,SiliconFlow
12204,-45,109,0,0,0,,,text,SiliconFlow
12205,-45,111,0,0,0,,,text,SiliconFlow
12206,-45,113,0,0,0,,,text,SiliconFlow
12207,-45,115,0,0,0,,,text,SiliconFlow
12208,-45,117,0,0,0,,,text,SiliconFlow
12209,-45,119,0,0,0,,,text,SiliconFlow
12210,-45,121,0,0,0,,,text,SiliconFlow
12211,-45,123,0,0,0,,,text,SiliconFlow
12212,-45,125,0,0,0,,,text,SiliconFlow
12213,-45,127,0,0,0,,,text,SiliconFlow
12214,-45,129,0,0,0,,,text,SiliconFlow
12215,-45,131,0,0,0,,,text,SiliconFlow
12216,-45,133,0,0,0,,,text,SiliconFlow
12217,-45,135,0,0,0,,,text,SiliconFlow
12218,-45,137,0,0,0,,,text,SiliconFlow
12219,-45,139,0,0,0,,,text,SiliconFlow
12220,-45,141,0,0,0,,,text,SiliconFlow
12221,-45,143,0,0,0,,,text,SiliconFlow
12222,-45,145,0,0,0,,,text,SiliconFlow
12223,-45,147,0,0,0,,,text,SiliconFlow
12224,-45,149,0,0,0,,,text,SiliconFlow
12225,-45,151,0,0,0,,,text,SiliconFlow
12226,-45,153,0,0,0,,,text,SiliconFlow
12227,-45,155,0,0,0,,,text,SiliconFlow
12228,-45,157,0,0,0,,,text,SiliconFlow
12229,-45,159,0,0,0,,,text,SiliconFlow
12230,-45,161,0,0,0,,,text,SiliconFlow
12231,-45,163,0,0,0,,,text,SiliconFlow
12232,-45,165,0,0,0,,,text,SiliconFlow
12233,-45,167,0,0,0,,,text,SiliconFlow
12234,-45,169,1,1,1,,,text,SiliconFlow
12235,-45,171,1,1,0,,,text,SiliconFlow
12236,-45,173,0,0,0,,,text,SiliconFlow
12237,-45,175,0,0,0,,,text,SiliconFlow
12238,-45,177,0,0,0,,,text,SiliconFlow
12239,-45,179,0,0,0,,,text,SiliconFlow
12240,-47,-179,0,0,0,,,text,SiliconFlow
12241,-47,-177,0,0,0,,,text,SiliconFlow
12242,-47,-175,0,0,0,,,text,SiliconFlow
12243,-47,-173,0,0,0,,,text,SiliconFlow
12244,-47,-171,0,0,0,,,text,SiliconFlow
12245,-47,-169,0,0,0,,,text,SiliconFlow
12246,-47,-167,0,0,0,,,text,SiliconFlow
12247,-47,-165,0,0,0,,,text,SiliconFlow
12248,-47,-163,0,0,0,,,text,SiliconFlow
12249,-47,-161,0,0,0,,,text,SiliconFlow
12250,-47,-159,0,0,0,,,text,SiliconFlow
12251,-47,-157,0,0,0,,,text,SiliconFlow
12252,-47,-155,0,0,0,,,text,SiliconFlow
12253,-47,-153,0,0,0,,,text,SiliconFlow
12254,-47,-151,0,0,0,,,text,SiliconFlow
12255,-47,-149,0,0,0,,,text,SiliconFlow
12256,-47,-147,0,0,0,,,text,SiliconFlow
12257,-47,-145,0,0,0,,,text,SiliconFlow
12258,-47,-143,0,0,0,,,text,SiliconFlow
12259,-47,-141,0,0,0,,,text,SiliconFlow
12260,-47,-139,0,0,0,,,text,SiliconFlow
12261,-47,-137,0,0,0,,,text,SiliconFlow
12262,-47,-135,0,0,0,,,text,SiliconFlow
12263,-47,-133,0,0,0,,,text,SiliconFlow
12264,-47,-131,0,0,0,,,text,SiliconFlow
12265,-47,-129,0,0,0,,,text,SiliconFlow
12266,-47,-127,0,0,0,,,text,SiliconFlow
12267,-47,-125,0,0,0,,,text,SiliconFlow
12268,-47,-123,0,0,0,,,text,SiliconFlow
12269,-47,-121,0,0,0,,,text,SiliconFlow
12270,-47,-119,0,0,0,,,text,SiliconFlow
12271,-47,-117,0,0,0,,,text,SiliconFlow
12272,-47,-115,0,0,0,,,text,SiliconFlow
12273,-47,-113,0,0,0,,,text,SiliconFlow
12274,-47,-111,0,0,0,,,text,SiliconFlow
12275,-47,-109,0,0,0,,,text,SiliconFlow
12276,-47,-107,0,0,0,,,text,SiliconFlow
12277,-47,-105,0,0,0,,,text,SiliconFlow
12278,-47,-103,0,0,0,,,text,SiliconFlow
12279,-47,-101,0,0,0,,,text,SiliconFlow
12280,-47,-99,0,0,0,,,text,SiliconFlow
12281,-47,-97,0,0,0,,,text,SiliconFlow
12282,-47,-95,0,0,0,,,text,SiliconFlow
12283,-47,-93,0,0,0,,,text,SiliconFlow
12284,-47,-91,0,0,0,,,text,SiliconFlow
12285,-47,-89,0,0,0,,,text,SiliconFlow
12286,-47,-87,0,0,0,,,text,SiliconFlow
12287,-47,-85,0,0,0,,,text,SiliconFlow
12288,-47,-83,0,0,0,,,text,SiliconFlow
12289,-47,-81,0,0,0,,,text,SiliconFlow
12290,-47,-79,0,0,0,,,text,SiliconFlow
12291,-47,-77,0,0,0,,,text,SiliconFlow
12292,-47,-75,0,0,0,,,text,SiliconFlow
12293,-47,-73,1,1,0,,,text,SiliconFlow
12294,-47,-71,1,1,0,,,text,SiliconFlow
12295,-47,-69,1,1,0,,,text,SiliconFlow
12296,-47,-67,1,1,0,,,text,SiliconFlow
12297,-47,-65,0,0,0,,,text,SiliconFlow
12298,-47,-63,0,0,0,,,text,SiliconFlow
12299,-47,-61,0,0,0,,,text,SiliconFlow
12300,-47,-59,0,0,0,,,text,SiliconFlow
12301,-47,-57,0,0,0,,,text,SiliconFlow
12302,-47,-55,0,0,0,,,text,SiliconFlow
12303,-47,-53,0,0,0,,,text,SiliconFlow
12304,-47,-51,0,0,0,,,text,SiliconFlow
12305,-47,-49,0,0,0,,,text,SiliconFlow
12306,-47,-47,0,0,0,,,text,SiliconFlow
12307,-47,-45,0,0,0,,,text,SiliconFlow
12308,-47,-43,0,0,0,,,text,SiliconFlow
12309,-47,-41,0,0,0,,,text,SiliconFlow
12310,-47,-39,0,0,0,,,text,SiliconFlow
12311,-47,-37,0,0,0,,,text,SiliconFlow
12312,-47,-35,0,0,0,,,text,SiliconFlow
12313,-47,-33,0,0,0,,,text,SiliconFlow
12314,-47,-31,0,0,0,,,text,SiliconFlow
12315,-47,-29,0,0,0,,,text,SiliconFlow
12316,-47,-27,0,0,0,,,text,SiliconFlow
12317,-47,-25,0,0,0,,,text,SiliconFlow
12318,-47,-23,0,0,0,,,text,SiliconFlow
12319,-47,-21,0,0,0,,,text,SiliconFlow
12320,-47,-19,0,0,0,,,text,SiliconFlow
12321,-47,-17,0,0,0,,,text,SiliconFlow
12322,-47,-15,0,0,0,,,text,SiliconFlow
12323,-47,-13,0,0,0,,,text,SiliconFlow
12324,-47,-11,0,0,0,,,text,SiliconFlow
12325,-47,-9,0,0,0,,,text,SiliconFlow
12326,-47,-7,0,0,0,,,text,SiliconFlow
12327,-47,-5,0,0,0,,,text,SiliconFlow
12328,-47,-3,0,0,0,,,text,SiliconFlow
12329,-47,-1,0,0,0,,,text,SiliconFlow
12330,-47,1,0,0,0,,,text,SiliconFlow
12331,-47,3,0,0,0,,,text,SiliconFlow
12332,-47,5,0,0,0,,,text,SiliconFlow
12333,-47,7,0,0,0,,,text,SiliconFlow
12334,-47,9,0,0,0,,,text,SiliconFlow
12335,-47,11,0,0,0,,,text,SiliconFlow
12336,-47,13,0,0,0,,,text,SiliconFlow
12337,-47,15,0,0,0,,,text,SiliconFlow
12338,-47,17,0,0,0,,,text,SiliconFlow
12339,-47,19,0,0,0,,,text,SiliconFlow
12340,-47,21,0,0,0,,,text,SiliconFlow
12341,-47,23,0,0,0,,,text,SiliconFlow
12342,-47,25,0,0,0,,,text,SiliconFlow
12343,-47,27,0,0,0,,,text,SiliconFlow
12344,-47,29,0,0,0,,,text,SiliconFlow
12345,-47,31,0,0,0,,,text,SiliconFlow
12346,-47,33,0,0,0,,,text,SiliconFlow
12347,-47,35,0,0,0,,,text,SiliconFlow
12348,-47,37,0,0,0,,,text,SiliconFlow
12349,-47,39,0,0,0,,,text,SiliconFlow
12350,-47,41,0,0,0,,,text,SiliconFlow
12351,-47,43,0,0,0,,,text,SiliconFlow
12352,-47,45,0,0,0,,,text,SiliconFlow
12353,-47,47,0,0,0,,,text,SiliconFlow
12354,-47,49,0,0,0,,,text,SiliconFlow
12355,-47,51,0,0,0,,,text,SiliconFlow
12356,-47,53,0,0,0,,,text,SiliconFlow
12357,-47,55,0,0,0,,,text,SiliconFlow
12358,-47,57,0,0,0,,,text,SiliconFlow
12359,-47,59,0,0,0,,,text,SiliconFlow
12360,-47,61,0,0,0,,,text,SiliconFlow
12361,-47,63,0,0,0,,,text,SiliconFlow
12362,-47,65,0,0,0,,,text,SiliconFlow
12363,-47,67,0,0,0,,,text,SiliconFlow
12364,-47,69,0,0,0,,,text,SiliconFlow
12365,-47,71,0,0,0,,,text,SiliconFlow
12366,-47,73,0,0,0,,,text,SiliconFlow
12367,-47,75,0,0,0,,,text,SiliconFlow
12368,-47,77,0,0,0,,,text,SiliconFlow
12369,-47,79,0,0,0,,,text,SiliconFlow
12370,-47,81,0,0,0,,,text,SiliconFlow
12371,-47,83,0,0,0,,,text,SiliconFlow
12372,-47,85,0,0,0,,,text,SiliconFlow
12373,-47,87,0,0,0,,,text,SiliconFlow
12374,-47,89,0,0,0,,,text,SiliconFlow
12375,-47,91,0,0,0,,,text,SiliconFlow
12376,-47,93,0,0,0,,,text,SiliconFlow
12377,-47,95,0,0,0,,,text,SiliconFlow
12378,-47,97,0,0,0,,,text,SiliconFlow
12379,-47,99,0,0,0,,,text,SiliconFlow
12380,-47,101,0,0,0,,,text,SiliconFlow
12381,-47,103,0,0,0,,,text,SiliconFlow
12382,-47,105,0,0,0,,,text,SiliconFlow
12383,-47,107,0,0,0,,,text,SiliconFlow
12384,-47,109,0,0,0,,,text,SiliconFlow
12385,-47,111,0,0,0,,,text,SiliconFlow
12386,-47,113,0,0,0,,,text,SiliconFlow
12387,-47,115,0,0,0,,,text,SiliconFlow
12388,-47,117,0,0,0,,,text,SiliconFlow
12389,-47,119,0,0,0,,,text,SiliconFlow
12390,-47,121,0,0,0,,,text,SiliconFlow
12391,-47,123,0,0,0,,,text,SiliconFlow
12392,-47,125,0,0,0,,,text,SiliconFlow
12393,-47,127,0,0,0,,,text,SiliconFlow
12394,-47,129,0,0,0,,,text,SiliconFlow
12395,-47,131,0,0,0,,,text,SiliconFlow
12396,-47,133,0,0,0,,,text,SiliconFlow
12397,-47,135,0,0,0,,,text,SiliconFlow
12398,-47,137,0,0,0,,,text,SiliconFlow
12399,-47,139,0,0,0,,,text,SiliconFlow
12400,-47,141,0,0,0,,,text,SiliconFlow
12401,-47,143,0,0,0,,,text,SiliconFlow
12402,-47,145,0,0,0,,,text,SiliconFlow
12403,-47,147,0,0,0,,,text,SiliconFlow
12404,-47,149,0,0,0,,,text,SiliconFlow
12405,-47,151,0,0,0,,,text,SiliconFlow
12406,-47,153,0,0,0,,,text,SiliconFlow
12407,-47,155,0,0,0,,,text,SiliconFlow
12408,-47,157,0,0,0,,,text,SiliconFlow
12409,-47,159,0,0,0,,,text,SiliconFlow
12410,-47,161,0,0,0,,,text,SiliconFlow
12411,-47,163,0,0,0,,,text,SiliconFlow
12412,-47,165,0,0,0,,,text,SiliconFlow
12413,-47,167,0,0,0,,,text,SiliconFlow
12414,-47,169,0,0,0,,,text,SiliconFlow
12415,-47,171,0,0,0,,,text,SiliconFlow
12416,-47,173,0,0,0,,,text,SiliconFlow
12417,-47,175,0,0,0,,,text,SiliconFlow
12418,-47,177,0,0,0,,,text,SiliconFlow
12419,-47,179,0,0,0,,,text,SiliconFlow
12420,-49,-179,0,0,0,,,text,SiliconFlow
12421,-49,-177,0,0,0,,,text,SiliconFlow
12422,-49,-175,0,0,0,,,text,SiliconFlow
12423,-49,-173,0,0,0,,,text,SiliconFlow
12424,-49,-171,0,0,0,,,text,SiliconFlow
12425,-49,-169,0,0,0,,,text,SiliconFlow
12426,-49,-167,0,0,0,,,text,SiliconFlow
12427,-49,-165,0,0,0,,,text,SiliconFlow
12428,-49,-163,0,0,0,,,text,SiliconFlow
12429,-49,-161,0,0,0,,,text,SiliconFlow
12430,-49,-159,0,0,0,,,text,SiliconFlow
12431,-49,-157,0,0,0,,,text,SiliconFlow
12432,-49,-155,0,0,0,,,text,SiliconFlow
12433,-49,-153,0,0,0,,,text,SiliconFlow
12434,-49,-151,0,0,0,,,text,SiliconFlow
12435,-49,-149,0,0,0,,,text,SiliconFlow
12436,-49,-147,0,0,0,,,text,SiliconFlow
12437,-49,-145,0,0,0,,,text,SiliconFlow
12438,-49,-143,0,0,0,,,text,SiliconFlow
12439,-49,-141,0,0,0,,,text,SiliconFlow
12440,-49,-139,0,0,0,,,text,SiliconFlow
12441,-49,-137,0,0,0,,,text,SiliconFlow
12442,-49,-135,0,0,0,,,text,SiliconFlow
12443,-49,-133,0,0,0,,,text,SiliconFlow
12444,-49,-131,0,0,0,,,text,SiliconFlow
12445,-49,-129,0,0,0,,,text,SiliconFlow
12446,-49,-127,0,0,0,,,text,SiliconFlow
12447,-49,-125,0,0,0,,,text,SiliconFlow
12448,-49,-123,0,0,0,,,text,SiliconFlow
12449,-49,-121,0,0,0,,,text,SiliconFlow
12450,-49,-119,0,0,0,,,text,SiliconFlow
12451,-49,-117,0,0,0,,,text,SiliconFlow
12452,-49,-115,0,0,0,,,text,SiliconFlow
12453,-49,-113,0,0,0,,,text,SiliconFlow
12454,-49,-111,0,0,0,,,text,SiliconFlow
12455,-49,-109,0,0,0,,,text,SiliconFlow
12456,-49,-107,0,0,0,,,text,SiliconFlow
12457,-49,-105,0,0,0,,,text,SiliconFlow
12458,-49,-103,0,0,0,,,text,SiliconFlow
12459,-49,-101,0,0,0,,,text,SiliconFlow
12460,-49,-99,0,0,0,,,text,SiliconFlow
12461,-49,-97,0,0,0,,,text,SiliconFlow
12462,-49,-95,0,0,0,,,text,SiliconFlow
12463,-49,-93,0,0,0,,,text,SiliconFlow
12464,-49,-91,0,0,0,,,text,SiliconFlow
12465,-49,-89,0,0,0,,,text,SiliconFlow
12466,-49,-87,0,0,0,,,text,SiliconFlow
12467,-49,-85,0,0,0,,,text,SiliconFlow
12468,-49,-83,0,0,0,,,text,SiliconFlow
12469,-49,-81,0,0,0,,,text,SiliconFlow
12470,-49,-79,0,0,0,,,text,SiliconFlow
12471,-49,-77,0,0,0,,,text,SiliconFlow
12472,-49,-75,0,0,0,,,text,SiliconFlow
12473,-49,-73,1,1,0,,,text,SiliconFlow
12474,-49,-71,1,1,0,,,text,SiliconFlow
12475,-49,-69,1,1,0,,,text,SiliconFlow
12476,-49,-67,0,0,0,,,text,SiliconFlow
12477,-49,-65,0,0,0,,,text,SiliconFlow
12478,-49,-63,0,0,0,,,text,SiliconFlow
12479,-49,-61,0,0,0,,,text,SiliconFlow
12480,-49,-59,0,0,0,,,text,SiliconFlow
12481,-49,-57,0,0,0,,,text,SiliconFlow
12482,-49,-55,0,0,0,,,text,SiliconFlow
12483,-49,-53,0,0,0,,,text,SiliconFlow
12484,-49,-51,0,0,0,,,text,SiliconFlow
12485,-49,-49,0,0,0,,,text,SiliconFlow
12486,-49,-47,0,0,0,,,text,SiliconFlow
12487,-49,-45,0,0,0,,,text,SiliconFlow
12488,-49,-43,0,0,0,,,text,SiliconFlow
12489,-49,-41,0,0,0,,,text,SiliconFlow
12490,-49,-39,0,0,0,,,text,SiliconFlow
12491,-49,-37,0,0,0,,,text,SiliconFlow
12492,-49,-35,0,0,0,,,text,SiliconFlow
12493,-49,-33,0,0,0,,,text,SiliconFlow
12494,-49,-31,0,0,0,,,text,SiliconFlow
12495,-49,-29,0,0,0,,,text,SiliconFlow
12496,-49,-27,0,0,0,,,text,SiliconFlow
12497,-49,-25,0,0,0,,,text,SiliconFlow
12498,-49,-23,0,0,0,,,text,SiliconFlow
12499,-49,-21,0,0,0,,,text,SiliconFlow
12500,-49,-19,0,0,0,,,text,SiliconFlow
12501,-49,-17,0,0,0,,,text,SiliconFlow
12502,-49,-15,0,0,0,,,text,SiliconFlow
12503,-49,-13,0,0,0,,,text,SiliconFlow
12504,-49,-11,0,0,0,,,text,SiliconFlow
12505,-49,-9,0,0,0,,,text,SiliconFlow
12506,-49,-7,0,0,0,,,text,SiliconFlow
12507,-49,-5,0,0,0,,,text,SiliconFlow
12508,-49,-3,0,0,0,,,text,SiliconFlow
12509,-49,-1,0,0,0,,,text,SiliconFlow
12510,-49,1,0,0,0,,,text,SiliconFlow
12511,-49,3,0,0,0,,,text,SiliconFlow
12512,-49,5,0,0,0,,,text,SiliconFlow
12513,-49,7,0,0,0,,,text,SiliconFlow
12514,-49,9,0,0,0,,,text,SiliconFlow
12515,-49,11,0,0,0,,,text,SiliconFlow
12516,-49,13,0,0,0,,,text,SiliconFlow
12517,-49,15,0,0,0,,,text,SiliconFlow
12518,-49,17,0,0,0,,,text,SiliconFlow
12519,-49,19,0,0,0,,,text,SiliconFlow
12520,-49,21,0,0,0,,,text,SiliconFlow
12521,-49,23,0,0,0,,,text,SiliconFlow
12522,-49,25,0,0,0,,,text,SiliconFlow
12523,-49,27,0,0,0,,,text,SiliconFlow
12524,-49,29,0,0,0,,,text,SiliconFlow
12525,-49,31,0,0,0,,,text,SiliconFlow
12526,-49,33,0,0,0,,,text,SiliconFlow
12527,-49,35,0,0,0,,,text,SiliconFlow
12528,-49,37,0,0,0,,,text,SiliconFlow
12529,-49,39,0,0,0,,,text,SiliconFlow
12530,-49,41,0,0,0,,,text,SiliconFlow
12531,-49,43,0,0,0,,,text,SiliconFlow
12532,-49,45,0,0,0,,,text,SiliconFlow
12533,-49,47,0,0,0,,,text,SiliconFlow
12534,-49,49,0,0,0,,,text,SiliconFlow
12535,-49,51,0,0,0,,,text,SiliconFlow
12536,-49,53,0,0,0,,,text,SiliconFlow
12537,-49,55,0,0,0,,,text,SiliconFlow
12538,-49,57,0,0,0,,,text,SiliconFlow
12539,-49,59,0,0,0,,,text,SiliconFlow
12540,-49,61,0,0,0,,,text,SiliconFlow
12541,-49,63,0,0,0,,,text,SiliconFlow
12542,-49,65,0,0,0,,,text,SiliconFlow
12543,-49,67,0,0,0,,,text,SiliconFlow
12544,-49,69,1,1,0,,,text,SiliconFlow
12545,-49,71,0,0,0,,,text,SiliconFlow
12546,-49,73,0,0,0,,,text,SiliconFlow
12547,-49,75,0,0,0,,,text,SiliconFlow
12548,-49,77,0,0,0,,,text,SiliconFlow
12549,-49,79,0,0,0,,,text,SiliconFlow
12550,-49,81,0,0,0,,,text,SiliconFlow
12551,-49,83,0,0,0,,,text,SiliconFlow
12552,-49,85,0,0,0,,,text,SiliconFlow
12553,-49,87,0,0,0,,,text,SiliconFlow
12554,-49,89,0,0,0,,,text,SiliconFlow
12555,-49,91,0,0,0,,,text,SiliconFlow
12556,-49,93,0,0,0,,,text,SiliconFlow
12557,-49,95,0,0,0,,,text,SiliconFlow
12558,-49,97,0,0,0,,,text,SiliconFlow
12559,-49,99,0,0,0,,,text,SiliconFlow
12560,-49,101,0,0,0,,,text,SiliconFlow
12561,-49,103,0,0,0,,,text,SiliconFlow
12562,-49,105,0,0,0,,,text,SiliconFlow
12563,-49,107,0,0,0,,,text,SiliconFlow
12564,-49,109,0,0,0,,,text,SiliconFlow
12565,-49,111,0,0,0,,,text,SiliconFlow
12566,-49,113,0,0,0,,,text,SiliconFlow
12567,-49,115,0,0,0,,,text,SiliconFlow
12568,-49,117,0,0,0,,,text,SiliconFlow
12569,-49,119,0,0,0,,,text,SiliconFlow
12570,-49,121,0,0,0,,,text,SiliconFlow
12571,-49,123,0,0,0,,,text,SiliconFlow
12572,-49,125,0,0,0,,,text,SiliconFlow
12573,-49,127,0,0,0,,,text,SiliconFlow
12574,-49,129,0,0,0,,,text,SiliconFlow
12575,-49,131,0,0,0,,,text,SiliconFlow
12576,-49,133,0,0,0,,,text,SiliconFlow
12577,-49,135,0,0,0,,,text,SiliconFlow
12578,-49,137,0,0,0,,,text,SiliconFlow
12579,-49,139,0,0,0,,,text,SiliconFlow
12580,-49,141,0,0,0,,,text,SiliconFlow
12581,-49,143,0,0,0,,,text,SiliconFlow
12582,-49,145,0,0,0,,,text,SiliconFlow
12583,-49,147,0,0,0,,,text,SiliconFlow
12584,-49,149,0,0,0,,,text,SiliconFlow
12585,-49,151,0,0,0,,,text,SiliconFlow
12586,-49,153,0,0,0,,,text,SiliconFlow
12587,-49,155,0,0,0,,,text,SiliconFlow
12588,-49,157,0,0,0,,,text,SiliconFlow
12589,-49,159,0,0,0,,,text,SiliconFlow
12590,-49,161,0,0,0,,,text,SiliconFlow
12591,-49,163,0,0,0,,,text,SiliconFlow
12592,-49,165,0,0,0,,,text,SiliconFlow
12593,-49,167,0,0,0,,,text,SiliconFlow
12594,-49,169,0,0,0,,,text,SiliconFlow
12595,-49,171,0,0,0,,,text,SiliconFlow
12596,-49,173,0,0,0,,,text,SiliconFlow
12597,-49,175,0,0,0,,,text,SiliconFlow
12598,-49,177,0,0,0,,,text,SiliconFlow
12599,-49,179,0,0,0,,,text,SiliconFlow
12600,-51,-179,0,0,0,,,text,SiliconFlow
12601,-51,-177,0,0,0,,,text,SiliconFlow
12602,-51,-175,0,0,0,,,text,SiliconFlow
12603,-51,-173,0,0,0,,,text,SiliconFlow
12604,-51,-171,0,0,0,,,text,SiliconFlow
12605,-51,-169,0,0,0,,,text,SiliconFlow
12606,-51,-167,0,0,0,,,text,SiliconFlow
12607,-51,-165,0,0,0,,,text,SiliconFlow
12608,-51,-163,0,0,0,,,text,SiliconFlow
12609,-51,-161,0,0,0,,,text,SiliconFlow
12610,-51,-159,0,0,0,,,text,SiliconFlow
12611,-51,-157,0,0,0,,,text,SiliconFlow
12612,-51,-155,0,0,0,,,text,SiliconFlow
12613,-51,-153,0,0,0,,,text,SiliconFlow
12614,-51,-151,0,0,0,,,text,SiliconFlow
12615,-51,-149,0,0,0,,,text,SiliconFlow
12616,-51,-147,0,0,0,,,text,SiliconFlow
12617,-51,-145,0,0,0,,,text,SiliconFlow
12618,-51,-143,0,0,0,,,text,SiliconFlow
12619,-51,-141,0,0,0,,,text,SiliconFlow
12620,-51,-139,0,0,0,,,text,SiliconFlow
12621,-51,-137,0,0,0,,,text,SiliconFlow
12622,-51,-135,0,0,0,,,text,SiliconFlow
12623,-51,-133,0,0,0,,,text,SiliconFlow
12624,-51,-131,0,0,0,,,text,SiliconFlow
12625,-51,-129,0,0,0,,,text,SiliconFlow
12626,-51,-127,0,0,0,,,text,SiliconFlow
12627,-51,-125,0,0,0,,,text,SiliconFlow
12628,-51,-123,0,0,0,,,text,SiliconFlow
12629,-51,-121,0,0,0,,,text,SiliconFlow
12630,-51,-119,0,0,0,,,text,SiliconFlow
12631,-51,-117,0,0,0,,,text,SiliconFlow
12632,-51,-115,0,0,0,,,text,SiliconFlow
12633,-51,-113,0,0,0,,,text,SiliconFlow
12634,-51,-111,0,0,0,,,text,SiliconFlow
12635,-51,-109,0,0,0,,,text,SiliconFlow
12636,-51,-107,0,0,0,,,text,SiliconFlow
12637,-51,-105,0,0,0,,,text,SiliconFlow
12638,-51,-103,0,0,0,,,text,SiliconFlow
12639,-51,-101,0,0,0,,,text,SiliconFlow
12640,-51,-99,0,0,0,,,text,SiliconFlow
12641,-51,-97,0,0,0,,,text,SiliconFlow
12642,-51,-95,0,0,0,,,text,SiliconFlow
12643,-51,-93,0,0,0,,,text,SiliconFlow
12644,-51,-91,0,0,0,,,text,SiliconFlow
12645,-51,-89,0,0,0,,,text,SiliconFlow
12646,-51,-87,0,0,0,,,text,SiliconFlow
12647,-51,-85,0,0,0,,,text,SiliconFlow
12648,-51,-83,0,0,0,,,text,SiliconFlow
12649,-51,-81,0,0,0,,,text,SiliconFlow
12650,-51,-79,0,0,0,,,text,SiliconFlow
12651,-51,-77,0,0,0,,,text,SiliconFlow
12652,-51,-75,1,1,0,,,text,SiliconFlow
12653,-51,-73,1,1,0,,,text,SiliconFlow
12654,-51,-71,1,1,0,,,text,SiliconFlow
12655,-51,-69,0,0,0,,,text,SiliconFlow
12656,-51,-67,0,0,0,,,text,SiliconFlow
12657,-51,-65,0,0,0,,,text,SiliconFlow
12658,-51,-63,0,0,0,,,text,SiliconFlow
12659,-51,-61,0,0,0,,,text,SiliconFlow
12660,-51,-59,0,0,0,,,text,SiliconFlow
12661,-51,-57,0,0,0,,,text,SiliconFlow
12662,-51,-55,0,0,0,,,text,SiliconFlow
12663,-51,-53,0,0,0,,,text,SiliconFlow
12664,-51,-51,0,0,0,,,text,SiliconFlow
12665,-51,-49,0,0,0,,,text,SiliconFlow
12666,-51,-47,0,0,0,,,text,SiliconFlow
12667,-51,-45,0,0,0,,,text,SiliconFlow
12668,-51,-43,0,0,0,,,text,SiliconFlow
12669,-51,-41,0,0,0,,,text,SiliconFlow
12670,-51,-39,0,0,0,,,text,SiliconFlow
12671,-51,-37,0,0,0,,,text,SiliconFlow
12672,-51,-35,0,0,0,,,text,SiliconFlow
12673,-51,-33,0,0,0,,,text,SiliconFlow
12674,-51,-31,0,0,0,,,text,SiliconFlow
12675,-51,-29,0,0,0,,,text,SiliconFlow
12676,-51,-27,0,0,0,,,text,SiliconFlow
12677,-51,-25,0,0,0,,,text,SiliconFlow
12678,-51,-23,0,0,1,,,text,SiliconFlow
12679,-51,-21,0,0,0,,,text,SiliconFlow
12680,-51,-19,0,0,0,,,text,SiliconFlow
12681,-51,-17,0,0,0,,,text,SiliconFlow
12682,-51,-15,0,0,0,,,text,SiliconFlow
12683,-51,-13,0,0,0,,,text,SiliconFlow
12684,-51,-11,0,0,0,,,text,SiliconFlow
12685,-51,-9,0,0,0,,,text,SiliconFlow
12686,-51,-7,0,0,0,,,text,SiliconFlow
12687,-51,-5,0,0,0,,,text,SiliconFlow
12688,-51,-3,0,0,0,,,text,SiliconFlow
12689,-51,-1,0,0,0,,,text,SiliconFlow
12690,-51,1,0,0,0,,,text,SiliconFlow
12691,-51,3,0,0,0,,,text,SiliconFlow
12692,-51,5,0,0,0,,,text,SiliconFlow
12693,-51,7,0,0,0,,,text,SiliconFlow
12694,-51,9,0,0,0,,,text,SiliconFlow
12695,-51,11,0,0,0,,,text,SiliconFlow
12696,-51,13,0,0,0,,,text,SiliconFlow
12697,-51,15,0,0,0,,,text,SiliconFlow
12698,-51,17,0,0,0,,,text,SiliconFlow
12699,-51,19,0,0,0,,,text,SiliconFlow
12700,-51,21,0,0,0,,,text,SiliconFlow
12701,-51,23,0,0,0,,,text,SiliconFlow
12702,-51,25,0,0,0,,,text,SiliconFlow
12703,-51,27,0,0,0,,,text,SiliconFlow
12704,-51,29,0,0,0,,,text,SiliconFlow
12705,-51,31,0,0,0,,,text,SiliconFlow
12706,-51,33,0,0,0,,,text,SiliconFlow
12707,-51,35,0,0,0,,,text,SiliconFlow
12708,-51,37,0,0,0,,,text,SiliconFlow
12709,-51,39,0,0,0,,,text,SiliconFlow
12710,-51,41,0,0,0,,,text,SiliconFlow
12711,-51,43,0,0,0,,,text,SiliconFlow
12712,-51,45,0,0,0,,,text,SiliconFlow
12713,-51,47,0,0,0,,,text,SiliconFlow
12714,-51,49,0,0,0,,,text,SiliconFlow
12715,-51,51,0,0,0,,,text,SiliconFlow
12716,-51,53,0,0,0,,,text,SiliconFlow
12717,-51,55,0,0,0,,,text,SiliconFlow
12718,-51,57,0,0,0,,,text,SiliconFlow
12719,-51,59,0,0,0,,,text,SiliconFlow
12720,-51,61,0,0,0,,,text,SiliconFlow
12721,-51,63,0,0,0,,,text,SiliconFlow
12722,-51,65,0,0,0,,,text,SiliconFlow
12723,-51,67,0,0,0,,,text,SiliconFlow
12724,-51,69,0,0,0,,,text,SiliconFlow
12725,-51,71,0,0,0,,,text,SiliconFlow
12726,-51,73,0,0,0,,,text,SiliconFlow
12727,-51,75,0,0,0,,,text,SiliconFlow
12728,-51,77,0,0,0,,,text,SiliconFlow
12729,-51,79,0,0,0,,,text,SiliconFlow
12730,-51,81,0,0,0,,,text,SiliconFlow
12731,-51,83,0,0,0,,,text,SiliconFlow
12732,-51,85,0,0,0,,,text,SiliconFlow
12733,-51,87,0,0,0,,,text,SiliconFlow
12734,-51,89,0,0,0,,,text,SiliconFlow
12735,-51,91,0,0,0,,,text,SiliconFlow
12736,-51,93,0,0,0,,,text,SiliconFlow
12737,-51,95,0,0,0,,,text,SiliconFlow
12738,-51,97,0,0,0,,,text,SiliconFlow
12739,-51,99,0,0,0,,,text,SiliconFlow
12740,-51,101,0,0,0,,,text,SiliconFlow
12741,-51,103,0,0,0,,,text,SiliconFlow
12742,-51,105,0,0,0,,,text,SiliconFlow
12743,-51,107,0,0,0,,,text,SiliconFlow
12744,-51,109,0,0,0,,,text,SiliconFlow
12745,-51,111,0,0,0,,,text,SiliconFlow
12746,-51,113,0,0,0,,,text,SiliconFlow
12747,-51,115,0,0,0,,,text,SiliconFlow
12748,-51,117,0,0,0,,,text,SiliconFlow
12749,-51,119,0,0,0,,,text,SiliconFlow
12750,-51,121,0,0,0,,,text,SiliconFlow
12751,-51,123,0,0,0,,,text,SiliconFlow
12752,-51,125,0,0,0,,,text,SiliconFlow
12753,-51,127,0,0,0,,,text,SiliconFlow
12754,-51,129,0,0,0,,,text,SiliconFlow
12755,-51,131,0,0,0,,,text,SiliconFlow
12756,-51,133,0,0,0,,,text,SiliconFlow
12757,-51,135,0,0,0,,,text,SiliconFlow
12758,-51,137,0,0,0,,,text,SiliconFlow
12759,-51,139,0,0,0,,,text,SiliconFlow
12760,-51,141,0,0,0,,,text,SiliconFlow
12761,-51,143,0,0,0,,,text,SiliconFlow
12762,-51,145,0,0,0,,,text,SiliconFlow
12763,-51,147,0,0,0,,,text,SiliconFlow
12764,-51,149,0,0,0,,,text,SiliconFlow
12765,-51,151,0,0,0,,,text,SiliconFlow
12766,-51,153,0,0,0,,,text,SiliconFlow
12767,-51,155,0,0,0,,,text,SiliconFlow
12768,-51,157,0,0,0,,,text,SiliconFlow
12769,-51,159,0,0,0,,,text,SiliconFlow
12770,-51,161,0,0,0,,,text,SiliconFlow
12771,-51,163,0,0,0,,,text,SiliconFlow
12772,-51,165,0,0,0,,,text,SiliconFlow
12773,-51,167,0,0,0,,,text,SiliconFlow
12774,-51,169,0,0,0,,,text,SiliconFlow
12775,-51,171,0,0,0,,,text,SiliconFlow
12776,-51,173,0,0,0,,,text,SiliconFlow
12777,-51,175,0,0,0,,,text,SiliconFlow
12778,-51,177,0,0,0,,,text,SiliconFlow
12779,-51,179,0,0,0,,,text,SiliconFlow
12780,-53,-179,0,0,0,,,text,SiliconFlow
12781,-53,-177,0,0,0,,,text,SiliconFlow
12782,-53,-175,0,0,0,,,text,SiliconFlow
12783,-53,-173,0,0,0,,,text,SiliconFlow
12784,-53,-171,0,0,0,,,text,SiliconFlow
12785,-53,-169,0,0,0,,,text,SiliconFlow
12786,-53,-167,0,0,0,,,text,SiliconFlow
12787,-53,-165,0,0,0,,,text,SiliconFlow
12788,-53,-163,0,0,0,,,text,SiliconFlow
12789,-53,-161,0,0,0,,,text,SiliconFlow
12790,-53,-159,0,0,0,,,text,SiliconFlow
12791,-53,-157,0,0,0,,,text,SiliconFlow
12792,-53,-155,0,0,0,,,text,SiliconFlow
12793,-53,-153,0,0,0,,,text,SiliconFlow
12794,-53,-151,0,0,0,,,text,SiliconFlow
12795,-53,-149,0,0,0,,,text,SiliconFlow
12796,-53,-147,0,0,0,,,text,SiliconFlow
12797,-53,-145,0,0,0,,,text,SiliconFlow
12798,-53,-143,0,0,0,,,text,SiliconFlow
12799,-53,-141,0,0,0,,,text,SiliconFlow
12800,-53,-139,0,0,0,,,text,SiliconFlow
12801,-53,-137,0,0,0,,,text,SiliconFlow
12802,-53,-135,0,0,0,,,text,SiliconFlow
12803,-53,-133,0,0,0,,,text,SiliconFlow
12804,-53,-131,0,0,0,,,text,SiliconFlow
12805,-53,-129,0,0,0,,,text,SiliconFlow
12806,-53,-127,0,0,0,,,text,SiliconFlow
12807,-53,-125,0,0,0,,,text,SiliconFlow
12808,-53,-123,0,0,0,,,text,SiliconFlow
12809,-53,-121,0,0,0,,,text,SiliconFlow
12810,-53,-119,0,0,0,,,text,SiliconFlow
12811,-53,-117,0,0,0,,,text,SiliconFlow
12812,-53,-115,0,0,0,,,text,SiliconFlow
12813,-53,-113,0,0,0,,,text,SiliconFlow
12814,-53,-111,0,0,0,,,text,SiliconFlow
12815,-53,-109,0,0,0,,,text,SiliconFlow
12816,-53,-107,0,0,0,,,text,SiliconFlow
12817,-53,-105,0,0,0,,,text,SiliconFlow
12818,-53,-103,0,0,0,,,text,SiliconFlow
12819,-53,-101,0,0,0,,,text,SiliconFlow
12820,-53,-99,0,0,0,,,text,SiliconFlow
12821,-53,-97,0,0,0,,,text,SiliconFlow
12822,-53,-95,0,0,0,,,text,SiliconFlow
12823,-53,-93,0,0,0,,,text,SiliconFlow
12824,-53,-91,0,0,0,,,text,SiliconFlow
12825,-53,-89,0,0,0,,,text,SiliconFlow
12826,-53,-87,0,0,0,,,text,SiliconFlow
12827,-53,-85,0,0,0,,,text,SiliconFlow
12828,-53,-83,0,0,0,,,text,SiliconFlow
12829,-53,-81,0,0,0,,,text,SiliconFlow
12830,-53,-79,0,0,0,,,text,SiliconFlow
12831,-53,-77,0,0,0,,,text,SiliconFlow
12832,-53,-75,0,0,0,,,text,SiliconFlow
12833,-53,-73,1,1,0,,,text,SiliconFlow
12834,-53,-71,1,1,0,,,text,SiliconFlow
12835,-53,-69,1,1,0,,,text,SiliconFlow
12836,-53,-67,0,0,0,,,text,SiliconFlow
12837,-53,-65,0,0,0,,,text,SiliconFlow
12838,-53,-63,0,0,0,,,text,SiliconFlow
12839,-53,-61,0,0,0,,,text,SiliconFlow
12840,-53,-59,0,0,0,,,text,SiliconFlow
12841,-53,-57,0,0,0,,,text,SiliconFlow
12842,-53,-55,0,0,0,,,text,SiliconFlow
12843,-53,-53,0,0,0,,,text,SiliconFlow
12844,-53,-51,0,0,0,,,text,SiliconFlow
12845,-53,-49,0,0,0,,,text,SiliconFlow
12846,-53,-47,0,0,0,,,text,SiliconFlow
12847,-53,-45,0,0,0,,,text,SiliconFlow
12848,-53,-43,0,0,0,,,text,SiliconFlow
12849,-53,-41,0,0,0,,,text,SiliconFlow
12850,-53,-39,0,0,0,,,text,SiliconFlow
12851,-53,-37,0,0,0,,,text,SiliconFlow
12852,-53,-35,0,0,0,,,text,SiliconFlow
12853,-53,-33,0,0,0,,,text,SiliconFlow
12854,-53,-31,0,0,0,,,text,SiliconFlow
12855,-53,-29,0,0,0,,,text,SiliconFlow
12856,-53,-27,0,0,0,,,text,SiliconFlow
12857,-53,-25,0,0,0,,,text,SiliconFlow
12858,-53,-23,0,0,0,,,text,SiliconFlow
12859,-53,-21,0,0,0,,,text,SiliconFlow
12860,-53,-19,0,0,0,,,text,SiliconFlow
12861,-53,-17,0,0,0,,,text,SiliconFlow
12862,-53,-15,0,0,0,,,text,SiliconFlow
12863,-53,-13,0,0,0,,,text,SiliconFlow
12864,-53,-11,0,0,0,,,text,SiliconFlow
12865,-53,-9,0,0,0,,,text,SiliconFlow
12866,-53,-7,0,0,0,,,text,SiliconFlow
12867,-53,-5,0,0,0,,,text,SiliconFlow
12868,-53,-3,0,0,0,,,text,SiliconFlow
12869,-53,-1,0,0,0,,,text,SiliconFlow
12870,-53,1,0,0,0,,,text,SiliconFlow
12871,-53,3,0,0,0,,,text,SiliconFlow
12872,-53,5,0,0,0,,,text,SiliconFlow
12873,-53,7,0,0,0,,,text,SiliconFlow
12874,-53,9,0,0,0,,,text,SiliconFlow
12875,-53,11,0,0,0,,,text,SiliconFlow
12876,-53,13,0,0,0,,,text,SiliconFlow
12877,-53,15,0,0,0,,,text,SiliconFlow
12878,-53,17,0,0,0,,,text,SiliconFlow
12879,-53,19,0,0,0,,,text,SiliconFlow
12880,-53,21,0,0,0,,,text,SiliconFlow
12881,-53,23,0,0,0,,,text,SiliconFlow
12882,-53,25,0,0,0,,,text,SiliconFlow
12883,-53,27,0,0,0,,,text,SiliconFlow
12884,-53,29,0,0,0,,,text,SiliconFlow
12885,-53,31,0,0,0,,,text,SiliconFlow
12886,-53,33,0,0,0,,,text,SiliconFlow
12887,-53,35,0,0,0,,,text,SiliconFlow
12888,-53,37,0,0,0,,,text,SiliconFlow
12889,-53,39,0,0,0,,,text,SiliconFlow
12890,-53,41,0,0,0,,,text,SiliconFlow
12891,-53,43,0,0,0,,,text,SiliconFlow
12892,-53,45,0,0,0,,,text,SiliconFlow
12893,-53,47,0,0,0,,,text,SiliconFlow
12894,-53,49,0,0,0,,,text,SiliconFlow
12895,-53,51,0,0,0,,,text,SiliconFlow
12896,-53,53,0,0,0,,,text,SiliconFlow
12897,-53,55,0,0,0,,,text,SiliconFlow
12898,-53,57,0,0,0,,,text,SiliconFlow
12899,-53,59,0,0,0,,,text,SiliconFlow
12900,-53,61,0,0,0,,,text,SiliconFlow
12901,-53,63,0,0,0,,,text,SiliconFlow
12902,-53,65,0,0,0,,,text,SiliconFlow
12903,-53,67,0,0,0,,,text,SiliconFlow
12904,-53,69,0,0,0,,,text,SiliconFlow
12905,-53,71,0,0,0,,,text,SiliconFlow
12906,-53,73,0,0,0,,,text,SiliconFlow
12907,-53,75,0,0,0,,,text,SiliconFlow
12908,-53,77,0,0,0,,,text,SiliconFlow
12909,-53,79,0,0,0,,,text,SiliconFlow
12910,-53,81,0,0,0,,,text,SiliconFlow
12911,-53,83,0,0,0,,,text,SiliconFlow
12912,-53,85,0,0,0,,,text,SiliconFlow
12913,-53,87,0,0,0,,,text,SiliconFlow
12914,-53,89,0,0,0,,,text,SiliconFlow
12915,-53,91,0,0,0,,,text,SiliconFlow
12916,-53,93,0,0,0,,,text,SiliconFlow
12917,-53,95,0,0,0,,,text,SiliconFlow
12918,-53,97,0,0,0,,,text,SiliconFlow
12919,-53,99,0,0,0,,,text,SiliconFlow
12920,-53,101,0,0,0,,,text,SiliconFlow
12921,-53,103,0,0,0,,,text,SiliconFlow
12922,-53,105,0,0,0,,,text,SiliconFlow
12923,-53,107,0,0,0,,,text,SiliconFlow
12924,-53,109,0,0,0,,,text,SiliconFlow
12925,-53,111,0,0,0,,,text,SiliconFlow
12926,-53,113,0,0,0,,,text,SiliconFlow
12927,-53,115,0,0,0,,,text,SiliconFlow
12928,-53,117,0,0,0,,,text,SiliconFlow
12929,-53,119,0,0,0,,,text,SiliconFlow
12930,-53,121,0,0,0,,,text,SiliconFlow
12931,-53,123,0,0,0,,,text,SiliconFlow
12932,-53,125,0,0,0,,,text,SiliconFlow
12933,-53,127,0,0,0,,,text,SiliconFlow
12934,-53,129,0,0,0,,,text,SiliconFlow
12935,-53,131,0,0,0,,,text,SiliconFlow
12936,-53,133,0,0,0,,,text,SiliconFlow
12937,-53,135,0,0,0,,,text,SiliconFlow
12938,-53,137,0,0,0,,,text,SiliconFlow
12939,-53,139,0,0,0,,,text,SiliconFlow
12940,-53,141,0,0,0,,,text,SiliconFlow
12941,-53,143,0,0,0,,,text,SiliconFlow
12942,-53,145,0,0,0,,,text,SiliconFlow
12943,-53,147,0,0,0,,,text,SiliconFlow
12944,-53,149,0,0,0,,,text,SiliconFlow
12945,-53,151,0,0,0,,,text,SiliconFlow
12946,-53,153,0,0,0,,,text,SiliconFlow
12947,-53,155,0,0,0,,,text,SiliconFlow
12948,-53,157,0,0,0,,,text,SiliconFlow
12949,-53,159,0,0,0,,,text,SiliconFlow
12950,-53,161,0,0,0,,,text,SiliconFlow
12951,-53,163,0,0,0,,,text,SiliconFlow
12952,-53,165,0,0,0,,,text,SiliconFlow
12953,-53,167,0,0,0,,,text,SiliconFlow
12954,-53,169,0,0,0,,,text,SiliconFlow
12955,-53,171,0,0,0,,,text,SiliconFlow
12956,-53,173,0,0,0,,,text,SiliconFlow
12957,-53,175,0,0,0,,,text,SiliconFlow
12958,-53,177,0,0,0,,,text,SiliconFlow
12959,-53,179,0,0,0,,,text,SiliconFlow
12960,-55,-179,0,0,0,,,text,SiliconFlow
12961,-55,-177,0,0,0,,,text,SiliconFlow
12962,-55,-175,0,0,0,,,text,SiliconFlow
12963,-55,-173,0,0,0,,,text,SiliconFlow
12964,-55,-171,0,0,0,,,text,SiliconFlow
12965,-55,-169,0,0,0,,,text,SiliconFlow
12966,-55,-167,0,0,0,,,text,SiliconFlow
12967,-55,-165,0,0,0,,,text,SiliconFlow
12968,-55,-163,0,0,0,,,text,SiliconFlow
12969,-55,-161,0,0,0,,,text,SiliconFlow
12970,-55,-159,0,0,0,,,text,SiliconFlow
12971,-55,-157,0,0,0,,,text,SiliconFlow
12972,-55,-155,0,0,0,,,text,SiliconFlow
12973,-55,-153,0,0,0,,,text,SiliconFlow
12974,-55,-151,0,0,0,,,text,SiliconFlow
12975,-55,-149,0,0,0,,,text,SiliconFlow
12976,-55,-147,0,0,0,,,text,SiliconFlow
12977,-55,-145,0,0,0,,,text,SiliconFlow
12978,-55,-143,0,0,0,,,text,SiliconFlow
12979,-55,-141,0,0,0,,,text,SiliconFlow
12980,-55,-139,0,0,0,,,text,SiliconFlow
12981,-55,-137,0,0,0,,,text,SiliconFlow
12982,-55,-135,0,0,0,,,text,SiliconFlow
12983,-55,-133,0,0,0,,,text,SiliconFlow
12984,-55,-131,0,0,0,,,text,SiliconFlow
12985,-55,-129,0,0,0,,,text,SiliconFlow
12986,-55,-127,0,0,0,,,text,SiliconFlow
12987,-55,-125,0,0,0,,,text,SiliconFlow
12988,-55,-123,0,0,0,,,text,SiliconFlow
12989,-55,-121,0,0,0,,,text,SiliconFlow
12990,-55,-119,0,0,0,,,text,SiliconFlow
12991,-55,-117,0,0,0,,,text,SiliconFlow
12992,-55,-115,0,0,0,,,text,SiliconFlow
12993,-55,-113,0,0,0,,,text,SiliconFlow
12994,-55,-111,0,0,0,,,text,SiliconFlow
12995,-55,-109,0,0,0,,,text,SiliconFlow
12996,-55,-107,0,0,0,,,text,SiliconFlow
12997,-55,-105,0,0,0,,,text,SiliconFlow
12998,-55,-103,0,0,0,,,text,SiliconFlow
12999,-55,-101,0,0,0,,,text,SiliconFlow
13000,-55,-99,0,0,0,,,text,SiliconFlow
13001,-55,-97,0,0,0,,,text,SiliconFlow
13002,-55,-95,0,0,0,,,text,SiliconFlow
13003,-55,-93,0,0,0,,,text,SiliconFlow
13004,-55,-91,0,0,0,,,text,SiliconFlow
13005,-55,-89,0,0,0,,,text,SiliconFlow
13006,-55,-87,0,0,0,,,text,SiliconFlow
13007,-55,-85,0,0,0,,,text,SiliconFlow
13008,-55,-83,0,0,0,,,text,SiliconFlow
13009,-55,-81,0,0,0,,,text,SiliconFlow
13010,-55,-79,0,0,0,,,text,SiliconFlow
13011,-55,-77,0,0,0,,,text,SiliconFlow
13012,-55,-75,0,0,0,,,text,SiliconFlow
13013,-55,-73,0,0,0,,,text,SiliconFlow
13014,-55,-71,0,0,0,,,text,SiliconFlow
13015,-55,-69,1,1,0,,,text,SiliconFlow
13016,-55,-67,0,0,0,,,text,SiliconFlow
13017,-55,-65,0,0,0,,,text,SiliconFlow
13018,-55,-63,0,0,0,,,text,SiliconFlow
13019,-55,-61,0,0,0,,,text,SiliconFlow
13020,-55,-59,0,0,0,,,text,SiliconFlow
13021,-55,-57,0,0,0,,,text,SiliconFlow
13022,-55,-55,0,0,0,,,text,SiliconFlow
13023,-55,-53,0,0,0,,,text,SiliconFlow
13024,-55,-51,0,0,0,,,text,SiliconFlow
13025,-55,-49,0,0,0,,,text,SiliconFlow
13026,-55,-47,0,0,0,,,text,SiliconFlow
13027,-55,-45,0,0,0,,,text,SiliconFlow
13028,-55,-43,0,0,0,,,text,SiliconFlow
13029,-55,-41,0,0,0,,,text,SiliconFlow
13030,-55,-39,0,0,0,,,text,SiliconFlow
13031,-55,-37,0,0,0,,,text,SiliconFlow
13032,-55,-35,0,0,0,,,text,SiliconFlow
13033,-55,-33,0,0,0,,,text,SiliconFlow
13034,-55,-31,0,0,0,,,text,SiliconFlow
13035,-55,-29,0,0,0,,,text,SiliconFlow
13036,-55,-27,0,0,0,,,text,SiliconFlow
13037,-55,-25,0,0,0,,,text,SiliconFlow
13038,-55,-23,0,0,0,,,text,SiliconFlow
13039,-55,-21,0,0,0,,,text,SiliconFlow
13040,-55,-19,0,0,0,,,text,SiliconFlow
13041,-55,-17,0,0,0,,,text,SiliconFlow
13042,-55,-15,0,0,0,,,text,SiliconFlow
13043,-55,-13,0,0,0,,,text,SiliconFlow
13044,-55,-11,0,0,0,,,text,SiliconFlow
13045,-55,-9,0,0,0,,,text,SiliconFlow
13046,-55,-7,0,0,0,,,text,SiliconFlow
13047,-55,-5,0,0,0,,,text,SiliconFlow
13048,-55,-3,0,0,0,,,text,SiliconFlow
13049,-55,-1,0,0,0,,,text,SiliconFlow
13050,-55,1,0,0,0,,,text,SiliconFlow
13051,-55,3,0,0,0,,,text,SiliconFlow
13052,-55,5,0,0,0,,,text,SiliconFlow
13053,-55,7,0,0,0,,,text,SiliconFlow
13054,-55,9,0,0,0,,,text,SiliconFlow
13055,-55,11,0,0,0,,,text,SiliconFlow
13056,-55,13,0,0,0,,,text,SiliconFlow
13057,-55,15,0,0,0,,,text,SiliconFlow
13058,-55,17,0,0,0,,,text,SiliconFlow
13059,-55,19,0,0,0,,,text,SiliconFlow
13060,-55,21,0,0,0,,,text,SiliconFlow
13061,-55,23,0,0,0,,,text,SiliconFlow
13062,-55,25,0,0,0,,,text,SiliconFlow
13063,-55,27,0,0,0,,,text,SiliconFlow
13064,-55,29,0,0,0,,,text,SiliconFlow
13065,-55,31,0,0,0,,,text,SiliconFlow
13066,-55,33,0,0,0,,,text,SiliconFlow
13067,-55,35,0,0,0,,,text,SiliconFlow
13068,-55,37,0,0,0,,,text,SiliconFlow
13069,-55,39,0,0,0,,,text,SiliconFlow
13070,-55,41,0,0,0,,,text,SiliconFlow
13071,-55,43,0,0,0,,,text,SiliconFlow
13072,-55,45,0,0,0,,,text,SiliconFlow
13073,-55,47,0,0,0,,,text,SiliconFlow
13074,-55,49,0,0,0,,,text,SiliconFlow
13075,-55,51,0,0,0,,,text,SiliconFlow
13076,-55,53,0,0,0,,,text,SiliconFlow
13077,-55,55,0,0,0,,,text,SiliconFlow
13078,-55,57,0,0,0,,,text,SiliconFlow
13079,-55,59,0,0,0,,,text,SiliconFlow
13080,-55,61,0,0,0,,,text,SiliconFlow
13081,-55,63,0,0,0,,,text,SiliconFlow
13082,-55,65,0,0,0,,,text,SiliconFlow
13083,-55,67,0,0,0,,,text,SiliconFlow
13084,-55,69,0,0,0,,,text,SiliconFlow
13085,-55,71,0,0,0,,,text,SiliconFlow
13086,-55,73,0,0,0,,,text,SiliconFlow
13087,-55,75,0,0,0,,,text,SiliconFlow
13088,-55,77,0,0,0,,,text,SiliconFlow
13089,-55,79,0,0,0,,,text,SiliconFlow
13090,-55,81,0,0,0,,,text,SiliconFlow
13091,-55,83,0,0,0,,,text,SiliconFlow
13092,-55,85,0,0,0,,,text,SiliconFlow
13093,-55,87,0,0,0,,,text,SiliconFlow
13094,-55,89,0,0,0,,,text,SiliconFlow
13095,-55,91,0,0,0,,,text,SiliconFlow
13096,-55,93,0,0,0,,,text,SiliconFlow
13097,-55,95,0,0,0,,,text,SiliconFlow
13098,-55,97,0,0,0,,,text,SiliconFlow
13099,-55,99,0,0,0,,,text,SiliconFlow
13100,-55,101,0,0,0,,,text,SiliconFlow
13101,-55,103,0,0,0,,,text,SiliconFlow
13102,-55,105,0,0,0,,,text,SiliconFlow
13103,-55,107,0,0,0,,,text,SiliconFlow
13104,-55,109,0,0,0,,,text,SiliconFlow
13105,-55,111,0,0,0,,,text,SiliconFlow
13106,-55,113,0,0,0,,,text,SiliconFlow
13107,-55,115,0,0,0,,,text,SiliconFlow
13108,-55,117,0,0,0,,,text,SiliconFlow
13109,-55,119,0,0,0,,,text,SiliconFlow
13110,-55,121,0,0,0,,,text,SiliconFlow
13111,-55,123,0,0,0,,,text,SiliconFlow
13112,-55,125,0,0,0,,,text,SiliconFlow
13113,-55,127,0,0,0,,,text,SiliconFlow
13114,-55,129,0,0,0,,,text,SiliconFlow
13115,-55,131,0,0,0,,,text,SiliconFlow
13116,-55,133,0,0,0,,,text,SiliconFlow
13117,-55,135,0,0,0,,,text,SiliconFlow
13118,-55,137,0,0,0,,,text,SiliconFlow
13119,-55,139,0,0,0,,,text,SiliconFlow
13120,-55,141,0,0,0,,,text,SiliconFlow
13121,-55,143,0,0,0,,,text,SiliconFlow
13122,-55,145,0,0,0,,,text,SiliconFlow
13123,-55,147,0,0,0,,,text,SiliconFlow
13124,-55,149,0,0,0,,,text,SiliconFlow
13125,-55,151,0,0,0,,,text,SiliconFlow
13126,-55,153,0,0,0,,,text,SiliconFlow
13127,-55,155,0,0,0,,,text,SiliconFlow
13128,-55,157,0,0,0,,,text,SiliconFlow
13129,-55,159,0,0,0,,,text,SiliconFlow
13130,-55,161,0,0,0,,,text,SiliconFlow
13131,-55,163,0,0,0,,,text,SiliconFlow
13132,-55,165,0,0,0,,,text,SiliconFlow
13133,-55,167,0,0,0,,,text,SiliconFlow
13134,-55,169,0,0,0,,,text,SiliconFlow
13135,-55,171,0,0,0,,,text,SiliconFlow
13136,-55,173,0,0,0,,,text,SiliconFlow
13137,-55,175,0,0,0,,,text,SiliconFlow
13138,-55,177,0,0,0,,,text,SiliconFlow
13139,-55,179,0,0,0,,,text,SiliconFlow
13140,-57,-179,0,0,0,,,text,SiliconFlow
13141,-57,-177,0,0,0,,,text,SiliconFlow
13142,-57,-175,0,0,0,,,text,SiliconFlow
13143,-57,-173,0,0,0,,,text,SiliconFlow
13144,-57,-171,0,0,0,,,text,SiliconFlow
13145,-57,-169,0,0,0,,,text,SiliconFlow
13146,-57,-167,0,0,0,,,text,SiliconFlow
13147,-57,-165,0,0,0,,,text,SiliconFlow
13148,-57,-163,0,0,0,,,text,SiliconFlow
13149,-57,-161,0,0,0,,,text,SiliconFlow
13150,-57,-159,0,0,0,,,text,SiliconFlow
13151,-57,-157,0,0,0,,,text,SiliconFlow
13152,-57,-155,0,0,0,,,text,SiliconFlow
13153,-57,-153,0,0,0,,,text,SiliconFlow
13154,-57,-151,0,0,0,,,text,SiliconFlow
13155,-57,-149,0,0,0,,,text,SiliconFlow
13156,-57,-147,0,0,0,,,text,SiliconFlow
13157,-57,-145,0,0,0,,,text,SiliconFlow
13158,-57,-143,0,0,0,,,text,SiliconFlow
13159,-57,-141,0,0,0,,,text,SiliconFlow
13160,-57,-139,0,0,0,,,text,SiliconFlow
13161,-57,-137,0,0,0,,,text,SiliconFlow
13162,-57,-135,0,0,0,,,text,SiliconFlow
13163,-57,-133,0,0,0,,,text,SiliconFlow
13164,-57,-131,0,0,0,,,text,SiliconFlow
13165,-57,-129,0,0,0,,,text,SiliconFlow
13166,-57,-127,0,0,0,,,text,SiliconFlow
13167,-57,-125,0,0,0,,,text,SiliconFlow
13168,-57,-123,0,0,0,,,text,SiliconFlow
13169,-57,-121,0,0,0,,,text,SiliconFlow
13170,-57,-119,0,0,0,,,text,SiliconFlow
13171,-57,-117,0,0,0,,,text,SiliconFlow
13172,-57,-115,0,0,0,,,text,SiliconFlow
13173,-57,-113,0,0,0,,,text,SiliconFlow
13174,-57,-111,0,0,0,,,text,SiliconFlow
13175,-57,-109,0,0,0,,,text,SiliconFlow
13176,-57,-107,0,0,0,,,text,SiliconFlow
13177,-57,-105,0,0,0,,,text,SiliconFlow
13178,-57,-103,0,0,0,,,text,SiliconFlow
13179,-57,-101,0,0,0,,,text,SiliconFlow
13180,-57,-99,0,0,0,,,text,SiliconFlow
13181,-57,-97,0,0,0,,,text,SiliconFlow
13182,-57,-95,0,0,0,,,text,SiliconFlow
13183,-57,-93,0,0,0,,,text,SiliconFlow
13184,-57,-91,0,0,0,,,text,SiliconFlow
13185,-57,-89,0,0,0,,,text,SiliconFlow
13186,-57,-87,0,0,0,,,text,SiliconFlow
13187,-57,-85,0,0,0,,,text,SiliconFlow
13188,-57,-83,0,0,0,,,text,SiliconFlow
13189,-57,-81,0,0,0,,,text,SiliconFlow
13190,-57,-79,0,0,0,,,text,SiliconFlow
13191,-57,-77,0,0,0,,,text,SiliconFlow
13192,-57,-75,0,0,0,,,text,SiliconFlow
13193,-57,-73,0,0,0,,,text,SiliconFlow
13194,-57,-71,0,0,0,,,text,SiliconFlow
13195,-57,-69,0,0,0,,,text,SiliconFlow
13196,-57,-67,0,0,0,,,text,SiliconFlow
13197,-57,-65,0,0,0,,,text,SiliconFlow
13198,-57,-63,0,0,0,,,text,SiliconFlow
13199,-57,-61,0,0,0,,,text,SiliconFlow
13200,-57,-59,0,0,0,,,text,SiliconFlow
13201,-57,-57,0,0,0,,,text,SiliconFlow
13202,-57,-55,0,0,0,,,text,SiliconFlow
13203,-57,-53,0,0,0,,,text,SiliconFlow
13204,-57,-51,0,0,0,,,text,SiliconFlow
13205,-57,-49,0,0,0,,,text,SiliconFlow
13206,-57,-47,0,0,0,,,text,SiliconFlow
13207,-57,-45,0,0,0,,,text,SiliconFlow
13208,-57,-43,0,0,0,,,text,SiliconFlow
13209,-57,-41,0,0,0,,,text,SiliconFlow
13210,-57,-39,0,0,0,,,text,SiliconFlow
13211,-57,-37,0,0,0,,,text,SiliconFlow
13212,-57,-35,0,0,0,,,text,SiliconFlow
13213,-57,-33,0,0,0,,,text,SiliconFlow
13214,-57,-31,0,0,0,,,text,SiliconFlow
13215,-57,-29,0,0,0,,,text,SiliconFlow
13216,-57,-27,0,0,0,,,text,SiliconFlow
13217,-57,-25,0,0,0,,,text,SiliconFlow
13218,-57,-23,0,0,0,,,text,SiliconFlow
13219,-57,-21,0,0,0,,,text,SiliconFlow
13220,-57,-19,0,0,0,,,text,SiliconFlow
13221,-57,-17,0,0,0,,,text,SiliconFlow
13222,-57,-15,0,0,0,,,text,SiliconFlow
13223,-57,-13,0,0,0,,,text,SiliconFlow
13224,-57,-11,0,0,0,,,text,SiliconFlow
13225,-57,-9,0,0,0,,,text,SiliconFlow
13226,-57,-7,0,0,0,,,text,SiliconFlow
13227,-57,-5,0,0,0,,,text,SiliconFlow
13228,-57,-3,0,0,0,,,text,SiliconFlow
13229,-57,-1,0,0,0,,,text,SiliconFlow
13230,-57,1,0,0,0,,,text,SiliconFlow
13231,-57,3,0,0,0,,,text,SiliconFlow
13232,-57,5,0,0,0,,,text,SiliconFlow
13233,-57,7,0,0,0,,,text,SiliconFlow
13234,-57,9,0,0,0,,,text,SiliconFlow
13235,-57,11,0,0,0,,,text,SiliconFlow
13236,-57,13,0,0,0,,,text,SiliconFlow
13237,-57,15,0,0,0,,,text,SiliconFlow
13238,-57,17,0,0,0,,,text,SiliconFlow
13239,-57,19,0,0,0,,,text,SiliconFlow
13240,-57,21,0,0,0,,,text,SiliconFlow
13241,-57,23,0,0,0,,,text,SiliconFlow
13242,-57,25,0,0,0,,,text,SiliconFlow
13243,-57,27,0,0,0,,,text,SiliconFlow
13244,-57,29,0,0,0,,,text,SiliconFlow
13245,-57,31,0,0,0,,,text,SiliconFlow
13246,-57,33,0,0,0,,,text,SiliconFlow
13247,-57,35,0,0,0,,,text,SiliconFlow
13248,-57,37,0,0,0,,,text,SiliconFlow
13249,-57,39,0,0,0,,,text,SiliconFlow
13250,-57,41,0,0,0,,,text,SiliconFlow
13251,-57,43,0,0,0,,,text,SiliconFlow
13252,-57,45,0,0,0,,,text,SiliconFlow
13253,-57,47,0,0,0,,,text,SiliconFlow
13254,-57,49,0,0,0,,,text,SiliconFlow
13255,-57,51,0,0,0,,,text,SiliconFlow
13256,-57,53,0,0,0,,,text,SiliconFlow
13257,-57,55,0,0,0,,,text,SiliconFlow
13258,-57,57,0,0,0,,,text,SiliconFlow
13259,-57,59,0,0,0,,,text,SiliconFlow
13260,-57,61,0,0,0,,,text,SiliconFlow
13261,-57,63,0,0,0,,,text,SiliconFlow
13262,-57,65,0,0,0,,,text,SiliconFlow
13263,-57,67,0,0,0,,,text,SiliconFlow
13264,-57,69,0,0,0,,,text,SiliconFlow
13265,-57,71,0,0,0,,,text,SiliconFlow
13266,-57,73,0,0,0,,,text,SiliconFlow
13267,-57,75,0,0,0,,,text,SiliconFlow
13268,-57,77,0,0,0,,,text,SiliconFlow
13269,-57,79,0,0,0,,,text,SiliconFlow
13270,-57,81,0,0,0,,,text,SiliconFlow
13271,-57,83,0,0,0,,,text,SiliconFlow
13272,-57,85,0,0,0,,,text,SiliconFlow
13273,-57,87,0,0,0,,,text,SiliconFlow
13274,-57,89,0,0,0,,,text,SiliconFlow
13275,-57,91,0,0,0,,,text,SiliconFlow
13276,-57,93,0,0,0,,,text,SiliconFlow
13277,-57,95,0,0,0,,,text,SiliconFlow
13278,-57,97,0,0,0,,,text,SiliconFlow
13279,-57,99,0,0,0,,,text,SiliconFlow
13280,-57,101,0,0,0,,,text,SiliconFlow
13281,-57,103,0,0,0,,,text,SiliconFlow
13282,-57,105,0,0,0,,,text,SiliconFlow
13283,-57,107,0,0,0,,,text,SiliconFlow
13284,-57,109,0,0,0,,,text,SiliconFlow
13285,-57,111,0,0,0,,,text,SiliconFlow
13286,-57,113,0,0,0,,,text,SiliconFlow
13287,-57,115,0,0,0,,,text,SiliconFlow
13288,-57,117,0,0,0,,,text,SiliconFlow
13289,-57,119,0,0,0,,,text,SiliconFlow
13290,-57,121,0,0,0,,,text,SiliconFlow
13291,-57,123,0,0,0,,,text,SiliconFlow
13292,-57,125,0,0,0,,,text,SiliconFlow
13293,-57,127,0,0,0,,,text,SiliconFlow
13294,-57,129,0,0,0,,,text,SiliconFlow
13295,-57,131,0,0,0,,,text,SiliconFlow
13296,-57,133,0,0,0,,,text,SiliconFlow
13297,-57,135,0,0,0,,,text,SiliconFlow
13298,-57,137,0,0,0,,,text,SiliconFlow
13299,-57,139,0,0,0,,,text,SiliconFlow
13300,-57,141,0,0,0,,,text,SiliconFlow
13301,-57,143,0,0,0,,,text,SiliconFlow
13302,-57,145,0,0,0,,,text,SiliconFlow
13303,-57,147,0,0,0,,,text,SiliconFlow
13304,-57,149,0,0,0,,,text,SiliconFlow
13305,-57,151,0,0,0,,,text,SiliconFlow
13306,-57,153,0,0,0,,,text,SiliconFlow
13307,-57,155,0,0,0,,,text,SiliconFlow
13308,-57,157,0,0,0,,,text,SiliconFlow
13309,-57,159,0,0,0,,,text,SiliconFlow
13310,-57,161,0,0,0,,,text,SiliconFlow
13311,-57,163,0,0,0,,,text,SiliconFlow
13312,-57,165,0,0,0,,,text,SiliconFlow
13313,-57,167,0,0,0,,,text,SiliconFlow
13314,-57,169,0,0,0,,,text,SiliconFlow
13315,-57,171,0,0,0,,,text,SiliconFlow
13316,-57,173,0,0,0,,,text,SiliconFlow
13317,-57,175,0,0,0,,,text,SiliconFlow
13318,-57,177,0,0,0,,,text,SiliconFlow
13319,-57,179,0,0,0,,,text,SiliconFlow
13320,-59,-179,0,0,0,,,text,SiliconFlow
13321,-59,-177,0,0,0,,,text,SiliconFlow
13322,-59,-175,0,0,0,,,text,SiliconFlow
13323,-59,-173,0,0,0,,,text,SiliconFlow
13324,-59,-171,0,0,0,,,text,SiliconFlow
13325,-59,-169,0,0,0,,,text,SiliconFlow
13326,-59,-167,0,0,0,,,text,SiliconFlow
13327,-59,-165,0,0,0,,,text,SiliconFlow
13328,-59,-163,0,0,0,,,text,SiliconFlow
13329,-59,-161,0,0,0,,,text,SiliconFlow
13330,-59,-159,0,0,0,,,text,SiliconFlow
13331,-59,-157,0,0,0,,,text,SiliconFlow
13332,-59,-155,0,0,0,,,text,SiliconFlow
13333,-59,-153,0,0,0,,,text,SiliconFlow
13334,-59,-151,0,0,0,,,text,SiliconFlow
13335,-59,-149,0,0,0,,,text,SiliconFlow
13336,-59,-147,0,0,0,,,text,SiliconFlow
13337,-59,-145,0,0,0,,,text,SiliconFlow
13338,-59,-143,0,0,0,,,text,SiliconFlow
13339,-59,-141,0,0,0,,,text,SiliconFlow
13340,-59,-139,0,0,0,,,text,SiliconFlow
13341,-59,-137,0,0,0,,,text,SiliconFlow
13342,-59,-135,0,0,0,,,text,SiliconFlow
13343,-59,-133,0,0,0,,,text,SiliconFlow
13344,-59,-131,0,0,0,,,text,SiliconFlow
13345,-59,-129,0,0,0,,,text,SiliconFlow
13346,-59,-127,0,0,0,,,text,SiliconFlow
13347,-59,-125,0,0,0,,,text,SiliconFlow
13348,-59,-123,0,0,0,,,text,SiliconFlow
13349,-59,-121,0,0,0,,,text,SiliconFlow
13350,-59,-119,0,0,0,,,text,SiliconFlow
13351,-59,-117,0,0,0,,,text,SiliconFlow
13352,-59,-115,0,0,0,,,text,SiliconFlow
13353,-59,-113,0,0,0,,,text,SiliconFlow
13354,-59,-111,0,0,0,,,text,SiliconFlow
13355,-59,-109,0,0,0,,,text,SiliconFlow
13356,-59,-107,0,0,0,,,text,SiliconFlow
13357,-59,-105,0,0,0,,,text,SiliconFlow
13358,-59,-103,0,0,0,,,text,SiliconFlow
13359,-59,-101,0,0,0,,,text,SiliconFlow
13360,-59,-99,0,0,0,,,text,SiliconFlow
13361,-59,-97,0,0,0,,,text,SiliconFlow
13362,-59,-95,0,0,0,,,text,SiliconFlow
13363,-59,-93,0,0,0,,,text,SiliconFlow
13364,-59,-91,0,0,0,,,text,SiliconFlow
13365,-59,-89,0,0,0,,,text,SiliconFlow
13366,-59,-87,0,0,0,,,text,SiliconFlow
13367,-59,-85,0,0,0,,,text,SiliconFlow
13368,-59,-83,0,0,0,,,text,SiliconFlow
13369,-59,-81,0,0,0,,,text,SiliconFlow
13370,-59,-79,0,0,0,,,text,SiliconFlow
13371,-59,-77,0,0,0,,,text,SiliconFlow
13372,-59,-75,0,0,0,,,text,SiliconFlow
13373,-59,-73,0,0,0,,,text,SiliconFlow
13374,-59,-71,0,0,0,,,text,SiliconFlow
13375,-59,-69,0,0,0,,,text,SiliconFlow
13376,-59,-67,0,0,0,,,text,SiliconFlow
13377,-59,-65,0,0,0,,,text,SiliconFlow
13378,-59,-63,0,0,0,,,text,SiliconFlow
13379,-59,-61,0,0,0,,,text,SiliconFlow
13380,-59,-59,0,0,0,,,text,SiliconFlow
13381,-59,-57,0,0,0,,,text,SiliconFlow
13382,-59,-55,0,0,0,,,text,SiliconFlow
13383,-59,-53,0,0,0,,,text,SiliconFlow
13384,-59,-51,0,0,0,,,text,SiliconFlow
13385,-59,-49,0,0,0,,,text,SiliconFlow
13386,-59,-47,0,0,0,,,text,SiliconFlow
13387,-59,-45,0,0,0,,,text,SiliconFlow
13388,-59,-43,0,0,0,,,text,SiliconFlow
13389,-59,-41,0,0,0,,,text,SiliconFlow
13390,-59,-39,0,0,0,,,text,SiliconFlow
13391,-59,-37,0,0,0,,,text,SiliconFlow
13392,-59,-35,0,0,0,,,text,SiliconFlow
13393,-59,-33,0,0,0,,,text,SiliconFlow
13394,-59,-31,0,0,0,,,text,SiliconFlow
13395,-59,-29,0,0,0,,,text,SiliconFlow
13396,-59,-27,0,0,0,,,text,SiliconFlow
13397,-59,-25,0,0,0,,,text,SiliconFlow
13398,-59,-23,0,0,0,,,text,SiliconFlow
13399,-59,-21,0,0,0,,,text,SiliconFlow
13400,-59,-19,0,0,0,,,text,SiliconFlow
13401,-59,-17,0,0,0,,,text,SiliconFlow
13402,-59,-15,0,0,0,,,text,SiliconFlow
13403,-59,-13,0,0,0,,,text,SiliconFlow
13404,-59,-11,0,0,0,,,text,SiliconFlow
13405,-59,-9,0,0,0,,,text,SiliconFlow
13406,-59,-7,0,0,0,,,text,SiliconFlow
13407,-59,-5,0,0,0,,,text,SiliconFlow
13408,-59,-3,0,0,0,,,text,SiliconFlow
13409,-59,-1,0,0,0,,,text,SiliconFlow
13410,-59,1,0,0,0,,,text,SiliconFlow
13411,-59,3,0,0,0,,,text,SiliconFlow
13412,-59,5,0,0,0,,,text,SiliconFlow
13413,-59,7,0,0,0,,,text,SiliconFlow
13414,-59,9,0,0,0,,,text,SiliconFlow
13415,-59,11,0,0,0,,,text,SiliconFlow
13416,-59,13,0,0,0,,,text,SiliconFlow
13417,-59,15,0,0,0,,,text,SiliconFlow
13418,-59,17,0,0,0,,,text,SiliconFlow
13419,-59,19,0,0,0,,,text,SiliconFlow
13420,-59,21,0,0,0,,,text,SiliconFlow
13421,-59,23,0,0,0,,,text,SiliconFlow
13422,-59,25,0,0,0,,,text,SiliconFlow
13423,-59,27,0,0,0,,,text,SiliconFlow
13424,-59,29,0,0,0,,,text,SiliconFlow
13425,-59,31,0,0,0,,,text,SiliconFlow
13426,-59,33,0,0,0,,,text,SiliconFlow
13427,-59,35,0,0,0,,,text,SiliconFlow
13428,-59,37,0,0,0,,,text,SiliconFlow
13429,-59,39,0,0,0,,,text,SiliconFlow
13430,-59,41,0,0,0,,,text,SiliconFlow
13431,-59,43,0,0,0,,,text,SiliconFlow
13432,-59,45,0,0,0,,,text,SiliconFlow
13433,-59,47,0,0,0,,,text,SiliconFlow
13434,-59,49,0,0,0,,,text,SiliconFlow
13435,-59,51,0,0,0,,,text,SiliconFlow
13436,-59,53,0,0,0,,,text,SiliconFlow
13437,-59,55,0,0,0,,,text,SiliconFlow
13438,-59,57,0,0,0,,,text,SiliconFlow
13439,-59,59,0,0,0,,,text,SiliconFlow
13440,-59,61,0,0,0,,,text,SiliconFlow
13441,-59,63,0,0,0,,,text,SiliconFlow
13442,-59,65,0,0,0,,,text,SiliconFlow
13443,-59,67,0,0,0,,,text,SiliconFlow
13444,-59,69,0,0,0,,,text,SiliconFlow
13445,-59,71,0,0,0,,,text,SiliconFlow
13446,-59,73,0,0,0,,,text,SiliconFlow
13447,-59,75,0,0,0,,,text,SiliconFlow
13448,-59,77,0,0,0,,,text,SiliconFlow
13449,-59,79,0,0,0,,,text,SiliconFlow
13450,-59,81,0,0,0,,,text,SiliconFlow
13451,-59,83,0,0,0,,,text,SiliconFlow
13452,-59,85,0,0,0,,,text,SiliconFlow
13453,-59,87,0,0,0,,,text,SiliconFlow
13454,-59,89,0,0,0,,,text,SiliconFlow
13455,-59,91,0,0,0,,,text,SiliconFlow
13456,-59,93,0,0,0,,,text,SiliconFlow
13457,-59,95,0,0,0,,,text,SiliconFlow
13458,-59,97,0,0,0,,,text,SiliconFlow
13459,-59,99,0,0,0,,,text,SiliconFlow
13460,-59,101,0,0,0,,,text,SiliconFlow
13461,-59,103,0,0,0,,,text,SiliconFlow
13462,-59,105,0,0,0,,,text,SiliconFlow
13463,-59,107,0,0,0,,,text,SiliconFlow
13464,-59,109,0,0,0,,,text,SiliconFlow
13465,-59,111,0,0,0,,,text,SiliconFlow
13466,-59,113,0,0,0,,,text,SiliconFlow
13467,-59,115,0,0,0,,,text,SiliconFlow
13468,-59,117,0,0,0,,,text,SiliconFlow
13469,-59,119,0,0,0,,,text,SiliconFlow
13470,-59,121,0,0,0,,,text,SiliconFlow
13471,-59,123,0,0,0,,,text,SiliconFlow
13472,-59,125,0,0,0,,,text,SiliconFlow
13473,-59,127,0,0,0,,,text,SiliconFlow
13474,-59,129,0,0,0,,,text,SiliconFlow
13475,-59,131,0,0,0,,,text,SiliconFlow
13476,-59,133,0,0,0,,,text,SiliconFlow
13477,-59,135,0,0,0,,,text,SiliconFlow
13478,-59,137,0,0,0,,,text,SiliconFlow
13479,-59,139,0,0,0,,,text,SiliconFlow
13480,-59,141,0,0,0,,,text,SiliconFlow
13481,-59,143,0,0,0,,,text,SiliconFlow
13482,-59,145,0,0,0,,,text,SiliconFlow
13483,-59,147,0,0,0,,,text,SiliconFlow
13484,-59,149,0,0,0,,,text,SiliconFlow
13485,-59,151,0,0,0,,,text,SiliconFlow
13486,-59,153,0,0,0,,,text,SiliconFlow
13487,-59,155,0,0,0,,,text,SiliconFlow
13488,-59,157,0,0,0,,,text,SiliconFlow
13489,-59,159,0,0,0,,,text,SiliconFlow
13490,-59,161,0,0,0,,,text,SiliconFlow
13491,-59,163,0,0,0,,,text,SiliconFlow
13492,-59,165,0,0,0,,,text,SiliconFlow
13493,-59,167,0,0,0,,,text,SiliconFlow
13494,-59,169,0,0,0,,,text,SiliconFlow
13495,-59,171,0,0,0,,,text,SiliconFlow
13496,-59,173,0,0,0,,,text,SiliconFlow
13497,-59,175,0,0,0,,,text,SiliconFlow
13498,-59,177,0,0,0,,,text,SiliconFlow
13499,-59,179,0,0,0,,,text,SiliconFlow
13500,-61,-179,0,0,0,,,text,SiliconFlow
13501,-61,-177,0,0,0,,,text,SiliconFlow
13502,-61,-175,0,0,0,,,text,SiliconFlow
13503,-61,-173,0,0,0,,,text,SiliconFlow
13504,-61,-171,0,0,0,,,text,SiliconFlow
13505,-61,-169,0,0,0,,,text,SiliconFlow
13506,-61,-167,0,0,0,,,text,SiliconFlow
13507,-61,-165,0,0,0,,,text,SiliconFlow
13508,-61,-163,0,0,0,,,text,SiliconFlow
13509,-61,-161,0,0,0,,,text,SiliconFlow
13510,-61,-159,0,0,0,,,text,SiliconFlow
13511,-61,-157,0,0,0,,,text,SiliconFlow
13512,-61,-155,0,0,0,,,text,SiliconFlow
13513,-61,-153,0,0,0,,,text,SiliconFlow
13514,-61,-151,0,0,0,,,text,SiliconFlow
13515,-61,-149,0,0,0,,,text,SiliconFlow
13516,-61,-147,0,0,0,,,text,SiliconFlow
13517,-61,-145,0,0,0,,,text,SiliconFlow
13518,-61,-143,0,0,0,,,text,SiliconFlow
13519,-61,-141,0,0,0,,,text,SiliconFlow
13520,-61,-139,0,0,0,,,text,SiliconFlow
13521,-61,-137,0,0,0,,,text,SiliconFlow
13522,-61,-135,0,0,0,,,text,SiliconFlow
13523,-61,-133,0,0,0,,,text,SiliconFlow
13524,-61,-131,0,0,0,,,text,SiliconFlow
13525,-61,-129,0,0,0,,,text,SiliconFlow
13526,-61,-127,0,0,0,,,text,SiliconFlow
13527,-61,-125,0,0,0,,,text,SiliconFlow
13528,-61,-123,0,0,0,,,text,SiliconFlow
13529,-61,-121,0,0,0,,,text,SiliconFlow
13530,-61,-119,0,0,0,,,text,SiliconFlow
13531,-61,-117,0,0,0,,,text,SiliconFlow
13532,-61,-115,0,0,0,,,text,SiliconFlow
13533,-61,-113,0,0,0,,,text,SiliconFlow
13534,-61,-111,0,0,0,,,text,SiliconFlow
13535,-61,-109,0,0,0,,,text,SiliconFlow
13536,-61,-107,0,0,0,,,text,SiliconFlow
13537,-61,-105,0,0,0,,,text,SiliconFlow
13538,-61,-103,0,0,0,,,text,SiliconFlow
13539,-61,-101,0,0,0,,,text,SiliconFlow
13540,-61,-99,0,0,0,,,text,SiliconFlow
13541,-61,-97,0,0,0,,,text,SiliconFlow
13542,-61,-95,0,0,0,,,text,SiliconFlow
13543,-61,-93,0,0,0,,,text,SiliconFlow
13544,-61,-91,0,0,0,,,text,SiliconFlow
13545,-61,-89,0,0,0,,,text,SiliconFlow
13546,-61,-87,0,0,0,,,text,SiliconFlow
13547,-61,-85,0,0,0,,,text,SiliconFlow
13548,-61,-83,0,0,0,,,text,SiliconFlow
13549,-61,-81,0,0,0,,,text,SiliconFlow
13550,-61,-79,0,0,0,,,text,SiliconFlow
13551,-61,-77,0,0,0,,,text,SiliconFlow
13552,-61,-75,0,0,0,,,text,SiliconFlow
13553,-61,-73,0,0,0,,,text,SiliconFlow
13554,-61,-71,0,0,0,,,text,SiliconFlow
13555,-61,-69,0,0,0,,,text,SiliconFlow
13556,-61,-67,0,0,0,,,text,SiliconFlow
13557,-61,-65,0,0,0,,,text,SiliconFlow
13558,-61,-63,0,0,0,,,text,SiliconFlow
13559,-61,-61,0,0,0,,,text,SiliconFlow
13560,-61,-59,0,0,0,,,text,SiliconFlow
13561,-61,-57,0,0,0,,,text,SiliconFlow
13562,-61,-55,0,0,0,,,text,SiliconFlow
13563,-61,-53,0,0,0,,,text,SiliconFlow
13564,-61,-51,0,0,0,,,text,SiliconFlow
13565,-61,-49,0,0,0,,,text,SiliconFlow
13566,-61,-47,0,0,0,,,text,SiliconFlow
13567,-61,-45,0,0,0,,,text,SiliconFlow
13568,-61,-43,0,0,0,,,text,SiliconFlow
13569,-61,-41,0,0,0,,,text,SiliconFlow
13570,-61,-39,0,0,0,,,text,SiliconFlow
13571,-61,-37,0,0,0,,,text,SiliconFlow
13572,-61,-35,0,0,0,,,text,SiliconFlow
13573,-61,-33,0,0,0,,,text,SiliconFlow
13574,-61,-31,0,0,0,,,text,SiliconFlow
13575,-61,-29,0,0,0,,,text,SiliconFlow
13576,-61,-27,0,0,0,,,text,SiliconFlow
13577,-61,-25,0,0,0,,,text,SiliconFlow
13578,-61,-23,0,0,0,,,text,SiliconFlow
13579,-61,-21,0,0,0,,,text,SiliconFlow
13580,-61,-19,0,0,0,,,text,SiliconFlow
13581,-61,-17,0,0,0,,,text,SiliconFlow
13582,-61,-15,0,0,0,,,text,SiliconFlow
13583,-61,-13,0,0,0,,,text,SiliconFlow
13584,-61,-11,0,0,0,,,text,SiliconFlow
13585,-61,-9,0,0,0,,,text,SiliconFlow
13586,-61,-7,0,0,0,,,text,SiliconFlow
13587,-61,-5,0,0,0,,,text,SiliconFlow
13588,-61,-3,0,0,0,,,text,SiliconFlow
13589,-61,-1,0,0,0,,,text,SiliconFlow
13590,-61,1,0,0,0,,,text,SiliconFlow
13591,-61,3,0,0,0,,,text,SiliconFlow
13592,-61,5,0,0,0,,,text,SiliconFlow
13593,-61,7,0,0,0,,,text,SiliconFlow
13594,-61,9,0,0,0,,,text,SiliconFlow
13595,-61,11,0,0,0,,,text,SiliconFlow
13596,-61,13,0,0,0,,,text,SiliconFlow
13597,-61,15,0,0,0,,,text,SiliconFlow
13598,-61,17,0,0,0,,,text,SiliconFlow
13599,-61,19,0,0,0,,,text,SiliconFlow
13600,-61,21,0,0,0,,,text,SiliconFlow
13601,-61,23,0,0,0,,,text,SiliconFlow
13602,-61,25,0,0,0,,,text,SiliconFlow
13603,-61,27,0,0,0,,,text,SiliconFlow
13604,-61,29,0,0,0,,,text,SiliconFlow
13605,-61,31,0,0,0,,,text,SiliconFlow
13606,-61,33,0,0,0,,,text,SiliconFlow
13607,-61,35,0,0,0,,,text,SiliconFlow
13608,-61,37,0,0,0,,,text,SiliconFlow
13609,-61,39,0,0,0,,,text,SiliconFlow
13610,-61,41,0,0,0,,,text,SiliconFlow
13611,-61,43,0,0,0,,,text,SiliconFlow
13612,-61,45,0,0,0,,,text,SiliconFlow
13613,-61,47,0,0,0,,,text,SiliconFlow
13614,-61,49,0,0,0,,,text,SiliconFlow
13615,-61,51,0,0,0,,,text,SiliconFlow
13616,-61,53,0,0,0,,,text,SiliconFlow
13617,-61,55,0,0,0,,,text,SiliconFlow
13618,-61,57,0,0,0,,,text,SiliconFlow
13619,-61,59,0,0,0,,,text,SiliconFlow
13620,-61,61,0,0,0,,,text,SiliconFlow
13621,-61,63,0,0,0,,,text,SiliconFlow
13622,-61,65,0,0,0,,,text,SiliconFlow
13623,-61,67,0,0,0,,,text,SiliconFlow
13624,-61,69,0,0,0,,,text,SiliconFlow
13625,-61,71,0,0,0,,,text,SiliconFlow
13626,-61,73,0,0,0,,,text,SiliconFlow
13627,-61,75,0,0,0,,,text,SiliconFlow
13628,-61,77,0,0,0,,,text,SiliconFlow
13629,-61,79,0,0,0,,,text,SiliconFlow
13630,-61,81,0,0,0,,,text,SiliconFlow
13631,-61,83,0,0,0,,,text,SiliconFlow
13632,-61,85,0,0,0,,,text,SiliconFlow
13633,-61,87,0,0,0,,,text,SiliconFlow
13634,-61,89,0,0,0,,,text,SiliconFlow
13635,-61,91,0,0,0,,,text,SiliconFlow
13636,-61,93,0,0,0,,,text,SiliconFlow
13637,-61,95,0,0,0,,,text,SiliconFlow
13638,-61,97,0,0,0,,,text,SiliconFlow
13639,-61,99,0,0,0,,,text,SiliconFlow
13640,-61,101,0,0,0,,,text,SiliconFlow
13641,-61,103,0,0,0,,,text,SiliconFlow
13642,-61,105,0,0,0,,,text,SiliconFlow
13643,-61,107,0,0,0,,,text,SiliconFlow
13644,-61,109,0,0,0,,,text,SiliconFlow
13645,-61,111,0,0,0,,,text,SiliconFlow
13646,-61,113,0,0,0,,,text,SiliconFlow
13647,-61,115,0,0,0,,,text,SiliconFlow
13648,-61,117,0,0,0,,,text,SiliconFlow
13649,-61,119,0,0,0,,,text,SiliconFlow
13650,-61,121,0,0,0,,,text,SiliconFlow
13651,-61,123,0,0,0,,,text,SiliconFlow
13652,-61,125,0,0,0,,,text,SiliconFlow
13653,-61,127,0,0,0,,,text,SiliconFlow
13654,-61,129,0,0,0,,,text,SiliconFlow
13655,-61,131,0,0,0,,,text,SiliconFlow
13656,-61,133,0,0,0,,,text,SiliconFlow
13657,-61,135,0,0,0,,,text,SiliconFlow
13658,-61,137,0,0,0,,,text,SiliconFlow
13659,-61,139,0,0,0,,,text,SiliconFlow
13660,-61,141,0,0,0,,,text,SiliconFlow
13661,-61,143,0,0,0,,,text,SiliconFlow
13662,-61,145,0,0,0,,,text,SiliconFlow
13663,-61,147,0,0,0,,,text,SiliconFlow
13664,-61,149,0,0,0,,,text,SiliconFlow
13665,-61,151,0,0,0,,,text,SiliconFlow
13666,-61,153,0,0,0,,,text,SiliconFlow
13667,-61,155,0,0,0,,,text,SiliconFlow
13668,-61,157,0,0,0,,,text,SiliconFlow
13669,-61,159,0,0,0,,,text,SiliconFlow
13670,-61,161,0,0,0,,,text,SiliconFlow
13671,-61,163,0,0,0,,,text,SiliconFlow
13672,-61,165,0,0,0,,,text,SiliconFlow
13673,-61,167,0,0,0,,,text,SiliconFlow
13674,-61,169,0,0,0,,,text,SiliconFlow
13675,-61,171,0,0,0,,,text,SiliconFlow
13676,-61,173,0,0,0,,,text,SiliconFlow
13677,-61,175,0,0,0,,,text,SiliconFlow
13678,-61,177,0,0,0,,,text,SiliconFlow
13679,-61,179,0,0,0,,,text,SiliconFlow
13680,-63,-179,0,0,0,,,text,SiliconFlow
13681,-63,-177,0,0,0,,,text,SiliconFlow
13682,-63,-175,0,0,0,,,text,SiliconFlow
13683,-63,-173,0,0,0,,,text,SiliconFlow
13684,-63,-171,0,0,0,,,text,SiliconFlow
13685,-63,-169,0,0,0,,,text,SiliconFlow
13686,-63,-167,0,0,0,,,text,SiliconFlow
13687,-63,-165,0,0,0,,,text,SiliconFlow
13688,-63,-163,0,0,0,,,text,SiliconFlow
13689,-63,-161,0,0,0,,,text,SiliconFlow
13690,-63,-159,0,0,0,,,text,SiliconFlow
13691,-63,-157,0,0,0,,,text,SiliconFlow
13692,-63,-155,0,0,0,,,text,SiliconFlow
13693,-63,-153,0,0,0,,,text,SiliconFlow
13694,-63,-151,0,0,0,,,text,SiliconFlow
13695,-63,-149,0,0,0,,,text,SiliconFlow
13696,-63,-147,0,0,0,,,text,SiliconFlow
13697,-63,-145,0,0,0,,,text,SiliconFlow
13698,-63,-143,0,0,0,,,text,SiliconFlow
13699,-63,-141,0,0,0,,,text,SiliconFlow
13700,-63,-139,0,0,0,,,text,SiliconFlow
13701,-63,-137,0,0,0,,,text,SiliconFlow
13702,-63,-135,0,0,0,,,text,SiliconFlow
13703,-63,-133,0,0,0,,,text,SiliconFlow
13704,-63,-131,0,0,0,,,text,SiliconFlow
13705,-63,-129,0,0,0,,,text,SiliconFlow
13706,-63,-127,0,0,0,,,text,SiliconFlow
13707,-63,-125,0,0,0,,,text,SiliconFlow
13708,-63,-123,0,0,0,,,text,SiliconFlow
13709,-63,-121,0,0,0,,,text,SiliconFlow
13710,-63,-119,0,0,0,,,text,SiliconFlow
13711,-63,-117,0,0,0,,,text,SiliconFlow
13712,-63,-115,0,0,0,,,text,SiliconFlow
13713,-63,-113,0,0,0,,,text,SiliconFlow
13714,-63,-111,0,0,0,,,text,SiliconFlow
13715,-63,-109,0,0,0,,,text,SiliconFlow
13716,-63,-107,0,0,0,,,text,SiliconFlow
13717,-63,-105,0,0,0,,,text,SiliconFlow
13718,-63,-103,0,0,0,,,text,SiliconFlow
13719,-63,-101,0,0,0,,,text,SiliconFlow
13720,-63,-99,0,0,0,,,text,SiliconFlow
13721,-63,-97,0,0,0,,,text,SiliconFlow
13722,-63,-95,0,0,0,,,text,SiliconFlow
13723,-63,-93,0,0,0,,,text,SiliconFlow
13724,-63,-91,0,0,0,,,text,SiliconFlow
13725,-63,-89,0,0,0,,,text,SiliconFlow
13726,-63,-87,0,0,0,,,text,SiliconFlow
13727,-63,-85,0,0,0,,,text,SiliconFlow
13728,-63,-83,0,0,0,,,text,SiliconFlow
13729,-63,-81,0,0,0,,,text,SiliconFlow
13730,-63,-79,0,0,0,,,text,SiliconFlow
13731,-63,-77,0,0,0,,,text,SiliconFlow
13732,-63,-75,0,0,0,,,text,SiliconFlow
13733,-63,-73,0,0,0,,,text,SiliconFlow
13734,-63,-71,0,0,0,,,text,SiliconFlow
13735,-63,-69,0,0,0,,,text,SiliconFlow
13736,-63,-67,0,0,0,,,text,SiliconFlow
13737,-63,-65,0,0,0,,,text,SiliconFlow
13738,-63,-63,0,0,0,,,text,SiliconFlow
13739,-63,-61,0,0,0,,,text,SiliconFlow
13740,-63,-59,0,0,0,,,text,SiliconFlow
13741,-63,-57,0,0,0,,,text,SiliconFlow
13742,-63,-55,0,0,0,,,text,SiliconFlow
13743,-63,-53,0,0,0,,,text,SiliconFlow
13744,-63,-51,0,0,0,,,text,SiliconFlow
13745,-63,-49,0,0,0,,,text,SiliconFlow
13746,-63,-47,0,0,0,,,text,SiliconFlow
13747,-63,-45,0,0,0,,,text,SiliconFlow
13748,-63,-43,0,0,0,,,text,SiliconFlow
13749,-63,-41,0,0,0,,,text,SiliconFlow
13750,-63,-39,0,0,0,,,text,SiliconFlow
13751,-63,-37,0,0,0,,,text,SiliconFlow
13752,-63,-35,0,0,0,,,text,SiliconFlow
13753,-63,-33,0,0,0,,,text,SiliconFlow
13754,-63,-31,0,0,0,,,text,SiliconFlow
13755,-63,-29,0,0,0,,,text,SiliconFlow
13756,-63,-27,0,0,0,,,text,SiliconFlow
13757,-63,-25,0,0,0,,,text,SiliconFlow
13758,-63,-23,0,0,0,,,text,SiliconFlow
13759,-63,-21,0,0,0,,,text,SiliconFlow
13760,-63,-19,0,0,0,,,text,SiliconFlow
13761,-63,-17,0,0,0,,,text,SiliconFlow
13762,-63,-15,0,0,0,,,text,SiliconFlow
13763,-63,-13,0,0,0,,,text,SiliconFlow
13764,-63,-11,0,0,0,,,text,SiliconFlow
13765,-63,-9,0,0,0,,,text,SiliconFlow
13766,-63,-7,0,0,0,,,text,SiliconFlow
13767,-63,-5,0,0,0,,,text,SiliconFlow
13768,-63,-3,0,0,0,,,text,SiliconFlow
13769,-63,-1,0,0,0,,,text,SiliconFlow
13770,-63,1,0,0,0,,,text,SiliconFlow
13771,-63,3,0,0,0,,,text,SiliconFlow
13772,-63,5,0,0,0,,,text,SiliconFlow
13773,-63,7,0,0,0,,,text,SiliconFlow
13774,-63,9,0,0,0,,,text,SiliconFlow
13775,-63,11,0,0,0,,,text,SiliconFlow
13776,-63,13,0,0,0,,,text,SiliconFlow
13777,-63,15,0,0,0,,,text,SiliconFlow
13778,-63,17,0,0,0,,,text,SiliconFlow
13779,-63,19,0,0,0,,,text,SiliconFlow
13780,-63,21,0,0,0,,,text,SiliconFlow
13781,-63,23,0,0,0,,,text,SiliconFlow
13782,-63,25,0,0,0,,,text,SiliconFlow
13783,-63,27,0,0,0,,,text,SiliconFlow
13784,-63,29,0,0,0,,,text,SiliconFlow
13785,-63,31,0,0,0,,,text,SiliconFlow
13786,-63,33,0,0,0,,,text,SiliconFlow
13787,-63,35,0,0,0,,,text,SiliconFlow
13788,-63,37,0,0,0,,,text,SiliconFlow
13789,-63,39,0,0,0,,,text,SiliconFlow
13790,-63,41,0,0,0,,,text,SiliconFlow
13791,-63,43,0,0,0,,,text,SiliconFlow
13792,-63,45,0,0,0,,,text,SiliconFlow
13793,-63,47,0,0,0,,,text,SiliconFlow
13794,-63,49,0,0,0,,,text,SiliconFlow
13795,-63,51,0,0,0,,,text,SiliconFlow
13796,-63,53,0,0,0,,,text,SiliconFlow
13797,-63,55,0,0,0,,,text,SiliconFlow
13798,-63,57,0,0,0,,,text,SiliconFlow
13799,-63,59,0,0,0,,,text,SiliconFlow
13800,-63,61,0,0,0,,,text,SiliconFlow
13801,-63,63,0,0,0,,,text,SiliconFlow
13802,-63,65,0,0,0,,,text,SiliconFlow
13803,-63,67,0,0,0,,,text,SiliconFlow
13804,-63,69,0,0,0,,,text,SiliconFlow
13805,-63,71,0,0,0,,,text,SiliconFlow
13806,-63,73,0,0,0,,,text,SiliconFlow
13807,-63,75,0,0,0,,,text,SiliconFlow
13808,-63,77,0,0,0,,,text,SiliconFlow
13809,-63,79,0,0,0,,,text,SiliconFlow
13810,-63,81,0,0,0,,,text,SiliconFlow
13811,-63,83,0,0,0,,,text,SiliconFlow
13812,-63,85,0,0,0,,,text,SiliconFlow
13813,-63,87,0,0,0,,,text,SiliconFlow
13814,-63,89,0,0,0,,,text,SiliconFlow
13815,-63,91,0,0,0,,,text,SiliconFlow
13816,-63,93,0,0,0,,,text,SiliconFlow
13817,-63,95,0,0,0,,,text,SiliconFlow
13818,-63,97,0,0,0,,,text,SiliconFlow
13819,-63,99,0,0,0,,,text,SiliconFlow
13820,-63,101,0,0,0,,,text,SiliconFlow
13821,-63,103,0,0,0,,,text,SiliconFlow
13822,-63,105,0,0,0,,,text,SiliconFlow
13823,-63,107,0,0,0,,,text,SiliconFlow
13824,-63,109,0,0,0,,,text,SiliconFlow
13825,-63,111,0,0,0,,,text,SiliconFlow
13826,-63,113,0,0,0,,,text,SiliconFlow
13827,-63,115,0,0,0,,,text,SiliconFlow
13828,-63,117,0,0,0,,,text,SiliconFlow
13829,-63,119,0,0,0,,,text,SiliconFlow
13830,-63,121,0,0,0,,,text,SiliconFlow
13831,-63,123,0,0,0,,,text,SiliconFlow
13832,-63,125,0,0,0,,,text,SiliconFlow
13833,-63,127,0,0,0,,,text,SiliconFlow
13834,-63,129,0,0,0,,,text,SiliconFlow
13835,-63,131,0,0,0,,,text,SiliconFlow
13836,-63,133,0,0,0,,,text,SiliconFlow
13837,-63,135,0,0,0,,,text,SiliconFlow
13838,-63,137,0,0,0,,,text,SiliconFlow
13839,-63,139,0,0,0,,,text,SiliconFlow
13840,-63,141,0,0,0,,,text,SiliconFlow
13841,-63,143,0,0,0,,,text,SiliconFlow
13842,-63,145,0,0,0,,,text,SiliconFlow
13843,-63,147,0,0,0,,,text,SiliconFlow
13844,-63,149,0,0,0,,,text,SiliconFlow
13845,-63,151,0,0,0,,,text,SiliconFlow
13846,-63,153,0,0,0,,,text,SiliconFlow
13847,-63,155,0,0,0,,,text,SiliconFlow
13848,-63,157,0,0,0,,,text,SiliconFlow
13849,-63,159,0,0,0,,,text,SiliconFlow
13850,-63,161,0,0,0,,,text,SiliconFlow
13851,-63,163,0,0,0,,,text,SiliconFlow
13852,-63,165,0,0,0,,,text,SiliconFlow
13853,-63,167,0,0,0,,,text,SiliconFlow
13854,-63,169,0,0,0,,,text,SiliconFlow
13855,-63,171,0,0,0,,,text,SiliconFlow
13856,-63,173,0,0,0,,,text,SiliconFlow
13857,-63,175,0,0,0,,,text,SiliconFlow
13858,-63,177,0,0,0,,,text,SiliconFlow
13859,-63,179,0,0,0,,,text,SiliconFlow
13860,-65,-179,0,0,0,,,text,SiliconFlow
13861,-65,-177,0,0,0,,,text,SiliconFlow
13862,-65,-175,0,0,0,,,text,SiliconFlow
13863,-65,-173,0,0,0,,,text,SiliconFlow
13864,-65,-171,0,0,0,,,text,SiliconFlow
13865,-65,-169,0,0,0,,,text,SiliconFlow
13866,-65,-167,0,0,0,,,text,SiliconFlow
13867,-65,-165,0,0,0,,,text,SiliconFlow
13868,-65,-163,0,0,0,,,text,SiliconFlow
13869,-65,-161,0,0,0,,,text,SiliconFlow
13870,-65,-159,0,0,0,,,text,SiliconFlow
13871,-65,-157,0,0,0,,,text,SiliconFlow
13872,-65,-155,0,0,0,,,text,SiliconFlow
13873,-65,-153,0,0,0,,,text,SiliconFlow
13874,-65,-151,0,0,0,,,text,SiliconFlow
13875,-65,-149,0,0,0,,,text,SiliconFlow
13876,-65,-147,0,0,0,,,text,SiliconFlow
13877,-65,-145,0,0,0,,,text,SiliconFlow
13878,-65,-143,0,0,0,,,text,SiliconFlow
13879,-65,-141,0,0,0,,,text,SiliconFlow
13880,-65,-139,0,0,0,,,text,SiliconFlow
13881,-65,-137,0,0,0,,,text,SiliconFlow
13882,-65,-135,0,0,0,,,text,SiliconFlow
13883,-65,-133,0,0,0,,,text,SiliconFlow
13884,-65,-131,0,0,0,,,text,SiliconFlow
13885,-65,-129,0,0,0,,,text,SiliconFlow
13886,-65,-127,0,0,0,,,text,SiliconFlow
13887,-65,-125,0,0,0,,,text,SiliconFlow
13888,-65,-123,0,0,0,,,text,SiliconFlow
13889,-65,-121,0,0,0,,,text,SiliconFlow
13890,-65,-119,0,0,0,,,text,SiliconFlow
13891,-65,-117,0,0,0,,,text,SiliconFlow
13892,-65,-115,0,0,0,,,text,SiliconFlow
13893,-65,-113,0,0,0,,,text,SiliconFlow
13894,-65,-111,0,0,0,,,text,SiliconFlow
13895,-65,-109,0,0,0,,,text,SiliconFlow
13896,-65,-107,0,0,0,,,text,SiliconFlow
13897,-65,-105,0,0,0,,,text,SiliconFlow
13898,-65,-103,0,0,0,,,text,SiliconFlow
13899,-65,-101,0,0,0,,,text,SiliconFlow
13900,-65,-99,0,0,0,,,text,SiliconFlow
13901,-65,-97,0,0,0,,,text,SiliconFlow
13902,-65,-95,0,0,0,,,text,SiliconFlow
13903,-65,-93,0,0,0,,,text,SiliconFlow
13904,-65,-91,0,0,0,,,text,SiliconFlow
13905,-65,-89,0,0,0,,,text,SiliconFlow
13906,-65,-87,0,0,0,,,text,SiliconFlow
13907,-65,-85,0,0,0,,,text,SiliconFlow
13908,-65,-83,0,0,0,,,text,SiliconFlow
13909,-65,-81,0,0,0,,,text,SiliconFlow
13910,-65,-79,0,0,0,,,text,SiliconFlow
13911,-65,-77,0,0,0,,,text,SiliconFlow
13912,-65,-75,0,0,0,,,text,SiliconFlow
13913,-65,-73,0,0,0,,,text,SiliconFlow
13914,-65,-71,0,0,0,,,text,SiliconFlow
13915,-65,-69,0,0,0,,,text,SiliconFlow
13916,-65,-67,0,0,0,,,text,SiliconFlow
13917,-65,-65,0,0,0,,,text,SiliconFlow
13918,-65,-63,1,1,0,,,text,SiliconFlow
13919,-65,-61,0,0,0,,,text,SiliconFlow
13920,-65,-59,0,0,0,,,text,SiliconFlow
13921,-65,-57,0,0,0,,,text,SiliconFlow
13922,-65,-55,0,0,0,,,text,SiliconFlow
13923,-65,-53,0,0,0,,,text,SiliconFlow
13924,-65,-51,0,0,0,,,text,SiliconFlow
13925,-65,-49,0,0,0,,,text,SiliconFlow
13926,-65,-47,0,0,0,,,text,SiliconFlow
13927,-65,-45,0,0,0,,,text,SiliconFlow
13928,-65,-43,0,0,0,,,text,SiliconFlow
13929,-65,-41,0,0,0,,,text,SiliconFlow
13930,-65,-39,0,0,0,,,text,SiliconFlow
13931,-65,-37,0,0,0,,,text,SiliconFlow
13932,-65,-35,0,0,0,,,text,SiliconFlow
13933,-65,-33,0,0,0,,,text,SiliconFlow
13934,-65,-31,0,0,0,,,text,SiliconFlow
13935,-65,-29,0,0,1,,,text,SiliconFlow
13936,-65,-27,0,0,1,,,text,SiliconFlow
13937,-65,-25,0,0,0,,,text,SiliconFlow
13938,-65,-23,0,0,0,,,text,SiliconFlow
13939,-65,-21,0,0,0,,,text,SiliconFlow
13940,-65,-19,0,0,1,,,text,SiliconFlow
13941,-65,-17,0,0,0,,,text,SiliconFlow
13942,-65,-15,0,0,0,,,text,SiliconFlow
13943,-65,-13,0,0,0,,,text,SiliconFlow
13944,-65,-11,0,0,0,,,text,SiliconFlow
13945,-65,-9,0,0,0,,,text,SiliconFlow
13946,-65,-7,0,0,0,,,text,SiliconFlow
13947,-65,-5,0,0,0,,,text,SiliconFlow
13948,-65,-3,0,0,0,,,text,SiliconFlow
13949,-65,-1,0,0,0,,,text,SiliconFlow
13950,-65,1,0,0,0,,,text,SiliconFlow
13951,-65,3,0,0,0,,,text,SiliconFlow
13952,-65,5,0,0,0,,,text,SiliconFlow
13953,-65,7,0,0,0,,,text,SiliconFlow
13954,-65,9,0,0,0,,,text,SiliconFlow
13955,-65,11,0,0,0,,,text,SiliconFlow
13956,-65,13,0,0,0,,,text,SiliconFlow
13957,-65,15,0,0,0,,,text,SiliconFlow
13958,-65,17,0,0,0,,,text,SiliconFlow
13959,-65,19,0,0,0,,,text,SiliconFlow
13960,-65,21,0,0,0,,,text,SiliconFlow
13961,-65,23,0,0,0,,,text,SiliconFlow
13962,-65,25,0,0,0,,,text,SiliconFlow
13963,-65,27,0,0,0,,,text,SiliconFlow
13964,-65,29,0,0,0,,,text,SiliconFlow
13965,-65,31,0,0,0,,,text,SiliconFlow
13966,-65,33,0,0,0,,,text,SiliconFlow
13967,-65,35,0,0,0,,,text,SiliconFlow
13968,-65,37,0,0,0,,,text,SiliconFlow
13969,-65,39,0,0,0,,,text,SiliconFlow
13970,-65,41,0,0,0,,,text,SiliconFlow
13971,-65,43,0,0,0,,,text,SiliconFlow
13972,-65,45,0,0,0,,,text,SiliconFlow
13973,-65,47,0,0,0,,,text,SiliconFlow
13974,-65,49,0,0,0,,,text,SiliconFlow
13975,-65,51,0,0,0,,,text,SiliconFlow
13976,-65,53,0,0,0,,,text,SiliconFlow
13977,-65,55,0,0,0,,,text,SiliconFlow
13978,-65,57,0,0,0,,,text,SiliconFlow
13979,-65,59,0,0,0,,,text,SiliconFlow
13980,-65,61,0,0,0,,,text,SiliconFlow
13981,-65,63,0,0,0,,,text,SiliconFlow
13982,-65,65,0,0,0,,,text,SiliconFlow
13983,-65,67,0,0,0,,,text,SiliconFlow
13984,-65,69,0,0,0,,,text,SiliconFlow
13985,-65,71,0,0,0,,,text,SiliconFlow
13986,-65,73,0,0,0,,,text,SiliconFlow
13987,-65,75,0,0,0,,,text,SiliconFlow
13988,-65,77,0,0,0,,,text,SiliconFlow
13989,-65,79,0,0,0,,,text,SiliconFlow
13990,-65,81,0,0,0,,,text,SiliconFlow
13991,-65,83,0,0,0,,,text,SiliconFlow
13992,-65,85,0,0,0,,,text,SiliconFlow
13993,-65,87,0,0,0,,,text,SiliconFlow
13994,-65,89,0,0,0,,,text,SiliconFlow
13995,-65,91,0,0,0,,,text,SiliconFlow
13996,-65,93,0,0,0,,,text,SiliconFlow
13997,-65,95,0,0,0,,,text,SiliconFlow
13998,-65,97,0,0,0,,,text,SiliconFlow
13999,-65,99,0,0,0,,,text,SiliconFlow
14000,-65,101,0,0,0,,,text,SiliconFlow
14001,-65,103,0,0,0,,,text,SiliconFlow
14002,-65,105,0,0,0,,,text,SiliconFlow
14003,-65,107,0,0,0,,,text,SiliconFlow
14004,-65,109,0,0,0,,,text,SiliconFlow
14005,-65,111,0,0,0,,,text,SiliconFlow
14006,-65,113,0,0,0,,,text,SiliconFlow
14007,-65,115,0,0,0,,,text,SiliconFlow
14008,-65,117,0,0,0,,,text,SiliconFlow
14009,-65,119,0,0,0,,,text,SiliconFlow
14010,-65,121,0,0,0,,,text,SiliconFlow
14011,-65,123,0,0,0,,,text,SiliconFlow
14012,-65,125,0,0,0,,,text,SiliconFlow
14013,-65,127,0,0,0,,,text,SiliconFlow
14014,-65,129,0,0,0,,,text,SiliconFlow
14015,-65,131,0,0,0,,,text,SiliconFlow
14016,-65,133,0,0,0,,,text,SiliconFlow
14017,-65,135,0,0,0,,,text,SiliconFlow
14018,-65,137,0,0,0,,,text,SiliconFlow
14019,-65,139,0,0,0,,,text,SiliconFlow
14020,-65,141,0,0,0,,,text,SiliconFlow
14021,-65,143,0,0,0,,,text,SiliconFlow
14022,-65,145,0,0,0,,,text,SiliconFlow
14023,-65,147,0,0,0,,,text,SiliconFlow
14024,-65,149,0,0,0,,,text,SiliconFlow
14025,-65,151,0,0,0,,,text,SiliconFlow
14026,-65,153,0,0,0,,,text,SiliconFlow
14027,-65,155,0,0,0,,,text,SiliconFlow
14028,-65,157,0,0,0,,,text,SiliconFlow
14029,-65,159,0,0,0,,,text,SiliconFlow
14030,-65,161,0,0,0,,,text,SiliconFlow
14031,-65,163,0,0,0,,,text,SiliconFlow
14032,-65,165,0,0,0,,,text,SiliconFlow
14033,-65,167,0,0,0,,,text,SiliconFlow
14034,-65,169,0,0,0,,,text,SiliconFlow
14035,-65,171,0,0,0,,,text,SiliconFlow
14036,-65,173,0,0,0,,,text,SiliconFlow
14037,-65,175,0,0,0,,,text,SiliconFlow
14038,-65,177,0,0,0,,,text,SiliconFlow
14039,-65,179,0,0,0,,,text,SiliconFlow
14040,-67,-179,0,0,0,,,text,SiliconFlow
14041,-67,-177,0,0,0,,,text,SiliconFlow
14042,-67,-175,0,0,0,,,text,SiliconFlow
14043,-67,-173,0,0,0,,,text,SiliconFlow
14044,-67,-171,0,0,0,,,text,SiliconFlow
14045,-67,-169,0,0,0,,,text,SiliconFlow
14046,-67,-167,0,0,0,,,text,SiliconFlow
14047,-67,-165,0,0,0,,,text,SiliconFlow
14048,-67,-163,0,0,0,,,text,SiliconFlow
14049,-67,-161,0,0,0,,,text,SiliconFlow
14050,-67,-159,0,0,0,,,text,SiliconFlow
14051,-67,-157,0,0,0,,,text,SiliconFlow
14052,-67,-155,0,0,0,,,text,SiliconFlow
14053,-67,-153,0,0,0,,,text,SiliconFlow
14054,-67,-151,0,0,0,,,text,SiliconFlow
14055,-67,-149,0,0,0,,,text,SiliconFlow
14056,-67,-147,0,0,0,,,text,SiliconFlow
14057,-67,-145,0,0,0,,,text,SiliconFlow
14058,-67,-143,0,0,0,,,text,SiliconFlow
14059,-67,-141,0,0,0,,,text,SiliconFlow
14060,-67,-139,0,0,0,,,text,SiliconFlow
14061,-67,-137,0,0,0,,,text,SiliconFlow
14062,-67,-135,0,0,0,,,text,SiliconFlow
14063,-67,-133,0,0,0,,,text,SiliconFlow
14064,-67,-131,0,0,0,,,text,SiliconFlow
14065,-67,-129,0,0,0,,,text,SiliconFlow
14066,-67,-127,0,0,0,,,text,SiliconFlow
14067,-67,-125,0,0,0,,,text,SiliconFlow
14068,-67,-123,0,0,0,,,text,SiliconFlow
14069,-67,-121,0,0,0,,,text,SiliconFlow
14070,-67,-119,0,0,0,,,text,SiliconFlow
14071,-67,-117,0,0,0,,,text,SiliconFlow
14072,-67,-115,0,0,0,,,text,SiliconFlow
14073,-67,-113,0,0,0,,,text,SiliconFlow
14074,-67,-111,0,0,0,,,text,SiliconFlow
14075,-67,-109,0,0,0,,,text,SiliconFlow
14076,-67,-107,0,0,0,,,text,SiliconFlow
14077,-67,-105,0,0,0,,,text,SiliconFlow
14078,-67,-103,0,0,0,,,text,SiliconFlow
14079,-67,-101,0,0,0,,,text,SiliconFlow
14080,-67,-99,0,0,0,,,text,SiliconFlow
14081,-67,-97,0,0,0,,,text,SiliconFlow
14082,-67,-95,0,0,0,,,text,SiliconFlow
14083,-67,-93,0,0,0,,,text,SiliconFlow
14084,-67,-91,0,0,0,,,text,SiliconFlow
14085,-67,-89,0,0,0,,,text,SiliconFlow
14086,-67,-87,0,0,0,,,text,SiliconFlow
14087,-67,-85,0,0,0,,,text,SiliconFlow
14088,-67,-83,0,0,0,,,text,SiliconFlow
14089,-67,-81,0,0,0,,,text,SiliconFlow
14090,-67,-79,0,0,0,,,text,SiliconFlow
14091,-67,-77,0,0,0,,,text,SiliconFlow
14092,-67,-75,0,0,0,,,text,SiliconFlow
14093,-67,-73,0,0,0,,,text,SiliconFlow
14094,-67,-71,0,0,0,,,text,SiliconFlow
14095,-67,-69,0,0,0,,,text,SiliconFlow
14096,-67,-67,1,1,0,,,text,SiliconFlow
14097,-67,-65,1,1,0,,,text,SiliconFlow
14098,-67,-63,0,0,0,,,text,SiliconFlow
14099,-67,-61,0,0,0,,,text,SiliconFlow
14100,-67,-59,0,0,0,,,text,SiliconFlow
14101,-67,-57,0,0,0,,,text,SiliconFlow
14102,-67,-55,0,0,0,,,text,SiliconFlow
14103,-67,-53,0,0,0,,,text,SiliconFlow
14104,-67,-51,0,0,0,,,text,SiliconFlow
14105,-67,-49,0,0,0,,,text,SiliconFlow
14106,-67,-47,0,0,0,,,text,SiliconFlow
14107,-67,-45,0,0,0,,,text,SiliconFlow
14108,-67,-43,0,0,0,,,text,SiliconFlow
14109,-67,-41,0,0,0,,,text,SiliconFlow
14110,-67,-39,0,0,0,,,text,SiliconFlow
14111,-67,-37,0,0,0,,,text,SiliconFlow
14112,-67,-35,0,0,1,,,text,SiliconFlow
14113,-67,-33,0,0,0,,,text,SiliconFlow
14114,-67,-31,0,0,1,,,text,SiliconFlow
14115,-67,-29,0,0,0,,,text,SiliconFlow
14116,-67,-27,0,0,1,,,text,SiliconFlow
14117,-67,-25,0,0,1,,,text,SiliconFlow
14118,-67,-23,0,0,0,,,text,SiliconFlow
14119,-67,-21,0,0,0,,,text,SiliconFlow
14120,-67,-19,0,0,0,,,text,SiliconFlow
14121,-67,-17,0,0,0,,,text,SiliconFlow
14122,-67,-15,0,0,0,,,text,SiliconFlow
14123,-67,-13,0,0,0,,,text,SiliconFlow
14124,-67,-11,0,0,0,,,text,SiliconFlow
14125,-67,-9,0,0,0,,,text,SiliconFlow
14126,-67,-7,0,0,0,,,text,SiliconFlow
14127,-67,-5,0,0,0,,,text,SiliconFlow
14128,-67,-3,0,0,0,,,text,SiliconFlow
14129,-67,-1,0,0,0,,,text,SiliconFlow
14130,-67,1,0,0,0,,,text,SiliconFlow
14131,-67,3,0,0,0,,,text,SiliconFlow
14132,-67,5,0,0,0,,,text,SiliconFlow
14133,-67,7,0,0,0,,,text,SiliconFlow
14134,-67,9,0,0,0,,,text,SiliconFlow
14135,-67,11,0,0,0,,,text,SiliconFlow
14136,-67,13,0,0,0,,,text,SiliconFlow
14137,-67,15,0,0,0,,,text,SiliconFlow
14138,-67,17,0,0,0,,,text,SiliconFlow
14139,-67,19,0,0,0,,,text,SiliconFlow
14140,-67,21,0,0,0,,,text,SiliconFlow
14141,-67,23,0,0,0,,,text,SiliconFlow
14142,-67,25,0,0,0,,,text,SiliconFlow
14143,-67,27,0,0,0,,,text,SiliconFlow
14144,-67,29,0,0,0,,,text,SiliconFlow
14145,-67,31,0,0,0,,,text,SiliconFlow
14146,-67,33,0,0,0,,,text,SiliconFlow
14147,-67,35,0,0,0,,,text,SiliconFlow
14148,-67,37,0,0,0,,,text,SiliconFlow
14149,-67,39,0,0,0,,,text,SiliconFlow
14150,-67,41,0,0,0,,,text,SiliconFlow
14151,-67,43,0,0,0,,,text,SiliconFlow
14152,-67,45,0,0,1,,,text,SiliconFlow
14153,-67,47,0,0,1,,,text,SiliconFlow
14154,-67,49,1,1,0,,,text,SiliconFlow
14155,-67,51,1,1,0,,,text,SiliconFlow
14156,-67,53,1,1,0,,,text,SiliconFlow
14157,-67,55,1,1,0,,,text,SiliconFlow
14158,-67,57,0,0,0,,,text,SiliconFlow
14159,-67,59,0,0,0,,,text,SiliconFlow
14160,-67,61,0,0,0,,,text,SiliconFlow
14161,-67,63,0,0,0,,,text,SiliconFlow
14162,-67,65,0,0,0,,,text,SiliconFlow
14163,-67,67,0,0,0,,,text,SiliconFlow
14164,-67,69,0,0,0,,,text,SiliconFlow
14165,-67,71,0,0,0,,,text,SiliconFlow
14166,-67,73,0,0,0,,,text,SiliconFlow
14167,-67,75,0,0,0,,,text,SiliconFlow
14168,-67,77,0,0,0,,,text,SiliconFlow
14169,-67,79,0,0,0,,,text,SiliconFlow
14170,-67,81,0,0,0,,,text,SiliconFlow
14171,-67,83,0,0,0,,,text,SiliconFlow
14172,-67,85,0,0,0,,,text,SiliconFlow
14173,-67,87,1,1,0,,,text,SiliconFlow
14174,-67,89,1,1,0,,,text,SiliconFlow
14175,-67,91,1,1,0,,,text,SiliconFlow
14176,-67,93,1,1,0,,,text,SiliconFlow
14177,-67,95,1,1,0,,,text,SiliconFlow
14178,-67,97,1,1,0,,,text,SiliconFlow
14179,-67,99,1,1,0,,,text,SiliconFlow
14180,-67,101,1,1,0,,,text,SiliconFlow
14181,-67,103,1,1,0,,,text,SiliconFlow
14182,-67,105,1,1,0,,,text,SiliconFlow
14183,-67,107,1,1,0,,,text,SiliconFlow
14184,-67,109,1,1,0,,,text,SiliconFlow
14185,-67,111,1,1,0,,,text,SiliconFlow
14186,-67,113,1,1,0,,,text,SiliconFlow
14187,-67,115,1,1,0,,,text,SiliconFlow
14188,-67,117,0,0,0,,,text,SiliconFlow
14189,-67,119,0,0,0,,,text,SiliconFlow
14190,-67,121,0,0,0,,,text,SiliconFlow
14191,-67,123,1,1,0,,,text,SiliconFlow
14192,-67,125,1,1,0,,,text,SiliconFlow
14193,-67,127,1,1,0,,,text,SiliconFlow
14194,-67,129,0,0,0,,,text,SiliconFlow
14195,-67,131,1,1,0,,,text,SiliconFlow
14196,-67,133,1,1,0,,,text,SiliconFlow
14197,-67,135,1,1,0,,,text,SiliconFlow
14198,-67,137,1,1,0,,,text,SiliconFlow
14199,-67,139,1,1,0,,,text,SiliconFlow
14200,-67,141,1,1,0,,,text,SiliconFlow
14201,-67,143,1,1,0,,,text,SiliconFlow
14202,-67,145,0,0,0,,,text,SiliconFlow
14203,-67,147,0,0,0,,,text,SiliconFlow
14204,-67,149,0,0,0,,,text,SiliconFlow
14205,-67,151,0,0,0,,,text,SiliconFlow
14206,-67,153,0,0,0,,,text,SiliconFlow
14207,-67,155,0,0,0,,,text,SiliconFlow
14208,-67,157,0,0,0,,,text,SiliconFlow
14209,-67,159,0,0,0,,,text,SiliconFlow
14210,-67,161,0,0,0,,,text,SiliconFlow
14211,-67,163,0,0,0,,,text,SiliconFlow
14212,-67,165,0,0,0,,,text,SiliconFlow
14213,-67,167,0,0,0,,,text,SiliconFlow
14214,-67,169,0,0,0,,,text,SiliconFlow
14215,-67,171,0,0,0,,,text,SiliconFlow
14216,-67,173,0,0,0,,,text,SiliconFlow
14217,-67,175,0,0,0,,,text,SiliconFlow
14218,-67,177,0,0,0,,,text,SiliconFlow
14219,-67,179,0,0,0,,,text,SiliconFlow
14220,-69,-179,0,0,0,,,text,SiliconFlow
14221,-69,-177,0,0,0,,,text,SiliconFlow
14222,-69,-175,0,0,0,,,text,SiliconFlow
14223,-69,-173,0,0,0,,,text,SiliconFlow
14224,-69,-171,0,0,0,,,text,SiliconFlow
14225,-69,-169,0,0,0,,,text,SiliconFlow
14226,-69,-167,0,0,0,,,text,SiliconFlow
14227,-69,-165,0,0,0,,,text,SiliconFlow
14228,-69,-163,0,0,0,,,text,SiliconFlow
14229,-69,-161,0,0,0,,,text,SiliconFlow
14230,-69,-159,0,0,0,,,text,SiliconFlow
14231,-69,-157,0,0,0,,,text,SiliconFlow
14232,-69,-155,0,0,0,,,text,SiliconFlow
14233,-69,-153,0,0,0,,,text,SiliconFlow
14234,-69,-151,0,0,0,,,text,SiliconFlow
14235,-69,-149,0,0,0,,,text,SiliconFlow
14236,-69,-147,0,0,0,,,text,SiliconFlow
14237,-69,-145,0,0,0,,,text,SiliconFlow
14238,-69,-143,0,0,0,,,text,SiliconFlow
14239,-69,-141,0,0,0,,,text,SiliconFlow
14240,-69,-139,0,0,0,,,text,SiliconFlow
14241,-69,-137,0,0,0,,,text,SiliconFlow
14242,-69,-135,0,0,0,,,text,SiliconFlow
14243,-69,-133,0,0,0,,,text,SiliconFlow
14244,-69,-131,0,0,0,,,text,SiliconFlow
14245,-69,-129,0,0,0,,,text,SiliconFlow
14246,-69,-127,0,0,0,,,text,SiliconFlow
14247,-69,-125,0,0,0,,,text,SiliconFlow
14248,-69,-123,0,0,0,,,text,SiliconFlow
14249,-69,-121,0,0,0,,,text,SiliconFlow
14250,-69,-119,0,0,0,,,text,SiliconFlow
14251,-69,-117,0,0,0,,,text,SiliconFlow
14252,-69,-115,0,0,0,,,text,SiliconFlow
14253,-69,-113,0,0,0,,,text,SiliconFlow
14254,-69,-111,0,0,0,,,text,SiliconFlow
14255,-69,-109,0,0,0,,,text,SiliconFlow
14256,-69,-107,0,0,0,,,text,SiliconFlow
14257,-69,-105,0,0,0,,,text,SiliconFlow
14258,-69,-103,0,0,0,,,text,SiliconFlow
14259,-69,-101,0,0,0,,,text,SiliconFlow
14260,-69,-99,0,0,0,,,text,SiliconFlow
14261,-69,-97,0,0,0,,,text,SiliconFlow
14262,-69,-95,0,0,0,,,text,SiliconFlow
14263,-69,-93,0,0,0,,,text,SiliconFlow
14264,-69,-91,0,0,0,,,text,SiliconFlow
14265,-69,-89,0,0,0,,,text,SiliconFlow
14266,-69,-87,0,0,0,,,text,SiliconFlow
14267,-69,-85,0,0,0,,,text,SiliconFlow
14268,-69,-83,0,0,0,,,text,SiliconFlow
14269,-69,-81,0,0,0,,,text,SiliconFlow
14270,-69,-79,0,0,0,,,text,SiliconFlow
14271,-69,-77,0,0,0,,,text,SiliconFlow
14272,-69,-75,0,0,0,,,text,SiliconFlow
14273,-69,-73,0,0,0,,,text,SiliconFlow
14274,-69,-71,1,1,0,,,text,SiliconFlow
14275,-69,-69,0,0,0,,,text,SiliconFlow
14276,-69,-67,0,0,0,,,text,SiliconFlow
14277,-69,-65,1,1,0,,,text,SiliconFlow
14278,-69,-63,0,0,0,,,text,SiliconFlow
14279,-69,-61,0,0,0,,,text,SiliconFlow
14280,-69,-59,0,0,0,,,text,SiliconFlow
14281,-69,-57,0,0,0,,,text,SiliconFlow
14282,-69,-55,0,0,0,,,text,SiliconFlow
14283,-69,-53,0,0,0,,,text,SiliconFlow
14284,-69,-51,0,0,0,,,text,SiliconFlow
14285,-69,-49,0,0,0,,,text,SiliconFlow
14286,-69,-47,0,0,0,,,text,SiliconFlow
14287,-69,-45,0,0,0,,,text,SiliconFlow
14288,-69,-43,0,0,0,,,text,SiliconFlow
14289,-69,-41,0,0,0,,,text,SiliconFlow
14290,-69,-39,0,0,0,,,text,SiliconFlow
14291,-69,-37,0,0,0,,,text,SiliconFlow
14292,-69,-35,0,0,0,,,text,SiliconFlow
14293,-69,-33,0,0,0,,,text,SiliconFlow
14294,-69,-31,0,0,0,,,text,SiliconFlow
14295,-69,-29,0,0,0,,,text,SiliconFlow
14296,-69,-27,0,0,0,,,text,SiliconFlow
14297,-69,-25,0,0,0,,,text,SiliconFlow
14298,-69,-23,0,0,0,,,text,SiliconFlow
14299,-69,-21,0,0,0,,,text,SiliconFlow
14300,-69,-19,0,0,0,,,text,SiliconFlow
14301,-69,-17,0,0,0,,,text,SiliconFlow
14302,-69,-15,0,0,0,,,text,SiliconFlow
14303,-69,-13,0,0,0,,,text,SiliconFlow
14304,-69,-11,0,0,0,,,text,SiliconFlow
14305,-69,-9,0,0,0,,,text,SiliconFlow
14306,-69,-7,0,0,0,,,text,SiliconFlow
14307,-69,-5,0,0,0,,,text,SiliconFlow
14308,-69,-3,0,0,0,,,text,SiliconFlow
14309,-69,-1,0,0,0,,,text,SiliconFlow
14310,-69,1,0,0,0,,,text,SiliconFlow
14311,-69,3,0,0,0,,,text,SiliconFlow
14312,-69,5,0,0,0,,,text,SiliconFlow
14313,-69,7,0,0,0,,,text,SiliconFlow
14314,-69,9,0,0,0,,,text,SiliconFlow
14315,-69,11,0,0,0,,,text,SiliconFlow
14316,-69,13,0,0,0,,,text,SiliconFlow
14317,-69,15,0,0,0,,,text,SiliconFlow
14318,-69,17,0,0,0,,,text,SiliconFlow
14319,-69,19,0,0,0,,,text,SiliconFlow
14320,-69,21,0,0,0,,,text,SiliconFlow
14321,-69,23,0,0,0,,,text,SiliconFlow
14322,-69,25,0,0,0,,,text,SiliconFlow
14323,-69,27,0,0,0,,,text,SiliconFlow
14324,-69,29,0,0,0,,,text,SiliconFlow
14325,-69,31,0,0,0,,,text,SiliconFlow
14326,-69,33,1,1,0,,,text,SiliconFlow
14327,-69,35,0,0,0,,,text,SiliconFlow
14328,-69,37,0,0,0,,,text,SiliconFlow
14329,-69,39,0,0,0,,,text,SiliconFlow
14330,-69,41,1,1,0,,,text,SiliconFlow
14331,-69,43,1,1,0,,,text,SiliconFlow
14332,-69,45,1,1,1,,,text,SiliconFlow
14333,-69,47,1,1,0,,,text,SiliconFlow
14334,-69,49,1,1,0,,,text,SiliconFlow
14335,-69,51,1,1,0,,,text,SiliconFlow
14336,-69,53,1,1,0,,,text,SiliconFlow
14337,-69,55,1,1,0,,,text,SiliconFlow
14338,-69,57,1,1,0,,,text,SiliconFlow
14339,-69,59,1,1,0,,,text,SiliconFlow
14340,-69,61,1,1,0,,,text,SiliconFlow
14341,-69,63,1,1,0,,,text,SiliconFlow
14342,-69,65,1,1,0,,,text,SiliconFlow
14343,-69,67,1,1,0,,,text,SiliconFlow
14344,-69,69,1,1,0,,,text,SiliconFlow
14345,-69,71,0,0,0,,,text,SiliconFlow
14346,-69,73,0,0,0,,,text,SiliconFlow
14347,-69,75,0,0,0,,,text,SiliconFlow
14348,-69,77,0,0,0,,,text,SiliconFlow
14349,-69,79,1,1,0,,,text,SiliconFlow
14350,-69,81,1,1,0,,,text,SiliconFlow
14351,-69,83,1,1,0,,,text,SiliconFlow
14352,-69,85,1,1,0,,,text,SiliconFlow
14353,-69,87,1,1,0,,,text,SiliconFlow
14354,-69,89,1,1,0,,,text,SiliconFlow
14355,-69,91,1,1,0,,,text,SiliconFlow
14356,-69,93,1,1,0,,,text,SiliconFlow
14357,-69,95,1,1,0,,,text,SiliconFlow
14358,-69,97,1,1,0,,,text,SiliconFlow
14359,-69,99,1,1,0,,,text,SiliconFlow
14360,-69,101,1,1,0,,,text,SiliconFlow
14361,-69,103,1,1,0,,,text,SiliconFlow
14362,-69,105,1,1,0,,,text,SiliconFlow
14363,-69,107,1,1,0,,,text,SiliconFlow
14364,-69,109,1,1,0,,,text,SiliconFlow
14365,-69,111,1,1,0,,,text,SiliconFlow
14366,-69,113,1,1,0,,,text,SiliconFlow
14367,-69,115,1,1,0,,,text,SiliconFlow
14368,-69,117,1,1,0,,,text,SiliconFlow
14369,-69,119,1,1,0,,,text,SiliconFlow
14370,-69,121,1,1,0,,,text,SiliconFlow
14371,-69,123,1,1,0,,,text,SiliconFlow
14372,-69,125,1,1,0,,,text,SiliconFlow
14373,-69,127,1,1,0,,,text,SiliconFlow
14374,-69,129,1,1,0,,,text,SiliconFlow
14375,-69,131,1,1,0,,,text,SiliconFlow
14376,-69,133,1,1,0,,,text,SiliconFlow
14377,-69,135,1,1,0,,,text,SiliconFlow
14378,-69,137,1,1,0,,,text,SiliconFlow
14379,-69,139,1,1,0,,,text,SiliconFlow
14380,-69,141,1,1,0,,,text,SiliconFlow
14381,-69,143,1,1,0,,,text,SiliconFlow
14382,-69,145,1,1,0,,,text,SiliconFlow
14383,-69,147,1,1,0,,,text,SiliconFlow
14384,-69,149,1,1,0,,,text,SiliconFlow
14385,-69,151,1,1,0,,,text,SiliconFlow
14386,-69,153,1,1,0,,,text,SiliconFlow
14387,-69,155,1,1,0,,,text,SiliconFlow
14388,-69,157,0,0,0,,,text,SiliconFlow
14389,-69,159,0,0,0,,,text,SiliconFlow
14390,-69,161,0,0,0,,,text,SiliconFlow
14391,-69,163,0,0,0,,,text,SiliconFlow
14392,-69,165,0,0,0,,,text,SiliconFlow
14393,-69,167,0,0,0,,,text,SiliconFlow
14394,-69,169,0,0,0,,,text,SiliconFlow
14395,-69,171,0,0,0,,,text,SiliconFlow
14396,-69,173,0,0,0,,,text,SiliconFlow
14397,-69,175,0,0,0,,,text,SiliconFlow
14398,-69,177,0,0,0,,,text,SiliconFlow
14399,-69,179,0,0,0,,,text,SiliconFlow
14400,-71,-179,0,0,0,,,text,SiliconFlow
14401,-71,-177,0,0,0,,,text,SiliconFlow
14402,-71,-175,0,0,0,,,text,SiliconFlow
14403,-71,-173,0,0,0,,,text,SiliconFlow
14404,-71,-171,0,0,0,,,text,SiliconFlow
14405,-71,-169,0,0,0,,,text,SiliconFlow
14406,-71,-167,0,0,0,,,text,SiliconFlow
14407,-71,-165,0,0,0,,,text,SiliconFlow
14408,-71,-163,0,0,0,,,text,SiliconFlow
14409,-71,-161,0,0,0,,,text,SiliconFlow
14410,-71,-159,0,0,0,,,text,SiliconFlow
14411,-71,-157,0,0,0,,,text,SiliconFlow
14412,-71,-155,0,0,0,,,text,SiliconFlow
14413,-71,-153,0,0,0,,,text,SiliconFlow
14414,-71,-151,0,0,0,,,text,SiliconFlow
14415,-71,-149,0,0,0,,,text,SiliconFlow
14416,-71,-147,0,0,0,,,text,SiliconFlow
14417,-71,-145,0,0,0,,,text,SiliconFlow
14418,-71,-143,0,0,0,,,text,SiliconFlow
14419,-71,-141,0,0,0,,,text,SiliconFlow
14420,-71,-139,0,0,0,,,text,SiliconFlow
14421,-71,-137,0,0,0,,,text,SiliconFlow
14422,-71,-135,0,0,0,,,text,SiliconFlow
14423,-71,-133,0,0,0,,,text,SiliconFlow
14424,-71,-131,0,0,0,,,text,SiliconFlow
14425,-71,-129,0,0,0,,,text,SiliconFlow
14426,-71,-127,0,0,0,,,text,SiliconFlow
14427,-71,-125,0,0,0,,,text,SiliconFlow
14428,-71,-123,0,0,0,,,text,SiliconFlow
14429,-71,-121,0,0,0,,,text,SiliconFlow
14430,-71,-119,0,0,0,,,text,SiliconFlow
14431,-71,-117,0,0,0,,,text,SiliconFlow
14432,-71,-115,0,0,0,,,text,SiliconFlow
14433,-71,-113,0,0,0,,,text,SiliconFlow
14434,-71,-111,0,0,0,,,text,SiliconFlow
14435,-71,-109,0,0,0,,,text,SiliconFlow
14436,-71,-107,0,0,0,,,text,SiliconFlow
14437,-71,-105,0,0,0,,,text,SiliconFlow
14438,-71,-103,0,0,0,,,text,SiliconFlow
14439,-71,-101,0,0,0,,,text,SiliconFlow
14440,-71,-99,0,0,0,,,text,SiliconFlow
14441,-71,-97,0,0,0,,,text,SiliconFlow
14442,-71,-95,0,0,0,,,text,SiliconFlow
14443,-71,-93,0,0,0,,,text,SiliconFlow
14444,-71,-91,0,0,0,,,text,SiliconFlow
14445,-71,-89,0,0,0,,,text,SiliconFlow
14446,-71,-87,0,0,0,,,text,SiliconFlow
14447,-71,-85,0,0,0,,,text,SiliconFlow
14448,-71,-83,0,0,0,,,text,SiliconFlow
14449,-71,-81,0,0,0,,,text,SiliconFlow
14450,-71,-79,0,0,0,,,text,SiliconFlow
14451,-71,-77,0,0,0,,,text,SiliconFlow
14452,-71,-75,0,0,0,,,text,SiliconFlow
14453,-71,-73,0,0,0,,,text,SiliconFlow
14454,-71,-71,1,1,0,,,text,SiliconFlow
14455,-71,-69,1,1,0,,,text,SiliconFlow
14456,-71,-67,1,1,0,,,text,SiliconFlow
14457,-71,-65,1,1,0,,,text,SiliconFlow
14458,-71,-63,1,1,0,,,text,SiliconFlow
14459,-71,-61,0,0,0,,,text,SiliconFlow
14460,-71,-59,0,0,0,,,text,SiliconFlow
14461,-71,-57,0,0,0,,,text,SiliconFlow
14462,-71,-55,0,0,0,,,text,SiliconFlow
14463,-71,-53,0,0,0,,,text,SiliconFlow
14464,-71,-51,0,0,0,,,text,SiliconFlow
14465,-71,-49,0,0,0,,,text,SiliconFlow
14466,-71,-47,0,0,0,,,text,SiliconFlow
14467,-71,-45,0,0,0,,,text,SiliconFlow
14468,-71,-43,0,0,0,,,text,SiliconFlow
14469,-71,-41,0,0,0,,,text,SiliconFlow
14470,-71,-39,0,0,0,,,text,SiliconFlow
14471,-71,-37,0,0,0,,,text,SiliconFlow
14472,-71,-35,0,0,0,,,text,SiliconFlow
14473,-71,-33,0,0,0,,,text,SiliconFlow
14474,-71,-31,0,0,0,,,text,SiliconFlow
14475,-71,-29,0,0,0,,,text,SiliconFlow
14476,-71,-27,0,0,0,,,text,SiliconFlow
14477,-71,-25,0,0,0,,,text,SiliconFlow
14478,-71,-23,0,0,0,,,text,SiliconFlow
14479,-71,-21,0,0,0,,,text,SiliconFlow
14480,-71,-19,0,0,0,,,text,SiliconFlow
14481,-71,-17,0,0,0,,,text,SiliconFlow
14482,-71,-15,0,0,0,,,text,SiliconFlow
14483,-71,-13,0,0,0,,,text,SiliconFlow
14484,-71,-11,0,0,0,,,text,SiliconFlow
14485,-71,-9,0,0,0,,,text,SiliconFlow
14486,-71,-7,1,1,0,,,text,SiliconFlow
14487,-71,-5,0,0,0,,,text,SiliconFlow
14488,-71,-3,0,0,0,,,text,SiliconFlow
14489,-71,-1,0,0,0,,,text,SiliconFlow
14490,-71,1,0,0,0,,,text,SiliconFlow
14491,-71,3,1,1,0,,,text,SiliconFlow
14492,-71,5,1,1,0,,,text,SiliconFlow
14493,-71,7,1,1,0,,,text,SiliconFlow
14494,-71,9,1,1,0,,,text,SiliconFlow
14495,-71,11,1,1,0,,,text,SiliconFlow
14496,-71,13,1,1,0,,,text,SiliconFlow
14497,-71,15,1,1,0,,,text,SiliconFlow
14498,-71,17,1,1,0,,,text,SiliconFlow
14499,-71,19,1,1,0,,,text,SiliconFlow
14500,-71,21,1,1,0,,,text,SiliconFlow
14501,-71,23,1,1,0,,,text,SiliconFlow
14502,-71,25,1,1,0,,,text,SiliconFlow
14503,-71,27,1,1,0,,,text,SiliconFlow
14504,-71,29,1,1,0,,,text,SiliconFlow
14505,-71,31,1,1,0,,,text,SiliconFlow
14506,-71,33,1,1,0,,,text,SiliconFlow
14507,-71,35,1,1,0,,,text,SiliconFlow
14508,-71,37,1,1,0,,,text,SiliconFlow
14509,-71,39,1,1,0,,,text,SiliconFlow
14510,-71,41,1,1,0,,,text,SiliconFlow
14511,-71,43,1,1,1,,,text,SiliconFlow
14512,-71,45,1,1,1,,,text,SiliconFlow
14513,-71,47,1,1,1,,,text,SiliconFlow
14514,-71,49,1,1,0,,,text,SiliconFlow
14515,-71,51,1,1,0,,,text,SiliconFlow
14516,-71,53,1,1,0,,,text,SiliconFlow
14517,-71,55,1,1,0,,,text,SiliconFlow
14518,-71,57,1,1,0,,,text,SiliconFlow
14519,-71,59,1,1,0,,,text,SiliconFlow
14520,-71,61,1,1,0,,,text,SiliconFlow
14521,-71,63,1,1,0,,,text,SiliconFlow
14522,-71,65,1,1,0,,,text,SiliconFlow
14523,-71,67,1,1,0,,,text,SiliconFlow
14524,-71,69,1,1,0,,,text,SiliconFlow
14525,-71,71,0,0,0,,,text,SiliconFlow
14526,-71,73,1,1,0,,,text,SiliconFlow
14527,-71,75,1,1,0,,,text,SiliconFlow
14528,-71,77,1,1,0,,,text,SiliconFlow
14529,-71,79,1,1,0,,,text,SiliconFlow
14530,-71,81,1,1,0,,,text,SiliconFlow
14531,-71,83,1,1,0,,,text,SiliconFlow
14532,-71,85,1,1,0,,,text,SiliconFlow
14533,-71,87,1,1,0,,,text,SiliconFlow
14534,-71,89,1,1,0,,,text,SiliconFlow
14535,-71,91,1,1,0,,,text,SiliconFlow
14536,-71,93,1,1,0,,,text,SiliconFlow
14537,-71,95,1,1,0,,,text,SiliconFlow
14538,-71,97,1,1,0,,,text,SiliconFlow
14539,-71,99,1,1,0,,,text,SiliconFlow
14540,-71,101,1,1,0,,,text,SiliconFlow
14541,-71,103,1,1,0,,,text,SiliconFlow
14542,-71,105,1,1,0,,,text,SiliconFlow
14543,-71,107,1,1,0,,,text,SiliconFlow
14544,-71,109,1,1,0,,,text,SiliconFlow
14545,-71,111,1,1,0,,,text,SiliconFlow
14546,-71,113,1,1,0,,,text,SiliconFlow
14547,-71,115,1,1,0,,,text,SiliconFlow
14548,-71,117,1,1,0,,,text,SiliconFlow
14549,-71,119,1,1,0,,,text,SiliconFlow
14550,-71,121,1,1,0,,,text,SiliconFlow
14551,-71,123,1,1,0,,,text,SiliconFlow
14552,-71,125,1,1,0,,,text,SiliconFlow
14553,-71,127,1,1,0,,,text,SiliconFlow
14554,-71,129,1,1,0,,,text,SiliconFlow
14555,-71,131,1,1,0,,,text,SiliconFlow
14556,-71,133,1,1,0,,,text,SiliconFlow
14557,-71,135,1,1,0,,,text,SiliconFlow
14558,-71,137,1,1,0,,,text,SiliconFlow
14559,-71,139,1,1,0,,,text,SiliconFlow
14560,-71,141,1,1,0,,,text,SiliconFlow
14561,-71,143,1,1,0,,,text,SiliconFlow
14562,-71,145,1,1,0,,,text,SiliconFlow
14563,-71,147,1,1,0,,,text,SiliconFlow
14564,-71,149,1,1,0,,,text,SiliconFlow
14565,-71,151,1,1,0,,,text,SiliconFlow
14566,-71,153,1,1,0,,,text,SiliconFlow
14567,-71,155,1,1,0,,,text,SiliconFlow
14568,-71,157,1,1,0,,,text,SiliconFlow
14569,-71,159,1,1,0,,,text,SiliconFlow
14570,-71,161,1,1,0,,,text,SiliconFlow
14571,-71,163,1,1,0,,,text,SiliconFlow
14572,-71,165,1,1,0,,,text,SiliconFlow
14573,-71,167,1,1,0,,,text,SiliconFlow
14574,-71,169,0,0,0,,,text,SiliconFlow
14575,-71,171,0,0,0,,,text,SiliconFlow
14576,-71,173,0,0,0,,,text,SiliconFlow
14577,-71,175,0,0,0,,,text,SiliconFlow
14578,-71,177,0,0,0,,,text,SiliconFlow
14579,-71,179,0,0,0,,,text,SiliconFlow
14580,-73,-179,0,0,0,,,text,SiliconFlow
14581,-73,-177,0,0,0,,,text,SiliconFlow
14582,-73,-175,0,0,0,,,text,SiliconFlow
14583,-73,-173,0,0,0,,,text,SiliconFlow
14584,-73,-171,0,0,0,,,text,SiliconFlow
14585,-73,-169,0,0,0,,,text,SiliconFlow
14586,-73,-167,0,0,0,,,text,SiliconFlow
14587,-73,-165,0,0,0,,,text,SiliconFlow
14588,-73,-163,0,0,0,,,text,SiliconFlow
14589,-73,-161,0,0,0,,,text,SiliconFlow
14590,-73,-159,0,0,0,,,text,SiliconFlow
14591,-73,-157,0,0,0,,,text,SiliconFlow
14592,-73,-155,0,0,0,,,text,SiliconFlow
14593,-73,-153,0,0,0,,,text,SiliconFlow
14594,-73,-151,0,0,0,,,text,SiliconFlow
14595,-73,-149,0,0,0,,,text,SiliconFlow
14596,-73,-147,0,0,0,,,text,SiliconFlow
14597,-73,-145,0,0,0,,,text,SiliconFlow
14598,-73,-143,0,0,0,,,text,SiliconFlow
14599,-73,-141,0,0,0,,,text,SiliconFlow
14600,-73,-139,0,0,0,,,text,SiliconFlow
14601,-73,-137,0,0,0,,,text,SiliconFlow
14602,-73,-135,0,0,0,,,text,SiliconFlow
14603,-73,-133,0,0,0,,,text,SiliconFlow
14604,-73,-131,0,0,0,,,text,SiliconFlow
14605,-73,-129,0,0,0,,,text,SiliconFlow
14606,-73,-127,0,0,0,,,text,SiliconFlow
14607,-73,-125,0,0,0,,,text,SiliconFlow
14608,-73,-123,0,0,0,,,text,SiliconFlow
14609,-73,-121,0,0,0,,,text,SiliconFlow
14610,-73,-119,0,0,0,,,text,SiliconFlow
14611,-73,-117,0,0,0,,,text,SiliconFlow
14612,-73,-115,0,0,0,,,text,SiliconFlow
14613,-73,-113,0,0,0,,,text,SiliconFlow
14614,-73,-111,0,0,0,,,text,SiliconFlow
14615,-73,-109,0,0,0,,,text,SiliconFlow
14616,-73,-107,0,0,0,,,text,SiliconFlow
14617,-73,-105,0,0,0,,,text,SiliconFlow
14618,-73,-103,1,1,0,,,text,SiliconFlow
14619,-73,-101,1,1,0,,,text,SiliconFlow
14620,-73,-99,1,1,0,,,text,SiliconFlow
14621,-73,-97,0,0,0,,,text,SiliconFlow
14622,-73,-95,0,0,0,,,text,SiliconFlow
14623,-73,-93,0,0,0,,,text,SiliconFlow
14624,-73,-91,1,1,0,,,text,SiliconFlow
14625,-73,-89,1,1,0,,,text,SiliconFlow
14626,-73,-87,0,0,0,,,text,SiliconFlow
14627,-73,-85,0,0,0,,,text,SiliconFlow
14628,-73,-83,0,0,0,,,text,SiliconFlow
14629,-73,-81,0,0,0,,,text,SiliconFlow
14630,-73,-79,1,1,0,,,text,SiliconFlow
14631,-73,-77,0,0,0,,,text,SiliconFlow
14632,-73,-75,1,1,0,,,text,SiliconFlow
14633,-73,-73,0,0,0,,,text,SiliconFlow
14634,-73,-71,0,0,0,,,text,SiliconFlow
14635,-73,-69,0,0,0,,,text,SiliconFlow
14636,-73,-67,1,1,0,,,text,SiliconFlow
14637,-73,-65,1,1,0,,,text,SiliconFlow
14638,-73,-63,1,1,0,,,text,SiliconFlow
14639,-73,-61,1,1,0,,,text,SiliconFlow
14640,-73,-59,0,0,0,,,text,SiliconFlow
14641,-73,-57,0,0,0,,,text,SiliconFlow
14642,-73,-55,0,0,0,,,text,SiliconFlow
14643,-73,-53,0,0,0,,,text,SiliconFlow
14644,-73,-51,0,0,0,,,text,SiliconFlow
14645,-73,-49,0,0,0,,,text,SiliconFlow
14646,-73,-47,0,0,0,,,text,SiliconFlow
14647,-73,-45,0,0,0,,,text,SiliconFlow
14648,-73,-43,0,0,0,,,text,SiliconFlow
14649,-73,-41,0,0,0,,,text,SiliconFlow
14650,-73,-39,0,0,0,,,text,SiliconFlow
14651,-73,-37,0,0,0,,,text,SiliconFlow
14652,-73,-35,0,0,0,,,text,SiliconFlow
14653,-73,-33,0,0,0,,,text,SiliconFlow
14654,-73,-31,0,0,0,,,text,SiliconFlow
14655,-73,-29,0,0,0,,,text,SiliconFlow
14656,-73,-27,0,0,0,,,text,SiliconFlow
14657,-73,-25,0,0,0,,,text,SiliconFlow
14658,-73,-23,0,0,0,,,text,SiliconFlow
14659,-73,-21,0,0,0,,,text,SiliconFlow
14660,-73,-19,0,0,0,,,text,SiliconFlow
14661,-73,-17,0,0,0,,,text,SiliconFlow
14662,-73,-15,0,0,0,,,text,SiliconFlow
14663,-73,-13,1,1,0,,,text,SiliconFlow
14664,-73,-11,1,1,0,,,text,SiliconFlow
14665,-73,-9,1,1,0,,,text,SiliconFlow
14666,-73,-7,1,1,0,,,text,SiliconFlow
14667,-73,-5,1,1,0,,,text,SiliconFlow
14668,-73,-3,1,1,0,,,text,SiliconFlow
14669,-73,-1,1,1,0,,,text,SiliconFlow
14670,-73,1,1,1,0,,,text,SiliconFlow
14671,-73,3,1,1,0,,,text,SiliconFlow
14672,-73,5,1,1,0,,,text,SiliconFlow
14673,-73,7,1,1,0,,,text,SiliconFlow
14674,-73,9,1,1,0,,,text,SiliconFlow
14675,-73,11,1,1,0,,,text,SiliconFlow
14676,-73,13,1,1,0,,,text,SiliconFlow
14677,-73,15,1,1,0,,,text,SiliconFlow
14678,-73,17,1,1,0,,,text,SiliconFlow
14679,-73,19,1,1,0,,,text,SiliconFlow
14680,-73,21,1,1,0,,,text,SiliconFlow
14681,-73,23,1,1,0,,,text,SiliconFlow
14682,-73,25,1,1,0,,,text,SiliconFlow
14683,-73,27,1,1,0,,,text,SiliconFlow
14684,-73,29,1,1,0,,,text,SiliconFlow
14685,-73,31,1,1,0,,,text,SiliconFlow
14686,-73,33,1,1,0,,,text,SiliconFlow
14687,-73,35,1,1,0,,,text,SiliconFlow
14688,-73,37,1,1,0,,,text,SiliconFlow
14689,-73,39,1,1,0,,,text,SiliconFlow
14690,-73,41,1,1,1,,,text,SiliconFlow
14691,-73,43,1,1,1,,,text,SiliconFlow
14692,-73,45,1,1,1,,,text,SiliconFlow
14693,-73,47,1,1,1,,,text,SiliconFlow
14694,-73,49,1,1,0,,,text,SiliconFlow
14695,-73,51,1,1,0,,,text,SiliconFlow
14696,-73,53,1,1,0,,,text,SiliconFlow
14697,-73,55,1,1,0,,,text,SiliconFlow
14698,-73,57,1,1,0,,,text,SiliconFlow
14699,-73,59,1,1,0,,,text,SiliconFlow
14700,-73,61,1,1,0,,,text,SiliconFlow
14701,-73,63,1,1,0,,,text,SiliconFlow
14702,-73,65,1,1,0,,,text,SiliconFlow
14703,-73,67,1,1,0,,,text,SiliconFlow
14704,-73,69,1,1,0,,,text,SiliconFlow
14705,-73,71,1,1,0,,,text,SiliconFlow
14706,-73,73,1,1,0,,,text,SiliconFlow
14707,-73,75,1,1,0,,,text,SiliconFlow
14708,-73,77,1,1,0,,,text,SiliconFlow
14709,-73,79,1,1,0,,,text,SiliconFlow
14710,-73,81,1,1,0,,,text,SiliconFlow
14711,-73,83,1,1,0,,,text,SiliconFlow
14712,-73,85,1,1,0,,,text,SiliconFlow
14713,-73,87,1,1,0,,,text,SiliconFlow
14714,-73,89,1,1,0,,,text,SiliconFlow
14715,-73,91,1,1,0,,,text,SiliconFlow
14716,-73,93,1,1,0,,,text,SiliconFlow
14717,-73,95,1,1,0,,,text,SiliconFlow
14718,-73,97,1,1,0,,,text,SiliconFlow
14719,-73,99,1,1,0,,,text,SiliconFlow
14720,-73,101,1,1,0,,,text,SiliconFlow
14721,-73,103,1,1,0,,,text,SiliconFlow
14722,-73,105,1,1,0,,,text,SiliconFlow
14723,-73,107,1,1,0,,,text,SiliconFlow
14724,-73,109,1,1,0,,,text,SiliconFlow
14725,-73,111,1,1,0,,,text,SiliconFlow
14726,-73,113,1,1,0,,,text,SiliconFlow
14727,-73,115,1,1,0,,,text,SiliconFlow
14728,-73,117,1,1,0,,,text,SiliconFlow
14729,-73,119,1,1,0,,,text,SiliconFlow
14730,-73,121,1,1,0,,,text,SiliconFlow
14731,-73,123,1,1,0,,,text,SiliconFlow
14732,-73,125,1,1,0,,,text,SiliconFlow
14733,-73,127,1,1,0,,,text,SiliconFlow
14734,-73,129,1,1,0,,,text,SiliconFlow
14735,-73,131,1,1,0,,,text,SiliconFlow
14736,-73,133,1,1,0,,,text,SiliconFlow
14737,-73,135,1,1,0,,,text,SiliconFlow
14738,-73,137,1,1,0,,,text,SiliconFlow
14739,-73,139,1,1,0,,,text,SiliconFlow
14740,-73,141,1,1,0,,,text,SiliconFlow
14741,-73,143,1,1,0,,,text,SiliconFlow
14742,-73,145,1,1,0,,,text,SiliconFlow
14743,-73,147,1,1,0,,,text,SiliconFlow
14744,-73,149,1,1,0,,,text,SiliconFlow
14745,-73,151,1,1,0,,,text,SiliconFlow
14746,-73,153,1,1,0,,,text,SiliconFlow
14747,-73,155,1,1,0,,,text,SiliconFlow
14748,-73,157,1,1,0,,,text,SiliconFlow
14749,-73,159,1,1,0,,,text,SiliconFlow
14750,-73,161,1,1,0,,,text,SiliconFlow
14751,-73,163,1,1,0,,,text,SiliconFlow
14752,-73,165,1,1,0,,,text,SiliconFlow
14753,-73,167,1,1,0,,,text,SiliconFlow
14754,-73,169,1,1,0,,,text,SiliconFlow
14755,-73,171,0,0,0,,,text,SiliconFlow
14756,-73,173,0,0,0,,,text,SiliconFlow
14757,-73,175,0,0,0,,,text,SiliconFlow
14758,-73,177,0,0,0,,,text,SiliconFlow
14759,-73,179,0,0,0,,,text,SiliconFlow
14760,-75,-179,0,0,0,,,text,SiliconFlow
14761,-75,-177,0,0,0,,,text,SiliconFlow
14762,-75,-175,0,0,0,,,text,SiliconFlow
14763,-75,-173,0,0,0,,,text,SiliconFlow
14764,-75,-171,0,0,0,,,text,SiliconFlow
14765,-75,-169,0,0,0,,,text,SiliconFlow
14766,-75,-167,0,0,0,,,text,SiliconFlow
14767,-75,-165,0,0,0,,,text,SiliconFlow
14768,-75,-163,0,0,0,,,text,SiliconFlow
14769,-75,-161,0,0,0,,,text,SiliconFlow
14770,-75,-159,0,0,0,,,text,SiliconFlow
14771,-75,-157,0,0,0,,,text,SiliconFlow
14772,-75,-155,0,0,0,,,text,SiliconFlow
14773,-75,-153,0,0,0,,,text,SiliconFlow
14774,-75,-151,0,0,0,,,text,SiliconFlow
14775,-75,-149,0,0,0,,,text,SiliconFlow
14776,-75,-147,0,0,0,,,text,SiliconFlow
14777,-75,-145,0,0,0,,,text,SiliconFlow
14778,-75,-143,0,0,0,,,text,SiliconFlow
14779,-75,-141,0,0,0,,,text,SiliconFlow
14780,-75,-139,0,0,0,,,text,SiliconFlow
14781,-75,-137,1,1,0,,,text,SiliconFlow
14782,-75,-135,1,1,0,,,text,SiliconFlow
14783,-75,-133,1,1,0,,,text,SiliconFlow
14784,-75,-131,1,1,0,,,text,SiliconFlow
14785,-75,-129,1,1,0,,,text,SiliconFlow
14786,-75,-127,1,1,0,,,text,SiliconFlow
14787,-75,-125,1,1,0,,,text,SiliconFlow
14788,-75,-123,1,1,0,,,text,SiliconFlow
14789,-75,-121,1,1,0,,,text,SiliconFlow
14790,-75,-119,1,1,0,,,text,SiliconFlow
14791,-75,-117,1,1,0,,,text,SiliconFlow
14792,-75,-115,1,1,0,,,text,SiliconFlow
14793,-75,-113,1,1,0,,,text,SiliconFlow
14794,-75,-111,0,0,0,,,text,SiliconFlow
14795,-75,-109,0,0,0,,,text,SiliconFlow
14796,-75,-107,0,0,0,,,text,SiliconFlow
14797,-75,-105,0,0,0,,,text,SiliconFlow
14798,-75,-103,0,0,0,,,text,SiliconFlow
14799,-75,-101,0,0,0,,,text,SiliconFlow
14800,-75,-99,1,1,0,,,text,SiliconFlow
14801,-75,-97,1,1,0,,,text,SiliconFlow
14802,-75,-95,1,1,0,,,text,SiliconFlow
14803,-75,-93,1,1,0,,,text,SiliconFlow
14804,-75,-91,1,1,0,,,text,SiliconFlow
14805,-75,-89,1,1,0,,,text,SiliconFlow
14806,-75,-87,1,1,0,,,text,SiliconFlow
14807,-75,-85,1,1,0,,,text,SiliconFlow
14808,-75,-83,1,1,0,,,text,SiliconFlow
14809,-75,-81,1,1,0,,,text,SiliconFlow
14810,-75,-79,1,1,0,,,text,SiliconFlow
14811,-75,-77,1,1,0,,,text,SiliconFlow
14812,-75,-75,1,1,0,,,text,SiliconFlow
14813,-75,-73,1,1,0,,,text,SiliconFlow
14814,-75,-71,1,1,0,,,text,SiliconFlow
14815,-75,-69,1,1,0,,,text,SiliconFlow
14816,-75,-67,1,1,0,,,text,SiliconFlow
14817,-75,-65,1,1,0,,,text,SiliconFlow
14818,-75,-63,0,0,0,,,text,SiliconFlow
14819,-75,-61,0,0,0,,,text,SiliconFlow
14820,-75,-59,0,0,0,,,text,SiliconFlow
14821,-75,-57,0,0,0,,,text,SiliconFlow
14822,-75,-55,0,0,0,,,text,SiliconFlow
14823,-75,-53,0,0,0,,,text,SiliconFlow
14824,-75,-51,0,0,0,,,text,SiliconFlow
14825,-75,-49,0,0,0,,,text,SiliconFlow
14826,-75,-47,0,0,0,,,text,SiliconFlow
14827,-75,-45,0,0,0,,,text,SiliconFlow
14828,-75,-43,0,0,0,,,text,SiliconFlow
14829,-75,-41,0,0,0,,,text,SiliconFlow
14830,-75,-39,0,0,0,,,text,SiliconFlow
14831,-75,-37,0,0,0,,,text,SiliconFlow
14832,-75,-35,0,0,0,,,text,SiliconFlow
14833,-75,-33,0,0,0,,,text,SiliconFlow
14834,-75,-31,0,0,0,,,text,SiliconFlow
14835,-75,-29,0,0,0,,,text,SiliconFlow
14836,-75,-27,0,0,0,,,text,SiliconFlow
14837,-75,-25,0,0,0,,,text,SiliconFlow
14838,-75,-23,0,0,0,,,text,SiliconFlow
14839,-75,-21,0,0,0,,,text,SiliconFlow
14840,-75,-19,0,0,0,,,text,SiliconFlow
14841,-75,-17,1,1,0,,,text,SiliconFlow
14842,-75,-15,1,1,0,,,text,SiliconFlow
14843,-75,-13,1,1,0,,,text,SiliconFlow
14844,-75,-11,1,1,0,,,text,SiliconFlow
14845,-75,-9,1,1,0,,,text,SiliconFlow
14846,-75,-7,1,1,0,,,text,SiliconFlow
14847,-75,-5,1,1,0,,,text,SiliconFlow
14848,-75,-3,1,1,0,,,text,SiliconFlow
14849,-75,-1,1,1,0,,,text,SiliconFlow
14850,-75,1,1,1,0,,,text,SiliconFlow
14851,-75,3,1,1,0,,,text,SiliconFlow
14852,-75,5,1,1,0,,,text,SiliconFlow
14853,-75,7,1,1,0,,,text,SiliconFlow
14854,-75,9,1,1,0,,,text,SiliconFlow
14855,-75,11,1,1,0,,,text,SiliconFlow
14856,-75,13,1,1,0,,,text,SiliconFlow
14857,-75,15,1,1,0,,,text,SiliconFlow
14858,-75,17,1,1,0,,,text,SiliconFlow
14859,-75,19,1,1,0,,,text,SiliconFlow
14860,-75,21,1,1,0,,,text,SiliconFlow
14861,-75,23,1,1,0,,,text,SiliconFlow
14862,-75,25,1,1,0,,,text,SiliconFlow
14863,-75,27,1,1,0,,,text,SiliconFlow
14864,-75,29,1,1,0,,,text,SiliconFlow
14865,-75,31,1,1,0,,,text,SiliconFlow
14866,-75,33,1,1,0,,,text,SiliconFlow
14867,-75,35,1,1,0,,,text,SiliconFlow
14868,-75,37,1,1,0,,,text,SiliconFlow
14869,-75,39,1,1,1,,,text,SiliconFlow
14870,-75,41,1,1,1,,,text,SiliconFlow
14871,-75,43,1,1,1,,,text,SiliconFlow
14872,-75,45,1,1,1,,,text,SiliconFlow
14873,-75,47,1,1,1,,,text,SiliconFlow
14874,-75,49,1,1,1,,,text,SiliconFlow
14875,-75,51,1,1,0,,,text,SiliconFlow
14876,-75,53,1,1,0,,,text,SiliconFlow
14877,-75,55,1,1,0,,,text,SiliconFlow
14878,-75,57,1,1,0,,,text,SiliconFlow
14879,-75,59,1,1,0,,,text,SiliconFlow
14880,-75,61,1,1,0,,,text,SiliconFlow
14881,-75,63,1,1,0,,,text,SiliconFlow
14882,-75,65,1,1,0,,,text,SiliconFlow
14883,-75,67,1,1,0,,,text,SiliconFlow
14884,-75,69,1,1,0,,,text,SiliconFlow
14885,-75,71,1,1,0,,,text,SiliconFlow
14886,-75,73,1,1,0,,,text,SiliconFlow
14887,-75,75,1,1,0,,,text,SiliconFlow
14888,-75,77,1,1,0,,,text,SiliconFlow
14889,-75,79,1,1,0,,,text,SiliconFlow
14890,-75,81,1,1,0,,,text,SiliconFlow
14891,-75,83,1,1,0,,,text,SiliconFlow
14892,-75,85,1,1,0,,,text,SiliconFlow
14893,-75,87,1,1,0,,,text,SiliconFlow
14894,-75,89,1,1,0,,,text,SiliconFlow
14895,-75,91,1,1,0,,,text,SiliconFlow
14896,-75,93,1,1,0,,,text,SiliconFlow
14897,-75,95,1,1,0,,,text,SiliconFlow
14898,-75,97,1,1,0,,,text,SiliconFlow
14899,-75,99,1,1,0,,,text,SiliconFlow
14900,-75,101,1,1,0,,,text,SiliconFlow
14901,-75,103,1,1,0,,,text,SiliconFlow
14902,-75,105,1,1,0,,,text,SiliconFlow
14903,-75,107,1,1,0,,,text,SiliconFlow
14904,-75,109,1,1,0,,,text,SiliconFlow
14905,-75,111,1,1,0,,,text,SiliconFlow
14906,-75,113,1,1,0,,,text,SiliconFlow
14907,-75,115,1,1,0,,,text,SiliconFlow
14908,-75,117,1,1,0,,,text,SiliconFlow
14909,-75,119,1,1,0,,,text,SiliconFlow
14910,-75,121,1,1,0,,,text,SiliconFlow
14911,-75,123,1,1,0,,,text,SiliconFlow
14912,-75,125,1,1,0,,,text,SiliconFlow
14913,-75,127,1,1,0,,,text,SiliconFlow
14914,-75,129,1,1,0,,,text,SiliconFlow
14915,-75,131,1,1,0,,,text,SiliconFlow
14916,-75,133,1,1,0,,,text,SiliconFlow
14917,-75,135,1,1,0,,,text,SiliconFlow
14918,-75,137,1,1,0,,,text,SiliconFlow
14919,-75,139,1,1,0,,,text,SiliconFlow
14920,-75,141,1,1,0,,,text,SiliconFlow
14921,-75,143,1,1,0,,,text,SiliconFlow
14922,-75,145,1,1,0,,,text,SiliconFlow
14923,-75,147,1,1,0,,,text,SiliconFlow
14924,-75,149,1,1,0,,,text,SiliconFlow
14925,-75,151,1,1,0,,,text,SiliconFlow
14926,-75,153,1,1,0,,,text,SiliconFlow
14927,-75,155,1,1,0,,,text,SiliconFlow
14928,-75,157,1,1,0,,,text,SiliconFlow
14929,-75,159,1,1,0,,,text,SiliconFlow
14930,-75,161,1,1,0,,,text,SiliconFlow
14931,-75,163,0,0,0,,,text,SiliconFlow
14932,-75,165,0,0,0,,,text,SiliconFlow
14933,-75,167,0,0,0,,,text,SiliconFlow
14934,-75,169,0,0,0,,,text,SiliconFlow
14935,-75,171,0,0,0,,,text,SiliconFlow
14936,-75,173,0,0,0,,,text,SiliconFlow
14937,-75,175,0,0,0,,,text,SiliconFlow
14938,-75,177,0,0,0,,,text,SiliconFlow
14939,-75,179,0,0,0,,,text,SiliconFlow
14940,-77,-179,0,0,0,,,text,SiliconFlow
14941,-77,-177,0,0,0,,,text,SiliconFlow
14942,-77,-175,0,0,0,,,text,SiliconFlow
14943,-77,-173,0,0,0,,,text,SiliconFlow
14944,-77,-171,0,0,0,,,text,SiliconFlow
14945,-77,-169,0,0,0,,,text,SiliconFlow
14946,-77,-167,0,0,0,,,text,SiliconFlow
14947,-77,-165,0,0,0,,,text,SiliconFlow
14948,-77,-163,0,0,0,,,text,SiliconFlow
14949,-77,-161,0,0,0,,,text,SiliconFlow
14950,-77,-159,0,0,0,,,text,SiliconFlow
14951,-77,-157,0,0,0,,,text,SiliconFlow
14952,-77,-155,0,0,0,,,text,SiliconFlow
14953,-77,-153,0,0,0,,,text,SiliconFlow
14954,-77,-151,0,0,0,,,text,SiliconFlow
14955,-77,-149,1,1,0,,,text,SiliconFlow
14956,-77,-147,0,0,0,,,text,SiliconFlow
14957,-77,-145,1,1,0,,,text,SiliconFlow
14958,-77,-143,1,1,0,,,text,SiliconFlow
14959,-77,-141,1,1,0,,,text,SiliconFlow
14960,-77,-139,1,1,0,,,text,SiliconFlow
14961,-77,-137,1,1,0,,,text,SiliconFlow
14962,-77,-135,1,1,0,,,text,SiliconFlow
14963,-77,-133,1,1,0,,,text,SiliconFlow
14964,-77,-131,1,1,0,,,text,SiliconFlow
14965,-77,-129,1,1,0,,,text,SiliconFlow
14966,-77,-127,1,1,0,,,text,SiliconFlow
14967,-77,-125,1,1,0,,,text,SiliconFlow
14968,-77,-123,1,1,0,,,text,SiliconFlow
14969,-77,-121,1,1,0,,,text,SiliconFlow
14970,-77,-119,1,1,0,,,text,SiliconFlow
14971,-77,-117,1,1,0,,,text,SiliconFlow
14972,-77,-115,1,1,0,,,text,SiliconFlow
14973,-77,-113,1,1,0,,,text,SiliconFlow
14974,-77,-111,1,1,0,,,text,SiliconFlow
14975,-77,-109,1,1,0,,,text,SiliconFlow
14976,-77,-107,1,1,0,,,text,SiliconFlow
14977,-77,-105,1,1,0,,,text,SiliconFlow
14978,-77,-103,1,1,0,,,text,SiliconFlow
14979,-77,-101,1,1,0,,,text,SiliconFlow
14980,-77,-99,1,1,0,,,text,SiliconFlow
14981,-77,-97,1,1,0,,,text,SiliconFlow
14982,-77,-95,1,1,0,,,text,SiliconFlow
14983,-77,-93,1,1,0,,,text,SiliconFlow
14984,-77,-91,1,1,0,,,text,SiliconFlow
14985,-77,-89,1,1,0,,,text,SiliconFlow
14986,-77,-87,1,1,0,,,text,SiliconFlow
14987,-77,-85,1,1,0,,,text,SiliconFlow
14988,-77,-83,1,1,0,,,text,SiliconFlow
14989,-77,-81,1,1,0,,,text,SiliconFlow
14990,-77,-79,1,1,0,,,text,SiliconFlow
14991,-77,-77,1,1,0,,,text,SiliconFlow
14992,-77,-75,0,0,0,,,text,SiliconFlow
14993,-77,-73,0,0,0,,,text,SiliconFlow
14994,-77,-71,0,0,0,,,text,SiliconFlow
14995,-77,-69,0,0,0,,,text,SiliconFlow
14996,-77,-67,0,0,0,,,text,SiliconFlow
14997,-77,-65,0,0,0,,,text,SiliconFlow
14998,-77,-63,0,0,0,,,text,SiliconFlow
14999,-77,-61,0,0,0,,,text,SiliconFlow
15000,-77,-59,0,0,0,,,text,SiliconFlow
15001,-77,-57,0,0,0,,,text,SiliconFlow
15002,-77,-55,0,0,0,,,text,SiliconFlow
15003,-77,-53,0,0,0,,,text,SiliconFlow
15004,-77,-51,0,0,0,,,text,SiliconFlow
15005,-77,-49,0,0,0,,,text,SiliconFlow
15006,-77,-47,0,0,0,,,text,SiliconFlow
15007,-77,-45,0,0,0,,,text,SiliconFlow
15008,-77,-43,0,0,0,,,text,SiliconFlow
15009,-77,-41,0,0,0,,,text,SiliconFlow
15010,-77,-39,0,0,0,,,text,SiliconFlow
15011,-77,-37,0,0,0,,,text,SiliconFlow
15012,-77,-35,0,0,0,,,text,SiliconFlow
15013,-77,-33,0,0,0,,,text,SiliconFlow
15014,-77,-31,1,1,0,,,text,SiliconFlow
15015,-77,-29,1,1,0,,,text,SiliconFlow
15016,-77,-27,1,1,0,,,text,SiliconFlow
15017,-77,-25,1,1,0,,,text,SiliconFlow
15018,-77,-23,1,1,0,,,text,SiliconFlow
15019,-77,-21,1,1,0,,,text,SiliconFlow
15020,-77,-19,1,1,0,,,text,SiliconFlow
15021,-77,-17,1,1,0,,,text,SiliconFlow
15022,-77,-15,1,1,0,,,text,SiliconFlow
15023,-77,-13,1,1,0,,,text,SiliconFlow
15024,-77,-11,1,1,0,,,text,SiliconFlow
15025,-77,-9,1,1,1,,,text,SiliconFlow
15026,-77,-7,1,1,0,,,text,SiliconFlow
15027,-77,-5,1,1,0,,,text,SiliconFlow
15028,-77,-3,1,1,0,,,text,SiliconFlow
15029,-77,-1,1,1,0,,,text,SiliconFlow
15030,-77,1,1,1,0,,,text,SiliconFlow
15031,-77,3,1,1,0,,,text,SiliconFlow
15032,-77,5,1,1,0,,,text,SiliconFlow
15033,-77,7,1,1,0,,,text,SiliconFlow
15034,-77,9,1,1,0,,,text,SiliconFlow
15035,-77,11,1,1,0,,,text,SiliconFlow
15036,-77,13,1,1,0,,,text,SiliconFlow
15037,-77,15,1,1,0,,,text,SiliconFlow
15038,-77,17,1,1,0,,,text,SiliconFlow
15039,-77,19,1,1,0,,,text,SiliconFlow
15040,-77,21,1,1,0,,,text,SiliconFlow
15041,-77,23,1,1,0,,,text,SiliconFlow
15042,-77,25,1,1,0,,,text,SiliconFlow
15043,-77,27,1,1,0,,,text,SiliconFlow
15044,-77,29,1,1,0,,,text,SiliconFlow
15045,-77,31,1,1,0,,,text,SiliconFlow
15046,-77,33,1,1,0,,,text,SiliconFlow
15047,-77,35,1,1,0,,,text,SiliconFlow
15048,-77,37,1,1,1,,,text,SiliconFlow
15049,-77,39,1,1,1,,,text,SiliconFlow
15050,-77,41,1,1,1,,,text,SiliconFlow
15051,-77,43,1,1,0,,,text,SiliconFlow
15052,-77,45,1,1,1,,,text,SiliconFlow
15053,-77,47,1,1,0,,,text,SiliconFlow
15054,-77,49,1,1,1,,,text,SiliconFlow
15055,-77,51,1,1,0,,,text,SiliconFlow
15056,-77,53,1,1,0,,,text,SiliconFlow
15057,-77,55,1,1,0,,,text,SiliconFlow
15058,-77,57,1,1,0,,,text,SiliconFlow
15059,-77,59,1,1,0,,,text,SiliconFlow
15060,-77,61,1,1,0,,,text,SiliconFlow
15061,-77,63,1,1,0,,,text,SiliconFlow
15062,-77,65,1,1,0,,,text,SiliconFlow
15063,-77,67,1,1,0,,,text,SiliconFlow
15064,-77,69,1,1,0,,,text,SiliconFlow
15065,-77,71,1,1,0,,,text,SiliconFlow
15066,-77,73,1,1,0,,,text,SiliconFlow
15067,-77,75,1,1,0,,,text,SiliconFlow
15068,-77,77,1,1,0,,,text,SiliconFlow
15069,-77,79,1,1,0,,,text,SiliconFlow
15070,-77,81,1,1,0,,,text,SiliconFlow
15071,-77,83,1,1,0,,,text,SiliconFlow
15072,-77,85,1,1,0,,,text,SiliconFlow
15073,-77,87,1,1,0,,,text,SiliconFlow
15074,-77,89,1,1,0,,,text,SiliconFlow
15075,-77,91,1,1,0,,,text,SiliconFlow
15076,-77,93,1,1,0,,,text,SiliconFlow
15077,-77,95,1,1,0,,,text,SiliconFlow
15078,-77,97,1,1,0,,,text,SiliconFlow
15079,-77,99,1,1,0,,,text,SiliconFlow
15080,-77,101,1,1,0,,,text,SiliconFlow
15081,-77,103,1,1,0,,,text,SiliconFlow
15082,-77,105,1,1,0,,,text,SiliconFlow
15083,-77,107,1,1,0,,,text,SiliconFlow
15084,-77,109,1,1,0,,,text,SiliconFlow
15085,-77,111,1,1,0,,,text,SiliconFlow
15086,-77,113,1,1,0,,,text,SiliconFlow
15087,-77,115,1,1,0,,,text,SiliconFlow
15088,-77,117,1,1,0,,,text,SiliconFlow
15089,-77,119,1,1,0,,,text,SiliconFlow
15090,-77,121,1,1,0,,,text,SiliconFlow
15091,-77,123,1,1,0,,,text,SiliconFlow
15092,-77,125,1,1,0,,,text,SiliconFlow
15093,-77,127,1,1,0,,,text,SiliconFlow
15094,-77,129,1,1,0,,,text,SiliconFlow
15095,-77,131,1,1,0,,,text,SiliconFlow
15096,-77,133,1,1,0,,,text,SiliconFlow
15097,-77,135,1,1,0,,,text,SiliconFlow
15098,-77,137,1,1,0,,,text,SiliconFlow
15099,-77,139,1,1,0,,,text,SiliconFlow
15100,-77,141,1,1,0,,,text,SiliconFlow
15101,-77,143,1,1,0,,,text,SiliconFlow
15102,-77,145,1,1,0,,,text,SiliconFlow
15103,-77,147,1,1,0,,,text,SiliconFlow
15104,-77,149,1,1,0,,,text,SiliconFlow
15105,-77,151,1,1,0,,,text,SiliconFlow
15106,-77,153,1,1,0,,,text,SiliconFlow
15107,-77,155,1,1,0,,,text,SiliconFlow
15108,-77,157,1,1,0,,,text,SiliconFlow
15109,-77,159,1,1,0,,,text,SiliconFlow
15110,-77,161,1,1,0,,,text,SiliconFlow
15111,-77,163,0,0,0,,,text,SiliconFlow
15112,-77,165,0,0,0,,,text,SiliconFlow
15113,-77,167,0,0,0,,,text,SiliconFlow
15114,-77,169,0,0,0,,,text,SiliconFlow
15115,-77,171,0,0,0,,,text,SiliconFlow
15116,-77,173,0,0,0,,,text,SiliconFlow
15117,-77,175,0,0,0,,,text,SiliconFlow
15118,-77,177,0,0,0,,,text,SiliconFlow
15119,-77,179,0,0,0,,,text,SiliconFlow
15120,-79,-179,0,0,0,,,text,SiliconFlow
15121,-79,-177,0,0,0,,,text,SiliconFlow
15122,-79,-175,0,0,0,,,text,SiliconFlow
15123,-79,-173,0,0,0,,,text,SiliconFlow
15124,-79,-171,0,0,0,,,text,SiliconFlow
15125,-79,-169,0,0,0,,,text,SiliconFlow
15126,-79,-167,0,0,0,,,text,SiliconFlow
15127,-79,-165,0,0,0,,,text,SiliconFlow
15128,-79,-163,1,1,0,,,text,SiliconFlow
15129,-79,-161,0,0,0,,,text,SiliconFlow
15130,-79,-159,0,0,0,,,text,SiliconFlow
15131,-79,-157,0,0,0,,,text,SiliconFlow
15132,-79,-155,0,0,0,,,text,SiliconFlow
15133,-79,-153,1,1,0,,,text,SiliconFlow
15134,-79,-151,1,1,0,,,text,SiliconFlow
15135,-79,-149,1,1,0,,,text,SiliconFlow
15136,-79,-147,1,1,0,,,text,SiliconFlow
15137,-79,-145,1,1,0,,,text,SiliconFlow
15138,-79,-143,1,1,0,,,text,SiliconFlow
15139,-79,-141,1,1,0,,,text,SiliconFlow
15140,-79,-139,1,1,0,,,text,SiliconFlow
15141,-79,-137,1,1,0,,,text,SiliconFlow
15142,-79,-135,1,1,0,,,text,SiliconFlow
15143,-79,-133,1,1,0,,,text,SiliconFlow
15144,-79,-131,1,1,0,,,text,SiliconFlow
15145,-79,-129,1,1,0,,,text,SiliconFlow
15146,-79,-127,1,1,0,,,text,SiliconFlow
15147,-79,-125,1,1,0,,,text,SiliconFlow
15148,-79,-123,1,1,0,,,text,SiliconFlow
15149,-79,-121,1,1,0,,,text,SiliconFlow
15150,-79,-119,1,1,0,,,text,SiliconFlow
15151,-79,-117,1,1,0,,,text,SiliconFlow
15152,-79,-115,1,1,0,,,text,SiliconFlow
15153,-79,-113,1,1,0,,,text,SiliconFlow
15154,-79,-111,1,1,0,,,text,SiliconFlow
15155,-79,-109,1,1,0,,,text,SiliconFlow
15156,-79,-107,1,1,0,,,text,SiliconFlow
15157,-79,-105,1,1,0,,,text,SiliconFlow
15158,-79,-103,1,1,0,,,text,SiliconFlow
15159,-79,-101,1,1,0,,,text,SiliconFlow
15160,-79,-99,1,1,0,,,text,SiliconFlow
15161,-79,-97,1,1,0,,,text,SiliconFlow
15162,-79,-95,1,1,0,,,text,SiliconFlow
15163,-79,-93,1,1,0,,,text,SiliconFlow
15164,-79,-91,1,1,0,,,text,SiliconFlow
15165,-79,-89,1,1,0,,,text,SiliconFlow
15166,-79,-87,1,1,0,,,text,SiliconFlow
15167,-79,-85,1,1,0,,,text,SiliconFlow
15168,-79,-83,1,1,0,,,text,SiliconFlow
15169,-79,-81,0,0,0,,,text,SiliconFlow
15170,-79,-79,0,0,0,,,text,SiliconFlow
15171,-79,-77,0,0,0,,,text,SiliconFlow
15172,-79,-75,0,0,0,,,text,SiliconFlow
15173,-79,-73,0,0,0,,,text,SiliconFlow
15174,-79,-71,1,1,0,,,text,SiliconFlow
15175,-79,-69,1,1,0,,,text,SiliconFlow
15176,-79,-67,0,0,0,,,text,SiliconFlow
15177,-79,-65,0,0,0,,,text,SiliconFlow
15178,-79,-63,0,0,0,,,text,SiliconFlow
15179,-79,-61,0,0,0,,,text,SiliconFlow
15180,-79,-59,0,0,0,,,text,SiliconFlow
15181,-79,-57,0,0,0,,,text,SiliconFlow
15182,-79,-55,0,0,0,,,text,SiliconFlow
15183,-79,-53,0,0,0,,,text,SiliconFlow
15184,-79,-51,0,0,0,,,text,SiliconFlow
15185,-79,-49,1,1,0,,,text,SiliconFlow
15186,-79,-47,1,1,0,,,text,SiliconFlow
15187,-79,-45,1,1,0,,,text,SiliconFlow
15188,-79,-43,0,0,0,,,text,SiliconFlow
15189,-79,-41,0,0,0,,,text,SiliconFlow
15190,-79,-39,0,0,0,,,text,SiliconFlow
15191,-79,-37,0,0,0,,,text,SiliconFlow
15192,-79,-35,0,0,0,,,text,SiliconFlow
15193,-79,-33,1,1,0,,,text,SiliconFlow
15194,-79,-31,1,1,0,,,text,SiliconFlow
15195,-79,-29,1,1,0,,,text,SiliconFlow
15196,-79,-27,1,1,0,,,text,SiliconFlow
15197,-79,-25,1,1,0,,,text,SiliconFlow
15198,-79,-23,1,1,0,,,text,SiliconFlow
15199,-79,-21,1,1,0,,,text,SiliconFlow
15200,-79,-19,1,1,0,,,text,SiliconFlow
15201,-79,-17,1,1,0,,,text,SiliconFlow
15202,-79,-15,1,1,0,,,text,SiliconFlow
15203,-79,-13,1,1,0,,,text,SiliconFlow
15204,-79,-11,1,1,0,,,text,SiliconFlow
15205,-79,-9,1,1,0,,,text,SiliconFlow
15206,-79,-7,1,1,0,,,text,SiliconFlow
15207,-79,-5,1,1,0,,,text,SiliconFlow
15208,-79,-3,1,1,0,,,text,SiliconFlow
15209,-79,-1,1,1,0,,,text,SiliconFlow
15210,-79,1,1,1,0,,,text,SiliconFlow
15211,-79,3,1,1,0,,,text,SiliconFlow
15212,-79,5,1,1,0,,,text,SiliconFlow
15213,-79,7,1,1,0,,,text,SiliconFlow
15214,-79,9,1,1,0,,,text,SiliconFlow
15215,-79,11,1,1,0,,,text,SiliconFlow
15216,-79,13,1,1,0,,,text,SiliconFlow
15217,-79,15,1,1,0,,,text,SiliconFlow
15218,-79,17,1,1,0,,,text,SiliconFlow
15219,-79,19,1,1,0,,,text,SiliconFlow
15220,-79,21,1,1,0,,,text,SiliconFlow
15221,-79,23,1,1,0,,,text,SiliconFlow
15222,-79,25,1,1,0,,,text,SiliconFlow
15223,-79,27,1,1,0,,,text,SiliconFlow
15224,-79,29,1,1,0,,,text,SiliconFlow
15225,-79,31,1,1,0,,,text,SiliconFlow
15226,-79,33,1,1,0,,,text,SiliconFlow
15227,-79,35,1,1,1,,,text,SiliconFlow
15228,-79,37,1,1,1,,,text,SiliconFlow
15229,-79,39,1,1,1,,,text,SiliconFlow
15230,-79,41,1,1,1,,,text,SiliconFlow
15231,-79,43,1,1,0,,,text,SiliconFlow
15232,-79,45,1,1,1,,,text,SiliconFlow
15233,-79,47,1,1,1,,,text,SiliconFlow
15234,-79,49,1,1,1,,,text,SiliconFlow
15235,-79,51,1,1,0,,,text,SiliconFlow
15236,-79,53,1,1,0,,,text,SiliconFlow
15237,-79,55,1,1,0,,,text,SiliconFlow
15238,-79,57,1,1,0,,,text,SiliconFlow
15239,-79,59,1,1,0,,,text,SiliconFlow
15240,-79,61,1,1,0,,,text,SiliconFlow
15241,-79,63,1,1,0,,,text,SiliconFlow
15242,-79,65,1,1,0,,,text,SiliconFlow
15243,-79,67,1,1,0,,,text,SiliconFlow
15244,-79,69,1,1,0,,,text,SiliconFlow
15245,-79,71,1,1,0,,,text,SiliconFlow
15246,-79,73,1,1,0,,,text,SiliconFlow
15247,-79,75,1,1,0,,,text,SiliconFlow
15248,-79,77,1,1,0,,,text,SiliconFlow
15249,-79,79,1,1,0,,,text,SiliconFlow
15250,-79,81,1,1,0,,,text,SiliconFlow
15251,-79,83,1,1,0,,,text,SiliconFlow
15252,-79,85,1,1,0,,,text,SiliconFlow
15253,-79,87,1,1,0,,,text,SiliconFlow
15254,-79,89,1,1,0,,,text,SiliconFlow
15255,-79,91,1,1,0,,,text,SiliconFlow
15256,-79,93,1,1,0,,,text,SiliconFlow
15257,-79,95,1,1,0,,,text,SiliconFlow
15258,-79,97,1,1,0,,,text,SiliconFlow
15259,-79,99,1,1,0,,,text,SiliconFlow
15260,-79,101,1,1,0,,,text,SiliconFlow
15261,-79,103,1,1,0,,,text,SiliconFlow
15262,-79,105,1,1,0,,,text,SiliconFlow
15263,-79,107,1,1,0,,,text,SiliconFlow
15264,-79,109,1,1,0,,,text,SiliconFlow
15265,-79,111,1,1,0,,,text,SiliconFlow
15266,-79,113,1,1,0,,,text,SiliconFlow
15267,-79,115,1,1,0,,,text,SiliconFlow
15268,-79,117,1,1,0,,,text,SiliconFlow
15269,-79,119,1,1,0,,,text,SiliconFlow
15270,-79,121,1,1,0,,,text,SiliconFlow
15271,-79,123,1,1,0,,,text,SiliconFlow
15272,-79,125,1,1,0,,,text,SiliconFlow
15273,-79,127,1,1,0,,,text,SiliconFlow
15274,-79,129,1,1,0,,,text,SiliconFlow
15275,-79,131,1,1,0,,,text,SiliconFlow
15276,-79,133,1,1,0,,,text,SiliconFlow
15277,-79,135,1,1,0,,,text,SiliconFlow
15278,-79,137,1,1,0,,,text,SiliconFlow
15279,-79,139,1,1,0,,,text,SiliconFlow
15280,-79,141,1,1,0,,,text,SiliconFlow
15281,-79,143,1,1,0,,,text,SiliconFlow
15282,-79,145,1,1,0,,,text,SiliconFlow
15283,-79,147,1,1,0,,,text,SiliconFlow
15284,-79,149,1,1,0,,,text,SiliconFlow
15285,-79,151,1,1,0,,,text,SiliconFlow
15286,-79,153,1,1,0,,,text,SiliconFlow
15287,-79,155,1,1,0,,,text,SiliconFlow
15288,-79,157,1,1,0,,,text,SiliconFlow
15289,-79,159,1,1,0,,,text,SiliconFlow
15290,-79,161,1,1,0,,,text,SiliconFlow
15291,-79,163,0,0,0,,,text,SiliconFlow
15292,-79,165,0,0,0,,,text,SiliconFlow
15293,-79,167,0,0,0,,,text,SiliconFlow
15294,-79,169,0,0,0,,,text,SiliconFlow
15295,-79,171,0,0,0,,,text,SiliconFlow
15296,-79,173,0,0,0,,,text,SiliconFlow
15297,-79,175,0,0,0,,,text,SiliconFlow
15298,-79,177,0,0,0,,,text,SiliconFlow
15299,-79,179,0,0,0,,,text,SiliconFlow
15300,-81,-179,0,0,0,,,text,SiliconFlow
15301,-81,-177,0,0,0,,,text,SiliconFlow
15302,-81,-175,0,0,0,,,text,SiliconFlow
15303,-81,-173,0,0,0,,,text,SiliconFlow
15304,-81,-171,0,0,0,,,text,SiliconFlow
15305,-81,-169,0,0,0,,,text,SiliconFlow
15306,-81,-167,0,0,0,,,text,SiliconFlow
15307,-81,-165,0,0,0,,,text,SiliconFlow
15308,-81,-163,0,0,0,,,text,SiliconFlow
15309,-81,-161,0,0,0,,,text,SiliconFlow
15310,-81,-159,0,0,0,,,text,SiliconFlow
15311,-81,-157,0,0,0,,,text,SiliconFlow
15312,-81,-155,0,0,0,,,text,SiliconFlow
15313,-81,-153,0,0,0,,,text,SiliconFlow
15314,-81,-151,0,0,0,,,text,SiliconFlow
15315,-81,-149,1,1,0,,,text,SiliconFlow
15316,-81,-147,1,1,0,,,text,SiliconFlow
15317,-81,-145,1,1,0,,,text,SiliconFlow
15318,-81,-143,1,1,0,,,text,SiliconFlow
15319,-81,-141,1,1,0,,,text,SiliconFlow
15320,-81,-139,1,1,0,,,text,SiliconFlow
15321,-81,-137,1,1,0,,,text,SiliconFlow
15322,-81,-135,1,1,0,,,text,SiliconFlow
15323,-81,-133,1,1,0,,,text,SiliconFlow
15324,-81,-131,1,1,0,,,text,SiliconFlow
15325,-81,-129,1,1,0,,,text,SiliconFlow
15326,-81,-127,1,1,0,,,text,SiliconFlow
15327,-81,-125,1,1,0,,,text,SiliconFlow
15328,-81,-123,1,1,0,,,text,SiliconFlow
15329,-81,-121,1,1,0,,,text,SiliconFlow
15330,-81,-119,1,1,0,,,text,SiliconFlow
15331,-81,-117,1,1,0,,,text,SiliconFlow
15332,-81,-115,1,1,0,,,text,SiliconFlow
15333,-81,-113,1,1,0,,,text,SiliconFlow
15334,-81,-111,1,1,0,,,text,SiliconFlow
15335,-81,-109,1,1,0,,,text,SiliconFlow
15336,-81,-107,1,1,0,,,text,SiliconFlow
15337,-81,-105,1,1,0,,,text,SiliconFlow
15338,-81,-103,1,1,0,,,text,SiliconFlow
15339,-81,-101,1,1,0,,,text,SiliconFlow
15340,-81,-99,1,1,0,,,text,SiliconFlow
15341,-81,-97,1,1,0,,,text,SiliconFlow
15342,-81,-95,1,1,0,,,text,SiliconFlow
15343,-81,-93,1,1,0,,,text,SiliconFlow
15344,-81,-91,1,1,0,,,text,SiliconFlow
15345,-81,-89,1,1,0,,,text,SiliconFlow
15346,-81,-87,1,1,0,,,text,SiliconFlow
15347,-81,-85,1,1,0,,,text,SiliconFlow
15348,-81,-83,1,1,0,,,text,SiliconFlow
15349,-81,-81,1,1,0,,,text,SiliconFlow
15350,-81,-79,1,1,0,,,text,SiliconFlow
15351,-81,-77,1,1,0,,,text,SiliconFlow
15352,-81,-75,1,1,0,,,text,SiliconFlow
15353,-81,-73,1,1,0,,,text,SiliconFlow
15354,-81,-71,0,0,0,,,text,SiliconFlow
15355,-81,-69,0,0,0,,,text,SiliconFlow
15356,-81,-67,0,0,0,,,text,SiliconFlow
15357,-81,-65,0,0,0,,,text,SiliconFlow
15358,-81,-63,0,0,0,,,text,SiliconFlow
15359,-81,-61,0,0,0,,,text,SiliconFlow
15360,-81,-59,0,0,0,,,text,SiliconFlow
15361,-81,-57,0,0,0,,,text,SiliconFlow
15362,-81,-55,0,0,0,,,text,SiliconFlow
15363,-81,-53,0,0,0,,,text,SiliconFlow
15364,-81,-51,0,0,0,,,text,SiliconFlow
15365,-81,-49,0,0,0,,,text,SiliconFlow
15366,-81,-47,0,0,0,,,text,SiliconFlow
15367,-81,-45,0,0,0,,,text,SiliconFlow
15368,-81,-43,0,0,0,,,text,SiliconFlow
15369,-81,-41,0,0,0,,,text,SiliconFlow
15370,-81,-39,1,1,0,,,text,SiliconFlow
15371,-81,-37,1,1,0,,,text,SiliconFlow
15372,-81,-35,1,1,0,,,text,SiliconFlow
15373,-81,-33,1,1,0,,,text,SiliconFlow
15374,-81,-31,1,1,0,,,text,SiliconFlow
15375,-81,-29,1,1,0,,,text,SiliconFlow
15376,-81,-27,1,1,0,,,text,SiliconFlow
15377,-81,-25,1,1,0,,,text,SiliconFlow
15378,-81,-23,1,1,0,,,text,SiliconFlow
15379,-81,-21,1,1,0,,,text,SiliconFlow
15380,-81,-19,1,1,0,,,text,SiliconFlow
15381,-81,-17,1,1,0,,,text,SiliconFlow
15382,-81,-15,1,1,0,,,text,SiliconFlow
15383,-81,-13,1,1,0,,,text,SiliconFlow
15384,-81,-11,1,1,0,,,text,SiliconFlow
15385,-81,-9,1,1,0,,,text,SiliconFlow
15386,-81,-7,1,1,0,,,text,SiliconFlow
15387,-81,-5,1,1,0,,,text,SiliconFlow
15388,-81,-3,1,1,0,,,text,SiliconFlow
15389,-81,-1,1,1,0,,,text,SiliconFlow
15390,-81,1,1,1,0,,,text,SiliconFlow
15391,-81,3,1,1,0,,,text,SiliconFlow
15392,-81,5,1,1,0,,,text,SiliconFlow
15393,-81,7,1,1,0,,,text,SiliconFlow
15394,-81,9,1,1,0,,,text,SiliconFlow
15395,-81,11,1,1,0,,,text,SiliconFlow
15396,-81,13,1,1,0,,,text,SiliconFlow
15397,-81,15,1,1,0,,,text,SiliconFlow
15398,-81,17,1,1,0,,,text,SiliconFlow
15399,-81,19,1,1,0,,,text,SiliconFlow
15400,-81,21,1,1,0,,,text,SiliconFlow
15401,-81,23,1,1,0,,,text,SiliconFlow
15402,-81,25,1,1,0,,,text,SiliconFlow
15403,-81,27,1,1,0,,,text,SiliconFlow
15404,-81,29,1,1,0,,,text,SiliconFlow
15405,-81,31,1,1,0,,,text,SiliconFlow
15406,-81,33,1,1,1,,,text,SiliconFlow
15407,-81,35,1,1,1,,,text,SiliconFlow
15408,-81,37,1,1,1,,,text,SiliconFlow
15409,-81,39,1,1,1,,,text,SiliconFlow
15410,-81,41,1,1,1,,,text,SiliconFlow
15411,-81,43,1,1,0,,,text,SiliconFlow
15412,-81,45,1,1,0,,,text,SiliconFlow
15413,-81,47,1,1,1,,,text,SiliconFlow
15414,-81,49,1,1,0,,,text,SiliconFlow
15415,-81,51,1,1,0,,,text,SiliconFlow
15416,-81,53,1,1,0,,,text,SiliconFlow
15417,-81,55,1,1,0,,,text,SiliconFlow
15418,-81,57,1,1,0,,,text,SiliconFlow
15419,-81,59,1,1,0,,,text,SiliconFlow
15420,-81,61,1,1,0,,,text,SiliconFlow
15421,-81,63,1,1,0,,,text,SiliconFlow
15422,-81,65,1,1,0,,,text,SiliconFlow
15423,-81,67,1,1,0,,,text,SiliconFlow
15424,-81,69,1,1,0,,,text,SiliconFlow
15425,-81,71,1,1,0,,,text,SiliconFlow
15426,-81,73,1,1,0,,,text,SiliconFlow
15427,-81,75,1,1,0,,,text,SiliconFlow
15428,-81,77,1,1,0,,,text,SiliconFlow
15429,-81,79,1,1,0,,,text,SiliconFlow
15430,-81,81,1,1,0,,,text,SiliconFlow
15431,-81,83,1,1,0,,,text,SiliconFlow
15432,-81,85,1,1,0,,,text,SiliconFlow
15433,-81,87,1,1,0,,,text,SiliconFlow
15434,-81,89,1,1,0,,,text,SiliconFlow
15435,-81,91,1,1,0,,,text,SiliconFlow
15436,-81,93,1,1,0,,,text,SiliconFlow
15437,-81,95,1,1,0,,,text,SiliconFlow
15438,-81,97,1,1,0,,,text,SiliconFlow
15439,-81,99,1,1,0,,,text,SiliconFlow
15440,-81,101,1,1,0,,,text,SiliconFlow
15441,-81,103,1,1,0,,,text,SiliconFlow
15442,-81,105,1,1,0,,,text,SiliconFlow
15443,-81,107,1,1,0,,,text,SiliconFlow
15444,-81,109,1,1,0,,,text,SiliconFlow
15445,-81,111,1,1,0,,,text,SiliconFlow
15446,-81,113,1,1,0,,,text,SiliconFlow
15447,-81,115,1,1,0,,,text,SiliconFlow
15448,-81,117,1,1,0,,,text,SiliconFlow
15449,-81,119,1,1,0,,,text,SiliconFlow
15450,-81,121,1,1,0,,,text,SiliconFlow
15451,-81,123,1,1,0,,,text,SiliconFlow
15452,-81,125,1,1,0,,,text,SiliconFlow
15453,-81,127,1,1,0,,,text,SiliconFlow
15454,-81,129,1,1,0,,,text,SiliconFlow
15455,-81,131,1,1,0,,,text,SiliconFlow
15456,-81,133,1,1,0,,,text,SiliconFlow
15457,-81,135,1,1,0,,,text,SiliconFlow
15458,-81,137,1,1,0,,,text,SiliconFlow
15459,-81,139,1,1,0,,,text,SiliconFlow
15460,-81,141,1,1,0,,,text,SiliconFlow
15461,-81,143,1,1,0,,,text,SiliconFlow
15462,-81,145,1,1,0,,,text,SiliconFlow
15463,-81,147,1,1,0,,,text,SiliconFlow
15464,-81,149,1,1,0,,,text,SiliconFlow
15465,-81,151,1,1,0,,,text,SiliconFlow
15466,-81,153,1,1,0,,,text,SiliconFlow
15467,-81,155,1,1,0,,,text,SiliconFlow
15468,-81,157,1,1,0,,,text,SiliconFlow
15469,-81,159,1,1,0,,,text,SiliconFlow
15470,-81,161,0,0,0,,,text,SiliconFlow
15471,-81,163,0,0,0,,,text,SiliconFlow
15472,-81,165,0,0,0,,,text,SiliconFlow
15473,-81,167,0,0,0,,,text,SiliconFlow
15474,-81,169,0,0,0,,,text,SiliconFlow
15475,-81,171,0,0,0,,,text,SiliconFlow
15476,-81,173,0,0,0,,,text,SiliconFlow
15477,-81,175,0,0,0,,,text,SiliconFlow
15478,-81,177,0,0,0,,,text,SiliconFlow
15479,-81,179,0,0,0,,,text,SiliconFlow
15480,-83,-179,0,0,0,,,text,SiliconFlow
15481,-83,-177,0,0,0,,,text,SiliconFlow
15482,-83,-175,0,0,0,,,text,SiliconFlow
15483,-83,-173,0,0,0,,,text,SiliconFlow
15484,-83,-171,0,0,0,,,text,SiliconFlow
15485,-83,-169,0,0,0,,,text,SiliconFlow
15486,-83,-167,0,0,0,,,text,SiliconFlow
15487,-83,-165,0,0,0,,,text,SiliconFlow
15488,-83,-163,0,0,0,,,text,SiliconFlow
15489,-83,-161,0,0,0,,,text,SiliconFlow
15490,-83,-159,0,0,0,,,text,SiliconFlow
15491,-83,-157,0,0,0,,,text,SiliconFlow
15492,-83,-155,1,1,0,,,text,SiliconFlow
15493,-83,-153,1,1,0,,,text,SiliconFlow
15494,-83,-151,1,1,0,,,text,SiliconFlow
15495,-83,-149,1,1,0,,,text,SiliconFlow
15496,-83,-147,1,1,0,,,text,SiliconFlow
15497,-83,-145,1,1,0,,,text,SiliconFlow
15498,-83,-143,1,1,0,,,text,SiliconFlow
15499,-83,-141,1,1,0,,,text,SiliconFlow
15500,-83,-139,1,1,0,,,text,SiliconFlow
15501,-83,-137,1,1,0,,,text,SiliconFlow
15502,-83,-135,1,1,0,,,text,SiliconFlow
15503,-83,-133,1,1,0,,,text,SiliconFlow
15504,-83,-131,1,1,0,,,text,SiliconFlow
15505,-83,-129,1,1,0,,,text,SiliconFlow
15506,-83,-127,1,1,0,,,text,SiliconFlow
15507,-83,-125,1,1,0,,,text,SiliconFlow
15508,-83,-123,1,1,0,,,text,SiliconFlow
15509,-83,-121,1,1,0,,,text,SiliconFlow
15510,-83,-119,1,1,0,,,text,SiliconFlow
15511,-83,-117,1,1,0,,,text,SiliconFlow
15512,-83,-115,1,1,0,,,text,SiliconFlow
15513,-83,-113,1,1,0,,,text,SiliconFlow
15514,-83,-111,1,1,0,,,text,SiliconFlow
15515,-83,-109,1,1,0,,,text,SiliconFlow
15516,-83,-107,1,1,0,,,text,SiliconFlow
15517,-83,-105,1,1,0,,,text,SiliconFlow
15518,-83,-103,1,1,0,,,text,SiliconFlow
15519,-83,-101,1,1,0,,,text,SiliconFlow
15520,-83,-99,1,1,0,,,text,SiliconFlow
15521,-83,-97,1,1,0,,,text,SiliconFlow
15522,-83,-95,1,1,0,,,text,SiliconFlow
15523,-83,-93,1,1,0,,,text,SiliconFlow
15524,-83,-91,1,1,0,,,text,SiliconFlow
15525,-83,-89,1,1,0,,,text,SiliconFlow
15526,-83,-87,1,1,0,,,text,SiliconFlow
15527,-83,-85,1,1,0,,,text,SiliconFlow
15528,-83,-83,1,1,0,,,text,SiliconFlow
15529,-83,-81,1,1,0,,,text,SiliconFlow
15530,-83,-79,1,1,0,,,text,SiliconFlow
15531,-83,-77,1,1,0,,,text,SiliconFlow
15532,-83,-75,1,1,0,,,text,SiliconFlow
15533,-83,-73,1,1,0,,,text,SiliconFlow
15534,-83,-71,1,1,0,,,text,SiliconFlow
15535,-83,-69,1,1,0,,,text,SiliconFlow
15536,-83,-67,1,1,0,,,text,SiliconFlow
15537,-83,-65,1,1,0,,,text,SiliconFlow
15538,-83,-63,1,1,0,,,text,SiliconFlow
15539,-83,-61,0,0,0,,,text,SiliconFlow
15540,-83,-59,0,0,0,,,text,SiliconFlow
15541,-83,-57,1,1,0,,,text,SiliconFlow
15542,-83,-55,1,1,0,,,text,SiliconFlow
15543,-83,-53,1,1,0,,,text,SiliconFlow
15544,-83,-51,1,1,0,,,text,SiliconFlow
15545,-83,-49,1,1,0,,,text,SiliconFlow
15546,-83,-47,1,1,0,,,text,SiliconFlow
15547,-83,-45,1,1,0,,,text,SiliconFlow
15548,-83,-43,1,1,0,,,text,SiliconFlow
15549,-83,-41,1,1,0,,,text,SiliconFlow
15550,-83,-39,1,1,0,,,text,SiliconFlow
15551,-83,-37,1,1,0,,,text,SiliconFlow
15552,-83,-35,1,1,0,,,text,SiliconFlow
15553,-83,-33,1,1,0,,,text,SiliconFlow
15554,-83,-31,1,1,0,,,text,SiliconFlow
15555,-83,-29,1,1,0,,,text,SiliconFlow
15556,-83,-27,1,1,0,,,text,SiliconFlow
15557,-83,-25,1,1,0,,,text,SiliconFlow
15558,-83,-23,1,1,0,,,text,SiliconFlow
15559,-83,-21,1,1,0,,,text,SiliconFlow
15560,-83,-19,1,1,0,,,text,SiliconFlow
15561,-83,-17,1,1,0,,,text,SiliconFlow
15562,-83,-15,1,1,0,,,text,SiliconFlow
15563,-83,-13,1,1,0,,,text,SiliconFlow
15564,-83,-11,1,1,0,,,text,SiliconFlow
15565,-83,-9,1,1,0,,,text,SiliconFlow
15566,-83,-7,1,1,0,,,text,SiliconFlow
15567,-83,-5,1,1,0,,,text,SiliconFlow
15568,-83,-3,1,1,0,,,text,SiliconFlow
15569,-83,-1,1,1,0,,,text,SiliconFlow
15570,-83,1,1,1,0,,,text,SiliconFlow
15571,-83,3,1,1,0,,,text,SiliconFlow
15572,-83,5,1,1,0,,,text,SiliconFlow
15573,-83,7,1,1,0,,,text,SiliconFlow
15574,-83,9,1,1,0,,,text,SiliconFlow
15575,-83,11,1,1,0,,,text,SiliconFlow
15576,-83,13,1,1,0,,,text,SiliconFlow
15577,-83,15,1,1,0,,,text,SiliconFlow
15578,-83,17,1,1,0,,,text,SiliconFlow
15579,-83,19,1,1,0,,,text,SiliconFlow
15580,-83,21,1,1,0,,,text,SiliconFlow
15581,-83,23,1,1,0,,,text,SiliconFlow
15582,-83,25,1,1,0,,,text,SiliconFlow
15583,-83,27,1,1,0,,,text,SiliconFlow
15584,-83,29,1,1,1,,,text,SiliconFlow
15585,-83,31,1,1,1,,,text,SiliconFlow
15586,-83,33,1,1,1,,,text,SiliconFlow
15587,-83,35,1,1,1,,,text,SiliconFlow
15588,-83,37,1,1,1,,,text,SiliconFlow
15589,-83,39,1,1,1,,,text,SiliconFlow
15590,-83,41,1,1,1,,,text,SiliconFlow
15591,-83,43,1,1,0,,,text,SiliconFlow
15592,-83,45,1,1,0,,,text,SiliconFlow
15593,-83,47,1,1,0,,,text,SiliconFlow
15594,-83,49,1,1,0,,,text,SiliconFlow
15595,-83,51,1,1,0,,,text,SiliconFlow
15596,-83,53,1,1,0,,,text,SiliconFlow
15597,-83,55,1,1,0,,,text,SiliconFlow
15598,-83,57,1,1,0,,,text,SiliconFlow
15599,-83,59,1,1,0,,,text,SiliconFlow
15600,-83,61,1,1,0,,,text,SiliconFlow
15601,-83,63,1,1,0,,,text,SiliconFlow
15602,-83,65,1,1,0,,,text,SiliconFlow
15603,-83,67,1,1,0,,,text,SiliconFlow
15604,-83,69,1,1,0,,,text,SiliconFlow
15605,-83,71,1,1,0,,,text,SiliconFlow
15606,-83,73,1,1,0,,,text,SiliconFlow
15607,-83,75,1,1,0,,,text,SiliconFlow
15608,-83,77,1,1,0,,,text,SiliconFlow
15609,-83,79,1,1,0,,,text,SiliconFlow
15610,-83,81,1,1,0,,,text,SiliconFlow
15611,-83,83,1,1,0,,,text,SiliconFlow
15612,-83,85,1,1,0,,,text,SiliconFlow
15613,-83,87,1,1,0,,,text,SiliconFlow
15614,-83,89,1,1,0,,,text,SiliconFlow
15615,-83,91,1,1,0,,,text,SiliconFlow
15616,-83,93,1,1,0,,,text,SiliconFlow
15617,-83,95,1,1,0,,,text,SiliconFlow
15618,-83,97,1,1,0,,,text,SiliconFlow
15619,-83,99,1,1,0,,,text,SiliconFlow
15620,-83,101,1,1,0,,,text,SiliconFlow
15621,-83,103,1,1,0,,,text,SiliconFlow
15622,-83,105,1,1,0,,,text,SiliconFlow
15623,-83,107,1,1,0,,,text,SiliconFlow
15624,-83,109,1,1,0,,,text,SiliconFlow
15625,-83,111,1,1,0,,,text,SiliconFlow
15626,-83,113,1,1,0,,,text,SiliconFlow
15627,-83,115,1,1,0,,,text,SiliconFlow
15628,-83,117,1,1,0,,,text,SiliconFlow
15629,-83,119,1,1,0,,,text,SiliconFlow
15630,-83,121,1,1,0,,,text,SiliconFlow
15631,-83,123,1,1,0,,,text,SiliconFlow
15632,-83,125,1,1,0,,,text,SiliconFlow
15633,-83,127,1,1,0,,,text,SiliconFlow
15634,-83,129,1,1,0,,,text,SiliconFlow
15635,-83,131,1,1,0,,,text,SiliconFlow
15636,-83,133,1,1,0,,,text,SiliconFlow
15637,-83,135,1,1,0,,,text,SiliconFlow
15638,-83,137,1,1,0,,,text,SiliconFlow
15639,-83,139,1,1,0,,,text,SiliconFlow
15640,-83,141,1,1,0,,,text,SiliconFlow
15641,-83,143,1,1,0,,,text,SiliconFlow
15642,-83,145,1,1,0,,,text,SiliconFlow
15643,-83,147,1,1,0,,,text,SiliconFlow
15644,-83,149,1,1,0,,,text,SiliconFlow
15645,-83,151,1,1,0,,,text,SiliconFlow
15646,-83,153,1,1,0,,,text,SiliconFlow
15647,-83,155,1,1,0,,,text,SiliconFlow
15648,-83,157,1,1,0,,,text,SiliconFlow
15649,-83,159,1,1,0,,,text,SiliconFlow
15650,-83,161,1,1,0,,,text,SiliconFlow
15651,-83,163,1,1,0,,,text,SiliconFlow
15652,-83,165,1,1,0,,,text,SiliconFlow
15653,-83,167,1,1,0,,,text,SiliconFlow
15654,-83,169,0,0,0,,,text,SiliconFlow
15655,-83,171,0,0,0,,,text,SiliconFlow
15656,-83,173,0,0,0,,,text,SiliconFlow
15657,-83,175,0,0,0,,,text,SiliconFlow
15658,-83,177,0,0,0,,,text,SiliconFlow
15659,-83,179,0,0,0,,,text,SiliconFlow
15660,-85,-179,1,1,0,,,text,SiliconFlow
15661,-85,-177,1,1,0,,,text,SiliconFlow
15662,-85,-175,1,1,0,,,text,SiliconFlow
15663,-85,-173,1,1,0,,,text,SiliconFlow
15664,-85,-171,1,1,0,,,text,SiliconFlow
15665,-85,-169,1,1,0,,,text,SiliconFlow
15666,-85,-167,1,1,0,,,text,SiliconFlow
15667,-85,-165,1,1,0,,,text,SiliconFlow
15668,-85,-163,0,0,0,,,text,SiliconFlow
15669,-85,-161,0,0,0,,,text,SiliconFlow
15670,-85,-159,0,0,0,,,text,SiliconFlow
15671,-85,-157,0,0,0,,,text,SiliconFlow
15672,-85,-155,0,0,0,,,text,SiliconFlow
15673,-85,-153,0,0,0,,,text,SiliconFlow
15674,-85,-151,0,0,0,,,text,SiliconFlow
15675,-85,-149,1,1,0,,,text,SiliconFlow
15676,-85,-147,1,1,0,,,text,SiliconFlow
15677,-85,-145,1,1,0,,,text,SiliconFlow
15678,-85,-143,1,1,0,,,text,SiliconFlow
15679,-85,-141,1,1,0,,,text,SiliconFlow
15680,-85,-139,1,1,0,,,text,SiliconFlow
15681,-85,-137,1,1,0,,,text,SiliconFlow
15682,-85,-135,1,1,0,,,text,SiliconFlow
15683,-85,-133,1,1,0,,,text,SiliconFlow
15684,-85,-131,1,1,0,,,text,SiliconFlow
15685,-85,-129,1,1,0,,,text,SiliconFlow
15686,-85,-127,1,1,0,,,text,SiliconFlow
15687,-85,-125,1,1,0,,,text,SiliconFlow
15688,-85,-123,1,1,0,,,text,SiliconFlow
15689,-85,-121,1,1,0,,,text,SiliconFlow
15690,-85,-119,1,1,0,,,text,SiliconFlow
15691,-85,-117,1,1,0,,,text,SiliconFlow
15692,-85,-115,1,1,0,,,text,SiliconFlow
15693,-85,-113,1,1,0,,,text,SiliconFlow
15694,-85,-111,1,1,0,,,text,SiliconFlow
15695,-85,-109,1,1,0,,,text,SiliconFlow
15696,-85,-107,1,1,0,,,text,SiliconFlow
15697,-85,-105,1,1,0,,,text,SiliconFlow
15698,-85,-103,1,1,0,,,text,SiliconFlow
15699,-85,-101,1,1,0,,,text,SiliconFlow
15700,-85,-99,1,1,0,,,text,SiliconFlow
15701,-85,-97,1,1,0,,,text,SiliconFlow
15702,-85,-95,1,1,0,,,text,SiliconFlow
15703,-85,-93,1,1,0,,,text,SiliconFlow
15704,-85,-91,1,1,0,,,text,SiliconFlow
15705,-85,-89,1,1,0,,,text,SiliconFlow
15706,-85,-87,1,1,0,,,text,SiliconFlow
15707,-85,-85,1,1,0,,,text,SiliconFlow
15708,-85,-83,1,1,0,,,text,SiliconFlow
15709,-85,-81,1,1,0,,,text,SiliconFlow
15710,-85,-79,1,1,0,,,text,SiliconFlow
15711,-85,-77,1,1,0,,,text,SiliconFlow
15712,-85,-75,1,1,0,,,text,SiliconFlow
15713,-85,-73,1,1,0,,,text,SiliconFlow
15714,-85,-71,1,1,0,,,text,SiliconFlow
15715,-85,-69,1,1,0,,,text,SiliconFlow
15716,-85,-67,1,1,0,,,text,SiliconFlow
15717,-85,-65,1,1,0,,,text,SiliconFlow
15718,-85,-63,1,1,0,,,text,SiliconFlow
15719,-85,-61,1,1,0,,,text,SiliconFlow
15720,-85,-59,1,1,0,,,text,SiliconFlow
15721,-85,-57,1,1,0,,,text,SiliconFlow
15722,-85,-55,1,1,0,,,text,SiliconFlow
15723,-85,-53,1,1,0,,,text,SiliconFlow
15724,-85,-51,1,1,0,,,text,SiliconFlow
15725,-85,-49,1,1,0,,,text,SiliconFlow
15726,-85,-47,1,1,0,,,text,SiliconFlow
15727,-85,-45,1,1,0,,,text,SiliconFlow
15728,-85,-43,1,1,0,,,text,SiliconFlow
15729,-85,-41,1,1,0,,,text,SiliconFlow
15730,-85,-39,1,1,0,,,text,SiliconFlow
15731,-85,-37,1,1,0,,,text,SiliconFlow
15732,-85,-35,1,1,0,,,text,SiliconFlow
15733,-85,-33,1,1,0,,,text,SiliconFlow
15734,-85,-31,1,1,0,,,text,SiliconFlow
15735,-85,-29,1,1,0,,,text,SiliconFlow
15736,-85,-27,1,1,0,,,text,SiliconFlow
15737,-85,-25,1,1,0,,,text,SiliconFlow
15738,-85,-23,1,1,0,,,text,SiliconFlow
15739,-85,-21,1,1,0,,,text,SiliconFlow
15740,-85,-19,1,1,0,,,text,SiliconFlow
15741,-85,-17,1,1,0,,,text,SiliconFlow
15742,-85,-15,1,1,0,,,text,SiliconFlow
15743,-85,-13,1,1,0,,,text,SiliconFlow
15744,-85,-11,1,1,0,,,text,SiliconFlow
15745,-85,-9,1,1,0,,,text,SiliconFlow
15746,-85,-7,1,1,0,,,text,SiliconFlow
15747,-85,-5,1,1,0,,,text,SiliconFlow
15748,-85,-3,1,1,0,,,text,SiliconFlow
15749,-85,-1,1,1,0,,,text,SiliconFlow
15750,-85,1,1,1,0,,,text,SiliconFlow
15751,-85,3,1,1,0,,,text,SiliconFlow
15752,-85,5,1,1,0,,,text,SiliconFlow
15753,-85,7,1,1,0,,,text,SiliconFlow
15754,-85,9,1,1,0,,,text,SiliconFlow
15755,-85,11,1,1,0,,,text,SiliconFlow
15756,-85,13,1,1,0,,,text,SiliconFlow
15757,-85,15,1,1,0,,,text,SiliconFlow
15758,-85,17,1,1,0,,,text,SiliconFlow
15759,-85,19,1,1,0,,,text,SiliconFlow
15760,-85,21,1,1,0,,,text,SiliconFlow
15761,-85,23,1,1,0,,,text,SiliconFlow
15762,-85,25,1,1,0,,,text,SiliconFlow
15763,-85,27,1,1,0,,,text,SiliconFlow
15764,-85,29,1,1,0,,,text,SiliconFlow
15765,-85,31,1,1,1,,,text,SiliconFlow
15766,-85,33,1,1,1,,,text,SiliconFlow
15767,-85,35,1,1,1,,,text,SiliconFlow
15768,-85,37,1,1,1,,,text,SiliconFlow
15769,-85,39,1,1,1,,,text,SiliconFlow
15770,-85,41,1,1,1,,,text,SiliconFlow
15771,-85,43,1,1,1,,,text,SiliconFlow
15772,-85,45,1,1,1,,,text,SiliconFlow
15773,-85,47,1,1,1,,,text,SiliconFlow
15774,-85,49,1,1,1,,,text,SiliconFlow
15775,-85,51,1,1,1,,,text,SiliconFlow
15776,-85,53,1,1,0,,,text,SiliconFlow
15777,-85,55,1,1,0,,,text,SiliconFlow
15778,-85,57,1,1,0,,,text,SiliconFlow
15779,-85,59,1,1,0,,,text,SiliconFlow
15780,-85,61,1,1,0,,,text,SiliconFlow
15781,-85,63,1,1,0,,,text,SiliconFlow
15782,-85,65,1,1,0,,,text,SiliconFlow
15783,-85,67,1,1,0,,,text,SiliconFlow
15784,-85,69,1,1,0,,,text,SiliconFlow
15785,-85,71,1,1,0,,,text,SiliconFlow
15786,-85,73,1,1,0,,,text,SiliconFlow
15787,-85,75,1,1,0,,,text,SiliconFlow
15788,-85,77,1,1,0,,,text,SiliconFlow
15789,-85,79,1,1,0,,,text,SiliconFlow
15790,-85,81,1,1,0,,,text,SiliconFlow
15791,-85,83,1,1,0,,,text,SiliconFlow
15792,-85,85,1,1,0,,,text,SiliconFlow
15793,-85,87,1,1,0,,,text,SiliconFlow
15794,-85,89,1,1,0,,,text,SiliconFlow
15795,-85,91,1,1,0,,,text,SiliconFlow
15796,-85,93,1,1,0,,,text,SiliconFlow
15797,-85,95,1,1,0,,,text,SiliconFlow
15798,-85,97,1,1,0,,,text,SiliconFlow
15799,-85,99,1,1,0,,,text,SiliconFlow
15800,-85,101,1,1,0,,,text,SiliconFlow
15801,-85,103,1,1,0,,,text,SiliconFlow
15802,-85,105,1,1,0,,,text,SiliconFlow
15803,-85,107,1,1,0,,,text,SiliconFlow
15804,-85,109,1,1,0,,,text,SiliconFlow
15805,-85,111,1,1,0,,,text,SiliconFlow
15806,-85,113,1,1,0,,,text,SiliconFlow
15807,-85,115,1,1,0,,,text,SiliconFlow
15808,-85,117,1,1,0,,,text,SiliconFlow
15809,-85,119,1,1,0,,,text,SiliconFlow
15810,-85,121,1,1,0,,,text,SiliconFlow
15811,-85,123,1,1,0,,,text,SiliconFlow
15812,-85,125,1,1,0,,,text,SiliconFlow
15813,-85,127,1,1,0,,,text,SiliconFlow
15814,-85,129,1,1,0,,,text,SiliconFlow
15815,-85,131,1,1,0,,,text,SiliconFlow
15816,-85,133,1,1,0,,,text,SiliconFlow
15817,-85,135,1,1,0,,,text,SiliconFlow
15818,-85,137,1,1,0,,,text,SiliconFlow
15819,-85,139,1,1,0,,,text,SiliconFlow
15820,-85,141,1,1,0,,,text,SiliconFlow
15821,-85,143,1,1,0,,,text,SiliconFlow
15822,-85,145,1,1,0,,,text,SiliconFlow
15823,-85,147,1,1,0,,,text,SiliconFlow
15824,-85,149,1,1,0,,,text,SiliconFlow
15825,-85,151,1,1,0,,,text,SiliconFlow
15826,-85,153,1,1,0,,,text,SiliconFlow
15827,-85,155,1,1,0,,,text,SiliconFlow
15828,-85,157,1,1,0,,,text,SiliconFlow
15829,-85,159,1,1,0,,,text,SiliconFlow
15830,-85,161,1,1,0,,,text,SiliconFlow
15831,-85,163,1,1,0,,,text,SiliconFlow
15832,-85,165,1,1,0,,,text,SiliconFlow
15833,-85,167,1,1,0,,,text,SiliconFlow
15834,-85,169,1,1,0,,,text,SiliconFlow
15835,-85,171,1,1,0,,,text,SiliconFlow
15836,-85,173,1,1,0,,,text,SiliconFlow
15837,-85,175,1,1,0,,,text,SiliconFlow
15838,-85,177,1,1,0,,,text,SiliconFlow
15839,-85,179,1,1,0,,,text,SiliconFlow
15840,-87,-179,1,1,0,,,text,SiliconFlow
15841,-87,-177,1,1,0,,,text,SiliconFlow
15842,-87,-175,1,1,0,,,text,SiliconFlow
15843,-87,-173,1,1,0,,,text,SiliconFlow
15844,-87,-171,1,1,0,,,text,SiliconFlow
15845,-87,-169,1,1,0,,,text,SiliconFlow
15846,-87,-167,1,1,0,,,text,SiliconFlow
15847,-87,-165,1,1,0,,,text,SiliconFlow
15848,-87,-163,1,1,0,,,text,SiliconFlow
15849,-87,-161,1,1,0,,,text,SiliconFlow
15850,-87,-159,1,1,0,,,text,SiliconFlow
15851,-87,-157,1,1,0,,,text,SiliconFlow
15852,-87,-155,1,1,0,,,text,SiliconFlow
15853,-87,-153,1,1,0,,,text,SiliconFlow
15854,-87,-151,1,1,0,,,text,SiliconFlow
15855,-87,-149,1,1,0,,,text,SiliconFlow
15856,-87,-147,1,1,0,,,text,SiliconFlow
15857,-87,-145,1,1,0,,,text,SiliconFlow
15858,-87,-143,1,1,0,,,text,SiliconFlow
15859,-87,-141,1,1,0,,,text,SiliconFlow
15860,-87,-139,1,1,0,,,text,SiliconFlow
15861,-87,-137,1,1,0,,,text,SiliconFlow
15862,-87,-135,1,1,0,,,text,SiliconFlow
15863,-87,-133,1,1,0,,,text,SiliconFlow
15864,-87,-131,1,1,0,,,text,SiliconFlow
15865,-87,-129,1,1,0,,,text,SiliconFlow
15866,-87,-127,1,1,0,,,text,SiliconFlow
15867,-87,-125,1,1,0,,,text,SiliconFlow
15868,-87,-123,1,1,0,,,text,SiliconFlow
15869,-87,-121,1,1,0,,,text,SiliconFlow
15870,-87,-119,1,1,0,,,text,SiliconFlow
15871,-87,-117,1,1,0,,,text,SiliconFlow
15872,-87,-115,1,1,0,,,text,SiliconFlow
15873,-87,-113,1,1,0,,,text,SiliconFlow
15874,-87,-111,1,1,0,,,text,SiliconFlow
15875,-87,-109,1,1,0,,,text,SiliconFlow
15876,-87,-107,1,1,0,,,text,SiliconFlow
15877,-87,-105,1,1,0,,,text,SiliconFlow
15878,-87,-103,1,1,0,,,text,SiliconFlow
15879,-87,-101,1,1,0,,,text,SiliconFlow
15880,-87,-99,1,1,0,,,text,SiliconFlow
15881,-87,-97,1,1,0,,,text,SiliconFlow
15882,-87,-95,1,1,0,,,text,SiliconFlow
15883,-87,-93,1,1,0,,,text,SiliconFlow
15884,-87,-91,1,1,0,,,text,SiliconFlow
15885,-87,-89,1,1,0,,,text,SiliconFlow
15886,-87,-87,1,1,0,,,text,SiliconFlow
15887,-87,-85,1,1,0,,,text,SiliconFlow
15888,-87,-83,1,1,0,,,text,SiliconFlow
15889,-87,-81,1,1,0,,,text,SiliconFlow
15890,-87,-79,1,1,0,,,text,SiliconFlow
15891,-87,-77,1,1,0,,,text,SiliconFlow
15892,-87,-75,1,1,0,,,text,SiliconFlow
15893,-87,-73,1,1,0,,,text,SiliconFlow
15894,-87,-71,1,1,0,,,text,SiliconFlow
15895,-87,-69,1,1,0,,,text,SiliconFlow
15896,-87,-67,1,1,0,,,text,SiliconFlow
15897,-87,-65,1,1,0,,,text,SiliconFlow
15898,-87,-63,1,1,0,,,text,SiliconFlow
15899,-87,-61,1,1,0,,,text,SiliconFlow
15900,-87,-59,1,1,0,,,text,SiliconFlow
15901,-87,-57,1,1,0,,,text,SiliconFlow
15902,-87,-55,1,1,0,,,text,SiliconFlow
15903,-87,-53,1,1,0,,,text,SiliconFlow
15904,-87,-51,1,1,0,,,text,SiliconFlow
15905,-87,-49,1,1,0,,,text,SiliconFlow
15906,-87,-47,1,1,0,,,text,SiliconFlow
15907,-87,-45,1,1,0,,,text,SiliconFlow
15908,-87,-43,1,1,0,,,text,SiliconFlow
15909,-87,-41,1,1,0,,,text,SiliconFlow
15910,-87,-39,1,1,0,,,text,SiliconFlow
15911,-87,-37,1,1,0,,,text,SiliconFlow
15912,-87,-35,1,1,0,,,text,SiliconFlow
15913,-87,-33,1,1,0,,,text,SiliconFlow
15914,-87,-31,1,1,0,,,text,SiliconFlow
15915,-87,-29,1,1,0,,,text,SiliconFlow
15916,-87,-27,1,1,0,,,text,SiliconFlow
15917,-87,-25,1,1,0,,,text,SiliconFlow
15918,-87,-23,1,1,0,,,text,SiliconFlow
15919,-87,-21,1,1,0,,,text,SiliconFlow
15920,-87,-19,1,1,0,,,text,SiliconFlow
15921,-87,-17,1,1,0,,,text,SiliconFlow
15922,-87,-15,1,1,0,,,text,SiliconFlow
15923,-87,-13,1,1,0,,,text,SiliconFlow
15924,-87,-11,1,1,0,,,text,SiliconFlow
15925,-87,-9,1,1,0,,,text,SiliconFlow
15926,-87,-7,1,1,0,,,text,SiliconFlow
15927,-87,-5,1,1,0,,,text,SiliconFlow
15928,-87,-3,1,1,0,,,text,SiliconFlow
15929,-87,-1,1,1,0,,,text,SiliconFlow
15930,-87,1,1,1,0,,,text,SiliconFlow
15931,-87,3,1,1,0,,,text,SiliconFlow
15932,-87,5,1,1,0,,,text,SiliconFlow
15933,-87,7,1,1,0,,,text,SiliconFlow
15934,-87,9,1,1,0,,,text,SiliconFlow
15935,-87,11,1,1,0,,,text,SiliconFlow
15936,-87,13,1,1,0,,,text,SiliconFlow
15937,-87,15,1,1,0,,,text,SiliconFlow
15938,-87,17,1,1,0,,,text,SiliconFlow
15939,-87,19,1,1,0,,,text,SiliconFlow
15940,-87,21,1,1,0,,,text,SiliconFlow
15941,-87,23,1,1,0,,,text,SiliconFlow
15942,-87,25,1,1,0,,,text,SiliconFlow
15943,-87,27,1,1,0,,,text,SiliconFlow
15944,-87,29,1,1,0,,,text,SiliconFlow
15945,-87,31,1,1,1,,,text,SiliconFlow
15946,-87,33,1,1,1,,,text,SiliconFlow
15947,-87,35,1,1,1,,,text,SiliconFlow
15948,-87,37,1,1,1,,,text,SiliconFlow
15949,-87,39,1,1,1,,,text,SiliconFlow
15950,-87,41,1,1,1,,,text,SiliconFlow
15951,-87,43,1,1,0,,,text,SiliconFlow
15952,-87,45,1,1,0,,,text,SiliconFlow
15953,-87,47,1,1,0,,,text,SiliconFlow
15954,-87,49,1,1,0,,,text,SiliconFlow
15955,-87,51,1,1,0,,,text,SiliconFlow
15956,-87,53,1,1,0,,,text,SiliconFlow
15957,-87,55,1,1,0,,,text,SiliconFlow
15958,-87,57,1,1,0,,,text,SiliconFlow
15959,-87,59,1,1,0,,,text,SiliconFlow
15960,-87,61,1,1,0,,,text,SiliconFlow
15961,-87,63,1,1,0,,,text,SiliconFlow
15962,-87,65,1,1,0,,,text,SiliconFlow
15963,-87,67,1,1,0,,,text,SiliconFlow
15964,-87,69,1,1,0,,,text,SiliconFlow
15965,-87,71,1,1,0,,,text,SiliconFlow
15966,-87,73,1,1,0,,,text,SiliconFlow
15967,-87,75,1,1,0,,,text,SiliconFlow
15968,-87,77,1,1,0,,,text,SiliconFlow
15969,-87,79,1,1,0,,,text,SiliconFlow
15970,-87,81,1,1,0,,,text,SiliconFlow
15971,-87,83,1,1,0,,,text,SiliconFlow
15972,-87,85,1,1,0,,,text,SiliconFlow
15973,-87,87,1,1,0,,,text,SiliconFlow
15974,-87,89,1,1,0,,,text,SiliconFlow
15975,-87,91,1,1,0,,,text,SiliconFlow
15976,-87,93,1,1,0,,,text,SiliconFlow
15977,-87,95,1,1,0,,,text,SiliconFlow
15978,-87,97,1,1,0,,,text,SiliconFlow
15979,-87,99,1,1,0,,,text,SiliconFlow
15980,-87,101,1,1,0,,,text,SiliconFlow
15981,-87,103,1,1,0,,,text,SiliconFlow
15982,-87,105,1,1,0,,,text,SiliconFlow
15983,-87,107,1,1,0,,,text,SiliconFlow
15984,-87,109,1,1,0,,,text,SiliconFlow
15985,-87,111,1,1,0,,,text,SiliconFlow
15986,-87,113,1,1,0,,,text,SiliconFlow
15987,-87,115,1,1,0,,,text,SiliconFlow
15988,-87,117,1,1,0,,,text,SiliconFlow
15989,-87,119,1,1,0,,,text,SiliconFlow
15990,-87,121,1,1,0,,,text,SiliconFlow
15991,-87,123,1,1,0,,,text,SiliconFlow
15992,-87,125,1,1,0,,,text,SiliconFlow
15993,-87,127,1,1,0,,,text,SiliconFlow
15994,-87,129,1,1,0,,,text,SiliconFlow
15995,-87,131,1,1,0,,,text,SiliconFlow
15996,-87,133,1,1,0,,,text,SiliconFlow
15997,-87,135,1,1,0,,,text,SiliconFlow
15998,-87,137,1,1,0,,,text,SiliconFlow
15999,-87,139,1,1,0,,,text,SiliconFlow
16000,-87,141,1,1,0,,,text,SiliconFlow
16001,-87,143,1,1,0,,,text,SiliconFlow
16002,-87,145,1,1,0,,,text,SiliconFlow
16003,-87,147,1,1,0,,,text,SiliconFlow
16004,-87,149,1,1,0,,,text,SiliconFlow
16005,-87,151,1,1,0,,,text,SiliconFlow
16006,-87,153,1,1,0,,,text,SiliconFlow
16007,-87,155,1,1,0,,,text,SiliconFlow
16008,-87,157,1,1,0,,,text,SiliconFlow
16009,-87,159,1,1,0,,,text,SiliconFlow
16010,-87,161,1,1,0,,,text,SiliconFlow
16011,-87,163,1,1,0,,,text,SiliconFlow
16012,-87,165,1,1,0,,,text,SiliconFlow
16013,-87,167,1,1,0,,,text,SiliconFlow
16014,-87,169,1,1,0,,,text,SiliconFlow
16015,-87,171,1,1,0,,,text,SiliconFlow
16016,-87,173,1,1,0,,,text,SiliconFlow
16017,-87,175,1,1,0,,,text,SiliconFlow
16018,-87,177,1,1,0,,,text,SiliconFlow
16019,-87,179,1,1,0,,,text,SiliconFlow
16020,-89,-179,1,1,0,,,text,SiliconFlow
16021,-89,-177,1,1,0,,,text,SiliconFlow
16022,-89,-175,1,1,0,,,text,SiliconFlow
16023,-89,-173,1,1,0,,,text,SiliconFlow
16024,-89,-171,1,1,0,,,text,SiliconFlow
16025,-89,-169,1,1,0,,,text,SiliconFlow
16026,-89,-167,1,1,0,,,text,SiliconFlow
16027,-89,-165,1,1,0,,,text,SiliconFlow
16028,-89,-163,1,1,0,,,text,SiliconFlow
16029,-89,-161,1,1,0,,,text,SiliconFlow
16030,-89,-159,1,1,0,,,text,SiliconFlow
16031,-89,-157,1,1,0,,,text,SiliconFlow
16032,-89,-155,1,1,0,,,text,SiliconFlow
16033,-89,-153,1,1,0,,,text,SiliconFlow
16034,-89,-151,1,1,0,,,text,SiliconFlow
16035,-89,-149,1,1,0,,,text,SiliconFlow
16036,-89,-147,1,1,0,,,text,SiliconFlow
16037,-89,-145,1,1,0,,,text,SiliconFlow
16038,-89,-143,1,1,0,,,text,SiliconFlow
16039,-89,-141,1,1,0,,,text,SiliconFlow
16040,-89,-139,1,1,0,,,text,SiliconFlow
16041,-89,-137,1,1,0,,,text,SiliconFlow
16042,-89,-135,1,1,0,,,text,SiliconFlow
16043,-89,-133,1,1,0,,,text,SiliconFlow
16044,-89,-131,1,1,0,,,text,SiliconFlow
16045,-89,-129,1,1,0,,,text,SiliconFlow
16046,-89,-127,1,1,0,,,text,SiliconFlow
16047,-89,-125,1,1,0,,,text,SiliconFlow
16048,-89,-123,1,1,0,,,text,SiliconFlow
16049,-89,-121,1,1,0,,,text,SiliconFlow
16050,-89,-119,1,1,0,,,text,SiliconFlow
16051,-89,-117,1,1,0,,,text,SiliconFlow
16052,-89,-115,1,1,0,,,text,SiliconFlow
16053,-89,-113,1,1,0,,,text,SiliconFlow
16054,-89,-111,1,1,0,,,text,SiliconFlow
16055,-89,-109,1,1,0,,,text,SiliconFlow
16056,-89,-107,1,1,0,,,text,SiliconFlow
16057,-89,-105,1,1,0,,,text,SiliconFlow
16058,-89,-103,1,1,0,,,text,SiliconFlow
16059,-89,-101,1,1,0,,,text,SiliconFlow
16060,-89,-99,1,1,0,,,text,SiliconFlow
16061,-89,-97,1,1,0,,,text,SiliconFlow
16062,-89,-95,1,1,0,,,text,SiliconFlow
16063,-89,-93,1,1,0,,,text,SiliconFlow
16064,-89,-91,1,1,0,,,text,SiliconFlow
16065,-89,-89,1,1,0,,,text,SiliconFlow
16066,-89,-87,1,1,0,,,text,SiliconFlow
16067,-89,-85,1,1,0,,,text,SiliconFlow
16068,-89,-83,1,1,0,,,text,SiliconFlow
16069,-89,-81,1,1,0,,,text,SiliconFlow
16070,-89,-79,1,1,0,,,text,SiliconFlow
16071,-89,-77,1,1,0,,,text,SiliconFlow
16072,-89,-75,1,1,0,,,text,SiliconFlow
16073,-89,-73,1,1,0,,,text,SiliconFlow
16074,-89,-71,1,1,0,,,text,SiliconFlow
16075,-89,-69,1,1,0,,,text,SiliconFlow
16076,-89,-67,1,1,0,,,text,SiliconFlow
16077,-89,-65,1,1,0,,,text,SiliconFlow
16078,-89,-63,1,1,0,,,text,SiliconFlow
16079,-89,-61,1,1,0,,,text,SiliconFlow
16080,-89,-59,1,1,0,,,text,SiliconFlow
16081,-89,-57,1,1,0,,,text,SiliconFlow
16082,-89,-55,1,1,0,,,text,SiliconFlow
16083,-89,-53,1,1,0,,,text,SiliconFlow
16084,-89,-51,1,1,0,,,text,SiliconFlow
16085,-89,-49,1,1,0,,,text,SiliconFlow
16086,-89,-47,1,1,0,,,text,SiliconFlow
16087,-89,-45,1,1,0,,,text,SiliconFlow
16088,-89,-43,1,1,0,,,text,SiliconFlow
16089,-89,-41,1,1,0,,,text,SiliconFlow
16090,-89,-39,1,1,0,,,text,SiliconFlow
16091,-89,-37,1,1,0,,,text,SiliconFlow
16092,-89,-35,1,1,0,,,text,SiliconFlow
16093,-89,-33,1,1,0,,,text,SiliconFlow
16094,-89,-31,1,1,0,,,text,SiliconFlow
16095,-89,-29,1,1,0,,,text,SiliconFlow
16096,-89,-27,1,1,0,,,text,SiliconFlow
16097,-89,-25,1,1,0,,,text,SiliconFlow
16098,-89,-23,1,1,0,,,text,SiliconFlow
16099,-89,-21,1,1,0,,,text,SiliconFlow
16100,-89,-19,1,1,0,,,text,SiliconFlow
16101,-89,-17,1,1,0,,,text,SiliconFlow
16102,-89,-15,1,1,0,,,text,SiliconFlow
16103,-89,-13,1,1,0,,,text,SiliconFlow
16104,-89,-11,1,1,0,,,text,SiliconFlow
16105,-89,-9,1,1,0,,,text,SiliconFlow
16106,-89,-7,1,1,0,,,text,SiliconFlow
16107,-89,-5,1,1,0,,,text,SiliconFlow
16108,-89,-3,1,1,0,,,text,SiliconFlow
16109,-89,-1,1,1,0,,,text,SiliconFlow
16110,-89,1,1,1,0,,,text,SiliconFlow
16111,-89,3,1,1,0,,,text,SiliconFlow
16112,-89,5,1,1,0,,,text,SiliconFlow
16113,-89,7,1,1,0,,,text,SiliconFlow
16114,-89,9,1,1,0,,,text,SiliconFlow
16115,-89,11,1,1,0,,,text,SiliconFlow
16116,-89,13,1,1,0,,,text,SiliconFlow
16117,-89,15,1,1,0,,,text,SiliconFlow
16118,-89,17,1,1,0,,,text,SiliconFlow
16119,-89,19,1,1,0,,,text,SiliconFlow
16120,-89,21,1,1,0,,,text,SiliconFlow
16121,-89,23,1,1,0,,,text,SiliconFlow
16122,-89,25,1,1,0,,,text,SiliconFlow
16123,-89,27,1,1,0,,,text,SiliconFlow
16124,-89,29,1,1,0,,,text,SiliconFlow
16125,-89,31,1,1,1,,,text,SiliconFlow
16126,-89,33,1,1,1,,,text,SiliconFlow
16127,-89,35,1,1,1,,,text,SiliconFlow
16128,-89,37,1,1,1,,,text,SiliconFlow
16129,-89,39,1,1,1,,,text,SiliconFlow
16130,-89,41,1,1,1,,,text,SiliconFlow
16131,-89,43,1,1,1,,,text,SiliconFlow
16132,-89,45,1,1,1,,,text,SiliconFlow
16133,-89,47,1,1,0,,,text,SiliconFlow
16134,-89,49,1,1,1,,,text,SiliconFlow
16135,-89,51,1,1,0,,,text,SiliconFlow
16136,-89,53,1,1,0,,,text,SiliconFlow
16137,-89,55,1,1,0,,,text,SiliconFlow
16138,-89,57,1,1,0,,,text,SiliconFlow
16139,-89,59,1,1,0,,,text,SiliconFlow
16140,-89,61,1,1,0,,,text,SiliconFlow
16141,-89,63,1,1,0,,,text,SiliconFlow
16142,-89,65,1,1,0,,,text,SiliconFlow
16143,-89,67,1,1,0,,,text,SiliconFlow
16144,-89,69,1,1,0,,,text,SiliconFlow
16145,-89,71,1,1,0,,,text,SiliconFlow
16146,-89,73,1,1,0,,,text,SiliconFlow
16147,-89,75,1,1,0,,,text,SiliconFlow
16148,-89,77,1,1,0,,,text,SiliconFlow
16149,-89,79,1,1,0,,,text,SiliconFlow
16150,-89,81,1,1,0,,,text,SiliconFlow
16151,-89,83,1,1,0,,,text,SiliconFlow
16152,-89,85,1,1,0,,,text,SiliconFlow
16153,-89,87,1,1,0,,,text,SiliconFlow
16154,-89,89,1,1,0,,,text,SiliconFlow
16155,-89,91,1,1,0,,,text,SiliconFlow
16156,-89,93,1,1,0,,,text,SiliconFlow
16157,-89,95,1,1,0,,,text,SiliconFlow
16158,-89,97,1,1,0,,,text,SiliconFlow
16159,-89,99,1,1,0,,,text,SiliconFlow
16160,-89,101,1,1,0,,,text,SiliconFlow
16161,-89,103,1,1,0,,,text,SiliconFlow
16162,-89,105,1,1,0,,,text,SiliconFlow
16163,-89,107,1,1,0,,,text,SiliconFlow
16164,-89,109,1,1,0,,,text,SiliconFlow
16165,-89,111,1,1,0,,,text,SiliconFlow
16166,-89,113,1,1,0,,,text,SiliconFlow
16167,-89,115,1,1,0,,,text,SiliconFlow
16168,-89,117,1,1,0,,,text,SiliconFlow
16169,-89,119,1,1,0,,,text,SiliconFlow
16170,-89,121,1,1,0,,,text,SiliconFlow
16171,-89,123,1,1,0,,,text,SiliconFlow
16172,-89,125,1,1,0,,,text,SiliconFlow
16173,-89,127,1,1,0,,,text,SiliconFlow
16174,-89,129,1,1,0,,,text,SiliconFlow
16175,-89,131,1,1,0,,,text,SiliconFlow
16176,-89,133,1,1,0,,,text,SiliconFlow
16177,-89,135,1,1,0,,,text,SiliconFlow
16178,-89,137,1,1,0,,,text,SiliconFlow
16179,-89,139,1,1,0,,,text,SiliconFlow
16180,-89,141,1,1,0,,,text,SiliconFlow
16181,-89,143,1,1,0,,,text,SiliconFlow
16182,-89,145,1,1,0,,,text,SiliconFlow
16183,-89,147,1,1,0,,,text,SiliconFlow
16184,-89,149,1,1,0,,,text,SiliconFlow
16185,-89,151,1,1,0,,,text,SiliconFlow
16186,-89,153,1,1,0,,,text,SiliconFlow
16187,-89,155,1,1,0,,,text,SiliconFlow
16188,-89,157,1,1,0,,,text,SiliconFlow
16189,-89,159,1,1,0,,,text,SiliconFlow
16190,-89,161,1,1,0,,,text,SiliconFlow
16191,-89,163,1,1,0,,,text,SiliconFlow
16192,-89,165,1,1,0,,,text,SiliconFlow
16193,-89,167,1,1,0,,,text,SiliconFlow
16194,-89,169,1,1,0,,,text,SiliconFlow
16195,-89,171,1,1,0,,,text,SiliconFlow
16196,-89,173,1,1,0,,,text,SiliconFlow
16197,-89,175,1,1,0,,,text,SiliconFlow
16198,-89,177,1,1,0,,,text,SiliconFlow
16199,-89,179,1,1,0,,,text,SiliconFlow
