point_id,lat,lon,truth,truth_lakes,pred,p_land,mass,source,provider
0,89,-179,0,0,1,,,text,Mistral
1,89,-177,0,0,0,,,text,Mistral
2,89,-175,0,0,1,,,text,Mistral
3,89,-173,0,0,1,,,text,Mistral
4,89,-171,0,0,1,,,text,Mistral
5,89,-169,0,0,1,,,text,Mistral
6,89,-167,0,0,1,,,text,Mistral
7,89,-165,0,0,1,,,text,Mistral
8,89,-163,0,0,1,,,text,Mistral
9,89,-161,0,0,1,,,text,Mistral
10,89,-159,0,0,1,,,text,Mistral
11,89,-157,0,0,1,,,text,Mistral
12,89,-155,0,0,1,,,text,Mistral
13,89,-153,0,0,1,,,text,Mistral
14,89,-151,0,0,1,,,text,Mistral
15,89,-149,0,0,1,,,text,Mistral
16,89,-147,0,0,1,,,text,Mistral
17,89,-145,0,0,1,,,text,Mistral
18,89,-143,0,0,1,,,text,Mistral
19,89,-141,0,0,1,,,text,Mistral
20,89,-139,0,0,1,,,text,Mistral
21,89,-137,0,0,1,,,text,Mistral
22,89,-135,0,0,1,,,text,Mistral
23,89,-133,0,0,1,,,text,Mistral
24,89,-131,0,0,1,,,text,Mistral
25,89,-129,0,0,1,,,text,Mistral
26,89,-127,0,0,0,,,text,Mistral
27,89,-125,0,0,1,,,text,Mistral
28,89,-123,0,0,1,,,text,Mistral
29,89,-121,0,0,1,,,text,Mistral
30,89,-119,0,0,1,,,text,Mistral
31,89,-117,0,0,1,,,text,Mistral
32,89,-115,0,0,1,,,text,Mistral
33,89,-113,0,0,1,,,text,Mistral
34,89,-111,0,0,1,,,text,Mistral
35,89,-109,0,0,1,,,text,Mistral
36,89,-107,0,0,1,,,text,Mistral
37,89,-105,0,0,1,,,text,Mistral
38,89,-103,0,0,1,,,text,Mistral
39,89,-101,0,0,1,,,text,Mistral
40,89,-99,0,0,1,,,text,Mistral
41,89,-97,0,0,1,,,text,Mistral
42,89,-95,0,0,1,,,text,Mistral
43,89,-93,0,0,1,,,text,Mistral
44,89,-91,0,0,1,,,text,Mistral
45,89,-89,0,0,1,,,text,Mistral
46,89,-87,0,0,1,,,text,Mistral
47,89,-85,0,0,1,,,text,Mistral
48,89,-83,0,0,1,,,text,Mistral
49,89,-81,0,0,1,,,text,Mistral
50,89,-79,0,0,1,,,text,Mistral
51,89,-77,0,0,1,,,text,Mistral
52,89,-75,0,0,1,,,text,Mistral
53,89,-73,0,0,1,,,text,Mistral
54,89,-71,0,0,1,,,text,Mistral
55,89,-69,0,0,1,,,text,Mistral
56,89,-67,0,0,1,,,text,Mistral
57,89,-65,0,0,1,,,text,Mistral
58,89,-63,0,0,1,,,text,Mistral
59,89,-61,0,0,1,,,text,Mistral
60,89,-59,0,0,1,,,text,Mistral
61,89,-57,0,0,1,,,text,Mistral
62,89,-55,0,0,1,,,text,Mistral
63,89,-53,0,0,1,,,text,Mistral
64,89,-51,0,0,1,,,text,Mistral
65,89,-49,0,0,1,,,text,Mistral
66,89,-47,0,0,1,,,text,Mistral
67,89,-45,0,0,1,,,text,Mistral
68,89,-43,0,0,1,,,text,Mistral
69,89,-41,0,0,1,,,text,Mistral
70,89,-39,0,0,1,,,text,Mistral
71,89,-37,0,0,1,,,text,Mistral
72,89,-35,0,0,1,,,text,Mistral
73,89,-33,0,0,1,,,text,Mistral
74,89,-31,0,0,1,,,text,Mistral
75,89,-29,0,0,1,,,text,Mistral
76,89,-27,0,0,1,,,text,Mistral
77,89,-25,0,0,1,,,text,Mistral
78,89,-23,0,0,1,,,text,Mistral
79,89,-21,0,0,1,,,text,Mistral
80,89,-19,0,0,1,,,text,Mistral
81,89,-17,0,0,1,,,text,Mistral
82,89,-15,0,0,1,,,text,Mistral
83,89,-13,0,0,1,,,text,Mistral
84,89,-11,0,0,1,,,text,Mistral
85,89,-9,0,0,1,,,text,Mistral
86,89,-7,0,0,1,,,text,Mistral
87,89,-5,0,0,1,,,text,Mistral
88,89,-3,0,0,1,,,text,Mistral
89,89,-1,0,0,1,,,text,Mistral
90,89,1,0,0,1,,,text,Mistral
91,89,3,0,0,1,,,text,Mistral
92,89,5,0,0,1,,,text,Mistral
93,89,7,0,0,1,,,text,Mistral
94,89,9,0,0,1,,,text,Mistral
95,89,11,0,0,1,,,text,Mistral
96,89,13,0,0,1,,,text,Mistral
97,89,15,0,0,1,,,text,Mistral
98,89,17,0,0,1,,,text,Mistral
99,89,19,0,0,1,,,text,Mistral
100,89,21,0,0,1,,,text,Mistral
101,89,23,0,0,1,,,text,Mistral
102,89,25,0,0,1,,,text,Mistral
103,89,27,0,0,1,,,text,Mistral
104,89,29,0,0,1,,,text,Mistral
105,89,31,0,0,1,,,text,Mistral
106,89,33,0,0,1,,,text,Mistral
107,89,35,0,0,1,,,text,Mistral
108,89,37,0,0,1,,,text,Mistral
109,89,39,0,0,1,,,text,Mistral
110,89,41,0,0,1,,,text,Mistral
111,89,43,0,0,1,,,text,Mistral
112,89,45,0,0,1,,,text,Mistral
113,89,47,0,0,1,,,text,Mistral
114,89,49,0,0,1,,,text,Mistral
115,89,51,0,0,1,,,text,Mistral
116,89,53,0,0,1,,,text,Mistral
117,89,55,0,0,1,,,text,Mistral
118,89,57,0,0,1,,,text,Mistral
119,89,59,0,0,1,,,text,Mistral
120,89,61,0,0,1,,,text,Mistral
121,89,63,0,0,1,,,text,Mistral
122,89,65,0,0,1,,,text,Mistral
123,89,67,0,0,1,,,text,Mistral
124,89,69,0,0,1,,,text,Mistral
125,89,71,0,0,1,,,text,Mistral
126,89,73,0,0,1,,,text,Mistral
127,89,75,0,0,1,,,text,Mistral
128,89,77,0,0,1,,,text,Mistral
129,89,79,0,0,1,,,text,Mistral
130,89,81,0,0,1,,,text,Mistral
131,89,83,0,0,1,,,text,Mistral
132,89,85,0,0,1,,,text,Mistral
133,89,87,0,0,1,,,text,Mistral
134,89,89,0,0,1,,,text,Mistral
135,89,91,0,0,1,,,text,Mistral
136,89,93,0,0,1,,,text,Mistral
137,89,95,0,0,1,,,text,Mistral
138,89,97,0,0,1,,,text,Mistral
139,89,99,0,0,1,,,text,Mistral
140,89,101,0,0,1,,,text,Mistral
141,89,103,0,0,1,,,text,Mistral
142,89,105,0,0,1,,,text,Mistral
143,89,107,0,0,1,,,text,Mistral
144,89,109,0,0,1,,,text,Mistral
145,89,111,0,0,1,,,text,Mistral
146,89,113,0,0,1,,,text,Mistral
147,89,115,0,0,1,,,text,Mistral
148,89,117,0,0,1,,,text,Mistral
149,89,119,0,0,1,,,text,Mistral
150,89,121,0,0,1,,,text,Mistral
151,89,123,0,0,1,,,text,Mistral
152,89,125,0,0,1,,,text,Mistral
153,89,127,0,0,1,,,text,Mistral
154,89,129,0,0,1,,,text,Mistral
155,89,131,0,0,1,,,text,Mistral
156,89,133,0,0,1,,,text,Mistral
157,89,135,0,0,1,,,text,Mistral
158,89,137,0,0,1,,,text,Mistral
159,89,139,0,0,1,,,text,Mistral
160,89,141,0,0,1,,,text,Mistral
161,89,143,0,0,1,,,text,Mistral
162,89,145,0,0,1,,,text,Mistral
163,89,147,0,0,1,,,text,Mistral
164,89,149,0,0,1,,,text,Mistral
165,89,151,0,0,1,,,text,Mistral
166,89,153,0,0,1,,,text,Mistral
167,89,155,0,0,1,,,text,Mistral
168,89,157,0,0,1,,,text,Mistral
169,89,159,0,0,1,,,text,Mistral
170,89,161,0,0,1,,,text,Mistral
171,89,163,0,0,1,,,text,Mistral
172,89,165,0,0,1,,,text,Mistral
173,89,167,0,0,1,,,text,Mistral
174,89,169,0,0,1,,,text,Mistral
175,89,171,0,0,1,,,text,Mistral
176,89,173,0,0,1,,,text,Mistral
177,89,175,0,0,1,,,text,Mistral
178,89,177,0,0,1,,,text,Mistral
179,89,179,0,0,1,,,text,Mistral
180,87,-179,0,0,1,,,text,Mistral
181,87,-177,0,0,1,,,text,Mistral
182,87,-175,0,0,1,,,text,Mistral
183,87,-173,0,0,1,,,text,Mistral
184,87,-171,0,0,1,,,text,Mistral
185,87,-169,0,0,1,,,text,Mistral
186,87,-167,0,0,1,,,text,Mistral
187,87,-165,0,0,1,,,text,Mistral
188,87,-163,0,0,1,,,text,Mistral
189,87,-161,0,0,1,,,text,Mistral
190,87,-159,0,0,1,,,text,Mistral
191,87,-157,0,0,1,,,text,Mistral
192,87,-155,0,0,1,,,text,Mistral
193,87,-153,0,0,1,,,text,Mistral
194,87,-151,0,0,1,,,text,Mistral
195,87,-149,0,0,1,,,text,Mistral
196,87,-147,0,0,1,,,text,Mistral
197,87,-145,0,0,1,,,text,Mistral
198,87,-143,0,0,1,,,text,Mistral
199,87,-141,0,0,1,,,text,Mistral
200,87,-139,0,0,1,,,text,Mistral
201,87,-137,0,0,1,,,text,Mistral
202,87,-135,0,0,1,,,text,Mistral
203,87,-133,0,0,1,,,text,Mistral
204,87,-131,0,0,1,,,text,Mistral
205,87,-129,0,0,1,,,text,Mistral
206,87,-127,0,0,1,,,text,Mistral
207,87,-125,0,0,1,,,text,Mistral
208,87,-123,0,0,1,,,text,Mistral
209,87,-121,0,0,1,,,text,Mistral
210,87,-119,0,0,1,,,text,Mistral
211,87,-117,0,0,1,,,text,Mistral
212,87,-115,0,0,1,,,text,Mistral
213,87,-113,0,0,1,,,text,Mistral
214,87,-111,0,0,1,,,text,Mistral
215,87,-109,0,0,1,,,text,Mistral
216,87,-107,0,0,1,,,text,Mistral
217,87,-105,0,0,1,,,text,Mistral
218,87,-103,0,0,1,,,text,Mistral
219,87,-101,0,0,1,,,text,Mistral
220,87,-99,0,0,1,,,text,Mistral
221,87,-97,0,0,1,,,text,Mistral
222,87,-95,0,0,1,,,text,Mistral
223,87,-93,0,0,1,,,text,Mistral
224,87,-91,0,0,1,,,text,Mistral
225,87,-89,0,0,1,,,text,Mistral
226,87,-87,0,0,1,,,text,Mistral
227,87,-85,0,0,1,,,text,Mistral
228,87,-83,0,0,1,,,text,Mistral
229,87,-81,0,0,1,,,text,Mistral
230,87,-79,0,0,1,,,text,Mistral
231,87,-77,0,0,1,,,text,Mistral
232,87,-75,0,0,1,,,text,Mistral
233,87,-73,0,0,1,,,text,Mistral
234,87,-71,0,0,1,,,text,Mistral
235,87,-69,0,0,1,,,text,Mistral
236,87,-67,0,0,1,,,text,Mistral
237,87,-65,0,0,1,,,text,Mistral
238,87,-63,0,0,1,,,text,Mistral
239,87,-61,0,0,1,,,text,Mistral
240,87,-59,0,0,1,,,text,Mistral
241,87,-57,0,0,1,,,text,Mistral
242,87,-55,0,0,1,,,text,Mistral
243,87,-53,0,0,1,,,text,Mistral
244,87,-51,0,0,1,,,text,Mistral
245,87,-49,0,0,1,,,text,Mistral
246,87,-47,0,0,1,,,text,Mistral
247,87,-45,0,0,1,,,text,Mistral
248,87,-43,0,0,1,,,text,Mistral
249,87,-41,0,0,1,,,text,Mistral
250,87,-39,0,0,1,,,text,Mistral
251,87,-37,0,0,1,,,text,Mistral
252,87,-35,0,0,1,,,text,Mistral
253,87,-33,0,0,1,,,text,Mistral
254,87,-31,0,0,1,,,text,Mistral
255,87,-29,0,0,1,,,text,Mistral
256,87,-27,0,0,1,,,text,Mistral
257,87,-25,0,0,1,,,text,Mistral
258,87,-23,0,0,1,,,text,Mistral
259,87,-21,0,0,1,,,text,Mistral
260,87,-19,0,0,1,,,text,Mistral
261,87,-17,0,0,1,,,text,Mistral
262,87,-15,0,0,1,,,text,Mistral
263,87,-13,0,0,1,,,text,Mistral
264,87,-11,0,0,1,,,text,Mistral
265,87,-9,0,0,1,,,text,Mistral
266,87,-7,0,0,1,,,text,Mistral
267,87,-5,0,0,1,,,text,Mistral
268,87,-3,0,0,1,,,text,Mistral
269,87,-1,0,0,1,,,text,Mistral
270,87,1,0,0,1,,,text,Mistral
271,87,3,0,0,1,,,text,Mistral
272,87,5,0,0,1,,,text,Mistral
273,87,7,0,0,1,,,text,Mistral
274,87,9,0,0,1,,,text,Mistral
275,87,11,0,0,1,,,text,Mistral
276,87,13,0,0,1,,,text,Mistral
277,87,15,0,0,1,,,text,Mistral
278,87,17,0,0,1,,,text,Mistral
279,87,19,0,0,1,,,text,Mistral
280,87,21,0,0,1,,,text,Mistral
281,87,23,0,0,1,,,text,Mistral
282,87,25,0,0,1,,,text,Mistral
283,87,27,0,0,1,,,text,Mistral
284,87,29,0,0,1,,,text,Mistral
285,87,31,0,0,1,,,text,Mistral
286,87,33,0,0,1,,,text,Mistral
287,87,35,0,0,1,,,text,Mistral
288,87,37,0,0,1,,,text,Mistral
289,87,39,0,0,1,,,text,Mistral
290,87,41,0,0,1,,,text,Mistral
291,87,43,0,0,1,,,text,Mistral
292,87,45,0,0,1,,,text,Mistral
293,87,47,0,0,1,,,text,Mistral
294,87,49,0,0,1,,,text,Mistral
295,87,51,0,0,1,,,text,Mistral
296,87,53,0,0,1,,,text,Mistral
297,87,55,0,0,1,,,text,Mistral
298,87,57,0,0,1,,,text,Mistral
299,87,59,0,0,1,,,text,Mistral
300,87,61,0,0,1,,,text,Mistral
301,87,63,0,0,1,,,text,Mistral
302,87,65,0,0,1,,,text,Mistral
303,87,67,0,0,1,,,text,Mistral
304,87,69,0,0,1,,,text,Mistral
305,87,71,0,0,1,,,text,Mistral
306,87,73,0,0,1,,,text,Mistral
307,87,75,0,0,1,,,text,Mistral
308,87,77,0,0,1,,,text,Mistral
309,87,79,0,0,1,,,text,Mistral
310,87,81,0,0,1,,,text,Mistral
311,87,83,0,0,1,,,text,Mistral
312,87,85,0,0,1,,,text,Mistral
313,87,87,0,0,1,,,text,Mistral
314,87,89,0,0,1,,,text,Mistral
315,87,91,0,0,1,,,text,Mistral
316,87,93,0,0,1,,,text,Mistral
317,87,95,0,0,1,,,text,Mistral
318,87,97,0,0,1,,,text,Mistral
319,87,99,0,0,1,,,text,Mistral
320,87,101,0,0,1,,,text,Mistral
321,87,103,0,0,1,,,text,Mistral
322,87,105,0,0,1,,,text,Mistral
323,87,107,0,0,1,,,text,Mistral
324,87,109,0,0,1,,,text,Mistral
325,87,111,0,0,1,,,text,Mistral
326,87,113,0,0,1,,,text,Mistral
327,87,115,0,0,1,,,text,Mistral
328,87,117,0,0,1,,,text,Mistral
329,87,119,0,0,1,,,text,Mistral
330,87,121,0,0,1,,,text,Mistral
331,87,123,0,0,1,,,text,Mistral
332,87,125,0,0,1,,,text,Mistral
333,87,127,0,0,1,,,text,Mistral
334,87,129,0,0,1,,,text,Mistral
335,87,131,0,0,1,,,text,Mistral
336,87,133,0,0,1,,,text,Mistral
337,87,135,0,0,1,,,text,Mistral
338,87,137,0,0,1,,,text,Mistral
339,87,139,0,0,1,,,text,Mistral
340,87,141,0,0,1,,,text,Mistral
341,87,143,0,0,1,,,text,Mistral
342,87,145,0,0,1,,,text,Mistral
343,87,147,0,0,1,,,text,Mistral
344,87,149,0,0,1,,,text,Mistral
345,87,151,0,0,1,,,text,Mistral
346,87,153,0,0,1,,,text,Mistral
347,87,155,0,0,1,,,text,Mistral
348,87,157,0,0,1,,,text,Mistral
349,87,159,0,0,1,,,text,Mistral
350,87,161,0,0,1,,,text,Mistral
351,87,163,0,0,1,,,text,Mistral
352,87,165,0,0,1,,,text,Mistral
353,87,167,0,0,1,,,text,Mistral
354,87,169,0,0,1,,,text,Mistral
355,87,171,0,0,1,,,text,Mistral
356,87,173,0,0,1,,,text,Mistral
357,87,175,0,0,1,,,text,Mistral
358,87,177,0,0,1,,,text,Mistral
359,87,179,0,0,1,,,text,Mistral
360,85,-179,0,0,1,,,text,Mistral
361,85,-177,0,0,1,,,text,Mistral
362,85,-175,0,0,1,,,text,Mistral
363,85,-173,0,0,1,,,text,Mistral
364,85,-171,0,0,1,,,text,Mistral
365,85,-169,0,0,1,,,text,Mistral
366,85,-167,0,0,1,,,text,Mistral
367,85,-165,0,0,1,,,text,Mistral
368,85,-163,0,0,1,,,text,Mistral
369,85,-161,0,0,1,,,text,Mistral
370,85,-159,0,0,1,,,text,Mistral
371,85,-157,0,0,1,,,text,Mistral
372,85,-155,0,0,1,,,text,Mistral
373,85,-153,0,0,1,,,text,Mistral
374,85,-151,0,0,1,,,text,Mistral
375,85,-149,0,0,1,,,text,Mistral
376,85,-147,0,0,1,,,text,Mistral
377,85,-145,0,0,1,,,text,Mistral
378,85,-143,0,0,1,,,text,Mistral
379,85,-141,0,0,0,,,text,Mistral
380,85,-139,0,0,1,,,text,Mistral
381,85,-137,0,0,1,,,text,Mistral
382,85,-135,0,0,1,,,text,Mistral
383,85,-133,0,0,1,,,text,Mistral
384,85,-131,0,0,1,,,text,Mistral
385,85,-129,0,0,1,,,text,Mistral
386,85,-127,0,0,0,,,text,Mistral
387,85,-125,0,0,1,,,text,Mistral
388,85,-123,0,0,1,,,text,Mistral
389,85,-121,0,0,1,,,text,Mistral
390,85,-119,0,0,1,,,text,Mistral
391,85,-117,0,0,1,,,text,Mistral
392,85,-115,0,0,1,,,text,Mistral
393,85,-113,0,0,1,,,text,Mistral
394,85,-111,0,0,1,,,text,Mistral
395,85,-109,0,0,1,,,text,Mistral
396,85,-107,0,0,1,,,text,Mistral
397,85,-105,0,0,1,,,text,Mistral
398,85,-103,0,0,1,,,text,Mistral
399,85,-101,0,0,1,,,text,Mistral
400,85,-99,0,0,1,,,text,Mistral
401,85,-97,0,0,1,,,text,Mistral
402,85,-95,0,0,1,,,text,Mistral
403,85,-93,0,0,1,,,text,Mistral
404,85,-91,0,0,1,,,text,Mistral
405,85,-89,0,0,1,,,text,Mistral
406,85,-87,0,0,1,,,text,Mistral
407,85,-85,0,0,1,,,text,Mistral
408,85,-83,0,0,1,,,text,Mistral
409,85,-81,0,0,1,,,text,Mistral
410,85,-79,0,0,1,,,text,Mistral
411,85,-77,0,0,1,,,text,Mistral
412,85,-75,0,0,1,,,text,Mistral
413,85,-73,0,0,1,,,text,Mistral
414,85,-71,0,0,1,,,text,Mistral
415,85,-69,0,0,1,,,text,Mistral
416,85,-67,0,0,1,,,text,Mistral
417,85,-65,0,0,1,,,text,Mistral
418,85,-63,0,0,1,,,text,Mistral
419,85,-61,0,0,1,,,text,Mistral
420,85,-59,0,0,1,,,text,Mistral
421,85,-57,0,0,1,,,text,Mistral
422,85,-55,0,0,1,,,text,Mistral
423,85,-53,0,0,1,,,text,Mistral
424,85,-51,0,0,1,,,text,Mistral
425,85,-49,0,0,1,,,text,Mistral
426,85,-47,0,0,1,,,text,Mistral
427,85,-45,0,0,1,,,text,Mistral
428,85,-43,0,0,1,,,text,Mistral
429,85,-41,0,0,1,,,text,Mistral
430,85,-39,0,0,1,,,text,Mistral
431,85,-37,0,0,1,,,text,Mistral
432,85,-35,0,0,1,,,text,Mistral
433,85,-33,0,0,1,,,text,Mistral
434,85,-31,0,0,1,,,text,Mistral
435,85,-29,0,0,1,,,text,Mistral
436,85,-27,0,0,1,,,text,Mistral
437,85,-25,0,0,1,,,text,Mistral
438,85,-23,0,0,1,,,text,Mistral
439,85,-21,0,0,1,,,text,Mistral
440,85,-19,0,0,1,,,text,Mistral
441,85,-17,0,0,1,,,text,Mistral
442,85,-15,0,0,1,,,text,Mistral
443,85,-13,0,0,1,,,text,Mistral
444,85,-11,0,0,1,,,text,Mistral
445,85,-9,0,0,1,,,text,Mistral
446,85,-7,0,0,1,,,text,Mistral
447,85,-5,0,0,1,,,text,Mistral
448,85,-3,0,0,1,,,text,Mistral
449,85,-1,0,0,1,,,text,Mistral
450,85,1,0,0,1,,,text,Mistral
451,85,3,0,0,1,,,text,Mistral
452,85,5,0,0,1,,,text,Mistral
453,85,7,0,0,1,,,text,Mistral
454,85,9,0,0,1,,,text,Mistral
455,85,11,0,0,1,,,text,Mistral
456,85,13,0,0,1,,,text,Mistral
457,85,15,0,0,1,,,text,Mistral
458,85,17,0,0,1,,,text,Mistral
459,85,19,0,0,1,,,text,Mistral
460,85,21,0,0,1,,,text,Mistral
461,85,23,0,0,1,,,text,Mistral
462,85,25,0,0,1,,,text,Mistral
463,85,27,0,0,1,,,text,Mistral
464,85,29,0,0,1,,,text,Mistral
465,85,31,0,0,1,,,text,Mistral
466,85,33,0,0,1,,,text,Mistral
467,85,35,0,0,1,,,text,Mistral
468,85,37,0,0,1,,,text,Mistral
469,85,39,0,0,1,,,text,Mistral
470,85,41,0,0,1,,,text,Mistral
471,85,43,0,0,1,,,text,Mistral
472,85,45,0,0,1,,,text,Mistral
473,85,47,0,0,1,,,text,Mistral
474,85,49,0,0,1,,,text,Mistral
475,85,51,0,0,1,,,text,Mistral
476,85,53,0,0,1,,,text,Mistral
477,85,55,0,0,1,,,text,Mistral
478,85,57,0,0,1,,,text,Mistral
479,85,59,0,0,1,,,text,Mistral
480,85,61,0,0,1,,,text,Mistral
481,85,63,0,0,1,,,text,Mistral
482,85,65,0,0,1,,,text,Mistral
483,85,67,0,0,1,,,text,Mistral
484,85,69,0,0,1,,,text,Mistral
485,85,71,0,0,1,,,text,Mistral
486,85,73,0,0,1,,,text,Mistral
487,85,75,0,0,1,,,text,Mistral
488,85,77,0,0,1,,,text,Mistral
489,85,79,0,0,1,,,text,Mistral
490,85,81,0,0,1,,,text,Mistral
491,85,83,0,0,1,,,text,Mistral
492,85,85,0,0,1,,,text,Mistral
493,85,87,0,0,1,,,text,Mistral
494,85,89,0,0,1,,,text,Mistral
495,85,91,0,0,1,,,text,Mistral
496,85,93,0,0,1,,,text,Mistral
497,85,95,0,0,1,,,text,Mistral
498,85,97,0,0,1,,,text,Mistral
499,85,99,0,0,1,,,text,Mistral
500,85,101,0,0,1,,,text,Mistral
501,85,103,0,0,1,,,text,Mistral
502,85,105,0,0,1,,,text,Mistral
503,85,107,0,0,1,,,text,Mistral
504,85,109,0,0,1,,,text,Mistral
505,85,111,0,0,1,,,text,Mistral
506,85,113,0,0,1,,,text,Mistral
507,85,115,0,0,1,,,text,Mistral
508,85,117,0,0,1,,,text,Mistral
509,85,119,0,0,1,,,text,Mistral
510,85,121,0,0,1,,,text,Mistral
511,85,123,0,0,1,,,text,Mistral
512,85,125,0,0,1,,,text,Mistral
513,85,127,0,0,1,,,text,Mistral
514,85,129,0,0,1,,,text,Mistral
515,85,131,0,0,1,,,text,Mistral
516,85,133,0,0,1,,,text,Mistral
517,85,135,0,0,1,,,text,Mistral
518,85,137,0,0,1,,,text,Mistral
519,85,139,0,0,1,,,text,Mistral
520,85,141,0,0,1,,,text,Mistral
521,85,143,0,0,1,,,text,Mistral
522,85,145,0,0,1,,,text,Mistral
523,85,147,0,0,1,,,text,Mistral
524,85,149,0,0,1,,,text,Mistral
525,85,151,0,0,1,,,text,Mistral
526,85,153,0,0,1,,,text,Mistral
527,85,155,0,0,1,,,text,Mistral
528,85,157,0,0,1,,,text,Mistral
529,85,159,0,0,1,,,text,Mistral
530,85,161,0,0,1,,,text,Mistral
531,85,163,0,0,1,,,text,Mistral
532,85,165,0,0,1,,,text,Mistral
533,85,167,0,0,1,,,text,Mistral
534,85,169,0,0,1,,,text,Mistral
535,85,171,0,0,1,,,text,Mistral
536,85,173,0,0,1,,,text,Mistral
537,85,175,0,0,1,,,text,Mistral
538,85,177,0,0,1,,,text,Mistral
539,85,179,0,0,1,,,text,Mistral
540,83,-179,0,0,1,,,text,Mistral
541,83,-177,0,0,1,,,text,Mistral
542,83,-175,0,0,1,,,text,Mistral
543,83,-173,0,0,1,,,text,Mistral
544,83,-171,0,0,1,,,text,Mistral
545,83,-169,0,0,1,,,text,Mistral
546,83,-167,0,0,1,,,text,Mistral
547,83,-165,0,0,1,,,text,Mistral
548,83,-163,0,0,1,,,text,Mistral
549,83,-161,0,0,1,,,text,Mistral
550,83,-159,0,0,1,,,text,Mistral
551,83,-157,0,0,1,,,text,Mistral
552,83,-155,0,0,1,,,text,Mistral
553,83,-153,0,0,1,,,text,Mistral
554,83,-151,0,0,1,,,text,Mistral
555,83,-149,0,0,1,,,text,Mistral
556,83,-147,0,0,1,,,text,Mistral
557,83,-145,0,0,1,,,text,Mistral
558,83,-143,0,0,1,,,text,Mistral
559,83,-141,0,0,1,,,text,Mistral
560,83,-139,0,0,1,,,text,Mistral
561,83,-137,0,0,1,,,text,Mistral
562,83,-135,0,0,1,,,text,Mistral
563,83,-133,0,0,1,,,text,Mistral
564,83,-131,0,0,1,,,text,Mistral
565,83,-129,0,0,1,,,text,Mistral
566,83,-127,0,0,1,,,text,Mistral
567,83,-125,0,0,1,,,text,Mistral
568,83,-123,0,0,1,,,text,Mistral
569,83,-121,0,0,1,,,text,Mistral
570,83,-119,0,0,1,,,text,Mistral
571,83,-117,0,0,1,,,text,Mistral
572,83,-115,0,0,1,,,text,Mistral
573,83,-113,0,0,1,,,text,Mistral
574,83,-111,0,0,1,,,text,Mistral
575,83,-109,0,0,1,,,text,Mistral
576,83,-107,0,0,1,,,text,Mistral
577,83,-105,0,0,1,,,text,Mistral
578,83,-103,0,0,1,,,text,Mistral
579,83,-101,0,0,1,,,text,Mistral
580,83,-99,0,0,1,,,text,Mistral
581,83,-97,0,0,1,,,text,Mistral
582,83,-95,0,0,1,,,text,Mistral
583,83,-93,0,0,1,,,text,Mistral
584,83,-91,0,0,1,,,text,Mistral
585,83,-89,0,0,1,,,text,Mistral
586,83,-87,0,0,1,,,text,Mistral
587,83,-85,0,0,1,,,text,Mistral
588,83,-83,0,0,1,,,text,Mistral
589,83,-81,0,0,1,,,text,Mistral
590,83,-79,0,0,1,,,text,Mistral
591,83,-77,1,1,1,,,text,Mistral
592,83,-75,1,1,1,,,text,Mistral
593,83,-73,1,1,1,,,text,Mistral
594,83,-71,1,1,1,,,text,Mistral
595,83,-69,1,1,1,,,text,Mistral
596,83,-67,0,0,1,,,text,Mistral
597,83,-65,0,0,1,,,text,Mistral
598,83,-63,0,0,1,,,text,Mistral
599,83,-61,0,0,1,,,text,Mistral
600,83,-59,0,0,1,,,text,Mistral
601,83,-57,0,0,1,,,text,Mistral
602,83,-55,0,0,1,,,text,Mistral
603,83,-53,0,0,1,,,text,Mistral
604,83,-51,0,0,1,,,text,Mistral
605,83,-49,0,0,1,,,text,Mistral
606,83,-47,0,0,1,,,text,Mistral
607,83,-45,1,1,1,,,text,Mistral
608,83,-43,1,1,1,,,text,Mistral
609,83,-41,1,1,1,,,text,Mistral
610,83,-39,1,1,1,,,text,Mistral
611,83,-37,1,1,1,,,text,Mistral
612,83,-35,1,1,1,,,text,Mistral
613,83,-33,0,0,1,,,text,Mistral
614,83,-31,1,1,1,,,text,Mistral
615,83,-29,1,1,1,,,text,Mistral
616,83,-27,1,1,1,,,text,Mistral
617,83,-25,1,1,1,,,text,Mistral
618,83,-23,0,0,1,,,text,Mistral
619,83,-21,0,0,1,,,text,Mistral
620,83,-19,0,0,1,,,text,Mistral
621,83,-17,0,0,1,,,text,Mistral
622,83,-15,0,0,1,,,text,Mistral
623,83,-13,0,0,1,,,text,Mistral
624,83,-11,0,0,1,,,text,Mistral
625,83,-9,0,0,1,,,text,Mistral
626,83,-7,0,0,1,,,text,Mistral
627,83,-5,0,0,1,,,text,Mistral
628,83,-3,0,0,1,,,text,Mistral
629,83,-1,0,0,1,,,text,Mistral
630,83,1,0,0,1,,,text,Mistral
631,83,3,0,0,1,,,text,Mistral
632,83,5,0,0,1,,,text,Mistral
633,83,7,0,0,1,,,text,Mistral
634,83,9,0,0,1,,,text,Mistral
635,83,11,0,0,1,,,text,Mistral
636,83,13,0,0,1,,,text,Mistral
637,83,15,0,0,1,,,text,Mistral
638,83,17,0,0,1,,,text,Mistral
639,83,19,0,0,1,,,text,Mistral
640,83,21,0,0,1,,,text,Mistral
641,83,23,0,0,1,,,text,Mistral
642,83,25,0,0,1,,,text,Mistral
643,83,27,0,0,1,,,text,Mistral
644,83,29,0,0,1,,,text,Mistral
645,83,31,0,0,1,,,text,Mistral
646,83,33,0,0,1,,,text,Mistral
647,83,35,0,0,1,,,text,Mistral
648,83,37,0,0,1,,,text,Mistral
649,83,39,0,0,1,,,text,Mistral
650,83,41,0,0,1,,,text,Mistral
651,83,43,0,0,1,,,text,Mistral
652,83,45,0,0,1,,,text,Mistral
653,83,47,0,0,1,,,text,Mistral
654,83,49,0,0,1,,,text,Mistral
655,83,51,0,0,1,,,text,Mistral
656,83,53,0,0,1,,,text,Mistral
657,83,55,0,0,1,,,text,Mistral
658,83,57,0,0,1,,,text,Mistral
659,83,59,0,0,1,,,text,Mistral
660,83,61,0,0,1,,,text,Mistral
661,83,63,0,0,1,,,text,Mistral
662,83,65,0,0,1,,,text,Mistral
663,83,67,0,0,1,,,text,Mistral
664,83,69,0,0,1,,,text,Mistral
665,83,71,0,0,1,,,text,Mistral
666,83,73,0,0,1,,,text,Mistral
667,83,75,0,0,1,,,text,Mistral
668,83,77,0,0,1,,,text,Mistral
669,83,79,0,0,1,,,text,Mistral
670,83,81,0,0,1,,,text,Mistral
671,83,83,0,0,1,,,text,Mistral
672,83,85,0,0,1,,,text,Mistral
673,83,87,0,0,1,,,text,Mistral
674,83,89,0,0,1,,,text,Mistral
675,83,91,0,0,1,,,text,Mistral
676,83,93,0,0,1,,,text,Mistral
677,83,95,0,0,1,,,text,Mistral
678,83,97,0,0,1,,,text,Mistral
679,83,99,0,0,1,,,text,Mistral
680,83,101,0,0,1,,,text,Mistral
681,83,103,0,0,1,,,text,Mistral
682,83,105,0,0,1,,,text,Mistral
683,83,107,0,0,1,,,text,Mistral
684,83,109,0,0,1,,,text,Mistral
685,83,111,0,0,1,,,text,Mistral
686,83,113,0,0,1,,,text,Mistral
687,83,115,0,0,1,,,text,Mistral
688,83,117,0,0,1,,,text,Mistral
689,83,119,0,0,1,,,text,Mistral
690,83,121,0,0,1,,,text,Mistral
691,83,123,0,0,1,,,text,Mistral
692,83,125,0,0,1,,,text,Mistral
693,83,127,0,0,1,,,text,Mistral
694,83,129,0,0,1,,,text,Mistral
695,83,131,0,0,1,,,text,Mistral
696,83,133,0,0,1,,,text,Mistral
697,83,135,0,0,1,,,text,Mistral
698,83,137,0,0,1,,,text,Mistral
699,83,139,0,0,1,,,text,Mistral
700,83,141,0,0,1,,,text,Mistral
701,83,143,0,0,1,,,text,Mistral
702,83,145,0,0,1,,,text,Mistral
703,83,147,0,0,1,,,text,Mistral
704,83,149,0,0,1,,,text,Mistral
705,83,151,0,0,1,,,text,Mistral
706,83,153,0,0,1,,,text,Mistral
707,83,155,0,0,1,,,text,Mistral
708,83,157,0,0,1,,,text,Mistral
709,83,159,0,0,1,,,text,Mistral
710,83,161,0,0,1,,,text,Mistral
711,83,163,0,0,1,,,text,Mistral
712,83,165,0,0,1,,,text,Mistral
713,83,167,0,0,1,,,text,Mistral
714,83,169,0,0,1,,,text,Mistral
715,83,171,0,0,1,,,text,Mistral
716,83,173,0,0,1,,,text,Mistral
717,83,175,0,0,1,,,text,Mistral
718,83,177,0,0,1,,,text,Mistral
719,83,179,0,0,1,,,text,Mistral
720,81,-179,0,0,1,,,text,Mistral
721,81,-177,0,0,1,,,text,Mistral
722,81,-175,0,0,1,,,text,Mistral
723,81,-173,0,0,1,,,text,Mistral
724,81,-171,0,0,1,,,text,Mistral
725,81,-169,0,0,1,,,text,Mistral
726,81,-167,0,0,1,,,text,Mistral
727,81,-165,0,0,1,,,text,Mistral
728,81,-163,0,0,1,,,text,Mistral
729,81,-161,0,0,1,,,text,Mistral
730,81,-159,0,0,1,,,text,Mistral
731,81,-157,0,0,1,,,text,Mistral
732,81,-155,0,0,1,,,text,Mistral
733,81,-153,0,0,0,,,text,Mistral
734,81,-151,0,0,1,,,text,Mistral
735,81,-149,0,0,1,,,text,Mistral
736,81,-147,0,0,1,,,text,Mistral
737,81,-145,0,0,1,,,text,Mistral
738,81,-143,0,0,1,,,text,Mistral
739,81,-141,0,0,0,,,text,Mistral
740,81,-139,0,0,1,,,text,Mistral
741,81,-137,0,0,1,,,text,Mistral
742,81,-135,0,0,1,,,text,Mistral
743,81,-133,0,0,1,,,text,Mistral
744,81,-131,0,0,1,,,text,Mistral
745,81,-129,0,0,1,,,text,Mistral
746,81,-127,0,0,1,,,text,Mistral
747,81,-125,0,0,1,,,text,Mistral
748,81,-123,0,0,1,,,text,Mistral
749,81,-121,0,0,1,,,text,Mistral
750,81,-119,0,0,1,,,text,Mistral
751,81,-117,0,0,1,,,text,Mistral
752,81,-115,0,0,1,,,text,Mistral
753,81,-113,0,0,1,,,text,Mistral
754,81,-111,0,0,1,,,text,Mistral
755,81,-109,0,0,1,,,text,Mistral
756,81,-107,0,0,1,,,text,Mistral
757,81,-105,0,0,1,,,text,Mistral
758,81,-103,0,0,1,,,text,Mistral
759,81,-101,0,0,1,,,text,Mistral
760,81,-99,0,0,1,,,text,Mistral
761,81,-97,0,0,1,,,text,Mistral
762,81,-95,1,1,1,,,text,Mistral
763,81,-93,1,1,1,,,text,Mistral
764,81,-91,0,0,1,,,text,Mistral
765,81,-89,0,0,1,,,text,Mistral
766,81,-87,0,0,1,,,text,Mistral
767,81,-85,1,1,1,,,text,Mistral
768,81,-83,1,1,1,,,text,Mistral
769,81,-81,1,1,1,,,text,Mistral
770,81,-79,0,0,1,,,text,Mistral
771,81,-77,1,1,1,,,text,Mistral
772,81,-75,1,1,1,,,text,Mistral
773,81,-73,1,1,1,,,text,Mistral
774,81,-71,1,1,1,,,text,Mistral
775,81,-69,1,1,1,,,text,Mistral
776,81,-67,1,1,1,,,text,Mistral
777,81,-65,0,0,1,,,text,Mistral
778,81,-63,1,1,1,,,text,Mistral
779,81,-61,1,1,1,,,text,Mistral
780,81,-59,1,1,1,,,text,Mistral
781,81,-57,1,1,1,,,text,Mistral
782,81,-55,1,1,1,,,text,Mistral
783,81,-53,1,1,1,,,text,Mistral
784,81,-51,1,1,1,,,text,Mistral
785,81,-49,1,1,1,,,text,Mistral
786,81,-47,1,1,1,,,text,Mistral
787,81,-45,1,1,1,,,text,Mistral
788,81,-43,1,1,1,,,text,Mistral
789,81,-41,1,1,1,,,text,Mistral
790,81,-39,1,1,1,,,text,Mistral
791,81,-37,1,1,1,,,text,Mistral
792,81,-35,1,1,1,,,text,Mistral
793,81,-33,1,1,1,,,text,Mistral
794,81,-31,1,1,1,,,text,Mistral
795,81,-29,1,1,1,,,text,Mistral
796,81,-27,1,1,1,,,text,Mistral
797,81,-25,1,1,1,,,text,Mistral
798,81,-23,1,1,1,,,text,Mistral
799,81,-21,1,1,1,,,text,Mistral
800,81,-19,1,1,1,,,text,Mistral
801,81,-17,1,1,1,,,text,Mistral
802,81,-15,1,1,1,,,text,Mistral
803,81,-13,0,0,1,,,text,Mistral
804,81,-11,0,0,1,,,text,Mistral
805,81,-9,0,0,1,,,text,Mistral
806,81,-7,0,0,1,,,text,Mistral
807,81,-5,0,0,1,,,text,Mistral
808,81,-3,0,0,1,,,text,Mistral
809,81,-1,0,0,1,,,text,Mistral
810,81,1,0,0,1,,,text,Mistral
811,81,3,0,0,1,,,text,Mistral
812,81,5,0,0,1,,,text,Mistral
813,81,7,0,0,1,,,text,Mistral
814,81,9,0,0,1,,,text,Mistral
815,81,11,0,0,1,,,text,Mistral
816,81,13,0,0,1,,,text,Mistral
817,81,15,0,0,1,,,text,Mistral
818,81,17,0,0,1,,,text,Mistral
819,81,19,0,0,1,,,text,Mistral
820,81,21,0,0,1,,,text,Mistral
821,81,23,0,0,1,,,text,Mistral
822,81,25,0,0,1,,,text,Mistral
823,81,27,0,0,1,,,text,Mistral
824,81,29,0,0,1,,,text,Mistral
825,81,31,0,0,1,,,text,Mistral
826,81,33,0,0,1,,,text,Mistral
827,81,35,0,0,1,,,text,Mistral
828,81,37,0,0,1,,,text,Mistral
829,81,39,0,0,1,,,text,Mistral
830,81,41,0,0,1,,,text,Mistral
831,81,43,0,0,1,,,text,Mistral
832,81,45,0,0,1,,,text,Mistral
833,81,47,0,0,1,,,text,Mistral
834,81,49,0,0,1,,,text,Mistral
835,81,51,0,0,1,,,text,Mistral
836,81,53,0,0,1,,,text,Mistral
837,81,55,1,1,1,,,text,Mistral
838,81,57,1,1,1,,,text,Mistral
839,81,59,0,0,1,,,text,Mistral
840,81,61,1,1,1,,,text,Mistral
841,81,63,0,0,1,,,text,Mistral
842,81,65,1,1,1,,,text,Mistral
843,81,67,0,0,1,,,text,Mistral
844,81,69,0,0,1,,,text,Mistral
845,81,71,0,0,1,,,text,Mistral
846,81,73,0,0,1,,,text,Mistral
847,81,75,0,0,1,,,text,Mistral
848,81,77,0,0,1,,,text,Mistral
849,81,79,0,0,1,,,text,Mistral
850,81,81,0,0,1,,,text,Mistral
851,81,83,0,0,1,,,text,Mistral
852,81,85,0,0,1,,,text,Mistral
853,81,87,0,0,1,,,text,Mistral
854,81,89,0,0,1,,,text,Mistral
855,81,91,0,0,1,,,text,Mistral
856,81,93,0,0,1,,,text,Mistral
857,81,95,1,1,1,,,text,Mistral
858,81,97,0,0,1,,,text,Mistral
859,81,99,0,0,1,,,text,Mistral
860,81,101,0,0,1,,,text,Mistral
861,81,103,0,0,1,,,text,Mistral
862,81,105,0,0,1,,,text,Mistral
863,81,107,0,0,1,,,text,Mistral
864,81,109,0,0,1,,,text,Mistral
865,81,111,0,0,1,,,text,Mistral
866,81,113,0,0,1,,,text,Mistral
867,81,115,0,0,1,,,text,Mistral
868,81,117,0,0,1,,,text,Mistral
869,81,119,0,0,1,,,text,Mistral
870,81,121,0,0,1,,,text,Mistral
871,81,123,0,0,1,,,text,Mistral
872,81,125,0,0,1,,,text,Mistral
873,81,127,0,0,1,,,text,Mistral
874,81,129,0,0,1,,,text,Mistral
875,81,131,0,0,1,,,text,Mistral
876,81,133,0,0,1,,,text,Mistral
877,81,135,0,0,1,,,text,Mistral
878,81,137,0,0,1,,,text,Mistral
879,81,139,0,0,1,,,text,Mistral
880,81,141,0,0,1,,,text,Mistral
881,81,143,0,0,1,,,text,Mistral
882,81,145,0,0,1,,,text,Mistral
883,81,147,0,0,1,,,text,Mistral
884,81,149,0,0,1,,,text,Mistral
885,81,151,0,0,1,,,text,Mistral
886,81,153,0,0,1,,,text,Mistral
887,81,155,0,0,1,,,text,Mistral
888,81,157,0,0,1,,,text,Mistral
889,81,159,0,0,1,,,text,Mistral
890,81,161,0,0,1,,,text,Mistral
891,81,163,0,0,1,,,text,Mistral
892,81,165,0,0,1,,,text,Mistral
893,81,167,0,0,1,,,text,Mistral
894,81,169,0,0,1,,,text,Mistral
895,81,171,0,0,1,,,text,Mistral
896,81,173,0,0,1,,,text,Mistral
897,81,175,0,0,1,,,text,Mistral
898,81,177,0,0,1,,,text,Mistral
899,81,179,0,0,1,,,text,Mistral
900,79,-179,0,0,1,,,text,Mistral
901,79,-177,0,0,1,,,text,Mistral
902,79,-175,0,0,1,,,text,Mistral
903,79,-173,0,0,1,,,text,Mistral
904,79,-171,0,0,1,,,text,Mistral
905,79,-169,0,0,1,,,text,Mistral
906,79,-167,0,0,1,,,text,Mistral
907,79,-165,0,0,1,,,text,Mistral
908,79,-163,0,0,1,,,text,Mistral
909,79,-161,0,0,1,,,text,Mistral
910,79,-159,0,0,1,,,text,Mistral
911,79,-157,0,0,1,,,text,Mistral
912,79,-155,0,0,1,,,text,Mistral
913,79,-153,0,0,0,,,text,Mistral
914,79,-151,0,0,1,,,text,Mistral
915,79,-149,0,0,1,,,text,Mistral
916,79,-147,0,0,1,,,text,Mistral
917,79,-145,0,0,1,,,text,Mistral
918,79,-143,0,0,1,,,text,Mistral
919,79,-141,0,0,1,,,text,Mistral
920,79,-139,0,0,1,,,text,Mistral
921,79,-137,0,0,1,,,text,Mistral
922,79,-135,0,0,1,,,text,Mistral
923,79,-133,0,0,1,,,text,Mistral
924,79,-131,0,0,1,,,text,Mistral
925,79,-129,0,0,1,,,text,Mistral
926,79,-127,0,0,1,,,text,Mistral
927,79,-125,0,0,1,,,text,Mistral
928,79,-123,0,0,1,,,text,Mistral
929,79,-121,0,0,1,,,text,Mistral
930,79,-119,0,0,1,,,text,Mistral
931,79,-117,0,0,1,,,text,Mistral
932,79,-115,0,0,1,,,text,Mistral
933,79,-113,0,0,1,,,text,Mistral
934,79,-111,0,0,1,,,text,Mistral
935,79,-109,0,0,1,,,text,Mistral
936,79,-107,0,0,1,,,text,Mistral
937,79,-105,0,0,1,,,text,Mistral
938,79,-103,1,1,1,,,text,Mistral
939,79,-101,0,0,1,,,text,Mistral
940,79,-99,0,0,1,,,text,Mistral
941,79,-97,0,0,1,,,text,Mistral
942,79,-95,0,0,1,,,text,Mistral
943,79,-93,1,1,1,,,text,Mistral
944,79,-91,1,1,1,,,text,Mistral
945,79,-89,1,1,1,,,text,Mistral
946,79,-87,1,1,1,,,text,Mistral
947,79,-85,0,0,1,,,text,Mistral
948,79,-83,1,1,1,,,text,Mistral
949,79,-81,1,1,1,,,text,Mistral
950,79,-79,1,1,1,,,text,Mistral
951,79,-77,1,1,1,,,text,Mistral
952,79,-75,0,0,1,,,text,Mistral
953,79,-73,0,0,1,,,text,Mistral
954,79,-71,0,0,1,,,text,Mistral
955,79,-69,0,0,1,,,text,Mistral
956,79,-67,1,1,1,,,text,Mistral
957,79,-65,1,1,1,,,text,Mistral
958,79,-63,1,1,1,,,text,Mistral
959,79,-61,1,1,1,,,text,Mistral
960,79,-59,1,1,1,,,text,Mistral
961,79,-57,1,1,1,,,text,Mistral
962,79,-55,1,1,1,,,text,Mistral
963,79,-53,1,1,1,,,text,Mistral
964,79,-51,1,1,1,,,text,Mistral
965,79,-49,1,1,1,,,text,Mistral
966,79,-47,1,1,1,,,text,Mistral
967,79,-45,1,1,1,,,text,Mistral
968,79,-43,1,1,1,,,text,Mistral
969,79,-41,1,1,1,,,text,Mistral
970,79,-39,1,1,1,,,text,Mistral
971,79,-37,1,1,1,,,text,Mistral
972,79,-35,1,1,1,,,text,Mistral
973,79,-33,1,1,1,,,text,Mistral
974,79,-31,1,1,1,,,text,Mistral
975,79,-29,1,1,1,,,text,Mistral
976,79,-27,1,1,1,,,text,Mistral
977,79,-25,1,1,1,,,text,Mistral
978,79,-23,1,1,1,,,text,Mistral
979,79,-21,1,1,1,,,text,Mistral
980,79,-19,0,0,1,,,text,Mistral
981,79,-17,0,0,1,,,text,Mistral
982,79,-15,0,0,1,,,text,Mistral
983,79,-13,0,0,1,,,text,Mistral
984,79,-11,0,0,1,,,text,Mistral
985,79,-9,0,0,1,,,text,Mistral
986,79,-7,0,0,1,,,text,Mistral
987,79,-5,0,0,1,,,text,Mistral
988,79,-3,0,0,1,,,text,Mistral
989,79,-1,0,0,1,,,text,Mistral
990,79,1,0,0,1,,,text,Mistral
991,79,3,0,0,1,,,text,Mistral
992,79,5,0,0,1,,,text,Mistral
993,79,7,0,0,1,,,text,Mistral
994,79,9,0,0,1,,,text,Mistral
995,79,11,0,0,1,,,text,Mistral
996,79,13,1,1,1,,,text,Mistral
997,79,15,1,1,1,,,text,Mistral
998,79,17,1,1,1,,,text,Mistral
999,79,19,1,1,1,,,text,Mistral
1000,79,21,0,0,1,,,text,Mistral
1001,79,23,0,0,1,,,text,Mistral
1002,79,25,0,0,1,,,text,Mistral
1003,79,27,0,0,1,,,text,Mistral
1004,79,29,0,0,1,,,text,Mistral
1005,79,31,0,0,1,,,text,Mistral
1006,79,33,0,0,1,,,text,Mistral
1007,79,35,0,0,1,,,text,Mistral
1008,79,37,0,0,1,,,text,Mistral
1009,79,39,0,0,1,,,text,Mistral
1010,79,41,0,0,1,,,text,Mistral
1011,79,43,0,0,1,,,text,Mistral
1012,79,45,0,0,1,,,text,Mistral
1013,79,47,0,0,1,,,text,Mistral
1014,79,49,0,0,1,,,text,Mistral
1015,79,51,0,0,1,,,text,Mistral
1016,79,53,0,0,1,,,text,Mistral
1017,79,55,0,0,1,,,text,Mistral
1018,79,57,0,0,1,,,text,Mistral
1019,79,59,0,0,1,,,text,Mistral
1020,79,61,0,0,1,,,text,Mistral
1021,79,63,0,0,1,,,text,Mistral
1022,79,65,0,0,1,,,text,Mistral
1023,79,67,0,0,1,,,text,Mistral
1024,79,69,0,0,1,,,text,Mistral
1025,79,71,0,0,1,,,text,Mistral
1026,79,73,0,0,1,,,text,Mistral
1027,79,75,0,0,1,,,text,Mistral
1028,79,77,0,0,1,,,text,Mistral
1029,79,79,0,0,1,,,text,Mistral
1030,79,81,0,0,1,,,text,Mistral
1031,79,83,0,0,1,,,text,Mistral
1032,79,85,0,0,1,,,text,Mistral
1033,79,87,0,0,1,,,text,Mistral
1034,79,89,0,0,1,,,text,Mistral
1035,79,91,0,0,1,,,text,Mistral
1036,79,93,0,0,1,,,text,Mistral
1037,79,95,0,0,1,,,text,Mistral
1038,79,97,1,1,1,,,text,Mistral
1039,79,99,1,1,1,,,text,Mistral
1040,79,101,0,0,1,,,text,Mistral
1041,79,103,1,1,1,,,text,Mistral
1042,79,105,0,0,1,,,text,Mistral
1043,79,107,0,0,1,,,text,Mistral
1044,79,109,0,0,1,,,text,Mistral
1045,79,111,0,0,1,,,text,Mistral
1046,79,113,0,0,1,,,text,Mistral
1047,79,115,0,0,1,,,text,Mistral
1048,79,117,0,0,1,,,text,Mistral
1049,79,119,0,0,1,,,text,Mistral
1050,79,121,0,0,1,,,text,Mistral
1051,79,123,0,0,1,,,text,Mistral
1052,79,125,0,0,1,,,text,Mistral
1053,79,127,0,0,1,,,text,Mistral
1054,79,129,0,0,1,,,text,Mistral
1055,79,131,0,0,1,,,text,Mistral
1056,79,133,0,0,1,,,text,Mistral
1057,79,135,0,0,1,,,text,Mistral
1058,79,137,0,0,1,,,text,Mistral
1059,79,139,0,0,1,,,text,Mistral
1060,79,141,0,0,1,,,text,Mistral
1061,79,143,0,0,1,,,text,Mistral
1062,79,145,0,0,1,,,text,Mistral
1063,79,147,0,0,1,,,text,Mistral
1064,79,149,0,0,1,,,text,Mistral
1065,79,151,0,0,1,,,text,Mistral
1066,79,153,0,0,1,,,text,Mistral
1067,79,155,0,0,1,,,text,Mistral
1068,79,157,0,0,1,,,text,Mistral
1069,79,159,0,0,1,,,text,Mistral
1070,79,161,0,0,1,,,text,Mistral
1071,79,163,0,0,1,,,text,Mistral
1072,79,165,0,0,1,,,text,Mistral
1073,79,167,0,0,1,,,text,Mistral
1074,79,169,0,0,1,,,text,Mistral
1075,79,171,0,0,1,,,text,Mistral
1076,79,173,0,0,1,,,text,Mistral
1077,79,175,0,0,1,,,text,Mistral
1078,79,177,0,0,1,,,text,Mistral
1079,79,179,0,0,1,,,text,Mistral
1080,77,-179,0,0,1,,,text,Mistral
1081,77,-177,0,0,1,,,text,Mistral
1082,77,-175,0,0,1,,,text,Mistral
1083,77,-173,0,0,1,,,text,Mistral
1084,77,-171,0,0,1,,,text,Mistral
1085,77,-169,0,0,1,,,text,Mistral
1086,77,-167,0,0,1,,,text,Mistral
1087,77,-165,0,0,1,,,text,Mistral
1088,77,-163,0,0,1,,,text,Mistral
1089,77,-161,0,0,1,,,text,Mistral
1090,77,-159,0,0,1,,,text,Mistral
1091,77,-157,0,0,1,,,text,Mistral
1092,77,-155,0,0,1,,,text,Mistral
1093,77,-153,0,0,1,,,text,Mistral
1094,77,-151,0,0,1,,,text,Mistral
1095,77,-149,0,0,1,,,text,Mistral
1096,77,-147,0,0,1,,,text,Mistral
1097,77,-145,0,0,1,,,text,Mistral
1098,77,-143,0,0,1,,,text,Mistral
1099,77,-141,0,0,1,,,text,Mistral
1100,77,-139,0,0,1,,,text,Mistral
1101,77,-137,0,0,1,,,text,Mistral
1102,77,-135,0,0,1,,,text,Mistral
1103,77,-133,0,0,1,,,text,Mistral
1104,77,-131,0,0,1,,,text,Mistral
1105,77,-129,0,0,1,,,text,Mistral
1106,77,-127,0,0,0,,,text,Mistral
1107,77,-125,0,0,1,,,text,Mistral
1108,77,-123,0,0,1,,,text,Mistral
1109,77,-121,0,0,1,,,text,Mistral
1110,77,-119,1,1,1,,,text,Mistral
1111,77,-117,1,1,1,,,text,Mistral
1112,77,-115,0,0,1,,,text,Mistral
1113,77,-113,0,0,1,,,text,Mistral
1114,77,-111,0,0,1,,,text,Mistral
1115,77,-109,0,0,1,,,text,Mistral
1116,77,-107,0,0,1,,,text,Mistral
1117,77,-105,0,0,1,,,text,Mistral
1118,77,-103,0,0,1,,,text,Mistral
1119,77,-101,0,0,1,,,text,Mistral
1120,77,-99,0,0,1,,,text,Mistral
1121,77,-97,0,0,1,,,text,Mistral
1122,77,-95,0,0,1,,,text,Mistral
1123,77,-93,0,0,1,,,text,Mistral
1124,77,-91,0,0,1,,,text,Mistral
1125,77,-89,0,0,1,,,text,Mistral
1126,77,-87,1,1,1,,,text,Mistral
1127,77,-85,1,1,1,,,text,Mistral
1128,77,-83,1,1,1,,,text,Mistral
1129,77,-81,1,1,1,,,text,Mistral
1130,77,-79,0,0,1,,,text,Mistral
1131,77,-77,0,0,1,,,text,Mistral
1132,77,-75,0,0,1,,,text,Mistral
1133,77,-73,0,0,1,,,text,Mistral
1134,77,-71,1,1,1,,,text,Mistral
1135,77,-69,1,1,1,,,text,Mistral
1136,77,-67,1,1,1,,,text,Mistral
1137,77,-65,1,1,1,,,text,Mistral
1138,77,-63,1,1,1,,,text,Mistral
1139,77,-61,1,1,1,,,text,Mistral
1140,77,-59,1,1,1,,,text,Mistral
1141,77,-57,1,1,1,,,text,Mistral
1142,77,-55,1,1,1,,,text,Mistral
1143,77,-53,1,1,1,,,text,Mistral
1144,77,-51,1,1,1,,,text,Mistral
1145,77,-49,1,1,1,,,text,Mistral
1146,77,-47,1,1,1,,,text,Mistral
1147,77,-45,1,1,1,,,text,Mistral
1148,77,-43,1,1,1,,,text,Mistral
1149,77,-41,1,1,1,,,text,Mistral
1150,77,-39,1,1,1,,,text,Mistral
1151,77,-37,1,1,1,,,text,Mistral
1152,77,-35,1,1,1,,,text,Mistral
1153,77,-33,1,1,1,,,text,Mistral
1154,77,-31,1,1,1,,,text,Mistral
1155,77,-29,1,1,1,,,text,Mistral
1156,77,-27,1,1,1,,,text,Mistral
1157,77,-25,1,1,1,,,text,Mistral
1158,77,-23,1,1,1,,,text,Mistral
1159,77,-21,1,1,1,,,text,Mistral
1160,77,-19,1,1,1,,,text,Mistral
1161,77,-17,0,0,1,,,text,Mistral
1162,77,-15,0,0,1,,,text,Mistral
1163,77,-13,0,0,1,,,text,Mistral
1164,77,-11,0,0,1,,,text,Mistral
1165,77,-9,0,0,1,,,text,Mistral
1166,77,-7,0,0,1,,,text,Mistral
1167,77,-5,0,0,1,,,text,Mistral
1168,77,-3,0,0,1,,,text,Mistral
1169,77,-1,0,0,1,,,text,Mistral
1170,77,1,0,0,1,,,text,Mistral
1171,77,3,0,0,1,,,text,Mistral
1172,77,5,0,0,1,,,text,Mistral
1173,77,7,0,0,1,,,text,Mistral
1174,77,9,0,0,1,,,text,Mistral
1175,77,11,0,0,1,,,text,Mistral
1176,77,13,0,0,1,,,text,Mistral
1177,77,15,0,0,1,,,text,Mistral
1178,77,17,1,1,1,,,text,Mistral
1179,77,19,0,0,1,,,text,Mistral
1180,77,21,0,0,1,,,text,Mistral
1181,77,23,0,0,1,,,text,Mistral
1182,77,25,0,0,1,,,text,Mistral
1183,77,27,0,0,1,,,text,Mistral
1184,77,29,0,0,1,,,text,Mistral
1185,77,31,0,0,1,,,text,Mistral
1186,77,33,0,0,1,,,text,Mistral
1187,77,35,0,0,1,,,text,Mistral
1188,77,37,0,0,1,,,text,Mistral
1189,77,39,0,0,1,,,text,Mistral
1190,77,41,0,0,1,,,text,Mistral
1191,77,43,0,0,1,,,text,Mistral
1192,77,45,0,0,1,,,text,Mistral
1193,77,47,0,0,1,,,text,Mistral
1194,77,49,0,0,1,,,text,Mistral
1195,77,51,0,0,1,,,text,Mistral
1196,77,53,0,0,1,,,text,Mistral
1197,77,55,0,0,1,,,text,Mistral
1198,77,57,0,0,1,,,text,Mistral
1199,77,59,0,0,1,,,text,Mistral
1200,77,61,0,0,1,,,text,Mistral
1201,77,63,0,0,1,,,text,Mistral
1202,77,65,0,0,1,,,text,Mistral
1203,77,67,0,0,1,,,text,Mistral
1204,77,69,0,0,1,,,text,Mistral
1205,77,71,0,0,1,,,text,Mistral
1206,77,73,0,0,1,,,text,Mistral
1207,77,75,0,0,1,,,text,Mistral
1208,77,77,0,0,1,,,text,Mistral
1209,77,79,0,0,1,,,text,Mistral
1210,77,81,0,0,1,,,text,Mistral
1211,77,83,0,0,1,,,text,Mistral
1212,77,85,0,0,1,,,text,Mistral
1213,77,87,0,0,1,,,text,Mistral
1214,77,89,0,0,1,,,text,Mistral
1215,77,91,0,0,1,,,text,Mistral
1216,77,93,0,0,1,,,text,Mistral
1217,77,95,0,0,1,,,text,Mistral
1218,77,97,0,0,1,,,text,Mistral
1219,77,99,0,0,1,,,text,Mistral
1220,77,101,0,0,1,,,text,Mistral
1221,77,103,1,1,1,,,text,Mistral
1222,77,105,1,1,1,,,text,Mistral
1223,77,107,1,1,1,,,text,Mistral
1224,77,109,0,0,1,,,text,Mistral
1225,77,111,0,0,1,,,text,Mistral
1226,77,113,0,0,1,,,text,Mistral
1227,77,115,0,0,1,,,text,Mistral
1228,77,117,0,0,1,,,text,Mistral
1229,77,119,0,0,1,,,text,Mistral
1230,77,121,0,0,1,,,text,Mistral
1231,77,123,0,0,1,,,text,Mistral
1232,77,125,0,0,1,,,text,Mistral
1233,77,127,0,0,1,,,text,Mistral
1234,77,129,0,0,1,,,text,Mistral
1235,77,131,0,0,1,,,text,Mistral
1236,77,133,0,0,1,,,text,Mistral
1237,77,135,0,0,1,,,text,Mistral
1238,77,137,0,0,1,,,text,Mistral
1239,77,139,0,0,1,,,text,Mistral
1240,77,141,0,0,1,,,text,Mistral
1241,77,143,0,0,1,,,text,Mistral
1242,77,145,0,0,1,,,text,Mistral
1243,77,147,0,0,1,,,text,Mistral
1244,77,149,0,0,1,,,text,Mistral
1245,77,151,0,0,1,,,text,Mistral
1246,77,153,0,0,1,,,text,Mistral
1247,77,155,0,0,1,,,text,Mistral
1248,77,157,0,0,1,,,text,Mistral
1249,77,159,0,0,1,,,text,Mistral
1250,77,161,0,0,1,,,text,Mistral
1251,77,163,0,0,1,,,text,Mistral
1252,77,165,0,0,1,,,text,Mistral
1253,77,167,0,0,1,,,text,Mistral
1254,77,169,0,0,1,,,text,Mistral
1255,77,171,0,0,1,,,text,Mistral
1256,77,173,0,0,1,,,text,Mistral
1257,77,175,0,0,1,,,text,Mistral
1258,77,177,0,0,1,,,text,Mistral
1259,77,179,0,0,1,,,text,Mistral
1260,75,-179,0,0,1,,,text,Mistral
1261,75,-177,0,0,1,,,text,Mistral
1262,75,-175,0,0,1,,,text,Mistral
1263,75,-173,0,0,1,,,text,Mistral
1264,75,-171,0,0,1,,,text,Mistral
1265,75,-169,0,0,1,,,text,Mistral
1266,75,-167,0,0,1,,,text,Mistral
1267,75,-165,0,0,1,,,text,Mistral
1268,75,-163,0,0,1,,,text,Mistral
1269,75,-161,0,0,1,,,text,Mistral
1270,75,-159,0,0,1,,,text,Mistral
1271,75,-157,0,0,1,,,text,Mistral
1272,75,-155,0,0,1,,,text,Mistral
1273,75,-153,0,0,1,,,text,Mistral
1274,75,-151,0,0,1,,,text,Mistral
1275,75,-149,0,0,1,,,text,Mistral
1276,75,-147,0,0,1,,,text,Mistral
1277,75,-145,0,0,1,,,text,Mistral
1278,75,-143,0,0,1,,,text,Mistral
1279,75,-141,0,0,1,,,text,Mistral
1280,75,-139,0,0,1,,,text,Mistral
1281,75,-137,0,0,1,,,text,Mistral
1282,75,-135,0,0,1,,,text,Mistral
1283,75,-133,0,0,1,,,text,Mistral
1284,75,-131,0,0,1,,,text,Mistral
1285,75,-129,0,0,1,,,text,Mistral
1286,75,-127,0,0,1,,,text,Mistral
1287,75,-125,0,0,1,,,text,Mistral
1288,75,-123,0,0,1,,,text,Mistral
1289,75,-121,0,0,1,,,text,Mistral
1290,75,-119,0,0,1,,,text,Mistral
1291,75,-117,0,0,1,,,text,Mistral
1292,75,-115,1,1,1,,,text,Mistral
1293,75,-113,0,0,1,,,text,Mistral
1294,75,-111,1,1,1,,,text,Mistral
1295,75,-109,1,1,1,,,text,Mistral
1296,75,-107,1,1,1,,,text,Mistral
1297,75,-105,0,0,1,,,text,Mistral
1298,75,-103,0,0,1,,,text,Mistral
1299,75,-101,0,0,1,,,text,Mistral
1300,75,-99,1,1,1,,,text,Mistral
1301,75,-97,0,0,1,,,text,Mistral
1302,75,-95,1,1,1,,,text,Mistral
1303,75,-93,0,0,1,,,text,Mistral
1304,75,-91,1,1,1,,,text,Mistral
1305,75,-89,1,1,1,,,text,Mistral
1306,75,-87,1,1,1,,,text,Mistral
1307,75,-85,1,1,1,,,text,Mistral
1308,75,-83,1,1,1,,,text,Mistral
1309,75,-81,1,1,1,,,text,Mistral
1310,75,-79,0,0,1,,,text,Mistral
1311,75,-77,0,0,1,,,text,Mistral
1312,75,-75,0,0,1,,,text,Mistral
1313,75,-73,0,0,1,,,text,Mistral
1314,75,-71,0,0,1,,,text,Mistral
1315,75,-69,0,0,1,,,text,Mistral
1316,75,-67,0,0,1,,,text,Mistral
1317,75,-65,0,0,1,,,text,Mistral
1318,75,-63,0,0,1,,,text,Mistral
1319,75,-61,0,0,1,,,text,Mistral
1320,75,-59,0,0,1,,,text,Mistral
1321,75,-57,1,1,1,,,text,Mistral
1322,75,-55,1,1,1,,,text,Mistral
1323,75,-53,1,1,1,,,text,Mistral
1324,75,-51,1,1,1,,,text,Mistral
1325,75,-49,1,1,1,,,text,Mistral
1326,75,-47,1,1,1,,,text,Mistral
1327,75,-45,1,1,1,,,text,Mistral
1328,75,-43,1,1,1,,,text,Mistral
1329,75,-41,1,1,1,,,text,Mistral
1330,75,-39,1,1,1,,,text,Mistral
1331,75,-37,1,1,1,,,text,Mistral
1332,75,-35,1,1,1,,,text,Mistral
1333,75,-33,1,1,1,,,text,Mistral
1334,75,-31,1,1,1,,,text,Mistral
1335,75,-29,1,1,1,,,text,Mistral
1336,75,-27,1,1,1,,,text,Mistral
1337,75,-25,1,1,1,,,text,Mistral
1338,75,-23,1,1,1,,,text,Mistral
1339,75,-21,1,1,1,,,text,Mistral
1340,75,-19,0,0,1,,,text,Mistral
1341,75,-17,0,0,1,,,text,Mistral
1342,75,-15,0,0,1,,,text,Mistral
1343,75,-13,0,0,1,,,text,Mistral
1344,75,-11,0,0,1,,,text,Mistral
1345,75,-9,0,0,1,,,text,Mistral
1346,75,-7,0,0,1,,,text,Mistral
1347,75,-5,0,0,1,,,text,Mistral
1348,75,-3,0,0,1,,,text,Mistral
1349,75,-1,0,0,1,,,text,Mistral
1350,75,1,0,0,1,,,text,Mistral
1351,75,3,0,0,1,,,text,Mistral
1352,75,5,0,0,1,,,text,Mistral
1353,75,7,0,0,1,,,text,Mistral
1354,75,9,0,0,1,,,text,Mistral
1355,75,11,0,0,1,,,text,Mistral
1356,75,13,0,0,1,,,text,Mistral
1357,75,15,0,0,1,,,text,Mistral
1358,75,17,0,0,1,,,text,Mistral
1359,75,19,0,0,1,,,text,Mistral
1360,75,21,0,0,1,,,text,Mistral
1361,75,23,0,0,1,,,text,Mistral
1362,75,25,0,0,1,,,text,Mistral
1363,75,27,0,0,1,,,text,Mistral
1364,75,29,0,0,1,,,text,Mistral
1365,75,31,0,0,1,,,text,Mistral
1366,75,33,0,0,1,,,text,Mistral
1367,75,35,0,0,1,,,text,Mistral
1368,75,37,0,0,1,,,text,Mistral
1369,75,39,0,0,1,,,text,Mistral
1370,75,41,0,0,1,,,text,Mistral
1371,75,43,0,0,1,,,text,Mistral
1372,75,45,0,0,1,,,text,Mistral
1373,75,47,0,0,1,,,text,Mistral
1374,75,49,0,0,1,,,text,Mistral
1375,75,51,0,0,1,,,text,Mistral
1376,75,53,0,0,1,,,text,Mistral
1377,75,55,0,0,1,,,text,Mistral
1378,75,57,1,1,1,,,text,Mistral
1379,75,59,1,1,1,,,text,Mistral
1380,75,61,0,0,1,,,text,Mistral
1381,75,63,0,0,1,,,text,Mistral
1382,75,65,0,0,1,,,text,Mistral
1383,75,67,0,0,1,,,text,Mistral
1384,75,69,0,0,1,,,text,Mistral
1385,75,71,0,0,1,,,text,Mistral
1386,75,73,0,0,1,,,text,Mistral
1387,75,75,0,0,1,,,text,Mistral
1388,75,77,0,0,1,,,text,Mistral
1389,75,79,0,0,1,,,text,Mistral
1390,75,81,0,0,1,,,text,Mistral
1391,75,83,0,0,1,,,text,Mistral
1392,75,85,0,0,1,,,text,Mistral
1393,75,87,0,0,1,,,text,Mistral
1394,75,89,1,1,1,,,text,Mistral
1395,75,91,1,1,1,,,text,Mistral
1396,75,93,1,1,1,,,text,Mistral
1397,75,95,1,1,1,,,text,Mistral
1398,75,97,1,1,1,,,text,Mistral
1399,75,99,1,1,1,,,text,Mistral
1400,75,101,1,1,1,,,text,Mistral
1401,75,103,1,1,1,,,text,Mistral
1402,75,105,1,1,1,,,text,Mistral
1403,75,107,1,1,1,,,text,Mistral
1404,75,109,1,1,1,,,text,Mistral
1405,75,111,1,1,1,,,text,Mistral
1406,75,113,0,0,1,,,text,Mistral
1407,75,115,0,0,1,,,text,Mistral
1408,75,117,0,0,1,,,text,Mistral
1409,75,119,0,0,1,,,text,Mistral
1410,75,121,0,0,1,,,text,Mistral
1411,75,123,0,0,1,,,text,Mistral
1412,75,125,0,0,1,,,text,Mistral
1413,75,127,0,0,1,,,text,Mistral
1414,75,129,0,0,1,,,text,Mistral
1415,75,131,0,0,1,,,text,Mistral
1416,75,133,0,0,1,,,text,Mistral
1417,75,135,0,0,1,,,text,Mistral
1418,75,137,0,0,1,,,text,Mistral
1419,75,139,1,1,1,,,text,Mistral
1420,75,141,1,1,1,,,text,Mistral
1421,75,143,1,1,1,,,text,Mistral
1422,75,145,0,0,1,,,text,Mistral
1423,75,147,0,0,1,,,text,Mistral
1424,75,149,1,1,1,,,text,Mistral
1425,75,151,0,0,1,,,text,Mistral
1426,75,153,0,0,1,,,text,Mistral
1427,75,155,0,0,1,,,text,Mistral
1428,75,157,0,0,1,,,text,Mistral
1429,75,159,0,0,1,,,text,Mistral
1430,75,161,0,0,1,,,text,Mistral
1431,75,163,0,0,1,,,text,Mistral
1432,75,165,0,0,1,,,text,Mistral
1433,75,167,0,0,1,,,text,Mistral
1434,75,169,0,0,1,,,text,Mistral
1435,75,171,0,0,1,,,text,Mistral
1436,75,173,0,0,1,,,text,Mistral
1437,75,175,0,0,1,,,text,Mistral
1438,75,177,0,0,1,,,text,Mistral
1439,75,179,0,0,1,,,text,Mistral
1440,73,-179,0,0,1,,,text,Mistral
1441,73,-177,0,0,1,,,text,Mistral
1442,73,-175,0,0,1,,,text,Mistral
1443,73,-173,0,0,1,,,text,Mistral
1444,73,-171,0,0,1,,,text,Mistral
1445,73,-169,0,0,1,,,text,Mistral
1446,73,-167,0,0,1,,,text,Mistral
1447,73,-165,0,0,1,,,text,Mistral
1448,73,-163,0,0,1,,,text,Mistral
1449,73,-161,0,0,1,,,text,Mistral
1450,73,-159,0,0,1,,,text,Mistral
1451,73,-157,0,0,1,,,text,Mistral
1452,73,-155,0,0,1,,,text,Mistral
1453,73,-153,0,0,1,,,text,Mistral
1454,73,-151,0,0,1,,,text,Mistral
1455,73,-149,0,0,1,,,text,Mistral
1456,73,-147,0,0,1,,,text,Mistral
1457,73,-145,0,0,1,,,text,Mistral
1458,73,-143,0,0,1,,,text,Mistral
1459,73,-141,0,0,1,,,text,Mistral
1460,73,-139,0,0,1,,,text,Mistral
1461,73,-137,0,0,1,,,text,Mistral
1462,73,-135,0,0,1,,,text,Mistral
1463,73,-133,0,0,1,,,text,Mistral
1464,73,-131,0,0,1,,,text,Mistral
1465,73,-129,0,0,1,,,text,Mistral
1466,73,-127,0,0,0,,,text,Mistral
1467,73,-125,0,0,1,,,text,Mistral
1468,73,-123,1,1,1,,,text,Mistral
1469,73,-121,1,1,1,,,text,Mistral
1470,73,-119,1,1,1,,,text,Mistral
1471,73,-117,0,0,1,,,text,Mistral
1472,73,-115,1,1,1,,,text,Mistral
1473,73,-113,1,1,1,,,text,Mistral
1474,73,-111,0,0,1,,,text,Mistral
1475,73,-109,0,0,1,,,text,Mistral
1476,73,-107,1,1,1,,,text,Mistral
1477,73,-105,0,0,1,,,text,Mistral
1478,73,-103,0,0,1,,,text,Mistral
1479,73,-101,0,0,1,,,text,Mistral
1480,73,-99,1,1,1,,,text,Mistral
1481,73,-97,1,1,1,,,text,Mistral
1482,73,-95,1,1,1,,,text,Mistral
1483,73,-93,1,1,1,,,text,Mistral
1484,73,-91,0,0,1,,,text,Mistral
1485,73,-89,1,1,1,,,text,Mistral
1486,73,-87,1,1,1,,,text,Mistral
1487,73,-85,1,1,1,,,text,Mistral
1488,73,-83,1,1,1,,,text,Mistral
1489,73,-81,1,1,1,,,text,Mistral
1490,73,-79,1,1,1,,,text,Mistral
1491,73,-77,1,1,1,,,text,Mistral
1492,73,-75,0,0,1,,,text,Mistral
1493,73,-73,0,0,1,,,text,Mistral
1494,73,-71,0,0,1,,,text,Mistral
1495,73,-69,0,0,1,,,text,Mistral
1496,73,-67,0,0,1,,,text,Mistral
1497,73,-65,0,0,1,,,text,Mistral
1498,73,-63,0,0,1,,,text,Mistral
1499,73,-61,0,0,1,,,text,Mistral
1500,73,-59,0,0,1,,,text,Mistral
1501,73,-57,0,0,1,,,text,Mistral
1502,73,-55,0,0,1,,,text,Mistral
1503,73,-53,1,1,1,,,text,Mistral
1504,73,-51,1,1,1,,,text,Mistral
1505,73,-49,1,1,1,,,text,Mistral
1506,73,-47,1,1,1,,,text,Mistral
1507,73,-45,1,1,1,,,text,Mistral
1508,73,-43,1,1,1,,,text,Mistral
1509,73,-41,1,1,1,,,text,Mistral
1510,73,-39,1,1,1,,,text,Mistral
1511,73,-37,1,1,1,,,text,Mistral
1512,73,-35,1,1,1,,,text,Mistral
1513,73,-33,1,1,1,,,text,Mistral
1514,73,-31,1,1,1,,,text,Mistral
1515,73,-29,1,1,1,,,text,Mistral
1516,73,-27,1,1,1,,,text,Mistral
1517,73,-25,0,0,1,,,text,Mistral
1518,73,-23,1,1,1,,,text,Mistral
1519,73,-21,0,0,1,,,text,Mistral
1520,73,-19,0,0,1,,,text,Mistral
1521,73,-17,0,0,1,,,text,Mistral
1522,73,-15,0,0,1,,,text,Mistral
1523,73,-13,0,0,1,,,text,Mistral
1524,73,-11,0,0,1,,,text,Mistral
1525,73,-9,0,0,1,,,text,Mistral
1526,73,-7,0,0,1,,,text,Mistral
1527,73,-5,0,0,1,,,text,Mistral
1528,73,-3,0,0,1,,,text,Mistral
1529,73,-1,0,0,1,,,text,Mistral
1530,73,1,0,0,1,,,text,Mistral
1531,73,3,0,0,1,,,text,Mistral
1532,73,5,0,0,1,,,text,Mistral
1533,73,7,0,0,1,,,text,Mistral
1534,73,9,0,0,1,,,text,Mistral
1535,73,11,0,0,1,,,text,Mistral
1536,73,13,0,0,1,,,text,Mistral
1537,73,15,0,0,1,,,text,Mistral
1538,73,17,0,0,1,,,text,Mistral
1539,73,19,0,0,1,,,text,Mistral
1540,73,21,0,0,1,,,text,Mistral
1541,73,23,0,0,1,,,text,Mistral
1542,73,25,0,0,1,,,text,Mistral
1543,73,27,0,0,1,,,text,Mistral
1544,73,29,0,0,1,,,text,Mistral
1545,73,31,0,0,1,,,text,Mistral
1546,73,33,0,0,1,,,text,Mistral
1547,73,35,0,0,1,,,text,Mistral
1548,73,37,0,0,1,,,text,Mistral
1549,73,39,0,0,1,,,text,Mistral
1550,73,41,0,0,1,,,text,Mistral
1551,73,43,0,0,1,,,text,Mistral
1552,73,45,0,0,1,,,text,Mistral
1553,73,47,0,0,1,,,text,Mistral
1554,73,49,0,0,1,,,text,Mistral
1555,73,51,0,0,1,,,text,Mistral
1556,73,53,0,0,1,,,text,Mistral
1557,73,55,1,1,1,,,text,Mistral
1558,73,57,0,0,1,,,text,Mistral
1559,73,59,0,0,1,,,text,Mistral
1560,73,61,0,0,1,,,text,Mistral
1561,73,63,0,0,1,,,text,Mistral
1562,73,65,0,0,1,,,text,Mistral
1563,73,67,0,0,1,,,text,Mistral
1564,73,69,0,0,1,,,text,Mistral
1565,73,71,0,0,1,,,text,Mistral
1566,73,73,0,0,1,,,text,Mistral
1567,73,75,0,0,1,,,text,Mistral
1568,73,77,0,0,1,,,text,Mistral
1569,73,79,1,1,1,,,text,Mistral
1570,73,81,1,1,1,,,text,Mistral
1571,73,83,1,1,1,,,text,Mistral
1572,73,85,1,1,1,,,text,Mistral
1573,73,87,1,1,1,,,text,Mistral
1574,73,89,1,1,1,,,text,Mistral
1575,73,91,1,1,1,,,text,Mistral
1576,73,93,1,1,1,,,text,Mistral
1577,73,95,1,1,1,,,text,Mistral
1578,73,97,1,1,1,,,text,Mistral
1579,73,99,1,1,1,,,text,Mistral
1580,73,101,1,0,1,,,text,Mistral
1581,73,103,1,1,1,,,text,Mistral
1582,73,105,1,1,1,,,text,Mistral
1583,73,107,1,1,1,,,text,Mistral
1584,73,109,1,1,1,,,text,Mistral
1585,73,111,1,1,1,,,text,Mistral
1586,73,113,1,1,1,,,text,Mistral
1587,73,115,1,1,1,,,text,Mistral
1588,73,117,1,1,1,,,text,Mistral
1589,73,119,1,1,1,,,text,Mistral
1590,73,121,0,0,1,,,text,Mistral
1591,73,123,0,0,1,,,text,Mistral
1592,73,125,1,1,1,,,text,Mistral
1593,73,127,1,1,1,,,text,Mistral
1594,73,129,1,1,1,,,text,Mistral
1595,73,131,0,0,1,,,text,Mistral
1596,73,133,0,0,1,,,text,Mistral
1597,73,135,0,0,1,,,text,Mistral
1598,73,137,0,0,1,,,text,Mistral
1599,73,139,0,0,1,,,text,Mistral
1600,73,141,0,0,1,,,text,Mistral
1601,73,143,0,0,1,,,text,Mistral
1602,73,145,0,0,1,,,text,Mistral
1603,73,147,0,0,1,,,text,Mistral
1604,73,149,0,0,1,,,text,Mistral
1605,73,151,0,0,1,,,text,Mistral
1606,73,153,0,0,1,,,text,Mistral
1607,73,155,0,0,1,,,text,Mistral
1608,73,157,0,0,1,,,text,Mistral
1609,73,159,0,0,1,,,text,Mistral
1610,73,161,0,0,1,,,text,Mistral
1611,73,163,0,0,1,,,text,Mistral
1612,73,165,0,0,1,,,text,Mistral
1613,73,167,0,0,1,,,text,Mistral
1614,73,169,0,0,1,,,text,Mistral
1615,73,171,0,0,1,,,text,Mistral
1616,73,173,0,0,1,,,text,Mistral
1617,73,175,0,0,1,,,text,Mistral
1618,73,177,0,0,1,,,text,Mistral
1619,73,179,0,0,1,,,text,Mistral
1620,71,-179,1,1,1,,,text,Mistral
1621,71,-177,0,0,1,,,text,Mistral
1622,71,-175,0,0,1,,,text,Mistral
1623,71,-173,0,0,1,,,text,Mistral
1624,71,-171,0,0,1,,,text,Mistral
1625,71,-169,0,0,1,,,text,Mistral
1626,71,-167,0,0,1,,,text,Mistral
1627,71,-165,0,0,1,,,text,Mistral
1628,71,-163,0,0,1,,,text,Mistral
1629,71,-161,0,0,1,,,text,Mistral
1630,71,-159,0,0,1,,,text,Mistral
1631,71,-157,1,1,1,,,text,Mistral
1632,71,-155,1,1,1,,,text,Mistral
1633,71,-153,0,0,1,,,text,Mistral
1634,71,-151,0,0,1,,,text,Mistral
1635,71,-149,0,0,1,,,text,Mistral
1636,71,-147,0,0,1,,,text,Mistral
1637,71,-145,0,0,1,,,text,Mistral
1638,71,-143,0,0,1,,,text,Mistral
1639,71,-141,0,0,1,,,text,Mistral
1640,71,-139,0,0,1,,,text,Mistral
1641,71,-137,0,0,1,,,text,Mistral
1642,71,-135,0,0,1,,,text,Mistral
1643,71,-133,0,0,1,,,text,Mistral
1644,71,-131,0,0,1,,,text,Mistral
1645,71,-129,0,0,1,,,text,Mistral
1646,71,-127,0,0,1,,,text,Mistral
1647,71,-125,0,0,1,,,text,Mistral
1648,71,-123,0,0,1,,,text,Mistral
1649,71,-121,0,0,1,,,text,Mistral
1650,71,-119,0,0,1,,,text,Mistral
1651,71,-117,1,1,1,,,text,Mistral
1652,71,-115,1,1,1,,,text,Mistral
1653,71,-113,1,1,1,,,text,Mistral
1654,71,-111,1,1,1,,,text,Mistral
1655,71,-109,1,1,1,,,text,Mistral
1656,71,-107,1,1,1,,,text,Mistral
1657,71,-105,1,1,1,,,text,Mistral
1658,71,-103,0,0,1,,,text,Mistral
1659,71,-101,0,0,1,,,text,Mistral
1660,71,-99,0,0,1,,,text,Mistral
1661,71,-97,0,0,1,,,text,Mistral
1662,71,-95,1,1,1,,,text,Mistral
1663,71,-93,1,1,1,,,text,Mistral
1664,71,-91,0,0,1,,,text,Mistral
1665,71,-89,1,1,1,,,text,Mistral
1666,71,-87,1,1,1,,,text,Mistral
1667,71,-85,1,1,1,,,text,Mistral
1668,71,-83,1,1,1,,,text,Mistral
1669,71,-81,1,1,1,,,text,Mistral
1670,71,-79,1,1,1,,,text,Mistral
1671,71,-77,1,1,1,,,text,Mistral
1672,71,-75,1,1,1,,,text,Mistral
1673,71,-73,1,1,1,,,text,Mistral
1674,71,-71,1,1,1,,,text,Mistral
1675,71,-69,0,0,1,,,text,Mistral
1676,71,-67,0,0,1,,,text,Mistral
1677,71,-65,0,0,1,,,text,Mistral
1678,71,-63,0,0,1,,,text,Mistral
1679,71,-61,0,0,1,,,text,Mistral
1680,71,-59,0,0,1,,,text,Mistral
1681,71,-57,0,0,1,,,text,Mistral
1682,71,-55,0,0,1,,,text,Mistral
1683,71,-53,0,0,1,,,text,Mistral
1684,71,-51,0,0,1,,,text,Mistral
1685,71,-49,1,1,1,,,text,Mistral
1686,71,-47,1,1,1,,,text,Mistral
1687,71,-45,1,1,1,,,text,Mistral
1688,71,-43,1,1,1,,,text,Mistral
1689,71,-41,1,1,1,,,text,Mistral
1690,71,-39,1,1,1,,,text,Mistral
1691,71,-37,1,1,1,,,text,Mistral
1692,71,-35,1,1,1,,,text,Mistral
1693,71,-33,1,1,1,,,text,Mistral
1694,71,-31,1,1,1,,,text,Mistral
1695,71,-29,1,1,1,,,text,Mistral
1696,71,-27,1,1,1,,,text,Mistral
1697,71,-25,0,0,1,,,text,Mistral
1698,71,-23,1,1,1,,,text,Mistral
1699,71,-21,0,0,1,,,text,Mistral
1700,71,-19,0,0,1,,,text,Mistral
1701,71,-17,0,0,1,,,text,Mistral
1702,71,-15,0,0,1,,,text,Mistral
1703,71,-13,0,0,1,,,text,Mistral
1704,71,-11,0,0,1,,,text,Mistral
1705,71,-9,0,0,1,,,text,Mistral
1706,71,-7,0,0,1,,,text,Mistral
1707,71,-5,0,0,1,,,text,Mistral
1708,71,-3,0,0,1,,,text,Mistral
1709,71,-1,0,0,1,,,text,Mistral
1710,71,1,0,0,1,,,text,Mistral
1711,71,3,0,0,1,,,text,Mistral
1712,71,5,0,0,1,,,text,Mistral
1713,71,7,0,0,1,,,text,Mistral
1714,71,9,0,0,1,,,text,Mistral
1715,71,11,0,0,1,,,text,Mistral
1716,71,13,0,0,1,,,text,Mistral
1717,71,15,0,0,1,,,text,Mistral
1718,71,17,0,0,1,,,text,Mistral
1719,71,19,0,0,1,,,text,Mistral
1720,71,21,0,0,1,,,text,Mistral
1721,71,23,0,0,1,,,text,Mistral
1722,71,25,1,1,1,,,text,Mistral
1723,71,27,0,0,1,,,text,Mistral
1724,71,29,0,0,1,,,text,Mistral
1725,71,31,0,0,1,,,text,Mistral
1726,71,33,0,0,1,,,text,Mistral
1727,71,35,0,0,1,,,text,Mistral
1728,71,37,0,0,1,,,text,Mistral
1729,71,39,0,0,1,,,text,Mistral
1730,71,41,0,0,1,,,text,Mistral
1731,71,43,0,0,1,,,text,Mistral
1732,71,45,0,0,1,,,text,Mistral
1733,71,47,0,0,1,,,text,Mistral
1734,71,49,0,0,1,,,text,Mistral
1735,71,51,0,0,1,,,text,Mistral
1736,71,53,1,1,1,,,text,Mistral
1737,71,55,1,1,1,,,text,Mistral
1738,71,57,0,0,1,,,text,Mistral
1739,71,59,0,0,1,,,text,Mistral
1740,71,61,0,0,1,,,text,Mistral
1741,71,63,0,0,1,,,text,Mistral
1742,71,65,0,0,1,,,text,Mistral
1743,71,67,1,1,1,,,text,Mistral
1744,71,69,1,1,1,,,text,Mistral
1745,71,71,1,1,1,,,text,Mistral
1746,71,73,0,0,1,,,text,Mistral
1747,71,75,1,1,1,,,text,Mistral
1748,71,77,1,1,1,,,text,Mistral
1749,71,79,1,1,1,,,text,Mistral
1750,71,81,1,1,1,,,text,Mistral
1751,71,83,0,0,1,,,text,Mistral
1752,71,85,1,1,1,,,text,Mistral
1753,71,87,1,1,1,,,text,Mistral
1754,71,89,1,1,1,,,text,Mistral
1755,71,91,1,1,1,,,text,Mistral
1756,71,93,1,1,1,,,text,Mistral
1757,71,95,1,1,1,,,text,Mistral
1758,71,97,1,1,1,,,text,Mistral
1759,71,99,1,1,1,,,text,Mistral
1760,71,101,1,1,1,,,text,Mistral
1761,71,103,1,1,1,,,text,Mistral
1762,71,105,1,1,1,,,text,Mistral
1763,71,107,1,1,1,,,text,Mistral
1764,71,109,1,1,1,,,text,Mistral
1765,71,111,1,1,1,,,text,Mistral
1766,71,113,1,1,1,,,text,Mistral
1767,71,115,1,1,1,,,text,Mistral
1768,71,117,1,1,1,,,text,Mistral
1769,71,119,1,1,1,,,text,Mistral
1770,71,121,1,1,1,,,text,Mistral
1771,71,123,1,1,1,,,text,Mistral
1772,71,125,1,1,1,,,text,Mistral
1773,71,127,1,1,1,,,text,Mistral
1774,71,129,1,1,1,,,text,Mistral
1775,71,131,0,0,1,,,text,Mistral
1776,71,133,1,1,1,,,text,Mistral
1777,71,135,1,1,1,,,text,Mistral
1778,71,137,1,1,1,,,text,Mistral
1779,71,139,1,1,1,,,text,Mistral
1780,71,141,1,1,1,,,text,Mistral
1781,71,143,1,1,1,,,text,Mistral
1782,71,145,1,1,1,,,text,Mistral
1783,71,147,1,1,1,,,text,Mistral
1784,71,149,1,1,1,,,text,Mistral
1785,71,151,1,1,1,,,text,Mistral
1786,71,153,0,0,1,,,text,Mistral
1787,71,155,1,1,1,,,text,Mistral
1788,71,157,1,1,1,,,text,Mistral
1789,71,159,0,0,1,,,text,Mistral
1790,71,161,0,0,1,,,text,Mistral
1791,71,163,0,0,1,,,text,Mistral
1792,71,165,0,0,1,,,text,Mistral
1793,71,167,0,0,1,,,text,Mistral
1794,71,169,0,0,1,,,text,Mistral
1795,71,171,0,0,1,,,text,Mistral
1796,71,173,0,0,1,,,text,Mistral
1797,71,175,0,0,1,,,text,Mistral
1798,71,177,0,0,1,,,text,Mistral
1799,71,179,1,1,1,,,text,Mistral
1800,69,-179,0,0,1,,,text,Mistral
1801,69,-177,0,0,1,,,text,Mistral
1802,69,-175,0,0,1,,,text,Mistral
1803,69,-173,0,0,1,,,text,Mistral
1804,69,-171,0,0,1,,,text,Mistral
1805,69,-169,0,0,1,,,text,Mistral
1806,69,-167,0,0,1,,,text,Mistral
1807,69,-165,0,0,1,,,text,Mistral
1808,69,-163,1,1,1,,,text,Mistral
1809,69,-161,1,1,1,,,text,Mistral
1810,69,-159,1,1,1,,,text,Mistral
1811,69,-157,1,1,1,,,text,Mistral
1812,69,-155,1,1,1,,,text,Mistral
1813,69,-153,1,1,1,,,text,Mistral
1814,69,-151,1,1,1,,,text,Mistral
1815,69,-149,1,1,1,,,text,Mistral
1816,69,-147,1,1,1,,,text,Mistral
1817,69,-145,1,1,1,,,text,Mistral
1818,69,-143,1,1,1,,,text,Mistral
1819,69,-141,1,1,1,,,text,Mistral
1820,69,-139,1,1,1,,,text,Mistral
1821,69,-137,0,0,1,,,text,Mistral
1822,69,-135,1,1,1,,,text,Mistral
1823,69,-133,1,1,1,,,text,Mistral
1824,69,-131,1,1,1,,,text,Mistral
1825,69,-129,1,1,1,,,text,Mistral
1826,69,-127,1,1,1,,,text,Mistral
1827,69,-125,1,1,1,,,text,Mistral
1828,69,-123,1,1,1,,,text,Mistral
1829,69,-121,1,1,1,,,text,Mistral
1830,69,-119,1,1,1,,,text,Mistral
1831,69,-117,0,0,1,,,text,Mistral
1832,69,-115,0,0,1,,,text,Mistral
1833,69,-113,1,1,1,,,text,Mistral
1834,69,-111,1,1,1,,,text,Mistral
1835,69,-109,1,1,1,,,text,Mistral
1836,69,-107,0,0,1,,,text,Mistral
1837,69,-105,1,1,1,,,text,Mistral
1838,69,-103,1,1,1,,,text,Mistral
1839,69,-101,0,0,1,,,text,Mistral
1840,69,-99,1,1,1,,,text,Mistral
1841,69,-97,1,1,1,,,text,Mistral
1842,69,-95,0,0,1,,,text,Mistral
1843,69,-93,1,1,1,,,text,Mistral
1844,69,-91,1,1,1,,,text,Mistral
1845,69,-89,1,1,1,,,text,Mistral
1846,69,-87,0,0,1,,,text,Mistral
1847,69,-85,1,1,1,,,text,Mistral
1848,69,-83,1,1,1,,,text,Mistral
1849,69,-81,0,0,1,,,text,Mistral
1850,69,-79,1,1,1,,,text,Mistral
1851,69,-77,0,0,1,,,text,Mistral
1852,69,-75,1,1,1,,,text,Mistral
1853,69,-73,1,1,1,,,text,Mistral
1854,69,-71,1,1,1,,,text,Mistral
1855,69,-69,1,1,1,,,text,Mistral
1856,69,-67,0,0,1,,,text,Mistral
1857,69,-65,0,0,1,,,text,Mistral
1858,69,-63,0,0,1,,,text,Mistral
1859,69,-61,0,0,1,,,text,Mistral
1860,69,-59,0,0,1,,,text,Mistral
1861,69,-57,0,0,1,,,text,Mistral
1862,69,-55,0,0,1,,,text,Mistral
1863,69,-53,0,0,1,,,text,Mistral
1864,69,-51,1,1,1,,,text,Mistral
1865,69,-49,1,1,1,,,text,Mistral
1866,69,-47,1,1,1,,,text,Mistral
1867,69,-45,1,1,1,,,text,Mistral
1868,69,-43,1,1,1,,,text,Mistral
1869,69,-41,1,1,1,,,text,Mistral
1870,69,-39,1,1,1,,,text,Mistral
1871,69,-37,1,1,1,,,text,Mistral
1872,69,-35,1,1,1,,,text,Mistral
1873,69,-33,1,1,1,,,text,Mistral
1874,69,-31,1,1,1,,,text,Mistral
1875,69,-29,1,1,1,,,text,Mistral
1876,69,-27,1,1,1,,,text,Mistral
1877,69,-25,0,0,1,,,text,Mistral
1878,69,-23,0,0,1,,,text,Mistral
1879,69,-21,0,0,1,,,text,Mistral
1880,69,-19,0,0,1,,,text,Mistral
1881,69,-17,0,0,1,,,text,Mistral
1882,69,-15,0,0,1,,,text,Mistral
1883,69,-13,0,0,1,,,text,Mistral
1884,69,-11,0,0,1,,,text,Mistral
1885,69,-9,0,0,1,,,text,Mistral
1886,69,-7,0,0,1,,,text,Mistral
1887,69,-5,0,0,1,,,text,Mistral
1888,69,-3,0,0,1,,,text,Mistral
1889,69,-1,0,0,1,,,text,Mistral
1890,69,1,0,0,1,,,text,Mistral
1891,69,3,0,0,1,,,text,Mistral
1892,69,5,0,0,1,,,text,Mistral
1893,69,7,0,0,1,,,text,Mistral
1894,69,9,0,0,1,,,text,Mistral
1895,69,11,0,0,1,,,text,Mistral
1896,69,13,0,0,1,,,text,Mistral
1897,69,15,0,0,1,,,text,Mistral
1898,69,17,0,0,1,,,text,Mistral
1899,69,19,1,1,1,,,text,Mistral
1900,69,21,1,1,1,,,text,Mistral
1901,69,23,1,1,1,,,text,Mistral
1902,69,25,1,1,1,,,text,Mistral
1903,69,27,1,1,1,,,text,Mistral
1904,69,29,1,1,1,,,text,Mistral
1905,69,31,1,1,1,,,text,Mistral
1906,69,33,1,1,1,,,text,Mistral
1907,69,35,1,1,1,,,text,Mistral
1908,69,37,0,0,1,,,text,Mistral
1909,69,39,0,0,1,,,text,Mistral
1910,69,41,0,0,1,,,text,Mistral
1911,69,43,0,0,1,,,text,Mistral
1912,69,45,0,0,1,,,text,Mistral
1913,69,47,0,0,1,,,text,Mistral
1914,69,49,1,1,1,,,text,Mistral
1915,69,51,0,0,1,,,text,Mistral
1916,69,53,0,0,1,,,text,Mistral
1917,69,55,0,0,1,,,text,Mistral
1918,69,57,0,0,1,,,text,Mistral
1919,69,59,0,0,1,,,text,Mistral
1920,69,61,1,1,1,,,text,Mistral
1921,69,63,1,1,1,,,text,Mistral
1922,69,65,1,1,1,,,text,Mistral
1923,69,67,0,0,1,,,text,Mistral
1924,69,69,1,1,1,,,text,Mistral
1925,69,71,1,1,1,,,text,Mistral
1926,69,73,0,0,1,,,text,Mistral
1927,69,75,0,0,1,,,text,Mistral
1928,69,77,0,0,1,,,text,Mistral
1929,69,79,1,1,1,,,text,Mistral
1930,69,81,1,1,1,,,text,Mistral
1931,69,83,1,1,1,,,text,Mistral
1932,69,85,1,1,1,,,text,Mistral
1933,69,87,1,1,1,,,text,Mistral
1934,69,89,1,1,1,,,text,Mistral
1935,69,91,1,0,1,,,text,Mistral
1936,69,93,1,1,1,,,text,Mistral
1937,69,95,1,1,1,,,text,Mistral
1938,69,97,1,1,1,,,text,Mistral
1939,69,99,1,1,1,,,text,Mistral
1940,69,101,1,1,1,,,text,Mistral
1941,69,103,1,1,1,,,text,Mistral
1942,69,105,1,1,1,,,text,Mistral
1943,69,107,1,1,1,,,text,Mistral
1944,69,109,1,1,1,,,text,Mistral
1945,69,111,1,1,1,,,text,Mistral
1946,69,113,1,1,1,,,text,Mistral
1947,69,115,1,1,1,,,text,Mistral
1948,69,117,1,1,1,,,text,Mistral
1949,69,119,1,1,1,,,text,Mistral
1950,69,121,1,1,1,,,text,Mistral
1951,69,123,1,1,1,,,text,Mistral
1952,69,125,1,1,1,,,text,Mistral
1953,69,127,1,1,1,,,text,Mistral
1954,69,129,1,1,1,,,text,Mistral
1955,69,131,1,1,1,,,text,Mistral
1956,69,133,1,1,1,,,text,Mistral
1957,69,135,1,1,1,,,text,Mistral
1958,69,137,1,1,1,,,text,Mistral
1959,69,139,1,1,1,,,text,Mistral
1960,69,141,1,1,1,,,text,Mistral
1961,69,143,1,1,1,,,text,Mistral
1962,69,145,1,1,1,,,text,Mistral
1963,69,147,1,1,1,,,text,Mistral
1964,69,149,1,1,1,,,text,Mistral
1965,69,151,1,1,1,,,text,Mistral
1966,69,153,1,1,1,,,text,Mistral
1967,69,155,1,1,1,,,text,Mistral
1968,69,157,1,1,1,,,text,Mistral
1969,69,159,1,1,1,,,text,Mistral
1970,69,161,1,1,1,,,text,Mistral
1971,69,163,1,1,1,,,text,Mistral
1972,69,165,1,1,1,,,text,Mistral
1973,69,167,1,1,1,,,text,Mistral
1974,69,169,1,1,1,,,text,Mistral
1975,69,171,1,1,1,,,text,Mistral
1976,69,173,1,1,1,,,text,Mistral
1977,69,175,1,1,1,,,text,Mistral
1978,69,177,1,1,1,,,text,Mistral
1979,69,179,1,1,1,,,text,Mistral
1980,67,-179,1,1,1,,,text,Mistral
1981,67,-177,1,1,1,,,text,Mistral
1982,67,-175,1,1,1,,,text,Mistral
1983,67,-173,1,1,1,,,text,Mistral
1984,67,-171,0,0,1,,,text,Mistral
1985,67,-169,0,0,1,,,text,Mistral
1986,67,-167,0,0,1,,,text,Mistral
1987,67,-165,0,0,1,,,text,Mistral
1988,67,-163,0,0,1,,,text,Mistral
1989,67,-161,1,1,1,,,text,Mistral
1990,67,-159,1,1,1,,,text,Mistral
1991,67,-157,1,1,1,,,text,Mistral
1992,67,-155,1,1,1,,,text,Mistral
1993,67,-153,1,1,1,,,text,Mistral
1994,67,-151,1,1,1,,,text,Mistral
1995,67,-149,1,1,1,,,text,Mistral
1996,67,-147,1,1,1,,,text,Mistral
1997,67,-145,1,1,1,,,text,Mistral
1998,67,-143,1,1,1,,,text,Mistral
1999,67,-141,1,1,1,,,text,Mistral
2000,67,-139,1,1,1,,,text,Mistral
2001,67,-137,1,1,1,,,text,Mistral
2002,67,-135,1,1,1,,,text,Mistral
2003,67,-133,1,1,1,,,text,Mistral
2004,67,-131,1,1,1,,,text,Mistral
2005,67,-129,1,1,1,,,text,Mistral
2006,67,-127,1,1,1,,,text,Mistral
2007,67,-125,1,1,1,,,text,Mistral
2008,67,-123,1,1,1,,,text,Mistral
2009,67,-121,1,1,1,,,text,Mistral
2010,67,-119,1,1,1,,,text,Mistral
2011,67,-117,1,1,1,,,text,Mistral
2012,67,-115,1,1,1,,,text,Mistral
2013,67,-113,1,1,1,,,text,Mistral
2014,67,-111,1,1,1,,,text,Mistral
2015,67,-109,1,1,1,,,text,Mistral
2016,67,-107,1,1,1,,,text,Mistral
2017,67,-105,1,1,1,,,text,Mistral
2018,67,-103,1,1,1,,,text,Mistral
2019,67,-101,1,1,1,,,text,Mistral
2020,67,-99,1,1,1,,,text,Mistral
2021,67,-97,1,1,1,,,text,Mistral
2022,67,-95,1,1,1,,,text,Mistral
2023,67,-93,1,1,1,,,text,Mistral
2024,67,-91,1,1,1,,,text,Mistral
2025,67,-89,1,1,1,,,text,Mistral
2026,67,-87,1,1,1,,,text,Mistral
2027,67,-85,1,1,1,,,text,Mistral
2028,67,-83,1,1,1,,,text,Mistral
2029,67,-81,0,0,1,,,text,Mistral
2030,67,-79,0,0,1,,,text,Mistral
2031,67,-77,0,0,1,,,text,Mistral
2032,67,-75,0,0,1,,,text,Mistral
2033,67,-73,0,0,1,,,text,Mistral
2034,67,-71,1,0,1,,,text,Mistral
2035,67,-69,1,1,1,,,text,Mistral
2036,67,-67,1,1,1,,,text,Mistral
2037,67,-65,1,1,1,,,text,Mistral
2038,67,-63,0,0,1,,,text,Mistral
2039,67,-61,0,0,1,,,text,Mistral
2040,67,-59,0,0,1,,,text,Mistral
2041,67,-57,0,0,1,,,text,Mistral
2042,67,-55,0,0,1,,,text,Mistral
2043,67,-53,1,1,1,,,text,Mistral
2044,67,-51,1,1,1,,,text,Mistral
2045,67,-49,1,1,1,,,text,Mistral
2046,67,-47,1,1,1,,,text,Mistral
2047,67,-45,1,1,1,,,text,Mistral
2048,67,-43,1,1,1,,,text,Mistral
2049,67,-41,1,1,1,,,text,Mistral
2050,67,-39,1,1,1,,,text,Mistral
2051,67,-37,1,1,1,,,text,Mistral
2052,67,-35,1,1,1,,,text,Mistral
2053,67,-33,0,0,1,,,text,Mistral
2054,67,-31,0,0,1,,,text,Mistral
2055,67,-29,0,0,1,,,text,Mistral
2056,67,-27,0,0,1,,,text,Mistral
2057,67,-25,0,0,1,,,text,Mistral
2058,67,-23,0,0,1,,,text,Mistral
2059,67,-21,0,0,1,,,text,Mistral
2060,67,-19,0,0,1,,,text,Mistral
2061,67,-17,0,0,1,,,text,Mistral
2062,67,-15,0,0,1,,,text,Mistral
2063,67,-13,0,0,1,,,text,Mistral
2064,67,-11,0,0,1,,,text,Mistral
2065,67,-9,0,0,1,,,text,Mistral
2066,67,-7,0,0,1,,,text,Mistral
2067,67,-5,0,0,1,,,text,Mistral
2068,67,-3,0,0,1,,,text,Mistral
2069,67,-1,0,0,1,,,text,Mistral
2070,67,1,0,0,1,,,text,Mistral
2071,67,3,0,0,1,,,text,Mistral
2072,67,5,0,0,1,,,text,Mistral
2073,67,7,0,0,1,,,text,Mistral
2074,67,9,0,0,1,,,text,Mistral
2075,67,11,0,0,1,,,text,Mistral
2076,67,13,0,0,1,,,text,Mistral
2077,67,15,1,1,1,,,text,Mistral
2078,67,17,1,1,1,,,text,Mistral
2079,67,19,1,1,1,,,text,Mistral
2080,67,21,1,1,1,,,text,Mistral
2081,67,23,1,1,1,,,text,Mistral
2082,67,25,1,1,1,,,text,Mistral
2083,67,27,1,1,1,,,text,Mistral
2084,67,29,1,1,1,,,text,Mistral
2085,67,31,1,1,1,,,text,Mistral
2086,67,33,1,1,1,,,text,Mistral
2087,67,35,1,1,1,,,text,Mistral
2088,67,37,1,1,1,,,text,Mistral
2089,67,39,1,1,1,,,text,Mistral
2090,67,41,1,1,1,,,text,Mistral
2091,67,43,0,0,1,,,text,Mistral
2092,67,45,1,1,1,,,text,Mistral
2093,67,47,0,0,1,,,text,Mistral
2094,67,49,1,1,1,,,text,Mistral
2095,67,51,1,1,1,,,text,Mistral
2096,67,53,1,1,1,,,text,Mistral
2097,67,55,1,1,1,,,text,Mistral
2098,67,57,1,1,1,,,text,Mistral
2099,67,59,1,1,1,,,text,Mistral
2100,67,61,1,1,1,,,text,Mistral
2101,67,63,1,1,1,,,text,Mistral
2102,67,65,1,1,1,,,text,Mistral
2103,67,67,1,1,1,,,text,Mistral
2104,67,69,1,1,1,,,text,Mistral
2105,67,71,1,1,1,,,text,Mistral
2106,67,73,0,0,1,,,text,Mistral
2107,67,75,1,1,1,,,text,Mistral
2108,67,77,1,1,1,,,text,Mistral
2109,67,79,1,1,1,,,text,Mistral
2110,67,81,1,1,1,,,text,Mistral
2111,67,83,1,1,1,,,text,Mistral
2112,67,85,1,1,1,,,text,Mistral
2113,67,87,1,1,1,,,text,Mistral
2114,67,89,1,1,1,,,text,Mistral
2115,67,91,1,1,1,,,text,Mistral
2116,67,93,1,1,1,,,text,Mistral
2117,67,95,1,1,1,,,text,Mistral
2118,67,97,1,1,1,,,text,Mistral
2119,67,99,1,1,1,,,text,Mistral
2120,67,101,1,1,1,,,text,Mistral
2121,67,103,1,1,1,,,text,Mistral
2122,67,105,1,1,1,,,text,Mistral
2123,67,107,1,1,1,,,text,Mistral
2124,67,109,1,1,1,,,text,Mistral
2125,67,111,1,1,1,,,text,Mistral
2126,67,113,1,1,1,,,text,Mistral
2127,67,115,1,1,1,,,text,Mistral
2128,67,117,1,1,1,,,text,Mistral
2129,67,119,1,1,1,,,text,Mistral
2130,67,121,1,1,1,,,text,Mistral
2131,67,123,1,1,1,,,text,Mistral
2132,67,125,1,1,1,,,text,Mistral
2133,67,127,1,1,1,,,text,Mistral
2134,67,129,1,1,1,,,text,Mistral
2135,67,131,1,1,1,,,text,Mistral
2136,67,133,1,1,1,,,text,Mistral
2137,67,135,1,1,1,,,text,Mistral
2138,67,137,1,1,1,,,text,Mistral
2139,67,139,1,1,1,,,text,Mistral
2140,67,141,1,1,1,,,text,Mistral
2141,67,143,1,1,1,,,text,Mistral
2142,67,145,1,1,1,,,text,Mistral
2143,67,147,1,1,1,,,text,Mistral
2144,67,149,1,1,1,,,text,Mistral
2145,67,151,1,1,1,,,text,Mistral
2146,67,153,1,1,1,,,text,Mistral
2147,67,155,1,1,1,,,text,Mistral
2148,67,157,1,1,1,,,text,Mistral
2149,67,159,1,1,1,,,text,Mistral
2150,67,161,1,1,1,,,text,Mistral
2151,67,163,1,1,1,,,text,Mistral
2152,67,165,1,1,1,,,text,Mistral
2153,67,167,1,1,1,,,text,Mistral
2154,67,169,1,1,1,,,text,Mistral
2155,67,171,1,1,1,,,text,Mistral
2156,67,173,1,1,1,,,text,Mistral
2157,67,175,1,1,1,,,text,Mistral
2158,67,177,1,1,1,,,text,Mistral
2159,67,179,1,1,1,,,text,Mistral
2160,65,-179,0,0,1,,,text,Mistral
2161,65,-177,0,0,1,,,text,Mistral
2162,65,-175,1,1,1,,,text,Mistral
2163,65,-173,1,1,1,,,text,Mistral
2164,65,-171,0,0,1,,,text,Mistral
2165,65,-169,0,0,1,,,text,Mistral
2166,65,-167,0,0,1,,,text,Mistral
2167,65,-165,1,1,1,,,text,Mistral
2168,65,-163,1,1,1,,,text,Mistral
2169,65,-161,1,1,1,,,text,Mistral
2170,65,-159,1,1,1,,,text,Mistral
2171,65,-157,1,1,1,,,text,Mistral
2172,65,-155,1,1,1,,,text,Mistral
2173,65,-153,1,1,1,,,text,Mistral
2174,65,-151,1,1,1,,,text,Mistral
2175,65,-149,1,1,1,,,text,Mistral
2176,65,-147,1,1,1,,,text,Mistral
2177,65,-145,1,1,1,,,text,Mistral
2178,65,-143,1,1,1,,,text,Mistral
2179,65,-141,1,1,1,,,text,Mistral
2180,65,-139,1,1,1,,,text,Mistral
2181,65,-137,1,1,1,,,text,Mistral
2182,65,-135,1,1,1,,,text,Mistral
2183,65,-133,1,1,1,,,text,Mistral
2184,65,-131,1,1,1,,,text,Mistral
2185,65,-129,1,1,1,,,text,Mistral
2186,65,-127,1,1,1,,,text,Mistral
2187,65,-125,1,1,1,,,text,Mistral
2188,65,-123,1,1,1,,,text,Mistral
2189,65,-121,1,0,1,,,text,Mistral
2190,65,-119,1,1,1,,,text,Mistral
2191,65,-117,1,1,1,,,text,Mistral
2192,65,-115,1,1,1,,,text,Mistral
2193,65,-113,1,1,1,,,text,Mistral
2194,65,-111,1,1,1,,,text,Mistral
2195,65,-109,1,1,1,,,text,Mistral
2196,65,-107,1,1,1,,,text,Mistral
2197,65,-105,1,1,1,,,text,Mistral
2198,65,-103,1,0,1,,,text,Mistral
2199,65,-101,1,1,1,,,text,Mistral
2200,65,-99,1,1,1,,,text,Mistral
2201,65,-97,1,1,1,,,text,Mistral
2202,65,-95,1,1,1,,,text,Mistral
2203,65,-93,1,1,1,,,text,Mistral
2204,65,-91,1,1,1,,,text,Mistral
2205,65,-89,1,1,1,,,text,Mistral
2206,65,-87,0,0,1,,,text,Mistral
2207,65,-85,1,1,1,,,text,Mistral
2208,65,-83,0,0,1,,,text,Mistral
2209,65,-81,0,0,1,,,text,Mistral
2210,65,-79,0,0,1,,,text,Mistral
2211,65,-77,1,1,1,,,text,Mistral
2212,65,-75,1,1,1,,,text,Mistral
2213,65,-73,1,1,1,,,text,Mistral
2214,65,-71,1,0,1,,,text,Mistral
2215,65,-69,1,1,1,,,text,Mistral
2216,65,-67,1,1,1,,,text,Mistral
2217,65,-65,0,0,1,,,text,Mistral
2218,65,-63,0,0,1,,,text,Mistral
2219,65,-61,0,0,1,,,text,Mistral
2220,65,-59,0,0,1,,,text,Mistral
2221,65,-57,0,0,1,,,text,Mistral
2222,65,-55,0,0,1,,,text,Mistral
2223,65,-53,0,0,1,,,text,Mistral
2224,65,-51,1,1,1,,,text,Mistral
2225,65,-49,1,1,1,,,text,Mistral
2226,65,-47,1,1,1,,,text,Mistral
2227,65,-45,1,1,1,,,text,Mistral
2228,65,-43,1,1,1,,,text,Mistral
2229,65,-41,0,0,1,,,text,Mistral
2230,65,-39,0,0,1,,,text,Mistral
2231,65,-37,0,0,1,,,text,Mistral
2232,65,-35,0,0,1,,,text,Mistral
2233,65,-33,0,0,1,,,text,Mistral
2234,65,-31,0,0,1,,,text,Mistral
2235,65,-29,0,0,1,,,text,Mistral
2236,65,-27,0,0,1,,,text,Mistral
2237,65,-25,0,0,1,,,text,Mistral
2238,65,-23,1,1,1,,,text,Mistral
2239,65,-21,1,1,1,,,text,Mistral
2240,65,-19,1,1,1,,,text,Mistral
2241,65,-17,1,1,1,,,text,Mistral
2242,65,-15,1,1,1,,,text,Mistral
2243,65,-13,0,0,1,,,text,Mistral
2244,65,-11,0,0,1,,,text,Mistral
2245,65,-9,0,0,1,,,text,Mistral
2246,65,-7,0,0,1,,,text,Mistral
2247,65,-5,0,0,1,,,text,Mistral
2248,65,-3,0,0,1,,,text,Mistral
2249,65,-1,0,0,1,,,text,Mistral
2250,65,1,0,0,1,,,text,Mistral
2251,65,3,0,0,1,,,text,Mistral
2252,65,5,0,0,1,,,text,Mistral
2253,65,7,0,0,1,,,text,Mistral
2254,65,9,0,0,1,,,text,Mistral
2255,65,11,0,0,1,,,text,Mistral
2256,65,13,1,1,1,,,text,Mistral
2257,65,15,1,1,1,,,text,Mistral
2258,65,17,1,1,1,,,text,Mistral
2259,65,19,1,1,1,,,text,Mistral
2260,65,21,1,1,1,,,text,Mistral
2261,65,23,0,0,1,,,text,Mistral
2262,65,25,0,0,1,,,text,Mistral
2263,65,27,1,1,1,,,text,Mistral
2264,65,29,1,1,1,,,text,Mistral
2265,65,31,1,1,1,,,text,Mistral
2266,65,33,1,1,1,,,text,Mistral
2267,65,35,0,0,1,,,text,Mistral
2268,65,37,1,1,1,,,text,Mistral
2269,65,39,0,0,1,,,text,Mistral
2270,65,41,1,1,1,,,text,Mistral
2271,65,43,1,1,1,,,text,Mistral
2272,65,45,1,1,1,,,text,Mistral
2273,65,47,1,1,1,,,text,Mistral
2274,65,49,1,1,1,,,text,Mistral
2275,65,51,1,1,1,,,text,Mistral
2276,65,53,1,1,1,,,text,Mistral
2277,65,55,1,1,1,,,text,Mistral
2278,65,57,1,1,1,,,text,Mistral
2279,65,59,1,1,1,,,text,Mistral
2280,65,61,1,1,1,,,text,Mistral
2281,65,63,1,1,1,,,text,Mistral
2282,65,65,1,1,1,,,text,Mistral
2283,65,67,1,1,1,,,text,Mistral
2284,65,69,1,1,1,,,text,Mistral
2285,65,71,1,1,1,,,text,Mistral
2286,65,73,1,1,1,,,text,Mistral
2287,65,75,1,1,1,,,text,Mistral
2288,65,77,1,1,1,,,text,Mistral
2289,65,79,1,1,1,,,text,Mistral
2290,65,81,1,1,1,,,text,Mistral
2291,65,83,1,1,1,,,text,Mistral
2292,65,85,1,1,1,,,text,Mistral
2293,65,87,1,1,1,,,text,Mistral
2294,65,89,1,1,1,,,text,Mistral
2295,65,91,1,1,1,,,text,Mistral
2296,65,93,1,1,1,,,text,Mistral
2297,65,95,1,1,1,,,text,Mistral
2298,65,97,1,1,1,,,text,Mistral
2299,65,99,1,1,1,,,text,Mistral
2300,65,101,1,1,1,,,text,Mistral
2301,65,103,1,1,1,,,text,Mistral
2302,65,105,1,1,1,,,text,Mistral
2303,65,107,1,1,1,,,text,Mistral
2304,65,109,1,1,1,,,text,Mistral
2305,65,111,1,1,1,,,text,Mistral
2306,65,113,1,1,1,,,text,Mistral
2307,65,115,1,1,1,,,text,Mistral
2308,65,117,1,1,1,,,text,Mistral
2309,65,119,1,1,1,,,text,Mistral
2310,65,121,1,1,1,,,text,Mistral
2311,65,123,1,1,1,,,text,Mistral
2312,65,125,1,1,1,,,text,Mistral
2313,65,127,1,1,1,,,text,Mistral
2314,65,129,1,1,1,,,text,Mistral
2315,65,131,1,1,1,,,text,Mistral
2316,65,133,1,1,1,,,text,Mistral
2317,65,135,1,1,1,,,text,Mistral
2318,65,137,1,1,1,,,text,Mistral
2319,65,139,1,1,1,,,text,Mistral
2320,65,141,1,1,1,,,text,Mistral
2321,65,143,1,1,1,,,text,Mistral
2322,65,145,1,1,1,,,text,Mistral
2323,65,147,1,1,1,,,text,Mistral
2324,65,149,1,1,1,,,text,Mistral
2325,65,151,1,1,1,,,text,Mistral
2326,65,153,1,1,1,,,text,Mistral
2327,65,155,1,1,1,,,text,Mistral
2328,65,157,1,1,1,,,text,Mistral
2329,65,159,1,1,1,,,text,Mistral
2330,65,161,1,1,1,,,text,Mistral
2331,65,163,1,1,1,,,text,Mistral
2332,65,165,1,1,1,,,text,Mistral
2333,65,167,1,1,1,,,text,Mistral
2334,65,169,1,1,1,,,text,Mistral
2335,65,171,1,1,1,,,text,Mistral
2336,65,173,1,1,1,,,text,Mistral
2337,65,175,1,1,1,,,text,Mistral
2338,65,177,1,1,1,,,text,Mistral
2339,65,179,1,1,1,,,text,Mistral
2340,63,-179,0,0,1,,,text,Mistral
2341,63,-177,0,0,1,,,text,Mistral
2342,63,-175,0,0,1,,,text,Mistral
2343,63,-173,0,0,1,,,text,Mistral
2344,63,-171,0,0,1,,,text,Mistral
2345,63,-169,0,0,1,,,text,Mistral
2346,63,-167,0,0,1,,,text,Mistral
2347,63,-165,0,0,1,,,text,Mistral
2348,63,-163,1,1,1,,,text,Mistral
2349,63,-161,1,1,1,,,text,Mistral
2350,63,-159,1,1,1,,,text,Mistral
2351,63,-157,1,1,1,,,text,Mistral
2352,63,-155,1,1,1,,,text,Mistral
2353,63,-153,1,1,1,,,text,Mistral
2354,63,-151,1,1,1,,,text,Mistral
2355,63,-149,1,1,1,,,text,Mistral
2356,63,-147,1,1,1,,,text,Mistral
2357,63,-145,1,1,1,,,text,Mistral
2358,63,-143,1,1,1,,,text,Mistral
2359,63,-141,1,1,1,,,text,Mistral
2360,63,-139,1,1,1,,,text,Mistral
2361,63,-137,1,1,1,,,text,Mistral
2362,63,-135,1,1,1,,,text,Mistral
2363,63,-133,1,1,1,,,text,Mistral
2364,63,-131,1,1,1,,,text,Mistral
2365,63,-129,1,1,1,,,text,Mistral
2366,63,-127,1,1,1,,,text,Mistral
2367,63,-125,1,1,1,,,text,Mistral
2368,63,-123,1,1,1,,,text,Mistral
2369,63,-121,1,1,1,,,text,Mistral
2370,63,-119,1,1,1,,,text,Mistral
2371,63,-117,1,1,1,,,text,Mistral
2372,63,-115,1,1,1,,,text,Mistral
2373,63,-113,1,1,1,,,text,Mistral
2374,63,-111,1,1,1,,,text,Mistral
2375,63,-109,1,1,1,,,text,Mistral
2376,63,-107,1,1,1,,,text,Mistral
2377,63,-105,1,1,1,,,text,Mistral
2378,63,-103,1,1,1,,,text,Mistral
2379,63,-101,1,0,1,,,text,Mistral
2380,63,-99,1,1,1,,,text,Mistral
2381,63,-97,1,1,1,,,text,Mistral
2382,63,-95,1,1,1,,,text,Mistral
2383,63,-93,1,1,1,,,text,Mistral
2384,63,-91,1,1,1,,,text,Mistral
2385,63,-89,0,0,1,,,text,Mistral
2386,63,-87,0,0,1,,,text,Mistral
2387,63,-85,0,0,1,,,text,Mistral
2388,63,-83,0,0,1,,,text,Mistral
2389,63,-81,0,0,1,,,text,Mistral
2390,63,-79,0,0,1,,,text,Mistral
2391,63,-77,0,0,1,,,text,Mistral
2392,63,-75,0,0,1,,,text,Mistral
2393,63,-73,0,0,1,,,text,Mistral
2394,63,-71,1,1,1,,,text,Mistral
2395,63,-69,1,1,1,,,text,Mistral
2396,63,-67,0,0,1,,,text,Mistral
2397,63,-65,1,1,1,,,text,Mistral
2398,63,-63,0,0,1,,,text,Mistral
2399,63,-61,0,0,1,,,text,Mistral
2400,63,-59,0,0,1,,,text,Mistral
2401,63,-57,0,0,1,,,text,Mistral
2402,63,-55,0,0,1,,,text,Mistral
2403,63,-53,0,0,1,,,text,Mistral
2404,63,-51,0,0,1,,,text,Mistral
2405,63,-49,1,1,1,,,text,Mistral
2406,63,-47,1,1,1,,,text,Mistral
2407,63,-45,1,1,1,,,text,Mistral
2408,63,-43,1,1,1,,,text,Mistral
2409,63,-41,0,0,1,,,text,Mistral
2410,63,-39,0,0,1,,,text,Mistral
2411,63,-37,0,0,1,,,text,Mistral
2412,63,-35,0,0,1,,,text,Mistral
2413,63,-33,0,0,1,,,text,Mistral
2414,63,-31,0,0,1,,,text,Mistral
2415,63,-29,0,0,1,,,text,Mistral
2416,63,-27,0,0,1,,,text,Mistral
2417,63,-25,0,0,1,,,text,Mistral
2418,63,-23,0,0,1,,,text,Mistral
2419,63,-21,0,0,1,,,text,Mistral
2420,63,-19,0,0,1,,,text,Mistral
2421,63,-17,0,0,1,,,text,Mistral
2422,63,-15,0,0,1,,,text,Mistral
2423,63,-13,0,0,1,,,text,Mistral
2424,63,-11,0,0,1,,,text,Mistral
2425,63,-9,0,0,1,,,text,Mistral
2426,63,-7,0,0,1,,,text,Mistral
2427,63,-5,0,0,1,,,text,Mistral
2428,63,-3,0,0,1,,,text,Mistral
2429,63,-1,0,0,1,,,text,Mistral
2430,63,1,0,0,1,,,text,Mistral
2431,63,3,0,0,1,,,text,Mistral
2432,63,5,0,0,1,,,text,Mistral
2433,63,7,0,0,1,,,text,Mistral
2434,63,9,1,1,1,,,text,Mistral
2435,63,11,1,1,1,,,text,Mistral
2436,63,13,1,1,1,,,text,Mistral
2437,63,15,1,1,1,,,text,Mistral
2438,63,17,1,1,1,,,text,Mistral
2439,63,19,0,0,1,,,text,Mistral
2440,63,21,0,0,1,,,text,Mistral
2441,63,23,1,1,1,,,text,Mistral
2442,63,25,1,1,1,,,text,Mistral
2443,63,27,1,1,1,,,text,Mistral
2444,63,29,1,1,1,,,text,Mistral
2445,63,31,1,1,1,,,text,Mistral
2446,63,33,1,1,1,,,text,Mistral
2447,63,35,1,1,1,,,text,Mistral
2448,63,37,1,1,1,,,text,Mistral
2449,63,39,1,1,1,,,text,Mistral
2450,63,41,1,1,1,,,text,Mistral
2451,63,43,1,1,1,,,text,Mistral
2452,63,45,1,1,1,,,text,Mistral
2453,63,47,1,1,1,,,text,Mistral
2454,63,49,1,1,1,,,text,Mistral
2455,63,51,1,1,1,,,text,Mistral
2456,63,53,1,1,1,,,text,Mistral
2457,63,55,1,1,1,,,text,Mistral
2458,63,57,1,1,1,,,text,Mistral
2459,63,59,1,1,1,,,text,Mistral
2460,63,61,1,1,1,,,text,Mistral
2461,63,63,1,1,1,,,text,Mistral
2462,63,65,1,1,1,,,text,Mistral
2463,63,67,1,1,1,,,text,Mistral
2464,63,69,1,1,1,,,text,Mistral
2465,63,71,1,1,1,,,text,Mistral
2466,63,73,1,1,1,,,text,Mistral
2467,63,75,1,1,1,,,text,Mistral
2468,63,77,1,1,1,,,text,Mistral
2469,63,79,1,1,1,,,text,Mistral
2470,63,81,1,1,1,,,text,Mistral
2471,63,83,1,1,1,,,text,Mistral
2472,63,85,1,1,1,,,text,Mistral
2473,63,87,1,1,1,,,text,Mistral
2474,63,89,1,1,1,,,text,Mistral
2475,63,91,1,1,1,,,text,Mistral
2476,63,93,1,1,1,,,text,Mistral
2477,63,95,1,1,1,,,text,Mistral
2478,63,97,1,1,1,,,text,Mistral
2479,63,99,1,1,1,,,text,Mistral
2480,63,101,1,1,1,,,text,Mistral
2481,63,103,1,1,1,,,text,Mistral
2482,63,105,1,1,1,,,text,Mistral
2483,63,107,1,1,1,,,text,Mistral
2484,63,109,1,1,1,,,text,Mistral
2485,63,111,1,0,1,,,text,Mistral
2486,63,113,1,1,1,,,text,Mistral
2487,63,115,1,1,1,,,text,Mistral
2488,63,117,1,1,1,,,text,Mistral
2489,63,119,1,1,1,,,text,Mistral
2490,63,121,1,1,1,,,text,Mistral
2491,63,123,1,1,1,,,text,Mistral
2492,63,125,1,1,1,,,text,Mistral
2493,63,127,1,1,1,,,text,Mistral
2494,63,129,1,1,1,,,text,Mistral
2495,63,131,1,1,1,,,text,Mistral
2496,63,133,1,1,1,,,text,Mistral
2497,63,135,1,1,1,,,text,Mistral
2498,63,137,1,1,1,,,text,Mistral
2499,63,139,1,1,1,,,text,Mistral
2500,63,141,1,1,1,,,text,Mistral
2501,63,143,1,1,1,,,text,Mistral
2502,63,145,1,1,1,,,text,Mistral
2503,63,147,1,1,1,,,text,Mistral
2504,63,149,1,1,1,,,text,Mistral
2505,63,151,1,1,1,,,text,Mistral
2506,63,153,1,1,1,,,text,Mistral
2507,63,155,1,1,1,,,text,Mistral
2508,63,157,1,1,1,,,text,Mistral
2509,63,159,1,1,1,,,text,Mistral
2510,63,161,1,1,1,,,text,Mistral
2511,63,163,1,1,1,,,text,Mistral
2512,63,165,1,1,1,,,text,Mistral
2513,63,167,1,1,1,,,text,Mistral
2514,63,169,1,1,1,,,text,Mistral
2515,63,171,1,1,1,,,text,Mistral
2516,63,173,1,1,1,,,text,Mistral
2517,63,175,1,1,1,,,text,Mistral
2518,63,177,1,1,1,,,text,Mistral
2519,63,179,1,1,1,,,text,Mistral
2520,61,-179,0,0,1,,,text,Mistral
2521,61,-177,0,0,1,,,text,Mistral
2522,61,-175,0,0,1,,,text,Mistral
2523,61,-173,0,0,1,,,text,Mistral
2524,61,-171,0,0,1,,,text,Mistral
2525,61,-169,0,0,1,,,text,Mistral
2526,61,-167,0,0,1,,,text,Mistral
2527,61,-165,1,1,1,,,text,Mistral
2528,61,-163,1,1,1,,,text,Mistral
2529,61,-161,1,1,1,,,text,Mistral
2530,61,-159,1,1,1,,,text,Mistral
2531,61,-157,1,1,1,,,text,Mistral
2532,61,-155,1,1,1,,,text,Mistral
2533,61,-153,1,1,1,,,text,Mistral
2534,61,-151,0,0,1,,,text,Mistral
2535,61,-149,1,1,1,,,text,Mistral
2536,61,-147,0,0,1,,,text,Mistral
2537,61,-145,1,1,1,,,text,Mistral
2538,61,-143,1,1,1,,,text,Mistral
2539,61,-141,1,1,1,,,text,Mistral
2540,61,-139,1,1,1,,,text,Mistral
2541,61,-137,1,1,1,,,text,Mistral
2542,61,-135,1,1,1,,,text,Mistral
2543,61,-133,1,1,1,,,text,Mistral
2544,61,-131,1,1,1,,,text,Mistral
2545,61,-129,1,1,1,,,text,Mistral
2546,61,-127,1,1,1,,,text,Mistral
2547,61,-125,1,1,1,,,text,Mistral
2548,61,-123,1,1,1,,,text,Mistral
2549,61,-121,1,1,1,,,text,Mistral
2550,61,-119,1,1,1,,,text,Mistral
2551,61,-117,1,1,1,,,text,Mistral
2552,61,-115,1,0,1,,,text,Mistral
2553,61,-113,1,1,1,,,text,Mistral
2554,61,-111,1,1,1,,,text,Mistral
2555,61,-109,1,1,1,,,text,Mistral
2556,61,-107,1,1,1,,,text,Mistral
2557,61,-105,1,1,1,,,text,Mistral
2558,61,-103,1,1,1,,,text,Mistral
2559,61,-101,1,1,1,,,text,Mistral
2560,61,-99,1,1,1,,,text,Mistral
2561,61,-97,1,1,1,,,text,Mistral
2562,61,-95,1,1,1,,,text,Mistral
2563,61,-93,0,0,1,,,text,Mistral
2564,61,-91,0,0,1,,,text,Mistral
2565,61,-89,0,0,1,,,text,Mistral
2566,61,-87,0,0,1,,,text,Mistral
2567,61,-85,0,0,1,,,text,Mistral
2568,61,-83,0,0,1,,,text,Mistral
2569,61,-81,0,0,1,,,text,Mistral
2570,61,-79,0,0,1,,,text,Mistral
2571,61,-77,1,1,1,,,text,Mistral
2572,61,-75,1,1,1,,,text,Mistral
2573,61,-73,1,1,1,,,text,Mistral
2574,61,-71,1,1,1,,,text,Mistral
2575,61,-69,0,0,1,,,text,Mistral
2576,61,-67,0,0,1,,,text,Mistral
2577,61,-65,0,0,1,,,text,Mistral
2578,61,-63,0,0,1,,,text,Mistral
2579,61,-61,0,0,1,,,text,Mistral
2580,61,-59,0,0,1,,,text,Mistral
2581,61,-57,0,0,1,,,text,Mistral
2582,61,-55,0,0,1,,,text,Mistral
2583,61,-53,0,0,1,,,text,Mistral
2584,61,-51,0,0,1,,,text,Mistral
2585,61,-49,0,0,1,,,text,Mistral
2586,61,-47,1,1,1,,,text,Mistral
2587,61,-45,1,1,1,,,text,Mistral
2588,61,-43,1,1,1,,,text,Mistral
2589,61,-41,0,0,1,,,text,Mistral
2590,61,-39,0,0,1,,,text,Mistral
2591,61,-37,0,0,1,,,text,Mistral
2592,61,-35,0,0,1,,,text,Mistral
2593,61,-33,0,0,1,,,text,Mistral
2594,61,-31,0,0,1,,,text,Mistral
2595,61,-29,0,0,1,,,text,Mistral
2596,61,-27,0,0,1,,,text,Mistral
2597,61,-25,0,0,1,,,text,Mistral
2598,61,-23,0,0,1,,,text,Mistral
2599,61,-21,0,0,1,,,text,Mistral
2600,61,-19,0,0,1,,,text,Mistral
2601,61,-17,0,0,1,,,text,Mistral
2602,61,-15,0,0,1,,,text,Mistral
2603,61,-13,0,0,1,,,text,Mistral
2604,61,-11,0,0,1,,,text,Mistral
2605,61,-9,0,0,1,,,text,Mistral
2606,61,-7,0,0,1,,,text,Mistral
2607,61,-5,0,0,1,,,text,Mistral
2608,61,-3,0,0,1,,,text,Mistral
2609,61,-1,0,0,1,,,text,Mistral
2610,61,1,0,0,1,,,text,Mistral
2611,61,3,0,0,1,,,text,Mistral
2612,61,5,1,1,1,,,text,Mistral
2613,61,7,1,1,1,,,text,Mistral
2614,61,9,1,1,1,,,text,Mistral
2615,61,11,1,1,1,,,text,Mistral
2616,61,13,1,1,1,,,text,Mistral
2617,61,15,1,1,1,,,text,Mistral
2618,61,17,1,1,1,,,text,Mistral
2619,61,19,0,0,1,,,text,Mistral
2620,61,21,0,0,1,,,text,Mistral
2621,61,23,1,1,1,,,text,Mistral
2622,61,25,1,1,1,,,text,Mistral
2623,61,27,1,1,1,,,text,Mistral
2624,61,29,1,1,1,,,text,Mistral
2625,61,31,1,0,1,,,text,Mistral
2626,61,33,1,1,1,,,text,Mistral
2627,61,35,1,1,1,,,text,Mistral
2628,61,37,1,1,1,,,text,Mistral
2629,61,39,1,1,1,,,text,Mistral
2630,61,41,1,1,1,,,text,Mistral
2631,61,43,1,1,1,,,text,Mistral
2632,61,45,1,1,1,,,text,Mistral
2633,61,47,1,1,1,,,text,Mistral
2634,61,49,1,1,1,,,text,Mistral
2635,61,51,1,1,1,,,text,Mistral
2636,61,53,1,1,1,,,text,Mistral
2637,61,55,1,1,1,,,text,Mistral
2638,61,57,1,1,1,,,text,Mistral
2639,61,59,1,1,1,,,text,Mistral
2640,61,61,1,1,1,,,text,Mistral
2641,61,63,1,1,1,,,text,Mistral
2642,61,65,1,1,1,,,text,Mistral
2643,61,67,1,1,1,,,text,Mistral
2644,61,69,1,1,1,,,text,Mistral
2645,61,71,1,1,1,,,text,Mistral
2646,61,73,1,1,1,,,text,Mistral
2647,61,75,1,1,1,,,text,Mistral
2648,61,77,1,1,1,,,text,Mistral
2649,61,79,1,1,1,,,text,Mistral
2650,61,81,1,1,1,,,text,Mistral
2651,61,83,1,1,1,,,text,Mistral
2652,61,85,1,1,1,,,text,Mistral
2653,61,87,1,1,1,,,text,Mistral
2654,61,89,1,1,1,,,text,Mistral
2655,61,91,1,1,1,,,text,Mistral
2656,61,93,1,1,1,,,text,Mistral
2657,61,95,1,1,1,,,text,Mistral
2658,61,97,1,1,1,,,text,Mistral
2659,61,99,1,1,1,,,text,Mistral
2660,61,101,1,1,1,,,text,Mistral
2661,61,103,1,1,1,,,text,Mistral
2662,61,105,1,1,1,,,text,Mistral
2663,61,107,1,1,1,,,text,Mistral
2664,61,109,1,1,1,,,text,Mistral
2665,61,111,1,1,1,,,text,Mistral
2666,61,113,1,1,1,,,text,Mistral
2667,61,115,1,1,1,,,text,Mistral
2668,61,117,1,1,1,,,text,Mistral
2669,61,119,1,1,1,,,text,Mistral
2670,61,121,1,1,1,,,text,Mistral
2671,61,123,1,1,1,,,text,Mistral
2672,61,125,1,1,1,,,text,Mistral
2673,61,127,1,1,1,,,text,Mistral
2674,61,129,1,1,1,,,text,Mistral
2675,61,131,1,1,1,,,text,Mistral
2676,61,133,1,1,1,,,text,Mistral
2677,61,135,1,1,1,,,text,Mistral
2678,61,137,1,1,1,,,text,Mistral
2679,61,139,1,1,1,,,text,Mistral
2680,61,141,1,1,1,,,text,Mistral
2681,61,143,1,1,1,,,text,Mistral
2682,61,145,1,1,1,,,text,Mistral
2683,61,147,1,1,1,,,text,Mistral
2684,61,149,1,1,1,,,text,Mistral
2685,61,151,1,1,1,,,text,Mistral
2686,61,153,1,1,1,,,text,Mistral
2687,61,155,1,1,1,,,text,Mistral
2688,61,157,0,0,1,,,text,Mistral
2689,61,159,0,0,1,,,text,Mistral
2690,61,161,1,1,1,,,text,Mistral
2691,61,163,0,0,1,,,text,Mistral
2692,61,165,1,1,1,,,text,Mistral
2693,61,167,1,1,1,,,text,Mistral
2694,61,169,1,1,1,,,text,Mistral
2695,61,171,1,1,1,,,text,Mistral
2696,61,173,0,0,1,,,text,Mistral
2697,61,175,0,0,1,,,text,Mistral
2698,61,177,0,0,1,,,text,Mistral
2699,61,179,0,0,1,,,text,Mistral
2700,59,-179,0,0,1,,,text,Mistral
2701,59,-177,0,0,1,,,text,Mistral
2702,59,-175,0,0,1,,,text,Mistral
2703,59,-173,0,0,1,,,text,Mistral
2704,59,-171,0,0,1,,,text,Mistral
2705,59,-169,0,0,1,,,text,Mistral
2706,59,-167,0,0,1,,,text,Mistral
2707,59,-165,0,0,1,,,text,Mistral
2708,59,-163,0,0,1,,,text,Mistral
2709,59,-161,1,1,1,,,text,Mistral
2710,59,-159,1,1,1,,,text,Mistral
2711,59,-157,1,1,1,,,text,Mistral
2712,59,-155,1,1,1,,,text,Mistral
2713,59,-153,0,0,1,,,text,Mistral
2714,59,-151,0,0,1,,,text,Mistral
2715,59,-149,0,0,1,,,text,Mistral
2716,59,-147,0,0,1,,,text,Mistral
2717,59,-145,0,0,1,,,text,Mistral
2718,59,-143,0,0,1,,,text,Mistral
2719,59,-141,0,0,1,,,text,Mistral
2720,59,-139,0,0,1,,,text,Mistral
2721,59,-137,0,0,1,,,text,Mistral
2722,59,-135,1,1,1,,,text,Mistral
2723,59,-133,1,1,1,,,text,Mistral
2724,59,-131,1,1,1,,,text,Mistral
2725,59,-129,1,1,1,,,text,Mistral
2726,59,-127,1,1,1,,,text,Mistral
2727,59,-125,1,1,1,,,text,Mistral
2728,59,-123,1,1,1,,,text,Mistral
2729,59,-121,1,1,1,,,text,Mistral
2730,59,-119,1,1,1,,,text,Mistral
2731,59,-117,1,1,1,,,text,Mistral
2732,59,-115,1,1,1,,,text,Mistral
2733,59,-113,1,1,1,,,text,Mistral
2734,59,-111,1,1,1,,,text,Mistral
2735,59,-109,1,1,1,,,text,Mistral
2736,59,-107,1,1,1,,,text,Mistral
2737,59,-105,1,1,1,,,text,Mistral
2738,59,-103,1,1,1,,,text,Mistral
2739,59,-101,1,1,1,,,text,Mistral
2740,59,-99,1,1,1,,,text,Mistral
2741,59,-97,1,1,1,,,text,Mistral
2742,59,-95,1,1,1,,,text,Mistral
2743,59,-93,0,0,1,,,text,Mistral
2744,59,-91,0,0,1,,,text,Mistral
2745,59,-89,0,0,1,,,text,Mistral
2746,59,-87,0,0,1,,,text,Mistral
2747,59,-85,0,0,1,,,text,Mistral
2748,59,-83,0,0,1,,,text,Mistral
2749,59,-81,0,0,1,,,text,Mistral
2750,59,-79,0,0,1,,,text,Mistral
2751,59,-77,1,1,1,,,text,Mistral
2752,59,-75,1,1,1,,,text,Mistral
2753,59,-73,1,1,1,,,text,Mistral
2754,59,-71,1,1,1,,,text,Mistral
2755,59,-69,1,1,1,,,text,Mistral
2756,59,-67,0,0,1,,,text,Mistral
2757,59,-65,1,1,1,,,text,Mistral
2758,59,-63,0,0,1,,,text,Mistral
2759,59,-61,0,0,1,,,text,Mistral
2760,59,-59,0,0,1,,,text,Mistral
2761,59,-57,0,0,1,,,text,Mistral
2762,59,-55,0,0,1,,,text,Mistral
2763,59,-53,0,0,1,,,text,Mistral
2764,59,-51,0,0,1,,,text,Mistral
2765,59,-49,0,0,1,,,text,Mistral
2766,59,-47,0,0,1,,,text,Mistral
2767,59,-45,0,0,1,,,text,Mistral
2768,59,-43,0,0,1,,,text,Mistral
2769,59,-41,0,0,1,,,text,Mistral
2770,59,-39,0,0,1,,,text,Mistral
2771,59,-37,0,0,1,,,text,Mistral
2772,59,-35,0,0,1,,,text,Mistral
2773,59,-33,0,0,1,,,text,Mistral
2774,59,-31,0,0,1,,,text,Mistral
2775,59,-29,0,0,1,,,text,Mistral
2776,59,-27,0,0,1,,,text,Mistral
2777,59,-25,0,0,1,,,text,Mistral
2778,59,-23,0,0,1,,,text,Mistral
2779,59,-21,0,0,1,,,text,Mistral
2780,59,-19,0,0,1,,,text,Mistral
2781,59,-17,0,0,1,,,text,Mistral
2782,59,-15,0,0,1,,,text,Mistral
2783,59,-13,0,0,1,,,text,Mistral
2784,59,-11,0,0,1,,,text,Mistral
2785,59,-9,0,0,1,,,text,Mistral
2786,59,-7,0,0,1,,,text,Mistral
2787,59,-5,0,0,1,,,text,Mistral
2788,59,-3,0,0,1,,,text,Mistral
2789,59,-1,0,0,1,,,text,Mistral
2790,59,1,0,0,1,,,text,Mistral
2791,59,3,0,0,1,,,text,Mistral
2792,59,5,0,0,1,,,text,Mistral
2793,59,7,1,1,1,,,text,Mistral
2794,59,9,1,1,1,,,text,Mistral
2795,59,11,0,0,1,,,text,Mistral
2796,59,13,1,0,1,,,text,Mistral
2797,59,15,1,1,1,,,text,Mistral
2798,59,17,1,1,1,,,text,Mistral
2799,59,19,0,0,1,,,text,Mistral
2800,59,21,0,0,1,,,text,Mistral
2801,59,23,0,0,1,,,text,Mistral
2802,59,25,1,1,1,,,text,Mistral
2803,59,27,1,1,1,,,text,Mistral
2804,59,29,1,1,1,,,text,Mistral
2805,59,31,1,1,1,,,text,Mistral
2806,59,33,1,1,1,,,text,Mistral
2807,59,35,1,1,1,,,text,Mistral
2808,59,37,1,1,1,,,text,Mistral
2809,59,39,1,1,1,,,text,Mistral
2810,59,41,1,1,1,,,text,Mistral
2811,59,43,1,1,1,,,text,Mistral
2812,59,45,1,1,1,,,text,Mistral
2813,59,47,1,1,1,,,text,Mistral
2814,59,49,1,1,1,,,text,Mistral
2815,59,51,1,1,1,,,text,Mistral
2816,59,53,1,1,1,,,text,Mistral
2817,59,55,1,1,1,,,text,Mistral
2818,59,57,1,1,1,,,text,Mistral
2819,59,59,1,1,1,,,text,Mistral
2820,59,61,1,1,1,,,text,Mistral
2821,59,63,1,1,1,,,text,Mistral
2822,59,65,1,1,1,,,text,Mistral
2823,59,67,1,1,1,,,text,Mistral
2824,59,69,1,1,1,,,text,Mistral
2825,59,71,1,1,1,,,text,Mistral
2826,59,73,1,1,1,,,text,Mistral
2827,59,75,1,1,1,,,text,Mistral
2828,59,77,1,1,1,,,text,Mistral
2829,59,79,1,1,1,,,text,Mistral
2830,59,81,1,1,1,,,text,Mistral
2831,59,83,1,1,1,,,text,Mistral
2832,59,85,1,1,1,,,text,Mistral
2833,59,87,1,1,1,,,text,Mistral
2834,59,89,1,1,1,,,text,Mistral
2835,59,91,1,1,1,,,text,Mistral
2836,59,93,1,1,1,,,text,Mistral
2837,59,95,1,1,1,,,text,Mistral
2838,59,97,1,1,1,,,text,Mistral
2839,59,99,1,1,1,,,text,Mistral
2840,59,101,1,1,1,,,text,Mistral
2841,59,103,1,1,1,,,text,Mistral
2842,59,105,1,1,1,,,text,Mistral
2843,59,107,1,1,1,,,text,Mistral
2844,59,109,1,1,1,,,text,Mistral
2845,59,111,1,1,1,,,text,Mistral
2846,59,113,1,1,1,,,text,Mistral
2847,59,115,1,1,1,,,text,Mistral
2848,59,117,1,1,1,,,text,Mistral
2849,59,119,1,1,1,,,text,Mistral
2850,59,121,1,1,1,,,text,Mistral
2851,59,123,1,1,1,,,text,Mistral
2852,59,125,1,1,1,,,text,Mistral
2853,59,127,1,1,1,,,text,Mistral
2854,59,129,1,1,1,,,text,Mistral
2855,59,131,1,1,1,,,text,Mistral
2856,59,133,1,1,1,,,text,Mistral
2857,59,135,1,1,1,,,text,Mistral
2858,59,137,1,1,1,,,text,Mistral
2859,59,139,1,1,1,,,text,Mistral
2860,59,141,1,1,1,,,text,Mistral
2861,59,143,0,0,1,,,text,Mistral
2862,59,145,0,0,1,,,text,Mistral
2863,59,147,0,0,1,,,text,Mistral
2864,59,149,0,0,1,,,text,Mistral
2865,59,151,0,0,1,,,text,Mistral
2866,59,153,0,0,1,,,text,Mistral
2867,59,155,0,0,1,,,text,Mistral
2868,59,157,0,0,1,,,text,Mistral
2869,59,159,0,0,1,,,text,Mistral
2870,59,161,1,1,1,,,text,Mistral
2871,59,163,1,1,1,,,text,Mistral
2872,59,165,0,0,1,,,text,Mistral
2873,59,167,0,0,1,,,text,Mistral
2874,59,169,0,0,1,,,text,Mistral
2875,59,171,0,0,1,,,text,Mistral
2876,59,173,0,0,1,,,text,Mistral
2877,59,175,0,0,1,,,text,Mistral
2878,59,177,0,0,1,,,text,Mistral
2879,59,179,0,0,1,,,text,Mistral
2880,57,-179,0,0,1,,,text,Mistral
2881,57,-177,0,0,1,,,text,Mistral
2882,57,-175,0,0,1,,,text,Mistral
2883,57,-173,0,0,1,,,text,Mistral
2884,57,-171,0,0,1,,,text,Mistral
2885,57,-169,0,0,1,,,text,Mistral
2886,57,-167,0,0,1,,,text,Mistral
2887,57,-165,0,0,1,,,text,Mistral
2888,57,-163,0,0,1,,,text,Mistral
2889,57,-161,0,0,1,,,text,Mistral
2890,57,-159,0,0,1,,,text,Mistral
2891,57,-157,1,1,1,,,text,Mistral
2892,57,-155,0,0,1,,,text,Mistral
2893,57,-153,0,0,1,,,text,Mistral
2894,57,-151,0,0,1,,,text,Mistral
2895,57,-149,0,0,1,,,text,Mistral
2896,57,-147,0,0,1,,,text,Mistral
2897,57,-145,0,0,1,,,text,Mistral
2898,57,-143,0,0,1,,,text,Mistral
2899,57,-141,0,0,1,,,text,Mistral
2900,57,-139,0,0,1,,,text,Mistral
2901,57,-137,0,0,1,,,text,Mistral
2902,57,-135,1,1,1,,,text,Mistral
2903,57,-133,0,0,1,,,text,Mistral
2904,57,-131,1,1,1,,,text,Mistral
2905,57,-129,1,1,1,,,text,Mistral
2906,57,-127,1,1,1,,,text,Mistral
2907,57,-125,1,1,1,,,text,Mistral
2908,57,-123,1,1,1,,,text,Mistral
2909,57,-121,1,1,1,,,text,Mistral
2910,57,-119,1,1,1,,,text,Mistral
2911,57,-117,1,1,1,,,text,Mistral
2912,57,-115,1,1,1,,,text,Mistral
2913,57,-113,1,1,1,,,text,Mistral
2914,57,-111,1,1,1,,,text,Mistral
2915,57,-109,1,1,1,,,text,Mistral
2916,57,-107,1,1,1,,,text,Mistral
2917,57,-105,1,1,1,,,text,Mistral
2918,57,-103,1,1,1,,,text,Mistral
2919,57,-101,1,1,1,,,text,Mistral
2920,57,-99,1,1,1,,,text,Mistral
2921,57,-97,1,1,1,,,text,Mistral
2922,57,-95,1,1,1,,,text,Mistral
2923,57,-93,1,1,1,,,text,Mistral
2924,57,-91,1,1,1,,,text,Mistral
2925,57,-89,0,0,1,,,text,Mistral
2926,57,-87,0,0,1,,,text,Mistral
2927,57,-85,0,0,1,,,text,Mistral
2928,57,-83,0,0,1,,,text,Mistral
2929,57,-81,0,0,1,,,text,Mistral
2930,57,-79,0,0,1,,,text,Mistral
2931,57,-77,0,0,1,,,text,Mistral
2932,57,-75,1,1,1,,,text,Mistral
2933,57,-73,1,1,1,,,text,Mistral
2934,57,-71,1,1,1,,,text,Mistral
2935,57,-69,1,1,1,,,text,Mistral
2936,57,-67,1,1,1,,,text,Mistral
2937,57,-65,1,1,1,,,text,Mistral
2938,57,-63,1,1,1,,,text,Mistral
2939,57,-61,0,0,1,,,text,Mistral
2940,57,-59,0,0,1,,,text,Mistral
2941,57,-57,0,0,1,,,text,Mistral
2942,57,-55,0,0,1,,,text,Mistral
2943,57,-53,0,0,1,,,text,Mistral
2944,57,-51,0,0,1,,,text,Mistral
2945,57,-49,0,0,1,,,text,Mistral
2946,57,-47,0,0,1,,,text,Mistral
2947,57,-45,0,0,1,,,text,Mistral
2948,57,-43,0,0,1,,,text,Mistral
2949,57,-41,0,0,1,,,text,Mistral
2950,57,-39,0,0,1,,,text,Mistral
2951,57,-37,0,0,1,,,text,Mistral
2952,57,-35,0,0,1,,,text,Mistral
2953,57,-33,0,0,1,,,text,Mistral
2954,57,-31,0,0,1,,,text,Mistral
2955,57,-29,0,0,1,,,text,Mistral
2956,57,-27,0,0,1,,,text,Mistral
2957,57,-25,0,0,1,,,text,Mistral
2958,57,-23,0,0,1,,,text,Mistral
2959,57,-21,0,0,1,,,text,Mistral
2960,57,-19,0,0,1,,,text,Mistral
2961,57,-17,0,0,1,,,text,Mistral
2962,57,-15,0,0,1,,,text,Mistral
2963,57,-13,0,0,1,,,text,Mistral
2964,57,-11,0,0,1,,,text,Mistral
2965,57,-9,0,0,1,,,text,Mistral
2966,57,-7,0,0,1,,,text,Mistral
2967,57,-5,1,1,1,,,text,Mistral
2968,57,-3,1,1,1,,,text,Mistral
2969,57,-1,0,0,1,,,text,Mistral
2970,57,1,0,0,1,,,text,Mistral
2971,57,3,0,0,1,,,text,Mistral
2972,57,5,0,0,1,,,text,Mistral
2973,57,7,0,0,1,,,text,Mistral
2974,57,9,1,1,1,,,text,Mistral
2975,57,11,0,0,1,,,text,Mistral
2976,57,13,1,1,1,,,text,Mistral
2977,57,15,1,1,1,,,text,Mistral
2978,57,17,0,0,1,,,text,Mistral
2979,57,19,0,0,1,,,text,Mistral
2980,57,21,0,0,1,,,text,Mistral
2981,57,23,1,1,1,,,text,Mistral
2982,57,25,1,1,1,,,text,Mistral
2983,57,27,1,1,1,,,text,Mistral
2984,57,29,1,1,1,,,text,Mistral
2985,57,31,1,1,1,,,text,Mistral
2986,57,33,1,1,1,,,text,Mistral
2987,57,35,1,1,1,,,text,Mistral
2988,57,37,1,1,1,,,text,Mistral
2989,57,39,1,1,1,,,text,Mistral
2990,57,41,1,1,1,,,text,Mistral
2991,57,43,1,1,1,,,text,Mistral
2992,57,45,1,1,1,,,text,Mistral
2993,57,47,1,1,1,,,text,Mistral
2994,57,49,1,1,1,,,text,Mistral
2995,57,51,1,1,1,,,text,Mistral
2996,57,53,1,1,1,,,text,Mistral
2997,57,55,1,1,1,,,text,Mistral
2998,57,57,1,1,1,,,text,Mistral
2999,57,59,1,1,1,,,text,Mistral
3000,57,61,1,1,1,,,text,Mistral
3001,57,63,1,1,1,,,text,Mistral
3002,57,65,1,1,1,,,text,Mistral
3003,57,67,1,1,1,,,text,Mistral
3004,57,69,1,1,1,,,text,Mistral
3005,57,71,1,1,1,,,text,Mistral
3006,57,73,1,1,1,,,text,Mistral
3007,57,75,1,1,1,,,text,Mistral
3008,57,77,1,1,1,,,text,Mistral
3009,57,79,1,1,1,,,text,Mistral
3010,57,81,1,1,1,,,text,Mistral
3011,57,83,1,1,1,,,text,Mistral
3012,57,85,1,1,1,,,text,Mistral
3013,57,87,1,1,1,,,text,Mistral
3014,57,89,1,1,1,,,text,Mistral
3015,57,91,1,1,1,,,text,Mistral
3016,57,93,1,1,1,,,text,Mistral
3017,57,95,1,1,1,,,text,Mistral
3018,57,97,1,1,1,,,text,Mistral
3019,57,99,1,1,1,,,text,Mistral
3020,57,101,1,1,1,,,text,Mistral
3021,57,103,1,1,1,,,text,Mistral
3022,57,105,1,1,1,,,text,Mistral
3023,57,107,1,1,1,,,text,Mistral
3024,57,109,1,1,1,,,text,Mistral
3025,57,111,1,1,1,,,text,Mistral
3026,57,113,1,1,1,,,text,Mistral
3027,57,115,1,1,1,,,text,Mistral
3028,57,117,1,1,1,,,text,Mistral
3029,57,119,1,1,1,,,text,Mistral
3030,57,121,1,1,1,,,text,Mistral
3031,57,123,1,1,1,,,text,Mistral
3032,57,125,1,1,1,,,text,Mistral
3033,57,127,1,1,1,,,text,Mistral
3034,57,129,1,1,1,,,text,Mistral
3035,57,131,1,1,1,,,text,Mistral
3036,57,133,1,1,1,,,text,Mistral
3037,57,135,1,1,1,,,text,Mistral
3038,57,137,1,1,1,,,text,Mistral
3039,57,139,0,0,1,,,text,Mistral
3040,57,141,0,0,1,,,text,Mistral
3041,57,143,0,0,1,,,text,Mistral
3042,57,145,0,0,1,,,text,Mistral
3043,57,147,0,0,1,,,text,Mistral
3044,57,149,0,0,1,,,text,Mistral
3045,57,151,0,0,1,,,text,Mistral
3046,57,153,0,0,1,,,text,Mistral
3047,57,155,0,0,1,,,text,Mistral
3048,57,157,1,1,1,,,text,Mistral
3049,57,159,1,1,1,,,text,Mistral
3050,57,161,1,1,1,,,text,Mistral
3051,57,163,0,0,1,,,text,Mistral
3052,57,165,0,0,1,,,text,Mistral
3053,57,167,0,0,1,,,text,Mistral
3054,57,169,0,0,1,,,text,Mistral
3055,57,171,0,0,1,,,text,Mistral
3056,57,173,0,0,1,,,text,Mistral
3057,57,175,0,0,1,,,text,Mistral
3058,57,177,0,0,1,,,text,Mistral
3059,57,179,0,0,1,,,text,Mistral
3060,55,-179,0,0,1,,,text,Mistral
3061,55,-177,0,0,1,,,text,Mistral
3062,55,-175,0,0,1,,,text,Mistral
3063,55,-173,0,0,1,,,text,Mistral
3064,55,-171,0,0,1,,,text,Mistral
3065,55,-169,0,0,1,,,text,Mistral
3066,55,-167,0,0,1,,,text,Mistral
3067,55,-165,0,0,1,,,text,Mistral
3068,55,-163,0,0,1,,,text,Mistral
3069,55,-161,0,0,1,,,text,Mistral
3070,55,-159,0,0,1,,,text,Mistral
3071,55,-157,0,0,1,,,text,Mistral
3072,55,-155,0,0,1,,,text,Mistral
3073,55,-153,0,0,1,,,text,Mistral
3074,55,-151,0,0,1,,,text,Mistral
3075,55,-149,0,0,1,,,text,Mistral
3076,55,-147,0,0,1,,,text,Mistral
3077,55,-145,0,0,1,,,text,Mistral
3078,55,-143,0,0,1,,,text,Mistral
3079,55,-141,0,0,1,,,text,Mistral
3080,55,-139,0,0,1,,,text,Mistral
3081,55,-137,0,0,1,,,text,Mistral
3082,55,-135,0,0,1,,,text,Mistral
3083,55,-133,1,1,1,,,text,Mistral
3084,55,-131,1,1,1,,,text,Mistral
3085,55,-129,1,1,1,,,text,Mistral
3086,55,-127,1,1,1,,,text,Mistral
3087,55,-125,1,1,1,,,text,Mistral
3088,55,-123,1,1,1,,,text,Mistral
3089,55,-121,1,1,1,,,text,Mistral
3090,55,-119,1,1,1,,,text,Mistral
3091,55,-117,1,1,1,,,text,Mistral
3092,55,-115,1,1,1,,,text,Mistral
3093,55,-113,1,1,1,,,text,Mistral
3094,55,-111,1,1,1,,,text,Mistral
3095,55,-109,1,1,1,,,text,Mistral
3096,55,-107,1,1,1,,,text,Mistral
3097,55,-105,1,0,1,,,text,Mistral
3098,55,-103,1,1,1,,,text,Mistral
3099,55,-101,1,1,1,,,text,Mistral
3100,55,-99,1,1,1,,,text,Mistral
3101,55,-97,1,1,1,,,text,Mistral
3102,55,-95,1,1,1,,,text,Mistral
3103,55,-93,1,1,1,,,text,Mistral
3104,55,-91,1,1,1,,,text,Mistral
3105,55,-89,1,1,1,,,text,Mistral
3106,55,-87,1,1,1,,,text,Mistral
3107,55,-85,1,1,1,,,text,Mistral
3108,55,-83,1,1,1,,,text,Mistral
3109,55,-81,0,0,1,,,text,Mistral
3110,55,-79,0,0,1,,,text,Mistral
3111,55,-77,1,1,1,,,text,Mistral
3112,55,-75,1,1,1,,,text,Mistral
3113,55,-73,1,0,1,,,text,Mistral
3114,55,-71,1,1,1,,,text,Mistral
3115,55,-69,1,1,1,,,text,Mistral
3116,55,-67,1,1,1,,,text,Mistral
3117,55,-65,1,1,1,,,text,Mistral
3118,55,-63,1,1,1,,,text,Mistral
3119,55,-61,1,1,1,,,text,Mistral
3120,55,-59,1,1,1,,,text,Mistral
3121,55,-57,0,0,1,,,text,Mistral
3122,55,-55,0,0,1,,,text,Mistral
3123,55,-53,0,0,1,,,text,Mistral
3124,55,-51,0,0,1,,,text,Mistral
3125,55,-49,0,0,1,,,text,Mistral
3126,55,-47,0,0,1,,,text,Mistral
3127,55,-45,0,0,1,,,text,Mistral
3128,55,-43,0,0,1,,,text,Mistral
3129,55,-41,0,0,1,,,text,Mistral
3130,55,-39,0,0,1,,,text,Mistral
3131,55,-37,0,0,1,,,text,Mistral
3132,55,-35,0,0,1,,,text,Mistral
3133,55,-33,0,0,1,,,text,Mistral
3134,55,-31,0,0,1,,,text,Mistral
3135,55,-29,0,0,1,,,text,Mistral
3136,55,-27,0,0,1,,,text,Mistral
3137,55,-25,0,0,1,,,text,Mistral
3138,55,-23,0,0,1,,,text,Mistral
3139,55,-21,0,0,1,,,text,Mistral
3140,55,-19,0,0,1,,,text,Mistral
3141,55,-17,0,0,1,,,text,Mistral
3142,55,-15,0,0,1,,,text,Mistral
3143,55,-13,0,0,1,,,text,Mistral
3144,55,-11,0,0,1,,,text,Mistral
3145,55,-9,0,0,1,,,text,Mistral
3146,55,-7,1,1,1,,,text,Mistral
3147,55,-5,1,1,1,,,text,Mistral
3148,55,-3,1,1,1,,,text,Mistral
3149,55,-1,0,0,1,,,text,Mistral
3150,55,1,0,0,1,,,text,Mistral
3151,55,3,0,0,1,,,text,Mistral
3152,55,5,0,0,1,,,text,Mistral
3153,55,7,0,0,1,,,text,Mistral
3154,55,9,1,1,1,,,text,Mistral
3155,55,11,0,0,1,,,text,Mistral
3156,55,13,0,0,1,,,text,Mistral
3157,55,15,1,1,1,,,text,Mistral
3158,55,17,0,0,1,,,text,Mistral
3159,55,19,0,0,1,,,text,Mistral
3160,55,21,0,0,1,,,text,Mistral
3161,55,23,1,1,1,,,text,Mistral
3162,55,25,1,1,1,,,text,Mistral
3163,55,27,1,1,1,,,text,Mistral
3164,55,29,1,1,1,,,text,Mistral
3165,55,31,1,1,1,,,text,Mistral
3166,55,33,1,1,1,,,text,Mistral
3167,55,35,1,1,1,,,text,Mistral
3168,55,37,1,1,1,,,text,Mistral
3169,55,39,1,1,1,,,text,Mistral
3170,55,41,1,1,1,,,text,Mistral
3171,55,43,1,1,1,,,text,Mistral
3172,55,45,1,1,1,,,text,Mistral
3173,55,47,1,1,1,,,text,Mistral
3174,55,49,1,0,1,,,text,Mistral
3175,55,51,1,1,1,,,text,Mistral
3176,55,53,1,1,1,,,text,Mistral
3177,55,55,1,1,1,,,text,Mistral
3178,55,57,1,1,1,,,text,Mistral
3179,55,59,1,1,1,,,text,Mistral
3180,55,61,1,1,1,,,text,Mistral
3181,55,63,1,1,1,,,text,Mistral
3182,55,65,1,1,1,,,text,Mistral
3183,55,67,1,1,1,,,text,Mistral
3184,55,69,1,1,1,,,text,Mistral
3185,55,71,1,1,1,,,text,Mistral
3186,55,73,1,1,1,,,text,Mistral
3187,55,75,1,1,1,,,text,Mistral
3188,55,77,1,1,1,,,text,Mistral
3189,55,79,1,1,1,,,text,Mistral
3190,55,81,1,1,1,,,text,Mistral
3191,55,83,1,1,1,,,text,Mistral
3192,55,85,1,1,1,,,text,Mistral
3193,55,87,1,1,1,,,text,Mistral
3194,55,89,1,1,1,,,text,Mistral
3195,55,91,1,1,1,,,text,Mistral
3196,55,93,1,1,1,,,text,Mistral
3197,55,95,1,1,1,,,text,Mistral
3198,55,97,1,1,1,,,text,Mistral
3199,55,99,1,1,1,,,text,Mistral
3200,55,101,1,1,1,,,text,Mistral
3201,55,103,1,1,1,,,text,Mistral
3202,55,105,1,1,1,,,text,Mistral
3203,55,107,1,1,1,,,text,Mistral
3204,55,109,1,0,1,,,text,Mistral
3205,55,111,1,1,1,,,text,Mistral
3206,55,113,1,1,1,,,text,Mistral
3207,55,115,1,1,1,,,text,Mistral
3208,55,117,1,1,1,,,text,Mistral
3209,55,119,1,1,1,,,text,Mistral
3210,55,121,1,1,1,,,text,Mistral
3211,55,123,1,1,1,,,text,Mistral
3212,55,125,1,1,1,,,text,Mistral
3213,55,127,1,1,1,,,text,Mistral
3214,55,129,1,1,1,,,text,Mistral
3215,55,131,1,1,1,,,text,Mistral
3216,55,133,1,1,1,,,text,Mistral
3217,55,135,1,1,1,,,text,Mistral
3218,55,137,1,1,1,,,text,Mistral
3219,55,139,0,0,1,,,text,Mistral
3220,55,141,0,0,1,,,text,Mistral
3221,55,143,0,0,1,,,text,Mistral
3222,55,145,0,0,1,,,text,Mistral
3223,55,147,0,0,1,,,text,Mistral
3224,55,149,0,0,1,,,text,Mistral
3225,55,151,0,0,1,,,text,Mistral
3226,55,153,0,0,1,,,text,Mistral
3227,55,155,0,0,1,,,text,Mistral
3228,55,157,1,1,1,,,text,Mistral
3229,55,159,1,1,1,,,text,Mistral
3230,55,161,1,1,1,,,text,Mistral
3231,55,163,0,0,1,,,text,Mistral
3232,55,165,0,0,1,,,text,Mistral
3233,55,167,0,0,1,,,text,Mistral
3234,55,169,0,0,1,,,text,Mistral
3235,55,171,0,0,1,,,text,Mistral
3236,55,173,0,0,1,,,text,Mistral
3237,55,175,0,0,1,,,text,Mistral
3238,55,177,0,0,1,,,text,Mistral
3239,55,179,0,0,1,,,text,Mistral
3240,53,-179,0,0,1,,,text,Mistral
3241,53,-177,0,0,1,,,text,Mistral
3242,53,-175,0,0,1,,,text,Mistral
3243,53,-173,0,0,1,,,text,Mistral
3244,53,-171,0,0,1,,,text,Mistral
3245,53,-169,0,0,1,,,text,Mistral
3246,53,-167,0,0,1,,,text,Mistral
3247,53,-165,0,0,1,,,text,Mistral
3248,53,-163,0,0,1,,,text,Mistral
3249,53,-161,0,0,1,,,text,Mistral
3250,53,-159,0,0,1,,,text,Mistral
3251,53,-157,0,0,1,,,text,Mistral
3252,53,-155,0,0,1,,,text,Mistral
3253,53,-153,0,0,1,,,text,Mistral
3254,53,-151,0,0,1,,,text,Mistral
3255,53,-149,0,0,1,,,text,Mistral
3256,53,-147,0,0,1,,,text,Mistral
3257,53,-145,0,0,1,,,text,Mistral
3258,53,-143,0,0,1,,,text,Mistral
3259,53,-141,0,0,1,,,text,Mistral
3260,53,-139,0,0,1,,,text,Mistral
3261,53,-137,0,0,1,,,text,Mistral
3262,53,-135,0,0,1,,,text,Mistral
3263,53,-133,0,0,1,,,text,Mistral
3264,53,-131,0,0,1,,,text,Mistral
3265,53,-129,1,1,1,,,text,Mistral
3266,53,-127,1,1,1,,,text,Mistral
3267,53,-125,1,1,1,,,text,Mistral
3268,53,-123,1,1,1,,,text,Mistral
3269,53,-121,1,1,1,,,text,Mistral
3270,53,-119,1,1,1,,,text,Mistral
3271,53,-117,1,1,1,,,text,Mistral
3272,53,-115,1,1,1,,,text,Mistral
3273,53,-113,1,1,1,,,text,Mistral
3274,53,-111,1,1,1,,,text,Mistral
3275,53,-109,1,1,1,,,text,Mistral
3276,53,-107,1,1,1,,,text,Mistral
3277,53,-105,1,1,1,,,text,Mistral
3278,53,-103,1,1,1,,,text,Mistral
3279,53,-101,1,1,1,,,text,Mistral
3280,53,-99,1,1,1,,,text,Mistral
3281,53,-97,1,1,1,,,text,Mistral
3282,53,-95,1,1,1,,,text,Mistral
3283,53,-93,1,0,1,,,text,Mistral
3284,53,-91,1,1,1,,,text,Mistral
3285,53,-89,1,1,1,,,text,Mistral
3286,53,-87,1,1,1,,,text,Mistral
3287,53,-85,1,1,1,,,text,Mistral
3288,53,-83,1,1,1,,,text,Mistral
3289,53,-81,1,1,1,,,text,Mistral
3290,53,-79,0,0,1,,,text,Mistral
3291,53,-77,1,1,1,,,text,Mistral
3292,53,-75,1,1,1,,,text,Mistral
3293,53,-73,1,1,1,,,text,Mistral
3294,53,-71,1,1,1,,,text,Mistral
3295,53,-69,1,1,1,,,text,Mistral
3296,53,-67,1,1,1,,,text,Mistral
3297,53,-65,1,1,1,,,text,Mistral
3298,53,-63,1,1,1,,,text,Mistral
3299,53,-61,1,1,1,,,text,Mistral
3300,53,-59,1,1,1,,,text,Mistral
3301,53,-57,1,1,1,,,text,Mistral
3302,53,-55,0,0,1,,,text,Mistral
3303,53,-53,0,0,1,,,text,Mistral
3304,53,-51,0,0,1,,,text,Mistral
3305,53,-49,0,0,1,,,text,Mistral
3306,53,-47,0,0,1,,,text,Mistral
3307,53,-45,0,0,1,,,text,Mistral
3308,53,-43,0,0,1,,,text,Mistral
3309,53,-41,0,0,1,,,text,Mistral
3310,53,-39,0,0,1,,,text,Mistral
3311,53,-37,0,0,1,,,text,Mistral
3312,53,-35,0,0,1,,,text,Mistral
3313,53,-33,0,0,1,,,text,Mistral
3314,53,-31,0,0,1,,,text,Mistral
3315,53,-29,0,0,1,,,text,Mistral
3316,53,-27,0,0,1,,,text,Mistral
3317,53,-25,0,0,1,,,text,Mistral
3318,53,-23,0,0,1,,,text,Mistral
3319,53,-21,0,0,1,,,text,Mistral
3320,53,-19,0,0,1,,,text,Mistral
3321,53,-17,0,0,1,,,text,Mistral
3322,53,-15,0,0,1,,,text,Mistral
3323,53,-13,0,0,1,,,text,Mistral
3324,53,-11,0,0,1,,,text,Mistral
3325,53,-9,1,1,1,,,text,Mistral
3326,53,-7,1,1,1,,,text,Mistral
3327,53,-5,0,0,1,,,text,Mistral
3328,53,-3,1,1,1,,,text,Mistral
3329,53,-1,1,1,1,,,text,Mistral
3330,53,1,0,0,1,,,text,Mistral
3331,53,3,0,0,1,,,text,Mistral
3332,53,5,0,0,1,,,text,Mistral
3333,53,7,1,1,1,,,text,Mistral
3334,53,9,1,1,1,,,text,Mistral
3335,53,11,1,1,1,,,text,Mistral
3336,53,13,1,1,1,,,text,Mistral
3337,53,15,1,1,1,,,text,Mistral
3338,53,17,1,1,1,,,text,Mistral
3339,53,19,1,1,1,,,text,Mistral
3340,53,21,1,1,1,,,text,Mistral
3341,53,23,1,1,1,,,text,Mistral
3342,53,25,1,1,1,,,text,Mistral
3343,53,27,1,1,1,,,text,Mistral
3344,53,29,1,1,1,,,text,Mistral
3345,53,31,1,1,1,,,text,Mistral
3346,53,33,1,1,1,,,text,Mistral
3347,53,35,1,1,1,,,text,Mistral
3348,53,37,1,1,1,,,text,Mistral
3349,53,39,1,1,1,,,text,Mistral
3350,53,41,1,1,1,,,text,Mistral
3351,53,43,1,1,1,,,text,Mistral
3352,53,45,1,1,1,,,text,Mistral
3353,53,47,1,1,1,,,text,Mistral
3354,53,49,1,1,1,,,text,Mistral
3355,53,51,1,1,1,,,text,Mistral
3356,53,53,1,1,1,,,text,Mistral
3357,53,55,1,1,1,,,text,Mistral
3358,53,57,1,1,1,,,text,Mistral
3359,53,59,1,1,1,,,text,Mistral
3360,53,61,1,1,1,,,text,Mistral
3361,53,63,1,1,1,,,text,Mistral
3362,53,65,1,1,1,,,text,Mistral
3363,53,67,1,1,1,,,text,Mistral
3364,53,69,1,1,1,,,text,Mistral
3365,53,71,1,1,1,,,text,Mistral
3366,53,73,1,1,1,,,text,Mistral
3367,53,75,1,1,1,,,text,Mistral
3368,53,77,1,1,1,,,text,Mistral
3369,53,79,1,1,1,,,text,Mistral
3370,53,81,1,1,1,,,text,Mistral
3371,53,83,1,1,1,,,text,Mistral
3372,53,85,1,1,1,,,text,Mistral
3373,53,87,1,1,1,,,text,Mistral
3374,53,89,1,1,1,,,text,Mistral
3375,53,91,1,1,1,,,text,Mistral
3376,53,93,1,1,1,,,text,Mistral
3377,53,95,1,1,1,,,text,Mistral
3378,53,97,1,1,1,,,text,Mistral
3379,53,99,1,1,1,,,text,Mistral
3380,53,101,1,1,1,,,text,Mistral
3381,53,103,1,1,1,,,text,Mistral
3382,53,105,1,1,1,,,text,Mistral
3383,53,107,1,0,1,,,text,Mistral
3384,53,109,1,1,1,,,text,Mistral
3385,53,111,1,1,1,,,text,Mistral
3386,53,113,1,1,1,,,text,Mistral
3387,53,115,1,1,1,,,text,Mistral
3388,53,117,1,1,1,,,text,Mistral
3389,53,119,1,1,1,,,text,Mistral
3390,53,121,1,1,1,,,text,Mistral
3391,53,123,1,1,1,,,text,Mistral
3392,53,125,1,1,1,,,text,Mistral
3393,53,127,1,1,1,,,text,Mistral
3394,53,129,1,1,1,,,text,Mistral
3395,53,131,1,1,1,,,text,Mistral
3396,53,133,1,1,1,,,text,Mistral
3397,53,135,1,1,1,,,text,Mistral
3398,53,137,1,1,1,,,text,Mistral
3399,53,139,1,1,1,,,text,Mistral
3400,53,141,0,0,1,,,text,Mistral
3401,53,143,1,1,1,,,text,Mistral
3402,53,145,0,0,1,,,text,Mistral
3403,53,147,0,0,1,,,text,Mistral
3404,53,149,0,0,1,,,text,Mistral
3405,53,151,0,0,1,,,text,Mistral
3406,53,153,0,0,1,,,text,Mistral
3407,53,155,0,0,1,,,text,Mistral
3408,53,157,1,1,1,,,text,Mistral
3409,53,159,0,0,1,,,text,Mistral
3410,53,161,0,0,1,,,text,Mistral
3411,53,163,0,0,1,,,text,Mistral
3412,53,165,0,0,1,,,text,Mistral
3413,53,167,0,0,1,,,text,Mistral
3414,53,169,0,0,1,,,text,Mistral
3415,53,171,0,0,1,,,text,Mistral
3416,53,173,0,0,1,,,text,Mistral
3417,53,175,0,0,1,,,text,Mistral
3418,53,177,0,0,1,,,text,Mistral
3419,53,179,0,0,1,,,text,Mistral
3420,51,-179,0,0,1,,,text,Mistral
3421,51,-177,0,0,1,,,text,Mistral
3422,51,-175,0,0,1,,,text,Mistral
3423,51,-173,0,0,1,,,text,Mistral
3424,51,-171,0,0,0,,,text,Mistral
3425,51,-169,0,0,1,,,text,Mistral
3426,51,-167,0,0,1,,,text,Mistral
3427,51,-165,0,0,1,,,text,Mistral
3428,51,-163,0,0,1,,,text,Mistral
3429,51,-161,0,0,1,,,text,Mistral
3430,51,-159,0,0,1,,,text,Mistral
3431,51,-157,0,0,1,,,text,Mistral
3432,51,-155,0,0,1,,,text,Mistral
3433,51,-153,0,0,1,,,text,Mistral
3434,51,-151,0,0,1,,,text,Mistral
3435,51,-149,0,0,1,,,text,Mistral
3436,51,-147,0,0,1,,,text,Mistral
3437,51,-145,0,0,1,,,text,Mistral
3438,51,-143,0,0,1,,,text,Mistral
3439,51,-141,0,0,1,,,text,Mistral
3440,51,-139,0,0,1,,,text,Mistral
3441,51,-137,0,0,1,,,text,Mistral
3442,51,-135,0,0,1,,,text,Mistral
3443,51,-133,0,0,1,,,text,Mistral
3444,51,-131,0,0,1,,,text,Mistral
3445,51,-129,0,0,1,,,text,Mistral
3446,51,-127,1,1,1,,,text,Mistral
3447,51,-125,1,1,1,,,text,Mistral
3448,51,-123,1,1,1,,,text,Mistral
3449,51,-121,1,1,1,,,text,Mistral
3450,51,-119,1,1,1,,,text,Mistral
3451,51,-117,1,1,1,,,text,Mistral
3452,51,-115,1,1,1,,,text,Mistral
3453,51,-113,1,1,1,,,text,Mistral
3454,51,-111,1,1,1,,,text,Mistral
3455,51,-109,1,1,1,,,text,Mistral
3456,51,-107,1,1,1,,,text,Mistral
3457,51,-105,1,1,1,,,text,Mistral
3458,51,-103,1,1,1,,,text,Mistral
3459,51,-101,1,1,1,,,text,Mistral
3460,51,-99,1,1,1,,,text,Mistral
3461,51,-97,1,1,1,,,text,Mistral
3462,51,-95,1,1,1,,,text,Mistral
3463,51,-93,1,1,1,,,text,Mistral
3464,51,-91,1,0,1,,,text,Mistral
3465,51,-89,1,1,1,,,text,Mistral
3466,51,-87,1,1,1,,,text,Mistral
3467,51,-85,1,1,1,,,text,Mistral
3468,51,-83,1,1,1,,,text,Mistral
3469,51,-81,1,1,1,,,text,Mistral
3470,51,-79,1,1,1,,,text,Mistral
3471,51,-77,1,0,1,,,text,Mistral
3472,51,-75,1,1,1,,,text,Mistral
3473,51,-73,1,1,1,,,text,Mistral
3474,51,-71,1,1,1,,,text,Mistral
3475,51,-69,1,1,1,,,text,Mistral
3476,51,-67,1,1,1,,,text,Mistral
3477,51,-65,1,1,1,,,text,Mistral
3478,51,-63,1,1,1,,,text,Mistral
3479,51,-61,1,1,1,,,text,Mistral
3480,51,-59,1,1,1,,,text,Mistral
3481,51,-57,0,0,1,,,text,Mistral
3482,51,-55,0,0,1,,,text,Mistral
3483,51,-53,0,0,1,,,text,Mistral
3484,51,-51,0,0,1,,,text,Mistral
3485,51,-49,0,0,1,,,text,Mistral
3486,51,-47,0,0,1,,,text,Mistral
3487,51,-45,0,0,1,,,text,Mistral
3488,51,-43,0,0,1,,,text,Mistral
3489,51,-41,0,0,1,,,text,Mistral
3490,51,-39,0,0,1,,,text,Mistral
3491,51,-37,0,0,1,,,text,Mistral
3492,51,-35,0,0,1,,,text,Mistral
3493,51,-33,0,0,1,,,text,Mistral
3494,51,-31,0,0,1,,,text,Mistral
3495,51,-29,0,0,1,,,text,Mistral
3496,51,-27,0,0,1,,,text,Mistral
3497,51,-25,0,0,1,,,text,Mistral
3498,51,-23,0,0,1,,,text,Mistral
3499,51,-21,0,0,1,,,text,Mistral
3500,51,-19,0,0,1,,,text,Mistral
3501,51,-17,0,0,1,,,text,Mistral
3502,51,-15,0,0,1,,,text,Mistral
3503,51,-13,0,0,1,,,text,Mistral
3504,51,-11,0,0,1,,,text,Mistral
3505,51,-9,0,0,1,,,text,Mistral
3506,51,-7,0,0,1,,,text,Mistral
3507,51,-5,0,0,1,,,text,Mistral
3508,51,-3,1,1,1,,,text,Mistral
3509,51,-1,1,1,1,,,text,Mistral
3510,51,1,0,0,1,,,text,Mistral
3511,51,3,1,1,1,,,text,Mistral
3512,51,5,1,1,1,,,text,Mistral
3513,51,7,1,1,1,,,text,Mistral
3514,51,9,1,1,1,,,text,Mistral
3515,51,11,1,1,1,,,text,Mistral
3516,51,13,1,1,1,,,text,Mistral
3517,51,15,1,1,1,,,text,Mistral
3518,51,17,1,1,1,,,text,Mistral
3519,51,19,1,1,1,,,text,Mistral
3520,51,21,1,1,1,,,text,Mistral
3521,51,23,1,1,1,,,text,Mistral
3522,51,25,1,1,1,,,text,Mistral
3523,51,27,1,1,1,,,text,Mistral
3524,51,29,1,1,1,,,text,Mistral
3525,51,31,1,1,1,,,text,Mistral
3526,51,33,1,1,1,,,text,Mistral
3527,51,35,1,1,1,,,text,Mistral
3528,51,37,1,1,1,,,text,Mistral
3529,51,39,1,1,1,,,text,Mistral
3530,51,41,1,1,1,,,text,Mistral
3531,51,43,1,1,1,,,text,Mistral
3532,51,45,1,1,1,,,text,Mistral
3533,51,47,1,1,1,,,text,Mistral
3534,51,49,1,1,1,,,text,Mistral
3535,51,51,1,1,1,,,text,Mistral
3536,51,53,1,1,1,,,text,Mistral
3537,51,55,1,1,1,,,text,Mistral
3538,51,57,1,1,1,,,text,Mistral
3539,51,59,1,1,1,,,text,Mistral
3540,51,61,1,1,1,,,text,Mistral
3541,51,63,1,1,1,,,text,Mistral
3542,51,65,1,1,1,,,text,Mistral
3543,51,67,1,1,1,,,text,Mistral
3544,51,69,1,1,1,,,text,Mistral
3545,51,71,1,1,1,,,text,Mistral
3546,51,73,1,1,1,,,text,Mistral
3547,51,75,1,1,1,,,text,Mistral
3548,51,77,1,1,1,,,text,Mistral
3549,51,79,1,1,1,,,text,Mistral
3550,51,81,1,1,1,,,text,Mistral
3551,51,83,1,1,1,,,text,Mistral
3552,51,85,1,1,1,,,text,Mistral
3553,51,87,1,1,1,,,text,Mistral
3554,51,89,1,1,1,,,text,Mistral
3555,51,91,1,1,1,,,text,Mistral
3556,51,93,1,1,1,,,text,Mistral
3557,51,95,1,1,1,,,text,Mistral
3558,51,97,1,1,1,,,text,Mistral
3559,51,99,1,1,1,,,text,Mistral
3560,51,101,1,1,1,,,text,Mistral
3561,51,103,1,1,1,,,text,Mistral
3562,51,105,1,1,1,,,text,Mistral
3563,51,107,1,1,1,,,text,Mistral
3564,51,109,1,1,1,,,text,Mistral
3565,51,111,1,1,1,,,text,Mistral
3566,51,113,1,1,1,,,text,Mistral
3567,51,115,1,1,1,,,text,Mistral
3568,51,117,1,1,1,,,text,Mistral
3569,51,119,1,1,1,,,text,Mistral
3570,51,121,1,1,1,,,text,Mistral
3571,51,123,1,1,1,,,text,Mistral
3572,51,125,1,1,1,,,text,Mistral
3573,51,127,1,1,1,,,text,Mistral
3574,51,129,1,1,1,,,text,Mistral
3575,51,131,1,1,1,,,text,Mistral
3576,51,133,1,1,1,,,text,Mistral
3577,51,135,1,1,1,,,text,Mistral
3578,51,137,1,1,1,,,text,Mistral
3579,51,139,1,1,1,,,text,Mistral
3580,51,141,0,0,1,,,text,Mistral
3581,51,143,1,1,1,,,text,Mistral
3582,51,145,0,0,1,,,text,Mistral
3583,51,147,0,0,1,,,text,Mistral
3584,51,149,0,0,1,,,text,Mistral
3585,51,151,0,0,1,,,text,Mistral
3586,51,153,0,0,1,,,text,Mistral
3587,51,155,0,0,1,,,text,Mistral
3588,51,157,0,0,1,,,text,Mistral
3589,51,159,0,0,1,,,text,Mistral
3590,51,161,0,0,1,,,text,Mistral
3591,51,163,0,0,1,,,text,Mistral
3592,51,165,0,0,1,,,text,Mistral
3593,51,167,0,0,1,,,text,Mistral
3594,51,169,0,0,1,,,text,Mistral
3595,51,171,0,0,1,,,text,Mistral
3596,51,173,0,0,1,,,text,Mistral
3597,51,175,0,0,0,,,text,Mistral
3598,51,177,0,0,1,,,text,Mistral
3599,51,179,0,0,1,,,text,Mistral
3600,49,-179,0,0,1,,,text,Mistral
3601,49,-177,0,0,1,,,text,Mistral
3602,49,-175,0,0,1,,,text,Mistral
3603,49,-173,0,0,1,,,text,Mistral
3604,49,-171,0,0,1,,,text,Mistral
3605,49,-169,0,0,1,,,text,Mistral
3606,49,-167,0,0,1,,,text,Mistral
3607,49,-165,0,0,1,,,text,Mistral
3608,49,-163,0,0,1,,,text,Mistral
3609,49,-161,0,0,1,,,text,Mistral
3610,49,-159,0,0,1,,,text,Mistral
3611,49,-157,0,0,1,,,text,Mistral
3612,49,-155,0,0,1,,,text,Mistral
3613,49,-153,0,0,1,,,text,Mistral
3614,49,-151,0,0,1,,,text,Mistral
3615,49,-149,0,0,1,,,text,Mistral
3616,49,-147,0,0,1,,,text,Mistral
3617,49,-145,0,0,1,,,text,Mistral
3618,49,-143,0,0,1,,,text,Mistral
3619,49,-141,0,0,1,,,text,Mistral
3620,49,-139,0,0,1,,,text,Mistral
3621,49,-137,0,0,1,,,text,Mistral
3622,49,-135,0,0,1,,,text,Mistral
3623,49,-133,0,0,1,,,text,Mistral
3624,49,-131,0,0,1,,,text,Mistral
3625,49,-129,0,0,1,,,text,Mistral
3626,49,-127,0,0,1,,,text,Mistral
3627,49,-125,1,1,1,,,text,Mistral
3628,49,-123,0,0,1,,,text,Mistral
3629,49,-121,1,1,1,,,text,Mistral
3630,49,-119,1,1,1,,,text,Mistral
3631,49,-117,1,1,1,,,text,Mistral
3632,49,-115,1,1,1,,,text,Mistral
3633,49,-113,1,1,1,,,text,Mistral
3634,49,-111,1,1,1,,,text,Mistral
3635,49,-109,1,1,1,,,text,Mistral
3636,49,-107,1,1,1,,,text,Mistral
3637,49,-105,1,1,1,,,text,Mistral
3638,49,-103,1,1,1,,,text,Mistral
3639,49,-101,1,1,1,,,text,Mistral
3640,49,-99,1,1,1,,,text,Mistral
3641,49,-97,1,1,1,,,text,Mistral
3642,49,-95,1,0,1,,,text,Mistral
3643,49,-93,1,1,1,,,text,Mistral
3644,49,-91,1,1,1,,,text,Mistral
3645,49,-89,1,1,1,,,text,Mistral
3646,49,-87,1,1,1,,,text,Mistral
3647,49,-85,1,1,1,,,text,Mistral
3648,49,-83,1,1,1,,,text,Mistral
3649,49,-81,1,1,1,,,text,Mistral
3650,49,-79,1,1,1,,,text,Mistral
3651,49,-77,1,1,1,,,text,Mistral
3652,49,-75,1,1,1,,,text,Mistral
3653,49,-73,1,1,1,,,text,Mistral
3654,49,-71,1,1,1,,,text,Mistral
3655,49,-69,1,1,1,,,text,Mistral
3656,49,-67,0,0,1,,,text,Mistral
3657,49,-65,1,1,1,,,text,Mistral
3658,49,-63,0,0,1,,,text,Mistral
3659,49,-61,0,0,1,,,text,Mistral
3660,49,-59,0,0,1,,,text,Mistral
3661,49,-57,1,1,1,,,text,Mistral
3662,49,-55,1,1,1,,,text,Mistral
3663,49,-53,0,0,1,,,text,Mistral
3664,49,-51,0,0,1,,,text,Mistral
3665,49,-49,0,0,1,,,text,Mistral
3666,49,-47,0,0,1,,,text,Mistral
3667,49,-45,0,0,1,,,text,Mistral
3668,49,-43,0,0,1,,,text,Mistral
3669,49,-41,0,0,1,,,text,Mistral
3670,49,-39,0,0,1,,,text,Mistral
3671,49,-37,0,0,1,,,text,Mistral
3672,49,-35,0,0,1,,,text,Mistral
3673,49,-33,0,0,1,,,text,Mistral
3674,49,-31,0,0,1,,,text,Mistral
3675,49,-29,0,0,1,,,text,Mistral
3676,49,-27,0,0,1,,,text,Mistral
3677,49,-25,0,0,1,,,text,Mistral
3678,49,-23,0,0,1,,,text,Mistral
3679,49,-21,0,0,1,,,text,Mistral
3680,49,-19,0,0,1,,,text,Mistral
3681,49,-17,0,0,1,,,text,Mistral
3682,49,-15,0,0,1,,,text,Mistral
3683,49,-13,0,0,1,,,text,Mistral
3684,49,-11,0,0,1,,,text,Mistral
3685,49,-9,0,0,1,,,text,Mistral
3686,49,-7,0,0,1,,,text,Mistral
3687,49,-5,0,0,1,,,text,Mistral
3688,49,-3,0,0,1,,,text,Mistral
3689,49,-1,1,1,1,,,text,Mistral
3690,49,1,1,1,1,,,text,Mistral
3691,49,3,1,1,1,,,text,Mistral
3692,49,5,1,1,1,,,text,Mistral
3693,49,7,1,1,1,,,text,Mistral
3694,49,9,1,1,1,,,text,Mistral
3695,49,11,1,1,1,,,text,Mistral
3696,49,13,1,1,1,,,text,Mistral
3697,49,15,1,1,1,,,text,Mistral
3698,49,17,1,1,1,,,text,Mistral
3699,49,19,1,1,1,,,text,Mistral
3700,49,21,1,1,1,,,text,Mistral
3701,49,23,1,1,1,,,text,Mistral
3702,49,25,1,1,1,,,text,Mistral
3703,49,27,1,1,1,,,text,Mistral
3704,49,29,1,1,1,,,text,Mistral
3705,49,31,1,1,1,,,text,Mistral
3706,49,33,1,1,1,,,text,Mistral
3707,49,35,1,1,1,,,text,Mistral
3708,49,37,1,1,1,,,text,Mistral
3709,49,39,1,1,1,,,text,Mistral
3710,49,41,1,1,1,,,text,Mistral
3711,49,43,1,1,1,,,text,Mistral
3712,49,45,1,1,1,,,text,Mistral
3713,49,47,1,1,1,,,text,Mistral
3714,49,49,1,1,1,,,text,Mistral
3715,49,51,1,1,1,,,text,Mistral
3716,49,53,1,1,1,,,text,Mistral
3717,49,55,1,1,1,,,text,Mistral
3718,49,57,1,1,1,,,text,Mistral
3719,49,59,1,1,1,,,text,Mistral
3720,49,61,1,1,1,,,text,Mistral
3721,49,63,1,1,1,,,text,Mistral
3722,49,65,1,1,1,,,text,Mistral
3723,49,67,1,1,1,,,text,Mistral
3724,49,69,1,1,1,,,text,Mistral
3725,49,71,1,1,1,,,text,Mistral
3726,49,73,1,1,1,,,text,Mistral
3727,49,75,1,1,1,,,text,Mistral
3728,49,77,1,1,1,,,text,Mistral
3729,49,79,1,1,1,,,text,Mistral
3730,49,81,1,1,1,,,text,Mistral
3731,49,83,1,1,1,,,text,Mistral
3732,49,85,1,1,1,,,text,Mistral
3733,49,87,1,1,1,,,text,Mistral
3734,49,89,1,1,1,,,text,Mistral
3735,49,91,1,1,1,,,text,Mistral
3736,49,93,1,1,1,,,text,Mistral
3737,49,95,1,1,1,,,text,Mistral
3738,49,97,1,1,1,,,text,Mistral
3739,49,99,1,1,1,,,text,Mistral
3740,49,101,1,1,1,,,text,Mistral
3741,49,103,1,1,1,,,text,Mistral
3742,49,105,1,1,1,,,text,Mistral
3743,49,107,1,1,1,,,text,Mistral
3744,49,109,1,1,1,,,text,Mistral
3745,49,111,1,1,1,,,text,Mistral
3746,49,113,1,1,1,,,text,Mistral
3747,49,115,1,1,1,,,text,Mistral
3748,49,117,1,1,1,,,text,Mistral
3749,49,119,1,1,1,,,text,Mistral
3750,49,121,1,1,1,,,text,Mistral
3751,49,123,1,1,1,,,text,Mistral
3752,49,125,1,1,1,,,text,Mistral
3753,49,127,1,1,1,,,text,Mistral
3754,49,129,1,1,1,,,text,Mistral
3755,49,131,1,1,1,,,text,Mistral
3756,49,133,1,1,1,,,text,Mistral
3757,49,135,1,1,1,,,text,Mistral
3758,49,137,1,1,1,,,text,Mistral
3759,49,139,1,1,1,,,text,Mistral
3760,49,141,0,0,1,,,text,Mistral
3761,49,143,0,0,1,,,text,Mistral
3762,49,145,0,0,1,,,text,Mistral
3763,49,147,0,0,1,,,text,Mistral
3764,49,149,0,0,1,,,text,Mistral
3765,49,151,0,0,1,,,text,Mistral
3766,49,153,0,0,1,,,text,Mistral
3767,49,155,0,0,1,,,text,Mistral
3768,49,157,0,0,1,,,text,Mistral
3769,49,159,0,0,1,,,text,Mistral
3770,49,161,0,0,1,,,text,Mistral
3771,49,163,0,0,1,,,text,Mistral
3772,49,165,0,0,1,,,text,Mistral
3773,49,167,0,0,1,,,text,Mistral
3774,49,169,0,0,1,,,text,Mistral
3775,49,171,0,0,1,,,text,Mistral
3776,49,173,0,0,1,,,text,Mistral
3777,49,175,0,0,1,,,text,Mistral
3778,49,177,0,0,1,,,text,Mistral
3779,49,179,0,0,1,,,text,Mistral
3780,47,-179,0,0,1,,,text,Mistral
3781,47,-177,0,0,1,,,text,Mistral
3782,47,-175,0,0,1,,,text,Mistral
3783,47,-173,0,0,1,,,text,Mistral
3784,47,-171,0,0,1,,,text,Mistral
3785,47,-169,0,0,1,,,text,Mistral
3786,47,-167,0,0,1,,,text,Mistral
3787,47,-165,0,0,1,,,text,Mistral
3788,47,-163,0,0,1,,,text,Mistral
3789,47,-161,0,0,1,,,text,Mistral
3790,47,-159,0,0,1,,,text,Mistral
3791,47,-157,0,0,1,,,text,Mistral
3792,47,-155,0,0,1,,,text,Mistral
3793,47,-153,0,0,1,,,text,Mistral
3794,47,-151,0,0,1,,,text,Mistral
3795,47,-149,0,0,1,,,text,Mistral
3796,47,-147,0,0,1,,,text,Mistral
3797,47,-145,0,0,1,,,text,Mistral
3798,47,-143,0,0,1,,,text,Mistral
3799,47,-141,0,0,1,,,text,Mistral
3800,47,-139,0,0,1,,,text,Mistral
3801,47,-137,0,0,1,,,text,Mistral
3802,47,-135,0,0,1,,,text,Mistral
3803,47,-133,0,0,1,,,text,Mistral
3804,47,-131,0,0,1,,,text,Mistral
3805,47,-129,0,0,1,,,text,Mistral
3806,47,-127,0,0,1,,,text,Mistral
3807,47,-125,0,0,1,,,text,Mistral
3808,47,-123,1,1,1,,,text,Mistral
3809,47,-121,1,1,1,,,text,Mistral
3810,47,-119,1,1,1,,,text,Mistral
3811,47,-117,1,1,1,,,text,Mistral
3812,47,-115,1,1,1,,,text,Mistral
3813,47,-113,1,1,1,,,text,Mistral
3814,47,-111,1,1,1,,,text,Mistral
3815,47,-109,1,1,1,,,text,Mistral
3816,47,-107,1,1,1,,,text,Mistral
3817,47,-105,1,1,1,,,text,Mistral
3818,47,-103,1,1,1,,,text,Mistral
3819,47,-101,1,1,1,,,text,Mistral
3820,47,-99,1,1,1,,,text,Mistral
3821,47,-97,1,1,1,,,text,Mistral
3822,47,-95,1,1,1,,,text,Mistral
3823,47,-93,1,1,1,,,text,Mistral
3824,47,-91,1,0,1,,,text,Mistral
3825,47,-89,1,1,1,,,text,Mistral
3826,47,-87,1,0,1,,,text,Mistral
3827,47,-85,1,0,1,,,text,Mistral
3828,47,-83,1,1,1,,,text,Mistral
3829,47,-81,1,1,1,,,text,Mistral
3830,47,-79,1,0,1,,,text,Mistral
3831,47,-77,1,1,1,,,text,Mistral
3832,47,-75,1,1,1,,,text,Mistral
3833,47,-73,1,1,1,,,text,Mistral
3834,47,-71,1,1,1,,,text,Mistral
3835,47,-69,1,1,1,,,text,Mistral
3836,47,-67,1,1,1,,,text,Mistral
3837,47,-65,1,1,1,,,text,Mistral
3838,47,-63,0,0,1,,,text,Mistral
3839,47,-61,0,0,1,,,text,Mistral
3840,47,-59,0,0,1,,,text,Mistral
3841,47,-57,0,0,1,,,text,Mistral
3842,47,-55,0,0,1,,,text,Mistral
3843,47,-53,1,1,1,,,text,Mistral
3844,47,-51,0,0,1,,,text,Mistral
3845,47,-49,0,0,1,,,text,Mistral
3846,47,-47,0,0,1,,,text,Mistral
3847,47,-45,0,0,1,,,text,Mistral
3848,47,-43,0,0,1,,,text,Mistral
3849,47,-41,0,0,1,,,text,Mistral
3850,47,-39,0,0,1,,,text,Mistral
3851,47,-37,0,0,1,,,text,Mistral
3852,47,-35,0,0,1,,,text,Mistral
3853,47,-33,0,0,1,,,text,Mistral
3854,47,-31,0,0,1,,,text,Mistral
3855,47,-29,0,0,1,,,text,Mistral
3856,47,-27,0,0,1,,,text,Mistral
3857,47,-25,0,0,1,,,text,Mistral
3858,47,-23,0,0,1,,,text,Mistral
3859,47,-21,0,0,1,,,text,Mistral
3860,47,-19,0,0,1,,,text,Mistral
3861,47,-17,0,0,1,,,text,Mistral
3862,47,-15,0,0,1,,,text,Mistral
3863,47,-13,0,0,1,,,text,Mistral
3864,47,-11,0,0,1,,,text,Mistral
3865,47,-9,0,0,1,,,text,Mistral
3866,47,-7,0,0,1,,,text,Mistral
3867,47,-5,0,0,1,,,text,Mistral
3868,47,-3,0,0,1,,,text,Mistral
3869,47,-1,1,1,1,,,text,Mistral
3870,47,1,1,1,1,,,text,Mistral
3871,47,3,1,1,1,,,text,Mistral
3872,47,5,1,1,1,,,text,Mistral
3873,47,7,1,1,1,,,text,Mistral
3874,47,9,1,1,1,,,text,Mistral
3875,47,11,1,1,1,,,text,Mistral
3876,47,13,1,1,1,,,text,Mistral
3877,47,15,1,1,1,,,text,Mistral
3878,47,17,1,1,1,,,text,Mistral
3879,47,19,1,1,1,,,text,Mistral
3880,47,21,1,1,1,,,text,Mistral
3881,47,23,1,1,1,,,text,Mistral
3882,47,25,1,1,1,,,text,Mistral
3883,47,27,1,1,1,,,text,Mistral
3884,47,29,1,1,1,,,text,Mistral
3885,47,31,1,1,1,,,text,Mistral
3886,47,33,1,1,1,,,text,Mistral
3887,47,35,1,1,1,,,text,Mistral
3888,47,37,1,1,1,,,text,Mistral
3889,47,39,0,0,1,,,text,Mistral
3890,47,41,1,1,1,,,text,Mistral
3891,47,43,1,1,1,,,text,Mistral
3892,47,45,1,1,1,,,text,Mistral
3893,47,47,1,1,1,,,text,Mistral
3894,47,49,1,1,1,,,text,Mistral
3895,47,51,1,0,1,,,text,Mistral
3896,47,53,1,1,1,,,text,Mistral
3897,47,55,1,1,1,,,text,Mistral
3898,47,57,1,1,1,,,text,Mistral
3899,47,59,1,1,1,,,text,Mistral
3900,47,61,1,1,1,,,text,Mistral
3901,47,63,1,1,1,,,text,Mistral
3902,47,65,1,1,1,,,text,Mistral
3903,47,67,1,1,1,,,text,Mistral
3904,47,69,1,1,1,,,text,Mistral
3905,47,71,1,1,1,,,text,Mistral
3906,47,73,1,1,1,,,text,Mistral
3907,47,75,1,1,1,,,text,Mistral
3908,47,77,1,1,1,,,text,Mistral
3909,47,79,1,1,1,,,text,Mistral
3910,47,81,1,1,1,,,text,Mistral
3911,47,83,1,1,1,,,text,Mistral
3912,47,85,1,1,1,,,text,Mistral
3913,47,87,1,1,1,,,text,Mistral
3914,47,89,1,1,1,,,text,Mistral
3915,47,91,1,1,1,,,text,Mistral
3916,47,93,1,1,1,,,text,Mistral
3917,47,95,1,1,1,,,text,Mistral
3918,47,97,1,1,1,,,text,Mistral
3919,47,99,1,1,1,,,text,Mistral
3920,47,101,1,1,1,,,text,Mistral
3921,47,103,1,1,1,,,text,Mistral
3922,47,105,1,1,1,,,text,Mistral
3923,47,107,1,1,1,,,text,Mistral
3924,47,109,1,1,1,,,text,Mistral
3925,47,111,1,1,1,,,text,Mistral
3926,47,113,1,1,1,,,text,Mistral
3927,47,115,1,1,1,,,text,Mistral
3928,47,117,1,1,1,,,text,Mistral
3929,47,119,1,1,1,,,text,Mistral
3930,47,121,1,1,1,,,text,Mistral
3931,47,123,1,1,1,,,text,Mistral
3932,47,125,1,1,1,,,text,Mistral
3933,47,127,1,1,1,,,text,Mistral
3934,47,129,1,1,1,,,text,Mistral
3935,47,131,1,1,1,,,text,Mistral
3936,47,133,1,1,1,,,text,Mistral
3937,47,135,1,1,1,,,text,Mistral
3938,47,137,1,1,1,,,text,Mistral
3939,47,139,0,0,1,,,text,Mistral
3940,47,141,0,0,1,,,text,Mistral
3941,47,143,1,1,1,,,text,Mistral
3942,47,145,0,0,1,,,text,Mistral
3943,47,147,0,0,1,,,text,Mistral
3944,47,149,0,0,1,,,text,Mistral
3945,47,151,0,0,1,,,text,Mistral
3946,47,153,0,0,1,,,text,Mistral
3947,47,155,0,0,1,,,text,Mistral
3948,47,157,0,0,1,,,text,Mistral
3949,47,159,0,0,1,,,text,Mistral
3950,47,161,0,0,1,,,text,Mistral
3951,47,163,0,0,1,,,text,Mistral
3952,47,165,0,0,1,,,text,Mistral
3953,47,167,0,0,1,,,text,Mistral
3954,47,169,0,0,1,,,text,Mistral
3955,47,171,0,0,1,,,text,Mistral
3956,47,173,0,0,1,,,text,Mistral
3957,47,175,0,0,1,,,text,Mistral
3958,47,177,0,0,1,,,text,Mistral
3959,47,179,0,0,1,,,text,Mistral
3960,45,-179,0,0,1,,,text,Mistral
3961,45,-177,0,0,1,,,text,Mistral
3962,45,-175,0,0,1,,,text,Mistral
3963,45,-173,0,0,1,,,text,Mistral
3964,45,-171,0,0,1,,,text,Mistral
3965,45,-169,0,0,1,,,text,Mistral
3966,45,-167,0,0,1,,,text,Mistral
3967,45,-165,0,0,1,,,text,Mistral
3968,45,-163,0,0,1,,,text,Mistral
3969,45,-161,0,0,1,,,text,Mistral
3970,45,-159,0,0,1,,,text,Mistral
3971,45,-157,0,0,1,,,text,Mistral
3972,45,-155,0,0,1,,,text,Mistral
3973,45,-153,0,0,1,,,text,Mistral
3974,45,-151,0,0,1,,,text,Mistral
3975,45,-149,0,0,1,,,text,Mistral
3976,45,-147,0,0,1,,,text,Mistral
3977,45,-145,0,0,1,,,text,Mistral
3978,45,-143,0,0,1,,,text,Mistral
3979,45,-141,0,0,1,,,text,Mistral
3980,45,-139,0,0,1,,,text,Mistral
3981,45,-137,0,0,1,,,text,Mistral
3982,45,-135,0,0,1,,,text,Mistral
3983,45,-133,0,0,1,,,text,Mistral
3984,45,-131,0,0,1,,,text,Mistral
3985,45,-129,0,0,1,,,text,Mistral
3986,45,-127,0,0,1,,,text,Mistral
3987,45,-125,0,0,1,,,text,Mistral
3988,45,-123,1,1,1,,,text,Mistral
3989,45,-121,1,1,1,,,text,Mistral
3990,45,-119,1,1,1,,,text,Mistral
3991,45,-117,1,1,1,,,text,Mistral
3992,45,-115,1,1,1,,,text,Mistral
3993,45,-113,1,1,1,,,text,Mistral
3994,45,-111,1,1,1,,,text,Mistral
3995,45,-109,1,1,1,,,text,Mistral
3996,45,-107,1,1,1,,,text,Mistral
3997,45,-105,1,1,1,,,text,Mistral
3998,45,-103,1,1,1,,,text,Mistral
3999,45,-101,1,1,1,,,text,Mistral
4000,45,-99,1,1,1,,,text,Mistral
4001,45,-97,1,1,1,,,text,Mistral
4002,45,-95,1,1,1,,,text,Mistral
4003,45,-93,1,1,1,,,text,Mistral
4004,45,-91,1,1,1,,,text,Mistral
4005,45,-89,1,1,1,,,text,Mistral
4006,45,-87,1,0,1,,,text,Mistral
4007,45,-85,1,1,1,,,text,Mistral
4008,45,-83,1,0,1,,,text,Mistral
4009,45,-81,1,0,1,,,text,Mistral
4010,45,-79,1,1,1,,,text,Mistral
4011,45,-77,1,1,1,,,text,Mistral
4012,45,-75,1,1,1,,,text,Mistral
4013,45,-73,1,1,1,,,text,Mistral
4014,45,-71,1,1,1,,,text,Mistral
4015,45,-69,1,1,1,,,text,Mistral
4016,45,-67,1,1,1,,,text,Mistral
4017,45,-65,1,1,1,,,text,Mistral
4018,45,-63,1,1,1,,,text,Mistral
4019,45,-61,0,0,1,,,text,Mistral
4020,45,-59,0,0,1,,,text,Mistral
4021,45,-57,0,0,1,,,text,Mistral
4022,45,-55,0,0,1,,,text,Mistral
4023,45,-53,0,0,1,,,text,Mistral
4024,45,-51,0,0,1,,,text,Mistral
4025,45,-49,0,0,1,,,text,Mistral
4026,45,-47,0,0,1,,,text,Mistral
4027,45,-45,0,0,1,,,text,Mistral
4028,45,-43,0,0,1,,,text,Mistral
4029,45,-41,0,0,1,,,text,Mistral
4030,45,-39,0,0,1,,,text,Mistral
4031,45,-37,0,0,1,,,text,Mistral
4032,45,-35,0,0,1,,,text,Mistral
4033,45,-33,0,0,1,,,text,Mistral
4034,45,-31,0,0,1,,,text,Mistral
4035,45,-29,0,0,1,,,text,Mistral
4036,45,-27,0,0,1,,,text,Mistral
4037,45,-25,0,0,1,,,text,Mistral
4038,45,-23,0,0,1,,,text,Mistral
4039,45,-21,0,0,1,,,text,Mistral
4040,45,-19,0,0,1,,,text,Mistral
4041,45,-17,0,0,1,,,text,Mistral
4042,45,-15,0,0,1,,,text,Mistral
4043,45,-13,0,0,1,,,text,Mistral
4044,45,-11,0,0,1,,,text,Mistral
4045,45,-9,0,0,1,,,text,Mistral
4046,45,-7,0,0,1,,,text,Mistral
4047,45,-5,0,0,1,,,text,Mistral
4048,45,-3,0,0,1,,,text,Mistral
4049,45,-1,1,1,1,,,text,Mistral
4050,45,1,1,1,1,,,text,Mistral
4051,45,3,1,1,1,,,text,Mistral
4052,45,5,1,1,1,,,text,Mistral
4053,45,7,1,1,1,,,text,Mistral
4054,45,9,1,1,1,,,text,Mistral
4055,45,11,1,1,1,,,text,Mistral
4056,45,13,0,0,1,,,text,Mistral
4057,45,15,1,1,1,,,text,Mistral
4058,45,17,1,1,1,,,text,Mistral
4059,45,19,1,1,1,,,text,Mistral
4060,45,21,1,1,1,,,text,Mistral
4061,45,23,1,1,1,,,text,Mistral
4062,45,25,1,1,1,,,text,Mistral
4063,45,27,1,1,1,,,text,Mistral
4064,45,29,1,1,1,,,text,Mistral
4065,45,31,0,0,1,,,text,Mistral
4066,45,33,0,0,1,,,text,Mistral
4067,45,35,1,1,1,,,text,Mistral
4068,45,37,0,0,1,,,text,Mistral
4069,45,39,1,1,1,,,text,Mistral
4070,45,41,1,1,1,,,text,Mistral
4071,45,43,1,1,1,,,text,Mistral
4072,45,45,1,1,1,,,text,Mistral
4073,45,47,1,1,1,,,text,Mistral
4074,45,49,1,0,1,,,text,Mistral
4075,45,51,1,0,1,,,text,Mistral
4076,45,53,1,1,1,,,text,Mistral
4077,45,55,1,1,1,,,text,Mistral
4078,45,57,1,1,1,,,text,Mistral
4079,45,59,1,1,1,,,text,Mistral
4080,45,61,1,1,1,,,text,Mistral
4081,45,63,1,1,1,,,text,Mistral
4082,45,65,1,1,1,,,text,Mistral
4083,45,67,1,1,1,,,text,Mistral
4084,45,69,1,1,1,,,text,Mistral
4085,45,71,1,1,1,,,text,Mistral
4086,45,73,1,1,1,,,text,Mistral
4087,45,75,1,1,1,,,text,Mistral
4088,45,77,1,1,1,,,text,Mistral
4089,45,79,1,1,1,,,text,Mistral
4090,45,81,1,1,1,,,text,Mistral
4091,45,83,1,1,1,,,text,Mistral
4092,45,85,1,1,1,,,text,Mistral
4093,45,87,1,1,1,,,text,Mistral
4094,45,89,1,1,1,,,text,Mistral
4095,45,91,1,1,1,,,text,Mistral
4096,45,93,1,1,1,,,text,Mistral
4097,45,95,1,1,1,,,text,Mistral
4098,45,97,1,1,1,,,text,Mistral
4099,45,99,1,1,1,,,text,Mistral
4100,45,101,1,1,1,,,text,Mistral
4101,45,103,1,1,1,,,text,Mistral
4102,45,105,1,1,1,,,text,Mistral
4103,45,107,1,1,1,,,text,Mistral
4104,45,109,1,1,1,,,text,Mistral
4105,45,111,1,1,1,,,text,Mistral
4106,45,113,1,1,1,,,text,Mistral
4107,45,115,1,1,1,,,text,Mistral
4108,45,117,1,1,1,,,text,Mistral
4109,45,119,1,1,1,,,text,Mistral
4110,45,121,1,1,1,,,text,Mistral
4111,45,123,1,1,1,,,text,Mistral
4112,45,125,1,1,1,,,text,Mistral
4113,45,127,1,1,1,,,text,Mistral
4114,45,129,1,1,1,,,text,Mistral
4115,45,131,1,1,1,,,text,Mistral
4116,45,133,1,1,1,,,text,Mistral
4117,45,135,1,1,1,,,text,Mistral
4118,45,137,0,0,1,,,text,Mistral
4119,45,139,0,0,1,,,text,Mistral
4120,45,141,0,0,1,,,text,Mistral
4121,45,143,0,0,1,,,text,Mistral
4122,45,145,0,0,1,,,text,Mistral
4123,45,147,0,0,1,,,text,Mistral
4124,45,149,0,0,1,,,text,Mistral
4125,45,151,0,0,1,,,text,Mistral
4126,45,153,0,0,1,,,text,Mistral
4127,45,155,0,0,1,,,text,Mistral
4128,45,157,0,0,1,,,text,Mistral
4129,45,159,0,0,1,,,text,Mistral
4130,45,161,0,0,1,,,text,Mistral
4131,45,163,0,0,1,,,text,Mistral
4132,45,165,0,0,1,,,text,Mistral
4133,45,167,0,0,1,,,text,Mistral
4134,45,169,0,0,1,,,text,Mistral
4135,45,171,0,0,1,,,text,Mistral
4136,45,173,0,0,1,,,text,Mistral
4137,45,175,0,0,1,,,text,Mistral
4138,45,177,0,0,1,,,text,Mistral
4139,45,179,0,0,1,,,text,Mistral
4140,43,-179,0,0,1,,,text,Mistral
4141,43,-177,0,0,1,,,text,Mistral
4142,43,-175,0,0,1,,,text,Mistral
4143,43,-173,0,0,1,,,text,Mistral
4144,43,-171,0,0,1,,,text,Mistral
4145,43,-169,0,0,1,,,text,Mistral
4146,43,-167,0,0,1,,,text,Mistral
4147,43,-165,0,0,1,,,text,Mistral
4148,43,-163,0,0,1,,,text,Mistral
4149,43,-161,0,0,1,,,text,Mistral
4150,43,-159,0,0,1,,,text,Mistral
4151,43,-157,0,0,1,,,text,Mistral
4152,43,-155,0,0,1,,,text,Mistral
4153,43,-153,0,0,1,,,text,Mistral
4154,43,-151,0,0,1,,,text,Mistral
4155,43,-149,0,0,1,,,text,Mistral
4156,43,-147,0,0,1,,,text,Mistral
4157,43,-145,0,0,1,,,text,Mistral
4158,43,-143,0,0,1,,,text,Mistral
4159,43,-141,0,0,1,,,text,Mistral
4160,43,-139,0,0,1,,,text,Mistral
4161,43,-137,0,0,1,,,text,Mistral
4162,43,-135,0,0,1,,,text,Mistral
4163,43,-133,0,0,1,,,text,Mistral
4164,43,-131,0,0,1,,,text,Mistral
4165,43,-129,0,0,1,,,text,Mistral
4166,43,-127,0,0,1,,,text,Mistral
4167,43,-125,0,0,1,,,text,Mistral
4168,43,-123,1,1,1,,,text,Mistral
4169,43,-121,1,1,1,,,text,Mistral
4170,43,-119,1,1,1,,,text,Mistral
4171,43,-117,1,1,1,,,text,Mistral
4172,43,-115,1,1,1,,,text,Mistral
4173,43,-113,1,1,1,,,text,Mistral
4174,43,-111,1,1,1,,,text,Mistral
4175,43,-109,1,1,1,,,text,Mistral
4176,43,-107,1,1,1,,,text,Mistral
4177,43,-105,1,1,1,,,text,Mistral
4178,43,-103,1,1,1,,,text,Mistral
4179,43,-101,1,1,1,,,text,Mistral
4180,43,-99,1,1,1,,,text,Mistral
4181,43,-97,1,1,1,,,text,Mistral
4182,43,-95,1,1,1,,,text,Mistral
4183,43,-93,1,1,1,,,text,Mistral
4184,43,-91,1,1,1,,,text,Mistral
4185,43,-89,1,1,1,,,text,Mistral
4186,43,-87,1,0,1,,,text,Mistral
4187,43,-85,1,1,1,,,text,Mistral
4188,43,-83,1,1,1,,,text,Mistral
4189,43,-81,1,1,1,,,text,Mistral
4190,43,-79,1,1,1,,,text,Mistral
4191,43,-77,1,1,1,,,text,Mistral
4192,43,-75,1,1,1,,,text,Mistral
4193,43,-73,1,1,1,,,text,Mistral
4194,43,-71,1,1,1,,,text,Mistral
4195,43,-69,0,0,1,,,text,Mistral
4196,43,-67,0,0,1,,,text,Mistral
4197,43,-65,0,0,1,,,text,Mistral
4198,43,-63,0,0,1,,,text,Mistral
4199,43,-61,0,0,1,,,text,Mistral
4200,43,-59,0,0,1,,,text,Mistral
4201,43,-57,0,0,1,,,text,Mistral
4202,43,-55,0,0,1,,,text,Mistral
4203,43,-53,0,0,1,,,text,Mistral
4204,43,-51,0,0,1,,,text,Mistral
4205,43,-49,0,0,1,,,text,Mistral
4206,43,-47,0,0,1,,,text,Mistral
4207,43,-45,0,0,1,,,text,Mistral
4208,43,-43,0,0,1,,,text,Mistral
4209,43,-41,0,0,1,,,text,Mistral
4210,43,-39,0,0,1,,,text,Mistral
4211,43,-37,0,0,1,,,text,Mistral
4212,43,-35,0,0,1,,,text,Mistral
4213,43,-33,0,0,1,,,text,Mistral
4214,43,-31,0,0,1,,,text,Mistral
4215,43,-29,0,0,1,,,text,Mistral
4216,43,-27,0,0,1,,,text,Mistral
4217,43,-25,0,0,1,,,text,Mistral
4218,43,-23,0,0,1,,,text,Mistral
4219,43,-21,0,0,1,,,text,Mistral
4220,43,-19,0,0,1,,,text,Mistral
4221,43,-17,0,0,1,,,text,Mistral
4222,43,-15,0,0,1,,,text,Mistral
4223,43,-13,0,0,1,,,text,Mistral
4224,43,-11,0,0,1,,,text,Mistral
4225,43,-9,1,1,1,,,text,Mistral
4226,43,-7,1,1,1,,,text,Mistral
4227,43,-5,1,1,1,,,text,Mistral
4228,43,-3,1,1,1,,,text,Mistral
4229,43,-1,1,1,1,,,text,Mistral
4230,43,1,1,1,1,,,text,Mistral
4231,43,3,1,1,1,,,text,Mistral
4232,43,5,0,0,1,,,text,Mistral
4233,43,7,0,0,1,,,text,Mistral
4234,43,9,0,0,1,,,text,Mistral
4235,43,11,1,1,1,,,text,Mistral
4236,43,13,1,1,1,,,text,Mistral
4237,43,15,0,0,1,,,text,Mistral
4238,43,17,0,0,1,,,text,Mistral
4239,43,19,1,1,1,,,text,Mistral
4240,43,21,1,1,1,,,text,Mistral
4241,43,23,1,1,1,,,text,Mistral
4242,43,25,1,1,1,,,text,Mistral
4243,43,27,1,1,1,,,text,Mistral
4244,43,29,0,0,1,,,text,Mistral
4245,43,31,0,0,1,,,text,Mistral
4246,43,33,0,0,1,,,text,Mistral
4247,43,35,0,0,1,,,text,Mistral
4248,43,37,0,0,1,,,text,Mistral
4249,43,39,0,0,1,,,text,Mistral
4250,43,41,1,1,1,,,text,Mistral
4251,43,43,1,1,1,,,text,Mistral
4252,43,45,1,1,1,,,text,Mistral
4253,43,47,1,1,1,,,text,Mistral
4254,43,49,1,0,1,,,text,Mistral
4255,43,51,1,0,1,,,text,Mistral
4256,43,53,1,1,1,,,text,Mistral
4257,43,55,1,1,1,,,text,Mistral
4258,43,57,1,1,1,,,text,Mistral
4259,43,59,1,1,1,,,text,Mistral
4260,43,61,1,1,1,,,text,Mistral
4261,43,63,1,1,1,,,text,Mistral
4262,43,65,1,1,1,,,text,Mistral
4263,43,67,1,1,1,,,text,Mistral
4264,43,69,1,1,1,,,text,Mistral
4265,43,71,1,1,1,,,text,Mistral
4266,43,73,1,1,1,,,text,Mistral
4267,43,75,1,1,1,,,text,Mistral
4268,43,77,1,1,1,,,text,Mistral
4269,43,79,1,1,1,,,text,Mistral
4270,43,81,1,1,1,,,text,Mistral
4271,43,83,1,1,1,,,text,Mistral
4272,43,85,1,1,1,,,text,Mistral
4273,43,87,1,1,1,,,text,Mistral
4274,43,89,1,1,1,,,text,Mistral
4275,43,91,1,1,1,,,text,Mistral
4276,43,93,1,1,1,,,text,Mistral
4277,43,95,1,1,1,,,text,Mistral
4278,43,97,1,1,1,,,text,Mistral
4279,43,99,1,1,1,,,text,Mistral
4280,43,101,1,1,1,,,text,Mistral
4281,43,103,1,1,1,,,text,Mistral
4282,43,105,1,1,1,,,text,Mistral
4283,43,107,1,1,1,,,text,Mistral
4284,43,109,1,1,1,,,text,Mistral
4285,43,111,1,1,1,,,text,Mistral
4286,43,113,1,1,1,,,text,Mistral
4287,43,115,1,1,1,,,text,Mistral
4288,43,117,1,1,1,,,text,Mistral
4289,43,119,1,1,1,,,text,Mistral
4290,43,121,1,1,1,,,text,Mistral
4291,43,123,1,1,1,,,text,Mistral
4292,43,125,1,1,1,,,text,Mistral
4293,43,127,1,1,1,,,text,Mistral
4294,43,129,1,1,1,,,text,Mistral
4295,43,131,1,1,1,,,text,Mistral
4296,43,133,1,1,1,,,text,Mistral
4297,43,135,0,0,1,,,text,Mistral
4298,43,137,0,0,1,,,text,Mistral
4299,43,139,0,0,1,,,text,Mistral
4300,43,141,1,1,1,,,text,Mistral
4301,43,143,1,1,1,,,text,Mistral
4302,43,145,1,1,1,,,text,Mistral
4303,43,147,0,0,1,,,text,Mistral
4304,43,149,0,0,1,,,text,Mistral
4305,43,151,0,0,1,,,text,Mistral
4306,43,153,0,0,1,,,text,Mistral
4307,43,155,0,0,1,,,text,Mistral
4308,43,157,0,0,1,,,text,Mistral
4309,43,159,0,0,1,,,text,Mistral
4310,43,161,0,0,1,,,text,Mistral
4311,43,163,0,0,1,,,text,Mistral
4312,43,165,0,0,1,,,text,Mistral
4313,43,167,0,0,1,,,text,Mistral
4314,43,169,0,0,1,,,text,Mistral
4315,43,171,0,0,1,,,text,Mistral
4316,43,173,0,0,1,,,text,Mistral
4317,43,175,0,0,1,,,text,Mistral
4318,43,177,0,0,1,,,text,Mistral
4319,43,179,0,0,1,,,text,Mistral
4320,41,-179,0,0,1,,,text,Mistral
4321,41,-177,0,0,1,,,text,Mistral
4322,41,-175,0,0,1,,,text,Mistral
4323,41,-173,0,0,1,,,text,Mistral
4324,41,-171,0,0,1,,,text,Mistral
4325,41,-169,0,0,1,,,text,Mistral
4326,41,-167,0,0,1,,,text,Mistral
4327,41,-165,0,0,1,,,text,Mistral
4328,41,-163,0,0,1,,,text,Mistral
4329,41,-161,0,0,1,,,text,Mistral
4330,41,-159,0,0,1,,,text,Mistral
4331,41,-157,0,0,1,,,text,Mistral
4332,41,-155,0,0,1,,,text,Mistral
4333,41,-153,0,0,1,,,text,Mistral
4334,41,-151,0,0,1,,,text,Mistral
4335,41,-149,0,0,1,,,text,Mistral
4336,41,-147,0,0,1,,,text,Mistral
4337,41,-145,0,0,1,,,text,Mistral
4338,41,-143,0,0,1,,,text,Mistral
4339,41,-141,0,0,1,,,text,Mistral
4340,41,-139,0,0,1,,,text,Mistral
4341,41,-137,0,0,1,,,text,Mistral
4342,41,-135,0,0,1,,,text,Mistral
4343,41,-133,0,0,1,,,text,Mistral
4344,41,-131,0,0,1,,,text,Mistral
4345,41,-129,0,0,1,,,text,Mistral
4346,41,-127,0,0,1,,,text,Mistral
4347,41,-125,0,0,1,,,text,Mistral
4348,41,-123,1,1,1,,,text,Mistral
4349,41,-121,1,1,1,,,text,Mistral
4350,41,-119,1,1,1,,,text,Mistral
4351,41,-117,1,1,1,,,text,Mistral
4352,41,-115,1,1,1,,,text,Mistral
4353,41,-113,1,1,1,,,text,Mistral
4354,41,-111,1,1,1,,,text,Mistral
4355,41,-109,1,1,1,,,text,Mistral
4356,41,-107,1,1,1,,,text,Mistral
4357,41,-105,1,1,1,,,text,Mistral
4358,41,-103,1,1,1,,,text,Mistral
4359,41,-101,1,1,1,,,text,Mistral
4360,41,-99,1,1,1,,,text,Mistral
4361,41,-97,1,1,1,,,text,Mistral
4362,41,-95,1,1,1,,,text,Mistral
4363,41,-93,1,1,1,,,text,Mistral
4364,41,-91,1,1,1,,,text,Mistral
4365,41,-89,1,1,1,,,text,Mistral
4366,41,-87,1,1,1,,,text,Mistral
4367,41,-85,1,1,1,,,text,Mistral
4368,41,-83,1,1,1,,,text,Mistral
4369,41,-81,1,1,1,,,text,Mistral
4370,41,-79,1,1,1,,,text,Mistral
4371,41,-77,1,1,1,,,text,Mistral
4372,41,-75,1,1,1,,,text,Mistral
4373,41,-73,0,0,1,,,text,Mistral
4374,41,-71,0,0,1,,,text,Mistral
4375,41,-69,0,0,1,,,text,Mistral
4376,41,-67,0,0,1,,,text,Mistral
4377,41,-65,0,0,1,,,text,Mistral
4378,41,-63,0,0,1,,,text,Mistral
4379,41,-61,0,0,1,,,text,Mistral
4380,41,-59,0,0,1,,,text,Mistral
4381,41,-57,0,0,1,,,text,Mistral
4382,41,-55,0,0,1,,,text,Mistral
4383,41,-53,0,0,1,,,text,Mistral
4384,41,-51,0,0,1,,,text,Mistral
4385,41,-49,0,0,1,,,text,Mistral
4386,41,-47,0,0,1,,,text,Mistral
4387,41,-45,0,0,1,,,text,Mistral
4388,41,-43,0,0,1,,,text,Mistral
4389,41,-41,0,0,1,,,text,Mistral
4390,41,-39,0,0,1,,,text,Mistral
4391,41,-37,0,0,1,,,text,Mistral
4392,41,-35,0,0,1,,,text,Mistral
4393,41,-33,0,0,1,,,text,Mistral
4394,41,-31,0,0,1,,,text,Mistral
4395,41,-29,0,0,1,,,text,Mistral
4396,41,-27,0,0,1,,,text,Mistral
4397,41,-25,0,0,1,,,text,Mistral
4398,41,-23,0,0,1,,,text,Mistral
4399,41,-21,0,0,1,,,text,Mistral
4400,41,-19,0,0,1,,,text,Mistral
4401,41,-17,0,0,1,,,text,Mistral
4402,41,-15,0,0,1,,,text,Mistral
4403,41,-13,0,0,1,,,text,Mistral
4404,41,-11,0,0,1,,,text,Mistral
4405,41,-9,0,0,1,,,text,Mistral
4406,41,-7,1,1,1,,,text,Mistral
4407,41,-5,1,1,1,,,text,Mistral
4408,41,-3,1,1,1,,,text,Mistral
4409,41,-1,1,1,1,,,text,Mistral
4410,41,1,0,0,1,,,text,Mistral
4411,41,3,0,0,1,,,text,Mistral
4412,41,5,0,0,1,,,text,Mistral
4413,41,7,0,0,1,,,text,Mistral
4414,41,9,1,1,1,,,text,Mistral
4415,41,11,0,0,1,,,text,Mistral
4416,41,13,0,0,1,,,text,Mistral
4417,41,15,1,1,1,,,text,Mistral
4418,41,17,1,1,1,,,text,Mistral
4419,41,19,0,0,1,,,text,Mistral
4420,41,21,1,0,1,,,text,Mistral
4421,41,23,1,1,1,,,text,Mistral
4422,41,25,1,1,1,,,text,Mistral
4423,41,27,1,1,1,,,text,Mistral
4424,41,29,0,0,1,,,text,Mistral
4425,41,31,1,1,1,,,text,Mistral
4426,41,33,1,1,1,,,text,Mistral
4427,41,35,1,1,1,,,text,Mistral
4428,41,37,1,1,1,,,text,Mistral
4429,41,39,1,1,1,,,text,Mistral
4430,41,41,1,1,1,,,text,Mistral
4431,41,43,1,1,1,,,text,Mistral
4432,41,45,1,1,1,,,text,Mistral
4433,41,47,1,1,1,,,text,Mistral
4434,41,49,1,1,1,,,text,Mistral
4435,41,51,1,0,1,,,text,Mistral
4436,41,53,1,1,1,,,text,Mistral
4437,41,55,1,1,1,,,text,Mistral
4438,41,57,1,1,1,,,text,Mistral
4439,41,59,1,1,1,,,text,Mistral
4440,41,61,1,1,1,,,text,Mistral
4441,41,63,1,1,1,,,text,Mistral
4442,41,65,1,1,1,,,text,Mistral
4443,41,67,1,1,1,,,text,Mistral
4444,41,69,1,1,1,,,text,Mistral
4445,41,71,1,1,1,,,text,Mistral
4446,41,73,1,1,1,,,text,Mistral
4447,41,75,1,1,1,,,text,Mistral
4448,41,77,1,1,1,,,text,Mistral
4449,41,79,1,1,1,,,text,Mistral
4450,41,81,1,1,1,,,text,Mistral
4451,41,83,1,1,1,,,text,Mistral
4452,41,85,1,1,1,,,text,Mistral
4453,41,87,1,1,1,,,text,Mistral
4454,41,89,1,1,1,,,text,Mistral
4455,41,91,1,1,1,,,text,Mistral
4456,41,93,1,1,1,,,text,Mistral
4457,41,95,1,1,1,,,text,Mistral
4458,41,97,1,1,1,,,text,Mistral
4459,41,99,1,1,1,,,text,Mistral
4460,41,101,1,1,1,,,text,Mistral
4461,41,103,1,1,1,,,text,Mistral
4462,41,105,1,1,1,,,text,Mistral
4463,41,107,1,1,1,,,text,Mistral
4464,41,109,1,1,1,,,text,Mistral
4465,41,111,1,1,1,,,text,Mistral
4466,41,113,1,1,1,,,text,Mistral
4467,41,115,1,1,1,,,text,Mistral
4468,41,117,1,1,1,,,text,Mistral
4469,41,119,1,1,1,,,text,Mistral
4470,41,121,1,1,1,,,text,Mistral
4471,41,123,1,1,1,,,text,Mistral
4472,41,125,1,1,1,,,text,Mistral
4473,41,127,1,1,1,,,text,Mistral
4474,41,129,1,1,1,,,text,Mistral
4475,41,131,0,0,1,,,text,Mistral
4476,41,133,0,0,1,,,text,Mistral
4477,41,135,0,0,1,,,text,Mistral
4478,41,137,0,0,1,,,text,Mistral
4479,41,139,0,0,1,,,text,Mistral
4480,41,141,0,0,1,,,text,Mistral
4481,41,143,0,0,1,,,text,Mistral
4482,41,145,0,0,1,,,text,Mistral
4483,41,147,0,0,1,,,text,Mistral
4484,41,149,0,0,1,,,text,Mistral
4485,41,151,0,0,1,,,text,Mistral
4486,41,153,0,0,1,,,text,Mistral
4487,41,155,0,0,1,,,text,Mistral
4488,41,157,0,0,1,,,text,Mistral
4489,41,159,0,0,1,,,text,Mistral
4490,41,161,0,0,1,,,text,Mistral
4491,41,163,0,0,1,,,text,Mistral
4492,41,165,0,0,1,,,text,Mistral
4493,41,167,0,0,1,,,text,Mistral
4494,41,169,0,0,1,,,text,Mistral
4495,41,171,0,0,1,,,text,Mistral
4496,41,173,0,0,1,,,text,Mistral
4497,41,175,0,0,1,,,text,Mistral
4498,41,177,0,0,1,,,text,Mistral
4499,41,179,0,0,1,,,text,Mistral
4500,39,-179,0,0,1,,,text,Mistral
4501,39,-177,0,0,1,,,text,Mistral
4502,39,-175,0,0,1,,,text,Mistral
4503,39,-173,0,0,1,,,text,Mistral
4504,39,-171,0,0,1,,,text,Mistral
4505,39,-169,0,0,1,,,text,Mistral
4506,39,-167,0,0,1,,,text,Mistral
4507,39,-165,0,0,1,,,text,Mistral
4508,39,-163,0,0,1,,,text,Mistral
4509,39,-161,0,0,1,,,text,Mistral
4510,39,-159,0,0,1,,,text,Mistral
4511,39,-157,0,0,1,,,text,Mistral
4512,39,-155,0,0,1,,,text,Mistral
4513,39,-153,0,0,1,,,text,Mistral
4514,39,-151,0,0,1,,,text,Mistral
4515,39,-149,0,0,1,,,text,Mistral
4516,39,-147,0,0,1,,,text,Mistral
4517,39,-145,0,0,1,,,text,Mistral
4518,39,-143,0,0,1,,,text,Mistral
4519,39,-141,0,0,1,,,text,Mistral
4520,39,-139,0,0,1,,,text,Mistral
4521,39,-137,0,0,1,,,text,Mistral
4522,39,-135,0,0,1,,,text,Mistral
4523,39,-133,0,0,1,,,text,Mistral
4524,39,-131,0,0,1,,,text,Mistral
4525,39,-129,0,0,1,,,text,Mistral
4526,39,-127,0,0,1,,,text,Mistral
4527,39,-125,0,0,1,,,text,Mistral
4528,39,-123,1,1,1,,,text,Mistral
4529,39,-121,1,1,1,,,text,Mistral
4530,39,-119,1,1,1,,,text,Mistral
4531,39,-117,1,1,1,,,text,Mistral
4532,39,-115,1,1,1,,,text,Mistral
4533,39,-113,1,1,1,,,text,Mistral
4534,39,-111,1,1,1,,,text,Mistral
4535,39,-109,1,1,1,,,text,Mistral
4536,39,-107,1,1,1,,,text,Mistral
4537,39,-105,1,1,1,,,text,Mistral
4538,39,-103,1,1,1,,,text,Mistral
4539,39,-101,1,1,1,,,text,Mistral
4540,39,-99,1,1,1,,,text,Mistral
4541,39,-97,1,1,1,,,text,Mistral
4542,39,-95,1,1,1,,,text,Mistral
4543,39,-93,1,1,1,,,text,Mistral
4544,39,-91,1,1,1,,,text,Mistral
4545,39,-89,1,1,1,,,text,Mistral
4546,39,-87,1,1,1,,,text,Mistral
4547,39,-85,1,1,1,,,text,Mistral
4548,39,-83,1,1,1,,,text,Mistral
4549,39,-81,1,1,1,,,text,Mistral
4550,39,-79,1,1,1,,,text,Mistral
4551,39,-77,1,1,1,,,text,Mistral
4552,39,-75,0,0,1,,,text,Mistral
4553,39,-73,0,0,1,,,text,Mistral
4554,39,-71,0,0,1,,,text,Mistral
4555,39,-69,0,0,1,,,text,Mistral
4556,39,-67,0,0,1,,,text,Mistral
4557,39,-65,0,0,1,,,text,Mistral
4558,39,-63,0,0,1,,,text,Mistral
4559,39,-61,0,0,1,,,text,Mistral
4560,39,-59,0,0,1,,,text,Mistral
4561,39,-57,0,0,1,,,text,Mistral
4562,39,-55,0,0,1,,,text,Mistral
4563,39,-53,0,0,1,,,text,Mistral
4564,39,-51,0,0,1,,,text,Mistral
4565,39,-49,0,0,1,,,text,Mistral
4566,39,-47,0,0,1,,,text,Mistral
4567,39,-45,0,0,1,,,text,Mistral
4568,39,-43,0,0,1,,,text,Mistral
4569,39,-41,0,0,1,,,text,Mistral
4570,39,-39,0,0,1,,,text,Mistral
4571,39,-37,0,0,1,,,text,Mistral
4572,39,-35,0,0,1,,,text,Mistral
4573,39,-33,0,0,1,,,text,Mistral
4574,39,-31,0,0,1,,,text,Mistral
4575,39,-29,0,0,1,,,text,Mistral
4576,39,-27,0,0,1,,,text,Mistral
4577,39,-25,0,0,1,,,text,Mistral
4578,39,-23,0,0,1,,,text,Mistral
4579,39,-21,0,0,1,,,text,Mistral
4580,39,-19,0,0,1,,,text,Mistral
4581,39,-17,0,0,1,,,text,Mistral
4582,39,-15,0,0,1,,,text,Mistral
4583,39,-13,0,0,1,,,text,Mistral
4584,39,-11,0,0,1,,,text,Mistral
4585,39,-9,1,1,1,,,text,Mistral
4586,39,-7,1,1,1,,,text,Mistral
4587,39,-5,1,1,1,,,text,Mistral
4588,39,-3,1,1,1,,,text,Mistral
4589,39,-1,1,1,1,,,text,Mistral
4590,39,1,0,0,1,,,text,Mistral
4591,39,3,0,0,1,,,text,Mistral
4592,39,5,0,0,1,,,text,Mistral
4593,39,7,0,0,1,,,text,Mistral
4594,39,9,1,1,1,,,text,Mistral
4595,39,11,0,0,1,,,text,Mistral
4596,39,13,0,0,1,,,text,Mistral
4597,39,15,0,0,1,,,text,Mistral
4598,39,17,1,1,1,,,text,Mistral
4599,39,19,0,0,1,,,text,Mistral
4600,39,21,0,0,1,,,text,Mistral
4601,39,23,1,1,1,,,text,Mistral
4602,39,25,0,0,1,,,text,Mistral
4603,39,27,1,1,1,,,text,Mistral
4604,39,29,1,1,1,,,text,Mistral
4605,39,31,1,1,1,,,text,Mistral
4606,39,33,1,1,1,,,text,Mistral
4607,39,35,1,1,1,,,text,Mistral
4608,39,37,1,1,1,,,text,Mistral
4609,39,39,1,1,1,,,text,Mistral
4610,39,41,1,1,1,,,text,Mistral
4611,39,43,1,1,1,,,text,Mistral
4612,39,45,1,1,1,,,text,Mistral
4613,39,47,1,1,1,,,text,Mistral
4614,39,49,1,0,1,,,text,Mistral
4615,39,51,1,0,1,,,text,Mistral
4616,39,53,1,0,1,,,text,Mistral
4617,39,55,1,1,1,,,text,Mistral
4618,39,57,1,1,1,,,text,Mistral
4619,39,59,1,1,1,,,text,Mistral
4620,39,61,1,1,1,,,text,Mistral
4621,39,63,1,1,1,,,text,Mistral
4622,39,65,1,1,1,,,text,Mistral
4623,39,67,1,1,1,,,text,Mistral
4624,39,69,1,1,1,,,text,Mistral
4625,39,71,1,1,1,,,text,Mistral
4626,39,73,1,1,1,,,text,Mistral
4627,39,75,1,1,1,,,text,Mistral
4628,39,77,1,1,1,,,text,Mistral
4629,39,79,1,1,1,,,text,Mistral
4630,39,81,1,1,1,,,text,Mistral
4631,39,83,1,1,1,,,text,Mistral
4632,39,85,1,1,1,,,text,Mistral
4633,39,87,1,1,1,,,text,Mistral
4634,39,89,1,1,1,,,text,Mistral
4635,39,91,1,1,1,,,text,Mistral
4636,39,93,1,1,1,,,text,Mistral
4637,39,95,1,1,1,,,text,Mistral
4638,39,97,1,1,1,,,text,Mistral
4639,39,99,1,1,1,,,text,Mistral
4640,39,101,1,1,1,,,text,Mistral
4641,39,103,1,1,1,,,text,Mistral
4642,39,105,1,1,1,,,text,Mistral
4643,39,107,1,1,1,,,text,Mistral
4644,39,109,1,1,1,,,text,Mistral
4645,39,111,1,1,1,,,text,Mistral
4646,39,113,1,1,1,,,text,Mistral
4647,39,115,1,1,1,,,text,Mistral
4648,39,117,1,1,1,,,text,Mistral
4649,39,119,0,0,1,,,text,Mistral
4650,39,121,0,0,1,,,text,Mistral
4651,39,123,0,0,1,,,text,Mistral
4652,39,125,0,0,1,,,text,Mistral
4653,39,127,1,1,1,,,text,Mistral
4654,39,129,0,0,1,,,text,Mistral
4655,39,131,0,0,1,,,text,Mistral
4656,39,133,0,0,1,,,text,Mistral
4657,39,135,0,0,1,,,text,Mistral
4658,39,137,0,0,1,,,text,Mistral
4659,39,139,0,0,1,,,text,Mistral
4660,39,141,1,1,1,,,text,Mistral
4661,39,143,0,0,1,,,text,Mistral
4662,39,145,0,0,1,,,text,Mistral
4663,39,147,0,0,1,,,text,Mistral
4664,39,149,0,0,1,,,text,Mistral
4665,39,151,0,0,1,,,text,Mistral
4666,39,153,0,0,1,,,text,Mistral
4667,39,155,0,0,1,,,text,Mistral
4668,39,157,0,0,1,,,text,Mistral
4669,39,159,0,0,1,,,text,Mistral
4670,39,161,0,0,1,,,text,Mistral
4671,39,163,0,0,1,,,text,Mistral
4672,39,165,0,0,1,,,text,Mistral
4673,39,167,0,0,1,,,text,Mistral
4674,39,169,0,0,1,,,text,Mistral
4675,39,171,0,0,1,,,text,Mistral
4676,39,173,0,0,1,,,text,Mistral
4677,39,175,0,0,1,,,text,Mistral
4678,39,177,0,0,1,,,text,Mistral
4679,39,179,0,0,1,,,text,Mistral
4680,37,-179,0,0,1,,,text,Mistral
4681,37,-177,0,0,1,,,text,Mistral
4682,37,-175,0,0,1,,,text,Mistral
4683,37,-173,0,0,1,,,text,Mistral
4684,37,-171,0,0,1,,,text,Mistral
4685,37,-169,0,0,1,,,text,Mistral
4686,37,-167,0,0,1,,,text,Mistral
4687,37,-165,0,0,1,,,text,Mistral
4688,37,-163,0,0,1,,,text,Mistral
4689,37,-161,0,0,1,,,text,Mistral
4690,37,-159,0,0,1,,,text,Mistral
4691,37,-157,0,0,1,,,text,Mistral
4692,37,-155,0,0,1,,,text,Mistral
4693,37,-153,0,0,1,,,text,Mistral
4694,37,-151,0,0,1,,,text,Mistral
4695,37,-149,0,0,1,,,text,Mistral
4696,37,-147,0,0,1,,,text,Mistral
4697,37,-145,0,0,1,,,text,Mistral
4698,37,-143,0,0,1,,,text,Mistral
4699,37,-141,0,0,1,,,text,Mistral
4700,37,-139,0,0,1,,,text,Mistral
4701,37,-137,0,0,1,,,text,Mistral
4702,37,-135,0,0,1,,,text,Mistral
4703,37,-133,0,0,1,,,text,Mistral
4704,37,-131,0,0,1,,,text,Mistral
4705,37,-129,0,0,1,,,text,Mistral
4706,37,-127,0,0,1,,,text,Mistral
4707,37,-125,0,0,1,,,text,Mistral
4708,37,-123,0,0,1,,,text,Mistral
4709,37,-121,1,1,1,,,text,Mistral
4710,37,-119,1,1,1,,,text,Mistral
4711,37,-117,1,1,1,,,text,Mistral
4712,37,-115,1,1,1,,,text,Mistral
4713,37,-113,1,1,1,,,text,Mistral
4714,37,-111,1,1,1,,,text,Mistral
4715,37,-109,1,1,1,,,text,Mistral
4716,37,-107,1,1,1,,,text,Mistral
4717,37,-105,1,1,1,,,text,Mistral
4718,37,-103,1,1,1,,,text,Mistral
4719,37,-101,1,1,1,,,text,Mistral
4720,37,-99,1,1,1,,,text,Mistral
4721,37,-97,1,1,1,,,text,Mistral
4722,37,-95,1,1,1,,,text,Mistral
4723,37,-93,1,1,1,,,text,Mistral
4724,37,-91,1,1,1,,,text,Mistral
4725,37,-89,1,1,1,,,text,Mistral
4726,37,-87,1,1,1,,,text,Mistral
4727,37,-85,1,1,1,,,text,Mistral
4728,37,-83,1,1,1,,,text,Mistral
4729,37,-81,1,1,1,,,text,Mistral
4730,37,-79,1,1,1,,,text,Mistral
4731,37,-77,1,1,1,,,text,Mistral
4732,37,-75,0,0,1,,,text,Mistral
4733,37,-73,0,0,1,,,text,Mistral
4734,37,-71,0,0,1,,,text,Mistral
4735,37,-69,0,0,1,,,text,Mistral
4736,37,-67,0,0,1,,,text,Mistral
4737,37,-65,0,0,1,,,text,Mistral
4738,37,-63,0,0,1,,,text,Mistral
4739,37,-61,0,0,1,,,text,Mistral
4740,37,-59,0,0,1,,,text,Mistral
4741,37,-57,0,0,1,,,text,Mistral
4742,37,-55,0,0,1,,,text,Mistral
4743,37,-53,0,0,1,,,text,Mistral
4744,37,-51,0,0,1,,,text,Mistral
4745,37,-49,0,0,1,,,text,Mistral
4746,37,-47,0,0,1,,,text,Mistral
4747,37,-45,0,0,1,,,text,Mistral
4748,37,-43,0,0,1,,,text,Mistral
4749,37,-41,0,0,1,,,text,Mistral
4750,37,-39,0,0,1,,,text,Mistral
4751,37,-37,0,0,1,,,text,Mistral
4752,37,-35,0,0,1,,,text,Mistral
4753,37,-33,0,0,1,,,text,Mistral
4754,37,-31,0,0,1,,,text,Mistral
4755,37,-29,0,0,1,,,text,Mistral
4756,37,-27,0,0,1,,,text,Mistral
4757,37,-25,0,0,1,,,text,Mistral
4758,37,-23,0,0,1,,,text,Mistral
4759,37,-21,0,0,1,,,text,Mistral
4760,37,-19,0,0,1,,,text,Mistral
4761,37,-17,0,0,1,,,text,Mistral
4762,37,-15,0,0,1,,,text,Mistral
4763,37,-13,0,0,1,,,text,Mistral
4764,37,-11,0,0,1,,,text,Mistral
4765,37,-9,0,0,1,,,text,Mistral
4766,37,-7,0,0,1,,,text,Mistral
4767,37,-5,1,1,1,,,text,Mistral
4768,37,-3,1,1,1,,,text,Mistral
4769,37,-1,0,0,1,,,text,Mistral
4770,37,1,0,0,1,,,text,Mistral
4771,37,3,0,0,1,,,text,Mistral
4772,37,5,0,0,1,,,text,Mistral
4773,37,7,0,0,1,,,text,Mistral
4774,37,9,1,1,1,,,text,Mistral
4775,37,11,1,1,1,,,text,Mistral
4776,37,13,0,0,1,,,text,Mistral
4777,37,15,1,1,1,,,text,Mistral
4778,37,17,0,0,1,,,text,Mistral
4779,37,19,0,0,1,,,text,Mistral
4780,37,21,0,0,1,,,text,Mistral
4781,37,23,1,1,1,,,text,Mistral
4782,37,25,0,0,1,,,text,Mistral
4783,37,27,1,1,1,,,text,Mistral
4784,37,29,1,1,1,,,text,Mistral
4785,37,31,1,1,1,,,text,Mistral
4786,37,33,1,1,1,,,text,Mistral
4787,37,35,1,1,1,,,text,Mistral
4788,37,37,1,1,1,,,text,Mistral
4789,37,39,1,1,1,,,text,Mistral
4790,37,41,1,1,1,,,text,Mistral
4791,37,43,1,1,1,,,text,Mistral
4792,37,45,1,1,1,,,text,Mistral
4793,37,47,1,1,1,,,text,Mistral
4794,37,49,1,1,1,,,text,Mistral
4795,37,51,1,0,1,,,text,Mistral
4796,37,53,1,0,1,,,text,Mistral
4797,37,55,1,1,1,,,text,Mistral
4798,37,57,1,1,1,,,text,Mistral
4799,37,59,1,1,1,,,text,Mistral
4800,37,61,1,1,1,,,text,Mistral
4801,37,63,1,1,1,,,text,Mistral
4802,37,65,1,1,1,,,text,Mistral
4803,37,67,1,1,1,,,text,Mistral
4804,37,69,1,1,1,,,text,Mistral
4805,37,71,1,1,1,,,text,Mistral
4806,37,73,1,1,1,,,text,Mistral
4807,37,75,1,1,1,,,text,Mistral
4808,37,77,1,1,1,,,text,Mistral
4809,37,79,1,1,1,,,text,Mistral
4810,37,81,1,1,1,,,text,Mistral
4811,37,83,1,1,1,,,text,Mistral
4812,37,85,1,1,1,,,text,Mistral
4813,37,87,1,1,1,,,text,Mistral
4814,37,89,1,1,1,,,text,Mistral
4815,37,91,1,1,1,,,text,Mistral
4816,37,93,1,1,1,,,text,Mistral
4817,37,95,1,1,1,,,text,Mistral
4818,37,97,1,1,1,,,text,Mistral
4819,37,99,1,1,1,,,text,Mistral
4820,37,101,1,1,1,,,text,Mistral
4821,37,103,1,1,1,,,text,Mistral
4822,37,105,1,1,1,,,text,Mistral
4823,37,107,1,1,1,,,text,Mistral
4824,37,109,1,1,1,,,text,Mistral
4825,37,111,1,1,1,,,text,Mistral
4826,37,113,1,1,1,,,text,Mistral
4827,37,115,1,1,1,,,text,Mistral
4828,37,117,1,1,1,,,text,Mistral
4829,37,119,1,1,1,,,text,Mistral
4830,37,121,1,1,1,,,text,Mistral
4831,37,123,0,0,1,,,text,Mistral
4832,37,125,0,0,1,,,text,Mistral
4833,37,127,1,1,1,,,text,Mistral
4834,37,129,1,1,1,,,text,Mistral
4835,37,131,0,0,1,,,text,Mistral
4836,37,133,0,0,1,,,text,Mistral
4837,37,135,0,0,1,,,text,Mistral
4838,37,137,1,1,1,,,text,Mistral
4839,37,139,1,1,1,,,text,Mistral
4840,37,141,0,0,1,,,text,Mistral
4841,37,143,0,0,1,,,text,Mistral
4842,37,145,0,0,1,,,text,Mistral
4843,37,147,0,0,1,,,text,Mistral
4844,37,149,0,0,1,,,text,Mistral
4845,37,151,0,0,1,,,text,Mistral
4846,37,153,0,0,1,,,text,Mistral
4847,37,155,0,0,1,,,text,Mistral
4848,37,157,0,0,1,,,text,Mistral
4849,37,159,0,0,1,,,text,Mistral
4850,37,161,0,0,1,,,text,Mistral
4851,37,163,0,0,1,,,text,Mistral
4852,37,165,0,0,1,,,text,Mistral
4853,37,167,0,0,1,,,text,Mistral
4854,37,169,0,0,1,,,text,Mistral
4855,37,171,0,0,1,,,text,Mistral
4856,37,173,0,0,1,,,text,Mistral
4857,37,175,0,0,1,,,text,Mistral
4858,37,177,0,0,1,,,text,Mistral
4859,37,179,0,0,1,,,text,Mistral
4860,35,-179,0,0,1,,,text,Mistral
4861,35,-177,0,0,1,,,text,Mistral
4862,35,-175,0,0,1,,,text,Mistral
4863,35,-173,0,0,1,,,text,Mistral
4864,35,-171,0,0,1,,,text,Mistral
4865,35,-169,0,0,1,,,text,Mistral
4866,35,-167,0,0,1,,,text,Mistral
4867,35,-165,0,0,1,,,text,Mistral
4868,35,-163,0,0,1,,,text,Mistral
4869,35,-161,0,0,1,,,text,Mistral
4870,35,-159,0,0,1,,,text,Mistral
4871,35,-157,0,0,1,,,text,Mistral
4872,35,-155,0,0,1,,,text,Mistral
4873,35,-153,0,0,1,,,text,Mistral
4874,35,-151,0,0,1,,,text,Mistral
4875,35,-149,0,0,1,,,text,Mistral
4876,35,-147,0,0,1,,,text,Mistral
4877,35,-145,0,0,1,,,text,Mistral
4878,35,-143,0,0,1,,,text,Mistral
4879,35,-141,0,0,1,,,text,Mistral
4880,35,-139,0,0,1,,,text,Mistral
4881,35,-137,0,0,1,,,text,Mistral
4882,35,-135,0,0,1,,,text,Mistral
4883,35,-133,0,0,1,,,text,Mistral
4884,35,-131,0,0,1,,,text,Mistral
4885,35,-129,0,0,1,,,text,Mistral
4886,35,-127,0,0,1,,,text,Mistral
4887,35,-125,0,0,1,,,text,Mistral
4888,35,-123,0,0,1,,,text,Mistral
4889,35,-121,0,0,1,,,text,Mistral
4890,35,-119,1,1,1,,,text,Mistral
4891,35,-117,1,1,1,,,text,Mistral
4892,35,-115,1,1,1,,,text,Mistral
4893,35,-113,1,1,1,,,text,Mistral
4894,35,-111,1,1,1,,,text,Mistral
4895,35,-109,1,1,1,,,text,Mistral
4896,35,-107,1,1,1,,,text,Mistral
4897,35,-105,1,1,1,,,text,Mistral
4898,35,-103,1,1,1,,,text,Mistral
4899,35,-101,1,1,1,,,text,Mistral
4900,35,-99,1,1,1,,,text,Mistral
4901,35,-97,1,1,1,,,text,Mistral
4902,35,-95,1,1,1,,,text,Mistral
4903,35,-93,1,1,1,,,text,Mistral
4904,35,-91,1,1,1,,,text,Mistral
4905,35,-89,1,1,1,,,text,Mistral
4906,35,-87,1,1,1,,,text,Mistral
4907,35,-85,1,1,1,,,text,Mistral
4908,35,-83,1,1,1,,,text,Mistral
4909,35,-81,1,1,1,,,text,Mistral
4910,35,-79,1,1,1,,,text,Mistral
4911,35,-77,1,1,1,,,text,Mistral
4912,35,-75,0,0,1,,,text,Mistral
4913,35,-73,0,0,1,,,text,Mistral
4914,35,-71,0,0,1,,,text,Mistral
4915,35,-69,0,0,1,,,text,Mistral
4916,35,-67,0,0,1,,,text,Mistral
4917,35,-65,0,0,1,,,text,Mistral
4918,35,-63,0,0,1,,,text,Mistral
4919,35,-61,0,0,1,,,text,Mistral
4920,35,-59,0,0,1,,,text,Mistral
4921,35,-57,0,0,1,,,text,Mistral
4922,35,-55,0,0,1,,,text,Mistral
4923,35,-53,0,0,1,,,text,Mistral
4924,35,-51,0,0,1,,,text,Mistral
4925,35,-49,0,0,1,,,text,Mistral
4926,35,-47,0,0,1,,,text,Mistral
4927,35,-45,0,0,1,,,text,Mistral
4928,35,-43,0,0,1,,,text,Mistral
4929,35,-41,0,0,1,,,text,Mistral
4930,35,-39,0,0,1,,,text,Mistral
4931,35,-37,0,0,1,,,text,Mistral
4932,35,-35,0,0,1,,,text,Mistral
4933,35,-33,0,0,1,,,text,Mistral
4934,35,-31,0,0,1,,,text,Mistral
4935,35,-29,0,0,1,,,text,Mistral
4936,35,-27,0,0,1,,,text,Mistral
4937,35,-25,0,0,1,,,text,Mistral
4938,35,-23,0,0,1,,,text,Mistral
4939,35,-21,0,0,1,,,text,Mistral
4940,35,-19,0,0,1,,,text,Mistral
4941,35,-17,0,0,1,,,text,Mistral
4942,35,-15,0,0,1,,,text,Mistral
4943,35,-13,0,0,1,,,text,Mistral
4944,35,-11,0,0,1,,,text,Mistral
4945,35,-9,0,0,1,,,text,Mistral
4946,35,-7,0,0,1,,,text,Mistral
4947,35,-5,1,1,1,,,text,Mistral
4948,35,-3,1,1,1,,,text,Mistral
4949,35,-1,1,1,1,,,text,Mistral
4950,35,1,1,1,1,,,text,Mistral
4951,35,3,1,1,1,,,text,Mistral
4952,35,5,1,1,1,,,text,Mistral
4953,35,7,1,1,1,,,text,Mistral
4954,35,9,1,1,1,,,text,Mistral
4955,35,11,0,0,1,,,text,Mistral
4956,35,13,0,0,1,,,text,Mistral
4957,35,15,0,0,1,,,text,Mistral
4958,35,17,0,0,1,,,text,Mistral
4959,35,19,0,0,1,,,text,Mistral
4960,35,21,0,0,1,,,text,Mistral
4961,35,23,0,0,1,,,text,Mistral
4962,35,25,1,1,1,,,text,Mistral
4963,35,27,0,0,1,,,text,Mistral
4964,35,29,0,0,1,,,text,Mistral
4965,35,31,0,0,1,,,text,Mistral
4966,35,33,1,1,1,,,text,Mistral
4967,35,35,0,0,1,,,text,Mistral
4968,35,37,1,1,1,,,text,Mistral
4969,35,39,1,1,1,,,text,Mistral
4970,35,41,1,1,1,,,text,Mistral
4971,35,43,1,1,1,,,text,Mistral
4972,35,45,1,1,1,,,text,Mistral
4973,35,47,1,1,1,,,text,Mistral
4974,35,49,1,1,1,,,text,Mistral
4975,35,51,1,1,1,,,text,Mistral
4976,35,53,1,1,1,,,text,Mistral
4977,35,55,1,1,1,,,text,Mistral
4978,35,57,1,1,1,,,text,Mistral
4979,35,59,1,1,1,,,text,Mistral
4980,35,61,1,1,1,,,text,Mistral
4981,35,63,1,1,1,,,text,Mistral
4982,35,65,1,1,1,,,text,Mistral
4983,35,67,1,1,1,,,text,Mistral
4984,35,69,1,1,1,,,text,Mistral
4985,35,71,1,1,1,,,text,Mistral
4986,35,73,1,1,1,,,text,Mistral
4987,35,75,1,1,1,,,text,Mistral
4988,35,77,1,1,1,,,text,Mistral
4989,35,79,1,1,1,,,text,Mistral
4990,35,81,1,0,1,,,text,Mistral
4991,35,83,1,1,1,,,text,Mistral
4992,35,85,1,1,1,,,text,Mistral
4993,35,87,1,1,1,,,text,Mistral
4994,35,89,1,1,1,,,text,Mistral
4995,35,91,1,1,1,,,text,Mistral
4996,35,93,1,1,1,,,text,Mistral
4997,35,95,1,1,1,,,text,Mistral
4998,35,97,1,1,1,,,text,Mistral
4999,35,99,1,1,1,,,text,Mistral
5000,35,101,1,1,1,,,text,Mistral
5001,35,103,1,1,1,,,text,Mistral
5002,35,105,1,1,1,,,text,Mistral
5003,35,107,1,1,1,,,text,Mistral
5004,35,109,1,1,1,,,text,Mistral
5005,35,111,1,1,1,,,text,Mistral
5006,35,113,1,1,1,,,text,Mistral
5007,35,115,1,1,1,,,text,Mistral
5008,35,117,1,1,1,,,text,Mistral
5009,35,119,1,1,1,,,text,Mistral
5010,35,121,0,0,1,,,text,Mistral
5011,35,123,0,0,1,,,text,Mistral
5012,35,125,0,0,1,,,text,Mistral
5013,35,127,1,1,1,,,text,Mistral
5014,35,129,0,0,1,,,text,Mistral
5015,35,131,0,0,1,,,text,Mistral
5016,35,133,1,1,1,,,text,Mistral
5017,35,135,1,1,1,,,text,Mistral
5018,35,137,1,1,1,,,text,Mistral
5019,35,139,1,1,1,,,text,Mistral
5020,35,141,0,0,1,,,text,Mistral
5021,35,143,0,0,1,,,text,Mistral
5022,35,145,0,0,1,,,text,Mistral
5023,35,147,0,0,1,,,text,Mistral
5024,35,149,0,0,1,,,text,Mistral
5025,35,151,0,0,1,,,text,Mistral
5026,35,153,0,0,1,,,text,Mistral
5027,35,155,0,0,1,,,text,Mistral
5028,35,157,0,0,1,,,text,Mistral
5029,35,159,0,0,1,,,text,Mistral
5030,35,161,0,0,1,,,text,Mistral
5031,35,163,0,0,1,,,text,Mistral
5032,35,165,0,0,1,,,text,Mistral
5033,35,167,0,0,1,,,text,Mistral
5034,35,169,0,0,1,,,text,Mistral
5035,35,171,0,0,1,,,text,Mistral
5036,35,173,0,0,1,,,text,Mistral
5037,35,175,0,0,1,,,text,Mistral
5038,35,177,0,0,1,,,text,Mistral
5039,35,179,0,0,1,,,text,Mistral
5040,33,-179,0,0,1,,,text,Mistral
5041,33,-177,0,0,1,,,text,Mistral
5042,33,-175,0,0,1,,,text,Mistral
5043,33,-173,0,0,1,,,text,Mistral
5044,33,-171,0,0,1,,,text,Mistral
5045,33,-169,0,0,1,,,text,Mistral
5046,33,-167,0,0,1,,,text,Mistral
5047,33,-165,0,0,1,,,text,Mistral
5048,33,-163,0,0,1,,,text,Mistral
5049,33,-161,0,0,1,,,text,Mistral
5050,33,-159,0,0,1,,,text,Mistral
5051,33,-157,0,0,1,,,text,Mistral
5052,33,-155,0,0,1,,,text,Mistral
5053,33,-153,0,0,1,,,text,Mistral
5054,33,-151,0,0,1,,,text,Mistral
5055,33,-149,0,0,1,,,text,Mistral
5056,33,-147,0,0,1,,,text,Mistral
5057,33,-145,0,0,1,,,text,Mistral
5058,33,-143,0,0,1,,,text,Mistral
5059,33,-141,0,0,1,,,text,Mistral
5060,33,-139,0,0,1,,,text,Mistral
5061,33,-137,0,0,1,,,text,Mistral
5062,33,-135,0,0,1,,,text,Mistral
5063,33,-133,0,0,1,,,text,Mistral
5064,33,-131,0,0,1,,,text,Mistral
5065,33,-129,0,0,1,,,text,Mistral
5066,33,-127,0,0,1,,,text,Mistral
5067,33,-125,0,0,1,,,text,Mistral
5068,33,-123,0,0,1,,,text,Mistral
5069,33,-121,0,0,1,,,text,Mistral
5070,33,-119,0,0,1,,,text,Mistral
5071,33,-117,1,1,1,,,text,Mistral
5072,33,-115,1,1,1,,,text,Mistral
5073,33,-113,1,1,1,,,text,Mistral
5074,33,-111,1,1,1,,,text,Mistral
5075,33,-109,1,1,1,,,text,Mistral
5076,33,-107,1,1,1,,,text,Mistral
5077,33,-105,1,1,1,,,text,Mistral
5078,33,-103,1,1,1,,,text,Mistral
5079,33,-101,1,1,1,,,text,Mistral
5080,33,-99,1,1,1,,,text,Mistral
5081,33,-97,1,1,1,,,text,Mistral
5082,33,-95,1,1,1,,,text,Mistral
5083,33,-93,1,1,1,,,text,Mistral
5084,33,-91,1,1,1,,,text,Mistral
5085,33,-89,1,1,1,,,text,Mistral
5086,33,-87,1,1,1,,,text,Mistral
5087,33,-85,1,1,1,,,text,Mistral
5088,33,-83,1,1,1,,,text,Mistral
5089,33,-81,1,1,1,,,text,Mistral
5090,33,-79,0,0,1,,,text,Mistral
5091,33,-77,0,0,1,,,text,Mistral
5092,33,-75,0,0,1,,,text,Mistral
5093,33,-73,0,0,1,,,text,Mistral
5094,33,-71,0,0,1,,,text,Mistral
5095,33,-69,0,0,1,,,text,Mistral
5096,33,-67,0,0,1,,,text,Mistral
5097,33,-65,0,0,1,,,text,Mistral
5098,33,-63,0,0,1,,,text,Mistral
5099,33,-61,0,0,1,,,text,Mistral
5100,33,-59,0,0,1,,,text,Mistral
5101,33,-57,0,0,1,,,text,Mistral
5102,33,-55,0,0,1,,,text,Mistral
5103,33,-53,0,0,1,,,text,Mistral
5104,33,-51,0,0,1,,,text,Mistral
5105,33,-49,0,0,1,,,text,Mistral
5106,33,-47,0,0,1,,,text,Mistral
5107,33,-45,0,0,1,,,text,Mistral
5108,33,-43,0,0,1,,,text,Mistral
5109,33,-41,0,0,1,,,text,Mistral
5110,33,-39,0,0,1,,,text,Mistral
5111,33,-37,0,0,1,,,text,Mistral
5112,33,-35,0,0,1,,,text,Mistral
5113,33,-33,0,0,1,,,text,Mistral
5114,33,-31,0,0,1,,,text,Mistral
5115,33,-29,0,0,1,,,text,Mistral
5116,33,-27,0,0,1,,,text,Mistral
5117,33,-25,0,0,1,,,text,Mistral
5118,33,-23,0,0,1,,,text,Mistral
5119,33,-21,0,0,1,,,text,Mistral
5120,33,-19,0,0,1,,,text,Mistral
5121,33,-17,0,0,1,,,text,Mistral
5122,33,-15,0,0,1,,,text,Mistral
5123,33,-13,0,0,1,,,text,Mistral
5124,33,-11,0,0,1,,,text,Mistral
5125,33,-9,0,0,1,,,text,Mistral
5126,33,-7,1,1,1,,,text,Mistral
5127,33,-5,1,1,1,,,text,Mistral
5128,33,-3,1,1,1,,,text,Mistral
5129,33,-1,1,1,1,,,text,Mistral
5130,33,1,1,1,1,,,text,Mistral
5131,33,3,1,1,1,,,text,Mistral
5132,33,5,1,1,1,,,text,Mistral
5133,33,7,1,1,1,,,text,Mistral
5134,33,9,1,1,1,,,text,Mistral
5135,33,11,1,1,1,,,text,Mistral
5136,33,13,0,0,1,,,text,Mistral
5137,33,15,0,0,1,,,text,Mistral
5138,33,17,0,0,1,,,text,Mistral
5139,33,19,0,0,1,,,text,Mistral
5140,33,21,0,0,1,,,text,Mistral
5141,33,23,0,0,1,,,text,Mistral
5142,33,25,0,0,1,,,text,Mistral
5143,33,27,0,0,1,,,text,Mistral
5144,33,29,0,0,1,,,text,Mistral
5145,33,31,0,0,1,,,text,Mistral
5146,33,33,0,0,1,,,text,Mistral
5147,33,35,0,0,1,,,text,Mistral
5148,33,37,1,1,1,,,text,Mistral
5149,33,39,1,1,1,,,text,Mistral
5150,33,41,1,1,1,,,text,Mistral
5151,33,43,1,1,1,,,text,Mistral
5152,33,45,1,1,1,,,text,Mistral
5153,33,47,1,1,1,,,text,Mistral
5154,33,49,1,1,1,,,text,Mistral
5155,33,51,1,1,1,,,text,Mistral
5156,33,53,1,1,1,,,text,Mistral
5157,33,55,1,1,1,,,text,Mistral
5158,33,57,1,1,1,,,text,Mistral
5159,33,59,1,1,1,,,text,Mistral
5160,33,61,1,1,1,,,text,Mistral
5161,33,63,1,1,1,,,text,Mistral
5162,33,65,1,1,1,,,text,Mistral
5163,33,67,1,1,1,,,text,Mistral
5164,33,69,1,1,1,,,text,Mistral
5165,33,71,1,1,1,,,text,Mistral
5166,33,73,1,1,1,,,text,Mistral
5167,33,75,1,1,1,,,text,Mistral
5168,33,77,1,1,1,,,text,Mistral
5169,33,79,1,1,1,,,text,Mistral
5170,33,81,1,1,1,,,text,Mistral
5171,33,83,1,1,1,,,text,Mistral
5172,33,85,1,1,1,,,text,Mistral
5173,33,87,1,1,1,,,text,Mistral
5174,33,89,1,1,1,,,text,Mistral
5175,33,91,1,1,1,,,text,Mistral
5176,33,93,1,1,1,,,text,Mistral
5177,33,95,1,1,1,,,text,Mistral
5178,33,97,1,1,1,,,text,Mistral
5179,33,99,1,1,1,,,text,Mistral
5180,33,101,1,1,1,,,text,Mistral
5181,33,103,1,1,1,,,text,Mistral
5182,33,105,1,1,1,,,text,Mistral
5183,33,107,1,1,1,,,text,Mistral
5184,33,109,1,1,1,,,text,Mistral
5185,33,111,1,1,1,,,text,Mistral
5186,33,113,1,1,1,,,text,Mistral
5187,33,115,1,1,1,,,text,Mistral
5188,33,117,1,1,1,,,text,Mistral
5189,33,119,1,1,1,,,text,Mistral
5190,33,121,0,0,1,,,text,Mistral
5191,33,123,0,0,1,,,text,Mistral
5192,33,125,0,0,1,,,text,Mistral
5193,33,127,0,0,1,,,text,Mistral
5194,33,129,0,0,1,,,text,Mistral
5195,33,131,1,1,1,,,text,Mistral
5196,33,133,1,1,1,,,text,Mistral
5197,33,135,0,0,1,,,text,Mistral
5198,33,137,0,0,1,,,text,Mistral
5199,33,139,0,0,1,,,text,Mistral
5200,33,141,0,0,1,,,text,Mistral
5201,33,143,0,0,1,,,text,Mistral
5202,33,145,0,0,1,,,text,Mistral
5203,33,147,0,0,1,,,text,Mistral
5204,33,149,0,0,1,,,text,Mistral
5205,33,151,0,0,1,,,text,Mistral
5206,33,153,0,0,1,,,text,Mistral
5207,33,155,0,0,1,,,text,Mistral
5208,33,157,0,0,1,,,text,Mistral
5209,33,159,0,0,1,,,text,Mistral
5210,33,161,0,0,1,,,text,Mistral
5211,33,163,0,0,1,,,text,Mistral
5212,33,165,0,0,1,,,text,Mistral
5213,33,167,0,0,1,,,text,Mistral
5214,33,169,0,0,1,,,text,Mistral
5215,33,171,0,0,1,,,text,Mistral
5216,33,173,0,0,1,,,text,Mistral
5217,33,175,0,0,1,,,text,Mistral
5218,33,177,0,0,1,,,text,Mistral
5219,33,179,0,0,1,,,text,Mistral
5220,31,-179,0,0,1,,,text,Mistral
5221,31,-177,0,0,1,,,text,Mistral
5222,31,-175,0,0,1,,,text,Mistral
5223,31,-173,0,0,1,,,text,Mistral
5224,31,-171,0,0,1,,,text,Mistral
5225,31,-169,0,0,1,,,text,Mistral
5226,31,-167,0,0,1,,,text,Mistral
5227,31,-165,0,0,1,,,text,Mistral
5228,31,-163,0,0,1,,,text,Mistral
5229,31,-161,0,0,1,,,text,Mistral
5230,31,-159,0,0,1,,,text,Mistral
5231,31,-157,0,0,1,,,text,Mistral
5232,31,-155,0,0,1,,,text,Mistral
5233,31,-153,0,0,1,,,text,Mistral
5234,31,-151,0,0,1,,,text,Mistral
5235,31,-149,0,0,1,,,text,Mistral
5236,31,-147,0,0,1,,,text,Mistral
5237,31,-145,0,0,1,,,text,Mistral
5238,31,-143,0,0,1,,,text,Mistral
5239,31,-141,0,0,1,,,text,Mistral
5240,31,-139,0,0,1,,,text,Mistral
5241,31,-137,0,0,1,,,text,Mistral
5242,31,-135,0,0,1,,,text,Mistral
5243,31,-133,0,0,1,,,text,Mistral
5244,31,-131,0,0,1,,,text,Mistral
5245,31,-129,0,0,1,,,text,Mistral
5246,31,-127,0,0,1,,,text,Mistral
5247,31,-125,0,0,1,,,text,Mistral
5248,31,-123,0,0,1,,,text,Mistral
5249,31,-121,0,0,1,,,text,Mistral
5250,31,-119,0,0,1,,,text,Mistral
5251,31,-117,0,0,1,,,text,Mistral
5252,31,-115,1,1,1,,,text,Mistral
5253,31,-113,1,1,1,,,text,Mistral
5254,31,-111,1,1,1,,,text,Mistral
5255,31,-109,1,1,1,,,text,Mistral
5256,31,-107,1,1,1,,,text,Mistral
5257,31,-105,1,1,1,,,text,Mistral
5258,31,-103,1,1,1,,,text,Mistral
5259,31,-101,1,1,1,,,text,Mistral
5260,31,-99,1,1,1,,,text,Mistral
5261,31,-97,1,1,1,,,text,Mistral
5262,31,-95,1,1,1,,,text,Mistral
5263,31,-93,1,1,1,,,text,Mistral
5264,31,-91,1,1,1,,,text,Mistral
5265,31,-89,1,1,1,,,text,Mistral
5266,31,-87,1,1,1,,,text,Mistral
5267,31,-85,1,1,1,,,text,Mistral
5268,31,-83,1,1,1,,,text,Mistral
5269,31,-81,0,0,1,,,text,Mistral
5270,31,-79,0,0,1,,,text,Mistral
5271,31,-77,0,0,1,,,text,Mistral
5272,31,-75,0,0,1,,,text,Mistral
5273,31,-73,0,0,1,,,text,Mistral
5274,31,-71,0,0,1,,,text,Mistral
5275,31,-69,0,0,1,,,text,Mistral
5276,31,-67,0,0,1,,,text,Mistral
5277,31,-65,0,0,1,,,text,Mistral
5278,31,-63,0,0,1,,,text,Mistral
5279,31,-61,0,0,1,,,text,Mistral
5280,31,-59,0,0,1,,,text,Mistral
5281,31,-57,0,0,1,,,text,Mistral
5282,31,-55,0,0,1,,,text,Mistral
5283,31,-53,0,0,1,,,text,Mistral
5284,31,-51,0,0,1,,,text,Mistral
5285,31,-49,0,0,1,,,text,Mistral
5286,31,-47,0,0,1,,,text,Mistral
5287,31,-45,0,0,1,,,text,Mistral
5288,31,-43,0,0,1,,,text,Mistral
5289,31,-41,0,0,1,,,text,Mistral
5290,31,-39,0,0,1,,,text,Mistral
5291,31,-37,0,0,1,,,text,Mistral
5292,31,-35,0,0,1,,,text,Mistral
5293,31,-33,0,0,1,,,text,Mistral
5294,31,-31,0,0,1,,,text,Mistral
5295,31,-29,0,0,1,,,text,Mistral
5296,31,-27,0,0,1,,,text,Mistral
5297,31,-25,0,0,1,,,text,Mistral
5298,31,-23,0,0,1,,,text,Mistral
5299,31,-21,0,0,1,,,text,Mistral
5300,31,-19,0,0,1,,,text,Mistral
5301,31,-17,0,0,1,,,text,Mistral
5302,31,-15,0,0,1,,,text,Mistral
5303,31,-13,0,0,1,,,text,Mistral
5304,31,-11,0,0,1,,,text,Mistral
5305,31,-9,1,1,1,,,text,Mistral
5306,31,-7,1,1,1,,,text,Mistral
5307,31,-5,1,1,1,,,text,Mistral
5308,31,-3,1,1,1,,,text,Mistral
5309,31,-1,1,1,1,,,text,Mistral
5310,31,1,1,1,1,,,text,Mistral
5311,31,3,1,1,1,,,text,Mistral
5312,31,5,1,1,1,,,text,Mistral
5313,31,7,1,1,1,,,text,Mistral
5314,31,9,1,1,1,,,text,Mistral
5315,31,11,1,1,1,,,text,Mistral
5316,31,13,1,1,1,,,text,Mistral
5317,31,15,1,1,1,,,text,Mistral
5318,31,17,1,1,1,,,text,Mistral
5319,31,19,0,0,1,,,text,Mistral
5320,31,21,1,1,1,,,text,Mistral
5321,31,23,1,1,1,,,text,Mistral
5322,31,25,1,1,1,,,text,Mistral
5323,31,27,1,1,1,,,text,Mistral
5324,31,29,0,0,1,,,text,Mistral
5325,31,31,1,1,1,,,text,Mistral
5326,31,33,1,1,1,,,text,Mistral
5327,31,35,1,1,1,,,text,Mistral
5328,31,37,1,1,1,,,text,Mistral
5329,31,39,1,1,1,,,text,Mistral
5330,31,41,1,1,1,,,text,Mistral
5331,31,43,1,1,1,,,text,Mistral
5332,31,45,1,1,1,,,text,Mistral
5333,31,47,1,1,1,,,text,Mistral
5334,31,49,1,1,1,,,text,Mistral
5335,31,51,1,1,1,,,text,Mistral
5336,31,53,1,1,1,,,text,Mistral
5337,31,55,1,1,1,,,text,Mistral
5338,31,57,1,1,1,,,text,Mistral
5339,31,59,1,1,1,,,text,Mistral
5340,31,61,1,1,1,,,text,Mistral
5341,31,63,1,1,1,,,text,Mistral
5342,31,65,1,1,1,,,text,Mistral
5343,31,67,1,1,1,,,text,Mistral
5344,31,69,1,1,1,,,text,Mistral
5345,31,71,1,1,1,,,text,Mistral
5346,31,73,1,1,1,,,text,Mistral
5347,31,75,1,1,1,,,text,Mistral
5348,31,77,1,1,1,,,text,Mistral
5349,31,79,1,1,1,,,text,Mistral
5350,31,81,1,1,1,,,text,Mistral
5351,31,83,1,1,1,,,text,Mistral
5352,31,85,1,1,1,,,text,Mistral
5353,31,87,1,0,1,,,text,Mistral
5354,31,89,1,1,1,,,text,Mistral
5355,31,91,1,1,1,,,text,Mistral
5356,31,93,1,1,1,,,text,Mistral
5357,31,95,1,1,1,,,text,Mistral
5358,31,97,1,1,1,,,text,Mistral
5359,31,99,1,1,1,,,text,Mistral
5360,31,101,1,1,1,,,text,Mistral
5361,31,103,1,1,1,,,text,Mistral
5362,31,105,1,1,1,,,text,Mistral
5363,31,107,1,1,1,,,text,Mistral
5364,31,109,1,1,1,,,text,Mistral
5365,31,111,1,1,1,,,text,Mistral
5366,31,113,1,1,1,,,text,Mistral
5367,31,115,1,1,1,,,text,Mistral
5368,31,117,1,1,1,,,text,Mistral
5369,31,119,1,1,1,,,text,Mistral
5370,31,121,1,1,1,,,text,Mistral
5371,31,123,0,0,1,,,text,Mistral
5372,31,125,0,0,1,,,text,Mistral
5373,31,127,0,0,1,,,text,Mistral
5374,31,129,0,0,1,,,text,Mistral
5375,31,131,0,0,1,,,text,Mistral
5376,31,133,0,0,1,,,text,Mistral
5377,31,135,0,0,1,,,text,Mistral
5378,31,137,0,0,1,,,text,Mistral
5379,31,139,0,0,1,,,text,Mistral
5380,31,141,0,0,1,,,text,Mistral
5381,31,143,0,0,1,,,text,Mistral
5382,31,145,0,0,1,,,text,Mistral
5383,31,147,0,0,1,,,text,Mistral
5384,31,149,0,0,1,,,text,Mistral
5385,31,151,0,0,1,,,text,Mistral
5386,31,153,0,0,1,,,text,Mistral
5387,31,155,0,0,1,,,text,Mistral
5388,31,157,0,0,1,,,text,Mistral
5389,31,159,0,0,1,,,text,Mistral
5390,31,161,0,0,1,,,text,Mistral
5391,31,163,0,0,1,,,text,Mistral
5392,31,165,0,0,1,,,text,Mistral
5393,31,167,0,0,1,,,text,Mistral
5394,31,169,0,0,1,,,text,Mistral
5395,31,171,0,0,1,,,text,Mistral
5396,31,173,0,0,1,,,text,Mistral
5397,31,175,0,0,1,,,text,Mistral
5398,31,177,0,0,1,,,text,Mistral
5399,31,179,0,0,1,,,text,Mistral
5400,29,-179,0,0,1,,,text,Mistral
5401,29,-177,0,0,1,,,text,Mistral
5402,29,-175,0,0,1,,,text,Mistral
5403,29,-173,0,0,1,,,text,Mistral
5404,29,-171,0,0,1,,,text,Mistral
5405,29,-169,0,0,1,,,text,Mistral
5406,29,-167,0,0,1,,,text,Mistral
5407,29,-165,0,0,1,,,text,Mistral
5408,29,-163,0,0,1,,,text,Mistral
5409,29,-161,0,0,1,,,text,Mistral
5410,29,-159,0,0,1,,,text,Mistral
5411,29,-157,0,0,1,,,text,Mistral
5412,29,-155,0,0,1,,,text,Mistral
5413,29,-153,0,0,1,,,text,Mistral
5414,29,-151,0,0,1,,,text,Mistral
5415,29,-149,0,0,1,,,text,Mistral
5416,29,-147,0,0,1,,,text,Mistral
5417,29,-145,0,0,1,,,text,Mistral
5418,29,-143,0,0,1,,,text,Mistral
5419,29,-141,0,0,1,,,text,Mistral
5420,29,-139,0,0,1,,,text,Mistral
5421,29,-137,0,0,1,,,text,Mistral
5422,29,-135,0,0,1,,,text,Mistral
5423,29,-133,0,0,1,,,text,Mistral
5424,29,-131,0,0,1,,,text,Mistral
5425,29,-129,0,0,1,,,text,Mistral
5426,29,-127,0,0,1,,,text,Mistral
5427,29,-125,0,0,1,,,text,Mistral
5428,29,-123,0,0,1,,,text,Mistral
5429,29,-121,0,0,1,,,text,Mistral
5430,29,-119,0,0,1,,,text,Mistral
5431,29,-117,0,0,1,,,text,Mistral
5432,29,-115,0,0,1,,,text,Mistral
5433,29,-113,0,0,1,,,text,Mistral
5434,29,-111,1,1,1,,,text,Mistral
5435,29,-109,1,1,1,,,text,Mistral
5436,29,-107,1,1,1,,,text,Mistral
5437,29,-105,1,1,1,,,text,Mistral
5438,29,-103,1,1,1,,,text,Mistral
5439,29,-101,1,1,1,,,text,Mistral
5440,29,-99,1,1,1,,,text,Mistral
5441,29,-97,1,1,1,,,text,Mistral
5442,29,-95,0,0,1,,,text,Mistral
5443,29,-93,0,0,1,,,text,Mistral
5444,29,-91,0,0,1,,,text,Mistral
5445,29,-89,0,0,1,,,text,Mistral
5446,29,-87,0,0,1,,,text,Mistral
5447,29,-85,0,0,1,,,text,Mistral
5448,29,-83,0,0,1,,,text,Mistral
5449,29,-81,1,1,1,,,text,Mistral
5450,29,-79,0,0,1,,,text,Mistral
5451,29,-77,0,0,1,,,text,Mistral
5452,29,-75,0,0,1,,,text,Mistral
5453,29,-73,0,0,1,,,text,Mistral
5454,29,-71,0,0,1,,,text,Mistral
5455,29,-69,0,0,1,,,text,Mistral
5456,29,-67,0,0,1,,,text,Mistral
5457,29,-65,0,0,1,,,text,Mistral
5458,29,-63,0,0,1,,,text,Mistral
5459,29,-61,0,0,1,,,text,Mistral
5460,29,-59,0,0,1,,,text,Mistral
5461,29,-57,0,0,1,,,text,Mistral
5462,29,-55,0,0,1,,,text,Mistral
5463,29,-53,0,0,1,,,text,Mistral
5464,29,-51,0,0,1,,,text,Mistral
5465,29,-49,0,0,1,,,text,Mistral
5466,29,-47,0,0,1,,,text,Mistral
5467,29,-45,0,0,1,,,text,Mistral
5468,29,-43,0,0,1,,,text,Mistral
5469,29,-41,0,0,1,,,text,Mistral
5470,29,-39,0,0,1,,,text,Mistral
5471,29,-37,0,0,1,,,text,Mistral
5472,29,-35,0,0,1,,,text,Mistral
5473,29,-33,0,0,1,,,text,Mistral
5474,29,-31,0,0,1,,,text,Mistral
5475,29,-29,0,0,1,,,text,Mistral
5476,29,-27,0,0,1,,,text,Mistral
5477,29,-25,0,0,1,,,text,Mistral
5478,29,-23,0,0,1,,,text,Mistral
5479,29,-21,0,0,1,,,text,Mistral
5480,29,-19,0,0,1,,,text,Mistral
5481,29,-17,0,0,1,,,text,Mistral
5482,29,-15,0,0,1,,,text,Mistral
5483,29,-13,0,0,1,,,text,Mistral
5484,29,-11,0,0,1,,,text,Mistral
5485,29,-9,1,1,1,,,text,Mistral
5486,29,-7,1,1,1,,,text,Mistral
5487,29,-5,1,1,1,,,text,Mistral
5488,29,-3,1,1,1,,,text,Mistral
5489,29,-1,1,1,1,,,text,Mistral
5490,29,1,1,1,1,,,text,Mistral
5491,29,3,1,1,1,,,text,Mistral
5492,29,5,1,1,1,,,text,Mistral
5493,29,7,1,1,1,,,text,Mistral
5494,29,9,1,1,1,,,text,Mistral
5495,29,11,1,1,1,,,text,Mistral
5496,29,13,1,1,1,,,text,Mistral
5497,29,15,1,1,1,,,text,Mistral
5498,29,17,1,1,1,,,text,Mistral
5499,29,19,1,1,1,,,text,Mistral
5500,29,21,1,1,1,,,text,Mistral
5501,29,23,1,1,1,,,text,Mistral
5502,29,25,1,1,1,,,text,Mistral
5503,29,27,1,1,1,,,text,Mistral
5504,29,29,1,1,1,,,text,Mistral
5505,29,31,1,1,1,,,text,Mistral
5506,29,33,0,0,1,,,text,Mistral
5507,29,35,1,1,1,,,text,Mistral
5508,29,37,1,1,1,,,text,Mistral
5509,29,39,1,1,1,,,text,Mistral
5510,29,41,1,1,1,,,text,Mistral
5511,29,43,1,1,1,,,text,Mistral
5512,29,45,1,1,1,,,text,Mistral
5513,29,47,1,1,1,,,text,Mistral
5514,29,49,0,0,1,,,text,Mistral
5515,29,51,1,1,1,,,text,Mistral
5516,29,53,1,1,1,,,text,Mistral
5517,29,55,1,1,1,,,text,Mistral
5518,29,57,1,1,1,,,text,Mistral
5519,29,59,1,1,1,,,text,Mistral
5520,29,61,1,1,1,,,text,Mistral
5521,29,63,1,1,1,,,text,Mistral
5522,29,65,1,1,1,,,text,Mistral
5523,29,67,1,1,1,,,text,Mistral
5524,29,69,1,1,1,,,text,Mistral
5525,29,71,1,1,1,,,text,Mistral
5526,29,73,1,1,1,,,text,Mistral
5527,29,75,1,1,1,,,text,Mistral
5528,29,77,1,1,1,,,text,Mistral
5529,29,79,1,1,1,,,text,Mistral
5530,29,81,1,1,1,,,text,Mistral
5531,29,83,1,1,1,,,text,Mistral
5532,29,85,1,1,1,,,text,Mistral
5533,29,87,1,1,1,,,text,Mistral
5534,29,89,1,1,1,,,text,Mistral
5535,29,91,1,1,1,,,text,Mistral
5536,29,93,1,1,1,,,text,Mistral
5537,29,95,1,1,1,,,text,Mistral
5538,29,97,1,1,1,,,text,Mistral
5539,29,99,1,1,1,,,text,Mistral
5540,29,101,1,1,1,,,text,Mistral
5541,29,103,1,1,1,,,text,Mistral
5542,29,105,1,1,1,,,text,Mistral
5543,29,107,1,1,1,,,text,Mistral
5544,29,109,1,1,1,,,text,Mistral
5545,29,111,1,1,1,,,text,Mistral
5546,29,113,1,1,1,,,text,Mistral
5547,29,115,1,1,1,,,text,Mistral
5548,29,117,1,1,1,,,text,Mistral
5549,29,119,1,1,1,,,text,Mistral
5550,29,121,1,1,1,,,text,Mistral
5551,29,123,0,0,1,,,text,Mistral
5552,29,125,0,0,1,,,text,Mistral
5553,29,127,0,0,1,,,text,Mistral
5554,29,129,0,0,1,,,text,Mistral
5555,29,131,0,0,1,,,text,Mistral
5556,29,133,0,0,1,,,text,Mistral
5557,29,135,0,0,1,,,text,Mistral
5558,29,137,0,0,1,,,text,Mistral
5559,29,139,0,0,1,,,text,Mistral
5560,29,141,0,0,1,,,text,Mistral
5561,29,143,0,0,1,,,text,Mistral
5562,29,145,0,0,1,,,text,Mistral
5563,29,147,0,0,1,,,text,Mistral
5564,29,149,0,0,1,,,text,Mistral
5565,29,151,0,0,1,,,text,Mistral
5566,29,153,0,0,1,,,text,Mistral
5567,29,155,0,0,1,,,text,Mistral
5568,29,157,0,0,1,,,text,Mistral
5569,29,159,0,0,1,,,text,Mistral
5570,29,161,0,0,1,,,text,Mistral
5571,29,163,0,0,1,,,text,Mistral
5572,29,165,0,0,1,,,text,Mistral
5573,29,167,0,0,1,,,text,Mistral
5574,29,169,0,0,1,,,text,Mistral
5575,29,171,0,0,1,,,text,Mistral
5576,29,173,0,0,1,,,text,Mistral
5577,29,175,0,0,1,,,text,Mistral
5578,29,177,0,0,1,,,text,Mistral
5579,29,179,0,0,1,,,text,Mistral
5580,27,-179,0,0,1,,,text,Mistral
5581,27,-177,0,0,1,,,text,Mistral
5582,27,-175,0,0,1,,,text,Mistral
5583,27,-173,0,0,1,,,text,Mistral
5584,27,-171,0,0,1,,,text,Mistral
5585,27,-169,0,0,1,,,text,Mistral
5586,27,-167,0,0,1,,,text,Mistral
5587,27,-165,0,0,1,,,text,Mistral
5588,27,-163,0,0,1,,,text,Mistral
5589,27,-161,0,0,1,,,text,Mistral
5590,27,-159,0,0,1,,,text,Mistral
5591,27,-157,0,0,1,,,text,Mistral
5592,27,-155,0,0,1,,,text,Mistral
5593,27,-153,0,0,1,,,text,Mistral
5594,27,-151,0,0,1,,,text,Mistral
5595,27,-149,0,0,1,,,text,Mistral
5596,27,-147,0,0,1,,,text,Mistral
5597,27,-145,0,0,1,,,text,Mistral
5598,27,-143,0,0,1,,,text,Mistral
5599,27,-141,0,0,1,,,text,Mistral
5600,27,-139,0,0,1,,,text,Mistral
5601,27,-137,0,0,1,,,text,Mistral
5602,27,-135,0,0,1,,,text,Mistral
5603,27,-133,0,0,1,,,text,Mistral
5604,27,-131,0,0,1,,,text,Mistral
5605,27,-129,0,0,1,,,text,Mistral
5606,27,-127,0,0,1,,,text,Mistral
5607,27,-125,0,0,1,,,text,Mistral
5608,27,-123,0,0,1,,,text,Mistral
5609,27,-121,0,0,1,,,text,Mistral
5610,27,-119,0,0,1,,,text,Mistral
5611,27,-117,0,0,1,,,text,Mistral
5612,27,-115,0,0,1,,,text,Mistral
5613,27,-113,1,1,1,,,text,Mistral
5614,27,-111,0,0,1,,,text,Mistral
5615,27,-109,1,1,1,,,text,Mistral
5616,27,-107,1,1,1,,,text,Mistral
5617,27,-105,1,1,1,,,text,Mistral
5618,27,-103,1,1,1,,,text,Mistral
5619,27,-101,1,1,1,,,text,Mistral
5620,27,-99,1,1,1,,,text,Mistral
5621,27,-97,0,0,1,,,text,Mistral
5622,27,-95,0,0,1,,,text,Mistral
5623,27,-93,0,0,1,,,text,Mistral
5624,27,-91,0,0,1,,,text,Mistral
5625,27,-89,0,0,1,,,text,Mistral
5626,27,-87,0,0,1,,,text,Mistral
5627,27,-85,0,0,1,,,text,Mistral
5628,27,-83,0,0,1,,,text,Mistral
5629,27,-81,1,0,1,,,text,Mistral
5630,27,-79,0,0,1,,,text,Mistral
5631,27,-77,0,0,1,,,text,Mistral
5632,27,-75,0,0,1,,,text,Mistral
5633,27,-73,0,0,1,,,text,Mistral
5634,27,-71,0,0,1,,,text,Mistral
5635,27,-69,0,0,1,,,text,Mistral
5636,27,-67,0,0,1,,,text,Mistral
5637,27,-65,0,0,1,,,text,Mistral
5638,27,-63,0,0,1,,,text,Mistral
5639,27,-61,0,0,1,,,text,Mistral
5640,27,-59,0,0,1,,,text,Mistral
5641,27,-57,0,0,1,,,text,Mistral
5642,27,-55,0,0,1,,,text,Mistral
5643,27,-53,0,0,1,,,text,Mistral
5644,27,-51,0,0,1,,,text,Mistral
5645,27,-49,0,0,1,,,text,Mistral
5646,27,-47,0,0,1,,,text,Mistral
5647,27,-45,0,0,1,,,text,Mistral
5648,27,-43,0,0,1,,,text,Mistral
5649,27,-41,0,0,1,,,text,Mistral
5650,27,-39,0,0,1,,,text,Mistral
5651,27,-37,0,0,1,,,text,Mistral
5652,27,-35,0,0,1,,,text,Mistral
5653,27,-33,0,0,1,,,text,Mistral
5654,27,-31,0,0,1,,,text,Mistral
5655,27,-29,0,0,1,,,text,Mistral
5656,27,-27,0,0,1,,,text,Mistral
5657,27,-25,0,0,1,,,text,Mistral
5658,27,-23,0,0,1,,,text,Mistral
5659,27,-21,0,0,1,,,text,Mistral
5660,27,-19,0,0,1,,,text,Mistral
5661,27,-17,0,0,1,,,text,Mistral
5662,27,-15,0,0,1,,,text,Mistral
5663,27,-13,1,1,1,,,text,Mistral
5664,27,-11,1,1,1,,,text,Mistral
5665,27,-9,1,1,1,,,text,Mistral
5666,27,-7,1,1,1,,,text,Mistral
5667,27,-5,1,1,1,,,text,Mistral
5668,27,-3,1,1,1,,,text,Mistral
5669,27,-1,1,1,1,,,text,Mistral
5670,27,1,1,1,1,,,text,Mistral
5671,27,3,1,1,1,,,text,Mistral
5672,27,5,1,1,1,,,text,Mistral
5673,27,7,1,1,1,,,text,Mistral
5674,27,9,1,1,1,,,text,Mistral
5675,27,11,1,1,1,,,text,Mistral
5676,27,13,1,1,1,,,text,Mistral
5677,27,15,1,1,1,,,text,Mistral
5678,27,17,1,1,1,,,text,Mistral
5679,27,19,1,1,1,,,text,Mistral
5680,27,21,1,1,1,,,text,Mistral
5681,27,23,1,1,1,,,text,Mistral
5682,27,25,1,1,1,,,text,Mistral
5683,27,27,1,1,1,,,text,Mistral
5684,27,29,1,1,1,,,text,Mistral
5685,27,31,1,1,1,,,text,Mistral
5686,27,33,1,1,1,,,text,Mistral
5687,27,35,0,0,1,,,text,Mistral
5688,27,37,1,1,1,,,text,Mistral
5689,27,39,1,1,1,,,text,Mistral
5690,27,41,1,1,1,,,text,Mistral
5691,27,43,1,1,1,,,text,Mistral
5692,27,45,1,1,1,,,text,Mistral
5693,27,47,1,1,1,,,text,Mistral
5694,27,49,1,1,1,,,text,Mistral
5695,27,51,0,0,1,,,text,Mistral
5696,27,53,0,0,1,,,text,Mistral
5697,27,55,1,1,1,,,text,Mistral
5698,27,57,1,1,1,,,text,Mistral
5699,27,59,1,1,1,,,text,Mistral
5700,27,61,1,1,1,,,text,Mistral
5701,27,63,1,1,1,,,text,Mistral
5702,27,65,1,1,1,,,text,Mistral
5703,27,67,1,1,1,,,text,Mistral
5704,27,69,1,1,1,,,text,Mistral
5705,27,71,1,1,1,,,text,Mistral
5706,27,73,1,1,1,,,text,Mistral
5707,27,75,1,1,1,,,text,Mistral
5708,27,77,1,1,1,,,text,Mistral
5709,27,79,1,1,1,,,text,Mistral
5710,27,81,1,1,1,,,text,Mistral
5711,27,83,1,1,1,,,text,Mistral
5712,27,85,1,1,1,,,text,Mistral
5713,27,87,1,1,1,,,text,Mistral
5714,27,89,1,1,1,,,text,Mistral
5715,27,91,1,1,1,,,text,Mistral
5716,27,93,1,1,1,,,text,Mistral
5717,27,95,1,1,1,,,text,Mistral
5718,27,97,1,1,1,,,text,Mistral
5719,27,99,1,1,1,,,text,Mistral
5720,27,101,1,1,1,,,text,Mistral
5721,27,103,1,1,1,,,text,Mistral
5722,27,105,1,1,1,,,text,Mistral
5723,27,107,1,1,1,,,text,Mistral
5724,27,109,1,1,1,,,text,Mistral
5725,27,111,1,1,1,,,text,Mistral
5726,27,113,1,1,1,,,text,Mistral
5727,27,115,1,1,1,,,text,Mistral
5728,27,117,1,1,1,,,text,Mistral
5729,27,119,1,1,1,,,text,Mistral
5730,27,121,0,0,1,,,text,Mistral
5731,27,123,0,0,1,,,text,Mistral
5732,27,125,0,0,1,,,text,Mistral
5733,27,127,0,0,1,,,text,Mistral
5734,27,129,0,0,1,,,text,Mistral
5735,27,131,0,0,1,,,text,Mistral
5736,27,133,0,0,1,,,text,Mistral
5737,27,135,0,0,1,,,text,Mistral
5738,27,137,0,0,1,,,text,Mistral
5739,27,139,0,0,1,,,text,Mistral
5740,27,141,0,0,1,,,text,Mistral
5741,27,143,0,0,1,,,text,Mistral
5742,27,145,0,0,1,,,text,Mistral
5743,27,147,0,0,1,,,text,Mistral
5744,27,149,0,0,1,,,text,Mistral
5745,27,151,0,0,1,,,text,Mistral
5746,27,153,0,0,1,,,text,Mistral
5747,27,155,0,0,1,,,text,Mistral
5748,27,157,0,0,1,,,text,Mistral
5749,27,159,0,0,1,,,text,Mistral
5750,27,161,0,0,1,,,text,Mistral
5751,27,163,0,0,1,,,text,Mistral
5752,27,165,0,0,1,,,text,Mistral
5753,27,167,0,0,1,,,text,Mistral
5754,27,169,0,0,1,,,text,Mistral
5755,27,171,0,0,1,,,text,Mistral
5756,27,173,0,0,1,,,text,Mistral
5757,27,175,0,0,1,,,text,Mistral
5758,27,177,0,0,1,,,text,Mistral
5759,27,179,0,0,1,,,text,Mistral
5760,25,-179,0,0,1,,,text,Mistral
5761,25,-177,0,0,1,,,text,Mistral
5762,25,-175,0,0,1,,,text,Mistral
5763,25,-173,0,0,1,,,text,Mistral
5764,25,-171,0,0,1,,,text,Mistral
5765,25,-169,0,0,1,,,text,Mistral
5766,25,-167,0,0,1,,,text,Mistral
5767,25,-165,0,0,1,,,text,Mistral
5768,25,-163,0,0,1,,,text,Mistral
5769,25,-161,0,0,1,,,text,Mistral
5770,25,-159,0,0,1,,,text,Mistral
5771,25,-157,0,0,1,,,text,Mistral
5772,25,-155,0,0,1,,,text,Mistral
5773,25,-153,0,0,1,,,text,Mistral
5774,25,-151,0,0,1,,,text,Mistral
5775,25,-149,0,0,1,,,text,Mistral
5776,25,-147,0,0,1,,,text,Mistral
5777,25,-145,0,0,1,,,text,Mistral
5778,25,-143,0,0,1,,,text,Mistral
5779,25,-141,0,0,1,,,text,Mistral
5780,25,-139,0,0,1,,,text,Mistral
5781,25,-137,0,0,1,,,text,Mistral
5782,25,-135,0,0,1,,,text,Mistral
5783,25,-133,0,0,1,,,text,Mistral
5784,25,-131,0,0,1,,,text,Mistral
5785,25,-129,0,0,1,,,text,Mistral
5786,25,-127,0,0,1,,,text,Mistral
5787,25,-125,0,0,1,,,text,Mistral
5788,25,-123,0,0,1,,,text,Mistral
5789,25,-121,0,0,1,,,text,Mistral
5790,25,-119,0,0,1,,,text,Mistral
5791,25,-117,0,0,1,,,text,Mistral
5792,25,-115,0,0,1,,,text,Mistral
5793,25,-113,0,0,1,,,text,Mistral
5794,25,-111,1,1,1,,,text,Mistral
5795,25,-109,0,0,1,,,text,Mistral
5796,25,-107,1,1,1,,,text,Mistral
5797,25,-105,1,1,1,,,text,Mistral
5798,25,-103,1,1,1,,,text,Mistral
5799,25,-101,1,1,1,,,text,Mistral
5800,25,-99,1,1,1,,,text,Mistral
5801,25,-97,0,0,1,,,text,Mistral
5802,25,-95,0,0,1,,,text,Mistral
5803,25,-93,0,0,1,,,text,Mistral
5804,25,-91,0,0,1,,,text,Mistral
5805,25,-89,0,0,1,,,text,Mistral
5806,25,-87,0,0,1,,,text,Mistral
5807,25,-85,0,0,1,,,text,Mistral
5808,25,-83,0,0,1,,,text,Mistral
5809,25,-81,0,0,1,,,text,Mistral
5810,25,-79,0,0,1,,,text,Mistral
5811,25,-77,0,0,1,,,text,Mistral
5812,25,-75,0,0,1,,,text,Mistral
5813,25,-73,0,0,1,,,text,Mistral
5814,25,-71,0,0,1,,,text,Mistral
5815,25,-69,0,0,1,,,text,Mistral
5816,25,-67,0,0,1,,,text,Mistral
5817,25,-65,0,0,1,,,text,Mistral
5818,25,-63,0,0,1,,,text,Mistral
5819,25,-61,0,0,1,,,text,Mistral
5820,25,-59,0,0,1,,,text,Mistral
5821,25,-57,0,0,1,,,text,Mistral
5822,25,-55,0,0,1,,,text,Mistral
5823,25,-53,0,0,1,,,text,Mistral
5824,25,-51,0,0,1,,,text,Mistral
5825,25,-49,0,0,1,,,text,Mistral
5826,25,-47,0,0,1,,,text,Mistral
5827,25,-45,0,0,1,,,text,Mistral
5828,25,-43,0,0,1,,,text,Mistral
5829,25,-41,0,0,1,,,text,Mistral
5830,25,-39,0,0,1,,,text,Mistral
5831,25,-37,0,0,1,,,text,Mistral
5832,25,-35,0,0,1,,,text,Mistral
5833,25,-33,0,0,1,,,text,Mistral
5834,25,-31,0,0,1,,,text,Mistral
5835,25,-29,0,0,1,,,text,Mistral
5836,25,-27,0,0,1,,,text,Mistral
5837,25,-25,0,0,1,,,text,Mistral
5838,25,-23,0,0,1,,,text,Mistral
5839,25,-21,0,0,1,,,text,Mistral
5840,25,-19,0,0,1,,,text,Mistral
5841,25,-17,0,0,1,,,text,Mistral
5842,25,-15,0,0,1,,,text,Mistral
5843,25,-13,1,1,1,,,text,Mistral
5844,25,-11,1,1,1,,,text,Mistral
5845,25,-9,1,1,1,,,text,Mistral
5846,25,-7,1,1,1,,,text,Mistral
5847,25,-5,1,1,1,,,text,Mistral
5848,25,-3,1,1,1,,,text,Mistral
5849,25,-1,1,1,1,,,text,Mistral
5850,25,1,1,1,1,,,text,Mistral
5851,25,3,1,1,1,,,text,Mistral
5852,25,5,1,1,1,,,text,Mistral
5853,25,7,1,1,1,,,text,Mistral
5854,25,9,1,1,1,,,text,Mistral
5855,25,11,1,1,1,,,text,Mistral
5856,25,13,1,1,1,,,text,Mistral
5857,25,15,1,1,1,,,text,Mistral
5858,25,17,1,1,1,,,text,Mistral
5859,25,19,1,1,1,,,text,Mistral
5860,25,21,1,1,1,,,text,Mistral
5861,25,23,1,1,1,,,text,Mistral
5862,25,25,1,1,1,,,text,Mistral
5863,25,27,1,1,1,,,text,Mistral
5864,25,29,1,1,1,,,text,Mistral
5865,25,31,1,1,1,,,text,Mistral
5866,25,33,1,1,1,,,text,Mistral
5867,25,35,0,0,1,,,text,Mistral
5868,25,37,0,0,1,,,text,Mistral
5869,25,39,1,1,1,,,text,Mistral
5870,25,41,1,1,1,,,text,Mistral
5871,25,43,1,1,1,,,text,Mistral
5872,25,45,1,1,1,,,text,Mistral
5873,25,47,1,1,1,,,text,Mistral
5874,25,49,1,1,1,,,text,Mistral
5875,25,51,1,1,1,,,text,Mistral
5876,25,53,0,0,1,,,text,Mistral
5877,25,55,0,0,1,,,text,Mistral
5878,25,57,0,0,1,,,text,Mistral
5879,25,59,0,0,1,,,text,Mistral
5880,25,61,0,0,1,,,text,Mistral
5881,25,63,0,0,1,,,text,Mistral
5882,25,65,0,0,1,,,text,Mistral
5883,25,67,1,1,1,,,text,Mistral
5884,25,69,1,1,1,,,text,Mistral
5885,25,71,1,1,1,,,text,Mistral
5886,25,73,1,1,1,,,text,Mistral
5887,25,75,1,1,1,,,text,Mistral
5888,25,77,1,1,1,,,text,Mistral
5889,25,79,1,1,1,,,text,Mistral
5890,25,81,1,1,1,,,text,Mistral
5891,25,83,1,1,1,,,text,Mistral
5892,25,85,1,1,1,,,text,Mistral
5893,25,87,1,1,1,,,text,Mistral
5894,25,89,1,1,1,,,text,Mistral
5895,25,91,1,1,1,,,text,Mistral
5896,25,93,1,1,1,,,text,Mistral
5897,25,95,1,1,1,,,text,Mistral
5898,25,97,1,1,1,,,text,Mistral
5899,25,99,1,1,1,,,text,Mistral
5900,25,101,1,1,1,,,text,Mistral
5901,25,103,1,1,1,,,text,Mistral
5902,25,105,1,1,1,,,text,Mistral
5903,25,107,1,1,1,,,text,Mistral
5904,25,109,1,1,1,,,text,Mistral
5905,25,111,1,1,1,,,text,Mistral
5906,25,113,1,1,1,,,text,Mistral
5907,25,115,1,1,1,,,text,Mistral
5908,25,117,1,1,1,,,text,Mistral
5909,25,119,0,0,1,,,text,Mistral
5910,25,121,0,0,1,,,text,Mistral
5911,25,123,0,0,1,,,text,Mistral
5912,25,125,0,0,1,,,text,Mistral
5913,25,127,0,0,1,,,text,Mistral
5914,25,129,0,0,1,,,text,Mistral
5915,25,131,0,0,1,,,text,Mistral
5916,25,133,0,0,1,,,text,Mistral
5917,25,135,0,0,1,,,text,Mistral
5918,25,137,0,0,1,,,text,Mistral
5919,25,139,0,0,1,,,text,Mistral
5920,25,141,0,0,1,,,text,Mistral
5921,25,143,0,0,1,,,text,Mistral
5922,25,145,0,0,1,,,text,Mistral
5923,25,147,0,0,1,,,text,Mistral
5924,25,149,0,0,1,,,text,Mistral
5925,25,151,0,0,1,,,text,Mistral
5926,25,153,0,0,1,,,text,Mistral
5927,25,155,0,0,1,,,text,Mistral
5928,25,157,0,0,1,,,text,Mistral
5929,25,159,0,0,1,,,text,Mistral
5930,25,161,0,0,1,,,text,Mistral
5931,25,163,0,0,1,,,text,Mistral
5932,25,165,0,0,1,,,text,Mistral
5933,25,167,0,0,1,,,text,Mistral
5934,25,169,0,0,1,,,text,Mistral
5935,25,171,0,0,1,,,text,Mistral
5936,25,173,0,0,1,,,text,Mistral
5937,25,175,0,0,1,,,text,Mistral
5938,25,177,0,0,1,,,text,Mistral
5939,25,179,0,0,1,,,text,Mistral
5940,23,-179,0,0,1,,,text,Mistral
5941,23,-177,0,0,1,,,text,Mistral
5942,23,-175,0,0,1,,,text,Mistral
5943,23,-173,0,0,1,,,text,Mistral
5944,23,-171,0,0,1,,,text,Mistral
5945,23,-169,0,0,1,,,text,Mistral
5946,23,-167,0,0,1,,,text,Mistral
5947,23,-165,0,0,1,,,text,Mistral
5948,23,-163,0,0,1,,,text,Mistral
5949,23,-161,0,0,1,,,text,Mistral
5950,23,-159,0,0,1,,,text,Mistral
5951,23,-157,0,0,1,,,text,Mistral
5952,23,-155,0,0,1,,,text,Mistral
5953,23,-153,0,0,1,,,text,Mistral
5954,23,-151,0,0,1,,,text,Mistral
5955,23,-149,0,0,1,,,text,Mistral
5956,23,-147,0,0,1,,,text,Mistral
5957,23,-145,0,0,1,,,text,Mistral
5958,23,-143,0,0,1,,,text,Mistral
5959,23,-141,0,0,1,,,text,Mistral
5960,23,-139,0,0,1,,,text,Mistral
5961,23,-137,0,0,1,,,text,Mistral
5962,23,-135,0,0,1,,,text,Mistral
5963,23,-133,0,0,1,,,text,Mistral
5964,23,-131,0,0,1,,,text,Mistral
5965,23,-129,0,0,1,,,text,Mistral
5966,23,-127,0,0,1,,,text,Mistral
5967,23,-125,0,0,1,,,text,Mistral
5968,23,-123,0,0,1,,,text,Mistral
5969,23,-121,0,0,1,,,text,Mistral
5970,23,-119,0,0,1,,,text,Mistral
5971,23,-117,0,0,1,,,text,Mistral
5972,23,-115,0,0,1,,,text,Mistral
5973,23,-113,0,0,1,,,text,Mistral
5974,23,-111,0,0,1,,,text,Mistral
5975,23,-109,0,0,1,,,text,Mistral
5976,23,-107,0,0,1,,,text,Mistral
5977,23,-105,1,1,1,,,text,Mistral
5978,23,-103,1,1,1,,,text,Mistral
5979,23,-101,1,1,1,,,text,Mistral
5980,23,-99,1,1,1,,,text,Mistral
5981,23,-97,0,0,1,,,text,Mistral
5982,23,-95,0,0,1,,,text,Mistral
5983,23,-93,0,0,1,,,text,Mistral
5984,23,-91,0,0,1,,,text,Mistral
5985,23,-89,0,0,1,,,text,Mistral
5986,23,-87,0,0,1,,,text,Mistral
5987,23,-85,0,0,1,,,text,Mistral
5988,23,-83,1,1,1,,,text,Mistral
5989,23,-81,1,1,1,,,text,Mistral
5990,23,-79,0,0,1,,,text,Mistral
5991,23,-77,0,0,1,,,text,Mistral
5992,23,-75,0,0,1,,,text,Mistral
5993,23,-73,0,0,1,,,text,Mistral
5994,23,-71,0,0,1,,,text,Mistral
5995,23,-69,0,0,1,,,text,Mistral
5996,23,-67,0,0,1,,,text,Mistral
5997,23,-65,0,0,1,,,text,Mistral
5998,23,-63,0,0,1,,,text,Mistral
5999,23,-61,0,0,1,,,text,Mistral
6000,23,-59,0,0,1,,,text,Mistral
6001,23,-57,0,0,1,,,text,Mistral
6002,23,-55,0,0,1,,,text,Mistral
6003,23,-53,0,0,1,,,text,Mistral
6004,23,-51,0,0,1,,,text,Mistral
6005,23,-49,0,0,1,,,text,Mistral
6006,23,-47,0,0,1,,,text,Mistral
6007,23,-45,0,0,1,,,text,Mistral
6008,23,-43,0,0,1,,,text,Mistral
6009,23,-41,0,0,1,,,text,Mistral
6010,23,-39,0,0,1,,,text,Mistral
6011,23,-37,0,0,1,,,text,Mistral
6012,23,-35,0,0,1,,,text,Mistral
6013,23,-33,0,0,1,,,text,Mistral
6014,23,-31,0,0,1,,,text,Mistral
6015,23,-29,0,0,1,,,text,Mistral
6016,23,-27,0,0,1,,,text,Mistral
6017,23,-25,0,0,1,,,text,Mistral
6018,23,-23,0,0,1,,,text,Mistral
6019,23,-21,0,0,1,,,text,Mistral
6020,23,-19,0,0,1,,,text,Mistral
6021,23,-17,0,0,1,,,text,Mistral
6022,23,-15,1,1,1,,,text,Mistral
6023,23,-13,1,1,1,,,text,Mistral
6024,23,-11,1,1,1,,,text,Mistral
6025,23,-9,1,1,1,,,text,Mistral
6026,23,-7,1,1,1,,,text,Mistral
6027,23,-5,1,1,1,,,text,Mistral
6028,23,-3,1,1,1,,,text,Mistral
6029,23,-1,1,1,1,,,text,Mistral
6030,23,1,1,1,1,,,text,Mistral
6031,23,3,1,1,1,,,text,Mistral
6032,23,5,1,1,1,,,text,Mistral
6033,23,7,1,1,1,,,text,Mistral
6034,23,9,1,1,1,,,text,Mistral
6035,23,11,1,1,1,,,text,Mistral
6036,23,13,1,1,1,,,text,Mistral
6037,23,15,1,1,1,,,text,Mistral
6038,23,17,1,1,1,,,text,Mistral
6039,23,19,1,1,1,,,text,Mistral
6040,23,21,1,1,1,,,text,Mistral
6041,23,23,1,1,1,,,text,Mistral
6042,23,25,1,1,1,,,text,Mistral
6043,23,27,1,1,1,,,text,Mistral
6044,23,29,1,1,1,,,text,Mistral
6045,23,31,1,1,1,,,text,Mistral
6046,23,33,1,1,1,,,text,Mistral
6047,23,35,1,1,1,,,text,Mistral
6048,23,37,0,0,1,,,text,Mistral
6049,23,39,1,1,1,,,text,Mistral
6050,23,41,1,1,1,,,text,Mistral
6051,23,43,1,1,1,,,text,Mistral
6052,23,45,1,1,1,,,text,Mistral
6053,23,47,1,1,1,,,text,Mistral
6054,23,49,1,1,1,,,text,Mistral
6055,23,51,1,1,1,,,text,Mistral
6056,23,53,1,1,1,,,text,Mistral
6057,23,55,1,1,1,,,text,Mistral
6058,23,57,1,1,1,,,text,Mistral
6059,23,59,1,1,1,,,text,Mistral
6060,23,61,0,0,1,,,text,Mistral
6061,23,63,0,0,1,,,text,Mistral
6062,23,65,0,0,1,,,text,Mistral
6063,23,67,0,0,1,,,text,Mistral
6064,23,69,1,1,1,,,text,Mistral
6065,23,71,1,1,1,,,text,Mistral
6066,23,73,1,1,1,,,text,Mistral
6067,23,75,1,1,1,,,text,Mistral
6068,23,77,1,1,1,,,text,Mistral
6069,23,79,1,1,1,,,text,Mistral
6070,23,81,1,1,1,,,text,Mistral
6071,23,83,1,1,1,,,text,Mistral
6072,23,85,1,1,1,,,text,Mistral
6073,23,87,1,1,1,,,text,Mistral
6074,23,89,1,1,1,,,text,Mistral
6075,23,91,1,1,1,,,text,Mistral
6076,23,93,1,1,1,,,text,Mistral
6077,23,95,1,1,1,,,text,Mistral
6078,23,97,1,1,1,,,text,Mistral
6079,23,99,1,1,1,,,text,Mistral
6080,23,101,1,1,1,,,text,Mistral
6081,23,103,1,1,1,,,text,Mistral
6082,23,105,1,1,1,,,text,Mistral
6083,23,107,1,1,1,,,text,Mistral
6084,23,109,1,1,1,,,text,Mistral
6085,23,111,1,1,1,,,text,Mistral
6086,23,113,1,1,1,,,text,Mistral
6087,23,115,1,1,1,,,text,Mistral
6088,23,117,0,0,1,,,text,Mistral
6089,23,119,0,0,1,,,text,Mistral
6090,23,121,1,1,1,,,text,Mistral
6091,23,123,0,0,1,,,text,Mistral
6092,23,125,0,0,1,,,text,Mistral
6093,23,127,0,0,1,,,text,Mistral
6094,23,129,0,0,1,,,text,Mistral
6095,23,131,0,0,1,,,text,Mistral
6096,23,133,0,0,1,,,text,Mistral
6097,23,135,0,0,1,,,text,Mistral
6098,23,137,0,0,1,,,text,Mistral
6099,23,139,0,0,1,,,text,Mistral
6100,23,141,0,0,1,,,text,Mistral
6101,23,143,0,0,1,,,text,Mistral
6102,23,145,0,0,1,,,text,Mistral
6103,23,147,0,0,1,,,text,Mistral
6104,23,149,0,0,1,,,text,Mistral
6105,23,151,0,0,1,,,text,Mistral
6106,23,153,0,0,1,,,text,Mistral
6107,23,155,0,0,1,,,text,Mistral
6108,23,157,0,0,1,,,text,Mistral
6109,23,159,0,0,1,,,text,Mistral
6110,23,161,0,0,1,,,text,Mistral
6111,23,163,0,0,1,,,text,Mistral
6112,23,165,0,0,1,,,text,Mistral
6113,23,167,0,0,1,,,text,Mistral
6114,23,169,0,0,1,,,text,Mistral
6115,23,171,0,0,1,,,text,Mistral
6116,23,173,0,0,1,,,text,Mistral
6117,23,175,0,0,1,,,text,Mistral
6118,23,177,0,0,1,,,text,Mistral
6119,23,179,0,0,1,,,text,Mistral
6120,21,-179,0,0,1,,,text,Mistral
6121,21,-177,0,0,1,,,text,Mistral
6122,21,-175,0,0,1,,,text,Mistral
6123,21,-173,0,0,1,,,text,Mistral
6124,21,-171,0,0,1,,,text,Mistral
6125,21,-169,0,0,1,,,text,Mistral
6126,21,-167,0,0,1,,,text,Mistral
6127,21,-165,0,0,1,,,text,Mistral
6128,21,-163,0,0,1,,,text,Mistral
6129,21,-161,0,0,1,,,text,Mistral
6130,21,-159,0,0,1,,,text,Mistral
6131,21,-157,0,0,1,,,text,Mistral
6132,21,-155,0,0,1,,,text,Mistral
6133,21,-153,0,0,1,,,text,Mistral
6134,21,-151,0,0,1,,,text,Mistral
6135,21,-149,0,0,1,,,text,Mistral
6136,21,-147,0,0,1,,,text,Mistral
6137,21,-145,0,0,1,,,text,Mistral
6138,21,-143,0,0,1,,,text,Mistral
6139,21,-141,0,0,1,,,text,Mistral
6140,21,-139,0,0,1,,,text,Mistral
6141,21,-137,0,0,1,,,text,Mistral
6142,21,-135,0,0,1,,,text,Mistral
6143,21,-133,0,0,1,,,text,Mistral
6144,21,-131,0,0,1,,,text,Mistral
6145,21,-129,0,0,1,,,text,Mistral
6146,21,-127,0,0,1,,,text,Mistral
6147,21,-125,0,0,1,,,text,Mistral
6148,21,-123,0,0,1,,,text,Mistral
6149,21,-121,0,0,1,,,text,Mistral
6150,21,-119,0,0,1,,,text,Mistral
6151,21,-117,0,0,1,,,text,Mistral
6152,21,-115,0,0,1,,,text,Mistral
6153,21,-113,0,0,1,,,text,Mistral
6154,21,-111,0,0,1,,,text,Mistral
6155,21,-109,0,0,1,,,text,Mistral
6156,21,-107,0,0,1,,,text,Mistral
6157,21,-105,1,1,1,,,text,Mistral
6158,21,-103,1,1,1,,,text,Mistral
6159,21,-101,1,1,1,,,text,Mistral
6160,21,-99,1,1,1,,,text,Mistral
6161,21,-97,0,0,1,,,text,Mistral
6162,21,-95,0,0,1,,,text,Mistral
6163,21,-93,0,0,1,,,text,Mistral
6164,21,-91,0,0,1,,,text,Mistral
6165,21,-89,1,1,1,,,text,Mistral
6166,21,-87,1,1,1,,,text,Mistral
6167,21,-85,0,0,1,,,text,Mistral
6168,21,-83,0,0,1,,,text,Mistral
6169,21,-81,0,0,1,,,text,Mistral
6170,21,-79,0,0,1,,,text,Mistral
6171,21,-77,1,1,1,,,text,Mistral
6172,21,-75,0,0,1,,,text,Mistral
6173,21,-73,0,0,1,,,text,Mistral
6174,21,-71,0,0,1,,,text,Mistral
6175,21,-69,0,0,1,,,text,Mistral
6176,21,-67,0,0,1,,,text,Mistral
6177,21,-65,0,0,1,,,text,Mistral
6178,21,-63,0,0,1,,,text,Mistral
6179,21,-61,0,0,1,,,text,Mistral
6180,21,-59,0,0,1,,,text,Mistral
6181,21,-57,0,0,1,,,text,Mistral
6182,21,-55,0,0,1,,,text,Mistral
6183,21,-53,0,0,1,,,text,Mistral
6184,21,-51,0,0,1,,,text,Mistral
6185,21,-49,0,0,1,,,text,Mistral
6186,21,-47,0,0,1,,,text,Mistral
6187,21,-45,0,0,1,,,text,Mistral
6188,21,-43,0,0,1,,,text,Mistral
6189,21,-41,0,0,1,,,text,Mistral
6190,21,-39,0,0,1,,,text,Mistral
6191,21,-37,0,0,1,,,text,Mistral
6192,21,-35,0,0,1,,,text,Mistral
6193,21,-33,0,0,1,,,text,Mistral
6194,21,-31,0,0,1,,,text,Mistral
6195,21,-29,0,0,1,,,text,Mistral
6196,21,-27,0,0,1,,,text,Mistral
6197,21,-25,0,0,1,,,text,Mistral
6198,21,-23,0,0,1,,,text,Mistral
6199,21,-21,0,0,1,,,text,Mistral
6200,21,-19,0,0,1,,,text,Mistral
6201,21,-17,0,0,1,,,text,Mistral
6202,21,-15,1,1,1,,,text,Mistral
6203,21,-13,1,1,1,,,text,Mistral
6204,21,-11,1,1,1,,,text,Mistral
6205,21,-9,1,1,1,,,text,Mistral
6206,21,-7,1,1,1,,,text,Mistral
6207,21,-5,1,1,1,,,text,Mistral
6208,21,-3,1,1,1,,,text,Mistral
6209,21,-1,1,1,1,,,text,Mistral
6210,21,1,1,1,1,,,text,Mistral
6211,21,3,1,1,1,,,text,Mistral
6212,21,5,1,1,1,,,text,Mistral
6213,21,7,1,1,1,,,text,Mistral
6214,21,9,1,1,1,,,text,Mistral
6215,21,11,1,1,1,,,text,Mistral
6216,21,13,1,1,1,,,text,Mistral
6217,21,15,1,1,1,,,text,Mistral
6218,21,17,1,1,1,,,text,Mistral
6219,21,19,1,1,1,,,text,Mistral
6220,21,21,1,1,1,,,text,Mistral
6221,21,23,1,1,1,,,text,Mistral
6222,21,25,1,1,1,,,text,Mistral
6223,21,27,1,1,1,,,text,Mistral
6224,21,29,1,1,1,,,text,Mistral
6225,21,31,1,1,1,,,text,Mistral
6226,21,33,1,1,1,,,text,Mistral
6227,21,35,1,1,1,,,text,Mistral
6228,21,37,1,1,1,,,text,Mistral
6229,21,39,0,0,1,,,text,Mistral
6230,21,41,1,1,1,,,text,Mistral
6231,21,43,1,1,1,,,text,Mistral
6232,21,45,1,1,1,,,text,Mistral
6233,21,47,1,1,1,,,text,Mistral
6234,21,49,1,1,1,,,text,Mistral
6235,21,51,1,1,1,,,text,Mistral
6236,21,53,1,1,1,,,text,Mistral
6237,21,55,1,1,1,,,text,Mistral
6238,21,57,1,1,1,,,text,Mistral
6239,21,59,0,0,1,,,text,Mistral
6240,21,61,0,0,1,,,text,Mistral
6241,21,63,0,0,1,,,text,Mistral
6242,21,65,0,0,1,,,text,Mistral
6243,21,67,0,0,1,,,text,Mistral
6244,21,69,0,0,1,,,text,Mistral
6245,21,71,1,1,1,,,text,Mistral
6246,21,73,1,1,1,,,text,Mistral
6247,21,75,1,1,1,,,text,Mistral
6248,21,77,1,1,1,,,text,Mistral
6249,21,79,1,1,1,,,text,Mistral
6250,21,81,1,1,1,,,text,Mistral
6251,21,83,1,1,1,,,text,Mistral
6252,21,85,1,1,1,,,text,Mistral
6253,21,87,0,0,1,,,text,Mistral
6254,21,89,0,0,1,,,text,Mistral
6255,21,91,0,0,1,,,text,Mistral
6256,21,93,1,1,1,,,text,Mistral
6257,21,95,1,1,1,,,text,Mistral
6258,21,97,1,1,1,,,text,Mistral
6259,21,99,1,1,1,,,text,Mistral
6260,21,101,1,1,1,,,text,Mistral
6261,21,103,1,1,1,,,text,Mistral
6262,21,105,1,1,1,,,text,Mistral
6263,21,107,1,1,1,,,text,Mistral
6264,21,109,0,0,1,,,text,Mistral
6265,21,111,0,0,1,,,text,Mistral
6266,21,113,0,0,1,,,text,Mistral
6267,21,115,0,0,1,,,text,Mistral
6268,21,117,0,0,1,,,text,Mistral
6269,21,119,0,0,1,,,text,Mistral
6270,21,121,0,0,1,,,text,Mistral
6271,21,123,0,0,1,,,text,Mistral
6272,21,125,0,0,1,,,text,Mistral
6273,21,127,0,0,1,,,text,Mistral
6274,21,129,0,0,1,,,text,Mistral
6275,21,131,0,0,1,,,text,Mistral
6276,21,133,0,0,1,,,text,Mistral
6277,21,135,0,0,1,,,text,Mistral
6278,21,137,0,0,1,,,text,Mistral
6279,21,139,0,0,1,,,text,Mistral
6280,21,141,0,0,1,,,text,Mistral
6281,21,143,0,0,1,,,text,Mistral
6282,21,145,0,0,1,,,text,Mistral
6283,21,147,0,0,1,,,text,Mistral
6284,21,149,0,0,1,,,text,Mistral
6285,21,151,0,0,1,,,text,Mistral
6286,21,153,0,0,1,,,text,Mistral
6287,21,155,0,0,1,,,text,Mistral
6288,21,157,0,0,1,,,text,Mistral
6289,21,159,0,0,1,,,text,Mistral
6290,21,161,0,0,1,,,text,Mistral
6291,21,163,0,0,1,,,text,Mistral
6292,21,165,0,0,1,,,text,Mistral
6293,21,167,0,0,1,,,text,Mistral
6294,21,169,0,0,1,,,text,Mistral
6295,21,171,0,0,1,,,text,Mistral
6296,21,173,0,0,1,,,text,Mistral
6297,21,175,0,0,1,,,text,Mistral
6298,21,177,0,0,1,,,text,Mistral
6299,21,179,0,0,1,,,text,Mistral
6300,19,-179,0,0,1,,,text,Mistral
6301,19,-177,0,0,1,,,text,Mistral
6302,19,-175,0,0,1,,,text,Mistral
6303,19,-173,0,0,1,,,text,Mistral
6304,19,-171,0,0,1,,,text,Mistral
6305,19,-169,0,0,1,,,text,Mistral
6306,19,-167,0,0,1,,,text,Mistral
6307,19,-165,0,0,1,,,text,Mistral
6308,19,-163,0,0,1,,,text,Mistral
6309,19,-161,0,0,1,,,text,Mistral
6310,19,-159,0,0,1,,,text,Mistral
6311,19,-157,0,0,1,,,text,Mistral
6312,19,-155,0,0,1,,,text,Mistral
6313,19,-153,0,0,1,,,text,Mistral
6314,19,-151,0,0,1,,,text,Mistral
6315,19,-149,0,0,1,,,text,Mistral
6316,19,-147,0,0,1,,,text,Mistral
6317,19,-145,0,0,1,,,text,Mistral
6318,19,-143,0,0,1,,,text,Mistral
6319,19,-141,0,0,1,,,text,Mistral
6320,19,-139,0,0,1,,,text,Mistral
6321,19,-137,0,0,1,,,text,Mistral
6322,19,-135,0,0,1,,,text,Mistral
6323,19,-133,0,0,1,,,text,Mistral
6324,19,-131,0,0,1,,,text,Mistral
6325,19,-129,0,0,1,,,text,Mistral
6326,19,-127,0,0,1,,,text,Mistral
6327,19,-125,0,0,1,,,text,Mistral
6328,19,-123,0,0,1,,,text,Mistral
6329,19,-121,0,0,1,,,text,Mistral
6330,19,-119,0,0,1,,,text,Mistral
6331,19,-117,0,0,1,,,text,Mistral
6332,19,-115,0,0,1,,,text,Mistral
6333,19,-113,0,0,1,,,text,Mistral
6334,19,-111,0,0,1,,,text,Mistral
6335,19,-109,0,0,1,,,text,Mistral
6336,19,-107,0,0,1,,,text,Mistral
6337,19,-105,0,0,1,,,text,Mistral
6338,19,-103,1,1,1,,,text,Mistral
6339,19,-101,1,1,1,,,text,Mistral
6340,19,-99,1,1,1,,,text,Mistral
6341,19,-97,1,1,1,,,text,Mistral
6342,19,-95,0,0,1,,,text,Mistral
6343,19,-93,0,0,1,,,text,Mistral
6344,19,-91,1,1,1,,,text,Mistral
6345,19,-89,1,1,1,,,text,Mistral
6346,19,-87,0,0,1,,,text,Mistral
6347,19,-85,0,0,1,,,text,Mistral
6348,19,-83,0,0,1,,,text,Mistral
6349,19,-81,0,0,1,,,text,Mistral
6350,19,-79,0,0,1,,,text,Mistral
6351,19,-77,0,0,1,,,text,Mistral
6352,19,-75,0,0,1,,,text,Mistral
6353,19,-73,0,0,1,,,text,Mistral
6354,19,-71,1,1,1,,,text,Mistral
6355,19,-69,1,1,1,,,text,Mistral
6356,19,-67,0,0,1,,,text,Mistral
6357,19,-65,0,0,1,,,text,Mistral
6358,19,-63,0,0,1,,,text,Mistral
6359,19,-61,0,0,1,,,text,Mistral
6360,19,-59,0,0,1,,,text,Mistral
6361,19,-57,0,0,1,,,text,Mistral
6362,19,-55,0,0,1,,,text,Mistral
6363,19,-53,0,0,1,,,text,Mistral
6364,19,-51,0,0,1,,,text,Mistral
6365,19,-49,0,0,1,,,text,Mistral
6366,19,-47,0,0,1,,,text,Mistral
6367,19,-45,0,0,1,,,text,Mistral
6368,19,-43,0,0,1,,,text,Mistral
6369,19,-41,0,0,1,,,text,Mistral
6370,19,-39,0,0,1,,,text,Mistral
6371,19,-37,0,0,1,,,text,Mistral
6372,19,-35,0,0,1,,,text,Mistral
6373,19,-33,0,0,1,,,text,Mistral
6374,19,-31,0,0,1,,,text,Mistral
6375,19,-29,0,0,1,,,text,Mistral
6376,19,-27,0,0,1,,,text,Mistral
6377,19,-25,0,0,1,,,text,Mistral
6378,19,-23,0,0,1,,,text,Mistral
6379,19,-21,0,0,1,,,text,Mistral
6380,19,-19,0,0,1,,,text,Mistral
6381,19,-17,0,0,1,,,text,Mistral
6382,19,-15,1,1,1,,,text,Mistral
6383,19,-13,1,1,1,,,text,Mistral
6384,19,-11,1,1,1,,,text,Mistral
6385,19,-9,1,1,1,,,text,Mistral
6386,19,-7,1,1,1,,,text,Mistral
6387,19,-5,1,1,1,,,text,Mistral
6388,19,-3,1,1,1,,,text,Mistral
6389,19,-1,1,1,1,,,text,Mistral
6390,19,1,1,1,1,,,text,Mistral
6391,19,3,1,1,1,,,text,Mistral
6392,19,5,1,1,1,,,text,Mistral
6393,19,7,1,1,1,,,text,Mistral
6394,19,9,1,1,1,,,text,Mistral
6395,19,11,1,1,1,,,text,Mistral
6396,19,13,1,1,1,,,text,Mistral
6397,19,15,1,1,1,,,text,Mistral
6398,19,17,1,1,1,,,text,Mistral
6399,19,19,1,1,1,,,text,Mistral
6400,19,21,1,1,1,,,text,Mistral
6401,19,23,1,1,1,,,text,Mistral
6402,19,25,1,1,1,,,text,Mistral
6403,19,27,1,1,1,,,text,Mistral
6404,19,29,1,1,1,,,text,Mistral
6405,19,31,1,1,1,,,text,Mistral
6406,19,33,1,1,1,,,text,Mistral
6407,19,35,1,1,1,,,text,Mistral
6408,19,37,1,1,1,,,text,Mistral
6409,19,39,0,0,1,,,text,Mistral
6410,19,41,0,0,1,,,text,Mistral
6411,19,43,1,1,1,,,text,Mistral
6412,19,45,1,1,1,,,text,Mistral
6413,19,47,1,1,1,,,text,Mistral
6414,19,49,1,1,1,,,text,Mistral
6415,19,51,1,1,1,,,text,Mistral
6416,19,53,1,1,1,,,text,Mistral
6417,19,55,1,1,1,,,text,Mistral
6418,19,57,1,1,1,,,text,Mistral
6419,19,59,0,0,1,,,text,Mistral
6420,19,61,0,0,1,,,text,Mistral
6421,19,63,0,0,1,,,text,Mistral
6422,19,65,0,0,1,,,text,Mistral
6423,19,67,0,0,1,,,text,Mistral
6424,19,69,0,0,1,,,text,Mistral
6425,19,71,0,0,1,,,text,Mistral
6426,19,73,0,0,1,,,text,Mistral
6427,19,75,1,1,1,,,text,Mistral
6428,19,77,1,1,1,,,text,Mistral
6429,19,79,1,1,1,,,text,Mistral
6430,19,81,1,1,1,,,text,Mistral
6431,19,83,1,1,1,,,text,Mistral
6432,19,85,0,0,1,,,text,Mistral
6433,19,87,0,0,1,,,text,Mistral
6434,19,89,0,0,1,,,text,Mistral
6435,19,91,0,0,1,,,text,Mistral
6436,19,93,0,0,1,,,text,Mistral
6437,19,95,1,1,1,,,text,Mistral
6438,19,97,1,1,1,,,text,Mistral
6439,19,99,1,1,1,,,text,Mistral
6440,19,101,1,1,1,,,text,Mistral
6441,19,103,1,1,1,,,text,Mistral
6442,19,105,1,1,1,,,text,Mistral
6443,19,107,0,0,1,,,text,Mistral
6444,19,109,1,1,1,,,text,Mistral
6445,19,111,0,0,1,,,text,Mistral
6446,19,113,0,0,1,,,text,Mistral
6447,19,115,0,0,1,,,text,Mistral
6448,19,117,0,0,1,,,text,Mistral
6449,19,119,0,0,1,,,text,Mistral
6450,19,121,0,0,1,,,text,Mistral
6451,19,123,0,0,1,,,text,Mistral
6452,19,125,0,0,1,,,text,Mistral
6453,19,127,0,0,1,,,text,Mistral
6454,19,129,0,0,1,,,text,Mistral
6455,19,131,0,0,1,,,text,Mistral
6456,19,133,0,0,1,,,text,Mistral
6457,19,135,0,0,1,,,text,Mistral
6458,19,137,0,0,1,,,text,Mistral
6459,19,139,0,0,1,,,text,Mistral
6460,19,141,0,0,1,,,text,Mistral
6461,19,143,0,0,1,,,text,Mistral
6462,19,145,0,0,1,,,text,Mistral
6463,19,147,0,0,1,,,text,Mistral
6464,19,149,0,0,1,,,text,Mistral
6465,19,151,0,0,1,,,text,Mistral
6466,19,153,0,0,1,,,text,Mistral
6467,19,155,0,0,1,,,text,Mistral
6468,19,157,0,0,1,,,text,Mistral
6469,19,159,0,0,1,,,text,Mistral
6470,19,161,0,0,1,,,text,Mistral
6471,19,163,0,0,1,,,text,Mistral
6472,19,165,0,0,1,,,text,Mistral
6473,19,167,0,0,1,,,text,Mistral
6474,19,169,0,0,1,,,text,Mistral
6475,19,171,0,0,1,,,text,Mistral
6476,19,173,0,0,1,,,text,Mistral
6477,19,175,0,0,1,,,text,Mistral
6478,19,177,0,0,1,,,text,Mistral
6479,19,179,0,0,1,,,text,Mistral
6480,17,-179,0,0,1,,,text,Mistral
6481,17,-177,0,0,1,,,text,Mistral
6482,17,-175,0,0,1,,,text,Mistral
6483,17,-173,0,0,1,,,text,Mistral
6484,17,-171,0,0,1,,,text,Mistral
6485,17,-169,0,0,1,,,text,Mistral
6486,17,-167,0,0,1,,,text,Mistral
6487,17,-165,0,0,1,,,text,Mistral
6488,17,-163,0,0,1,,,text,Mistral
6489,17,-161,0,0,1,,,text,Mistral
6490,17,-159,0,0,1,,,text,Mistral
6491,17,-157,0,0,1,,,text,Mistral
6492,17,-155,0,0,1,,,text,Mistral
6493,17,-153,0,0,1,,,text,Mistral
6494,17,-151,0,0,1,,,text,Mistral
6495,17,-149,0,0,1,,,text,Mistral
6496,17,-147,0,0,1,,,text,Mistral
6497,17,-145,0,0,1,,,text,Mistral
6498,17,-143,0,0,1,,,text,Mistral
6499,17,-141,0,0,1,,,text,Mistral
6500,17,-139,0,0,1,,,text,Mistral
6501,17,-137,0,0,1,,,text,Mistral
6502,17,-135,0,0,1,,,text,Mistral
6503,17,-133,0,0,1,,,text,Mistral
6504,17,-131,0,0,1,,,text,Mistral
6505,17,-129,0,0,1,,,text,Mistral
6506,17,-127,0,0,1,,,text,Mistral
6507,17,-125,0,0,1,,,text,Mistral
6508,17,-123,0,0,1,,,text,Mistral
6509,17,-121,0,0,1,,,text,Mistral
6510,17,-119,0,0,1,,,text,Mistral
6511,17,-117,0,0,1,,,text,Mistral
6512,17,-115,0,0,1,,,text,Mistral
6513,17,-113,0,0,1,,,text,Mistral
6514,17,-111,0,0,1,,,text,Mistral
6515,17,-109,0,0,1,,,text,Mistral
6516,17,-107,0,0,1,,,text,Mistral
6517,17,-105,0,0,1,,,text,Mistral
6518,17,-103,0,0,1,,,text,Mistral
6519,17,-101,0,0,1,,,text,Mistral
6520,17,-99,1,1,1,,,text,Mistral
6521,17,-97,1,1,1,,,text,Mistral
6522,17,-95,1,1,1,,,text,Mistral
6523,17,-93,1,1,1,,,text,Mistral
6524,17,-91,1,1,1,,,text,Mistral
6525,17,-89,1,1,1,,,text,Mistral
6526,17,-87,0,0,1,,,text,Mistral
6527,17,-85,0,0,1,,,text,Mistral
6528,17,-83,0,0,1,,,text,Mistral
6529,17,-81,0,0,1,,,text,Mistral
6530,17,-79,0,0,1,,,text,Mistral
6531,17,-77,0,0,1,,,text,Mistral
6532,17,-75,0,0,1,,,text,Mistral
6533,17,-73,0,0,1,,,text,Mistral
6534,17,-71,0,0,1,,,text,Mistral
6535,17,-69,0,0,1,,,text,Mistral
6536,17,-67,0,0,1,,,text,Mistral
6537,17,-65,0,0,1,,,text,Mistral
6538,17,-63,0,0,1,,,text,Mistral
6539,17,-61,0,0,1,,,text,Mistral
6540,17,-59,0,0,1,,,text,Mistral
6541,17,-57,0,0,1,,,text,Mistral
6542,17,-55,0,0,1,,,text,Mistral
6543,17,-53,0,0,1,,,text,Mistral
6544,17,-51,0,0,1,,,text,Mistral
6545,17,-49,0,0,1,,,text,Mistral
6546,17,-47,0,0,1,,,text,Mistral
6547,17,-45,0,0,1,,,text,Mistral
6548,17,-43,0,0,1,,,text,Mistral
6549,17,-41,0,0,1,,,text,Mistral
6550,17,-39,0,0,1,,,text,Mistral
6551,17,-37,0,0,1,,,text,Mistral
6552,17,-35,0,0,1,,,text,Mistral
6553,17,-33,0,0,1,,,text,Mistral
6554,17,-31,0,0,1,,,text,Mistral
6555,17,-29,0,0,1,,,text,Mistral
6556,17,-27,0,0,1,,,text,Mistral
6557,17,-25,0,0,1,,,text,Mistral
6558,17,-23,0,0,1,,,text,Mistral
6559,17,-21,0,0,1,,,text,Mistral
6560,17,-19,0,0,1,,,text,Mistral
6561,17,-17,0,0,1,,,text,Mistral
6562,17,-15,1,1,1,,,text,Mistral
6563,17,-13,1,1,1,,,text,Mistral
6564,17,-11,1,1,1,,,text,Mistral
6565,17,-9,1,1,1,,,text,Mistral
6566,17,-7,1,1,1,,,text,Mistral
6567,17,-5,1,1,1,,,text,Mistral
6568,17,-3,1,1,1,,,text,Mistral
6569,17,-1,1,1,1,,,text,Mistral
6570,17,1,1,1,1,,,text,Mistral
6571,17,3,1,1,1,,,text,Mistral
6572,17,5,1,1,1,,,text,Mistral
6573,17,7,1,1,1,,,text,Mistral
6574,17,9,1,1,1,,,text,Mistral
6575,17,11,1,1,1,,,text,Mistral
6576,17,13,1,1,1,,,text,Mistral
6577,17,15,1,1,1,,,text,Mistral
6578,17,17,1,1,1,,,text,Mistral
6579,17,19,1,1,1,,,text,Mistral
6580,17,21,1,1,1,,,text,Mistral
6581,17,23,1,1,1,,,text,Mistral
6582,17,25,1,1,1,,,text,Mistral
6583,17,27,1,1,1,,,text,Mistral
6584,17,29,1,1,1,,,text,Mistral
6585,17,31,1,1,1,,,text,Mistral
6586,17,33,1,1,1,,,text,Mistral
6587,17,35,1,1,1,,,text,Mistral
6588,17,37,1,1,1,,,text,Mistral
6589,17,39,1,1,1,,,text,Mistral
6590,17,41,0,0,1,,,text,Mistral
6591,17,43,1,1,1,,,text,Mistral
6592,17,45,1,1,1,,,text,Mistral
6593,17,47,1,1,1,,,text,Mistral
6594,17,49,1,1,1,,,text,Mistral
6595,17,51,1,1,1,,,text,Mistral
6596,17,53,1,1,1,,,text,Mistral
6597,17,55,0,0,1,,,text,Mistral
6598,17,57,0,0,1,,,text,Mistral
6599,17,59,0,0,1,,,text,Mistral
6600,17,61,0,0,1,,,text,Mistral
6601,17,63,0,0,1,,,text,Mistral
6602,17,65,0,0,1,,,text,Mistral
6603,17,67,0,0,1,,,text,Mistral
6604,17,69,0,0,1,,,text,Mistral
6605,17,71,0,0,1,,,text,Mistral
6606,17,73,0,0,1,,,text,Mistral
6607,17,75,1,1,1,,,text,Mistral
6608,17,77,1,1,1,,,text,Mistral
6609,17,79,1,1,1,,,text,Mistral
6610,17,81,1,1,1,,,text,Mistral
6611,17,83,0,0,1,,,text,Mistral
6612,17,85,0,0,1,,,text,Mistral
6613,17,87,0,0,1,,,text,Mistral
6614,17,89,0,0,1,,,text,Mistral
6615,17,91,0,0,1,,,text,Mistral
6616,17,93,0,0,1,,,text,Mistral
6617,17,95,1,1,1,,,text,Mistral
6618,17,97,0,0,1,,,text,Mistral
6619,17,99,1,1,1,,,text,Mistral
6620,17,101,1,1,1,,,text,Mistral
6621,17,103,1,1,1,,,text,Mistral
6622,17,105,1,1,1,,,text,Mistral
6623,17,107,1,1,1,,,text,Mistral
6624,17,109,0,0,1,,,text,Mistral
6625,17,111,0,0,1,,,text,Mistral
6626,17,113,0,0,1,,,text,Mistral
6627,17,115,0,0,1,,,text,Mistral
6628,17,117,0,0,1,,,text,Mistral
6629,17,119,0,0,1,,,text,Mistral
6630,17,121,1,1,1,,,text,Mistral
6631,17,123,0,0,1,,,text,Mistral
6632,17,125,0,0,1,,,text,Mistral
6633,17,127,0,0,1,,,text,Mistral
6634,17,129,0,0,1,,,text,Mistral
6635,17,131,0,0,1,,,text,Mistral
6636,17,133,0,0,1,,,text,Mistral
6637,17,135,0,0,1,,,text,Mistral
6638,17,137,0,0,1,,,text,Mistral
6639,17,139,0,0,1,,,text,Mistral
6640,17,141,0,0,1,,,text,Mistral
6641,17,143,0,0,1,,,text,Mistral
6642,17,145,0,0,1,,,text,Mistral
6643,17,147,0,0,1,,,text,Mistral
6644,17,149,0,0,1,,,text,Mistral
6645,17,151,0,0,1,,,text,Mistral
6646,17,153,0,0,1,,,text,Mistral
6647,17,155,0,0,1,,,text,Mistral
6648,17,157,0,0,1,,,text,Mistral
6649,17,159,0,0,1,,,text,Mistral
6650,17,161,0,0,1,,,text,Mistral
6651,17,163,0,0,1,,,text,Mistral
6652,17,165,0,0,1,,,text,Mistral
6653,17,167,0,0,1,,,text,Mistral
6654,17,169,0,0,1,,,text,Mistral
6655,17,171,0,0,1,,,text,Mistral
6656,17,173,0,0,1,,,text,Mistral
6657,17,175,0,0,1,,,text,Mistral
6658,17,177,0,0,1,,,text,Mistral
6659,17,179,0,0,1,,,text,Mistral
6660,15,-179,0,0,1,,,text,Mistral
6661,15,-177,0,0,1,,,text,Mistral
6662,15,-175,0,0,1,,,text,Mistral
6663,15,-173,0,0,1,,,text,Mistral
6664,15,-171,0,0,1,,,text,Mistral
6665,15,-169,0,0,1,,,text,Mistral
6666,15,-167,0,0,1,,,text,Mistral
6667,15,-165,0,0,1,,,text,Mistral
6668,15,-163,0,0,1,,,text,Mistral
6669,15,-161,0,0,1,,,text,Mistral
6670,15,-159,0,0,1,,,text,Mistral
6671,15,-157,0,0,1,,,text,Mistral
6672,15,-155,0,0,1,,,text,Mistral
6673,15,-153,0,0,1,,,text,Mistral
6674,15,-151,0,0,1,,,text,Mistral
6675,15,-149,0,0,1,,,text,Mistral
6676,15,-147,0,0,1,,,text,Mistral
6677,15,-145,0,0,1,,,text,Mistral
6678,15,-143,0,0,1,,,text,Mistral
6679,15,-141,0,0,1,,,text,Mistral
6680,15,-139,0,0,1,,,text,Mistral
6681,15,-137,0,0,1,,,text,Mistral
6682,15,-135,0,0,1,,,text,Mistral
6683,15,-133,0,0,1,,,text,Mistral
6684,15,-131,0,0,1,,,text,Mistral
6685,15,-129,0,0,1,,,text,Mistral
6686,15,-127,0,0,1,,,text,Mistral
6687,15,-125,0,0,1,,,text,Mistral
6688,15,-123,0,0,1,,,text,Mistral
6689,15,-121,0,0,1,,,text,Mistral
6690,15,-119,0,0,1,,,text,Mistral
6691,15,-117,0,0,1,,,text,Mistral
6692,15,-115,0,0,1,,,text,Mistral
6693,15,-113,0,0,1,,,text,Mistral
6694,15,-111,0,0,1,,,text,Mistral
6695,15,-109,0,0,1,,,text,Mistral
6696,15,-107,0,0,1,,,text,Mistral
6697,15,-105,0,0,1,,,text,Mistral
6698,15,-103,0,0,1,,,text,Mistral
6699,15,-101,0,0,1,,,text,Mistral
6700,15,-99,0,0,1,,,text,Mistral
6701,15,-97,0,0,1,,,text,Mistral
6702,15,-95,0,0,1,,,text,Mistral
6703,15,-93,0,0,1,,,text,Mistral
6704,15,-91,1,1,1,,,text,Mistral
6705,15,-89,1,1,1,,,text,Mistral
6706,15,-87,1,1,1,,,text,Mistral
6707,15,-85,1,1,1,,,text,Mistral
6708,15,-83,0,0,1,,,text,Mistral
6709,15,-81,0,0,1,,,text,Mistral
6710,15,-79,0,0,1,,,text,Mistral
6711,15,-77,0,0,1,,,text,Mistral
6712,15,-75,0,0,1,,,text,Mistral
6713,15,-73,0,0,1,,,text,Mistral
6714,15,-71,0,0,1,,,text,Mistral
6715,15,-69,0,0,1,,,text,Mistral
6716,15,-67,0,0,1,,,text,Mistral
6717,15,-65,0,0,1,,,text,Mistral
6718,15,-63,0,0,1,,,text,Mistral
6719,15,-61,0,0,1,,,text,Mistral
6720,15,-59,0,0,1,,,text,Mistral
6721,15,-57,0,0,1,,,text,Mistral
6722,15,-55,0,0,1,,,text,Mistral
6723,15,-53,0,0,1,,,text,Mistral
6724,15,-51,0,0,1,,,text,Mistral
6725,15,-49,0,0,1,,,text,Mistral
6726,15,-47,0,0,1,,,text,Mistral
6727,15,-45,0,0,1,,,text,Mistral
6728,15,-43,0,0,1,,,text,Mistral
6729,15,-41,0,0,1,,,text,Mistral
6730,15,-39,0,0,1,,,text,Mistral
6731,15,-37,0,0,1,,,text,Mistral
6732,15,-35,0,0,1,,,text,Mistral
6733,15,-33,0,0,1,,,text,Mistral
6734,15,-31,0,0,1,,,text,Mistral
6735,15,-29,0,0,1,,,text,Mistral
6736,15,-27,0,0,1,,,text,Mistral
6737,15,-25,0,0,1,,,text,Mistral
6738,15,-23,0,0,1,,,text,Mistral
6739,15,-21,0,0,1,,,text,Mistral
6740,15,-19,0,0,1,,,text,Mistral
6741,15,-17,1,1,1,,,text,Mistral
6742,15,-15,1,1,1,,,text,Mistral
6743,15,-13,1,1,1,,,text,Mistral
6744,15,-11,1,1,1,,,text,Mistral
6745,15,-9,1,1,1,,,text,Mistral
6746,15,-7,1,1,1,,,text,Mistral
6747,15,-5,1,1,1,,,text,Mistral
6748,15,-3,1,1,1,,,text,Mistral
6749,15,-1,1,1,1,,,text,Mistral
6750,15,1,1,1,1,,,text,Mistral
6751,15,3,1,1,1,,,text,Mistral
6752,15,5,1,1,1,,,text,Mistral
6753,15,7,1,1,1,,,text,Mistral
6754,15,9,1,1,1,,,text,Mistral
6755,15,11,1,1,1,,,text,Mistral
6756,15,13,1,1,1,,,text,Mistral
6757,15,15,1,1,1,,,text,Mistral
6758,15,17,1,1,1,,,text,Mistral
6759,15,19,1,1,1,,,text,Mistral
6760,15,21,1,1,1,,,text,Mistral
6761,15,23,1,1,1,,,text,Mistral
6762,15,25,1,1,1,,,text,Mistral
6763,15,27,1,1,1,,,text,Mistral
6764,15,29,1,1,1,,,text,Mistral
6765,15,31,1,1,1,,,text,Mistral
6766,15,33,1,1,1,,,text,Mistral
6767,15,35,1,1,1,,,text,Mistral
6768,15,37,1,1,1,,,text,Mistral
6769,15,39,1,1,1,,,text,Mistral
6770,15,41,0,0,1,,,text,Mistral
6771,15,43,1,1,1,,,text,Mistral
6772,15,45,1,1,1,,,text,Mistral
6773,15,47,1,1,1,,,text,Mistral
6774,15,49,1,1,1,,,text,Mistral
6775,15,51,0,0,1,,,text,Mistral
6776,15,53,0,0,1,,,text,Mistral
6777,15,55,0,0,1,,,text,Mistral
6778,15,57,0,0,1,,,text,Mistral
6779,15,59,0,0,1,,,text,Mistral
6780,15,61,0,0,1,,,text,Mistral
6781,15,63,0,0,1,,,text,Mistral
6782,15,65,0,0,1,,,text,Mistral
6783,15,67,0,0,1,,,text,Mistral
6784,15,69,0,0,1,,,text,Mistral
6785,15,71,0,0,1,,,text,Mistral
6786,15,73,0,0,1,,,text,Mistral
6787,15,75,1,1,1,,,text,Mistral
6788,15,77,1,1,1,,,text,Mistral
6789,15,79,1,1,1,,,text,Mistral
6790,15,81,0,0,1,,,text,Mistral
6791,15,83,0,0,1,,,text,Mistral
6792,15,85,0,0,1,,,text,Mistral
6793,15,87,0,0,1,,,text,Mistral
6794,15,89,0,0,1,,,text,Mistral
6795,15,91,0,0,1,,,text,Mistral
6796,15,93,0,0,1,,,text,Mistral
6797,15,95,0,0,1,,,text,Mistral
6798,15,97,0,0,1,,,text,Mistral
6799,15,99,1,1,1,,,text,Mistral
6800,15,101,1,1,1,,,text,Mistral
6801,15,103,1,1,1,,,text,Mistral
6802,15,105,1,1,1,,,text,Mistral
6803,15,107,1,1,1,,,text,Mistral
6804,15,109,0,0,1,,,text,Mistral
6805,15,111,0,0,1,,,text,Mistral
6806,15,113,0,0,1,,,text,Mistral
6807,15,115,0,0,1,,,text,Mistral
6808,15,117,0,0,1,,,text,Mistral
6809,15,119,0,0,1,,,text,Mistral
6810,15,121,1,1,1,,,text,Mistral
6811,15,123,0,0,1,,,text,Mistral
6812,15,125,0,0,1,,,text,Mistral
6813,15,127,0,0,1,,,text,Mistral
6814,15,129,0,0,1,,,text,Mistral
6815,15,131,0,0,1,,,text,Mistral
6816,15,133,0,0,1,,,text,Mistral
6817,15,135,0,0,1,,,text,Mistral
6818,15,137,0,0,1,,,text,Mistral
6819,15,139,0,0,1,,,text,Mistral
6820,15,141,0,0,1,,,text,Mistral
6821,15,143,0,0,1,,,text,Mistral
6822,15,145,0,0,1,,,text,Mistral
6823,15,147,0,0,1,,,text,Mistral
6824,15,149,0,0,1,,,text,Mistral
6825,15,151,0,0,1,,,text,Mistral
6826,15,153,0,0,1,,,text,Mistral
6827,15,155,0,0,1,,,text,Mistral
6828,15,157,0,0,1,,,text,Mistral
6829,15,159,0,0,1,,,text,Mistral
6830,15,161,0,0,1,,,text,Mistral
6831,15,163,0,0,1,,,text,Mistral
6832,15,165,0,0,1,,,text,Mistral
6833,15,167,0,0,1,,,text,Mistral
6834,15,169,0,0,1,,,text,Mistral
6835,15,171,0,0,1,,,text,Mistral
6836,15,173,0,0,1,,,text,Mistral
6837,15,175,0,0,1,,,text,Mistral
6838,15,177,0,0,1,,,text,Mistral
6839,15,179,0,0,1,,,text,Mistral
6840,13,-179,0,0,1,,,text,Mistral
6841,13,-177,0,0,1,,,text,Mistral
6842,13,-175,0,0,1,,,text,Mistral
6843,13,-173,0,0,1,,,text,Mistral
6844,13,-171,0,0,1,,,text,Mistral
6845,13,-169,0,0,1,,,text,Mistral
6846,13,-167,0,0,1,,,text,Mistral
6847,13,-165,0,0,1,,,text,Mistral
6848,13,-163,0,0,1,,,text,Mistral
6849,13,-161,0,0,1,,,text,Mistral
6850,13,-159,0,0,1,,,text,Mistral
6851,13,-157,0,0,1,,,text,Mistral
6852,13,-155,0,0,1,,,text,Mistral
6853,13,-153,0,0,1,,,text,Mistral
6854,13,-151,0,0,1,,,text,Mistral
6855,13,-149,0,0,1,,,text,Mistral
6856,13,-147,0,0,1,,,text,Mistral
6857,13,-145,0,0,1,,,text,Mistral
6858,13,-143,0,0,1,,,text,Mistral
6859,13,-141,0,0,1,,,text,Mistral
6860,13,-139,0,0,1,,,text,Mistral
6861,13,-137,0,0,1,,,text,Mistral
6862,13,-135,0,0,1,,,text,Mistral
6863,13,-133,0,0,1,,,text,Mistral
6864,13,-131,0,0,1,,,text,Mistral
6865,13,-129,0,0,1,,,text,Mistral
6866,13,-127,0,0,1,,,text,Mistral
6867,13,-125,0,0,1,,,text,Mistral
6868,13,-123,0,0,1,,,text,Mistral
6869,13,-121,0,0,1,,,text,Mistral
6870,13,-119,0,0,1,,,text,Mistral
6871,13,-117,0,0,1,,,text,Mistral
6872,13,-115,0,0,1,,,text,Mistral
6873,13,-113,0,0,1,,,text,Mistral
6874,13,-111,0,0,1,,,text,Mistral
6875,13,-109,0,0,1,,,text,Mistral
6876,13,-107,0,0,1,,,text,Mistral
6877,13,-105,0,0,1,,,text,Mistral
6878,13,-103,0,0,1,,,text,Mistral
6879,13,-101,0,0,1,,,text,Mistral
6880,13,-99,0,0,1,,,text,Mistral
6881,13,-97,0,0,1,,,text,Mistral
6882,13,-95,0,0,1,,,text,Mistral
6883,13,-93,0,0,1,,,text,Mistral
6884,13,-91,0,0,1,,,text,Mistral
6885,13,-89,0,0,1,,,text,Mistral
6886,13,-87,1,1,1,,,text,Mistral
6887,13,-85,1,1,1,,,text,Mistral
6888,13,-83,0,0,1,,,text,Mistral
6889,13,-81,0,0,1,,,text,Mistral
6890,13,-79,0,0,1,,,text,Mistral
6891,13,-77,0,0,1,,,text,Mistral
6892,13,-75,0,0,1,,,text,Mistral
6893,13,-73,0,0,1,,,text,Mistral
6894,13,-71,0,0,1,,,text,Mistral
6895,13,-69,0,0,1,,,text,Mistral
6896,13,-67,0,0,1,,,text,Mistral
6897,13,-65,0,0,1,,,text,Mistral
6898,13,-63,0,0,1,,,text,Mistral
6899,13,-61,0,0,1,,,text,Mistral
6900,13,-59,0,0,1,,,text,Mistral
6901,13,-57,0,0,1,,,text,Mistral
6902,13,-55,0,0,1,,,text,Mistral
6903,13,-53,0,0,1,,,text,Mistral
6904,13,-51,0,0,1,,,text,Mistral
6905,13,-49,0,0,1,,,text,Mistral
6906,13,-47,0,0,1,,,text,Mistral
6907,13,-45,0,0,1,,,text,Mistral
6908,13,-43,0,0,1,,,text,Mistral
6909,13,-41,0,0,1,,,text,Mistral
6910,13,-39,0,0,1,,,text,Mistral
6911,13,-37,0,0,1,,,text,Mistral
6912,13,-35,0,0,1,,,text,Mistral
6913,13,-33,0,0,1,,,text,Mistral
6914,13,-31,0,0,1,,,text,Mistral
6915,13,-29,0,0,1,,,text,Mistral
6916,13,-27,0,0,1,,,text,Mistral
6917,13,-25,0,0,1,,,text,Mistral
6918,13,-23,0,0,1,,,text,Mistral
6919,13,-21,0,0,1,,,text,Mistral
6920,13,-19,0,0,1,,,text,Mistral
6921,13,-17,0,0,1,,,text,Mistral
6922,13,-15,1,1,1,,,text,Mistral
6923,13,-13,1,1,1,,,text,Mistral
6924,13,-11,1,1,1,,,text,Mistral
6925,13,-9,1,1,1,,,text,Mistral
6926,13,-7,1,1,1,,,text,Mistral
6927,13,-5,1,1,1,,,text,Mistral
6928,13,-3,1,1,1,,,text,Mistral
6929,13,-1,1,1,1,,,text,Mistral
6930,13,1,1,1,1,,,text,Mistral
6931,13,3,1,1,1,,,text,Mistral
6932,13,5,1,1,1,,,text,Mistral
6933,13,7,1,1,1,,,text,Mistral
6934,13,9,1,1,1,,,text,Mistral
6935,13,11,1,1,1,,,text,Mistral
6936,13,13,1,1,1,,,text,Mistral
6937,13,15,1,1,1,,,text,Mistral
6938,13,17,1,1,1,,,text,Mistral
6939,13,19,1,1,1,,,text,Mistral
6940,13,21,1,1,1,,,text,Mistral
6941,13,23,1,1,1,,,text,Mistral
6942,13,25,1,1,1,,,text,Mistral
6943,13,27,1,1,1,,,text,Mistral
6944,13,29,1,1,1,,,text,Mistral
6945,13,31,1,1,1,,,text,Mistral
6946,13,33,1,1,1,,,text,Mistral
6947,13,35,1,1,1,,,text,Mistral
6948,13,37,1,1,1,,,text,Mistral
6949,13,39,1,1,1,,,text,Mistral
6950,13,41,1,1,1,,,text,Mistral
6951,13,43,0,0,1,,,text,Mistral
6952,13,45,1,1,1,,,text,Mistral
6953,13,47,0,0,1,,,text,Mistral
6954,13,49,0,0,1,,,text,Mistral
6955,13,51,0,0,1,,,text,Mistral
6956,13,53,0,0,1,,,text,Mistral
6957,13,55,0,0,1,,,text,Mistral
6958,13,57,0,0,1,,,text,Mistral
6959,13,59,0,0,1,,,text,Mistral
6960,13,61,0,0,1,,,text,Mistral
6961,13,63,0,0,1,,,text,Mistral
6962,13,65,0,0,1,,,text,Mistral
6963,13,67,0,0,1,,,text,Mistral
6964,13,69,0,0,1,,,text,Mistral
6965,13,71,0,0,1,,,text,Mistral
6966,13,73,0,0,1,,,text,Mistral
6967,13,75,1,1,1,,,text,Mistral
6968,13,77,1,1,1,,,text,Mistral
6969,13,79,1,1,1,,,text,Mistral
6970,13,81,0,0,1,,,text,Mistral
6971,13,83,0,0,1,,,text,Mistral
6972,13,85,0,0,1,,,text,Mistral
6973,13,87,0,0,1,,,text,Mistral
6974,13,89,0,0,1,,,text,Mistral
6975,13,91,0,0,1,,,text,Mistral
6976,13,93,0,0,1,,,text,Mistral
6977,13,95,0,0,1,,,text,Mistral
6978,13,97,0,0,1,,,text,Mistral
6979,13,99,1,1,1,,,text,Mistral
6980,13,101,1,1,1,,,text,Mistral
6981,13,103,1,1,1,,,text,Mistral
6982,13,105,1,1,1,,,text,Mistral
6983,13,107,1,1,1,,,text,Mistral
6984,13,109,1,1,1,,,text,Mistral
6985,13,111,0,0,1,,,text,Mistral
6986,13,113,0,0,1,,,text,Mistral
6987,13,115,0,0,1,,,text,Mistral
6988,13,117,0,0,1,,,text,Mistral
6989,13,119,0,0,1,,,text,Mistral
6990,13,121,1,1,1,,,text,Mistral
6991,13,123,1,1,1,,,text,Mistral
6992,13,125,0,0,1,,,text,Mistral
6993,13,127,0,0,1,,,text,Mistral
6994,13,129,0,0,1,,,text,Mistral
6995,13,131,0,0,1,,,text,Mistral
6996,13,133,0,0,1,,,text,Mistral
6997,13,135,0,0,1,,,text,Mistral
6998,13,137,0,0,1,,,text,Mistral
6999,13,139,0,0,1,,,text,Mistral
7000,13,141,0,0,1,,,text,Mistral
7001,13,143,0,0,1,,,text,Mistral
7002,13,145,0,0,1,,,text,Mistral
7003,13,147,0,0,1,,,text,Mistral
7004,13,149,0,0,1,,,text,Mistral
7005,13,151,0,0,1,,,text,Mistral
7006,13,153,0,0,1,,,text,Mistral
7007,13,155,0,0,1,,,text,Mistral
7008,13,157,0,0,1,,,text,Mistral
7009,13,159,0,0,1,,,text,Mistral
7010,13,161,0,0,1,,,text,Mistral
7011,13,163,0,0,1,,,text,Mistral
7012,13,165,0,0,1,,,text,Mistral
7013,13,167,0,0,1,,,text,Mistral
7014,13,169,0,0,1,,,text,Mistral
7015,13,171,0,0,1,,,text,Mistral
7016,13,173,0,0,1,,,text,Mistral
7017,13,175,0,0,1,,,text,Mistral
7018,13,177,0,0,1,,,text,Mistral
7019,13,179,0,0,1,,,text,Mistral
7020,11,-179,0,0,1,,,text,Mistral
7021,11,-177,0,0,1,,,text,Mistral
7022,11,-175,0,0,1,,,text,Mistral
7023,11,-173,0,0,1,,,text,Mistral
7024,11,-171,0,0,1,,,text,Mistral
7025,11,-169,0,0,1,,,text,Mistral
7026,11,-167,0,0,1,,,text,Mistral
7027,11,-165,0,0,1,,,text,Mistral
7028,11,-163,0,0,1,,,text,Mistral
7029,11,-161,0,0,1,,,text,Mistral
7030,11,-159,0,0,1,,,text,Mistral
7031,11,-157,0,0,1,,,text,Mistral
7032,11,-155,0,0,1,,,text,Mistral
7033,11,-153,0,0,1,,,text,Mistral
7034,11,-151,0,0,1,,,text,Mistral
7035,11,-149,0,0,1,,,text,Mistral
7036,11,-147,0,0,1,,,text,Mistral
7037,11,-145,0,0,1,,,text,Mistral
7038,11,-143,0,0,1,,,text,Mistral
7039,11,-141,0,0,1,,,text,Mistral
7040,11,-139,0,0,1,,,text,Mistral
7041,11,-137,0,0,1,,,text,Mistral
7042,11,-135,0,0,1,,,text,Mistral
7043,11,-133,0,0,1,,,text,Mistral
7044,11,-131,0,0,1,,,text,Mistral
7045,11,-129,0,0,1,,,text,Mistral
7046,11,-127,0,0,1,,,text,Mistral
7047,11,-125,0,0,1,,,text,Mistral
7048,11,-123,0,0,1,,,text,Mistral
7049,11,-121,0,0,1,,,text,Mistral
7050,11,-119,0,0,1,,,text,Mistral
7051,11,-117,0,0,1,,,text,Mistral
7052,11,-115,0,0,1,,,text,Mistral
7053,11,-113,0,0,1,,,text,Mistral
7054,11,-111,0,0,1,,,text,Mistral
7055,11,-109,0,0,1,,,text,Mistral
7056,11,-107,0,0,1,,,text,Mistral
7057,11,-105,0,0,1,,,text,Mistral
7058,11,-103,0,0,1,,,text,Mistral
7059,11,-101,0,0,1,,,text,Mistral
7060,11,-99,0,0,1,,,text,Mistral
7061,11,-97,0,0,1,,,text,Mistral
7062,11,-95,0,0,1,,,text,Mistral
7063,11,-93,0,0,1,,,text,Mistral
7064,11,-91,0,0,1,,,text,Mistral
7065,11,-89,0,0,1,,,text,Mistral
7066,11,-87,0,0,1,,,text,Mistral
7067,11,-85,1,1,1,,,text,Mistral
7068,11,-83,0,0,1,,,text,Mistral
7069,11,-81,0,0,1,,,text,Mistral
7070,11,-79,0,0,1,,,text,Mistral
7071,11,-77,0,0,1,,,text,Mistral
7072,11,-75,0,0,1,,,text,Mistral
7073,11,-73,1,1,1,,,text,Mistral
7074,11,-71,1,1,1,,,text,Mistral
7075,11,-69,1,1,1,,,text,Mistral
7076,11,-67,0,0,1,,,text,Mistral
7077,11,-65,0,0,1,,,text,Mistral
7078,11,-63,0,0,1,,,text,Mistral
7079,11,-61,0,0,1,,,text,Mistral
7080,11,-59,0,0,1,,,text,Mistral
7081,11,-57,0,0,1,,,text,Mistral
7082,11,-55,0,0,1,,,text,Mistral
7083,11,-53,0,0,1,,,text,Mistral
7084,11,-51,0,0,1,,,text,Mistral
7085,11,-49,0,0,1,,,text,Mistral
7086,11,-47,0,0,1,,,text,Mistral
7087,11,-45,0,0,1,,,text,Mistral
7088,11,-43,0,0,1,,,text,Mistral
7089,11,-41,0,0,1,,,text,Mistral
7090,11,-39,0,0,1,,,text,Mistral
7091,11,-37,0,0,1,,,text,Mistral
7092,11,-35,0,0,1,,,text,Mistral
7093,11,-33,0,0,1,,,text,Mistral
7094,11,-31,0,0,1,,,text,Mistral
7095,11,-29,0,0,1,,,text,Mistral
7096,11,-27,0,0,1,,,text,Mistral
7097,11,-25,0,0,1,,,text,Mistral
7098,11,-23,0,0,1,,,text,Mistral
7099,11,-21,0,0,1,,,text,Mistral
7100,11,-19,0,0,1,,,text,Mistral
7101,11,-17,0,0,1,,,text,Mistral
7102,11,-15,1,1,1,,,text,Mistral
7103,11,-13,1,1,1,,,text,Mistral
7104,11,-11,1,1,1,,,text,Mistral
7105,11,-9,1,1,1,,,text,Mistral
7106,11,-7,1,1,1,,,text,Mistral
7107,11,-5,1,1,1,,,text,Mistral
7108,11,-3,1,1,1,,,text,Mistral
7109,11,-1,1,1,1,,,text,Mistral
7110,11,1,1,1,1,,,text,Mistral
7111,11,3,1,1,1,,,text,Mistral
7112,11,5,1,1,1,,,text,Mistral
7113,11,7,1,1,1,,,text,Mistral
7114,11,9,1,1,1,,,text,Mistral
7115,11,11,1,1,1,,,text,Mistral
7116,11,13,1,1,1,,,text,Mistral
7117,11,15,1,1,1,,,text,Mistral
7118,11,17,1,1,1,,,text,Mistral
7119,11,19,1,1,1,,,text,Mistral
7120,11,21,1,1,1,,,text,Mistral
7121,11,23,1,1,1,,,text,Mistral
7122,11,25,1,1,1,,,text,Mistral
7123,11,27,1,1,1,,,text,Mistral
7124,11,29,1,1,1,,,text,Mistral
7125,11,31,1,1,1,,,text,Mistral
7126,11,33,1,1,1,,,text,Mistral
7127,11,35,1,1,1,,,text,Mistral
7128,11,37,1,1,1,,,text,Mistral
7129,11,39,1,1,1,,,text,Mistral
7130,11,41,1,1,1,,,text,Mistral
7131,11,43,1,1,1,,,text,Mistral
7132,11,45,0,0,1,,,text,Mistral
7133,11,47,0,0,1,,,text,Mistral
7134,11,49,1,1,1,,,text,Mistral
7135,11,51,1,1,1,,,text,Mistral
7136,11,53,0,0,1,,,text,Mistral
7137,11,55,0,0,1,,,text,Mistral
7138,11,57,0,0,1,,,text,Mistral
7139,11,59,0,0,1,,,text,Mistral
7140,11,61,0,0,1,,,text,Mistral
7141,11,63,0,0,1,,,text,Mistral
7142,11,65,0,0,1,,,text,Mistral
7143,11,67,0,0,1,,,text,Mistral
7144,11,69,0,0,1,,,text,Mistral
7145,11,71,0,0,1,,,text,Mistral
7146,11,73,0,0,1,,,text,Mistral
7147,11,75,0,0,1,,,text,Mistral
7148,11,77,1,1,1,,,text,Mistral
7149,11,79,1,1,1,,,text,Mistral
7150,11,81,0,0,1,,,text,Mistral
7151,11,83,0,0,1,,,text,Mistral
7152,11,85,0,0,1,,,text,Mistral
7153,11,87,0,0,1,,,text,Mistral
7154,11,89,0,0,1,,,text,Mistral
7155,11,91,0,0,1,,,text,Mistral
7156,11,93,0,0,1,,,text,Mistral
7157,11,95,0,0,1,,,text,Mistral
7158,11,97,0,0,1,,,text,Mistral
7159,11,99,1,1,1,,,text,Mistral
7160,11,101,0,0,1,,,text,Mistral
7161,11,103,0,0,1,,,text,Mistral
7162,11,105,1,1,1,,,text,Mistral
7163,11,107,1,1,1,,,text,Mistral
7164,11,109,0,0,1,,,text,Mistral
7165,11,111,0,0,1,,,text,Mistral
7166,11,113,0,0,1,,,text,Mistral
7167,11,115,0,0,1,,,text,Mistral
7168,11,117,0,0,1,,,text,Mistral
7169,11,119,0,0,1,,,text,Mistral
7170,11,121,0,0,1,,,text,Mistral
7171,11,123,0,0,1,,,text,Mistral
7172,11,125,1,1,1,,,text,Mistral
7173,11,127,0,0,1,,,text,Mistral
7174,11,129,0,0,1,,,text,Mistral
7175,11,131,0,0,1,,,text,Mistral
7176,11,133,0,0,1,,,text,Mistral
7177,11,135,0,0,1,,,text,Mistral
7178,11,137,0,0,1,,,text,Mistral
7179,11,139,0,0,1,,,text,Mistral
7180,11,141,0,0,1,,,text,Mistral
7181,11,143,0,0,1,,,text,Mistral
7182,11,145,0,0,1,,,text,Mistral
7183,11,147,0,0,1,,,text,Mistral
7184,11,149,0,0,1,,,text,Mistral
7185,11,151,0,0,1,,,text,Mistral
7186,11,153,0,0,1,,,text,Mistral
7187,11,155,0,0,1,,,text,Mistral
7188,11,157,0,0,1,,,text,Mistral
7189,11,159,0,0,1,,,text,Mistral
7190,11,161,0,0,1,,,text,Mistral
7191,11,163,0,0,1,,,text,Mistral
7192,11,165,0,0,1,,,text,Mistral
7193,11,167,0,0,1,,,text,Mistral
7194,11,169,0,0,1,,,text,Mistral
7195,11,171,0,0,1,,,text,Mistral
7196,11,173,0,0,1,,,text,Mistral
7197,11,175,0,0,1,,,text,Mistral
7198,11,177,0,0,1,,,text,Mistral
7199,11,179,0,0,1,,,text,Mistral
7200,9,-179,0,0,1,,,text,Mistral
7201,9,-177,0,0,1,,,text,Mistral
7202,9,-175,0,0,1,,,text,Mistral
7203,9,-173,0,0,1,,,text,Mistral
7204,9,-171,0,0,1,,,text,Mistral
7205,9,-169,0,0,1,,,text,Mistral
7206,9,-167,0,0,1,,,text,Mistral
7207,9,-165,0,0,1,,,text,Mistral
7208,9,-163,0,0,1,,,text,Mistral
7209,9,-161,0,0,1,,,text,Mistral
7210,9,-159,0,0,1,,,text,Mistral
7211,9,-157,0,0,1,,,text,Mistral
7212,9,-155,0,0,1,,,text,Mistral
7213,9,-153,0,0,1,,,text,Mistral
7214,9,-151,0,0,1,,,text,Mistral
7215,9,-149,0,0,1,,,text,Mistral
7216,9,-147,0,0,1,,,text,Mistral
7217,9,-145,0,0,1,,,text,Mistral
7218,9,-143,0,0,1,,,text,Mistral
7219,9,-141,0,0,1,,,text,Mistral
7220,9,-139,0,0,1,,,text,Mistral
7221,9,-137,0,0,1,,,text,Mistral
7222,9,-135,0,0,1,,,text,Mistral
7223,9,-133,0,0,1,,,text,Mistral
7224,9,-131,0,0,1,,,text,Mistral
7225,9,-129,0,0,1,,,text,Mistral
7226,9,-127,0,0,1,,,text,Mistral
7227,9,-125,0,0,1,,,text,Mistral
7228,9,-123,0,0,1,,,text,Mistral
7229,9,-121,0,0,1,,,text,Mistral
7230,9,-119,0,0,1,,,text,Mistral
7231,9,-117,0,0,1,,,text,Mistral
7232,9,-115,0,0,1,,,text,Mistral
7233,9,-113,0,0,1,,,text,Mistral
7234,9,-111,0,0,1,,,text,Mistral
7235,9,-109,0,0,1,,,text,Mistral
7236,9,-107,0,0,1,,,text,Mistral
7237,9,-105,0,0,1,,,text,Mistral
7238,9,-103,0,0,1,,,text,Mistral
7239,9,-101,0,0,1,,,text,Mistral
7240,9,-99,0,0,1,,,text,Mistral
7241,9,-97,0,0,1,,,text,Mistral
7242,9,-95,0,0,1,,,text,Mistral
7243,9,-93,0,0,1,,,text,Mistral
7244,9,-91,0,0,1,,,text,Mistral
7245,9,-89,0,0,1,,,text,Mistral
7246,9,-87,0,0,1,,,text,Mistral
7247,9,-85,0,0,1,,,text,Mistral
7248,9,-83,1,1,1,,,text,Mistral
7249,9,-81,0,0,1,,,text,Mistral
7250,9,-79,1,1,1,,,text,Mistral
7251,9,-77,0,0,1,,,text,Mistral
7252,9,-75,1,1,1,,,text,Mistral
7253,9,-73,1,1,1,,,text,Mistral
7254,9,-71,1,1,1,,,text,Mistral
7255,9,-69,1,1,1,,,text,Mistral
7256,9,-67,1,1,1,,,text,Mistral
7257,9,-65,1,1,1,,,text,Mistral
7258,9,-63,1,1,1,,,text,Mistral
7259,9,-61,1,1,1,,,text,Mistral
7260,9,-59,0,0,1,,,text,Mistral
7261,9,-57,0,0,1,,,text,Mistral
7262,9,-55,0,0,1,,,text,Mistral
7263,9,-53,0,0,1,,,text,Mistral
7264,9,-51,0,0,1,,,text,Mistral
7265,9,-49,0,0,1,,,text,Mistral
7266,9,-47,0,0,1,,,text,Mistral
7267,9,-45,0,0,1,,,text,Mistral
7268,9,-43,0,0,1,,,text,Mistral
7269,9,-41,0,0,1,,,text,Mistral
7270,9,-39,0,0,1,,,text,Mistral
7271,9,-37,0,0,1,,,text,Mistral
7272,9,-35,0,0,1,,,text,Mistral
7273,9,-33,0,0,1,,,text,Mistral
7274,9,-31,0,0,1,,,text,Mistral
7275,9,-29,0,0,1,,,text,Mistral
7276,9,-27,0,0,1,,,text,Mistral
7277,9,-25,0,0,1,,,text,Mistral
7278,9,-23,0,0,1,,,text,Mistral
7279,9,-21,0,0,1,,,text,Mistral
7280,9,-19,0,0,1,,,text,Mistral
7281,9,-17,0,0,1,,,text,Mistral
7282,9,-15,0,0,1,,,text,Mistral
7283,9,-13,1,1,1,,,text,Mistral
7284,9,-11,1,1,1,,,text,Mistral
7285,9,-9,1,1,1,,,text,Mistral
7286,9,-7,1,1,1,,,text,Mistral
7287,9,-5,1,1,1,,,text,Mistral
7288,9,-3,1,1,1,,,text,Mistral
7289,9,-1,1,1,1,,,text,Mistral
7290,9,1,1,1,1,,,text,Mistral
7291,9,3,1,1,1,,,text,Mistral
7292,9,5,1,1,1,,,text,Mistral
7293,9,7,1,1,1,,,text,Mistral
7294,9,9,1,1,1,,,text,Mistral
7295,9,11,1,1,1,,,text,Mistral
7296,9,13,1,1,1,,,text,Mistral
7297,9,15,1,1,1,,,text,Mistral
7298,9,17,1,1,1,,,text,Mistral
7299,9,19,1,1,1,,,text,Mistral
7300,9,21,1,1,1,,,text,Mistral
7301,9,23,1,1,1,,,text,Mistral
7302,9,25,1,1,1,,,text,Mistral
7303,9,27,1,1,1,,,text,Mistral
7304,9,29,1,1,1,,,text,Mistral
7305,9,31,1,1,1,,,text,Mistral
7306,9,33,1,1,1,,,text,Mistral
7307,9,35,1,1,1,,,text,Mistral
7308,9,37,1,1,1,,,text,Mistral
7309,9,39,1,1,1,,,text,Mistral
7310,9,41,1,1,1,,,text,Mistral
7311,9,43,1,1,1,,,text,Mistral
7312,9,45,1,1,1,,,text,Mistral
7313,9,47,1,1,1,,,text,Mistral
7314,9,49,1,1,1,,,text,Mistral
7315,9,51,0,0,1,,,text,Mistral
7316,9,53,0,0,1,,,text,Mistral
7317,9,55,0,0,1,,,text,Mistral
7318,9,57,0,0,1,,,text,Mistral
7319,9,59,0,0,1,,,text,Mistral
7320,9,61,0,0,1,,,text,Mistral
7321,9,63,0,0,1,,,text,Mistral
7322,9,65,0,0,1,,,text,Mistral
7323,9,67,0,0,1,,,text,Mistral
7324,9,69,0,0,1,,,text,Mistral
7325,9,71,0,0,1,,,text,Mistral
7326,9,73,0,0,1,,,text,Mistral
7327,9,75,0,0,1,,,text,Mistral
7328,9,77,1,1,1,,,text,Mistral
7329,9,79,0,0,1,,,text,Mistral
7330,9,81,0,0,1,,,text,Mistral
7331,9,83,0,0,1,,,text,Mistral
7332,9,85,0,0,1,,,text,Mistral
7333,9,87,0,0,1,,,text,Mistral
7334,9,89,0,0,1,,,text,Mistral
7335,9,91,0,0,1,,,text,Mistral
7336,9,93,0,0,1,,,text,Mistral
7337,9,95,0,0,1,,,text,Mistral
7338,9,97,0,0,1,,,text,Mistral
7339,9,99,1,1,1,,,text,Mistral
7340,9,101,0,0,1,,,text,Mistral
7341,9,103,0,0,1,,,text,Mistral
7342,9,105,1,1,1,,,text,Mistral
7343,9,107,0,0,1,,,text,Mistral
7344,9,109,0,0,1,,,text,Mistral
7345,9,111,0,0,1,,,text,Mistral
7346,9,113,0,0,1,,,text,Mistral
7347,9,115,0,0,1,,,text,Mistral
7348,9,117,0,0,1,,,text,Mistral
7349,9,119,0,0,1,,,text,Mistral
7350,9,121,0,0,1,,,text,Mistral
7351,9,123,0,0,1,,,text,Mistral
7352,9,125,0,0,1,,,text,Mistral
7353,9,127,0,0,1,,,text,Mistral
7354,9,129,0,0,1,,,text,Mistral
7355,9,131,0,0,1,,,text,Mistral
7356,9,133,0,0,1,,,text,Mistral
7357,9,135,0,0,1,,,text,Mistral
7358,9,137,0,0,1,,,text,Mistral
7359,9,139,0,0,1,,,text,Mistral
7360,9,141,0,0,1,,,text,Mistral
7361,9,143,0,0,1,,,text,Mistral
7362,9,145,0,0,1,,,text,Mistral
7363,9,147,0,0,1,,,text,Mistral
7364,9,149,0,0,1,,,text,Mistral
7365,9,151,0,0,1,,,text,Mistral
7366,9,153,0,0,1,,,text,Mistral
7367,9,155,0,0,1,,,text,Mistral
7368,9,157,0,0,1,,,text,Mistral
7369,9,159,0,0,1,,,text,Mistral
7370,9,161,0,0,1,,,text,Mistral
7371,9,163,0,0,1,,,text,Mistral
7372,9,165,0,0,1,,,text,Mistral
7373,9,167,0,0,1,,,text,Mistral
7374,9,169,0,0,1,,,text,Mistral
7375,9,171,0,0,1,,,text,Mistral
7376,9,173,0,0,1,,,text,Mistral
7377,9,175,0,0,1,,,text,Mistral
7378,9,177,0,0,1,,,text,Mistral
7379,9,179,0,0,1,,,text,Mistral
7380,7,-179,0,0,1,,,text,Mistral
7381,7,-177,0,0,1,,,text,Mistral
7382,7,-175,0,0,1,,,text,Mistral
7383,7,-173,0,0,1,,,text,Mistral
7384,7,-171,0,0,1,,,text,Mistral
7385,7,-169,0,0,1,,,text,Mistral
7386,7,-167,0,0,1,,,text,Mistral
7387,7,-165,0,0,1,,,text,Mistral
7388,7,-163,0,0,1,,,text,Mistral
7389,7,-161,0,0,1,,,text,Mistral
7390,7,-159,0,0,1,,,text,Mistral
7391,7,-157,0,0,1,,,text,Mistral
7392,7,-155,0,0,1,,,text,Mistral
7393,7,-153,0,0,1,,,text,Mistral
7394,7,-151,0,0,1,,,text,Mistral
7395,7,-149,0,0,1,,,text,Mistral
7396,7,-147,0,0,1,,,text,Mistral
7397,7,-145,0,0,1,,,text,Mistral
7398,7,-143,0,0,1,,,text,Mistral
7399,7,-141,0,0,1,,,text,Mistral
7400,7,-139,0,0,1,,,text,Mistral
7401,7,-137,0,0,1,,,text,Mistral
7402,7,-135,0,0,1,,,text,Mistral
7403,7,-133,0,0,1,,,text,Mistral
7404,7,-131,0,0,1,,,text,Mistral
7405,7,-129,0,0,1,,,text,Mistral
7406,7,-127,0,0,1,,,text,Mistral
7407,7,-125,0,0,1,,,text,Mistral
7408,7,-123,0,0,1,,,text,Mistral
7409,7,-121,0,0,1,,,text,Mistral
7410,7,-119,0,0,1,,,text,Mistral
7411,7,-117,0,0,1,,,text,Mistral
7412,7,-115,0,0,1,,,text,Mistral
7413,7,-113,0,0,1,,,text,Mistral
7414,7,-111,0,0,1,,,text,Mistral
7415,7,-109,0,0,1,,,text,Mistral
7416,7,-107,0,0,1,,,text,Mistral
7417,7,-105,0,0,1,,,text,Mistral
7418,7,-103,0,0,1,,,text,Mistral
7419,7,-101,0,0,1,,,text,Mistral
7420,7,-99,0,0,1,,,text,Mistral
7421,7,-97,0,0,1,,,text,Mistral
7422,7,-95,0,0,1,,,text,Mistral
7423,7,-93,0,0,1,,,text,Mistral
7424,7,-91,0,0,1,,,text,Mistral
7425,7,-89,0,0,1,,,text,Mistral
7426,7,-87,0,0,1,,,text,Mistral
7427,7,-85,0,0,1,,,text,Mistral
7428,7,-83,0,0,1,,,text,Mistral
7429,7,-81,0,0,1,,,text,Mistral
7430,7,-79,0,0,1,,,text,Mistral
7431,7,-77,1,1,1,,,text,Mistral
7432,7,-75,1,1,1,,,text,Mistral
7433,7,-73,1,1,1,,,text,Mistral
7434,7,-71,1,1,1,,,text,Mistral
7435,7,-69,1,1,1,,,text,Mistral
7436,7,-67,1,1,1,,,text,Mistral
7437,7,-65,1,1,1,,,text,Mistral
7438,7,-63,1,1,1,,,text,Mistral
7439,7,-61,1,1,1,,,text,Mistral
7440,7,-59,1,1,1,,,text,Mistral
7441,7,-57,0,0,1,,,text,Mistral
7442,7,-55,0,0,1,,,text,Mistral
7443,7,-53,0,0,1,,,text,Mistral
7444,7,-51,0,0,1,,,text,Mistral
7445,7,-49,0,0,1,,,text,Mistral
7446,7,-47,0,0,1,,,text,Mistral
7447,7,-45,0,0,1,,,text,Mistral
7448,7,-43,0,0,1,,,text,Mistral
7449,7,-41,0,0,1,,,text,Mistral
7450,7,-39,0,0,1,,,text,Mistral
7451,7,-37,0,0,1,,,text,Mistral
7452,7,-35,0,0,1,,,text,Mistral
7453,7,-33,0,0,1,,,text,Mistral
7454,7,-31,0,0,1,,,text,Mistral
7455,7,-29,0,0,1,,,text,Mistral
7456,7,-27,0,0,1,,,text,Mistral
7457,7,-25,0,0,1,,,text,Mistral
7458,7,-23,0,0,1,,,text,Mistral
7459,7,-21,0,0,1,,,text,Mistral
7460,7,-19,0,0,1,,,text,Mistral
7461,7,-17,0,0,1,,,text,Mistral
7462,7,-15,0,0,1,,,text,Mistral
7463,7,-13,0,0,1,,,text,Mistral
7464,7,-11,1,1,1,,,text,Mistral
7465,7,-9,1,1,1,,,text,Mistral
7466,7,-7,1,1,1,,,text,Mistral
7467,7,-5,1,1,1,,,text,Mistral
7468,7,-3,1,1,1,,,text,Mistral
7469,7,-1,1,1,1,,,text,Mistral
7470,7,1,1,1,1,,,text,Mistral
7471,7,3,1,1,1,,,text,Mistral
7472,7,5,1,1,1,,,text,Mistral
7473,7,7,1,1,1,,,text,Mistral
7474,7,9,1,1,1,,,text,Mistral
7475,7,11,1,1,1,,,text,Mistral
7476,7,13,1,1,1,,,text,Mistral
7477,7,15,1,1,1,,,text,Mistral
7478,7,17,1,1,1,,,text,Mistral
7479,7,19,1,1,1,,,text,Mistral
7480,7,21,1,1,1,,,text,Mistral
7481,7,23,1,1,1,,,text,Mistral
7482,7,25,1,1,1,,,text,Mistral
7483,7,27,1,1,1,,,text,Mistral
7484,7,29,1,1,1,,,text,Mistral
7485,7,31,1,1,1,,,text,Mistral
7486,7,33,1,1,1,,,text,Mistral
7487,7,35,1,1,1,,,text,Mistral
7488,7,37,1,1,1,,,text,Mistral
7489,7,39,1,1,1,,,text,Mistral
7490,7,41,1,1,1,,,text,Mistral
7491,7,43,1,1,1,,,text,Mistral
7492,7,45,1,1,1,,,text,Mistral
7493,7,47,1,1,1,,,text,Mistral
7494,7,49,1,1,1,,,text,Mistral
7495,7,51,0,0,1,,,text,Mistral
7496,7,53,0,0,1,,,text,Mistral
7497,7,55,0,0,1,,,text,Mistral
7498,7,57,0,0,1,,,text,Mistral
7499,7,59,0,0,1,,,text,Mistral
7500,7,61,0,0,1,,,text,Mistral
7501,7,63,0,0,1,,,text,Mistral
7502,7,65,0,0,1,,,text,Mistral
7503,7,67,0,0,1,,,text,Mistral
7504,7,69,0,0,1,,,text,Mistral
7505,7,71,0,0,1,,,text,Mistral
7506,7,73,0,0,1,,,text,Mistral
7507,7,75,0,0,1,,,text,Mistral
7508,7,77,0,0,1,,,text,Mistral
7509,7,79,0,0,1,,,text,Mistral
7510,7,81,1,1,1,,,text,Mistral
7511,7,83,0,0,1,,,text,Mistral
7512,7,85,0,0,1,,,text,Mistral
7513,7,87,0,0,1,,,text,Mistral
7514,7,89,0,0,1,,,text,Mistral
7515,7,91,0,0,1,,,text,Mistral
7516,7,93,0,0,1,,,text,Mistral
7517,7,95,0,0,1,,,text,Mistral
7518,7,97,0,0,1,,,text,Mistral
7519,7,99,0,0,1,,,text,Mistral
7520,7,101,0,0,1,,,text,Mistral
7521,7,103,0,0,1,,,text,Mistral
7522,7,105,0,0,1,,,text,Mistral
7523,7,107,0,0,1,,,text,Mistral
7524,7,109,0,0,1,,,text,Mistral
7525,7,111,0,0,1,,,text,Mistral
7526,7,113,0,0,1,,,text,Mistral
7527,7,115,0,0,1,,,text,Mistral
7528,7,117,0,0,1,,,text,Mistral
7529,7,119,0,0,1,,,text,Mistral
7530,7,121,0,0,1,,,text,Mistral
7531,7,123,0,0,1,,,text,Mistral
7532,7,125,1,1,1,,,text,Mistral
7533,7,127,0,0,1,,,text,Mistral
7534,7,129,0,0,1,,,text,Mistral
7535,7,131,0,0,1,,,text,Mistral
7536,7,133,0,0,1,,,text,Mistral
7537,7,135,0,0,1,,,text,Mistral
7538,7,137,0,0,1,,,text,Mistral
7539,7,139,0,0,1,,,text,Mistral
7540,7,141,0,0,1,,,text,Mistral
7541,7,143,0,0,1,,,text,Mistral
7542,7,145,0,0,1,,,text,Mistral
7543,7,147,0,0,1,,,text,Mistral
7544,7,149,0,0,1,,,text,Mistral
7545,7,151,0,0,1,,,text,Mistral
7546,7,153,0,0,1,,,text,Mistral
7547,7,155,0,0,1,,,text,Mistral
7548,7,157,0,0,1,,,text,Mistral
7549,7,159,0,0,1,,,text,Mistral
7550,7,161,0,0,1,,,text,Mistral
7551,7,163,0,0,1,,,text,Mistral
7552,7,165,0,0,1,,,text,Mistral
7553,7,167,0,0,1,,,text,Mistral
7554,7,169,0,0,1,,,text,Mistral
7555,7,171,0,0,1,,,text,Mistral
7556,7,173,0,0,1,,,text,Mistral
7557,7,175,0,0,1,,,text,Mistral
7558,7,177,0,0,1,,,text,Mistral
7559,7,179,0,0,1,,,text,Mistral
7560,5,-179,0,0,1,,,text,Mistral
7561,5,-177,0,0,1,,,text,Mistral
7562,5,-175,0,0,1,,,text,Mistral
7563,5,-173,0,0,1,,,text,Mistral
7564,5,-171,0,0,1,,,text,Mistral
7565,5,-169,0,0,1,,,text,Mistral
7566,5,-167,0,0,1,,,text,Mistral
7567,5,-165,0,0,1,,,text,Mistral
7568,5,-163,0,0,1,,,text,Mistral
7569,5,-161,0,0,1,,,text,Mistral
7570,5,-159,0,0,1,,,text,Mistral
7571,5,-157,0,0,1,,,text,Mistral
7572,5,-155,0,0,1,,,text,Mistral
7573,5,-153,0,0,1,,,text,Mistral
7574,5,-151,0,0,1,,,text,Mistral
7575,5,-149,0,0,1,,,text,Mistral
7576,5,-147,0,0,1,,,text,Mistral
7577,5,-145,0,0,1,,,text,Mistral
7578,5,-143,0,0,1,,,text,Mistral
7579,5,-141,0,0,1,,,text,Mistral
7580,5,-139,0,0,1,,,text,Mistral
7581,5,-137,0,0,1,,,text,Mistral
7582,5,-135,0,0,1,,,text,Mistral
7583,5,-133,0,0,1,,,text,Mistral
7584,5,-131,0,0,1,,,text,Mistral
7585,5,-129,0,0,1,,,text,Mistral
7586,5,-127,0,0,1,,,text,Mistral
7587,5,-125,0,0,1,,,text,Mistral
7588,5,-123,0,0,1,,,text,Mistral
7589,5,-121,0,0,1,,,text,Mistral
7590,5,-119,0,0,1,,,text,Mistral
7591,5,-117,0,0,1,,,text,Mistral
7592,5,-115,0,0,1,,,text,Mistral
7593,5,-113,0,0,1,,,text,Mistral
7594,5,-111,0,0,1,,,text,Mistral
7595,5,-109,0,0,1,,,text,Mistral
7596,5,-107,0,0,1,,,text,Mistral
7597,5,-105,0,0,1,,,text,Mistral
7598,5,-103,0,0,1,,,text,Mistral
7599,5,-101,0,0,1,,,text,Mistral
7600,5,-99,0,0,1,,,text,Mistral
7601,5,-97,0,0,1,,,text,Mistral
7602,5,-95,0,0,1,,,text,Mistral
7603,5,-93,0,0,1,,,text,Mistral
7604,5,-91,0,0,1,,,text,Mistral
7605,5,-89,0,0,1,,,text,Mistral
7606,5,-87,0,0,1,,,text,Mistral
7607,5,-85,0,0,1,,,text,Mistral
7608,5,-83,0,0,1,,,text,Mistral
7609,5,-81,0,0,1,,,text,Mistral
7610,5,-79,0,0,1,,,text,Mistral
7611,5,-77,1,1,1,,,text,Mistral
7612,5,-75,1,1,1,,,text,Mistral
7613,5,-73,1,1,1,,,text,Mistral
7614,5,-71,1,1,1,,,text,Mistral
7615,5,-69,1,1,1,,,text,Mistral
7616,5,-67,1,1,1,,,text,Mistral
7617,5,-65,1,1,1,,,text,Mistral
7618,5,-63,1,1,1,,,text,Mistral
7619,5,-61,1,1,1,,,text,Mistral
7620,5,-59,1,1,1,,,text,Mistral
7621,5,-57,1,1,1,,,text,Mistral
7622,5,-55,1,1,1,,,text,Mistral
7623,5,-53,1,1,1,,,text,Mistral
7624,5,-51,0,0,1,,,text,Mistral
7625,5,-49,0,0,1,,,text,Mistral
7626,5,-47,0,0,1,,,text,Mistral
7627,5,-45,0,0,1,,,text,Mistral
7628,5,-43,0,0,1,,,text,Mistral
7629,5,-41,0,0,1,,,text,Mistral
7630,5,-39,0,0,1,,,text,Mistral
7631,5,-37,0,0,1,,,text,Mistral
7632,5,-35,0,0,1,,,text,Mistral
7633,5,-33,0,0,1,,,text,Mistral
7634,5,-31,0,0,1,,,text,Mistral
7635,5,-29,0,0,1,,,text,Mistral
7636,5,-27,0,0,1,,,text,Mistral
7637,5,-25,0,0,1,,,text,Mistral
7638,5,-23,0,0,1,,,text,Mistral
7639,5,-21,0,0,1,,,text,Mistral
7640,5,-19,0,0,1,,,text,Mistral
7641,5,-17,0,0,1,,,text,Mistral
7642,5,-15,0,0,1,,,text,Mistral
7643,5,-13,0,0,1,,,text,Mistral
7644,5,-11,0,0,1,,,text,Mistral
7645,5,-9,1,1,1,,,text,Mistral
7646,5,-7,1,1,1,,,text,Mistral
7647,5,-5,0,0,1,,,text,Mistral
7648,5,-3,0,0,1,,,text,Mistral
7649,5,-1,0,0,1,,,text,Mistral
7650,5,1,0,0,1,,,text,Mistral
7651,5,3,0,0,1,,,text,Mistral
7652,5,5,0,0,1,,,text,Mistral
7653,5,7,1,1,1,,,text,Mistral
7654,5,9,1,1,1,,,text,Mistral
7655,5,11,1,1,1,,,text,Mistral
7656,5,13,1,1,1,,,text,Mistral
7657,5,15,1,1,1,,,text,Mistral
7658,5,17,1,1,1,,,text,Mistral
7659,5,19,1,1,1,,,text,Mistral
7660,5,21,1,1,1,,,text,Mistral
7661,5,23,1,1,1,,,text,Mistral
7662,5,25,1,1,1,,,text,Mistral
7663,5,27,1,1,1,,,text,Mistral
7664,5,29,1,1,1,,,text,Mistral
7665,5,31,1,1,1,,,text,Mistral
7666,5,33,1,1,1,,,text,Mistral
7667,5,35,1,1,1,,,text,Mistral
7668,5,37,1,1,1,,,text,Mistral
7669,5,39,1,1,1,,,text,Mistral
7670,5,41,1,1,1,,,text,Mistral
7671,5,43,1,1,1,,,text,Mistral
7672,5,45,1,1,1,,,text,Mistral
7673,5,47,1,1,1,,,text,Mistral
7674,5,49,0,0,1,,,text,Mistral
7675,5,51,0,0,1,,,text,Mistral
7676,5,53,0,0,1,,,text,Mistral
7677,5,55,0,0,1,,,text,Mistral
7678,5,57,0,0,1,,,text,Mistral
7679,5,59,0,0,1,,,text,Mistral
7680,5,61,0,0,1,,,text,Mistral
7681,5,63,0,0,1,,,text,Mistral
7682,5,65,0,0,1,,,text,Mistral
7683,5,67,0,0,1,,,text,Mistral
7684,5,69,0,0,1,,,text,Mistral
7685,5,71,0,0,1,,,text,Mistral
7686,5,73,0,0,1,,,text,Mistral
7687,5,75,0,0,1,,,text,Mistral
7688,5,77,0,0,1,,,text,Mistral
7689,5,79,0,0,1,,,text,Mistral
7690,5,81,0,0,1,,,text,Mistral
7691,5,83,0,0,1,,,text,Mistral
7692,5,85,0,0,1,,,text,Mistral
7693,5,87,0,0,1,,,text,Mistral
7694,5,89,0,0,1,,,text,Mistral
7695,5,91,0,0,1,,,text,Mistral
7696,5,93,0,0,1,,,text,Mistral
7697,5,95,0,0,1,,,text,Mistral
7698,5,97,1,1,1,,,text,Mistral
7699,5,99,0,0,1,,,text,Mistral
7700,5,101,1,1,1,,,text,Mistral
7701,5,103,1,1,1,,,text,Mistral
7702,5,105,0,0,1,,,text,Mistral
7703,5,107,0,0,1,,,text,Mistral
7704,5,109,0,0,1,,,text,Mistral
7705,5,111,0,0,1,,,text,Mistral
7706,5,113,0,0,1,,,text,Mistral
7707,5,115,1,1,1,,,text,Mistral
7708,5,117,1,1,1,,,text,Mistral
7709,5,119,0,0,1,,,text,Mistral
7710,5,121,0,0,1,,,text,Mistral
7711,5,123,0,0,1,,,text,Mistral
7712,5,125,0,0,1,,,text,Mistral
7713,5,127,0,0,1,,,text,Mistral
7714,5,129,0,0,1,,,text,Mistral
7715,5,131,0,0,1,,,text,Mistral
7716,5,133,0,0,1,,,text,Mistral
7717,5,135,0,0,1,,,text,Mistral
7718,5,137,0,0,1,,,text,Mistral
7719,5,139,0,0,1,,,text,Mistral
7720,5,141,0,0,1,,,text,Mistral
7721,5,143,0,0,1,,,text,Mistral
7722,5,145,0,0,1,,,text,Mistral
7723,5,147,0,0,1,,,text,Mistral
7724,5,149,0,0,1,,,text,Mistral
7725,5,151,0,0,1,,,text,Mistral
7726,5,153,0,0,1,,,text,Mistral
7727,5,155,0,0,1,,,text,Mistral
7728,5,157,0,0,1,,,text,Mistral
7729,5,159,0,0,1,,,text,Mistral
7730,5,161,0,0,1,,,text,Mistral
7731,5,163,0,0,1,,,text,Mistral
7732,5,165,0,0,1,,,text,Mistral
7733,5,167,0,0,1,,,text,Mistral
7734,5,169,0,0,1,,,text,Mistral
7735,5,171,0,0,1,,,text,Mistral
7736,5,173,0,0,1,,,text,Mistral
7737,5,175,0,0,1,,,text,Mistral
7738,5,177,0,0,1,,,text,Mistral
7739,5,179,0,0,1,,,text,Mistral
7740,3,-179,0,0,1,,,text,Mistral
7741,3,-177,0,0,1,,,text,Mistral
7742,3,-175,0,0,1,,,text,Mistral
7743,3,-173,0,0,1,,,text,Mistral
7744,3,-171,0,0,1,,,text,Mistral
7745,3,-169,0,0,1,,,text,Mistral
7746,3,-167,0,0,1,,,text,Mistral
7747,3,-165,0,0,1,,,text,Mistral
7748,3,-163,0,0,1,,,text,Mistral
7749,3,-161,0,0,1,,,text,Mistral
7750,3,-159,0,0,1,,,text,Mistral
7751,3,-157,0,0,1,,,text,Mistral
7752,3,-155,0,0,1,,,text,Mistral
7753,3,-153,0,0,1,,,text,Mistral
7754,3,-151,0,0,1,,,text,Mistral
7755,3,-149,0,0,1,,,text,Mistral
7756,3,-147,0,0,1,,,text,Mistral
7757,3,-145,0,0,1,,,text,Mistral
7758,3,-143,0,0,1,,,text,Mistral
7759,3,-141,0,0,1,,,text,Mistral
7760,3,-139,0,0,1,,,text,Mistral
7761,3,-137,0,0,1,,,text,Mistral
7762,3,-135,0,0,1,,,text,Mistral
7763,3,-133,0,0,1,,,text,Mistral
7764,3,-131,0,0,1,,,text,Mistral
7765,3,-129,0,0,1,,,text,Mistral
7766,3,-127,0,0,1,,,text,Mistral
7767,3,-125,0,0,1,,,text,Mistral
7768,3,-123,0,0,1,,,text,Mistral
7769,3,-121,0,0,1,,,text,Mistral
7770,3,-119,0,0,1,,,text,Mistral
7771,3,-117,0,0,1,,,text,Mistral
7772,3,-115,0,0,1,,,text,Mistral
7773,3,-113,0,0,1,,,text,Mistral
7774,3,-111,0,0,1,,,text,Mistral
7775,3,-109,0,0,1,,,text,Mistral
7776,3,-107,0,0,1,,,text,Mistral
7777,3,-105,0,0,1,,,text,Mistral
7778,3,-103,0,0,1,,,text,Mistral
7779,3,-101,0,0,1,,,text,Mistral
7780,3,-99,0,0,1,,,text,Mistral
7781,3,-97,0,0,1,,,text,Mistral
7782,3,-95,0,0,1,,,text,Mistral
7783,3,-93,0,0,1,,,text,Mistral
7784,3,-91,0,0,1,,,text,Mistral
7785,3,-89,0,0,1,,,text,Mistral
7786,3,-87,0,0,1,,,text,Mistral
7787,3,-85,0,0,1,,,text,Mistral
7788,3,-83,0,0,1,,,text,Mistral
7789,3,-81,0,0,1,,,text,Mistral
7790,3,-79,0,0,1,,,text,Mistral
7791,3,-77,1,1,1,,,text,Mistral
7792,3,-75,1,1,1,,,text,Mistral
7793,3,-73,1,1,1,,,text,Mistral
7794,3,-71,1,1,1,,,text,Mistral
7795,3,-69,1,1,1,,,text,Mistral
7796,3,-67,1,1,1,,,text,Mistral
7797,3,-65,1,1,1,,,text,Mistral
7798,3,-63,1,1,1,,,text,Mistral
7799,3,-61,1,1,1,,,text,Mistral
7800,3,-59,1,1,1,,,text,Mistral
7801,3,-57,1,1,1,,,text,Mistral
7802,3,-55,1,1,1,,,text,Mistral
7803,3,-53,1,1,1,,,text,Mistral
7804,3,-51,1,1,1,,,text,Mistral
7805,3,-49,0,0,1,,,text,Mistral
7806,3,-47,0,0,1,,,text,Mistral
7807,3,-45,0,0,1,,,text,Mistral
7808,3,-43,0,0,1,,,text,Mistral
7809,3,-41,0,0,1,,,text,Mistral
7810,3,-39,0,0,1,,,text,Mistral
7811,3,-37,0,0,1,,,text,Mistral
7812,3,-35,0,0,1,,,text,Mistral
7813,3,-33,0,0,1,,,text,Mistral
7814,3,-31,0,0,1,,,text,Mistral
7815,3,-29,0,0,1,,,text,Mistral
7816,3,-27,0,0,1,,,text,Mistral
7817,3,-25,0,0,1,,,text,Mistral
7818,3,-23,0,0,1,,,text,Mistral
7819,3,-21,0,0,1,,,text,Mistral
7820,3,-19,0,0,1,,,text,Mistral
7821,3,-17,0,0,1,,,text,Mistral
7822,3,-15,0,0,1,,,text,Mistral
7823,3,-13,0,0,1,,,text,Mistral
7824,3,-11,0,0,1,,,text,Mistral
7825,3,-9,0,0,1,,,text,Mistral
7826,3,-7,0,0,1,,,text,Mistral
7827,3,-5,0,0,1,,,text,Mistral
7828,3,-3,0,0,1,,,text,Mistral
7829,3,-1,0,0,1,,,text,Mistral
7830,3,1,0,0,1,,,text,Mistral
7831,3,3,0,0,1,,,text,Mistral
7832,3,5,0,0,1,,,text,Mistral
7833,3,7,0,0,1,,,text,Mistral
7834,3,9,0,0,1,,,text,Mistral
7835,3,11,1,1,1,,,text,Mistral
7836,3,13,1,1,1,,,text,Mistral
7837,3,15,1,1,1,,,text,Mistral
7838,3,17,1,1,1,,,text,Mistral
7839,3,19,1,1,1,,,text,Mistral
7840,3,21,1,1,1,,,text,Mistral
7841,3,23,1,1,1,,,text,Mistral
7842,3,25,1,1,1,,,text,Mistral
7843,3,27,1,1,1,,,text,Mistral
7844,3,29,1,1,1,,,text,Mistral
7845,3,31,1,1,1,,,text,Mistral
7846,3,33,1,1,1,,,text,Mistral
7847,3,35,1,1,1,,,text,Mistral
7848,3,37,1,1,1,,,text,Mistral
7849,3,39,1,1,1,,,text,Mistral
7850,3,41,1,1,1,,,text,Mistral
7851,3,43,1,1,1,,,text,Mistral
7852,3,45,1,1,1,,,text,Mistral
7853,3,47,0,0,1,,,text,Mistral
7854,3,49,0,0,1,,,text,Mistral
7855,3,51,0,0,1,,,text,Mistral
7856,3,53,0,0,1,,,text,Mistral
7857,3,55,0,0,1,,,text,Mistral
7858,3,57,0,0,1,,,text,Mistral
7859,3,59,0,0,1,,,text,Mistral
7860,3,61,0,0,1,,,text,Mistral
7861,3,63,0,0,1,,,text,Mistral
7862,3,65,0,0,1,,,text,Mistral
7863,3,67,0,0,1,,,text,Mistral
7864,3,69,0,0,1,,,text,Mistral
7865,3,71,0,0,1,,,text,Mistral
7866,3,73,0,0,1,,,text,Mistral
7867,3,75,0,0,1,,,text,Mistral
7868,3,77,0,0,1,,,text,Mistral
7869,3,79,0,0,1,,,text,Mistral
7870,3,81,0,0,1,,,text,Mistral
7871,3,83,0,0,1,,,text,Mistral
7872,3,85,0,0,1,,,text,Mistral
7873,3,87,0,0,1,,,text,Mistral
7874,3,89,0,0,1,,,text,Mistral
7875,3,91,0,0,1,,,text,Mistral
7876,3,93,0,0,1,,,text,Mistral
7877,3,95,0,0,1,,,text,Mistral
7878,3,97,0,0,1,,,text,Mistral
7879,3,99,1,1,1,,,text,Mistral
7880,3,101,0,0,1,,,text,Mistral
7881,3,103,1,1,1,,,text,Mistral
7882,3,105,0,0,1,,,text,Mistral
7883,3,107,0,0,1,,,text,Mistral
7884,3,109,0,0,1,,,text,Mistral
7885,3,111,0,0,1,,,text,Mistral
7886,3,113,1,1,1,,,text,Mistral
7887,3,115,1,1,1,,,text,Mistral
7888,3,117,1,1,1,,,text,Mistral
7889,3,119,0,0,1,,,text,Mistral
7890,3,121,0,0,1,,,text,Mistral
7891,3,123,0,0,1,,,text,Mistral
7892,3,125,0,0,1,,,text,Mistral
7893,3,127,0,0,1,,,text,Mistral
7894,3,129,0,0,1,,,text,Mistral
7895,3,131,0,0,1,,,text,Mistral
7896,3,133,0,0,1,,,text,Mistral
7897,3,135,0,0,1,,,text,Mistral
7898,3,137,0,0,1,,,text,Mistral
7899,3,139,0,0,1,,,text,Mistral
7900,3,141,0,0,1,,,text,Mistral
7901,3,143,0,0,1,,,text,Mistral
7902,3,145,0,0,1,,,text,Mistral
7903,3,147,0,0,1,,,text,Mistral
7904,3,149,0,0,1,,,text,Mistral
7905,3,151,0,0,1,,,text,Mistral
7906,3,153,0,0,1,,,text,Mistral
7907,3,155,0,0,1,,,text,Mistral
7908,3,157,0,0,1,,,text,Mistral
7909,3,159,0,0,1,,,text,Mistral
7910,3,161,0,0,1,,,text,Mistral
7911,3,163,0,0,1,,,text,Mistral
7912,3,165,0,0,1,,,text,Mistral
7913,3,167,0,0,1,,,text,Mistral
7914,3,169,0,0,1,,,text,Mistral
7915,3,171,0,0,1,,,text,Mistral
7916,3,173,0,0,1,,,text,Mistral
7917,3,175,0,0,1,,,text,Mistral
7918,3,177,0,0,1,,,text,Mistral
7919,3,179,0,0,1,,,text,Mistral
7920,1,-179,0,0,1,,,text,Mistral
7921,1,-177,0,0,1,,,text,Mistral
7922,1,-175,0,0,1,,,text,Mistral
7923,1,-173,0,0,1,,,text,Mistral
7924,1,-171,0,0,1,,,text,Mistral
7925,1,-169,0,0,1,,,text,Mistral
7926,1,-167,0,0,1,,,text,Mistral
7927,1,-165,0,0,1,,,text,Mistral
7928,1,-163,0,0,1,,,text,Mistral
7929,1,-161,0,0,1,,,text,Mistral
7930,1,-159,0,0,1,,,text,Mistral
7931,1,-157,0,0,1,,,text,Mistral
7932,1,-155,0,0,1,,,text,Mistral
7933,1,-153,0,0,1,,,text,Mistral
7934,1,-151,0,0,1,,,text,Mistral
7935,1,-149,0,0,1,,,text,Mistral
7936,1,-147,0,0,1,,,text,Mistral
7937,1,-145,0,0,1,,,text,Mistral
7938,1,-143,0,0,1,,,text,Mistral
7939,1,-141,0,0,1,,,text,Mistral
7940,1,-139,0,0,1,,,text,Mistral
7941,1,-137,0,0,1,,,text,Mistral
7942,1,-135,0,0,1,,,text,Mistral
7943,1,-133,0,0,1,,,text,Mistral
7944,1,-131,0,0,1,,,text,Mistral
7945,1,-129,0,0,1,,,text,Mistral
7946,1,-127,0,0,1,,,text,Mistral
7947,1,-125,0,0,1,,,text,Mistral
7948,1,-123,0,0,1,,,text,Mistral
7949,1,-121,0,0,1,,,text,Mistral
7950,1,-119,0,0,1,,,text,Mistral
7951,1,-117,0,0,1,,,text,Mistral
7952,1,-115,0,0,1,,,text,Mistral
7953,1,-113,0,0,1,,,text,Mistral
7954,1,-111,0,0,1,,,text,Mistral
7955,1,-109,0,0,1,,,text,Mistral
7956,1,-107,0,0,1,,,text,Mistral
7957,1,-105,0,0,1,,,text,Mistral
7958,1,-103,0,0,1,,,text,Mistral
7959,1,-101,0,0,1,,,text,Mistral
7960,1,-99,0,0,1,,,text,Mistral
7961,1,-97,0,0,1,,,text,Mistral
7962,1,-95,0,0,1,,,text,Mistral
7963,1,-93,0,0,1,,,text,Mistral
7964,1,-91,0,0,1,,,text,Mistral
7965,1,-89,0,0,1,,,text,Mistral
7966,1,-87,0,0,1,,,text,Mistral
7967,1,-85,0,0,1,,,text,Mistral
7968,1,-83,0,0,1,,,text,Mistral
7969,1,-81,0,0,1,,,text,Mistral
7970,1,-79,1,1,1,,,text,Mistral
7971,1,-77,1,1,1,,,text,Mistral
7972,1,-75,1,1,1,,,text,Mistral
7973,1,-73,1,1,1,,,text,Mistral
7974,1,-71,1,1,1,,,text,Mistral
7975,1,-69,1,1,1,,,text,Mistral
7976,1,-67,1,1,1,,,text,Mistral
7977,1,-65,1,1,1,,,text,Mistral
7978,1,-63,1,1,1,,,text,Mistral
7979,1,-61,1,1,1,,,text,Mistral
7980,1,-59,1,1,1,,,text,Mistral
7981,1,-57,1,1,1,,,text,Mistral
7982,1,-55,1,1,1,,,text,Mistral
7983,1,-53,1,1,1,,,text,Mistral
7984,1,-51,1,1,1,,,text,Mistral
7985,1,-49,0,0,1,,,text,Mistral
7986,1,-47,0,0,1,,,text,Mistral
7987,1,-45,0,0,1,,,text,Mistral
7988,1,-43,0,0,1,,,text,Mistral
7989,1,-41,0,0,1,,,text,Mistral
7990,1,-39,0,0,1,,,text,Mistral
7991,1,-37,0,0,1,,,text,Mistral
7992,1,-35,0,0,1,,,text,Mistral
7993,1,-33,0,0,1,,,text,Mistral
7994,1,-31,0,0,1,,,text,Mistral
7995,1,-29,0,0,1,,,text,Mistral
7996,1,-27,0,0,1,,,text,Mistral
7997,1,-25,0,0,1,,,text,Mistral
7998,1,-23,0,0,1,,,text,Mistral
7999,1,-21,0,0,1,,,text,Mistral
8000,1,-19,0,0,1,,,text,Mistral
8001,1,-17,0,0,1,,,text,Mistral
8002,1,-15,0,0,1,,,text,Mistral
8003,1,-13,0,0,1,,,text,Mistral
8004,1,-11,0,0,1,,,text,Mistral
8005,1,-9,0,0,1,,,text,Mistral
8006,1,-7,0,0,1,,,text,Mistral
8007,1,-5,0,0,1,,,text,Mistral
8008,1,-3,0,0,1,,,text,Mistral
8009,1,-1,0,0,1,,,text,Mistral
8010,1,1,0,0,1,,,text,Mistral
8011,1,3,0,0,1,,,text,Mistral
8012,1,5,0,0,1,,,text,Mistral
8013,1,7,0,0,1,,,text,Mistral
8014,1,9,0,0,1,,,text,Mistral
8015,1,11,1,1,1,,,text,Mistral
8016,1,13,1,1,1,,,text,Mistral
8017,1,15,1,1,1,,,text,Mistral
8018,1,17,1,1,1,,,text,Mistral
8019,1,19,1,1,1,,,text,Mistral
8020,1,21,1,1,1,,,text,Mistral
8021,1,23,1,1,1,,,text,Mistral
8022,1,25,1,1,1,,,text,Mistral
8023,1,27,1,1,1,,,text,Mistral
8024,1,29,1,1,1,,,text,Mistral
8025,1,31,1,1,1,,,text,Mistral
8026,1,33,1,1,1,,,text,Mistral
8027,1,35,1,1,1,,,text,Mistral
8028,1,37,1,1,1,,,text,Mistral
8029,1,39,1,1,1,,,text,Mistral
8030,1,41,1,1,1,,,text,Mistral
8031,1,43,1,1,1,,,text,Mistral
8032,1,45,0,0,1,,,text,Mistral
8033,1,47,0,0,1,,,text,Mistral
8034,1,49,0,0,1,,,text,Mistral
8035,1,51,0,0,1,,,text,Mistral
8036,1,53,0,0,1,,,text,Mistral
8037,1,55,0,0,1,,,text,Mistral
8038,1,57,0,0,1,,,text,Mistral
8039,1,59,0,0,1,,,text,Mistral
8040,1,61,0,0,1,,,text,Mistral
8041,1,63,0,0,1,,,text,Mistral
8042,1,65,0,0,1,,,text,Mistral
8043,1,67,0,0,1,,,text,Mistral
8044,1,69,0,0,1,,,text,Mistral
8045,1,71,0,0,1,,,text,Mistral
8046,1,73,0,0,1,,,text,Mistral
8047,1,75,0,0,1,,,text,Mistral
8048,1,77,0,0,1,,,text,Mistral
8049,1,79,0,0,1,,,text,Mistral
8050,1,81,0,0,1,,,text,Mistral
8051,1,83,0,0,1,,,text,Mistral
8052,1,85,0,0,1,,,text,Mistral
8053,1,87,0,0,1,,,text,Mistral
8054,1,89,0,0,1,,,text,Mistral
8055,1,91,0,0,1,,,text,Mistral
8056,1,93,0,0,1,,,text,Mistral
8057,1,95,0,0,1,,,text,Mistral
8058,1,97,0,0,1,,,text,Mistral
8059,1,99,1,1,1,,,text,Mistral
8060,1,101,1,1,1,,,text,Mistral
8061,1,103,1,1,1,,,text,Mistral
8062,1,105,0,0,1,,,text,Mistral
8063,1,107,0,0,1,,,text,Mistral
8064,1,109,1,1,1,,,text,Mistral
8065,1,111,1,1,1,,,text,Mistral
8066,1,113,1,1,1,,,text,Mistral
8067,1,115,1,1,1,,,text,Mistral
8068,1,117,1,1,1,,,text,Mistral
8069,1,119,0,0,1,,,text,Mistral
8070,1,121,1,1,1,,,text,Mistral
8071,1,123,0,0,1,,,text,Mistral
8072,1,125,0,0,1,,,text,Mistral
8073,1,127,0,0,1,,,text,Mistral
8074,1,129,0,0,1,,,text,Mistral
8075,1,131,0,0,1,,,text,Mistral
8076,1,133,0,0,1,,,text,Mistral
8077,1,135,0,0,1,,,text,Mistral
8078,1,137,0,0,1,,,text,Mistral
8079,1,139,0,0,1,,,text,Mistral
8080,1,141,0,0,1,,,text,Mistral
8081,1,143,0,0,1,,,text,Mistral
8082,1,145,0,0,1,,,text,Mistral
8083,1,147,0,0,1,,,text,Mistral
8084,1,149,0,0,1,,,text,Mistral
8085,1,151,0,0,1,,,text,Mistral
8086,1,153,0,0,1,,,text,Mistral
8087,1,155,0,0,1,,,text,Mistral
8088,1,157,0,0,1,,,text,Mistral
8089,1,159,0,0,1,,,text,Mistral
8090,1,161,0,0,1,,,text,Mistral
8091,1,163,0,0,1,,,text,Mistral
8092,1,165,0,0,1,,,text,Mistral
8093,1,167,0,0,1,,,text,Mistral
8094,1,169,0,0,1,,,text,Mistral
8095,1,171,0,0,1,,,text,Mistral
8096,1,173,0,0,1,,,text,Mistral
8097,1,175,0,0,1,,,text,Mistral
8098,1,177,0,0,1,,,text,Mistral
8099,1,179,0,0,1,,,text,Mistral
8100,-1,-179,0,0,1,,,text,Mistral
8101,-1,-177,0,0,1,,,text,Mistral
8102,-1,-175,0,0,1,,,text,Mistral
8103,-1,-173,0,0,1,,,text,Mistral
8104,-1,-171,0,0,1,,,text,Mistral
8105,-1,-169,0,0,1,,,text,Mistral
8106,-1,-167,0,0,1,,,text,Mistral
8107,-1,-165,0,0,1,,,text,Mistral
8108,-1,-163,0,0,1,,,text,Mistral
8109,-1,-161,0,0,1,,,text,Mistral
8110,-1,-159,0,0,1,,,text,Mistral
8111,-1,-157,0,0,1,,,text,Mistral
8112,-1,-155,0,0,1,,,text,Mistral
8113,-1,-153,0,0,1,,,text,Mistral
8114,-1,-151,0,0,1,,,text,Mistral
8115,-1,-149,0,0,1,,,text,Mistral
8116,-1,-147,0,0,1,,,text,Mistral
8117,-1,-145,0,0,1,,,text,Mistral
8118,-1,-143,0,0,1,,,text,Mistral
8119,-1,-141,0,0,1,,,text,Mistral
8120,-1,-139,0,0,1,,,text,Mistral
8121,-1,-137,0,0,1,,,text,Mistral
8122,-1,-135,0,0,1,,,text,Mistral
8123,-1,-133,0,0,1,,,text,Mistral
8124,-1,-131,0,0,1,,,text,Mistral
8125,-1,-129,0,0,1,,,text,Mistral
8126,-1,-127,0,0,1,,,text,Mistral
8127,-1,-125,0,0,1,,,text,Mistral
8128,-1,-123,0,0,1,,,text,Mistral
8129,-1,-121,0,0,1,,,text,Mistral
8130,-1,-119,0,0,1,,,text,Mistral
8131,-1,-117,0,0,1,,,text,Mistral
8132,-1,-115,0,0,1,,,text,Mistral
8133,-1,-113,0,0,1,,,text,Mistral
8134,-1,-111,0,0,1,,,text,Mistral
8135,-1,-109,0,0,1,,,text,Mistral
8136,-1,-107,0,0,1,,,text,Mistral
8137,-1,-105,0,0,1,,,text,Mistral
8138,-1,-103,0,0,1,,,text,Mistral
8139,-1,-101,0,0,1,,,text,Mistral
8140,-1,-99,0,0,1,,,text,Mistral
8141,-1,-97,0,0,1,,,text,Mistral
8142,-1,-95,0,0,1,,,text,Mistral
8143,-1,-93,0,0,1,,,text,Mistral
8144,-1,-91,0,0,1,,,text,Mistral
8145,-1,-89,0,0,1,,,text,Mistral
8146,-1,-87,0,0,1,,,text,Mistral
8147,-1,-85,0,0,1,,,text,Mistral
8148,-1,-83,0,0,1,,,text,Mistral
8149,-1,-81,0,0,1,,,text,Mistral
8150,-1,-79,1,1,1,,,text,Mistral
8151,-1,-77,1,1,1,,,text,Mistral
8152,-1,-75,1,1,1,,,text,Mistral
8153,-1,-73,1,1,1,,,text,Mistral
8154,-1,-71,1,1,1,,,text,Mistral
8155,-1,-69,1,1,1,,,text,Mistral
8156,-1,-67,1,1,1,,,text,Mistral
8157,-1,-65,1,1,1,,,text,Mistral
8158,-1,-63,1,1,1,,,text,Mistral
8159,-1,-61,1,1,1,,,text,Mistral
8160,-1,-59,1,1,1,,,text,Mistral
8161,-1,-57,1,1,1,,,text,Mistral
8162,-1,-55,1,1,1,,,text,Mistral
8163,-1,-53,1,1,1,,,text,Mistral
8164,-1,-51,1,1,1,,,text,Mistral
8165,-1,-49,1,1,1,,,text,Mistral
8166,-1,-47,1,1,1,,,text,Mistral
8167,-1,-45,0,0,1,,,text,Mistral
8168,-1,-43,0,0,1,,,text,Mistral
8169,-1,-41,0,0,1,,,text,Mistral
8170,-1,-39,0,0,1,,,text,Mistral
8171,-1,-37,0,0,1,,,text,Mistral
8172,-1,-35,0,0,1,,,text,Mistral
8173,-1,-33,0,0,1,,,text,Mistral
8174,-1,-31,0,0,1,,,text,Mistral
8175,-1,-29,0,0,1,,,text,Mistral
8176,-1,-27,0,0,1,,,text,Mistral
8177,-1,-25,0,0,1,,,text,Mistral
8178,-1,-23,0,0,1,,,text,Mistral
8179,-1,-21,0,0,1,,,text,Mistral
8180,-1,-19,0,0,1,,,text,Mistral
8181,-1,-17,0,0,1,,,text,Mistral
8182,-1,-15,0,0,1,,,text,Mistral
8183,-1,-13,0,0,1,,,text,Mistral
8184,-1,-11,0,0,1,,,text,Mistral
8185,-1,-9,0,0,1,,,text,Mistral
8186,-1,-7,0,0,1,,,text,Mistral
8187,-1,-5,0,0,1,,,text,Mistral
8188,-1,-3,0,0,1,,,text,Mistral
8189,-1,-1,0,0,1,,,text,Mistral
8190,-1,1,0,0,1,,,text,Mistral
8191,-1,3,0,0,1,,,text,Mistral
8192,-1,5,0,0,1,,,text,Mistral
8193,-1,7,0,0,1,,,text,Mistral
8194,-1,9,1,1,1,,,text,Mistral
8195,-1,11,1,1,1,,,text,Mistral
8196,-1,13,1,1,1,,,text,Mistral
8197,-1,15,1,1,1,,,text,Mistral
8198,-1,17,1,1,1,,,text,Mistral
8199,-1,19,1,1,1,,,text,Mistral
8200,-1,21,1,1,1,,,text,Mistral
8201,-1,23,1,1,1,,,text,Mistral
8202,-1,25,1,1,1,,,text,Mistral
8203,-1,27,1,1,1,,,text,Mistral
8204,-1,29,1,1,1,,,text,Mistral
8205,-1,31,1,1,1,,,text,Mistral
8206,-1,33,1,0,1,,,text,Mistral
8207,-1,35,1,1,1,,,text,Mistral
8208,-1,37,1,1,1,,,text,Mistral
8209,-1,39,1,1,1,,,text,Mistral
8210,-1,41,1,1,1,,,text,Mistral
8211,-1,43,0,0,1,,,text,Mistral
8212,-1,45,0,0,1,,,text,Mistral
8213,-1,47,0,0,1,,,text,Mistral
8214,-1,49,0,0,1,,,text,Mistral
8215,-1,51,0,0,1,,,text,Mistral
8216,-1,53,0,0,1,,,text,Mistral
8217,-1,55,0,0,1,,,text,Mistral
8218,-1,57,0,0,1,,,text,Mistral
8219,-1,59,0,0,1,,,text,Mistral
8220,-1,61,0,0,1,,,text,Mistral
8221,-1,63,0,0,1,,,text,Mistral
8222,-1,65,0,0,1,,,text,Mistral
8223,-1,67,0,0,1,,,text,Mistral
8224,-1,69,0,0,1,,,text,Mistral
8225,-1,71,0,0,1,,,text,Mistral
8226,-1,73,0,0,1,,,text,Mistral
8227,-1,75,0,0,1,,,text,Mistral
8228,-1,77,0,0,1,,,text,Mistral
8229,-1,79,0,0,1,,,text,Mistral
8230,-1,81,0,0,1,,,text,Mistral
8231,-1,83,0,0,1,,,text,Mistral
8232,-1,85,0,0,1,,,text,Mistral
8233,-1,87,0,0,1,,,text,Mistral
8234,-1,89,0,0,1,,,text,Mistral
8235,-1,91,0,0,1,,,text,Mistral
8236,-1,93,0,0,1,,,text,Mistral
8237,-1,95,0,0,1,,,text,Mistral
8238,-1,97,0,0,1,,,text,Mistral
8239,-1,99,0,0,1,,,text,Mistral
8240,-1,101,1,1,1,,,text,Mistral
8241,-1,103,1,1,1,,,text,Mistral
8242,-1,105,0,0,1,,,text,Mistral
8243,-1,107,0,0,1,,,text,Mistral
8244,-1,109,0,0,1,,,text,Mistral
8245,-1,111,1,1,1,,,text,Mistral
8246,-1,113,1,1,1,,,text,Mistral
8247,-1,115,1,1,1,,,text,Mistral
8248,-1,117,1,1,1,,,text,Mistral
8249,-1,119,0,0,1,,,text,Mistral
8250,-1,121,0,0,1,,,text,Mistral
8251,-1,123,0,0,1,,,text,Mistral
8252,-1,125,0,0,1,,,text,Mistral
8253,-1,127,0,0,1,,,text,Mistral
8254,-1,129,0,0,1,,,text,Mistral
8255,-1,131,1,1,1,,,text,Mistral
8256,-1,133,1,1,1,,,text,Mistral
8257,-1,135,0,0,1,,,text,Mistral
8258,-1,137,0,0,1,,,text,Mistral
8259,-1,139,0,0,1,,,text,Mistral
8260,-1,141,0,0,1,,,text,Mistral
8261,-1,143,0,0,1,,,text,Mistral
8262,-1,145,0,0,1,,,text,Mistral
8263,-1,147,0,0,1,,,text,Mistral
8264,-1,149,0,0,1,,,text,Mistral
8265,-1,151,0,0,1,,,text,Mistral
8266,-1,153,0,0,1,,,text,Mistral
8267,-1,155,0,0,1,,,text,Mistral
8268,-1,157,0,0,1,,,text,Mistral
8269,-1,159,0,0,1,,,text,Mistral
8270,-1,161,0,0,1,,,text,Mistral
8271,-1,163,0,0,1,,,text,Mistral
8272,-1,165,0,0,1,,,text,Mistral
8273,-1,167,0,0,1,,,text,Mistral
8274,-1,169,0,0,1,,,text,Mistral
8275,-1,171,0,0,1,,,text,Mistral
8276,-1,173,0,0,1,,,text,Mistral
8277,-1,175,0,0,1,,,text,Mistral
8278,-1,177,0,0,1,,,text,Mistral
8279,-1,179,0,0,1,,,text,Mistral
8280,-3,-179,0,0,1,,,text,Mistral
8281,-3,-177,0,0,1,,,text,Mistral
8282,-3,-175,0,0,1,,,text,Mistral
8283,-3,-173,0,0,1,,,text,Mistral
8284,-3,-171,0,0,1,,,text,Mistral
8285,-3,-169,0,0,1,,,text,Mistral
8286,-3,-167,0,0,1,,,text,Mistral
8287,-3,-165,0,0,1,,,text,Mistral
8288,-3,-163,0,0,1,,,text,Mistral
8289,-3,-161,0,0,1,,,text,Mistral
8290,-3,-159,0,0,1,,,text,Mistral
8291,-3,-157,0,0,1,,,text,Mistral
8292,-3,-155,0,0,1,,,text,Mistral
8293,-3,-153,0,0,1,,,text,Mistral
8294,-3,-151,0,0,1,,,text,Mistral
8295,-3,-149,0,0,1,,,text,Mistral
8296,-3,-147,0,0,1,,,text,Mistral
8297,-3,-145,0,0,1,,,text,Mistral
8298,-3,-143,0,0,1,,,text,Mistral
8299,-3,-141,0,0,1,,,text,Mistral
8300,-3,-139,0,0,1,,,text,Mistral
8301,-3,-137,0,0,1,,,text,Mistral
8302,-3,-135,0,0,1,,,text,Mistral
8303,-3,-133,0,0,1,,,text,Mistral
8304,-3,-131,0,0,1,,,text,Mistral
8305,-3,-129,0,0,1,,,text,Mistral
8306,-3,-127,0,0,1,,,text,Mistral
8307,-3,-125,0,0,1,,,text,Mistral
8308,-3,-123,0,0,1,,,text,Mistral
8309,-3,-121,0,0,1,,,text,Mistral
8310,-3,-119,0,0,1,,,text,Mistral
8311,-3,-117,0,0,1,,,text,Mistral
8312,-3,-115,0,0,1,,,text,Mistral
8313,-3,-113,0,0,1,,,text,Mistral
8314,-3,-111,0,0,1,,,text,Mistral
8315,-3,-109,0,0,1,,,text,Mistral
8316,-3,-107,0,0,1,,,text,Mistral
8317,-3,-105,0,0,1,,,text,Mistral
8318,-3,-103,0,0,1,,,text,Mistral
8319,-3,-101,0,0,1,,,text,Mistral
8320,-3,-99,0,0,1,,,text,Mistral
8321,-3,-97,0,0,1,,,text,Mistral
8322,-3,-95,0,0,1,,,text,Mistral
8323,-3,-93,0,0,1,,,text,Mistral
8324,-3,-91,0,0,1,,,text,Mistral
8325,-3,-89,0,0,1,,,text,Mistral
8326,-3,-87,0,0,1,,,text,Mistral
8327,-3,-85,0,0,1,,,text,Mistral
8328,-3,-83,0,0,1,,,text,Mistral
8329,-3,-81,0,0,1,,,text,Mistral
8330,-3,-79,1,1,1,,,text,Mistral
8331,-3,-77,1,1,1,,,text,Mistral
8332,-3,-75,1,1,1,,,text,Mistral
8333,-3,-73,1,1,1,,,text,Mistral
8334,-3,-71,1,1,1,,,text,Mistral
8335,-3,-69,1,1,1,,,text,Mistral
8336,-3,-67,1,1,1,,,text,Mistral
8337,-3,-65,1,1,1,,,text,Mistral
8338,-3,-63,1,1,1,,,text,Mistral
8339,-3,-61,1,1,1,,,text,Mistral
8340,-3,-59,1,1,1,,,text,Mistral
8341,-3,-57,1,1,1,,,text,Mistral
8342,-3,-55,1,1,1,,,text,Mistral
8343,-3,-53,1,1,1,,,text,Mistral
8344,-3,-51,1,1,1,,,text,Mistral
8345,-3,-49,1,1,1,,,text,Mistral
8346,-3,-47,1,1,1,,,text,Mistral
8347,-3,-45,1,1,1,,,text,Mistral
8348,-3,-43,1,1,1,,,text,Mistral
8349,-3,-41,1,1,1,,,text,Mistral
8350,-3,-39,0,0,1,,,text,Mistral
8351,-3,-37,0,0,1,,,text,Mistral
8352,-3,-35,0,0,1,,,text,Mistral
8353,-3,-33,0,0,1,,,text,Mistral
8354,-3,-31,0,0,1,,,text,Mistral
8355,-3,-29,0,0,1,,,text,Mistral
8356,-3,-27,0,0,1,,,text,Mistral
8357,-3,-25,0,0,1,,,text,Mistral
8358,-3,-23,0,0,1,,,text,Mistral
8359,-3,-21,0,0,1,,,text,Mistral
8360,-3,-19,0,0,1,,,text,Mistral
8361,-3,-17,0,0,1,,,text,Mistral
8362,-3,-15,0,0,1,,,text,Mistral
8363,-3,-13,0,0,1,,,text,Mistral
8364,-3,-11,0,0,1,,,text,Mistral
8365,-3,-9,0,0,1,,,text,Mistral
8366,-3,-7,0,0,1,,,text,Mistral
8367,-3,-5,0,0,1,,,text,Mistral
8368,-3,-3,0,0,1,,,text,Mistral
8369,-3,-1,0,0,1,,,text,Mistral
8370,-3,1,0,0,1,,,text,Mistral
8371,-3,3,0,0,1,,,text,Mistral
8372,-3,5,0,0,1,,,text,Mistral
8373,-3,7,0,0,1,,,text,Mistral
8374,-3,9,0,0,1,,,text,Mistral
8375,-3,11,1,1,1,,,text,Mistral
8376,-3,13,1,1,1,,,text,Mistral
8377,-3,15,1,1,1,,,text,Mistral
8378,-3,17,1,1,1,,,text,Mistral
8379,-3,19,1,1,1,,,text,Mistral
8380,-3,21,1,1,1,,,text,Mistral
8381,-3,23,1,1,1,,,text,Mistral
8382,-3,25,1,1,1,,,text,Mistral
8383,-3,27,1,1,1,,,text,Mistral
8384,-3,29,1,1,1,,,text,Mistral
8385,-3,31,1,1,1,,,text,Mistral
8386,-3,33,1,1,1,,,text,Mistral
8387,-3,35,1,1,1,,,text,Mistral
8388,-3,37,1,1,1,,,text,Mistral
8389,-3,39,1,1,1,,,text,Mistral
8390,-3,41,0,0,1,,,text,Mistral
8391,-3,43,0,0,1,,,text,Mistral
8392,-3,45,0,0,1,,,text,Mistral
8393,-3,47,0,0,1,,,text,Mistral
8394,-3,49,0,0,1,,,text,Mistral
8395,-3,51,0,0,1,,,text,Mistral
8396,-3,53,0,0,1,,,text,Mistral
8397,-3,55,0,0,1,,,text,Mistral
8398,-3,57,0,0,1,,,text,Mistral
8399,-3,59,0,0,1,,,text,Mistral
8400,-3,61,0,0,1,,,text,Mistral
8401,-3,63,0,0,1,,,text,Mistral
8402,-3,65,0,0,1,,,text,Mistral
8403,-3,67,0,0,1,,,text,Mistral
8404,-3,69,0,0,1,,,text,Mistral
8405,-3,71,0,0,1,,,text,Mistral
8406,-3,73,0,0,1,,,text,Mistral
8407,-3,75,0,0,1,,,text,Mistral
8408,-3,77,0,0,1,,,text,Mistral
8409,-3,79,0,0,1,,,text,Mistral
8410,-3,81,0,0,1,,,text,Mistral
8411,-3,83,0,0,1,,,text,Mistral
8412,-3,85,0,0,1,,,text,Mistral
8413,-3,87,0,0,1,,,text,Mistral
8414,-3,89,0,0,1,,,text,Mistral
8415,-3,91,0,0,1,,,text,Mistral
8416,-3,93,0,0,1,,,text,Mistral
8417,-3,95,0,0,1,,,text,Mistral
8418,-3,97,0,0,1,,,text,Mistral
8419,-3,99,0,0,1,,,text,Mistral
8420,-3,101,0,0,1,,,text,Mistral
8421,-3,103,1,1,1,,,text,Mistral
8422,-3,105,1,1,1,,,text,Mistral
8423,-3,107,0,0,1,,,text,Mistral
8424,-3,109,0,0,1,,,text,Mistral
8425,-3,111,1,1,1,,,text,Mistral
8426,-3,113,1,1,1,,,text,Mistral
8427,-3,115,1,1,1,,,text,Mistral
8428,-3,117,0,0,1,,,text,Mistral
8429,-3,119,1,1,1,,,text,Mistral
8430,-3,121,0,0,1,,,text,Mistral
8431,-3,123,0,0,1,,,text,Mistral
8432,-3,125,0,0,1,,,text,Mistral
8433,-3,127,0,0,1,,,text,Mistral
8434,-3,129,1,1,1,,,text,Mistral
8435,-3,131,0,0,1,,,text,Mistral
8436,-3,133,1,1,1,,,text,Mistral
8437,-3,135,0,0,1,,,text,Mistral
8438,-3,137,1,1,1,,,text,Mistral
8439,-3,139,1,1,1,,,text,Mistral
8440,-3,141,1,1,1,,,text,Mistral
8441,-3,143,0,0,1,,,text,Mistral
8442,-3,145,0,0,1,,,text,Mistral
8443,-3,147,0,0,1,,,text,Mistral
8444,-3,149,0,0,1,,,text,Mistral
8445,-3,151,0,0,1,,,text,Mistral
8446,-3,153,0,0,1,,,text,Mistral
8447,-3,155,0,0,1,,,text,Mistral
8448,-3,157,0,0,1,,,text,Mistral
8449,-3,159,0,0,1,,,text,Mistral
8450,-3,161,0,0,1,,,text,Mistral
8451,-3,163,0,0,1,,,text,Mistral
8452,-3,165,0,0,1,,,text,Mistral
8453,-3,167,0,0,1,,,text,Mistral
8454,-3,169,0,0,1,,,text,Mistral
8455,-3,171,0,0,1,,,text,Mistral
8456,-3,173,0,0,1,,,text,Mistral
8457,-3,175,0,0,1,,,text,Mistral
8458,-3,177,0,0,1,,,text,Mistral
8459,-3,179,0,0,1,,,text,Mistral
8460,-5,-179,0,0,1,,,text,Mistral
8461,-5,-177,0,0,1,,,text,Mistral
8462,-5,-175,0,0,1,,,text,Mistral
8463,-5,-173,0,0,1,,,text,Mistral
8464,-5,-171,0,0,1,,,text,Mistral
8465,-5,-169,0,0,1,,,text,Mistral
8466,-5,-167,0,0,1,,,text,Mistral
8467,-5,-165,0,0,1,,,text,Mistral
8468,-5,-163,0,0,1,,,text,Mistral
8469,-5,-161,0,0,1,,,text,Mistral
8470,-5,-159,0,0,1,,,text,Mistral
8471,-5,-157,0,0,1,,,text,Mistral
8472,-5,-155,0,0,1,,,text,Mistral
8473,-5,-153,0,0,1,,,text,Mistral
8474,-5,-151,0,0,1,,,text,Mistral
8475,-5,-149,0,0,1,,,text,Mistral
8476,-5,-147,0,0,1,,,text,Mistral
8477,-5,-145,0,0,1,,,text,Mistral
8478,-5,-143,0,0,1,,,text,Mistral
8479,-5,-141,0,0,1,,,text,Mistral
8480,-5,-139,0,0,1,,,text,Mistral
8481,-5,-137,0,0,1,,,text,Mistral
8482,-5,-135,0,0,1,,,text,Mistral
8483,-5,-133,0,0,1,,,text,Mistral
8484,-5,-131,0,0,1,,,text,Mistral
8485,-5,-129,0,0,1,,,text,Mistral
8486,-5,-127,0,0,1,,,text,Mistral
8487,-5,-125,0,0,1,,,text,Mistral
8488,-5,-123,0,0,1,,,text,Mistral
8489,-5,-121,0,0,1,,,text,Mistral
8490,-5,-119,0,0,1,,,text,Mistral
8491,-5,-117,0,0,1,,,text,Mistral
8492,-5,-115,0,0,1,,,text,Mistral
8493,-5,-113,0,0,1,,,text,Mistral
8494,-5,-111,0,0,1,,,text,Mistral
8495,-5,-109,0,0,1,,,text,Mistral
8496,-5,-107,0,0,1,,,text,Mistral
8497,-5,-105,0,0,1,,,text,Mistral
8498,-5,-103,0,0,1,,,text,Mistral
8499,-5,-101,0,0,1,,,text,Mistral
8500,-5,-99,0,0,1,,,text,Mistral
8501,-5,-97,0,0,1,,,text,Mistral
8502,-5,-95,0,0,1,,,text,Mistral
8503,-5,-93,0,0,1,,,text,Mistral
8504,-5,-91,0,0,1,,,text,Mistral
8505,-5,-89,0,0,1,,,text,Mistral
8506,-5,-87,0,0,1,,,text,Mistral
8507,-5,-85,0,0,1,,,text,Mistral
8508,-5,-83,0,0,1,,,text,Mistral
8509,-5,-81,1,1,1,,,text,Mistral
8510,-5,-79,1,1,1,,,text,Mistral
8511,-5,-77,1,1,1,,,text,Mistral
8512,-5,-75,1,1,1,,,text,Mistral
8513,-5,-73,1,1,1,,,text,Mistral
8514,-5,-71,1,1,1,,,text,Mistral
8515,-5,-69,1,1,1,,,text,Mistral
8516,-5,-67,1,1,1,,,text,Mistral
8517,-5,-65,1,1,1,,,text,Mistral
8518,-5,-63,1,1,1,,,text,Mistral
8519,-5,-61,1,1,1,,,text,Mistral
8520,-5,-59,1,1,1,,,text,Mistral
8521,-5,-57,1,1,1,,,text,Mistral
8522,-5,-55,1,1,1,,,text,Mistral
8523,-5,-53,1,1,1,,,text,Mistral
8524,-5,-51,1,1,1,,,text,Mistral
8525,-5,-49,1,1,1,,,text,Mistral
8526,-5,-47,1,1,1,,,text,Mistral
8527,-5,-45,1,1,1,,,text,Mistral
8528,-5,-43,1,1,1,,,text,Mistral
8529,-5,-41,1,1,1,,,text,Mistral
8530,-5,-39,1,1,1,,,text,Mistral
8531,-5,-37,1,1,1,,,text,Mistral
8532,-5,-35,0,0,1,,,text,Mistral
8533,-5,-33,0,0,1,,,text,Mistral
8534,-5,-31,0,0,1,,,text,Mistral
8535,-5,-29,0,0,1,,,text,Mistral
8536,-5,-27,0,0,1,,,text,Mistral
8537,-5,-25,0,0,1,,,text,Mistral
8538,-5,-23,0,0,1,,,text,Mistral
8539,-5,-21,0,0,1,,,text,Mistral
8540,-5,-19,0,0,1,,,text,Mistral
8541,-5,-17,0,0,1,,,text,Mistral
8542,-5,-15,0,0,1,,,text,Mistral
8543,-5,-13,0,0,1,,,text,Mistral
8544,-5,-11,0,0,1,,,text,Mistral
8545,-5,-9,0,0,1,,,text,Mistral
8546,-5,-7,0,0,1,,,text,Mistral
8547,-5,-5,0,0,1,,,text,Mistral
8548,-5,-3,0,0,1,,,text,Mistral
8549,-5,-1,0,0,1,,,text,Mistral
8550,-5,1,0,0,1,,,text,Mistral
8551,-5,3,0,0,1,,,text,Mistral
8552,-5,5,0,0,1,,,text,Mistral
8553,-5,7,0,0,1,,,text,Mistral
8554,-5,9,0,0,1,,,text,Mistral
8555,-5,11,0,0,1,,,text,Mistral
8556,-5,13,1,1,1,,,text,Mistral
8557,-5,15,1,1,1,,,text,Mistral
8558,-5,17,1,1,1,,,text,Mistral
8559,-5,19,1,1,1,,,text,Mistral
8560,-5,21,1,1,1,,,text,Mistral
8561,-5,23,1,1,1,,,text,Mistral
8562,-5,25,1,1,1,,,text,Mistral
8563,-5,27,1,1,1,,,text,Mistral
8564,-5,29,1,1,1,,,text,Mistral
8565,-5,31,1,1,1,,,text,Mistral
8566,-5,33,1,1,1,,,text,Mistral
8567,-5,35,1,1,1,,,text,Mistral
8568,-5,37,1,1,1,,,text,Mistral
8569,-5,39,1,1,1,,,text,Mistral
8570,-5,41,0,0,1,,,text,Mistral
8571,-5,43,0,0,1,,,text,Mistral
8572,-5,45,0,0,1,,,text,Mistral
8573,-5,47,0,0,1,,,text,Mistral
8574,-5,49,0,0,1,,,text,Mistral
8575,-5,51,0,0,1,,,text,Mistral
8576,-5,53,0,0,1,,,text,Mistral
8577,-5,55,0,0,1,,,text,Mistral
8578,-5,57,0,0,1,,,text,Mistral
8579,-5,59,0,0,1,,,text,Mistral
8580,-5,61,0,0,1,,,text,Mistral
8581,-5,63,0,0,1,,,text,Mistral
8582,-5,65,0,0,1,,,text,Mistral
8583,-5,67,0,0,1,,,text,Mistral
8584,-5,69,0,0,1,,,text,Mistral
8585,-5,71,0,0,1,,,text,Mistral
8586,-5,73,0,0,1,,,text,Mistral
8587,-5,75,0,0,1,,,text,Mistral
8588,-5,77,0,0,1,,,text,Mistral
8589,-5,79,0,0,1,,,text,Mistral
8590,-5,81,0,0,1,,,text,Mistral
8591,-5,83,0,0,1,,,text,Mistral
8592,-5,85,0,0,1,,,text,Mistral
8593,-5,87,0,0,1,,,text,Mistral
8594,-5,89,0,0,1,,,text,Mistral
8595,-5,91,0,0,1,,,text,Mistral
8596,-5,93,0,0,1,,,text,Mistral
8597,-5,95,0,0,1,,,text,Mistral
8598,-5,97,0,0,1,,,text,Mistral
8599,-5,99,0,0,1,,,text,Mistral
8600,-5,101,0,0,1,,,text,Mistral
8601,-5,103,0,0,1,,,text,Mistral
8602,-5,105,1,1,1,,,text,Mistral
8603,-5,107,0,0,1,,,text,Mistral
8604,-5,109,0,0,1,,,text,Mistral
8605,-5,111,0,0,1,,,text,Mistral
8606,-5,113,0,0,1,,,text,Mistral
8607,-5,115,0,0,1,,,text,Mistral
8608,-5,117,0,0,1,,,text,Mistral
8609,-5,119,0,0,1,,,text,Mistral
8610,-5,121,0,0,1,,,text,Mistral
8611,-5,123,0,0,1,,,text,Mistral
8612,-5,125,0,0,1,,,text,Mistral
8613,-5,127,0,0,1,,,text,Mistral
8614,-5,129,0,0,1,,,text,Mistral
8615,-5,131,0,0,1,,,text,Mistral
8616,-5,133,0,0,1,,,text,Mistral
8617,-5,135,0,0,1,,,text,Mistral
8618,-5,137,0,0,1,,,text,Mistral
8619,-5,139,1,1,1,,,text,Mistral
8620,-5,141,1,1,1,,,text,Mistral
8621,-5,143,1,1,1,,,text,Mistral
8622,-5,145,1,1,1,,,text,Mistral
8623,-5,147,0,0,1,,,text,Mistral
8624,-5,149,0,0,1,,,text,Mistral
8625,-5,151,0,0,1,,,text,Mistral
8626,-5,153,0,0,1,,,text,Mistral
8627,-5,155,0,0,1,,,text,Mistral
8628,-5,157,0,0,1,,,text,Mistral
8629,-5,159,0,0,1,,,text,Mistral
8630,-5,161,0,0,1,,,text,Mistral
8631,-5,163,0,0,1,,,text,Mistral
8632,-5,165,0,0,1,,,text,Mistral
8633,-5,167,0,0,1,,,text,Mistral
8634,-5,169,0,0,1,,,text,Mistral
8635,-5,171,0,0,1,,,text,Mistral
8636,-5,173,0,0,1,,,text,Mistral
8637,-5,175,0,0,1,,,text,Mistral
8638,-5,177,0,0,1,,,text,Mistral
8639,-5,179,0,0,1,,,text,Mistral
8640,-7,-179,0,0,1,,,text,Mistral
8641,-7,-177,0,0,1,,,text,Mistral
8642,-7,-175,0,0,1,,,text,Mistral
8643,-7,-173,0,0,1,,,text,Mistral
8644,-7,-171,0,0,1,,,text,Mistral
8645,-7,-169,0,0,1,,,text,Mistral
8646,-7,-167,0,0,1,,,text,Mistral
8647,-7,-165,0,0,1,,,text,Mistral
8648,-7,-163,0,0,1,,,text,Mistral
8649,-7,-161,0,0,1,,,text,Mistral
8650,-7,-159,0,0,1,,,text,Mistral
8651,-7,-157,0,0,1,,,text,Mistral
8652,-7,-155,0,0,1,,,text,Mistral
8653,-7,-153,0,0,1,,,text,Mistral
8654,-7,-151,0,0,1,,,text,Mistral
8655,-7,-149,0,0,1,,,text,Mistral
8656,-7,-147,0,0,1,,,text,Mistral
8657,-7,-145,0,0,1,,,text,Mistral
8658,-7,-143,0,0,1,,,text,Mistral
8659,-7,-141,0,0,1,,,text,Mistral
8660,-7,-139,0,0,1,,,text,Mistral
8661,-7,-137,0,0,1,,,text,Mistral
8662,-7,-135,0,0,1,,,text,Mistral
8663,-7,-133,0,0,1,,,text,Mistral
8664,-7,-131,0,0,1,,,text,Mistral
8665,-7,-129,0,0,1,,,text,Mistral
8666,-7,-127,0,0,1,,,text,Mistral
8667,-7,-125,0,0,1,,,text,Mistral
8668,-7,-123,0,0,1,,,text,Mistral
8669,-7,-121,0,0,1,,,text,Mistral
8670,-7,-119,0,0,1,,,text,Mistral
8671,-7,-117,0,0,1,,,text,Mistral
8672,-7,-115,0,0,1,,,text,Mistral
8673,-7,-113,0,0,1,,,text,Mistral
8674,-7,-111,0,0,1,,,text,Mistral
8675,-7,-109,0,0,1,,,text,Mistral
8676,-7,-107,0,0,1,,,text,Mistral
8677,-7,-105,0,0,1,,,text,Mistral
8678,-7,-103,0,0,1,,,text,Mistral
8679,-7,-101,0,0,1,,,text,Mistral
8680,-7,-99,0,0,1,,,text,Mistral
8681,-7,-97,0,0,1,,,text,Mistral
8682,-7,-95,0,0,1,,,text,Mistral
8683,-7,-93,0,0,1,,,text,Mistral
8684,-7,-91,0,0,1,,,text,Mistral
8685,-7,-89,0,0,1,,,text,Mistral
8686,-7,-87,0,0,1,,,text,Mistral
8687,-7,-85,0,0,1,,,text,Mistral
8688,-7,-83,0,0,1,,,text,Mistral
8689,-7,-81,0,0,1,,,text,Mistral
8690,-7,-79,1,1,1,,,text,Mistral
8691,-7,-77,1,1,1,,,text,Mistral
8692,-7,-75,1,1,1,,,text,Mistral
8693,-7,-73,1,1,1,,,text,Mistral
8694,-7,-71,1,1,1,,,text,Mistral
8695,-7,-69,1,1,1,,,text,Mistral
8696,-7,-67,1,1,1,,,text,Mistral
8697,-7,-65,1,1,1,,,text,Mistral
8698,-7,-63,1,1,1,,,text,Mistral
8699,-7,-61,1,1,1,,,text,Mistral
8700,-7,-59,1,1,1,,,text,Mistral
8701,-7,-57,1,1,1,,,text,Mistral
8702,-7,-55,1,1,1,,,text,Mistral
8703,-7,-53,1,1,1,,,text,Mistral
8704,-7,-51,1,1,1,,,text,Mistral
8705,-7,-49,1,1,1,,,text,Mistral
8706,-7,-47,1,1,1,,,text,Mistral
8707,-7,-45,1,1,1,,,text,Mistral
8708,-7,-43,1,1,1,,,text,Mistral
8709,-7,-41,1,1,1,,,text,Mistral
8710,-7,-39,1,1,1,,,text,Mistral
8711,-7,-37,1,1,1,,,text,Mistral
8712,-7,-35,1,1,1,,,text,Mistral
8713,-7,-33,0,0,1,,,text,Mistral
8714,-7,-31,0,0,1,,,text,Mistral
8715,-7,-29,0,0,1,,,text,Mistral
8716,-7,-27,0,0,1,,,text,Mistral
8717,-7,-25,0,0,1,,,text,Mistral
8718,-7,-23,0,0,1,,,text,Mistral
8719,-7,-21,0,0,1,,,text,Mistral
8720,-7,-19,0,0,1,,,text,Mistral
8721,-7,-17,0,0,1,,,text,Mistral
8722,-7,-15,0,0,1,,,text,Mistral
8723,-7,-13,0,0,1,,,text,Mistral
8724,-7,-11,0,0,1,,,text,Mistral
8725,-7,-9,0,0,1,,,text,Mistral
8726,-7,-7,0,0,1,,,text,Mistral
8727,-7,-5,0,0,1,,,text,Mistral
8728,-7,-3,0,0,1,,,text,Mistral
8729,-7,-1,0,0,1,,,text,Mistral
8730,-7,1,0,0,1,,,text,Mistral
8731,-7,3,0,0,1,,,text,Mistral
8732,-7,5,0,0,1,,,text,Mistral
8733,-7,7,0,0,1,,,text,Mistral
8734,-7,9,0,0,1,,,text,Mistral
8735,-7,11,0,0,1,,,text,Mistral
8736,-7,13,1,1,1,,,text,Mistral
8737,-7,15,1,1,1,,,text,Mistral
8738,-7,17,1,1,1,,,text,Mistral
8739,-7,19,1,1,1,,,text,Mistral
8740,-7,21,1,1,1,,,text,Mistral
8741,-7,23,1,1,1,,,text,Mistral
8742,-7,25,1,1,1,,,text,Mistral
8743,-7,27,1,1,1,,,text,Mistral
8744,-7,29,1,1,1,,,text,Mistral
8745,-7,31,1,1,1,,,text,Mistral
8746,-7,33,1,1,1,,,text,Mistral
8747,-7,35,1,1,1,,,text,Mistral
8748,-7,37,1,1,1,,,text,Mistral
8749,-7,39,1,1,1,,,text,Mistral
8750,-7,41,0,0,1,,,text,Mistral
8751,-7,43,0,0,1,,,text,Mistral
8752,-7,45,0,0,1,,,text,Mistral
8753,-7,47,0,0,1,,,text,Mistral
8754,-7,49,0,0,1,,,text,Mistral
8755,-7,51,0,0,1,,,text,Mistral
8756,-7,53,0,0,1,,,text,Mistral
8757,-7,55,0,0,1,,,text,Mistral
8758,-7,57,0,0,1,,,text,Mistral
8759,-7,59,0,0,1,,,text,Mistral
8760,-7,61,0,0,1,,,text,Mistral
8761,-7,63,0,0,1,,,text,Mistral
8762,-7,65,0,0,1,,,text,Mistral
8763,-7,67,0,0,1,,,text,Mistral
8764,-7,69,0,0,1,,,text,Mistral
8765,-7,71,0,0,1,,,text,Mistral
8766,-7,73,0,0,1,,,text,Mistral
8767,-7,75,0,0,1,,,text,Mistral
8768,-7,77,0,0,1,,,text,Mistral
8769,-7,79,0,0,1,,,text,Mistral
8770,-7,81,0,0,1,,,text,Mistral
8771,-7,83,0,0,1,,,text,Mistral
8772,-7,85,0,0,1,,,text,Mistral
8773,-7,87,0,0,1,,,text,Mistral
8774,-7,89,0,0,1,,,text,Mistral
8775,-7,91,0,0,1,,,text,Mistral
8776,-7,93,0,0,1,,,text,Mistral
8777,-7,95,0,0,1,,,text,Mistral
8778,-7,97,0,0,1,,,text,Mistral
8779,-7,99,0,0,1,,,text,Mistral
8780,-7,101,0,0,1,,,text,Mistral
8781,-7,103,0,0,1,,,text,Mistral
8782,-7,105,0,0,1,,,text,Mistral
8783,-7,107,1,1,1,,,text,Mistral
8784,-7,109,1,1,1,,,text,Mistral
8785,-7,111,1,1,1,,,text,Mistral
8786,-7,113,1,1,1,,,text,Mistral
8787,-7,115,0,0,1,,,text,Mistral
8788,-7,117,0,0,1,,,text,Mistral
8789,-7,119,0,0,1,,,text,Mistral
8790,-7,121,0,0,1,,,text,Mistral
8791,-7,123,0,0,1,,,text,Mistral
8792,-7,125,0,0,1,,,text,Mistral
8793,-7,127,0,0,1,,,text,Mistral
8794,-7,129,0,0,1,,,text,Mistral
8795,-7,131,0,0,1,,,text,Mistral
8796,-7,133,0,0,1,,,text,Mistral
8797,-7,135,0,0,1,,,text,Mistral
8798,-7,137,0,0,1,,,text,Mistral
8799,-7,139,1,1,1,,,text,Mistral
8800,-7,141,1,1,1,,,text,Mistral
8801,-7,143,1,1,1,,,text,Mistral
8802,-7,145,1,1,1,,,text,Mistral
8803,-7,147,0,0,1,,,text,Mistral
8804,-7,149,0,0,1,,,text,Mistral
8805,-7,151,0,0,1,,,text,Mistral
8806,-7,153,0,0,1,,,text,Mistral
8807,-7,155,0,0,1,,,text,Mistral
8808,-7,157,1,1,1,,,text,Mistral
8809,-7,159,0,0,1,,,text,Mistral
8810,-7,161,0,0,1,,,text,Mistral
8811,-7,163,0,0,1,,,text,Mistral
8812,-7,165,0,0,1,,,text,Mistral
8813,-7,167,0,0,1,,,text,Mistral
8814,-7,169,0,0,1,,,text,Mistral
8815,-7,171,0,0,1,,,text,Mistral
8816,-7,173,0,0,1,,,text,Mistral
8817,-7,175,0,0,1,,,text,Mistral
8818,-7,177,0,0,1,,,text,Mistral
8819,-7,179,0,0,1,,,text,Mistral
8820,-9,-179,0,0,1,,,text,Mistral
8821,-9,-177,0,0,1,,,text,Mistral
8822,-9,-175,0,0,1,,,text,Mistral
8823,-9,-173,0,0,1,,,text,Mistral
8824,-9,-171,0,0,1,,,text,Mistral
8825,-9,-169,0,0,1,,,text,Mistral
8826,-9,-167,0,0,1,,,text,Mistral
8827,-9,-165,0,0,1,,,text,Mistral
8828,-9,-163,0,0,1,,,text,Mistral
8829,-9,-161,0,0,1,,,text,Mistral
8830,-9,-159,0,0,1,,,text,Mistral
8831,-9,-157,0,0,1,,,text,Mistral
8832,-9,-155,0,0,1,,,text,Mistral
8833,-9,-153,0,0,1,,,text,Mistral
8834,-9,-151,0,0,1,,,text,Mistral
8835,-9,-149,0,0,1,,,text,Mistral
8836,-9,-147,0,0,1,,,text,Mistral
8837,-9,-145,0,0,1,,,text,Mistral
8838,-9,-143,0,0,1,,,text,Mistral
8839,-9,-141,0,0,1,,,text,Mistral
8840,-9,-139,0,0,1,,,text,Mistral
8841,-9,-137,0,0,1,,,text,Mistral
8842,-9,-135,0,0,1,,,text,Mistral
8843,-9,-133,0,0,1,,,text,Mistral
8844,-9,-131,0,0,1,,,text,Mistral
8845,-9,-129,0,0,1,,,text,Mistral
8846,-9,-127,0,0,1,,,text,Mistral
8847,-9,-125,0,0,1,,,text,Mistral
8848,-9,-123,0,0,1,,,text,Mistral
8849,-9,-121,0,0,1,,,text,Mistral
8850,-9,-119,0,0,1,,,text,Mistral
8851,-9,-117,0,0,1,,,text,Mistral
8852,-9,-115,0,0,1,,,text,Mistral
8853,-9,-113,0,0,1,,,text,Mistral
8854,-9,-111,0,0,1,,,text,Mistral
8855,-9,-109,0,0,1,,,text,Mistral
8856,-9,-107,0,0,1,,,text,Mistral
8857,-9,-105,0,0,1,,,text,Mistral
8858,-9,-103,0,0,1,,,text,Mistral
8859,-9,-101,0,0,1,,,text,Mistral
8860,-9,-99,0,0,1,,,text,Mistral
8861,-9,-97,0,0,1,,,text,Mistral
8862,-9,-95,0,0,1,,,text,Mistral
8863,-9,-93,0,0,1,,,text,Mistral
8864,-9,-91,0,0,1,,,text,Mistral
8865,-9,-89,0,0,1,,,text,Mistral
8866,-9,-87,0,0,1,,,text,Mistral
8867,-9,-85,0,0,1,,,text,Mistral
8868,-9,-83,0,0,1,,,text,Mistral
8869,-9,-81,0,0,1,,,text,Mistral
8870,-9,-79,0,0,1,,,text,Mistral
8871,-9,-77,1,1,1,,,text,Mistral
8872,-9,-75,1,1,1,,,text,Mistral
8873,-9,-73,1,1,1,,,text,Mistral
8874,-9,-71,1,1,1,,,text,Mistral
8875,-9,-69,1,1,1,,,text,Mistral
8876,-9,-67,1,1,1,,,text,Mistral
8877,-9,-65,1,1,1,,,text,Mistral
8878,-9,-63,1,1,1,,,text,Mistral
8879,-9,-61,1,1,1,,,text,Mistral
8880,-9,-59,1,1,1,,,text,Mistral
8881,-9,-57,1,1,1,,,text,Mistral
8882,-9,-55,1,1,1,,,text,Mistral
8883,-9,-53,1,1,1,,,text,Mistral
8884,-9,-51,1,1,1,,,text,Mistral
8885,-9,-49,1,1,1,,,text,Mistral
8886,-9,-47,1,1,1,,,text,Mistral
8887,-9,-45,1,1,1,,,text,Mistral
8888,-9,-43,1,1,1,,,text,Mistral
8889,-9,-41,1,1,1,,,text,Mistral
8890,-9,-39,1,1,1,,,text,Mistral
8891,-9,-37,1,1,1,,,text,Mistral
8892,-9,-35,0,0,1,,,text,Mistral
8893,-9,-33,0,0,1,,,text,Mistral
8894,-9,-31,0,0,1,,,text,Mistral
8895,-9,-29,0,0,1,,,text,Mistral
8896,-9,-27,0,0,1,,,text,Mistral
8897,-9,-25,0,0,1,,,text,Mistral
8898,-9,-23,0,0,1,,,text,Mistral
8899,-9,-21,0,0,1,,,text,Mistral
8900,-9,-19,0,0,1,,,text,Mistral
8901,-9,-17,0,0,1,,,text,Mistral
8902,-9,-15,0,0,1,,,text,Mistral
8903,-9,-13,0,0,1,,,text,Mistral
8904,-9,-11,0,0,1,,,text,Mistral
8905,-9,-9,0,0,1,,,text,Mistral
8906,-9,-7,0,0,1,,,text,Mistral
8907,-9,-5,0,0,1,,,text,Mistral
8908,-9,-3,0,0,1,,,text,Mistral
8909,-9,-1,0,0,1,,,text,Mistral
8910,-9,1,0,0,1,,,text,Mistral
8911,-9,3,0,0,1,,,text,Mistral
8912,-9,5,0,0,1,,,text,Mistral
8913,-9,7,0,0,1,,,text,Mistral
8914,-9,9,0,0,1,,,text,Mistral
8915,-9,11,0,0,1,,,text,Mistral
8916,-9,13,0,0,1,,,text,Mistral
8917,-9,15,1,1,1,,,text,Mistral
8918,-9,17,1,1,1,,,text,Mistral
8919,-9,19,1,1,1,,,text,Mistral
8920,-9,21,1,1,1,,,text,Mistral
8921,-9,23,1,1,1,,,text,Mistral
8922,-9,25,1,1,1,,,text,Mistral
8923,-9,27,1,1,1,,,text,Mistral
8924,-9,29,1,1,1,,,text,Mistral
8925,-9,31,1,1,1,,,text,Mistral
8926,-9,33,1,1,1,,,text,Mistral
8927,-9,35,1,1,1,,,text,Mistral
8928,-9,37,1,1,1,,,text,Mistral
8929,-9,39,1,1,1,,,text,Mistral
8930,-9,41,0,0,1,,,text,Mistral
8931,-9,43,0,0,1,,,text,Mistral
8932,-9,45,0,0,1,,,text,Mistral
8933,-9,47,0,0,1,,,text,Mistral
8934,-9,49,0,0,1,,,text,Mistral
8935,-9,51,0,0,1,,,text,Mistral
8936,-9,53,0,0,1,,,text,Mistral
8937,-9,55,0,0,1,,,text,Mistral
8938,-9,57,0,0,1,,,text,Mistral
8939,-9,59,0,0,1,,,text,Mistral
8940,-9,61,0,0,1,,,text,Mistral
8941,-9,63,0,0,1,,,text,Mistral
8942,-9,65,0,0,1,,,text,Mistral
8943,-9,67,0,0,1,,,text,Mistral
8944,-9,69,0,0,1,,,text,Mistral
8945,-9,71,0,0,1,,,text,Mistral
8946,-9,73,0,0,1,,,text,Mistral
8947,-9,75,0,0,1,,,text,Mistral
8948,-9,77,0,0,1,,,text,Mistral
8949,-9,79,0,0,1,,,text,Mistral
8950,-9,81,0,0,1,,,text,Mistral
8951,-9,83,0,0,1,,,text,Mistral
8952,-9,85,0,0,1,,,text,Mistral
8953,-9,87,0,0,1,,,text,Mistral
8954,-9,89,0,0,1,,,text,Mistral
8955,-9,91,0,0,1,,,text,Mistral
8956,-9,93,0,0,1,,,text,Mistral
8957,-9,95,0,0,1,,,text,Mistral
8958,-9,97,0,0,1,,,text,Mistral
8959,-9,99,0,0,1,,,text,Mistral
8960,-9,101,0,0,1,,,text,Mistral
8961,-9,103,0,0,1,,,text,Mistral
8962,-9,105,0,0,1,,,text,Mistral
8963,-9,107,0,0,1,,,text,Mistral
8964,-9,109,0,0,1,,,text,Mistral
8965,-9,111,0,0,1,,,text,Mistral
8966,-9,113,0,0,1,,,text,Mistral
8967,-9,115,0,0,1,,,text,Mistral
8968,-9,117,1,1,1,,,text,Mistral
8969,-9,119,0,0,1,,,text,Mistral
8970,-9,121,0,0,1,,,text,Mistral
8971,-9,123,0,0,1,,,text,Mistral
8972,-9,125,1,1,1,,,text,Mistral
8973,-9,127,0,0,1,,,text,Mistral
8974,-9,129,0,0,1,,,text,Mistral
8975,-9,131,0,0,1,,,text,Mistral
8976,-9,133,0,0,1,,,text,Mistral
8977,-9,135,0,0,1,,,text,Mistral
8978,-9,137,0,0,1,,,text,Mistral
8979,-9,139,0,0,1,,,text,Mistral
8980,-9,141,1,1,1,,,text,Mistral
8981,-9,143,1,1,1,,,text,Mistral
8982,-9,145,0,0,1,,,text,Mistral
8983,-9,147,1,1,1,,,text,Mistral
8984,-9,149,0,0,1,,,text,Mistral
8985,-9,151,0,0,1,,,text,Mistral
8986,-9,153,0,0,1,,,text,Mistral
8987,-9,155,0,0,1,,,text,Mistral
8988,-9,157,0,0,1,,,text,Mistral
8989,-9,159,0,0,1,,,text,Mistral
8990,-9,161,1,1,1,,,text,Mistral
8991,-9,163,0,0,1,,,text,Mistral
8992,-9,165,0,0,1,,,text,Mistral
8993,-9,167,0,0,1,,,text,Mistral
8994,-9,169,0,0,1,,,text,Mistral
8995,-9,171,0,0,1,,,text,Mistral
8996,-9,173,0,0,1,,,text,Mistral
8997,-9,175,0,0,1,,,text,Mistral
8998,-9,177,0,0,1,,,text,Mistral
8999,-9,179,0,0,1,,,text,Mistral
9000,-11,-179,0,0,1,,,text,Mistral
9001,-11,-177,0,0,0,,,text,Mistral
9002,-11,-175,0,0,1,,,text,Mistral
9003,-11,-173,0,0,1,,,text,Mistral
9004,-11,-171,0,0,1,,,text,Mistral
9005,-11,-169,0,0,1,,,text,Mistral
9006,-11,-167,0,0,1,,,text,Mistral
9007,-11,-165,0,0,1,,,text,Mistral
9008,-11,-163,0,0,1,,,text,Mistral
9009,-11,-161,0,0,1,,,text,Mistral
9010,-11,-159,0,0,1,,,text,Mistral
9011,-11,-157,0,0,1,,,text,Mistral
9012,-11,-155,0,0,1,,,text,Mistral
9013,-11,-153,0,0,1,,,text,Mistral
9014,-11,-151,0,0,1,,,text,Mistral
9015,-11,-149,0,0,1,,,text,Mistral
9016,-11,-147,0,0,1,,,text,Mistral
9017,-11,-145,0,0,1,,,text,Mistral
9018,-11,-143,0,0,1,,,text,Mistral
9019,-11,-141,0,0,1,,,text,Mistral
9020,-11,-139,0,0,1,,,text,Mistral
9021,-11,-137,0,0,1,,,text,Mistral
9022,-11,-135,0,0,1,,,text,Mistral
9023,-11,-133,0,0,1,,,text,Mistral
9024,-11,-131,0,0,1,,,text,Mistral
9025,-11,-129,0,0,1,,,text,Mistral
9026,-11,-127,0,0,1,,,text,Mistral
9027,-11,-125,0,0,1,,,text,Mistral
9028,-11,-123,0,0,1,,,text,Mistral
9029,-11,-121,0,0,1,,,text,Mistral
9030,-11,-119,0,0,1,,,text,Mistral
9031,-11,-117,0,0,1,,,text,Mistral
9032,-11,-115,0,0,1,,,text,Mistral
9033,-11,-113,0,0,1,,,text,Mistral
9034,-11,-111,0,0,1,,,text,Mistral
9035,-11,-109,0,0,1,,,text,Mistral
9036,-11,-107,0,0,1,,,text,Mistral
9037,-11,-105,0,0,1,,,text,Mistral
9038,-11,-103,0,0,1,,,text,Mistral
9039,-11,-101,0,0,1,,,text,Mistral
9040,-11,-99,0,0,1,,,text,Mistral
9041,-11,-97,0,0,1,,,text,Mistral
9042,-11,-95,0,0,1,,,text,Mistral
9043,-11,-93,0,0,1,,,text,Mistral
9044,-11,-91,0,0,1,,,text,Mistral
9045,-11,-89,0,0,1,,,text,Mistral
9046,-11,-87,0,0,1,,,text,Mistral
9047,-11,-85,0,0,1,,,text,Mistral
9048,-11,-83,0,0,1,,,text,Mistral
9049,-11,-81,0,0,1,,,text,Mistral
9050,-11,-79,0,0,1,,,text,Mistral
9051,-11,-77,1,1,1,,,text,Mistral
9052,-11,-75,1,1,1,,,text,Mistral
9053,-11,-73,1,1,1,,,text,Mistral
9054,-11,-71,1,1,1,,,text,Mistral
9055,-11,-69,1,1,1,,,text,Mistral
9056,-11,-67,1,1,1,,,text,Mistral
9057,-11,-65,1,1,1,,,text,Mistral
9058,-11,-63,1,1,1,,,text,Mistral
9059,-11,-61,1,1,1,,,text,Mistral
9060,-11,-59,1,1,1,,,text,Mistral
9061,-11,-57,1,1,1,,,text,Mistral
9062,-11,-55,1,1,1,,,text,Mistral
9063,-11,-53,1,1,1,,,text,Mistral
9064,-11,-51,1,1,1,,,text,Mistral
9065,-11,-49,1,1,1,,,text,Mistral
9066,-11,-47,1,1,1,,,text,Mistral
9067,-11,-45,1,1,1,,,text,Mistral
9068,-11,-43,1,0,1,,,text,Mistral
9069,-11,-41,1,1,1,,,text,Mistral
9070,-11,-39,1,1,1,,,text,Mistral
9071,-11,-37,0,0,1,,,text,Mistral
9072,-11,-35,0,0,1,,,text,Mistral
9073,-11,-33,0,0,1,,,text,Mistral
9074,-11,-31,0,0,1,,,text,Mistral
9075,-11,-29,0,0,1,,,text,Mistral
9076,-11,-27,0,0,1,,,text,Mistral
9077,-11,-25,0,0,1,,,text,Mistral
9078,-11,-23,0,0,1,,,text,Mistral
9079,-11,-21,0,0,1,,,text,Mistral
9080,-11,-19,0,0,1,,,text,Mistral
9081,-11,-17,0,0,1,,,text,Mistral
9082,-11,-15,0,0,1,,,text,Mistral
9083,-11,-13,0,0,1,,,text,Mistral
9084,-11,-11,0,0,1,,,text,Mistral
9085,-11,-9,0,0,1,,,text,Mistral
9086,-11,-7,0,0,1,,,text,Mistral
9087,-11,-5,0,0,1,,,text,Mistral
9088,-11,-3,0,0,1,,,text,Mistral
9089,-11,-1,0,0,1,,,text,Mistral
9090,-11,1,0,0,1,,,text,Mistral
9091,-11,3,0,0,1,,,text,Mistral
9092,-11,5,0,0,1,,,text,Mistral
9093,-11,7,0,0,1,,,text,Mistral
9094,-11,9,0,0,1,,,text,Mistral
9095,-11,11,0,0,1,,,text,Mistral
9096,-11,13,0,0,1,,,text,Mistral
9097,-11,15,1,1,1,,,text,Mistral
9098,-11,17,1,1,1,,,text,Mistral
9099,-11,19,1,1,1,,,text,Mistral
9100,-11,21,1,1,1,,,text,Mistral
9101,-11,23,1,1,1,,,text,Mistral
9102,-11,25,1,1,1,,,text,Mistral
9103,-11,27,1,0,1,,,text,Mistral
9104,-11,29,1,1,1,,,text,Mistral
9105,-11,31,1,1,1,,,text,Mistral
9106,-11,33,1,1,1,,,text,Mistral
9107,-11,35,1,1,1,,,text,Mistral
9108,-11,37,1,1,1,,,text,Mistral
9109,-11,39,1,1,1,,,text,Mistral
9110,-11,41,0,0,1,,,text,Mistral
9111,-11,43,0,0,1,,,text,Mistral
9112,-11,45,0,0,1,,,text,Mistral
9113,-11,47,0,0,1,,,text,Mistral
9114,-11,49,0,0,1,,,text,Mistral
9115,-11,51,0,0,1,,,text,Mistral
9116,-11,53,0,0,1,,,text,Mistral
9117,-11,55,0,0,1,,,text,Mistral
9118,-11,57,0,0,1,,,text,Mistral
9119,-11,59,0,0,1,,,text,Mistral
9120,-11,61,0,0,1,,,text,Mistral
9121,-11,63,0,0,1,,,text,Mistral
9122,-11,65,0,0,1,,,text,Mistral
9123,-11,67,0,0,1,,,text,Mistral
9124,-11,69,0,0,1,,,text,Mistral
9125,-11,71,0,0,1,,,text,Mistral
9126,-11,73,0,0,1,,,text,Mistral
9127,-11,75,0,0,1,,,text,Mistral
9128,-11,77,0,0,1,,,text,Mistral
9129,-11,79,0,0,1,,,text,Mistral
9130,-11,81,0,0,1,,,text,Mistral
9131,-11,83,0,0,1,,,text,Mistral
9132,-11,85,0,0,1,,,text,Mistral
9133,-11,87,0,0,1,,,text,Mistral
9134,-11,89,0,0,1,,,text,Mistral
9135,-11,91,0,0,1,,,text,Mistral
9136,-11,93,0,0,1,,,text,Mistral
9137,-11,95,0,0,1,,,text,Mistral
9138,-11,97,0,0,1,,,text,Mistral
9139,-11,99,0,0,1,,,text,Mistral
9140,-11,101,0,0,1,,,text,Mistral
9141,-11,103,0,0,1,,,text,Mistral
9142,-11,105,0,0,1,,,text,Mistral
9143,-11,107,0,0,1,,,text,Mistral
9144,-11,109,0,0,1,,,text,Mistral
9145,-11,111,0,0,1,,,text,Mistral
9146,-11,113,0,0,1,,,text,Mistral
9147,-11,115,0,0,1,,,text,Mistral
9148,-11,117,0,0,1,,,text,Mistral
9149,-11,119,0,0,1,,,text,Mistral
9150,-11,121,0,0,1,,,text,Mistral
9151,-11,123,0,0,1,,,text,Mistral
9152,-11,125,0,0,1,,,text,Mistral
9153,-11,127,0,0,1,,,text,Mistral
9154,-11,129,0,0,1,,,text,Mistral
9155,-11,131,0,0,1,,,text,Mistral
9156,-11,133,0,0,1,,,text,Mistral
9157,-11,135,0,0,1,,,text,Mistral
9158,-11,137,0,0,1,,,text,Mistral
9159,-11,139,0,0,1,,,text,Mistral
9160,-11,141,0,0,1,,,text,Mistral
9161,-11,143,0,0,1,,,text,Mistral
9162,-11,145,0,0,1,,,text,Mistral
9163,-11,147,0,0,1,,,text,Mistral
9164,-11,149,0,0,1,,,text,Mistral
9165,-11,151,0,0,1,,,text,Mistral
9166,-11,153,0,0,1,,,text,Mistral
9167,-11,155,0,0,1,,,text,Mistral
9168,-11,157,0,0,1,,,text,Mistral
9169,-11,159,0,0,1,,,text,Mistral
9170,-11,161,0,0,1,,,text,Mistral
9171,-11,163,0,0,1,,,text,Mistral
9172,-11,165,0,0,1,,,text,Mistral
9173,-11,167,0,0,1,,,text,Mistral
9174,-11,169,0,0,1,,,text,Mistral
9175,-11,171,0,0,1,,,text,Mistral
9176,-11,173,0,0,1,,,text,Mistral
9177,-11,175,0,0,1,,,text,Mistral
9178,-11,177,0,0,1,,,text,Mistral
9179,-11,179,0,0,1,,,text,Mistral
9180,-13,-179,0,0,1,,,text,Mistral
9181,-13,-177,0,0,1,,,text,Mistral
9182,-13,-175,0,0,1,,,text,Mistral
9183,-13,-173,0,0,1,,,text,Mistral
9184,-13,-171,0,0,1,,,text,Mistral
9185,-13,-169,0,0,1,,,text,Mistral
9186,-13,-167,0,0,1,,,text,Mistral
9187,-13,-165,0,0,1,,,text,Mistral
9188,-13,-163,0,0,1,,,text,Mistral
9189,-13,-161,0,0,1,,,text,Mistral
9190,-13,-159,0,0,1,,,text,Mistral
9191,-13,-157,0,0,1,,,text,Mistral
9192,-13,-155,0,0,1,,,text,Mistral
9193,-13,-153,0,0,1,,,text,Mistral
9194,-13,-151,0,0,1,,,text,Mistral
9195,-13,-149,0,0,1,,,text,Mistral
9196,-13,-147,0,0,1,,,text,Mistral
9197,-13,-145,0,0,1,,,text,Mistral
9198,-13,-143,0,0,1,,,text,Mistral
9199,-13,-141,0,0,1,,,text,Mistral
9200,-13,-139,0,0,1,,,text,Mistral
9201,-13,-137,0,0,1,,,text,Mistral
9202,-13,-135,0,0,1,,,text,Mistral
9203,-13,-133,0,0,1,,,text,Mistral
9204,-13,-131,0,0,1,,,text,Mistral
9205,-13,-129,0,0,1,,,text,Mistral
9206,-13,-127,0,0,1,,,text,Mistral
9207,-13,-125,0,0,1,,,text,Mistral
9208,-13,-123,0,0,1,,,text,Mistral
9209,-13,-121,0,0,1,,,text,Mistral
9210,-13,-119,0,0,1,,,text,Mistral
9211,-13,-117,0,0,1,,,text,Mistral
9212,-13,-115,0,0,1,,,text,Mistral
9213,-13,-113,0,0,1,,,text,Mistral
9214,-13,-111,0,0,1,,,text,Mistral
9215,-13,-109,0,0,1,,,text,Mistral
9216,-13,-107,0,0,1,,,text,Mistral
9217,-13,-105,0,0,1,,,text,Mistral
9218,-13,-103,0,0,1,,,text,Mistral
9219,-13,-101,0,0,1,,,text,Mistral
9220,-13,-99,0,0,1,,,text,Mistral
9221,-13,-97,0,0,1,,,text,Mistral
9222,-13,-95,0,0,1,,,text,Mistral
9223,-13,-93,0,0,1,,,text,Mistral
9224,-13,-91,0,0,1,,,text,Mistral
9225,-13,-89,0,0,1,,,text,Mistral
9226,-13,-87,0,0,1,,,text,Mistral
9227,-13,-85,0,0,1,,,text,Mistral
9228,-13,-83,0,0,1,,,text,Mistral
9229,-13,-81,0,0,1,,,text,Mistral
9230,-13,-79,0,0,1,,,text,Mistral
9231,-13,-77,0,0,1,,,text,Mistral
9232,-13,-75,1,1,1,,,text,Mistral
9233,-13,-73,1,1,1,,,text,Mistral
9234,-13,-71,1,1,1,,,text,Mistral
9235,-13,-69,1,1,1,,,text,Mistral
9236,-13,-67,1,1,1,,,text,Mistral
9237,-13,-65,1,1,1,,,text,Mistral
9238,-13,-63,1,1,1,,,text,Mistral
9239,-13,-61,1,1,1,,,text,Mistral
9240,-13,-59,1,1,1,,,text,Mistral
9241,-13,-57,1,1,1,,,text,Mistral
9242,-13,-55,1,1,1,,,text,Mistral
9243,-13,-53,1,1,1,,,text,Mistral
9244,-13,-51,1,1,1,,,text,Mistral
9245,-13,-49,1,1,1,,,text,Mistral
9246,-13,-47,1,1,1,,,text,Mistral
9247,-13,-45,1,1,1,,,text,Mistral
9248,-13,-43,1,1,1,,,text,Mistral
9249,-13,-41,1,1,1,,,text,Mistral
9250,-13,-39,1,1,1,,,text,Mistral
9251,-13,-37,0,0,1,,,text,Mistral
9252,-13,-35,0,0,1,,,text,Mistral
9253,-13,-33,0,0,1,,,text,Mistral
9254,-13,-31,0,0,1,,,text,Mistral
9255,-13,-29,0,0,1,,,text,Mistral
9256,-13,-27,0,0,1,,,text,Mistral
9257,-13,-25,0,0,1,,,text,Mistral
9258,-13,-23,0,0,1,,,text,Mistral
9259,-13,-21,0,0,1,,,text,Mistral
9260,-13,-19,0,0,1,,,text,Mistral
9261,-13,-17,0,0,1,,,text,Mistral
9262,-13,-15,0,0,1,,,text,Mistral
9263,-13,-13,0,0,1,,,text,Mistral
9264,-13,-11,0,0,1,,,text,Mistral
9265,-13,-9,0,0,1,,,text,Mistral
9266,-13,-7,0,0,1,,,text,Mistral
9267,-13,-5,0,0,1,,,text,Mistral
9268,-13,-3,0,0,1,,,text,Mistral
9269,-13,-1,0,0,1,,,text,Mistral
9270,-13,1,0,0,1,,,text,Mistral
9271,-13,3,0,0,1,,,text,Mistral
9272,-13,5,0,0,1,,,text,Mistral
9273,-13,7,0,0,1,,,text,Mistral
9274,-13,9,0,0,1,,,text,Mistral
9275,-13,11,0,0,1,,,text,Mistral
9276,-13,13,1,1,1,,,text,Mistral
9277,-13,15,1,1,1,,,text,Mistral
9278,-13,17,1,1,1,,,text,Mistral
9279,-13,19,1,1,1,,,text,Mistral
9280,-13,21,1,1,1,,,text,Mistral
9281,-13,23,1,1,1,,,text,Mistral
9282,-13,25,1,1,1,,,text,Mistral
9283,-13,27,1,1,1,,,text,Mistral
9284,-13,29,1,1,1,,,text,Mistral
9285,-13,31,1,1,1,,,text,Mistral
9286,-13,33,1,1,1,,,text,Mistral
9287,-13,35,1,1,1,,,text,Mistral
9288,-13,37,1,1,1,,,text,Mistral
9289,-13,39,1,1,1,,,text,Mistral
9290,-13,41,0,0,1,,,text,Mistral
9291,-13,43,0,0,1,,,text,Mistral
9292,-13,45,0,0,1,,,text,Mistral
9293,-13,47,0,0,1,,,text,Mistral
9294,-13,49,1,1,1,,,text,Mistral
9295,-13,51,0,0,1,,,text,Mistral
9296,-13,53,0,0,1,,,text,Mistral
9297,-13,55,0,0,1,,,text,Mistral
9298,-13,57,0,0,1,,,text,Mistral
9299,-13,59,0,0,1,,,text,Mistral
9300,-13,61,0,0,1,,,text,Mistral
9301,-13,63,0,0,1,,,text,Mistral
9302,-13,65,0,0,1,,,text,Mistral
9303,-13,67,0,0,1,,,text,Mistral
9304,-13,69,0,0,1,,,text,Mistral
9305,-13,71,0,0,1,,,text,Mistral
9306,-13,73,0,0,1,,,text,Mistral
9307,-13,75,0,0,1,,,text,Mistral
9308,-13,77,0,0,1,,,text,Mistral
9309,-13,79,0,0,1,,,text,Mistral
9310,-13,81,0,0,1,,,text,Mistral
9311,-13,83,0,0,1,,,text,Mistral
9312,-13,85,0,0,1,,,text,Mistral
9313,-13,87,0,0,1,,,text,Mistral
9314,-13,89,0,0,1,,,text,Mistral
9315,-13,91,0,0,1,,,text,Mistral
9316,-13,93,0,0,1,,,text,Mistral
9317,-13,95,0,0,1,,,text,Mistral
9318,-13,97,0,0,1,,,text,Mistral
9319,-13,99,0,0,1,,,text,Mistral
9320,-13,101,0,0,1,,,text,Mistral
9321,-13,103,0,0,1,,,text,Mistral
9322,-13,105,0,0,1,,,text,Mistral
9323,-13,107,0,0,1,,,text,Mistral
9324,-13,109,0,0,1,,,text,Mistral
9325,-13,111,0,0,1,,,text,Mistral
9326,-13,113,0,0,1,,,text,Mistral
9327,-13,115,0,0,1,,,text,Mistral
9328,-13,117,0,0,1,,,text,Mistral
9329,-13,119,0,0,1,,,text,Mistral
9330,-13,121,0,0,1,,,text,Mistral
9331,-13,123,0,0,1,,,text,Mistral
9332,-13,125,0,0,1,,,text,Mistral
9333,-13,127,0,0,1,,,text,Mistral
9334,-13,129,0,0,1,,,text,Mistral
9335,-13,131,1,1,1,,,text,Mistral
9336,-13,133,1,1,1,,,text,Mistral
9337,-13,135,1,1,1,,,text,Mistral
9338,-13,137,0,0,1,,,text,Mistral
9339,-13,139,0,0,1,,,text,Mistral
9340,-13,141,0,0,1,,,text,Mistral
9341,-13,143,1,1,1,,,text,Mistral
9342,-13,145,0,0,1,,,text,Mistral
9343,-13,147,0,0,1,,,text,Mistral
9344,-13,149,0,0,1,,,text,Mistral
9345,-13,151,0,0,1,,,text,Mistral
9346,-13,153,0,0,1,,,text,Mistral
9347,-13,155,0,0,1,,,text,Mistral
9348,-13,157,0,0,1,,,text,Mistral
9349,-13,159,0,0,1,,,text,Mistral
9350,-13,161,0,0,1,,,text,Mistral
9351,-13,163,0,0,1,,,text,Mistral
9352,-13,165,0,0,1,,,text,Mistral
9353,-13,167,0,0,1,,,text,Mistral
9354,-13,169,0,0,1,,,text,Mistral
9355,-13,171,0,0,1,,,text,Mistral
9356,-13,173,0,0,1,,,text,Mistral
9357,-13,175,0,0,1,,,text,Mistral
9358,-13,177,0,0,1,,,text,Mistral
9359,-13,179,0,0,1,,,text,Mistral
9360,-15,-179,0,0,1,,,text,Mistral
9361,-15,-177,0,0,1,,,text,Mistral
9362,-15,-175,0,0,1,,,text,Mistral
9363,-15,-173,0,0,1,,,text,Mistral
9364,-15,-171,0,0,1,,,text,Mistral
9365,-15,-169,0,0,1,,,text,Mistral
9366,-15,-167,0,0,1,,,text,Mistral
9367,-15,-165,0,0,1,,,text,Mistral
9368,-15,-163,0,0,1,,,text,Mistral
9369,-15,-161,0,0,1,,,text,Mistral
9370,-15,-159,0,0,1,,,text,Mistral
9371,-15,-157,0,0,1,,,text,Mistral
9372,-15,-155,0,0,1,,,text,Mistral
9373,-15,-153,0,0,1,,,text,Mistral
9374,-15,-151,0,0,1,,,text,Mistral
9375,-15,-149,0,0,1,,,text,Mistral
9376,-15,-147,0,0,1,,,text,Mistral
9377,-15,-145,0,0,1,,,text,Mistral
9378,-15,-143,0,0,1,,,text,Mistral
9379,-15,-141,0,0,1,,,text,Mistral
9380,-15,-139,0,0,1,,,text,Mistral
9381,-15,-137,0,0,1,,,text,Mistral
9382,-15,-135,0,0,1,,,text,Mistral
9383,-15,-133,0,0,1,,,text,Mistral
9384,-15,-131,0,0,1,,,text,Mistral
9385,-15,-129,0,0,1,,,text,Mistral
9386,-15,-127,0,0,1,,,text,Mistral
9387,-15,-125,0,0,1,,,text,Mistral
9388,-15,-123,0,0,1,,,text,Mistral
9389,-15,-121,0,0,1,,,text,Mistral
9390,-15,-119,0,0,1,,,text,Mistral
9391,-15,-117,0,0,1,,,text,Mistral
9392,-15,-115,0,0,1,,,text,Mistral
9393,-15,-113,0,0,1,,,text,Mistral
9394,-15,-111,0,0,1,,,text,Mistral
9395,-15,-109,0,0,1,,,text,Mistral
9396,-15,-107,0,0,1,,,text,Mistral
9397,-15,-105,0,0,1,,,text,Mistral
9398,-15,-103,0,0,1,,,text,Mistral
9399,-15,-101,0,0,1,,,text,Mistral
9400,-15,-99,0,0,1,,,text,Mistral
9401,-15,-97,0,0,1,,,text,Mistral
9402,-15,-95,0,0,1,,,text,Mistral
9403,-15,-93,0,0,1,,,text,Mistral
9404,-15,-91,0,0,1,,,text,Mistral
9405,-15,-89,0,0,1,,,text,Mistral
9406,-15,-87,0,0,1,,,text,Mistral
9407,-15,-85,0,0,1,,,text,Mistral
9408,-15,-83,0,0,1,,,text,Mistral
9409,-15,-81,0,0,1,,,text,Mistral
9410,-15,-79,0,0,1,,,text,Mistral
9411,-15,-77,0,0,1,,,text,Mistral
9412,-15,-75,1,1,1,,,text,Mistral
9413,-15,-73,1,1,1,,,text,Mistral
9414,-15,-71,1,1,1,,,text,Mistral
9415,-15,-69,1,1,1,,,text,Mistral
9416,-15,-67,1,1,1,,,text,Mistral
9417,-15,-65,1,1,1,,,text,Mistral
9418,-15,-63,1,1,1,,,text,Mistral
9419,-15,-61,1,1,1,,,text,Mistral
9420,-15,-59,1,1,1,,,text,Mistral
9421,-15,-57,1,1,1,,,text,Mistral
9422,-15,-55,1,1,1,,,text,Mistral
9423,-15,-53,1,1,1,,,text,Mistral
9424,-15,-51,1,1,1,,,text,Mistral
9425,-15,-49,1,1,1,,,text,Mistral
9426,-15,-47,1,1,1,,,text,Mistral
9427,-15,-45,1,1,1,,,text,Mistral
9428,-15,-43,1,1,1,,,text,Mistral
9429,-15,-41,1,1,1,,,text,Mistral
9430,-15,-39,0,0,1,,,text,Mistral
9431,-15,-37,0,0,1,,,text,Mistral
9432,-15,-35,0,0,1,,,text,Mistral
9433,-15,-33,0,0,1,,,text,Mistral
9434,-15,-31,0,0,1,,,text,Mistral
9435,-15,-29,0,0,1,,,text,Mistral
9436,-15,-27,0,0,1,,,text,Mistral
9437,-15,-25,0,0,1,,,text,Mistral
9438,-15,-23,0,0,1,,,text,Mistral
9439,-15,-21,0,0,1,,,text,Mistral
9440,-15,-19,0,0,1,,,text,Mistral
9441,-15,-17,0,0,1,,,text,Mistral
9442,-15,-15,0,0,1,,,text,Mistral
9443,-15,-13,0,0,1,,,text,Mistral
9444,-15,-11,0,0,1,,,text,Mistral
9445,-15,-9,0,0,1,,,text,Mistral
9446,-15,-7,0,0,1,,,text,Mistral
9447,-15,-5,0,0,1,,,text,Mistral
9448,-15,-3,0,0,1,,,text,Mistral
9449,-15,-1,0,0,1,,,text,Mistral
9450,-15,1,0,0,1,,,text,Mistral
9451,-15,3,0,0,1,,,text,Mistral
9452,-15,5,0,0,1,,,text,Mistral
9453,-15,7,0,0,1,,,text,Mistral
9454,-15,9,0,0,1,,,text,Mistral
9455,-15,11,0,0,1,,,text,Mistral
9456,-15,13,1,1,1,,,text,Mistral
9457,-15,15,1,1,1,,,text,Mistral
9458,-15,17,1,1,1,,,text,Mistral
9459,-15,19,1,1,1,,,text,Mistral
9460,-15,21,1,1,1,,,text,Mistral
9461,-15,23,1,1,1,,,text,Mistral
9462,-15,25,1,1,1,,,text,Mistral
9463,-15,27,1,1,1,,,text,Mistral
9464,-15,29,1,1,1,,,text,Mistral
9465,-15,31,1,1,1,,,text,Mistral
9466,-15,33,1,1,1,,,text,Mistral
9467,-15,35,1,1,1,,,text,Mistral
9468,-15,37,1,1,1,,,text,Mistral
9469,-15,39,1,1,1,,,text,Mistral
9470,-15,41,0,0,1,,,text,Mistral
9471,-15,43,0,0,1,,,text,Mistral
9472,-15,45,0,0,1,,,text,Mistral
9473,-15,47,0,0,1,,,text,Mistral
9474,-15,49,1,1,1,,,text,Mistral
9475,-15,51,0,0,1,,,text,Mistral
9476,-15,53,0,0,1,,,text,Mistral
9477,-15,55,0,0,1,,,text,Mistral
9478,-15,57,0,0,1,,,text,Mistral
9479,-15,59,0,0,1,,,text,Mistral
9480,-15,61,0,0,1,,,text,Mistral
9481,-15,63,0,0,1,,,text,Mistral
9482,-15,65,0,0,1,,,text,Mistral
9483,-15,67,0,0,1,,,text,Mistral
9484,-15,69,0,0,1,,,text,Mistral
9485,-15,71,0,0,1,,,text,Mistral
9486,-15,73,0,0,1,,,text,Mistral
9487,-15,75,0,0,1,,,text,Mistral
9488,-15,77,0,0,1,,,text,Mistral
9489,-15,79,0,0,1,,,text,Mistral
9490,-15,81,0,0,1,,,text,Mistral
9491,-15,83,0,0,1,,,text,Mistral
9492,-15,85,0,0,1,,,text,Mistral
9493,-15,87,0,0,1,,,text,Mistral
9494,-15,89,0,0,1,,,text,Mistral
9495,-15,91,0,0,1,,,text,Mistral
9496,-15,93,0,0,1,,,text,Mistral
9497,-15,95,0,0,1,,,text,Mistral
9498,-15,97,0,0,1,,,text,Mistral
9499,-15,99,0,0,1,,,text,Mistral
9500,-15,101,0,0,1,,,text,Mistral
9501,-15,103,0,0,1,,,text,Mistral
9502,-15,105,0,0,1,,,text,Mistral
9503,-15,107,0,0,1,,,text,Mistral
9504,-15,109,0,0,1,,,text,Mistral
9505,-15,111,0,0,1,,,text,Mistral
9506,-15,113,0,0,1,,,text,Mistral
9507,-15,115,0,0,1,,,text,Mistral
9508,-15,117,0,0,1,,,text,Mistral
9509,-15,119,0,0,1,,,text,Mistral
9510,-15,121,0,0,1,,,text,Mistral
9511,-15,123,0,0,1,,,text,Mistral
9512,-15,125,0,0,1,,,text,Mistral
9513,-15,127,1,1,1,,,text,Mistral
9514,-15,129,1,1,1,,,text,Mistral
9515,-15,131,1,1,1,,,text,Mistral
9516,-15,133,1,1,1,,,text,Mistral
9517,-15,135,1,1,1,,,text,Mistral
9518,-15,137,0,0,1,,,text,Mistral
9519,-15,139,0,0,1,,,text,Mistral
9520,-15,141,0,0,1,,,text,Mistral
9521,-15,143,1,1,1,,,text,Mistral
9522,-15,145,1,1,1,,,text,Mistral
9523,-15,147,0,0,1,,,text,Mistral
9524,-15,149,0,0,1,,,text,Mistral
9525,-15,151,0,0,1,,,text,Mistral
9526,-15,153,0,0,1,,,text,Mistral
9527,-15,155,0,0,1,,,text,Mistral
9528,-15,157,0,0,1,,,text,Mistral
9529,-15,159,0,0,1,,,text,Mistral
9530,-15,161,0,0,1,,,text,Mistral
9531,-15,163,0,0,1,,,text,Mistral
9532,-15,165,0,0,1,,,text,Mistral
9533,-15,167,1,1,1,,,text,Mistral
9534,-15,169,0,0,1,,,text,Mistral
9535,-15,171,0,0,1,,,text,Mistral
9536,-15,173,0,0,1,,,text,Mistral
9537,-15,175,0,0,1,,,text,Mistral
9538,-15,177,0,0,1,,,text,Mistral
9539,-15,179,0,0,1,,,text,Mistral
9540,-17,-179,0,0,1,,,text,Mistral
9541,-17,-177,0,0,1,,,text,Mistral
9542,-17,-175,0,0,1,,,text,Mistral
9543,-17,-173,0,0,1,,,text,Mistral
9544,-17,-171,0,0,1,,,text,Mistral
9545,-17,-169,0,0,1,,,text,Mistral
9546,-17,-167,0,0,1,,,text,Mistral
9547,-17,-165,0,0,1,,,text,Mistral
9548,-17,-163,0,0,1,,,text,Mistral
9549,-17,-161,0,0,1,,,text,Mistral
9550,-17,-159,0,0,1,,,text,Mistral
9551,-17,-157,0,0,1,,,text,Mistral
9552,-17,-155,0,0,1,,,text,Mistral
9553,-17,-153,0,0,1,,,text,Mistral
9554,-17,-151,0,0,1,,,text,Mistral
9555,-17,-149,0,0,1,,,text,Mistral
9556,-17,-147,0,0,1,,,text,Mistral
9557,-17,-145,0,0,1,,,text,Mistral
9558,-17,-143,0,0,1,,,text,Mistral
9559,-17,-141,0,0,1,,,text,Mistral
9560,-17,-139,0,0,1,,,text,Mistral
9561,-17,-137,0,0,1,,,text,Mistral
9562,-17,-135,0,0,1,,,text,Mistral
9563,-17,-133,0,0,1,,,text,Mistral
9564,-17,-131,0,0,1,,,text,Mistral
9565,-17,-129,0,0,1,,,text,Mistral
9566,-17,-127,0,0,1,,,text,Mistral
9567,-17,-125,0,0,1,,,text,Mistral
9568,-17,-123,0,0,1,,,text,Mistral
9569,-17,-121,0,0,1,,,text,Mistral
9570,-17,-119,0,0,1,,,text,Mistral
9571,-17,-117,0,0,1,,,text,Mistral
9572,-17,-115,0,0,1,,,text,Mistral
9573,-17,-113,0,0,1,,,text,Mistral
9574,-17,-111,0,0,1,,,text,Mistral
9575,-17,-109,0,0,1,,,text,Mistral
9576,-17,-107,0,0,1,,,text,Mistral
9577,-17,-105,0,0,1,,,text,Mistral
9578,-17,-103,0,0,1,,,text,Mistral
9579,-17,-101,0,0,1,,,text,Mistral
9580,-17,-99,0,0,1,,,text,Mistral
9581,-17,-97,0,0,1,,,text,Mistral
9582,-17,-95,0,0,1,,,text,Mistral
9583,-17,-93,0,0,1,,,text,Mistral
9584,-17,-91,0,0,1,,,text,Mistral
9585,-17,-89,0,0,1,,,text,Mistral
9586,-17,-87,0,0,1,,,text,Mistral
9587,-17,-85,0,0,1,,,text,Mistral
9588,-17,-83,0,0,1,,,text,Mistral
9589,-17,-81,0,0,1,,,text,Mistral
9590,-17,-79,0,0,1,,,text,Mistral
9591,-17,-77,0,0,1,,,text,Mistral
9592,-17,-75,0,0,1,,,text,Mistral
9593,-17,-73,0,0,1,,,text,Mistral
9594,-17,-71,1,1,1,,,text,Mistral
9595,-17,-69,1,1,1,,,text,Mistral
9596,-17,-67,1,1,1,,,text,Mistral
9597,-17,-65,1,1,1,,,text,Mistral
9598,-17,-63,1,1,1,,,text,Mistral
9599,-17,-61,1,1,1,,,text,Mistral
9600,-17,-59,1,1,1,,,text,Mistral
9601,-17,-57,1,1,1,,,text,Mistral
9602,-17,-55,1,1,1,,,text,Mistral
9603,-17,-53,1,1,1,,,text,Mistral
9604,-17,-51,1,1,1,,,text,Mistral
9605,-17,-49,1,1,1,,,text,Mistral
9606,-17,-47,1,1,1,,,text,Mistral
9607,-17,-45,1,1,1,,,text,Mistral
9608,-17,-43,1,1,1,,,text,Mistral
9609,-17,-41,1,1,1,,,text,Mistral
9610,-17,-39,0,0,1,,,text,Mistral
9611,-17,-37,0,0,1,,,text,Mistral
9612,-17,-35,0,0,1,,,text,Mistral
9613,-17,-33,0,0,1,,,text,Mistral
9614,-17,-31,0,0,1,,,text,Mistral
9615,-17,-29,0,0,1,,,text,Mistral
9616,-17,-27,0,0,1,,,text,Mistral
9617,-17,-25,0,0,1,,,text,Mistral
9618,-17,-23,0,0,1,,,text,Mistral
9619,-17,-21,0,0,1,,,text,Mistral
9620,-17,-19,0,0,1,,,text,Mistral
9621,-17,-17,0,0,1,,,text,Mistral
9622,-17,-15,0,0,1,,,text,Mistral
9623,-17,-13,0,0,1,,,text,Mistral
9624,-17,-11,0,0,1,,,text,Mistral
9625,-17,-9,0,0,1,,,text,Mistral
9626,-17,-7,0,0,1,,,text,Mistral
9627,-17,-5,0,0,1,,,text,Mistral
9628,-17,-3,0,0,1,,,text,Mistral
9629,-17,-1,0,0,1,,,text,Mistral
9630,-17,1,0,0,1,,,text,Mistral
9631,-17,3,0,0,1,,,text,Mistral
9632,-17,5,0,0,1,,,text,Mistral
9633,-17,7,0,0,1,,,text,Mistral
9634,-17,9,0,0,1,,,text,Mistral
9635,-17,11,0,0,1,,,text,Mistral
9636,-17,13,1,1,1,,,text,Mistral
9637,-17,15,1,1,1,,,text,Mistral
9638,-17,17,1,1,1,,,text,Mistral
9639,-17,19,1,1,1,,,text,Mistral
9640,-17,21,1,1,1,,,text,Mistral
9641,-17,23,1,1,1,,,text,Mistral
9642,-17,25,1,1,1,,,text,Mistral
9643,-17,27,1,1,1,,,text,Mistral
9644,-17,29,1,1,1,,,text,Mistral
9645,-17,31,1,1,1,,,text,Mistral
9646,-17,33,1,1,1,,,text,Mistral
9647,-17,35,1,1,1,,,text,Mistral
9648,-17,37,1,1,1,,,text,Mistral
9649,-17,39,1,1,1,,,text,Mistral
9650,-17,41,0,0,1,,,text,Mistral
9651,-17,43,0,0,1,,,text,Mistral
9652,-17,45,1,1,1,,,text,Mistral
9653,-17,47,1,1,1,,,text,Mistral
9654,-17,49,1,1,1,,,text,Mistral
9655,-17,51,0,0,1,,,text,Mistral
9656,-17,53,0,0,1,,,text,Mistral
9657,-17,55,0,0,1,,,text,Mistral
9658,-17,57,0,0,1,,,text,Mistral
9659,-17,59,0,0,1,,,text,Mistral
9660,-17,61,0,0,1,,,text,Mistral
9661,-17,63,0,0,1,,,text,Mistral
9662,-17,65,0,0,1,,,text,Mistral
9663,-17,67,0,0,1,,,text,Mistral
9664,-17,69,0,0,1,,,text,Mistral
9665,-17,71,0,0,1,,,text,Mistral
9666,-17,73,0,0,1,,,text,Mistral
9667,-17,75,0,0,1,,,text,Mistral
9668,-17,77,0,0,1,,,text,Mistral
9669,-17,79,0,0,1,,,text,Mistral
9670,-17,81,0,0,1,,,text,Mistral
9671,-17,83,0,0,1,,,text,Mistral
9672,-17,85,0,0,1,,,text,Mistral
9673,-17,87,0,0,1,,,text,Mistral
9674,-17,89,0,0,1,,,text,Mistral
9675,-17,91,0,0,1,,,text,Mistral
9676,-17,93,0,0,1,,,text,Mistral
9677,-17,95,0,0,1,,,text,Mistral
9678,-17,97,0,0,1,,,text,Mistral
9679,-17,99,0,0,1,,,text,Mistral
9680,-17,101,0,0,1,,,text,Mistral
9681,-17,103,0,0,1,,,text,Mistral
9682,-17,105,0,0,1,,,text,Mistral
9683,-17,107,0,0,1,,,text,Mistral
9684,-17,109,0,0,1,,,text,Mistral
9685,-17,111,0,0,1,,,text,Mistral
9686,-17,113,0,0,1,,,text,Mistral
9687,-17,115,0,0,1,,,text,Mistral
9688,-17,117,0,0,1,,,text,Mistral
9689,-17,119,0,0,1,,,text,Mistral
9690,-17,121,0,0,1,,,text,Mistral
9691,-17,123,1,1,1,,,text,Mistral
9692,-17,125,1,1,1,,,text,Mistral
9693,-17,127,1,1,1,,,text,Mistral
9694,-17,129,1,1,1,,,text,Mistral
9695,-17,131,1,1,1,,,text,Mistral
9696,-17,133,1,1,1,,,text,Mistral
9697,-17,135,1,1,1,,,text,Mistral
9698,-17,137,1,1,1,,,text,Mistral
9699,-17,139,1,1,1,,,text,Mistral
9700,-17,141,1,1,1,,,text,Mistral
9701,-17,143,1,1,1,,,text,Mistral
9702,-17,145,1,1,1,,,text,Mistral
9703,-17,147,0,0,1,,,text,Mistral
9704,-17,149,0,0,1,,,text,Mistral
9705,-17,151,0,0,1,,,text,Mistral
9706,-17,153,0,0,1,,,text,Mistral
9707,-17,155,0,0,1,,,text,Mistral
9708,-17,157,0,0,1,,,text,Mistral
9709,-17,159,0,0,1,,,text,Mistral
9710,-17,161,0,0,1,,,text,Mistral
9711,-17,163,0,0,1,,,text,Mistral
9712,-17,165,0,0,1,,,text,Mistral
9713,-17,167,0,0,1,,,text,Mistral
9714,-17,169,0,0,1,,,text,Mistral
9715,-17,171,0,0,1,,,text,Mistral
9716,-17,173,0,0,1,,,text,Mistral
9717,-17,175,0,0,1,,,text,Mistral
9718,-17,177,0,0,1,,,text,Mistral
9719,-17,179,0,0,1,,,text,Mistral
9720,-19,-179,0,0,1,,,text,Mistral
9721,-19,-177,0,0,1,,,text,Mistral
9722,-19,-175,0,0,1,,,text,Mistral
9723,-19,-173,0,0,1,,,text,Mistral
9724,-19,-171,0,0,1,,,text,Mistral
9725,-19,-169,0,0,1,,,text,Mistral
9726,-19,-167,0,0,1,,,text,Mistral
9727,-19,-165,0,0,1,,,text,Mistral
9728,-19,-163,0,0,1,,,text,Mistral
9729,-19,-161,0,0,1,,,text,Mistral
9730,-19,-159,0,0,1,,,text,Mistral
9731,-19,-157,0,0,1,,,text,Mistral
9732,-19,-155,0,0,1,,,text,Mistral
9733,-19,-153,0,0,1,,,text,Mistral
9734,-19,-151,0,0,1,,,text,Mistral
9735,-19,-149,0,0,1,,,text,Mistral
9736,-19,-147,0,0,1,,,text,Mistral
9737,-19,-145,0,0,1,,,text,Mistral
9738,-19,-143,0,0,1,,,text,Mistral
9739,-19,-141,0,0,1,,,text,Mistral
9740,-19,-139,0,0,1,,,text,Mistral
9741,-19,-137,0,0,1,,,text,Mistral
9742,-19,-135,0,0,1,,,text,Mistral
9743,-19,-133,0,0,1,,,text,Mistral
9744,-19,-131,0,0,1,,,text,Mistral
9745,-19,-129,0,0,1,,,text,Mistral
9746,-19,-127,0,0,1,,,text,Mistral
9747,-19,-125,0,0,1,,,text,Mistral
9748,-19,-123,0,0,1,,,text,Mistral
9749,-19,-121,0,0,1,,,text,Mistral
9750,-19,-119,0,0,1,,,text,Mistral
9751,-19,-117,0,0,1,,,text,Mistral
9752,-19,-115,0,0,1,,,text,Mistral
9753,-19,-113,0,0,1,,,text,Mistral
9754,-19,-111,0,0,1,,,text,Mistral
9755,-19,-109,0,0,1,,,text,Mistral
9756,-19,-107,0,0,1,,,text,Mistral
9757,-19,-105,0,0,1,,,text,Mistral
9758,-19,-103,0,0,1,,,text,Mistral
9759,-19,-101,0,0,1,,,text,Mistral
9760,-19,-99,0,0,1,,,text,Mistral
9761,-19,-97,0,0,1,,,text,Mistral
9762,-19,-95,0,0,1,,,text,Mistral
9763,-19,-93,0,0,1,,,text,Mistral
9764,-19,-91,0,0,1,,,text,Mistral
9765,-19,-89,0,0,1,,,text,Mistral
9766,-19,-87,0,0,1,,,text,Mistral
9767,-19,-85,0,0,1,,,text,Mistral
9768,-19,-83,0,0,1,,,text,Mistral
9769,-19,-81,0,0,1,,,text,Mistral
9770,-19,-79,0,0,1,,,text,Mistral
9771,-19,-77,0,0,1,,,text,Mistral
9772,-19,-75,0,0,1,,,text,Mistral
9773,-19,-73,0,0,1,,,text,Mistral
9774,-19,-71,0,0,1,,,text,Mistral
9775,-19,-69,1,1,1,,,text,Mistral
9776,-19,-67,1,0,1,,,text,Mistral
9777,-19,-65,1,1,1,,,text,Mistral
9778,-19,-63,1,1,1,,,text,Mistral
9779,-19,-61,1,1,1,,,text,Mistral
9780,-19,-59,1,1,1,,,text,Mistral
9781,-19,-57,1,1,1,,,text,Mistral
9782,-19,-55,1,1,1,,,text,Mistral
9783,-19,-53,1,1,1,,,text,Mistral
9784,-19,-51,1,1,1,,,text,Mistral
9785,-19,-49,1,1,1,,,text,Mistral
9786,-19,-47,1,1,1,,,text,Mistral
9787,-19,-45,1,1,1,,,text,Mistral
9788,-19,-43,1,1,1,,,text,Mistral
9789,-19,-41,1,1,1,,,text,Mistral
9790,-19,-39,0,0,1,,,text,Mistral
9791,-19,-37,0,0,1,,,text,Mistral
9792,-19,-35,0,0,1,,,text,Mistral
9793,-19,-33,0,0,1,,,text,Mistral
9794,-19,-31,0,0,1,,,text,Mistral
9795,-19,-29,0,0,1,,,text,Mistral
9796,-19,-27,0,0,1,,,text,Mistral
9797,-19,-25,0,0,1,,,text,Mistral
9798,-19,-23,0,0,1,,,text,Mistral
9799,-19,-21,0,0,1,,,text,Mistral
9800,-19,-19,0,0,1,,,text,Mistral
9801,-19,-17,0,0,1,,,text,Mistral
9802,-19,-15,0,0,1,,,text,Mistral
9803,-19,-13,0,0,1,,,text,Mistral
9804,-19,-11,0,0,1,,,text,Mistral
9805,-19,-9,0,0,1,,,text,Mistral
9806,-19,-7,0,0,1,,,text,Mistral
9807,-19,-5,0,0,1,,,text,Mistral
9808,-19,-3,0,0,1,,,text,Mistral
9809,-19,-1,0,0,1,,,text,Mistral
9810,-19,1,0,0,1,,,text,Mistral
9811,-19,3,0,0,1,,,text,Mistral
9812,-19,5,0,0,1,,,text,Mistral
9813,-19,7,0,0,1,,,text,Mistral
9814,-19,9,0,0,1,,,text,Mistral
9815,-19,11,0,0,1,,,text,Mistral
9816,-19,13,1,1,1,,,text,Mistral
9817,-19,15,1,1,1,,,text,Mistral
9818,-19,17,1,1,1,,,text,Mistral
9819,-19,19,1,1,1,,,text,Mistral
9820,-19,21,1,1,1,,,text,Mistral
9821,-19,23,1,1,1,,,text,Mistral
9822,-19,25,1,1,1,,,text,Mistral
9823,-19,27,1,1,1,,,text,Mistral
9824,-19,29,1,1,1,,,text,Mistral
9825,-19,31,1,1,1,,,text,Mistral
9826,-19,33,1,1,1,,,text,Mistral
9827,-19,35,1,1,1,,,text,Mistral
9828,-19,37,0,0,1,,,text,Mistral
9829,-19,39,0,0,1,,,text,Mistral
9830,-19,41,0,0,1,,,text,Mistral
9831,-19,43,0,0,1,,,text,Mistral
9832,-19,45,1,1,1,,,text,Mistral
9833,-19,47,1,1,1,,,text,Mistral
9834,-19,49,1,1,1,,,text,Mistral
9835,-19,51,0,0,1,,,text,Mistral
9836,-19,53,0,0,1,,,text,Mistral
9837,-19,55,0,0,1,,,text,Mistral
9838,-19,57,0,0,1,,,text,Mistral
9839,-19,59,0,0,1,,,text,Mistral
9840,-19,61,0,0,1,,,text,Mistral
9841,-19,63,0,0,1,,,text,Mistral
9842,-19,65,0,0,1,,,text,Mistral
9843,-19,67,0,0,1,,,text,Mistral
9844,-19,69,0,0,1,,,text,Mistral
9845,-19,71,0,0,1,,,text,Mistral
9846,-19,73,0,0,1,,,text,Mistral
9847,-19,75,0,0,1,,,text,Mistral
9848,-19,77,0,0,1,,,text,Mistral
9849,-19,79,0,0,1,,,text,Mistral
9850,-19,81,0,0,1,,,text,Mistral
9851,-19,83,0,0,1,,,text,Mistral
9852,-19,85,0,0,1,,,text,Mistral
9853,-19,87,0,0,1,,,text,Mistral
9854,-19,89,0,0,1,,,text,Mistral
9855,-19,91,0,0,1,,,text,Mistral
9856,-19,93,0,0,1,,,text,Mistral
9857,-19,95,0,0,1,,,text,Mistral
9858,-19,97,0,0,1,,,text,Mistral
9859,-19,99,0,0,1,,,text,Mistral
9860,-19,101,0,0,1,,,text,Mistral
9861,-19,103,0,0,1,,,text,Mistral
9862,-19,105,0,0,1,,,text,Mistral
9863,-19,107,0,0,1,,,text,Mistral
9864,-19,109,0,0,1,,,text,Mistral
9865,-19,111,0,0,1,,,text,Mistral
9866,-19,113,0,0,1,,,text,Mistral
9867,-19,115,0,0,1,,,text,Mistral
9868,-19,117,0,0,1,,,text,Mistral
9869,-19,119,0,0,1,,,text,Mistral
9870,-19,121,0,0,1,,,text,Mistral
9871,-19,123,1,1,1,,,text,Mistral
9872,-19,125,1,1,1,,,text,Mistral
9873,-19,127,1,1,1,,,text,Mistral
9874,-19,129,1,1,1,,,text,Mistral
9875,-19,131,1,1,1,,,text,Mistral
9876,-19,133,1,1,1,,,text,Mistral
9877,-19,135,1,1,1,,,text,Mistral
9878,-19,137,1,1,1,,,text,Mistral
9879,-19,139,1,1,1,,,text,Mistral
9880,-19,141,1,1,1,,,text,Mistral
9881,-19,143,1,1,1,,,text,Mistral
9882,-19,145,1,1,1,,,text,Mistral
9883,-19,147,0,0,1,,,text,Mistral
9884,-19,149,0,0,1,,,text,Mistral
9885,-19,151,0,0,1,,,text,Mistral
9886,-19,153,0,0,1,,,text,Mistral
9887,-19,155,0,0,1,,,text,Mistral
9888,-19,157,0,0,1,,,text,Mistral
9889,-19,159,0,0,1,,,text,Mistral
9890,-19,161,0,0,1,,,text,Mistral
9891,-19,163,0,0,1,,,text,Mistral
9892,-19,165,0,0,1,,,text,Mistral
9893,-19,167,0,0,1,,,text,Mistral
9894,-19,169,0,0,1,,,text,Mistral
9895,-19,171,0,0,1,,,text,Mistral
9896,-19,173,0,0,1,,,text,Mistral
9897,-19,175,0,0,1,,,text,Mistral
9898,-19,177,0,0,1,,,text,Mistral
9899,-19,179,0,0,1,,,text,Mistral
9900,-21,-179,0,0,1,,,text,Mistral
9901,-21,-177,0,0,1,,,text,Mistral
9902,-21,-175,0,0,1,,,text,Mistral
9903,-21,-173,0,0,1,,,text,Mistral
9904,-21,-171,0,0,1,,,text,Mistral
9905,-21,-169,0,0,1,,,text,Mistral
9906,-21,-167,0,0,1,,,text,Mistral
9907,-21,-165,0,0,1,,,text,Mistral
9908,-21,-163,0,0,1,,,text,Mistral
9909,-21,-161,0,0,1,,,text,Mistral
9910,-21,-159,0,0,1,,,text,Mistral
9911,-21,-157,0,0,1,,,text,Mistral
9912,-21,-155,0,0,1,,,text,Mistral
9913,-21,-153,0,0,1,,,text,Mistral
9914,-21,-151,0,0,1,,,text,Mistral
9915,-21,-149,0,0,1,,,text,Mistral
9916,-21,-147,0,0,1,,,text,Mistral
9917,-21,-145,0,0,1,,,text,Mistral
9918,-21,-143,0,0,1,,,text,Mistral
9919,-21,-141,0,0,1,,,text,Mistral
9920,-21,-139,0,0,1,,,text,Mistral
9921,-21,-137,0,0,1,,,text,Mistral
9922,-21,-135,0,0,1,,,text,Mistral
9923,-21,-133,0,0,1,,,text,Mistral
9924,-21,-131,0,0,1,,,text,Mistral
9925,-21,-129,0,0,1,,,text,Mistral
9926,-21,-127,0,0,1,,,text,Mistral
9927,-21,-125,0,0,1,,,text,Mistral
9928,-21,-123,0,0,1,,,text,Mistral
9929,-21,-121,0,0,1,,,text,Mistral
9930,-21,-119,0,0,1,,,text,Mistral
9931,-21,-117,0,0,1,,,text,Mistral
9932,-21,-115,0,0,1,,,text,Mistral
9933,-21,-113,0,0,1,,,text,Mistral
9934,-21,-111,0,0,1,,,text,Mistral
9935,-21,-109,0,0,1,,,text,Mistral
9936,-21,-107,0,0,1,,,text,Mistral
9937,-21,-105,0,0,1,,,text,Mistral
9938,-21,-103,0,0,1,,,text,Mistral
9939,-21,-101,0,0,1,,,text,Mistral
9940,-21,-99,0,0,1,,,text,Mistral
9941,-21,-97,0,0,1,,,text,Mistral
9942,-21,-95,0,0,1,,,text,Mistral
9943,-21,-93,0,0,1,,,text,Mistral
9944,-21,-91,0,0,1,,,text,Mistral
9945,-21,-89,0,0,1,,,text,Mistral
9946,-21,-87,0,0,1,,,text,Mistral
9947,-21,-85,0,0,1,,,text,Mistral
9948,-21,-83,0,0,1,,,text,Mistral
9949,-21,-81,0,0,1,,,text,Mistral
9950,-21,-79,0,0,1,,,text,Mistral
9951,-21,-77,0,0,1,,,text,Mistral
9952,-21,-75,0,0,1,,,text,Mistral
9953,-21,-73,0,0,1,,,text,Mistral
9954,-21,-71,0,0,1,,,text,Mistral
9955,-21,-69,1,1,1,,,text,Mistral
9956,-21,-67,1,1,1,,,text,Mistral
9957,-21,-65,1,1,1,,,text,Mistral
9958,-21,-63,1,1,1,,,text,Mistral
9959,-21,-61,1,1,1,,,text,Mistral
9960,-21,-59,1,1,1,,,text,Mistral
9961,-21,-57,1,1,1,,,text,Mistral
9962,-21,-55,1,1,1,,,text,Mistral
9963,-21,-53,1,1,1,,,text,Mistral
9964,-21,-51,1,1,1,,,text,Mistral
9965,-21,-49,1,1,1,,,text,Mistral
9966,-21,-47,1,1,1,,,text,Mistral
9967,-21,-45,1,1,1,,,text,Mistral
9968,-21,-43,1,1,1,,,text,Mistral
9969,-21,-41,1,1,1,,,text,Mistral
9970,-21,-39,0,0,1,,,text,Mistral
9971,-21,-37,0,0,1,,,text,Mistral
9972,-21,-35,0,0,1,,,text,Mistral
9973,-21,-33,0,0,1,,,text,Mistral
9974,-21,-31,0,0,1,,,text,Mistral
9975,-21,-29,0,0,1,,,text,Mistral
9976,-21,-27,0,0,1,,,text,Mistral
9977,-21,-25,0,0,1,,,text,Mistral
9978,-21,-23,0,0,1,,,text,Mistral
9979,-21,-21,0,0,1,,,text,Mistral
9980,-21,-19,0,0,1,,,text,Mistral
9981,-21,-17,0,0,1,,,text,Mistral
9982,-21,-15,0,0,1,,,text,Mistral
9983,-21,-13,0,0,1,,,text,Mistral
9984,-21,-11,0,0,1,,,text,Mistral
9985,-21,-9,0,0,1,,,text,Mistral
9986,-21,-7,0,0,1,,,text,Mistral
9987,-21,-5,0,0,1,,,text,Mistral
9988,-21,-3,0,0,1,,,text,Mistral
9989,-21,-1,0,0,1,,,text,Mistral
9990,-21,1,0,0,1,,,text,Mistral
9991,-21,3,0,0,1,,,text,Mistral
9992,-21,5,0,0,1,,,text,Mistral
9993,-21,7,0,0,1,,,text,Mistral
9994,-21,9,0,0,1,,,text,Mistral
9995,-21,11,0,0,1,,,text,Mistral
9996,-21,13,0,0,1,,,text,Mistral
9997,-21,15,1,1,1,,,text,Mistral
9998,-21,17,1,1,1,,,text,Mistral
9999,-21,19,1,1,1,,,text,Mistral
10000,-21,21,1,1,1,,,text,Mistral
10001,-21,23,1,1,1,,,text,Mistral
10002,-21,25,1,1,1,,,text,Mistral
10003,-21,27,1,1,1,,,text,Mistral
10004,-21,29,1,1,1,,,text,Mistral
10005,-21,31,1,1,1,,,text,Mistral
10006,-21,33,1,1,1,,,text,Mistral
10007,-21,35,1,1,1,,,text,Mistral
10008,-21,37,0,0,1,,,text,Mistral
10009,-21,39,0,0,1,,,text,Mistral
10010,-21,41,0,0,1,,,text,Mistral
10011,-21,43,0,0,1,,,text,Mistral
10012,-21,45,1,1,1,,,text,Mistral
10013,-21,47,1,1,1,,,text,Mistral
10014,-21,49,0,0,1,,,text,Mistral
10015,-21,51,0,0,1,,,text,Mistral
10016,-21,53,0,0,1,,,text,Mistral
10017,-21,55,0,0,1,,,text,Mistral
10018,-21,57,0,0,1,,,text,Mistral
10019,-21,59,0,0,1,,,text,Mistral
10020,-21,61,0,0,1,,,text,Mistral
10021,-21,63,0,0,1,,,text,Mistral
10022,-21,65,0,0,1,,,text,Mistral
10023,-21,67,0,0,1,,,text,Mistral
10024,-21,69,0,0,1,,,text,Mistral
10025,-21,71,0,0,1,,,text,Mistral
10026,-21,73,0,0,1,,,text,Mistral
10027,-21,75,0,0,1,,,text,Mistral
10028,-21,77,0,0,1,,,text,Mistral
10029,-21,79,0,0,1,,,text,Mistral
10030,-21,81,0,0,1,,,text,Mistral
10031,-21,83,0,0,1,,,text,Mistral
10032,-21,85,0,0,1,,,text,Mistral
10033,-21,87,0,0,1,,,text,Mistral
10034,-21,89,0,0,1,,,text,Mistral
10035,-21,91,0,0,1,,,text,Mistral
10036,-21,93,0,0,1,,,text,Mistral
10037,-21,95,0,0,1,,,text,Mistral
10038,-21,97,0,0,1,,,text,Mistral
10039,-21,99,0,0,1,,,text,Mistral
10040,-21,101,0,0,1,,,text,Mistral
10041,-21,103,0,0,1,,,text,Mistral
10042,-21,105,0,0,1,,,text,Mistral
10043,-21,107,0,0,1,,,text,Mistral
10044,-21,109,0,0,1,,,text,Mistral
10045,-21,111,0,0,1,,,text,Mistral
10046,-21,113,0,0,1,,,text,Mistral
10047,-21,115,0,0,1,,,text,Mistral
10048,-21,117,1,1,1,,,text,Mistral
10049,-21,119,1,1,1,,,text,Mistral
10050,-21,121,1,1,1,,,text,Mistral
10051,-21,123,1,1,1,,,text,Mistral
10052,-21,125,1,1,1,,,text,Mistral
10053,-21,127,1,1,1,,,text,Mistral
10054,-21,129,1,1,1,,,text,Mistral
10055,-21,131,1,1,1,,,text,Mistral
10056,-21,133,1,1,1,,,text,Mistral
10057,-21,135,1,1,1,,,text,Mistral
10058,-21,137,1,1,1,,,text,Mistral
10059,-21,139,1,1,1,,,text,Mistral
10060,-21,141,1,1,1,,,text,Mistral
10061,-21,143,1,1,1,,,text,Mistral
10062,-21,145,1,1,1,,,text,Mistral
10063,-21,147,1,1,1,,,text,Mistral
10064,-21,149,1,1,1,,,text,Mistral
10065,-21,151,0,0,1,,,text,Mistral
10066,-21,153,0,0,1,,,text,Mistral
10067,-21,155,0,0,1,,,text,Mistral
10068,-21,157,0,0,1,,,text,Mistral
10069,-21,159,0,0,1,,,text,Mistral
10070,-21,161,0,0,1,,,text,Mistral
10071,-21,163,0,0,1,,,text,Mistral
10072,-21,165,1,1,1,,,text,Mistral
10073,-21,167,0,0,1,,,text,Mistral
10074,-21,169,0,0,1,,,text,Mistral
10075,-21,171,0,0,1,,,text,Mistral
10076,-21,173,0,0,1,,,text,Mistral
10077,-21,175,0,0,1,,,text,Mistral
10078,-21,177,0,0,1,,,text,Mistral
10079,-21,179,0,0,1,,,text,Mistral
10080,-23,-179,0,0,1,,,text,Mistral
10081,-23,-177,0,0,1,,,text,Mistral
10082,-23,-175,0,0,1,,,text,Mistral
10083,-23,-173,0,0,1,,,text,Mistral
10084,-23,-171,0,0,1,,,text,Mistral
10085,-23,-169,0,0,1,,,text,Mistral
10086,-23,-167,0,0,1,,,text,Mistral
10087,-23,-165,0,0,1,,,text,Mistral
10088,-23,-163,0,0,1,,,text,Mistral
10089,-23,-161,0,0,1,,,text,Mistral
10090,-23,-159,0,0,1,,,text,Mistral
10091,-23,-157,0,0,1,,,text,Mistral
10092,-23,-155,0,0,1,,,text,Mistral
10093,-23,-153,0,0,1,,,text,Mistral
10094,-23,-151,0,0,1,,,text,Mistral
10095,-23,-149,0,0,1,,,text,Mistral
10096,-23,-147,0,0,1,,,text,Mistral
10097,-23,-145,0,0,1,,,text,Mistral
10098,-23,-143,0,0,1,,,text,Mistral
10099,-23,-141,0,0,1,,,text,Mistral
10100,-23,-139,0,0,1,,,text,Mistral
10101,-23,-137,0,0,1,,,text,Mistral
10102,-23,-135,0,0,1,,,text,Mistral
10103,-23,-133,0,0,1,,,text,Mistral
10104,-23,-131,0,0,1,,,text,Mistral
10105,-23,-129,0,0,1,,,text,Mistral
10106,-23,-127,0,0,1,,,text,Mistral
10107,-23,-125,0,0,1,,,text,Mistral
10108,-23,-123,0,0,1,,,text,Mistral
10109,-23,-121,0,0,1,,,text,Mistral
10110,-23,-119,0,0,1,,,text,Mistral
10111,-23,-117,0,0,1,,,text,Mistral
10112,-23,-115,0,0,1,,,text,Mistral
10113,-23,-113,0,0,1,,,text,Mistral
10114,-23,-111,0,0,1,,,text,Mistral
10115,-23,-109,0,0,1,,,text,Mistral
10116,-23,-107,0,0,1,,,text,Mistral
10117,-23,-105,0,0,1,,,text,Mistral
10118,-23,-103,0,0,1,,,text,Mistral
10119,-23,-101,0,0,1,,,text,Mistral
10120,-23,-99,0,0,1,,,text,Mistral
10121,-23,-97,0,0,1,,,text,Mistral
10122,-23,-95,0,0,1,,,text,Mistral
10123,-23,-93,0,0,1,,,text,Mistral
10124,-23,-91,0,0,1,,,text,Mistral
10125,-23,-89,0,0,1,,,text,Mistral
10126,-23,-87,0,0,1,,,text,Mistral
10127,-23,-85,0,0,1,,,text,Mistral
10128,-23,-83,0,0,1,,,text,Mistral
10129,-23,-81,0,0,1,,,text,Mistral
10130,-23,-79,0,0,1,,,text,Mistral
10131,-23,-77,0,0,1,,,text,Mistral
10132,-23,-75,0,0,1,,,text,Mistral
10133,-23,-73,0,0,1,,,text,Mistral
10134,-23,-71,0,0,1,,,text,Mistral
10135,-23,-69,1,1,1,,,text,Mistral
10136,-23,-67,1,1,1,,,text,Mistral
10137,-23,-65,1,1,1,,,text,Mistral
10138,-23,-63,1,1,1,,,text,Mistral
10139,-23,-61,1,1,1,,,text,Mistral
10140,-23,-59,1,1,1,,,text,Mistral
10141,-23,-57,1,1,1,,,text,Mistral
10142,-23,-55,1,1,1,,,text,Mistral
10143,-23,-53,1,1,1,,,text,Mistral
10144,-23,-51,1,1,1,,,text,Mistral
10145,-23,-49,1,1,1,,,text,Mistral
10146,-23,-47,1,1,1,,,text,Mistral
10147,-23,-45,1,1,1,,,text,Mistral
10148,-23,-43,0,0,1,,,text,Mistral
10149,-23,-41,0,0,1,,,text,Mistral
10150,-23,-39,0,0,1,,,text,Mistral
10151,-23,-37,0,0,1,,,text,Mistral
10152,-23,-35,0,0,1,,,text,Mistral
10153,-23,-33,0,0,1,,,text,Mistral
10154,-23,-31,0,0,1,,,text,Mistral
10155,-23,-29,0,0,1,,,text,Mistral
10156,-23,-27,0,0,1,,,text,Mistral
10157,-23,-25,0,0,1,,,text,Mistral
10158,-23,-23,0,0,1,,,text,Mistral
10159,-23,-21,0,0,1,,,text,Mistral
10160,-23,-19,0,0,1,,,text,Mistral
10161,-23,-17,0,0,1,,,text,Mistral
10162,-23,-15,0,0,1,,,text,Mistral
10163,-23,-13,0,0,1,,,text,Mistral
10164,-23,-11,0,0,1,,,text,Mistral
10165,-23,-9,0,0,1,,,text,Mistral
10166,-23,-7,0,0,1,,,text,Mistral
10167,-23,-5,0,0,1,,,text,Mistral
10168,-23,-3,0,0,1,,,text,Mistral
10169,-23,-1,0,0,1,,,text,Mistral
10170,-23,1,0,0,1,,,text,Mistral
10171,-23,3,0,0,1,,,text,Mistral
10172,-23,5,0,0,1,,,text,Mistral
10173,-23,7,0,0,1,,,text,Mistral
10174,-23,9,0,0,1,,,text,Mistral
10175,-23,11,0,0,1,,,text,Mistral
10176,-23,13,0,0,1,,,text,Mistral
10177,-23,15,1,1,1,,,text,Mistral
10178,-23,17,1,1,1,,,text,Mistral
10179,-23,19,1,1,1,,,text,Mistral
10180,-23,21,1,1,1,,,text,Mistral
10181,-23,23,1,1,1,,,text,Mistral
10182,-23,25,1,1,1,,,text,Mistral
10183,-23,27,1,1,1,,,text,Mistral
10184,-23,29,1,1,1,,,text,Mistral
10185,-23,31,1,1,1,,,text,Mistral
10186,-23,33,1,1,1,,,text,Mistral
10187,-23,35,1,1,1,,,text,Mistral
10188,-23,37,0,0,1,,,text,Mistral
10189,-23,39,0,0,1,,,text,Mistral
10190,-23,41,0,0,1,,,text,Mistral
10191,-23,43,0,0,1,,,text,Mistral
10192,-23,45,1,1,1,,,text,Mistral
10193,-23,47,1,1,1,,,text,Mistral
10194,-23,49,0,0,1,,,text,Mistral
10195,-23,51,0,0,1,,,text,Mistral
10196,-23,53,0,0,1,,,text,Mistral
10197,-23,55,0,0,1,,,text,Mistral
10198,-23,57,0,0,1,,,text,Mistral
10199,-23,59,0,0,1,,,text,Mistral
10200,-23,61,0,0,1,,,text,Mistral
10201,-23,63,0,0,1,,,text,Mistral
10202,-23,65,0,0,1,,,text,Mistral
10203,-23,67,0,0,1,,,text,Mistral
10204,-23,69,0,0,1,,,text,Mistral
10205,-23,71,0,0,1,,,text,Mistral
10206,-23,73,0,0,1,,,text,Mistral
10207,-23,75,0,0,1,,,text,Mistral
10208,-23,77,0,0,1,,,text,Mistral
10209,-23,79,0,0,1,,,text,Mistral
10210,-23,81,0,0,1,,,text,Mistral
10211,-23,83,0,0,1,,,text,Mistral
10212,-23,85,0,0,1,,,text,Mistral
10213,-23,87,0,0,1,,,text,Mistral
10214,-23,89,0,0,1,,,text,Mistral
10215,-23,91,0,0,1,,,text,Mistral
10216,-23,93,0,0,1,,,text,Mistral
10217,-23,95,0,0,1,,,text,Mistral
10218,-23,97,0,0,1,,,text,Mistral
10219,-23,99,0,0,1,,,text,Mistral
10220,-23,101,0,0,1,,,text,Mistral
10221,-23,103,0,0,1,,,text,Mistral
10222,-23,105,0,0,1,,,text,Mistral
10223,-23,107,0,0,1,,,text,Mistral
10224,-23,109,0,0,1,,,text,Mistral
10225,-23,111,0,0,1,,,text,Mistral
10226,-23,113,0,0,1,,,text,Mistral
10227,-23,115,1,1,1,,,text,Mistral
10228,-23,117,1,1,1,,,text,Mistral
10229,-23,119,1,1,1,,,text,Mistral
10230,-23,121,1,1,1,,,text,Mistral
10231,-23,123,1,1,1,,,text,Mistral
10232,-23,125,1,1,1,,,text,Mistral
10233,-23,127,1,1,1,,,text,Mistral
10234,-23,129,1,1,1,,,text,Mistral
10235,-23,131,1,1,1,,,text,Mistral
10236,-23,133,1,1,1,,,text,Mistral
10237,-23,135,1,1,1,,,text,Mistral
10238,-23,137,1,1,1,,,text,Mistral
10239,-23,139,1,1,1,,,text,Mistral
10240,-23,141,1,1,1,,,text,Mistral
10241,-23,143,1,1,1,,,text,Mistral
10242,-23,145,1,1,1,,,text,Mistral
10243,-23,147,1,1,1,,,text,Mistral
10244,-23,149,1,1,1,,,text,Mistral
10245,-23,151,0,0,1,,,text,Mistral
10246,-23,153,0,0,1,,,text,Mistral
10247,-23,155,0,0,1,,,text,Mistral
10248,-23,157,0,0,1,,,text,Mistral
10249,-23,159,0,0,1,,,text,Mistral
10250,-23,161,0,0,1,,,text,Mistral
10251,-23,163,0,0,1,,,text,Mistral
10252,-23,165,0,0,1,,,text,Mistral
10253,-23,167,0,0,1,,,text,Mistral
10254,-23,169,0,0,1,,,text,Mistral
10255,-23,171,0,0,1,,,text,Mistral
10256,-23,173,0,0,1,,,text,Mistral
10257,-23,175,0,0,1,,,text,Mistral
10258,-23,177,0,0,1,,,text,Mistral
10259,-23,179,0,0,1,,,text,Mistral
10260,-25,-179,0,0,1,,,text,Mistral
10261,-25,-177,0,0,1,,,text,Mistral
10262,-25,-175,0,0,1,,,text,Mistral
10263,-25,-173,0,0,1,,,text,Mistral
10264,-25,-171,0,0,1,,,text,Mistral
10265,-25,-169,0,0,1,,,text,Mistral
10266,-25,-167,0,0,1,,,text,Mistral
10267,-25,-165,0,0,1,,,text,Mistral
10268,-25,-163,0,0,1,,,text,Mistral
10269,-25,-161,0,0,1,,,text,Mistral
10270,-25,-159,0,0,1,,,text,Mistral
10271,-25,-157,0,0,1,,,text,Mistral
10272,-25,-155,0,0,1,,,text,Mistral
10273,-25,-153,0,0,1,,,text,Mistral
10274,-25,-151,0,0,1,,,text,Mistral
10275,-25,-149,0,0,1,,,text,Mistral
10276,-25,-147,0,0,1,,,text,Mistral
10277,-25,-145,0,0,1,,,text,Mistral
10278,-25,-143,0,0,1,,,text,Mistral
10279,-25,-141,0,0,1,,,text,Mistral
10280,-25,-139,0,0,1,,,text,Mistral
10281,-25,-137,0,0,1,,,text,Mistral
10282,-25,-135,0,0,1,,,text,Mistral
10283,-25,-133,0,0,1,,,text,Mistral
10284,-25,-131,0,0,1,,,text,Mistral
10285,-25,-129,0,0,1,,,text,Mistral
10286,-25,-127,0,0,1,,,text,Mistral
10287,-25,-125,0,0,1,,,text,Mistral
10288,-25,-123,0,0,1,,,text,Mistral
10289,-25,-121,0,0,1,,,text,Mistral
10290,-25,-119,0,0,1,,,text,Mistral
10291,-25,-117,0,0,1,,,text,Mistral
10292,-25,-115,0,0,1,,,text,Mistral
10293,-25,-113,0,0,1,,,text,Mistral
10294,-25,-111,0,0,1,,,text,Mistral
10295,-25,-109,0,0,1,,,text,Mistral
10296,-25,-107,0,0,1,,,text,Mistral
10297,-25,-105,0,0,1,,,text,Mistral
10298,-25,-103,0,0,1,,,text,Mistral
10299,-25,-101,0,0,1,,,text,Mistral
10300,-25,-99,0,0,1,,,text,Mistral
10301,-25,-97,0,0,1,,,text,Mistral
10302,-25,-95,0,0,1,,,text,Mistral
10303,-25,-93,0,0,1,,,text,Mistral
10304,-25,-91,0,0,1,,,text,Mistral
10305,-25,-89,0,0,1,,,text,Mistral
10306,-25,-87,0,0,1,,,text,Mistral
10307,-25,-85,0,0,1,,,text,Mistral
10308,-25,-83,0,0,1,,,text,Mistral
10309,-25,-81,0,0,1,,,text,Mistral
10310,-25,-79,0,0,1,,,text,Mistral
10311,-25,-77,0,0,1,,,text,Mistral
10312,-25,-75,0,0,1,,,text,Mistral
10313,-25,-73,0,0,1,,,text,Mistral
10314,-25,-71,0,0,1,,,text,Mistral
10315,-25,-69,1,1,1,,,text,Mistral
10316,-25,-67,1,1,1,,,text,Mistral
10317,-25,-65,1,1,1,,,text,Mistral
10318,-25,-63,1,1,1,,,text,Mistral
10319,-25,-61,1,1,1,,,text,Mistral
10320,-25,-59,1,1,1,,,text,Mistral
10321,-25,-57,1,1,1,,,text,Mistral
10322,-25,-55,1,1,1,,,text,Mistral
10323,-25,-53,1,1,1,,,text,Mistral
10324,-25,-51,1,1,1,,,text,Mistral
10325,-25,-49,1,1,1,,,text,Mistral
10326,-25,-47,0,0,1,,,text,Mistral
10327,-25,-45,0,0,1,,,text,Mistral
10328,-25,-43,0,0,1,,,text,Mistral
10329,-25,-41,0,0,1,,,text,Mistral
10330,-25,-39,0,0,1,,,text,Mistral
10331,-25,-37,0,0,1,,,text,Mistral
10332,-25,-35,0,0,1,,,text,Mistral
10333,-25,-33,0,0,1,,,text,Mistral
10334,-25,-31,0,0,1,,,text,Mistral
10335,-25,-29,0,0,1,,,text,Mistral
10336,-25,-27,0,0,1,,,text,Mistral
10337,-25,-25,0,0,1,,,text,Mistral
10338,-25,-23,0,0,1,,,text,Mistral
10339,-25,-21,0,0,1,,,text,Mistral
10340,-25,-19,0,0,1,,,text,Mistral
10341,-25,-17,0,0,1,,,text,Mistral
10342,-25,-15,0,0,1,,,text,Mistral
10343,-25,-13,0,0,1,,,text,Mistral
10344,-25,-11,0,0,1,,,text,Mistral
10345,-25,-9,0,0,1,,,text,Mistral
10346,-25,-7,0,0,1,,,text,Mistral
10347,-25,-5,0,0,1,,,text,Mistral
10348,-25,-3,0,0,1,,,text,Mistral
10349,-25,-1,0,0,1,,,text,Mistral
10350,-25,1,0,0,1,,,text,Mistral
10351,-25,3,0,0,1,,,text,Mistral
10352,-25,5,0,0,1,,,text,Mistral
10353,-25,7,0,0,1,,,text,Mistral
10354,-25,9,0,0,1,,,text,Mistral
10355,-25,11,0,0,1,,,text,Mistral
10356,-25,13,0,0,1,,,text,Mistral
10357,-25,15,1,1,1,,,text,Mistral
10358,-25,17,1,1,1,,,text,Mistral
10359,-25,19,1,1,1,,,text,Mistral
10360,-25,21,1,1,1,,,text,Mistral
10361,-25,23,1,1,1,,,text,Mistral
10362,-25,25,1,1,1,,,text,Mistral
10363,-25,27,1,1,1,,,text,Mistral
10364,-25,29,1,1,1,,,text,Mistral
10365,-25,31,1,1,1,,,text,Mistral
10366,-25,33,1,1,1,,,text,Mistral
10367,-25,35,0,0,1,,,text,Mistral
10368,-25,37,0,0,1,,,text,Mistral
10369,-25,39,0,0,1,,,text,Mistral
10370,-25,41,0,0,1,,,text,Mistral
10371,-25,43,0,0,1,,,text,Mistral
10372,-25,45,1,1,1,,,text,Mistral
10373,-25,47,1,1,1,,,text,Mistral
10374,-25,49,0,0,1,,,text,Mistral
10375,-25,51,0,0,1,,,text,Mistral
10376,-25,53,0,0,1,,,text,Mistral
10377,-25,55,0,0,1,,,text,Mistral
10378,-25,57,0,0,1,,,text,Mistral
10379,-25,59,0,0,1,,,text,Mistral
10380,-25,61,0,0,1,,,text,Mistral
10381,-25,63,0,0,1,,,text,Mistral
10382,-25,65,0,0,1,,,text,Mistral
10383,-25,67,0,0,1,,,text,Mistral
10384,-25,69,0,0,1,,,text,Mistral
10385,-25,71,0,0,1,,,text,Mistral
10386,-25,73,0,0,1,,,text,Mistral
10387,-25,75,0,0,1,,,text,Mistral
10388,-25,77,0,0,1,,,text,Mistral
10389,-25,79,0,0,1,,,text,Mistral
10390,-25,81,0,0,1,,,text,Mistral
10391,-25,83,0,0,1,,,text,Mistral
10392,-25,85,0,0,1,,,text,Mistral
10393,-25,87,0,0,1,,,text,Mistral
10394,-25,89,0,0,1,,,text,Mistral
10395,-25,91,0,0,1,,,text,Mistral
10396,-25,93,0,0,1,,,text,Mistral
10397,-25,95,0,0,1,,,text,Mistral
10398,-25,97,0,0,1,,,text,Mistral
10399,-25,99,0,0,1,,,text,Mistral
10400,-25,101,0,0,1,,,text,Mistral
10401,-25,103,0,0,1,,,text,Mistral
10402,-25,105,0,0,1,,,text,Mistral
10403,-25,107,0,0,1,,,text,Mistral
10404,-25,109,0,0,1,,,text,Mistral
10405,-25,111,0,0,1,,,text,Mistral
10406,-25,113,0,0,1,,,text,Mistral
10407,-25,115,1,1,1,,,text,Mistral
10408,-25,117,1,1,1,,,text,Mistral
10409,-25,119,1,1,1,,,text,Mistral
10410,-25,121,1,1,1,,,text,Mistral
10411,-25,123,1,1,1,,,text,Mistral
10412,-25,125,1,1,1,,,text,Mistral
10413,-25,127,1,1,1,,,text,Mistral
10414,-25,129,1,1,1,,,text,Mistral
10415,-25,131,1,1,1,,,text,Mistral
10416,-25,133,1,1,1,,,text,Mistral
10417,-25,135,1,1,1,,,text,Mistral
10418,-25,137,1,1,1,,,text,Mistral
10419,-25,139,1,1,1,,,text,Mistral
10420,-25,141,1,1,1,,,text,Mistral
10421,-25,143,1,1,1,,,text,Mistral
10422,-25,145,1,1,1,,,text,Mistral
10423,-25,147,1,1,1,,,text,Mistral
10424,-25,149,1,1,1,,,text,Mistral
10425,-25,151,1,1,1,,,text,Mistral
10426,-25,153,0,0,1,,,text,Mistral
10427,-25,155,0,0,1,,,text,Mistral
10428,-25,157,0,0,1,,,text,Mistral
10429,-25,159,0,0,1,,,text,Mistral
10430,-25,161,0,0,1,,,text,Mistral
10431,-25,163,0,0,1,,,text,Mistral
10432,-25,165,0,0,1,,,text,Mistral
10433,-25,167,0,0,1,,,text,Mistral
10434,-25,169,0,0,1,,,text,Mistral
10435,-25,171,0,0,1,,,text,Mistral
10436,-25,173,0,0,1,,,text,Mistral
10437,-25,175,0,0,1,,,text,Mistral
10438,-25,177,0,0,1,,,text,Mistral
10439,-25,179,0,0,1,,,text,Mistral
10440,-27,-179,0,0,1,,,text,Mistral
10441,-27,-177,0,0,1,,,text,Mistral
10442,-27,-175,0,0,1,,,text,Mistral
10443,-27,-173,0,0,1,,,text,Mistral
10444,-27,-171,0,0,1,,,text,Mistral
10445,-27,-169,0,0,1,,,text,Mistral
10446,-27,-167,0,0,1,,,text,Mistral
10447,-27,-165,0,0,1,,,text,Mistral
10448,-27,-163,0,0,1,,,text,Mistral
10449,-27,-161,0,0,1,,,text,Mistral
10450,-27,-159,0,0,1,,,text,Mistral
10451,-27,-157,0,0,1,,,text,Mistral
10452,-27,-155,0,0,1,,,text,Mistral
10453,-27,-153,0,0,1,,,text,Mistral
10454,-27,-151,0,0,1,,,text,Mistral
10455,-27,-149,0,0,1,,,text,Mistral
10456,-27,-147,0,0,1,,,text,Mistral
10457,-27,-145,0,0,1,,,text,Mistral
10458,-27,-143,0,0,1,,,text,Mistral
10459,-27,-141,0,0,1,,,text,Mistral
10460,-27,-139,0,0,1,,,text,Mistral
10461,-27,-137,0,0,1,,,text,Mistral
10462,-27,-135,0,0,1,,,text,Mistral
10463,-27,-133,0,0,1,,,text,Mistral
10464,-27,-131,0,0,1,,,text,Mistral
10465,-27,-129,0,0,1,,,text,Mistral
10466,-27,-127,0,0,1,,,text,Mistral
10467,-27,-125,0,0,1,,,text,Mistral
10468,-27,-123,0,0,1,,,text,Mistral
10469,-27,-121,0,0,1,,,text,Mistral
10470,-27,-119,0,0,1,,,text,Mistral
10471,-27,-117,0,0,1,,,text,Mistral
10472,-27,-115,0,0,1,,,text,Mistral
10473,-27,-113,0,0,1,,,text,Mistral
10474,-27,-111,0,0,1,,,text,Mistral
10475,-27,-109,0,0,1,,,text,Mistral
10476,-27,-107,0,0,1,,,text,Mistral
10477,-27,-105,0,0,1,,,text,Mistral
10478,-27,-103,0,0,1,,,text,Mistral
10479,-27,-101,0,0,1,,,text,Mistral
10480,-27,-99,0,0,1,,,text,Mistral
10481,-27,-97,0,0,1,,,text,Mistral
10482,-27,-95,0,0,1,,,text,Mistral
10483,-27,-93,0,0,1,,,text,Mistral
10484,-27,-91,0,0,1,,,text,Mistral
10485,-27,-89,0,0,1,,,text,Mistral
10486,-27,-87,0,0,1,,,text,Mistral
10487,-27,-85,0,0,1,,,text,Mistral
10488,-27,-83,0,0,1,,,text,Mistral
10489,-27,-81,0,0,1,,,text,Mistral
10490,-27,-79,0,0,1,,,text,Mistral
10491,-27,-77,0,0,1,,,text,Mistral
10492,-27,-75,0,0,1,,,text,Mistral
10493,-27,-73,0,0,1,,,text,Mistral
10494,-27,-71,0,0,1,,,text,Mistral
10495,-27,-69,1,1,1,,,text,Mistral
10496,-27,-67,1,1,1,,,text,Mistral
10497,-27,-65,1,1,1,,,text,Mistral
10498,-27,-63,1,1,1,,,text,Mistral
10499,-27,-61,1,1,1,,,text,Mistral
10500,-27,-59,1,1,1,,,text,Mistral
10501,-27,-57,1,1,1,,,text,Mistral
10502,-27,-55,1,1,1,,,text,Mistral
10503,-27,-53,1,1,1,,,text,Mistral
10504,-27,-51,1,1,1,,,text,Mistral
10505,-27,-49,1,1,1,,,text,Mistral
10506,-27,-47,0,0,1,,,text,Mistral
10507,-27,-45,0,0,1,,,text,Mistral
10508,-27,-43,0,0,1,,,text,Mistral
10509,-27,-41,0,0,1,,,text,Mistral
10510,-27,-39,0,0,1,,,text,Mistral
10511,-27,-37,0,0,1,,,text,Mistral
10512,-27,-35,0,0,1,,,text,Mistral
10513,-27,-33,0,0,1,,,text,Mistral
10514,-27,-31,0,0,1,,,text,Mistral
10515,-27,-29,0,0,1,,,text,Mistral
10516,-27,-27,0,0,1,,,text,Mistral
10517,-27,-25,0,0,1,,,text,Mistral
10518,-27,-23,0,0,1,,,text,Mistral
10519,-27,-21,0,0,1,,,text,Mistral
10520,-27,-19,0,0,1,,,text,Mistral
10521,-27,-17,0,0,1,,,text,Mistral
10522,-27,-15,0,0,1,,,text,Mistral
10523,-27,-13,0,0,1,,,text,Mistral
10524,-27,-11,0,0,1,,,text,Mistral
10525,-27,-9,0,0,1,,,text,Mistral
10526,-27,-7,0,0,1,,,text,Mistral
10527,-27,-5,0,0,1,,,text,Mistral
10528,-27,-3,0,0,1,,,text,Mistral
10529,-27,-1,0,0,1,,,text,Mistral
10530,-27,1,0,0,1,,,text,Mistral
10531,-27,3,0,0,1,,,text,Mistral
10532,-27,5,0,0,1,,,text,Mistral
10533,-27,7,0,0,1,,,text,Mistral
10534,-27,9,0,0,1,,,text,Mistral
10535,-27,11,0,0,1,,,text,Mistral
10536,-27,13,0,0,1,,,text,Mistral
10537,-27,15,0,0,1,,,text,Mistral
10538,-27,17,1,1,1,,,text,Mistral
10539,-27,19,1,1,1,,,text,Mistral
10540,-27,21,1,1,1,,,text,Mistral
10541,-27,23,1,1,1,,,text,Mistral
10542,-27,25,1,1,1,,,text,Mistral
10543,-27,27,1,1,1,,,text,Mistral
10544,-27,29,1,1,1,,,text,Mistral
10545,-27,31,1,1,1,,,text,Mistral
10546,-27,33,0,0,1,,,text,Mistral
10547,-27,35,0,0,1,,,text,Mistral
10548,-27,37,0,0,1,,,text,Mistral
10549,-27,39,0,0,1,,,text,Mistral
10550,-27,41,0,0,1,,,text,Mistral
10551,-27,43,0,0,1,,,text,Mistral
10552,-27,45,0,0,1,,,text,Mistral
10553,-27,47,0,0,1,,,text,Mistral
10554,-27,49,0,0,1,,,text,Mistral
10555,-27,51,0,0,1,,,text,Mistral
10556,-27,53,0,0,1,,,text,Mistral
10557,-27,55,0,0,1,,,text,Mistral
10558,-27,57,0,0,1,,,text,Mistral
10559,-27,59,0,0,1,,,text,Mistral
10560,-27,61,0,0,1,,,text,Mistral
10561,-27,63,0,0,1,,,text,Mistral
10562,-27,65,0,0,1,,,text,Mistral
10563,-27,67,0,0,1,,,text,Mistral
10564,-27,69,0,0,1,,,text,Mistral
10565,-27,71,0,0,1,,,text,Mistral
10566,-27,73,0,0,1,,,text,Mistral
10567,-27,75,0,0,1,,,text,Mistral
10568,-27,77,0,0,1,,,text,Mistral
10569,-27,79,0,0,1,,,text,Mistral
10570,-27,81,0,0,1,,,text,Mistral
10571,-27,83,0,0,1,,,text,Mistral
10572,-27,85,0,0,1,,,text,Mistral
10573,-27,87,0,0,1,,,text,Mistral
10574,-27,89,0,0,1,,,text,Mistral
10575,-27,91,0,0,1,,,text,Mistral
10576,-27,93,0,0,1,,,text,Mistral
10577,-27,95,0,0,1,,,text,Mistral
10578,-27,97,0,0,1,,,text,Mistral
10579,-27,99,0,0,1,,,text,Mistral
10580,-27,101,0,0,1,,,text,Mistral
10581,-27,103,0,0,1,,,text,Mistral
10582,-27,105,0,0,1,,,text,Mistral
10583,-27,107,0,0,1,,,text,Mistral
10584,-27,109,0,0,1,,,text,Mistral
10585,-27,111,0,0,1,,,text,Mistral
10586,-27,113,0,0,1,,,text,Mistral
10587,-27,115,1,1,1,,,text,Mistral
10588,-27,117,1,1,1,,,text,Mistral
10589,-27,119,1,1,1,,,text,Mistral
10590,-27,121,1,1,1,,,text,Mistral
10591,-27,123,1,1,1,,,text,Mistral
10592,-27,125,1,1,1,,,text,Mistral
10593,-27,127,1,1,1,,,text,Mistral
10594,-27,129,1,1,1,,,text,Mistral
10595,-27,131,1,1,1,,,text,Mistral
10596,-27,133,1,1,1,,,text,Mistral
10597,-27,135,1,1,1,,,text,Mistral
10598,-27,137,1,1,1,,,text,Mistral
10599,-27,139,1,1,1,,,text,Mistral
10600,-27,141,1,1,1,,,text,Mistral
10601,-27,143,1,1,1,,,text,Mistral
10602,-27,145,1,1,1,,,text,Mistral
10603,-27,147,1,1,1,,,text,Mistral
10604,-27,149,1,1,1,,,text,Mistral
10605,-27,151,1,1,1,,,text,Mistral
10606,-27,153,1,1,1,,,text,Mistral
10607,-27,155,0,0,1,,,text,Mistral
10608,-27,157,0,0,1,,,text,Mistral
10609,-27,159,0,0,1,,,text,Mistral
10610,-27,161,0,0,1,,,text,Mistral
10611,-27,163,0,0,1,,,text,Mistral
10612,-27,165,0,0,1,,,text,Mistral
10613,-27,167,0,0,1,,,text,Mistral
10614,-27,169,0,0,1,,,text,Mistral
10615,-27,171,0,0,1,,,text,Mistral
10616,-27,173,0,0,1,,,text,Mistral
10617,-27,175,0,0,1,,,text,Mistral
10618,-27,177,0,0,1,,,text,Mistral
10619,-27,179,0,0,1,,,text,Mistral
10620,-29,-179,0,0,1,,,text,Mistral
10621,-29,-177,0,0,1,,,text,Mistral
10622,-29,-175,0,0,1,,,text,Mistral
10623,-29,-173,0,0,1,,,text,Mistral
10624,-29,-171,0,0,1,,,text,Mistral
10625,-29,-169,0,0,1,,,text,Mistral
10626,-29,-167,0,0,1,,,text,Mistral
10627,-29,-165,0,0,1,,,text,Mistral
10628,-29,-163,0,0,1,,,text,Mistral
10629,-29,-161,0,0,1,,,text,Mistral
10630,-29,-159,0,0,1,,,text,Mistral
10631,-29,-157,0,0,1,,,text,Mistral
10632,-29,-155,0,0,1,,,text,Mistral
10633,-29,-153,0,0,1,,,text,Mistral
10634,-29,-151,0,0,1,,,text,Mistral
10635,-29,-149,0,0,1,,,text,Mistral
10636,-29,-147,0,0,1,,,text,Mistral
10637,-29,-145,0,0,1,,,text,Mistral
10638,-29,-143,0,0,1,,,text,Mistral
10639,-29,-141,0,0,1,,,text,Mistral
10640,-29,-139,0,0,1,,,text,Mistral
10641,-29,-137,0,0,1,,,text,Mistral
10642,-29,-135,0,0,1,,,text,Mistral
10643,-29,-133,0,0,1,,,text,Mistral
10644,-29,-131,0,0,1,,,text,Mistral
10645,-29,-129,0,0,1,,,text,Mistral
10646,-29,-127,0,0,1,,,text,Mistral
10647,-29,-125,0,0,1,,,text,Mistral
10648,-29,-123,0,0,1,,,text,Mistral
10649,-29,-121,0,0,1,,,text,Mistral
10650,-29,-119,0,0,1,,,text,Mistral
10651,-29,-117,0,0,1,,,text,Mistral
10652,-29,-115,0,0,1,,,text,Mistral
10653,-29,-113,0,0,1,,,text,Mistral
10654,-29,-111,0,0,1,,,text,Mistral
10655,-29,-109,0,0,1,,,text,Mistral
10656,-29,-107,0,0,1,,,text,Mistral
10657,-29,-105,0,0,1,,,text,Mistral
10658,-29,-103,0,0,1,,,text,Mistral
10659,-29,-101,0,0,1,,,text,Mistral
10660,-29,-99,0,0,1,,,text,Mistral
10661,-29,-97,0,0,1,,,text,Mistral
10662,-29,-95,0,0,1,,,text,Mistral
10663,-29,-93,0,0,1,,,text,Mistral
10664,-29,-91,0,0,1,,,text,Mistral
10665,-29,-89,0,0,1,,,text,Mistral
10666,-29,-87,0,0,1,,,text,Mistral
10667,-29,-85,0,0,1,,,text,Mistral
10668,-29,-83,0,0,1,,,text,Mistral
10669,-29,-81,0,0,1,,,text,Mistral
10670,-29,-79,0,0,1,,,text,Mistral
10671,-29,-77,0,0,1,,,text,Mistral
10672,-29,-75,0,0,1,,,text,Mistral
10673,-29,-73,0,0,1,,,text,Mistral
10674,-29,-71,1,1,1,,,text,Mistral
10675,-29,-69,1,1,1,,,text,Mistral
10676,-29,-67,1,1,1,,,text,Mistral
10677,-29,-65,1,1,1,,,text,Mistral
10678,-29,-63,1,1,1,,,text,Mistral
10679,-29,-61,1,1,1,,,text,Mistral
10680,-29,-59,1,1,1,,,text,Mistral
10681,-29,-57,1,1,1,,,text,Mistral
10682,-29,-55,1,1,1,,,text,Mistral
10683,-29,-53,1,1,1,,,text,Mistral
10684,-29,-51,1,1,1,,,text,Mistral
10685,-29,-49,0,0,1,,,text,Mistral
10686,-29,-47,0,0,1,,,text,Mistral
10687,-29,-45,0,0,1,,,text,Mistral
10688,-29,-43,0,0,1,,,text,Mistral
10689,-29,-41,0,0,1,,,text,Mistral
10690,-29,-39,0,0,1,,,text,Mistral
10691,-29,-37,0,0,1,,,text,Mistral
10692,-29,-35,0,0,1,,,text,Mistral
10693,-29,-33,0,0,1,,,text,Mistral
10694,-29,-31,0,0,1,,,text,Mistral
10695,-29,-29,0,0,1,,,text,Mistral
10696,-29,-27,0,0,1,,,text,Mistral
10697,-29,-25,0,0,1,,,text,Mistral
10698,-29,-23,0,0,1,,,text,Mistral
10699,-29,-21,0,0,1,,,text,Mistral
10700,-29,-19,0,0,1,,,text,Mistral
10701,-29,-17,0,0,1,,,text,Mistral
10702,-29,-15,0,0,1,,,text,Mistral
10703,-29,-13,0,0,1,,,text,Mistral
10704,-29,-11,0,0,1,,,text,Mistral
10705,-29,-9,0,0,1,,,text,Mistral
10706,-29,-7,0,0,1,,,text,Mistral
10707,-29,-5,0,0,1,,,text,Mistral
10708,-29,-3,0,0,1,,,text,Mistral
10709,-29,-1,0,0,1,,,text,Mistral
10710,-29,1,0,0,1,,,text,Mistral
10711,-29,3,0,0,1,,,text,Mistral
10712,-29,5,0,0,1,,,text,Mistral
10713,-29,7,0,0,1,,,text,Mistral
10714,-29,9,0,0,1,,,text,Mistral
10715,-29,11,0,0,1,,,text,Mistral
10716,-29,13,0,0,1,,,text,Mistral
10717,-29,15,0,0,1,,,text,Mistral
10718,-29,17,1,1,1,,,text,Mistral
10719,-29,19,1,1,1,,,text,Mistral
10720,-29,21,1,1,1,,,text,Mistral
10721,-29,23,1,1,1,,,text,Mistral
10722,-29,25,1,1,1,,,text,Mistral
10723,-29,27,1,1,1,,,text,Mistral
10724,-29,29,1,1,1,,,text,Mistral
10725,-29,31,1,1,1,,,text,Mistral
10726,-29,33,0,0,1,,,text,Mistral
10727,-29,35,0,0,1,,,text,Mistral
10728,-29,37,0,0,1,,,text,Mistral
10729,-29,39,0,0,1,,,text,Mistral
10730,-29,41,0,0,1,,,text,Mistral
10731,-29,43,0,0,1,,,text,Mistral
10732,-29,45,0,0,1,,,text,Mistral
10733,-29,47,0,0,1,,,text,Mistral
10734,-29,49,0,0,1,,,text,Mistral
10735,-29,51,0,0,1,,,text,Mistral
10736,-29,53,0,0,1,,,text,Mistral
10737,-29,55,0,0,1,,,text,Mistral
10738,-29,57,0,0,1,,,text,Mistral
10739,-29,59,0,0,1,,,text,Mistral
10740,-29,61,0,0,1,,,text,Mistral
10741,-29,63,0,0,1,,,text,Mistral
10742,-29,65,0,0,1,,,text,Mistral
10743,-29,67,0,0,1,,,text,Mistral
10744,-29,69,0,0,1,,,text,Mistral
10745,-29,71,0,0,1,,,text,Mistral
10746,-29,73,0,0,1,,,text,Mistral
10747,-29,75,0,0,1,,,text,Mistral
10748,-29,77,0,0,1,,,text,Mistral
10749,-29,79,0,0,1,,,text,Mistral
10750,-29,81,0,0,1,,,text,Mistral
10751,-29,83,0,0,1,,,text,Mistral
10752,-29,85,0,0,1,,,text,Mistral
10753,-29,87,0,0,1,,,text,Mistral
10754,-29,89,0,0,1,,,text,Mistral
10755,-29,91,0,0,1,,,text,Mistral
10756,-29,93,0,0,1,,,text,Mistral
10757,-29,95,0,0,1,,,text,Mistral
10758,-29,97,0,0,1,,,text,Mistral
10759,-29,99,0,0,1,,,text,Mistral
10760,-29,101,0,0,1,,,text,Mistral
10761,-29,103,0,0,1,,,text,Mistral
10762,-29,105,0,0,1,,,text,Mistral
10763,-29,107,0,0,1,,,text,Mistral
10764,-29,109,0,0,1,,,text,Mistral
10765,-29,111,0,0,1,,,text,Mistral
10766,-29,113,0,0,1,,,text,Mistral
10767,-29,115,1,1,1,,,text,Mistral
10768,-29,117,1,1,1,,,text,Mistral
10769,-29,119,1,1,1,,,text,Mistral
10770,-29,121,1,1,1,,,text,Mistral
10771,-29,123,1,1,1,,,text,Mistral
10772,-29,125,1,1,1,,,text,Mistral
10773,-29,127,1,1,1,,,text,Mistral
10774,-29,129,1,1,1,,,text,Mistral
10775,-29,131,1,1,1,,,text,Mistral
10776,-29,133,1,1,1,,,text,Mistral
10777,-29,135,1,1,1,,,text,Mistral
10778,-29,137,1,0,1,,,text,Mistral
10779,-29,139,1,1,1,,,text,Mistral
10780,-29,141,1,1,1,,,text,Mistral
10781,-29,143,1,1,1,,,text,Mistral
10782,-29,145,1,1,1,,,text,Mistral
10783,-29,147,1,1,1,,,text,Mistral
10784,-29,149,1,1,1,,,text,Mistral
10785,-29,151,1,1,1,,,text,Mistral
10786,-29,153,1,1,1,,,text,Mistral
10787,-29,155,0,0,1,,,text,Mistral
10788,-29,157,0,0,1,,,text,Mistral
10789,-29,159,0,0,1,,,text,Mistral
10790,-29,161,0,0,1,,,text,Mistral
10791,-29,163,0,0,1,,,text,Mistral
10792,-29,165,0,0,1,,,text,Mistral
10793,-29,167,0,0,1,,,text,Mistral
10794,-29,169,0,0,1,,,text,Mistral
10795,-29,171,0,0,1,,,text,Mistral
10796,-29,173,0,0,1,,,text,Mistral
10797,-29,175,0,0,1,,,text,Mistral
10798,-29,177,0,0,1,,,text,Mistral
10799,-29,179,0,0,1,,,text,Mistral
10800,-31,-179,0,0,1,,,text,Mistral
10801,-31,-177,0,0,1,,,text,Mistral
10802,-31,-175,0,0,1,,,text,Mistral
10803,-31,-173,0,0,1,,,text,Mistral
10804,-31,-171,0,0,1,,,text,Mistral
10805,-31,-169,0,0,1,,,text,Mistral
10806,-31,-167,0,0,1,,,text,Mistral
10807,-31,-165,0,0,1,,,text,Mistral
10808,-31,-163,0,0,1,,,text,Mistral
10809,-31,-161,0,0,1,,,text,Mistral
10810,-31,-159,0,0,1,,,text,Mistral
10811,-31,-157,0,0,1,,,text,Mistral
10812,-31,-155,0,0,1,,,text,Mistral
10813,-31,-153,0,0,1,,,text,Mistral
10814,-31,-151,0,0,1,,,text,Mistral
10815,-31,-149,0,0,1,,,text,Mistral
10816,-31,-147,0,0,1,,,text,Mistral
10817,-31,-145,0,0,1,,,text,Mistral
10818,-31,-143,0,0,1,,,text,Mistral
10819,-31,-141,0,0,1,,,text,Mistral
10820,-31,-139,0,0,1,,,text,Mistral
10821,-31,-137,0,0,1,,,text,Mistral
10822,-31,-135,0,0,1,,,text,Mistral
10823,-31,-133,0,0,1,,,text,Mistral
10824,-31,-131,0,0,1,,,text,Mistral
10825,-31,-129,0,0,1,,,text,Mistral
10826,-31,-127,0,0,1,,,text,Mistral
10827,-31,-125,0,0,1,,,text,Mistral
10828,-31,-123,0,0,1,,,text,Mistral
10829,-31,-121,0,0,1,,,text,Mistral
10830,-31,-119,0,0,1,,,text,Mistral
10831,-31,-117,0,0,1,,,text,Mistral
10832,-31,-115,0,0,1,,,text,Mistral
10833,-31,-113,0,0,1,,,text,Mistral
10834,-31,-111,0,0,1,,,text,Mistral
10835,-31,-109,0,0,1,,,text,Mistral
10836,-31,-107,0,0,1,,,text,Mistral
10837,-31,-105,0,0,1,,,text,Mistral
10838,-31,-103,0,0,1,,,text,Mistral
10839,-31,-101,0,0,1,,,text,Mistral
10840,-31,-99,0,0,1,,,text,Mistral
10841,-31,-97,0,0,1,,,text,Mistral
10842,-31,-95,0,0,1,,,text,Mistral
10843,-31,-93,0,0,1,,,text,Mistral
10844,-31,-91,0,0,1,,,text,Mistral
10845,-31,-89,0,0,1,,,text,Mistral
10846,-31,-87,0,0,1,,,text,Mistral
10847,-31,-85,0,0,1,,,text,Mistral
10848,-31,-83,0,0,1,,,text,Mistral
10849,-31,-81,0,0,1,,,text,Mistral
10850,-31,-79,0,0,1,,,text,Mistral
10851,-31,-77,0,0,1,,,text,Mistral
10852,-31,-75,0,0,1,,,text,Mistral
10853,-31,-73,0,0,1,,,text,Mistral
10854,-31,-71,1,1,1,,,text,Mistral
10855,-31,-69,1,1,1,,,text,Mistral
10856,-31,-67,1,1,1,,,text,Mistral
10857,-31,-65,1,1,1,,,text,Mistral
10858,-31,-63,1,1,1,,,text,Mistral
10859,-31,-61,1,1,1,,,text,Mistral
10860,-31,-59,1,1,1,,,text,Mistral
10861,-31,-57,1,1,1,,,text,Mistral
10862,-31,-55,1,1,1,,,text,Mistral
10863,-31,-53,1,1,1,,,text,Mistral
10864,-31,-51,0,0,1,,,text,Mistral
10865,-31,-49,0,0,1,,,text,Mistral
10866,-31,-47,0,0,1,,,text,Mistral
10867,-31,-45,0,0,1,,,text,Mistral
10868,-31,-43,0,0,1,,,text,Mistral
10869,-31,-41,0,0,1,,,text,Mistral
10870,-31,-39,0,0,1,,,text,Mistral
10871,-31,-37,0,0,1,,,text,Mistral
10872,-31,-35,0,0,1,,,text,Mistral
10873,-31,-33,0,0,1,,,text,Mistral
10874,-31,-31,0,0,1,,,text,Mistral
10875,-31,-29,0,0,1,,,text,Mistral
10876,-31,-27,0,0,1,,,text,Mistral
10877,-31,-25,0,0,1,,,text,Mistral
10878,-31,-23,0,0,1,,,text,Mistral
10879,-31,-21,0,0,1,,,text,Mistral
10880,-31,-19,0,0,1,,,text,Mistral
10881,-31,-17,0,0,1,,,text,Mistral
10882,-31,-15,0,0,1,,,text,Mistral
10883,-31,-13,0,0,1,,,text,Mistral
10884,-31,-11,0,0,1,,,text,Mistral
10885,-31,-9,0,0,1,,,text,Mistral
10886,-31,-7,0,0,1,,,text,Mistral
10887,-31,-5,0,0,1,,,text,Mistral
10888,-31,-3,0,0,1,,,text,Mistral
10889,-31,-1,0,0,1,,,text,Mistral
10890,-31,1,0,0,1,,,text,Mistral
10891,-31,3,0,0,1,,,text,Mistral
10892,-31,5,0,0,1,,,text,Mistral
10893,-31,7,0,0,1,,,text,Mistral
10894,-31,9,0,0,1,,,text,Mistral
10895,-31,11,0,0,1,,,text,Mistral
10896,-31,13,0,0,1,,,text,Mistral
10897,-31,15,0,0,1,,,text,Mistral
10898,-31,17,0,0,1,,,text,Mistral
10899,-31,19,1,1,1,,,text,Mistral
10900,-31,21,1,1,1,,,text,Mistral
10901,-31,23,1,1,1,,,text,Mistral
10902,-31,25,1,1,1,,,text,Mistral
10903,-31,27,1,1,1,,,text,Mistral
10904,-31,29,1,1,1,,,text,Mistral
10905,-31,31,0,0,1,,,text,Mistral
10906,-31,33,0,0,1,,,text,Mistral
10907,-31,35,0,0,1,,,text,Mistral
10908,-31,37,0,0,1,,,text,Mistral
10909,-31,39,0,0,1,,,text,Mistral
10910,-31,41,0,0,1,,,text,Mistral
10911,-31,43,0,0,1,,,text,Mistral
10912,-31,45,0,0,1,,,text,Mistral
10913,-31,47,0,0,1,,,text,Mistral
10914,-31,49,0,0,1,,,text,Mistral
10915,-31,51,0,0,1,,,text,Mistral
10916,-31,53,0,0,1,,,text,Mistral
10917,-31,55,0,0,1,,,text,Mistral
10918,-31,57,0,0,1,,,text,Mistral
10919,-31,59,0,0,1,,,text,Mistral
10920,-31,61,0,0,1,,,text,Mistral
10921,-31,63,0,0,1,,,text,Mistral
10922,-31,65,0,0,1,,,text,Mistral
10923,-31,67,0,0,1,,,text,Mistral
10924,-31,69,0,0,1,,,text,Mistral
10925,-31,71,0,0,1,,,text,Mistral
10926,-31,73,0,0,1,,,text,Mistral
10927,-31,75,0,0,1,,,text,Mistral
10928,-31,77,0,0,1,,,text,Mistral
10929,-31,79,0,0,1,,,text,Mistral
10930,-31,81,0,0,1,,,text,Mistral
10931,-31,83,0,0,1,,,text,Mistral
10932,-31,85,0,0,1,,,text,Mistral
10933,-31,87,0,0,1,,,text,Mistral
10934,-31,89,0,0,1,,,text,Mistral
10935,-31,91,0,0,1,,,text,Mistral
10936,-31,93,0,0,1,,,text,Mistral
10937,-31,95,0,0,1,,,text,Mistral
10938,-31,97,0,0,1,,,text,Mistral
10939,-31,99,0,0,1,,,text,Mistral
10940,-31,101,0,0,1,,,text,Mistral
10941,-31,103,0,0,1,,,text,Mistral
10942,-31,105,0,0,1,,,text,Mistral
10943,-31,107,0,0,1,,,text,Mistral
10944,-31,109,0,0,1,,,text,Mistral
10945,-31,111,0,0,1,,,text,Mistral
10946,-31,113,0,0,1,,,text,Mistral
10947,-31,115,0,0,1,,,text,Mistral
10948,-31,117,1,1,1,,,text,Mistral
10949,-31,119,1,1,1,,,text,Mistral
10950,-31,121,1,1,1,,,text,Mistral
10951,-31,123,1,1,1,,,text,Mistral
10952,-31,125,1,1,1,,,text,Mistral
10953,-31,127,1,1,1,,,text,Mistral
10954,-31,129,1,1,1,,,text,Mistral
10955,-31,131,1,1,1,,,text,Mistral
10956,-31,133,1,1,1,,,text,Mistral
10957,-31,135,1,1,1,,,text,Mistral
10958,-31,137,1,1,1,,,text,Mistral
10959,-31,139,1,1,1,,,text,Mistral
10960,-31,141,1,1,1,,,text,Mistral
10961,-31,143,1,1,1,,,text,Mistral
10962,-31,145,1,1,1,,,text,Mistral
10963,-31,147,1,1,1,,,text,Mistral
10964,-31,149,1,1,1,,,text,Mistral
10965,-31,151,1,1,1,,,text,Mistral
10966,-31,153,1,1,1,,,text,Mistral
10967,-31,155,0,0,1,,,text,Mistral
10968,-31,157,0,0,1,,,text,Mistral
10969,-31,159,0,0,1,,,text,Mistral
10970,-31,161,0,0,1,,,text,Mistral
10971,-31,163,0,0,1,,,text,Mistral
10972,-31,165,0,0,1,,,text,Mistral
10973,-31,167,0,0,1,,,text,Mistral
10974,-31,169,0,0,1,,,text,Mistral
10975,-31,171,0,0,1,,,text,Mistral
10976,-31,173,0,0,1,,,text,Mistral
10977,-31,175,0,0,1,,,text,Mistral
10978,-31,177,0,0,1,,,text,Mistral
10979,-31,179,0,0,1,,,text,Mistral
10980,-33,-179,0,0,1,,,text,Mistral
10981,-33,-177,0,0,1,,,text,Mistral
10982,-33,-175,0,0,1,,,text,Mistral
10983,-33,-173,0,0,1,,,text,Mistral
10984,-33,-171,0,0,1,,,text,Mistral
10985,-33,-169,0,0,1,,,text,Mistral
10986,-33,-167,0,0,1,,,text,Mistral
10987,-33,-165,0,0,1,,,text,Mistral
10988,-33,-163,0,0,1,,,text,Mistral
10989,-33,-161,0,0,1,,,text,Mistral
10990,-33,-159,0,0,1,,,text,Mistral
10991,-33,-157,0,0,1,,,text,Mistral
10992,-33,-155,0,0,1,,,text,Mistral
10993,-33,-153,0,0,1,,,text,Mistral
10994,-33,-151,0,0,1,,,text,Mistral
10995,-33,-149,0,0,1,,,text,Mistral
10996,-33,-147,0,0,1,,,text,Mistral
10997,-33,-145,0,0,1,,,text,Mistral
10998,-33,-143,0,0,1,,,text,Mistral
10999,-33,-141,0,0,1,,,text,Mistral
11000,-33,-139,0,0,1,,,text,Mistral
11001,-33,-137,0,0,1,,,text,Mistral
11002,-33,-135,0,0,1,,,text,Mistral
11003,-33,-133,0,0,1,,,text,Mistral
11004,-33,-131,0,0,1,,,text,Mistral
11005,-33,-129,0,0,1,,,text,Mistral
11006,-33,-127,0,0,1,,,text,Mistral
11007,-33,-125,0,0,1,,,text,Mistral
11008,-33,-123,0,0,1,,,text,Mistral
11009,-33,-121,0,0,1,,,text,Mistral
11010,-33,-119,0,0,1,,,text,Mistral
11011,-33,-117,0,0,1,,,text,Mistral
11012,-33,-115,0,0,1,,,text,Mistral
11013,-33,-113,0,0,1,,,text,Mistral
11014,-33,-111,0,0,1,,,text,Mistral
11015,-33,-109,0,0,1,,,text,Mistral
11016,-33,-107,0,0,1,,,text,Mistral
11017,-33,-105,0,0,1,,,text,Mistral
11018,-33,-103,0,0,1,,,text,Mistral
11019,-33,-101,0,0,1,,,text,Mistral
11020,-33,-99,0,0,1,,,text,Mistral
11021,-33,-97,0,0,1,,,text,Mistral
11022,-33,-95,0,0,1,,,text,Mistral
11023,-33,-93,0,0,1,,,text,Mistral
11024,-33,-91,0,0,1,,,text,Mistral
11025,-33,-89,0,0,1,,,text,Mistral
11026,-33,-87,0,0,1,,,text,Mistral
11027,-33,-85,0,0,1,,,text,Mistral
11028,-33,-83,0,0,1,,,text,Mistral
11029,-33,-81,0,0,1,,,text,Mistral
11030,-33,-79,0,0,1,,,text,Mistral
11031,-33,-77,0,0,1,,,text,Mistral
11032,-33,-75,0,0,1,,,text,Mistral
11033,-33,-73,0,0,1,,,text,Mistral
11034,-33,-71,1,1,1,,,text,Mistral
11035,-33,-69,1,1,1,,,text,Mistral
11036,-33,-67,1,1,1,,,text,Mistral
11037,-33,-65,1,1,1,,,text,Mistral
11038,-33,-63,1,1,1,,,text,Mistral
11039,-33,-61,1,1,1,,,text,Mistral
11040,-33,-59,1,1,1,,,text,Mistral
11041,-33,-57,1,1,1,,,text,Mistral
11042,-33,-55,1,1,1,,,text,Mistral
11043,-33,-53,1,1,1,,,text,Mistral
11044,-33,-51,0,0,1,,,text,Mistral
11045,-33,-49,0,0,1,,,text,Mistral
11046,-33,-47,0,0,1,,,text,Mistral
11047,-33,-45,0,0,1,,,text,Mistral
11048,-33,-43,0,0,1,,,text,Mistral
11049,-33,-41,0,0,1,,,text,Mistral
11050,-33,-39,0,0,1,,,text,Mistral
11051,-33,-37,0,0,1,,,text,Mistral
11052,-33,-35,0,0,1,,,text,Mistral
11053,-33,-33,0,0,1,,,text,Mistral
11054,-33,-31,0,0,1,,,text,Mistral
11055,-33,-29,0,0,1,,,text,Mistral
11056,-33,-27,0,0,1,,,text,Mistral
11057,-33,-25,0,0,1,,,text,Mistral
11058,-33,-23,0,0,1,,,text,Mistral
11059,-33,-21,0,0,1,,,text,Mistral
11060,-33,-19,0,0,1,,,text,Mistral
11061,-33,-17,0,0,1,,,text,Mistral
11062,-33,-15,0,0,1,,,text,Mistral
11063,-33,-13,0,0,1,,,text,Mistral
11064,-33,-11,0,0,1,,,text,Mistral
11065,-33,-9,0,0,1,,,text,Mistral
11066,-33,-7,0,0,1,,,text,Mistral
11067,-33,-5,0,0,1,,,text,Mistral
11068,-33,-3,0,0,1,,,text,Mistral
11069,-33,-1,0,0,1,,,text,Mistral
11070,-33,1,0,0,1,,,text,Mistral
11071,-33,3,0,0,1,,,text,Mistral
11072,-33,5,0,0,1,,,text,Mistral
11073,-33,7,0,0,1,,,text,Mistral
11074,-33,9,0,0,1,,,text,Mistral
11075,-33,11,0,0,1,,,text,Mistral
11076,-33,13,0,0,1,,,text,Mistral
11077,-33,15,0,0,1,,,text,Mistral
11078,-33,17,0,0,1,,,text,Mistral
11079,-33,19,1,1,1,,,text,Mistral
11080,-33,21,1,1,1,,,text,Mistral
11081,-33,23,1,1,1,,,text,Mistral
11082,-33,25,1,1,1,,,text,Mistral
11083,-33,27,1,1,1,,,text,Mistral
11084,-33,29,0,0,1,,,text,Mistral
11085,-33,31,0,0,1,,,text,Mistral
11086,-33,33,0,0,1,,,text,Mistral
11087,-33,35,0,0,1,,,text,Mistral
11088,-33,37,0,0,1,,,text,Mistral
11089,-33,39,0,0,1,,,text,Mistral
11090,-33,41,0,0,1,,,text,Mistral
11091,-33,43,0,0,1,,,text,Mistral
11092,-33,45,0,0,1,,,text,Mistral
11093,-33,47,0,0,1,,,text,Mistral
11094,-33,49,0,0,1,,,text,Mistral
11095,-33,51,0,0,1,,,text,Mistral
11096,-33,53,0,0,1,,,text,Mistral
11097,-33,55,0,0,1,,,text,Mistral
11098,-33,57,0,0,1,,,text,Mistral
11099,-33,59,0,0,1,,,text,Mistral
11100,-33,61,0,0,1,,,text,Mistral
11101,-33,63,0,0,1,,,text,Mistral
11102,-33,65,0,0,1,,,text,Mistral
11103,-33,67,0,0,1,,,text,Mistral
11104,-33,69,0,0,1,,,text,Mistral
11105,-33,71,0,0,1,,,text,Mistral
11106,-33,73,0,0,1,,,text,Mistral
11107,-33,75,0,0,1,,,text,Mistral
11108,-33,77,0,0,1,,,text,Mistral
11109,-33,79,0,0,1,,,text,Mistral
11110,-33,81,0,0,1,,,text,Mistral
11111,-33,83,0,0,1,,,text,Mistral
11112,-33,85,0,0,1,,,text,Mistral
11113,-33,87,0,0,1,,,text,Mistral
11114,-33,89,0,0,1,,,text,Mistral
11115,-33,91,0,0,1,,,text,Mistral
11116,-33,93,0,0,1,,,text,Mistral
11117,-33,95,0,0,1,,,text,Mistral
11118,-33,97,0,0,1,,,text,Mistral
11119,-33,99,0,0,1,,,text,Mistral
11120,-33,101,0,0,1,,,text,Mistral
11121,-33,103,0,0,1,,,text,Mistral
11122,-33,105,0,0,1,,,text,Mistral
11123,-33,107,0,0,1,,,text,Mistral
11124,-33,109,0,0,1,,,text,Mistral
11125,-33,111,0,0,1,,,text,Mistral
11126,-33,113,0,0,1,,,text,Mistral
11127,-33,115,0,0,1,,,text,Mistral
11128,-33,117,1,1,1,,,text,Mistral
11129,-33,119,1,1,1,,,text,Mistral
11130,-33,121,1,1,1,,,text,Mistral
11131,-33,123,1,1,1,,,text,Mistral
11132,-33,125,0,0,1,,,text,Mistral
11133,-33,127,0,0,1,,,text,Mistral
11134,-33,129,0,0,1,,,text,Mistral
11135,-33,131,0,0,1,,,text,Mistral
11136,-33,133,0,0,1,,,text,Mistral
11137,-33,135,1,1,1,,,text,Mistral
11138,-33,137,1,1,1,,,text,Mistral
11139,-33,139,1,1,1,,,text,Mistral
11140,-33,141,1,1,1,,,text,Mistral
11141,-33,143,1,1,1,,,text,Mistral
11142,-33,145,1,1,1,,,text,Mistral
11143,-33,147,1,1,1,,,text,Mistral
11144,-33,149,1,1,1,,,text,Mistral
11145,-33,151,1,1,1,,,text,Mistral
11146,-33,153,0,0,1,,,text,Mistral
11147,-33,155,0,0,1,,,text,Mistral
11148,-33,157,0,0,1,,,text,Mistral
11149,-33,159,0,0,1,,,text,Mistral
11150,-33,161,0,0,1,,,text,Mistral
11151,-33,163,0,0,1,,,text,Mistral
11152,-33,165,0,0,1,,,text,Mistral
11153,-33,167,0,0,1,,,text,Mistral
11154,-33,169,0,0,1,,,text,Mistral
11155,-33,171,0,0,1,,,text,Mistral
11156,-33,173,0,0,1,,,text,Mistral
11157,-33,175,0,0,1,,,text,Mistral
11158,-33,177,0,0,1,,,text,Mistral
11159,-33,179,0,0,1,,,text,Mistral
11160,-35,-179,0,0,1,,,text,Mistral
11161,-35,-177,0,0,1,,,text,Mistral
11162,-35,-175,0,0,1,,,text,Mistral
11163,-35,-173,0,0,1,,,text,Mistral
11164,-35,-171,0,0,1,,,text,Mistral
11165,-35,-169,0,0,1,,,text,Mistral
11166,-35,-167,0,0,1,,,text,Mistral
11167,-35,-165,0,0,1,,,text,Mistral
11168,-35,-163,0,0,1,,,text,Mistral
11169,-35,-161,0,0,1,,,text,Mistral
11170,-35,-159,0,0,1,,,text,Mistral
11171,-35,-157,0,0,1,,,text,Mistral
11172,-35,-155,0,0,1,,,text,Mistral
11173,-35,-153,0,0,1,,,text,Mistral
11174,-35,-151,0,0,1,,,text,Mistral
11175,-35,-149,0,0,1,,,text,Mistral
11176,-35,-147,0,0,1,,,text,Mistral
11177,-35,-145,0,0,1,,,text,Mistral
11178,-35,-143,0,0,1,,,text,Mistral
11179,-35,-141,0,0,1,,,text,Mistral
11180,-35,-139,0,0,1,,,text,Mistral
11181,-35,-137,0,0,1,,,text,Mistral
11182,-35,-135,0,0,1,,,text,Mistral
11183,-35,-133,0,0,1,,,text,Mistral
11184,-35,-131,0,0,1,,,text,Mistral
11185,-35,-129,0,0,1,,,text,Mistral
11186,-35,-127,0,0,1,,,text,Mistral
11187,-35,-125,0,0,1,,,text,Mistral
11188,-35,-123,0,0,1,,,text,Mistral
11189,-35,-121,0,0,1,,,text,Mistral
11190,-35,-119,0,0,1,,,text,Mistral
11191,-35,-117,0,0,1,,,text,Mistral
11192,-35,-115,0,0,1,,,text,Mistral
11193,-35,-113,0,0,1,,,text,Mistral
11194,-35,-111,0,0,1,,,text,Mistral
11195,-35,-109,0,0,1,,,text,Mistral
11196,-35,-107,0,0,1,,,text,Mistral
11197,-35,-105,0,0,1,,,text,Mistral
11198,-35,-103,0,0,1,,,text,Mistral
11199,-35,-101,0,0,1,,,text,Mistral
11200,-35,-99,0,0,1,,,text,Mistral
11201,-35,-97,0,0,1,,,text,Mistral
11202,-35,-95,0,0,1,,,text,Mistral
11203,-35,-93,0,0,1,,,text,Mistral
11204,-35,-91,0,0,1,,,text,Mistral
11205,-35,-89,0,0,1,,,text,Mistral
11206,-35,-87,0,0,1,,,text,Mistral
11207,-35,-85,0,0,1,,,text,Mistral
11208,-35,-83,0,0,1,,,text,Mistral
11209,-35,-81,0,0,1,,,text,Mistral
11210,-35,-79,0,0,1,,,text,Mistral
11211,-35,-77,0,0,1,,,text,Mistral
11212,-35,-75,0,0,1,,,text,Mistral
11213,-35,-73,0,0,1,,,text,Mistral
11214,-35,-71,1,1,1,,,text,Mistral
11215,-35,-69,1,1,1,,,text,Mistral
11216,-35,-67,1,1,1,,,text,Mistral
11217,-35,-65,1,1,1,,,text,Mistral
11218,-35,-63,1,1,1,,,text,Mistral
11219,-35,-61,1,1,1,,,text,Mistral
11220,-35,-59,1,1,1,,,text,Mistral
11221,-35,-57,0,0,1,,,text,Mistral
11222,-35,-55,0,0,1,,,text,Mistral
11223,-35,-53,0,0,1,,,text,Mistral
11224,-35,-51,0,0,1,,,text,Mistral
11225,-35,-49,0,0,1,,,text,Mistral
11226,-35,-47,0,0,1,,,text,Mistral
11227,-35,-45,0,0,1,,,text,Mistral
11228,-35,-43,0,0,1,,,text,Mistral
11229,-35,-41,0,0,1,,,text,Mistral
11230,-35,-39,0,0,1,,,text,Mistral
11231,-35,-37,0,0,1,,,text,Mistral
11232,-35,-35,0,0,1,,,text,Mistral
11233,-35,-33,0,0,1,,,text,Mistral
11234,-35,-31,0,0,1,,,text,Mistral
11235,-35,-29,0,0,1,,,text,Mistral
11236,-35,-27,0,0,1,,,text,Mistral
11237,-35,-25,0,0,1,,,text,Mistral
11238,-35,-23,0,0,1,,,text,Mistral
11239,-35,-21,0,0,1,,,text,Mistral
11240,-35,-19,0,0,1,,,text,Mistral
11241,-35,-17,0,0,1,,,text,Mistral
11242,-35,-15,0,0,1,,,text,Mistral
11243,-35,-13,0,0,1,,,text,Mistral
11244,-35,-11,0,0,1,,,text,Mistral
11245,-35,-9,0,0,1,,,text,Mistral
11246,-35,-7,0,0,1,,,text,Mistral
11247,-35,-5,0,0,1,,,text,Mistral
11248,-35,-3,0,0,1,,,text,Mistral
11249,-35,-1,0,0,1,,,text,Mistral
11250,-35,1,0,0,1,,,text,Mistral
11251,-35,3,0,0,1,,,text,Mistral
11252,-35,5,0,0,1,,,text,Mistral
11253,-35,7,0,0,1,,,text,Mistral
11254,-35,9,0,0,1,,,text,Mistral
11255,-35,11,0,0,1,,,text,Mistral
11256,-35,13,0,0,1,,,text,Mistral
11257,-35,15,0,0,1,,,text,Mistral
11258,-35,17,0,0,1,,,text,Mistral
11259,-35,19,0,0,1,,,text,Mistral
11260,-35,21,0,0,1,,,text,Mistral
11261,-35,23,0,0,1,,,text,Mistral
11262,-35,25,0,0,1,,,text,Mistral
11263,-35,27,0,0,1,,,text,Mistral
11264,-35,29,0,0,1,,,text,Mistral
11265,-35,31,0,0,1,,,text,Mistral
11266,-35,33,0,0,1,,,text,Mistral
11267,-35,35,0,0,1,,,text,Mistral
11268,-35,37,0,0,1,,,text,Mistral
11269,-35,39,0,0,1,,,text,Mistral
11270,-35,41,0,0,1,,,text,Mistral
11271,-35,43,0,0,1,,,text,Mistral
11272,-35,45,0,0,1,,,text,Mistral
11273,-35,47,0,0,1,,,text,Mistral
11274,-35,49,0,0,1,,,text,Mistral
11275,-35,51,0,0,1,,,text,Mistral
11276,-35,53,0,0,1,,,text,Mistral
11277,-35,55,0,0,1,,,text,Mistral
11278,-35,57,0,0,1,,,text,Mistral
11279,-35,59,0,0,1,,,text,Mistral
11280,-35,61,0,0,1,,,text,Mistral
11281,-35,63,0,0,1,,,text,Mistral
11282,-35,65,0,0,1,,,text,Mistral
11283,-35,67,0,0,1,,,text,Mistral
11284,-35,69,0,0,1,,,text,Mistral
11285,-35,71,0,0,1,,,text,Mistral
11286,-35,73,0,0,1,,,text,Mistral
11287,-35,75,0,0,1,,,text,Mistral
11288,-35,77,0,0,1,,,text,Mistral
11289,-35,79,0,0,1,,,text,Mistral
11290,-35,81,0,0,1,,,text,Mistral
11291,-35,83,0,0,1,,,text,Mistral
11292,-35,85,0,0,1,,,text,Mistral
11293,-35,87,0,0,1,,,text,Mistral
11294,-35,89,0,0,1,,,text,Mistral
11295,-35,91,0,0,1,,,text,Mistral
11296,-35,93,0,0,1,,,text,Mistral
11297,-35,95,0,0,1,,,text,Mistral
11298,-35,97,0,0,1,,,text,Mistral
11299,-35,99,0,0,1,,,text,Mistral
11300,-35,101,0,0,1,,,text,Mistral
11301,-35,103,0,0,1,,,text,Mistral
11302,-35,105,0,0,1,,,text,Mistral
11303,-35,107,0,0,1,,,text,Mistral
11304,-35,109,0,0,1,,,text,Mistral
11305,-35,111,0,0,1,,,text,Mistral
11306,-35,113,0,0,1,,,text,Mistral
11307,-35,115,0,0,1,,,text,Mistral
11308,-35,117,1,1,1,,,text,Mistral
11309,-35,119,0,0,1,,,text,Mistral
11310,-35,121,0,0,1,,,text,Mistral
11311,-35,123,0,0,1,,,text,Mistral
11312,-35,125,0,0,1,,,text,Mistral
11313,-35,127,0,0,1,,,text,Mistral
11314,-35,129,0,0,1,,,text,Mistral
11315,-35,131,0,0,1,,,text,Mistral
11316,-35,133,0,0,1,,,text,Mistral
11317,-35,135,0,0,1,,,text,Mistral
11318,-35,137,1,1,1,,,text,Mistral
11319,-35,139,1,1,1,,,text,Mistral
11320,-35,141,1,1,1,,,text,Mistral
11321,-35,143,1,1,1,,,text,Mistral
11322,-35,145,1,1,1,,,text,Mistral
11323,-35,147,1,1,1,,,text,Mistral
11324,-35,149,1,1,1,,,text,Mistral
11325,-35,151,0,0,1,,,text,Mistral
11326,-35,153,0,0,1,,,text,Mistral
11327,-35,155,0,0,1,,,text,Mistral
11328,-35,157,0,0,1,,,text,Mistral
11329,-35,159,0,0,1,,,text,Mistral
11330,-35,161,0,0,1,,,text,Mistral
11331,-35,163,0,0,1,,,text,Mistral
11332,-35,165,0,0,1,,,text,Mistral
11333,-35,167,0,0,1,,,text,Mistral
11334,-35,169,0,0,1,,,text,Mistral
11335,-35,171,0,0,1,,,text,Mistral
11336,-35,173,0,0,1,,,text,Mistral
11337,-35,175,0,0,1,,,text,Mistral
11338,-35,177,0,0,1,,,text,Mistral
11339,-35,179,0,0,1,,,text,Mistral
11340,-37,-179,0,0,1,,,text,Mistral
11341,-37,-177,0,0,1,,,text,Mistral
11342,-37,-175,0,0,1,,,text,Mistral
11343,-37,-173,0,0,1,,,text,Mistral
11344,-37,-171,0,0,1,,,text,Mistral
11345,-37,-169,0,0,1,,,text,Mistral
11346,-37,-167,0,0,1,,,text,Mistral
11347,-37,-165,0,0,1,,,text,Mistral
11348,-37,-163,0,0,1,,,text,Mistral
11349,-37,-161,0,0,1,,,text,Mistral
11350,-37,-159,0,0,1,,,text,Mistral
11351,-37,-157,0,0,1,,,text,Mistral
11352,-37,-155,0,0,1,,,text,Mistral
11353,-37,-153,0,0,1,,,text,Mistral
11354,-37,-151,0,0,1,,,text,Mistral
11355,-37,-149,0,0,1,,,text,Mistral
11356,-37,-147,0,0,1,,,text,Mistral
11357,-37,-145,0,0,1,,,text,Mistral
11358,-37,-143,0,0,1,,,text,Mistral
11359,-37,-141,0,0,1,,,text,Mistral
11360,-37,-139,0,0,1,,,text,Mistral
11361,-37,-137,0,0,1,,,text,Mistral
11362,-37,-135,0,0,1,,,text,Mistral
11363,-37,-133,0,0,1,,,text,Mistral
11364,-37,-131,0,0,1,,,text,Mistral
11365,-37,-129,0,0,1,,,text,Mistral
11366,-37,-127,0,0,1,,,text,Mistral
11367,-37,-125,0,0,1,,,text,Mistral
11368,-37,-123,0,0,1,,,text,Mistral
11369,-37,-121,0,0,1,,,text,Mistral
11370,-37,-119,0,0,1,,,text,Mistral
11371,-37,-117,0,0,1,,,text,Mistral
11372,-37,-115,0,0,1,,,text,Mistral
11373,-37,-113,0,0,1,,,text,Mistral
11374,-37,-111,0,0,1,,,text,Mistral
11375,-37,-109,0,0,1,,,text,Mistral
11376,-37,-107,0,0,1,,,text,Mistral
11377,-37,-105,0,0,1,,,text,Mistral
11378,-37,-103,0,0,1,,,text,Mistral
11379,-37,-101,0,0,1,,,text,Mistral
11380,-37,-99,0,0,1,,,text,Mistral
11381,-37,-97,0,0,1,,,text,Mistral
11382,-37,-95,0,0,1,,,text,Mistral
11383,-37,-93,0,0,1,,,text,Mistral
11384,-37,-91,0,0,1,,,text,Mistral
11385,-37,-89,0,0,1,,,text,Mistral
11386,-37,-87,0,0,1,,,text,Mistral
11387,-37,-85,0,0,1,,,text,Mistral
11388,-37,-83,0,0,1,,,text,Mistral
11389,-37,-81,0,0,1,,,text,Mistral
11390,-37,-79,0,0,1,,,text,Mistral
11391,-37,-77,0,0,1,,,text,Mistral
11392,-37,-75,0,0,1,,,text,Mistral
11393,-37,-73,1,1,1,,,text,Mistral
11394,-37,-71,1,1,1,,,text,Mistral
11395,-37,-69,1,1,1,,,text,Mistral
11396,-37,-67,1,1,1,,,text,Mistral
11397,-37,-65,1,1,1,,,text,Mistral
11398,-37,-63,1,1,1,,,text,Mistral
11399,-37,-61,1,1,1,,,text,Mistral
11400,-37,-59,1,1,1,,,text,Mistral
11401,-37,-57,1,1,1,,,text,Mistral
11402,-37,-55,0,0,1,,,text,Mistral
11403,-37,-53,0,0,1,,,text,Mistral
11404,-37,-51,0,0,1,,,text,Mistral
11405,-37,-49,0,0,1,,,text,Mistral
11406,-37,-47,0,0,1,,,text,Mistral
11407,-37,-45,0,0,1,,,text,Mistral
11408,-37,-43,0,0,1,,,text,Mistral
11409,-37,-41,0,0,1,,,text,Mistral
11410,-37,-39,0,0,1,,,text,Mistral
11411,-37,-37,0,0,1,,,text,Mistral
11412,-37,-35,0,0,1,,,text,Mistral
11413,-37,-33,0,0,1,,,text,Mistral
11414,-37,-31,0,0,1,,,text,Mistral
11415,-37,-29,0,0,1,,,text,Mistral
11416,-37,-27,0,0,1,,,text,Mistral
11417,-37,-25,0,0,1,,,text,Mistral
11418,-37,-23,0,0,1,,,text,Mistral
11419,-37,-21,0,0,1,,,text,Mistral
11420,-37,-19,0,0,1,,,text,Mistral
11421,-37,-17,0,0,1,,,text,Mistral
11422,-37,-15,0,0,1,,,text,Mistral
11423,-37,-13,0,0,1,,,text,Mistral
11424,-37,-11,0,0,1,,,text,Mistral
11425,-37,-9,0,0,1,,,text,Mistral
11426,-37,-7,0,0,1,,,text,Mistral
11427,-37,-5,0,0,1,,,text,Mistral
11428,-37,-3,0,0,1,,,text,Mistral
11429,-37,-1,0,0,1,,,text,Mistral
11430,-37,1,0,0,1,,,text,Mistral
11431,-37,3,0,0,1,,,text,Mistral
11432,-37,5,0,0,1,,,text,Mistral
11433,-37,7,0,0,1,,,text,Mistral
11434,-37,9,0,0,1,,,text,Mistral
11435,-37,11,0,0,1,,,text,Mistral
11436,-37,13,0,0,1,,,text,Mistral
11437,-37,15,0,0,1,,,text,Mistral
11438,-37,17,0,0,1,,,text,Mistral
11439,-37,19,0,0,1,,,text,Mistral
11440,-37,21,0,0,1,,,text,Mistral
11441,-37,23,0,0,1,,,text,Mistral
11442,-37,25,0,0,1,,,text,Mistral
11443,-37,27,0,0,1,,,text,Mistral
11444,-37,29,0,0,1,,,text,Mistral
11445,-37,31,0,0,1,,,text,Mistral
11446,-37,33,0,0,1,,,text,Mistral
11447,-37,35,0,0,1,,,text,Mistral
11448,-37,37,0,0,1,,,text,Mistral
11449,-37,39,0,0,1,,,text,Mistral
11450,-37,41,0,0,1,,,text,Mistral
11451,-37,43,0,0,1,,,text,Mistral
11452,-37,45,0,0,1,,,text,Mistral
11453,-37,47,0,0,1,,,text,Mistral
11454,-37,49,0,0,1,,,text,Mistral
11455,-37,51,0,0,1,,,text,Mistral
11456,-37,53,0,0,1,,,text,Mistral
11457,-37,55,0,0,1,,,text,Mistral
11458,-37,57,0,0,1,,,text,Mistral
11459,-37,59,0,0,1,,,text,Mistral
11460,-37,61,0,0,1,,,text,Mistral
11461,-37,63,0,0,1,,,text,Mistral
11462,-37,65,0,0,1,,,text,Mistral
11463,-37,67,0,0,1,,,text,Mistral
11464,-37,69,0,0,1,,,text,Mistral
11465,-37,71,0,0,1,,,text,Mistral
11466,-37,73,0,0,1,,,text,Mistral
11467,-37,75,0,0,1,,,text,Mistral
11468,-37,77,0,0,1,,,text,Mistral
11469,-37,79,0,0,1,,,text,Mistral
11470,-37,81,0,0,1,,,text,Mistral
11471,-37,83,0,0,1,,,text,Mistral
11472,-37,85,0,0,1,,,text,Mistral
11473,-37,87,0,0,1,,,text,Mistral
11474,-37,89,0,0,1,,,text,Mistral
11475,-37,91,0,0,1,,,text,Mistral
11476,-37,93,0,0,1,,,text,Mistral
11477,-37,95,0,0,1,,,text,Mistral
11478,-37,97,0,0,1,,,text,Mistral
11479,-37,99,0,0,1,,,text,Mistral
11480,-37,101,0,0,1,,,text,Mistral
11481,-37,103,0,0,1,,,text,Mistral
11482,-37,105,0,0,1,,,text,Mistral
11483,-37,107,0,0,1,,,text,Mistral
11484,-37,109,0,0,1,,,text,Mistral
11485,-37,111,0,0,1,,,text,Mistral
11486,-37,113,0,0,1,,,text,Mistral
11487,-37,115,0,0,1,,,text,Mistral
11488,-37,117,0,0,1,,,text,Mistral
11489,-37,119,0,0,1,,,text,Mistral
11490,-37,121,0,0,1,,,text,Mistral
11491,-37,123,0,0,1,,,text,Mistral
11492,-37,125,0,0,1,,,text,Mistral
11493,-37,127,0,0,1,,,text,Mistral
11494,-37,129,0,0,1,,,text,Mistral
11495,-37,131,0,0,1,,,text,Mistral
11496,-37,133,0,0,1,,,text,Mistral
11497,-37,135,0,0,1,,,text,Mistral
11498,-37,137,0,0,1,,,text,Mistral
11499,-37,139,0,0,1,,,text,Mistral
11500,-37,141,1,1,1,,,text,Mistral
11501,-37,143,1,1,1,,,text,Mistral
11502,-37,145,1,1,1,,,text,Mistral
11503,-37,147,1,1,1,,,text,Mistral
11504,-37,149,1,1,1,,,text,Mistral
11505,-37,151,0,0,1,,,text,Mistral
11506,-37,153,0,0,1,,,text,Mistral
11507,-37,155,0,0,1,,,text,Mistral
11508,-37,157,0,0,1,,,text,Mistral
11509,-37,159,0,0,1,,,text,Mistral
11510,-37,161,0,0,1,,,text,Mistral
11511,-37,163,0,0,1,,,text,Mistral
11512,-37,165,0,0,1,,,text,Mistral
11513,-37,167,0,0,1,,,text,Mistral
11514,-37,169,0,0,1,,,text,Mistral
11515,-37,171,0,0,1,,,text,Mistral
11516,-37,173,0,0,1,,,text,Mistral
11517,-37,175,1,1,1,,,text,Mistral
11518,-37,177,0,0,1,,,text,Mistral
11519,-37,179,0,0,1,,,text,Mistral
11520,-39,-179,0,0,1,,,text,Mistral
11521,-39,-177,0,0,1,,,text,Mistral
11522,-39,-175,0,0,1,,,text,Mistral
11523,-39,-173,0,0,1,,,text,Mistral
11524,-39,-171,0,0,1,,,text,Mistral
11525,-39,-169,0,0,1,,,text,Mistral
11526,-39,-167,0,0,1,,,text,Mistral
11527,-39,-165,0,0,1,,,text,Mistral
11528,-39,-163,0,0,1,,,text,Mistral
11529,-39,-161,0,0,1,,,text,Mistral
11530,-39,-159,0,0,1,,,text,Mistral
11531,-39,-157,0,0,1,,,text,Mistral
11532,-39,-155,0,0,1,,,text,Mistral
11533,-39,-153,0,0,1,,,text,Mistral
11534,-39,-151,0,0,1,,,text,Mistral
11535,-39,-149,0,0,1,,,text,Mistral
11536,-39,-147,0,0,1,,,text,Mistral
11537,-39,-145,0,0,1,,,text,Mistral
11538,-39,-143,0,0,1,,,text,Mistral
11539,-39,-141,0,0,1,,,text,Mistral
11540,-39,-139,0,0,1,,,text,Mistral
11541,-39,-137,0,0,1,,,text,Mistral
11542,-39,-135,0,0,1,,,text,Mistral
11543,-39,-133,0,0,1,,,text,Mistral
11544,-39,-131,0,0,1,,,text,Mistral
11545,-39,-129,0,0,1,,,text,Mistral
11546,-39,-127,0,0,1,,,text,Mistral
11547,-39,-125,0,0,1,,,text,Mistral
11548,-39,-123,0,0,1,,,text,Mistral
11549,-39,-121,0,0,1,,,text,Mistral
11550,-39,-119,0,0,1,,,text,Mistral
11551,-39,-117,0,0,1,,,text,Mistral
11552,-39,-115,0,0,1,,,text,Mistral
11553,-39,-113,0,0,1,,,text,Mistral
11554,-39,-111,0,0,1,,,text,Mistral
11555,-39,-109,0,0,1,,,text,Mistral
11556,-39,-107,0,0,1,,,text,Mistral
11557,-39,-105,0,0,1,,,text,Mistral
11558,-39,-103,0,0,1,,,text,Mistral
11559,-39,-101,0,0,1,,,text,Mistral
11560,-39,-99,0,0,1,,,text,Mistral
11561,-39,-97,0,0,1,,,text,Mistral
11562,-39,-95,0,0,1,,,text,Mistral
11563,-39,-93,0,0,1,,,text,Mistral
11564,-39,-91,0,0,1,,,text,Mistral
11565,-39,-89,0,0,1,,,text,Mistral
11566,-39,-87,0,0,1,,,text,Mistral
11567,-39,-85,0,0,1,,,text,Mistral
11568,-39,-83,0,0,1,,,text,Mistral
11569,-39,-81,0,0,1,,,text,Mistral
11570,-39,-79,0,0,1,,,text,Mistral
11571,-39,-77,0,0,1,,,text,Mistral
11572,-39,-75,0,0,1,,,text,Mistral
11573,-39,-73,1,1,1,,,text,Mistral
11574,-39,-71,1,1,1,,,text,Mistral
11575,-39,-69,1,1,1,,,text,Mistral
11576,-39,-67,1,1,1,,,text,Mistral
11577,-39,-65,1,1,1,,,text,Mistral
11578,-39,-63,1,1,1,,,text,Mistral
11579,-39,-61,0,0,1,,,text,Mistral
11580,-39,-59,0,0,1,,,text,Mistral
11581,-39,-57,0,0,1,,,text,Mistral
11582,-39,-55,0,0,1,,,text,Mistral
11583,-39,-53,0,0,1,,,text,Mistral
11584,-39,-51,0,0,1,,,text,Mistral
11585,-39,-49,0,0,1,,,text,Mistral
11586,-39,-47,0,0,1,,,text,Mistral
11587,-39,-45,0,0,1,,,text,Mistral
11588,-39,-43,0,0,1,,,text,Mistral
11589,-39,-41,0,0,1,,,text,Mistral
11590,-39,-39,0,0,1,,,text,Mistral
11591,-39,-37,0,0,1,,,text,Mistral
11592,-39,-35,0,0,1,,,text,Mistral
11593,-39,-33,0,0,1,,,text,Mistral
11594,-39,-31,0,0,1,,,text,Mistral
11595,-39,-29,0,0,1,,,text,Mistral
11596,-39,-27,0,0,1,,,text,Mistral
11597,-39,-25,0,0,1,,,text,Mistral
11598,-39,-23,0,0,1,,,text,Mistral
11599,-39,-21,0,0,1,,,text,Mistral
11600,-39,-19,0,0,1,,,text,Mistral
11601,-39,-17,0,0,1,,,text,Mistral
11602,-39,-15,0,0,1,,,text,Mistral
11603,-39,-13,0,0,1,,,text,Mistral
11604,-39,-11,0,0,1,,,text,Mistral
11605,-39,-9,0,0,1,,,text,Mistral
11606,-39,-7,0,0,1,,,text,Mistral
11607,-39,-5,0,0,1,,,text,Mistral
11608,-39,-3,0,0,1,,,text,Mistral
11609,-39,-1,0,0,1,,,text,Mistral
11610,-39,1,0,0,1,,,text,Mistral
11611,-39,3,0,0,1,,,text,Mistral
11612,-39,5,0,0,1,,,text,Mistral
11613,-39,7,0,0,1,,,text,Mistral
11614,-39,9,0,0,1,,,text,Mistral
11615,-39,11,0,0,1,,,text,Mistral
11616,-39,13,0,0,1,,,text,Mistral
11617,-39,15,0,0,1,,,text,Mistral
11618,-39,17,0,0,1,,,text,Mistral
11619,-39,19,0,0,1,,,text,Mistral
11620,-39,21,0,0,1,,,text,Mistral
11621,-39,23,0,0,1,,,text,Mistral
11622,-39,25,0,0,1,,,text,Mistral
11623,-39,27,0,0,1,,,text,Mistral
11624,-39,29,0,0,1,,,text,Mistral
11625,-39,31,0,0,1,,,text,Mistral
11626,-39,33,0,0,1,,,text,Mistral
11627,-39,35,0,0,1,,,text,Mistral
11628,-39,37,0,0,1,,,text,Mistral
11629,-39,39,0,0,1,,,text,Mistral
11630,-39,41,0,0,1,,,text,Mistral
11631,-39,43,0,0,1,,,text,Mistral
11632,-39,45,0,0,1,,,text,Mistral
11633,-39,47,0,0,1,,,text,Mistral
11634,-39,49,0,0,1,,,text,Mistral
11635,-39,51,0,0,1,,,text,Mistral
11636,-39,53,0,0,1,,,text,Mistral
11637,-39,55,0,0,1,,,text,Mistral
11638,-39,57,0,0,1,,,text,Mistral
11639,-39,59,0,0,1,,,text,Mistral
11640,-39,61,0,0,1,,,text,Mistral
11641,-39,63,0,0,1,,,text,Mistral
11642,-39,65,0,0,1,,,text,Mistral
11643,-39,67,0,0,1,,,text,Mistral
11644,-39,69,0,0,1,,,text,Mistral
11645,-39,71,0,0,1,,,text,Mistral
11646,-39,73,0,0,1,,,text,Mistral
11647,-39,75,0,0,1,,,text,Mistral
11648,-39,77,0,0,1,,,text,Mistral
11649,-39,79,0,0,1,,,text,Mistral
11650,-39,81,0,0,1,,,text,Mistral
11651,-39,83,0,0,1,,,text,Mistral
11652,-39,85,0,0,1,,,text,Mistral
11653,-39,87,0,0,1,,,text,Mistral
11654,-39,89,0,0,1,,,text,Mistral
11655,-39,91,0,0,1,,,text,Mistral
11656,-39,93,0,0,1,,,text,Mistral
11657,-39,95,0,0,1,,,text,Mistral
11658,-39,97,0,0,1,,,text,Mistral
11659,-39,99,0,0,1,,,text,Mistral
11660,-39,101,0,0,1,,,text,Mistral
11661,-39,103,0,0,1,,,text,Mistral
11662,-39,105,0,0,1,,,text,Mistral
11663,-39,107,0,0,1,,,text,Mistral
11664,-39,109,0,0,1,,,text,Mistral
11665,-39,111,0,0,1,,,text,Mistral
11666,-39,113,0,0,1,,,text,Mistral
11667,-39,115,0,0,1,,,text,Mistral
11668,-39,117,0,0,1,,,text,Mistral
11669,-39,119,0,0,1,,,text,Mistral
11670,-39,121,0,0,1,,,text,Mistral
11671,-39,123,0,0,1,,,text,Mistral
11672,-39,125,0,0,1,,,text,Mistral
11673,-39,127,0,0,1,,,text,Mistral
11674,-39,129,0,0,1,,,text,Mistral
11675,-39,131,0,0,1,,,text,Mistral
11676,-39,133,0,0,1,,,text,Mistral
11677,-39,135,0,0,1,,,text,Mistral
11678,-39,137,0,0,1,,,text,Mistral
11679,-39,139,0,0,1,,,text,Mistral
11680,-39,141,0,0,1,,,text,Mistral
11681,-39,143,0,0,1,,,text,Mistral
11682,-39,145,0,0,1,,,text,Mistral
11683,-39,147,0,0,1,,,text,Mistral
11684,-39,149,0,0,1,,,text,Mistral
11685,-39,151,0,0,1,,,text,Mistral
11686,-39,153,0,0,1,,,text,Mistral
11687,-39,155,0,0,1,,,text,Mistral
11688,-39,157,0,0,1,,,text,Mistral
11689,-39,159,0,0,1,,,text,Mistral
11690,-39,161,0,0,1,,,text,Mistral
11691,-39,163,0,0,1,,,text,Mistral
11692,-39,165,0,0,1,,,text,Mistral
11693,-39,167,0,0,1,,,text,Mistral
11694,-39,169,0,0,1,,,text,Mistral
11695,-39,171,0,0,1,,,text,Mistral
11696,-39,173,0,0,1,,,text,Mistral
11697,-39,175,1,1,1,,,text,Mistral
11698,-39,177,1,1,1,,,text,Mistral
11699,-39,179,0,0,1,,,text,Mistral
11700,-41,-179,0,0,1,,,text,Mistral
11701,-41,-177,0,0,1,,,text,Mistral
11702,-41,-175,0,0,1,,,text,Mistral
11703,-41,-173,0,0,1,,,text,Mistral
11704,-41,-171,0,0,1,,,text,Mistral
11705,-41,-169,0,0,1,,,text,Mistral
11706,-41,-167,0,0,1,,,text,Mistral
11707,-41,-165,0,0,1,,,text,Mistral
11708,-41,-163,0,0,1,,,text,Mistral
11709,-41,-161,0,0,1,,,text,Mistral
11710,-41,-159,0,0,1,,,text,Mistral
11711,-41,-157,0,0,1,,,text,Mistral
11712,-41,-155,0,0,1,,,text,Mistral
11713,-41,-153,0,0,1,,,text,Mistral
11714,-41,-151,0,0,1,,,text,Mistral
11715,-41,-149,0,0,1,,,text,Mistral
11716,-41,-147,0,0,1,,,text,Mistral
11717,-41,-145,0,0,1,,,text,Mistral
11718,-41,-143,0,0,1,,,text,Mistral
11719,-41,-141,0,0,1,,,text,Mistral
11720,-41,-139,0,0,1,,,text,Mistral
11721,-41,-137,0,0,1,,,text,Mistral
11722,-41,-135,0,0,1,,,text,Mistral
11723,-41,-133,0,0,1,,,text,Mistral
11724,-41,-131,0,0,1,,,text,Mistral
11725,-41,-129,0,0,1,,,text,Mistral
11726,-41,-127,0,0,1,,,text,Mistral
11727,-41,-125,0,0,1,,,text,Mistral
11728,-41,-123,0,0,1,,,text,Mistral
11729,-41,-121,0,0,1,,,text,Mistral
11730,-41,-119,0,0,1,,,text,Mistral
11731,-41,-117,0,0,1,,,text,Mistral
11732,-41,-115,0,0,1,,,text,Mistral
11733,-41,-113,0,0,1,,,text,Mistral
11734,-41,-111,0,0,1,,,text,Mistral
11735,-41,-109,0,0,1,,,text,Mistral
11736,-41,-107,0,0,1,,,text,Mistral
11737,-41,-105,0,0,1,,,text,Mistral
11738,-41,-103,0,0,1,,,text,Mistral
11739,-41,-101,0,0,1,,,text,Mistral
11740,-41,-99,0,0,1,,,text,Mistral
11741,-41,-97,0,0,1,,,text,Mistral
11742,-41,-95,0,0,1,,,text,Mistral
11743,-41,-93,0,0,1,,,text,Mistral
11744,-41,-91,0,0,1,,,text,Mistral
11745,-41,-89,0,0,1,,,text,Mistral
11746,-41,-87,0,0,1,,,text,Mistral
11747,-41,-85,0,0,1,,,text,Mistral
11748,-41,-83,0,0,1,,,text,Mistral
11749,-41,-81,0,0,1,,,text,Mistral
11750,-41,-79,0,0,1,,,text,Mistral
11751,-41,-77,0,0,1,,,text,Mistral
11752,-41,-75,0,0,1,,,text,Mistral
11753,-41,-73,1,1,1,,,text,Mistral
11754,-41,-71,1,1,1,,,text,Mistral
11755,-41,-69,1,1,1,,,text,Mistral
11756,-41,-67,1,1,1,,,text,Mistral
11757,-41,-65,0,0,1,,,text,Mistral
11758,-41,-63,1,1,1,,,text,Mistral
11759,-41,-61,0,0,1,,,text,Mistral
11760,-41,-59,0,0,1,,,text,Mistral
11761,-41,-57,0,0,1,,,text,Mistral
11762,-41,-55,0,0,1,,,text,Mistral
11763,-41,-53,0,0,1,,,text,Mistral
11764,-41,-51,0,0,1,,,text,Mistral
11765,-41,-49,0,0,1,,,text,Mistral
11766,-41,-47,0,0,1,,,text,Mistral
11767,-41,-45,0,0,1,,,text,Mistral
11768,-41,-43,0,0,1,,,text,Mistral
11769,-41,-41,0,0,1,,,text,Mistral
11770,-41,-39,0,0,1,,,text,Mistral
11771,-41,-37,0,0,1,,,text,Mistral
11772,-41,-35,0,0,1,,,text,Mistral
11773,-41,-33,0,0,1,,,text,Mistral
11774,-41,-31,0,0,1,,,text,Mistral
11775,-41,-29,0,0,1,,,text,Mistral
11776,-41,-27,0,0,1,,,text,Mistral
11777,-41,-25,0,0,1,,,text,Mistral
11778,-41,-23,0,0,1,,,text,Mistral
11779,-41,-21,0,0,1,,,text,Mistral
11780,-41,-19,0,0,1,,,text,Mistral
11781,-41,-17,0,0,1,,,text,Mistral
11782,-41,-15,0,0,1,,,text,Mistral
11783,-41,-13,0,0,1,,,text,Mistral
11784,-41,-11,0,0,1,,,text,Mistral
11785,-41,-9,0,0,1,,,text,Mistral
11786,-41,-7,0,0,1,,,text,Mistral
11787,-41,-5,0,0,1,,,text,Mistral
11788,-41,-3,0,0,1,,,text,Mistral
11789,-41,-1,0,0,1,,,text,Mistral
11790,-41,1,0,0,1,,,text,Mistral
11791,-41,3,0,0,1,,,text,Mistral
11792,-41,5,0,0,1,,,text,Mistral
11793,-41,7,0,0,1,,,text,Mistral
11794,-41,9,0,0,1,,,text,Mistral
11795,-41,11,0,0,1,,,text,Mistral
11796,-41,13,0,0,1,,,text,Mistral
11797,-41,15,0,0,1,,,text,Mistral
11798,-41,17,0,0,1,,,text,Mistral
11799,-41,19,0,0,1,,,text,Mistral
11800,-41,21,0,0,1,,,text,Mistral
11801,-41,23,0,0,1,,,text,Mistral
11802,-41,25,0,0,1,,,text,Mistral
11803,-41,27,0,0,1,,,text,Mistral
11804,-41,29,0,0,1,,,text,Mistral
11805,-41,31,0,0,1,,,text,Mistral
11806,-41,33,0,0,1,,,text,Mistral
11807,-41,35,0,0,1,,,text,Mistral
11808,-41,37,0,0,1,,,text,Mistral
11809,-41,39,0,0,1,,,text,Mistral
11810,-41,41,0,0,1,,,text,Mistral
11811,-41,43,0,0,1,,,text,Mistral
11812,-41,45,0,0,1,,,text,Mistral
11813,-41,47,0,0,1,,,text,Mistral
11814,-41,49,0,0,1,,,text,Mistral
11815,-41,51,0,0,1,,,text,Mistral
11816,-41,53,0,0,1,,,text,Mistral
11817,-41,55,0,0,1,,,text,Mistral
11818,-41,57,0,0,1,,,text,Mistral
11819,-41,59,0,0,1,,,text,Mistral
11820,-41,61,0,0,1,,,text,Mistral
11821,-41,63,0,0,1,,,text,Mistral
11822,-41,65,0,0,1,,,text,Mistral
11823,-41,67,0,0,1,,,text,Mistral
11824,-41,69,0,0,1,,,text,Mistral
11825,-41,71,0,0,1,,,text,Mistral
11826,-41,73,0,0,1,,,text,Mistral
11827,-41,75,0,0,1,,,text,Mistral
11828,-41,77,0,0,1,,,text,Mistral
11829,-41,79,0,0,1,,,text,Mistral
11830,-41,81,0,0,1,,,text,Mistral
11831,-41,83,0,0,1,,,text,Mistral
11832,-41,85,0,0,1,,,text,Mistral
11833,-41,87,0,0,1,,,text,Mistral
11834,-41,89,0,0,1,,,text,Mistral
11835,-41,91,0,0,1,,,text,Mistral
11836,-41,93,0,0,1,,,text,Mistral
11837,-41,95,0,0,1,,,text,Mistral
11838,-41,97,0,0,1,,,text,Mistral
11839,-41,99,0,0,1,,,text,Mistral
11840,-41,101,0,0,1,,,text,Mistral
11841,-41,103,0,0,1,,,text,Mistral
11842,-41,105,0,0,1,,,text,Mistral
11843,-41,107,0,0,1,,,text,Mistral
11844,-41,109,0,0,1,,,text,Mistral
11845,-41,111,0,0,1,,,text,Mistral
11846,-41,113,0,0,1,,,text,Mistral
11847,-41,115,0,0,1,,,text,Mistral
11848,-41,117,0,0,1,,,text,Mistral
11849,-41,119,0,0,1,,,text,Mistral
11850,-41,121,0,0,1,,,text,Mistral
11851,-41,123,0,0,1,,,text,Mistral
11852,-41,125,0,0,1,,,text,Mistral
11853,-41,127,0,0,1,,,text,Mistral
11854,-41,129,0,0,1,,,text,Mistral
11855,-41,131,0,0,1,,,text,Mistral
11856,-41,133,0,0,1,,,text,Mistral
11857,-41,135,0,0,1,,,text,Mistral
11858,-41,137,0,0,1,,,text,Mistral
11859,-41,139,0,0,1,,,text,Mistral
11860,-41,141,0,0,1,,,text,Mistral
11861,-41,143,0,0,1,,,text,Mistral
11862,-41,145,1,1,1,,,text,Mistral
11863,-41,147,1,1,1,,,text,Mistral
11864,-41,149,0,0,1,,,text,Mistral
11865,-41,151,0,0,1,,,text,Mistral
11866,-41,153,0,0,1,,,text,Mistral
11867,-41,155,0,0,1,,,text,Mistral
11868,-41,157,0,0,1,,,text,Mistral
11869,-41,159,0,0,1,,,text,Mistral
11870,-41,161,0,0,1,,,text,Mistral
11871,-41,163,0,0,1,,,text,Mistral
11872,-41,165,0,0,1,,,text,Mistral
11873,-41,167,0,0,1,,,text,Mistral
11874,-41,169,0,0,1,,,text,Mistral
11875,-41,171,0,0,1,,,text,Mistral
11876,-41,173,1,1,1,,,text,Mistral
11877,-41,175,1,1,1,,,text,Mistral
11878,-41,177,0,0,1,,,text,Mistral
11879,-41,179,0,0,1,,,text,Mistral
11880,-43,-179,0,0,1,,,text,Mistral
11881,-43,-177,0,0,1,,,text,Mistral
11882,-43,-175,0,0,1,,,text,Mistral
11883,-43,-173,0,0,1,,,text,Mistral
11884,-43,-171,0,0,1,,,text,Mistral
11885,-43,-169,0,0,1,,,text,Mistral
11886,-43,-167,0,0,1,,,text,Mistral
11887,-43,-165,0,0,1,,,text,Mistral
11888,-43,-163,0,0,1,,,text,Mistral
11889,-43,-161,0,0,1,,,text,Mistral
11890,-43,-159,0,0,1,,,text,Mistral
11891,-43,-157,0,0,1,,,text,Mistral
11892,-43,-155,0,0,1,,,text,Mistral
11893,-43,-153,0,0,1,,,text,Mistral
11894,-43,-151,0,0,1,,,text,Mistral
11895,-43,-149,0,0,1,,,text,Mistral
11896,-43,-147,0,0,1,,,text,Mistral
11897,-43,-145,0,0,1,,,text,Mistral
11898,-43,-143,0,0,1,,,text,Mistral
11899,-43,-141,0,0,1,,,text,Mistral
11900,-43,-139,0,0,1,,,text,Mistral
11901,-43,-137,0,0,1,,,text,Mistral
11902,-43,-135,0,0,1,,,text,Mistral
11903,-43,-133,0,0,1,,,text,Mistral
11904,-43,-131,0,0,1,,,text,Mistral
11905,-43,-129,0,0,1,,,text,Mistral
11906,-43,-127,0,0,1,,,text,Mistral
11907,-43,-125,0,0,1,,,text,Mistral
11908,-43,-123,0,0,1,,,text,Mistral
11909,-43,-121,0,0,1,,,text,Mistral
11910,-43,-119,0,0,1,,,text,Mistral
11911,-43,-117,0,0,1,,,text,Mistral
11912,-43,-115,0,0,1,,,text,Mistral
11913,-43,-113,0,0,1,,,text,Mistral
11914,-43,-111,0,0,1,,,text,Mistral
11915,-43,-109,0,0,1,,,text,Mistral
11916,-43,-107,0,0,1,,,text,Mistral
11917,-43,-105,0,0,1,,,text,Mistral
11918,-43,-103,0,0,1,,,text,Mistral
11919,-43,-101,0,0,1,,,text,Mistral
11920,-43,-99,0,0,1,,,text,Mistral
11921,-43,-97,0,0,1,,,text,Mistral
11922,-43,-95,0,0,1,,,text,Mistral
11923,-43,-93,0,0,1,,,text,Mistral
11924,-43,-91,0,0,1,,,text,Mistral
11925,-43,-89,0,0,1,,,text,Mistral
11926,-43,-87,0,0,1,,,text,Mistral
11927,-43,-85,0,0,1,,,text,Mistral
11928,-43,-83,0,0,1,,,text,Mistral
11929,-43,-81,0,0,1,,,text,Mistral
11930,-43,-79,0,0,1,,,text,Mistral
11931,-43,-77,0,0,1,,,text,Mistral
11932,-43,-75,0,0,1,,,text,Mistral
11933,-43,-73,0,0,1,,,text,Mistral
11934,-43,-71,1,1,1,,,text,Mistral
11935,-43,-69,1,1,1,,,text,Mistral
11936,-43,-67,1,1,1,,,text,Mistral
11937,-43,-65,1,1,1,,,text,Mistral
11938,-43,-63,0,0,1,,,text,Mistral
11939,-43,-61,0,0,1,,,text,Mistral
11940,-43,-59,0,0,1,,,text,Mistral
11941,-43,-57,0,0,1,,,text,Mistral
11942,-43,-55,0,0,1,,,text,Mistral
11943,-43,-53,0,0,1,,,text,Mistral
11944,-43,-51,0,0,1,,,text,Mistral
11945,-43,-49,0,0,1,,,text,Mistral
11946,-43,-47,0,0,1,,,text,Mistral
11947,-43,-45,0,0,1,,,text,Mistral
11948,-43,-43,0,0,1,,,text,Mistral
11949,-43,-41,0,0,1,,,text,Mistral
11950,-43,-39,0,0,1,,,text,Mistral
11951,-43,-37,0,0,1,,,text,Mistral
11952,-43,-35,0,0,1,,,text,Mistral
11953,-43,-33,0,0,1,,,text,Mistral
11954,-43,-31,0,0,1,,,text,Mistral
11955,-43,-29,0,0,1,,,text,Mistral
11956,-43,-27,0,0,1,,,text,Mistral
11957,-43,-25,0,0,1,,,text,Mistral
11958,-43,-23,0,0,1,,,text,Mistral
11959,-43,-21,0,0,1,,,text,Mistral
11960,-43,-19,0,0,1,,,text,Mistral
11961,-43,-17,0,0,1,,,text,Mistral
11962,-43,-15,0,0,1,,,text,Mistral
11963,-43,-13,0,0,1,,,text,Mistral
11964,-43,-11,0,0,1,,,text,Mistral
11965,-43,-9,0,0,1,,,text,Mistral
11966,-43,-7,0,0,1,,,text,Mistral
11967,-43,-5,0,0,1,,,text,Mistral
11968,-43,-3,0,0,1,,,text,Mistral
11969,-43,-1,0,0,1,,,text,Mistral
11970,-43,1,0,0,1,,,text,Mistral
11971,-43,3,0,0,1,,,text,Mistral
11972,-43,5,0,0,1,,,text,Mistral
11973,-43,7,0,0,1,,,text,Mistral
11974,-43,9,0,0,1,,,text,Mistral
11975,-43,11,0,0,1,,,text,Mistral
11976,-43,13,0,0,1,,,text,Mistral
11977,-43,15,0,0,1,,,text,Mistral
11978,-43,17,0,0,1,,,text,Mistral
11979,-43,19,0,0,1,,,text,Mistral
11980,-43,21,0,0,1,,,text,Mistral
11981,-43,23,0,0,1,,,text,Mistral
11982,-43,25,0,0,1,,,text,Mistral
11983,-43,27,0,0,1,,,text,Mistral
11984,-43,29,0,0,1,,,text,Mistral
11985,-43,31,0,0,1,,,text,Mistral
11986,-43,33,0,0,1,,,text,Mistral
11987,-43,35,0,0,1,,,text,Mistral
11988,-43,37,0,0,1,,,text,Mistral
11989,-43,39,0,0,1,,,text,Mistral
11990,-43,41,0,0,1,,,text,Mistral
11991,-43,43,0,0,1,,,text,Mistral
11992,-43,45,0,0,1,,,text,Mistral
11993,-43,47,0,0,1,,,text,Mistral
11994,-43,49,0,0,1,,,text,Mistral
11995,-43,51,0,0,1,,,text,Mistral
11996,-43,53,0,0,1,,,text,Mistral
11997,-43,55,0,0,1,,,text,Mistral
11998,-43,57,0,0,1,,,text,Mistral
11999,-43,59,0,0,1,,,text,Mistral
12000,-43,61,0,0,1,,,text,Mistral
12001,-43,63,0,0,1,,,text,Mistral
12002,-43,65,0,0,1,,,text,Mistral
12003,-43,67,0,0,1,,,text,Mistral
12004,-43,69,0,0,1,,,text,Mistral
12005,-43,71,0,0,1,,,text,Mistral
12006,-43,73,0,0,1,,,text,Mistral
12007,-43,75,0,0,1,,,text,Mistral
12008,-43,77,0,0,1,,,text,Mistral
12009,-43,79,0,0,1,,,text,Mistral
12010,-43,81,0,0,1,,,text,Mistral
12011,-43,83,0,0,1,,,text,Mistral
12012,-43,85,0,0,1,,,text,Mistral
12013,-43,87,0,0,1,,,text,Mistral
12014,-43,89,0,0,1,,,text,Mistral
12015,-43,91,0,0,1,,,text,Mistral
12016,-43,93,0,0,1,,,text,Mistral
12017,-43,95,0,0,1,,,text,Mistral
12018,-43,97,0,0,1,,,text,Mistral
12019,-43,99,0,0,1,,,text,Mistral
12020,-43,101,0,0,1,,,text,Mistral
12021,-43,103,0,0,1,,,text,Mistral
12022,-43,105,0,0,1,,,text,Mistral
12023,-43,107,0,0,1,,,text,Mistral
12024,-43,109,0,0,1,,,text,Mistral
12025,-43,111,0,0,1,,,text,Mistral
12026,-43,113,0,0,1,,,text,Mistral
12027,-43,115,0,0,1,,,text,Mistral
12028,-43,117,0,0,1,,,text,Mistral
12029,-43,119,0,0,1,,,text,Mistral
12030,-43,121,0,0,1,,,text,Mistral
12031,-43,123,0,0,1,,,text,Mistral
12032,-43,125,0,0,1,,,text,Mistral
12033,-43,127,0,0,1,,,text,Mistral
12034,-43,129,0,0,1,,,text,Mistral
12035,-43,131,0,0,1,,,text,Mistral
12036,-43,133,0,0,1,,,text,Mistral
12037,-43,135,0,0,1,,,text,Mistral
12038,-43,137,0,0,1,,,text,Mistral
12039,-43,139,0,0,1,,,text,Mistral
12040,-43,141,0,0,1,,,text,Mistral
12041,-43,143,0,0,1,,,text,Mistral
12042,-43,145,0,0,1,,,text,Mistral
12043,-43,147,1,1,1,,,text,Mistral
12044,-43,149,0,0,1,,,text,Mistral
12045,-43,151,0,0,1,,,text,Mistral
12046,-43,153,0,0,1,,,text,Mistral
12047,-43,155,0,0,1,,,text,Mistral
12048,-43,157,0,0,1,,,text,Mistral
12049,-43,159,0,0,1,,,text,Mistral
12050,-43,161,0,0,1,,,text,Mistral
12051,-43,163,0,0,1,,,text,Mistral
12052,-43,165,0,0,1,,,text,Mistral
12053,-43,167,0,0,1,,,text,Mistral
12054,-43,169,0,0,1,,,text,Mistral
12055,-43,171,1,1,1,,,text,Mistral
12056,-43,173,1,1,1,,,text,Mistral
12057,-43,175,0,0,1,,,text,Mistral
12058,-43,177,0,0,1,,,text,Mistral
12059,-43,179,0,0,1,,,text,Mistral
12060,-45,-179,0,0,1,,,text,Mistral
12061,-45,-177,0,0,1,,,text,Mistral
12062,-45,-175,0,0,1,,,text,Mistral
12063,-45,-173,0,0,1,,,text,Mistral
12064,-45,-171,0,0,1,,,text,Mistral
12065,-45,-169,0,0,1,,,text,Mistral
12066,-45,-167,0,0,1,,,text,Mistral
12067,-45,-165,0,0,1,,,text,Mistral
12068,-45,-163,0,0,1,,,text,Mistral
12069,-45,-161,0,0,1,,,text,Mistral
12070,-45,-159,0,0,1,,,text,Mistral
12071,-45,-157,0,0,1,,,text,Mistral
12072,-45,-155,0,0,1,,,text,Mistral
12073,-45,-153,0,0,1,,,text,Mistral
12074,-45,-151,0,0,1,,,text,Mistral
12075,-45,-149,0,0,1,,,text,Mistral
12076,-45,-147,0,0,1,,,text,Mistral
12077,-45,-145,0,0,1,,,text,Mistral
12078,-45,-143,0,0,1,,,text,Mistral
12079,-45,-141,0,0,1,,,text,Mistral
12080,-45,-139,0,0,1,,,text,Mistral
12081,-45,-137,0,0,1,,,text,Mistral
12082,-45,-135,0,0,1,,,text,Mistral
12083,-45,-133,0,0,1,,,text,Mistral
12084,-45,-131,0,0,1,,,text,Mistral
12085,-45,-129,0,0,1,,,text,Mistral
12086,-45,-127,0,0,1,,,text,Mistral
12087,-45,-125,0,0,1,,,text,Mistral
12088,-45,-123,0,0,1,,,text,Mistral
12089,-45,-121,0,0,1,,,text,Mistral
12090,-45,-119,0,0,1,,,text,Mistral
12091,-45,-117,0,0,1,,,text,Mistral
12092,-45,-115,0,0,1,,,text,Mistral
12093,-45,-113,0,0,1,,,text,Mistral
12094,-45,-111,0,0,1,,,text,Mistral
12095,-45,-109,0,0,1,,,text,Mistral
12096,-45,-107,0,0,1,,,text,Mistral
12097,-45,-105,0,0,1,,,text,Mistral
12098,-45,-103,0,0,1,,,text,Mistral
12099,-45,-101,0,0,1,,,text,Mistral
12100,-45,-99,0,0,1,,,text,Mistral
12101,-45,-97,0,0,1,,,text,Mistral
12102,-45,-95,0,0,1,,,text,Mistral
12103,-45,-93,0,0,1,,,text,Mistral
12104,-45,-91,0,0,1,,,text,Mistral
12105,-45,-89,0,0,1,,,text,Mistral
12106,-45,-87,0,0,1,,,text,Mistral
12107,-45,-85,0,0,1,,,text,Mistral
12108,-45,-83,0,0,1,,,text,Mistral
12109,-45,-81,0,0,1,,,text,Mistral
12110,-45,-79,0,0,1,,,text,Mistral
12111,-45,-77,0,0,1,,,text,Mistral
12112,-45,-75,0,0,1,,,text,Mistral
12113,-45,-73,1,1,1,,,text,Mistral
12114,-45,-71,1,1,1,,,text,Mistral
12115,-45,-69,1,1,1,,,text,Mistral
12116,-45,-67,1,1,1,,,text,Mistral
12117,-45,-65,0,0,1,,,text,Mistral
12118,-45,-63,0,0,1,,,text,Mistral
12119,-45,-61,0,0,1,,,text,Mistral
12120,-45,-59,0,0,1,,,text,Mistral
12121,-45,-57,0,0,1,,,text,Mistral
12122,-45,-55,0,0,1,,,text,Mistral
12123,-45,-53,0,0,1,,,text,Mistral
12124,-45,-51,0,0,1,,,text,Mistral
12125,-45,-49,0,0,1,,,text,Mistral
12126,-45,-47,0,0,1,,,text,Mistral
12127,-45,-45,0,0,1,,,text,Mistral
12128,-45,-43,0,0,1,,,text,Mistral
12129,-45,-41,0,0,1,,,text,Mistral
12130,-45,-39,0,0,1,,,text,Mistral
12131,-45,-37,0,0,1,,,text,Mistral
12132,-45,-35,0,0,1,,,text,Mistral
12133,-45,-33,0,0,1,,,text,Mistral
12134,-45,-31,0,0,1,,,text,Mistral
12135,-45,-29,0,0,1,,,text,Mistral
12136,-45,-27,0,0,1,,,text,Mistral
12137,-45,-25,0,0,1,,,text,Mistral
12138,-45,-23,0,0,1,,,text,Mistral
12139,-45,-21,0,0,1,,,text,Mistral
12140,-45,-19,0,0,1,,,text,Mistral
12141,-45,-17,0,0,1,,,text,Mistral
12142,-45,-15,0,0,1,,,text,Mistral
12143,-45,-13,0,0,1,,,text,Mistral
12144,-45,-11,0,0,1,,,text,Mistral
12145,-45,-9,0,0,1,,,text,Mistral
12146,-45,-7,0,0,1,,,text,Mistral
12147,-45,-5,0,0,1,,,text,Mistral
12148,-45,-3,0,0,1,,,text,Mistral
12149,-45,-1,0,0,1,,,text,Mistral
12150,-45,1,0,0,1,,,text,Mistral
12151,-45,3,0,0,1,,,text,Mistral
12152,-45,5,0,0,1,,,text,Mistral
12153,-45,7,0,0,1,,,text,Mistral
12154,-45,9,0,0,1,,,text,Mistral
12155,-45,11,0,0,1,,,text,Mistral
12156,-45,13,0,0,1,,,text,Mistral
12157,-45,15,0,0,1,,,text,Mistral
12158,-45,17,0,0,1,,,text,Mistral
12159,-45,19,0,0,1,,,text,Mistral
12160,-45,21,0,0,1,,,text,Mistral
12161,-45,23,0,0,1,,,text,Mistral
12162,-45,25,0,0,1,,,text,Mistral
12163,-45,27,0,0,1,,,text,Mistral
12164,-45,29,0,0,1,,,text,Mistral
12165,-45,31,0,0,1,,,text,Mistral
12166,-45,33,0,0,1,,,text,Mistral
12167,-45,35,0,0,1,,,text,Mistral
12168,-45,37,0,0,1,,,text,Mistral
12169,-45,39,0,0,1,,,text,Mistral
12170,-45,41,0,0,1,,,text,Mistral
12171,-45,43,0,0,1,,,text,Mistral
12172,-45,45,0,0,1,,,text,Mistral
12173,-45,47,0,0,1,,,text,Mistral
12174,-45,49,0,0,1,,,text,Mistral
12175,-45,51,0,0,1,,,text,Mistral
12176,-45,53,0,0,1,,,text,Mistral
12177,-45,55,0,0,1,,,text,Mistral
12178,-45,57,0,0,1,,,text,Mistral
12179,-45,59,0,0,1,,,text,Mistral
12180,-45,61,0,0,1,,,text,Mistral
12181,-45,63,0,0,1,,,text,Mistral
12182,-45,65,0,0,1,,,text,Mistral
12183,-45,67,0,0,1,,,text,Mistral
12184,-45,69,0,0,1,,,text,Mistral
12185,-45,71,0,0,1,,,text,Mistral
12186,-45,73,0,0,1,,,text,Mistral
12187,-45,75,0,0,1,,,text,Mistral
12188,-45,77,0,0,1,,,text,Mistral
12189,-45,79,0,0,1,,,text,Mistral
12190,-45,81,0,0,1,,,text,Mistral
12191,-45,83,0,0,1,,,text,Mistral
12192,-45,85,0,0,1,,,text,Mistral
12193,-45,87,0,0,1,,,text,Mistral
12194,-45,89,0,0,1,,,text,Mistral
12195,-45,91,0,0,1,,,text,Mistral
12196,-45,93,0,0,1,,,text,Mistral
12197,-45,95,0,0,1,,,text,Mistral
12198,-45,97,0,0,1,,,text,Mistral
12199,-45,99,0,0,1,,,text,Mistral
12200,-45,101,0,0,1,,,text,Mistral
12201,-45,103,0,0,1,,,text,Mistral
12202,-45,105,0,0,1,,,text,Mistral
12203,-45,107,0,0,1,,,text,Mistral
12204,-45,109,0,0,1,,,text,Mistral
12205,-45,111,0,0,1,,,text,Mistral
12206,-45,113,0,0,1,,,text,Mistral
12207,-45,115,0,0,1,,,text,Mistral
12208,-45,117,0,0,1,,,text,Mistral
12209,-45,119,0,0,1,,,text,Mistral
12210,-45,121,0,0,1,,,text,Mistral
12211,-45,123,0,0,1,,,text,Mistral
12212,-45,125,0,0,1,,,text,Mistral
12213,-45,127,0,0,1,,,text,Mistral
12214,-45,129,0,0,1,,,text,Mistral
12215,-45,131,0,0,1,,,text,Mistral
12216,-45,133,0,0,1,,,text,Mistral
12217,-45,135,0,0,1,,,text,Mistral
12218,-45,137,0,0,1,,,text,Mistral
12219,-45,139,0,0,1,,,text,Mistral
12220,-45,141,0,0,1,,,text,Mistral
12221,-45,143,0,0,1,,,text,Mistral
12222,-45,145,0,0,1,,,text,Mistral
12223,-45,147,0,0,1,,,text,Mistral
12224,-45,149,0,0,1,,,text,Mistral
12225,-45,151,0,0,1,,,text,Mistral
12226,-45,153,0,0,1,,,text,Mistral
12227,-45,155,0,0,1,,,text,Mistral
12228,-45,157,0,0,1,,,text,Mistral
12229,-45,159,0,0,1,,,text,Mistral
12230,-45,161,0,0,1,,,text,Mistral
12231,-45,163,0,0,1,,,text,Mistral
12232,-45,165,0,0,1,,,text,Mistral
12233,-45,167,0,0,1,,,text,Mistral
12234,-45,169,1,1,1,,,text,Mistral
12235,-45,171,1,1,1,,,text,Mistral
12236,-45,173,0,0,1,,,text,Mistral
12237,-45,175,0,0,1,,,text,Mistral
12238,-45,177,0,0,1,,,text,Mistral
12239,-45,179,0,0,1,,,text,Mistral
12240,-47,-179,0,0,1,,,text,Mistral
12241,-47,-177,0,0,1,,,text,Mistral
12242,-47,-175,0,0,1,,,text,Mistral
12243,-47,-173,0,0,1,,,text,Mistral
12244,-47,-171,0,0,1,,,text,Mistral
12245,-47,-169,0,0,1,,,text,Mistral
12246,-47,-167,0,0,1,,,text,Mistral
12247,-47,-165,0,0,1,,,text,Mistral
12248,-47,-163,0,0,1,,,text,Mistral
12249,-47,-161,0,0,1,,,text,Mistral
12250,-47,-159,0,0,1,,,text,Mistral
12251,-47,-157,0,0,1,,,text,Mistral
12252,-47,-155,0,0,1,,,text,Mistral
12253,-47,-153,0,0,1,,,text,Mistral
12254,-47,-151,0,0,1,,,text,Mistral
12255,-47,-149,0,0,1,,,text,Mistral
12256,-47,-147,0,0,1,,,text,Mistral
12257,-47,-145,0,0,1,,,text,Mistral
12258,-47,-143,0,0,1,,,text,Mistral
12259,-47,-141,0,0,1,,,text,Mistral
12260,-47,-139,0,0,1,,,text,Mistral
12261,-47,-137,0,0,1,,,text,Mistral
12262,-47,-135,0,0,1,,,text,Mistral
12263,-47,-133,0,0,1,,,text,Mistral
12264,-47,-131,0,0,1,,,text,Mistral
12265,-47,-129,0,0,1,,,text,Mistral
12266,-47,-127,0,0,1,,,text,Mistral
12267,-47,-125,0,0,1,,,text,Mistral
12268,-47,-123,0,0,1,,,text,Mistral
12269,-47,-121,0,0,1,,,text,Mistral
12270,-47,-119,0,0,1,,,text,Mistral
12271,-47,-117,0,0,1,,,text,Mistral
12272,-47,-115,0,0,1,,,text,Mistral
12273,-47,-113,0,0,1,,,text,Mistral
12274,-47,-111,0,0,1,,,text,Mistral
12275,-47,-109,0,0,1,,,text,Mistral
12276,-47,-107,0,0,1,,,text,Mistral
12277,-47,-105,0,0,1,,,text,Mistral
12278,-47,-103,0,0,1,,,text,Mistral
12279,-47,-101,0,0,1,,,text,Mistral
12280,-47,-99,0,0,1,,,text,Mistral
12281,-47,-97,0,0,1,,,text,Mistral
12282,-47,-95,0,0,1,,,text,Mistral
12283,-47,-93,0,0,1,,,text,Mistral
12284,-47,-91,0,0,1,,,text,Mistral
12285,-47,-89,0,0,1,,,text,Mistral
12286,-47,-87,0,0,1,,,text,Mistral
12287,-47,-85,0,0,1,,,text,Mistral
12288,-47,-83,0,0,1,,,text,Mistral
12289,-47,-81,0,0,1,,,text,Mistral
12290,-47,-79,0,0,1,,,text,Mistral
12291,-47,-77,0,0,1,,,text,Mistral
12292,-47,-75,0,0,1,,,text,Mistral
12293,-47,-73,1,1,1,,,text,Mistral
12294,-47,-71,1,1,1,,,text,Mistral
12295,-47,-69,1,1,1,,,text,Mistral
12296,-47,-67,1,1,1,,,text,Mistral
12297,-47,-65,0,0,1,,,text,Mistral
12298,-47,-63,0,0,1,,,text,Mistral
12299,-47,-61,0,0,1,,,text,Mistral
12300,-47,-59,0,0,1,,,text,Mistral
12301,-47,-57,0,0,1,,,text,Mistral
12302,-47,-55,0,0,1,,,text,Mistral
12303,-47,-53,0,0,1,,,text,Mistral
12304,-47,-51,0,0,1,,,text,Mistral
12305,-47,-49,0,0,1,,,text,Mistral
12306,-47,-47,0,0,1,,,text,Mistral
12307,-47,-45,0,0,1,,,text,Mistral
12308,-47,-43,0,0,1,,,text,Mistral
12309,-47,-41,0,0,1,,,text,Mistral
12310,-47,-39,0,0,1,,,text,Mistral
12311,-47,-37,0,0,1,,,text,Mistral
12312,-47,-35,0,0,1,,,text,Mistral
12313,-47,-33,0,0,1,,,text,Mistral
12314,-47,-31,0,0,1,,,text,Mistral
12315,-47,-29,0,0,1,,,text,Mistral
12316,-47,-27,0,0,1,,,text,Mistral
12317,-47,-25,0,0,1,,,text,Mistral
12318,-47,-23,0,0,1,,,text,Mistral
12319,-47,-21,0,0,1,,,text,Mistral
12320,-47,-19,0,0,1,,,text,Mistral
12321,-47,-17,0,0,1,,,text,Mistral
12322,-47,-15,0,0,1,,,text,Mistral
12323,-47,-13,0,0,1,,,text,Mistral
12324,-47,-11,0,0,1,,,text,Mistral
12325,-47,-9,0,0,1,,,text,Mistral
12326,-47,-7,0,0,1,,,text,Mistral
12327,-47,-5,0,0,1,,,text,Mistral
12328,-47,-3,0,0,1,,,text,Mistral
12329,-47,-1,0,0,1,,,text,Mistral
12330,-47,1,0,0,1,,,text,Mistral
12331,-47,3,0,0,1,,,text,Mistral
12332,-47,5,0,0,1,,,text,Mistral
12333,-47,7,0,0,1,,,text,Mistral
12334,-47,9,0,0,1,,,text,Mistral
12335,-47,11,0,0,1,,,text,Mistral
12336,-47,13,0,0,1,,,text,Mistral
12337,-47,15,0,0,1,,,text,Mistral
12338,-47,17,0,0,1,,,text,Mistral
12339,-47,19,0,0,1,,,text,Mistral
12340,-47,21,0,0,1,,,text,Mistral
12341,-47,23,0,0,1,,,text,Mistral
12342,-47,25,0,0,1,,,text,Mistral
12343,-47,27,0,0,1,,,text,Mistral
12344,-47,29,0,0,1,,,text,Mistral
12345,-47,31,0,0,1,,,text,Mistral
12346,-47,33,0,0,1,,,text,Mistral
12347,-47,35,0,0,1,,,text,Mistral
12348,-47,37,0,0,1,,,text,Mistral
12349,-47,39,0,0,1,,,text,Mistral
12350,-47,41,0,0,1,,,text,Mistral
12351,-47,43,0,0,1,,,text,Mistral
12352,-47,45,0,0,1,,,text,Mistral
12353,-47,47,0,0,1,,,text,Mistral
12354,-47,49,0,0,1,,,text,Mistral
12355,-47,51,0,0,1,,,text,Mistral
12356,-47,53,0,0,1,,,text,Mistral
12357,-47,55,0,0,1,,,text,Mistral
12358,-47,57,0,0,1,,,text,Mistral
12359,-47,59,0,0,1,,,text,Mistral
12360,-47,61,0,0,1,,,text,Mistral
12361,-47,63,0,0,1,,,text,Mistral
12362,-47,65,0,0,1,,,text,Mistral
12363,-47,67,0,0,1,,,text,Mistral
12364,-47,69,0,0,1,,,text,Mistral
12365,-47,71,0,0,1,,,text,Mistral
12366,-47,73,0,0,1,,,text,Mistral
12367,-47,75,0,0,1,,,text,Mistral
12368,-47,77,0,0,1,,,text,Mistral
12369,-47,79,0,0,1,,,text,Mistral
12370,-47,81,0,0,1,,,text,Mistral
12371,-47,83,0,0,1,,,text,Mistral
12372,-47,85,0,0,1,,,text,Mistral
12373,-47,87,0,0,1,,,text,Mistral
12374,-47,89,0,0,1,,,text,Mistral
12375,-47,91,0,0,1,,,text,Mistral
12376,-47,93,0,0,1,,,text,Mistral
12377,-47,95,0,0,1,,,text,Mistral
12378,-47,97,0,0,1,,,text,Mistral
12379,-47,99,0,0,1,,,text,Mistral
12380,-47,101,0,0,1,,,text,Mistral
12381,-47,103,0,0,1,,,text,Mistral
12382,-47,105,0,0,1,,,text,Mistral
12383,-47,107,0,0,1,,,text,Mistral
12384,-47,109,0,0,1,,,text,Mistral
12385,-47,111,0,0,1,,,text,Mistral
12386,-47,113,0,0,1,,,text,Mistral
12387,-47,115,0,0,1,,,text,Mistral
12388,-47,117,0,0,1,,,text,Mistral
12389,-47,119,0,0,1,,,text,Mistral
12390,-47,121,0,0,1,,,text,Mistral
12391,-47,123,0,0,1,,,text,Mistral
12392,-47,125,0,0,1,,,text,Mistral
12393,-47,127,0,0,1,,,text,Mistral
12394,-47,129,0,0,1,,,text,Mistral
12395,-47,131,0,0,1,,,text,Mistral
12396,-47,133,0,0,1,,,text,Mistral
12397,-47,135,0,0,1,,,text,Mistral
12398,-47,137,0,0,1,,,text,Mistral
12399,-47,139,0,0,1,,,text,Mistral
12400,-47,141,0,0,1,,,text,Mistral
12401,-47,143,0,0,1,,,text,Mistral
12402,-47,145,0,0,1,,,text,Mistral
12403,-47,147,0,0,1,,,text,Mistral
12404,-47,149,0,0,1,,,text,Mistral
12405,-47,151,0,0,1,,,text,Mistral
12406,-47,153,0,0,1,,,text,Mistral
12407,-47,155,0,0,1,,,text,Mistral
12408,-47,157,0,0,1,,,text,Mistral
12409,-47,159,0,0,1,,,text,Mistral
12410,-47,161,0,0,1,,,text,Mistral
12411,-47,163,0,0,1,,,text,Mistral
12412,-47,165,0,0,1,,,text,Mistral
12413,-47,167,0,0,1,,,text,Mistral
12414,-47,169,0,0,1,,,text,Mistral
12415,-47,171,0,0,1,,,text,Mistral
12416,-47,173,0,0,1,,,text,Mistral
12417,-47,175,0,0,1,,,text,Mistral
12418,-47,177,0,0,1,,,text,Mistral
12419,-47,179,0,0,1,,,text,Mistral
12420,-49,-179,0,0,1,,,text,Mistral
12421,-49,-177,0,0,1,,,text,Mistral
12422,-49,-175,0,0,1,,,text,Mistral
12423,-49,-173,0,0,1,,,text,Mistral
12424,-49,-171,0,0,1,,,text,Mistral
12425,-49,-169,0,0,1,,,text,Mistral
12426,-49,-167,0,0,1,,,text,Mistral
12427,-49,-165,0,0,1,,,text,Mistral
12428,-49,-163,0,0,1,,,text,Mistral
12429,-49,-161,0,0,1,,,text,Mistral
12430,-49,-159,0,0,1,,,text,Mistral
12431,-49,-157,0,0,1,,,text,Mistral
12432,-49,-155,0,0,1,,,text,Mistral
12433,-49,-153,0,0,1,,,text,Mistral
12434,-49,-151,0,0,1,,,text,Mistral
12435,-49,-149,0,0,1,,,text,Mistral
12436,-49,-147,0,0,1,,,text,Mistral
12437,-49,-145,0,0,1,,,text,Mistral
12438,-49,-143,0,0,1,,,text,Mistral
12439,-49,-141,0,0,1,,,text,Mistral
12440,-49,-139,0,0,1,,,text,Mistral
12441,-49,-137,0,0,1,,,text,Mistral
12442,-49,-135,0,0,1,,,text,Mistral
12443,-49,-133,0,0,1,,,text,Mistral
12444,-49,-131,0,0,1,,,text,Mistral
12445,-49,-129,0,0,1,,,text,Mistral
12446,-49,-127,0,0,1,,,text,Mistral
12447,-49,-125,0,0,1,,,text,Mistral
12448,-49,-123,0,0,1,,,text,Mistral
12449,-49,-121,0,0,1,,,text,Mistral
12450,-49,-119,0,0,1,,,text,Mistral
12451,-49,-117,0,0,1,,,text,Mistral
12452,-49,-115,0,0,1,,,text,Mistral
12453,-49,-113,0,0,1,,,text,Mistral
12454,-49,-111,0,0,1,,,text,Mistral
12455,-49,-109,0,0,1,,,text,Mistral
12456,-49,-107,0,0,1,,,text,Mistral
12457,-49,-105,0,0,1,,,text,Mistral
12458,-49,-103,0,0,1,,,text,Mistral
12459,-49,-101,0,0,1,,,text,Mistral
12460,-49,-99,0,0,1,,,text,Mistral
12461,-49,-97,0,0,1,,,text,Mistral
12462,-49,-95,0,0,1,,,text,Mistral
12463,-49,-93,0,0,1,,,text,Mistral
12464,-49,-91,0,0,1,,,text,Mistral
12465,-49,-89,0,0,1,,,text,Mistral
12466,-49,-87,0,0,1,,,text,Mistral
12467,-49,-85,0,0,1,,,text,Mistral
12468,-49,-83,0,0,1,,,text,Mistral
12469,-49,-81,0,0,1,,,text,Mistral
12470,-49,-79,0,0,1,,,text,Mistral
12471,-49,-77,0,0,1,,,text,Mistral
12472,-49,-75,0,0,1,,,text,Mistral
12473,-49,-73,1,1,1,,,text,Mistral
12474,-49,-71,1,1,1,,,text,Mistral
12475,-49,-69,1,1,1,,,text,Mistral
12476,-49,-67,0,0,1,,,text,Mistral
12477,-49,-65,0,0,1,,,text,Mistral
12478,-49,-63,0,0,1,,,text,Mistral
12479,-49,-61,0,0,1,,,text,Mistral
12480,-49,-59,0,0,1,,,text,Mistral
12481,-49,-57,0,0,1,,,text,Mistral
12482,-49,-55,0,0,1,,,text,Mistral
12483,-49,-53,0,0,1,,,text,Mistral
12484,-49,-51,0,0,1,,,text,Mistral
12485,-49,-49,0,0,1,,,text,Mistral
12486,-49,-47,0,0,1,,,text,Mistral
12487,-49,-45,0,0,1,,,text,Mistral
12488,-49,-43,0,0,1,,,text,Mistral
12489,-49,-41,0,0,1,,,text,Mistral
12490,-49,-39,0,0,1,,,text,Mistral
12491,-49,-37,0,0,1,,,text,Mistral
12492,-49,-35,0,0,1,,,text,Mistral
12493,-49,-33,0,0,1,,,text,Mistral
12494,-49,-31,0,0,1,,,text,Mistral
12495,-49,-29,0,0,1,,,text,Mistral
12496,-49,-27,0,0,1,,,text,Mistral
12497,-49,-25,0,0,1,,,text,Mistral
12498,-49,-23,0,0,1,,,text,Mistral
12499,-49,-21,0,0,1,,,text,Mistral
12500,-49,-19,0,0,1,,,text,Mistral
12501,-49,-17,0,0,1,,,text,Mistral
12502,-49,-15,0,0,1,,,text,Mistral
12503,-49,-13,0,0,1,,,text,Mistral
12504,-49,-11,0,0,1,,,text,Mistral
12505,-49,-9,0,0,1,,,text,Mistral
12506,-49,-7,0,0,1,,,text,Mistral
12507,-49,-5,0,0,1,,,text,Mistral
12508,-49,-3,0,0,1,,,text,Mistral
12509,-49,-1,0,0,1,,,text,Mistral
12510,-49,1,0,0,1,,,text,Mistral
12511,-49,3,0,0,1,,,text,Mistral
12512,-49,5,0,0,1,,,text,Mistral
12513,-49,7,0,0,1,,,text,Mistral
12514,-49,9,0,0,1,,,text,Mistral
12515,-49,11,0,0,1,,,text,Mistral
12516,-49,13,0,0,1,,,text,Mistral
12517,-49,15,0,0,1,,,text,Mistral
12518,-49,17,0,0,1,,,text,Mistral
12519,-49,19,0,0,1,,,text,Mistral
12520,-49,21,0,0,1,,,text,Mistral
12521,-49,23,0,0,1,,,text,Mistral
12522,-49,25,0,0,1,,,text,Mistral
12523,-49,27,0,0,1,,,text,Mistral
12524,-49,29,0,0,1,,,text,Mistral
12525,-49,31,0,0,1,,,text,Mistral
12526,-49,33,0,0,1,,,text,Mistral
12527,-49,35,0,0,1,,,text,Mistral
12528,-49,37,0,0,1,,,text,Mistral
12529,-49,39,0,0,1,,,text,Mistral
12530,-49,41,0,0,1,,,text,Mistral
12531,-49,43,0,0,1,,,text,Mistral
12532,-49,45,0,0,1,,,text,Mistral
12533,-49,47,0,0,1,,,text,Mistral
12534,-49,49,0,0,1,,,text,Mistral
12535,-49,51,0,0,1,,,text,Mistral
12536,-49,53,0,0,1,,,text,Mistral
12537,-49,55,0,0,1,,,text,Mistral
12538,-49,57,0,0,1,,,text,Mistral
12539,-49,59,0,0,1,,,text,Mistral
12540,-49,61,0,0,1,,,text,Mistral
12541,-49,63,0,0,1,,,text,Mistral
12542,-49,65,0,0,1,,,text,Mistral
12543,-49,67,0,0,1,,,text,Mistral
12544,-49,69,1,1,1,,,text,Mistral
12545,-49,71,0,0,1,,,text,Mistral
12546,-49,73,0,0,1,,,text,Mistral
12547,-49,75,0,0,1,,,text,Mistral
12548,-49,77,0,0,1,,,text,Mistral
12549,-49,79,0,0,1,,,text,Mistral
12550,-49,81,0,0,1,,,text,Mistral
12551,-49,83,0,0,1,,,text,Mistral
12552,-49,85,0,0,1,,,text,Mistral
12553,-49,87,0,0,1,,,text,Mistral
12554,-49,89,0,0,1,,,text,Mistral
12555,-49,91,0,0,1,,,text,Mistral
12556,-49,93,0,0,1,,,text,Mistral
12557,-49,95,0,0,1,,,text,Mistral
12558,-49,97,0,0,1,,,text,Mistral
12559,-49,99,0,0,1,,,text,Mistral
12560,-49,101,0,0,1,,,text,Mistral
12561,-49,103,0,0,1,,,text,Mistral
12562,-49,105,0,0,1,,,text,Mistral
12563,-49,107,0,0,1,,,text,Mistral
12564,-49,109,0,0,1,,,text,Mistral
12565,-49,111,0,0,1,,,text,Mistral
12566,-49,113,0,0,1,,,text,Mistral
12567,-49,115,0,0,1,,,text,Mistral
12568,-49,117,0,0,1,,,text,Mistral
12569,-49,119,0,0,1,,,text,Mistral
12570,-49,121,0,0,1,,,text,Mistral
12571,-49,123,0,0,1,,,text,Mistral
12572,-49,125,0,0,1,,,text,Mistral
12573,-49,127,0,0,1,,,text,Mistral
12574,-49,129,0,0,1,,,text,Mistral
12575,-49,131,0,0,1,,,text,Mistral
12576,-49,133,0,0,1,,,text,Mistral
12577,-49,135,0,0,1,,,text,Mistral
12578,-49,137,0,0,1,,,text,Mistral
12579,-49,139,0,0,1,,,text,Mistral
12580,-49,141,0,0,1,,,text,Mistral
12581,-49,143,0,0,1,,,text,Mistral
12582,-49,145,0,0,1,,,text,Mistral
12583,-49,147,0,0,1,,,text,Mistral
12584,-49,149,0,0,1,,,text,Mistral
12585,-49,151,0,0,1,,,text,Mistral
12586,-49,153,0,0,1,,,text,Mistral
12587,-49,155,0,0,1,,,text,Mistral
12588,-49,157,0,0,1,,,text,Mistral
12589,-49,159,0,0,1,,,text,Mistral
12590,-49,161,0,0,1,,,text,Mistral
12591,-49,163,0,0,1,,,text,Mistral
12592,-49,165,0,0,1,,,text,Mistral
12593,-49,167,0,0,1,,,text,Mistral
12594,-49,169,0,0,1,,,text,Mistral
12595,-49,171,0,0,1,,,text,Mistral
12596,-49,173,0,0,0,,,text,Mistral
12597,-49,175,0,0,1,,,text,Mistral
12598,-49,177,0,0,1,,,text,Mistral
12599,-49,179,0,0,1,,,text,Mistral
12600,-51,-179,0,0,1,,,text,Mistral
12601,-51,-177,0,0,1,,,text,Mistral
12602,-51,-175,0,0,1,,,text,Mistral
12603,-51,-173,0,0,1,,,text,Mistral
12604,-51,-171,0,0,1,,,text,Mistral
12605,-51,-169,0,0,1,,,text,Mistral
12606,-51,-167,0,0,1,,,text,Mistral
12607,-51,-165,0,0,1,,,text,Mistral
12608,-51,-163,0,0,1,,,text,Mistral
12609,-51,-161,0,0,1,,,text,Mistral
12610,-51,-159,0,0,1,,,text,Mistral
12611,-51,-157,0,0,1,,,text,Mistral
12612,-51,-155,0,0,1,,,text,Mistral
12613,-51,-153,0,0,1,,,text,Mistral
12614,-51,-151,0,0,1,,,text,Mistral
12615,-51,-149,0,0,1,,,text,Mistral
12616,-51,-147,0,0,1,,,text,Mistral
12617,-51,-145,0,0,1,,,text,Mistral
12618,-51,-143,0,0,1,,,text,Mistral
12619,-51,-141,0,0,1,,,text,Mistral
12620,-51,-139,0,0,1,,,text,Mistral
12621,-51,-137,0,0,1,,,text,Mistral
12622,-51,-135,0,0,1,,,text,Mistral
12623,-51,-133,0,0,1,,,text,Mistral
12624,-51,-131,0,0,1,,,text,Mistral
12625,-51,-129,0,0,1,,,text,Mistral
12626,-51,-127,0,0,1,,,text,Mistral
12627,-51,-125,0,0,1,,,text,Mistral
12628,-51,-123,0,0,1,,,text,Mistral
12629,-51,-121,0,0,1,,,text,Mistral
12630,-51,-119,0,0,1,,,text,Mistral
12631,-51,-117,0,0,1,,,text,Mistral
12632,-51,-115,0,0,1,,,text,Mistral
12633,-51,-113,0,0,1,,,text,Mistral
12634,-51,-111,0,0,1,,,text,Mistral
12635,-51,-109,0,0,1,,,text,Mistral
12636,-51,-107,0,0,1,,,text,Mistral
12637,-51,-105,0,0,1,,,text,Mistral
12638,-51,-103,0,0,1,,,text,Mistral
12639,-51,-101,0,0,1,,,text,Mistral
12640,-51,-99,0,0,1,,,text,Mistral
12641,-51,-97,0,0,1,,,text,Mistral
12642,-51,-95,0,0,1,,,text,Mistral
12643,-51,-93,0,0,1,,,text,Mistral
12644,-51,-91,0,0,1,,,text,Mistral
12645,-51,-89,0,0,1,,,text,Mistral
12646,-51,-87,0,0,1,,,text,Mistral
12647,-51,-85,0,0,1,,,text,Mistral
12648,-51,-83,0,0,1,,,text,Mistral
12649,-51,-81,0,0,1,,,text,Mistral
12650,-51,-79,0,0,1,,,text,Mistral
12651,-51,-77,0,0,1,,,text,Mistral
12652,-51,-75,1,1,1,,,text,Mistral
12653,-51,-73,1,1,1,,,text,Mistral
12654,-51,-71,1,1,1,,,text,Mistral
12655,-51,-69,0,0,1,,,text,Mistral
12656,-51,-67,0,0,1,,,text,Mistral
12657,-51,-65,0,0,1,,,text,Mistral
12658,-51,-63,0,0,1,,,text,Mistral
12659,-51,-61,0,0,1,,,text,Mistral
12660,-51,-59,0,0,1,,,text,Mistral
12661,-51,-57,0,0,1,,,text,Mistral
12662,-51,-55,0,0,1,,,text,Mistral
12663,-51,-53,0,0,1,,,text,Mistral
12664,-51,-51,0,0,1,,,text,Mistral
12665,-51,-49,0,0,1,,,text,Mistral
12666,-51,-47,0,0,1,,,text,Mistral
12667,-51,-45,0,0,1,,,text,Mistral
12668,-51,-43,0,0,1,,,text,Mistral
12669,-51,-41,0,0,1,,,text,Mistral
12670,-51,-39,0,0,1,,,text,Mistral
12671,-51,-37,0,0,1,,,text,Mistral
12672,-51,-35,0,0,1,,,text,Mistral
12673,-51,-33,0,0,1,,,text,Mistral
12674,-51,-31,0,0,1,,,text,Mistral
12675,-51,-29,0,0,1,,,text,Mistral
12676,-51,-27,0,0,1,,,text,Mistral
12677,-51,-25,0,0,1,,,text,Mistral
12678,-51,-23,0,0,1,,,text,Mistral
12679,-51,-21,0,0,1,,,text,Mistral
12680,-51,-19,0,0,1,,,text,Mistral
12681,-51,-17,0,0,1,,,text,Mistral
12682,-51,-15,0,0,1,,,text,Mistral
12683,-51,-13,0,0,1,,,text,Mistral
12684,-51,-11,0,0,1,,,text,Mistral
12685,-51,-9,0,0,1,,,text,Mistral
12686,-51,-7,0,0,1,,,text,Mistral
12687,-51,-5,0,0,1,,,text,Mistral
12688,-51,-3,0,0,1,,,text,Mistral
12689,-51,-1,0,0,1,,,text,Mistral
12690,-51,1,0,0,1,,,text,Mistral
12691,-51,3,0,0,1,,,text,Mistral
12692,-51,5,0,0,1,,,text,Mistral
12693,-51,7,0,0,1,,,text,Mistral
12694,-51,9,0,0,1,,,text,Mistral
12695,-51,11,0,0,1,,,text,Mistral
12696,-51,13,0,0,1,,,text,Mistral
12697,-51,15,0,0,1,,,text,Mistral
12698,-51,17,0,0,1,,,text,Mistral
12699,-51,19,0,0,1,,,text,Mistral
12700,-51,21,0,0,1,,,text,Mistral
12701,-51,23,0,0,1,,,text,Mistral
12702,-51,25,0,0,1,,,text,Mistral
12703,-51,27,0,0,1,,,text,Mistral
12704,-51,29,0,0,1,,,text,Mistral
12705,-51,31,0,0,1,,,text,Mistral
12706,-51,33,0,0,1,,,text,Mistral
12707,-51,35,0,0,1,,,text,Mistral
12708,-51,37,0,0,1,,,text,Mistral
12709,-51,39,0,0,1,,,text,Mistral
12710,-51,41,0,0,1,,,text,Mistral
12711,-51,43,0,0,1,,,text,Mistral
12712,-51,45,0,0,1,,,text,Mistral
12713,-51,47,0,0,1,,,text,Mistral
12714,-51,49,0,0,1,,,text,Mistral
12715,-51,51,0,0,1,,,text,Mistral
12716,-51,53,0,0,1,,,text,Mistral
12717,-51,55,0,0,1,,,text,Mistral
12718,-51,57,0,0,1,,,text,Mistral
12719,-51,59,0,0,1,,,text,Mistral
12720,-51,61,0,0,1,,,text,Mistral
12721,-51,63,0,0,1,,,text,Mistral
12722,-51,65,0,0,1,,,text,Mistral
12723,-51,67,0,0,1,,,text,Mistral
12724,-51,69,0,0,1,,,text,Mistral
12725,-51,71,0,0,1,,,text,Mistral
12726,-51,73,0,0,1,,,text,Mistral
12727,-51,75,0,0,1,,,text,Mistral
12728,-51,77,0,0,1,,,text,Mistral
12729,-51,79,0,0,1,,,text,Mistral
12730,-51,81,0,0,1,,,text,Mistral
12731,-51,83,0,0,1,,,text,Mistral
12732,-51,85,0,0,1,,,text,Mistral
12733,-51,87,0,0,1,,,text,Mistral
12734,-51,89,0,0,1,,,text,Mistral
12735,-51,91,0,0,1,,,text,Mistral
12736,-51,93,0,0,1,,,text,Mistral
12737,-51,95,0,0,1,,,text,Mistral
12738,-51,97,0,0,1,,,text,Mistral
12739,-51,99,0,0,1,,,text,Mistral
12740,-51,101,0,0,1,,,text,Mistral
12741,-51,103,0,0,1,,,text,Mistral
12742,-51,105,0,0,1,,,text,Mistral
12743,-51,107,0,0,1,,,text,Mistral
12744,-51,109,0,0,1,,,text,Mistral
12745,-51,111,0,0,1,,,text,Mistral
12746,-51,113,0,0,1,,,text,Mistral
12747,-51,115,0,0,1,,,text,Mistral
12748,-51,117,0,0,1,,,text,Mistral
12749,-51,119,0,0,1,,,text,Mistral
12750,-51,121,0,0,1,,,text,Mistral
12751,-51,123,0,0,1,,,text,Mistral
12752,-51,125,0,0,1,,,text,Mistral
12753,-51,127,0,0,1,,,text,Mistral
12754,-51,129,0,0,1,,,text,Mistral
12755,-51,131,0,0,1,,,text,Mistral
12756,-51,133,0,0,1,,,text,Mistral
12757,-51,135,0,0,1,,,text,Mistral
12758,-51,137,0,0,1,,,text,Mistral
12759,-51,139,0,0,1,,,text,Mistral
12760,-51,141,0,0,1,,,text,Mistral
12761,-51,143,0,0,1,,,text,Mistral
12762,-51,145,0,0,1,,,text,Mistral
12763,-51,147,0,0,1,,,text,Mistral
12764,-51,149,0,0,1,,,text,Mistral
12765,-51,151,0,0,1,,,text,Mistral
12766,-51,153,0,0,1,,,text,Mistral
12767,-51,155,0,0,1,,,text,Mistral
12768,-51,157,0,0,1,,,text,Mistral
12769,-51,159,0,0,1,,,text,Mistral
12770,-51,161,0,0,1,,,text,Mistral
12771,-51,163,0,0,1,,,text,Mistral
12772,-51,165,0,0,1,,,text,Mistral
12773,-51,167,0,0,1,,,text,Mistral
12774,-51,169,0,0,1,,,text,Mistral
12775,-51,171,0,0,1,,,text,Mistral
12776,-51,173,0,0,1,,,text,Mistral
12777,-51,175,0,0,1,,,text,Mistral
12778,-51,177,0,0,1,,,text,Mistral
12779,-51,179,0,0,1,,,text,Mistral
12780,-53,-179,0,0,1,,,text,Mistral
12781,-53,-177,0,0,1,,,text,Mistral
12782,-53,-175,0,0,1,,,text,Mistral
12783,-53,-173,0,0,1,,,text,Mistral
12784,-53,-171,0,0,1,,,text,Mistral
12785,-53,-169,0,0,1,,,text,Mistral
12786,-53,-167,0,0,1,,,text,Mistral
12787,-53,-165,0,0,1,,,text,Mistral
12788,-53,-163,0,0,1,,,text,Mistral
12789,-53,-161,0,0,1,,,text,Mistral
12790,-53,-159,0,0,1,,,text,Mistral
12791,-53,-157,0,0,1,,,text,Mistral
12792,-53,-155,0,0,1,,,text,Mistral
12793,-53,-153,0,0,1,,,text,Mistral
12794,-53,-151,0,0,1,,,text,Mistral
12795,-53,-149,0,0,1,,,text,Mistral
12796,-53,-147,0,0,1,,,text,Mistral
12797,-53,-145,0,0,1,,,text,Mistral
12798,-53,-143,0,0,1,,,text,Mistral
12799,-53,-141,0,0,1,,,text,Mistral
12800,-53,-139,0,0,1,,,text,Mistral
12801,-53,-137,0,0,1,,,text,Mistral
12802,-53,-135,0,0,1,,,text,Mistral
12803,-53,-133,0,0,1,,,text,Mistral
12804,-53,-131,0,0,1,,,text,Mistral
12805,-53,-129,0,0,1,,,text,Mistral
12806,-53,-127,0,0,0,,,text,Mistral
12807,-53,-125,0,0,1,,,text,Mistral
12808,-53,-123,0,0,1,,,text,Mistral
12809,-53,-121,0,0,1,,,text,Mistral
12810,-53,-119,0,0,1,,,text,Mistral
12811,-53,-117,0,0,1,,,text,Mistral
12812,-53,-115,0,0,1,,,text,Mistral
12813,-53,-113,0,0,1,,,text,Mistral
12814,-53,-111,0,0,1,,,text,Mistral
12815,-53,-109,0,0,1,,,text,Mistral
12816,-53,-107,0,0,1,,,text,Mistral
12817,-53,-105,0,0,1,,,text,Mistral
12818,-53,-103,0,0,1,,,text,Mistral
12819,-53,-101,0,0,1,,,text,Mistral
12820,-53,-99,0,0,1,,,text,Mistral
12821,-53,-97,0,0,1,,,text,Mistral
12822,-53,-95,0,0,1,,,text,Mistral
12823,-53,-93,0,0,1,,,text,Mistral
12824,-53,-91,0,0,1,,,text,Mistral
12825,-53,-89,0,0,1,,,text,Mistral
12826,-53,-87,0,0,1,,,text,Mistral
12827,-53,-85,0,0,1,,,text,Mistral
12828,-53,-83,0,0,1,,,text,Mistral
12829,-53,-81,0,0,1,,,text,Mistral
12830,-53,-79,0,0,1,,,text,Mistral
12831,-53,-77,0,0,1,,,text,Mistral
12832,-53,-75,0,0,1,,,text,Mistral
12833,-53,-73,1,1,1,,,text,Mistral
12834,-53,-71,1,1,1,,,text,Mistral
12835,-53,-69,1,1,1,,,text,Mistral
12836,-53,-67,0,0,1,,,text,Mistral
12837,-53,-65,0,0,1,,,text,Mistral
12838,-53,-63,0,0,1,,,text,Mistral
12839,-53,-61,0,0,1,,,text,Mistral
12840,-53,-59,0,0,1,,,text,Mistral
12841,-53,-57,0,0,1,,,text,Mistral
12842,-53,-55,0,0,1,,,text,Mistral
12843,-53,-53,0,0,1,,,text,Mistral
12844,-53,-51,0,0,1,,,text,Mistral
12845,-53,-49,0,0,1,,,text,Mistral
12846,-53,-47,0,0,1,,,text,Mistral
12847,-53,-45,0,0,1,,,text,Mistral
12848,-53,-43,0,0,1,,,text,Mistral
12849,-53,-41,0,0,1,,,text,Mistral
12850,-53,-39,0,0,1,,,text,Mistral
12851,-53,-37,0,0,1,,,text,Mistral
12852,-53,-35,0,0,1,,,text,Mistral
12853,-53,-33,0,0,1,,,text,Mistral
12854,-53,-31,0,0,1,,,text,Mistral
12855,-53,-29,0,0,1,,,text,Mistral
12856,-53,-27,0,0,1,,,text,Mistral
12857,-53,-25,0,0,1,,,text,Mistral
12858,-53,-23,0,0,1,,,text,Mistral
12859,-53,-21,0,0,1,,,text,Mistral
12860,-53,-19,0,0,1,,,text,Mistral
12861,-53,-17,0,0,1,,,text,Mistral
12862,-53,-15,0,0,1,,,text,Mistral
12863,-53,-13,0,0,1,,,text,Mistral
12864,-53,-11,0,0,1,,,text,Mistral
12865,-53,-9,0,0,1,,,text,Mistral
12866,-53,-7,0,0,1,,,text,Mistral
12867,-53,-5,0,0,1,,,text,Mistral
12868,-53,-3,0,0,1,,,text,Mistral
12869,-53,-1,0,0,1,,,text,Mistral
12870,-53,1,0,0,1,,,text,Mistral
12871,-53,3,0,0,1,,,text,Mistral
12872,-53,5,0,0,1,,,text,Mistral
12873,-53,7,0,0,1,,,text,Mistral
12874,-53,9,0,0,1,,,text,Mistral
12875,-53,11,0,0,1,,,text,Mistral
12876,-53,13,0,0,1,,,text,Mistral
12877,-53,15,0,0,1,,,text,Mistral
12878,-53,17,0,0,1,,,text,Mistral
12879,-53,19,0,0,1,,,text,Mistral
12880,-53,21,0,0,1,,,text,Mistral
12881,-53,23,0,0,1,,,text,Mistral
12882,-53,25,0,0,1,,,text,Mistral
12883,-53,27,0,0,1,,,text,Mistral
12884,-53,29,0,0,1,,,text,Mistral
12885,-53,31,0,0,1,,,text,Mistral
12886,-53,33,0,0,1,,,text,Mistral
12887,-53,35,0,0,1,,,text,Mistral
12888,-53,37,0,0,1,,,text,Mistral
12889,-53,39,0,0,1,,,text,Mistral
12890,-53,41,0,0,1,,,text,Mistral
12891,-53,43,0,0,1,,,text,Mistral
12892,-53,45,0,0,1,,,text,Mistral
12893,-53,47,0,0,1,,,text,Mistral
12894,-53,49,0,0,1,,,text,Mistral
12895,-53,51,0,0,1,,,text,Mistral
12896,-53,53,0,0,1,,,text,Mistral
12897,-53,55,0,0,1,,,text,Mistral
12898,-53,57,0,0,1,,,text,Mistral
12899,-53,59,0,0,1,,,text,Mistral
12900,-53,61,0,0,1,,,text,Mistral
12901,-53,63,0,0,1,,,text,Mistral
12902,-53,65,0,0,1,,,text,Mistral
12903,-53,67,0,0,1,,,text,Mistral
12904,-53,69,0,0,1,,,text,Mistral
12905,-53,71,0,0,1,,,text,Mistral
12906,-53,73,0,0,1,,,text,Mistral
12907,-53,75,0,0,1,,,text,Mistral
12908,-53,77,0,0,1,,,text,Mistral
12909,-53,79,0,0,1,,,text,Mistral
12910,-53,81,0,0,1,,,text,Mistral
12911,-53,83,0,0,1,,,text,Mistral
12912,-53,85,0,0,1,,,text,Mistral
12913,-53,87,0,0,1,,,text,Mistral
12914,-53,89,0,0,1,,,text,Mistral
12915,-53,91,0,0,1,,,text,Mistral
12916,-53,93,0,0,1,,,text,Mistral
12917,-53,95,0,0,1,,,text,Mistral
12918,-53,97,0,0,1,,,text,Mistral
12919,-53,99,0,0,1,,,text,Mistral
12920,-53,101,0,0,1,,,text,Mistral
12921,-53,103,0,0,1,,,text,Mistral
12922,-53,105,0,0,1,,,text,Mistral
12923,-53,107,0,0,1,,,text,Mistral
12924,-53,109,0,0,1,,,text,Mistral
12925,-53,111,0,0,1,,,text,Mistral
12926,-53,113,0,0,1,,,text,Mistral
12927,-53,115,0,0,1,,,text,Mistral
12928,-53,117,0,0,1,,,text,Mistral
12929,-53,119,0,0,1,,,text,Mistral
12930,-53,121,0,0,1,,,text,Mistral
12931,-53,123,0,0,1,,,text,Mistral
12932,-53,125,0,0,1,,,text,Mistral
12933,-53,127,0,0,1,,,text,Mistral
12934,-53,129,0,0,1,,,text,Mistral
12935,-53,131,0,0,1,,,text,Mistral
12936,-53,133,0,0,1,,,text,Mistral
12937,-53,135,0,0,1,,,text,Mistral
12938,-53,137,0,0,1,,,text,Mistral
12939,-53,139,0,0,1,,,text,Mistral
12940,-53,141,0,0,1,,,text,Mistral
12941,-53,143,0,0,1,,,text,Mistral
12942,-53,145,0,0,1,,,text,Mistral
12943,-53,147,0,0,1,,,text,Mistral
12944,-53,149,0,0,1,,,text,Mistral
12945,-53,151,0,0,1,,,text,Mistral
12946,-53,153,0,0,1,,,text,Mistral
12947,-53,155,0,0,1,,,text,Mistral
12948,-53,157,0,0,1,,,text,Mistral
12949,-53,159,0,0,1,,,text,Mistral
12950,-53,161,0,0,1,,,text,Mistral
12951,-53,163,0,0,1,,,text,Mistral
12952,-53,165,0,0,1,,,text,Mistral
12953,-53,167,0,0,1,,,text,Mistral
12954,-53,169,0,0,1,,,text,Mistral
12955,-53,171,0,0,1,,,text,Mistral
12956,-53,173,0,0,1,,,text,Mistral
12957,-53,175,0,0,1,,,text,Mistral
12958,-53,177,0,0,1,,,text,Mistral
12959,-53,179,0,0,1,,,text,Mistral
12960,-55,-179,0,0,1,,,text,Mistral
12961,-55,-177,0,0,1,,,text,Mistral
12962,-55,-175,0,0,1,,,text,Mistral
12963,-55,-173,0,0,0,,,text,Mistral
12964,-55,-171,0,0,1,,,text,Mistral
12965,-55,-169,0,0,1,,,text,Mistral
12966,-55,-167,0,0,1,,,text,Mistral
12967,-55,-165,0,0,1,,,text,Mistral
12968,-55,-163,0,0,1,,,text,Mistral
12969,-55,-161,0,0,1,,,text,Mistral
12970,-55,-159,0,0,1,,,text,Mistral
12971,-55,-157,0,0,1,,,text,Mistral
12972,-55,-155,0,0,0,,,text,Mistral
12973,-55,-153,0,0,0,,,text,Mistral
12974,-55,-151,0,0,1,,,text,Mistral
12975,-55,-149,0,0,1,,,text,Mistral
12976,-55,-147,0,0,1,,,text,Mistral
12977,-55,-145,0,0,1,,,text,Mistral
12978,-55,-143,0,0,1,,,text,Mistral
12979,-55,-141,0,0,1,,,text,Mistral
12980,-55,-139,0,0,1,,,text,Mistral
12981,-55,-137,0,0,1,,,text,Mistral
12982,-55,-135,0,0,1,,,text,Mistral
12983,-55,-133,0,0,1,,,text,Mistral
12984,-55,-131,0,0,1,,,text,Mistral
12985,-55,-129,0,0,1,,,text,Mistral
12986,-55,-127,0,0,1,,,text,Mistral
12987,-55,-125,0,0,1,,,text,Mistral
12988,-55,-123,0,0,1,,,text,Mistral
12989,-55,-121,0,0,1,,,text,Mistral
12990,-55,-119,0,0,1,,,text,Mistral
12991,-55,-117,0,0,1,,,text,Mistral
12992,-55,-115,0,0,1,,,text,Mistral
12993,-55,-113,0,0,1,,,text,Mistral
12994,-55,-111,0,0,1,,,text,Mistral
12995,-55,-109,0,0,1,,,text,Mistral
12996,-55,-107,0,0,1,,,text,Mistral
12997,-55,-105,0,0,1,,,text,Mistral
12998,-55,-103,0,0,1,,,text,Mistral
12999,-55,-101,0,0,1,,,text,Mistral
13000,-55,-99,0,0,1,,,text,Mistral
13001,-55,-97,0,0,1,,,text,Mistral
13002,-55,-95,0,0,1,,,text,Mistral
13003,-55,-93,0,0,1,,,text,Mistral
13004,-55,-91,0,0,1,,,text,Mistral
13005,-55,-89,0,0,1,,,text,Mistral
13006,-55,-87,0,0,1,,,text,Mistral
13007,-55,-85,0,0,1,,,text,Mistral
13008,-55,-83,0,0,1,,,text,Mistral
13009,-55,-81,0,0,1,,,text,Mistral
13010,-55,-79,0,0,1,,,text,Mistral
13011,-55,-77,0,0,1,,,text,Mistral
13012,-55,-75,0,0,1,,,text,Mistral
13013,-55,-73,0,0,1,,,text,Mistral
13014,-55,-71,0,0,1,,,text,Mistral
13015,-55,-69,1,1,1,,,text,Mistral
13016,-55,-67,0,0,1,,,text,Mistral
13017,-55,-65,0,0,1,,,text,Mistral
13018,-55,-63,0,0,1,,,text,Mistral
13019,-55,-61,0,0,1,,,text,Mistral
13020,-55,-59,0,0,1,,,text,Mistral
13021,-55,-57,0,0,1,,,text,Mistral
13022,-55,-55,0,0,1,,,text,Mistral
13023,-55,-53,0,0,1,,,text,Mistral
13024,-55,-51,0,0,1,,,text,Mistral
13025,-55,-49,0,0,1,,,text,Mistral
13026,-55,-47,0,0,1,,,text,Mistral
13027,-55,-45,0,0,1,,,text,Mistral
13028,-55,-43,0,0,1,,,text,Mistral
13029,-55,-41,0,0,1,,,text,Mistral
13030,-55,-39,0,0,1,,,text,Mistral
13031,-55,-37,0,0,1,,,text,Mistral
13032,-55,-35,0,0,1,,,text,Mistral
13033,-55,-33,0,0,1,,,text,Mistral
13034,-55,-31,0,0,1,,,text,Mistral
13035,-55,-29,0,0,1,,,text,Mistral
13036,-55,-27,0,0,1,,,text,Mistral
13037,-55,-25,0,0,1,,,text,Mistral
13038,-55,-23,0,0,1,,,text,Mistral
13039,-55,-21,0,0,1,,,text,Mistral
13040,-55,-19,0,0,1,,,text,Mistral
13041,-55,-17,0,0,1,,,text,Mistral
13042,-55,-15,0,0,1,,,text,Mistral
13043,-55,-13,0,0,1,,,text,Mistral
13044,-55,-11,0,0,1,,,text,Mistral
13045,-55,-9,0,0,1,,,text,Mistral
13046,-55,-7,0,0,1,,,text,Mistral
13047,-55,-5,0,0,1,,,text,Mistral
13048,-55,-3,0,0,1,,,text,Mistral
13049,-55,-1,0,0,1,,,text,Mistral
13050,-55,1,0,0,1,,,text,Mistral
13051,-55,3,0,0,1,,,text,Mistral
13052,-55,5,0,0,1,,,text,Mistral
13053,-55,7,0,0,1,,,text,Mistral
13054,-55,9,0,0,1,,,text,Mistral
13055,-55,11,0,0,1,,,text,Mistral
13056,-55,13,0,0,1,,,text,Mistral
13057,-55,15,0,0,1,,,text,Mistral
13058,-55,17,0,0,1,,,text,Mistral
13059,-55,19,0,0,1,,,text,Mistral
13060,-55,21,0,0,1,,,text,Mistral
13061,-55,23,0,0,1,,,text,Mistral
13062,-55,25,0,0,1,,,text,Mistral
13063,-55,27,0,0,1,,,text,Mistral
13064,-55,29,0,0,1,,,text,Mistral
13065,-55,31,0,0,1,,,text,Mistral
13066,-55,33,0,0,1,,,text,Mistral
13067,-55,35,0,0,1,,,text,Mistral
13068,-55,37,0,0,1,,,text,Mistral
13069,-55,39,0,0,1,,,text,Mistral
13070,-55,41,0,0,1,,,text,Mistral
13071,-55,43,0,0,1,,,text,Mistral
13072,-55,45,0,0,1,,,text,Mistral
13073,-55,47,0,0,1,,,text,Mistral
13074,-55,49,0,0,1,,,text,Mistral
13075,-55,51,0,0,1,,,text,Mistral
13076,-55,53,0,0,1,,,text,Mistral
13077,-55,55,0,0,1,,,text,Mistral
13078,-55,57,0,0,1,,,text,Mistral
13079,-55,59,0,0,1,,,text,Mistral
13080,-55,61,0,0,1,,,text,Mistral
13081,-55,63,0,0,1,,,text,Mistral
13082,-55,65,0,0,1,,,text,Mistral
13083,-55,67,0,0,1,,,text,Mistral
13084,-55,69,0,0,1,,,text,Mistral
13085,-55,71,0,0,1,,,text,Mistral
13086,-55,73,0,0,1,,,text,Mistral
13087,-55,75,0,0,1,,,text,Mistral
13088,-55,77,0,0,1,,,text,Mistral
13089,-55,79,0,0,1,,,text,Mistral
13090,-55,81,0,0,1,,,text,Mistral
13091,-55,83,0,0,1,,,text,Mistral
13092,-55,85,0,0,1,,,text,Mistral
13093,-55,87,0,0,1,,,text,Mistral
13094,-55,89,0,0,1,,,text,Mistral
13095,-55,91,0,0,1,,,text,Mistral
13096,-55,93,0,0,1,,,text,Mistral
13097,-55,95,0,0,1,,,text,Mistral
13098,-55,97,0,0,1,,,text,Mistral
13099,-55,99,0,0,1,,,text,Mistral
13100,-55,101,0,0,1,,,text,Mistral
13101,-55,103,0,0,1,,,text,Mistral
13102,-55,105,0,0,1,,,text,Mistral
13103,-55,107,0,0,1,,,text,Mistral
13104,-55,109,0,0,1,,,text,Mistral
13105,-55,111,0,0,1,,,text,Mistral
13106,-55,113,0,0,1,,,text,Mistral
13107,-55,115,0,0,1,,,text,Mistral
13108,-55,117,0,0,1,,,text,Mistral
13109,-55,119,0,0,1,,,text,Mistral
13110,-55,121,0,0,1,,,text,Mistral
13111,-55,123,0,0,1,,,text,Mistral
13112,-55,125,0,0,1,,,text,Mistral
13113,-55,127,0,0,0,,,text,Mistral
13114,-55,129,0,0,1,,,text,Mistral
13115,-55,131,0,0,1,,,text,Mistral
13116,-55,133,0,0,1,,,text,Mistral
13117,-55,135,0,0,1,,,text,Mistral
13118,-55,137,0,0,1,,,text,Mistral
13119,-55,139,0,0,1,,,text,Mistral
13120,-55,141,0,0,1,,,text,Mistral
13121,-55,143,0,0,1,,,text,Mistral
13122,-55,145,0,0,1,,,text,Mistral
13123,-55,147,0,0,0,,,text,Mistral
13124,-55,149,0,0,1,,,text,Mistral
13125,-55,151,0,0,1,,,text,Mistral
13126,-55,153,0,0,1,,,text,Mistral
13127,-55,155,0,0,1,,,text,Mistral
13128,-55,157,0,0,1,,,text,Mistral
13129,-55,159,0,0,1,,,text,Mistral
13130,-55,161,0,0,1,,,text,Mistral
13131,-55,163,0,0,1,,,text,Mistral
13132,-55,165,0,0,1,,,text,Mistral
13133,-55,167,0,0,1,,,text,Mistral
13134,-55,169,0,0,1,,,text,Mistral
13135,-55,171,0,0,1,,,text,Mistral
13136,-55,173,0,0,1,,,text,Mistral
13137,-55,175,0,0,1,,,text,Mistral
13138,-55,177,0,0,0,,,text,Mistral
13139,-55,179,0,0,1,,,text,Mistral
13140,-57,-179,0,0,1,,,text,Mistral
13141,-57,-177,0,0,1,,,text,Mistral
13142,-57,-175,0,0,1,,,text,Mistral
13143,-57,-173,0,0,1,,,text,Mistral
13144,-57,-171,0,0,1,,,text,Mistral
13145,-57,-169,0,0,1,,,text,Mistral
13146,-57,-167,0,0,1,,,text,Mistral
13147,-57,-165,0,0,1,,,text,Mistral
13148,-57,-163,0,0,1,,,text,Mistral
13149,-57,-161,0,0,1,,,text,Mistral
13150,-57,-159,0,0,1,,,text,Mistral
13151,-57,-157,0,0,1,,,text,Mistral
13152,-57,-155,0,0,1,,,text,Mistral
13153,-57,-153,0,0,0,,,text,Mistral
13154,-57,-151,0,0,1,,,text,Mistral
13155,-57,-149,0,0,1,,,text,Mistral
13156,-57,-147,0,0,1,,,text,Mistral
13157,-57,-145,0,0,1,,,text,Mistral
13158,-57,-143,0,0,1,,,text,Mistral
13159,-57,-141,0,0,1,,,text,Mistral
13160,-57,-139,0,0,1,,,text,Mistral
13161,-57,-137,0,0,1,,,text,Mistral
13162,-57,-135,0,0,1,,,text,Mistral
13163,-57,-133,0,0,1,,,text,Mistral
13164,-57,-131,0,0,1,,,text,Mistral
13165,-57,-129,0,0,1,,,text,Mistral
13166,-57,-127,0,0,1,,,text,Mistral
13167,-57,-125,0,0,1,,,text,Mistral
13168,-57,-123,0,0,1,,,text,Mistral
13169,-57,-121,0,0,1,,,text,Mistral
13170,-57,-119,0,0,1,,,text,Mistral
13171,-57,-117,0,0,1,,,text,Mistral
13172,-57,-115,0,0,1,,,text,Mistral
13173,-57,-113,0,0,1,,,text,Mistral
13174,-57,-111,0,0,1,,,text,Mistral
13175,-57,-109,0,0,1,,,text,Mistral
13176,-57,-107,0,0,1,,,text,Mistral
13177,-57,-105,0,0,1,,,text,Mistral
13178,-57,-103,0,0,1,,,text,Mistral
13179,-57,-101,0,0,1,,,text,Mistral
13180,-57,-99,0,0,1,,,text,Mistral
13181,-57,-97,0,0,1,,,text,Mistral
13182,-57,-95,0,0,1,,,text,Mistral
13183,-57,-93,0,0,1,,,text,Mistral
13184,-57,-91,0,0,1,,,text,Mistral
13185,-57,-89,0,0,1,,,text,Mistral
13186,-57,-87,0,0,1,,,text,Mistral
13187,-57,-85,0,0,1,,,text,Mistral
13188,-57,-83,0,0,1,,,text,Mistral
13189,-57,-81,0,0,1,,,text,Mistral
13190,-57,-79,0,0,1,,,text,Mistral
13191,-57,-77,0,0,1,,,text,Mistral
13192,-57,-75,0,0,1,,,text,Mistral
13193,-57,-73,0,0,1,,,text,Mistral
13194,-57,-71,0,0,1,,,text,Mistral
13195,-57,-69,0,0,1,,,text,Mistral
13196,-57,-67,0,0,1,,,text,Mistral
13197,-57,-65,0,0,1,,,text,Mistral
13198,-57,-63,0,0,1,,,text,Mistral
13199,-57,-61,0,0,1,,,text,Mistral
13200,-57,-59,0,0,1,,,text,Mistral
13201,-57,-57,0,0,1,,,text,Mistral
13202,-57,-55,0,0,1,,,text,Mistral
13203,-57,-53,0,0,1,,,text,Mistral
13204,-57,-51,0,0,1,,,text,Mistral
13205,-57,-49,0,0,1,,,text,Mistral
13206,-57,-47,0,0,1,,,text,Mistral
13207,-57,-45,0,0,1,,,text,Mistral
13208,-57,-43,0,0,1,,,text,Mistral
13209,-57,-41,0,0,1,,,text,Mistral
13210,-57,-39,0,0,1,,,text,Mistral
13211,-57,-37,0,0,1,,,text,Mistral
13212,-57,-35,0,0,1,,,text,Mistral
13213,-57,-33,0,0,1,,,text,Mistral
13214,-57,-31,0,0,1,,,text,Mistral
13215,-57,-29,0,0,1,,,text,Mistral
13216,-57,-27,0,0,1,,,text,Mistral
13217,-57,-25,0,0,1,,,text,Mistral
13218,-57,-23,0,0,1,,,text,Mistral
13219,-57,-21,0,0,1,,,text,Mistral
13220,-57,-19,0,0,1,,,text,Mistral
13221,-57,-17,0,0,1,,,text,Mistral
13222,-57,-15,0,0,1,,,text,Mistral
13223,-57,-13,0,0,1,,,text,Mistral
13224,-57,-11,0,0,1,,,text,Mistral
13225,-57,-9,0,0,1,,,text,Mistral
13226,-57,-7,0,0,1,,,text,Mistral
13227,-57,-5,0,0,1,,,text,Mistral
13228,-57,-3,0,0,1,,,text,Mistral
13229,-57,-1,0,0,1,,,text,Mistral
13230,-57,1,0,0,1,,,text,Mistral
13231,-57,3,0,0,1,,,text,Mistral
13232,-57,5,0,0,1,,,text,Mistral
13233,-57,7,0,0,1,,,text,Mistral
13234,-57,9,0,0,1,,,text,Mistral
13235,-57,11,0,0,1,,,text,Mistral
13236,-57,13,0,0,1,,,text,Mistral
13237,-57,15,0,0,1,,,text,Mistral
13238,-57,17,0,0,1,,,text,Mistral
13239,-57,19,0,0,1,,,text,Mistral
13240,-57,21,0,0,1,,,text,Mistral
13241,-57,23,0,0,1,,,text,Mistral
13242,-57,25,0,0,1,,,text,Mistral
13243,-57,27,0,0,1,,,text,Mistral
13244,-57,29,0,0,1,,,text,Mistral
13245,-57,31,0,0,1,,,text,Mistral
13246,-57,33,0,0,1,,,text,Mistral
13247,-57,35,0,0,1,,,text,Mistral
13248,-57,37,0,0,1,,,text,Mistral
13249,-57,39,0,0,1,,,text,Mistral
13250,-57,41,0,0,1,,,text,Mistral
13251,-57,43,0,0,1,,,text,Mistral
13252,-57,45,0,0,1,,,text,Mistral
13253,-57,47,0,0,1,,,text,Mistral
13254,-57,49,0,0,1,,,text,Mistral
13255,-57,51,0,0,1,,,text,Mistral
13256,-57,53,0,0,1,,,text,Mistral
13257,-57,55,0,0,1,,,text,Mistral
13258,-57,57,0,0,1,,,text,Mistral
13259,-57,59,0,0,1,,,text,Mistral
13260,-57,61,0,0,1,,,text,Mistral
13261,-57,63,0,0,1,,,text,Mistral
13262,-57,65,0,0,1,,,text,Mistral
13263,-57,67,0,0,1,,,text,Mistral
13264,-57,69,0,0,1,,,text,Mistral
13265,-57,71,0,0,1,,,text,Mistral
13266,-57,73,0,0,1,,,text,Mistral
13267,-57,75,0,0,1,,,text,Mistral
13268,-57,77,0,0,1,,,text,Mistral
13269,-57,79,0,0,1,,,text,Mistral
13270,-57,81,0,0,1,,,text,Mistral
13271,-57,83,0,0,1,,,text,Mistral
13272,-57,85,0,0,1,,,text,Mistral
13273,-57,87,0,0,1,,,text,Mistral
13274,-57,89,0,0,1,,,text,Mistral
13275,-57,91,0,0,1,,,text,Mistral
13276,-57,93,0,0,1,,,text,Mistral
13277,-57,95,0,0,1,,,text,Mistral
13278,-57,97,0,0,1,,,text,Mistral
13279,-57,99,0,0,1,,,text,Mistral
13280,-57,101,0,0,1,,,text,Mistral
13281,-57,103,0,0,1,,,text,Mistral
13282,-57,105,0,0,1,,,text,Mistral
13283,-57,107,0,0,1,,,text,Mistral
13284,-57,109,0,0,1,,,text,Mistral
13285,-57,111,0,0,1,,,text,Mistral
13286,-57,113,0,0,1,,,text,Mistral
13287,-57,115,0,0,1,,,text,Mistral
13288,-57,117,0,0,1,,,text,Mistral
13289,-57,119,0,0,1,,,text,Mistral
13290,-57,121,0,0,1,,,text,Mistral
13291,-57,123,0,0,1,,,text,Mistral
13292,-57,125,0,0,1,,,text,Mistral
13293,-57,127,0,0,1,,,text,Mistral
13294,-57,129,0,0,1,,,text,Mistral
13295,-57,131,0,0,1,,,text,Mistral
13296,-57,133,0,0,1,,,text,Mistral
13297,-57,135,0,0,1,,,text,Mistral
13298,-57,137,0,0,1,,,text,Mistral
13299,-57,139,0,0,1,,,text,Mistral
13300,-57,141,0,0,1,,,text,Mistral
13301,-57,143,0,0,1,,,text,Mistral
13302,-57,145,0,0,1,,,text,Mistral
13303,-57,147,0,0,1,,,text,Mistral
13304,-57,149,0,0,1,,,text,Mistral
13305,-57,151,0,0,1,,,text,Mistral
13306,-57,153,0,0,1,,,text,Mistral
13307,-57,155,0,0,1,,,text,Mistral
13308,-57,157,0,0,1,,,text,Mistral
13309,-57,159,0,0,1,,,text,Mistral
13310,-57,161,0,0,1,,,text,Mistral
13311,-57,163,0,0,1,,,text,Mistral
13312,-57,165,0,0,1,,,text,Mistral
13313,-57,167,0,0,1,,,text,Mistral
13314,-57,169,0,0,1,,,text,Mistral
13315,-57,171,0,0,1,,,text,Mistral
13316,-57,173,0,0,1,,,text,Mistral
13317,-57,175,0,0,1,,,text,Mistral
13318,-57,177,0,0,1,,,text,Mistral
13319,-57,179,0,0,0,,,text,Mistral
13320,-59,-179,0,0,0,,,text,Mistral
13321,-59,-177,0,0,0,,,text,Mistral
13322,-59,-175,0,0,0,,,text,Mistral
13323,-59,-173,0,0,0,,,text,Mistral
13324,-59,-171,0,0,0,,,text,Mistral
13325,-59,-169,0,0,1,,,text,Mistral
13326,-59,-167,0,0,0,,,text,Mistral
13327,-59,-165,0,0,1,,,text,Mistral
13328,-59,-163,0,0,1,,,text,Mistral
13329,-59,-161,0,0,1,,,text,Mistral
13330,-59,-159,0,0,0,,,text,Mistral
13331,-59,-157,0,0,0,,,text,Mistral
13332,-59,-155,0,0,0,,,text,Mistral
13333,-59,-153,0,0,0,,,text,Mistral
13334,-59,-151,0,0,1,,,text,Mistral
13335,-59,-149,0,0,0,,,text,Mistral
13336,-59,-147,0,0,0,,,text,Mistral
13337,-59,-145,0,0,1,,,text,Mistral
13338,-59,-143,0,0,1,,,text,Mistral
13339,-59,-141,0,0,0,,,text,Mistral
13340,-59,-139,0,0,1,,,text,Mistral
13341,-59,-137,0,0,1,,,text,Mistral
13342,-59,-135,0,0,1,,,text,Mistral
13343,-59,-133,0,0,1,,,text,Mistral
13344,-59,-131,0,0,1,,,text,Mistral
13345,-59,-129,0,0,1,,,text,Mistral
13346,-59,-127,0,0,1,,,text,Mistral
13347,-59,-125,0,0,1,,,text,Mistral
13348,-59,-123,0,0,1,,,text,Mistral
13349,-59,-121,0,0,1,,,text,Mistral
13350,-59,-119,0,0,1,,,text,Mistral
13351,-59,-117,0,0,1,,,text,Mistral
13352,-59,-115,0,0,1,,,text,Mistral
13353,-59,-113,0,0,1,,,text,Mistral
13354,-59,-111,0,0,1,,,text,Mistral
13355,-59,-109,0,0,1,,,text,Mistral
13356,-59,-107,0,0,1,,,text,Mistral
13357,-59,-105,0,0,1,,,text,Mistral
13358,-59,-103,0,0,1,,,text,Mistral
13359,-59,-101,0,0,1,,,text,Mistral
13360,-59,-99,0,0,1,,,text,Mistral
13361,-59,-97,0,0,1,,,text,Mistral
13362,-59,-95,0,0,1,,,text,Mistral
13363,-59,-93,0,0,1,,,text,Mistral
13364,-59,-91,0,0,1,,,text,Mistral
13365,-59,-89,0,0,0,,,text,Mistral
13366,-59,-87,0,0,1,,,text,Mistral
13367,-59,-85,0,0,1,,,text,Mistral
13368,-59,-83,0,0,1,,,text,Mistral
13369,-59,-81,0,0,1,,,text,Mistral
13370,-59,-79,0,0,1,,,text,Mistral
13371,-59,-77,0,0,1,,,text,Mistral
13372,-59,-75,0,0,1,,,text,Mistral
13373,-59,-73,0,0,1,,,text,Mistral
13374,-59,-71,0,0,1,,,text,Mistral
13375,-59,-69,0,0,1,,,text,Mistral
13376,-59,-67,0,0,1,,,text,Mistral
13377,-59,-65,0,0,1,,,text,Mistral
13378,-59,-63,0,0,0,,,text,Mistral
13379,-59,-61,0,0,0,,,text,Mistral
13380,-59,-59,0,0,1,,,text,Mistral
13381,-59,-57,0,0,1,,,text,Mistral
13382,-59,-55,0,0,1,,,text,Mistral
13383,-59,-53,0,0,1,,,text,Mistral
13384,-59,-51,0,0,1,,,text,Mistral
13385,-59,-49,0,0,1,,,text,Mistral
13386,-59,-47,0,0,1,,,text,Mistral
13387,-59,-45,0,0,1,,,text,Mistral
13388,-59,-43,0,0,1,,,text,Mistral
13389,-59,-41,0,0,1,,,text,Mistral
13390,-59,-39,0,0,1,,,text,Mistral
13391,-59,-37,0,0,1,,,text,Mistral
13392,-59,-35,0,0,1,,,text,Mistral
13393,-59,-33,0,0,1,,,text,Mistral
13394,-59,-31,0,0,1,,,text,Mistral
13395,-59,-29,0,0,1,,,text,Mistral
13396,-59,-27,0,0,1,,,text,Mistral
13397,-59,-25,0,0,1,,,text,Mistral
13398,-59,-23,0,0,1,,,text,Mistral
13399,-59,-21,0,0,1,,,text,Mistral
13400,-59,-19,0,0,1,,,text,Mistral
13401,-59,-17,0,0,1,,,text,Mistral
13402,-59,-15,0,0,1,,,text,Mistral
13403,-59,-13,0,0,1,,,text,Mistral
13404,-59,-11,0,0,1,,,text,Mistral
13405,-59,-9,0,0,1,,,text,Mistral
13406,-59,-7,0,0,1,,,text,Mistral
13407,-59,-5,0,0,1,,,text,Mistral
13408,-59,-3,0,0,1,,,text,Mistral
13409,-59,-1,0,0,1,,,text,Mistral
13410,-59,1,0,0,1,,,text,Mistral
13411,-59,3,0,0,1,,,text,Mistral
13412,-59,5,0,0,1,,,text,Mistral
13413,-59,7,0,0,1,,,text,Mistral
13414,-59,9,0,0,1,,,text,Mistral
13415,-59,11,0,0,1,,,text,Mistral
13416,-59,13,0,0,1,,,text,Mistral
13417,-59,15,0,0,1,,,text,Mistral
13418,-59,17,0,0,1,,,text,Mistral
13419,-59,19,0,0,1,,,text,Mistral
13420,-59,21,0,0,1,,,text,Mistral
13421,-59,23,0,0,1,,,text,Mistral
13422,-59,25,0,0,1,,,text,Mistral
13423,-59,27,0,0,1,,,text,Mistral
13424,-59,29,0,0,1,,,text,Mistral
13425,-59,31,0,0,1,,,text,Mistral
13426,-59,33,0,0,1,,,text,Mistral
13427,-59,35,0,0,1,,,text,Mistral
13428,-59,37,0,0,1,,,text,Mistral
13429,-59,39,0,0,1,,,text,Mistral
13430,-59,41,0,0,1,,,text,Mistral
13431,-59,43,0,0,1,,,text,Mistral
13432,-59,45,0,0,1,,,text,Mistral
13433,-59,47,0,0,1,,,text,Mistral
13434,-59,49,0,0,1,,,text,Mistral
13435,-59,51,0,0,1,,,text,Mistral
13436,-59,53,0,0,1,,,text,Mistral
13437,-59,55,0,0,1,,,text,Mistral
13438,-59,57,0,0,1,,,text,Mistral
13439,-59,59,0,0,1,,,text,Mistral
13440,-59,61,0,0,1,,,text,Mistral
13441,-59,63,0,0,1,,,text,Mistral
13442,-59,65,0,0,1,,,text,Mistral
13443,-59,67,0,0,1,,,text,Mistral
13444,-59,69,0,0,1,,,text,Mistral
13445,-59,71,0,0,1,,,text,Mistral
13446,-59,73,0,0,1,,,text,Mistral
13447,-59,75,0,0,1,,,text,Mistral
13448,-59,77,0,0,1,,,text,Mistral
13449,-59,79,0,0,1,,,text,Mistral
13450,-59,81,0,0,1,,,text,Mistral
13451,-59,83,0,0,1,,,text,Mistral
13452,-59,85,0,0,1,,,text,Mistral
13453,-59,87,0,0,1,,,text,Mistral
13454,-59,89,0,0,1,,,text,Mistral
13455,-59,91,0,0,1,,,text,Mistral
13456,-59,93,0,0,1,,,text,Mistral
13457,-59,95,0,0,1,,,text,Mistral
13458,-59,97,0,0,1,,,text,Mistral
13459,-59,99,0,0,1,,,text,Mistral
13460,-59,101,0,0,1,,,text,Mistral
13461,-59,103,0,0,1,,,text,Mistral
13462,-59,105,0,0,1,,,text,Mistral
13463,-59,107,0,0,1,,,text,Mistral
13464,-59,109,0,0,1,,,text,Mistral
13465,-59,111,0,0,1,,,text,Mistral
13466,-59,113,0,0,1,,,text,Mistral
13467,-59,115,0,0,1,,,text,Mistral
13468,-59,117,0,0,1,,,text,Mistral
13469,-59,119,0,0,1,,,text,Mistral
13470,-59,121,0,0,1,,,text,Mistral
13471,-59,123,0,0,1,,,text,Mistral
13472,-59,125,0,0,1,,,text,Mistral
13473,-59,127,0,0,0,,,text,Mistral
13474,-59,129,0,0,1,,,text,Mistral
13475,-59,131,0,0,0,,,text,Mistral
13476,-59,133,0,0,1,,,text,Mistral
13477,-59,135,0,0,1,,,text,Mistral
13478,-59,137,0,0,1,,,text,Mistral
13479,-59,139,0,0,1,,,text,Mistral
13480,-59,141,0,0,0,,,text,Mistral
13481,-59,143,0,0,1,,,text,Mistral
13482,-59,145,0,0,1,,,text,Mistral
13483,-59,147,0,0,1,,,text,Mistral
13484,-59,149,0,0,1,,,text,Mistral
13485,-59,151,0,0,1,,,text,Mistral
13486,-59,153,0,0,0,,,text,Mistral
13487,-59,155,0,0,0,,,text,Mistral
13488,-59,157,0,0,0,,,text,Mistral
13489,-59,159,0,0,0,,,text,Mistral
13490,-59,161,0,0,1,,,text,Mistral
13491,-59,163,0,0,0,,,text,Mistral
13492,-59,165,0,0,1,,,text,Mistral
13493,-59,167,0,0,1,,,text,Mistral
13494,-59,169,0,0,1,,,text,Mistral
13495,-59,171,0,0,1,,,text,Mistral
13496,-59,173,0,0,0,,,text,Mistral
13497,-59,175,0,0,1,,,text,Mistral
13498,-59,177,0,0,1,,,text,Mistral
13499,-59,179,0,0,0,,,text,Mistral
13500,-61,-179,0,0,0,,,text,Mistral
13501,-61,-177,0,0,0,,,text,Mistral
13502,-61,-175,0,0,1,,,text,Mistral
13503,-61,-173,0,0,1,,,text,Mistral
13504,-61,-171,0,0,0,,,text,Mistral
13505,-61,-169,0,0,1,,,text,Mistral
13506,-61,-167,0,0,1,,,text,Mistral
13507,-61,-165,0,0,1,,,text,Mistral
13508,-61,-163,0,0,1,,,text,Mistral
13509,-61,-161,0,0,0,,,text,Mistral
13510,-61,-159,0,0,1,,,text,Mistral
13511,-61,-157,0,0,0,,,text,Mistral
13512,-61,-155,0,0,1,,,text,Mistral
13513,-61,-153,0,0,1,,,text,Mistral
13514,-61,-151,0,0,1,,,text,Mistral
13515,-61,-149,0,0,1,,,text,Mistral
13516,-61,-147,0,0,1,,,text,Mistral
13517,-61,-145,0,0,1,,,text,Mistral
13518,-61,-143,0,0,1,,,text,Mistral
13519,-61,-141,0,0,1,,,text,Mistral
13520,-61,-139,0,0,1,,,text,Mistral
13521,-61,-137,0,0,1,,,text,Mistral
13522,-61,-135,0,0,1,,,text,Mistral
13523,-61,-133,0,0,1,,,text,Mistral
13524,-61,-131,0,0,1,,,text,Mistral
13525,-61,-129,0,0,0,,,text,Mistral
13526,-61,-127,0,0,0,,,text,Mistral
13527,-61,-125,0,0,1,,,text,Mistral
13528,-61,-123,0,0,1,,,text,Mistral
13529,-61,-121,0,0,0,,,text,Mistral
13530,-61,-119,0,0,1,,,text,Mistral
13531,-61,-117,0,0,1,,,text,Mistral
13532,-61,-115,0,0,1,,,text,Mistral
13533,-61,-113,0,0,1,,,text,Mistral
13534,-61,-111,0,0,1,,,text,Mistral
13535,-61,-109,0,0,1,,,text,Mistral
13536,-61,-107,0,0,1,,,text,Mistral
13537,-61,-105,0,0,1,,,text,Mistral
13538,-61,-103,0,0,1,,,text,Mistral
13539,-61,-101,0,0,1,,,text,Mistral
13540,-61,-99,0,0,1,,,text,Mistral
13541,-61,-97,0,0,1,,,text,Mistral
13542,-61,-95,0,0,1,,,text,Mistral
13543,-61,-93,0,0,1,,,text,Mistral
13544,-61,-91,0,0,1,,,text,Mistral
13545,-61,-89,0,0,1,,,text,Mistral
13546,-61,-87,0,0,1,,,text,Mistral
13547,-61,-85,0,0,0,,,text,Mistral
13548,-61,-83,0,0,1,,,text,Mistral
13549,-61,-81,0,0,0,,,text,Mistral
13550,-61,-79,0,0,1,,,text,Mistral
13551,-61,-77,0,0,1,,,text,Mistral
13552,-61,-75,0,0,1,,,text,Mistral
13553,-61,-73,0,0,1,,,text,Mistral
13554,-61,-71,0,0,0,,,text,Mistral
13555,-61,-69,0,0,1,,,text,Mistral
13556,-61,-67,0,0,0,,,text,Mistral
13557,-61,-65,0,0,0,,,text,Mistral
13558,-61,-63,0,0,1,,,text,Mistral
13559,-61,-61,0,0,1,,,text,Mistral
13560,-61,-59,0,0,1,,,text,Mistral
13561,-61,-57,0,0,1,,,text,Mistral
13562,-61,-55,0,0,1,,,text,Mistral
13563,-61,-53,0,0,1,,,text,Mistral
13564,-61,-51,0,0,1,,,text,Mistral
13565,-61,-49,0,0,1,,,text,Mistral
13566,-61,-47,0,0,1,,,text,Mistral
13567,-61,-45,0,0,1,,,text,Mistral
13568,-61,-43,0,0,1,,,text,Mistral
13569,-61,-41,0,0,0,,,text,Mistral
13570,-61,-39,0,0,1,,,text,Mistral
13571,-61,-37,0,0,1,,,text,Mistral
13572,-61,-35,0,0,1,,,text,Mistral
13573,-61,-33,0,0,1,,,text,Mistral
13574,-61,-31,0,0,1,,,text,Mistral
13575,-61,-29,0,0,1,,,text,Mistral
13576,-61,-27,0,0,1,,,text,Mistral
13577,-61,-25,0,0,1,,,text,Mistral
13578,-61,-23,0,0,1,,,text,Mistral
13579,-61,-21,0,0,1,,,text,Mistral
13580,-61,-19,0,0,1,,,text,Mistral
13581,-61,-17,0,0,1,,,text,Mistral
13582,-61,-15,0,0,1,,,text,Mistral
13583,-61,-13,0,0,1,,,text,Mistral
13584,-61,-11,0,0,1,,,text,Mistral
13585,-61,-9,0,0,1,,,text,Mistral
13586,-61,-7,0,0,1,,,text,Mistral
13587,-61,-5,0,0,1,,,text,Mistral
13588,-61,-3,0,0,1,,,text,Mistral
13589,-61,-1,0,0,1,,,text,Mistral
13590,-61,1,0,0,1,,,text,Mistral
13591,-61,3,0,0,1,,,text,Mistral
13592,-61,5,0,0,1,,,text,Mistral
13593,-61,7,0,0,1,,,text,Mistral
13594,-61,9,0,0,1,,,text,Mistral
13595,-61,11,0,0,1,,,text,Mistral
13596,-61,13,0,0,1,,,text,Mistral
13597,-61,15,0,0,1,,,text,Mistral
13598,-61,17,0,0,1,,,text,Mistral
13599,-61,19,0,0,1,,,text,Mistral
13600,-61,21,0,0,1,,,text,Mistral
13601,-61,23,0,0,1,,,text,Mistral
13602,-61,25,0,0,1,,,text,Mistral
13603,-61,27,0,0,1,,,text,Mistral
13604,-61,29,0,0,1,,,text,Mistral
13605,-61,31,0,0,1,,,text,Mistral
13606,-61,33,0,0,1,,,text,Mistral
13607,-61,35,0,0,1,,,text,Mistral
13608,-61,37,0,0,1,,,text,Mistral
13609,-61,39,0,0,1,,,text,Mistral
13610,-61,41,0,0,1,,,text,Mistral
13611,-61,43,0,0,1,,,text,Mistral
13612,-61,45,0,0,1,,,text,Mistral
13613,-61,47,0,0,1,,,text,Mistral
13614,-61,49,0,0,1,,,text,Mistral
13615,-61,51,0,0,1,,,text,Mistral
13616,-61,53,0,0,1,,,text,Mistral
13617,-61,55,0,0,1,,,text,Mistral
13618,-61,57,0,0,1,,,text,Mistral
13619,-61,59,0,0,1,,,text,Mistral
13620,-61,61,0,0,1,,,text,Mistral
13621,-61,63,0,0,1,,,text,Mistral
13622,-61,65,0,0,1,,,text,Mistral
13623,-61,67,0,0,1,,,text,Mistral
13624,-61,69,0,0,1,,,text,Mistral
13625,-61,71,0,0,1,,,text,Mistral
13626,-61,73,0,0,1,,,text,Mistral
13627,-61,75,0,0,1,,,text,Mistral
13628,-61,77,0,0,1,,,text,Mistral
13629,-61,79,0,0,1,,,text,Mistral
13630,-61,81,0,0,0,,,text,Mistral
13631,-61,83,0,0,1,,,text,Mistral
13632,-61,85,0,0,1,,,text,Mistral
13633,-61,87,0,0,1,,,text,Mistral
13634,-61,89,0,0,1,,,text,Mistral
13635,-61,91,0,0,1,,,text,Mistral
13636,-61,93,0,0,1,,,text,Mistral
13637,-61,95,0,0,1,,,text,Mistral
13638,-61,97,0,0,1,,,text,Mistral
13639,-61,99,0,0,1,,,text,Mistral
13640,-61,101,0,0,1,,,text,Mistral
13641,-61,103,0,0,1,,,text,Mistral
13642,-61,105,0,0,1,,,text,Mistral
13643,-61,107,0,0,1,,,text,Mistral
13644,-61,109,0,0,1,,,text,Mistral
13645,-61,111,0,0,1,,,text,Mistral
13646,-61,113,0,0,1,,,text,Mistral
13647,-61,115,0,0,1,,,text,Mistral
13648,-61,117,0,0,1,,,text,Mistral
13649,-61,119,0,0,1,,,text,Mistral
13650,-61,121,0,0,1,,,text,Mistral
13651,-61,123,0,0,1,,,text,Mistral
13652,-61,125,0,0,1,,,text,Mistral
13653,-61,127,0,0,1,,,text,Mistral
13654,-61,129,0,0,1,,,text,Mistral
13655,-61,131,0,0,0,,,text,Mistral
13656,-61,133,0,0,1,,,text,Mistral
13657,-61,135,0,0,1,,,text,Mistral
13658,-61,137,0,0,0,,,text,Mistral
13659,-61,139,0,0,1,,,text,Mistral
13660,-61,141,0,0,1,,,text,Mistral
13661,-61,143,0,0,1,,,text,Mistral
13662,-61,145,0,0,1,,,text,Mistral
13663,-61,147,0,0,1,,,text,Mistral
13664,-61,149,0,0,1,,,text,Mistral
13665,-61,151,0,0,1,,,text,Mistral
13666,-61,153,0,0,1,,,text,Mistral
13667,-61,155,0,0,0,,,text,Mistral
13668,-61,157,0,0,1,,,text,Mistral
13669,-61,159,0,0,0,,,text,Mistral
13670,-61,161,0,0,0,,,text,Mistral
13671,-61,163,0,0,0,,,text,Mistral
13672,-61,165,0,0,1,,,text,Mistral
13673,-61,167,0,0,1,,,text,Mistral
13674,-61,169,0,0,1,,,text,Mistral
13675,-61,171,0,0,1,,,text,Mistral
13676,-61,173,0,0,1,,,text,Mistral
13677,-61,175,0,0,0,,,text,Mistral
13678,-61,177,0,0,0,,,text,Mistral
13679,-61,179,0,0,0,,,text,Mistral
13680,-63,-179,0,0,1,,,text,Mistral
13681,-63,-177,0,0,0,,,text,Mistral
13682,-63,-175,0,0,0,,,text,Mistral
13683,-63,-173,0,0,1,,,text,Mistral
13684,-63,-171,0,0,1,,,text,Mistral
13685,-63,-169,0,0,1,,,text,Mistral
13686,-63,-167,0,0,0,,,text,Mistral
13687,-63,-165,0,0,1,,,text,Mistral
13688,-63,-163,0,0,1,,,text,Mistral
13689,-63,-161,0,0,0,,,text,Mistral
13690,-63,-159,0,0,1,,,text,Mistral
13691,-63,-157,0,0,1,,,text,Mistral
13692,-63,-155,0,0,1,,,text,Mistral
13693,-63,-153,0,0,1,,,text,Mistral
13694,-63,-151,0,0,1,,,text,Mistral
13695,-63,-149,0,0,1,,,text,Mistral
13696,-63,-147,0,0,1,,,text,Mistral
13697,-63,-145,0,0,1,,,text,Mistral
13698,-63,-143,0,0,1,,,text,Mistral
13699,-63,-141,0,0,1,,,text,Mistral
13700,-63,-139,0,0,1,,,text,Mistral
13701,-63,-137,0,0,1,,,text,Mistral
13702,-63,-135,0,0,1,,,text,Mistral
13703,-63,-133,0,0,1,,,text,Mistral
13704,-63,-131,0,0,1,,,text,Mistral
13705,-63,-129,0,0,1,,,text,Mistral
13706,-63,-127,0,0,1,,,text,Mistral
13707,-63,-125,0,0,1,,,text,Mistral
13708,-63,-123,0,0,1,,,text,Mistral
13709,-63,-121,0,0,1,,,text,Mistral
13710,-63,-119,0,0,1,,,text,Mistral
13711,-63,-117,0,0,1,,,text,Mistral
13712,-63,-115,0,0,1,,,text,Mistral
13713,-63,-113,0,0,1,,,text,Mistral
13714,-63,-111,0,0,1,,,text,Mistral
13715,-63,-109,0,0,1,,,text,Mistral
13716,-63,-107,0,0,1,,,text,Mistral
13717,-63,-105,0,0,1,,,text,Mistral
13718,-63,-103,0,0,1,,,text,Mistral
13719,-63,-101,0,0,1,,,text,Mistral
13720,-63,-99,0,0,1,,,text,Mistral
13721,-63,-97,0,0,1,,,text,Mistral
13722,-63,-95,0,0,1,,,text,Mistral
13723,-63,-93,0,0,1,,,text,Mistral
13724,-63,-91,0,0,1,,,text,Mistral
13725,-63,-89,0,0,1,,,text,Mistral
13726,-63,-87,0,0,1,,,text,Mistral
13727,-63,-85,0,0,1,,,text,Mistral
13728,-63,-83,0,0,1,,,text,Mistral
13729,-63,-81,0,0,1,,,text,Mistral
13730,-63,-79,0,0,1,,,text,Mistral
13731,-63,-77,0,0,1,,,text,Mistral
13732,-63,-75,0,0,1,,,text,Mistral
13733,-63,-73,0,0,1,,,text,Mistral
13734,-63,-71,0,0,1,,,text,Mistral
13735,-63,-69,0,0,1,,,text,Mistral
13736,-63,-67,0,0,1,,,text,Mistral
13737,-63,-65,0,0,0,,,text,Mistral
13738,-63,-63,0,0,1,,,text,Mistral
13739,-63,-61,0,0,1,,,text,Mistral
13740,-63,-59,0,0,1,,,text,Mistral
13741,-63,-57,0,0,1,,,text,Mistral
13742,-63,-55,0,0,1,,,text,Mistral
13743,-63,-53,0,0,1,,,text,Mistral
13744,-63,-51,0,0,1,,,text,Mistral
13745,-63,-49,0,0,1,,,text,Mistral
13746,-63,-47,0,0,1,,,text,Mistral
13747,-63,-45,0,0,1,,,text,Mistral
13748,-63,-43,0,0,1,,,text,Mistral
13749,-63,-41,0,0,1,,,text,Mistral
13750,-63,-39,0,0,1,,,text,Mistral
13751,-63,-37,0,0,1,,,text,Mistral
13752,-63,-35,0,0,1,,,text,Mistral
13753,-63,-33,0,0,1,,,text,Mistral
13754,-63,-31,0,0,1,,,text,Mistral
13755,-63,-29,0,0,1,,,text,Mistral
13756,-63,-27,0,0,1,,,text,Mistral
13757,-63,-25,0,0,1,,,text,Mistral
13758,-63,-23,0,0,1,,,text,Mistral
13759,-63,-21,0,0,1,,,text,Mistral
13760,-63,-19,0,0,1,,,text,Mistral
13761,-63,-17,0,0,1,,,text,Mistral
13762,-63,-15,0,0,1,,,text,Mistral
13763,-63,-13,0,0,1,,,text,Mistral
13764,-63,-11,0,0,1,,,text,Mistral
13765,-63,-9,0,0,1,,,text,Mistral
13766,-63,-7,0,0,1,,,text,Mistral
13767,-63,-5,0,0,1,,,text,Mistral
13768,-63,-3,0,0,1,,,text,Mistral
13769,-63,-1,0,0,1,,,text,Mistral
13770,-63,1,0,0,1,,,text,Mistral
13771,-63,3,0,0,1,,,text,Mistral
13772,-63,5,0,0,1,,,text,Mistral
13773,-63,7,0,0,1,,,text,Mistral
13774,-63,9,0,0,1,,,text,Mistral
13775,-63,11,0,0,1,,,text,Mistral
13776,-63,13,0,0,1,,,text,Mistral
13777,-63,15,0,0,1,,,text,Mistral
13778,-63,17,0,0,1,,,text,Mistral
13779,-63,19,0,0,1,,,text,Mistral
13780,-63,21,0,0,1,,,text,Mistral
13781,-63,23,0,0,1,,,text,Mistral
13782,-63,25,0,0,1,,,text,Mistral
13783,-63,27,0,0,1,,,text,Mistral
13784,-63,29,0,0,1,,,text,Mistral
13785,-63,31,0,0,1,,,text,Mistral
13786,-63,33,0,0,1,,,text,Mistral
13787,-63,35,0,0,1,,,text,Mistral
13788,-63,37,0,0,1,,,text,Mistral
13789,-63,39,0,0,1,,,text,Mistral
13790,-63,41,0,0,1,,,text,Mistral
13791,-63,43,0,0,1,,,text,Mistral
13792,-63,45,0,0,1,,,text,Mistral
13793,-63,47,0,0,1,,,text,Mistral
13794,-63,49,0,0,1,,,text,Mistral
13795,-63,51,0,0,1,,,text,Mistral
13796,-63,53,0,0,1,,,text,Mistral
13797,-63,55,0,0,1,,,text,Mistral
13798,-63,57,0,0,1,,,text,Mistral
13799,-63,59,0,0,1,,,text,Mistral
13800,-63,61,0,0,1,,,text,Mistral
13801,-63,63,0,0,1,,,text,Mistral
13802,-63,65,0,0,1,,,text,Mistral
13803,-63,67,0,0,1,,,text,Mistral
13804,-63,69,0,0,1,,,text,Mistral
13805,-63,71,0,0,1,,,text,Mistral
13806,-63,73,0,0,1,,,text,Mistral
13807,-63,75,0,0,1,,,text,Mistral
13808,-63,77,0,0,1,,,text,Mistral
13809,-63,79,0,0,1,,,text,Mistral
13810,-63,81,0,0,1,,,text,Mistral
13811,-63,83,0,0,1,,,text,Mistral
13812,-63,85,0,0,1,,,text,Mistral
13813,-63,87,0,0,1,,,text,Mistral
13814,-63,89,0,0,1,,,text,Mistral
13815,-63,91,0,0,1,,,text,Mistral
13816,-63,93,0,0,1,,,text,Mistral
13817,-63,95,0,0,1,,,text,Mistral
13818,-63,97,0,0,1,,,text,Mistral
13819,-63,99,0,0,1,,,text,Mistral
13820,-63,101,0,0,1,,,text,Mistral
13821,-63,103,0,0,1,,,text,Mistral
13822,-63,105,0,0,1,,,text,Mistral
13823,-63,107,0,0,1,,,text,Mistral
13824,-63,109,0,0,1,,,text,Mistral
13825,-63,111,0,0,1,,,text,Mistral
13826,-63,113,0,0,1,,,text,Mistral
13827,-63,115,0,0,1,,,text,Mistral
13828,-63,117,0,0,1,,,text,Mistral
13829,-63,119,0,0,1,,,text,Mistral
13830,-63,121,0,0,1,,,text,Mistral
13831,-63,123,0,0,1,,,text,Mistral
13832,-63,125,0,0,1,,,text,Mistral
13833,-63,127,0,0,1,,,text,Mistral
13834,-63,129,0,0,1,,,text,Mistral
13835,-63,131,0,0,1,,,text,Mistral
13836,-63,133,0,0,1,,,text,Mistral
13837,-63,135,0,0,0,,,text,Mistral
13838,-63,137,0,0,0,,,text,Mistral
13839,-63,139,0,0,1,,,text,Mistral
13840,-63,141,0,0,1,,,text,Mistral
13841,-63,143,0,0,1,,,text,Mistral
13842,-63,145,0,0,1,,,text,Mistral
13843,-63,147,0,0,1,,,text,Mistral
13844,-63,149,0,0,1,,,text,Mistral
13845,-63,151,0,0,1,,,text,Mistral
13846,-63,153,0,0,1,,,text,Mistral
13847,-63,155,0,0,1,,,text,Mistral
13848,-63,157,0,0,1,,,text,Mistral
13849,-63,159,0,0,1,,,text,Mistral
13850,-63,161,0,0,1,,,text,Mistral
13851,-63,163,0,0,0,,,text,Mistral
13852,-63,165,0,0,1,,,text,Mistral
13853,-63,167,0,0,1,,,text,Mistral
13854,-63,169,0,0,1,,,text,Mistral
13855,-63,171,0,0,1,,,text,Mistral
13856,-63,173,0,0,1,,,text,Mistral
13857,-63,175,0,0,1,,,text,Mistral
13858,-63,177,0,0,1,,,text,Mistral
13859,-63,179,0,0,1,,,text,Mistral
13860,-65,-179,0,0,1,,,text,Mistral
13861,-65,-177,0,0,0,,,text,Mistral
13862,-65,-175,0,0,1,,,text,Mistral
13863,-65,-173,0,0,0,,,text,Mistral
13864,-65,-171,0,0,1,,,text,Mistral
13865,-65,-169,0,0,1,,,text,Mistral
13866,-65,-167,0,0,1,,,text,Mistral
13867,-65,-165,0,0,0,,,text,Mistral
13868,-65,-163,0,0,1,,,text,Mistral
13869,-65,-161,0,0,1,,,text,Mistral
13870,-65,-159,0,0,1,,,text,Mistral
13871,-65,-157,0,0,1,,,text,Mistral
13872,-65,-155,0,0,0,,,text,Mistral
13873,-65,-153,0,0,0,,,text,Mistral
13874,-65,-151,0,0,1,,,text,Mistral
13875,-65,-149,0,0,1,,,text,Mistral
13876,-65,-147,0,0,0,,,text,Mistral
13877,-65,-145,0,0,1,,,text,Mistral
13878,-65,-143,0,0,0,,,text,Mistral
13879,-65,-141,0,0,0,,,text,Mistral
13880,-65,-139,0,0,1,,,text,Mistral
13881,-65,-137,0,0,0,,,text,Mistral
13882,-65,-135,0,0,0,,,text,Mistral
13883,-65,-133,0,0,1,,,text,Mistral
13884,-65,-131,0,0,1,,,text,Mistral
13885,-65,-129,0,0,1,,,text,Mistral
13886,-65,-127,0,0,1,,,text,Mistral
13887,-65,-125,0,0,1,,,text,Mistral
13888,-65,-123,0,0,1,,,text,Mistral
13889,-65,-121,0,0,0,,,text,Mistral
13890,-65,-119,0,0,1,,,text,Mistral
13891,-65,-117,0,0,1,,,text,Mistral
13892,-65,-115,0,0,1,,,text,Mistral
13893,-65,-113,0,0,1,,,text,Mistral
13894,-65,-111,0,0,1,,,text,Mistral
13895,-65,-109,0,0,1,,,text,Mistral
13896,-65,-107,0,0,1,,,text,Mistral
13897,-65,-105,0,0,1,,,text,Mistral
13898,-65,-103,0,0,1,,,text,Mistral
13899,-65,-101,0,0,1,,,text,Mistral
13900,-65,-99,0,0,1,,,text,Mistral
13901,-65,-97,0,0,1,,,text,Mistral
13902,-65,-95,0,0,0,,,text,Mistral
13903,-65,-93,0,0,1,,,text,Mistral
13904,-65,-91,0,0,0,,,text,Mistral
13905,-65,-89,0,0,1,,,text,Mistral
13906,-65,-87,0,0,1,,,text,Mistral
13907,-65,-85,0,0,0,,,text,Mistral
13908,-65,-83,0,0,1,,,text,Mistral
13909,-65,-81,0,0,1,,,text,Mistral
13910,-65,-79,0,0,1,,,text,Mistral
13911,-65,-77,0,0,1,,,text,Mistral
13912,-65,-75,0,0,0,,,text,Mistral
13913,-65,-73,0,0,1,,,text,Mistral
13914,-65,-71,0,0,1,,,text,Mistral
13915,-65,-69,0,0,1,,,text,Mistral
13916,-65,-67,0,0,1,,,text,Mistral
13917,-65,-65,0,0,1,,,text,Mistral
13918,-65,-63,1,1,1,,,text,Mistral
13919,-65,-61,0,0,1,,,text,Mistral
13920,-65,-59,0,0,1,,,text,Mistral
13921,-65,-57,0,0,1,,,text,Mistral
13922,-65,-55,0,0,1,,,text,Mistral
13923,-65,-53,0,0,1,,,text,Mistral
13924,-65,-51,0,0,1,,,text,Mistral
13925,-65,-49,0,0,1,,,text,Mistral
13926,-65,-47,0,0,1,,,text,Mistral
13927,-65,-45,0,0,1,,,text,Mistral
13928,-65,-43,0,0,1,,,text,Mistral
13929,-65,-41,0,0,1,,,text,Mistral
13930,-65,-39,0,0,1,,,text,Mistral
13931,-65,-37,0,0,1,,,text,Mistral
13932,-65,-35,0,0,1,,,text,Mistral
13933,-65,-33,0,0,1,,,text,Mistral
13934,-65,-31,0,0,1,,,text,Mistral
13935,-65,-29,0,0,1,,,text,Mistral
13936,-65,-27,0,0,1,,,text,Mistral
13937,-65,-25,0,0,1,,,text,Mistral
13938,-65,-23,0,0,1,,,text,Mistral
13939,-65,-21,0,0,1,,,text,Mistral
13940,-65,-19,0,0,1,,,text,Mistral
13941,-65,-17,0,0,1,,,text,Mistral
13942,-65,-15,0,0,1,,,text,Mistral
13943,-65,-13,0,0,1,,,text,Mistral
13944,-65,-11,0,0,1,,,text,Mistral
13945,-65,-9,0,0,1,,,text,Mistral
13946,-65,-7,0,0,1,,,text,Mistral
13947,-65,-5,0,0,1,,,text,Mistral
13948,-65,-3,0,0,1,,,text,Mistral
13949,-65,-1,0,0,1,,,text,Mistral
13950,-65,1,0,0,1,,,text,Mistral
13951,-65,3,0,0,1,,,text,Mistral
13952,-65,5,0,0,1,,,text,Mistral
13953,-65,7,0,0,1,,,text,Mistral
13954,-65,9,0,0,1,,,text,Mistral
13955,-65,11,0,0,1,,,text,Mistral
13956,-65,13,0,0,1,,,text,Mistral
13957,-65,15,0,0,1,,,text,Mistral
13958,-65,17,0,0,1,,,text,Mistral
13959,-65,19,0,0,1,,,text,Mistral
13960,-65,21,0,0,1,,,text,Mistral
13961,-65,23,0,0,1,,,text,Mistral
13962,-65,25,0,0,1,,,text,Mistral
13963,-65,27,0,0,1,,,text,Mistral
13964,-65,29,0,0,1,,,text,Mistral
13965,-65,31,0,0,1,,,text,Mistral
13966,-65,33,0,0,1,,,text,Mistral
13967,-65,35,0,0,1,,,text,Mistral
13968,-65,37,0,0,1,,,text,Mistral
13969,-65,39,0,0,1,,,text,Mistral
13970,-65,41,0,0,1,,,text,Mistral
13971,-65,43,0,0,1,,,text,Mistral
13972,-65,45,0,0,1,,,text,Mistral
13973,-65,47,0,0,1,,,text,Mistral
13974,-65,49,0,0,1,,,text,Mistral
13975,-65,51,0,0,1,,,text,Mistral
13976,-65,53,0,0,1,,,text,Mistral
13977,-65,55,0,0,1,,,text,Mistral
13978,-65,57,0,0,1,,,text,Mistral
13979,-65,59,0,0,1,,,text,Mistral
13980,-65,61,0,0,1,,,text,Mistral
13981,-65,63,0,0,1,,,text,Mistral
13982,-65,65,0,0,1,,,text,Mistral
13983,-65,67,0,0,1,,,text,Mistral
13984,-65,69,0,0,1,,,text,Mistral
13985,-65,71,0,0,1,,,text,Mistral
13986,-65,73,0,0,1,,,text,Mistral
13987,-65,75,0,0,1,,,text,Mistral
13988,-65,77,0,0,1,,,text,Mistral
13989,-65,79,0,0,1,,,text,Mistral
13990,-65,81,0,0,1,,,text,Mistral
13991,-65,83,0,0,1,,,text,Mistral
13992,-65,85,0,0,1,,,text,Mistral
13993,-65,87,0,0,1,,,text,Mistral
13994,-65,89,0,0,1,,,text,Mistral
13995,-65,91,0,0,1,,,text,Mistral
13996,-65,93,0,0,1,,,text,Mistral
13997,-65,95,0,0,1,,,text,Mistral
13998,-65,97,0,0,1,,,text,Mistral
13999,-65,99,0,0,1,,,text,Mistral
14000,-65,101,0,0,1,,,text,Mistral
14001,-65,103,0,0,1,,,text,Mistral
14002,-65,105,0,0,1,,,text,Mistral
14003,-65,107,0,0,1,,,text,Mistral
14004,-65,109,0,0,1,,,text,Mistral
14005,-65,111,0,0,1,,,text,Mistral
14006,-65,113,0,0,1,,,text,Mistral
14007,-65,115,0,0,1,,,text,Mistral
14008,-65,117,0,0,1,,,text,Mistral
14009,-65,119,0,0,1,,,text,Mistral
14010,-65,121,0,0,1,,,text,Mistral
14011,-65,123,0,0,1,,,text,Mistral
14012,-65,125,0,0,0,,,text,Mistral
14013,-65,127,0,0,0,,,text,Mistral
14014,-65,129,0,0,1,,,text,Mistral
14015,-65,131,0,0,1,,,text,Mistral
14016,-65,133,0,0,1,,,text,Mistral
14017,-65,135,0,0,1,,,text,Mistral
14018,-65,137,0,0,0,,,text,Mistral
14019,-65,139,0,0,1,,,text,Mistral
14020,-65,141,0,0,0,,,text,Mistral
14021,-65,143,0,0,1,,,text,Mistral
14022,-65,145,0,0,1,,,text,Mistral
14023,-65,147,0,0,1,,,text,Mistral
14024,-65,149,0,0,0,,,text,Mistral
14025,-65,151,0,0,1,,,text,Mistral
14026,-65,153,0,0,1,,,text,Mistral
14027,-65,155,0,0,0,,,text,Mistral
14028,-65,157,0,0,1,,,text,Mistral
14029,-65,159,0,0,1,,,text,Mistral
14030,-65,161,0,0,1,,,text,Mistral
14031,-65,163,0,0,1,,,text,Mistral
14032,-65,165,0,0,0,,,text,Mistral
14033,-65,167,0,0,1,,,text,Mistral
14034,-65,169,0,0,1,,,text,Mistral
14035,-65,171,0,0,0,,,text,Mistral
14036,-65,173,0,0,1,,,text,Mistral
14037,-65,175,0,0,0,,,text,Mistral
14038,-65,177,0,0,1,,,text,Mistral
14039,-65,179,0,0,0,,,text,Mistral
14040,-67,-179,0,0,0,,,text,Mistral
14041,-67,-177,0,0,0,,,text,Mistral
14042,-67,-175,0,0,0,,,text,Mistral
14043,-67,-173,0,0,0,,,text,Mistral
14044,-67,-171,0,0,0,,,text,Mistral
14045,-67,-169,0,0,1,,,text,Mistral
14046,-67,-167,0,0,0,,,text,Mistral
14047,-67,-165,0,0,1,,,text,Mistral
14048,-67,-163,0,0,1,,,text,Mistral
14049,-67,-161,0,0,1,,,text,Mistral
14050,-67,-159,0,0,0,,,text,Mistral
14051,-67,-157,0,0,0,,,text,Mistral
14052,-67,-155,0,0,1,,,text,Mistral
14053,-67,-153,0,0,0,,,text,Mistral
14054,-67,-151,0,0,0,,,text,Mistral
14055,-67,-149,0,0,1,,,text,Mistral
14056,-67,-147,0,0,0,,,text,Mistral
14057,-67,-145,0,0,1,,,text,Mistral
14058,-67,-143,0,0,0,,,text,Mistral
14059,-67,-141,0,0,0,,,text,Mistral
14060,-67,-139,0,0,1,,,text,Mistral
14061,-67,-137,0,0,0,,,text,Mistral
14062,-67,-135,0,0,1,,,text,Mistral
14063,-67,-133,0,0,0,,,text,Mistral
14064,-67,-131,0,0,0,,,text,Mistral
14065,-67,-129,0,0,1,,,text,Mistral
14066,-67,-127,0,0,1,,,text,Mistral
14067,-67,-125,0,0,1,,,text,Mistral
14068,-67,-123,0,0,1,,,text,Mistral
14069,-67,-121,0,0,0,,,text,Mistral
14070,-67,-119,0,0,1,,,text,Mistral
14071,-67,-117,0,0,1,,,text,Mistral
14072,-67,-115,0,0,1,,,text,Mistral
14073,-67,-113,0,0,1,,,text,Mistral
14074,-67,-111,0,0,1,,,text,Mistral
14075,-67,-109,0,0,1,,,text,Mistral
14076,-67,-107,0,0,1,,,text,Mistral
14077,-67,-105,0,0,1,,,text,Mistral
14078,-67,-103,0,0,1,,,text,Mistral
14079,-67,-101,0,0,1,,,text,Mistral
14080,-67,-99,0,0,1,,,text,Mistral
14081,-67,-97,0,0,0,,,text,Mistral
14082,-67,-95,0,0,1,,,text,Mistral
14083,-67,-93,0,0,1,,,text,Mistral
14084,-67,-91,0,0,1,,,text,Mistral
14085,-67,-89,0,0,0,,,text,Mistral
14086,-67,-87,0,0,1,,,text,Mistral
14087,-67,-85,0,0,1,,,text,Mistral
14088,-67,-83,0,0,1,,,text,Mistral
14089,-67,-81,0,0,1,,,text,Mistral
14090,-67,-79,0,0,1,,,text,Mistral
14091,-67,-77,0,0,0,,,text,Mistral
14092,-67,-75,0,0,1,,,text,Mistral
14093,-67,-73,0,0,1,,,text,Mistral
14094,-67,-71,0,0,1,,,text,Mistral
14095,-67,-69,0,0,1,,,text,Mistral
14096,-67,-67,1,1,1,,,text,Mistral
14097,-67,-65,1,1,1,,,text,Mistral
14098,-67,-63,0,0,1,,,text,Mistral
14099,-67,-61,0,0,1,,,text,Mistral
14100,-67,-59,0,0,1,,,text,Mistral
14101,-67,-57,0,0,1,,,text,Mistral
14102,-67,-55,0,0,1,,,text,Mistral
14103,-67,-53,0,0,1,,,text,Mistral
14104,-67,-51,0,0,1,,,text,Mistral
14105,-67,-49,0,0,1,,,text,Mistral
14106,-67,-47,0,0,1,,,text,Mistral
14107,-67,-45,0,0,1,,,text,Mistral
14108,-67,-43,0,0,1,,,text,Mistral
14109,-67,-41,0,0,1,,,text,Mistral
14110,-67,-39,0,0,1,,,text,Mistral
14111,-67,-37,0,0,1,,,text,Mistral
14112,-67,-35,0,0,1,,,text,Mistral
14113,-67,-33,0,0,1,,,text,Mistral
14114,-67,-31,0,0,1,,,text,Mistral
14115,-67,-29,0,0,1,,,text,Mistral
14116,-67,-27,0,0,1,,,text,Mistral
14117,-67,-25,0,0,1,,,text,Mistral
14118,-67,-23,0,0,1,,,text,Mistral
14119,-67,-21,0,0,1,,,text,Mistral
14120,-67,-19,0,0,1,,,text,Mistral
14121,-67,-17,0,0,1,,,text,Mistral
14122,-67,-15,0,0,1,,,text,Mistral
14123,-67,-13,0,0,1,,,text,Mistral
14124,-67,-11,0,0,1,,,text,Mistral
14125,-67,-9,0,0,1,,,text,Mistral
14126,-67,-7,0,0,1,,,text,Mistral
14127,-67,-5,0,0,1,,,text,Mistral
14128,-67,-3,0,0,1,,,text,Mistral
14129,-67,-1,0,0,1,,,text,Mistral
14130,-67,1,0,0,1,,,text,Mistral
14131,-67,3,0,0,1,,,text,Mistral
14132,-67,5,0,0,1,,,text,Mistral
14133,-67,7,0,0,1,,,text,Mistral
14134,-67,9,0,0,1,,,text,Mistral
14135,-67,11,0,0,1,,,text,Mistral
14136,-67,13,0,0,1,,,text,Mistral
14137,-67,15,0,0,1,,,text,Mistral
14138,-67,17,0,0,1,,,text,Mistral
14139,-67,19,0,0,1,,,text,Mistral
14140,-67,21,0,0,1,,,text,Mistral
14141,-67,23,0,0,1,,,text,Mistral
14142,-67,25,0,0,1,,,text,Mistral
14143,-67,27,0,0,1,,,text,Mistral
14144,-67,29,0,0,1,,,text,Mistral
14145,-67,31,0,0,1,,,text,Mistral
14146,-67,33,0,0,1,,,text,Mistral
14147,-67,35,0,0,1,,,text,Mistral
14148,-67,37,0,0,1,,,text,Mistral
14149,-67,39,0,0,1,,,text,Mistral
14150,-67,41,0,0,1,,,text,Mistral
14151,-67,43,0,0,1,,,text,Mistral
14152,-67,45,0,0,1,,,text,Mistral
14153,-67,47,0,0,1,,,text,Mistral
14154,-67,49,1,1,1,,,text,Mistral
14155,-67,51,1,1,1,,,text,Mistral
14156,-67,53,1,1,1,,,text,Mistral
14157,-67,55,1,1,1,,,text,Mistral
14158,-67,57,0,0,1,,,text,Mistral
14159,-67,59,0,0,1,,,text,Mistral
14160,-67,61,0,0,1,,,text,Mistral
14161,-67,63,0,0,1,,,text,Mistral
14162,-67,65,0,0,1,,,text,Mistral
14163,-67,67,0,0,1,,,text,Mistral
14164,-67,69,0,0,1,,,text,Mistral
14165,-67,71,0,0,1,,,text,Mistral
14166,-67,73,0,0,1,,,text,Mistral
14167,-67,75,0,0,1,,,text,Mistral
14168,-67,77,0,0,1,,,text,Mistral
14169,-67,79,0,0,1,,,text,Mistral
14170,-67,81,0,0,1,,,text,Mistral
14171,-67,83,0,0,1,,,text,Mistral
14172,-67,85,0,0,1,,,text,Mistral
14173,-67,87,1,1,1,,,text,Mistral
14174,-67,89,1,1,1,,,text,Mistral
14175,-67,91,1,1,1,,,text,Mistral
14176,-67,93,1,1,1,,,text,Mistral
14177,-67,95,1,1,1,,,text,Mistral
14178,-67,97,1,1,1,,,text,Mistral
14179,-67,99,1,1,1,,,text,Mistral
14180,-67,101,1,1,1,,,text,Mistral
14181,-67,103,1,1,1,,,text,Mistral
14182,-67,105,1,1,1,,,text,Mistral
14183,-67,107,1,1,1,,,text,Mistral
14184,-67,109,1,1,1,,,text,Mistral
14185,-67,111,1,1,1,,,text,Mistral
14186,-67,113,1,1,1,,,text,Mistral
14187,-67,115,1,1,1,,,text,Mistral
14188,-67,117,0,0,1,,,text,Mistral
14189,-67,119,0,0,1,,,text,Mistral
14190,-67,121,0,0,1,,,text,Mistral
14191,-67,123,1,1,1,,,text,Mistral
14192,-67,125,1,1,1,,,text,Mistral
14193,-67,127,1,1,1,,,text,Mistral
14194,-67,129,0,0,0,,,text,Mistral
14195,-67,131,1,1,1,,,text,Mistral
14196,-67,133,1,1,0,,,text,Mistral
14197,-67,135,1,1,1,,,text,Mistral
14198,-67,137,1,1,1,,,text,Mistral
14199,-67,139,1,1,1,,,text,Mistral
14200,-67,141,1,1,1,,,text,Mistral
14201,-67,143,1,1,0,,,text,Mistral
14202,-67,145,0,0,1,,,text,Mistral
14203,-67,147,0,0,1,,,text,Mistral
14204,-67,149,0,0,1,,,text,Mistral
14205,-67,151,0,0,1,,,text,Mistral
14206,-67,153,0,0,1,,,text,Mistral
14207,-67,155,0,0,1,,,text,Mistral
14208,-67,157,0,0,1,,,text,Mistral
14209,-67,159,0,0,1,,,text,Mistral
14210,-67,161,0,0,1,,,text,Mistral
14211,-67,163,0,0,1,,,text,Mistral
14212,-67,165,0,0,1,,,text,Mistral
14213,-67,167,0,0,1,,,text,Mistral
14214,-67,169,0,0,1,,,text,Mistral
14215,-67,171,0,0,1,,,text,Mistral
14216,-67,173,0,0,1,,,text,Mistral
14217,-67,175,0,0,1,,,text,Mistral
14218,-67,177,0,0,0,,,text,Mistral
14219,-67,179,0,0,1,,,text,Mistral
14220,-69,-179,0,0,1,,,text,Mistral
14221,-69,-177,0,0,0,,,text,Mistral
14222,-69,-175,0,0,0,,,text,Mistral
14223,-69,-173,0,0,0,,,text,Mistral
14224,-69,-171,0,0,0,,,text,Mistral
14225,-69,-169,0,0,1,,,text,Mistral
14226,-69,-167,0,0,1,,,text,Mistral
14227,-69,-165,0,0,1,,,text,Mistral
14228,-69,-163,0,0,1,,,text,Mistral
14229,-69,-161,0,0,0,,,text,Mistral
14230,-69,-159,0,0,1,,,text,Mistral
14231,-69,-157,0,0,0,,,text,Mistral
14232,-69,-155,0,0,1,,,text,Mistral
14233,-69,-153,0,0,0,,,text,Mistral
14234,-69,-151,0,0,0,,,text,Mistral
14235,-69,-149,0,0,1,,,text,Mistral
14236,-69,-147,0,0,0,,,text,Mistral
14237,-69,-145,0,0,1,,,text,Mistral
14238,-69,-143,0,0,1,,,text,Mistral
14239,-69,-141,0,0,0,,,text,Mistral
14240,-69,-139,0,0,1,,,text,Mistral
14241,-69,-137,0,0,1,,,text,Mistral
14242,-69,-135,0,0,1,,,text,Mistral
14243,-69,-133,0,0,1,,,text,Mistral
14244,-69,-131,0,0,1,,,text,Mistral
14245,-69,-129,0,0,0,,,text,Mistral
14246,-69,-127,0,0,1,,,text,Mistral
14247,-69,-125,0,0,1,,,text,Mistral
14248,-69,-123,0,0,1,,,text,Mistral
14249,-69,-121,0,0,1,,,text,Mistral
14250,-69,-119,0,0,1,,,text,Mistral
14251,-69,-117,0,0,1,,,text,Mistral
14252,-69,-115,0,0,1,,,text,Mistral
14253,-69,-113,0,0,1,,,text,Mistral
14254,-69,-111,0,0,1,,,text,Mistral
14255,-69,-109,0,0,1,,,text,Mistral
14256,-69,-107,0,0,1,,,text,Mistral
14257,-69,-105,0,0,1,,,text,Mistral
14258,-69,-103,0,0,1,,,text,Mistral
14259,-69,-101,0,0,1,,,text,Mistral
14260,-69,-99,0,0,1,,,text,Mistral
14261,-69,-97,0,0,1,,,text,Mistral
14262,-69,-95,0,0,1,,,text,Mistral
14263,-69,-93,0,0,1,,,text,Mistral
14264,-69,-91,0,0,1,,,text,Mistral
14265,-69,-89,0,0,0,,,text,Mistral
14266,-69,-87,0,0,1,,,text,Mistral
14267,-69,-85,0,0,1,,,text,Mistral
14268,-69,-83,0,0,1,,,text,Mistral
14269,-69,-81,0,0,1,,,text,Mistral
14270,-69,-79,0,0,1,,,text,Mistral
14271,-69,-77,0,0,1,,,text,Mistral
14272,-69,-75,0,0,1,,,text,Mistral
14273,-69,-73,0,0,1,,,text,Mistral
14274,-69,-71,1,1,1,,,text,Mistral
14275,-69,-69,0,0,1,,,text,Mistral
14276,-69,-67,0,0,1,,,text,Mistral
14277,-69,-65,1,1,1,,,text,Mistral
14278,-69,-63,0,0,1,,,text,Mistral
14279,-69,-61,0,0,1,,,text,Mistral
14280,-69,-59,0,0,1,,,text,Mistral
14281,-69,-57,0,0,1,,,text,Mistral
14282,-69,-55,0,0,1,,,text,Mistral
14283,-69,-53,0,0,1,,,text,Mistral
14284,-69,-51,0,0,1,,,text,Mistral
14285,-69,-49,0,0,1,,,text,Mistral
14286,-69,-47,0,0,1,,,text,Mistral
14287,-69,-45,0,0,1,,,text,Mistral
14288,-69,-43,0,0,1,,,text,Mistral
14289,-69,-41,0,0,1,,,text,Mistral
14290,-69,-39,0,0,1,,,text,Mistral
14291,-69,-37,0,0,1,,,text,Mistral
14292,-69,-35,0,0,1,,,text,Mistral
14293,-69,-33,0,0,1,,,text,Mistral
14294,-69,-31,0,0,1,,,text,Mistral
14295,-69,-29,0,0,1,,,text,Mistral
14296,-69,-27,0,0,1,,,text,Mistral
14297,-69,-25,0,0,1,,,text,Mistral
14298,-69,-23,0,0,1,,,text,Mistral
14299,-69,-21,0,0,1,,,text,Mistral
14300,-69,-19,0,0,1,,,text,Mistral
14301,-69,-17,0,0,1,,,text,Mistral
14302,-69,-15,0,0,1,,,text,Mistral
14303,-69,-13,0,0,1,,,text,Mistral
14304,-69,-11,0,0,1,,,text,Mistral
14305,-69,-9,0,0,1,,,text,Mistral
14306,-69,-7,0,0,1,,,text,Mistral
14307,-69,-5,0,0,1,,,text,Mistral
14308,-69,-3,0,0,1,,,text,Mistral
14309,-69,-1,0,0,1,,,text,Mistral
14310,-69,1,0,0,1,,,text,Mistral
14311,-69,3,0,0,1,,,text,Mistral
14312,-69,5,0,0,1,,,text,Mistral
14313,-69,7,0,0,1,,,text,Mistral
14314,-69,9,0,0,1,,,text,Mistral
14315,-69,11,0,0,1,,,text,Mistral
14316,-69,13,0,0,1,,,text,Mistral
14317,-69,15,0,0,1,,,text,Mistral
14318,-69,17,0,0,1,,,text,Mistral
14319,-69,19,0,0,1,,,text,Mistral
14320,-69,21,0,0,1,,,text,Mistral
14321,-69,23,0,0,1,,,text,Mistral
14322,-69,25,0,0,1,,,text,Mistral
14323,-69,27,0,0,1,,,text,Mistral
14324,-69,29,0,0,1,,,text,Mistral
14325,-69,31,0,0,1,,,text,Mistral
14326,-69,33,1,1,1,,,text,Mistral
14327,-69,35,0,0,1,,,text,Mistral
14328,-69,37,0,0,1,,,text,Mistral
14329,-69,39,0,0,1,,,text,Mistral
14330,-69,41,1,1,1,,,text,Mistral
14331,-69,43,1,1,1,,,text,Mistral
14332,-69,45,1,1,1,,,text,Mistral
14333,-69,47,1,1,1,,,text,Mistral
14334,-69,49,1,1,1,,,text,Mistral
14335,-69,51,1,1,1,,,text,Mistral
14336,-69,53,1,1,1,,,text,Mistral
14337,-69,55,1,1,1,,,text,Mistral
14338,-69,57,1,1,1,,,text,Mistral
14339,-69,59,1,1,1,,,text,Mistral
14340,-69,61,1,1,1,,,text,Mistral
14341,-69,63,1,1,1,,,text,Mistral
14342,-69,65,1,1,1,,,text,Mistral
14343,-69,67,1,1,1,,,text,Mistral
14344,-69,69,1,1,1,,,text,Mistral
14345,-69,71,0,0,1,,,text,Mistral
14346,-69,73,0,0,1,,,text,Mistral
14347,-69,75,0,0,1,,,text,Mistral
14348,-69,77,0,0,1,,,text,Mistral
14349,-69,79,1,1,1,,,text,Mistral
14350,-69,81,1,1,1,,,text,Mistral
14351,-69,83,1,1,1,,,text,Mistral
14352,-69,85,1,1,1,,,text,Mistral
14353,-69,87,1,1,1,,,text,Mistral
14354,-69,89,1,1,1,,,text,Mistral
14355,-69,91,1,1,0,,,text,Mistral
14356,-69,93,1,1,1,,,text,Mistral
14357,-69,95,1,1,1,,,text,Mistral
14358,-69,97,1,1,1,,,text,Mistral
14359,-69,99,1,1,1,,,text,Mistral
14360,-69,101,1,1,1,,,text,Mistral
14361,-69,103,1,1,1,,,text,Mistral
14362,-69,105,1,1,1,,,text,Mistral
14363,-69,107,1,1,1,,,text,Mistral
14364,-69,109,1,1,1,,,text,Mistral
14365,-69,111,1,1,1,,,text,Mistral
14366,-69,113,1,1,1,,,text,Mistral
14367,-69,115,1,1,1,,,text,Mistral
14368,-69,117,1,1,1,,,text,Mistral
14369,-69,119,1,1,1,,,text,Mistral
14370,-69,121,1,1,1,,,text,Mistral
14371,-69,123,1,1,1,,,text,Mistral
14372,-69,125,1,1,1,,,text,Mistral
14373,-69,127,1,1,0,,,text,Mistral
14374,-69,129,1,1,0,,,text,Mistral
14375,-69,131,1,1,0,,,text,Mistral
14376,-69,133,1,1,1,,,text,Mistral
14377,-69,135,1,1,1,,,text,Mistral
14378,-69,137,1,1,0,,,text,Mistral
14379,-69,139,1,1,1,,,text,Mistral
14380,-69,141,1,1,1,,,text,Mistral
14381,-69,143,1,1,1,,,text,Mistral
14382,-69,145,1,1,1,,,text,Mistral
14383,-69,147,1,1,1,,,text,Mistral
14384,-69,149,1,1,1,,,text,Mistral
14385,-69,151,1,1,1,,,text,Mistral
14386,-69,153,1,1,1,,,text,Mistral
14387,-69,155,1,1,1,,,text,Mistral
14388,-69,157,0,0,1,,,text,Mistral
14389,-69,159,0,0,1,,,text,Mistral
14390,-69,161,0,0,1,,,text,Mistral
14391,-69,163,0,0,1,,,text,Mistral
14392,-69,165,0,0,1,,,text,Mistral
14393,-69,167,0,0,1,,,text,Mistral
14394,-69,169,0,0,1,,,text,Mistral
14395,-69,171,0,0,1,,,text,Mistral
14396,-69,173,0,0,0,,,text,Mistral
14397,-69,175,0,0,0,,,text,Mistral
14398,-69,177,0,0,1,,,text,Mistral
14399,-69,179,0,0,0,,,text,Mistral
14400,-71,-179,0,0,0,,,text,Mistral
14401,-71,-177,0,0,0,,,text,Mistral
14402,-71,-175,0,0,0,,,text,Mistral
14403,-71,-173,0,0,0,,,text,Mistral
14404,-71,-171,0,0,0,,,text,Mistral
14405,-71,-169,0,0,0,,,text,Mistral
14406,-71,-167,0,0,1,,,text,Mistral
14407,-71,-165,0,0,0,,,text,Mistral
14408,-71,-163,0,0,1,,,text,Mistral
14409,-71,-161,0,0,0,,,text,Mistral
14410,-71,-159,0,0,0,,,text,Mistral
14411,-71,-157,0,0,0,,,text,Mistral
14412,-71,-155,0,0,0,,,text,Mistral
14413,-71,-153,0,0,0,,,text,Mistral
14414,-71,-151,0,0,0,,,text,Mistral
14415,-71,-149,0,0,1,,,text,Mistral
14416,-71,-147,0,0,1,,,text,Mistral
14417,-71,-145,0,0,1,,,text,Mistral
14418,-71,-143,0,0,0,,,text,Mistral
14419,-71,-141,0,0,0,,,text,Mistral
14420,-71,-139,0,0,1,,,text,Mistral
14421,-71,-137,0,0,0,,,text,Mistral
14422,-71,-135,0,0,0,,,text,Mistral
14423,-71,-133,0,0,1,,,text,Mistral
14424,-71,-131,0,0,1,,,text,Mistral
14425,-71,-129,0,0,0,,,text,Mistral
14426,-71,-127,0,0,0,,,text,Mistral
14427,-71,-125,0,0,1,,,text,Mistral
14428,-71,-123,0,0,1,,,text,Mistral
14429,-71,-121,0,0,0,,,text,Mistral
14430,-71,-119,0,0,1,,,text,Mistral
14431,-71,-117,0,0,1,,,text,Mistral
14432,-71,-115,0,0,1,,,text,Mistral
14433,-71,-113,0,0,1,,,text,Mistral
14434,-71,-111,0,0,1,,,text,Mistral
14435,-71,-109,0,0,1,,,text,Mistral
14436,-71,-107,0,0,1,,,text,Mistral
14437,-71,-105,0,0,1,,,text,Mistral
14438,-71,-103,0,0,1,,,text,Mistral
14439,-71,-101,0,0,1,,,text,Mistral
14440,-71,-99,0,0,1,,,text,Mistral
14441,-71,-97,0,0,1,,,text,Mistral
14442,-71,-95,0,0,1,,,text,Mistral
14443,-71,-93,0,0,0,,,text,Mistral
14444,-71,-91,0,0,1,,,text,Mistral
14445,-71,-89,0,0,0,,,text,Mistral
14446,-71,-87,0,0,1,,,text,Mistral
14447,-71,-85,0,0,1,,,text,Mistral
14448,-71,-83,0,0,1,,,text,Mistral
14449,-71,-81,0,0,1,,,text,Mistral
14450,-71,-79,0,0,1,,,text,Mistral
14451,-71,-77,0,0,1,,,text,Mistral
14452,-71,-75,0,0,1,,,text,Mistral
14453,-71,-73,0,0,1,,,text,Mistral
14454,-71,-71,1,1,1,,,text,Mistral
14455,-71,-69,1,1,1,,,text,Mistral
14456,-71,-67,1,1,1,,,text,Mistral
14457,-71,-65,1,1,1,,,text,Mistral
14458,-71,-63,1,1,1,,,text,Mistral
14459,-71,-61,0,0,1,,,text,Mistral
14460,-71,-59,0,0,1,,,text,Mistral
14461,-71,-57,0,0,1,,,text,Mistral
14462,-71,-55,0,0,1,,,text,Mistral
14463,-71,-53,0,0,1,,,text,Mistral
14464,-71,-51,0,0,1,,,text,Mistral
14465,-71,-49,0,0,1,,,text,Mistral
14466,-71,-47,0,0,1,,,text,Mistral
14467,-71,-45,0,0,1,,,text,Mistral
14468,-71,-43,0,0,1,,,text,Mistral
14469,-71,-41,0,0,1,,,text,Mistral
14470,-71,-39,0,0,1,,,text,Mistral
14471,-71,-37,0,0,1,,,text,Mistral
14472,-71,-35,0,0,1,,,text,Mistral
14473,-71,-33,0,0,1,,,text,Mistral
14474,-71,-31,0,0,1,,,text,Mistral
14475,-71,-29,0,0,1,,,text,Mistral
14476,-71,-27,0,0,1,,,text,Mistral
14477,-71,-25,0,0,1,,,text,Mistral
14478,-71,-23,0,0,1,,,text,Mistral
14479,-71,-21,0,0,1,,,text,Mistral
14480,-71,-19,0,0,1,,,text,Mistral
14481,-71,-17,0,0,1,,,text,Mistral
14482,-71,-15,0,0,1,,,text,Mistral
14483,-71,-13,0,0,1,,,text,Mistral
14484,-71,-11,0,0,1,,,text,Mistral
14485,-71,-9,0,0,1,,,text,Mistral
14486,-71,-7,1,1,1,,,text,Mistral
14487,-71,-5,0,0,1,,,text,Mistral
14488,-71,-3,0,0,1,,,text,Mistral
14489,-71,-1,0,0,1,,,text,Mistral
14490,-71,1,0,0,1,,,text,Mistral
14491,-71,3,1,1,1,,,text,Mistral
14492,-71,5,1,1,1,,,text,Mistral
14493,-71,7,1,1,1,,,text,Mistral
14494,-71,9,1,1,1,,,text,Mistral
14495,-71,11,1,1,1,,,text,Mistral
14496,-71,13,1,1,1,,,text,Mistral
14497,-71,15,1,1,1,,,text,Mistral
14498,-71,17,1,1,1,,,text,Mistral
14499,-71,19,1,1,1,,,text,Mistral
14500,-71,21,1,1,1,,,text,Mistral
14501,-71,23,1,1,1,,,text,Mistral
14502,-71,25,1,1,1,,,text,Mistral
14503,-71,27,1,1,1,,,text,Mistral
14504,-71,29,1,1,1,,,text,Mistral
14505,-71,31,1,1,1,,,text,Mistral
14506,-71,33,1,1,1,,,text,Mistral
14507,-71,35,1,1,1,,,text,Mistral
14508,-71,37,1,1,1,,,text,Mistral
14509,-71,39,1,1,1,,,text,Mistral
14510,-71,41,1,1,1,,,text,Mistral
14511,-71,43,1,1,1,,,text,Mistral
14512,-71,45,1,1,1,,,text,Mistral
14513,-71,47,1,1,1,,,text,Mistral
14514,-71,49,1,1,1,,,text,Mistral
14515,-71,51,1,1,1,,,text,Mistral
14516,-71,53,1,1,1,,,text,Mistral
14517,-71,55,1,1,1,,,text,Mistral
14518,-71,57,1,1,1,,,text,Mistral
14519,-71,59,1,1,1,,,text,Mistral
14520,-71,61,1,1,1,,,text,Mistral
14521,-71,63,1,1,1,,,text,Mistral
14522,-71,65,1,1,1,,,text,Mistral
14523,-71,67,1,1,1,,,text,Mistral
14524,-71,69,1,1,1,,,text,Mistral
14525,-71,71,0,0,1,,,text,Mistral
14526,-71,73,1,1,1,,,text,Mistral
14527,-71,75,1,1,1,,,text,Mistral
14528,-71,77,1,1,1,,,text,Mistral
14529,-71,79,1,1,1,,,text,Mistral
14530,-71,81,1,1,1,,,text,Mistral
14531,-71,83,1,1,1,,,text,Mistral
14532,-71,85,1,1,1,,,text,Mistral
14533,-71,87,1,1,1,,,text,Mistral
14534,-71,89,1,1,1,,,text,Mistral
14535,-71,91,1,1,1,,,text,Mistral
14536,-71,93,1,1,1,,,text,Mistral
14537,-71,95,1,1,1,,,text,Mistral
14538,-71,97,1,1,1,,,text,Mistral
14539,-71,99,1,1,1,,,text,Mistral
14540,-71,101,1,1,1,,,text,Mistral
14541,-71,103,1,1,1,,,text,Mistral
14542,-71,105,1,1,1,,,text,Mistral
14543,-71,107,1,1,1,,,text,Mistral
14544,-71,109,1,1,1,,,text,Mistral
14545,-71,111,1,1,1,,,text,Mistral
14546,-71,113,1,1,1,,,text,Mistral
14547,-71,115,1,1,1,,,text,Mistral
14548,-71,117,1,1,1,,,text,Mistral
14549,-71,119,1,1,1,,,text,Mistral
14550,-71,121,1,1,1,,,text,Mistral
14551,-71,123,1,1,1,,,text,Mistral
14552,-71,125,1,1,1,,,text,Mistral
14553,-71,127,1,1,0,,,text,Mistral
14554,-71,129,1,1,0,,,text,Mistral
14555,-71,131,1,1,1,,,text,Mistral
14556,-71,133,1,1,0,,,text,Mistral
14557,-71,135,1,1,1,,,text,Mistral
14558,-71,137,1,1,1,,,text,Mistral
14559,-71,139,1,1,1,,,text,Mistral
14560,-71,141,1,1,1,,,text,Mistral
14561,-71,143,1,1,1,,,text,Mistral
14562,-71,145,1,1,1,,,text,Mistral
14563,-71,147,1,1,1,,,text,Mistral
14564,-71,149,1,1,1,,,text,Mistral
14565,-71,151,1,1,1,,,text,Mistral
14566,-71,153,1,1,1,,,text,Mistral
14567,-71,155,1,1,1,,,text,Mistral
14568,-71,157,1,1,1,,,text,Mistral
14569,-71,159,1,1,1,,,text,Mistral
14570,-71,161,1,1,1,,,text,Mistral
14571,-71,163,1,1,1,,,text,Mistral
14572,-71,165,1,1,1,,,text,Mistral
14573,-71,167,1,1,1,,,text,Mistral
14574,-71,169,0,0,1,,,text,Mistral
14575,-71,171,0,0,1,,,text,Mistral
14576,-71,173,0,0,1,,,text,Mistral
14577,-71,175,0,0,0,,,text,Mistral
14578,-71,177,0,0,0,,,text,Mistral
14579,-71,179,0,0,1,,,text,Mistral
14580,-73,-179,0,0,0,,,text,Mistral
14581,-73,-177,0,0,0,,,text,Mistral
14582,-73,-175,0,0,0,,,text,Mistral
14583,-73,-173,0,0,0,,,text,Mistral
14584,-73,-171,0,0,0,,,text,Mistral
14585,-73,-169,0,0,1,,,text,Mistral
14586,-73,-167,0,0,0,,,text,Mistral
14587,-73,-165,0,0,0,,,text,Mistral
14588,-73,-163,0,0,1,,,text,Mistral
14589,-73,-161,0,0,0,,,text,Mistral
14590,-73,-159,0,0,0,,,text,Mistral
14591,-73,-157,0,0,0,,,text,Mistral
14592,-73,-155,0,0,0,,,text,Mistral
14593,-73,-153,0,0,0,,,text,Mistral
14594,-73,-151,0,0,0,,,text,Mistral
14595,-73,-149,0,0,0,,,text,Mistral
14596,-73,-147,0,0,0,,,text,Mistral
14597,-73,-145,0,0,0,,,text,Mistral
14598,-73,-143,0,0,0,,,text,Mistral
14599,-73,-141,0,0,1,,,text,Mistral
14600,-73,-139,0,0,1,,,text,Mistral
14601,-73,-137,0,0,0,,,text,Mistral
14602,-73,-135,0,0,0,,,text,Mistral
14603,-73,-133,0,0,0,,,text,Mistral
14604,-73,-131,0,0,0,,,text,Mistral
14605,-73,-129,0,0,1,,,text,Mistral
14606,-73,-127,0,0,0,,,text,Mistral
14607,-73,-125,0,0,1,,,text,Mistral
14608,-73,-123,0,0,1,,,text,Mistral
14609,-73,-121,0,0,0,,,text,Mistral
14610,-73,-119,0,0,0,,,text,Mistral
14611,-73,-117,0,0,1,,,text,Mistral
14612,-73,-115,0,0,1,,,text,Mistral
14613,-73,-113,0,0,1,,,text,Mistral
14614,-73,-111,0,0,1,,,text,Mistral
14615,-73,-109,0,0,1,,,text,Mistral
14616,-73,-107,0,0,1,,,text,Mistral
14617,-73,-105,0,0,1,,,text,Mistral
14618,-73,-103,1,1,1,,,text,Mistral
14619,-73,-101,1,1,1,,,text,Mistral
14620,-73,-99,1,1,1,,,text,Mistral
14621,-73,-97,0,0,0,,,text,Mistral
14622,-73,-95,0,0,0,,,text,Mistral
14623,-73,-93,0,0,1,,,text,Mistral
14624,-73,-91,1,1,1,,,text,Mistral
14625,-73,-89,1,1,1,,,text,Mistral
14626,-73,-87,0,0,1,,,text,Mistral
14627,-73,-85,0,0,1,,,text,Mistral
14628,-73,-83,0,0,1,,,text,Mistral
14629,-73,-81,0,0,1,,,text,Mistral
14630,-73,-79,1,1,1,,,text,Mistral
14631,-73,-77,0,0,1,,,text,Mistral
14632,-73,-75,1,1,1,,,text,Mistral
14633,-73,-73,0,0,1,,,text,Mistral
14634,-73,-71,0,0,1,,,text,Mistral
14635,-73,-69,0,0,1,,,text,Mistral
14636,-73,-67,1,1,1,,,text,Mistral
14637,-73,-65,1,1,1,,,text,Mistral
14638,-73,-63,1,1,1,,,text,Mistral
14639,-73,-61,1,1,1,,,text,Mistral
14640,-73,-59,0,0,1,,,text,Mistral
14641,-73,-57,0,0,1,,,text,Mistral
14642,-73,-55,0,0,1,,,text,Mistral
14643,-73,-53,0,0,1,,,text,Mistral
14644,-73,-51,0,0,1,,,text,Mistral
14645,-73,-49,0,0,1,,,text,Mistral
14646,-73,-47,0,0,1,,,text,Mistral
14647,-73,-45,0,0,1,,,text,Mistral
14648,-73,-43,0,0,1,,,text,Mistral
14649,-73,-41,0,0,1,,,text,Mistral
14650,-73,-39,0,0,1,,,text,Mistral
14651,-73,-37,0,0,1,,,text,Mistral
14652,-73,-35,0,0,1,,,text,Mistral
14653,-73,-33,0,0,1,,,text,Mistral
14654,-73,-31,0,0,1,,,text,Mistral
14655,-73,-29,0,0,1,,,text,Mistral
14656,-73,-27,0,0,1,,,text,Mistral
14657,-73,-25,0,0,1,,,text,Mistral
14658,-73,-23,0,0,1,,,text,Mistral
14659,-73,-21,0,0,1,,,text,Mistral
14660,-73,-19,0,0,1,,,text,Mistral
14661,-73,-17,0,0,1,,,text,Mistral
14662,-73,-15,0,0,1,,,text,Mistral
14663,-73,-13,1,1,1,,,text,Mistral
14664,-73,-11,1,1,1,,,text,Mistral
14665,-73,-9,1,1,1,,,text,Mistral
14666,-73,-7,1,1,1,,,text,Mistral
14667,-73,-5,1,1,1,,,text,Mistral
14668,-73,-3,1,1,1,,,text,Mistral
14669,-73,-1,1,1,1,,,text,Mistral
14670,-73,1,1,1,1,,,text,Mistral
14671,-73,3,1,1,1,,,text,Mistral
14672,-73,5,1,1,1,,,text,Mistral
14673,-73,7,1,1,1,,,text,Mistral
14674,-73,9,1,1,1,,,text,Mistral
14675,-73,11,1,1,1,,,text,Mistral
14676,-73,13,1,1,1,,,text,Mistral
14677,-73,15,1,1,1,,,text,Mistral
14678,-73,17,1,1,1,,,text,Mistral
14679,-73,19,1,1,1,,,text,Mistral
14680,-73,21,1,1,1,,,text,Mistral
14681,-73,23,1,1,1,,,text,Mistral
14682,-73,25,1,1,1,,,text,Mistral
14683,-73,27,1,1,1,,,text,Mistral
14684,-73,29,1,1,1,,,text,Mistral
14685,-73,31,1,1,1,,,text,Mistral
14686,-73,33,1,1,1,,,text,Mistral
14687,-73,35,1,1,1,,,text,Mistral
14688,-73,37,1,1,1,,,text,Mistral
14689,-73,39,1,1,1,,,text,Mistral
14690,-73,41,1,1,1,,,text,Mistral
14691,-73,43,1,1,1,,,text,Mistral
14692,-73,45,1,1,1,,,text,Mistral
14693,-73,47,1,1,1,,,text,Mistral
14694,-73,49,1,1,1,,,text,Mistral
14695,-73,51,1,1,1,,,text,Mistral
14696,-73,53,1,1,1,,,text,Mistral
14697,-73,55,1,1,1,,,text,Mistral
14698,-73,57,1,1,1,,,text,Mistral
14699,-73,59,1,1,1,,,text,Mistral
14700,-73,61,1,1,1,,,text,Mistral
14701,-73,63,1,1,1,,,text,Mistral
14702,-73,65,1,1,1,,,text,Mistral
14703,-73,67,1,1,1,,,text,Mistral
14704,-73,69,1,1,1,,,text,Mistral
14705,-73,71,1,1,1,,,text,Mistral
14706,-73,73,1,1,1,,,text,Mistral
14707,-73,75,1,1,1,,,text,Mistral
14708,-73,77,1,1,1,,,text,Mistral
14709,-73,79,1,1,1,,,text,Mistral
14710,-73,81,1,1,1,,,text,Mistral
14711,-73,83,1,1,1,,,text,Mistral
14712,-73,85,1,1,1,,,text,Mistral
14713,-73,87,1,1,1,,,text,Mistral
14714,-73,89,1,1,1,,,text,Mistral
14715,-73,91,1,1,1,,,text,Mistral
14716,-73,93,1,1,1,,,text,Mistral
14717,-73,95,1,1,1,,,text,Mistral
14718,-73,97,1,1,1,,,text,Mistral
14719,-73,99,1,1,1,,,text,Mistral
14720,-73,101,1,1,1,,,text,Mistral
14721,-73,103,1,1,1,,,text,Mistral
14722,-73,105,1,1,1,,,text,Mistral
14723,-73,107,1,1,1,,,text,Mistral
14724,-73,109,1,1,1,,,text,Mistral
14725,-73,111,1,1,1,,,text,Mistral
14726,-73,113,1,1,1,,,text,Mistral
14727,-73,115,1,1,1,,,text,Mistral
14728,-73,117,1,1,1,,,text,Mistral
14729,-73,119,1,1,1,,,text,Mistral
14730,-73,121,1,1,0,,,text,Mistral
14731,-73,123,1,1,1,,,text,Mistral
14732,-73,125,1,1,1,,,text,Mistral
14733,-73,127,1,1,0,,,text,Mistral
14734,-73,129,1,1,1,,,text,Mistral
14735,-73,131,1,1,1,,,text,Mistral
14736,-73,133,1,1,1,,,text,Mistral
14737,-73,135,1,1,1,,,text,Mistral
14738,-73,137,1,1,1,,,text,Mistral
14739,-73,139,1,1,1,,,text,Mistral
14740,-73,141,1,1,1,,,text,Mistral
14741,-73,143,1,1,1,,,text,Mistral
14742,-73,145,1,1,1,,,text,Mistral
14743,-73,147,1,1,1,,,text,Mistral
14744,-73,149,1,1,1,,,text,Mistral
14745,-73,151,1,1,1,,,text,Mistral
14746,-73,153,1,1,1,,,text,Mistral
14747,-73,155,1,1,1,,,text,Mistral
14748,-73,157,1,1,1,,,text,Mistral
14749,-73,159,1,1,1,,,text,Mistral
14750,-73,161,1,1,1,,,text,Mistral
14751,-73,163,1,1,1,,,text,Mistral
14752,-73,165,1,1,1,,,text,Mistral
14753,-73,167,1,1,1,,,text,Mistral
14754,-73,169,1,1,1,,,text,Mistral
14755,-73,171,0,0,0,,,text,Mistral
14756,-73,173,0,0,0,,,text,Mistral
14757,-73,175,0,0,0,,,text,Mistral
14758,-73,177,0,0,1,,,text,Mistral
14759,-73,179,0,0,0,,,text,Mistral
14760,-75,-179,0,0,0,,,text,Mistral
14761,-75,-177,0,0,0,,,text,Mistral
14762,-75,-175,0,0,1,,,text,Mistral
14763,-75,-173,0,0,0,,,text,Mistral
14764,-75,-171,0,0,0,,,text,Mistral
14765,-75,-169,0,0,1,,,text,Mistral
14766,-75,-167,0,0,0,,,text,Mistral
14767,-75,-165,0,0,1,,,text,Mistral
14768,-75,-163,0,0,1,,,text,Mistral
14769,-75,-161,0,0,1,,,text,Mistral
14770,-75,-159,0,0,0,,,text,Mistral
14771,-75,-157,0,0,0,,,text,Mistral
14772,-75,-155,0,0,1,,,text,Mistral
14773,-75,-153,0,0,0,,,text,Mistral
14774,-75,-151,0,0,1,,,text,Mistral
14775,-75,-149,0,0,1,,,text,Mistral
14776,-75,-147,0,0,1,,,text,Mistral
14777,-75,-145,0,0,1,,,text,Mistral
14778,-75,-143,0,0,1,,,text,Mistral
14779,-75,-141,0,0,0,,,text,Mistral
14780,-75,-139,0,0,1,,,text,Mistral
14781,-75,-137,1,1,1,,,text,Mistral
14782,-75,-135,1,1,1,,,text,Mistral
14783,-75,-133,1,1,1,,,text,Mistral
14784,-75,-131,1,1,1,,,text,Mistral
14785,-75,-129,1,1,1,,,text,Mistral
14786,-75,-127,1,1,1,,,text,Mistral
14787,-75,-125,1,1,1,,,text,Mistral
14788,-75,-123,1,1,1,,,text,Mistral
14789,-75,-121,1,1,1,,,text,Mistral
14790,-75,-119,1,1,1,,,text,Mistral
14791,-75,-117,1,1,1,,,text,Mistral
14792,-75,-115,1,1,1,,,text,Mistral
14793,-75,-113,1,1,1,,,text,Mistral
14794,-75,-111,0,0,1,,,text,Mistral
14795,-75,-109,0,0,1,,,text,Mistral
14796,-75,-107,0,0,1,,,text,Mistral
14797,-75,-105,0,0,1,,,text,Mistral
14798,-75,-103,0,0,1,,,text,Mistral
14799,-75,-101,0,0,1,,,text,Mistral
14800,-75,-99,1,1,1,,,text,Mistral
14801,-75,-97,1,1,1,,,text,Mistral
14802,-75,-95,1,1,1,,,text,Mistral
14803,-75,-93,1,1,1,,,text,Mistral
14804,-75,-91,1,1,1,,,text,Mistral
14805,-75,-89,1,1,1,,,text,Mistral
14806,-75,-87,1,1,0,,,text,Mistral
14807,-75,-85,1,1,1,,,text,Mistral
14808,-75,-83,1,1,1,,,text,Mistral
14809,-75,-81,1,1,1,,,text,Mistral
14810,-75,-79,1,1,1,,,text,Mistral
14811,-75,-77,1,1,1,,,text,Mistral
14812,-75,-75,1,1,1,,,text,Mistral
14813,-75,-73,1,1,1,,,text,Mistral
14814,-75,-71,1,1,1,,,text,Mistral
14815,-75,-69,1,1,1,,,text,Mistral
14816,-75,-67,1,1,1,,,text,Mistral
14817,-75,-65,1,1,1,,,text,Mistral
14818,-75,-63,0,0,1,,,text,Mistral
14819,-75,-61,0,0,1,,,text,Mistral
14820,-75,-59,0,0,1,,,text,Mistral
14821,-75,-57,0,0,1,,,text,Mistral
14822,-75,-55,0,0,1,,,text,Mistral
14823,-75,-53,0,0,1,,,text,Mistral
14824,-75,-51,0,0,1,,,text,Mistral
14825,-75,-49,0,0,1,,,text,Mistral
14826,-75,-47,0,0,1,,,text,Mistral
14827,-75,-45,0,0,1,,,text,Mistral
14828,-75,-43,0,0,1,,,text,Mistral
14829,-75,-41,0,0,1,,,text,Mistral
14830,-75,-39,0,0,1,,,text,Mistral
14831,-75,-37,0,0,1,,,text,Mistral
14832,-75,-35,0,0,1,,,text,Mistral
14833,-75,-33,0,0,1,,,text,Mistral
14834,-75,-31,0,0,1,,,text,Mistral
14835,-75,-29,0,0,1,,,text,Mistral
14836,-75,-27,0,0,1,,,text,Mistral
14837,-75,-25,0,0,1,,,text,Mistral
14838,-75,-23,0,0,1,,,text,Mistral
14839,-75,-21,0,0,1,,,text,Mistral
14840,-75,-19,0,0,1,,,text,Mistral
14841,-75,-17,1,1,1,,,text,Mistral
14842,-75,-15,1,1,1,,,text,Mistral
14843,-75,-13,1,1,1,,,text,Mistral
14844,-75,-11,1,1,1,,,text,Mistral
14845,-75,-9,1,1,1,,,text,Mistral
14846,-75,-7,1,1,1,,,text,Mistral
14847,-75,-5,1,1,1,,,text,Mistral
14848,-75,-3,1,1,1,,,text,Mistral
14849,-75,-1,1,1,1,,,text,Mistral
14850,-75,1,1,1,1,,,text,Mistral
14851,-75,3,1,1,1,,,text,Mistral
14852,-75,5,1,1,1,,,text,Mistral
14853,-75,7,1,1,1,,,text,Mistral
14854,-75,9,1,1,1,,,text,Mistral
14855,-75,11,1,1,1,,,text,Mistral
14856,-75,13,1,1,1,,,text,Mistral
14857,-75,15,1,1,1,,,text,Mistral
14858,-75,17,1,1,1,,,text,Mistral
14859,-75,19,1,1,1,,,text,Mistral
14860,-75,21,1,1,1,,,text,Mistral
14861,-75,23,1,1,1,,,text,Mistral
14862,-75,25,1,1,1,,,text,Mistral
14863,-75,27,1,1,1,,,text,Mistral
14864,-75,29,1,1,1,,,text,Mistral
14865,-75,31,1,1,1,,,text,Mistral
14866,-75,33,1,1,1,,,text,Mistral
14867,-75,35,1,1,1,,,text,Mistral
14868,-75,37,1,1,1,,,text,Mistral
14869,-75,39,1,1,1,,,text,Mistral
14870,-75,41,1,1,1,,,text,Mistral
14871,-75,43,1,1,1,,,text,Mistral
14872,-75,45,1,1,1,,,text,Mistral
14873,-75,47,1,1,1,,,text,Mistral
14874,-75,49,1,1,1,,,text,Mistral
14875,-75,51,1,1,1,,,text,Mistral
14876,-75,53,1,1,1,,,text,Mistral
14877,-75,55,1,1,1,,,text,Mistral
14878,-75,57,1,1,1,,,text,Mistral
14879,-75,59,1,1,1,,,text,Mistral
14880,-75,61,1,1,1,,,text,Mistral
14881,-75,63,1,1,1,,,text,Mistral
14882,-75,65,1,1,1,,,text,Mistral
14883,-75,67,1,1,1,,,text,Mistral
14884,-75,69,1,1,1,,,text,Mistral
14885,-75,71,1,1,1,,,text,Mistral
14886,-75,73,1,1,1,,,text,Mistral
14887,-75,75,1,1,1,,,text,Mistral
14888,-75,77,1,1,1,,,text,Mistral
14889,-75,79,1,1,1,,,text,Mistral
14890,-75,81,1,1,1,,,text,Mistral
14891,-75,83,1,1,1,,,text,Mistral
14892,-75,85,1,1,1,,,text,Mistral
14893,-75,87,1,1,1,,,text,Mistral
14894,-75,89,1,1,1,,,text,Mistral
14895,-75,91,1,1,1,,,text,Mistral
14896,-75,93,1,1,1,,,text,Mistral
14897,-75,95,1,1,1,,,text,Mistral
14898,-75,97,1,1,1,,,text,Mistral
14899,-75,99,1,1,1,,,text,Mistral
14900,-75,101,1,1,1,,,text,Mistral
14901,-75,103,1,1,1,,,text,Mistral
14902,-75,105,1,1,1,,,text,Mistral
14903,-75,107,1,1,1,,,text,Mistral
14904,-75,109,1,1,1,,,text,Mistral
14905,-75,111,1,1,1,,,text,Mistral
14906,-75,113,1,1,1,,,text,Mistral
14907,-75,115,1,1,1,,,text,Mistral
14908,-75,117,1,1,1,,,text,Mistral
14909,-75,119,1,1,1,,,text,Mistral
14910,-75,121,1,1,1,,,text,Mistral
14911,-75,123,1,1,1,,,text,Mistral
14912,-75,125,1,1,1,,,text,Mistral
14913,-75,127,1,1,1,,,text,Mistral
14914,-75,129,1,1,1,,,text,Mistral
14915,-75,131,1,1,1,,,text,Mistral
14916,-75,133,1,1,1,,,text,Mistral
14917,-75,135,1,1,1,,,text,Mistral
14918,-75,137,1,1,1,,,text,Mistral
14919,-75,139,1,1,1,,,text,Mistral
14920,-75,141,1,1,1,,,text,Mistral
14921,-75,143,1,1,1,,,text,Mistral
14922,-75,145,1,1,1,,,text,Mistral
14923,-75,147,1,1,1,,,text,Mistral
14924,-75,149,1,1,1,,,text,Mistral
14925,-75,151,1,1,1,,,text,Mistral
14926,-75,153,1,1,1,,,text,Mistral
14927,-75,155,1,1,1,,,text,Mistral
14928,-75,157,1,1,1,,,text,Mistral
14929,-75,159,1,1,1,,,text,Mistral
14930,-75,161,1,1,1,,,text,Mistral
14931,-75,163,0,0,1,,,text,Mistral
14932,-75,165,0,0,1,,,text,Mistral
14933,-75,167,0,0,1,,,text,Mistral
14934,-75,169,0,0,1,,,text,Mistral
14935,-75,171,0,0,1,,,text,Mistral
14936,-75,173,0,0,1,,,text,Mistral
14937,-75,175,0,0,1,,,text,Mistral
14938,-75,177,0,0,1,,,text,Mistral
14939,-75,179,0,0,1,,,text,Mistral
14940,-77,-179,0,0,0,,,text,Mistral
14941,-77,-177,0,0,0,,,text,Mistral
14942,-77,-175,0,0,0,,,text,Mistral
14943,-77,-173,0,0,0,,,text,Mistral
14944,-77,-171,0,0,0,,,text,Mistral
14945,-77,-169,0,0,1,,,text,Mistral
14946,-77,-167,0,0,0,,,text,Mistral
14947,-77,-165,0,0,1,,,text,Mistral
14948,-77,-163,0,0,0,,,text,Mistral
14949,-77,-161,0,0,1,,,text,Mistral
14950,-77,-159,0,0,0,,,text,Mistral
14951,-77,-157,0,0,0,,,text,Mistral
14952,-77,-155,0,0,0,,,text,Mistral
14953,-77,-153,0,0,0,,,text,Mistral
14954,-77,-151,0,0,0,,,text,Mistral
14955,-77,-149,1,1,1,,,text,Mistral
14956,-77,-147,0,0,1,,,text,Mistral
14957,-77,-145,1,1,1,,,text,Mistral
14958,-77,-143,1,1,0,,,text,Mistral
14959,-77,-141,1,1,0,,,text,Mistral
14960,-77,-139,1,1,1,,,text,Mistral
14961,-77,-137,1,1,1,,,text,Mistral
14962,-77,-135,1,1,0,,,text,Mistral
14963,-77,-133,1,1,1,,,text,Mistral
14964,-77,-131,1,1,1,,,text,Mistral
14965,-77,-129,1,1,0,,,text,Mistral
14966,-77,-127,1,1,0,,,text,Mistral
14967,-77,-125,1,1,1,,,text,Mistral
14968,-77,-123,1,1,0,,,text,Mistral
14969,-77,-121,1,1,0,,,text,Mistral
14970,-77,-119,1,1,1,,,text,Mistral
14971,-77,-117,1,1,1,,,text,Mistral
14972,-77,-115,1,1,1,,,text,Mistral
14973,-77,-113,1,1,1,,,text,Mistral
14974,-77,-111,1,1,1,,,text,Mistral
14975,-77,-109,1,1,1,,,text,Mistral
14976,-77,-107,1,1,1,,,text,Mistral
14977,-77,-105,1,1,1,,,text,Mistral
14978,-77,-103,1,1,1,,,text,Mistral
14979,-77,-101,1,1,1,,,text,Mistral
14980,-77,-99,1,1,1,,,text,Mistral
14981,-77,-97,1,1,1,,,text,Mistral
14982,-77,-95,1,1,0,,,text,Mistral
14983,-77,-93,1,1,0,,,text,Mistral
14984,-77,-91,1,1,0,,,text,Mistral
14985,-77,-89,1,1,0,,,text,Mistral
14986,-77,-87,1,1,1,,,text,Mistral
14987,-77,-85,1,1,1,,,text,Mistral
14988,-77,-83,1,1,1,,,text,Mistral
14989,-77,-81,1,1,1,,,text,Mistral
14990,-77,-79,1,1,1,,,text,Mistral
14991,-77,-77,1,1,1,,,text,Mistral
14992,-77,-75,0,0,1,,,text,Mistral
14993,-77,-73,0,0,1,,,text,Mistral
14994,-77,-71,0,0,1,,,text,Mistral
14995,-77,-69,0,0,1,,,text,Mistral
14996,-77,-67,0,0,1,,,text,Mistral
14997,-77,-65,0,0,1,,,text,Mistral
14998,-77,-63,0,0,1,,,text,Mistral
14999,-77,-61,0,0,1,,,text,Mistral
15000,-77,-59,0,0,1,,,text,Mistral
15001,-77,-57,0,0,1,,,text,Mistral
15002,-77,-55,0,0,1,,,text,Mistral
15003,-77,-53,0,0,1,,,text,Mistral
15004,-77,-51,0,0,1,,,text,Mistral
15005,-77,-49,0,0,1,,,text,Mistral
15006,-77,-47,0,0,1,,,text,Mistral
15007,-77,-45,0,0,1,,,text,Mistral
15008,-77,-43,0,0,1,,,text,Mistral
15009,-77,-41,0,0,1,,,text,Mistral
15010,-77,-39,0,0,1,,,text,Mistral
15011,-77,-37,0,0,1,,,text,Mistral
15012,-77,-35,0,0,1,,,text,Mistral
15013,-77,-33,0,0,1,,,text,Mistral
15014,-77,-31,1,1,1,,,text,Mistral
15015,-77,-29,1,1,1,,,text,Mistral
15016,-77,-27,1,1,1,,,text,Mistral
15017,-77,-25,1,1,1,,,text,Mistral
15018,-77,-23,1,1,1,,,text,Mistral
15019,-77,-21,1,1,1,,,text,Mistral
15020,-77,-19,1,1,1,,,text,Mistral
15021,-77,-17,1,1,1,,,text,Mistral
15022,-77,-15,1,1,1,,,text,Mistral
15023,-77,-13,1,1,1,,,text,Mistral
15024,-77,-11,1,1,1,,,text,Mistral
15025,-77,-9,1,1,1,,,text,Mistral
15026,-77,-7,1,1,1,,,text,Mistral
15027,-77,-5,1,1,1,,,text,Mistral
15028,-77,-3,1,1,1,,,text,Mistral
15029,-77,-1,1,1,1,,,text,Mistral
15030,-77,1,1,1,1,,,text,Mistral
15031,-77,3,1,1,1,,,text,Mistral
15032,-77,5,1,1,1,,,text,Mistral
15033,-77,7,1,1,1,,,text,Mistral
15034,-77,9,1,1,1,,,text,Mistral
15035,-77,11,1,1,1,,,text,Mistral
15036,-77,13,1,1,1,,,text,Mistral
15037,-77,15,1,1,1,,,text,Mistral
15038,-77,17,1,1,1,,,text,Mistral
15039,-77,19,1,1,1,,,text,Mistral
15040,-77,21,1,1,1,,,text,Mistral
15041,-77,23,1,1,1,,,text,Mistral
15042,-77,25,1,1,1,,,text,Mistral
15043,-77,27,1,1,1,,,text,Mistral
15044,-77,29,1,1,1,,,text,Mistral
15045,-77,31,1,1,1,,,text,Mistral
15046,-77,33,1,1,1,,,text,Mistral
15047,-77,35,1,1,1,,,text,Mistral
15048,-77,37,1,1,1,,,text,Mistral
15049,-77,39,1,1,1,,,text,Mistral
15050,-77,41,1,1,1,,,text,Mistral
15051,-77,43,1,1,1,,,text,Mistral
15052,-77,45,1,1,1,,,text,Mistral
15053,-77,47,1,1,1,,,text,Mistral
15054,-77,49,1,1,1,,,text,Mistral
15055,-77,51,1,1,1,,,text,Mistral
15056,-77,53,1,1,1,,,text,Mistral
15057,-77,55,1,1,1,,,text,Mistral
15058,-77,57,1,1,1,,,text,Mistral
15059,-77,59,1,1,1,,,text,Mistral
15060,-77,61,1,1,1,,,text,Mistral
15061,-77,63,1,1,1,,,text,Mistral
15062,-77,65,1,1,1,,,text,Mistral
15063,-77,67,1,1,1,,,text,Mistral
15064,-77,69,1,1,1,,,text,Mistral
15065,-77,71,1,1,1,,,text,Mistral
15066,-77,73,1,1,1,,,text,Mistral
15067,-77,75,1,1,1,,,text,Mistral
15068,-77,77,1,1,1,,,text,Mistral
15069,-77,79,1,1,1,,,text,Mistral
15070,-77,81,1,1,1,,,text,Mistral
15071,-77,83,1,1,1,,,text,Mistral
15072,-77,85,1,1,1,,,text,Mistral
15073,-77,87,1,1,1,,,text,Mistral
15074,-77,89,1,1,1,,,text,Mistral
15075,-77,91,1,1,1,,,text,Mistral
15076,-77,93,1,1,1,,,text,Mistral
15077,-77,95,1,1,1,,,text,Mistral
15078,-77,97,1,1,1,,,text,Mistral
15079,-77,99,1,1,1,,,text,Mistral
15080,-77,101,1,1,1,,,text,Mistral
15081,-77,103,1,1,1,,,text,Mistral
15082,-77,105,1,1,1,,,text,Mistral
15083,-77,107,1,1,1,,,text,Mistral
15084,-77,109,1,1,1,,,text,Mistral
15085,-77,111,1,1,1,,,text,Mistral
15086,-77,113,1,1,1,,,text,Mistral
15087,-77,115,1,1,1,,,text,Mistral
15088,-77,117,1,1,1,,,text,Mistral
15089,-77,119,1,1,1,,,text,Mistral
15090,-77,121,1,1,1,,,text,Mistral
15091,-77,123,1,1,1,,,text,Mistral
15092,-77,125,1,1,1,,,text,Mistral
15093,-77,127,1,1,1,,,text,Mistral
15094,-77,129,1,1,1,,,text,Mistral
15095,-77,131,1,1,1,,,text,Mistral
15096,-77,133,1,1,1,,,text,Mistral
15097,-77,135,1,1,1,,,text,Mistral
15098,-77,137,1,1,1,,,text,Mistral
15099,-77,139,1,1,1,,,text,Mistral
15100,-77,141,1,1,1,,,text,Mistral
15101,-77,143,1,1,1,,,text,Mistral
15102,-77,145,1,1,1,,,text,Mistral
15103,-77,147,1,1,1,,,text,Mistral
15104,-77,149,1,1,1,,,text,Mistral
15105,-77,151,1,1,1,,,text,Mistral
15106,-77,153,1,1,1,,,text,Mistral
15107,-77,155,1,1,1,,,text,Mistral
15108,-77,157,1,1,1,,,text,Mistral
15109,-77,159,1,1,1,,,text,Mistral
15110,-77,161,1,1,1,,,text,Mistral
15111,-77,163,0,0,1,,,text,Mistral
15112,-77,165,0,0,1,,,text,Mistral
15113,-77,167,0,0,1,,,text,Mistral
15114,-77,169,0,0,1,,,text,Mistral
15115,-77,171,0,0,1,,,text,Mistral
15116,-77,173,0,0,1,,,text,Mistral
15117,-77,175,0,0,1,,,text,Mistral
15118,-77,177,0,0,1,,,text,Mistral
15119,-77,179,0,0,1,,,text,Mistral
15120,-79,-179,0,0,0,,,text,Mistral
15121,-79,-177,0,0,0,,,text,Mistral
15122,-79,-175,0,0,0,,,text,Mistral
15123,-79,-173,0,0,0,,,text,Mistral
15124,-79,-171,0,0,0,,,text,Mistral
15125,-79,-169,0,0,1,,,text,Mistral
15126,-79,-167,0,0,0,,,text,Mistral
15127,-79,-165,0,0,1,,,text,Mistral
15128,-79,-163,1,1,1,,,text,Mistral
15129,-79,-161,0,0,1,,,text,Mistral
15130,-79,-159,0,0,1,,,text,Mistral
15131,-79,-157,0,0,0,,,text,Mistral
15132,-79,-155,0,0,0,,,text,Mistral
15133,-79,-153,1,1,0,,,text,Mistral
15134,-79,-151,1,1,0,,,text,Mistral
15135,-79,-149,1,1,1,,,text,Mistral
15136,-79,-147,1,1,1,,,text,Mistral
15137,-79,-145,1,1,1,,,text,Mistral
15138,-79,-143,1,1,1,,,text,Mistral
15139,-79,-141,1,1,1,,,text,Mistral
15140,-79,-139,1,1,0,,,text,Mistral
15141,-79,-137,1,1,1,,,text,Mistral
15142,-79,-135,1,1,0,,,text,Mistral
15143,-79,-133,1,1,1,,,text,Mistral
15144,-79,-131,1,1,1,,,text,Mistral
15145,-79,-129,1,1,0,,,text,Mistral
15146,-79,-127,1,1,0,,,text,Mistral
15147,-79,-125,1,1,1,,,text,Mistral
15148,-79,-123,1,1,1,,,text,Mistral
15149,-79,-121,1,1,1,,,text,Mistral
15150,-79,-119,1,1,1,,,text,Mistral
15151,-79,-117,1,1,1,,,text,Mistral
15152,-79,-115,1,1,1,,,text,Mistral
15153,-79,-113,1,1,1,,,text,Mistral
15154,-79,-111,1,1,1,,,text,Mistral
15155,-79,-109,1,1,1,,,text,Mistral
15156,-79,-107,1,1,1,,,text,Mistral
15157,-79,-105,1,1,1,,,text,Mistral
15158,-79,-103,1,1,1,,,text,Mistral
15159,-79,-101,1,1,1,,,text,Mistral
15160,-79,-99,1,1,1,,,text,Mistral
15161,-79,-97,1,1,1,,,text,Mistral
15162,-79,-95,1,1,0,,,text,Mistral
15163,-79,-93,1,1,0,,,text,Mistral
15164,-79,-91,1,1,1,,,text,Mistral
15165,-79,-89,1,1,1,,,text,Mistral
15166,-79,-87,1,1,1,,,text,Mistral
15167,-79,-85,1,1,1,,,text,Mistral
15168,-79,-83,1,1,1,,,text,Mistral
15169,-79,-81,0,0,1,,,text,Mistral
15170,-79,-79,0,0,1,,,text,Mistral
15171,-79,-77,0,0,1,,,text,Mistral
15172,-79,-75,0,0,1,,,text,Mistral
15173,-79,-73,0,0,1,,,text,Mistral
15174,-79,-71,1,1,1,,,text,Mistral
15175,-79,-69,1,1,1,,,text,Mistral
15176,-79,-67,0,0,1,,,text,Mistral
15177,-79,-65,0,0,1,,,text,Mistral
15178,-79,-63,0,0,1,,,text,Mistral
15179,-79,-61,0,0,1,,,text,Mistral
15180,-79,-59,0,0,1,,,text,Mistral
15181,-79,-57,0,0,1,,,text,Mistral
15182,-79,-55,0,0,1,,,text,Mistral
15183,-79,-53,0,0,1,,,text,Mistral
15184,-79,-51,0,0,1,,,text,Mistral
15185,-79,-49,1,1,1,,,text,Mistral
15186,-79,-47,1,1,1,,,text,Mistral
15187,-79,-45,1,1,1,,,text,Mistral
15188,-79,-43,0,0,1,,,text,Mistral
15189,-79,-41,0,0,1,,,text,Mistral
15190,-79,-39,0,0,1,,,text,Mistral
15191,-79,-37,0,0,1,,,text,Mistral
15192,-79,-35,0,0,1,,,text,Mistral
15193,-79,-33,1,1,1,,,text,Mistral
15194,-79,-31,1,1,1,,,text,Mistral
15195,-79,-29,1,1,1,,,text,Mistral
15196,-79,-27,1,1,1,,,text,Mistral
15197,-79,-25,1,1,1,,,text,Mistral
15198,-79,-23,1,1,1,,,text,Mistral
15199,-79,-21,1,1,1,,,text,Mistral
15200,-79,-19,1,1,1,,,text,Mistral
15201,-79,-17,1,1,1,,,text,Mistral
15202,-79,-15,1,1,1,,,text,Mistral
15203,-79,-13,1,1,1,,,text,Mistral
15204,-79,-11,1,1,1,,,text,Mistral
15205,-79,-9,1,1,1,,,text,Mistral
15206,-79,-7,1,1,1,,,text,Mistral
15207,-79,-5,1,1,1,,,text,Mistral
15208,-79,-3,1,1,1,,,text,Mistral
15209,-79,-1,1,1,1,,,text,Mistral
15210,-79,1,1,1,1,,,text,Mistral
15211,-79,3,1,1,1,,,text,Mistral
15212,-79,5,1,1,1,,,text,Mistral
15213,-79,7,1,1,1,,,text,Mistral
15214,-79,9,1,1,1,,,text,Mistral
15215,-79,11,1,1,1,,,text,Mistral
15216,-79,13,1,1,1,,,text,Mistral
15217,-79,15,1,1,1,,,text,Mistral
15218,-79,17,1,1,1,,,text,Mistral
15219,-79,19,1,1,1,,,text,Mistral
15220,-79,21,1,1,1,,,text,Mistral
15221,-79,23,1,1,1,,,text,Mistral
15222,-79,25,1,1,1,,,text,Mistral
15223,-79,27,1,1,1,,,text,Mistral
15224,-79,29,1,1,1,,,text,Mistral
15225,-79,31,1,1,1,,,text,Mistral
15226,-79,33,1,1,1,,,text,Mistral
15227,-79,35,1,1,1,,,text,Mistral
15228,-79,37,1,1,1,,,text,Mistral
15229,-79,39,1,1,1,,,text,Mistral
15230,-79,41,1,1,1,,,text,Mistral
15231,-79,43,1,1,1,,,text,Mistral
15232,-79,45,1,1,1,,,text,Mistral
15233,-79,47,1,1,1,,,text,Mistral
15234,-79,49,1,1,1,,,text,Mistral
15235,-79,51,1,1,1,,,text,Mistral
15236,-79,53,1,1,1,,,text,Mistral
15237,-79,55,1,1,1,,,text,Mistral
15238,-79,57,1,1,1,,,text,Mistral
15239,-79,59,1,1,1,,,text,Mistral
15240,-79,61,1,1,1,,,text,Mistral
15241,-79,63,1,1,1,,,text,Mistral
15242,-79,65,1,1,1,,,text,Mistral
15243,-79,67,1,1,1,,,text,Mistral
15244,-79,69,1,1,1,,,text,Mistral
15245,-79,71,1,1,1,,,text,Mistral
15246,-79,73,1,1,1,,,text,Mistral
15247,-79,75,1,1,1,,,text,Mistral
15248,-79,77,1,1,1,,,text,Mistral
15249,-79,79,1,1,1,,,text,Mistral
15250,-79,81,1,1,1,,,text,Mistral
15251,-79,83,1,1,1,,,text,Mistral
15252,-79,85,1,1,1,,,text,Mistral
15253,-79,87,1,1,1,,,text,Mistral
15254,-79,89,1,1,1,,,text,Mistral
15255,-79,91,1,1,1,,,text,Mistral
15256,-79,93,1,1,1,,,text,Mistral
15257,-79,95,1,1,1,,,text,Mistral
15258,-79,97,1,1,1,,,text,Mistral
15259,-79,99,1,1,1,,,text,Mistral
15260,-79,101,1,1,1,,,text,Mistral
15261,-79,103,1,1,1,,,text,Mistral
15262,-79,105,1,1,1,,,text,Mistral
15263,-79,107,1,1,1,,,text,Mistral
15264,-79,109,1,1,1,,,text,Mistral
15265,-79,111,1,1,1,,,text,Mistral
15266,-79,113,1,1,1,,,text,Mistral
15267,-79,115,1,1,1,,,text,Mistral
15268,-79,117,1,1,1,,,text,Mistral
15269,-79,119,1,1,1,,,text,Mistral
15270,-79,121,1,1,1,,,text,Mistral
15271,-79,123,1,1,1,,,text,Mistral
15272,-79,125,1,1,1,,,text,Mistral
15273,-79,127,1,1,1,,,text,Mistral
15274,-79,129,1,1,1,,,text,Mistral
15275,-79,131,1,1,1,,,text,Mistral
15276,-79,133,1,1,1,,,text,Mistral
15277,-79,135,1,1,1,,,text,Mistral
15278,-79,137,1,1,1,,,text,Mistral
15279,-79,139,1,1,1,,,text,Mistral
15280,-79,141,1,1,1,,,text,Mistral
15281,-79,143,1,1,1,,,text,Mistral
15282,-79,145,1,1,1,,,text,Mistral
15283,-79,147,1,1,1,,,text,Mistral
15284,-79,149,1,1,1,,,text,Mistral
15285,-79,151,1,1,1,,,text,Mistral
15286,-79,153,1,1,1,,,text,Mistral
15287,-79,155,1,1,1,,,text,Mistral
15288,-79,157,1,1,1,,,text,Mistral
15289,-79,159,1,1,1,,,text,Mistral
15290,-79,161,1,1,1,,,text,Mistral
15291,-79,163,0,0,1,,,text,Mistral
15292,-79,165,0,0,1,,,text,Mistral
15293,-79,167,0,0,1,,,text,Mistral
15294,-79,169,0,0,1,,,text,Mistral
15295,-79,171,0,0,1,,,text,Mistral
15296,-79,173,0,0,1,,,text,Mistral
15297,-79,175,0,0,1,,,text,Mistral
15298,-79,177,0,0,1,,,text,Mistral
15299,-79,179,0,0,1,,,text,Mistral
15300,-81,-179,0,0,0,,,text,Mistral
15301,-81,-177,0,0,0,,,text,Mistral
15302,-81,-175,0,0,1,,,text,Mistral
15303,-81,-173,0,0,0,,,text,Mistral
15304,-81,-171,0,0,0,,,text,Mistral
15305,-81,-169,0,0,1,,,text,Mistral
15306,-81,-167,0,0,1,,,text,Mistral
15307,-81,-165,0,0,1,,,text,Mistral
15308,-81,-163,0,0,1,,,text,Mistral
15309,-81,-161,0,0,1,,,text,Mistral
15310,-81,-159,0,0,0,,,text,Mistral
15311,-81,-157,0,0,0,,,text,Mistral
15312,-81,-155,0,0,0,,,text,Mistral
15313,-81,-153,0,0,0,,,text,Mistral
15314,-81,-151,0,0,0,,,text,Mistral
15315,-81,-149,1,1,1,,,text,Mistral
15316,-81,-147,1,1,1,,,text,Mistral
15317,-81,-145,1,1,1,,,text,Mistral
15318,-81,-143,1,1,1,,,text,Mistral
15319,-81,-141,1,1,0,,,text,Mistral
15320,-81,-139,1,1,1,,,text,Mistral
15321,-81,-137,1,1,1,,,text,Mistral
15322,-81,-135,1,1,1,,,text,Mistral
15323,-81,-133,1,1,1,,,text,Mistral
15324,-81,-131,1,1,1,,,text,Mistral
15325,-81,-129,1,1,1,,,text,Mistral
15326,-81,-127,1,1,0,,,text,Mistral
15327,-81,-125,1,1,1,,,text,Mistral
15328,-81,-123,1,1,1,,,text,Mistral
15329,-81,-121,1,1,1,,,text,Mistral
15330,-81,-119,1,1,1,,,text,Mistral
15331,-81,-117,1,1,1,,,text,Mistral
15332,-81,-115,1,1,1,,,text,Mistral
15333,-81,-113,1,1,1,,,text,Mistral
15334,-81,-111,1,1,1,,,text,Mistral
15335,-81,-109,1,1,1,,,text,Mistral
15336,-81,-107,1,1,1,,,text,Mistral
15337,-81,-105,1,1,1,,,text,Mistral
15338,-81,-103,1,1,1,,,text,Mistral
15339,-81,-101,1,1,1,,,text,Mistral
15340,-81,-99,1,1,1,,,text,Mistral
15341,-81,-97,1,1,1,,,text,Mistral
15342,-81,-95,1,1,1,,,text,Mistral
15343,-81,-93,1,1,1,,,text,Mistral
15344,-81,-91,1,1,1,,,text,Mistral
15345,-81,-89,1,1,1,,,text,Mistral
15346,-81,-87,1,1,1,,,text,Mistral
15347,-81,-85,1,1,1,,,text,Mistral
15348,-81,-83,1,1,1,,,text,Mistral
15349,-81,-81,1,1,1,,,text,Mistral
15350,-81,-79,1,1,1,,,text,Mistral
15351,-81,-77,1,1,1,,,text,Mistral
15352,-81,-75,1,1,1,,,text,Mistral
15353,-81,-73,1,1,1,,,text,Mistral
15354,-81,-71,0,0,1,,,text,Mistral
15355,-81,-69,0,0,1,,,text,Mistral
15356,-81,-67,0,0,1,,,text,Mistral
15357,-81,-65,0,0,1,,,text,Mistral
15358,-81,-63,0,0,1,,,text,Mistral
15359,-81,-61,0,0,1,,,text,Mistral
15360,-81,-59,0,0,1,,,text,Mistral
15361,-81,-57,0,0,1,,,text,Mistral
15362,-81,-55,0,0,1,,,text,Mistral
15363,-81,-53,0,0,1,,,text,Mistral
15364,-81,-51,0,0,1,,,text,Mistral
15365,-81,-49,0,0,1,,,text,Mistral
15366,-81,-47,0,0,1,,,text,Mistral
15367,-81,-45,0,0,1,,,text,Mistral
15368,-81,-43,0,0,1,,,text,Mistral
15369,-81,-41,0,0,1,,,text,Mistral
15370,-81,-39,1,1,1,,,text,Mistral
15371,-81,-37,1,1,1,,,text,Mistral
15372,-81,-35,1,1,1,,,text,Mistral
15373,-81,-33,1,1,1,,,text,Mistral
15374,-81,-31,1,1,1,,,text,Mistral
15375,-81,-29,1,1,1,,,text,Mistral
15376,-81,-27,1,1,1,,,text,Mistral
15377,-81,-25,1,1,1,,,text,Mistral
15378,-81,-23,1,1,1,,,text,Mistral
15379,-81,-21,1,1,1,,,text,Mistral
15380,-81,-19,1,1,1,,,text,Mistral
15381,-81,-17,1,1,1,,,text,Mistral
15382,-81,-15,1,1,1,,,text,Mistral
15383,-81,-13,1,1,1,,,text,Mistral
15384,-81,-11,1,1,1,,,text,Mistral
15385,-81,-9,1,1,1,,,text,Mistral
15386,-81,-7,1,1,1,,,text,Mistral
15387,-81,-5,1,1,1,,,text,Mistral
15388,-81,-3,1,1,1,,,text,Mistral
15389,-81,-1,1,1,1,,,text,Mistral
15390,-81,1,1,1,1,,,text,Mistral
15391,-81,3,1,1,1,,,text,Mistral
15392,-81,5,1,1,1,,,text,Mistral
15393,-81,7,1,1,1,,,text,Mistral
15394,-81,9,1,1,1,,,text,Mistral
15395,-81,11,1,1,1,,,text,Mistral
15396,-81,13,1,1,1,,,text,Mistral
15397,-81,15,1,1,1,,,text,Mistral
15398,-81,17,1,1,1,,,text,Mistral
15399,-81,19,1,1,1,,,text,Mistral
15400,-81,21,1,1,1,,,text,Mistral
15401,-81,23,1,1,1,,,text,Mistral
15402,-81,25,1,1,1,,,text,Mistral
15403,-81,27,1,1,1,,,text,Mistral
15404,-81,29,1,1,1,,,text,Mistral
15405,-81,31,1,1,1,,,text,Mistral
15406,-81,33,1,1,1,,,text,Mistral
15407,-81,35,1,1,1,,,text,Mistral
15408,-81,37,1,1,1,,,text,Mistral
15409,-81,39,1,1,1,,,text,Mistral
15410,-81,41,1,1,1,,,text,Mistral
15411,-81,43,1,1,1,,,text,Mistral
15412,-81,45,1,1,1,,,text,Mistral
15413,-81,47,1,1,1,,,text,Mistral
15414,-81,49,1,1,1,,,text,Mistral
15415,-81,51,1,1,1,,,text,Mistral
15416,-81,53,1,1,1,,,text,Mistral
15417,-81,55,1,1,1,,,text,Mistral
15418,-81,57,1,1,1,,,text,Mistral
15419,-81,59,1,1,1,,,text,Mistral
15420,-81,61,1,1,1,,,text,Mistral
15421,-81,63,1,1,1,,,text,Mistral
15422,-81,65,1,1,1,,,text,Mistral
15423,-81,67,1,1,1,,,text,Mistral
15424,-81,69,1,1,1,,,text,Mistral
15425,-81,71,1,1,1,,,text,Mistral
15426,-81,73,1,1,1,,,text,Mistral
15427,-81,75,1,1,1,,,text,Mistral
15428,-81,77,1,1,1,,,text,Mistral
15429,-81,79,1,1,1,,,text,Mistral
15430,-81,81,1,1,1,,,text,Mistral
15431,-81,83,1,1,1,,,text,Mistral
15432,-81,85,1,1,1,,,text,Mistral
15433,-81,87,1,1,1,,,text,Mistral
15434,-81,89,1,1,1,,,text,Mistral
15435,-81,91,1,1,1,,,text,Mistral
15436,-81,93,1,1,1,,,text,Mistral
15437,-81,95,1,1,1,,,text,Mistral
15438,-81,97,1,1,1,,,text,Mistral
15439,-81,99,1,1,1,,,text,Mistral
15440,-81,101,1,1,1,,,text,Mistral
15441,-81,103,1,1,1,,,text,Mistral
15442,-81,105,1,1,1,,,text,Mistral
15443,-81,107,1,1,1,,,text,Mistral
15444,-81,109,1,1,1,,,text,Mistral
15445,-81,111,1,1,1,,,text,Mistral
15446,-81,113,1,1,1,,,text,Mistral
15447,-81,115,1,1,1,,,text,Mistral
15448,-81,117,1,1,1,,,text,Mistral
15449,-81,119,1,1,1,,,text,Mistral
15450,-81,121,1,1,1,,,text,Mistral
15451,-81,123,1,1,1,,,text,Mistral
15452,-81,125,1,1,1,,,text,Mistral
15453,-81,127,1,1,1,,,text,Mistral
15454,-81,129,1,1,1,,,text,Mistral
15455,-81,131,1,1,1,,,text,Mistral
15456,-81,133,1,1,1,,,text,Mistral
15457,-81,135,1,1,1,,,text,Mistral
15458,-81,137,1,1,1,,,text,Mistral
15459,-81,139,1,1,1,,,text,Mistral
15460,-81,141,1,1,1,,,text,Mistral
15461,-81,143,1,1,1,,,text,Mistral
15462,-81,145,1,1,1,,,text,Mistral
15463,-81,147,1,1,1,,,text,Mistral
15464,-81,149,1,1,1,,,text,Mistral
15465,-81,151,1,1,1,,,text,Mistral
15466,-81,153,1,1,1,,,text,Mistral
15467,-81,155,1,1,1,,,text,Mistral
15468,-81,157,1,1,1,,,text,Mistral
15469,-81,159,1,1,1,,,text,Mistral
15470,-81,161,0,0,1,,,text,Mistral
15471,-81,163,0,0,1,,,text,Mistral
15472,-81,165,0,0,1,,,text,Mistral
15473,-81,167,0,0,1,,,text,Mistral
15474,-81,169,0,0,1,,,text,Mistral
15475,-81,171,0,0,1,,,text,Mistral
15476,-81,173,0,0,1,,,text,Mistral
15477,-81,175,0,0,1,,,text,Mistral
15478,-81,177,0,0,1,,,text,Mistral
15479,-81,179,0,0,1,,,text,Mistral
15480,-83,-179,0,0,1,,,text,Mistral
15481,-83,-177,0,0,0,,,text,Mistral
15482,-83,-175,0,0,1,,,text,Mistral
15483,-83,-173,0,0,1,,,text,Mistral
15484,-83,-171,0,0,0,,,text,Mistral
15485,-83,-169,0,0,1,,,text,Mistral
15486,-83,-167,0,0,1,,,text,Mistral
15487,-83,-165,0,0,1,,,text,Mistral
15488,-83,-163,0,0,1,,,text,Mistral
15489,-83,-161,0,0,1,,,text,Mistral
15490,-83,-159,0,0,0,,,text,Mistral
15491,-83,-157,0,0,0,,,text,Mistral
15492,-83,-155,1,1,0,,,text,Mistral
15493,-83,-153,1,1,1,,,text,Mistral
15494,-83,-151,1,1,0,,,text,Mistral
15495,-83,-149,1,1,1,,,text,Mistral
15496,-83,-147,1,1,1,,,text,Mistral
15497,-83,-145,1,1,1,,,text,Mistral
15498,-83,-143,1,1,0,,,text,Mistral
15499,-83,-141,1,1,1,,,text,Mistral
15500,-83,-139,1,1,1,,,text,Mistral
15501,-83,-137,1,1,1,,,text,Mistral
15502,-83,-135,1,1,1,,,text,Mistral
15503,-83,-133,1,1,1,,,text,Mistral
15504,-83,-131,1,1,1,,,text,Mistral
15505,-83,-129,1,1,0,,,text,Mistral
15506,-83,-127,1,1,1,,,text,Mistral
15507,-83,-125,1,1,1,,,text,Mistral
15508,-83,-123,1,1,1,,,text,Mistral
15509,-83,-121,1,1,1,,,text,Mistral
15510,-83,-119,1,1,1,,,text,Mistral
15511,-83,-117,1,1,1,,,text,Mistral
15512,-83,-115,1,1,1,,,text,Mistral
15513,-83,-113,1,1,1,,,text,Mistral
15514,-83,-111,1,1,1,,,text,Mistral
15515,-83,-109,1,1,1,,,text,Mistral
15516,-83,-107,1,1,1,,,text,Mistral
15517,-83,-105,1,1,1,,,text,Mistral
15518,-83,-103,1,1,1,,,text,Mistral
15519,-83,-101,1,1,1,,,text,Mistral
15520,-83,-99,1,1,1,,,text,Mistral
15521,-83,-97,1,1,1,,,text,Mistral
15522,-83,-95,1,1,1,,,text,Mistral
15523,-83,-93,1,1,1,,,text,Mistral
15524,-83,-91,1,1,1,,,text,Mistral
15525,-83,-89,1,1,1,,,text,Mistral
15526,-83,-87,1,1,1,,,text,Mistral
15527,-83,-85,1,1,1,,,text,Mistral
15528,-83,-83,1,1,1,,,text,Mistral
15529,-83,-81,1,1,1,,,text,Mistral
15530,-83,-79,1,1,1,,,text,Mistral
15531,-83,-77,1,1,1,,,text,Mistral
15532,-83,-75,1,1,1,,,text,Mistral
15533,-83,-73,1,1,1,,,text,Mistral
15534,-83,-71,1,1,1,,,text,Mistral
15535,-83,-69,1,1,1,,,text,Mistral
15536,-83,-67,1,1,1,,,text,Mistral
15537,-83,-65,1,1,1,,,text,Mistral
15538,-83,-63,1,1,1,,,text,Mistral
15539,-83,-61,0,0,1,,,text,Mistral
15540,-83,-59,0,0,1,,,text,Mistral
15541,-83,-57,1,1,1,,,text,Mistral
15542,-83,-55,1,1,1,,,text,Mistral
15543,-83,-53,1,1,1,,,text,Mistral
15544,-83,-51,1,1,1,,,text,Mistral
15545,-83,-49,1,1,1,,,text,Mistral
15546,-83,-47,1,1,1,,,text,Mistral
15547,-83,-45,1,1,1,,,text,Mistral
15548,-83,-43,1,1,1,,,text,Mistral
15549,-83,-41,1,1,1,,,text,Mistral
15550,-83,-39,1,1,1,,,text,Mistral
15551,-83,-37,1,1,1,,,text,Mistral
15552,-83,-35,1,1,1,,,text,Mistral
15553,-83,-33,1,1,1,,,text,Mistral
15554,-83,-31,1,1,1,,,text,Mistral
15555,-83,-29,1,1,1,,,text,Mistral
15556,-83,-27,1,1,1,,,text,Mistral
15557,-83,-25,1,1,1,,,text,Mistral
15558,-83,-23,1,1,1,,,text,Mistral
15559,-83,-21,1,1,1,,,text,Mistral
15560,-83,-19,1,1,1,,,text,Mistral
15561,-83,-17,1,1,1,,,text,Mistral
15562,-83,-15,1,1,1,,,text,Mistral
15563,-83,-13,1,1,1,,,text,Mistral
15564,-83,-11,1,1,1,,,text,Mistral
15565,-83,-9,1,1,1,,,text,Mistral
15566,-83,-7,1,1,1,,,text,Mistral
15567,-83,-5,1,1,1,,,text,Mistral
15568,-83,-3,1,1,1,,,text,Mistral
15569,-83,-1,1,1,1,,,text,Mistral
15570,-83,1,1,1,1,,,text,Mistral
15571,-83,3,1,1,1,,,text,Mistral
15572,-83,5,1,1,1,,,text,Mistral
15573,-83,7,1,1,1,,,text,Mistral
15574,-83,9,1,1,1,,,text,Mistral
15575,-83,11,1,1,1,,,text,Mistral
15576,-83,13,1,1,1,,,text,Mistral
15577,-83,15,1,1,1,,,text,Mistral
15578,-83,17,1,1,1,,,text,Mistral
15579,-83,19,1,1,1,,,text,Mistral
15580,-83,21,1,1,1,,,text,Mistral
15581,-83,23,1,1,1,,,text,Mistral
15582,-83,25,1,1,1,,,text,Mistral
15583,-83,27,1,1,1,,,text,Mistral
15584,-83,29,1,1,1,,,text,Mistral
15585,-83,31,1,1,1,,,text,Mistral
15586,-83,33,1,1,1,,,text,Mistral
15587,-83,35,1,1,1,,,text,Mistral
15588,-83,37,1,1,1,,,text,Mistral
15589,-83,39,1,1,1,,,text,Mistral
15590,-83,41,1,1,1,,,text,Mistral
15591,-83,43,1,1,1,,,text,Mistral
15592,-83,45,1,1,1,,,text,Mistral
15593,-83,47,1,1,1,,,text,Mistral
15594,-83,49,1,1,1,,,text,Mistral
15595,-83,51,1,1,1,,,text,Mistral
15596,-83,53,1,1,1,,,text,Mistral
15597,-83,55,1,1,1,,,text,Mistral
15598,-83,57,1,1,1,,,text,Mistral
15599,-83,59,1,1,1,,,text,Mistral
15600,-83,61,1,1,1,,,text,Mistral
15601,-83,63,1,1,1,,,text,Mistral
15602,-83,65,1,1,1,,,text,Mistral
15603,-83,67,1,1,1,,,text,Mistral
15604,-83,69,1,1,1,,,text,Mistral
15605,-83,71,1,1,1,,,text,Mistral
15606,-83,73,1,1,1,,,text,Mistral
15607,-83,75,1,1,1,,,text,Mistral
15608,-83,77,1,1,1,,,text,Mistral
15609,-83,79,1,1,1,,,text,Mistral
15610,-83,81,1,1,1,,,text,Mistral
15611,-83,83,1,1,1,,,text,Mistral
15612,-83,85,1,1,1,,,text,Mistral
15613,-83,87,1,1,1,,,text,Mistral
15614,-83,89,1,1,1,,,text,Mistral
15615,-83,91,1,1,1,,,text,Mistral
15616,-83,93,1,1,1,,,text,Mistral
15617,-83,95,1,1,1,,,text,Mistral
15618,-83,97,1,1,1,,,text,Mistral
15619,-83,99,1,1,1,,,text,Mistral
15620,-83,101,1,1,1,,,text,Mistral
15621,-83,103,1,1,1,,,text,Mistral
15622,-83,105,1,1,1,,,text,Mistral
15623,-83,107,1,1,1,,,text,Mistral
15624,-83,109,1,1,1,,,text,Mistral
15625,-83,111,1,1,1,,,text,Mistral
15626,-83,113,1,1,1,,,text,Mistral
15627,-83,115,1,1,1,,,text,Mistral
15628,-83,117,1,1,1,,,text,Mistral
15629,-83,119,1,1,1,,,text,Mistral
15630,-83,121,1,1,1,,,text,Mistral
15631,-83,123,1,1,1,,,text,Mistral
15632,-83,125,1,1,1,,,text,Mistral
15633,-83,127,1,1,1,,,text,Mistral
15634,-83,129,1,1,1,,,text,Mistral
15635,-83,131,1,1,1,,,text,Mistral
15636,-83,133,1,1,1,,,text,Mistral
15637,-83,135,1,1,1,,,text,Mistral
15638,-83,137,1,1,1,,,text,Mistral
15639,-83,139,1,1,1,,,text,Mistral
15640,-83,141,1,1,1,,,text,Mistral
15641,-83,143,1,1,1,,,text,Mistral
15642,-83,145,1,1,1,,,text,Mistral
15643,-83,147,1,1,1,,,text,Mistral
15644,-83,149,1,1,1,,,text,Mistral
15645,-83,151,1,1,1,,,text,Mistral
15646,-83,153,1,1,1,,,text,Mistral
15647,-83,155,1,1,1,,,text,Mistral
15648,-83,157,1,1,1,,,text,Mistral
15649,-83,159,1,1,1,,,text,Mistral
15650,-83,161,1,1,1,,,text,Mistral
15651,-83,163,1,1,1,,,text,Mistral
15652,-83,165,1,1,1,,,text,Mistral
15653,-83,167,1,1,1,,,text,Mistral
15654,-83,169,0,0,1,,,text,Mistral
15655,-83,171,0,0,0,,,text,Mistral
15656,-83,173,0,0,1,,,text,Mistral
15657,-83,175,0,0,1,,,text,Mistral
15658,-83,177,0,0,1,,,text,Mistral
15659,-83,179,0,0,1,,,text,Mistral
15660,-85,-179,1,1,1,,,text,Mistral
15661,-85,-177,1,1,0,,,text,Mistral
15662,-85,-175,1,1,1,,,text,Mistral
15663,-85,-173,1,1,0,,,text,Mistral
15664,-85,-171,1,1,1,,,text,Mistral
15665,-85,-169,1,1,1,,,text,Mistral
15666,-85,-167,1,1,1,,,text,Mistral
15667,-85,-165,1,1,1,,,text,Mistral
15668,-85,-163,0,0,1,,,text,Mistral
15669,-85,-161,0,0,1,,,text,Mistral
15670,-85,-159,0,0,1,,,text,Mistral
15671,-85,-157,0,0,1,,,text,Mistral
15672,-85,-155,0,0,1,,,text,Mistral
15673,-85,-153,0,0,0,,,text,Mistral
15674,-85,-151,0,0,1,,,text,Mistral
15675,-85,-149,1,1,1,,,text,Mistral
15676,-85,-147,1,1,1,,,text,Mistral
15677,-85,-145,1,1,1,,,text,Mistral
15678,-85,-143,1,1,1,,,text,Mistral
15679,-85,-141,1,1,1,,,text,Mistral
15680,-85,-139,1,1,1,,,text,Mistral
15681,-85,-137,1,1,1,,,text,Mistral
15682,-85,-135,1,1,1,,,text,Mistral
15683,-85,-133,1,1,1,,,text,Mistral
15684,-85,-131,1,1,1,,,text,Mistral
15685,-85,-129,1,1,1,,,text,Mistral
15686,-85,-127,1,1,1,,,text,Mistral
15687,-85,-125,1,1,1,,,text,Mistral
15688,-85,-123,1,1,1,,,text,Mistral
15689,-85,-121,1,1,1,,,text,Mistral
15690,-85,-119,1,1,1,,,text,Mistral
15691,-85,-117,1,1,1,,,text,Mistral
15692,-85,-115,1,1,1,,,text,Mistral
15693,-85,-113,1,1,1,,,text,Mistral
15694,-85,-111,1,1,1,,,text,Mistral
15695,-85,-109,1,1,1,,,text,Mistral
15696,-85,-107,1,1,1,,,text,Mistral
15697,-85,-105,1,1,1,,,text,Mistral
15698,-85,-103,1,1,1,,,text,Mistral
15699,-85,-101,1,1,1,,,text,Mistral
15700,-85,-99,1,1,1,,,text,Mistral
15701,-85,-97,1,1,1,,,text,Mistral
15702,-85,-95,1,1,1,,,text,Mistral
15703,-85,-93,1,1,1,,,text,Mistral
15704,-85,-91,1,1,1,,,text,Mistral
15705,-85,-89,1,1,1,,,text,Mistral
15706,-85,-87,1,1,1,,,text,Mistral
15707,-85,-85,1,1,1,,,text,Mistral
15708,-85,-83,1,1,1,,,text,Mistral
15709,-85,-81,1,1,1,,,text,Mistral
15710,-85,-79,1,1,1,,,text,Mistral
15711,-85,-77,1,1,1,,,text,Mistral
15712,-85,-75,1,1,1,,,text,Mistral
15713,-85,-73,1,1,1,,,text,Mistral
15714,-85,-71,1,1,1,,,text,Mistral
15715,-85,-69,1,1,1,,,text,Mistral
15716,-85,-67,1,1,1,,,text,Mistral
15717,-85,-65,1,1,1,,,text,Mistral
15718,-85,-63,1,1,1,,,text,Mistral
15719,-85,-61,1,1,1,,,text,Mistral
15720,-85,-59,1,1,1,,,text,Mistral
15721,-85,-57,1,1,1,,,text,Mistral
15722,-85,-55,1,1,1,,,text,Mistral
15723,-85,-53,1,1,1,,,text,Mistral
15724,-85,-51,1,1,1,,,text,Mistral
15725,-85,-49,1,1,1,,,text,Mistral
15726,-85,-47,1,1,1,,,text,Mistral
15727,-85,-45,1,1,1,,,text,Mistral
15728,-85,-43,1,1,1,,,text,Mistral
15729,-85,-41,1,1,1,,,text,Mistral
15730,-85,-39,1,1,1,,,text,Mistral
15731,-85,-37,1,1,1,,,text,Mistral
15732,-85,-35,1,1,1,,,text,Mistral
15733,-85,-33,1,1,1,,,text,Mistral
15734,-85,-31,1,1,1,,,text,Mistral
15735,-85,-29,1,1,1,,,text,Mistral
15736,-85,-27,1,1,1,,,text,Mistral
15737,-85,-25,1,1,1,,,text,Mistral
15738,-85,-23,1,1,1,,,text,Mistral
15739,-85,-21,1,1,1,,,text,Mistral
15740,-85,-19,1,1,1,,,text,Mistral
15741,-85,-17,1,1,1,,,text,Mistral
15742,-85,-15,1,1,1,,,text,Mistral
15743,-85,-13,1,1,1,,,text,Mistral
15744,-85,-11,1,1,1,,,text,Mistral
15745,-85,-9,1,1,1,,,text,Mistral
15746,-85,-7,1,1,1,,,text,Mistral
15747,-85,-5,1,1,1,,,text,Mistral
15748,-85,-3,1,1,1,,,text,Mistral
15749,-85,-1,1,1,1,,,text,Mistral
15750,-85,1,1,1,1,,,text,Mistral
15751,-85,3,1,1,1,,,text,Mistral
15752,-85,5,1,1,1,,,text,Mistral
15753,-85,7,1,1,1,,,text,Mistral
15754,-85,9,1,1,1,,,text,Mistral
15755,-85,11,1,1,1,,,text,Mistral
15756,-85,13,1,1,1,,,text,Mistral
15757,-85,15,1,1,1,,,text,Mistral
15758,-85,17,1,1,1,,,text,Mistral
15759,-85,19,1,1,1,,,text,Mistral
15760,-85,21,1,1,1,,,text,Mistral
15761,-85,23,1,1,1,,,text,Mistral
15762,-85,25,1,1,1,,,text,Mistral
15763,-85,27,1,1,1,,,text,Mistral
15764,-85,29,1,1,1,,,text,Mistral
15765,-85,31,1,1,1,,,text,Mistral
15766,-85,33,1,1,1,,,text,Mistral
15767,-85,35,1,1,1,,,text,Mistral
15768,-85,37,1,1,1,,,text,Mistral
15769,-85,39,1,1,1,,,text,Mistral
15770,-85,41,1,1,1,,,text,Mistral
15771,-85,43,1,1,1,,,text,Mistral
15772,-85,45,1,1,1,,,text,Mistral
15773,-85,47,1,1,1,,,text,Mistral
15774,-85,49,1,1,1,,,text,Mistral
15775,-85,51,1,1,1,,,text,Mistral
15776,-85,53,1,1,1,,,text,Mistral
15777,-85,55,1,1,1,,,text,Mistral
15778,-85,57,1,1,1,,,text,Mistral
15779,-85,59,1,1,1,,,text,Mistral
15780,-85,61,1,1,1,,,text,Mistral
15781,-85,63,1,1,1,,,text,Mistral
15782,-85,65,1,1,1,,,text,Mistral
15783,-85,67,1,1,1,,,text,Mistral
15784,-85,69,1,1,1,,,text,Mistral
15785,-85,71,1,1,1,,,text,Mistral
15786,-85,73,1,1,1,,,text,Mistral
15787,-85,75,1,1,1,,,text,Mistral
15788,-85,77,1,1,1,,,text,Mistral
15789,-85,79,1,1,1,,,text,Mistral
15790,-85,81,1,1,1,,,text,Mistral
15791,-85,83,1,1,1,,,text,Mistral
15792,-85,85,1,1,1,,,text,Mistral
15793,-85,87,1,1,1,,,text,Mistral
15794,-85,89,1,1,1,,,text,Mistral
15795,-85,91,1,1,1,,,text,Mistral
15796,-85,93,1,1,1,,,text,Mistral
15797,-85,95,1,1,1,,,text,Mistral
15798,-85,97,1,1,1,,,text,Mistral
15799,-85,99,1,1,1,,,text,Mistral
15800,-85,101,1,1,1,,,text,Mistral
15801,-85,103,1,1,1,,,text,Mistral
15802,-85,105,1,1,1,,,text,Mistral
15803,-85,107,1,1,1,,,text,Mistral
15804,-85,109,1,1,1,,,text,Mistral
15805,-85,111,1,1,1,,,text,Mistral
15806,-85,113,1,1,1,,,text,Mistral
15807,-85,115,1,1,1,,,text,Mistral
15808,-85,117,1,1,1,,,text,Mistral
15809,-85,119,1,1,1,,,text,Mistral
15810,-85,121,1,1,1,,,text,Mistral
15811,-85,123,1,1,1,,,text,Mistral
15812,-85,125,1,1,1,,,text,Mistral
15813,-85,127,1,1,1,,,text,Mistral
15814,-85,129,1,1,1,,,text,Mistral
15815,-85,131,1,1,1,,,text,Mistral
15816,-85,133,1,1,1,,,text,Mistral
15817,-85,135,1,1,1,,,text,Mistral
15818,-85,137,1,1,1,,,text,Mistral
15819,-85,139,1,1,1,,,text,Mistral
15820,-85,141,1,1,1,,,text,Mistral
15821,-85,143,1,1,0,,,text,Mistral
15822,-85,145,1,1,1,,,text,Mistral
15823,-85,147,1,1,1,,,text,Mistral
15824,-85,149,1,1,1,,,text,Mistral
15825,-85,151,1,1,1,,,text,Mistral
15826,-85,153,1,1,1,,,text,Mistral
15827,-85,155,1,1,1,,,text,Mistral
15828,-85,157,1,1,1,,,text,Mistral
15829,-85,159,1,1,1,,,text,Mistral
15830,-85,161,1,1,1,,,text,Mistral
15831,-85,163,1,1,1,,,text,Mistral
15832,-85,165,1,1,1,,,text,Mistral
15833,-85,167,1,1,1,,,text,Mistral
15834,-85,169,1,1,1,,,text,Mistral
15835,-85,171,1,1,1,,,text,Mistral
15836,-85,173,1,1,1,,,text,Mistral
15837,-85,175,1,1,1,,,text,Mistral
15838,-85,177,1,1,1,,,text,Mistral
15839,-85,179,1,1,1,,,text,Mistral
15840,-87,-179,1,1,1,,,text,Mistral
15841,-87,-177,1,1,0,,,text,Mistral
15842,-87,-175,1,1,1,,,text,Mistral
15843,-87,-173,1,1,1,,,text,Mistral
15844,-87,-171,1,1,1,,,text,Mistral
15845,-87,-169,1,1,1,,,text,Mistral
15846,-87,-167,1,1,1,,,text,Mistral
15847,-87,-165,1,1,1,,,text,Mistral
15848,-87,-163,1,1,1,,,text,Mistral
15849,-87,-161,1,1,1,,,text,Mistral
15850,-87,-159,1,1,0,,,text,Mistral
15851,-87,-157,1,1,0,,,text,Mistral
15852,-87,-155,1,1,0,,,text,Mistral
15853,-87,-153,1,1,0,,,text,Mistral
15854,-87,-151,1,1,1,,,text,Mistral
15855,-87,-149,1,1,1,,,text,Mistral
15856,-87,-147,1,1,1,,,text,Mistral
15857,-87,-145,1,1,1,,,text,Mistral
15858,-87,-143,1,1,1,,,text,Mistral
15859,-87,-141,1,1,0,,,text,Mistral
15860,-87,-139,1,1,1,,,text,Mistral
15861,-87,-137,1,1,1,,,text,Mistral
15862,-87,-135,1,1,1,,,text,Mistral
15863,-87,-133,1,1,1,,,text,Mistral
15864,-87,-131,1,1,1,,,text,Mistral
15865,-87,-129,1,1,0,,,text,Mistral
15866,-87,-127,1,1,1,,,text,Mistral
15867,-87,-125,1,1,1,,,text,Mistral
15868,-87,-123,1,1,1,,,text,Mistral
15869,-87,-121,1,1,1,,,text,Mistral
15870,-87,-119,1,1,1,,,text,Mistral
15871,-87,-117,1,1,1,,,text,Mistral
15872,-87,-115,1,1,1,,,text,Mistral
15873,-87,-113,1,1,1,,,text,Mistral
15874,-87,-111,1,1,1,,,text,Mistral
15875,-87,-109,1,1,1,,,text,Mistral
15876,-87,-107,1,1,1,,,text,Mistral
15877,-87,-105,1,1,1,,,text,Mistral
15878,-87,-103,1,1,1,,,text,Mistral
15879,-87,-101,1,1,1,,,text,Mistral
15880,-87,-99,1,1,1,,,text,Mistral
15881,-87,-97,1,1,1,,,text,Mistral
15882,-87,-95,1,1,1,,,text,Mistral
15883,-87,-93,1,1,1,,,text,Mistral
15884,-87,-91,1,1,1,,,text,Mistral
15885,-87,-89,1,1,1,,,text,Mistral
15886,-87,-87,1,1,1,,,text,Mistral
15887,-87,-85,1,1,1,,,text,Mistral
15888,-87,-83,1,1,1,,,text,Mistral
15889,-87,-81,1,1,1,,,text,Mistral
15890,-87,-79,1,1,1,,,text,Mistral
15891,-87,-77,1,1,1,,,text,Mistral
15892,-87,-75,1,1,1,,,text,Mistral
15893,-87,-73,1,1,1,,,text,Mistral
15894,-87,-71,1,1,1,,,text,Mistral
15895,-87,-69,1,1,1,,,text,Mistral
15896,-87,-67,1,1,1,,,text,Mistral
15897,-87,-65,1,1,1,,,text,Mistral
15898,-87,-63,1,1,1,,,text,Mistral
15899,-87,-61,1,1,1,,,text,Mistral
15900,-87,-59,1,1,1,,,text,Mistral
15901,-87,-57,1,1,1,,,text,Mistral
15902,-87,-55,1,1,1,,,text,Mistral
15903,-87,-53,1,1,1,,,text,Mistral
15904,-87,-51,1,1,1,,,text,Mistral
15905,-87,-49,1,1,1,,,text,Mistral
15906,-87,-47,1,1,1,,,text,Mistral
15907,-87,-45,1,1,1,,,text,Mistral
15908,-87,-43,1,1,1,,,text,Mistral
15909,-87,-41,1,1,1,,,text,Mistral
15910,-87,-39,1,1,1,,,text,Mistral
15911,-87,-37,1,1,1,,,text,Mistral
15912,-87,-35,1,1,1,,,text,Mistral
15913,-87,-33,1,1,1,,,text,Mistral
15914,-87,-31,1,1,1,,,text,Mistral
15915,-87,-29,1,1,1,,,text,Mistral
15916,-87,-27,1,1,1,,,text,Mistral
15917,-87,-25,1,1,1,,,text,Mistral
15918,-87,-23,1,1,1,,,text,Mistral
15919,-87,-21,1,1,1,,,text,Mistral
15920,-87,-19,1,1,1,,,text,Mistral
15921,-87,-17,1,1,1,,,text,Mistral
15922,-87,-15,1,1,1,,,text,Mistral
15923,-87,-13,1,1,1,,,text,Mistral
15924,-87,-11,1,1,1,,,text,Mistral
15925,-87,-9,1,1,1,,,text,Mistral
15926,-87,-7,1,1,1,,,text,Mistral
15927,-87,-5,1,1,1,,,text,Mistral
15928,-87,-3,1,1,1,,,text,Mistral
15929,-87,-1,1,1,1,,,text,Mistral
15930,-87,1,1,1,1,,,text,Mistral
15931,-87,3,1,1,1,,,text,Mistral
15932,-87,5,1,1,1,,,text,Mistral
15933,-87,7,1,1,1,,,text,Mistral
15934,-87,9,1,1,1,,,text,Mistral
15935,-87,11,1,1,1,,,text,Mistral
15936,-87,13,1,1,1,,,text,Mistral
15937,-87,15,1,1,1,,,text,Mistral
15938,-87,17,1,1,1,,,text,Mistral
15939,-87,19,1,1,1,,,text,Mistral
15940,-87,21,1,1,1,,,text,Mistral
15941,-87,23,1,1,1,,,text,Mistral
15942,-87,25,1,1,1,,,text,Mistral
15943,-87,27,1,1,1,,,text,Mistral
15944,-87,29,1,1,1,,,text,Mistral
15945,-87,31,1,1,1,,,text,Mistral
15946,-87,33,1,1,1,,,text,Mistral
15947,-87,35,1,1,1,,,text,Mistral
15948,-87,37,1,1,1,,,text,Mistral
15949,-87,39,1,1,1,,,text,Mistral
15950,-87,41,1,1,1,,,text,Mistral
15951,-87,43,1,1,1,,,text,Mistral
15952,-87,45,1,1,1,,,text,Mistral
15953,-87,47,1,1,1,,,text,Mistral
15954,-87,49,1,1,1,,,text,Mistral
15955,-87,51,1,1,1,,,text,Mistral
15956,-87,53,1,1,1,,,text,Mistral
15957,-87,55,1,1,1,,,text,Mistral
15958,-87,57,1,1,1,,,text,Mistral
15959,-87,59,1,1,1,,,text,Mistral
15960,-87,61,1,1,1,,,text,Mistral
15961,-87,63,1,1,1,,,text,Mistral
15962,-87,65,1,1,1,,,text,Mistral
15963,-87,67,1,1,1,,,text,Mistral
15964,-87,69,1,1,1,,,text,Mistral
15965,-87,71,1,1,1,,,text,Mistral
15966,-87,73,1,1,1,,,text,Mistral
15967,-87,75,1,1,1,,,text,Mistral
15968,-87,77,1,1,1,,,text,Mistral
15969,-87,79,1,1,1,,,text,Mistral
15970,-87,81,1,1,1,,,text,Mistral
15971,-87,83,1,1,1,,,text,Mistral
15972,-87,85,1,1,1,,,text,Mistral
15973,-87,87,1,1,1,,,text,Mistral
15974,-87,89,1,1,1,,,text,Mistral
15975,-87,91,1,1,1,,,text,Mistral
15976,-87,93,1,1,1,,,text,Mistral
15977,-87,95,1,1,1,,,text,Mistral
15978,-87,97,1,1,1,,,text,Mistral
15979,-87,99,1,1,1,,,text,Mistral
15980,-87,101,1,1,1,,,text,Mistral
15981,-87,103,1,1,1,,,text,Mistral
15982,-87,105,1,1,1,,,text,Mistral
15983,-87,107,1,1,1,,,text,Mistral
15984,-87,109,1,1,1,,,text,Mistral
15985,-87,111,1,1,1,,,text,Mistral
15986,-87,113,1,1,1,,,text,Mistral
15987,-87,115,1,1,1,,,text,Mistral
15988,-87,117,1,1,1,,,text,Mistral
15989,-87,119,1,1,1,,,text,Mistral
15990,-87,121,1,1,1,,,text,Mistral
15991,-87,123,1,1,1,,,text,Mistral
15992,-87,125,1,1,1,,,text,Mistral
15993,-87,127,1,1,1,,,text,Mistral
15994,-87,129,1,1,1,,,text,Mistral
15995,-87,131,1,1,1,,,text,Mistral
15996,-87,133,1,1,1,,,text,Mistral
15997,-87,135,1,1,1,,,text,Mistral
15998,-87,137,1,1,1,,,text,Mistral
15999,-87,139,1,1,1,,,text,Mistral
16000,-87,141,1,1,1,,,text,Mistral
16001,-87,143,1,1,1,,,text,Mistral
16002,-87,145,1,1,1,,,text,Mistral
16003,-87,147,1,1,1,,,text,Mistral
16004,-87,149,1,1,1,,,text,Mistral
16005,-87,151,1,1,1,,,text,Mistral
16006,-87,153,1,1,1,,,text,Mistral
16007,-87,155,1,1,1,,,text,Mistral
16008,-87,157,1,1,1,,,text,Mistral
16009,-87,159,1,1,1,,,text,Mistral
16010,-87,161,1,1,1,,,text,Mistral
16011,-87,163,1,1,1,,,text,Mistral
16012,-87,165,1,1,1,,,text,Mistral
16013,-87,167,1,1,1,,,text,Mistral
16014,-87,169,1,1,1,,,text,Mistral
16015,-87,171,1,1,1,,,text,Mistral
16016,-87,173,1,1,1,,,text,Mistral
16017,-87,175,1,1,1,,,text,Mistral
16018,-87,177,1,1,1,,,text,Mistral
16019,-87,179,1,1,1,,,text,Mistral
16020,-89,-179,1,1,0,,,text,Mistral
16021,-89,-177,1,1,0,,,text,Mistral
16022,-89,-175,1,1,1,,,text,Mistral
16023,-89,-173,1,1,0,,,text,Mistral
16024,-89,-171,1,1,0,,,text,Mistral
16025,-89,-169,1,1,1,,,text,Mistral
16026,-89,-167,1,1,0,,,text,Mistral
16027,-89,-165,1,1,1,,,text,Mistral
16028,-89,-163,1,1,1,,,text,Mistral
16029,-89,-161,1,1,1,,,text,Mistral
16030,-89,-159,1,1,1,,,text,Mistral
16031,-89,-157,1,1,0,,,text,Mistral
16032,-89,-155,1,1,0,,,text,Mistral
16033,-89,-153,1,1,0,,,text,Mistral
16034,-89,-151,1,1,1,,,text,Mistral
16035,-89,-149,1,1,1,,,text,Mistral
16036,-89,-147,1,1,1,,,text,Mistral
16037,-89,-145,1,1,1,,,text,Mistral
16038,-89,-143,1,1,0,,,text,Mistral
16039,-89,-141,1,1,1,,,text,Mistral
16040,-89,-139,1,1,1,,,text,Mistral
16041,-89,-137,1,1,1,,,text,Mistral
16042,-89,-135,1,1,1,,,text,Mistral
16043,-89,-133,1,1,1,,,text,Mistral
16044,-89,-131,1,1,1,,,text,Mistral
16045,-89,-129,1,1,0,,,text,Mistral
16046,-89,-127,1,1,1,,,text,Mistral
16047,-89,-125,1,1,1,,,text,Mistral
16048,-89,-123,1,1,1,,,text,Mistral
16049,-89,-121,1,1,1,,,text,Mistral
16050,-89,-119,1,1,1,,,text,Mistral
16051,-89,-117,1,1,1,,,text,Mistral
16052,-89,-115,1,1,1,,,text,Mistral
16053,-89,-113,1,1,1,,,text,Mistral
16054,-89,-111,1,1,1,,,text,Mistral
16055,-89,-109,1,1,1,,,text,Mistral
16056,-89,-107,1,1,1,,,text,Mistral
16057,-89,-105,1,1,1,,,text,Mistral
16058,-89,-103,1,1,1,,,text,Mistral
16059,-89,-101,1,1,1,,,text,Mistral
16060,-89,-99,1,1,1,,,text,Mistral
16061,-89,-97,1,1,1,,,text,Mistral
16062,-89,-95,1,1,0,,,text,Mistral
16063,-89,-93,1,1,1,,,text,Mistral
16064,-89,-91,1,1,1,,,text,Mistral
16065,-89,-89,1,1,1,,,text,Mistral
16066,-89,-87,1,1,1,,,text,Mistral
16067,-89,-85,1,1,1,,,text,Mistral
16068,-89,-83,1,1,1,,,text,Mistral
16069,-89,-81,1,1,1,,,text,Mistral
16070,-89,-79,1,1,1,,,text,Mistral
16071,-89,-77,1,1,1,,,text,Mistral
16072,-89,-75,1,1,1,,,text,Mistral
16073,-89,-73,1,1,1,,,text,Mistral
16074,-89,-71,1,1,1,,,text,Mistral
16075,-89,-69,1,1,1,,,text,Mistral
16076,-89,-67,1,1,1,,,text,Mistral
16077,-89,-65,1,1,1,,,text,Mistral
16078,-89,-63,1,1,1,,,text,Mistral
16079,-89,-61,1,1,1,,,text,Mistral
16080,-89,-59,1,1,1,,,text,Mistral
16081,-89,-57,1,1,1,,,text,Mistral
16082,-89,-55,1,1,1,,,text,Mistral
16083,-89,-53,1,1,1,,,text,Mistral
16084,-89,-51,1,1,1,,,text,Mistral
16085,-89,-49,1,1,1,,,text,Mistral
16086,-89,-47,1,1,1,,,text,Mistral
16087,-89,-45,1,1,1,,,text,Mistral
16088,-89,-43,1,1,1,,,text,Mistral
16089,-89,-41,1,1,1,,,text,Mistral
16090,-89,-39,1,1,1,,,text,Mistral
16091,-89,-37,1,1,1,,,text,Mistral
16092,-89,-35,1,1,1,,,text,Mistral
16093,-89,-33,1,1,1,,,text,Mistral
16094,-89,-31,1,1,1,,,text,Mistral
16095,-89,-29,1,1,1,,,text,Mistral
16096,-89,-27,1,1,1,,,text,Mistral
16097,-89,-25,1,1,1,,,text,Mistral
16098,-89,-23,1,1,1,,,text,Mistral
16099,-89,-21,1,1,1,,,text,Mistral
16100,-89,-19,1,1,1,,,text,Mistral
16101,-89,-17,1,1,1,,,text,Mistral
16102,-89,-15,1,1,1,,,text,Mistral
16103,-89,-13,1,1,1,,,text,Mistral
16104,-89,-11,1,1,1,,,text,Mistral
16105,-89,-9,1,1,1,,,text,Mistral
16106,-89,-7,1,1,1,,,text,Mistral
16107,-89,-5,1,1,1,,,text,Mistral
16108,-89,-3,1,1,1,,,text,Mistral
16109,-89,-1,1,1,1,,,text,Mistral
16110,-89,1,1,1,1,,,text,Mistral
16111,-89,3,1,1,1,,,text,Mistral
16112,-89,5,1,1,1,,,text,Mistral
16113,-89,7,1,1,1,,,text,Mistral
16114,-89,9,1,1,1,,,text,Mistral
16115,-89,11,1,1,1,,,text,Mistral
16116,-89,13,1,1,1,,,text,Mistral
16117,-89,15,1,1,1,,,text,Mistral
16118,-89,17,1,1,1,,,text,Mistral
16119,-89,19,1,1,1,,,text,Mistral
16120,-89,21,1,1,1,,,text,Mistral
16121,-89,23,1,1,1,,,text,Mistral
16122,-89,25,1,1,1,,,text,Mistral
16123,-89,27,1,1,1,,,text,Mistral
16124,-89,29,1,1,1,,,text,Mistral
16125,-89,31,1,1,1,,,text,Mistral
16126,-89,33,1,1,1,,,text,Mistral
16127,-89,35,1,1,1,,,text,Mistral
16128,-89,37,1,1,1,,,text,Mistral
16129,-89,39,1,1,1,,,text,Mistral
16130,-89,41,1,1,1,,,text,Mistral
16131,-89,43,1,1,1,,,text,Mistral
16132,-89,45,1,1,1,,,text,Mistral
16133,-89,47,1,1,1,,,text,Mistral
16134,-89,49,1,1,1,,,text,Mistral
16135,-89,51,1,1,1,,,text,Mistral
16136,-89,53,1,1,1,,,text,Mistral
16137,-89,55,1,1,1,,,text,Mistral
16138,-89,57,1,1,1,,,text,Mistral
16139,-89,59,1,1,1,,,text,Mistral
16140,-89,61,1,1,1,,,text,Mistral
16141,-89,63,1,1,1,,,text,Mistral
16142,-89,65,1,1,1,,,text,Mistral
16143,-89,67,1,1,1,,,text,Mistral
16144,-89,69,1,1,1,,,text,Mistral
16145,-89,71,1,1,1,,,text,Mistral
16146,-89,73,1,1,1,,,text,Mistral
16147,-89,75,1,1,1,,,text,Mistral
16148,-89,77,1,1,1,,,text,Mistral
16149,-89,79,1,1,1,,,text,Mistral
16150,-89,81,1,1,1,,,text,Mistral
16151,-89,83,1,1,1,,,text,Mistral
16152,-89,85,1,1,1,,,text,Mistral
16153,-89,87,1,1,1,,,text,Mistral
16154,-89,89,1,1,1,,,text,Mistral
16155,-89,91,1,1,1,,,text,Mistral
16156,-89,93,1,1,1,,,text,Mistral
16157,-89,95,1,1,1,,,text,Mistral
16158,-89,97,1,1,1,,,text,Mistral
16159,-89,99,1,1,1,,,text,Mistral
16160,-89,101,1,1,1,,,text,Mistral
16161,-89,103,1,1,1,,,text,Mistral
16162,-89,105,1,1,1,,,text,Mistral
16163,-89,107,1,1,1,,,text,Mistral
16164,-89,109,1,1,1,,,text,Mistral
16165,-89,111,1,1,1,,,text,Mistral
16166,-89,113,1,1,1,,,text,Mistral
16167,-89,115,1,1,1,,,text,Mistral
16168,-89,117,1,1,1,,,text,Mistral
16169,-89,119,1,1,1,,,text,Mistral
16170,-89,121,1,1,1,,,text,Mistral
16171,-89,123,1,1,1,,,text,Mistral
16172,-89,125,1,1,1,,,text,Mistral
16173,-89,127,1,1,0,,,text,Mistral
16174,-89,129,1,1,0,,,text,Mistral
16175,-89,131,1,1,1,,,text,Mistral
16176,-89,133,1,1,1,,,text,Mistral
16177,-89,135,1,1,1,,,text,Mistral
16178,-89,137,1,1,1,,,text,Mistral
16179,-89,139,1,1,1,,,text,Mistral
16180,-89,141,1,1,0,,,text,Mistral
16181,-89,143,1,1,1,,,text,Mistral
16182,-89,145,1,1,1,,,text,Mistral
16183,-89,147,1,1,1,,,text,Mistral
16184,-89,149,1,1,1,,,text,Mistral
16185,-89,151,1,1,1,,,text,Mistral
16186,-89,153,1,1,1,,,text,Mistral
16187,-89,155,1,1,1,,,text,Mistral
16188,-89,157,1,1,1,,,text,Mistral
16189,-89,159,1,1,1,,,text,Mistral
16190,-89,161,1,1,1,,,text,Mistral
16191,-89,163,1,1,1,,,text,Mistral
16192,-89,165,1,1,1,,,text,Mistral
16193,-89,167,1,1,1,,,text,Mistral
16194,-89,169,1,1,1,,,text,Mistral
16195,-89,171,1,1,1,,,text,Mistral
16196,-89,173,1,1,0,,,text,Mistral
16197,-89,175,1,1,1,,,text,Mistral
16198,-89,177,1,1,0,,,text,Mistral
16199,-89,179,1,1,1,,,text,Mistral
