point_id,lat,lon,truth,truth_lakes,pred,p_land,mass,source,provider
0,89,-179,0,0,0,0.11924,0.981269,logprobs,DekaLLM
1,89,-177,0,0,0,0.075844,0.984624,logprobs,DekaLLM
2,89,-175,0,0,0,0.047442,0.990043,logprobs,DekaLLM
3,89,-173,0,0,0,0.029309,0.990884,logprobs,DekaLLM
4,89,-171,0,0,0,0.075839,0.979663,logprobs,DekaLLM
5,89,-169,0,0,0,0.029309,0.990712,logprobs,DekaLLM
6,89,-167,0,0,0,0.017983,0.987815,logprobs,DekaLLM
7,89,-165,0,0,0,0.029309,0.990852,logprobs,DekaLLM
8,89,-163,0,0,0,0.047417,0.985046,logprobs,DekaLLM
9,89,-161,0,0,0,0.017984,0.992542,logprobs,DekaLLM
10,89,-159,0,0,0,0.047413,0.979217,logprobs,DekaLLM
11,89,-157,0,0,0,0.029307,0.991762,logprobs,DekaLLM
12,89,-155,0,0,0,0.029307,0.985229,logprobs,DekaLLM
13,89,-153,0,0,0,0.047417,0.985148,logprobs,DekaLLM
14,89,-151,0,0,0,0.029307,0.98931,logprobs,DekaLLM
15,89,-149,0,0,0,0.119177,0.984414,logprobs,DekaLLM
16,89,-147,0,0,0,0.11924,0.984395,logprobs,DekaLLM
17,89,-145,0,0,0,0.075844,0.988582,logprobs,DekaLLM
18,89,-143,0,0,0,0.075844,0.984772,logprobs,DekaLLM
19,89,-141,0,0,0,0.119169,0.983747,logprobs,DekaLLM
20,89,-139,0,0,0,0.182445,0.983151,logprobs,DekaLLM
21,89,-137,0,0,0,0.075844,0.98298,logprobs,DekaLLM
22,89,-135,0,0,0,0.119169,0.982525,logprobs,DekaLLM
23,89,-133,0,0,0,0.075844,0.987989,logprobs,DekaLLM
24,89,-131,0,0,0,0.119169,0.982956,logprobs,DekaLLM
25,89,-129,0,0,0,0.075844,0.985713,logprobs,DekaLLM
26,89,-127,0,0,0,0.047417,0.980485,logprobs,DekaLLM
27,89,-125,0,0,0,0.029304,0.974443,logprobs,DekaLLM
28,89,-123,0,0,0,0.119182,0.979147,logprobs,DekaLLM
29,89,-121,0,0,0,0.182478,0.974417,logprobs,DekaLLM
30,89,-119,0,0,0,0.182459,0.98096,logprobs,DekaLLM
31,89,-117,0,0,0,0.269023,0.985859,logprobs,DekaLLM
32,89,-115,0,0,0,0.182457,0.981571,logprobs,DekaLLM
33,89,-113,0,0,0,0.377619,0.978798,logprobs,DekaLLM
34,89,-111,0,0,1,0.622586,0.97843,logprobs,DekaLLM
35,89,-109,0,0,0,0.377749,0.984713,logprobs,DekaLLM
36,89,-107,0,0,0,0.377718,0.986046,logprobs,DekaLLM
37,89,-105,0,0,1,0.622604,0.98356,logprobs,DekaLLM
38,89,-103,0,0,1,0.500135,0.984825,logprobs,DekaLLM
39,89,-101,0,0,0,0.377718,0.983172,logprobs,DekaLLM
40,89,-99,0,0,0,0.269033,0.983975,logprobs,DekaLLM
41,89,-97,0,0,0,0.269007,0.982376,logprobs,DekaLLM
42,89,-95,0,0,0,0.119182,0.983453,logprobs,DekaLLM
43,89,-93,0,0,0,0.07585,0.981862,logprobs,DekaLLM
44,89,-91,0,0,0,0.047417,0.983823,logprobs,DekaLLM
45,89,-89,0,0,0,0.182457,0.985204,logprobs,DekaLLM
46,89,-87,0,0,0,0.119182,0.982635,logprobs,DekaLLM
47,89,-85,0,0,0,0.119217,0.988014,logprobs,DekaLLM
48,89,-83,0,0,0,0.18254,0.981296,logprobs,DekaLLM
49,89,-81,0,0,0,0.182528,0.984995,logprobs,DekaLLM
50,89,-79,0,0,0,0.377619,0.983813,logprobs,DekaLLM
51,89,-77,0,0,0,0.269068,0.985007,logprobs,DekaLLM
52,89,-75,0,0,0,0.269023,0.987861,logprobs,DekaLLM
53,89,-73,0,0,0,0.182439,0.98594,logprobs,DekaLLM
54,89,-71,0,0,0,0.119177,0.97992,logprobs,DekaLLM
55,89,-69,0,0,0,0.182495,0.986285,logprobs,DekaLLM
56,89,-67,0,0,0,0.182445,0.985713,logprobs,DekaLLM
57,89,-65,0,0,0,0.182507,0.983201,logprobs,DekaLLM
58,89,-63,0,0,0,0.119217,0.989943,logprobs,DekaLLM
59,89,-61,0,0,0,0.182427,0.986122,logprobs,DekaLLM
60,89,-59,0,0,0,0.182445,0.987869,logprobs,DekaLLM
61,89,-57,0,0,0,0.182457,0.988102,logprobs,DekaLLM
62,89,-55,0,0,0,0.182457,0.986835,logprobs,DekaLLM
63,89,-53,0,0,0,0.182427,0.985774,logprobs,DekaLLM
64,89,-51,0,0,0,0.119217,0.986591,logprobs,DekaLLM
65,89,-49,0,0,0,0.269076,0.98141,logprobs,DekaLLM
66,89,-47,0,0,0,0.18254,0.986192,logprobs,DekaLLM
67,89,-45,0,0,0,0.182478,0.985492,logprobs,DekaLLM
68,89,-43,0,0,0,0.269033,0.985067,logprobs,DekaLLM
69,89,-41,0,0,0,0.377619,0.985044,logprobs,DekaLLM
70,89,-39,0,0,0,0.18254,0.983007,logprobs,DekaLLM
71,89,-37,0,0,0,0.182457,0.987158,logprobs,DekaLLM
72,89,-35,0,0,0,0.377667,0.986717,logprobs,DekaLLM
73,89,-33,0,0,0,0.269026,0.986755,logprobs,DekaLLM
74,89,-31,0,0,0,0.377638,0.985386,logprobs,DekaLLM
75,89,-29,0,0,0,0.377619,0.985414,logprobs,DekaLLM
76,89,-27,0,0,0,0.377667,0.98305,logprobs,DekaLLM
77,89,-25,0,0,0,0.377638,0.987226,logprobs,DekaLLM
78,89,-23,0,0,0,0.269023,0.986378,logprobs,DekaLLM
79,89,-21,0,0,0,0.268983,0.986754,logprobs,DekaLLM
80,89,-19,0,0,0,0.269076,0.982338,logprobs,DekaLLM
81,89,-17,0,0,0,0.377619,0.982864,logprobs,DekaLLM
82,89,-15,0,0,0,0.377619,0.983877,logprobs,DekaLLM
83,89,-13,0,0,0,0.377619,0.984062,logprobs,DekaLLM
84,89,-11,0,0,0,0.269073,0.983277,logprobs,DekaLLM
85,89,-9,0,0,0,0.269116,0.981467,logprobs,DekaLLM
86,89,-7,0,0,0,0.269092,0.983019,logprobs,DekaLLM
87,89,-5,0,0,0,0.269092,0.986968,logprobs,DekaLLM
88,89,-3,0,0,0,0.377623,0.980423,logprobs,DekaLLM
89,89,-1,0,0,0,0.269025,0.985079,logprobs,DekaLLM
90,89,1,0,0,1,0.500084,0.983689,logprobs,DekaLLM
91,89,3,0,0,0,0.26901,0.975657,logprobs,DekaLLM
92,89,5,0,0,0,0.269076,0.981975,logprobs,DekaLLM
93,89,7,0,0,0,0.377638,0.984429,logprobs,DekaLLM
94,89,9,0,0,0,0.377638,0.98544,logprobs,DekaLLM
95,89,11,0,0,0,0.377749,0.972271,logprobs,DekaLLM
96,89,13,0,0,0,0.377749,0.981344,logprobs,DekaLLM
97,89,15,0,0,0,0.377619,0.984516,logprobs,DekaLLM
98,89,17,0,0,1,0.500135,0.977543,logprobs,DekaLLM
99,89,19,0,0,0,0.377698,0.978688,logprobs,DekaLLM
100,89,21,0,0,0,0.377702,0.982628,logprobs,DekaLLM
101,89,23,0,0,0,0.377638,0.983172,logprobs,DekaLLM
102,89,25,0,0,1,0.500135,0.981917,logprobs,DekaLLM
103,89,27,0,0,1,0.500135,0.978367,logprobs,DekaLLM
104,89,29,0,0,1,0.500135,0.985548,logprobs,DekaLLM
105,89,31,0,0,1,0.500135,0.977181,logprobs,DekaLLM
106,89,33,0,0,1,0.500115,0.985583,logprobs,DekaLLM
107,89,35,0,0,1,0.500084,0.985563,logprobs,DekaLLM
108,89,37,0,0,1,0.500135,0.978391,logprobs,DekaLLM
109,89,39,0,0,1,0.622617,0.973254,logprobs,DekaLLM
110,89,41,0,0,1,0.622666,0.978577,logprobs,DekaLLM
111,89,43,0,0,1,0.500171,0.977571,logprobs,DekaLLM
112,89,45,0,0,0,0.377702,0.97613,logprobs,DekaLLM
113,89,47,0,0,0,0.377718,0.981803,logprobs,DekaLLM
114,89,49,0,0,1,0.622538,0.982634,logprobs,DekaLLM
115,89,51,0,0,0,0.377749,0.971744,logprobs,DekaLLM
116,89,53,0,0,0,0.377698,0.985153,logprobs,DekaLLM
117,89,55,0,0,0,0.377749,0.97869,logprobs,DekaLLM
118,89,57,0,0,0,0.377689,0.977791,logprobs,DekaLLM
119,89,59,0,0,0,0.37759,0.984868,logprobs,DekaLLM
120,89,61,0,0,1,0.500117,0.980343,logprobs,DekaLLM
121,89,63,0,0,0,0.377698,0.983261,logprobs,DekaLLM
122,89,65,0,0,1,0.500084,0.978185,logprobs,DekaLLM
123,89,67,0,0,1,0.500084,0.967618,logprobs,DekaLLM
124,89,69,0,0,0,0.377671,0.982602,logprobs,DekaLLM
125,89,71,0,0,0,0.377671,0.962839,logprobs,DekaLLM
126,89,73,0,0,0,0.377671,0.974244,logprobs,DekaLLM
127,89,75,0,0,1,0.500189,0.981155,logprobs,DekaLLM
128,89,77,0,0,1,0.500171,0.980172,logprobs,DekaLLM
129,89,79,0,0,1,0.500168,0.971904,logprobs,DekaLLM
130,89,81,0,0,1,0.500138,0.979717,logprobs,DekaLLM
131,89,83,0,0,1,0.500135,0.970182,logprobs,DekaLLM
132,89,85,0,0,0,0.377698,0.976373,logprobs,DekaLLM
133,89,87,0,0,0,0.377702,0.981149,logprobs,DekaLLM
134,89,89,0,0,0,0.377667,0.987412,logprobs,DekaLLM
135,89,91,0,0,0,0.182395,0.973621,logprobs,DekaLLM
136,89,93,0,0,0,0.26901,0.973768,logprobs,DekaLLM
137,89,95,0,0,0,0.268901,0.973262,logprobs,DekaLLM
138,89,97,0,0,0,0.377572,0.978231,logprobs,DekaLLM
139,89,99,0,0,0,0.26901,0.973728,logprobs,DekaLLM
140,89,101,0,0,0,0.182531,0.969718,logprobs,DekaLLM
141,89,103,0,0,0,0.377619,0.974136,logprobs,DekaLLM
142,89,105,0,0,0,0.268967,0.980859,logprobs,DekaLLM
143,89,107,0,0,0,0.269076,0.972327,logprobs,DekaLLM
144,89,109,0,0,0,0.377749,0.967113,logprobs,DekaLLM
145,89,111,0,0,1,0.500138,0.971835,logprobs,DekaLLM
146,89,113,0,0,0,0.268941,0.976257,logprobs,DekaLLM
147,89,115,0,0,0,0.11924,0.980578,logprobs,DekaLLM
148,89,117,0,0,0,0.26901,0.973705,logprobs,DekaLLM
149,89,119,0,0,0,0.182459,0.973853,logprobs,DekaLLM
150,89,121,0,0,0,0.182478,0.980009,logprobs,DekaLLM
151,89,123,0,0,0,0.26901,0.973147,logprobs,DekaLLM
152,89,125,0,0,0,0.377671,0.97555,logprobs,DekaLLM
153,89,127,0,0,0,0.377749,0.970922,logprobs,DekaLLM
154,89,129,0,0,1,0.500135,0.970501,logprobs,DekaLLM
155,89,131,0,0,0,0.269055,0.958806,logprobs,DekaLLM
156,89,133,0,0,0,0.269076,0.981334,logprobs,DekaLLM
157,89,135,0,0,0,0.269076,0.983341,logprobs,DekaLLM
158,89,137,0,0,0,0.269076,0.979765,logprobs,DekaLLM
159,89,139,0,0,0,0.269076,0.978335,logprobs,DekaLLM
160,89,141,0,0,0,0.269116,0.971248,logprobs,DekaLLM
161,89,143,0,0,0,0.182377,0.982039,logprobs,DekaLLM
162,89,145,0,0,0,0.182457,0.981109,logprobs,DekaLLM
163,89,147,0,0,0,0.269076,0.972703,logprobs,DekaLLM
164,89,149,0,0,0,0.377698,0.975812,logprobs,DekaLLM
165,89,151,0,0,0,0.269023,0.985492,logprobs,DekaLLM
166,89,153,0,0,0,0.182478,0.984814,logprobs,DekaLLM
167,89,155,0,0,0,0.11924,0.983684,logprobs,DekaLLM
168,89,157,0,0,0,0.119182,0.981634,logprobs,DekaLLM
169,89,159,0,0,0,0.11919,0.983129,logprobs,DekaLLM
170,89,161,0,0,0,0.11924,0.978109,logprobs,DekaLLM
171,89,163,0,0,0,0.119182,0.982301,logprobs,DekaLLM
172,89,165,0,0,0,0.075844,0.985976,logprobs,DekaLLM
173,89,167,0,0,0,0.029309,0.981797,logprobs,DekaLLM
174,89,169,0,0,0,0.075844,0.982831,logprobs,DekaLLM
175,89,171,0,0,0,0.075839,0.979427,logprobs,DekaLLM
176,89,173,0,0,0,0.047417,0.985446,logprobs,DekaLLM
177,89,175,0,0,0,0.119182,0.987047,logprobs,DekaLLM
178,89,177,0,0,0,0.119182,0.985645,logprobs,DekaLLM
179,89,179,0,0,0,0.119174,0.985644,logprobs,DekaLLM
180,87,-179,0,0,0,0.047418,0.989226,logprobs,DekaLLM
181,87,-177,0,0,0,0.029309,0.98537,logprobs,DekaLLM
182,87,-175,0,0,0,0.017984,0.990991,logprobs,DekaLLM
183,87,-173,0,0,0,0.010986,0.990931,logprobs,DekaLLM
184,87,-171,0,0,0,0.010985,0.982519,logprobs,DekaLLM
185,87,-169,0,0,0,0.010986,0.988826,logprobs,DekaLLM
186,87,-167,0,0,0,0.006692,0.990159,logprobs,DekaLLM
187,87,-165,0,0,0,0.010986,0.990102,logprobs,DekaLLM
188,87,-163,0,0,0,0.010985,0.982069,logprobs,DekaLLM
189,87,-161,0,0,0,0.010985,0.991415,logprobs,DekaLLM
190,87,-159,0,0,0,0.017983,0.98788,logprobs,DekaLLM
191,87,-157,0,0,0,0.010984,0.983952,logprobs,DekaLLM
192,87,-155,0,0,0,0.017983,0.987003,logprobs,DekaLLM
193,87,-153,0,0,0,0.010985,0.987299,logprobs,DekaLLM
194,87,-151,0,0,0,0.017983,0.976054,logprobs,DekaLLM
195,87,-149,0,0,0,0.075839,0.980581,logprobs,DekaLLM
196,87,-147,0,0,0,0.075844,0.984258,logprobs,DekaLLM
197,87,-145,0,0,0,0.047418,0.986746,logprobs,DekaLLM
198,87,-143,0,0,0,0.029307,0.981356,logprobs,DekaLLM
199,87,-141,0,0,0,0.047417,0.981717,logprobs,DekaLLM
200,87,-139,0,0,0,0.029307,0.986487,logprobs,DekaLLM
201,87,-137,0,0,0,0.047417,0.98489,logprobs,DekaLLM
202,87,-135,0,0,0,0.047417,0.985172,logprobs,DekaLLM
203,87,-133,0,0,0,0.029309,0.984733,logprobs,DekaLLM
204,87,-131,0,0,0,0.029307,0.986521,logprobs,DekaLLM
205,87,-129,0,0,0,0.075844,0.983174,logprobs,DekaLLM
206,87,-127,0,0,0,0.029307,0.986579,logprobs,DekaLLM
207,87,-125,0,0,0,0.029305,0.979986,logprobs,DekaLLM
208,87,-123,0,0,0,0.075844,0.978774,logprobs,DekaLLM
209,87,-121,0,0,0,0.182478,0.968217,logprobs,DekaLLM
210,87,-119,0,0,0,0.182528,0.980781,logprobs,DekaLLM
211,87,-117,0,0,0,0.37759,0.984753,logprobs,DekaLLM
212,87,-115,0,0,0,0.269076,0.978762,logprobs,DekaLLM
213,87,-113,0,0,0,0.377619,0.979549,logprobs,DekaLLM
214,87,-111,0,0,1,0.622666,0.980671,logprobs,DekaLLM
215,87,-109,0,0,0,0.377638,0.984212,logprobs,DekaLLM
216,87,-107,0,0,1,0.500138,0.979821,logprobs,DekaLLM
217,87,-105,0,0,1,0.500202,0.982151,logprobs,DekaLLM
218,87,-103,0,0,0,0.377638,0.985115,logprobs,DekaLLM
219,87,-101,0,0,0,0.377638,0.981086,logprobs,DekaLLM
220,87,-99,0,0,0,0.182528,0.985409,logprobs,DekaLLM
221,87,-97,0,0,0,0.377572,0.975762,logprobs,DekaLLM
222,87,-95,0,0,0,0.119174,0.984317,logprobs,DekaLLM
223,87,-93,0,0,0,0.075846,0.988257,logprobs,DekaLLM
224,87,-91,0,0,0,0.029307,0.982731,logprobs,DekaLLM
225,87,-89,0,0,0,0.119182,0.980812,logprobs,DekaLLM
226,87,-87,0,0,0,0.11919,0.985905,logprobs,DekaLLM
227,87,-85,0,0,0,0.119182,0.982525,logprobs,DekaLLM
228,87,-83,0,0,0,0.18249,0.98054,logprobs,DekaLLM
229,87,-81,0,0,0,0.268967,0.976267,logprobs,DekaLLM
230,87,-79,0,0,0,0.268967,0.981499,logprobs,DekaLLM
231,87,-77,0,0,0,0.269076,0.979239,logprobs,DekaLLM
232,87,-75,0,0,0,0.269076,0.981916,logprobs,DekaLLM
233,87,-73,0,0,0,0.182478,0.976009,logprobs,DekaLLM
234,87,-71,0,0,0,0.075844,0.980412,logprobs,DekaLLM
235,87,-69,0,0,0,0.11924,0.98362,logprobs,DekaLLM
236,87,-67,0,0,0,0.182427,0.984077,logprobs,DekaLLM
237,87,-65,0,0,0,0.075844,0.986211,logprobs,DekaLLM
238,87,-63,0,0,0,0.075839,0.986214,logprobs,DekaLLM
239,87,-61,0,0,0,0.119225,0.98784,logprobs,DekaLLM
240,87,-59,0,0,0,0.119217,0.986996,logprobs,DekaLLM
241,87,-57,0,0,0,0.269033,0.982947,logprobs,DekaLLM
242,87,-55,0,0,0,0.182507,0.986956,logprobs,DekaLLM
243,87,-53,0,0,0,0.119182,0.979359,logprobs,DekaLLM
244,87,-51,0,0,0,0.182457,0.985987,logprobs,DekaLLM
245,87,-49,0,0,0,0.119227,0.98521,logprobs,DekaLLM
246,87,-47,0,0,0,0.268967,0.983009,logprobs,DekaLLM
247,87,-45,0,0,0,0.182445,0.982088,logprobs,DekaLLM
248,87,-43,0,0,0,0.182457,0.986491,logprobs,DekaLLM
249,87,-41,0,0,0,0.18254,0.986464,logprobs,DekaLLM
250,87,-39,0,0,0,0.119177,0.985494,logprobs,DekaLLM
251,87,-37,0,0,0,0.268967,0.982385,logprobs,DekaLLM
252,87,-35,0,0,0,0.268967,0.98266,logprobs,DekaLLM
253,87,-33,0,0,0,0.268986,0.982146,logprobs,DekaLLM
254,87,-31,0,0,0,0.269066,0.983356,logprobs,DekaLLM
255,87,-29,0,0,0,0.377667,0.98489,logprobs,DekaLLM
256,87,-27,0,0,0,0.269023,0.986263,logprobs,DekaLLM
257,87,-25,0,0,0,0.269076,0.981247,logprobs,DekaLLM
258,87,-23,0,0,0,0.182528,0.983716,logprobs,DekaLLM
259,87,-21,0,0,0,0.182478,0.985928,logprobs,DekaLLM
260,87,-19,0,0,0,0.269023,0.983821,logprobs,DekaLLM
261,87,-17,0,0,0,0.377619,0.98389,logprobs,DekaLLM
262,87,-15,0,0,0,0.377619,0.979551,logprobs,DekaLLM
263,87,-13,0,0,0,0.269092,0.984771,logprobs,DekaLLM
264,87,-11,0,0,0,0.377619,0.977542,logprobs,DekaLLM
265,87,-9,0,0,0,0.269076,0.982509,logprobs,DekaLLM
266,87,-7,0,0,0,0.377667,0.984159,logprobs,DekaLLM
267,87,-5,0,0,0,0.18249,0.984358,logprobs,DekaLLM
268,87,-3,0,0,0,0.377749,0.978632,logprobs,DekaLLM
269,87,-1,0,0,0,0.377667,0.9843,logprobs,DekaLLM
270,87,1,0,0,0,0.26901,0.973925,logprobs,DekaLLM
271,87,3,0,0,0,0.377619,0.970748,logprobs,DekaLLM
272,87,5,0,0,0,0.26901,0.97079,logprobs,DekaLLM
273,87,7,0,0,0,0.377572,0.975697,logprobs,DekaLLM
274,87,9,0,0,0,0.377702,0.972562,logprobs,DekaLLM
275,87,11,0,0,0,0.377619,0.962342,logprobs,DekaLLM
276,87,13,0,0,0,0.377667,0.983269,logprobs,DekaLLM
277,87,15,0,0,1,0.500135,0.978363,logprobs,DekaLLM
278,87,17,0,0,0,0.269076,0.978211,logprobs,DekaLLM
279,87,19,0,0,1,0.500135,0.968079,logprobs,DekaLLM
280,87,21,0,0,0,0.377749,0.971969,logprobs,DekaLLM
281,87,23,0,0,0,0.377667,0.981783,logprobs,DekaLLM
282,87,25,0,0,0,0.377718,0.974846,logprobs,DekaLLM
283,87,27,0,0,1,0.622617,0.972764,logprobs,DekaLLM
284,87,29,0,0,1,0.500168,0.975645,logprobs,DekaLLM
285,87,31,0,0,1,0.500138,0.976857,logprobs,DekaLLM
286,87,33,0,0,1,0.500171,0.97553,logprobs,DekaLLM
287,87,35,0,0,1,0.500168,0.977723,logprobs,DekaLLM
288,87,37,0,0,1,0.500171,0.976528,logprobs,DekaLLM
289,87,39,0,0,1,0.622697,0.970814,logprobs,DekaLLM
290,87,41,0,0,1,0.622697,0.970615,logprobs,DekaLLM
291,87,43,0,0,1,0.500171,0.976072,logprobs,DekaLLM
292,87,45,0,0,1,0.622586,0.973306,logprobs,DekaLLM
293,87,47,0,0,0,0.377671,0.976948,logprobs,DekaLLM
294,87,49,0,0,1,0.500138,0.97044,logprobs,DekaLLM
295,87,51,0,0,1,0.500166,0.980357,logprobs,DekaLLM
296,87,53,0,0,1,0.500084,0.969382,logprobs,DekaLLM
297,87,55,0,0,0,0.377702,0.971927,logprobs,DekaLLM
298,87,57,0,0,1,0.500189,0.977899,logprobs,DekaLLM
299,87,59,0,0,0,0.269116,0.980636,logprobs,DekaLLM
300,87,61,0,0,0,0.377638,0.979085,logprobs,DekaLLM
301,87,63,0,0,0,0.269076,0.97685,logprobs,DekaLLM
302,87,65,0,0,0,0.377592,0.960699,logprobs,DekaLLM
303,87,67,0,0,0,0.377749,0.977325,logprobs,DekaLLM
304,87,69,0,0,1,0.500138,0.973332,logprobs,DekaLLM
305,87,71,0,0,0,0.377623,0.973014,logprobs,DekaLLM
306,87,73,0,0,0,0.377749,0.97468,logprobs,DekaLLM
307,87,75,0,0,0,0.377749,0.96551,logprobs,DekaLLM
308,87,77,0,0,0,0.377749,0.965621,logprobs,DekaLLM
309,87,79,0,0,1,0.500135,0.957461,logprobs,DekaLLM
310,87,81,0,0,1,0.500135,0.980761,logprobs,DekaLLM
311,87,83,0,0,1,0.500189,0.970394,logprobs,DekaLLM
312,87,85,0,0,0,0.377671,0.965729,logprobs,DekaLLM
313,87,87,0,0,0,0.377749,0.976398,logprobs,DekaLLM
314,87,89,0,0,0,0.268875,0.958701,logprobs,DekaLLM
315,87,91,0,0,0,0.268967,0.969766,logprobs,DekaLLM
316,87,93,0,0,0,0.269076,0.972478,logprobs,DekaLLM
317,87,95,0,0,0,0.26901,0.961899,logprobs,DekaLLM
318,87,97,0,0,0,0.377623,0.976688,logprobs,DekaLLM
319,87,99,0,0,0,0.26901,0.96445,logprobs,DekaLLM
320,87,101,0,0,0,0.377702,0.965872,logprobs,DekaLLM
321,87,103,0,0,0,0.269076,0.974734,logprobs,DekaLLM
322,87,105,0,0,0,0.377702,0.966492,logprobs,DekaLLM
323,87,107,0,0,0,0.377572,0.966269,logprobs,DekaLLM
324,87,109,0,0,0,0.377718,0.977464,logprobs,DekaLLM
325,87,111,0,0,1,0.500138,0.971022,logprobs,DekaLLM
326,87,113,0,0,0,0.268967,0.973084,logprobs,DekaLLM
327,87,115,0,0,0,0.26901,0.973636,logprobs,DekaLLM
328,87,117,0,0,0,0.377671,0.964561,logprobs,DekaLLM
329,87,119,0,0,0,0.269076,0.972243,logprobs,DekaLLM
330,87,121,0,0,0,0.182528,0.980735,logprobs,DekaLLM
331,87,123,0,0,0,0.26901,0.962205,logprobs,DekaLLM
332,87,125,0,0,0,0.269033,0.975129,logprobs,DekaLLM
333,87,127,0,0,0,0.377671,0.977379,logprobs,DekaLLM
334,87,129,0,0,0,0.377702,0.962866,logprobs,DekaLLM
335,87,131,0,0,0,0.269076,0.974026,logprobs,DekaLLM
336,87,133,0,0,0,0.26901,0.970034,logprobs,DekaLLM
337,87,135,0,0,0,0.182459,0.977799,logprobs,DekaLLM
338,87,137,0,0,0,0.269076,0.973314,logprobs,DekaLLM
339,87,139,0,0,0,0.26901,0.971308,logprobs,DekaLLM
340,87,141,0,0,0,0.26901,0.961692,logprobs,DekaLLM
341,87,143,0,0,0,0.182377,0.972026,logprobs,DekaLLM
342,87,145,0,0,0,0.119174,0.981073,logprobs,DekaLLM
343,87,147,0,0,0,0.268983,0.982649,logprobs,DekaLLM
344,87,149,0,0,0,0.268967,0.972829,logprobs,DekaLLM
345,87,151,0,0,0,0.119169,0.977231,logprobs,DekaLLM
346,87,153,0,0,0,0.119182,0.977757,logprobs,DekaLLM
347,87,155,0,0,0,0.119248,0.979229,logprobs,DekaLLM
348,87,157,0,0,0,0.075835,0.973621,logprobs,DekaLLM
349,87,159,0,0,0,0.07585,0.975735,logprobs,DekaLLM
350,87,161,0,0,0,0.119182,0.976337,logprobs,DekaLLM
351,87,163,0,0,0,0.075844,0.976125,logprobs,DekaLLM
352,87,165,0,0,0,0.029307,0.984994,logprobs,DekaLLM
353,87,167,0,0,0,0.04742,0.974688,logprobs,DekaLLM
354,87,169,0,0,0,0.047417,0.978244,logprobs,DekaLLM
355,87,171,0,0,0,0.047413,0.975799,logprobs,DekaLLM
356,87,173,0,0,0,0.029309,0.986219,logprobs,DekaLLM
357,87,175,0,0,0,0.04742,0.990776,logprobs,DekaLLM
358,87,177,0,0,0,0.047417,0.978375,logprobs,DekaLLM
359,87,179,0,0,0,0.075844,0.988935,logprobs,DekaLLM
360,85,-179,0,0,0,0.075846,0.990741,logprobs,DekaLLM
361,85,-177,0,0,0,0.075839,0.983851,logprobs,DekaLLM
362,85,-175,0,0,0,0.047417,0.984661,logprobs,DekaLLM
363,85,-173,0,0,0,0.029307,0.99061,logprobs,DekaLLM
364,85,-171,0,0,0,0.017984,0.989758,logprobs,DekaLLM
365,85,-169,0,0,0,0.017984,0.991348,logprobs,DekaLLM
366,85,-167,0,0,0,0.047417,0.984407,logprobs,DekaLLM
367,85,-165,0,0,0,0.017984,0.991598,logprobs,DekaLLM
368,85,-163,0,0,0,0.017983,0.988,logprobs,DekaLLM
369,85,-161,0,0,0,0.029309,0.989096,logprobs,DekaLLM
370,85,-159,0,0,0,0.029309,0.99155,logprobs,DekaLLM
371,85,-157,0,0,0,0.029307,0.984325,logprobs,DekaLLM
372,85,-155,0,0,0,0.017984,0.990986,logprobs,DekaLLM
373,85,-153,0,0,0,0.029307,0.986853,logprobs,DekaLLM
374,85,-151,0,0,0,0.010985,0.98428,logprobs,DekaLLM
375,85,-149,0,0,0,0.075844,0.98395,logprobs,DekaLLM
376,85,-147,0,0,0,0.075844,0.98974,logprobs,DekaLLM
377,85,-145,0,0,0,0.029307,0.987656,logprobs,DekaLLM
378,85,-143,0,0,0,0.047417,0.985227,logprobs,DekaLLM
379,85,-141,0,0,0,0.07585,0.983845,logprobs,DekaLLM
380,85,-139,0,0,0,0.029307,0.986322,logprobs,DekaLLM
381,85,-137,0,0,0,0.04742,0.988265,logprobs,DekaLLM
382,85,-135,0,0,0,0.075844,0.981402,logprobs,DekaLLM
383,85,-133,0,0,0,0.047417,0.989582,logprobs,DekaLLM
384,85,-131,0,0,0,0.047417,0.989629,logprobs,DekaLLM
385,85,-129,0,0,0,0.04742,0.988976,logprobs,DekaLLM
386,85,-127,0,0,0,0.029307,0.988603,logprobs,DekaLLM
387,85,-125,0,0,0,0.029307,0.981131,logprobs,DekaLLM
388,85,-123,0,0,0,0.075839,0.980272,logprobs,DekaLLM
389,85,-121,0,0,0,0.269007,0.984274,logprobs,DekaLLM
390,85,-119,0,0,0,0.269023,0.984824,logprobs,DekaLLM
391,85,-117,0,0,0,0.37764,0.983849,logprobs,DekaLLM
392,85,-115,0,0,0,0.269066,0.988235,logprobs,DekaLLM
393,85,-113,0,0,0,0.377619,0.983642,logprobs,DekaLLM
394,85,-111,0,0,0,0.377669,0.98075,logprobs,DekaLLM
395,85,-109,0,0,0,0.269076,0.979846,logprobs,DekaLLM
396,85,-107,0,0,0,0.377609,0.987684,logprobs,DekaLLM
397,85,-105,0,0,1,0.500115,0.982772,logprobs,DekaLLM
398,85,-103,0,0,0,0.377702,0.980817,logprobs,DekaLLM
399,85,-101,0,0,0,0.269076,0.973886,logprobs,DekaLLM
400,85,-99,0,0,0,0.119298,0.989303,logprobs,DekaLLM
401,85,-97,0,0,0,0.377619,0.977408,logprobs,DekaLLM
402,85,-95,0,0,0,0.11924,0.984132,logprobs,DekaLLM
403,85,-93,0,0,0,0.119182,0.984621,logprobs,DekaLLM
404,85,-91,0,0,0,0.047413,0.990667,logprobs,DekaLLM
405,85,-89,0,0,0,0.119217,0.987391,logprobs,DekaLLM
406,85,-87,0,0,0,0.075844,0.987117,logprobs,DekaLLM
407,85,-85,0,0,0,0.182517,0.989229,logprobs,DekaLLM
408,85,-83,0,0,0,0.182528,0.981381,logprobs,DekaLLM
409,85,-81,0,0,0,0.18254,0.985141,logprobs,DekaLLM
410,85,-79,0,0,0,0.18254,0.990219,logprobs,DekaLLM
411,85,-77,0,0,0,0.269023,0.987118,logprobs,DekaLLM
412,85,-75,0,0,0,0.268983,0.986916,logprobs,DekaLLM
413,85,-73,0,0,0,0.182445,0.982748,logprobs,DekaLLM
414,85,-71,0,0,0,0.119217,0.987222,logprobs,DekaLLM
415,85,-69,0,0,0,0.119227,0.983754,logprobs,DekaLLM
416,85,-67,0,0,0,0.119248,0.986626,logprobs,DekaLLM
417,85,-65,0,0,0,0.182457,0.986184,logprobs,DekaLLM
418,85,-63,0,0,0,0.07585,0.989952,logprobs,DekaLLM
419,85,-61,0,0,0,0.119182,0.981514,logprobs,DekaLLM
420,85,-59,0,0,0,0.11924,0.984687,logprobs,DekaLLM
421,85,-57,0,0,0,0.18254,0.987843,logprobs,DekaLLM
422,85,-55,0,0,0,0.269033,0.980542,logprobs,DekaLLM
423,85,-53,0,0,0,0.182459,0.9841,logprobs,DekaLLM
424,85,-51,0,0,0,0.268967,0.981297,logprobs,DekaLLM
425,85,-49,0,0,0,0.268983,0.986224,logprobs,DekaLLM
426,85,-47,0,0,0,0.268983,0.985078,logprobs,DekaLLM
427,85,-45,0,0,0,0.268967,0.981009,logprobs,DekaLLM
428,85,-43,0,0,0,0.269023,0.987695,logprobs,DekaLLM
429,85,-41,0,0,0,0.269009,0.985389,logprobs,DekaLLM
430,85,-39,0,0,0,0.182509,0.98707,logprobs,DekaLLM
431,85,-37,0,0,0,0.268943,0.983481,logprobs,DekaLLM
432,85,-35,0,0,0,0.377619,0.986911,logprobs,DekaLLM
433,85,-33,0,0,0,0.37759,0.986915,logprobs,DekaLLM
434,85,-31,0,0,0,0.377619,0.98256,logprobs,DekaLLM
435,85,-29,0,0,0,0.377619,0.984024,logprobs,DekaLLM
436,85,-27,0,0,0,0.377667,0.985562,logprobs,DekaLLM
437,85,-25,0,0,0,0.377609,0.987187,logprobs,DekaLLM
438,85,-23,0,0,0,0.377619,0.983615,logprobs,DekaLLM
439,85,-21,0,0,0,0.37759,0.986026,logprobs,DekaLLM
440,85,-19,0,0,0,0.182446,0.986674,logprobs,DekaLLM
441,85,-17,0,0,0,0.377638,0.986543,logprobs,DekaLLM
442,85,-15,0,0,0,0.269023,0.987179,logprobs,DekaLLM
443,85,-13,0,0,0,0.377638,0.984804,logprobs,DekaLLM
444,85,-11,0,0,0,0.269116,0.980131,logprobs,DekaLLM
445,85,-9,0,0,0,0.269068,0.984819,logprobs,DekaLLM
446,85,-7,0,0,0,0.377638,0.984573,logprobs,DekaLLM
447,85,-5,0,0,0,0.269092,0.98169,logprobs,DekaLLM
448,85,-3,0,0,1,0.500168,0.98004,logprobs,DekaLLM
449,85,-1,0,0,0,0.377667,0.987065,logprobs,DekaLLM
450,85,1,0,0,0,0.377671,0.978966,logprobs,DekaLLM
451,85,3,0,0,0,0.269092,0.983221,logprobs,DekaLLM
452,85,5,0,0,0,0.377638,0.986643,logprobs,DekaLLM
453,85,7,0,0,0,0.377667,0.984227,logprobs,DekaLLM
454,85,9,0,0,0,0.377669,0.985956,logprobs,DekaLLM
455,85,11,0,0,0,0.377749,0.981457,logprobs,DekaLLM
456,85,13,0,0,0,0.377638,0.983121,logprobs,DekaLLM
457,85,15,0,0,0,0.377609,0.985479,logprobs,DekaLLM
458,85,17,0,0,1,0.500084,0.979379,logprobs,DekaLLM
459,85,19,0,0,0,0.377753,0.9779,logprobs,DekaLLM
460,85,21,0,0,0,0.377667,0.977899,logprobs,DekaLLM
461,85,23,0,0,0,0.377749,0.984052,logprobs,DekaLLM
462,85,25,0,0,0,0.377702,0.980859,logprobs,DekaLLM
463,85,27,0,0,1,0.500189,0.983447,logprobs,DekaLLM
464,85,29,0,0,1,0.500135,0.979451,logprobs,DekaLLM
465,85,31,0,0,1,0.500135,0.972858,logprobs,DekaLLM
466,85,33,0,0,1,0.500168,0.977864,logprobs,DekaLLM
467,85,35,0,0,1,0.622617,0.98252,logprobs,DekaLLM
468,85,37,0,0,1,0.500104,0.985218,logprobs,DekaLLM
469,85,39,0,0,1,0.622666,0.971544,logprobs,DekaLLM
470,85,41,0,0,1,0.500168,0.983789,logprobs,DekaLLM
471,85,43,0,0,1,0.622586,0.98059,logprobs,DekaLLM
472,85,45,0,0,1,0.500115,0.984754,logprobs,DekaLLM
473,85,47,0,0,1,0.500084,0.979126,logprobs,DekaLLM
474,85,49,0,0,1,0.500135,0.978915,logprobs,DekaLLM
475,85,51,0,0,1,0.500135,0.976329,logprobs,DekaLLM
476,85,53,0,0,1,0.500189,0.978612,logprobs,DekaLLM
477,85,55,0,0,1,0.500135,0.976491,logprobs,DekaLLM
478,85,57,0,0,1,0.500168,0.972043,logprobs,DekaLLM
479,85,59,0,0,1,0.500138,0.974432,logprobs,DekaLLM
480,85,61,0,0,0,0.377619,0.983868,logprobs,DekaLLM
481,85,63,0,0,0,0.377671,0.983498,logprobs,DekaLLM
482,85,65,0,0,0,0.377619,0.982319,logprobs,DekaLLM
483,85,67,0,0,0,0.377749,0.968478,logprobs,DekaLLM
484,85,69,0,0,1,0.500189,0.971438,logprobs,DekaLLM
485,85,71,0,0,0,0.377749,0.96852,logprobs,DekaLLM
486,85,73,0,0,0,0.377623,0.974605,logprobs,DekaLLM
487,85,75,0,0,1,0.500135,0.970473,logprobs,DekaLLM
488,85,77,0,0,1,0.500135,0.971095,logprobs,DekaLLM
489,85,79,0,0,1,0.500138,0.958021,logprobs,DekaLLM
490,85,81,0,0,0,0.377671,0.963113,logprobs,DekaLLM
491,85,83,0,0,0,0.377749,0.973168,logprobs,DekaLLM
492,85,85,0,0,1,0.500189,0.983382,logprobs,DekaLLM
493,85,87,0,0,0,0.377671,0.964723,logprobs,DekaLLM
494,85,89,0,0,0,0.268943,0.982577,logprobs,DekaLLM
495,85,91,0,0,0,0.26901,0.961405,logprobs,DekaLLM
496,85,93,0,0,0,0.18249,0.979686,logprobs,DekaLLM
497,85,95,0,0,0,0.268901,0.971877,logprobs,DekaLLM
498,85,97,0,0,0,0.18249,0.972871,logprobs,DekaLLM
499,85,99,0,0,0,0.182395,0.972375,logprobs,DekaLLM
500,85,101,0,0,0,0.377749,0.966099,logprobs,DekaLLM
501,85,103,0,0,0,0.377667,0.977358,logprobs,DekaLLM
502,85,105,0,0,0,0.269116,0.97189,logprobs,DekaLLM
503,85,107,0,0,0,0.268967,0.974606,logprobs,DekaLLM
504,85,109,0,0,1,0.500135,0.971861,logprobs,DekaLLM
505,85,111,0,0,0,0.377718,0.978221,logprobs,DekaLLM
506,85,113,0,0,0,0.268986,0.980598,logprobs,DekaLLM
507,85,115,0,0,0,0.26901,0.976095,logprobs,DekaLLM
508,85,117,0,0,0,0.377619,0.976629,logprobs,DekaLLM
509,85,119,0,0,0,0.182457,0.982217,logprobs,DekaLLM
510,85,121,0,0,0,0.268943,0.982016,logprobs,DekaLLM
511,85,123,0,0,0,0.268967,0.973421,logprobs,DekaLLM
512,85,125,0,0,0,0.18254,0.982068,logprobs,DekaLLM
513,85,127,0,0,0,0.37759,0.984749,logprobs,DekaLLM
514,85,129,0,0,0,0.269052,0.98233,logprobs,DekaLLM
515,85,131,0,0,0,0.377623,0.976495,logprobs,DekaLLM
516,85,133,0,0,0,0.377619,0.980164,logprobs,DekaLLM
517,85,135,0,0,0,0.26901,0.976308,logprobs,DekaLLM
518,85,137,0,0,0,0.268967,0.979073,logprobs,DekaLLM
519,85,139,0,0,0,0.269076,0.9796,logprobs,DekaLLM
520,85,141,0,0,0,0.269076,0.981404,logprobs,DekaLLM
521,85,143,0,0,0,0.182457,0.983878,logprobs,DekaLLM
522,85,145,0,0,0,0.182445,0.978498,logprobs,DekaLLM
523,85,147,0,0,0,0.268999,0.982368,logprobs,DekaLLM
524,85,149,0,0,0,0.268967,0.978201,logprobs,DekaLLM
525,85,151,0,0,0,0.119235,0.983659,logprobs,DekaLLM
526,85,153,0,0,0,0.119182,0.975744,logprobs,DekaLLM
527,85,155,0,0,0,0.047413,0.980442,logprobs,DekaLLM
528,85,157,0,0,0,0.047415,0.980155,logprobs,DekaLLM
529,85,159,0,0,0,0.047417,0.980862,logprobs,DekaLLM
530,85,161,0,0,0,0.119174,0.982838,logprobs,DekaLLM
531,85,163,0,0,0,0.075839,0.981171,logprobs,DekaLLM
532,85,165,0,0,0,0.029307,0.985479,logprobs,DekaLLM
533,85,167,0,0,0,0.047417,0.987038,logprobs,DekaLLM
534,85,169,0,0,0,0.07585,0.989935,logprobs,DekaLLM
535,85,171,0,0,0,0.075839,0.980363,logprobs,DekaLLM
536,85,173,0,0,0,0.04742,0.980414,logprobs,DekaLLM
537,85,175,0,0,0,0.047413,0.984033,logprobs,DekaLLM
538,85,177,0,0,0,0.075839,0.981627,logprobs,DekaLLM
539,85,179,0,0,0,0.11919,0.983399,logprobs,DekaLLM
540,83,-179,0,0,0,0.075844,0.984224,logprobs,DekaLLM
541,83,-177,0,0,0,0.04742,0.987381,logprobs,DekaLLM
542,83,-175,0,0,0,0.04742,0.987231,logprobs,DekaLLM
543,83,-173,0,0,0,0.047417,0.985721,logprobs,DekaLLM
544,83,-171,0,0,0,0.029307,0.988274,logprobs,DekaLLM
545,83,-169,0,0,0,0.017982,0.987274,logprobs,DekaLLM
546,83,-167,0,0,0,0.029307,0.98965,logprobs,DekaLLM
547,83,-165,0,0,0,0.029307,0.987188,logprobs,DekaLLM
548,83,-163,0,0,0,0.029307,0.989627,logprobs,DekaLLM
549,83,-161,0,0,0,0.047417,0.984076,logprobs,DekaLLM
550,83,-159,0,0,0,0.047417,0.982931,logprobs,DekaLLM
551,83,-157,0,0,0,0.047417,0.981049,logprobs,DekaLLM
552,83,-155,0,0,0,0.119182,0.983122,logprobs,DekaLLM
553,83,-153,0,0,0,0.119169,0.983675,logprobs,DekaLLM
554,83,-151,0,0,0,0.07585,0.98832,logprobs,DekaLLM
555,83,-149,0,0,0,0.182439,0.984344,logprobs,DekaLLM
556,83,-147,0,0,0,0.377638,0.984943,logprobs,DekaLLM
557,83,-145,0,0,0,0.119174,0.97846,logprobs,DekaLLM
558,83,-143,0,0,0,0.182459,0.984323,logprobs,DekaLLM
559,83,-141,0,0,0,0.119169,0.98161,logprobs,DekaLLM
560,83,-139,0,0,0,0.119174,0.982571,logprobs,DekaLLM
561,83,-137,0,0,0,0.182445,0.979074,logprobs,DekaLLM
562,83,-135,0,0,0,0.11924,0.983428,logprobs,DekaLLM
563,83,-133,0,0,0,0.119227,0.981556,logprobs,DekaLLM
564,83,-131,0,0,0,0.182457,0.982142,logprobs,DekaLLM
565,83,-129,0,0,0,0.182395,0.979643,logprobs,DekaLLM
566,83,-127,0,0,0,0.075839,0.984522,logprobs,DekaLLM
567,83,-125,0,0,0,0.119177,0.983911,logprobs,DekaLLM
568,83,-123,0,0,0,0.182445,0.982171,logprobs,DekaLLM
569,83,-121,0,0,0,0.377619,0.981602,logprobs,DekaLLM
570,83,-119,0,0,0,0.269076,0.973226,logprobs,DekaLLM
571,83,-117,0,0,0,0.377749,0.979568,logprobs,DekaLLM
572,83,-115,0,0,1,0.500084,0.981552,logprobs,DekaLLM
573,83,-113,0,0,1,0.500135,0.982085,logprobs,DekaLLM
574,83,-111,0,0,1,0.500253,0.980757,logprobs,DekaLLM
575,83,-109,0,0,0,0.377718,0.97848,logprobs,DekaLLM
576,83,-107,0,0,0,0.377749,0.978302,logprobs,DekaLLM
577,83,-105,0,0,1,0.731179,0.978787,logprobs,DekaLLM
578,83,-103,0,0,1,0.622604,0.982381,logprobs,DekaLLM
579,83,-101,0,0,1,0.500171,0.983773,logprobs,DekaLLM
580,83,-99,0,0,0,0.377667,0.983415,logprobs,DekaLLM
581,83,-97,0,0,1,0.50022,0.980789,logprobs,DekaLLM
582,83,-95,0,0,0,0.269116,0.980078,logprobs,DekaLLM
583,83,-93,0,0,0,0.37759,0.982779,logprobs,DekaLLM
584,83,-91,0,0,0,0.119182,0.985588,logprobs,DekaLLM
585,83,-89,0,0,0,0.11924,0.987861,logprobs,DekaLLM
586,83,-87,0,0,0,0.119217,0.986878,logprobs,DekaLLM
587,83,-85,0,0,0,0.119209,0.985092,logprobs,DekaLLM
588,83,-83,0,0,0,0.269052,0.982985,logprobs,DekaLLM
589,83,-81,0,0,0,0.377671,0.981443,logprobs,DekaLLM
590,83,-79,0,0,0,0.269036,0.981713,logprobs,DekaLLM
591,83,-77,1,1,0,0.269023,0.98713,logprobs,DekaLLM
592,83,-75,1,1,0,0.377619,0.979305,logprobs,DekaLLM
593,83,-73,1,1,0,0.26905,0.982656,logprobs,DekaLLM
594,83,-71,1,1,0,0.268967,0.977342,logprobs,DekaLLM
595,83,-69,1,1,0,0.269009,0.98632,logprobs,DekaLLM
596,83,-67,0,0,0,0.268967,0.981069,logprobs,DekaLLM
597,83,-65,0,0,0,0.269066,0.983565,logprobs,DekaLLM
598,83,-63,0,0,0,0.269023,0.984722,logprobs,DekaLLM
599,83,-61,0,0,0,0.269076,0.982455,logprobs,DekaLLM
600,83,-59,0,0,0,0.269025,0.985162,logprobs,DekaLLM
601,83,-57,0,0,0,0.269092,0.983959,logprobs,DekaLLM
602,83,-55,0,0,0,0.269076,0.983554,logprobs,DekaLLM
603,83,-53,0,0,0,0.26901,0.98355,logprobs,DekaLLM
604,83,-51,0,0,0,0.269076,0.979148,logprobs,DekaLLM
605,83,-49,0,0,0,0.269076,0.981268,logprobs,DekaLLM
606,83,-47,0,0,0,0.268999,0.987417,logprobs,DekaLLM
607,83,-45,1,1,0,0.377702,0.978739,logprobs,DekaLLM
608,83,-43,1,1,0,0.269068,0.984058,logprobs,DekaLLM
609,83,-41,1,1,0,0.26901,0.981143,logprobs,DekaLLM
610,83,-39,1,1,0,0.269076,0.981095,logprobs,DekaLLM
611,83,-37,1,1,0,0.269066,0.983037,logprobs,DekaLLM
612,83,-35,1,1,0,0.269076,0.9818,logprobs,DekaLLM
613,83,-33,0,0,0,0.377749,0.977114,logprobs,DekaLLM
614,83,-31,1,1,0,0.377669,0.983841,logprobs,DekaLLM
615,83,-29,1,1,0,0.269116,0.97988,logprobs,DekaLLM
616,83,-27,1,1,0,0.377667,0.984266,logprobs,DekaLLM
617,83,-25,1,1,0,0.377619,0.977774,logprobs,DekaLLM
618,83,-23,0,0,0,0.269116,0.982773,logprobs,DekaLLM
619,83,-21,0,0,0,0.377619,0.981282,logprobs,DekaLLM
620,83,-19,0,0,0,0.269023,0.988667,logprobs,DekaLLM
621,83,-17,0,0,0,0.377698,0.979514,logprobs,DekaLLM
622,83,-15,0,0,0,0.269049,0.983992,logprobs,DekaLLM
623,83,-13,0,0,1,0.500135,0.977583,logprobs,DekaLLM
624,83,-11,0,0,0,0.37765,0.981025,logprobs,DekaLLM
625,83,-9,0,0,0,0.269092,0.984074,logprobs,DekaLLM
626,83,-7,0,0,0,0.377638,0.982428,logprobs,DekaLLM
627,83,-5,0,0,1,0.500135,0.982843,logprobs,DekaLLM
628,83,-3,0,0,0,0.377667,0.981741,logprobs,DekaLLM
629,83,-1,0,0,0,0.377749,0.976772,logprobs,DekaLLM
630,83,1,0,0,1,0.500135,0.977769,logprobs,DekaLLM
631,83,3,0,0,0,0.269116,0.980773,logprobs,DekaLLM
632,83,5,0,0,0,0.377667,0.974518,logprobs,DekaLLM
633,83,7,0,0,0,0.377702,0.973609,logprobs,DekaLLM
634,83,9,0,0,1,0.500135,0.970723,logprobs,DekaLLM
635,83,11,0,0,0,0.377749,0.976396,logprobs,DekaLLM
636,83,13,0,0,0,0.377749,0.971674,logprobs,DekaLLM
637,83,15,0,0,1,0.500084,0.978882,logprobs,DekaLLM
638,83,17,0,0,1,0.500084,0.984799,logprobs,DekaLLM
639,83,19,0,0,1,0.500135,0.969179,logprobs,DekaLLM
640,83,21,0,0,1,0.500084,0.977998,logprobs,DekaLLM
641,83,23,0,0,1,0.500138,0.97707,logprobs,DekaLLM
642,83,25,0,0,0,0.377718,0.973536,logprobs,DekaLLM
643,83,27,0,0,1,0.622586,0.976654,logprobs,DekaLLM
644,83,29,0,0,1,0.500135,0.984313,logprobs,DekaLLM
645,83,31,0,0,1,0.500135,0.976781,logprobs,DekaLLM
646,83,33,0,0,1,0.500189,0.977019,logprobs,DekaLLM
647,83,35,0,0,1,0.500222,0.969118,logprobs,DekaLLM
648,83,37,0,0,1,0.500222,0.977134,logprobs,DekaLLM
649,83,39,0,0,1,0.622697,0.98231,logprobs,DekaLLM
650,83,41,0,0,1,0.731164,0.974788,logprobs,DekaLLM
651,83,43,0,0,1,0.622536,0.982726,logprobs,DekaLLM
652,83,45,0,0,1,0.500222,0.957026,logprobs,DekaLLM
653,83,47,0,0,1,0.500135,0.97919,logprobs,DekaLLM
654,83,49,0,0,1,0.622586,0.975683,logprobs,DekaLLM
655,83,51,0,0,1,0.622615,0.975711,logprobs,DekaLLM
656,83,53,0,0,1,0.500135,0.978584,logprobs,DekaLLM
657,83,55,0,0,1,0.500135,0.977427,logprobs,DekaLLM
658,83,57,0,0,1,0.500135,0.978207,logprobs,DekaLLM
659,83,59,0,0,1,0.500189,0.977438,logprobs,DekaLLM
660,83,61,0,0,1,0.500135,0.972291,logprobs,DekaLLM
661,83,63,0,0,0,0.377718,0.978001,logprobs,DekaLLM
662,83,65,0,0,0,0.377718,0.967386,logprobs,DekaLLM
663,83,67,0,0,0,0.377749,0.966931,logprobs,DekaLLM
664,83,69,0,0,1,0.500135,0.970626,logprobs,DekaLLM
665,83,71,0,0,1,0.500084,0.973455,logprobs,DekaLLM
666,83,73,0,0,1,0.500222,0.967142,logprobs,DekaLLM
667,83,75,0,0,1,0.500138,0.961151,logprobs,DekaLLM
668,83,77,0,0,1,0.500222,0.956133,logprobs,DekaLLM
669,83,79,0,0,0,0.377749,0.963177,logprobs,DekaLLM
670,83,81,0,0,0,0.377749,0.963429,logprobs,DekaLLM
671,83,83,0,0,1,0.500222,0.97386,logprobs,DekaLLM
672,83,85,0,0,0,0.377623,0.974116,logprobs,DekaLLM
673,83,87,0,0,0,0.377671,0.96343,logprobs,DekaLLM
674,83,89,0,0,0,0.269076,0.979724,logprobs,DekaLLM
675,83,91,0,0,0,0.26905,0.973451,logprobs,DekaLLM
676,83,93,0,0,0,0.26901,0.973701,logprobs,DekaLLM
677,83,95,0,0,0,0.26901,0.972981,logprobs,DekaLLM
678,83,97,0,0,0,0.377749,0.964521,logprobs,DekaLLM
679,83,99,0,0,0,0.269026,0.974561,logprobs,DekaLLM
680,83,101,0,0,1,0.500189,0.958073,logprobs,DekaLLM
681,83,103,0,0,0,0.377702,0.966869,logprobs,DekaLLM
682,83,105,0,0,0,0.377702,0.975644,logprobs,DekaLLM
683,83,107,0,0,0,0.377623,0.964481,logprobs,DekaLLM
684,83,109,0,0,0,0.377718,0.965223,logprobs,DekaLLM
685,83,111,0,0,1,0.500084,0.980374,logprobs,DekaLLM
686,83,113,0,0,0,0.269116,0.978668,logprobs,DekaLLM
687,83,115,0,0,0,0.269076,0.974531,logprobs,DekaLLM
688,83,117,0,0,0,0.377749,0.964942,logprobs,DekaLLM
689,83,119,0,0,0,0.269119,0.972369,logprobs,DekaLLM
690,83,121,0,0,0,0.377671,0.947506,logprobs,DekaLLM
691,83,123,0,0,0,0.377623,0.964236,logprobs,DekaLLM
692,83,125,0,0,0,0.377749,0.964939,logprobs,DekaLLM
693,83,127,0,0,1,0.500135,0.978535,logprobs,DekaLLM
694,83,129,0,0,1,0.622586,0.968273,logprobs,DekaLLM
695,83,131,0,0,0,0.269116,0.973066,logprobs,DekaLLM
696,83,133,0,0,0,0.377619,0.97283,logprobs,DekaLLM
697,83,135,0,0,0,0.269076,0.979863,logprobs,DekaLLM
698,83,137,0,0,0,0.269076,0.974628,logprobs,DekaLLM
699,83,139,0,0,0,0.377667,0.981666,logprobs,DekaLLM
700,83,141,0,0,0,0.37762,0.96346,logprobs,DekaLLM
701,83,143,0,0,0,0.269076,0.979809,logprobs,DekaLLM
702,83,145,0,0,0,0.182457,0.981156,logprobs,DekaLLM
703,83,147,0,0,0,0.377749,0.968124,logprobs,DekaLLM
704,83,149,0,0,1,0.500189,0.969083,logprobs,DekaLLM
705,83,151,0,0,0,0.182407,0.98143,logprobs,DekaLLM
706,83,153,0,0,0,0.182478,0.979104,logprobs,DekaLLM
707,83,155,0,0,0,0.182439,0.980785,logprobs,DekaLLM
708,83,157,0,0,0,0.182377,0.981585,logprobs,DekaLLM
709,83,159,0,0,0,0.182395,0.968686,logprobs,DekaLLM
710,83,161,0,0,0,0.182447,0.97229,logprobs,DekaLLM
711,83,163,0,0,0,0.119169,0.98309,logprobs,DekaLLM
712,83,165,0,0,0,0.119182,0.983005,logprobs,DekaLLM
713,83,167,0,0,0,0.119169,0.980882,logprobs,DekaLLM
714,83,169,0,0,0,0.075844,0.98288,logprobs,DekaLLM
715,83,171,0,0,0,0.075844,0.976256,logprobs,DekaLLM
716,83,173,0,0,0,0.075839,0.979656,logprobs,DekaLLM
717,83,175,0,0,0,0.11919,0.981515,logprobs,DekaLLM
718,83,177,0,0,0,0.075844,0.984361,logprobs,DekaLLM
719,83,179,0,0,0,0.075844,0.98437,logprobs,DekaLLM
720,81,-179,0,0,0,0.075844,0.984506,logprobs,DekaLLM
721,81,-177,0,0,0,0.047417,0.981817,logprobs,DekaLLM
722,81,-175,0,0,0,0.017984,0.991973,logprobs,DekaLLM
723,81,-173,0,0,0,0.075835,0.985111,logprobs,DekaLLM
724,81,-171,0,0,0,0.017985,0.989214,logprobs,DekaLLM
725,81,-169,0,0,0,0.006692,0.991096,logprobs,DekaLLM
726,81,-167,0,0,0,0.017984,0.99161,logprobs,DekaLLM
727,81,-165,0,0,0,0.010985,0.990548,logprobs,DekaLLM
728,81,-163,0,0,0,0.029309,0.991305,logprobs,DekaLLM
729,81,-161,0,0,0,0.017983,0.988909,logprobs,DekaLLM
730,81,-159,0,0,0,0.010986,0.989698,logprobs,DekaLLM
731,81,-157,0,0,0,0.029304,0.981776,logprobs,DekaLLM
732,81,-155,0,0,0,0.017983,0.98809,logprobs,DekaLLM
733,81,-153,0,0,0,0.029307,0.981,logprobs,DekaLLM
734,81,-151,0,0,0,0.017984,0.990685,logprobs,DekaLLM
735,81,-149,0,0,0,0.047413,0.976017,logprobs,DekaLLM
736,81,-147,0,0,0,0.119169,0.979569,logprobs,DekaLLM
737,81,-145,0,0,0,0.047418,0.988358,logprobs,DekaLLM
738,81,-143,0,0,0,0.075846,0.985756,logprobs,DekaLLM
739,81,-141,0,0,0,0.047413,0.980552,logprobs,DekaLLM
740,81,-139,0,0,0,0.047413,0.982891,logprobs,DekaLLM
741,81,-137,0,0,0,0.119182,0.981825,logprobs,DekaLLM
742,81,-135,0,0,0,0.047413,0.982357,logprobs,DekaLLM
743,81,-133,0,0,0,0.047413,0.978492,logprobs,DekaLLM
744,81,-131,0,0,0,0.119182,0.983314,logprobs,DekaLLM
745,81,-129,0,0,0,0.075844,0.988207,logprobs,DekaLLM
746,81,-127,0,0,0,0.119182,0.98405,logprobs,DekaLLM
747,81,-125,0,0,0,0.075835,0.982194,logprobs,DekaLLM
748,81,-123,0,0,0,0.182377,0.982068,logprobs,DekaLLM
749,81,-121,0,0,0,0.11924,0.979245,logprobs,DekaLLM
750,81,-119,0,0,0,0.182478,0.975863,logprobs,DekaLLM
751,81,-117,0,0,0,0.26905,0.977869,logprobs,DekaLLM
752,81,-115,0,0,0,0.269033,0.983661,logprobs,DekaLLM
753,81,-113,0,0,1,0.500104,0.982194,logprobs,DekaLLM
754,81,-111,0,0,1,0.622538,0.980278,logprobs,DekaLLM
755,81,-109,0,0,0,0.377718,0.983803,logprobs,DekaLLM
756,81,-107,0,0,0,0.377609,0.98558,logprobs,DekaLLM
757,81,-105,0,0,1,0.622646,0.978965,logprobs,DekaLLM
758,81,-103,0,0,1,0.500189,0.980732,logprobs,DekaLLM
759,81,-101,0,0,0,0.182459,0.976523,logprobs,DekaLLM
760,81,-99,0,0,0,0.269076,0.980778,logprobs,DekaLLM
761,81,-97,0,0,0,0.377638,0.984361,logprobs,DekaLLM
762,81,-95,1,1,0,0.182457,0.985452,logprobs,DekaLLM
763,81,-93,1,1,0,0.11924,0.980818,logprobs,DekaLLM
764,81,-91,0,0,0,0.11924,0.985373,logprobs,DekaLLM
765,81,-89,0,0,0,0.269076,0.98167,logprobs,DekaLLM
766,81,-87,0,0,0,0.182445,0.985085,logprobs,DekaLLM
767,81,-85,1,1,0,0.11924,0.986065,logprobs,DekaLLM
768,81,-83,1,1,0,0.182478,0.979099,logprobs,DekaLLM
769,81,-81,1,1,0,0.269076,0.981265,logprobs,DekaLLM
770,81,-79,0,0,0,0.182459,0.975921,logprobs,DekaLLM
771,81,-77,1,1,0,0.269076,0.983343,logprobs,DekaLLM
772,81,-75,1,1,0,0.269116,0.981692,logprobs,DekaLLM
773,81,-73,1,1,0,0.269033,0.981675,logprobs,DekaLLM
774,81,-71,1,1,0,0.182478,0.979563,logprobs,DekaLLM
775,81,-69,1,1,0,0.268967,0.980998,logprobs,DekaLLM
776,81,-67,1,1,0,0.269033,0.981976,logprobs,DekaLLM
777,81,-65,0,0,0,0.268983,0.985478,logprobs,DekaLLM
778,81,-63,1,1,0,0.269007,0.982008,logprobs,DekaLLM
779,81,-61,1,1,0,0.119248,0.984335,logprobs,DekaLLM
780,81,-59,1,1,0,0.182457,0.983468,logprobs,DekaLLM
781,81,-57,1,1,0,0.269076,0.981335,logprobs,DekaLLM
782,81,-55,1,1,0,0.268967,0.980704,logprobs,DekaLLM
783,81,-53,1,1,0,0.119248,0.985216,logprobs,DekaLLM
784,81,-51,1,1,0,0.269033,0.984278,logprobs,DekaLLM
785,81,-49,1,1,0,0.119217,0.984918,logprobs,DekaLLM
786,81,-47,1,1,0,0.182427,0.985194,logprobs,DekaLLM
787,81,-45,1,1,0,0.377667,0.985675,logprobs,DekaLLM
788,81,-43,1,1,0,0.268983,0.983725,logprobs,DekaLLM
789,81,-41,1,1,0,0.269076,0.981447,logprobs,DekaLLM
790,81,-39,1,1,0,0.182457,0.983598,logprobs,DekaLLM
791,81,-37,1,1,0,0.269076,0.983961,logprobs,DekaLLM
792,81,-35,1,1,0,0.269023,0.98787,logprobs,DekaLLM
793,81,-33,1,1,0,0.377702,0.97534,logprobs,DekaLLM
794,81,-31,1,1,0,0.26905,0.982961,logprobs,DekaLLM
795,81,-29,1,1,0,0.377619,0.983813,logprobs,DekaLLM
796,81,-27,1,1,0,0.377619,0.977488,logprobs,DekaLLM
797,81,-25,1,1,0,0.377667,0.984403,logprobs,DekaLLM
798,81,-23,1,1,0,0.377638,0.985444,logprobs,DekaLLM
799,81,-21,1,1,0,0.182457,0.98813,logprobs,DekaLLM
800,81,-19,1,1,0,0.26901,0.978859,logprobs,DekaLLM
801,81,-17,1,1,0,0.377619,0.984309,logprobs,DekaLLM
802,81,-15,1,1,0,0.269049,0.983289,logprobs,DekaLLM
803,81,-13,0,0,0,0.377667,0.981659,logprobs,DekaLLM
804,81,-11,0,0,0,0.377667,0.981793,logprobs,DekaLLM
805,81,-9,0,0,0,0.377638,0.984575,logprobs,DekaLLM
806,81,-7,0,0,0,0.377702,0.976663,logprobs,DekaLLM
807,81,-5,0,0,0,0.377667,0.985076,logprobs,DekaLLM
808,81,-3,0,0,1,0.500135,0.977383,logprobs,DekaLLM
809,81,-1,0,0,0,0.269116,0.982372,logprobs,DekaLLM
810,81,1,0,0,0,0.377671,0.973856,logprobs,DekaLLM
811,81,3,0,0,0,0.269116,0.978809,logprobs,DekaLLM
812,81,5,0,0,0,0.26905,0.973301,logprobs,DekaLLM
813,81,7,0,0,1,0.500135,0.980518,logprobs,DekaLLM
814,81,9,0,0,1,0.500189,0.976066,logprobs,DekaLLM
815,81,11,0,0,0,0.377749,0.974395,logprobs,DekaLLM
816,81,13,0,0,1,0.500084,0.971284,logprobs,DekaLLM
817,81,15,0,0,0,0.269116,0.978554,logprobs,DekaLLM
818,81,17,0,0,1,0.500135,0.972376,logprobs,DekaLLM
819,81,19,0,0,0,0.377702,0.973915,logprobs,DekaLLM
820,81,21,0,0,1,0.500222,0.969673,logprobs,DekaLLM
821,81,23,0,0,0,0.377718,0.975017,logprobs,DekaLLM
822,81,25,0,0,1,0.500084,0.984672,logprobs,DekaLLM
823,81,27,0,0,0,0.377749,0.973448,logprobs,DekaLLM
824,81,29,0,0,0,0.377749,0.975261,logprobs,DekaLLM
825,81,31,0,0,1,0.622646,0.974688,logprobs,DekaLLM
826,81,33,0,0,1,0.500171,0.968557,logprobs,DekaLLM
827,81,35,0,0,1,0.500168,0.969427,logprobs,DekaLLM
828,81,37,0,0,1,0.622697,0.973984,logprobs,DekaLLM
829,81,39,0,0,1,0.500222,0.968487,logprobs,DekaLLM
830,81,41,0,0,1,0.500222,0.976098,logprobs,DekaLLM
831,81,43,0,0,1,0.500135,0.977353,logprobs,DekaLLM
832,81,45,0,0,1,0.500135,0.978632,logprobs,DekaLLM
833,81,47,0,0,1,0.500135,0.976011,logprobs,DekaLLM
834,81,49,0,0,1,0.622538,0.980706,logprobs,DekaLLM
835,81,51,0,0,1,0.500135,0.981001,logprobs,DekaLLM
836,81,53,0,0,1,0.500084,0.978783,logprobs,DekaLLM
837,81,55,1,1,1,0.500135,0.98103,logprobs,DekaLLM
838,81,57,1,1,0,0.377609,0.983549,logprobs,DekaLLM
839,81,59,0,0,0,0.377671,0.97645,logprobs,DekaLLM
840,81,61,1,1,0,0.377667,0.977361,logprobs,DekaLLM
841,81,63,0,0,0,0.377671,0.97629,logprobs,DekaLLM
842,81,65,1,1,0,0.269081,0.974638,logprobs,DekaLLM
843,81,67,0,0,1,0.500033,0.972511,logprobs,DekaLLM
844,81,69,0,0,0,0.377619,0.967401,logprobs,DekaLLM
845,81,71,0,0,0,0.377749,0.96574,logprobs,DekaLLM
846,81,73,0,0,1,0.500189,0.968975,logprobs,DekaLLM
847,81,75,0,0,0,0.377623,0.968307,logprobs,DekaLLM
848,81,77,0,0,1,0.500222,0.957775,logprobs,DekaLLM
849,81,79,0,0,0,0.377749,0.967606,logprobs,DekaLLM
850,81,81,0,0,1,0.500138,0.974506,logprobs,DekaLLM
851,81,83,0,0,0,0.377671,0.962846,logprobs,DekaLLM
852,81,85,0,0,0,0.26901,0.973267,logprobs,DekaLLM
853,81,87,0,0,0,0.269116,0.972409,logprobs,DekaLLM
854,81,89,0,0,0,0.269092,0.980007,logprobs,DekaLLM
855,81,91,0,0,0,0.269055,0.95739,logprobs,DekaLLM
856,81,93,0,0,0,0.182478,0.970312,logprobs,DekaLLM
857,81,95,1,1,0,0.26901,0.9729,logprobs,DekaLLM
858,81,97,0,0,0,0.377702,0.967784,logprobs,DekaLLM
859,81,99,0,0,0,0.26901,0.972886,logprobs,DekaLLM
860,81,101,0,0,0,0.269076,0.976031,logprobs,DekaLLM
861,81,103,0,0,0,0.377702,0.975064,logprobs,DekaLLM
862,81,105,0,0,0,0.377638,0.978522,logprobs,DekaLLM
863,81,107,0,0,0,0.269076,0.977482,logprobs,DekaLLM
864,81,109,0,0,0,0.377702,0.97391,logprobs,DekaLLM
865,81,111,0,0,1,0.500084,0.97893,logprobs,DekaLLM
866,81,113,0,0,0,0.269068,0.980414,logprobs,DekaLLM
867,81,115,0,0,0,0.119248,0.980195,logprobs,DekaLLM
868,81,117,0,0,0,0.377619,0.982897,logprobs,DekaLLM
869,81,119,0,0,0,0.269068,0.975132,logprobs,DekaLLM
870,81,121,0,0,0,0.269123,0.967835,logprobs,DekaLLM
871,81,123,0,0,0,0.26901,0.972337,logprobs,DekaLLM
872,81,125,0,0,0,0.377702,0.973116,logprobs,DekaLLM
873,81,127,0,0,0,0.377702,0.97283,logprobs,DekaLLM
874,81,129,0,0,1,0.500084,0.972187,logprobs,DekaLLM
875,81,131,0,0,0,0.269076,0.974866,logprobs,DekaLLM
876,81,133,0,0,0,0.377671,0.97787,logprobs,DekaLLM
877,81,135,0,0,0,0.377749,0.977008,logprobs,DekaLLM
878,81,137,0,0,0,0.377619,0.976515,logprobs,DekaLLM
879,81,139,0,0,0,0.26901,0.970131,logprobs,DekaLLM
880,81,141,0,0,0,0.269052,0.9749,logprobs,DekaLLM
881,81,143,0,0,0,0.119182,0.97754,logprobs,DekaLLM
882,81,145,0,0,0,0.11924,0.979706,logprobs,DekaLLM
883,81,147,0,0,0,0.269052,0.978733,logprobs,DekaLLM
884,81,149,0,0,0,0.182457,0.983154,logprobs,DekaLLM
885,81,151,0,0,0,0.182478,0.979257,logprobs,DekaLLM
886,81,153,0,0,0,0.182395,0.964868,logprobs,DekaLLM
887,81,155,0,0,0,0.182427,0.97869,logprobs,DekaLLM
888,81,157,0,0,0,0.119227,0.977831,logprobs,DekaLLM
889,81,159,0,0,0,0.119174,0.98256,logprobs,DekaLLM
890,81,161,0,0,0,0.182377,0.97868,logprobs,DekaLLM
891,81,163,0,0,0,0.075844,0.973271,logprobs,DekaLLM
892,81,165,0,0,0,0.047417,0.98154,logprobs,DekaLLM
893,81,167,0,0,0,0.075844,0.988709,logprobs,DekaLLM
894,81,169,0,0,0,0.04742,0.981719,logprobs,DekaLLM
895,81,171,0,0,0,0.075844,0.982378,logprobs,DekaLLM
896,81,173,0,0,0,0.075844,0.97374,logprobs,DekaLLM
897,81,175,0,0,0,0.047413,0.984725,logprobs,DekaLLM
898,81,177,0,0,0,0.075844,0.982517,logprobs,DekaLLM
899,81,179,0,0,0,0.119182,0.983135,logprobs,DekaLLM
900,79,-179,0,0,0,0.07585,0.984175,logprobs,DekaLLM
901,79,-177,0,0,0,0.017983,0.985426,logprobs,DekaLLM
902,79,-175,0,0,0,0.006692,0.992142,logprobs,DekaLLM
903,79,-173,0,0,0,0.017984,0.989829,logprobs,DekaLLM
904,79,-171,0,0,0,0.017984,0.988762,logprobs,DekaLLM
905,79,-169,0,0,0,0.006692,0.98603,logprobs,DekaLLM
906,79,-167,0,0,0,0.006692,0.983826,logprobs,DekaLLM
907,79,-165,0,0,0,0.006692,0.992572,logprobs,DekaLLM
908,79,-163,0,0,0,0.017983,0.988504,logprobs,DekaLLM
909,79,-161,0,0,0,0.010985,0.989968,logprobs,DekaLLM
910,79,-159,0,0,0,0.010985,0.983736,logprobs,DekaLLM
911,79,-157,0,0,0,0.010985,0.986663,logprobs,DekaLLM
912,79,-155,0,0,0,0.017984,0.987979,logprobs,DekaLLM
913,79,-153,0,0,0,0.029307,0.983993,logprobs,DekaLLM
914,79,-151,0,0,0,0.010985,0.984901,logprobs,DekaLLM
915,79,-149,0,0,0,0.029307,0.983708,logprobs,DekaLLM
916,79,-147,0,0,0,0.047417,0.985572,logprobs,DekaLLM
917,79,-145,0,0,0,0.017983,0.987031,logprobs,DekaLLM
918,79,-143,0,0,0,0.017983,0.985779,logprobs,DekaLLM
919,79,-141,0,0,0,0.017982,0.98853,logprobs,DekaLLM
920,79,-139,0,0,0,0.029303,0.975999,logprobs,DekaLLM
921,79,-137,0,0,0,0.029307,0.984389,logprobs,DekaLLM
922,79,-135,0,0,0,0.047417,0.986076,logprobs,DekaLLM
923,79,-133,0,0,0,0.075835,0.97634,logprobs,DekaLLM
924,79,-131,0,0,0,0.047417,0.987118,logprobs,DekaLLM
925,79,-129,0,0,0,0.075835,0.981508,logprobs,DekaLLM
926,79,-127,0,0,0,0.029307,0.9857,logprobs,DekaLLM
927,79,-125,0,0,0,0.029304,0.984106,logprobs,DekaLLM
928,79,-123,0,0,0,0.075844,0.986539,logprobs,DekaLLM
929,79,-121,0,0,0,0.11924,0.982055,logprobs,DekaLLM
930,79,-119,0,0,0,0.182459,0.980285,logprobs,DekaLLM
931,79,-117,0,0,0,0.182447,0.980417,logprobs,DekaLLM
932,79,-115,0,0,0,0.269052,0.981081,logprobs,DekaLLM
933,79,-113,0,0,0,0.377749,0.976062,logprobs,DekaLLM
934,79,-111,0,0,1,0.500199,0.97873,logprobs,DekaLLM
935,79,-109,0,0,0,0.377638,0.983809,logprobs,DekaLLM
936,79,-107,0,0,0,0.377691,0.984697,logprobs,DekaLLM
937,79,-105,0,0,1,0.622649,0.980725,logprobs,DekaLLM
938,79,-103,1,1,0,0.377609,0.987952,logprobs,DekaLLM
939,79,-101,0,0,0,0.269076,0.980652,logprobs,DekaLLM
940,79,-99,0,0,0,0.269052,0.984126,logprobs,DekaLLM
941,79,-97,0,0,1,0.500135,0.975882,logprobs,DekaLLM
942,79,-95,0,0,0,0.182457,0.981404,logprobs,DekaLLM
943,79,-93,1,1,0,0.119169,0.980722,logprobs,DekaLLM
944,79,-91,1,1,0,0.047413,0.984793,logprobs,DekaLLM
945,79,-89,1,1,0,0.182542,0.980702,logprobs,DekaLLM
946,79,-87,1,1,0,0.119169,0.982927,logprobs,DekaLLM
947,79,-85,0,0,0,0.119248,0.985029,logprobs,DekaLLM
948,79,-83,1,1,0,0.182377,0.98002,logprobs,DekaLLM
949,79,-81,1,1,0,0.182395,0.979811,logprobs,DekaLLM
950,79,-79,1,1,0,0.182457,0.985928,logprobs,DekaLLM
951,79,-77,1,1,0,0.182459,0.980867,logprobs,DekaLLM
952,79,-75,0,0,0,0.182478,0.983674,logprobs,DekaLLM
953,79,-73,0,0,0,0.119182,0.985317,logprobs,DekaLLM
954,79,-71,0,0,0,0.119182,0.98568,logprobs,DekaLLM
955,79,-69,0,0,0,0.119227,0.986575,logprobs,DekaLLM
956,79,-67,1,1,0,0.182445,0.981341,logprobs,DekaLLM
957,79,-65,1,1,0,0.119177,0.983706,logprobs,DekaLLM
958,79,-63,1,1,0,0.182445,0.982542,logprobs,DekaLLM
959,79,-61,1,1,0,0.182457,0.985777,logprobs,DekaLLM
960,79,-59,1,1,0,0.182457,0.982697,logprobs,DekaLLM
961,79,-57,1,1,0,0.182507,0.983659,logprobs,DekaLLM
962,79,-55,1,1,0,0.182439,0.982746,logprobs,DekaLLM
963,79,-53,1,1,0,0.119174,0.987125,logprobs,DekaLLM
964,79,-51,1,1,0,0.119177,0.984698,logprobs,DekaLLM
965,79,-49,1,1,0,0.119227,0.981353,logprobs,DekaLLM
966,79,-47,1,1,0,0.119169,0.982837,logprobs,DekaLLM
967,79,-45,1,1,0,0.18249,0.985341,logprobs,DekaLLM
968,79,-43,1,1,0,0.182377,0.977052,logprobs,DekaLLM
969,79,-41,1,1,0,0.119182,0.980782,logprobs,DekaLLM
970,79,-39,1,1,0,0.182389,0.984794,logprobs,DekaLLM
971,79,-37,1,1,0,0.182439,0.98383,logprobs,DekaLLM
972,79,-35,1,1,0,0.182445,0.98622,logprobs,DekaLLM
973,79,-33,1,1,0,0.377619,0.98189,logprobs,DekaLLM
974,79,-31,1,1,0,0.269076,0.978919,logprobs,DekaLLM
975,79,-29,1,1,0,0.268967,0.981358,logprobs,DekaLLM
976,79,-27,1,1,0,0.269076,0.981363,logprobs,DekaLLM
977,79,-25,1,1,0,0.18254,0.981372,logprobs,DekaLLM
978,79,-23,1,1,0,0.268959,0.986835,logprobs,DekaLLM
979,79,-21,1,1,0,0.182377,0.979755,logprobs,DekaLLM
980,79,-19,0,0,0,0.269023,0.985537,logprobs,DekaLLM
981,79,-17,0,0,0,0.269076,0.981248,logprobs,DekaLLM
982,79,-15,0,0,0,0.269049,0.982798,logprobs,DekaLLM
983,79,-13,0,0,0,0.377671,0.981342,logprobs,DekaLLM
984,79,-11,0,0,0,0.37765,0.981182,logprobs,DekaLLM
985,79,-9,0,0,0,0.269092,0.982038,logprobs,DekaLLM
986,79,-7,0,0,0,0.18249,0.98475,logprobs,DekaLLM
987,79,-5,0,0,0,0.377667,0.983681,logprobs,DekaLLM
988,79,-3,0,0,0,0.377667,0.98408,logprobs,DekaLLM
989,79,-1,0,0,0,0.377671,0.976159,logprobs,DekaLLM
990,79,1,0,0,0,0.377749,0.963422,logprobs,DekaLLM
991,79,3,0,0,0,0.269076,0.979667,logprobs,DekaLLM
992,79,5,0,0,0,0.269092,0.980264,logprobs,DekaLLM
993,79,7,0,0,0,0.377749,0.975096,logprobs,DekaLLM
994,79,9,0,0,0,0.377638,0.982053,logprobs,DekaLLM
995,79,11,0,0,0,0.377654,0.971856,logprobs,DekaLLM
996,79,13,1,1,1,0.500168,0.977772,logprobs,DekaLLM
997,79,15,1,1,0,0.377749,0.971931,logprobs,DekaLLM
998,79,17,1,1,0,0.377702,0.971974,logprobs,DekaLLM
999,79,19,1,1,1,0.500084,0.978122,logprobs,DekaLLM
1000,79,21,0,0,1,0.500138,0.971888,logprobs,DekaLLM
1001,79,23,0,0,0,0.377749,0.972527,logprobs,DekaLLM
1002,79,25,0,0,1,0.500168,0.976087,logprobs,DekaLLM
1003,79,27,0,0,1,0.500168,0.966637,logprobs,DekaLLM
1004,79,29,0,0,1,0.622586,0.980688,logprobs,DekaLLM
1005,79,31,0,0,1,0.622697,0.964243,logprobs,DekaLLM
1006,79,33,0,0,1,0.500222,0.965936,logprobs,DekaLLM
1007,79,35,0,0,1,0.500135,0.979069,logprobs,DekaLLM
1008,79,37,0,0,1,0.622635,0.981303,logprobs,DekaLLM
1009,79,39,0,0,1,0.622586,0.976421,logprobs,DekaLLM
1010,79,41,0,0,1,0.622666,0.972357,logprobs,DekaLLM
1011,79,43,0,0,1,0.500084,0.969565,logprobs,DekaLLM
1012,79,45,0,0,1,0.500222,0.957883,logprobs,DekaLLM
1013,79,47,0,0,1,0.500135,0.978454,logprobs,DekaLLM
1014,79,49,0,0,1,0.500189,0.978771,logprobs,DekaLLM
1015,79,51,0,0,1,0.500222,0.968459,logprobs,DekaLLM
1016,79,53,0,0,1,0.500171,0.968026,logprobs,DekaLLM
1017,79,55,0,0,1,0.500084,0.980346,logprobs,DekaLLM
1018,79,57,0,0,0,0.377671,0.978251,logprobs,DekaLLM
1019,79,59,0,0,0,0.269116,0.974764,logprobs,DekaLLM
1020,79,61,0,0,1,0.500135,0.970219,logprobs,DekaLLM
1021,79,63,0,0,0,0.269076,0.973633,logprobs,DekaLLM
1022,79,65,0,0,0,0.269076,0.974036,logprobs,DekaLLM
1023,79,67,0,0,0,0.377702,0.965551,logprobs,DekaLLM
1024,79,69,0,0,1,0.500189,0.970419,logprobs,DekaLLM
1025,79,71,0,0,0,0.377702,0.965808,logprobs,DekaLLM
1026,79,73,0,0,0,0.377702,0.976175,logprobs,DekaLLM
1027,79,75,0,0,0,0.377749,0.96608,logprobs,DekaLLM
1028,79,77,0,0,1,0.622586,0.97655,logprobs,DekaLLM
1029,79,79,0,0,1,0.500222,0.973409,logprobs,DekaLLM
1030,79,81,0,0,0,0.26901,0.969009,logprobs,DekaLLM
1031,79,83,0,0,0,0.377749,0.96355,logprobs,DekaLLM
1032,79,85,0,0,0,0.377671,0.963511,logprobs,DekaLLM
1033,79,87,0,0,0,0.377592,0.964494,logprobs,DekaLLM
1034,79,89,0,0,0,0.182459,0.972878,logprobs,DekaLLM
1035,79,91,0,0,0,0.377702,0.965447,logprobs,DekaLLM
1036,79,93,0,0,0,0.269076,0.97985,logprobs,DekaLLM
1037,79,95,0,0,0,0.26901,0.975151,logprobs,DekaLLM
1038,79,97,1,1,0,0.377572,0.965234,logprobs,DekaLLM
1039,79,99,1,1,0,0.377572,0.976905,logprobs,DekaLLM
1040,79,101,0,0,1,0.500135,0.968384,logprobs,DekaLLM
1041,79,103,1,1,0,0.268943,0.980078,logprobs,DekaLLM
1042,79,105,0,0,0,0.377671,0.974848,logprobs,DekaLLM
1043,79,107,0,0,0,0.377753,0.972872,logprobs,DekaLLM
1044,79,109,0,0,1,0.500222,0.96911,logprobs,DekaLLM
1045,79,111,0,0,0,0.377749,0.978793,logprobs,DekaLLM
1046,79,113,0,0,0,0.26901,0.972621,logprobs,DekaLLM
1047,79,115,0,0,0,0.182478,0.979057,logprobs,DekaLLM
1048,79,117,0,0,0,0.269092,0.975155,logprobs,DekaLLM
1049,79,119,0,0,0,0.269076,0.972758,logprobs,DekaLLM
1050,79,121,0,0,0,0.269163,0.965681,logprobs,DekaLLM
1051,79,123,0,0,0,0.26901,0.972264,logprobs,DekaLLM
1052,79,125,0,0,0,0.269052,0.981427,logprobs,DekaLLM
1053,79,127,0,0,0,0.377749,0.982616,logprobs,DekaLLM
1054,79,129,0,0,0,0.377654,0.975991,logprobs,DekaLLM
1055,79,131,0,0,0,0.269076,0.978492,logprobs,DekaLLM
1056,79,133,0,0,0,0.377702,0.97237,logprobs,DekaLLM
1057,79,135,0,0,0,0.26901,0.979295,logprobs,DekaLLM
1058,79,137,0,0,0,0.377572,0.975743,logprobs,DekaLLM
1059,79,139,0,0,0,0.26901,0.974525,logprobs,DekaLLM
1060,79,141,0,0,0,0.269076,0.978685,logprobs,DekaLLM
1061,79,143,0,0,0,0.182459,0.976822,logprobs,DekaLLM
1062,79,145,0,0,0,0.119227,0.983378,logprobs,DekaLLM
1063,79,147,0,0,0,0.269076,0.976596,logprobs,DekaLLM
1064,79,149,0,0,0,0.182614,0.974036,logprobs,DekaLLM
1065,79,151,0,0,0,0.119169,0.982676,logprobs,DekaLLM
1066,79,153,0,0,0,0.182445,0.983121,logprobs,DekaLLM
1067,79,155,0,0,0,0.119182,0.985393,logprobs,DekaLLM
1068,79,157,0,0,0,0.119177,0.978049,logprobs,DekaLLM
1069,79,159,0,0,0,0.119248,0.983982,logprobs,DekaLLM
1070,79,161,0,0,0,0.119169,0.976414,logprobs,DekaLLM
1071,79,163,0,0,0,0.075844,0.987067,logprobs,DekaLLM
1072,79,165,0,0,0,0.047417,0.981599,logprobs,DekaLLM
1073,79,167,0,0,0,0.029309,0.983324,logprobs,DekaLLM
1074,79,169,0,0,0,0.029307,0.983285,logprobs,DekaLLM
1075,79,171,0,0,0,0.047413,0.977724,logprobs,DekaLLM
1076,79,173,0,0,0,0.047417,0.984371,logprobs,DekaLLM
1077,79,175,0,0,0,0.04742,0.985383,logprobs,DekaLLM
1078,79,177,0,0,0,0.075839,0.980765,logprobs,DekaLLM
1079,79,179,0,0,0,0.075844,0.985444,logprobs,DekaLLM
1080,77,-179,0,0,0,0.075844,0.984778,logprobs,DekaLLM
1081,77,-177,0,0,0,0.047417,0.988104,logprobs,DekaLLM
1082,77,-175,0,0,0,0.017983,0.989578,logprobs,DekaLLM
1083,77,-173,0,0,0,0.047417,0.988499,logprobs,DekaLLM
1084,77,-171,0,0,0,0.010986,0.985422,logprobs,DekaLLM
1085,77,-169,0,0,0,0.017984,0.991166,logprobs,DekaLLM
1086,77,-167,0,0,0,0.010986,0.989803,logprobs,DekaLLM
1087,77,-165,0,0,0,0.017983,0.98773,logprobs,DekaLLM
1088,77,-163,0,0,0,0.017982,0.987369,logprobs,DekaLLM
1089,77,-161,0,0,0,0.010985,0.989844,logprobs,DekaLLM
1090,77,-159,0,0,0,0.010986,0.990657,logprobs,DekaLLM
1091,77,-157,0,0,0,0.017983,0.985394,logprobs,DekaLLM
1092,77,-155,0,0,0,0.029307,0.984914,logprobs,DekaLLM
1093,77,-153,0,0,0,0.017984,0.988396,logprobs,DekaLLM
1094,77,-151,0,0,0,0.017983,0.983565,logprobs,DekaLLM
1095,77,-149,0,0,0,0.075844,0.986878,logprobs,DekaLLM
1096,77,-147,0,0,0,0.182427,0.98276,logprobs,DekaLLM
1097,77,-145,0,0,0,0.047417,0.985905,logprobs,DekaLLM
1098,77,-143,0,0,0,0.047417,0.98518,logprobs,DekaLLM
1099,77,-141,0,0,0,0.04742,0.983759,logprobs,DekaLLM
1100,77,-139,0,0,0,0.029307,0.985232,logprobs,DekaLLM
1101,77,-137,0,0,0,0.029307,0.988065,logprobs,DekaLLM
1102,77,-135,0,0,0,0.075844,0.986188,logprobs,DekaLLM
1103,77,-133,0,0,0,0.047417,0.985109,logprobs,DekaLLM
1104,77,-131,0,0,0,0.029307,0.985614,logprobs,DekaLLM
1105,77,-129,0,0,0,0.075839,0.983251,logprobs,DekaLLM
1106,77,-127,0,0,0,0.029307,0.98551,logprobs,DekaLLM
1107,77,-125,0,0,0,0.047415,0.985351,logprobs,DekaLLM
1108,77,-123,0,0,0,0.182457,0.977403,logprobs,DekaLLM
1109,77,-121,0,0,0,0.26901,0.976743,logprobs,DekaLLM
1110,77,-119,1,1,0,0.377702,0.974112,logprobs,DekaLLM
1111,77,-117,1,1,0,0.37772,0.980052,logprobs,DekaLLM
1112,77,-115,0,0,0,0.26901,0.979185,logprobs,DekaLLM
1113,77,-113,0,0,0,0.37772,0.98012,logprobs,DekaLLM
1114,77,-111,0,0,1,0.622697,0.978245,logprobs,DekaLLM
1115,77,-109,0,0,1,0.500033,0.981614,logprobs,DekaLLM
1116,77,-107,0,0,1,0.622567,0.984838,logprobs,DekaLLM
1117,77,-105,0,0,1,0.622604,0.981669,logprobs,DekaLLM
1118,77,-103,0,0,1,0.622617,0.979257,logprobs,DekaLLM
1119,77,-101,0,0,1,0.50022,0.980762,logprobs,DekaLLM
1120,77,-99,0,0,0,0.377718,0.981994,logprobs,DekaLLM
1121,77,-97,0,0,1,0.500199,0.980976,logprobs,DekaLLM
1122,77,-95,0,0,0,0.377698,0.980474,logprobs,DekaLLM
1123,77,-93,0,0,0,0.182507,0.987156,logprobs,DekaLLM
1124,77,-91,0,0,0,0.119182,0.979219,logprobs,DekaLLM
1125,77,-89,0,0,0,0.37765,0.980316,logprobs,DekaLLM
1126,77,-87,1,1,0,0.18256,0.977396,logprobs,DekaLLM
1127,77,-85,1,1,0,0.26901,0.975584,logprobs,DekaLLM
1128,77,-83,1,1,0,0.268983,0.981999,logprobs,DekaLLM
1129,77,-81,1,1,0,0.182511,0.978876,logprobs,DekaLLM
1130,77,-79,0,0,0,0.182478,0.978126,logprobs,DekaLLM
1131,77,-77,0,0,0,0.377638,0.985498,logprobs,DekaLLM
1132,77,-75,0,0,0,0.182478,0.979699,logprobs,DekaLLM
1133,77,-73,0,0,0,0.119248,0.980254,logprobs,DekaLLM
1134,77,-71,1,1,0,0.119169,0.971906,logprobs,DekaLLM
1135,77,-69,1,1,0,0.119235,0.981709,logprobs,DekaLLM
1136,77,-67,1,1,0,0.11924,0.986322,logprobs,DekaLLM
1137,77,-65,1,1,0,0.11924,0.982708,logprobs,DekaLLM
1138,77,-63,1,1,0,0.182458,0.973059,logprobs,DekaLLM
1139,77,-61,1,1,0,0.182507,0.988077,logprobs,DekaLLM
1140,77,-59,1,1,0,0.182389,0.985124,logprobs,DekaLLM
1141,77,-57,1,1,0,0.269033,0.982669,logprobs,DekaLLM
1142,77,-55,1,1,0,0.182377,0.979404,logprobs,DekaLLM
1143,77,-53,1,1,0,0.182427,0.983839,logprobs,DekaLLM
1144,77,-51,1,1,0,0.119235,0.986291,logprobs,DekaLLM
1145,77,-49,1,1,0,0.11924,0.983813,logprobs,DekaLLM
1146,77,-47,1,1,0,0.182439,0.989944,logprobs,DekaLLM
1147,77,-45,1,1,0,0.269076,0.978486,logprobs,DekaLLM
1148,77,-43,1,1,0,0.269076,0.97778,logprobs,DekaLLM
1149,77,-41,1,1,0,0.26901,0.980055,logprobs,DekaLLM
1150,77,-39,1,1,0,0.119169,0.982106,logprobs,DekaLLM
1151,77,-37,1,1,0,0.269023,0.987475,logprobs,DekaLLM
1152,77,-35,1,1,0,0.377619,0.984148,logprobs,DekaLLM
1153,77,-33,1,1,1,0.500033,0.985084,logprobs,DekaLLM
1154,77,-31,1,1,1,0.500135,0.982848,logprobs,DekaLLM
1155,77,-29,1,1,0,0.377619,0.983364,logprobs,DekaLLM
1156,77,-27,1,1,0,0.377667,0.983063,logprobs,DekaLLM
1157,77,-25,1,1,0,0.377667,0.984218,logprobs,DekaLLM
1158,77,-23,1,1,0,0.377718,0.983432,logprobs,DekaLLM
1159,77,-21,1,1,0,0.37765,0.983639,logprobs,DekaLLM
1160,77,-19,1,1,0,0.377572,0.977958,logprobs,DekaLLM
1161,77,-17,0,0,0,0.377572,0.974474,logprobs,DekaLLM
1162,77,-15,0,0,1,0.500135,0.975877,logprobs,DekaLLM
1163,77,-13,0,0,1,0.500135,0.983501,logprobs,DekaLLM
1164,77,-11,0,0,0,0.377667,0.981691,logprobs,DekaLLM
1165,77,-9,0,0,0,0.377671,0.983333,logprobs,DekaLLM
1166,77,-7,0,0,1,0.500135,0.979939,logprobs,DekaLLM
1167,77,-5,0,0,0,0.377718,0.981744,logprobs,DekaLLM
1168,77,-3,0,0,1,0.500168,0.976309,logprobs,DekaLLM
1169,77,-1,0,0,1,0.500222,0.973697,logprobs,DekaLLM
1170,77,1,0,0,1,0.500135,0.977465,logprobs,DekaLLM
1171,77,3,0,0,0,0.377619,0.979384,logprobs,DekaLLM
1172,77,5,0,0,1,0.500117,0.97737,logprobs,DekaLLM
1173,77,7,0,0,1,0.500253,0.983939,logprobs,DekaLLM
1174,77,9,0,0,1,0.500168,0.977714,logprobs,DekaLLM
1175,77,11,0,0,1,0.500135,0.979031,logprobs,DekaLLM
1176,77,13,0,0,1,0.622617,0.978371,logprobs,DekaLLM
1177,77,15,0,0,1,0.500168,0.978156,logprobs,DekaLLM
1178,77,17,1,1,1,0.622697,0.974333,logprobs,DekaLLM
1179,77,19,0,0,1,0.622604,0.979958,logprobs,DekaLLM
1180,77,21,0,0,1,0.622586,0.974415,logprobs,DekaLLM
1181,77,23,0,0,1,0.731165,0.970782,logprobs,DekaLLM
1182,77,25,0,0,1,0.622586,0.981549,logprobs,DekaLLM
1183,77,27,0,0,1,0.73119,0.973223,logprobs,DekaLLM
1184,77,29,0,0,1,0.88084,0.970302,logprobs,DekaLLM
1185,77,31,0,0,1,0.817635,0.973949,logprobs,DekaLLM
1186,77,33,0,0,1,0.622586,0.977604,logprobs,DekaLLM
1187,77,35,0,0,1,0.622586,0.974487,logprobs,DekaLLM
1188,77,37,0,0,1,0.622617,0.964119,logprobs,DekaLLM
1189,77,39,0,0,1,0.622697,0.963432,logprobs,DekaLLM
1190,77,41,0,0,1,0.622617,0.971955,logprobs,DekaLLM
1191,77,43,0,0,1,0.622586,0.974912,logprobs,DekaLLM
1192,77,45,0,0,1,0.500222,0.955237,logprobs,DekaLLM
1193,77,47,0,0,1,0.500117,0.978441,logprobs,DekaLLM
1194,77,49,0,0,1,0.622604,0.978408,logprobs,DekaLLM
1195,77,51,0,0,1,0.731153,0.975176,logprobs,DekaLLM
1196,77,53,0,0,1,0.622586,0.974248,logprobs,DekaLLM
1197,77,55,0,0,1,0.500171,0.978159,logprobs,DekaLLM
1198,77,57,0,0,1,0.500189,0.969215,logprobs,DekaLLM
1199,77,59,0,0,0,0.377749,0.964741,logprobs,DekaLLM
1200,77,61,0,0,1,0.500084,0.972153,logprobs,DekaLLM
1201,77,63,0,0,1,0.500135,0.96907,logprobs,DekaLLM
1202,77,65,0,0,1,0.500135,0.968385,logprobs,DekaLLM
1203,77,67,0,0,0,0.377749,0.953372,logprobs,DekaLLM
1204,77,69,0,0,1,0.500189,0.95975,logprobs,DekaLLM
1205,77,71,0,0,1,0.500222,0.955918,logprobs,DekaLLM
1206,77,73,0,0,1,0.500222,0.977237,logprobs,DekaLLM
1207,77,75,0,0,1,0.500222,0.966147,logprobs,DekaLLM
1208,77,77,0,0,1,0.622586,0.973924,logprobs,DekaLLM
1209,77,79,0,0,0,0.377749,0.964312,logprobs,DekaLLM
1210,77,81,0,0,0,0.377623,0.969903,logprobs,DekaLLM
1211,77,83,0,0,0,0.377623,0.963399,logprobs,DekaLLM
1212,77,85,0,0,0,0.377749,0.948023,logprobs,DekaLLM
1213,77,87,0,0,0,0.377667,0.975755,logprobs,DekaLLM
1214,77,89,0,0,0,0.377671,0.963797,logprobs,DekaLLM
1215,77,91,0,0,0,0.269076,0.973249,logprobs,DekaLLM
1216,77,93,0,0,0,0.269116,0.979869,logprobs,DekaLLM
1217,77,95,0,0,0,0.269076,0.974415,logprobs,DekaLLM
1218,77,97,0,0,0,0.269076,0.974661,logprobs,DekaLLM
1219,77,99,0,0,0,0.26901,0.973281,logprobs,DekaLLM
1220,77,101,0,0,0,0.377718,0.967937,logprobs,DekaLLM
1221,77,103,1,1,1,0.500084,0.978869,logprobs,DekaLLM
1222,77,105,1,1,0,0.377749,0.972735,logprobs,DekaLLM
1223,77,107,1,1,0,0.377718,0.975968,logprobs,DekaLLM
1224,77,109,0,0,1,0.500171,0.971326,logprobs,DekaLLM
1225,77,111,0,0,1,0.500189,0.962294,logprobs,DekaLLM
1226,77,113,0,0,0,0.26901,0.970368,logprobs,DekaLLM
1227,77,115,0,0,0,0.269076,0.976635,logprobs,DekaLLM
1228,77,117,0,0,0,0.377702,0.966363,logprobs,DekaLLM
1229,77,119,0,0,0,0.269116,0.97049,logprobs,DekaLLM
1230,77,121,0,0,0,0.269076,0.971081,logprobs,DekaLLM
1231,77,123,0,0,0,0.26901,0.972887,logprobs,DekaLLM
1232,77,125,0,0,0,0.377623,0.975368,logprobs,DekaLLM
1233,77,127,0,0,1,0.500171,0.975747,logprobs,DekaLLM
1234,77,129,0,0,0,0.377834,0.948257,logprobs,DekaLLM
1235,77,131,0,0,0,0.377702,0.966258,logprobs,DekaLLM
1236,77,133,0,0,0,0.377749,0.963818,logprobs,DekaLLM
1237,77,135,0,0,0,0.377671,0.980529,logprobs,DekaLLM
1238,77,137,0,0,0,0.269092,0.979037,logprobs,DekaLLM
1239,77,139,0,0,0,0.18254,0.985152,logprobs,DekaLLM
1240,77,141,0,0,0,0.377619,0.980986,logprobs,DekaLLM
1241,77,143,0,0,0,0.269076,0.97197,logprobs,DekaLLM
1242,77,145,0,0,0,0.182457,0.979895,logprobs,DekaLLM
1243,77,147,0,0,0,0.377698,0.976891,logprobs,DekaLLM
1244,77,149,0,0,0,0.377619,0.977434,logprobs,DekaLLM
1245,77,151,0,0,0,0.182478,0.976237,logprobs,DekaLLM
1246,77,153,0,0,0,0.182377,0.977569,logprobs,DekaLLM
1247,77,155,0,0,0,0.182459,0.979161,logprobs,DekaLLM
1248,77,157,0,0,0,0.119182,0.963973,logprobs,DekaLLM
1249,77,159,0,0,0,0.11919,0.976752,logprobs,DekaLLM
1250,77,161,0,0,0,0.119182,0.985245,logprobs,DekaLLM
1251,77,163,0,0,0,0.075839,0.982814,logprobs,DekaLLM
1252,77,165,0,0,0,0.075839,0.982404,logprobs,DekaLLM
1253,77,167,0,0,0,0.075835,0.972714,logprobs,DekaLLM
1254,77,169,0,0,0,0.047417,0.982304,logprobs,DekaLLM
1255,77,171,0,0,0,0.075844,0.978201,logprobs,DekaLLM
1256,77,173,0,0,0,0.075844,0.982456,logprobs,DekaLLM
1257,77,175,0,0,0,0.07585,0.98271,logprobs,DekaLLM
1258,77,177,0,0,0,0.047413,0.9776,logprobs,DekaLLM
1259,77,179,0,0,0,0.119182,0.983811,logprobs,DekaLLM
1260,75,-179,0,0,0,0.075839,0.982083,logprobs,DekaLLM
1261,75,-177,0,0,0,0.029307,0.988624,logprobs,DekaLLM
1262,75,-175,0,0,0,0.029309,0.98737,logprobs,DekaLLM
1263,75,-173,0,0,0,0.010986,0.988771,logprobs,DekaLLM
1264,75,-171,0,0,0,0.010986,0.989338,logprobs,DekaLLM
1265,75,-169,0,0,0,0.010986,0.989378,logprobs,DekaLLM
1266,75,-167,0,0,0,0.010985,0.987485,logprobs,DekaLLM
1267,75,-165,0,0,0,0.017983,0.990286,logprobs,DekaLLM
1268,75,-163,0,0,0,0.029306,0.985998,logprobs,DekaLLM
1269,75,-161,0,0,0,0.017984,0.986019,logprobs,DekaLLM
1270,75,-159,0,0,0,0.029304,0.97993,logprobs,DekaLLM
1271,75,-157,0,0,0,0.029306,0.985983,logprobs,DekaLLM
1272,75,-155,0,0,0,0.047417,0.98817,logprobs,DekaLLM
1273,75,-153,0,0,0,0.047413,0.981399,logprobs,DekaLLM
1274,75,-151,0,0,0,0.047417,0.983476,logprobs,DekaLLM
1275,75,-149,0,0,0,0.119182,0.987382,logprobs,DekaLLM
1276,75,-147,0,0,0,0.182445,0.98516,logprobs,DekaLLM
1277,75,-145,0,0,0,0.075844,0.987448,logprobs,DekaLLM
1278,75,-143,0,0,0,0.047418,0.987998,logprobs,DekaLLM
1279,75,-141,0,0,0,0.047417,0.98289,logprobs,DekaLLM
1280,75,-139,0,0,0,0.029307,0.985974,logprobs,DekaLLM
1281,75,-137,0,0,0,0.075844,0.986834,logprobs,DekaLLM
1282,75,-135,0,0,0,0.119227,0.983403,logprobs,DekaLLM
1283,75,-133,0,0,0,0.075835,0.984257,logprobs,DekaLLM
1284,75,-131,0,0,0,0.047413,0.980409,logprobs,DekaLLM
1285,75,-129,0,0,0,0.047417,0.985922,logprobs,DekaLLM
1286,75,-127,0,0,0,0.119169,0.978019,logprobs,DekaLLM
1287,75,-125,0,0,0,0.047417,0.984955,logprobs,DekaLLM
1288,75,-123,0,0,0,0.18249,0.985218,logprobs,DekaLLM
1289,75,-121,0,0,0,0.377667,0.980492,logprobs,DekaLLM
1290,75,-119,0,0,0,0.377638,0.985367,logprobs,DekaLLM
1291,75,-117,0,0,1,0.500171,0.977434,logprobs,DekaLLM
1292,75,-115,1,1,1,0.500138,0.978711,logprobs,DekaLLM
1293,75,-113,0,0,1,0.500253,0.976853,logprobs,DekaLLM
1294,75,-111,1,1,1,0.622666,0.971059,logprobs,DekaLLM
1295,75,-109,1,1,0,0.269092,0.982264,logprobs,DekaLLM
1296,75,-107,1,1,1,0.50022,0.981085,logprobs,DekaLLM
1297,75,-105,0,0,1,0.817666,0.978309,logprobs,DekaLLM
1298,75,-103,0,0,1,0.731179,0.980912,logprobs,DekaLLM
1299,75,-101,0,0,1,0.500171,0.975481,logprobs,DekaLLM
1300,75,-99,1,1,0,0.377638,0.986147,logprobs,DekaLLM
1301,75,-97,0,0,0,0.269076,0.979362,logprobs,DekaLLM
1302,75,-95,1,1,0,0.26901,0.980398,logprobs,DekaLLM
1303,75,-93,0,0,0,0.268986,0.979795,logprobs,DekaLLM
1304,75,-91,1,1,0,0.119174,0.984056,logprobs,DekaLLM
1305,75,-89,1,1,0,0.182459,0.980065,logprobs,DekaLLM
1306,75,-87,1,1,0,0.268943,0.983837,logprobs,DekaLLM
1307,75,-85,1,1,0,0.269052,0.983884,logprobs,DekaLLM
1308,75,-83,1,1,0,0.377749,0.975088,logprobs,DekaLLM
1309,75,-81,1,1,0,0.18249,0.981387,logprobs,DekaLLM
1310,75,-79,0,0,0,0.26901,0.976311,logprobs,DekaLLM
1311,75,-77,0,0,0,0.182478,0.980824,logprobs,DekaLLM
1312,75,-75,0,0,0,0.268943,0.981413,logprobs,DekaLLM
1313,75,-73,0,0,0,0.26901,0.976022,logprobs,DekaLLM
1314,75,-71,0,0,0,0.18249,0.980819,logprobs,DekaLLM
1315,75,-69,0,0,0,0.182427,0.983654,logprobs,DekaLLM
1316,75,-67,0,0,0,0.182446,0.984059,logprobs,DekaLLM
1317,75,-65,0,0,0,0.269076,0.976696,logprobs,DekaLLM
1318,75,-63,0,0,0,0.268943,0.980225,logprobs,DekaLLM
1319,75,-61,0,0,0,0.182445,0.982809,logprobs,DekaLLM
1320,75,-59,0,0,0,0.182446,0.986701,logprobs,DekaLLM
1321,75,-57,1,1,0,0.269116,0.98084,logprobs,DekaLLM
1322,75,-55,1,1,0,0.268967,0.975245,logprobs,DekaLLM
1323,75,-53,1,1,0,0.269092,0.983851,logprobs,DekaLLM
1324,75,-51,1,1,0,0.268943,0.980713,logprobs,DekaLLM
1325,75,-49,1,1,0,0.182427,0.98513,logprobs,DekaLLM
1326,75,-47,1,1,0,0.18249,0.987469,logprobs,DekaLLM
1327,75,-45,1,1,0,0.377667,0.984519,logprobs,DekaLLM
1328,75,-43,1,1,0,0.377619,0.983262,logprobs,DekaLLM
1329,75,-41,1,1,0,0.182478,0.983364,logprobs,DekaLLM
1330,75,-39,1,1,0,0.269076,0.979265,logprobs,DekaLLM
1331,75,-37,1,1,0,0.268967,0.980591,logprobs,DekaLLM
1332,75,-35,1,1,0,0.377619,0.984415,logprobs,DekaLLM
1333,75,-33,1,1,0,0.377638,0.984815,logprobs,DekaLLM
1334,75,-31,1,1,0,0.269076,0.981502,logprobs,DekaLLM
1335,75,-29,1,1,0,0.269076,0.981788,logprobs,DekaLLM
1336,75,-27,1,1,0,0.269076,0.979796,logprobs,DekaLLM
1337,75,-25,1,1,0,0.37759,0.982614,logprobs,DekaLLM
1338,75,-23,1,1,0,0.377667,0.978546,logprobs,DekaLLM
1339,75,-21,1,1,0,0.26901,0.974462,logprobs,DekaLLM
1340,75,-19,0,0,0,0.26901,0.975282,logprobs,DekaLLM
1341,75,-17,0,0,1,0.500189,0.974768,logprobs,DekaLLM
1342,75,-15,0,0,0,0.377572,0.978465,logprobs,DekaLLM
1343,75,-13,0,0,0,0.377623,0.977226,logprobs,DekaLLM
1344,75,-11,0,0,0,0.377671,0.978363,logprobs,DekaLLM
1345,75,-9,0,0,0,0.377702,0.981204,logprobs,DekaLLM
1346,75,-7,0,0,0,0.377698,0.984444,logprobs,DekaLLM
1347,75,-5,0,0,1,0.500135,0.979261,logprobs,DekaLLM
1348,75,-3,0,0,1,0.622586,0.982784,logprobs,DekaLLM
1349,75,-1,0,0,0,0.377702,0.978495,logprobs,DekaLLM
1350,75,1,0,0,0,0.377603,0.966331,logprobs,DekaLLM
1351,75,3,0,0,0,0.377623,0.973489,logprobs,DekaLLM
1352,75,5,0,0,0,0.377718,0.976486,logprobs,DekaLLM
1353,75,7,0,0,1,0.500135,0.979077,logprobs,DekaLLM
1354,75,9,0,0,0,0.377718,0.978304,logprobs,DekaLLM
1355,75,11,0,0,0,0.377718,0.967913,logprobs,DekaLLM
1356,75,13,0,0,1,0.500135,0.973774,logprobs,DekaLLM
1357,75,15,0,0,0,0.377689,0.981667,logprobs,DekaLLM
1358,75,17,0,0,1,0.500084,0.973661,logprobs,DekaLLM
1359,75,19,0,0,1,0.500135,0.971691,logprobs,DekaLLM
1360,75,21,0,0,1,0.500189,0.969871,logprobs,DekaLLM
1361,75,23,0,0,1,0.500084,0.978068,logprobs,DekaLLM
1362,75,25,0,0,1,0.622567,0.984309,logprobs,DekaLLM
1363,75,27,0,0,1,0.500171,0.96916,logprobs,DekaLLM
1364,75,29,0,0,1,0.622586,0.977692,logprobs,DekaLLM
1365,75,31,0,0,1,0.731164,0.971187,logprobs,DekaLLM
1366,75,33,0,0,1,0.500135,0.980271,logprobs,DekaLLM
1367,75,35,0,0,1,0.731164,0.974134,logprobs,DekaLLM
1368,75,37,0,0,1,0.731139,0.983495,logprobs,DekaLLM
1369,75,39,0,0,1,0.731164,0.973611,logprobs,DekaLLM
1370,75,41,0,0,1,0.731179,0.974261,logprobs,DekaLLM
1371,75,43,0,0,1,0.622666,0.966685,logprobs,DekaLLM
1372,75,45,0,0,1,0.622586,0.966699,logprobs,DekaLLM
1373,75,47,0,0,1,0.500084,0.971456,logprobs,DekaLLM
1374,75,49,0,0,1,0.622567,0.976626,logprobs,DekaLLM
1375,75,51,0,0,1,0.622615,0.96378,logprobs,DekaLLM
1376,75,53,0,0,1,0.500222,0.970392,logprobs,DekaLLM
1377,75,55,0,0,0,0.377702,0.966859,logprobs,DekaLLM
1378,75,57,1,1,0,0.377718,0.968945,logprobs,DekaLLM
1379,75,59,1,1,0,0.377619,0.977673,logprobs,DekaLLM
1380,75,61,0,0,1,0.500135,0.97012,logprobs,DekaLLM
1381,75,63,0,0,0,0.377671,0.977176,logprobs,DekaLLM
1382,75,65,0,0,1,0.500189,0.960892,logprobs,DekaLLM
1383,75,67,0,0,1,0.500138,0.941361,logprobs,DekaLLM
1384,75,69,0,0,0,0.377702,0.966854,logprobs,DekaLLM
1385,75,71,0,0,0,0.377749,0.968691,logprobs,DekaLLM
1386,75,73,0,0,0,0.377702,0.965433,logprobs,DekaLLM
1387,75,75,0,0,1,0.622637,0.963259,logprobs,DekaLLM
1388,75,77,0,0,1,0.500084,0.968087,logprobs,DekaLLM
1389,75,79,0,0,1,0.500222,0.953373,logprobs,DekaLLM
1390,75,81,0,0,1,0.500222,0.954756,logprobs,DekaLLM
1391,75,83,0,0,0,0.377749,0.951974,logprobs,DekaLLM
1392,75,85,0,0,0,0.26901,0.965062,logprobs,DekaLLM
1393,75,87,0,0,0,0.377749,0.952456,logprobs,DekaLLM
1394,75,89,1,1,0,0.268901,0.965033,logprobs,DekaLLM
1395,75,91,1,1,0,0.377671,0.97086,logprobs,DekaLLM
1396,75,93,1,1,0,0.377671,0.966807,logprobs,DekaLLM
1397,75,95,1,1,0,0.377671,0.963996,logprobs,DekaLLM
1398,75,97,1,1,1,0.500135,0.97144,logprobs,DekaLLM
1399,75,99,1,1,0,0.377671,0.952379,logprobs,DekaLLM
1400,75,101,1,1,0,0.377718,0.97805,logprobs,DekaLLM
1401,75,103,1,1,0,0.377749,0.976421,logprobs,DekaLLM
1402,75,105,1,1,1,0.500135,0.970359,logprobs,DekaLLM
1403,75,107,1,1,1,0.500166,0.980796,logprobs,DekaLLM
1404,75,109,1,1,1,0.500189,0.961152,logprobs,DekaLLM
1405,75,111,1,1,0,0.377702,0.953709,logprobs,DekaLLM
1406,75,113,0,0,0,0.377667,0.981734,logprobs,DekaLLM
1407,75,115,0,0,0,0.269076,0.972409,logprobs,DekaLLM
1408,75,117,0,0,1,0.500135,0.980391,logprobs,DekaLLM
1409,75,119,0,0,0,0.377671,0.975177,logprobs,DekaLLM
1410,75,121,0,0,0,0.269076,0.972432,logprobs,DekaLLM
1411,75,123,0,0,0,0.269076,0.97466,logprobs,DekaLLM
1412,75,125,0,0,0,0.377671,0.966055,logprobs,DekaLLM
1413,75,127,0,0,1,0.500138,0.974229,logprobs,DekaLLM
1414,75,129,0,0,1,0.500168,0.978534,logprobs,DekaLLM
1415,75,131,0,0,0,0.377702,0.973213,logprobs,DekaLLM
1416,75,133,0,0,0,0.377667,0.974996,logprobs,DekaLLM
1417,75,135,0,0,0,0.377619,0.982237,logprobs,DekaLLM
1418,75,137,0,0,0,0.377718,0.980502,logprobs,DekaLLM
1419,75,139,1,1,0,0.269076,0.976319,logprobs,DekaLLM
1420,75,141,1,1,0,0.377609,0.983257,logprobs,DekaLLM
1421,75,143,1,1,0,0.18249,0.974651,logprobs,DekaLLM
1422,75,145,0,0,0,0.182459,0.973449,logprobs,DekaLLM
1423,75,147,0,0,0,0.377667,0.976962,logprobs,DekaLLM
1424,75,149,1,1,0,0.269076,0.978428,logprobs,DekaLLM
1425,75,151,0,0,0,0.182478,0.978335,logprobs,DekaLLM
1426,75,153,0,0,0,0.182407,0.977936,logprobs,DekaLLM
1427,75,155,0,0,0,0.075839,0.979213,logprobs,DekaLLM
1428,75,157,0,0,0,0.182427,0.977271,logprobs,DekaLLM
1429,75,159,0,0,0,0.11924,0.978582,logprobs,DekaLLM
1430,75,161,0,0,0,0.182445,0.9837,logprobs,DekaLLM
1431,75,163,0,0,0,0.119182,0.981905,logprobs,DekaLLM
1432,75,165,0,0,0,0.047413,0.982337,logprobs,DekaLLM
1433,75,167,0,0,0,0.075844,0.984538,logprobs,DekaLLM
1434,75,169,0,0,0,0.119182,0.986712,logprobs,DekaLLM
1435,75,171,0,0,0,0.075844,0.972173,logprobs,DekaLLM
1436,75,173,0,0,0,0.047413,0.986261,logprobs,DekaLLM
1437,75,175,0,0,0,0.075839,0.982191,logprobs,DekaLLM
1438,75,177,0,0,0,0.119182,0.985222,logprobs,DekaLLM
1439,75,179,0,0,0,0.182457,0.987043,logprobs,DekaLLM
1440,73,-179,0,0,0,0.047418,0.989534,logprobs,DekaLLM
1441,73,-177,0,0,0,0.017984,0.989233,logprobs,DekaLLM
1442,73,-175,0,0,0,0.010986,0.990096,logprobs,DekaLLM
1443,73,-173,0,0,0,0.017984,0.991026,logprobs,DekaLLM
1444,73,-171,0,0,0,0.010986,0.988788,logprobs,DekaLLM
1445,73,-169,0,0,0,0.017983,0.991456,logprobs,DekaLLM
1446,73,-167,0,0,0,0.029307,0.986098,logprobs,DekaLLM
1447,73,-165,0,0,0,0.017982,0.988815,logprobs,DekaLLM
1448,73,-163,0,0,0,0.029307,0.986834,logprobs,DekaLLM
1449,73,-161,0,0,0,0.029307,0.984004,logprobs,DekaLLM
1450,73,-159,0,0,0,0.029307,0.985238,logprobs,DekaLLM
1451,73,-157,0,0,0,0.047417,0.989514,logprobs,DekaLLM
1452,73,-155,0,0,0,0.047413,0.987878,logprobs,DekaLLM
1453,73,-153,0,0,0,0.029307,0.986828,logprobs,DekaLLM
1454,73,-151,0,0,0,0.047417,0.986087,logprobs,DekaLLM
1455,73,-149,0,0,0,0.119182,0.986394,logprobs,DekaLLM
1456,73,-147,0,0,0,0.18254,0.987692,logprobs,DekaLLM
1457,73,-145,0,0,0,0.075844,0.9878,logprobs,DekaLLM
1458,73,-143,0,0,0,0.119182,0.987232,logprobs,DekaLLM
1459,73,-141,0,0,0,0.075835,0.977218,logprobs,DekaLLM
1460,73,-139,0,0,0,0.017984,0.984595,logprobs,DekaLLM
1461,73,-137,0,0,0,0.119182,0.989038,logprobs,DekaLLM
1462,73,-135,0,0,0,0.075844,0.986284,logprobs,DekaLLM
1463,73,-133,0,0,0,0.075844,0.98541,logprobs,DekaLLM
1464,73,-131,0,0,0,0.047417,0.985393,logprobs,DekaLLM
1465,73,-129,0,0,0,0.119182,0.982139,logprobs,DekaLLM
1466,73,-127,0,0,0,0.119182,0.978196,logprobs,DekaLLM
1467,73,-125,0,0,0,0.075844,0.988402,logprobs,DekaLLM
1468,73,-123,1,1,0,0.182459,0.98321,logprobs,DekaLLM
1469,73,-121,1,1,0,0.11924,0.987459,logprobs,DekaLLM
1470,73,-119,1,1,0,0.182509,0.981324,logprobs,DekaLLM
1471,73,-117,0,0,1,0.500084,0.975675,logprobs,DekaLLM
1472,73,-115,1,1,0,0.377623,0.969265,logprobs,DekaLLM
1473,73,-113,1,1,1,0.500115,0.975058,logprobs,DekaLLM
1474,73,-111,0,0,1,0.500189,0.978634,logprobs,DekaLLM
1475,73,-109,0,0,0,0.269052,0.981354,logprobs,DekaLLM
1476,73,-107,1,1,0,0.377667,0.983669,logprobs,DekaLLM
1477,73,-105,0,0,1,0.500171,0.977864,logprobs,DekaLLM
1478,73,-103,0,0,0,0.377749,0.975881,logprobs,DekaLLM
1479,73,-101,0,0,0,0.269076,0.975163,logprobs,DekaLLM
1480,73,-99,1,1,0,0.269116,0.976431,logprobs,DekaLLM
1481,73,-97,1,1,0,0.377718,0.983218,logprobs,DekaLLM
1482,73,-95,1,1,0,0.269076,0.981866,logprobs,DekaLLM
1483,73,-93,1,1,0,0.182445,0.984923,logprobs,DekaLLM
1484,73,-91,0,0,0,0.075844,0.986022,logprobs,DekaLLM
1485,73,-89,1,1,0,0.268983,0.983563,logprobs,DekaLLM
1486,73,-87,1,1,0,0.11924,0.983131,logprobs,DekaLLM
1487,73,-85,1,1,0,0.119182,0.985463,logprobs,DekaLLM
1488,73,-83,1,1,0,0.268967,0.977702,logprobs,DekaLLM
1489,73,-81,1,1,0,0.182445,0.980147,logprobs,DekaLLM
1490,73,-79,1,1,0,0.119169,0.979554,logprobs,DekaLLM
1491,73,-77,1,1,0,0.11924,0.983902,logprobs,DekaLLM
1492,73,-75,0,0,0,0.075839,0.985414,logprobs,DekaLLM
1493,73,-73,0,0,0,0.119169,0.977404,logprobs,DekaLLM
1494,73,-71,0,0,0,0.075835,0.973628,logprobs,DekaLLM
1495,73,-69,0,0,0,0.119174,0.984044,logprobs,DekaLLM
1496,73,-67,0,0,0,0.119169,0.981174,logprobs,DekaLLM
1497,73,-65,0,0,0,0.075839,0.97966,logprobs,DekaLLM
1498,73,-63,0,0,0,0.119227,0.985813,logprobs,DekaLLM
1499,73,-61,0,0,0,0.075835,0.984482,logprobs,DekaLLM
1500,73,-59,0,0,0,0.07588,0.987621,logprobs,DekaLLM
1501,73,-57,0,0,0,0.119227,0.984859,logprobs,DekaLLM
1502,73,-55,0,0,0,0.075835,0.977294,logprobs,DekaLLM
1503,73,-53,1,1,0,0.119169,0.980321,logprobs,DekaLLM
1504,73,-51,1,1,0,0.119169,0.984661,logprobs,DekaLLM
1505,73,-49,1,1,0,0.119169,0.984292,logprobs,DekaLLM
1506,73,-47,1,1,0,0.047417,0.99044,logprobs,DekaLLM
1507,73,-45,1,1,0,0.268943,0.981297,logprobs,DekaLLM
1508,73,-43,1,1,0,0.119182,0.986647,logprobs,DekaLLM
1509,73,-41,1,1,0,0.119182,0.982304,logprobs,DekaLLM
1510,73,-39,1,1,0,0.11924,0.981365,logprobs,DekaLLM
1511,73,-37,1,1,0,0.182459,0.986622,logprobs,DekaLLM
1512,73,-35,1,1,0,0.268967,0.981693,logprobs,DekaLLM
1513,73,-33,1,1,0,0.268967,0.977,logprobs,DekaLLM
1514,73,-31,1,1,0,0.268986,0.981278,logprobs,DekaLLM
1515,73,-29,1,1,0,0.268943,0.980451,logprobs,DekaLLM
1516,73,-27,1,1,0,0.268967,0.978774,logprobs,DekaLLM
1517,73,-25,0,0,0,0.268943,0.985931,logprobs,DekaLLM
1518,73,-23,1,1,0,0.269023,0.989283,logprobs,DekaLLM
1519,73,-21,0,0,0,0.182445,0.981881,logprobs,DekaLLM
1520,73,-19,0,0,0,0.182459,0.984733,logprobs,DekaLLM
1521,73,-17,0,0,0,0.377667,0.978594,logprobs,DekaLLM
1522,73,-15,0,0,0,0.269076,0.981096,logprobs,DekaLLM
1523,73,-13,0,0,0,0.269026,0.982393,logprobs,DekaLLM
1524,73,-11,0,0,0,0.119182,0.986565,logprobs,DekaLLM
1525,73,-9,0,0,0,0.182439,0.982376,logprobs,DekaLLM
1526,73,-7,0,0,0,0.268967,0.979192,logprobs,DekaLLM
1527,73,-5,0,0,0,0.269092,0.985397,logprobs,DekaLLM
1528,73,-3,0,0,1,0.500135,0.979787,logprobs,DekaLLM
1529,73,-1,0,0,0,0.182459,0.97307,logprobs,DekaLLM
1530,73,1,0,0,0,0.268983,0.982501,logprobs,DekaLLM
1531,73,3,0,0,0,0.26901,0.97538,logprobs,DekaLLM
1532,73,5,0,0,0,0.18249,0.980382,logprobs,DekaLLM
1533,73,7,0,0,0,0.377638,0.981726,logprobs,DekaLLM
1534,73,9,0,0,0,0.377667,0.984111,logprobs,DekaLLM
1535,73,11,0,0,0,0.377667,0.97948,logprobs,DekaLLM
1536,73,13,0,0,0,0.377749,0.982639,logprobs,DekaLLM
1537,73,15,0,0,0,0.377671,0.981174,logprobs,DekaLLM
1538,73,17,0,0,0,0.269076,0.969521,logprobs,DekaLLM
1539,73,19,0,0,0,0.377619,0.975875,logprobs,DekaLLM
1540,73,21,0,0,0,0.377671,0.978361,logprobs,DekaLLM
1541,73,23,0,0,1,0.500135,0.973794,logprobs,DekaLLM
1542,73,25,0,0,1,0.500084,0.980543,logprobs,DekaLLM
1543,73,27,0,0,1,0.500135,0.976652,logprobs,DekaLLM
1544,73,29,0,0,0,0.377667,0.974817,logprobs,DekaLLM
1545,73,31,0,0,1,0.500222,0.965958,logprobs,DekaLLM
1546,73,33,0,0,0,0.377749,0.972295,logprobs,DekaLLM
1547,73,35,0,0,1,0.500135,0.978656,logprobs,DekaLLM
1548,73,37,0,0,1,0.622586,0.981327,logprobs,DekaLLM
1549,73,39,0,0,1,0.622617,0.974091,logprobs,DekaLLM
1550,73,41,0,0,1,0.622586,0.976435,logprobs,DekaLLM
1551,73,43,0,0,1,0.622586,0.973327,logprobs,DekaLLM
1552,73,45,0,0,1,0.500135,0.971662,logprobs,DekaLLM
1553,73,47,0,0,1,0.500084,0.976582,logprobs,DekaLLM
1554,73,49,0,0,1,0.500104,0.984565,logprobs,DekaLLM
1555,73,51,0,0,1,0.622538,0.975638,logprobs,DekaLLM
1556,73,53,0,0,1,0.500189,0.968364,logprobs,DekaLLM
1557,73,55,1,1,0,0.377638,0.981937,logprobs,DekaLLM
1558,73,57,0,0,0,0.377702,0.965554,logprobs,DekaLLM
1559,73,59,0,0,0,0.26905,0.974685,logprobs,DekaLLM
1560,73,61,0,0,1,0.500135,0.971232,logprobs,DekaLLM
1561,73,63,0,0,0,0.377667,0.975623,logprobs,DekaLLM
1562,73,65,0,0,0,0.377671,0.962052,logprobs,DekaLLM
1563,73,67,0,0,0,0.269076,0.973525,logprobs,DekaLLM
1564,73,69,0,0,0,0.269081,0.963692,logprobs,DekaLLM
1565,73,71,0,0,1,0.500222,0.971184,logprobs,DekaLLM
1566,73,73,0,0,0,0.377671,0.973295,logprobs,DekaLLM
1567,73,75,0,0,0,0.377572,0.965252,logprobs,DekaLLM
1568,73,77,0,0,0,0.377671,0.960373,logprobs,DekaLLM
1569,73,79,1,1,0,0.269076,0.973642,logprobs,DekaLLM
1570,73,81,1,1,0,0.377623,0.962706,logprobs,DekaLLM
1571,73,83,1,1,1,0.500135,0.967173,logprobs,DekaLLM
1572,73,85,1,1,0,0.26901,0.961063,logprobs,DekaLLM
1573,73,87,1,1,0,0.377667,0.980959,logprobs,DekaLLM
1574,73,89,1,1,0,0.268967,0.97862,logprobs,DekaLLM
1575,73,91,1,1,0,0.377749,0.961039,logprobs,DekaLLM
1576,73,93,1,1,0,0.26901,0.968219,logprobs,DekaLLM
1577,73,95,1,1,0,0.269076,0.979514,logprobs,DekaLLM
1578,73,97,1,1,0,0.269015,0.966734,logprobs,DekaLLM
1579,73,99,1,1,0,0.377749,0.972439,logprobs,DekaLLM
1580,73,101,1,0,1,0.500135,0.970417,logprobs,DekaLLM
1581,73,103,1,1,1,0.500168,0.966658,logprobs,DekaLLM
1582,73,105,1,1,0,0.377702,0.966096,logprobs,DekaLLM
1583,73,107,1,1,1,0.500135,0.974215,logprobs,DekaLLM
1584,73,109,1,1,0,0.377702,0.961582,logprobs,DekaLLM
1585,73,111,1,1,1,0.500084,0.97909,logprobs,DekaLLM
1586,73,113,1,1,0,0.377619,0.980931,logprobs,DekaLLM
1587,73,115,1,1,0,0.268967,0.968825,logprobs,DekaLLM
1588,73,117,1,1,0,0.37759,0.980376,logprobs,DekaLLM
1589,73,119,1,1,0,0.269076,0.979295,logprobs,DekaLLM
1590,73,121,0,0,0,0.377671,0.969102,logprobs,DekaLLM
1591,73,123,0,0,0,0.269076,0.978012,logprobs,DekaLLM
1592,73,125,1,1,1,0.500168,0.968542,logprobs,DekaLLM
1593,73,127,1,1,1,0.500171,0.977224,logprobs,DekaLLM
1594,73,129,1,1,1,0.500135,0.976265,logprobs,DekaLLM
1595,73,131,0,0,0,0.377749,0.971445,logprobs,DekaLLM
1596,73,133,0,0,0,0.377702,0.97981,logprobs,DekaLLM
1597,73,135,0,0,0,0.377749,0.974973,logprobs,DekaLLM
1598,73,137,0,0,0,0.377749,0.970991,logprobs,DekaLLM
1599,73,139,0,0,0,0.182457,0.981888,logprobs,DekaLLM
1600,73,141,0,0,0,0.269116,0.976422,logprobs,DekaLLM
1601,73,143,0,0,0,0.182478,0.975471,logprobs,DekaLLM
1602,73,145,0,0,0,0.182439,0.980531,logprobs,DekaLLM
1603,73,147,0,0,0,0.377702,0.970828,logprobs,DekaLLM
1604,73,149,0,0,0,0.268984,0.967859,logprobs,DekaLLM
1605,73,151,0,0,0,0.119264,0.97486,logprobs,DekaLLM
1606,73,153,0,0,0,0.182457,0.983412,logprobs,DekaLLM
1607,73,155,0,0,0,0.182509,0.983317,logprobs,DekaLLM
1608,73,157,0,0,0,0.268943,0.978508,logprobs,DekaLLM
1609,73,159,0,0,0,0.11924,0.982826,logprobs,DekaLLM
1610,73,161,0,0,0,0.182478,0.975387,logprobs,DekaLLM
1611,73,163,0,0,0,0.075835,0.979653,logprobs,DekaLLM
1612,73,165,0,0,0,0.119182,0.980228,logprobs,DekaLLM
1613,73,167,0,0,0,0.075844,0.977361,logprobs,DekaLLM
1614,73,169,0,0,0,0.075835,0.980904,logprobs,DekaLLM
1615,73,171,0,0,0,0.075839,0.983182,logprobs,DekaLLM
1616,73,173,0,0,0,0.075844,0.982244,logprobs,DekaLLM
1617,73,175,0,0,0,0.029304,0.977634,logprobs,DekaLLM
1618,73,177,0,0,0,0.047413,0.984515,logprobs,DekaLLM
1619,73,179,0,0,0,0.047417,0.986173,logprobs,DekaLLM
1620,71,-179,1,1,0,0.075844,0.990124,logprobs,DekaLLM
1621,71,-177,0,0,0,0.029307,0.985483,logprobs,DekaLLM
1622,71,-175,0,0,0,0.029307,0.988452,logprobs,DekaLLM
1623,71,-173,0,0,0,0.017984,0.991286,logprobs,DekaLLM
1624,71,-171,0,0,0,0.017983,0.988814,logprobs,DekaLLM
1625,71,-169,0,0,0,0.047409,0.984169,logprobs,DekaLLM
1626,71,-167,0,0,0,0.047411,0.979032,logprobs,DekaLLM
1627,71,-165,0,0,0,0.029307,0.986367,logprobs,DekaLLM
1628,71,-163,0,0,0,0.047417,0.98678,logprobs,DekaLLM
1629,71,-161,0,0,0,0.075839,0.985659,logprobs,DekaLLM
1630,71,-159,0,0,0,0.075839,0.981153,logprobs,DekaLLM
1631,71,-157,1,1,0,0.075839,0.985992,logprobs,DekaLLM
1632,71,-155,1,1,0,0.119182,0.987147,logprobs,DekaLLM
1633,71,-153,0,0,0,0.119182,0.983955,logprobs,DekaLLM
1634,71,-151,0,0,0,0.075877,0.987169,logprobs,DekaLLM
1635,71,-149,0,0,0,0.377619,0.978866,logprobs,DekaLLM
1636,71,-147,0,0,0,0.37765,0.976703,logprobs,DekaLLM
1637,71,-145,0,0,0,0.182446,0.988691,logprobs,DekaLLM
1638,71,-143,0,0,0,0.182445,0.980666,logprobs,DekaLLM
1639,71,-141,0,0,0,0.182459,0.980803,logprobs,DekaLLM
1640,71,-139,0,0,0,0.119182,0.986561,logprobs,DekaLLM
1641,71,-137,0,0,0,0.182457,0.988351,logprobs,DekaLLM
1642,71,-135,0,0,0,0.182395,0.979951,logprobs,DekaLLM
1643,71,-133,0,0,0,0.11924,0.983969,logprobs,DekaLLM
1644,71,-131,0,0,0,0.182445,0.984901,logprobs,DekaLLM
1645,71,-129,0,0,0,0.182459,0.981939,logprobs,DekaLLM
1646,71,-127,0,0,0,0.182478,0.979349,logprobs,DekaLLM
1647,71,-125,0,0,0,0.07585,0.983651,logprobs,DekaLLM
1648,71,-123,0,0,0,0.18254,0.986388,logprobs,DekaLLM
1649,71,-121,0,0,0,0.11924,0.985357,logprobs,DekaLLM
1650,71,-119,0,0,0,0.269076,0.979513,logprobs,DekaLLM
1651,71,-117,1,1,0,0.377619,0.980544,logprobs,DekaLLM
1652,71,-115,1,1,0,0.377667,0.979329,logprobs,DekaLLM
1653,71,-113,1,1,1,0.500135,0.978968,logprobs,DekaLLM
1654,71,-111,1,1,1,0.500084,0.975365,logprobs,DekaLLM
1655,71,-109,1,1,0,0.26901,0.980206,logprobs,DekaLLM
1656,71,-107,1,1,0,0.377619,0.983495,logprobs,DekaLLM
1657,71,-105,1,1,1,0.500222,0.976031,logprobs,DekaLLM
1658,71,-103,0,0,1,0.500135,0.98093,logprobs,DekaLLM
1659,71,-101,0,0,0,0.269076,0.97995,logprobs,DekaLLM
1660,71,-99,0,0,0,0.182614,0.981651,logprobs,DekaLLM
1661,71,-97,0,0,0,0.377619,0.980375,logprobs,DekaLLM
1662,71,-95,1,1,0,0.182471,0.984891,logprobs,DekaLLM
1663,71,-93,1,1,0,0.182457,0.983092,logprobs,DekaLLM
1664,71,-91,0,0,0,0.075883,0.984026,logprobs,DekaLLM
1665,71,-89,1,1,0,0.268967,0.981855,logprobs,DekaLLM
1666,71,-87,1,1,0,0.18254,0.968047,logprobs,DekaLLM
1667,71,-85,1,1,0,0.269026,0.977273,logprobs,DekaLLM
1668,71,-83,1,1,0,0.268943,0.980976,logprobs,DekaLLM
1669,71,-81,1,1,1,0.500135,0.975758,logprobs,DekaLLM
1670,71,-79,1,1,0,0.268983,0.98237,logprobs,DekaLLM
1671,71,-77,1,1,0,0.182509,0.98486,logprobs,DekaLLM
1672,71,-75,1,1,0,0.182445,0.982804,logprobs,DekaLLM
1673,71,-73,1,1,0,0.119182,0.98344,logprobs,DekaLLM
1674,71,-71,1,1,0,0.119182,0.98574,logprobs,DekaLLM
1675,71,-69,0,0,0,0.119248,0.983877,logprobs,DekaLLM
1676,71,-67,0,0,0,0.268967,0.983708,logprobs,DekaLLM
1677,71,-65,0,0,0,0.268984,0.97086,logprobs,DekaLLM
1678,71,-63,0,0,0,0.268967,0.979099,logprobs,DekaLLM
1679,71,-61,0,0,0,0.119182,0.987593,logprobs,DekaLLM
1680,71,-59,0,0,0,0.268943,0.982697,logprobs,DekaLLM
1681,71,-57,0,0,0,0.182478,0.983951,logprobs,DekaLLM
1682,71,-55,0,0,0,0.182509,0.985523,logprobs,DekaLLM
1683,71,-53,0,0,0,0.18254,0.985326,logprobs,DekaLLM
1684,71,-51,0,0,0,0.182389,0.987498,logprobs,DekaLLM
1685,71,-49,1,1,0,0.182446,0.986847,logprobs,DekaLLM
1686,71,-47,1,1,0,0.119169,0.985736,logprobs,DekaLLM
1687,71,-45,1,1,0,0.269076,0.981344,logprobs,DekaLLM
1688,71,-43,1,1,0,0.269076,0.980939,logprobs,DekaLLM
1689,71,-41,1,1,0,0.182457,0.984923,logprobs,DekaLLM
1690,71,-39,1,1,0,0.119306,0.9811,logprobs,DekaLLM
1691,71,-37,1,1,0,0.182446,0.9872,logprobs,DekaLLM
1692,71,-35,1,1,0,0.269023,0.987367,logprobs,DekaLLM
1693,71,-33,1,1,0,0.269076,0.977647,logprobs,DekaLLM
1694,71,-31,1,1,0,0.26901,0.975632,logprobs,DekaLLM
1695,71,-29,1,1,0,0.377671,0.981242,logprobs,DekaLLM
1696,71,-27,1,1,0,0.377619,0.983444,logprobs,DekaLLM
1697,71,-25,0,0,0,0.269076,0.980556,logprobs,DekaLLM
1698,71,-23,1,1,0,0.377619,0.980251,logprobs,DekaLLM
1699,71,-21,0,0,0,0.182457,0.981565,logprobs,DekaLLM
1700,71,-19,0,0,0,0.268983,0.983973,logprobs,DekaLLM
1701,71,-17,0,0,0,0.377619,0.982064,logprobs,DekaLLM
1702,71,-15,0,0,0,0.182457,0.987361,logprobs,DekaLLM
1703,71,-13,0,0,0,0.269076,0.981457,logprobs,DekaLLM
1704,71,-11,0,0,0,0.377619,0.979847,logprobs,DekaLLM
1705,71,-9,0,0,0,0.377667,0.983529,logprobs,DekaLLM
1706,71,-7,0,0,0,0.377619,0.983529,logprobs,DekaLLM
1707,71,-5,0,0,0,0.269116,0.982112,logprobs,DekaLLM
1708,71,-3,0,0,0,0.377749,0.975323,logprobs,DekaLLM
1709,71,-1,0,0,0,0.377667,0.98408,logprobs,DekaLLM
1710,71,1,0,0,0,0.37765,0.973,logprobs,DekaLLM
1711,71,3,0,0,0,0.377667,0.976537,logprobs,DekaLLM
1712,71,5,0,0,0,0.269076,0.980577,logprobs,DekaLLM
1713,71,7,0,0,1,0.500135,0.969613,logprobs,DekaLLM
1714,71,9,0,0,1,0.500168,0.980078,logprobs,DekaLLM
1715,71,11,0,0,1,0.500135,0.979875,logprobs,DekaLLM
1716,71,13,0,0,1,0.500135,0.980591,logprobs,DekaLLM
1717,71,15,0,0,1,0.500135,0.977573,logprobs,DekaLLM
1718,71,17,0,0,1,0.622586,0.973422,logprobs,DekaLLM
1719,71,19,0,0,1,0.500135,0.980312,logprobs,DekaLLM
1720,71,21,0,0,0,0.377667,0.978631,logprobs,DekaLLM
1721,71,23,0,0,1,0.500135,0.978906,logprobs,DekaLLM
1722,71,25,1,1,1,0.500135,0.981064,logprobs,DekaLLM
1723,71,27,0,0,0,0.377667,0.976254,logprobs,DekaLLM
1724,71,29,0,0,1,0.500168,0.97745,logprobs,DekaLLM
1725,71,31,0,0,0,0.377749,0.973587,logprobs,DekaLLM
1726,71,33,0,0,1,0.500222,0.975178,logprobs,DekaLLM
1727,71,35,0,0,1,0.500189,0.970722,logprobs,DekaLLM
1728,71,37,0,0,1,0.622586,0.974908,logprobs,DekaLLM
1729,71,39,0,0,1,0.500222,0.978057,logprobs,DekaLLM
1730,71,41,0,0,1,0.500222,0.975463,logprobs,DekaLLM
1731,71,43,0,0,1,0.500084,0.971997,logprobs,DekaLLM
1732,71,45,0,0,1,0.500189,0.957471,logprobs,DekaLLM
1733,71,47,0,0,1,0.622538,0.981184,logprobs,DekaLLM
1734,71,49,0,0,1,0.500171,0.980136,logprobs,DekaLLM
1735,71,51,0,0,0,0.377702,0.973464,logprobs,DekaLLM
1736,71,53,1,1,1,0.500084,0.976688,logprobs,DekaLLM
1737,71,55,1,1,1,0.500084,0.980195,logprobs,DekaLLM
1738,71,57,0,0,0,0.377667,0.970684,logprobs,DekaLLM
1739,71,59,0,0,0,0.377702,0.965637,logprobs,DekaLLM
1740,71,61,0,0,0,0.377702,0.965914,logprobs,DekaLLM
1741,71,63,0,0,0,0.377749,0.965057,logprobs,DekaLLM
1742,71,65,0,0,0,0.377623,0.966225,logprobs,DekaLLM
1743,71,67,1,1,1,0.500138,0.959396,logprobs,DekaLLM
1744,71,69,1,1,0,0.377671,0.952368,logprobs,DekaLLM
1745,71,71,1,1,1,0.500222,0.972584,logprobs,DekaLLM
1746,71,73,0,0,0,0.26901,0.968211,logprobs,DekaLLM
1747,71,75,1,1,0,0.377702,0.96575,logprobs,DekaLLM
1748,71,77,1,1,1,0.500135,0.96999,logprobs,DekaLLM
1749,71,79,1,1,0,0.377671,0.964721,logprobs,DekaLLM
1750,71,81,1,1,0,0.377749,0.963592,logprobs,DekaLLM
1751,71,83,0,0,0,0.377702,0.96297,logprobs,DekaLLM
1752,71,85,1,1,0,0.377834,0.966332,logprobs,DekaLLM
1753,71,87,1,1,0,0.377667,0.976218,logprobs,DekaLLM
1754,71,89,1,1,0,0.269076,0.980027,logprobs,DekaLLM
1755,71,91,1,1,0,0.377619,0.976936,logprobs,DekaLLM
1756,71,93,1,1,0,0.269033,0.97072,logprobs,DekaLLM
1757,71,95,1,1,0,0.377667,0.975912,logprobs,DekaLLM
1758,71,97,1,1,0,0.377698,0.97603,logprobs,DekaLLM
1759,71,99,1,1,0,0.269076,0.973336,logprobs,DekaLLM
1760,71,101,1,1,1,0.500168,0.97153,logprobs,DekaLLM
1761,71,103,1,1,1,0.500135,0.976121,logprobs,DekaLLM
1762,71,105,1,1,1,0.500135,0.975111,logprobs,DekaLLM
1763,71,107,1,1,0,0.377698,0.980495,logprobs,DekaLLM
1764,71,109,1,1,1,0.500222,0.965843,logprobs,DekaLLM
1765,71,111,1,1,1,0.500138,0.974955,logprobs,DekaLLM
1766,71,113,1,1,0,0.377702,0.972371,logprobs,DekaLLM
1767,71,115,1,1,0,0.269116,0.97994,logprobs,DekaLLM
1768,71,117,1,1,0,0.377749,0.963922,logprobs,DekaLLM
1769,71,119,1,1,0,0.377702,0.960971,logprobs,DekaLLM
1770,71,121,1,1,0,0.377689,0.983999,logprobs,DekaLLM
1771,71,123,1,1,0,0.377749,0.972831,logprobs,DekaLLM
1772,71,125,1,1,1,0.500138,0.972571,logprobs,DekaLLM
1773,71,127,1,1,1,0.500168,0.969624,logprobs,DekaLLM
1774,71,129,1,1,1,0.622615,0.97672,logprobs,DekaLLM
1775,71,131,0,0,1,0.500135,0.969899,logprobs,DekaLLM
1776,71,133,1,1,1,0.500135,0.976485,logprobs,DekaLLM
1777,71,135,1,1,1,0.500084,0.976619,logprobs,DekaLLM
1778,71,137,1,1,1,0.500222,0.97561,logprobs,DekaLLM
1779,71,139,1,1,0,0.377702,0.979313,logprobs,DekaLLM
1780,71,141,1,1,1,0.500168,0.96875,logprobs,DekaLLM
1781,71,143,1,1,0,0.269076,0.970615,logprobs,DekaLLM
1782,71,145,1,1,0,0.269007,0.986051,logprobs,DekaLLM
1783,71,147,1,1,0,0.377698,0.972696,logprobs,DekaLLM
1784,71,149,1,1,0,0.377619,0.97973,logprobs,DekaLLM
1785,71,151,1,1,0,0.268967,0.981162,logprobs,DekaLLM
1786,71,153,0,0,0,0.182377,0.982994,logprobs,DekaLLM
1787,71,155,1,1,0,0.269023,0.982146,logprobs,DekaLLM
1788,71,157,1,1,0,0.268967,0.983882,logprobs,DekaLLM
1789,71,159,0,0,0,0.182427,0.97865,logprobs,DekaLLM
1790,71,161,0,0,0,0.182427,0.983607,logprobs,DekaLLM
1791,71,163,0,0,0,0.119169,0.975588,logprobs,DekaLLM
1792,71,165,0,0,0,0.119182,0.98596,logprobs,DekaLLM
1793,71,167,0,0,0,0.119169,0.976294,logprobs,DekaLLM
1794,71,169,0,0,0,0.075844,0.983871,logprobs,DekaLLM
1795,71,171,0,0,0,0.075835,0.980425,logprobs,DekaLLM
1796,71,173,0,0,0,0.075839,0.980847,logprobs,DekaLLM
1797,71,175,0,0,0,0.029307,0.985446,logprobs,DekaLLM
1798,71,177,0,0,0,0.119169,0.982572,logprobs,DekaLLM
1799,71,179,1,1,0,0.119182,0.981957,logprobs,DekaLLM
1800,69,-179,0,0,0,0.07585,0.986555,logprobs,DekaLLM
1801,69,-177,0,0,0,0.04742,0.991275,logprobs,DekaLLM
1802,69,-175,0,0,0,0.029307,0.986913,logprobs,DekaLLM
1803,69,-173,0,0,0,0.047417,0.989464,logprobs,DekaLLM
1804,69,-171,0,0,0,0.029307,0.990027,logprobs,DekaLLM
1805,69,-169,0,0,0,0.029309,0.991788,logprobs,DekaLLM
1806,69,-167,0,0,0,0.075839,0.985718,logprobs,DekaLLM
1807,69,-165,0,0,0,0.119227,0.981175,logprobs,DekaLLM
1808,69,-163,1,1,0,0.182427,0.981826,logprobs,DekaLLM
1809,69,-161,1,1,0,0.119177,0.988352,logprobs,DekaLLM
1810,69,-159,1,1,0,0.119169,0.98629,logprobs,DekaLLM
1811,69,-157,1,1,0,0.182509,0.988324,logprobs,DekaLLM
1812,69,-155,1,1,0,0.377619,0.978083,logprobs,DekaLLM
1813,69,-153,1,1,0,0.377638,0.985791,logprobs,DekaLLM
1814,69,-151,1,1,0,0.269007,0.984092,logprobs,DekaLLM
1815,69,-149,1,1,0,0.269023,0.98577,logprobs,DekaLLM
1816,69,-147,1,1,1,0.500135,0.987319,logprobs,DekaLLM
1817,69,-145,1,1,0,0.377698,0.983401,logprobs,DekaLLM
1818,69,-143,1,1,0,0.377667,0.977026,logprobs,DekaLLM
1819,69,-141,1,1,0,0.377671,0.977082,logprobs,DekaLLM
1820,69,-139,1,1,0,0.269023,0.986352,logprobs,DekaLLM
1821,69,-137,0,0,0,0.377718,0.981445,logprobs,DekaLLM
1822,69,-135,1,1,1,0.500189,0.972302,logprobs,DekaLLM
1823,69,-133,1,1,0,0.37765,0.98131,logprobs,DekaLLM
1824,69,-131,1,1,0,0.377671,0.976664,logprobs,DekaLLM
1825,69,-129,1,1,0,0.377619,0.978817,logprobs,DekaLLM
1826,69,-127,1,1,0,0.377702,0.979148,logprobs,DekaLLM
1827,69,-125,1,1,0,0.26905,0.973381,logprobs,DekaLLM
1828,69,-123,1,1,0,0.269023,0.98276,logprobs,DekaLLM
1829,69,-121,1,1,0,0.182459,0.986312,logprobs,DekaLLM
1830,69,-119,1,1,0,0.119182,0.986892,logprobs,DekaLLM
1831,69,-117,0,0,0,0.377619,0.979284,logprobs,DekaLLM
1832,69,-115,0,0,0,0.377619,0.979025,logprobs,DekaLLM
1833,69,-113,1,1,0,0.37772,0.97817,logprobs,DekaLLM
1834,69,-111,1,1,0,0.269092,0.984537,logprobs,DekaLLM
1835,69,-109,1,1,0,0.269068,0.982989,logprobs,DekaLLM
1836,69,-107,0,0,0,0.377671,0.978886,logprobs,DekaLLM
1837,69,-105,1,1,0,0.377749,0.976793,logprobs,DekaLLM
1838,69,-103,1,1,0,0.377749,0.975554,logprobs,DekaLLM
1839,69,-101,0,0,0,0.37765,0.982123,logprobs,DekaLLM
1840,69,-99,1,1,0,0.377619,0.980876,logprobs,DekaLLM
1841,69,-97,1,1,0,0.377667,0.978925,logprobs,DekaLLM
1842,69,-95,0,0,0,0.269025,0.984672,logprobs,DekaLLM
1843,69,-93,1,1,0,0.269023,0.986978,logprobs,DekaLLM
1844,69,-91,1,1,0,0.182427,0.984191,logprobs,DekaLLM
1845,69,-89,1,1,0,0.18254,0.985569,logprobs,DekaLLM
1846,69,-87,0,0,0,0.269023,0.986391,logprobs,DekaLLM
1847,69,-85,1,1,0,0.269076,0.979519,logprobs,DekaLLM
1848,69,-83,1,1,0,0.269076,0.975042,logprobs,DekaLLM
1849,69,-81,0,0,0,0.377702,0.974976,logprobs,DekaLLM
1850,69,-79,1,1,0,0.269026,0.983366,logprobs,DekaLLM
1851,69,-77,0,0,0,0.182457,0.981351,logprobs,DekaLLM
1852,69,-75,1,1,0,0.269033,0.981457,logprobs,DekaLLM
1853,69,-73,1,1,0,0.119169,0.973498,logprobs,DekaLLM
1854,69,-71,1,1,0,0.047413,0.974561,logprobs,DekaLLM
1855,69,-69,1,1,0,0.075844,0.987257,logprobs,DekaLLM
1856,69,-67,0,0,0,0.119182,0.978859,logprobs,DekaLLM
1857,69,-65,0,0,0,0.268943,0.984467,logprobs,DekaLLM
1858,69,-63,0,0,0,0.182509,0.982509,logprobs,DekaLLM
1859,69,-61,0,0,0,0.182445,0.985294,logprobs,DekaLLM
1860,69,-59,0,0,0,0.182509,0.986553,logprobs,DekaLLM
1861,69,-57,0,0,0,0.269092,0.977407,logprobs,DekaLLM
1862,69,-55,0,0,0,0.18254,0.982487,logprobs,DekaLLM
1863,69,-53,0,0,0,0.268943,0.983757,logprobs,DekaLLM
1864,69,-51,1,1,0,0.269007,0.988605,logprobs,DekaLLM
1865,69,-49,1,1,0,0.269033,0.98208,logprobs,DekaLLM
1866,69,-47,1,1,0,0.119169,0.984518,logprobs,DekaLLM
1867,69,-45,1,1,0,0.26905,0.983216,logprobs,DekaLLM
1868,69,-43,1,1,0,0.269076,0.981568,logprobs,DekaLLM
1869,69,-41,1,1,0,0.269076,0.979957,logprobs,DekaLLM
1870,69,-39,1,1,0,0.377619,0.982334,logprobs,DekaLLM
1871,69,-37,1,1,0,0.268983,0.985994,logprobs,DekaLLM
1872,69,-35,1,1,0,0.269076,0.976019,logprobs,DekaLLM
1873,69,-33,1,1,0,0.377619,0.983987,logprobs,DekaLLM
1874,69,-31,1,1,0,0.377619,0.985266,logprobs,DekaLLM
1875,69,-29,1,1,0,0.269023,0.986191,logprobs,DekaLLM
1876,69,-27,1,1,0,0.377619,0.983596,logprobs,DekaLLM
1877,69,-25,0,0,0,0.377619,0.98377,logprobs,DekaLLM
1878,69,-23,0,0,1,0.500135,0.987131,logprobs,DekaLLM
1879,69,-21,0,0,0,0.269023,0.983695,logprobs,DekaLLM
1880,69,-19,0,0,0,0.377572,0.978455,logprobs,DekaLLM
1881,69,-17,0,0,0,0.269066,0.986187,logprobs,DekaLLM
1882,69,-15,0,0,0,0.377667,0.983602,logprobs,DekaLLM
1883,69,-13,0,0,0,0.377667,0.982169,logprobs,DekaLLM
1884,69,-11,0,0,0,0.377671,0.977949,logprobs,DekaLLM
1885,69,-9,0,0,0,0.377623,0.979332,logprobs,DekaLLM
1886,69,-7,0,0,1,0.500135,0.979999,logprobs,DekaLLM
1887,69,-5,0,0,0,0.377619,0.981088,logprobs,DekaLLM
1888,69,-3,0,0,1,0.622586,0.981521,logprobs,DekaLLM
1889,69,-1,0,0,0,0.377619,0.979357,logprobs,DekaLLM
1890,69,1,0,0,0,0.377667,0.98225,logprobs,DekaLLM
1891,69,3,0,0,0,0.377749,0.98103,logprobs,DekaLLM
1892,69,5,0,0,1,0.500222,0.975205,logprobs,DekaLLM
1893,69,7,0,0,1,0.500168,0.978231,logprobs,DekaLLM
1894,69,9,0,0,1,0.500135,0.977488,logprobs,DekaLLM
1895,69,11,0,0,1,0.500117,0.97852,logprobs,DekaLLM
1896,69,13,0,0,1,0.622586,0.982901,logprobs,DekaLLM
1897,69,15,0,0,1,0.622538,0.981649,logprobs,DekaLLM
1898,69,17,0,0,1,0.622617,0.973949,logprobs,DekaLLM
1899,69,19,1,1,1,0.622668,0.972418,logprobs,DekaLLM
1900,69,21,1,1,1,0.500222,0.969811,logprobs,DekaLLM
1901,69,23,1,1,1,0.500084,0.977023,logprobs,DekaLLM
1902,69,25,1,1,1,0.622586,0.983122,logprobs,DekaLLM
1903,69,27,1,1,1,0.622586,0.978284,logprobs,DekaLLM
1904,69,29,1,1,1,0.500168,0.974397,logprobs,DekaLLM
1905,69,31,1,1,0,0.377698,0.974971,logprobs,DekaLLM
1906,69,33,1,1,1,0.622586,0.980843,logprobs,DekaLLM
1907,69,35,1,1,1,0.500222,0.976129,logprobs,DekaLLM
1908,69,37,0,0,1,0.622586,0.982109,logprobs,DekaLLM
1909,69,39,0,0,1,0.500189,0.979698,logprobs,DekaLLM
1910,69,41,0,0,1,0.622586,0.982185,logprobs,DekaLLM
1911,69,43,0,0,1,0.500168,0.978757,logprobs,DekaLLM
1912,69,45,0,0,1,0.500115,0.982556,logprobs,DekaLLM
1913,69,47,0,0,1,0.500135,0.979602,logprobs,DekaLLM
1914,69,49,1,1,1,0.500253,0.98028,logprobs,DekaLLM
1915,69,51,0,0,1,0.622586,0.977408,logprobs,DekaLLM
1916,69,53,0,0,1,0.500117,0.971798,logprobs,DekaLLM
1917,69,55,0,0,1,0.500135,0.978685,logprobs,DekaLLM
1918,69,57,0,0,1,0.500117,0.980173,logprobs,DekaLLM
1919,69,59,0,0,0,0.377698,0.970884,logprobs,DekaLLM
1920,69,61,1,1,1,0.500087,0.972312,logprobs,DekaLLM
1921,69,63,1,1,0,0.377609,0.97837,logprobs,DekaLLM
1922,69,65,1,1,0,0.377619,0.9706,logprobs,DekaLLM
1923,69,67,0,0,0,0.377753,0.964408,logprobs,DekaLLM
1924,69,69,1,1,0,0.377623,0.973083,logprobs,DekaLLM
1925,69,71,1,1,0,0.26901,0.962263,logprobs,DekaLLM
1926,69,73,0,0,0,0.377623,0.965355,logprobs,DekaLLM
1927,69,75,0,0,0,0.269116,0.971381,logprobs,DekaLLM
1928,69,77,0,0,0,0.269116,0.973605,logprobs,DekaLLM
1929,69,79,1,1,0,0.377623,0.96413,logprobs,DekaLLM
1930,69,81,1,1,1,0.500054,0.958477,logprobs,DekaLLM
1931,69,83,1,1,0,0.377702,0.967958,logprobs,DekaLLM
1932,69,85,1,1,0,0.269076,0.97437,logprobs,DekaLLM
1933,69,87,1,1,1,0.500117,0.972083,logprobs,DekaLLM
1934,69,89,1,1,0,0.26901,0.973723,logprobs,DekaLLM
1935,69,91,1,0,0,0.377702,0.975123,logprobs,DekaLLM
1936,69,93,1,1,0,0.269023,0.985989,logprobs,DekaLLM
1937,69,95,1,1,0,0.269076,0.982817,logprobs,DekaLLM
1938,69,97,1,1,0,0.377702,0.975806,logprobs,DekaLLM
1939,69,99,1,1,0,0.269076,0.981453,logprobs,DekaLLM
1940,69,101,1,1,1,0.500117,0.97656,logprobs,DekaLLM
1941,69,103,1,1,1,0.500222,0.968288,logprobs,DekaLLM
1942,69,105,1,1,1,0.500222,0.974701,logprobs,DekaLLM
1943,69,107,1,1,1,0.500168,0.974543,logprobs,DekaLLM
1944,69,109,1,1,1,0.500138,0.979991,logprobs,DekaLLM
1945,69,111,1,1,0,0.377702,0.975355,logprobs,DekaLLM
1946,69,113,1,1,0,0.377702,0.974618,logprobs,DekaLLM
1947,69,115,1,1,0,0.37765,0.982766,logprobs,DekaLLM
1948,69,117,1,1,1,0.500222,0.975204,logprobs,DekaLLM
1949,69,119,1,1,0,0.377702,0.981352,logprobs,DekaLLM
1950,69,121,1,1,1,0.500084,0.979587,logprobs,DekaLLM
1951,69,123,1,1,1,0.500189,0.968899,logprobs,DekaLLM
1952,69,125,1,1,1,0.622617,0.98193,logprobs,DekaLLM
1953,69,127,1,1,1,0.622586,0.970405,logprobs,DekaLLM
1954,69,129,1,1,1,0.622617,0.980986,logprobs,DekaLLM
1955,69,131,1,1,1,0.500168,0.976823,logprobs,DekaLLM
1956,69,133,1,1,1,0.500135,0.97865,logprobs,DekaLLM
1957,69,135,1,1,1,0.622586,0.974183,logprobs,DekaLLM
1958,69,137,1,1,1,0.622586,0.974067,logprobs,DekaLLM
1959,69,139,1,1,1,0.500171,0.974961,logprobs,DekaLLM
1960,69,141,1,1,1,0.500171,0.976936,logprobs,DekaLLM
1961,69,143,1,1,0,0.377702,0.981485,logprobs,DekaLLM
1962,69,145,1,1,0,0.377749,0.976035,logprobs,DekaLLM
1963,69,147,1,1,0,0.377702,0.981515,logprobs,DekaLLM
1964,69,149,1,1,1,0.500135,0.978859,logprobs,DekaLLM
1965,69,151,1,1,0,0.377671,0.97331,logprobs,DekaLLM
1966,69,153,1,1,0,0.269076,0.972128,logprobs,DekaLLM
1967,69,155,1,1,1,0.500135,0.978603,logprobs,DekaLLM
1968,69,157,1,1,0,0.269116,0.979528,logprobs,DekaLLM
1969,69,159,1,1,0,0.269049,0.98092,logprobs,DekaLLM
1970,69,161,1,1,0,0.269049,0.980182,logprobs,DekaLLM
1971,69,163,1,1,0,0.182509,0.983439,logprobs,DekaLLM
1972,69,165,1,1,0,0.269023,0.984295,logprobs,DekaLLM
1973,69,167,1,1,0,0.182459,0.982369,logprobs,DekaLLM
1974,69,169,1,1,0,0.11924,0.984923,logprobs,DekaLLM
1975,69,171,1,1,0,0.11919,0.976462,logprobs,DekaLLM
1976,69,173,1,1,0,0.075839,0.987131,logprobs,DekaLLM
1977,69,175,1,1,0,0.029307,0.984749,logprobs,DekaLLM
1978,69,177,1,1,0,0.047417,0.988016,logprobs,DekaLLM
1979,69,179,1,1,0,0.075853,0.987949,logprobs,DekaLLM
1980,67,-179,1,1,0,0.075844,0.979411,logprobs,DekaLLM
1981,67,-177,1,1,0,0.047417,0.98747,logprobs,DekaLLM
1982,67,-175,1,1,0,0.029309,0.989581,logprobs,DekaLLM
1983,67,-173,1,1,0,0.029307,0.986156,logprobs,DekaLLM
1984,67,-171,0,0,0,0.047417,0.988051,logprobs,DekaLLM
1985,67,-169,0,0,0,0.047417,0.988252,logprobs,DekaLLM
1986,67,-167,0,0,0,0.047417,0.984057,logprobs,DekaLLM
1987,67,-165,0,0,0,0.182445,0.981969,logprobs,DekaLLM
1988,67,-163,0,0,0,0.182427,0.982706,logprobs,DekaLLM
1989,67,-161,1,1,0,0.182509,0.984075,logprobs,DekaLLM
1990,67,-159,1,1,0,0.182427,0.980817,logprobs,DekaLLM
1991,67,-157,1,1,0,0.377702,0.978074,logprobs,DekaLLM
1992,67,-155,1,1,1,0.500104,0.98293,logprobs,DekaLLM
1993,67,-153,1,1,1,0.500138,0.976319,logprobs,DekaLLM
1994,67,-151,1,1,0,0.377749,0.982536,logprobs,DekaLLM
1995,67,-149,1,1,1,0.500138,0.977184,logprobs,DekaLLM
1996,67,-147,1,1,1,0.622646,0.981036,logprobs,DekaLLM
1997,67,-145,1,1,1,0.731153,0.982054,logprobs,DekaLLM
1998,67,-143,1,1,1,0.500222,0.969077,logprobs,DekaLLM
1999,67,-141,1,1,1,0.500166,0.981479,logprobs,DekaLLM
2000,67,-139,1,1,0,0.377749,0.981309,logprobs,DekaLLM
2001,67,-137,1,1,1,0.500166,0.983375,logprobs,DekaLLM
2002,67,-135,1,1,0,0.377702,0.979498,logprobs,DekaLLM
2003,67,-133,1,1,1,0.622538,0.979087,logprobs,DekaLLM
2004,67,-131,1,1,1,0.500087,0.975054,logprobs,DekaLLM
2005,67,-129,1,1,0,0.37765,0.984457,logprobs,DekaLLM
2006,67,-127,1,1,0,0.377702,0.978808,logprobs,DekaLLM
2007,67,-125,1,1,0,0.268983,0.97987,logprobs,DekaLLM
2008,67,-123,1,1,0,0.37772,0.980677,logprobs,DekaLLM
2009,67,-121,1,1,0,0.377718,0.981654,logprobs,DekaLLM
2010,67,-119,1,1,0,0.269023,0.985855,logprobs,DekaLLM
2011,67,-117,1,1,1,0.500166,0.982722,logprobs,DekaLLM
2012,67,-115,1,1,1,0.622538,0.979151,logprobs,DekaLLM
2013,67,-113,1,1,1,0.731179,0.984343,logprobs,DekaLLM
2014,67,-111,1,1,1,0.500253,0.979794,logprobs,DekaLLM
2015,67,-109,1,1,0,0.377671,0.982034,logprobs,DekaLLM
2016,67,-107,1,1,0,0.377671,0.981043,logprobs,DekaLLM
2017,67,-105,1,1,1,0.622604,0.983447,logprobs,DekaLLM
2018,67,-103,1,1,1,0.622604,0.979939,logprobs,DekaLLM
2019,67,-101,1,1,0,0.377638,0.982929,logprobs,DekaLLM
2020,67,-99,1,1,0,0.377638,0.980687,logprobs,DekaLLM
2021,67,-97,1,1,0,0.377667,0.976633,logprobs,DekaLLM
2022,67,-95,1,1,0,0.269049,0.984412,logprobs,DekaLLM
2023,67,-93,1,1,0,0.269023,0.986681,logprobs,DekaLLM
2024,67,-91,1,1,0,0.377619,0.982647,logprobs,DekaLLM
2025,67,-89,1,1,0,0.269023,0.986256,logprobs,DekaLLM
2026,67,-87,1,1,0,0.269023,0.983282,logprobs,DekaLLM
2027,67,-85,1,1,0,0.377619,0.982265,logprobs,DekaLLM
2028,67,-83,1,1,0,0.377702,0.975511,logprobs,DekaLLM
2029,67,-81,0,0,0,0.377749,0.978356,logprobs,DekaLLM
2030,67,-79,0,0,0,0.269076,0.981122,logprobs,DekaLLM
2031,67,-77,0,0,0,0.377619,0.984376,logprobs,DekaLLM
2032,67,-75,0,0,0,0.269023,0.98462,logprobs,DekaLLM
2033,67,-73,0,0,0,0.075839,0.98101,logprobs,DekaLLM
2034,67,-71,1,0,0,0.075839,0.980579,logprobs,DekaLLM
2035,67,-69,1,1,0,0.075839,0.979339,logprobs,DekaLLM
2036,67,-67,1,1,0,0.119182,0.987053,logprobs,DekaLLM
2037,67,-65,1,1,0,0.182445,0.982474,logprobs,DekaLLM
2038,67,-63,0,0,0,0.269023,0.985152,logprobs,DekaLLM
2039,67,-61,0,0,0,0.182457,0.983843,logprobs,DekaLLM
2040,67,-59,0,0,0,0.269076,0.977949,logprobs,DekaLLM
2041,67,-57,0,0,0,0.377619,0.982616,logprobs,DekaLLM
2042,67,-55,0,0,0,0.269076,0.977939,logprobs,DekaLLM
2043,67,-53,1,1,0,0.269025,0.987088,logprobs,DekaLLM
2044,67,-51,1,1,0,0.37765,0.982231,logprobs,DekaLLM
2045,67,-49,1,1,0,0.269076,0.974533,logprobs,DekaLLM
2046,67,-47,1,1,0,0.377619,0.983513,logprobs,DekaLLM
2047,67,-45,1,1,0,0.26901,0.981608,logprobs,DekaLLM
2048,67,-43,1,1,0,0.377667,0.98481,logprobs,DekaLLM
2049,67,-41,1,1,0,0.269076,0.982188,logprobs,DekaLLM
2050,67,-39,1,1,0,0.377619,0.980829,logprobs,DekaLLM
2051,67,-37,1,1,0,0.269076,0.981311,logprobs,DekaLLM
2052,67,-35,1,1,0,0.377619,0.988311,logprobs,DekaLLM
2053,67,-33,0,0,0,0.377671,0.981548,logprobs,DekaLLM
2054,67,-31,0,0,0,0.377667,0.984934,logprobs,DekaLLM
2055,67,-29,0,0,0,0.377619,0.984107,logprobs,DekaLLM
2056,67,-27,0,0,0,0.377702,0.98089,logprobs,DekaLLM
2057,67,-25,0,0,0,0.269023,0.986194,logprobs,DekaLLM
2058,67,-23,0,0,1,0.500033,0.984218,logprobs,DekaLLM
2059,67,-21,0,0,0,0.377702,0.983688,logprobs,DekaLLM
2060,67,-19,0,0,0,0.377619,0.984975,logprobs,DekaLLM
2061,67,-17,0,0,0,0.377749,0.979967,logprobs,DekaLLM
2062,67,-15,0,0,0,0.377698,0.983434,logprobs,DekaLLM
2063,67,-13,0,0,0,0.377749,0.979803,logprobs,DekaLLM
2064,67,-11,0,0,0,0.377698,0.98405,logprobs,DekaLLM
2065,67,-9,0,0,0,0.377667,0.984221,logprobs,DekaLLM
2066,67,-7,0,0,1,0.500168,0.981757,logprobs,DekaLLM
2067,67,-5,0,0,0,0.377749,0.981181,logprobs,DekaLLM
2068,67,-3,0,0,1,0.500135,0.982867,logprobs,DekaLLM
2069,67,-1,0,0,1,0.500135,0.979018,logprobs,DekaLLM
2070,67,1,0,0,1,0.500135,0.972737,logprobs,DekaLLM
2071,67,3,0,0,0,0.377667,0.977007,logprobs,DekaLLM
2072,67,5,0,0,1,0.500168,0.976303,logprobs,DekaLLM
2073,67,7,0,0,1,0.500222,0.976393,logprobs,DekaLLM
2074,67,9,0,0,1,0.500222,0.971412,logprobs,DekaLLM
2075,67,11,0,0,1,0.500171,0.977645,logprobs,DekaLLM
2076,67,13,0,0,1,0.500168,0.971111,logprobs,DekaLLM
2077,67,15,1,1,1,0.500135,0.977568,logprobs,DekaLLM
2078,67,17,1,1,1,0.622586,0.979182,logprobs,DekaLLM
2079,67,19,1,1,1,0.731164,0.973368,logprobs,DekaLLM
2080,67,21,1,1,1,0.622586,0.968174,logprobs,DekaLLM
2081,67,23,1,1,1,0.622697,0.97685,logprobs,DekaLLM
2082,67,25,1,1,1,0.731165,0.98089,logprobs,DekaLLM
2083,67,27,1,1,1,0.500084,0.9702,logprobs,DekaLLM
2084,67,29,1,1,1,0.500135,0.972773,logprobs,DekaLLM
2085,67,31,1,1,1,0.500171,0.970456,logprobs,DekaLLM
2086,67,33,1,1,1,0.500135,0.979956,logprobs,DekaLLM
2087,67,35,1,1,1,0.50022,0.972264,logprobs,DekaLLM
2088,67,37,1,1,1,0.622538,0.976753,logprobs,DekaLLM
2089,67,39,1,1,1,0.622617,0.971944,logprobs,DekaLLM
2090,67,41,1,1,1,0.622586,0.972889,logprobs,DekaLLM
2091,67,43,0,0,1,0.500169,0.979761,logprobs,DekaLLM
2092,67,45,1,1,1,0.622617,0.96456,logprobs,DekaLLM
2093,67,47,0,0,1,0.622586,0.974552,logprobs,DekaLLM
2094,67,49,1,1,1,0.622586,0.966831,logprobs,DekaLLM
2095,67,51,1,1,1,0.500222,0.972203,logprobs,DekaLLM
2096,67,53,1,1,1,0.622604,0.983996,logprobs,DekaLLM
2097,67,55,1,1,1,0.500222,0.966343,logprobs,DekaLLM
2098,67,57,1,1,1,0.500138,0.972351,logprobs,DekaLLM
2099,67,59,1,1,0,0.377702,0.969663,logprobs,DekaLLM
2100,67,61,1,1,0,0.377671,0.969207,logprobs,DekaLLM
2101,67,63,1,1,0,0.377619,0.977864,logprobs,DekaLLM
2102,67,65,1,1,0,0.377749,0.96603,logprobs,DekaLLM
2103,67,67,1,1,1,0.500138,0.965548,logprobs,DekaLLM
2104,67,69,1,1,0,0.377623,0.951143,logprobs,DekaLLM
2105,67,71,1,1,0,0.377572,0.967436,logprobs,DekaLLM
2106,67,73,0,0,0,0.377689,0.977008,logprobs,DekaLLM
2107,67,75,1,1,0,0.377702,0.968392,logprobs,DekaLLM
2108,67,77,1,1,0,0.377749,0.951403,logprobs,DekaLLM
2109,67,79,1,1,0,0.377718,0.967962,logprobs,DekaLLM
2110,67,81,1,1,1,0.500222,0.954121,logprobs,DekaLLM
2111,67,83,1,1,1,0.500084,0.96169,logprobs,DekaLLM
2112,67,85,1,1,1,0.500138,0.961017,logprobs,DekaLLM
2113,67,87,1,1,1,0.500171,0.96975,logprobs,DekaLLM
2114,67,89,1,1,0,0.377671,0.964905,logprobs,DekaLLM
2115,67,91,1,1,1,0.500202,0.978253,logprobs,DekaLLM
2116,67,93,1,1,1,0.500135,0.979435,logprobs,DekaLLM
2117,67,95,1,1,1,0.500135,0.984343,logprobs,DekaLLM
2118,67,97,1,1,0,0.377638,0.978677,logprobs,DekaLLM
2119,67,99,1,1,1,0.500189,0.970109,logprobs,DekaLLM
2120,67,101,1,1,1,0.500222,0.97217,logprobs,DekaLLM
2121,67,103,1,1,1,0.622567,0.981691,logprobs,DekaLLM
2122,67,105,1,1,1,0.622646,0.973954,logprobs,DekaLLM
2123,67,107,1,1,1,0.500199,0.970449,logprobs,DekaLLM
2124,67,109,1,1,1,0.622668,0.973147,logprobs,DekaLLM
2125,67,111,1,1,1,0.500171,0.969719,logprobs,DekaLLM
2126,67,113,1,1,1,0.500135,0.975132,logprobs,DekaLLM
2127,67,115,1,1,1,0.500222,0.968382,logprobs,DekaLLM
2128,67,117,1,1,1,0.622538,0.975298,logprobs,DekaLLM
2129,67,119,1,1,1,0.500117,0.97115,logprobs,DekaLLM
2130,67,121,1,1,1,0.500222,0.967778,logprobs,DekaLLM
2131,67,123,1,1,1,0.500135,0.960125,logprobs,DekaLLM
2132,67,125,1,1,1,0.622697,0.965229,logprobs,DekaLLM
2133,67,127,1,1,1,0.731215,0.973373,logprobs,DekaLLM
2134,67,129,1,1,1,0.500222,0.97108,logprobs,DekaLLM
2135,67,131,1,1,1,0.622617,0.97426,logprobs,DekaLLM
2136,67,133,1,1,1,0.731207,0.972258,logprobs,DekaLLM
2137,67,135,1,1,1,0.622666,0.977191,logprobs,DekaLLM
2138,67,137,1,1,1,0.73119,0.972995,logprobs,DekaLLM
2139,67,139,1,1,1,0.500189,0.978072,logprobs,DekaLLM
2140,67,141,1,1,1,0.622697,0.967665,logprobs,DekaLLM
2141,67,143,1,1,1,0.500135,0.969249,logprobs,DekaLLM
2142,67,145,1,1,1,0.500171,0.97251,logprobs,DekaLLM
2143,67,147,1,1,1,0.622617,0.974969,logprobs,DekaLLM
2144,67,149,1,1,1,0.500222,0.969824,logprobs,DekaLLM
2145,67,151,1,1,1,0.500115,0.977013,logprobs,DekaLLM
2146,67,153,1,1,1,0.500135,0.979986,logprobs,DekaLLM
2147,67,155,1,1,1,0.500222,0.972569,logprobs,DekaLLM
2148,67,157,1,1,0,0.377667,0.980494,logprobs,DekaLLM
2149,67,159,1,1,0,0.18254,0.978596,logprobs,DekaLLM
2150,67,161,1,1,0,0.269023,0.9851,logprobs,DekaLLM
2151,67,163,1,1,0,0.268959,0.984803,logprobs,DekaLLM
2152,67,165,1,1,0,0.182459,0.976472,logprobs,DekaLLM
2153,67,167,1,1,0,0.119217,0.989024,logprobs,DekaLLM
2154,67,169,1,1,0,0.182509,0.98278,logprobs,DekaLLM
2155,67,171,1,1,0,0.182459,0.979014,logprobs,DekaLLM
2156,67,173,1,1,0,0.182445,0.9816,logprobs,DekaLLM
2157,67,175,1,1,0,0.075844,0.987769,logprobs,DekaLLM
2158,67,177,1,1,0,0.047418,0.990339,logprobs,DekaLLM
2159,67,179,1,1,0,0.119217,0.987995,logprobs,DekaLLM
2160,65,-179,0,0,0,0.07585,0.989147,logprobs,DekaLLM
2161,65,-177,0,0,0,0.047413,0.982138,logprobs,DekaLLM
2162,65,-175,1,1,0,0.029307,0.989098,logprobs,DekaLLM
2163,65,-173,1,1,0,0.029307,0.988305,logprobs,DekaLLM
2164,65,-171,0,0,0,0.047417,0.990023,logprobs,DekaLLM
2165,65,-169,0,0,0,0.029307,0.985107,logprobs,DekaLLM
2166,65,-167,0,0,0,0.047443,0.988225,logprobs,DekaLLM
2167,65,-165,1,1,0,0.047417,0.985225,logprobs,DekaLLM
2168,65,-163,1,1,0,0.182427,0.984789,logprobs,DekaLLM
2169,65,-161,1,1,0,0.182445,0.986158,logprobs,DekaLLM
2170,65,-159,1,1,0,0.182495,0.982976,logprobs,DekaLLM
2171,65,-157,1,1,0,0.269023,0.986691,logprobs,DekaLLM
2172,65,-155,1,1,0,0.269068,0.983819,logprobs,DekaLLM
2173,65,-153,1,1,0,0.377797,0.97469,logprobs,DekaLLM
2174,65,-151,1,1,1,0.622538,0.981035,logprobs,DekaLLM
2175,65,-149,1,1,1,0.622615,0.973301,logprobs,DekaLLM
2176,65,-147,1,1,1,0.731138,0.982707,logprobs,DekaLLM
2177,65,-145,1,1,1,0.622697,0.975626,logprobs,DekaLLM
2178,65,-143,1,1,1,0.731179,0.971618,logprobs,DekaLLM
2179,65,-141,1,1,1,0.731179,0.982387,logprobs,DekaLLM
2180,65,-139,1,1,1,0.622586,0.97912,logprobs,DekaLLM
2181,65,-137,1,1,1,0.622615,0.973384,logprobs,DekaLLM
2182,65,-135,1,1,1,0.622586,0.979279,logprobs,DekaLLM
2183,65,-133,1,1,1,0.622586,0.972656,logprobs,DekaLLM
2184,65,-131,1,1,1,0.500104,0.98459,logprobs,DekaLLM
2185,65,-129,1,1,0,0.37772,0.972759,logprobs,DekaLLM
2186,65,-127,1,1,1,0.50022,0.982673,logprobs,DekaLLM
2187,65,-125,1,1,1,0.500084,0.981364,logprobs,DekaLLM
2188,65,-123,1,1,1,0.622615,0.97956,logprobs,DekaLLM
2189,65,-121,1,0,1,0.622538,0.975013,logprobs,DekaLLM
2190,65,-119,1,1,0,0.269066,0.981306,logprobs,DekaLLM
2191,65,-117,1,1,1,0.500171,0.970755,logprobs,DekaLLM
2192,65,-115,1,1,1,0.622598,0.97763,logprobs,DekaLLM
2193,65,-113,1,1,1,0.622525,0.983761,logprobs,DekaLLM
2194,65,-111,1,1,1,0.50022,0.975742,logprobs,DekaLLM
2195,65,-109,1,1,0,0.37765,0.981665,logprobs,DekaLLM
2196,65,-107,1,1,1,0.500138,0.97315,logprobs,DekaLLM
2197,65,-105,1,1,1,0.500222,0.972632,logprobs,DekaLLM
2198,65,-103,1,0,1,0.622585,0.981047,logprobs,DekaLLM
2199,65,-101,1,1,0,0.377671,0.974191,logprobs,DekaLLM
2200,65,-99,1,1,0,0.377638,0.980571,logprobs,DekaLLM
2201,65,-97,1,1,0,0.377718,0.978998,logprobs,DekaLLM
2202,65,-95,1,1,0,0.37765,0.97894,logprobs,DekaLLM
2203,65,-93,1,1,0,0.377638,0.985369,logprobs,DekaLLM
2204,65,-91,1,1,0,0.377619,0.979673,logprobs,DekaLLM
2205,65,-89,1,1,0,0.377619,0.978706,logprobs,DekaLLM
2206,65,-87,0,0,0,0.182528,0.986436,logprobs,DekaLLM
2207,65,-85,1,1,0,0.182528,0.982431,logprobs,DekaLLM
2208,65,-83,0,0,0,0.37765,0.978591,logprobs,DekaLLM
2209,65,-81,0,0,0,0.269076,0.975607,logprobs,DekaLLM
2210,65,-79,0,0,0,0.18254,0.986415,logprobs,DekaLLM
2211,65,-77,1,1,0,0.269076,0.975225,logprobs,DekaLLM
2212,65,-75,1,1,0,0.269092,0.980658,logprobs,DekaLLM
2213,65,-73,1,1,0,0.182478,0.973621,logprobs,DekaLLM
2214,65,-71,1,0,0,0.075839,0.975568,logprobs,DekaLLM
2215,65,-69,1,1,0,0.182377,0.981088,logprobs,DekaLLM
2216,65,-67,1,1,0,0.075839,0.980934,logprobs,DekaLLM
2217,65,-65,0,0,0,0.07585,0.982776,logprobs,DekaLLM
2218,65,-63,0,0,0,0.182457,0.985992,logprobs,DekaLLM
2219,65,-61,0,0,0,0.119182,0.987292,logprobs,DekaLLM
2220,65,-59,0,0,0,0.269076,0.976385,logprobs,DekaLLM
2221,65,-57,0,0,0,0.269076,0.977106,logprobs,DekaLLM
2222,65,-55,0,0,0,0.26901,0.981782,logprobs,DekaLLM
2223,65,-53,0,0,0,0.377619,0.980048,logprobs,DekaLLM
2224,65,-51,1,1,0,0.377619,0.979179,logprobs,DekaLLM
2225,65,-49,1,1,0,0.182507,0.98295,logprobs,DekaLLM
2226,65,-47,1,1,0,0.182445,0.98255,logprobs,DekaLLM
2227,65,-45,1,1,0,0.377619,0.979418,logprobs,DekaLLM
2228,65,-43,1,1,0,0.269092,0.984002,logprobs,DekaLLM
2229,65,-41,0,0,0,0.182459,0.985722,logprobs,DekaLLM
2230,65,-39,0,0,0,0.182528,0.982532,logprobs,DekaLLM
2231,65,-37,0,0,0,0.269023,0.984257,logprobs,DekaLLM
2232,65,-35,0,0,0,0.377718,0.979109,logprobs,DekaLLM
2233,65,-33,0,0,0,0.26901,0.977641,logprobs,DekaLLM
2234,65,-31,0,0,0,0.268983,0.983751,logprobs,DekaLLM
2235,65,-29,0,0,0,0.268983,0.983401,logprobs,DekaLLM
2236,65,-27,0,0,0,0.377671,0.98374,logprobs,DekaLLM
2237,65,-25,0,0,0,0.377749,0.98366,logprobs,DekaLLM
2238,65,-23,1,1,0,0.37759,0.989322,logprobs,DekaLLM
2239,65,-21,1,1,1,0.500189,0.981722,logprobs,DekaLLM
2240,65,-19,1,1,0,0.269092,0.982781,logprobs,DekaLLM
2241,65,-17,1,1,0,0.377619,0.984872,logprobs,DekaLLM
2242,65,-15,1,1,0,0.377638,0.989203,logprobs,DekaLLM
2243,65,-13,0,0,1,0.622586,0.981265,logprobs,DekaLLM
2244,65,-11,0,0,0,0.377638,0.988564,logprobs,DekaLLM
2245,65,-9,0,0,1,0.500168,0.978741,logprobs,DekaLLM
2246,65,-7,0,0,0,0.377702,0.97759,logprobs,DekaLLM
2247,65,-5,0,0,0,0.377667,0.985088,logprobs,DekaLLM
2248,65,-3,0,0,1,0.622567,0.982187,logprobs,DekaLLM
2249,65,-1,0,0,1,0.500135,0.980158,logprobs,DekaLLM
2250,65,1,0,0,0,0.377667,0.979996,logprobs,DekaLLM
2251,65,3,0,0,1,0.500117,0.978104,logprobs,DekaLLM
2252,65,5,0,0,0,0.377702,0.980979,logprobs,DekaLLM
2253,65,7,0,0,1,0.622538,0.982109,logprobs,DekaLLM
2254,65,9,0,0,1,0.500168,0.979456,logprobs,DekaLLM
2255,65,11,0,0,1,0.622586,0.982368,logprobs,DekaLLM
2256,65,13,1,1,1,0.622617,0.981298,logprobs,DekaLLM
2257,65,15,1,1,1,0.622668,0.975686,logprobs,DekaLLM
2258,65,17,1,1,1,0.622538,0.975318,logprobs,DekaLLM
2259,65,19,1,1,1,0.622617,0.977581,logprobs,DekaLLM
2260,65,21,1,1,1,0.622586,0.980452,logprobs,DekaLLM
2261,65,23,0,0,1,0.622586,0.982688,logprobs,DekaLLM
2262,65,25,0,0,1,0.622697,0.973172,logprobs,DekaLLM
2263,65,27,1,1,1,0.622586,0.978492,logprobs,DekaLLM
2264,65,29,1,1,1,0.622586,0.98343,logprobs,DekaLLM
2265,65,31,1,1,1,0.500117,0.978808,logprobs,DekaLLM
2266,65,33,1,1,0,0.377667,0.979865,logprobs,DekaLLM
2267,65,35,0,0,1,0.500189,0.968872,logprobs,DekaLLM
2268,65,37,1,1,0,0.37772,0.976782,logprobs,DekaLLM
2269,65,39,0,0,1,0.622538,0.982563,logprobs,DekaLLM
2270,65,41,1,1,1,0.500135,0.982762,logprobs,DekaLLM
2271,65,43,1,1,1,0.500189,0.966907,logprobs,DekaLLM
2272,65,45,1,1,1,0.500189,0.971565,logprobs,DekaLLM
2273,65,47,1,1,0,0.377749,0.973766,logprobs,DekaLLM
2274,65,49,1,1,1,0.500117,0.9672,logprobs,DekaLLM
2275,65,51,1,1,1,0.500084,0.969648,logprobs,DekaLLM
2276,65,53,1,1,1,0.500135,0.979537,logprobs,DekaLLM
2277,65,55,1,1,1,0.500189,0.970083,logprobs,DekaLLM
2278,65,57,1,1,1,0.500222,0.970177,logprobs,DekaLLM
2279,65,59,1,1,0,0.269116,0.973363,logprobs,DekaLLM
2280,65,61,1,1,0,0.377702,0.953728,logprobs,DekaLLM
2281,65,63,1,1,0,0.377671,0.963926,logprobs,DekaLLM
2282,65,65,1,1,1,0.500138,0.960183,logprobs,DekaLLM
2283,65,67,1,1,0,0.377572,0.967061,logprobs,DekaLLM
2284,65,69,1,1,0,0.377671,0.953358,logprobs,DekaLLM
2285,65,71,1,1,0,0.377671,0.953705,logprobs,DekaLLM
2286,65,73,1,1,0,0.377671,0.968478,logprobs,DekaLLM
2287,65,75,1,1,0,0.377718,0.968403,logprobs,DekaLLM
2288,65,77,1,1,1,0.500084,0.969151,logprobs,DekaLLM
2289,65,79,1,1,0,0.377671,0.970263,logprobs,DekaLLM
2290,65,81,1,1,0,0.377702,0.965818,logprobs,DekaLLM
2291,65,83,1,1,1,0.500135,0.957073,logprobs,DekaLLM
2292,65,85,1,1,1,0.500084,0.96831,logprobs,DekaLLM
2293,65,87,1,1,0,0.377718,0.968832,logprobs,DekaLLM
2294,65,89,1,1,0,0.377623,0.97304,logprobs,DekaLLM
2295,65,91,1,1,1,0.500117,0.977403,logprobs,DekaLLM
2296,65,93,1,1,1,0.500168,0.969317,logprobs,DekaLLM
2297,65,95,1,1,0,0.377671,0.973703,logprobs,DekaLLM
2298,65,97,1,1,1,0.622586,0.972462,logprobs,DekaLLM
2299,65,99,1,1,1,0.622586,0.976858,logprobs,DekaLLM
2300,65,101,1,1,1,0.622586,0.98197,logprobs,DekaLLM
2301,65,103,1,1,1,0.500117,0.970386,logprobs,DekaLLM
2302,65,105,1,1,1,0.731179,0.980669,logprobs,DekaLLM
2303,65,107,1,1,1,0.622618,0.978109,logprobs,DekaLLM
2304,65,109,1,1,1,0.731163,0.974232,logprobs,DekaLLM
2305,65,111,1,1,1,0.500135,0.971044,logprobs,DekaLLM
2306,65,113,1,1,0,0.377749,0.976407,logprobs,DekaLLM
2307,65,115,1,1,0,0.377718,0.974288,logprobs,DekaLLM
2308,65,117,1,1,1,0.500171,0.968831,logprobs,DekaLLM
2309,65,119,1,1,1,0.500135,0.98145,logprobs,DekaLLM
2310,65,121,1,1,1,0.500138,0.96013,logprobs,DekaLLM
2311,65,123,1,1,1,0.500171,0.968838,logprobs,DekaLLM
2312,65,125,1,1,1,0.731165,0.962425,logprobs,DekaLLM
2313,65,127,1,1,1,0.622586,0.977346,logprobs,DekaLLM
2314,65,129,1,1,1,0.731153,0.976428,logprobs,DekaLLM
2315,65,131,1,1,1,0.622586,0.974535,logprobs,DekaLLM
2316,65,133,1,1,1,0.622617,0.96561,logprobs,DekaLLM
2317,65,135,1,1,1,0.622646,0.974709,logprobs,DekaLLM
2318,65,137,1,1,1,0.622615,0.974865,logprobs,DekaLLM
2319,65,139,1,1,1,0.500135,0.978557,logprobs,DekaLLM
2320,65,141,1,1,1,0.731165,0.97208,logprobs,DekaLLM
2321,65,143,1,1,1,0.622586,0.982776,logprobs,DekaLLM
2322,65,145,1,1,1,0.500222,0.970564,logprobs,DekaLLM
2323,65,147,1,1,1,0.622646,0.96794,logprobs,DekaLLM
2324,65,149,1,1,1,0.622586,0.97675,logprobs,DekaLLM
2325,65,151,1,1,0,0.377749,0.974238,logprobs,DekaLLM
2326,65,153,1,1,0,0.377572,0.969477,logprobs,DekaLLM
2327,65,155,1,1,1,0.500199,0.981399,logprobs,DekaLLM
2328,65,157,1,1,0,0.268999,0.982315,logprobs,DekaLLM
2329,65,159,1,1,0,0.269052,0.980825,logprobs,DekaLLM
2330,65,161,1,1,0,0.269066,0.985041,logprobs,DekaLLM
2331,65,163,1,1,0,0.182528,0.981899,logprobs,DekaLLM
2332,65,165,1,1,0,0.11924,0.981139,logprobs,DekaLLM
2333,65,167,1,1,0,0.119227,0.979282,logprobs,DekaLLM
2334,65,169,1,1,0,0.182377,0.98214,logprobs,DekaLLM
2335,65,171,1,1,0,0.11924,0.981138,logprobs,DekaLLM
2336,65,173,1,1,0,0.075844,0.986035,logprobs,DekaLLM
2337,65,175,1,1,0,0.07585,0.986496,logprobs,DekaLLM
2338,65,177,1,1,0,0.075844,0.984483,logprobs,DekaLLM
2339,65,179,1,1,0,0.119182,0.981083,logprobs,DekaLLM
2340,63,-179,0,0,0,0.119182,0.983637,logprobs,DekaLLM
2341,63,-177,0,0,0,0.04742,0.98833,logprobs,DekaLLM
2342,63,-175,0,0,0,0.047418,0.98991,logprobs,DekaLLM
2343,63,-173,0,0,0,0.11924,0.98207,logprobs,DekaLLM
2344,63,-171,0,0,0,0.075835,0.977501,logprobs,DekaLLM
2345,63,-169,0,0,0,0.075835,0.98816,logprobs,DekaLLM
2346,63,-167,0,0,0,0.119169,0.97965,logprobs,DekaLLM
2347,63,-165,0,0,0,0.269023,0.985636,logprobs,DekaLLM
2348,63,-163,1,1,0,0.269023,0.985507,logprobs,DekaLLM
2349,63,-161,1,1,0,0.377619,0.978767,logprobs,DekaLLM
2350,63,-159,1,1,0,0.377619,0.978576,logprobs,DekaLLM
2351,63,-157,1,1,1,0.622604,0.986852,logprobs,DekaLLM
2352,63,-155,1,1,1,0.622697,0.974282,logprobs,DekaLLM
2353,63,-153,1,1,1,0.622646,0.980615,logprobs,DekaLLM
2354,63,-151,1,1,1,0.731164,0.969758,logprobs,DekaLLM
2355,63,-149,1,1,1,0.817666,0.985206,logprobs,DekaLLM
2356,63,-147,1,1,1,0.880848,0.983664,logprobs,DekaLLM
2357,63,-145,1,1,1,0.817646,0.980946,logprobs,DekaLLM
2358,63,-143,1,1,1,0.731164,0.977718,logprobs,DekaLLM
2359,63,-141,1,1,1,0.731189,0.971766,logprobs,DekaLLM
2360,63,-139,1,1,1,0.731189,0.969771,logprobs,DekaLLM
2361,63,-137,1,1,1,0.731179,0.976423,logprobs,DekaLLM
2362,63,-135,1,1,1,0.731179,0.969901,logprobs,DekaLLM
2363,63,-133,1,1,1,0.622586,0.979312,logprobs,DekaLLM
2364,63,-131,1,1,1,0.622586,0.973689,logprobs,DekaLLM
2365,63,-129,1,1,1,0.622586,0.975156,logprobs,DekaLLM
2366,63,-127,1,1,1,0.622604,0.980187,logprobs,DekaLLM
2367,63,-125,1,1,1,0.622697,0.981433,logprobs,DekaLLM
2368,63,-123,1,1,1,0.622585,0.977102,logprobs,DekaLLM
2369,63,-121,1,1,1,0.622697,0.970025,logprobs,DekaLLM
2370,63,-119,1,1,1,0.622538,0.976763,logprobs,DekaLLM
2371,63,-117,1,1,1,0.731179,0.985358,logprobs,DekaLLM
2372,63,-115,1,1,1,0.731179,0.98085,logprobs,DekaLLM
2373,63,-113,1,1,1,0.817666,0.982146,logprobs,DekaLLM
2374,63,-111,1,1,1,0.731153,0.986686,logprobs,DekaLLM
2375,63,-109,1,1,1,0.622646,0.971232,logprobs,DekaLLM
2376,63,-107,1,1,1,0.731179,0.979017,logprobs,DekaLLM
2377,63,-105,1,1,1,0.622646,0.981106,logprobs,DekaLLM
2378,63,-103,1,1,1,0.731163,0.976419,logprobs,DekaLLM
2379,63,-101,1,0,1,0.500171,0.978175,logprobs,DekaLLM
2380,63,-99,1,1,1,0.622538,0.982889,logprobs,DekaLLM
2381,63,-97,1,1,1,0.622646,0.979076,logprobs,DekaLLM
2382,63,-95,1,1,1,0.50022,0.975905,logprobs,DekaLLM
2383,63,-93,1,1,1,0.500253,0.973948,logprobs,DekaLLM
2384,63,-91,1,1,0,0.377619,0.975251,logprobs,DekaLLM
2385,63,-89,0,0,1,0.500171,0.97967,logprobs,DekaLLM
2386,63,-87,0,0,0,0.377702,0.982858,logprobs,DekaLLM
2387,63,-85,0,0,1,0.500084,0.976996,logprobs,DekaLLM
2388,63,-83,0,0,1,0.500171,0.97814,logprobs,DekaLLM
2389,63,-81,0,0,1,0.500138,0.972479,logprobs,DekaLLM
2390,63,-79,0,0,0,0.377619,0.982062,logprobs,DekaLLM
2391,63,-77,0,0,0,0.377619,0.981324,logprobs,DekaLLM
2392,63,-75,0,0,0,0.377667,0.983017,logprobs,DekaLLM
2393,63,-73,0,0,0,0.269116,0.979424,logprobs,DekaLLM
2394,63,-71,1,1,0,0.182528,0.982423,logprobs,DekaLLM
2395,63,-69,1,1,0,0.18254,0.971482,logprobs,DekaLLM
2396,63,-67,0,0,0,0.119182,0.985544,logprobs,DekaLLM
2397,63,-65,1,1,0,0.119169,0.980592,logprobs,DekaLLM
2398,63,-63,0,0,0,0.182459,0.980499,logprobs,DekaLLM
2399,63,-61,0,0,0,0.119169,0.982564,logprobs,DekaLLM
2400,63,-59,0,0,0,0.182457,0.982875,logprobs,DekaLLM
2401,63,-57,0,0,0,0.377572,0.978111,logprobs,DekaLLM
2402,63,-55,0,0,0,0.269023,0.984245,logprobs,DekaLLM
2403,63,-53,0,0,0,0.269119,0.974507,logprobs,DekaLLM
2404,63,-51,0,0,0,0.269076,0.980119,logprobs,DekaLLM
2405,63,-49,1,1,0,0.182509,0.982726,logprobs,DekaLLM
2406,63,-47,1,1,0,0.268983,0.985031,logprobs,DekaLLM
2407,63,-45,1,1,0,0.268967,0.98452,logprobs,DekaLLM
2408,63,-43,1,1,0,0.269076,0.974036,logprobs,DekaLLM
2409,63,-41,0,0,0,0.119182,0.987029,logprobs,DekaLLM
2410,63,-39,0,0,0,0.268999,0.98581,logprobs,DekaLLM
2411,63,-37,0,0,0,0.182457,0.984717,logprobs,DekaLLM
2412,63,-35,0,0,0,0.26901,0.983272,logprobs,DekaLLM
2413,63,-33,0,0,0,0.269076,0.980664,logprobs,DekaLLM
2414,63,-31,0,0,0,0.377572,0.97949,logprobs,DekaLLM
2415,63,-29,0,0,0,0.269009,0.986969,logprobs,DekaLLM
2416,63,-27,0,0,0,0.269076,0.979732,logprobs,DekaLLM
2417,63,-25,0,0,0,0.377749,0.982797,logprobs,DekaLLM
2418,63,-23,0,0,1,0.500084,0.986003,logprobs,DekaLLM
2419,63,-21,0,0,0,0.377702,0.981562,logprobs,DekaLLM
2420,63,-19,0,0,0,0.377619,0.980742,logprobs,DekaLLM
2421,63,-17,0,0,0,0.26901,0.977878,logprobs,DekaLLM
2422,63,-15,0,0,0,0.377749,0.979867,logprobs,DekaLLM
2423,63,-13,0,0,0,0.377698,0.981701,logprobs,DekaLLM
2424,63,-11,0,0,1,0.500135,0.977769,logprobs,DekaLLM
2425,63,-9,0,0,1,0.500189,0.979071,logprobs,DekaLLM
2426,63,-7,0,0,0,0.377667,0.982563,logprobs,DekaLLM
2427,63,-5,0,0,0,0.377749,0.980259,logprobs,DekaLLM
2428,63,-3,0,0,1,0.622586,0.979509,logprobs,DekaLLM
2429,63,-1,0,0,1,0.500189,0.98038,logprobs,DekaLLM
2430,63,1,0,0,0,0.377667,0.981175,logprobs,DekaLLM
2431,63,3,0,0,1,0.500135,0.973796,logprobs,DekaLLM
2432,63,5,0,0,1,0.500171,0.975525,logprobs,DekaLLM
2433,63,7,0,0,1,0.500168,0.978743,logprobs,DekaLLM
2434,63,9,1,1,1,0.622617,0.97812,logprobs,DekaLLM
2435,63,11,1,1,1,0.731139,0.973799,logprobs,DekaLLM
2436,63,13,1,1,1,0.731164,0.978267,logprobs,DekaLLM
2437,63,15,1,1,1,0.731153,0.987216,logprobs,DekaLLM
2438,63,17,1,1,1,0.622697,0.970892,logprobs,DekaLLM
2439,63,19,0,0,1,0.622586,0.974772,logprobs,DekaLLM
2440,63,21,0,0,1,0.500171,0.978884,logprobs,DekaLLM
2441,63,23,1,1,1,0.731139,0.980442,logprobs,DekaLLM
2442,63,25,1,1,1,0.731179,0.98195,logprobs,DekaLLM
2443,63,27,1,1,1,0.622617,0.975179,logprobs,DekaLLM
2444,63,29,1,1,1,0.500117,0.980066,logprobs,DekaLLM
2445,63,31,1,1,1,0.622586,0.974358,logprobs,DekaLLM
2446,63,33,1,1,1,0.731123,0.983424,logprobs,DekaLLM
2447,63,35,1,1,1,0.50022,0.97087,logprobs,DekaLLM
2448,63,37,1,1,1,0.622586,0.976189,logprobs,DekaLLM
2449,63,39,1,1,1,0.622604,0.982808,logprobs,DekaLLM
2450,63,41,1,1,1,0.622555,0.98148,logprobs,DekaLLM
2451,63,43,1,1,1,0.500135,0.976636,logprobs,DekaLLM
2452,63,45,1,1,1,0.500138,0.965044,logprobs,DekaLLM
2453,63,47,1,1,1,0.500168,0.978654,logprobs,DekaLLM
2454,63,49,1,1,1,0.500168,0.970145,logprobs,DekaLLM
2455,63,51,1,1,0,0.377671,0.967619,logprobs,DekaLLM
2456,63,53,1,1,1,0.500189,0.971024,logprobs,DekaLLM
2457,63,55,1,1,1,0.500135,0.981003,logprobs,DekaLLM
2458,63,57,1,1,0,0.377702,0.96668,logprobs,DekaLLM
2459,63,59,1,1,0,0.377749,0.962053,logprobs,DekaLLM
2460,63,61,1,1,0,0.269076,0.972615,logprobs,DekaLLM
2461,63,63,1,1,1,0.622637,0.96938,logprobs,DekaLLM
2462,63,65,1,1,0,0.377749,0.971696,logprobs,DekaLLM
2463,63,67,1,1,0,0.26905,0.973457,logprobs,DekaLLM
2464,63,69,1,1,0,0.377702,0.974575,logprobs,DekaLLM
2465,63,71,1,1,1,0.500117,0.969104,logprobs,DekaLLM
2466,63,73,1,1,1,0.500222,0.971133,logprobs,DekaLLM
2467,63,75,1,1,1,0.500104,0.977514,logprobs,DekaLLM
2468,63,77,1,1,1,0.622586,0.966053,logprobs,DekaLLM
2469,63,79,1,1,1,0.500138,0.969731,logprobs,DekaLLM
2470,63,81,1,1,1,0.500189,0.970007,logprobs,DekaLLM
2471,63,83,1,1,1,0.500168,0.969267,logprobs,DekaLLM
2472,63,85,1,1,1,0.500135,0.970647,logprobs,DekaLLM
2473,63,87,1,1,1,0.500084,0.968465,logprobs,DekaLLM
2474,63,89,1,1,0,0.377718,0.973035,logprobs,DekaLLM
2475,63,91,1,1,1,0.500138,0.975304,logprobs,DekaLLM
2476,63,93,1,1,0,0.377702,0.973353,logprobs,DekaLLM
2477,63,95,1,1,1,0.622604,0.981058,logprobs,DekaLLM
2478,63,97,1,1,1,0.500253,0.977171,logprobs,DekaLLM
2479,63,99,1,1,1,0.500135,0.970083,logprobs,DekaLLM
2480,63,101,1,1,1,0.731179,0.978576,logprobs,DekaLLM
2481,63,103,1,1,1,0.73119,0.971358,logprobs,DekaLLM
2482,63,105,1,1,1,0.731215,0.971701,logprobs,DekaLLM
2483,63,107,1,1,1,0.622697,0.970123,logprobs,DekaLLM
2484,63,109,1,1,1,0.622538,0.976641,logprobs,DekaLLM
2485,63,111,1,0,1,0.622615,0.972559,logprobs,DekaLLM
2486,63,113,1,1,1,0.622586,0.975126,logprobs,DekaLLM
2487,63,115,1,1,1,0.622538,0.982006,logprobs,DekaLLM
2488,63,117,1,1,1,0.500171,0.977445,logprobs,DekaLLM
2489,63,119,1,1,1,0.500253,0.978629,logprobs,DekaLLM
2490,63,121,1,1,1,0.622697,0.967339,logprobs,DekaLLM
2491,63,123,1,1,1,0.622697,0.963385,logprobs,DekaLLM
2492,63,125,1,1,1,0.731179,0.974917,logprobs,DekaLLM
2493,63,127,1,1,1,0.731153,0.984375,logprobs,DekaLLM
2494,63,129,1,1,1,0.73119,0.969018,logprobs,DekaLLM
2495,63,131,1,1,1,0.622617,0.963616,logprobs,DekaLLM
2496,63,133,1,1,1,0.731205,0.97309,logprobs,DekaLLM
2497,63,135,1,1,1,0.731215,0.962777,logprobs,DekaLLM
2498,63,137,1,1,1,0.731165,0.973167,logprobs,DekaLLM
2499,63,139,1,1,1,0.622617,0.966543,logprobs,DekaLLM
2500,63,141,1,1,1,0.817655,0.972393,logprobs,DekaLLM
2501,63,143,1,1,1,0.73119,0.971153,logprobs,DekaLLM
2502,63,145,1,1,1,0.731139,0.98017,logprobs,DekaLLM
2503,63,147,1,1,1,0.73119,0.962761,logprobs,DekaLLM
2504,63,149,1,1,1,0.731205,0.971498,logprobs,DekaLLM
2505,63,151,1,1,1,0.622697,0.974559,logprobs,DekaLLM
2506,63,153,1,1,1,0.500222,0.966547,logprobs,DekaLLM
2507,63,155,1,1,1,0.622668,0.962971,logprobs,DekaLLM
2508,63,157,1,1,1,0.500084,0.979095,logprobs,DekaLLM
2509,63,159,1,1,0,0.269026,0.980505,logprobs,DekaLLM
2510,63,161,1,1,0,0.377702,0.975699,logprobs,DekaLLM
2511,63,163,1,1,0,0.269076,0.979947,logprobs,DekaLLM
2512,63,165,1,1,0,0.18254,0.977907,logprobs,DekaLLM
2513,63,167,1,1,0,0.119232,0.982922,logprobs,DekaLLM
2514,63,169,1,1,0,0.119227,0.978581,logprobs,DekaLLM
2515,63,171,1,1,0,0.269076,0.97581,logprobs,DekaLLM
2516,63,173,1,1,0,0.11924,0.981436,logprobs,DekaLLM
2517,63,175,1,1,0,0.075844,0.987595,logprobs,DekaLLM
2518,63,177,1,1,0,0.047418,0.98739,logprobs,DekaLLM
2519,63,179,1,1,0,0.07585,0.987272,logprobs,DekaLLM
2520,61,-179,0,0,0,0.04742,0.986517,logprobs,DekaLLM
2521,61,-177,0,0,0,0.029307,0.985626,logprobs,DekaLLM
2522,61,-175,0,0,0,0.029309,0.99102,logprobs,DekaLLM
2523,61,-173,0,0,0,0.047413,0.986219,logprobs,DekaLLM
2524,61,-171,0,0,0,0.029307,0.987238,logprobs,DekaLLM
2525,61,-169,0,0,0,0.047442,0.988554,logprobs,DekaLLM
2526,61,-167,0,0,0,0.047417,0.985841,logprobs,DekaLLM
2527,61,-165,1,1,0,0.119182,0.981519,logprobs,DekaLLM
2528,61,-163,1,1,0,0.18254,0.983463,logprobs,DekaLLM
2529,61,-161,1,1,0,0.182457,0.986372,logprobs,DekaLLM
2530,61,-159,1,1,0,0.269076,0.977386,logprobs,DekaLLM
2531,61,-157,1,1,0,0.377691,0.98222,logprobs,DekaLLM
2532,61,-155,1,1,1,0.500104,0.983095,logprobs,DekaLLM
2533,61,-153,1,1,1,0.622567,0.979448,logprobs,DekaLLM
2534,61,-151,0,0,1,0.622697,0.976148,logprobs,DekaLLM
2535,61,-149,1,1,1,0.622585,0.985404,logprobs,DekaLLM
2536,61,-147,0,0,1,0.622604,0.983035,logprobs,DekaLLM
2537,61,-145,1,1,1,0.500222,0.974482,logprobs,DekaLLM
2538,61,-143,1,1,1,0.622567,0.980479,logprobs,DekaLLM
2539,61,-141,1,1,1,0.731163,0.982395,logprobs,DekaLLM
2540,61,-139,1,1,1,0.622697,0.970835,logprobs,DekaLLM
2541,61,-137,1,1,1,0.731179,0.980564,logprobs,DekaLLM
2542,61,-135,1,1,1,0.731164,0.976223,logprobs,DekaLLM
2543,61,-133,1,1,1,0.500199,0.977259,logprobs,DekaLLM
2544,61,-131,1,1,1,0.622615,0.97525,logprobs,DekaLLM
2545,61,-129,1,1,1,0.622615,0.973558,logprobs,DekaLLM
2546,61,-127,1,1,1,0.731179,0.9806,logprobs,DekaLLM
2547,61,-125,1,1,1,0.731139,0.982858,logprobs,DekaLLM
2548,61,-123,1,1,1,0.731179,0.982159,logprobs,DekaLLM
2549,61,-121,1,1,1,0.622615,0.97566,logprobs,DekaLLM
2550,61,-119,1,1,0,0.37772,0.980526,logprobs,DekaLLM
2551,61,-117,1,1,1,0.817666,0.981849,logprobs,DekaLLM
2552,61,-115,1,0,1,0.817655,0.978844,logprobs,DekaLLM
2553,61,-113,1,1,1,0.817666,0.978711,logprobs,DekaLLM
2554,61,-111,1,1,1,0.622666,0.979765,logprobs,DekaLLM
2555,61,-109,1,1,1,0.500253,0.975291,logprobs,DekaLLM
2556,61,-107,1,1,1,0.622604,0.978404,logprobs,DekaLLM
2557,61,-105,1,1,1,0.622604,0.981331,logprobs,DekaLLM
2558,61,-103,1,1,1,0.731179,0.977178,logprobs,DekaLLM
2559,61,-101,1,1,0,0.269076,0.975152,logprobs,DekaLLM
2560,61,-99,1,1,1,0.500135,0.981059,logprobs,DekaLLM
2561,61,-97,1,1,1,0.500253,0.982856,logprobs,DekaLLM
2562,61,-95,1,1,0,0.37772,0.976718,logprobs,DekaLLM
2563,61,-93,0,0,1,0.500135,0.981718,logprobs,DekaLLM
2564,61,-91,0,0,0,0.182528,0.980591,logprobs,DekaLLM
2565,61,-89,0,0,0,0.269076,0.978336,logprobs,DekaLLM
2566,61,-87,0,0,0,0.268967,0.983869,logprobs,DekaLLM
2567,61,-85,0,0,0,0.182507,0.985197,logprobs,DekaLLM
2568,61,-83,0,0,0,0.377749,0.976414,logprobs,DekaLLM
2569,61,-81,0,0,0,0.377667,0.977013,logprobs,DekaLLM
2570,61,-79,0,0,1,0.500168,0.979443,logprobs,DekaLLM
2571,61,-77,1,1,0,0.377619,0.978823,logprobs,DekaLLM
2572,61,-75,1,1,0,0.377667,0.978074,logprobs,DekaLLM
2573,61,-73,1,1,0,0.269076,0.973076,logprobs,DekaLLM
2574,61,-71,1,1,0,0.18256,0.972571,logprobs,DekaLLM
2575,61,-69,0,0,0,0.182377,0.972636,logprobs,DekaLLM
2576,61,-67,0,0,0,0.11924,0.975746,logprobs,DekaLLM
2577,61,-65,0,0,0,0.119169,0.979156,logprobs,DekaLLM
2578,61,-63,0,0,0,0.119227,0.983506,logprobs,DekaLLM
2579,61,-61,0,0,0,0.119169,0.985147,logprobs,DekaLLM
2580,61,-59,0,0,0,0.075839,0.98111,logprobs,DekaLLM
2581,61,-57,0,0,0,0.11924,0.98234,logprobs,DekaLLM
2582,61,-55,0,0,0,0.269049,0.984134,logprobs,DekaLLM
2583,61,-53,0,0,0,0.18254,0.98498,logprobs,DekaLLM
2584,61,-51,0,0,0,0.18254,0.985415,logprobs,DekaLLM
2585,61,-49,0,0,0,0.182459,0.98207,logprobs,DekaLLM
2586,61,-47,1,1,0,0.182507,0.986265,logprobs,DekaLLM
2587,61,-45,1,1,0,0.182445,0.984145,logprobs,DekaLLM
2588,61,-43,1,1,0,0.182528,0.982228,logprobs,DekaLLM
2589,61,-41,0,0,0,0.047417,0.980216,logprobs,DekaLLM
2590,61,-39,0,0,0,0.268943,0.982106,logprobs,DekaLLM
2591,61,-37,0,0,0,0.182459,0.984376,logprobs,DekaLLM
2592,61,-35,0,0,0,0.377619,0.977732,logprobs,DekaLLM
2593,61,-33,0,0,0,0.182457,0.98014,logprobs,DekaLLM
2594,61,-31,0,0,0,0.182457,0.98641,logprobs,DekaLLM
2595,61,-29,0,0,0,0.182457,0.984876,logprobs,DekaLLM
2596,61,-27,0,0,0,0.182457,0.985913,logprobs,DekaLLM
2597,61,-25,0,0,0,0.268983,0.983347,logprobs,DekaLLM
2598,61,-23,0,0,0,0.268967,0.981725,logprobs,DekaLLM
2599,61,-21,0,0,0,0.269023,0.987756,logprobs,DekaLLM
2600,61,-19,0,0,0,0.119174,0.985329,logprobs,DekaLLM
2601,61,-17,0,0,0,0.182395,0.978823,logprobs,DekaLLM
2602,61,-15,0,0,0,0.268967,0.982786,logprobs,DekaLLM
2603,61,-13,0,0,0,0.18249,0.984687,logprobs,DekaLLM
2604,61,-11,0,0,0,0.182377,0.983528,logprobs,DekaLLM
2605,61,-9,0,0,0,0.26901,0.981256,logprobs,DekaLLM
2606,61,-7,0,0,0,0.377619,0.980491,logprobs,DekaLLM
2607,61,-5,0,0,0,0.377667,0.984489,logprobs,DekaLLM
2608,61,-3,0,0,1,0.731153,0.983724,logprobs,DekaLLM
2609,61,-1,0,0,1,0.500084,0.985932,logprobs,DekaLLM
2610,61,1,0,0,0,0.377619,0.981067,logprobs,DekaLLM
2611,61,3,0,0,0,0.268983,0.98158,logprobs,DekaLLM
2612,61,5,1,1,0,0.377698,0.981851,logprobs,DekaLLM
2613,61,7,1,1,1,0.731164,0.982387,logprobs,DekaLLM
2614,61,9,1,1,1,0.817635,0.980168,logprobs,DekaLLM
2615,61,11,1,1,1,0.817635,0.971567,logprobs,DekaLLM
2616,61,13,1,1,1,0.73119,0.979308,logprobs,DekaLLM
2617,61,15,1,1,1,0.817635,0.980499,logprobs,DekaLLM
2618,61,17,1,1,1,0.622555,0.974207,logprobs,DekaLLM
2619,61,19,0,0,1,0.500168,0.977713,logprobs,DekaLLM
2620,61,21,0,0,1,0.622617,0.976955,logprobs,DekaLLM
2621,61,23,1,1,1,0.817635,0.985236,logprobs,DekaLLM
2622,61,25,1,1,1,0.924159,0.986552,logprobs,DekaLLM
2623,61,27,1,1,1,0.880845,0.980465,logprobs,DekaLLM
2624,61,29,1,1,1,0.500135,0.980846,logprobs,DekaLLM
2625,61,31,1,0,1,0.622604,0.984184,logprobs,DekaLLM
2626,61,33,1,1,1,0.622604,0.977942,logprobs,DekaLLM
2627,61,35,1,1,1,0.622617,0.97663,logprobs,DekaLLM
2628,61,37,1,1,1,0.622668,0.970135,logprobs,DekaLLM
2629,61,39,1,1,1,0.731179,0.979274,logprobs,DekaLLM
2630,61,41,1,1,1,0.622697,0.972039,logprobs,DekaLLM
2631,61,43,1,1,1,0.731164,0.973197,logprobs,DekaLLM
2632,61,45,1,1,1,0.622586,0.97643,logprobs,DekaLLM
2633,61,47,1,1,1,0.622586,0.976549,logprobs,DekaLLM
2634,61,49,1,1,1,0.500138,0.969667,logprobs,DekaLLM
2635,61,51,1,1,1,0.500138,0.971097,logprobs,DekaLLM
2636,61,53,1,1,1,0.500189,0.97112,logprobs,DekaLLM
2637,61,55,1,1,1,0.500222,0.969709,logprobs,DekaLLM
2638,61,57,1,1,1,0.500171,0.970909,logprobs,DekaLLM
2639,61,59,1,1,0,0.377749,0.977771,logprobs,DekaLLM
2640,61,61,1,1,1,0.500138,0.973821,logprobs,DekaLLM
2641,61,63,1,1,0,0.26905,0.971396,logprobs,DekaLLM
2642,61,65,1,1,0,0.377671,0.975998,logprobs,DekaLLM
2643,61,67,1,1,0,0.377619,0.976558,logprobs,DekaLLM
2644,61,69,1,1,1,0.500084,0.969468,logprobs,DekaLLM
2645,61,71,1,1,1,0.500171,0.968583,logprobs,DekaLLM
2646,61,73,1,1,1,0.622604,0.975654,logprobs,DekaLLM
2647,61,75,1,1,1,0.622697,0.968661,logprobs,DekaLLM
2648,61,77,1,1,1,0.731179,0.981922,logprobs,DekaLLM
2649,61,79,1,1,1,0.622555,0.978592,logprobs,DekaLLM
2650,61,81,1,1,1,0.622586,0.966522,logprobs,DekaLLM
2651,61,83,1,1,1,0.622586,0.975048,logprobs,DekaLLM
2652,61,85,1,1,1,0.500135,0.971645,logprobs,DekaLLM
2653,61,87,1,1,1,0.622586,0.976863,logprobs,DekaLLM
2654,61,89,1,1,1,0.500064,0.980227,logprobs,DekaLLM
2655,61,91,1,1,1,0.500104,0.980981,logprobs,DekaLLM
2656,61,93,1,1,1,0.622604,0.975788,logprobs,DekaLLM
2657,61,95,1,1,1,0.622586,0.976506,logprobs,DekaLLM
2658,61,97,1,1,1,0.622604,0.977054,logprobs,DekaLLM
2659,61,99,1,1,1,0.622615,0.976682,logprobs,DekaLLM
2660,61,101,1,1,1,0.73119,0.971469,logprobs,DekaLLM
2661,61,103,1,1,1,0.817635,0.981853,logprobs,DekaLLM
2662,61,105,1,1,1,0.880848,0.980394,logprobs,DekaLLM
2663,61,107,1,1,1,0.817686,0.972986,logprobs,DekaLLM
2664,61,109,1,1,1,0.731179,0.976696,logprobs,DekaLLM
2665,61,111,1,1,1,0.622586,0.975801,logprobs,DekaLLM
2666,61,113,1,1,1,0.622586,0.965331,logprobs,DekaLLM
2667,61,115,1,1,1,0.500135,0.976003,logprobs,DekaLLM
2668,61,117,1,1,1,0.622617,0.974641,logprobs,DekaLLM
2669,61,119,1,1,1,0.622668,0.964669,logprobs,DekaLLM
2670,61,121,1,1,1,0.622646,0.967333,logprobs,DekaLLM
2671,61,123,1,1,1,0.500168,0.961148,logprobs,DekaLLM
2672,61,125,1,1,1,0.731179,0.964331,logprobs,DekaLLM
2673,61,127,1,1,1,0.731164,0.960678,logprobs,DekaLLM
2674,61,129,1,1,1,0.731165,0.964441,logprobs,DekaLLM
2675,61,131,1,1,1,0.731179,0.981025,logprobs,DekaLLM
2676,61,133,1,1,1,0.731165,0.961762,logprobs,DekaLLM
2677,61,135,1,1,1,0.817635,0.975442,logprobs,DekaLLM
2678,61,137,1,1,1,0.731165,0.964334,logprobs,DekaLLM
2679,61,139,1,1,1,0.622604,0.981558,logprobs,DekaLLM
2680,61,141,1,1,1,0.731179,0.976964,logprobs,DekaLLM
2681,61,143,1,1,1,0.622668,0.970205,logprobs,DekaLLM
2682,61,145,1,1,1,0.622615,0.976195,logprobs,DekaLLM
2683,61,147,1,1,0,0.37765,0.973087,logprobs,DekaLLM
2684,61,149,1,1,1,0.500222,0.966054,logprobs,DekaLLM
2685,61,151,1,1,1,0.622646,0.974479,logprobs,DekaLLM
2686,61,153,1,1,0,0.377702,0.974425,logprobs,DekaLLM
2687,61,155,1,1,1,0.622538,0.975461,logprobs,DekaLLM
2688,61,157,0,0,0,0.377691,0.983359,logprobs,DekaLLM
2689,61,159,0,0,0,0.269116,0.980948,logprobs,DekaLLM
2690,61,161,1,1,0,0.37765,0.977129,logprobs,DekaLLM
2691,61,163,0,0,0,0.268983,0.978422,logprobs,DekaLLM
2692,61,165,1,1,0,0.119217,0.989205,logprobs,DekaLLM
2693,61,167,1,1,0,0.119227,0.981099,logprobs,DekaLLM
2694,61,169,1,1,0,0.075844,0.983379,logprobs,DekaLLM
2695,61,171,1,1,0,0.182377,0.974779,logprobs,DekaLLM
2696,61,173,0,0,0,0.047417,0.985177,logprobs,DekaLLM
2697,61,175,0,0,0,0.075835,0.983368,logprobs,DekaLLM
2698,61,177,0,0,0,0.075844,0.978727,logprobs,DekaLLM
2699,61,179,0,0,0,0.075844,0.980074,logprobs,DekaLLM
2700,59,-179,0,0,0,0.04742,0.984007,logprobs,DekaLLM
2701,59,-177,0,0,0,0.029309,0.990094,logprobs,DekaLLM
2702,59,-175,0,0,0,0.006692,0.989033,logprobs,DekaLLM
2703,59,-173,0,0,0,0.010984,0.987081,logprobs,DekaLLM
2704,59,-171,0,0,0,0.010985,0.990535,logprobs,DekaLLM
2705,59,-169,0,0,0,0.006692,0.990375,logprobs,DekaLLM
2706,59,-167,0,0,0,0.017983,0.988979,logprobs,DekaLLM
2707,59,-165,0,0,0,0.029307,0.986746,logprobs,DekaLLM
2708,59,-163,0,0,0,0.047417,0.985402,logprobs,DekaLLM
2709,59,-161,1,1,0,0.047417,0.988185,logprobs,DekaLLM
2710,59,-159,1,1,0,0.047411,0.985099,logprobs,DekaLLM
2711,59,-157,1,1,0,0.075844,0.988093,logprobs,DekaLLM
2712,59,-155,1,1,0,0.119169,0.982157,logprobs,DekaLLM
2713,59,-153,0,0,0,0.119217,0.98729,logprobs,DekaLLM
2714,59,-151,0,0,0,0.075844,0.986928,logprobs,DekaLLM
2715,59,-149,0,0,0,0.075844,0.98733,logprobs,DekaLLM
2716,59,-147,0,0,0,0.075839,0.985364,logprobs,DekaLLM
2717,59,-145,0,0,0,0.119209,0.988246,logprobs,DekaLLM
2718,59,-143,0,0,0,0.182459,0.980905,logprobs,DekaLLM
2719,59,-141,0,0,0,0.269121,0.977739,logprobs,DekaLLM
2720,59,-139,0,0,0,0.377671,0.982289,logprobs,DekaLLM
2721,59,-137,0,0,0,0.269023,0.988286,logprobs,DekaLLM
2722,59,-135,1,1,0,0.377619,0.983138,logprobs,DekaLLM
2723,59,-133,1,1,0,0.182528,0.979861,logprobs,DekaLLM
2724,59,-131,1,1,0,0.268943,0.982849,logprobs,DekaLLM
2725,59,-129,1,1,0,0.26901,0.974904,logprobs,DekaLLM
2726,59,-127,1,1,0,0.377718,0.981204,logprobs,DekaLLM
2727,59,-125,1,1,0,0.377671,0.980345,logprobs,DekaLLM
2728,59,-123,1,1,0,0.377718,0.980273,logprobs,DekaLLM
2729,59,-121,1,1,0,0.377619,0.981395,logprobs,DekaLLM
2730,59,-119,1,1,1,0.500171,0.97483,logprobs,DekaLLM
2731,59,-117,1,1,1,0.622666,0.974553,logprobs,DekaLLM
2732,59,-115,1,1,1,0.500202,0.982093,logprobs,DekaLLM
2733,59,-113,1,1,1,0.622604,0.97952,logprobs,DekaLLM
2734,59,-111,1,1,0,0.377671,0.983691,logprobs,DekaLLM
2735,59,-109,1,1,0,0.377702,0.97366,logprobs,DekaLLM
2736,59,-107,1,1,1,0.500084,0.979763,logprobs,DekaLLM
2737,59,-105,1,1,1,0.500171,0.980364,logprobs,DekaLLM
2738,59,-103,1,1,1,0.500171,0.975665,logprobs,DekaLLM
2739,59,-101,1,1,0,0.37772,0.981968,logprobs,DekaLLM
2740,59,-99,1,1,0,0.268983,0.986145,logprobs,DekaLLM
2741,59,-97,1,1,0,0.37772,0.981403,logprobs,DekaLLM
2742,59,-95,1,1,0,0.377749,0.983873,logprobs,DekaLLM
2743,59,-93,0,0,0,0.18254,0.986161,logprobs,DekaLLM
2744,59,-91,0,0,0,0.119227,0.980129,logprobs,DekaLLM
2745,59,-89,0,0,0,0.119174,0.984022,logprobs,DekaLLM
2746,59,-87,0,0,0,0.07585,0.980695,logprobs,DekaLLM
2747,59,-85,0,0,0,0.04742,0.985398,logprobs,DekaLLM
2748,59,-83,0,0,0,0.182478,0.972602,logprobs,DekaLLM
2749,59,-81,0,0,0,0.18254,0.985212,logprobs,DekaLLM
2750,59,-79,0,0,0,0.269036,0.983232,logprobs,DekaLLM
2751,59,-77,1,1,0,0.182377,0.982788,logprobs,DekaLLM
2752,59,-75,1,1,0,0.182445,0.988247,logprobs,DekaLLM
2753,59,-73,1,1,0,0.075839,0.983391,logprobs,DekaLLM
2754,59,-71,1,1,0,0.075844,0.987774,logprobs,DekaLLM
2755,59,-69,1,1,0,0.047417,0.979748,logprobs,DekaLLM
2756,59,-67,0,0,0,0.047413,0.978225,logprobs,DekaLLM
2757,59,-65,1,1,0,0.029309,0.987587,logprobs,DekaLLM
2758,59,-63,0,0,0,0.047411,0.979936,logprobs,DekaLLM
2759,59,-61,0,0,0,0.010986,0.988241,logprobs,DekaLLM
2760,59,-59,0,0,0,0.047417,0.985687,logprobs,DekaLLM
2761,59,-57,0,0,0,0.075844,0.988271,logprobs,DekaLLM
2762,59,-55,0,0,0,0.047411,0.983085,logprobs,DekaLLM
2763,59,-53,0,0,0,0.047417,0.985297,logprobs,DekaLLM
2764,59,-51,0,0,0,0.075839,0.984055,logprobs,DekaLLM
2765,59,-49,0,0,0,0.029307,0.980169,logprobs,DekaLLM
2766,59,-47,0,0,0,0.017984,0.986868,logprobs,DekaLLM
2767,59,-45,0,0,0,0.075839,0.980013,logprobs,DekaLLM
2768,59,-43,0,0,0,0.017983,0.98659,logprobs,DekaLLM
2769,59,-41,0,0,0,0.017983,0.986342,logprobs,DekaLLM
2770,59,-39,0,0,0,0.119169,0.979732,logprobs,DekaLLM
2771,59,-37,0,0,0,0.04742,0.986166,logprobs,DekaLLM
2772,59,-35,0,0,0,0.075846,0.987905,logprobs,DekaLLM
2773,59,-33,0,0,0,0.029304,0.9795,logprobs,DekaLLM
2774,59,-31,0,0,0,0.075839,0.980629,logprobs,DekaLLM
2775,59,-29,0,0,0,0.029309,0.991456,logprobs,DekaLLM
2776,59,-27,0,0,0,0.017981,0.982691,logprobs,DekaLLM
2777,59,-25,0,0,0,0.017983,0.984449,logprobs,DekaLLM
2778,59,-23,0,0,0,0.047418,0.988914,logprobs,DekaLLM
2779,59,-21,0,0,0,0.029307,0.986743,logprobs,DekaLLM
2780,59,-19,0,0,0,0.029307,0.985184,logprobs,DekaLLM
2781,59,-17,0,0,0,0.047417,0.985458,logprobs,DekaLLM
2782,59,-15,0,0,0,0.075835,0.981154,logprobs,DekaLLM
2783,59,-13,0,0,0,0.047417,0.977724,logprobs,DekaLLM
2784,59,-11,0,0,0,0.017982,0.986709,logprobs,DekaLLM
2785,59,-9,0,0,0,0.047422,0.986186,logprobs,DekaLLM
2786,59,-7,0,0,0,0.075844,0.987412,logprobs,DekaLLM
2787,59,-5,0,0,0,0.119177,0.989179,logprobs,DekaLLM
2788,59,-3,0,0,1,0.622586,0.986523,logprobs,DekaLLM
2789,59,-1,0,0,0,0.268983,0.985738,logprobs,DekaLLM
2790,59,1,0,0,0,0.182389,0.981417,logprobs,DekaLLM
2791,59,3,0,0,0,0.07585,0.980533,logprobs,DekaLLM
2792,59,5,0,0,0,0.269049,0.983392,logprobs,DekaLLM
2793,59,7,1,1,0,0.377698,0.983572,logprobs,DekaLLM
2794,59,9,1,1,1,0.500168,0.984521,logprobs,DekaLLM
2795,59,11,0,0,1,0.622586,0.984989,logprobs,DekaLLM
2796,59,13,1,0,1,0.622617,0.981078,logprobs,DekaLLM
2797,59,15,1,1,1,0.622555,0.987058,logprobs,DekaLLM
2798,59,17,1,1,1,0.622617,0.97781,logprobs,DekaLLM
2799,59,19,0,0,1,0.500117,0.980388,logprobs,DekaLLM
2800,59,21,0,0,1,0.500084,0.981691,logprobs,DekaLLM
2801,59,23,0,0,1,0.622586,0.974537,logprobs,DekaLLM
2802,59,25,1,1,1,0.731179,0.981625,logprobs,DekaLLM
2803,59,27,1,1,1,0.622586,0.982166,logprobs,DekaLLM
2804,59,29,1,1,1,0.500171,0.974895,logprobs,DekaLLM
2805,59,31,1,1,1,0.622646,0.973467,logprobs,DekaLLM
2806,59,33,1,1,1,0.500166,0.981194,logprobs,DekaLLM
2807,59,35,1,1,1,0.500168,0.974428,logprobs,DekaLLM
2808,59,37,1,1,1,0.500171,0.977174,logprobs,DekaLLM
2809,59,39,1,1,1,0.731153,0.980028,logprobs,DekaLLM
2810,59,41,1,1,1,0.622617,0.97913,logprobs,DekaLLM
2811,59,43,1,1,1,0.622586,0.977454,logprobs,DekaLLM
2812,59,45,1,1,1,0.622646,0.973699,logprobs,DekaLLM
2813,59,47,1,1,1,0.622697,0.973678,logprobs,DekaLLM
2814,59,49,1,1,1,0.622586,0.978836,logprobs,DekaLLM
2815,59,51,1,1,1,0.500171,0.96907,logprobs,DekaLLM
2816,59,53,1,1,1,0.50022,0.978454,logprobs,DekaLLM
2817,59,55,1,1,0,0.377702,0.973051,logprobs,DekaLLM
2818,59,57,1,1,0,0.377702,0.965723,logprobs,DekaLLM
2819,59,59,1,1,0,0.377671,0.97446,logprobs,DekaLLM
2820,59,61,1,1,0,0.182511,0.970313,logprobs,DekaLLM
2821,59,63,1,1,0,0.269076,0.972952,logprobs,DekaLLM
2822,59,65,1,1,0,0.269116,0.972576,logprobs,DekaLLM
2823,59,67,1,1,0,0.377623,0.975742,logprobs,DekaLLM
2824,59,69,1,1,0,0.377671,0.963602,logprobs,DekaLLM
2825,59,71,1,1,1,0.500135,0.971695,logprobs,DekaLLM
2826,59,73,1,1,1,0.500168,0.977099,logprobs,DekaLLM
2827,59,75,1,1,1,0.500084,0.972144,logprobs,DekaLLM
2828,59,77,1,1,1,0.622697,0.977392,logprobs,DekaLLM
2829,59,79,1,1,1,0.500135,0.984326,logprobs,DekaLLM
2830,59,81,1,1,1,0.500166,0.978291,logprobs,DekaLLM
2831,59,83,1,1,1,0.622615,0.976488,logprobs,DekaLLM
2832,59,85,1,1,1,0.622615,0.972677,logprobs,DekaLLM
2833,59,87,1,1,1,0.500222,0.968958,logprobs,DekaLLM
2834,59,89,1,1,0,0.377749,0.972311,logprobs,DekaLLM
2835,59,91,1,1,1,0.500169,0.978711,logprobs,DekaLLM
2836,59,93,1,1,1,0.500166,0.977519,logprobs,DekaLLM
2837,59,95,1,1,1,0.500253,0.980313,logprobs,DekaLLM
2838,59,97,1,1,1,0.622697,0.981225,logprobs,DekaLLM
2839,59,99,1,1,1,0.622697,0.973707,logprobs,DekaLLM
2840,59,101,1,1,1,0.622615,0.976553,logprobs,DekaLLM
2841,59,103,1,1,1,0.73119,0.969815,logprobs,DekaLLM
2842,59,105,1,1,1,0.731189,0.979343,logprobs,DekaLLM
2843,59,107,1,1,1,0.500222,0.976255,logprobs,DekaLLM
2844,59,109,1,1,1,0.622697,0.976379,logprobs,DekaLLM
2845,59,111,1,1,1,0.500135,0.9803,logprobs,DekaLLM
2846,59,113,1,1,1,0.500168,0.976036,logprobs,DekaLLM
2847,59,115,1,1,0,0.377619,0.981616,logprobs,DekaLLM
2848,59,117,1,1,1,0.500253,0.978264,logprobs,DekaLLM
2849,59,119,1,1,1,0.622646,0.965127,logprobs,DekaLLM
2850,59,121,1,1,0,0.377749,0.975267,logprobs,DekaLLM
2851,59,123,1,1,1,0.500135,0.976277,logprobs,DekaLLM
2852,59,125,1,1,1,0.731257,0.962769,logprobs,DekaLLM
2853,59,127,1,1,1,0.731139,0.977485,logprobs,DekaLLM
2854,59,129,1,1,1,0.817666,0.973745,logprobs,DekaLLM
2855,59,131,1,1,1,0.622668,0.97018,logprobs,DekaLLM
2856,59,133,1,1,1,0.622668,0.969574,logprobs,DekaLLM
2857,59,135,1,1,0,0.377749,0.9729,logprobs,DekaLLM
2858,59,137,1,1,0,0.377749,0.971976,logprobs,DekaLLM
2859,59,139,1,1,1,0.500084,0.980109,logprobs,DekaLLM
2860,59,141,1,1,0,0.377749,0.968676,logprobs,DekaLLM
2861,59,143,0,0,0,0.377749,0.97072,logprobs,DekaLLM
2862,59,145,0,0,0,0.11924,0.982578,logprobs,DekaLLM
2863,59,147,0,0,0,0.182445,0.984642,logprobs,DekaLLM
2864,59,149,0,0,0,0.182457,0.983427,logprobs,DekaLLM
2865,59,151,0,0,0,0.182509,0.984022,logprobs,DekaLLM
2866,59,153,0,0,0,0.182457,0.977593,logprobs,DekaLLM
2867,59,155,0,0,0,0.269066,0.982532,logprobs,DekaLLM
2868,59,157,0,0,0,0.377654,0.973915,logprobs,DekaLLM
2869,59,159,0,0,0,0.377572,0.980038,logprobs,DekaLLM
2870,59,161,1,1,0,0.18256,0.982944,logprobs,DekaLLM
2871,59,163,1,1,0,0.182445,0.983583,logprobs,DekaLLM
2872,59,165,0,0,0,0.075844,0.977845,logprobs,DekaLLM
2873,59,167,0,0,0,0.075835,0.983761,logprobs,DekaLLM
2874,59,169,0,0,0,0.047417,0.985898,logprobs,DekaLLM
2875,59,171,0,0,0,0.075839,0.979833,logprobs,DekaLLM
2876,59,173,0,0,0,0.017983,0.986185,logprobs,DekaLLM
2877,59,175,0,0,0,0.029307,0.987947,logprobs,DekaLLM
2878,59,177,0,0,0,0.029307,0.987691,logprobs,DekaLLM
2879,59,179,0,0,0,0.047413,0.982148,logprobs,DekaLLM
2880,57,-179,0,0,0,0.029309,0.990833,logprobs,DekaLLM
2881,57,-177,0,0,0,0.017984,0.992364,logprobs,DekaLLM
2882,57,-175,0,0,0,0.010984,0.988493,logprobs,DekaLLM
2883,57,-173,0,0,0,0.010986,0.991512,logprobs,DekaLLM
2884,57,-171,0,0,0,0.017984,0.993263,logprobs,DekaLLM
2885,57,-169,0,0,0,0.006692,0.992983,logprobs,DekaLLM
2886,57,-167,0,0,0,0.010985,0.981426,logprobs,DekaLLM
2887,57,-165,0,0,0,0.010985,0.987161,logprobs,DekaLLM
2888,57,-163,0,0,0,0.017983,0.988213,logprobs,DekaLLM
2889,57,-161,0,0,0,0.047417,0.988393,logprobs,DekaLLM
2890,57,-159,0,0,0,0.029307,0.984171,logprobs,DekaLLM
2891,57,-157,1,1,0,0.047417,0.98529,logprobs,DekaLLM
2892,57,-155,0,0,0,0.182427,0.984913,logprobs,DekaLLM
2893,57,-153,0,0,0,0.075844,0.983383,logprobs,DekaLLM
2894,57,-151,0,0,0,0.075835,0.973964,logprobs,DekaLLM
2895,57,-149,0,0,0,0.047417,0.987329,logprobs,DekaLLM
2896,57,-147,0,0,0,0.075844,0.985524,logprobs,DekaLLM
2897,57,-145,0,0,0,0.029307,0.984804,logprobs,DekaLLM
2898,57,-143,0,0,0,0.075839,0.985574,logprobs,DekaLLM
2899,57,-141,0,0,0,0.11919,0.977855,logprobs,DekaLLM
2900,57,-139,0,0,0,0.047417,0.987292,logprobs,DekaLLM
2901,57,-137,0,0,0,0.119248,0.983381,logprobs,DekaLLM
2902,57,-135,1,1,0,0.182459,0.982164,logprobs,DekaLLM
2903,57,-133,0,0,0,0.182457,0.98389,logprobs,DekaLLM
2904,57,-131,1,1,0,0.182478,0.980412,logprobs,DekaLLM
2905,57,-129,1,1,0,0.18254,0.983396,logprobs,DekaLLM
2906,57,-127,1,1,0,0.268967,0.980689,logprobs,DekaLLM
2907,57,-125,1,1,0,0.182478,0.978242,logprobs,DekaLLM
2908,57,-123,1,1,0,0.18249,0.98005,logprobs,DekaLLM
2909,57,-121,1,1,0,0.377671,0.975532,logprobs,DekaLLM
2910,57,-119,1,1,1,0.500084,0.974987,logprobs,DekaLLM
2911,57,-117,1,1,1,0.731179,0.981653,logprobs,DekaLLM
2912,57,-115,1,1,1,0.622604,0.98173,logprobs,DekaLLM
2913,57,-113,1,1,1,0.731179,0.981029,logprobs,DekaLLM
2914,57,-111,1,1,1,0.622604,0.979741,logprobs,DekaLLM
2915,57,-109,1,1,0,0.377749,0.976668,logprobs,DekaLLM
2916,57,-107,1,1,0,0.377572,0.978275,logprobs,DekaLLM
2917,57,-105,1,1,1,0.500166,0.980835,logprobs,DekaLLM
2918,57,-103,1,1,0,0.377702,0.966087,logprobs,DekaLLM
2919,57,-101,1,1,1,0.500117,0.974864,logprobs,DekaLLM
2920,57,-99,1,1,0,0.377667,0.978811,logprobs,DekaLLM
2921,57,-97,1,1,1,0.500166,0.982497,logprobs,DekaLLM
2922,57,-95,1,1,0,0.377702,0.975966,logprobs,DekaLLM
2923,57,-93,1,1,0,0.18254,0.982531,logprobs,DekaLLM
2924,57,-91,1,1,0,0.047417,0.983703,logprobs,DekaLLM
2925,57,-89,0,0,0,0.07585,0.987706,logprobs,DekaLLM
2926,57,-87,0,0,0,0.119177,0.983541,logprobs,DekaLLM
2927,57,-85,0,0,0,0.075844,0.987414,logprobs,DekaLLM
2928,57,-83,0,0,0,0.182457,0.984951,logprobs,DekaLLM
2929,57,-81,0,0,0,0.377667,0.977193,logprobs,DekaLLM
2930,57,-79,0,0,0,0.075844,0.980347,logprobs,DekaLLM
2931,57,-77,0,0,0,0.182478,0.980665,logprobs,DekaLLM
2932,57,-75,1,1,0,0.182395,0.977472,logprobs,DekaLLM
2933,57,-73,1,1,0,0.119182,0.982671,logprobs,DekaLLM
2934,57,-71,1,1,0,0.075835,0.974322,logprobs,DekaLLM
2935,57,-69,1,1,0,0.047417,0.984434,logprobs,DekaLLM
2936,57,-67,1,1,0,0.047417,0.983712,logprobs,DekaLLM
2937,57,-65,1,1,0,0.119169,0.975262,logprobs,DekaLLM
2938,57,-63,1,1,0,0.075835,0.980265,logprobs,DekaLLM
2939,57,-61,0,0,0,0.029307,0.985989,logprobs,DekaLLM
2940,57,-59,0,0,0,0.029307,0.984964,logprobs,DekaLLM
2941,57,-57,0,0,0,0.119174,0.987875,logprobs,DekaLLM
2942,57,-55,0,0,0,0.075839,0.980399,logprobs,DekaLLM
2943,57,-53,0,0,0,0.119174,0.985221,logprobs,DekaLLM
2944,57,-51,0,0,0,0.047417,0.989395,logprobs,DekaLLM
2945,57,-49,0,0,0,0.029307,0.988329,logprobs,DekaLLM
2946,57,-47,0,0,0,0.029307,0.984465,logprobs,DekaLLM
2947,57,-45,0,0,0,0.182478,0.973535,logprobs,DekaLLM
2948,57,-43,0,0,0,0.075844,0.975792,logprobs,DekaLLM
2949,57,-41,0,0,0,0.047413,0.977995,logprobs,DekaLLM
2950,57,-39,0,0,0,0.268983,0.982376,logprobs,DekaLLM
2951,57,-37,0,0,0,0.075844,0.987503,logprobs,DekaLLM
2952,57,-35,0,0,0,0.075844,0.980213,logprobs,DekaLLM
2953,57,-33,0,0,0,0.119169,0.979571,logprobs,DekaLLM
2954,57,-31,0,0,0,0.075839,0.983878,logprobs,DekaLLM
2955,57,-29,0,0,0,0.047413,0.977585,logprobs,DekaLLM
2956,57,-27,0,0,0,0.075844,0.985225,logprobs,DekaLLM
2957,57,-25,0,0,0,0.029309,0.985512,logprobs,DekaLLM
2958,57,-23,0,0,0,0.075844,0.979999,logprobs,DekaLLM
2959,57,-21,0,0,0,0.04742,0.984217,logprobs,DekaLLM
2960,57,-19,0,0,0,0.047417,0.978762,logprobs,DekaLLM
2961,57,-17,0,0,0,0.075883,0.986868,logprobs,DekaLLM
2962,57,-15,0,0,0,0.075844,0.979274,logprobs,DekaLLM
2963,57,-13,0,0,0,0.047417,0.986137,logprobs,DekaLLM
2964,57,-11,0,0,0,0.029305,0.981318,logprobs,DekaLLM
2965,57,-9,0,0,0,0.182377,0.978504,logprobs,DekaLLM
2966,57,-7,0,0,0,0.377698,0.98459,logprobs,DekaLLM
2967,57,-5,1,1,1,0.500168,0.981986,logprobs,DekaLLM
2968,57,-3,1,1,1,0.817655,0.983325,logprobs,DekaLLM
2969,57,-1,0,0,1,0.622586,0.980858,logprobs,DekaLLM
2970,57,1,0,0,1,0.500135,0.971385,logprobs,DekaLLM
2971,57,3,0,0,0,0.377667,0.976042,logprobs,DekaLLM
2972,57,5,0,0,1,0.500084,0.982072,logprobs,DekaLLM
2973,57,7,0,0,1,0.500135,0.975912,logprobs,DekaLLM
2974,57,9,1,1,1,0.500135,0.982565,logprobs,DekaLLM
2975,57,11,0,0,1,0.500135,0.983663,logprobs,DekaLLM
2976,57,13,1,1,1,0.622555,0.981746,logprobs,DekaLLM
2977,57,15,1,1,1,0.622586,0.980282,logprobs,DekaLLM
2978,57,17,0,0,1,0.500135,0.978641,logprobs,DekaLLM
2979,57,19,0,0,1,0.500117,0.981848,logprobs,DekaLLM
2980,57,21,0,0,1,0.500222,0.97931,logprobs,DekaLLM
2981,57,23,1,1,1,0.731164,0.97803,logprobs,DekaLLM
2982,57,25,1,1,1,0.88084,0.984319,logprobs,DekaLLM
2983,57,27,1,1,1,0.622646,0.970586,logprobs,DekaLLM
2984,57,29,1,1,1,0.500166,0.97819,logprobs,DekaLLM
2985,57,31,1,1,1,0.622586,0.97657,logprobs,DekaLLM
2986,57,33,1,1,1,0.622646,0.974211,logprobs,DekaLLM
2987,57,35,1,1,1,0.622586,0.972595,logprobs,DekaLLM
2988,57,37,1,1,1,0.622617,0.972616,logprobs,DekaLLM
2989,57,39,1,1,1,0.73119,0.969452,logprobs,DekaLLM
2990,57,41,1,1,1,0.500307,0.976514,logprobs,DekaLLM
2991,57,43,1,1,1,0.622617,0.962963,logprobs,DekaLLM
2992,57,45,1,1,1,0.622586,0.966588,logprobs,DekaLLM
2993,57,47,1,1,1,0.622646,0.974482,logprobs,DekaLLM
2994,57,49,1,1,1,0.731165,0.960494,logprobs,DekaLLM
2995,57,51,1,1,0,0.377749,0.975878,logprobs,DekaLLM
2996,57,53,1,1,1,0.500189,0.964948,logprobs,DekaLLM
2997,57,55,1,1,0,0.377702,0.964932,logprobs,DekaLLM
2998,57,57,1,1,0,0.377749,0.978898,logprobs,DekaLLM
2999,57,59,1,1,0,0.269076,0.973999,logprobs,DekaLLM
3000,57,61,1,1,0,0.377623,0.973903,logprobs,DekaLLM
3001,57,63,1,1,0,0.269076,0.973032,logprobs,DekaLLM
3002,57,65,1,1,0,0.377671,0.966562,logprobs,DekaLLM
3003,57,67,1,1,0,0.377718,0.975585,logprobs,DekaLLM
3004,57,69,1,1,1,0.500084,0.972427,logprobs,DekaLLM
3005,57,71,1,1,1,0.500222,0.957005,logprobs,DekaLLM
3006,57,73,1,1,1,0.500166,0.975606,logprobs,DekaLLM
3007,57,75,1,1,1,0.500166,0.972954,logprobs,DekaLLM
3008,57,77,1,1,1,0.622646,0.976524,logprobs,DekaLLM
3009,57,79,1,1,0,0.377797,0.968084,logprobs,DekaLLM
3010,57,81,1,1,1,0.622617,0.966618,logprobs,DekaLLM
3011,57,83,1,1,0,0.377749,0.972686,logprobs,DekaLLM
3012,57,85,1,1,1,0.500135,0.968965,logprobs,DekaLLM
3013,57,87,1,1,0,0.377667,0.981612,logprobs,DekaLLM
3014,57,89,1,1,0,0.182478,0.977835,logprobs,DekaLLM
3015,57,91,1,1,1,0.500135,0.967198,logprobs,DekaLLM
3016,57,93,1,1,1,0.500135,0.970543,logprobs,DekaLLM
3017,57,95,1,1,0,0.377667,0.978533,logprobs,DekaLLM
3018,57,97,1,1,1,0.500199,0.975893,logprobs,DekaLLM
3019,57,99,1,1,1,0.731215,0.973202,logprobs,DekaLLM
3020,57,101,1,1,1,0.622668,0.961878,logprobs,DekaLLM
3021,57,103,1,1,1,0.622617,0.971853,logprobs,DekaLLM
3022,57,105,1,1,1,0.622615,0.972933,logprobs,DekaLLM
3023,57,107,1,1,1,0.500273,0.966549,logprobs,DekaLLM
3024,57,109,1,1,0,0.377749,0.97592,logprobs,DekaLLM
3025,57,111,1,1,1,0.500222,0.965618,logprobs,DekaLLM
3026,57,113,1,1,1,0.500135,0.97059,logprobs,DekaLLM
3027,57,115,1,1,0,0.377749,0.961051,logprobs,DekaLLM
3028,57,117,1,1,1,0.622668,0.962561,logprobs,DekaLLM
3029,57,119,1,1,1,0.500135,0.965904,logprobs,DekaLLM
3030,57,121,1,1,1,0.500138,0.969806,logprobs,DekaLLM
3031,57,123,1,1,0,0.269076,0.973127,logprobs,DekaLLM
3032,57,125,1,1,1,0.500222,0.968526,logprobs,DekaLLM
3033,57,127,1,1,1,0.500222,0.968757,logprobs,DekaLLM
3034,57,129,1,1,1,0.622586,0.975727,logprobs,DekaLLM
3035,57,131,1,1,0,0.269076,0.972066,logprobs,DekaLLM
3036,57,133,1,1,0,0.269116,0.979254,logprobs,DekaLLM
3037,57,135,1,1,0,0.377702,0.973791,logprobs,DekaLLM
3038,57,137,1,1,0,0.377572,0.976935,logprobs,DekaLLM
3039,57,139,0,0,0,0.377572,0.971685,logprobs,DekaLLM
3040,57,141,0,0,1,0.500115,0.980188,logprobs,DekaLLM
3041,57,143,0,0,0,0.269023,0.979775,logprobs,DekaLLM
3042,57,145,0,0,0,0.075844,0.981776,logprobs,DekaLLM
3043,57,147,0,0,0,0.119182,0.979675,logprobs,DekaLLM
3044,57,149,0,0,0,0.07585,0.980572,logprobs,DekaLLM
3045,57,151,0,0,0,0.11919,0.977277,logprobs,DekaLLM
3046,57,153,0,0,0,0.182377,0.975081,logprobs,DekaLLM
3047,57,155,0,0,0,0.377619,0.979868,logprobs,DekaLLM
3048,57,157,1,1,0,0.182478,0.980001,logprobs,DekaLLM
3049,57,159,1,1,0,0.119169,0.973579,logprobs,DekaLLM
3050,57,161,1,1,0,0.182478,0.983912,logprobs,DekaLLM
3051,57,163,0,0,0,0.047413,0.979751,logprobs,DekaLLM
3052,57,165,0,0,0,0.017983,0.986398,logprobs,DekaLLM
3053,57,167,0,0,0,0.029307,0.986549,logprobs,DekaLLM
3054,57,169,0,0,0,0.029307,0.982174,logprobs,DekaLLM
3055,57,171,0,0,0,0.047417,0.973838,logprobs,DekaLLM
3056,57,173,0,0,0,0.029307,0.979072,logprobs,DekaLLM
3057,57,175,0,0,0,0.029309,0.982773,logprobs,DekaLLM
3058,57,177,0,0,0,0.029307,0.983155,logprobs,DekaLLM
3059,57,179,0,0,0,0.075839,0.984372,logprobs,DekaLLM
3060,55,-179,0,0,0,0.075839,0.981674,logprobs,DekaLLM
3061,55,-177,0,0,0,0.029309,0.985039,logprobs,DekaLLM
3062,55,-175,0,0,0,0.010986,0.991268,logprobs,DekaLLM
3063,55,-173,0,0,0,0.017983,0.988682,logprobs,DekaLLM
3064,55,-171,0,0,0,0.010986,0.988695,logprobs,DekaLLM
3065,55,-169,0,0,0,0.010985,0.984617,logprobs,DekaLLM
3066,55,-167,0,0,0,0.00407,0.989267,logprobs,DekaLLM
3067,55,-165,0,0,0,0.010985,0.990163,logprobs,DekaLLM
3068,55,-163,0,0,0,0.017983,0.991131,logprobs,DekaLLM
3069,55,-161,0,0,0,0.029307,0.987139,logprobs,DekaLLM
3070,55,-159,0,0,0,0.047413,0.980559,logprobs,DekaLLM
3071,55,-157,0,0,0,0.029307,0.989117,logprobs,DekaLLM
3072,55,-155,0,0,0,0.047413,0.984056,logprobs,DekaLLM
3073,55,-153,0,0,0,0.075844,0.986811,logprobs,DekaLLM
3074,55,-151,0,0,0,0.075844,0.984766,logprobs,DekaLLM
3075,55,-149,0,0,0,0.075844,0.984479,logprobs,DekaLLM
3076,55,-147,0,0,0,0.182407,0.984714,logprobs,DekaLLM
3077,55,-145,0,0,0,0.029307,0.985217,logprobs,DekaLLM
3078,55,-143,0,0,0,0.047418,0.988368,logprobs,DekaLLM
3079,55,-141,0,0,0,0.182445,0.976597,logprobs,DekaLLM
3080,55,-139,0,0,0,0.075835,0.986018,logprobs,DekaLLM
3081,55,-137,0,0,0,0.047417,0.980023,logprobs,DekaLLM
3082,55,-135,0,0,0,0.119232,0.98544,logprobs,DekaLLM
3083,55,-133,1,1,0,0.047417,0.988218,logprobs,DekaLLM
3084,55,-131,1,1,0,0.075844,0.972376,logprobs,DekaLLM
3085,55,-129,1,1,0,0.182446,0.985677,logprobs,DekaLLM
3086,55,-127,1,1,0,0.182445,0.9761,logprobs,DekaLLM
3087,55,-125,1,1,0,0.182528,0.982804,logprobs,DekaLLM
3088,55,-123,1,1,0,0.269023,0.983117,logprobs,DekaLLM
3089,55,-121,1,1,1,0.500253,0.976253,logprobs,DekaLLM
3090,55,-119,1,1,1,0.731153,0.980912,logprobs,DekaLLM
3091,55,-117,1,1,1,0.880845,0.977147,logprobs,DekaLLM
3092,55,-115,1,1,1,0.817646,0.979159,logprobs,DekaLLM
3093,55,-113,1,1,1,0.880845,0.972094,logprobs,DekaLLM
3094,55,-111,1,1,1,0.817666,0.97599,logprobs,DekaLLM
3095,55,-109,1,1,1,0.622646,0.975519,logprobs,DekaLLM
3096,55,-107,1,1,1,0.731138,0.985881,logprobs,DekaLLM
3097,55,-105,1,0,1,0.731179,0.979977,logprobs,DekaLLM
3098,55,-103,1,1,1,0.731139,0.985419,logprobs,DekaLLM
3099,55,-101,1,1,1,0.731179,0.978565,logprobs,DekaLLM
3100,55,-99,1,1,1,0.622538,0.982283,logprobs,DekaLLM
3101,55,-97,1,1,1,0.731139,0.983074,logprobs,DekaLLM
3102,55,-95,1,1,1,0.622604,0.986592,logprobs,DekaLLM
3103,55,-93,1,1,0,0.269116,0.979261,logprobs,DekaLLM
3104,55,-91,1,1,0,0.119217,0.985524,logprobs,DekaLLM
3105,55,-89,1,1,0,0.268967,0.983426,logprobs,DekaLLM
3106,55,-87,1,1,0,0.075844,0.981296,logprobs,DekaLLM
3107,55,-85,1,1,0,0.182528,0.986965,logprobs,DekaLLM
3108,55,-83,1,1,0,0.377749,0.98266,logprobs,DekaLLM
3109,55,-81,0,0,0,0.182495,0.985617,logprobs,DekaLLM
3110,55,-79,0,0,0,0.269023,0.986391,logprobs,DekaLLM
3111,55,-77,1,1,0,0.268959,0.984079,logprobs,DekaLLM
3112,55,-75,1,1,0,0.269076,0.979928,logprobs,DekaLLM
3113,55,-73,1,0,0,0.182427,0.979987,logprobs,DekaLLM
3114,55,-71,1,1,0,0.047411,0.975936,logprobs,DekaLLM
3115,55,-69,1,1,0,0.047417,0.98692,logprobs,DekaLLM
3116,55,-67,1,1,0,0.119182,0.97826,logprobs,DekaLLM
3117,55,-65,1,1,0,0.075839,0.979359,logprobs,DekaLLM
3118,55,-63,1,1,0,0.075844,0.986423,logprobs,DekaLLM
3119,55,-61,1,1,0,0.017984,0.986042,logprobs,DekaLLM
3120,55,-59,1,1,0,0.017984,0.990914,logprobs,DekaLLM
3121,55,-57,0,0,0,0.029307,0.985205,logprobs,DekaLLM
3122,55,-55,0,0,0,0.04742,0.987081,logprobs,DekaLLM
3123,55,-53,0,0,0,0.047418,0.986624,logprobs,DekaLLM
3124,55,-51,0,0,0,0.029309,0.986906,logprobs,DekaLLM
3125,55,-49,0,0,0,0.017983,0.985377,logprobs,DekaLLM
3126,55,-47,0,0,0,0.075839,0.978959,logprobs,DekaLLM
3127,55,-45,0,0,0,0.269023,0.986914,logprobs,DekaLLM
3128,55,-43,0,0,0,0.11919,0.976411,logprobs,DekaLLM
3129,55,-41,0,0,0,0.047418,0.988252,logprobs,DekaLLM
3130,55,-39,0,0,0,0.119182,0.977263,logprobs,DekaLLM
3131,55,-37,0,0,0,0.182495,0.98279,logprobs,DekaLLM
3132,55,-35,0,0,0,0.075844,0.985307,logprobs,DekaLLM
3133,55,-33,0,0,0,0.07585,0.97806,logprobs,DekaLLM
3134,55,-31,0,0,0,0.029307,0.983614,logprobs,DekaLLM
3135,55,-29,0,0,0,0.029309,0.988429,logprobs,DekaLLM
3136,55,-27,0,0,0,0.017984,0.989848,logprobs,DekaLLM
3137,55,-25,0,0,0,0.029309,0.988306,logprobs,DekaLLM
3138,55,-23,0,0,0,0.017984,0.987954,logprobs,DekaLLM
3139,55,-21,0,0,0,0.017983,0.982546,logprobs,DekaLLM
3140,55,-19,0,0,0,0.029307,0.986456,logprobs,DekaLLM
3141,55,-17,0,0,0,0.029309,0.988467,logprobs,DekaLLM
3142,55,-15,0,0,0,0.047417,0.982739,logprobs,DekaLLM
3143,55,-13,0,0,0,0.047417,0.981809,logprobs,DekaLLM
3144,55,-11,0,0,0,0.017984,0.979048,logprobs,DekaLLM
3145,55,-9,0,0,0,0.047418,0.989772,logprobs,DekaLLM
3146,55,-7,1,1,0,0.268983,0.986372,logprobs,DekaLLM
3147,55,-5,1,1,0,0.268983,0.986919,logprobs,DekaLLM
3148,55,-3,1,1,1,0.924174,0.984733,logprobs,DekaLLM
3149,55,-1,0,0,1,0.73119,0.978225,logprobs,DekaLLM
3150,55,1,0,0,0,0.377749,0.971357,logprobs,DekaLLM
3151,55,3,0,0,0,0.182471,0.982016,logprobs,DekaLLM
3152,55,5,0,0,0,0.377638,0.986128,logprobs,DekaLLM
3153,55,7,0,0,1,0.622567,0.982508,logprobs,DekaLLM
3154,55,9,1,1,1,0.500117,0.980584,logprobs,DekaLLM
3155,55,11,0,0,1,0.500168,0.983173,logprobs,DekaLLM
3156,55,13,0,0,1,0.500135,0.983745,logprobs,DekaLLM
3157,55,15,1,1,1,0.622586,0.981564,logprobs,DekaLLM
3158,55,17,0,0,1,0.731153,0.979323,logprobs,DekaLLM
3159,55,19,0,0,0,0.377749,0.977324,logprobs,DekaLLM
3160,55,21,0,0,1,0.500104,0.97969,logprobs,DekaLLM
3161,55,23,1,1,1,0.817666,0.968816,logprobs,DekaLLM
3162,55,25,1,1,1,0.817655,0.967918,logprobs,DekaLLM
3163,55,27,1,1,1,0.817686,0.971007,logprobs,DekaLLM
3164,55,29,1,1,1,0.622646,0.976571,logprobs,DekaLLM
3165,55,31,1,1,1,0.622573,0.977883,logprobs,DekaLLM
3166,55,33,1,1,1,0.731179,0.973462,logprobs,DekaLLM
3167,55,35,1,1,1,0.817686,0.976557,logprobs,DekaLLM
3168,55,37,1,1,1,0.924165,0.979204,logprobs,DekaLLM
3169,55,39,1,1,1,0.817655,0.974327,logprobs,DekaLLM
3170,55,41,1,1,1,0.817635,0.977783,logprobs,DekaLLM
3171,55,43,1,1,1,0.817623,0.981595,logprobs,DekaLLM
3172,55,45,1,1,1,0.622615,0.966083,logprobs,DekaLLM
3173,55,47,1,1,1,0.731189,0.960122,logprobs,DekaLLM
3174,55,49,1,0,1,0.817635,0.978245,logprobs,DekaLLM
3175,55,51,1,1,1,0.500273,0.953381,logprobs,DekaLLM
3176,55,53,1,1,1,0.50022,0.976234,logprobs,DekaLLM
3177,55,55,1,1,1,0.500222,0.971909,logprobs,DekaLLM
3178,55,57,1,1,0,0.377702,0.965282,logprobs,DekaLLM
3179,55,59,1,1,0,0.377702,0.97317,logprobs,DekaLLM
3180,55,61,1,1,1,0.500171,0.978324,logprobs,DekaLLM
3181,55,63,1,1,0,0.377671,0.975228,logprobs,DekaLLM
3182,55,65,1,1,0,0.377749,0.96555,logprobs,DekaLLM
3183,55,67,1,1,0,0.269081,0.960435,logprobs,DekaLLM
3184,55,69,1,1,1,0.731215,0.971581,logprobs,DekaLLM
3185,55,71,1,1,1,0.731215,0.960773,logprobs,DekaLLM
3186,55,73,1,1,1,0.731164,0.979082,logprobs,DekaLLM
3187,55,75,1,1,1,0.731273,0.95404,logprobs,DekaLLM
3188,55,77,1,1,1,0.817666,0.973845,logprobs,DekaLLM
3189,55,79,1,1,1,0.622617,0.976748,logprobs,DekaLLM
3190,55,81,1,1,1,0.731205,0.969005,logprobs,DekaLLM
3191,55,83,1,1,1,0.731153,0.967957,logprobs,DekaLLM
3192,55,85,1,1,1,0.731205,0.974135,logprobs,DekaLLM
3193,55,87,1,1,1,0.731179,0.973747,logprobs,DekaLLM
3194,55,89,1,1,1,0.731189,0.970454,logprobs,DekaLLM
3195,55,91,1,1,1,0.622646,0.971056,logprobs,DekaLLM
3196,55,93,1,1,1,0.817666,0.977174,logprobs,DekaLLM
3197,55,95,1,1,1,0.622637,0.971831,logprobs,DekaLLM
3198,55,97,1,1,1,0.622615,0.981426,logprobs,DekaLLM
3199,55,99,1,1,1,0.731189,0.971287,logprobs,DekaLLM
3200,55,101,1,1,1,0.73119,0.969379,logprobs,DekaLLM
3201,55,103,1,1,1,0.817693,0.968593,logprobs,DekaLLM
3202,55,105,1,1,1,0.817666,0.972898,logprobs,DekaLLM
3203,55,107,1,1,1,0.731205,0.971656,logprobs,DekaLLM
3204,55,109,1,0,1,0.622586,0.973121,logprobs,DekaLLM
3205,55,111,1,1,1,0.500276,0.951927,logprobs,DekaLLM
3206,55,113,1,1,1,0.731179,0.978796,logprobs,DekaLLM
3207,55,115,1,1,1,0.622586,0.968129,logprobs,DekaLLM
3208,55,117,1,1,1,0.731205,0.960865,logprobs,DekaLLM
3209,55,119,1,1,1,0.731179,0.975892,logprobs,DekaLLM
3210,55,121,1,1,1,0.500273,0.970029,logprobs,DekaLLM
3211,55,123,1,1,0,0.377572,0.96586,logprobs,DekaLLM
3212,55,125,1,1,1,0.500222,0.969491,logprobs,DekaLLM
3213,55,127,1,1,1,0.622697,0.974086,logprobs,DekaLLM
3214,55,129,1,1,0,0.377749,0.980408,logprobs,DekaLLM
3215,55,131,1,1,1,0.500189,0.969,logprobs,DekaLLM
3216,55,133,1,1,0,0.269026,0.977306,logprobs,DekaLLM
3217,55,135,1,1,1,0.500171,0.977231,logprobs,DekaLLM
3218,55,137,1,1,0,0.377667,0.968789,logprobs,DekaLLM
3219,55,139,0,0,0,0.269147,0.970041,logprobs,DekaLLM
3220,55,141,0,0,1,0.622615,0.972553,logprobs,DekaLLM
3221,55,143,0,0,0,0.269007,0.979314,logprobs,DekaLLM
3222,55,145,0,0,0,0.377619,0.975721,logprobs,DekaLLM
3223,55,147,0,0,0,0.18254,0.982465,logprobs,DekaLLM
3224,55,149,0,0,0,0.18254,0.983558,logprobs,DekaLLM
3225,55,151,0,0,0,0.119182,0.97721,logprobs,DekaLLM
3226,55,153,0,0,0,0.182478,0.976697,logprobs,DekaLLM
3227,55,155,0,0,0,0.26905,0.984567,logprobs,DekaLLM
3228,55,157,1,1,0,0.269076,0.978734,logprobs,DekaLLM
3229,55,159,1,1,0,0.182542,0.977925,logprobs,DekaLLM
3230,55,161,1,1,0,0.268983,0.982106,logprobs,DekaLLM
3231,55,163,0,0,0,0.119169,0.974763,logprobs,DekaLLM
3232,55,165,0,0,0,0.075839,0.977616,logprobs,DekaLLM
3233,55,167,0,0,0,0.029307,0.982636,logprobs,DekaLLM
3234,55,169,0,0,0,0.047413,0.978951,logprobs,DekaLLM
3235,55,171,0,0,0,0.029307,0.986318,logprobs,DekaLLM
3236,55,173,0,0,0,0.017984,0.986366,logprobs,DekaLLM
3237,55,175,0,0,0,0.029309,0.986364,logprobs,DekaLLM
3238,55,177,0,0,0,0.047417,0.979932,logprobs,DekaLLM
3239,55,179,0,0,0,0.075844,0.982937,logprobs,DekaLLM
3240,53,-179,0,0,0,0.047417,0.985663,logprobs,DekaLLM
3241,53,-177,0,0,0,0.017984,0.991847,logprobs,DekaLLM
3242,53,-175,0,0,0,0.010986,0.989807,logprobs,DekaLLM
3243,53,-173,0,0,0,0.006692,0.989871,logprobs,DekaLLM
3244,53,-171,0,0,0,0.010986,0.986853,logprobs,DekaLLM
3245,53,-169,0,0,0,0.010985,0.991749,logprobs,DekaLLM
3246,53,-167,0,0,0,0.017983,0.984874,logprobs,DekaLLM
3247,53,-165,0,0,0,0.010986,0.989884,logprobs,DekaLLM
3248,53,-163,0,0,0,0.017982,0.986523,logprobs,DekaLLM
3249,53,-161,0,0,0,0.017983,0.985335,logprobs,DekaLLM
3250,53,-159,0,0,0,0.029307,0.986208,logprobs,DekaLLM
3251,53,-157,0,0,0,0.029307,0.986753,logprobs,DekaLLM
3252,53,-155,0,0,0,0.047417,0.989184,logprobs,DekaLLM
3253,53,-153,0,0,0,0.047411,0.981373,logprobs,DekaLLM
3254,53,-151,0,0,0,0.047413,0.9806,logprobs,DekaLLM
3255,53,-149,0,0,0,0.075839,0.980057,logprobs,DekaLLM
3256,53,-147,0,0,0,0.182427,0.984916,logprobs,DekaLLM
3257,53,-145,0,0,0,0.029307,0.988465,logprobs,DekaLLM
3258,53,-143,0,0,0,0.047417,0.982541,logprobs,DekaLLM
3259,53,-141,0,0,0,0.075844,0.973032,logprobs,DekaLLM
3260,53,-139,0,0,0,0.119182,0.970058,logprobs,DekaLLM
3261,53,-137,0,0,0,0.047417,0.985741,logprobs,DekaLLM
3262,53,-135,0,0,0,0.075844,0.984621,logprobs,DekaLLM
3263,53,-133,0,0,0,0.075844,0.97578,logprobs,DekaLLM
3264,53,-131,0,0,0,0.119227,0.982848,logprobs,DekaLLM
3265,53,-129,1,1,0,0.268999,0.984036,logprobs,DekaLLM
3266,53,-127,1,1,0,0.37772,0.984979,logprobs,DekaLLM
3267,53,-125,1,1,0,0.37765,0.982208,logprobs,DekaLLM
3268,53,-123,1,1,1,0.500222,0.980736,logprobs,DekaLLM
3269,53,-121,1,1,1,0.731123,0.981862,logprobs,DekaLLM
3270,53,-119,1,1,1,0.817635,0.980385,logprobs,DekaLLM
3271,53,-117,1,1,1,0.924194,0.976212,logprobs,DekaLLM
3272,53,-115,1,1,1,0.880836,0.984156,logprobs,DekaLLM
3273,53,-113,1,1,1,0.95259,0.985376,logprobs,DekaLLM
3274,53,-111,1,1,1,0.924174,0.985304,logprobs,DekaLLM
3275,53,-109,1,1,1,0.817666,0.980735,logprobs,DekaLLM
3276,53,-107,1,1,1,0.817666,0.983736,logprobs,DekaLLM
3277,53,-105,1,1,1,0.924168,0.987656,logprobs,DekaLLM
3278,53,-103,1,1,1,0.817666,0.985034,logprobs,DekaLLM
3279,53,-101,1,1,1,0.817646,0.984504,logprobs,DekaLLM
3280,53,-99,1,1,1,0.622604,0.980038,logprobs,DekaLLM
3281,53,-97,1,1,1,0.731189,0.978273,logprobs,DekaLLM
3282,53,-95,1,1,1,0.622646,0.976436,logprobs,DekaLLM
3283,53,-93,1,0,1,0.500166,0.980627,logprobs,DekaLLM
3284,53,-91,1,1,0,0.182446,0.987316,logprobs,DekaLLM
3285,53,-89,1,1,0,0.269023,0.988472,logprobs,DekaLLM
3286,53,-87,1,1,0,0.11919,0.985074,logprobs,DekaLLM
3287,53,-85,1,1,0,0.182478,0.980387,logprobs,DekaLLM
3288,53,-83,1,1,0,0.119169,0.977201,logprobs,DekaLLM
3289,53,-81,1,1,0,0.18254,0.985734,logprobs,DekaLLM
3290,53,-79,0,0,0,0.377667,0.986409,logprobs,DekaLLM
3291,53,-77,1,1,0,0.377638,0.984656,logprobs,DekaLLM
3292,53,-75,1,1,0,0.377718,0.979647,logprobs,DekaLLM
3293,53,-73,1,1,0,0.377749,0.984035,logprobs,DekaLLM
3294,53,-71,1,1,0,0.075844,0.98772,logprobs,DekaLLM
3295,53,-69,1,1,0,0.182427,0.979226,logprobs,DekaLLM
3296,53,-67,1,1,0,0.075841,0.986751,logprobs,DekaLLM
3297,53,-65,1,1,0,0.119217,0.986859,logprobs,DekaLLM
3298,53,-63,1,1,0,0.119182,0.988262,logprobs,DekaLLM
3299,53,-61,1,1,0,0.017984,0.984551,logprobs,DekaLLM
3300,53,-59,1,1,0,0.029307,0.987007,logprobs,DekaLLM
3301,53,-57,1,1,0,0.075844,0.986742,logprobs,DekaLLM
3302,53,-55,0,0,0,0.047411,0.983306,logprobs,DekaLLM
3303,53,-53,0,0,0,0.047417,0.982777,logprobs,DekaLLM
3304,53,-51,0,0,0,0.047417,0.98354,logprobs,DekaLLM
3305,53,-49,0,0,0,0.017983,0.983806,logprobs,DekaLLM
3306,53,-47,0,0,0,0.029307,0.980371,logprobs,DekaLLM
3307,53,-45,0,0,0,0.11924,0.984382,logprobs,DekaLLM
3308,53,-43,0,0,0,0.029307,0.987597,logprobs,DekaLLM
3309,53,-41,0,0,0,0.029307,0.979804,logprobs,DekaLLM
3310,53,-39,0,0,0,0.029307,0.986327,logprobs,DekaLLM
3311,53,-37,0,0,0,0.02931,0.984493,logprobs,DekaLLM
3312,53,-35,0,0,0,0.029307,0.981511,logprobs,DekaLLM
3313,53,-33,0,0,0,0.029307,0.98262,logprobs,DekaLLM
3314,53,-31,0,0,0,0.047417,0.9861,logprobs,DekaLLM
3315,53,-29,0,0,0,0.047417,0.985387,logprobs,DekaLLM
3316,53,-27,0,0,0,0.017984,0.989505,logprobs,DekaLLM
3317,53,-25,0,0,0,0.029309,0.98718,logprobs,DekaLLM
3318,53,-23,0,0,0,0.047413,0.983744,logprobs,DekaLLM
3319,53,-21,0,0,0,0.029307,0.984271,logprobs,DekaLLM
3320,53,-19,0,0,0,0.029307,0.986676,logprobs,DekaLLM
3321,53,-17,0,0,0,0.075846,0.98844,logprobs,DekaLLM
3322,53,-15,0,0,0,0.047413,0.983177,logprobs,DekaLLM
3323,53,-13,0,0,0,0.075844,0.984532,logprobs,DekaLLM
3324,53,-11,0,0,0,0.075844,0.981553,logprobs,DekaLLM
3325,53,-9,1,1,0,0.269007,0.985746,logprobs,DekaLLM
3326,53,-7,1,1,1,0.731123,0.989969,logprobs,DekaLLM
3327,53,-5,0,0,1,0.500082,0.985551,logprobs,DekaLLM
3328,53,-3,1,1,1,0.880831,0.988536,logprobs,DekaLLM
3329,53,-1,1,1,1,0.924159,0.986034,logprobs,DekaLLM
3330,53,1,0,0,1,0.622586,0.976388,logprobs,DekaLLM
3331,53,3,0,0,0,0.26901,0.981365,logprobs,DekaLLM
3332,53,5,0,0,0,0.377638,0.985165,logprobs,DekaLLM
3333,53,7,1,1,1,0.500135,0.98185,logprobs,DekaLLM
3334,53,9,1,1,1,0.622586,0.981145,logprobs,DekaLLM
3335,53,11,1,1,1,0.731139,0.984596,logprobs,DekaLLM
3336,53,13,1,1,1,0.817686,0.980509,logprobs,DekaLLM
3337,53,15,1,1,1,0.817666,0.976328,logprobs,DekaLLM
3338,53,17,1,1,1,0.73119,0.978489,logprobs,DekaLLM
3339,53,19,1,1,1,0.731164,0.976386,logprobs,DekaLLM
3340,53,21,1,1,1,0.731153,0.97734,logprobs,DekaLLM
3341,53,23,1,1,1,0.817635,0.966582,logprobs,DekaLLM
3342,53,25,1,1,1,0.817666,0.98018,logprobs,DekaLLM
3343,53,27,1,1,1,0.880861,0.975544,logprobs,DekaLLM
3344,53,29,1,1,1,0.731139,0.970185,logprobs,DekaLLM
3345,53,31,1,1,1,0.817623,0.978512,logprobs,DekaLLM
3346,53,33,1,1,1,0.73119,0.959997,logprobs,DekaLLM
3347,53,35,1,1,1,0.622637,0.961755,logprobs,DekaLLM
3348,53,37,1,1,1,0.817635,0.976942,logprobs,DekaLLM
3349,53,39,1,1,1,0.73119,0.966762,logprobs,DekaLLM
3350,53,41,1,1,1,0.731165,0.972639,logprobs,DekaLLM
3351,53,43,1,1,1,0.622666,0.964704,logprobs,DekaLLM
3352,53,45,1,1,1,0.731164,0.962579,logprobs,DekaLLM
3353,53,47,1,1,1,0.731139,0.974396,logprobs,DekaLLM
3354,53,49,1,1,1,0.622586,0.977021,logprobs,DekaLLM
3355,53,51,1,1,1,0.500138,0.97002,logprobs,DekaLLM
3356,53,53,1,1,1,0.500222,0.969624,logprobs,DekaLLM
3357,53,55,1,1,1,0.500084,0.977743,logprobs,DekaLLM
3358,53,57,1,1,1,0.500084,0.969873,logprobs,DekaLLM
3359,53,59,1,1,1,0.500135,0.966179,logprobs,DekaLLM
3360,53,61,1,1,0,0.377638,0.981825,logprobs,DekaLLM
3361,53,63,1,1,1,0.500135,0.975562,logprobs,DekaLLM
3362,53,65,1,1,1,0.622573,0.983022,logprobs,DekaLLM
3363,53,67,1,1,0,0.377749,0.972284,logprobs,DekaLLM
3364,53,69,1,1,1,0.731179,0.979821,logprobs,DekaLLM
3365,53,71,1,1,1,0.622646,0.963415,logprobs,DekaLLM
3366,53,73,1,1,1,0.817666,0.970675,logprobs,DekaLLM
3367,53,75,1,1,1,0.817646,0.97073,logprobs,DekaLLM
3368,53,77,1,1,1,0.817646,0.978153,logprobs,DekaLLM
3369,53,79,1,1,1,0.731179,0.981474,logprobs,DekaLLM
3370,53,81,1,1,1,0.731153,0.979093,logprobs,DekaLLM
3371,53,83,1,1,1,0.731189,0.973936,logprobs,DekaLLM
3372,53,85,1,1,1,0.731165,0.971087,logprobs,DekaLLM
3373,53,87,1,1,1,0.731179,0.98218,logprobs,DekaLLM
3374,53,89,1,1,1,0.817666,0.977362,logprobs,DekaLLM
3375,53,91,1,1,1,0.731215,0.967009,logprobs,DekaLLM
3376,53,93,1,1,1,0.731179,0.978357,logprobs,DekaLLM
3377,53,95,1,1,1,0.622586,0.97486,logprobs,DekaLLM
3378,53,97,1,1,1,0.622586,0.976122,logprobs,DekaLLM
3379,53,99,1,1,1,0.731205,0.980563,logprobs,DekaLLM
3380,53,101,1,1,1,0.731215,0.966427,logprobs,DekaLLM
3381,53,103,1,1,1,0.731215,0.968814,logprobs,DekaLLM
3382,53,105,1,1,1,0.731153,0.976692,logprobs,DekaLLM
3383,53,107,1,0,1,0.731165,0.978707,logprobs,DekaLLM
3384,53,109,1,1,1,0.622666,0.969502,logprobs,DekaLLM
3385,53,111,1,1,1,0.817693,0.951688,logprobs,DekaLLM
3386,53,113,1,1,1,0.880861,0.969279,logprobs,DekaLLM
3387,53,115,1,1,1,0.880848,0.969039,logprobs,DekaLLM
3388,53,117,1,1,1,0.924174,0.976344,logprobs,DekaLLM
3389,53,119,1,1,1,0.817646,0.976736,logprobs,DekaLLM
3390,53,121,1,1,1,0.731153,0.979067,logprobs,DekaLLM
3391,53,123,1,1,1,0.500273,0.974927,logprobs,DekaLLM
3392,53,125,1,1,1,0.500166,0.978151,logprobs,DekaLLM
3393,53,127,1,1,1,0.622646,0.972746,logprobs,DekaLLM
3394,53,129,1,1,1,0.500135,0.980271,logprobs,DekaLLM
3395,53,131,1,1,1,0.500135,0.978872,logprobs,DekaLLM
3396,53,133,1,1,0,0.377671,0.979981,logprobs,DekaLLM
3397,53,135,1,1,0,0.377671,0.975014,logprobs,DekaLLM
3398,53,137,1,1,0,0.377623,0.977348,logprobs,DekaLLM
3399,53,139,1,1,0,0.377619,0.9795,logprobs,DekaLLM
3400,53,141,0,0,0,0.377667,0.98262,logprobs,DekaLLM
3401,53,143,1,1,0,0.269023,0.985842,logprobs,DekaLLM
3402,53,145,0,0,0,0.182528,0.985208,logprobs,DekaLLM
3403,53,147,0,0,0,0.18249,0.98353,logprobs,DekaLLM
3404,53,149,0,0,0,0.268967,0.976544,logprobs,DekaLLM
3405,53,151,0,0,0,0.119182,0.980832,logprobs,DekaLLM
3406,53,153,0,0,0,0.119209,0.985235,logprobs,DekaLLM
3407,53,155,0,0,0,0.182528,0.984323,logprobs,DekaLLM
3408,53,157,1,1,0,0.268943,0.982189,logprobs,DekaLLM
3409,53,159,0,0,0,0.18249,0.981507,logprobs,DekaLLM
3410,53,161,0,0,0,0.182459,0.979238,logprobs,DekaLLM
3411,53,163,0,0,0,0.075844,0.976755,logprobs,DekaLLM
3412,53,165,0,0,0,0.017984,0.986389,logprobs,DekaLLM
3413,53,167,0,0,0,0.017984,0.986043,logprobs,DekaLLM
3414,53,169,0,0,0,0.047415,0.977564,logprobs,DekaLLM
3415,53,171,0,0,0,0.04742,0.98521,logprobs,DekaLLM
3416,53,173,0,0,0,0.017984,0.985985,logprobs,DekaLLM
3417,53,175,0,0,0,0.029307,0.986393,logprobs,DekaLLM
3418,53,177,0,0,0,0.047417,0.982983,logprobs,DekaLLM
3419,53,179,0,0,0,0.07585,0.986537,logprobs,DekaLLM
3420,51,-179,0,0,0,0.04742,0.987233,logprobs,DekaLLM
3421,51,-177,0,0,0,0.029307,0.987577,logprobs,DekaLLM
3422,51,-175,0,0,0,0.010986,0.98953,logprobs,DekaLLM
3423,51,-173,0,0,0,0.017983,0.98748,logprobs,DekaLLM
3424,51,-171,0,0,0,0.017984,0.987847,logprobs,DekaLLM
3425,51,-169,0,0,0,0.017983,0.98363,logprobs,DekaLLM
3426,51,-167,0,0,0,0.010986,0.99028,logprobs,DekaLLM
3427,51,-165,0,0,0,0.006692,0.993952,logprobs,DekaLLM
3428,51,-163,0,0,0,0.006692,0.991194,logprobs,DekaLLM
3429,51,-161,0,0,0,0.017983,0.989725,logprobs,DekaLLM
3430,51,-159,0,0,0,0.010985,0.985773,logprobs,DekaLLM
3431,51,-157,0,0,0,0.017983,0.985657,logprobs,DekaLLM
3432,51,-155,0,0,0,0.029307,0.986595,logprobs,DekaLLM
3433,51,-153,0,0,0,0.017983,0.988605,logprobs,DekaLLM
3434,51,-151,0,0,0,0.017983,0.984836,logprobs,DekaLLM
3435,51,-149,0,0,0,0.017983,0.988498,logprobs,DekaLLM
3436,51,-147,0,0,0,0.047418,0.984119,logprobs,DekaLLM
3437,51,-145,0,0,0,0.017983,0.986275,logprobs,DekaLLM
3438,51,-143,0,0,0,0.047417,0.981763,logprobs,DekaLLM
3439,51,-141,0,0,0,0.182457,0.98,logprobs,DekaLLM
3440,51,-139,0,0,0,0.075844,0.982922,logprobs,DekaLLM
3441,51,-137,0,0,0,0.075839,0.978503,logprobs,DekaLLM
3442,51,-135,0,0,0,0.119182,0.978056,logprobs,DekaLLM
3443,51,-133,0,0,0,0.029307,0.983518,logprobs,DekaLLM
3444,51,-131,0,0,0,0.047417,0.983558,logprobs,DekaLLM
3445,51,-129,0,0,0,0.047413,0.981568,logprobs,DekaLLM
3446,51,-127,1,1,0,0.119174,0.983967,logprobs,DekaLLM
3447,51,-125,1,1,0,0.119227,0.9811,logprobs,DekaLLM
3448,51,-123,1,1,0,0.377698,0.981876,logprobs,DekaLLM
3449,51,-121,1,1,1,0.731179,0.974669,logprobs,DekaLLM
3450,51,-119,1,1,1,0.731215,0.969121,logprobs,DekaLLM
3451,51,-117,1,1,1,0.924174,0.981154,logprobs,DekaLLM
3452,51,-115,1,1,1,0.95259,0.985334,logprobs,DekaLLM
3453,51,-113,1,1,1,0.970696,0.984295,logprobs,DekaLLM
3454,51,-111,1,1,1,0.924161,0.985017,logprobs,DekaLLM
3455,51,-109,1,1,1,0.880836,0.979109,logprobs,DekaLLM
3456,51,-107,1,1,1,0.880848,0.982538,logprobs,DekaLLM
3457,51,-105,1,1,1,0.952591,0.987672,logprobs,DekaLLM
3458,51,-103,1,1,1,0.880845,0.982896,logprobs,DekaLLM
3459,51,-101,1,1,1,0.731179,0.979191,logprobs,DekaLLM
3460,51,-99,1,1,1,0.880839,0.986028,logprobs,DekaLLM
3461,51,-97,1,1,1,0.81763,0.983663,logprobs,DekaLLM
3462,51,-95,1,1,1,0.500253,0.979137,logprobs,DekaLLM
3463,51,-93,1,1,0,0.377671,0.976776,logprobs,DekaLLM
3464,51,-91,1,0,0,0.269023,0.982005,logprobs,DekaLLM
3465,51,-89,1,1,0,0.269092,0.984344,logprobs,DekaLLM
3466,51,-87,1,1,0,0.182521,0.983279,logprobs,DekaLLM
3467,51,-85,1,1,0,0.269023,0.983262,logprobs,DekaLLM
3468,51,-83,1,1,0,0.182445,0.983404,logprobs,DekaLLM
3469,51,-81,1,1,0,0.269076,0.980235,logprobs,DekaLLM
3470,51,-79,1,1,0,0.37765,0.979972,logprobs,DekaLLM
3471,51,-77,1,0,0,0.377619,0.980022,logprobs,DekaLLM
3472,51,-75,1,1,0,0.269023,0.987858,logprobs,DekaLLM
3473,51,-73,1,1,0,0.377667,0.985463,logprobs,DekaLLM
3474,51,-71,1,1,0,0.377619,0.980254,logprobs,DekaLLM
3475,51,-69,1,1,0,0.269023,0.984405,logprobs,DekaLLM
3476,51,-67,1,1,0,0.377572,0.973446,logprobs,DekaLLM
3477,51,-65,1,1,0,0.26901,0.976955,logprobs,DekaLLM
3478,51,-63,1,1,0,0.18249,0.983823,logprobs,DekaLLM
3479,51,-61,1,1,0,0.047417,0.985586,logprobs,DekaLLM
3480,51,-59,1,1,0,0.047417,0.986249,logprobs,DekaLLM
3481,51,-57,0,0,0,0.075839,0.981168,logprobs,DekaLLM
3482,51,-55,0,0,0,0.047418,0.98658,logprobs,DekaLLM
3483,51,-53,0,0,0,0.029307,0.985565,logprobs,DekaLLM
3484,51,-51,0,0,0,0.04742,0.987288,logprobs,DekaLLM
3485,51,-49,0,0,0,0.029309,0.981982,logprobs,DekaLLM
3486,51,-47,0,0,0,0.029307,0.983021,logprobs,DekaLLM
3487,51,-45,0,0,0,0.047418,0.988138,logprobs,DekaLLM
3488,51,-43,0,0,0,0.017985,0.980606,logprobs,DekaLLM
3489,51,-41,0,0,0,0.017985,0.988936,logprobs,DekaLLM
3490,51,-39,0,0,0,0.029309,0.984479,logprobs,DekaLLM
3491,51,-37,0,0,0,0.029307,0.989471,logprobs,DekaLLM
3492,51,-35,0,0,0,0.017984,0.988413,logprobs,DekaLLM
3493,51,-33,0,0,0,0.029307,0.987897,logprobs,DekaLLM
3494,51,-31,0,0,0,0.017984,0.984922,logprobs,DekaLLM
3495,51,-29,0,0,0,0.010986,0.9906,logprobs,DekaLLM
3496,51,-27,0,0,0,0.006692,0.99182,logprobs,DekaLLM
3497,51,-25,0,0,0,0.010986,0.989803,logprobs,DekaLLM
3498,51,-23,0,0,0,0.029307,0.983112,logprobs,DekaLLM
3499,51,-21,0,0,0,0.047417,0.986894,logprobs,DekaLLM
3500,51,-19,0,0,0,0.047417,0.983029,logprobs,DekaLLM
3501,51,-17,0,0,0,0.047417,0.98458,logprobs,DekaLLM
3502,51,-15,0,0,0,0.029307,0.987709,logprobs,DekaLLM
3503,51,-13,0,0,0,0.047417,0.981313,logprobs,DekaLLM
3504,51,-11,0,0,0,0.047417,0.987638,logprobs,DekaLLM
3505,51,-9,0,0,0,0.119182,0.983495,logprobs,DekaLLM
3506,51,-7,0,0,0,0.26901,0.980372,logprobs,DekaLLM
3507,51,-5,0,0,0,0.377667,0.979575,logprobs,DekaLLM
3508,51,-3,1,1,1,0.817674,0.976537,logprobs,DekaLLM
3509,51,-1,1,1,1,0.817686,0.976965,logprobs,DekaLLM
3510,51,1,0,0,1,0.731165,0.976701,logprobs,DekaLLM
3511,51,3,1,1,1,0.731123,0.985993,logprobs,DekaLLM
3512,51,5,1,1,1,0.622573,0.981474,logprobs,DekaLLM
3513,51,7,1,1,1,0.817666,0.98276,logprobs,DekaLLM
3514,51,9,1,1,1,0.924177,0.982062,logprobs,DekaLLM
3515,51,11,1,1,1,0.952585,0.985018,logprobs,DekaLLM
3516,51,13,1,1,1,0.952589,0.982235,logprobs,DekaLLM
3517,51,15,1,1,1,0.924185,0.976342,logprobs,DekaLLM
3518,51,17,1,1,1,0.924174,0.975785,logprobs,DekaLLM
3519,51,19,1,1,1,0.880845,0.980832,logprobs,DekaLLM
3520,51,21,1,1,1,0.88084,0.96903,logprobs,DekaLLM
3521,51,23,1,1,1,0.880831,0.978736,logprobs,DekaLLM
3522,51,25,1,1,1,0.817655,0.967608,logprobs,DekaLLM
3523,51,27,1,1,1,0.880848,0.970358,logprobs,DekaLLM
3524,51,29,1,1,1,0.731139,0.978035,logprobs,DekaLLM
3525,51,31,1,1,1,0.817646,0.985,logprobs,DekaLLM
3526,51,33,1,1,1,0.817674,0.969777,logprobs,DekaLLM
3527,51,35,1,1,1,0.622555,0.974386,logprobs,DekaLLM
3528,51,37,1,1,1,0.73119,0.964683,logprobs,DekaLLM
3529,51,39,1,1,1,0.731164,0.969968,logprobs,DekaLLM
3530,51,41,1,1,1,0.622586,0.975859,logprobs,DekaLLM
3531,51,43,1,1,1,0.731139,0.974103,logprobs,DekaLLM
3532,51,45,1,1,1,0.622586,0.968214,logprobs,DekaLLM
3533,51,47,1,1,1,0.622637,0.965783,logprobs,DekaLLM
3534,51,49,1,1,1,0.622668,0.95788,logprobs,DekaLLM
3535,51,51,1,1,1,0.73119,0.970765,logprobs,DekaLLM
3536,51,53,1,1,1,0.500135,0.969453,logprobs,DekaLLM
3537,51,55,1,1,1,0.500135,0.970619,logprobs,DekaLLM
3538,51,57,1,1,0,0.377749,0.964437,logprobs,DekaLLM
3539,51,59,1,1,0,0.377667,0.9749,logprobs,DekaLLM
3540,51,61,1,1,0,0.377749,0.96383,logprobs,DekaLLM
3541,51,63,1,1,1,0.500135,0.977591,logprobs,DekaLLM
3542,51,65,1,1,1,0.622637,0.963807,logprobs,DekaLLM
3543,51,67,1,1,0,0.377667,0.97596,logprobs,DekaLLM
3544,51,69,1,1,1,0.500168,0.976716,logprobs,DekaLLM
3545,51,71,1,1,1,0.622586,0.977233,logprobs,DekaLLM
3546,51,73,1,1,1,0.73119,0.966451,logprobs,DekaLLM
3547,51,75,1,1,1,0.731215,0.973067,logprobs,DekaLLM
3548,51,77,1,1,1,0.731164,0.969915,logprobs,DekaLLM
3549,51,79,1,1,1,0.622586,0.97569,logprobs,DekaLLM
3550,51,81,1,1,1,0.731215,0.969966,logprobs,DekaLLM
3551,51,83,1,1,1,0.500135,0.969629,logprobs,DekaLLM
3552,51,85,1,1,1,0.622586,0.972559,logprobs,DekaLLM
3553,51,87,1,1,1,0.622617,0.980907,logprobs,DekaLLM
3554,51,89,1,1,1,0.731189,0.978248,logprobs,DekaLLM
3555,51,91,1,1,1,0.817686,0.977533,logprobs,DekaLLM
3556,51,93,1,1,1,0.731179,0.978769,logprobs,DekaLLM
3557,51,95,1,1,1,0.622646,0.971219,logprobs,DekaLLM
3558,51,97,1,1,1,0.622697,0.976099,logprobs,DekaLLM
3559,51,99,1,1,1,0.731179,0.973513,logprobs,DekaLLM
3560,51,101,1,1,1,0.622697,0.970594,logprobs,DekaLLM
3561,51,103,1,1,1,0.73119,0.969189,logprobs,DekaLLM
3562,51,105,1,1,1,0.731215,0.968055,logprobs,DekaLLM
3563,51,107,1,1,1,0.73119,0.968932,logprobs,DekaLLM
3564,51,109,1,1,1,0.731179,0.978303,logprobs,DekaLLM
3565,51,111,1,1,1,0.817674,0.967403,logprobs,DekaLLM
3566,51,113,1,1,1,0.924194,0.965212,logprobs,DekaLLM
3567,51,115,1,1,1,0.880875,0.970486,logprobs,DekaLLM
3568,51,117,1,1,1,0.817635,0.973434,logprobs,DekaLLM
3569,51,119,1,1,1,0.500273,0.967133,logprobs,DekaLLM
3570,51,121,1,1,1,0.622617,0.964852,logprobs,DekaLLM
3571,51,123,1,1,0,0.26901,0.967211,logprobs,DekaLLM
3572,51,125,1,1,0,0.377623,0.971863,logprobs,DekaLLM
3573,51,127,1,1,0,0.269076,0.978053,logprobs,DekaLLM
3574,51,129,1,1,0,0.269076,0.969088,logprobs,DekaLLM
3575,51,131,1,1,0,0.377702,0.971046,logprobs,DekaLLM
3576,51,133,1,1,0,0.377702,0.978481,logprobs,DekaLLM
3577,51,135,1,1,1,0.622586,0.97116,logprobs,DekaLLM
3578,51,137,1,1,1,0.500135,0.977001,logprobs,DekaLLM
3579,51,139,1,1,0,0.377718,0.978694,logprobs,DekaLLM
3580,51,141,0,0,0,0.377749,0.971429,logprobs,DekaLLM
3581,51,143,1,1,0,0.269076,0.974556,logprobs,DekaLLM
3582,51,145,0,0,0,0.119182,0.980735,logprobs,DekaLLM
3583,51,147,0,0,0,0.11924,0.98137,logprobs,DekaLLM
3584,51,149,0,0,0,0.11924,0.978867,logprobs,DekaLLM
3585,51,151,0,0,0,0.119182,0.974356,logprobs,DekaLLM
3586,51,153,0,0,0,0.047417,0.981258,logprobs,DekaLLM
3587,51,155,0,0,0,0.182528,0.982787,logprobs,DekaLLM
3588,51,157,0,0,0,0.269076,0.976704,logprobs,DekaLLM
3589,51,159,0,0,0,0.182395,0.980385,logprobs,DekaLLM
3590,51,161,0,0,0,0.182495,0.983707,logprobs,DekaLLM
3591,51,163,0,0,0,0.047413,0.984514,logprobs,DekaLLM
3592,51,165,0,0,0,0.047413,0.976502,logprobs,DekaLLM
3593,51,167,0,0,0,0.029309,0.983176,logprobs,DekaLLM
3594,51,169,0,0,0,0.075844,0.97723,logprobs,DekaLLM
3595,51,171,0,0,0,0.075839,0.98217,logprobs,DekaLLM
3596,51,173,0,0,0,0.029305,0.982315,logprobs,DekaLLM
3597,51,175,0,0,0,0.029307,0.985458,logprobs,DekaLLM
3598,51,177,0,0,0,0.029309,0.981129,logprobs,DekaLLM
3599,51,179,0,0,0,0.075839,0.986112,logprobs,DekaLLM
3600,49,-179,0,0,0,0.04742,0.98958,logprobs,DekaLLM
3601,49,-177,0,0,0,0.010985,0.985458,logprobs,DekaLLM
3602,49,-175,0,0,0,0.002472,0.99129,logprobs,DekaLLM
3603,49,-173,0,0,0,0.002472,0.99127,logprobs,DekaLLM
3604,49,-171,0,0,0,0.010985,0.985811,logprobs,DekaLLM
3605,49,-169,0,0,0,0.00407,0.988653,logprobs,DekaLLM
3606,49,-167,0,0,0,0.00407,0.989971,logprobs,DekaLLM
3607,49,-165,0,0,0,0.002472,0.988399,logprobs,DekaLLM
3608,49,-163,0,0,0,0.00407,0.987629,logprobs,DekaLLM
3609,49,-161,0,0,0,0.006692,0.984192,logprobs,DekaLLM
3610,49,-159,0,0,0,0.00407,0.988982,logprobs,DekaLLM
3611,49,-157,0,0,0,0.006692,0.988895,logprobs,DekaLLM
3612,49,-155,0,0,0,0.010984,0.984066,logprobs,DekaLLM
3613,49,-153,0,0,0,0.00407,0.987529,logprobs,DekaLLM
3614,49,-151,0,0,0,0.006692,0.987594,logprobs,DekaLLM
3615,49,-149,0,0,0,0.010986,0.989919,logprobs,DekaLLM
3616,49,-147,0,0,0,0.010986,0.990311,logprobs,DekaLLM
3617,49,-145,0,0,0,0.006692,0.988098,logprobs,DekaLLM
3618,49,-143,0,0,0,0.010985,0.984437,logprobs,DekaLLM
3619,49,-141,0,0,0,0.182478,0.972633,logprobs,DekaLLM
3620,49,-139,0,0,0,0.047417,0.981508,logprobs,DekaLLM
3621,49,-137,0,0,0,0.017983,0.982486,logprobs,DekaLLM
3622,49,-135,0,0,0,0.047413,0.979778,logprobs,DekaLLM
3623,49,-133,0,0,0,0.047417,0.981201,logprobs,DekaLLM
3624,49,-131,0,0,0,0.075839,0.983288,logprobs,DekaLLM
3625,49,-129,0,0,0,0.017982,0.979493,logprobs,DekaLLM
3626,49,-127,0,0,0,0.075839,0.981778,logprobs,DekaLLM
3627,49,-125,1,1,0,0.075844,0.987065,logprobs,DekaLLM
3628,49,-123,0,0,0,0.377671,0.982684,logprobs,DekaLLM
3629,49,-121,1,1,1,0.731179,0.981336,logprobs,DekaLLM
3630,49,-119,1,1,1,0.924174,0.985436,logprobs,DekaLLM
3631,49,-117,1,1,1,0.952587,0.98825,logprobs,DekaLLM
3632,49,-115,1,1,1,0.952591,0.986929,logprobs,DekaLLM
3633,49,-113,1,1,1,0.880875,0.977415,logprobs,DekaLLM
3634,49,-111,1,1,1,0.952587,0.985452,logprobs,DekaLLM
3635,49,-109,1,1,1,0.880845,0.98483,logprobs,DekaLLM
3636,49,-107,1,1,1,0.817666,0.978698,logprobs,DekaLLM
3637,49,-105,1,1,1,0.952587,0.984485,logprobs,DekaLLM
3638,49,-103,1,1,1,0.952587,0.98778,logprobs,DekaLLM
3639,49,-101,1,1,1,0.880836,0.983735,logprobs,DekaLLM
3640,49,-99,1,1,1,0.924174,0.984349,logprobs,DekaLLM
3641,49,-97,1,1,1,0.952587,0.988042,logprobs,DekaLLM
3642,49,-95,1,0,1,0.81763,0.98542,logprobs,DekaLLM
3643,49,-93,1,1,1,0.622604,0.977991,logprobs,DekaLLM
3644,49,-91,1,1,0,0.377702,0.977122,logprobs,DekaLLM
3645,49,-89,1,1,1,0.500138,0.982679,logprobs,DekaLLM
3646,49,-87,1,1,0,0.377642,0.981706,logprobs,DekaLLM
3647,49,-85,1,1,0,0.377702,0.978399,logprobs,DekaLLM
3648,49,-83,1,1,1,0.622615,0.981596,logprobs,DekaLLM
3649,49,-81,1,1,1,0.622604,0.981461,logprobs,DekaLLM
3650,49,-79,1,1,1,0.500199,0.982967,logprobs,DekaLLM
3651,49,-77,1,1,1,0.622697,0.970889,logprobs,DekaLLM
3652,49,-75,1,1,0,0.377667,0.981357,logprobs,DekaLLM
3653,49,-73,1,1,0,0.37765,0.979515,logprobs,DekaLLM
3654,49,-71,1,1,1,0.500084,0.984108,logprobs,DekaLLM
3655,49,-69,1,1,0,0.269023,0.984204,logprobs,DekaLLM
3656,49,-67,0,0,0,0.377572,0.972124,logprobs,DekaLLM
3657,49,-65,1,1,0,0.182528,0.984672,logprobs,DekaLLM
3658,49,-63,0,0,0,0.119182,0.979282,logprobs,DekaLLM
3659,49,-61,0,0,0,0.075835,0.981023,logprobs,DekaLLM
3660,49,-59,0,0,0,0.075835,0.978632,logprobs,DekaLLM
3661,49,-57,1,1,0,0.119169,0.982325,logprobs,DekaLLM
3662,49,-55,1,1,0,0.075844,0.983431,logprobs,DekaLLM
3663,49,-53,0,0,0,0.075844,0.986773,logprobs,DekaLLM
3664,49,-51,0,0,0,0.029307,0.985049,logprobs,DekaLLM
3665,49,-49,0,0,0,0.029307,0.982928,logprobs,DekaLLM
3666,49,-47,0,0,0,0.029309,0.989122,logprobs,DekaLLM
3667,49,-45,0,0,0,0.017983,0.984898,logprobs,DekaLLM
3668,49,-43,0,0,0,0.017983,0.986178,logprobs,DekaLLM
3669,49,-41,0,0,0,0.017983,0.985182,logprobs,DekaLLM
3670,49,-39,0,0,0,0.029307,0.974191,logprobs,DekaLLM
3671,49,-37,0,0,0,0.029309,0.987549,logprobs,DekaLLM
3672,49,-35,0,0,0,0.006692,0.989619,logprobs,DekaLLM
3673,49,-33,0,0,0,0.017983,0.98681,logprobs,DekaLLM
3674,49,-31,0,0,0,0.029304,0.981824,logprobs,DekaLLM
3675,49,-29,0,0,0,0.010986,0.988208,logprobs,DekaLLM
3676,49,-27,0,0,0,0.010985,0.983787,logprobs,DekaLLM
3677,49,-25,0,0,0,0.010986,0.989146,logprobs,DekaLLM
3678,49,-23,0,0,0,0.010985,0.988322,logprobs,DekaLLM
3679,49,-21,0,0,0,0.017984,0.98972,logprobs,DekaLLM
3680,49,-19,0,0,0,0.047417,0.979342,logprobs,DekaLLM
3681,49,-17,0,0,0,0.047417,0.981268,logprobs,DekaLLM
3682,49,-15,0,0,0,0.017983,0.98353,logprobs,DekaLLM
3683,49,-13,0,0,0,0.047413,0.976971,logprobs,DekaLLM
3684,49,-11,0,0,0,0.047417,0.983917,logprobs,DekaLLM
3685,49,-9,0,0,0,0.04742,0.986933,logprobs,DekaLLM
3686,49,-7,0,0,0,0.119182,0.983215,logprobs,DekaLLM
3687,49,-5,0,0,0,0.269076,0.98224,logprobs,DekaLLM
3688,49,-3,0,0,1,0.731153,0.984658,logprobs,DekaLLM
3689,49,-1,1,1,1,0.731164,0.977773,logprobs,DekaLLM
3690,49,1,1,1,1,0.731164,0.97114,logprobs,DekaLLM
3691,49,3,1,1,1,0.817635,0.976834,logprobs,DekaLLM
3692,49,5,1,1,1,0.731163,0.986276,logprobs,DekaLLM
3693,49,7,1,1,1,0.817646,0.977146,logprobs,DekaLLM
3694,49,9,1,1,1,0.924162,0.984037,logprobs,DekaLLM
3695,49,11,1,1,1,0.970693,0.979898,logprobs,DekaLLM
3696,49,13,1,1,1,0.952589,0.98224,logprobs,DekaLLM
3697,49,15,1,1,1,0.952589,0.982768,logprobs,DekaLLM
3698,49,17,1,1,1,0.952589,0.982637,logprobs,DekaLLM
3699,49,19,1,1,1,0.880854,0.970304,logprobs,DekaLLM
3700,49,21,1,1,1,0.817635,0.971345,logprobs,DekaLLM
3701,49,23,1,1,1,0.88084,0.971286,logprobs,DekaLLM
3702,49,25,1,1,1,0.817686,0.970678,logprobs,DekaLLM
3703,49,27,1,1,1,0.73119,0.969113,logprobs,DekaLLM
3704,49,29,1,1,1,0.731205,0.978583,logprobs,DekaLLM
3705,49,31,1,1,1,0.817635,0.978096,logprobs,DekaLLM
3706,49,33,1,1,1,0.817623,0.980496,logprobs,DekaLLM
3707,49,35,1,1,1,0.817655,0.968991,logprobs,DekaLLM
3708,49,37,1,1,1,0.731215,0.971626,logprobs,DekaLLM
3709,49,39,1,1,1,0.73119,0.971028,logprobs,DekaLLM
3710,49,41,1,1,1,0.622617,0.974097,logprobs,DekaLLM
3711,49,43,1,1,1,0.731164,0.969465,logprobs,DekaLLM
3712,49,45,1,1,1,0.500222,0.968909,logprobs,DekaLLM
3713,49,47,1,1,1,0.500222,0.953196,logprobs,DekaLLM
3714,49,49,1,1,1,0.622668,0.967312,logprobs,DekaLLM
3715,49,51,1,1,0,0.377671,0.960508,logprobs,DekaLLM
3716,49,53,1,1,0,0.377749,0.976246,logprobs,DekaLLM
3717,49,55,1,1,1,0.500189,0.967328,logprobs,DekaLLM
3718,49,57,1,1,1,0.500171,0.971642,logprobs,DekaLLM
3719,49,59,1,1,1,0.500222,0.967873,logprobs,DekaLLM
3720,49,61,1,1,1,0.500222,0.966069,logprobs,DekaLLM
3721,49,63,1,1,0,0.269076,0.97694,logprobs,DekaLLM
3722,49,65,1,1,1,0.500222,0.968446,logprobs,DekaLLM
3723,49,67,1,1,1,0.500171,0.966989,logprobs,DekaLLM
3724,49,69,1,1,1,0.622586,0.96477,logprobs,DekaLLM
3725,49,71,1,1,1,0.731215,0.973224,logprobs,DekaLLM
3726,49,73,1,1,1,0.622646,0.971597,logprobs,DekaLLM
3727,49,75,1,1,1,0.622646,0.960819,logprobs,DekaLLM
3728,49,77,1,1,1,0.817686,0.971058,logprobs,DekaLLM
3729,49,79,1,1,1,0.731215,0.967826,logprobs,DekaLLM
3730,49,81,1,1,1,0.817635,0.978555,logprobs,DekaLLM
3731,49,83,1,1,1,0.880861,0.973408,logprobs,DekaLLM
3732,49,85,1,1,1,0.731164,0.97668,logprobs,DekaLLM
3733,49,87,1,1,1,0.817666,0.977353,logprobs,DekaLLM
3734,49,89,1,1,1,0.622615,0.981389,logprobs,DekaLLM
3735,49,91,1,1,1,0.622615,0.97734,logprobs,DekaLLM
3736,49,93,1,1,1,0.622697,0.975811,logprobs,DekaLLM
3737,49,95,1,1,1,0.500222,0.969332,logprobs,DekaLLM
3738,49,97,1,1,1,0.817666,0.974558,logprobs,DekaLLM
3739,49,99,1,1,1,0.880848,0.975898,logprobs,DekaLLM
3740,49,101,1,1,1,0.622697,0.97036,logprobs,DekaLLM
3741,49,103,1,1,1,0.880861,0.978866,logprobs,DekaLLM
3742,49,105,1,1,1,0.880861,0.968597,logprobs,DekaLLM
3743,49,107,1,1,1,0.731179,0.969174,logprobs,DekaLLM
3744,49,109,1,1,1,0.731149,0.978823,logprobs,DekaLLM
3745,49,111,1,1,1,0.731179,0.969217,logprobs,DekaLLM
3746,49,113,1,1,1,0.880861,0.977214,logprobs,DekaLLM
3747,49,115,1,1,1,0.622668,0.969259,logprobs,DekaLLM
3748,49,117,1,1,1,0.731165,0.97843,logprobs,DekaLLM
3749,49,119,1,1,1,0.622646,0.976773,logprobs,DekaLLM
3750,49,121,1,1,1,0.500171,0.976268,logprobs,DekaLLM
3751,49,123,1,1,0,0.377702,0.978504,logprobs,DekaLLM
3752,49,125,1,1,0,0.182439,0.982197,logprobs,DekaLLM
3753,49,127,1,1,0,0.182507,0.977226,logprobs,DekaLLM
3754,49,129,1,1,0,0.119182,0.979294,logprobs,DekaLLM
3755,49,131,1,1,0,0.377749,0.962385,logprobs,DekaLLM
3756,49,133,1,1,0,0.26901,0.970039,logprobs,DekaLLM
3757,49,135,1,1,0,0.377749,0.965577,logprobs,DekaLLM
3758,49,137,1,1,0,0.119182,0.972311,logprobs,DekaLLM
3759,49,139,1,1,1,0.500222,0.975613,logprobs,DekaLLM
3760,49,141,0,0,1,0.500135,0.982766,logprobs,DekaLLM
3761,49,143,0,0,0,0.11919,0.980799,logprobs,DekaLLM
3762,49,145,0,0,0,0.075844,0.977182,logprobs,DekaLLM
3763,49,147,0,0,0,0.075844,0.975863,logprobs,DekaLLM
3764,49,149,0,0,0,0.075844,0.984167,logprobs,DekaLLM
3765,49,151,0,0,0,0.075844,0.977428,logprobs,DekaLLM
3766,49,153,0,0,0,0.029309,0.980278,logprobs,DekaLLM
3767,49,155,0,0,0,0.182427,0.981219,logprobs,DekaLLM
3768,49,157,0,0,0,0.075835,0.97576,logprobs,DekaLLM
3769,49,159,0,0,0,0.075844,0.971942,logprobs,DekaLLM
3770,49,161,0,0,0,0.075844,0.977949,logprobs,DekaLLM
3771,49,163,0,0,0,0.029309,0.984586,logprobs,DekaLLM
3772,49,165,0,0,0,0.029307,0.983958,logprobs,DekaLLM
3773,49,167,0,0,0,0.029307,0.984382,logprobs,DekaLLM
3774,49,169,0,0,0,0.029307,0.986208,logprobs,DekaLLM
3775,49,171,0,0,0,0.02931,0.985677,logprobs,DekaLLM
3776,49,173,0,0,0,0.029307,0.984619,logprobs,DekaLLM
3777,49,175,0,0,0,0.010985,0.986636,logprobs,DekaLLM
3778,49,177,0,0,0,0.047417,0.98171,logprobs,DekaLLM
3779,49,179,0,0,0,0.047417,0.980796,logprobs,DekaLLM
3780,47,-179,0,0,0,0.029309,0.983262,logprobs,DekaLLM
3781,47,-177,0,0,0,0.006692,0.989376,logprobs,DekaLLM
3782,47,-175,0,0,0,0.006692,0.991287,logprobs,DekaLLM
3783,47,-173,0,0,0,0.00407,0.989059,logprobs,DekaLLM
3784,47,-171,0,0,0,0.006692,0.989925,logprobs,DekaLLM
3785,47,-169,0,0,0,0.00407,0.991526,logprobs,DekaLLM
3786,47,-167,0,0,0,0.00407,0.985605,logprobs,DekaLLM
3787,47,-165,0,0,0,0.006692,0.988019,logprobs,DekaLLM
3788,47,-163,0,0,0,0.00407,0.989912,logprobs,DekaLLM
3789,47,-161,0,0,0,0.006692,0.987516,logprobs,DekaLLM
3790,47,-159,0,0,0,0.010985,0.985865,logprobs,DekaLLM
3791,47,-157,0,0,0,0.006692,0.988727,logprobs,DekaLLM
3792,47,-155,0,0,0,0.010986,0.987982,logprobs,DekaLLM
3793,47,-153,0,0,0,0.006692,0.984924,logprobs,DekaLLM
3794,47,-151,0,0,0,0.010985,0.983909,logprobs,DekaLLM
3795,47,-149,0,0,0,0.029307,0.984484,logprobs,DekaLLM
3796,47,-147,0,0,0,0.017983,0.981651,logprobs,DekaLLM
3797,47,-145,0,0,0,0.010985,0.983756,logprobs,DekaLLM
3798,47,-143,0,0,0,0.010985,0.980233,logprobs,DekaLLM
3799,47,-141,0,0,0,0.047417,0.984898,logprobs,DekaLLM
3800,47,-139,0,0,0,0.029303,0.971073,logprobs,DekaLLM
3801,47,-137,0,0,0,0.006692,0.988733,logprobs,DekaLLM
3802,47,-135,0,0,0,0.017983,0.984657,logprobs,DekaLLM
3803,47,-133,0,0,0,0.010985,0.984625,logprobs,DekaLLM
3804,47,-131,0,0,0,0.017983,0.983405,logprobs,DekaLLM
3805,47,-129,0,0,0,0.010986,0.989705,logprobs,DekaLLM
3806,47,-127,0,0,0,0.010984,0.985231,logprobs,DekaLLM
3807,47,-125,0,0,0,0.010985,0.985349,logprobs,DekaLLM
3808,47,-123,1,1,0,0.268967,0.984911,logprobs,DekaLLM
3809,47,-121,1,1,1,0.622697,0.981265,logprobs,DekaLLM
3810,47,-119,1,1,1,0.880845,0.984106,logprobs,DekaLLM
3811,47,-117,1,1,1,0.952587,0.988112,logprobs,DekaLLM
3812,47,-115,1,1,1,0.880845,0.98593,logprobs,DekaLLM
3813,47,-113,1,1,1,0.95259,0.981337,logprobs,DekaLLM
3814,47,-111,1,1,1,0.952594,0.981234,logprobs,DekaLLM
3815,47,-109,1,1,1,0.880875,0.977351,logprobs,DekaLLM
3816,47,-107,1,1,1,0.924174,0.979901,logprobs,DekaLLM
3817,47,-105,1,1,1,0.95259,0.98527,logprobs,DekaLLM
3818,47,-103,1,1,1,0.924168,0.984171,logprobs,DekaLLM
3819,47,-101,1,1,1,0.880858,0.984995,logprobs,DekaLLM
3820,47,-99,1,1,1,0.924174,0.978566,logprobs,DekaLLM
3821,47,-97,1,1,1,0.924174,0.983961,logprobs,DekaLLM
3822,47,-95,1,1,1,0.731153,0.982922,logprobs,DekaLLM
3823,47,-93,1,1,1,0.731132,0.98511,logprobs,DekaLLM
3824,47,-91,1,0,0,0.269076,0.982921,logprobs,DekaLLM
3825,47,-89,1,1,1,0.622615,0.984441,logprobs,DekaLLM
3826,47,-87,1,0,0,0.182521,0.986711,logprobs,DekaLLM
3827,47,-85,1,0,0,0.182478,0.972698,logprobs,DekaLLM
3828,47,-83,1,1,0,0.377667,0.97877,logprobs,DekaLLM
3829,47,-81,1,1,1,0.622604,0.981452,logprobs,DekaLLM
3830,47,-79,1,0,0,0.377702,0.974425,logprobs,DekaLLM
3831,47,-77,1,1,0,0.377667,0.980465,logprobs,DekaLLM
3832,47,-75,1,1,0,0.377623,0.973613,logprobs,DekaLLM
3833,47,-73,1,1,0,0.37765,0.977304,logprobs,DekaLLM
3834,47,-71,1,1,0,0.377749,0.977154,logprobs,DekaLLM
3835,47,-69,1,1,0,0.182478,0.981906,logprobs,DekaLLM
3836,47,-67,1,1,0,0.182377,0.979985,logprobs,DekaLLM
3837,47,-65,1,1,0,0.119182,0.982303,logprobs,DekaLLM
3838,47,-63,0,0,0,0.119182,0.987191,logprobs,DekaLLM
3839,47,-61,0,0,0,0.075844,0.986715,logprobs,DekaLLM
3840,47,-59,0,0,0,0.029307,0.987484,logprobs,DekaLLM
3841,47,-57,0,0,0,0.047417,0.988923,logprobs,DekaLLM
3842,47,-55,0,0,0,0.075844,0.987053,logprobs,DekaLLM
3843,47,-53,1,1,0,0.182377,0.981188,logprobs,DekaLLM
3844,47,-51,0,0,0,0.075835,0.979848,logprobs,DekaLLM
3845,47,-49,0,0,0,0.017983,0.987001,logprobs,DekaLLM
3846,47,-47,0,0,0,0.029309,0.984885,logprobs,DekaLLM
3847,47,-45,0,0,0,0.006692,0.990124,logprobs,DekaLLM
3848,47,-43,0,0,0,0.047413,0.978213,logprobs,DekaLLM
3849,47,-41,0,0,0,0.006692,0.987355,logprobs,DekaLLM
3850,47,-39,0,0,0,0.029307,0.980564,logprobs,DekaLLM
3851,47,-37,0,0,0,0.010985,0.983338,logprobs,DekaLLM
3852,47,-35,0,0,0,0.010985,0.985165,logprobs,DekaLLM
3853,47,-33,0,0,0,0.010986,0.985092,logprobs,DekaLLM
3854,47,-31,0,0,0,0.010986,0.98702,logprobs,DekaLLM
3855,47,-29,0,0,0,0.010986,0.987901,logprobs,DekaLLM
3856,47,-27,0,0,0,0.006692,0.989396,logprobs,DekaLLM
3857,47,-25,0,0,0,0.010985,0.982681,logprobs,DekaLLM
3858,47,-23,0,0,0,0.010985,0.988351,logprobs,DekaLLM
3859,47,-21,0,0,0,0.017984,0.988945,logprobs,DekaLLM
3860,47,-19,0,0,0,0.047418,0.987958,logprobs,DekaLLM
3861,47,-17,0,0,0,0.11919,0.971321,logprobs,DekaLLM
3862,47,-15,0,0,0,0.029309,0.979596,logprobs,DekaLLM
3863,47,-13,0,0,0,0.04742,0.981031,logprobs,DekaLLM
3864,47,-11,0,0,0,0.04742,0.981268,logprobs,DekaLLM
3865,47,-9,0,0,0,0.119182,0.976164,logprobs,DekaLLM
3866,47,-7,0,0,1,0.500135,0.982977,logprobs,DekaLLM
3867,47,-5,0,0,0,0.119182,0.981612,logprobs,DekaLLM
3868,47,-3,0,0,1,0.500135,0.985697,logprobs,DekaLLM
3869,47,-1,1,1,0,0.377667,0.982962,logprobs,DekaLLM
3870,47,1,1,1,1,0.622617,0.971796,logprobs,DekaLLM
3871,47,3,1,1,1,0.73119,0.968593,logprobs,DekaLLM
3872,47,5,1,1,1,0.622748,0.966814,logprobs,DekaLLM
3873,47,7,1,1,1,0.817666,0.977126,logprobs,DekaLLM
3874,47,9,1,1,1,0.817686,0.976518,logprobs,DekaLLM
3875,47,11,1,1,1,0.92417,0.97702,logprobs,DekaLLM
3876,47,13,1,1,1,0.817686,0.972239,logprobs,DekaLLM
3877,47,15,1,1,1,0.880836,0.97805,logprobs,DekaLLM
3878,47,17,1,1,1,0.924159,0.982328,logprobs,DekaLLM
3879,47,19,1,1,1,0.880831,0.984776,logprobs,DekaLLM
3880,47,21,1,1,1,0.880861,0.965384,logprobs,DekaLLM
3881,47,23,1,1,1,0.880831,0.980161,logprobs,DekaLLM
3882,47,25,1,1,1,0.880845,0.980062,logprobs,DekaLLM
3883,47,27,1,1,1,0.817662,0.98171,logprobs,DekaLLM
3884,47,29,1,1,1,0.622697,0.979625,logprobs,DekaLLM
3885,47,31,1,1,1,0.622615,0.980577,logprobs,DekaLLM
3886,47,33,1,1,1,0.500189,0.979169,logprobs,DekaLLM
3887,47,35,1,1,1,0.622586,0.979116,logprobs,DekaLLM
3888,47,37,1,1,1,0.731179,0.981319,logprobs,DekaLLM
3889,47,39,0,0,1,0.500189,0.966615,logprobs,DekaLLM
3890,47,41,1,1,1,0.500135,0.972122,logprobs,DekaLLM
3891,47,43,1,1,1,0.500189,0.966,logprobs,DekaLLM
3892,47,45,1,1,0,0.377749,0.965064,logprobs,DekaLLM
3893,47,47,1,1,0,0.377749,0.976134,logprobs,DekaLLM
3894,47,49,1,1,0,0.377671,0.974927,logprobs,DekaLLM
3895,47,51,1,0,1,0.500189,0.96984,logprobs,DekaLLM
3896,47,53,1,1,0,0.377702,0.972284,logprobs,DekaLLM
3897,47,55,1,1,0,0.377667,0.974838,logprobs,DekaLLM
3898,47,57,1,1,0,0.377619,0.973707,logprobs,DekaLLM
3899,47,59,1,1,1,0.500222,0.966229,logprobs,DekaLLM
3900,47,61,1,1,1,0.622697,0.964411,logprobs,DekaLLM
3901,47,63,1,1,0,0.269076,0.970152,logprobs,DekaLLM
3902,47,65,1,1,1,0.622586,0.964212,logprobs,DekaLLM
3903,47,67,1,1,1,0.622668,0.96606,logprobs,DekaLLM
3904,47,69,1,1,1,0.622668,0.961578,logprobs,DekaLLM
3905,47,71,1,1,1,0.731164,0.969285,logprobs,DekaLLM
3906,47,73,1,1,1,0.622617,0.976974,logprobs,DekaLLM
3907,47,75,1,1,1,0.622668,0.959058,logprobs,DekaLLM
3908,47,77,1,1,1,0.500189,0.976332,logprobs,DekaLLM
3909,47,79,1,1,0,0.377749,0.969417,logprobs,DekaLLM
3910,47,81,1,1,1,0.622615,0.973607,logprobs,DekaLLM
3911,47,83,1,1,1,0.500222,0.969251,logprobs,DekaLLM
3912,47,85,1,1,1,0.500222,0.978867,logprobs,DekaLLM
3913,47,87,1,1,1,0.500189,0.976521,logprobs,DekaLLM
3914,47,89,1,1,1,0.622567,0.980503,logprobs,DekaLLM
3915,47,91,1,1,0,0.377718,0.975782,logprobs,DekaLLM
3916,47,93,1,1,1,0.622635,0.980198,logprobs,DekaLLM
3917,47,95,1,1,0,0.377749,0.976958,logprobs,DekaLLM
3918,47,97,1,1,1,0.880861,0.974826,logprobs,DekaLLM
3919,47,99,1,1,1,0.817666,0.976501,logprobs,DekaLLM
3920,47,101,1,1,1,0.817666,0.978074,logprobs,DekaLLM
3921,47,103,1,1,1,0.731205,0.973536,logprobs,DekaLLM
3922,47,105,1,1,1,0.880861,0.97501,logprobs,DekaLLM
3923,47,107,1,1,1,0.817686,0.968783,logprobs,DekaLLM
3924,47,109,1,1,1,0.817693,0.956408,logprobs,DekaLLM
3925,47,111,1,1,1,0.880867,0.949148,logprobs,DekaLLM
3926,47,113,1,1,1,0.817635,0.9715,logprobs,DekaLLM
3927,47,115,1,1,1,0.500276,0.971011,logprobs,DekaLLM
3928,47,117,1,1,1,0.817646,0.971111,logprobs,DekaLLM
3929,47,119,1,1,1,0.817655,0.968337,logprobs,DekaLLM
3930,47,121,1,1,1,0.500171,0.978181,logprobs,DekaLLM
3931,47,123,1,1,0,0.119182,0.984524,logprobs,DekaLLM
3932,47,125,1,1,0,0.182377,0.9755,logprobs,DekaLLM
3933,47,127,1,1,1,0.500171,0.974353,logprobs,DekaLLM
3934,47,129,1,1,0,0.269081,0.972219,logprobs,DekaLLM
3935,47,131,1,1,1,0.500189,0.967029,logprobs,DekaLLM
3936,47,133,1,1,0,0.377806,0.962967,logprobs,DekaLLM
3937,47,135,1,1,0,0.182478,0.970571,logprobs,DekaLLM
3938,47,137,1,1,0,0.11919,0.981236,logprobs,DekaLLM
3939,47,139,0,0,0,0.269076,0.980244,logprobs,DekaLLM
3940,47,141,0,0,1,0.500222,0.974445,logprobs,DekaLLM
3941,47,143,1,1,0,0.268967,0.977763,logprobs,DekaLLM
3942,47,145,0,0,0,0.075844,0.985339,logprobs,DekaLLM
3943,47,147,0,0,0,0.119169,0.973951,logprobs,DekaLLM
3944,47,149,0,0,0,0.047417,0.977168,logprobs,DekaLLM
3945,47,151,0,0,0,0.029304,0.981665,logprobs,DekaLLM
3946,47,153,0,0,0,0.047417,0.980012,logprobs,DekaLLM
3947,47,155,0,0,0,0.119168,0.9599,logprobs,DekaLLM
3948,47,157,0,0,0,0.029303,0.96811,logprobs,DekaLLM
3949,47,159,0,0,0,0.047417,0.980607,logprobs,DekaLLM
3950,47,161,0,0,0,0.047417,0.984827,logprobs,DekaLLM
3951,47,163,0,0,0,0.017983,0.984531,logprobs,DekaLLM
3952,47,165,0,0,0,0.029304,0.981131,logprobs,DekaLLM
3953,47,167,0,0,0,0.017983,0.98527,logprobs,DekaLLM
3954,47,169,0,0,0,0.017983,0.984827,logprobs,DekaLLM
3955,47,171,0,0,0,0.029309,0.979499,logprobs,DekaLLM
3956,47,173,0,0,0,0.006692,0.989073,logprobs,DekaLLM
3957,47,175,0,0,0,0.006692,0.987332,logprobs,DekaLLM
3958,47,177,0,0,0,0.010986,0.98528,logprobs,DekaLLM
3959,47,179,0,0,0,0.017983,0.985858,logprobs,DekaLLM
3960,45,-179,0,0,0,0.047413,0.980899,logprobs,DekaLLM
3961,45,-177,0,0,0,0.010984,0.985853,logprobs,DekaLLM
3962,45,-175,0,0,0,0.010986,0.985707,logprobs,DekaLLM
3963,45,-173,0,0,0,0.010986,0.988061,logprobs,DekaLLM
3964,45,-171,0,0,0,0.010985,0.987727,logprobs,DekaLLM
3965,45,-169,0,0,0,0.00407,0.989534,logprobs,DekaLLM
3966,45,-167,0,0,0,0.006692,0.985977,logprobs,DekaLLM
3967,45,-165,0,0,0,0.006691,0.985821,logprobs,DekaLLM
3968,45,-163,0,0,0,0.004069,0.987884,logprobs,DekaLLM
3969,45,-161,0,0,0,0.010986,0.989551,logprobs,DekaLLM
3970,45,-159,0,0,0,0.006692,0.985923,logprobs,DekaLLM
3971,45,-157,0,0,0,0.017983,0.984289,logprobs,DekaLLM
3972,45,-155,0,0,0,0.010985,0.989177,logprobs,DekaLLM
3973,45,-153,0,0,0,0.006692,0.987577,logprobs,DekaLLM
3974,45,-151,0,0,0,0.029307,0.983958,logprobs,DekaLLM
3975,45,-149,0,0,0,0.119248,0.986877,logprobs,DekaLLM
3976,45,-147,0,0,0,0.182445,0.981682,logprobs,DekaLLM
3977,45,-145,0,0,0,0.047417,0.981867,logprobs,DekaLLM
3978,45,-143,0,0,0,0.017983,0.985001,logprobs,DekaLLM
3979,45,-141,0,0,0,0.119169,0.980471,logprobs,DekaLLM
3980,45,-139,0,0,0,0.075844,0.976798,logprobs,DekaLLM
3981,45,-137,0,0,0,0.017983,0.979312,logprobs,DekaLLM
3982,45,-135,0,0,0,0.075844,0.97599,logprobs,DekaLLM
3983,45,-133,0,0,0,0.006692,0.988416,logprobs,DekaLLM
3984,45,-131,0,0,0,0.017983,0.979176,logprobs,DekaLLM
3985,45,-129,0,0,0,0.010985,0.986505,logprobs,DekaLLM
3986,45,-127,0,0,0,0.029309,0.978504,logprobs,DekaLLM
3987,45,-125,0,0,0,0.029307,0.982946,logprobs,DekaLLM
3988,45,-123,1,1,0,0.377749,0.964505,logprobs,DekaLLM
3989,45,-121,1,1,1,0.731257,0.969937,logprobs,DekaLLM
3990,45,-119,1,1,1,0.731215,0.973286,logprobs,DekaLLM
3991,45,-117,1,1,1,0.924165,0.981415,logprobs,DekaLLM
3992,45,-115,1,1,1,0.817686,0.970104,logprobs,DekaLLM
3993,45,-113,1,1,1,0.924174,0.980811,logprobs,DekaLLM
3994,45,-111,1,1,1,0.924174,0.981934,logprobs,DekaLLM
3995,45,-109,1,1,1,0.924168,0.985569,logprobs,DekaLLM
3996,45,-107,1,1,1,0.952589,0.980516,logprobs,DekaLLM
3997,45,-105,1,1,1,0.95259,0.984788,logprobs,DekaLLM
3998,45,-103,1,1,1,0.924174,0.976855,logprobs,DekaLLM
3999,45,-101,1,1,1,0.880845,0.97745,logprobs,DekaLLM
4000,45,-99,1,1,1,0.731179,0.978296,logprobs,DekaLLM
4001,45,-97,1,1,1,0.924168,0.987186,logprobs,DekaLLM
4002,45,-95,1,1,1,0.817662,0.977768,logprobs,DekaLLM
4003,45,-93,1,1,1,0.817642,0.984203,logprobs,DekaLLM
4004,45,-91,1,1,1,0.731179,0.980815,logprobs,DekaLLM
4005,45,-89,1,1,1,0.817642,0.985998,logprobs,DekaLLM
4006,45,-87,1,0,1,0.622586,0.972426,logprobs,DekaLLM
4007,45,-85,1,1,0,0.377689,0.98124,logprobs,DekaLLM
4008,45,-83,1,0,1,0.622538,0.981732,logprobs,DekaLLM
4009,45,-81,1,0,1,0.500138,0.975315,logprobs,DekaLLM
4010,45,-79,1,1,1,0.500166,0.977648,logprobs,DekaLLM
4011,45,-77,1,1,1,0.731139,0.983389,logprobs,DekaLLM
4012,45,-75,1,1,1,0.817655,0.97622,logprobs,DekaLLM
4013,45,-73,1,1,1,0.731179,0.980377,logprobs,DekaLLM
4014,45,-71,1,1,1,0.622586,0.979392,logprobs,DekaLLM
4015,45,-69,1,1,1,0.622586,0.980941,logprobs,DekaLLM
4016,45,-67,1,1,0,0.182395,0.976985,logprobs,DekaLLM
4017,45,-65,1,1,0,0.182395,0.981586,logprobs,DekaLLM
4018,45,-63,1,1,0,0.26905,0.982564,logprobs,DekaLLM
4019,45,-61,0,0,0,0.029307,0.986821,logprobs,DekaLLM
4020,45,-59,0,0,0,0.017984,0.987582,logprobs,DekaLLM
4021,45,-57,0,0,0,0.04742,0.982888,logprobs,DekaLLM
4022,45,-55,0,0,0,0.017983,0.986659,logprobs,DekaLLM
4023,45,-53,0,0,0,0.04742,0.986423,logprobs,DekaLLM
4024,45,-51,0,0,0,0.010985,0.985521,logprobs,DekaLLM
4025,45,-49,0,0,0,0.006692,0.988762,logprobs,DekaLLM
4026,45,-47,0,0,0,0.00407,0.99171,logprobs,DekaLLM
4027,45,-45,0,0,0,0.119248,0.985447,logprobs,DekaLLM
4028,45,-43,0,0,0,0.017983,0.978168,logprobs,DekaLLM
4029,45,-41,0,0,0,0.010985,0.985664,logprobs,DekaLLM
4030,45,-39,0,0,0,0.029307,0.976256,logprobs,DekaLLM
4031,45,-37,0,0,0,0.006692,0.986344,logprobs,DekaLLM
4032,45,-35,0,0,0,0.04742,0.98479,logprobs,DekaLLM
4033,45,-33,0,0,0,0.047413,0.979968,logprobs,DekaLLM
4034,45,-31,0,0,0,0.010986,0.985844,logprobs,DekaLLM
4035,45,-29,0,0,0,0.010986,0.986991,logprobs,DekaLLM
4036,45,-27,0,0,0,0.017983,0.982508,logprobs,DekaLLM
4037,45,-25,0,0,0,0.029306,0.972046,logprobs,DekaLLM
4038,45,-23,0,0,0,0.075844,0.979127,logprobs,DekaLLM
4039,45,-21,0,0,0,0.029308,0.987595,logprobs,DekaLLM
4040,45,-19,0,0,0,0.029307,0.982962,logprobs,DekaLLM
4041,45,-17,0,0,0,0.182478,0.980096,logprobs,DekaLLM
4042,45,-15,0,0,0,0.119182,0.97793,logprobs,DekaLLM
4043,45,-13,0,0,0,0.11919,0.977327,logprobs,DekaLLM
4044,45,-11,0,0,0,0.07585,0.983568,logprobs,DekaLLM
4045,45,-9,0,0,0,0.268983,0.982904,logprobs,DekaLLM
4046,45,-7,0,0,0,0.377718,0.982505,logprobs,DekaLLM
4047,45,-5,0,0,0,0.269026,0.981196,logprobs,DekaLLM
4048,45,-3,0,0,1,0.731165,0.976793,logprobs,DekaLLM
4049,45,-1,1,1,1,0.500084,0.977966,logprobs,DekaLLM
4050,45,1,1,1,1,0.731165,0.962313,logprobs,DekaLLM
4051,45,3,1,1,1,0.731165,0.959729,logprobs,DekaLLM
4052,45,5,1,1,1,0.731139,0.973925,logprobs,DekaLLM
4053,45,7,1,1,1,0.817666,0.981361,logprobs,DekaLLM
4054,45,9,1,1,1,0.924168,0.983782,logprobs,DekaLLM
4055,45,11,1,1,1,0.73119,0.95922,logprobs,DekaLLM
4056,45,13,0,0,1,0.731165,0.969259,logprobs,DekaLLM
4057,45,15,1,1,1,0.880854,0.952922,logprobs,DekaLLM
4058,45,17,1,1,1,0.880831,0.977699,logprobs,DekaLLM
4059,45,19,1,1,1,0.817666,0.968806,logprobs,DekaLLM
4060,45,21,1,1,1,0.880861,0.968506,logprobs,DekaLLM
4061,45,23,1,1,1,0.924165,0.969859,logprobs,DekaLLM
4062,45,25,1,1,1,0.92417,0.96081,logprobs,DekaLLM
4063,45,27,1,1,1,0.817655,0.967619,logprobs,DekaLLM
4064,45,29,1,1,0,0.26905,0.980229,logprobs,DekaLLM
4065,45,31,0,0,0,0.377667,0.975704,logprobs,DekaLLM
4066,45,33,0,0,1,0.500222,0.968171,logprobs,DekaLLM
4067,45,35,1,1,1,0.622668,0.947242,logprobs,DekaLLM
4068,45,37,0,0,1,0.500135,0.969925,logprobs,DekaLLM
4069,45,39,1,1,1,0.500135,0.967766,logprobs,DekaLLM
4070,45,41,1,1,1,0.500135,0.972908,logprobs,DekaLLM
4071,45,43,1,1,1,0.500168,0.953854,logprobs,DekaLLM
4072,45,45,1,1,1,0.622637,0.969404,logprobs,DekaLLM
4073,45,47,1,1,1,0.500135,0.960319,logprobs,DekaLLM
4074,45,49,1,0,1,0.500189,0.9556,logprobs,DekaLLM
4075,45,51,1,0,1,0.500084,0.972105,logprobs,DekaLLM
4076,45,53,1,1,0,0.269076,0.971362,logprobs,DekaLLM
4077,45,55,1,1,0,0.377671,0.965771,logprobs,DekaLLM
4078,45,57,1,1,0,0.269076,0.962086,logprobs,DekaLLM
4079,45,59,1,1,0,0.377702,0.965941,logprobs,DekaLLM
4080,45,61,1,1,0,0.377671,0.969066,logprobs,DekaLLM
4081,45,63,1,1,0,0.26901,0.970285,logprobs,DekaLLM
4082,45,65,1,1,0,0.377749,0.953621,logprobs,DekaLLM
4083,45,67,1,1,1,0.500138,0.941416,logprobs,DekaLLM
4084,45,69,1,1,1,0.500189,0.969498,logprobs,DekaLLM
4085,45,71,1,1,1,0.500273,0.958464,logprobs,DekaLLM
4086,45,73,1,1,1,0.500084,0.969814,logprobs,DekaLLM
4087,45,75,1,1,1,0.500189,0.960285,logprobs,DekaLLM
4088,45,77,1,1,1,0.500222,0.956751,logprobs,DekaLLM
4089,45,79,1,1,1,0.500189,0.964154,logprobs,DekaLLM
4090,45,81,1,1,1,0.500138,0.971168,logprobs,DekaLLM
4091,45,83,1,1,0,0.377797,0.974148,logprobs,DekaLLM
4092,45,85,1,1,1,0.500138,0.973417,logprobs,DekaLLM
4093,45,87,1,1,1,0.500135,0.969522,logprobs,DekaLLM
4094,45,89,1,1,1,0.500138,0.972377,logprobs,DekaLLM
4095,45,91,1,1,0,0.377638,0.981212,logprobs,DekaLLM
4096,45,93,1,1,1,0.622617,0.971226,logprobs,DekaLLM
4097,45,95,1,1,1,0.622697,0.96971,logprobs,DekaLLM
4098,45,97,1,1,1,0.622586,0.973627,logprobs,DekaLLM
4099,45,99,1,1,1,0.500135,0.975358,logprobs,DekaLLM
4100,45,101,1,1,1,0.622615,0.976105,logprobs,DekaLLM
4101,45,103,1,1,1,0.817666,0.969675,logprobs,DekaLLM
4102,45,105,1,1,1,0.731179,0.964858,logprobs,DekaLLM
4103,45,107,1,1,1,0.731164,0.95797,logprobs,DekaLLM
4104,45,109,1,1,1,0.731179,0.973712,logprobs,DekaLLM
4105,45,111,1,1,1,0.731189,0.963824,logprobs,DekaLLM
4106,45,113,1,1,1,0.731179,0.973648,logprobs,DekaLLM
4107,45,115,1,1,1,0.500222,0.970068,logprobs,DekaLLM
4108,45,117,1,1,1,0.731165,0.970768,logprobs,DekaLLM
4109,45,119,1,1,1,0.622586,0.966814,logprobs,DekaLLM
4110,45,121,1,1,1,0.622668,0.966306,logprobs,DekaLLM
4111,45,123,1,1,0,0.26905,0.967747,logprobs,DekaLLM
4112,45,125,1,1,0,0.182377,0.977253,logprobs,DekaLLM
4113,45,127,1,1,0,0.269076,0.969221,logprobs,DekaLLM
4114,45,129,1,1,0,0.268984,0.969323,logprobs,DekaLLM
4115,45,131,1,1,0,0.377619,0.973043,logprobs,DekaLLM
4116,45,133,1,1,0,0.182395,0.974818,logprobs,DekaLLM
4117,45,135,1,1,1,0.500135,0.978091,logprobs,DekaLLM
4118,45,137,0,0,0,0.119182,0.977352,logprobs,DekaLLM
4119,45,139,0,0,0,0.377834,0.971285,logprobs,DekaLLM
4120,45,141,0,0,1,0.500222,0.979917,logprobs,DekaLLM
4121,45,143,0,0,0,0.11919,0.984711,logprobs,DekaLLM
4122,45,145,0,0,0,0.18249,0.984374,logprobs,DekaLLM
4123,45,147,0,0,0,0.269076,0.973434,logprobs,DekaLLM
4124,45,149,0,0,0,0.377667,0.980641,logprobs,DekaLLM
4125,45,151,0,0,0,0.119182,0.974964,logprobs,DekaLLM
4126,45,153,0,0,0,0.047413,0.980451,logprobs,DekaLLM
4127,45,155,0,0,0,0.119182,0.974879,logprobs,DekaLLM
4128,45,157,0,0,0,0.047411,0.976045,logprobs,DekaLLM
4129,45,159,0,0,0,0.075844,0.96938,logprobs,DekaLLM
4130,45,161,0,0,0,0.047417,0.9743,logprobs,DekaLLM
4131,45,163,0,0,0,0.029307,0.980704,logprobs,DekaLLM
4132,45,165,0,0,0,0.029309,0.981225,logprobs,DekaLLM
4133,45,167,0,0,0,0.017984,0.982979,logprobs,DekaLLM
4134,45,169,0,0,0,0.029307,0.987184,logprobs,DekaLLM
4135,45,171,0,0,0,0.075844,0.969912,logprobs,DekaLLM
4136,45,173,0,0,0,0.017984,0.985395,logprobs,DekaLLM
4137,45,175,0,0,0,0.029307,0.985205,logprobs,DekaLLM
4138,45,177,0,0,0,0.04742,0.981552,logprobs,DekaLLM
4139,45,179,0,0,0,0.04742,0.97916,logprobs,DekaLLM
4140,43,-179,0,0,0,0.017985,0.990302,logprobs,DekaLLM
4141,43,-177,0,0,0,0.010984,0.988771,logprobs,DekaLLM
4142,43,-175,0,0,0,0.006692,0.992837,logprobs,DekaLLM
4143,43,-173,0,0,0,0.006692,0.98858,logprobs,DekaLLM
4144,43,-171,0,0,0,0.010986,0.989741,logprobs,DekaLLM
4145,43,-169,0,0,0,0.00407,0.990074,logprobs,DekaLLM
4146,43,-167,0,0,0,0.00407,0.986138,logprobs,DekaLLM
4147,43,-165,0,0,0,0.006692,0.986769,logprobs,DekaLLM
4148,43,-163,0,0,0,0.006692,0.991523,logprobs,DekaLLM
4149,43,-161,0,0,0,0.006692,0.989625,logprobs,DekaLLM
4150,43,-159,0,0,0,0.006692,0.991328,logprobs,DekaLLM
4151,43,-157,0,0,0,0.010985,0.986276,logprobs,DekaLLM
4152,43,-155,0,0,0,0.017983,0.986496,logprobs,DekaLLM
4153,43,-153,0,0,0,0.006692,0.985394,logprobs,DekaLLM
4154,43,-151,0,0,0,0.006692,0.987644,logprobs,DekaLLM
4155,43,-149,0,0,0,0.029307,0.9848,logprobs,DekaLLM
4156,43,-147,0,0,0,0.029307,0.986785,logprobs,DekaLLM
4157,43,-145,0,0,0,0.017983,0.987488,logprobs,DekaLLM
4158,43,-143,0,0,0,0.017983,0.984317,logprobs,DekaLLM
4159,43,-141,0,0,0,0.182407,0.985324,logprobs,DekaLLM
4160,43,-139,0,0,0,0.075844,0.984139,logprobs,DekaLLM
4161,43,-137,0,0,0,0.006692,0.98696,logprobs,DekaLLM
4162,43,-135,0,0,0,0.029307,0.980338,logprobs,DekaLLM
4163,43,-133,0,0,0,0.017983,0.984349,logprobs,DekaLLM
4164,43,-131,0,0,0,0.029307,0.986599,logprobs,DekaLLM
4165,43,-129,0,0,0,0.029307,0.980938,logprobs,DekaLLM
4166,43,-127,0,0,0,0.04742,0.982219,logprobs,DekaLLM
4167,43,-125,0,0,0,0.047417,0.979451,logprobs,DekaLLM
4168,43,-123,1,1,1,0.500189,0.97693,logprobs,DekaLLM
4169,43,-121,1,1,1,0.731205,0.982202,logprobs,DekaLLM
4170,43,-119,1,1,1,0.817666,0.976924,logprobs,DekaLLM
4171,43,-117,1,1,1,0.924183,0.985808,logprobs,DekaLLM
4172,43,-115,1,1,1,0.880845,0.985854,logprobs,DekaLLM
4173,43,-113,1,1,1,0.924174,0.98156,logprobs,DekaLLM
4174,43,-111,1,1,1,0.880861,0.968869,logprobs,DekaLLM
4175,43,-109,1,1,1,0.880831,0.987054,logprobs,DekaLLM
4176,43,-107,1,1,1,0.952587,0.990488,logprobs,DekaLLM
4177,43,-105,1,1,1,0.95259,0.988957,logprobs,DekaLLM
4178,43,-103,1,1,1,0.970698,0.990617,logprobs,DekaLLM
4179,43,-101,1,1,1,0.880848,0.983966,logprobs,DekaLLM
4180,43,-99,1,1,1,0.880836,0.989015,logprobs,DekaLLM
4181,43,-97,1,1,1,0.924165,0.983819,logprobs,DekaLLM
4182,43,-95,1,1,1,0.924161,0.990232,logprobs,DekaLLM
4183,43,-93,1,1,1,0.952587,0.987745,logprobs,DekaLLM
4184,43,-91,1,1,1,0.817666,0.981772,logprobs,DekaLLM
4185,43,-89,1,1,1,0.924167,0.984276,logprobs,DekaLLM
4186,43,-87,1,0,1,0.731123,0.985099,logprobs,DekaLLM
4187,43,-85,1,1,1,0.817666,0.985119,logprobs,DekaLLM
4188,43,-83,1,1,1,0.731179,0.986229,logprobs,DekaLLM
4189,43,-81,1,1,1,0.731138,0.983879,logprobs,DekaLLM
4190,43,-79,1,1,1,0.817666,0.983614,logprobs,DekaLLM
4191,43,-77,1,1,1,0.81763,0.986489,logprobs,DekaLLM
4192,43,-75,1,1,1,0.622666,0.97302,logprobs,DekaLLM
4193,43,-73,1,1,1,0.622604,0.983184,logprobs,DekaLLM
4194,43,-71,1,1,1,0.731179,0.979,logprobs,DekaLLM
4195,43,-69,0,0,1,0.500135,0.987487,logprobs,DekaLLM
4196,43,-67,0,0,0,0.075844,0.985861,logprobs,DekaLLM
4197,43,-65,0,0,0,0.119182,0.985921,logprobs,DekaLLM
4198,43,-63,0,0,0,0.119182,0.988513,logprobs,DekaLLM
4199,43,-61,0,0,0,0.047417,0.986579,logprobs,DekaLLM
4200,43,-59,0,0,0,0.047417,0.98765,logprobs,DekaLLM
4201,43,-57,0,0,0,0.029307,0.983835,logprobs,DekaLLM
4202,43,-55,0,0,0,0.017984,0.989755,logprobs,DekaLLM
4203,43,-53,0,0,0,0.029307,0.986422,logprobs,DekaLLM
4204,43,-51,0,0,0,0.017984,0.989429,logprobs,DekaLLM
4205,43,-49,0,0,0,0.010985,0.988039,logprobs,DekaLLM
4206,43,-47,0,0,0,0.006692,0.990678,logprobs,DekaLLM
4207,43,-45,0,0,0,0.00407,0.99001,logprobs,DekaLLM
4208,43,-43,0,0,0,0.029307,0.98357,logprobs,DekaLLM
4209,43,-41,0,0,0,0.010986,0.990533,logprobs,DekaLLM
4210,43,-39,0,0,0,0.010986,0.989307,logprobs,DekaLLM
4211,43,-37,0,0,0,0.006692,0.986354,logprobs,DekaLLM
4212,43,-35,0,0,0,0.006692,0.989728,logprobs,DekaLLM
4213,43,-33,0,0,0,0.010985,0.987395,logprobs,DekaLLM
4214,43,-31,0,0,0,0.010986,0.991346,logprobs,DekaLLM
4215,43,-29,0,0,0,0.00407,0.988447,logprobs,DekaLLM
4216,43,-27,0,0,0,0.017983,0.98734,logprobs,DekaLLM
4217,43,-25,0,0,0,0.006692,0.988977,logprobs,DekaLLM
4218,43,-23,0,0,0,0.047417,0.981286,logprobs,DekaLLM
4219,43,-21,0,0,0,0.017983,0.986906,logprobs,DekaLLM
4220,43,-19,0,0,0,0.029307,0.98677,logprobs,DekaLLM
4221,43,-17,0,0,0,0.075839,0.984898,logprobs,DekaLLM
4222,43,-15,0,0,0,0.029309,0.988366,logprobs,DekaLLM
4223,43,-13,0,0,0,0.075839,0.978032,logprobs,DekaLLM
4224,43,-11,0,0,0,0.04742,0.987454,logprobs,DekaLLM
4225,43,-9,1,1,0,0.269007,0.978257,logprobs,DekaLLM
4226,43,-7,1,1,1,0.500135,0.978382,logprobs,DekaLLM
4227,43,-5,1,1,1,0.622567,0.983165,logprobs,DekaLLM
4228,43,-3,1,1,1,0.731139,0.978115,logprobs,DekaLLM
4229,43,-1,1,1,1,0.622617,0.983147,logprobs,DekaLLM
4230,43,1,1,1,1,0.731164,0.975803,logprobs,DekaLLM
4231,43,3,1,1,1,0.622646,0.976747,logprobs,DekaLLM
4232,43,5,0,0,1,0.731139,0.978035,logprobs,DekaLLM
4233,43,7,0,0,1,0.500222,0.981432,logprobs,DekaLLM
4234,43,9,0,0,1,0.622617,0.973397,logprobs,DekaLLM
4235,43,11,1,1,1,0.817686,0.971953,logprobs,DekaLLM
4236,43,13,1,1,1,0.817655,0.967809,logprobs,DekaLLM
4237,43,15,0,0,1,0.731139,0.976356,logprobs,DekaLLM
4238,43,17,0,0,1,0.731139,0.981838,logprobs,DekaLLM
4239,43,19,1,1,1,0.817642,0.985389,logprobs,DekaLLM
4240,43,21,1,1,1,0.817666,0.97923,logprobs,DekaLLM
4241,43,23,1,1,1,0.817666,0.97628,logprobs,DekaLLM
4242,43,25,1,1,1,0.88084,0.976855,logprobs,DekaLLM
4243,43,27,1,1,1,0.731139,0.978756,logprobs,DekaLLM
4244,43,29,0,0,0,0.377671,0.981696,logprobs,DekaLLM
4245,43,31,0,0,0,0.377671,0.974801,logprobs,DekaLLM
4246,43,33,0,0,0,0.377702,0.974725,logprobs,DekaLLM
4247,43,35,0,0,1,0.500189,0.976446,logprobs,DekaLLM
4248,43,37,0,0,1,0.622668,0.970489,logprobs,DekaLLM
4249,43,39,0,0,1,0.500222,0.966031,logprobs,DekaLLM
4250,43,41,1,1,0,0.377749,0.965517,logprobs,DekaLLM
4251,43,43,1,1,1,0.500138,0.95753,logprobs,DekaLLM
4252,43,45,1,1,1,0.500222,0.963489,logprobs,DekaLLM
4253,43,47,1,1,1,0.500135,0.973495,logprobs,DekaLLM
4254,43,49,1,0,1,0.622646,0.976021,logprobs,DekaLLM
4255,43,51,1,0,1,0.622668,0.968159,logprobs,DekaLLM
4256,43,53,1,1,0,0.377667,0.981499,logprobs,DekaLLM
4257,43,55,1,1,1,0.500135,0.975182,logprobs,DekaLLM
4258,43,57,1,1,1,0.500166,0.978851,logprobs,DekaLLM
4259,43,59,1,1,1,0.500138,0.975758,logprobs,DekaLLM
4260,43,61,1,1,1,0.500222,0.964066,logprobs,DekaLLM
4261,43,63,1,1,0,0.26901,0.976723,logprobs,DekaLLM
4262,43,65,1,1,1,0.500189,0.962044,logprobs,DekaLLM
4263,43,67,1,1,1,0.500135,0.974214,logprobs,DekaLLM
4264,43,69,1,1,1,0.500171,0.973824,logprobs,DekaLLM
4265,43,71,1,1,1,0.500189,0.974988,logprobs,DekaLLM
4266,43,73,1,1,1,0.622586,0.974077,logprobs,DekaLLM
4267,43,75,1,1,1,0.622586,0.970632,logprobs,DekaLLM
4268,43,77,1,1,1,0.622617,0.979145,logprobs,DekaLLM
4269,43,79,1,1,1,0.622697,0.969758,logprobs,DekaLLM
4270,43,81,1,1,1,0.500222,0.974676,logprobs,DekaLLM
4271,43,83,1,1,1,0.500135,0.977731,logprobs,DekaLLM
4272,43,85,1,1,1,0.500222,0.973191,logprobs,DekaLLM
4273,43,87,1,1,1,0.731138,0.981172,logprobs,DekaLLM
4274,43,89,1,1,1,0.880836,0.984526,logprobs,DekaLLM
4275,43,91,1,1,1,0.500064,0.981131,logprobs,DekaLLM
4276,43,93,1,1,1,0.622586,0.970662,logprobs,DekaLLM
4277,43,95,1,1,1,0.731179,0.978719,logprobs,DekaLLM
4278,43,97,1,1,1,0.73119,0.96678,logprobs,DekaLLM
4279,43,99,1,1,1,0.622586,0.973848,logprobs,DekaLLM
4280,43,101,1,1,1,0.731231,0.957432,logprobs,DekaLLM
4281,43,103,1,1,1,0.924174,0.977787,logprobs,DekaLLM
4282,43,105,1,1,1,0.817655,0.966704,logprobs,DekaLLM
4283,43,107,1,1,1,0.817666,0.976441,logprobs,DekaLLM
4284,43,109,1,1,1,0.731164,0.972871,logprobs,DekaLLM
4285,43,111,1,1,1,0.817666,0.980259,logprobs,DekaLLM
4286,43,113,1,1,1,0.731165,0.972599,logprobs,DekaLLM
4287,43,115,1,1,1,0.622586,0.976711,logprobs,DekaLLM
4288,43,117,1,1,1,0.731205,0.973754,logprobs,DekaLLM
4289,43,119,1,1,1,0.622697,0.974484,logprobs,DekaLLM
4290,43,121,1,1,1,0.731165,0.97309,logprobs,DekaLLM
4291,43,123,1,1,0,0.26901,0.977422,logprobs,DekaLLM
4292,43,125,1,1,0,0.377623,0.970965,logprobs,DekaLLM
4293,43,127,1,1,0,0.377749,0.968439,logprobs,DekaLLM
4294,43,129,1,1,0,0.269147,0.967147,logprobs,DekaLLM
4295,43,131,1,1,1,0.500273,0.974918,logprobs,DekaLLM
4296,43,133,1,1,1,0.500168,0.977443,logprobs,DekaLLM
4297,43,135,0,0,1,0.500084,0.979627,logprobs,DekaLLM
4298,43,137,0,0,0,0.377749,0.96886,logprobs,DekaLLM
4299,43,139,0,0,1,0.500253,0.980291,logprobs,DekaLLM
4300,43,141,1,1,1,0.817635,0.968399,logprobs,DekaLLM
4301,43,143,1,1,0,0.377749,0.978911,logprobs,DekaLLM
4302,43,145,1,1,0,0.182478,0.972968,logprobs,DekaLLM
4303,43,147,0,0,0,0.182478,0.9749,logprobs,DekaLLM
4304,43,149,0,0,0,0.269116,0.977039,logprobs,DekaLLM
4305,43,151,0,0,0,0.18249,0.983653,logprobs,DekaLLM
4306,43,153,0,0,0,0.075844,0.977932,logprobs,DekaLLM
4307,43,155,0,0,0,0.11924,0.979133,logprobs,DekaLLM
4308,43,157,0,0,0,0.04742,0.979117,logprobs,DekaLLM
4309,43,159,0,0,0,0.075844,0.981209,logprobs,DekaLLM
4310,43,161,0,0,0,0.182445,0.980751,logprobs,DekaLLM
4311,43,163,0,0,0,0.047417,0.982156,logprobs,DekaLLM
4312,43,165,0,0,0,0.017983,0.984657,logprobs,DekaLLM
4313,43,167,0,0,0,0.029309,0.984529,logprobs,DekaLLM
4314,43,169,0,0,0,0.029309,0.986232,logprobs,DekaLLM
4315,43,171,0,0,0,0.269066,0.984663,logprobs,DekaLLM
4316,43,173,0,0,0,0.047413,0.982205,logprobs,DekaLLM
4317,43,175,0,0,0,0.017983,0.985896,logprobs,DekaLLM
4318,43,177,0,0,0,0.029309,0.985512,logprobs,DekaLLM
4319,43,179,0,0,0,0.04742,0.982503,logprobs,DekaLLM
4320,41,-179,0,0,0,0.047417,0.983536,logprobs,DekaLLM
4321,41,-177,0,0,0,0.010985,0.986173,logprobs,DekaLLM
4322,41,-175,0,0,0,0.010985,0.985077,logprobs,DekaLLM
4323,41,-173,0,0,0,0.006692,0.986007,logprobs,DekaLLM
4324,41,-171,0,0,0,0.006692,0.988212,logprobs,DekaLLM
4325,41,-169,0,0,0,0.006692,0.990138,logprobs,DekaLLM
4326,41,-167,0,0,0,0.00407,0.989583,logprobs,DekaLLM
4327,41,-165,0,0,0,0.006692,0.99204,logprobs,DekaLLM
4328,41,-163,0,0,0,0.010985,0.981751,logprobs,DekaLLM
4329,41,-161,0,0,0,0.006692,0.987436,logprobs,DekaLLM
4330,41,-159,0,0,0,0.006692,0.987996,logprobs,DekaLLM
4331,41,-157,0,0,0,0.006692,0.989113,logprobs,DekaLLM
4332,41,-155,0,0,0,0.017983,0.984296,logprobs,DekaLLM
4333,41,-153,0,0,0,0.010985,0.987148,logprobs,DekaLLM
4334,41,-151,0,0,0,0.006692,0.985763,logprobs,DekaLLM
4335,41,-149,0,0,0,0.029307,0.979597,logprobs,DekaLLM
4336,41,-147,0,0,0,0.047411,0.981614,logprobs,DekaLLM
4337,41,-145,0,0,0,0.006692,0.985315,logprobs,DekaLLM
4338,41,-143,0,0,0,0.017984,0.98521,logprobs,DekaLLM
4339,41,-141,0,0,0,0.047417,0.986682,logprobs,DekaLLM
4340,41,-139,0,0,0,0.047417,0.975335,logprobs,DekaLLM
4341,41,-137,0,0,0,0.00407,0.991997,logprobs,DekaLLM
4342,41,-135,0,0,0,0.017983,0.986216,logprobs,DekaLLM
4343,41,-133,0,0,0,0.010985,0.985473,logprobs,DekaLLM
4344,41,-131,0,0,0,0.029307,0.983423,logprobs,DekaLLM
4345,41,-129,0,0,0,0.017983,0.984804,logprobs,DekaLLM
4346,41,-127,0,0,0,0.017983,0.979747,logprobs,DekaLLM
4347,41,-125,0,0,0,0.029307,0.989409,logprobs,DekaLLM
4348,41,-123,1,1,0,0.377702,0.979419,logprobs,DekaLLM
4349,41,-121,1,1,1,0.731179,0.979723,logprobs,DekaLLM
4350,41,-119,1,1,1,0.731179,0.981665,logprobs,DekaLLM
4351,41,-117,1,1,1,0.817686,0.980416,logprobs,DekaLLM
4352,41,-115,1,1,1,0.731179,0.982682,logprobs,DekaLLM
4353,41,-113,1,1,1,0.924174,0.982083,logprobs,DekaLLM
4354,41,-111,1,1,1,0.880861,0.984354,logprobs,DekaLLM
4355,41,-109,1,1,1,0.924168,0.984547,logprobs,DekaLLM
4356,41,-107,1,1,1,0.952594,0.988778,logprobs,DekaLLM
4357,41,-105,1,1,1,0.952601,0.981696,logprobs,DekaLLM
4358,41,-103,1,1,1,0.924185,0.978027,logprobs,DekaLLM
4359,41,-101,1,1,1,0.817666,0.984535,logprobs,DekaLLM
4360,41,-99,1,1,1,0.880861,0.975992,logprobs,DekaLLM
4361,41,-97,1,1,1,0.924174,0.986208,logprobs,DekaLLM
4362,41,-95,1,1,1,0.924161,0.985526,logprobs,DekaLLM
4363,41,-93,1,1,1,0.880845,0.981749,logprobs,DekaLLM
4364,41,-91,1,1,1,0.880861,0.975263,logprobs,DekaLLM
4365,41,-89,1,1,1,0.924168,0.991368,logprobs,DekaLLM
4366,41,-87,1,1,1,0.924168,0.987811,logprobs,DekaLLM
4367,41,-85,1,1,1,0.817646,0.978495,logprobs,DekaLLM
4368,41,-83,1,1,1,0.88084,0.975065,logprobs,DekaLLM
4369,41,-81,1,1,1,0.880861,0.984406,logprobs,DekaLLM
4370,41,-79,1,1,1,0.622617,0.980464,logprobs,DekaLLM
4371,41,-77,1,1,1,0.817642,0.98508,logprobs,DekaLLM
4372,41,-75,1,1,1,0.817666,0.984955,logprobs,DekaLLM
4373,41,-73,0,0,1,0.500171,0.97725,logprobs,DekaLLM
4374,41,-71,0,0,0,0.182459,0.983124,logprobs,DekaLLM
4375,41,-69,0,0,0,0.017983,0.988063,logprobs,DekaLLM
4376,41,-67,0,0,0,0.006692,0.986874,logprobs,DekaLLM
4377,41,-65,0,0,0,0.006692,0.992419,logprobs,DekaLLM
4378,41,-63,0,0,0,0.00407,0.989398,logprobs,DekaLLM
4379,41,-61,0,0,0,0.010986,0.989486,logprobs,DekaLLM
4380,41,-59,0,0,0,0.029307,0.985377,logprobs,DekaLLM
4381,41,-57,0,0,0,0.017983,0.985019,logprobs,DekaLLM
4382,41,-55,0,0,0,0.010985,0.984039,logprobs,DekaLLM
4383,41,-53,0,0,0,0.010985,0.990124,logprobs,DekaLLM
4384,41,-51,0,0,0,0.010986,0.985383,logprobs,DekaLLM
4385,41,-49,0,0,0,0.006692,0.990071,logprobs,DekaLLM
4386,41,-47,0,0,0,0.010986,0.990499,logprobs,DekaLLM
4387,41,-45,0,0,0,0.006692,0.987914,logprobs,DekaLLM
4388,41,-43,0,0,0,0.006692,0.988735,logprobs,DekaLLM
4389,41,-41,0,0,0,0.010985,0.985407,logprobs,DekaLLM
4390,41,-39,0,0,0,0.04742,0.980779,logprobs,DekaLLM
4391,41,-37,0,0,0,0.00407,0.988323,logprobs,DekaLLM
4392,41,-35,0,0,0,0.006692,0.992169,logprobs,DekaLLM
4393,41,-33,0,0,0,0.010985,0.985486,logprobs,DekaLLM
4394,41,-31,0,0,0,0.010986,0.985457,logprobs,DekaLLM
4395,41,-29,0,0,0,0.010985,0.98738,logprobs,DekaLLM
4396,41,-27,0,0,0,0.010986,0.990841,logprobs,DekaLLM
4397,41,-25,0,0,0,0.006692,0.990082,logprobs,DekaLLM
4398,41,-23,0,0,0,0.075844,0.982977,logprobs,DekaLLM
4399,41,-21,0,0,0,0.006692,0.987065,logprobs,DekaLLM
4400,41,-19,0,0,0,0.075844,0.97456,logprobs,DekaLLM
4401,41,-17,0,0,0,0.119248,0.984117,logprobs,DekaLLM
4402,41,-15,0,0,0,0.119182,0.98247,logprobs,DekaLLM
4403,41,-13,0,0,0,0.268901,0.971416,logprobs,DekaLLM
4404,41,-11,0,0,0,0.377667,0.982168,logprobs,DekaLLM
4405,41,-9,0,0,1,0.622586,0.984378,logprobs,DekaLLM
4406,41,-7,1,1,1,0.731164,0.974902,logprobs,DekaLLM
4407,41,-5,1,1,1,0.622617,0.974602,logprobs,DekaLLM
4408,41,-3,1,1,1,0.88084,0.980157,logprobs,DekaLLM
4409,41,-1,1,1,1,0.73119,0.970776,logprobs,DekaLLM
4410,41,1,0,0,1,0.731164,0.977056,logprobs,DekaLLM
4411,41,3,0,0,1,0.500168,0.982834,logprobs,DekaLLM
4412,41,5,0,0,1,0.500135,0.971674,logprobs,DekaLLM
4413,41,7,0,0,1,0.500135,0.98248,logprobs,DekaLLM
4414,41,9,1,1,1,0.622617,0.978452,logprobs,DekaLLM
4415,41,11,0,0,1,0.88084,0.976912,logprobs,DekaLLM
4416,41,13,0,0,1,0.73119,0.968372,logprobs,DekaLLM
4417,41,15,1,1,1,0.88084,0.97736,logprobs,DekaLLM
4418,41,17,1,1,1,0.731164,0.976024,logprobs,DekaLLM
4419,41,19,0,0,1,0.622604,0.982751,logprobs,DekaLLM
4420,41,21,1,0,1,0.731164,0.972025,logprobs,DekaLLM
4421,41,23,1,1,1,0.731164,0.972689,logprobs,DekaLLM
4422,41,25,1,1,1,0.622697,0.972082,logprobs,DekaLLM
4423,41,27,1,1,1,0.500135,0.978465,logprobs,DekaLLM
4424,41,29,0,0,1,0.500166,0.982727,logprobs,DekaLLM
4425,41,31,1,1,1,0.622646,0.972421,logprobs,DekaLLM
4426,41,33,1,1,1,0.622617,0.96394,logprobs,DekaLLM
4427,41,35,1,1,1,0.622586,0.973795,logprobs,DekaLLM
4428,41,37,1,1,1,0.500222,0.966097,logprobs,DekaLLM
4429,41,39,1,1,1,0.622586,0.974324,logprobs,DekaLLM
4430,41,41,1,1,1,0.622668,0.975493,logprobs,DekaLLM
4431,41,43,1,1,1,0.622617,0.972595,logprobs,DekaLLM
4432,41,45,1,1,1,0.622637,0.964694,logprobs,DekaLLM
4433,41,47,1,1,1,0.622586,0.973697,logprobs,DekaLLM
4434,41,49,1,1,1,0.622637,0.958477,logprobs,DekaLLM
4435,41,51,1,0,1,0.500222,0.975622,logprobs,DekaLLM
4436,41,53,1,1,1,0.500222,0.950989,logprobs,DekaLLM
4437,41,55,1,1,1,0.622586,0.973927,logprobs,DekaLLM
4438,41,57,1,1,1,0.500117,0.974375,logprobs,DekaLLM
4439,41,59,1,1,1,0.500189,0.97589,logprobs,DekaLLM
4440,41,61,1,1,1,0.622567,0.973141,logprobs,DekaLLM
4441,41,63,1,1,1,0.500135,0.974899,logprobs,DekaLLM
4442,41,65,1,1,1,0.622767,0.952403,logprobs,DekaLLM
4443,41,67,1,1,1,0.731165,0.970477,logprobs,DekaLLM
4444,41,69,1,1,1,0.731164,0.975631,logprobs,DekaLLM
4445,41,71,1,1,1,0.622697,0.972059,logprobs,DekaLLM
4446,41,73,1,1,0,0.377702,0.972599,logprobs,DekaLLM
4447,41,75,1,1,1,0.73119,0.967061,logprobs,DekaLLM
4448,41,77,1,1,1,0.731165,0.976737,logprobs,DekaLLM
4449,41,79,1,1,1,0.500222,0.970286,logprobs,DekaLLM
4450,41,81,1,1,1,0.731179,0.981502,logprobs,DekaLLM
4451,41,83,1,1,1,0.500222,0.954336,logprobs,DekaLLM
4452,41,85,1,1,1,0.500222,0.961474,logprobs,DekaLLM
4453,41,87,1,1,1,0.817666,0.977825,logprobs,DekaLLM
4454,41,89,1,1,1,0.880848,0.985253,logprobs,DekaLLM
4455,41,91,1,1,1,0.500166,0.977905,logprobs,DekaLLM
4456,41,93,1,1,1,0.731215,0.964728,logprobs,DekaLLM
4457,41,95,1,1,1,0.731179,0.976541,logprobs,DekaLLM
4458,41,97,1,1,1,0.817674,0.966184,logprobs,DekaLLM
4459,41,99,1,1,1,0.731139,0.976557,logprobs,DekaLLM
4460,41,101,1,1,1,0.731215,0.965891,logprobs,DekaLLM
4461,41,103,1,1,1,0.817666,0.978231,logprobs,DekaLLM
4462,41,105,1,1,1,0.817666,0.970705,logprobs,DekaLLM
4463,41,107,1,1,1,0.731164,0.978415,logprobs,DekaLLM
4464,41,109,1,1,1,0.817666,0.981636,logprobs,DekaLLM
4465,41,111,1,1,1,0.622615,0.974366,logprobs,DekaLLM
4466,41,113,1,1,1,0.817686,0.976999,logprobs,DekaLLM
4467,41,115,1,1,1,0.731215,0.968294,logprobs,DekaLLM
4468,41,117,1,1,1,0.731179,0.980568,logprobs,DekaLLM
4469,41,119,1,1,1,0.622637,0.97999,logprobs,DekaLLM
4470,41,121,1,1,1,0.622716,0.964157,logprobs,DekaLLM
4471,41,123,1,1,0,0.182458,0.96759,logprobs,DekaLLM
4472,41,125,1,1,1,0.500189,0.978003,logprobs,DekaLLM
4473,41,127,1,1,1,0.500222,0.979961,logprobs,DekaLLM
4474,41,129,1,1,1,0.622586,0.980539,logprobs,DekaLLM
4475,41,131,0,0,1,0.500171,0.982002,logprobs,DekaLLM
4476,41,133,0,0,0,0.269076,0.978203,logprobs,DekaLLM
4477,41,135,0,0,1,0.500189,0.96464,logprobs,DekaLLM
4478,41,137,0,0,0,0.269076,0.978486,logprobs,DekaLLM
4479,41,139,0,0,0,0.377749,0.977115,logprobs,DekaLLM
4480,41,141,0,0,1,0.500135,0.979096,logprobs,DekaLLM
4481,41,143,0,0,0,0.269033,0.977668,logprobs,DekaLLM
4482,41,145,0,0,0,0.119182,0.980592,logprobs,DekaLLM
4483,41,147,0,0,0,0.377619,0.979846,logprobs,DekaLLM
4484,41,149,0,0,1,0.500135,0.977199,logprobs,DekaLLM
4485,41,151,0,0,0,0.182395,0.982262,logprobs,DekaLLM
4486,41,153,0,0,0,0.119182,0.981754,logprobs,DekaLLM
4487,41,155,0,0,0,0.182458,0.97383,logprobs,DekaLLM
4488,41,157,0,0,0,0.075844,0.973909,logprobs,DekaLLM
4489,41,159,0,0,0,0.047417,0.975634,logprobs,DekaLLM
4490,41,161,0,0,0,0.075839,0.98147,logprobs,DekaLLM
4491,41,163,0,0,0,0.119182,0.973656,logprobs,DekaLLM
4492,41,165,0,0,0,0.047413,0.976281,logprobs,DekaLLM
4493,41,167,0,0,0,0.075835,0.969851,logprobs,DekaLLM
4494,41,169,0,0,0,0.07585,0.986587,logprobs,DekaLLM
4495,41,171,0,0,0,0.26901,0.973292,logprobs,DekaLLM
4496,41,173,0,0,0,0.11919,0.980193,logprobs,DekaLLM
4497,41,175,0,0,0,0.075844,0.976754,logprobs,DekaLLM
4498,41,177,0,0,0,0.017983,0.985077,logprobs,DekaLLM
4499,41,179,0,0,0,0.07585,0.984103,logprobs,DekaLLM
4500,39,-179,0,0,0,0.07585,0.987897,logprobs,DekaLLM
4501,39,-177,0,0,0,0.01798,0.98309,logprobs,DekaLLM
4502,39,-175,0,0,0,0.010986,0.989823,logprobs,DekaLLM
4503,39,-173,0,0,0,0.006692,0.987454,logprobs,DekaLLM
4504,39,-171,0,0,0,0.006692,0.987521,logprobs,DekaLLM
4505,39,-169,0,0,0,0.006692,0.988519,logprobs,DekaLLM
4506,39,-167,0,0,0,0.006692,0.985745,logprobs,DekaLLM
4507,39,-165,0,0,0,0.006692,0.990972,logprobs,DekaLLM
4508,39,-163,0,0,0,0.017984,0.989747,logprobs,DekaLLM
4509,39,-161,0,0,0,0.010985,0.992512,logprobs,DekaLLM
4510,39,-159,0,0,0,0.006692,0.989632,logprobs,DekaLLM
4511,39,-157,0,0,0,0.017983,0.979974,logprobs,DekaLLM
4512,39,-155,0,0,0,0.017983,0.988832,logprobs,DekaLLM
4513,39,-153,0,0,0,0.010985,0.987633,logprobs,DekaLLM
4514,39,-151,0,0,0,0.017983,0.98764,logprobs,DekaLLM
4515,39,-149,0,0,0,0.010985,0.991334,logprobs,DekaLLM
4516,39,-147,0,0,0,0.017983,0.98843,logprobs,DekaLLM
4517,39,-145,0,0,0,0.017984,0.992778,logprobs,DekaLLM
4518,39,-143,0,0,0,0.017983,0.98537,logprobs,DekaLLM
4519,39,-141,0,0,0,0.075844,0.985954,logprobs,DekaLLM
4520,39,-139,0,0,0,0.017983,0.988861,logprobs,DekaLLM
4521,39,-137,0,0,0,0.010986,0.98981,logprobs,DekaLLM
4522,39,-135,0,0,0,0.075844,0.98221,logprobs,DekaLLM
4523,39,-133,0,0,0,0.017984,0.983454,logprobs,DekaLLM
4524,39,-131,0,0,0,0.017983,0.983321,logprobs,DekaLLM
4525,39,-129,0,0,0,0.029304,0.983478,logprobs,DekaLLM
4526,39,-127,0,0,0,0.029307,0.982136,logprobs,DekaLLM
4527,39,-125,0,0,0,0.017983,0.986199,logprobs,DekaLLM
4528,39,-123,1,1,1,0.622586,0.981694,logprobs,DekaLLM
4529,39,-121,1,1,1,0.817642,0.981231,logprobs,DekaLLM
4530,39,-119,1,1,1,0.817662,0.984483,logprobs,DekaLLM
4531,39,-117,1,1,1,0.880845,0.988394,logprobs,DekaLLM
4532,39,-115,1,1,1,0.880858,0.984974,logprobs,DekaLLM
4533,39,-113,1,1,1,0.924183,0.98444,logprobs,DekaLLM
4534,39,-111,1,1,1,0.924174,0.982313,logprobs,DekaLLM
4535,39,-109,1,1,1,0.952595,0.985486,logprobs,DekaLLM
4536,39,-107,1,1,1,0.952595,0.985215,logprobs,DekaLLM
4537,39,-105,1,1,1,0.970702,0.990621,logprobs,DekaLLM
4538,39,-103,1,1,1,0.952601,0.984387,logprobs,DekaLLM
4539,39,-101,1,1,1,0.880858,0.978464,logprobs,DekaLLM
4540,39,-99,1,1,1,0.952587,0.988101,logprobs,DekaLLM
4541,39,-97,1,1,1,0.970698,0.989633,logprobs,DekaLLM
4542,39,-95,1,1,1,0.880845,0.983412,logprobs,DekaLLM
4543,39,-93,1,1,1,0.952594,0.979309,logprobs,DekaLLM
4544,39,-91,1,1,1,0.817635,0.980244,logprobs,DekaLLM
4545,39,-89,1,1,1,0.924174,0.989045,logprobs,DekaLLM
4546,39,-87,1,1,1,0.880845,0.979155,logprobs,DekaLLM
4547,39,-85,1,1,1,0.880845,0.979761,logprobs,DekaLLM
4548,39,-83,1,1,1,0.970696,0.984337,logprobs,DekaLLM
4549,39,-81,1,1,1,0.731179,0.978328,logprobs,DekaLLM
4550,39,-79,1,1,1,0.622668,0.976705,logprobs,DekaLLM
4551,39,-77,1,1,1,0.924165,0.983776,logprobs,DekaLLM
4552,39,-75,0,0,1,0.622604,0.984976,logprobs,DekaLLM
4553,39,-73,0,0,0,0.047417,0.985398,logprobs,DekaLLM
4554,39,-71,0,0,0,0.010986,0.986755,logprobs,DekaLLM
4555,39,-69,0,0,0,0.002472,0.99146,logprobs,DekaLLM
4556,39,-67,0,0,0,0.006692,0.988557,logprobs,DekaLLM
4557,39,-65,0,0,0,0.00407,0.986497,logprobs,DekaLLM
4558,39,-63,0,0,0,0.010986,0.989595,logprobs,DekaLLM
4559,39,-61,0,0,0,0.010986,0.988736,logprobs,DekaLLM
4560,39,-59,0,0,0,0.006692,0.990741,logprobs,DekaLLM
4561,39,-57,0,0,0,0.006692,0.991211,logprobs,DekaLLM
4562,39,-55,0,0,0,0.010986,0.98788,logprobs,DekaLLM
4563,39,-53,0,0,0,0.006692,0.990969,logprobs,DekaLLM
4564,39,-51,0,0,0,0.010986,0.985448,logprobs,DekaLLM
4565,39,-49,0,0,0,0.010986,0.988578,logprobs,DekaLLM
4566,39,-47,0,0,0,0.00407,0.988909,logprobs,DekaLLM
4567,39,-45,0,0,0,0.00407,0.98974,logprobs,DekaLLM
4568,39,-43,0,0,0,0.002472,0.993598,logprobs,DekaLLM
4569,39,-41,0,0,0,0.006692,0.990664,logprobs,DekaLLM
4570,39,-39,0,0,0,0.029309,0.981943,logprobs,DekaLLM
4571,39,-37,0,0,0,0.010985,0.984307,logprobs,DekaLLM
4572,39,-35,0,0,0,0.00407,0.990619,logprobs,DekaLLM
4573,39,-33,0,0,0,0.010986,0.986924,logprobs,DekaLLM
4574,39,-31,0,0,0,0.010986,0.986112,logprobs,DekaLLM
4575,39,-29,0,0,0,0.017983,0.987086,logprobs,DekaLLM
4576,39,-27,0,0,0,0.017984,0.990725,logprobs,DekaLLM
4577,39,-25,0,0,0,0.017984,0.988456,logprobs,DekaLLM
4578,39,-23,0,0,0,0.017983,0.986646,logprobs,DekaLLM
4579,39,-21,0,0,0,0.017984,0.986479,logprobs,DekaLLM
4580,39,-19,0,0,0,0.047413,0.982885,logprobs,DekaLLM
4581,39,-17,0,0,0,0.119182,0.989947,logprobs,DekaLLM
4582,39,-15,0,0,0,0.182459,0.981213,logprobs,DekaLLM
4583,39,-13,0,0,0,0.18254,0.984476,logprobs,DekaLLM
4584,39,-11,0,0,0,0.377749,0.981033,logprobs,DekaLLM
4585,39,-9,1,1,1,0.731139,0.986502,logprobs,DekaLLM
4586,39,-7,1,1,1,0.731139,0.982999,logprobs,DekaLLM
4587,39,-5,1,1,1,0.731165,0.97416,logprobs,DekaLLM
4588,39,-3,1,1,1,0.817635,0.986585,logprobs,DekaLLM
4589,39,-1,1,1,1,0.622617,0.977205,logprobs,DekaLLM
4590,39,1,0,0,1,0.622586,0.980967,logprobs,DekaLLM
4591,39,3,0,0,0,0.269026,0.985913,logprobs,DekaLLM
4592,39,5,0,0,0,0.377698,0.984012,logprobs,DekaLLM
4593,39,7,0,0,1,0.500135,0.971733,logprobs,DekaLLM
4594,39,9,1,1,1,0.500168,0.980625,logprobs,DekaLLM
4595,39,11,0,0,1,0.622555,0.982104,logprobs,DekaLLM
4596,39,13,0,0,1,0.731139,0.979673,logprobs,DekaLLM
4597,39,15,0,0,1,0.622586,0.982333,logprobs,DekaLLM
4598,39,17,1,1,1,0.622586,0.977181,logprobs,DekaLLM
4599,39,19,0,0,1,0.500222,0.976545,logprobs,DekaLLM
4600,39,21,0,0,1,0.500222,0.974446,logprobs,DekaLLM
4601,39,23,1,1,1,0.622586,0.982608,logprobs,DekaLLM
4602,39,25,0,0,1,0.622567,0.986513,logprobs,DekaLLM
4603,39,27,1,1,1,0.731153,0.980517,logprobs,DekaLLM
4604,39,29,1,1,1,0.817666,0.977043,logprobs,DekaLLM
4605,39,31,1,1,1,0.731179,0.978957,logprobs,DekaLLM
4606,39,33,1,1,1,0.817674,0.965542,logprobs,DekaLLM
4607,39,35,1,1,1,0.731164,0.969186,logprobs,DekaLLM
4608,39,37,1,1,1,0.622586,0.974966,logprobs,DekaLLM
4609,39,39,1,1,1,0.622668,0.971038,logprobs,DekaLLM
4610,39,41,1,1,1,0.500222,0.97822,logprobs,DekaLLM
4611,39,43,1,1,1,0.622617,0.964453,logprobs,DekaLLM
4612,39,45,1,1,1,0.731179,0.981572,logprobs,DekaLLM
4613,39,47,1,1,1,0.622666,0.973766,logprobs,DekaLLM
4614,39,49,1,0,1,0.731165,0.975562,logprobs,DekaLLM
4615,39,51,1,0,1,0.622668,0.971342,logprobs,DekaLLM
4616,39,53,1,0,1,0.731179,0.978283,logprobs,DekaLLM
4617,39,55,1,1,1,0.622586,0.979088,logprobs,DekaLLM
4618,39,57,1,1,1,0.622604,0.982901,logprobs,DekaLLM
4619,39,59,1,1,1,0.500222,0.974571,logprobs,DekaLLM
4620,39,61,1,1,1,0.622697,0.969701,logprobs,DekaLLM
4621,39,63,1,1,1,0.500138,0.978267,logprobs,DekaLLM
4622,39,65,1,1,1,0.817666,0.979983,logprobs,DekaLLM
4623,39,67,1,1,1,0.622697,0.973398,logprobs,DekaLLM
4624,39,69,1,1,1,0.817635,0.9746,logprobs,DekaLLM
4625,39,71,1,1,1,0.731179,0.978819,logprobs,DekaLLM
4626,39,73,1,1,0,0.075835,0.96902,logprobs,DekaLLM
4627,39,75,1,1,1,0.500171,0.979873,logprobs,DekaLLM
4628,39,77,1,1,1,0.952595,0.977524,logprobs,DekaLLM
4629,39,79,1,1,1,0.731257,0.965447,logprobs,DekaLLM
4630,39,81,1,1,1,0.622646,0.971161,logprobs,DekaLLM
4631,39,83,1,1,1,0.731165,0.968761,logprobs,DekaLLM
4632,39,85,1,1,1,0.731164,0.966138,logprobs,DekaLLM
4633,39,87,1,1,1,0.622586,0.975487,logprobs,DekaLLM
4634,39,89,1,1,1,0.731205,0.978615,logprobs,DekaLLM
4635,39,91,1,1,1,0.500117,0.980188,logprobs,DekaLLM
4636,39,93,1,1,1,0.731215,0.9672,logprobs,DekaLLM
4637,39,95,1,1,1,0.817646,0.981966,logprobs,DekaLLM
4638,39,97,1,1,1,0.880845,0.977598,logprobs,DekaLLM
4639,39,99,1,1,1,0.880845,0.98185,logprobs,DekaLLM
4640,39,101,1,1,1,0.817635,0.976338,logprobs,DekaLLM
4641,39,103,1,1,1,0.924194,0.976051,logprobs,DekaLLM
4642,39,105,1,1,1,0.880845,0.977379,logprobs,DekaLLM
4643,39,107,1,1,1,0.817635,0.978592,logprobs,DekaLLM
4644,39,109,1,1,1,0.817686,0.978486,logprobs,DekaLLM
4645,39,111,1,1,1,0.817646,0.97441,logprobs,DekaLLM
4646,39,113,1,1,1,0.731215,0.973588,logprobs,DekaLLM
4647,39,115,1,1,1,0.731179,0.982581,logprobs,DekaLLM
4648,39,117,1,1,1,0.731215,0.977748,logprobs,DekaLLM
4649,39,119,0,0,1,0.622646,0.980582,logprobs,DekaLLM
4650,39,121,0,0,1,0.500168,0.979442,logprobs,DekaLLM
4651,39,123,0,0,0,0.11924,0.976758,logprobs,DekaLLM
4652,39,125,0,0,0,0.377749,0.984201,logprobs,DekaLLM
4653,39,127,1,1,1,0.500199,0.979556,logprobs,DekaLLM
4654,39,129,0,0,1,0.500222,0.960656,logprobs,DekaLLM
4655,39,131,0,0,0,0.269076,0.982825,logprobs,DekaLLM
4656,39,133,0,0,0,0.182457,0.981885,logprobs,DekaLLM
4657,39,135,0,0,0,0.377718,0.971097,logprobs,DekaLLM
4658,39,137,0,0,0,0.269076,0.976177,logprobs,DekaLLM
4659,39,139,0,0,0,0.377698,0.983738,logprobs,DekaLLM
4660,39,141,1,1,1,0.500166,0.984172,logprobs,DekaLLM
4661,39,143,0,0,0,0.182395,0.980807,logprobs,DekaLLM
4662,39,145,0,0,0,0.047413,0.979835,logprobs,DekaLLM
4663,39,147,0,0,0,0.11924,0.979361,logprobs,DekaLLM
4664,39,149,0,0,1,0.500135,0.976071,logprobs,DekaLLM
4665,39,151,0,0,0,0.075844,0.981637,logprobs,DekaLLM
4666,39,153,0,0,0,0.075844,0.978159,logprobs,DekaLLM
4667,39,155,0,0,0,0.075835,0.980316,logprobs,DekaLLM
4668,39,157,0,0,0,0.029304,0.989724,logprobs,DekaLLM
4669,39,159,0,0,0,0.029309,0.984122,logprobs,DekaLLM
4670,39,161,0,0,0,0.047417,0.976842,logprobs,DekaLLM
4671,39,163,0,0,0,0.047417,0.974229,logprobs,DekaLLM
4672,39,165,0,0,0,0.075844,0.979117,logprobs,DekaLLM
4673,39,167,0,0,0,0.047417,0.979774,logprobs,DekaLLM
4674,39,169,0,0,0,0.119169,0.976602,logprobs,DekaLLM
4675,39,171,0,0,0,0.119169,0.975873,logprobs,DekaLLM
4676,39,173,0,0,0,0.029307,0.976202,logprobs,DekaLLM
4677,39,175,0,0,0,0.017983,0.99031,logprobs,DekaLLM
4678,39,177,0,0,0,0.029307,0.98263,logprobs,DekaLLM
4679,39,179,0,0,0,0.07585,0.988885,logprobs,DekaLLM
4680,37,-179,0,0,0,0.029309,0.991812,logprobs,DekaLLM
4681,37,-177,0,0,0,0.017984,0.990238,logprobs,DekaLLM
4682,37,-175,0,0,0,0.006692,0.992475,logprobs,DekaLLM
4683,37,-173,0,0,0,0.006692,0.988803,logprobs,DekaLLM
4684,37,-171,0,0,0,0.006692,0.987568,logprobs,DekaLLM
4685,37,-169,0,0,0,0.006692,0.986003,logprobs,DekaLLM
4686,37,-167,0,0,0,0.010985,0.986103,logprobs,DekaLLM
4687,37,-165,0,0,0,0.017983,0.987176,logprobs,DekaLLM
4688,37,-163,0,0,0,0.006692,0.9874,logprobs,DekaLLM
4689,37,-161,0,0,0,0.00407,0.98796,logprobs,DekaLLM
4690,37,-159,0,0,0,0.006692,0.98905,logprobs,DekaLLM
4691,37,-157,0,0,0,0.010984,0.988516,logprobs,DekaLLM
4692,37,-155,0,0,0,0.010985,0.991004,logprobs,DekaLLM
4693,37,-153,0,0,0,0.006692,0.98776,logprobs,DekaLLM
4694,37,-151,0,0,0,0.00407,0.991174,logprobs,DekaLLM
4695,37,-149,0,0,0,0.047413,0.983732,logprobs,DekaLLM
4696,37,-147,0,0,0,0.075844,0.980614,logprobs,DekaLLM
4697,37,-145,0,0,0,0.010985,0.98362,logprobs,DekaLLM
4698,37,-143,0,0,0,0.006692,0.98617,logprobs,DekaLLM
4699,37,-141,0,0,0,0.029307,0.982218,logprobs,DekaLLM
4700,37,-139,0,0,0,0.029303,0.981056,logprobs,DekaLLM
4701,37,-137,0,0,0,0.006692,0.992346,logprobs,DekaLLM
4702,37,-135,0,0,0,0.029307,0.983214,logprobs,DekaLLM
4703,37,-133,0,0,0,0.010983,0.981563,logprobs,DekaLLM
4704,37,-131,0,0,0,0.017984,0.971192,logprobs,DekaLLM
4705,37,-129,0,0,0,0.006692,0.987013,logprobs,DekaLLM
4706,37,-127,0,0,0,0.01798,0.983265,logprobs,DekaLLM
4707,37,-125,0,0,0,0.00407,0.99049,logprobs,DekaLLM
4708,37,-123,0,0,0,0.119169,0.981559,logprobs,DekaLLM
4709,37,-121,1,1,1,0.880836,0.990348,logprobs,DekaLLM
4710,37,-119,1,1,1,0.880845,0.984172,logprobs,DekaLLM
4711,37,-117,1,1,1,0.924161,0.987477,logprobs,DekaLLM
4712,37,-115,1,1,1,0.952594,0.989545,logprobs,DekaLLM
4713,37,-113,1,1,1,0.924174,0.984841,logprobs,DekaLLM
4714,37,-111,1,1,1,0.924168,0.988969,logprobs,DekaLLM
4715,37,-109,1,1,1,0.952591,0.98821,logprobs,DekaLLM
4716,37,-107,1,1,1,0.952595,0.98533,logprobs,DekaLLM
4717,37,-105,1,1,1,0.970698,0.989804,logprobs,DekaLLM
4718,37,-103,1,1,1,0.970695,0.989253,logprobs,DekaLLM
4719,37,-101,1,1,1,0.880858,0.981251,logprobs,DekaLLM
4720,37,-99,1,1,1,0.952595,0.984205,logprobs,DekaLLM
4721,37,-97,1,1,1,0.970693,0.988033,logprobs,DekaLLM
4722,37,-95,1,1,1,0.924174,0.981065,logprobs,DekaLLM
4723,37,-93,1,1,1,0.970698,0.984971,logprobs,DekaLLM
4724,37,-91,1,1,1,0.731147,0.984183,logprobs,DekaLLM
4725,37,-89,1,1,1,0.731139,0.982617,logprobs,DekaLLM
4726,37,-87,1,1,1,0.731179,0.982634,logprobs,DekaLLM
4727,37,-85,1,1,1,0.817666,0.977049,logprobs,DekaLLM
4728,37,-83,1,1,1,0.92418,0.966332,logprobs,DekaLLM
4729,37,-81,1,1,1,0.880845,0.97838,logprobs,DekaLLM
4730,37,-79,1,1,1,0.880836,0.984725,logprobs,DekaLLM
4731,37,-77,1,1,1,0.731164,0.980497,logprobs,DekaLLM
4732,37,-75,0,0,0,0.119182,0.988496,logprobs,DekaLLM
4733,37,-73,0,0,0,0.047417,0.985415,logprobs,DekaLLM
4734,37,-71,0,0,0,0.010984,0.985386,logprobs,DekaLLM
4735,37,-69,0,0,0,0.010985,0.987031,logprobs,DekaLLM
4736,37,-67,0,0,0,0.010986,0.98826,logprobs,DekaLLM
4737,37,-65,0,0,0,0.010986,0.990506,logprobs,DekaLLM
4738,37,-63,0,0,0,0.017982,0.986301,logprobs,DekaLLM
4739,37,-61,0,0,0,0.017984,0.98688,logprobs,DekaLLM
4740,37,-59,0,0,0,0.006692,0.983846,logprobs,DekaLLM
4741,37,-57,0,0,0,0.010986,0.988525,logprobs,DekaLLM
4742,37,-55,0,0,0,0.010985,0.983046,logprobs,DekaLLM
4743,37,-53,0,0,0,0.006692,0.989669,logprobs,DekaLLM
4744,37,-51,0,0,0,0.010986,0.990353,logprobs,DekaLLM
4745,37,-49,0,0,0,0.010986,0.987998,logprobs,DekaLLM
4746,37,-47,0,0,0,0.006692,0.992618,logprobs,DekaLLM
4747,37,-45,0,0,0,0.010985,0.987613,logprobs,DekaLLM
4748,37,-43,0,0,0,0.006692,0.991859,logprobs,DekaLLM
4749,37,-41,0,0,0,0.00407,0.988288,logprobs,DekaLLM
4750,37,-39,0,0,0,0.029309,0.982151,logprobs,DekaLLM
4751,37,-37,0,0,0,0.075844,0.983201,logprobs,DekaLLM
4752,37,-35,0,0,0,0.017983,0.989835,logprobs,DekaLLM
4753,37,-33,0,0,0,0.029307,0.984272,logprobs,DekaLLM
4754,37,-31,0,0,0,0.010986,0.983896,logprobs,DekaLLM
4755,37,-29,0,0,0,0.04742,0.985605,logprobs,DekaLLM
4756,37,-27,0,0,0,0.006692,0.991255,logprobs,DekaLLM
4757,37,-25,0,0,0,0.029309,0.984234,logprobs,DekaLLM
4758,37,-23,0,0,0,0.029309,0.988046,logprobs,DekaLLM
4759,37,-21,0,0,0,0.029307,0.9878,logprobs,DekaLLM
4760,37,-19,0,0,0,0.047417,0.9831,logprobs,DekaLLM
4761,37,-17,0,0,0,0.182407,0.982694,logprobs,DekaLLM
4762,37,-15,0,0,0,0.269116,0.97889,logprobs,DekaLLM
4763,37,-13,0,0,0,0.269076,0.9776,logprobs,DekaLLM
4764,37,-11,0,0,0,0.377667,0.983547,logprobs,DekaLLM
4765,37,-9,0,0,0,0.377671,0.985264,logprobs,DekaLLM
4766,37,-7,0,0,1,0.500135,0.984471,logprobs,DekaLLM
4767,37,-5,1,1,1,0.622586,0.982502,logprobs,DekaLLM
4768,37,-3,1,1,1,0.817686,0.981468,logprobs,DekaLLM
4769,37,-1,0,0,1,0.622668,0.976635,logprobs,DekaLLM
4770,37,1,0,0,1,0.500135,0.979012,logprobs,DekaLLM
4771,37,3,0,0,1,0.500135,0.977617,logprobs,DekaLLM
4772,37,5,0,0,1,0.500168,0.982305,logprobs,DekaLLM
4773,37,7,0,0,1,0.500168,0.980699,logprobs,DekaLLM
4774,37,9,1,1,1,0.500222,0.97934,logprobs,DekaLLM
4775,37,11,1,1,1,0.622586,0.978476,logprobs,DekaLLM
4776,37,13,0,0,1,0.622586,0.979128,logprobs,DekaLLM
4777,37,15,1,1,1,0.622586,0.972608,logprobs,DekaLLM
4778,37,17,0,0,1,0.500222,0.97162,logprobs,DekaLLM
4779,37,19,0,0,0,0.377749,0.981788,logprobs,DekaLLM
4780,37,21,0,0,1,0.500168,0.980292,logprobs,DekaLLM
4781,37,23,1,1,1,0.731165,0.977085,logprobs,DekaLLM
4782,37,25,0,0,0,0.268967,0.981242,logprobs,DekaLLM
4783,37,27,1,1,1,0.622586,0.979962,logprobs,DekaLLM
4784,37,29,1,1,1,0.500222,0.977462,logprobs,DekaLLM
4785,37,31,1,1,1,0.73119,0.971221,logprobs,DekaLLM
4786,37,33,1,1,1,0.731164,0.97011,logprobs,DekaLLM
4787,37,35,1,1,1,0.622637,0.965882,logprobs,DekaLLM
4788,37,37,1,1,1,0.622668,0.97636,logprobs,DekaLLM
4789,37,39,1,1,1,0.731165,0.970345,logprobs,DekaLLM
4790,37,41,1,1,1,0.622668,0.967985,logprobs,DekaLLM
4791,37,43,1,1,1,0.731165,0.970753,logprobs,DekaLLM
4792,37,45,1,1,1,0.622637,0.96245,logprobs,DekaLLM
4793,37,47,1,1,1,0.622637,0.973753,logprobs,DekaLLM
4794,37,49,1,1,1,0.622617,0.979285,logprobs,DekaLLM
4795,37,51,1,0,1,0.500222,0.975402,logprobs,DekaLLM
4796,37,53,1,0,1,0.622586,0.974067,logprobs,DekaLLM
4797,37,55,1,1,1,0.622586,0.97795,logprobs,DekaLLM
4798,37,57,1,1,1,0.622586,0.982095,logprobs,DekaLLM
4799,37,59,1,1,1,0.622586,0.972588,logprobs,DekaLLM
4800,37,61,1,1,1,0.622615,0.973889,logprobs,DekaLLM
4801,37,63,1,1,1,0.622586,0.980801,logprobs,DekaLLM
4802,37,65,1,1,1,0.622646,0.972194,logprobs,DekaLLM
4803,37,67,1,1,1,0.622586,0.966749,logprobs,DekaLLM
4804,37,69,1,1,1,0.731179,0.974429,logprobs,DekaLLM
4805,37,71,1,1,1,0.731153,0.976912,logprobs,DekaLLM
4806,37,73,1,1,1,0.731205,0.978464,logprobs,DekaLLM
4807,37,75,1,1,0,0.182459,0.98165,logprobs,DekaLLM
4808,37,77,1,1,1,0.622604,0.984127,logprobs,DekaLLM
4809,37,79,1,1,1,0.622604,0.986228,logprobs,DekaLLM
4810,37,81,1,1,1,0.622586,0.967478,logprobs,DekaLLM
4811,37,83,1,1,1,0.622697,0.973261,logprobs,DekaLLM
4812,37,85,1,1,1,0.500222,0.962961,logprobs,DekaLLM
4813,37,87,1,1,1,0.622586,0.970257,logprobs,DekaLLM
4814,37,89,1,1,0,0.377749,0.980304,logprobs,DekaLLM
4815,37,91,1,1,1,0.500222,0.97459,logprobs,DekaLLM
4816,37,93,1,1,1,0.622697,0.974831,logprobs,DekaLLM
4817,37,95,1,1,1,0.817666,0.97501,logprobs,DekaLLM
4818,37,97,1,1,1,0.924162,0.984158,logprobs,DekaLLM
4819,37,99,1,1,1,0.817666,0.977562,logprobs,DekaLLM
4820,37,101,1,1,1,0.73119,0.969101,logprobs,DekaLLM
4821,37,103,1,1,1,0.880858,0.982615,logprobs,DekaLLM
4822,37,105,1,1,1,0.924174,0.984784,logprobs,DekaLLM
4823,37,107,1,1,1,0.817642,0.985456,logprobs,DekaLLM
4824,37,109,1,1,1,0.88084,0.966956,logprobs,DekaLLM
4825,37,111,1,1,1,0.73119,0.964996,logprobs,DekaLLM
4826,37,113,1,1,1,0.73119,0.977951,logprobs,DekaLLM
4827,37,115,1,1,1,0.731189,0.982732,logprobs,DekaLLM
4828,37,117,1,1,1,0.731205,0.972801,logprobs,DekaLLM
4829,37,119,1,1,1,0.817674,0.963502,logprobs,DekaLLM
4830,37,121,1,1,1,0.622586,0.978192,logprobs,DekaLLM
4831,37,123,0,0,0,0.047411,0.982509,logprobs,DekaLLM
4832,37,125,0,0,0,0.182407,0.986564,logprobs,DekaLLM
4833,37,127,1,1,1,0.817646,0.988384,logprobs,DekaLLM
4834,37,129,1,1,0,0.377698,0.983953,logprobs,DekaLLM
4835,37,131,0,0,0,0.075839,0.98134,logprobs,DekaLLM
4836,37,133,0,0,0,0.047417,0.984925,logprobs,DekaLLM
4837,37,135,0,0,1,0.817635,0.976075,logprobs,DekaLLM
4838,37,137,1,1,0,0.377749,0.978557,logprobs,DekaLLM
4839,37,139,1,1,1,0.500222,0.978452,logprobs,DekaLLM
4840,37,141,0,0,1,0.500135,0.982981,logprobs,DekaLLM
4841,37,143,0,0,0,0.268943,0.982568,logprobs,DekaLLM
4842,37,145,0,0,0,0.269076,0.984443,logprobs,DekaLLM
4843,37,147,0,0,0,0.269116,0.978999,logprobs,DekaLLM
4844,37,149,0,0,1,0.500135,0.982607,logprobs,DekaLLM
4845,37,151,0,0,0,0.182478,0.98484,logprobs,DekaLLM
4846,37,153,0,0,0,0.119169,0.980038,logprobs,DekaLLM
4847,37,155,0,0,0,0.075839,0.981571,logprobs,DekaLLM
4848,37,157,0,0,0,0.047417,0.980803,logprobs,DekaLLM
4849,37,159,0,0,0,0.047417,0.985594,logprobs,DekaLLM
4850,37,161,0,0,0,0.11924,0.979508,logprobs,DekaLLM
4851,37,163,0,0,0,0.119182,0.978248,logprobs,DekaLLM
4852,37,165,0,0,0,0.119227,0.983359,logprobs,DekaLLM
4853,37,167,0,0,0,0.047413,0.983445,logprobs,DekaLLM
4854,37,169,0,0,0,0.047418,0.985555,logprobs,DekaLLM
4855,37,171,0,0,0,0.07585,0.980707,logprobs,DekaLLM
4856,37,173,0,0,0,0.047417,0.985068,logprobs,DekaLLM
4857,37,175,0,0,0,0.017984,0.987308,logprobs,DekaLLM
4858,37,177,0,0,0,0.017984,0.98668,logprobs,DekaLLM
4859,37,179,0,0,0,0.075844,0.981001,logprobs,DekaLLM
4860,35,-179,0,0,0,0.029307,0.988329,logprobs,DekaLLM
4861,35,-177,0,0,0,0.017983,0.983811,logprobs,DekaLLM
4862,35,-175,0,0,0,0.017983,0.985484,logprobs,DekaLLM
4863,35,-173,0,0,0,0.010986,0.988086,logprobs,DekaLLM
4864,35,-171,0,0,0,0.010986,0.987536,logprobs,DekaLLM
4865,35,-169,0,0,0,0.006692,0.98928,logprobs,DekaLLM
4866,35,-167,0,0,0,0.00407,0.988045,logprobs,DekaLLM
4867,35,-165,0,0,0,0.006692,0.987713,logprobs,DekaLLM
4868,35,-163,0,0,0,0.006692,0.987855,logprobs,DekaLLM
4869,35,-161,0,0,0,0.006692,0.993021,logprobs,DekaLLM
4870,35,-159,0,0,0,0.006691,0.988815,logprobs,DekaLLM
4871,35,-157,0,0,0,0.010986,0.990966,logprobs,DekaLLM
4872,35,-155,0,0,0,0.010985,0.984271,logprobs,DekaLLM
4873,35,-153,0,0,0,0.010984,0.987534,logprobs,DekaLLM
4874,35,-151,0,0,0,0.006691,0.987474,logprobs,DekaLLM
4875,35,-149,0,0,0,0.075844,0.986898,logprobs,DekaLLM
4876,35,-147,0,0,0,0.04742,0.982552,logprobs,DekaLLM
4877,35,-145,0,0,0,0.006692,0.989508,logprobs,DekaLLM
4878,35,-143,0,0,0,0.010985,0.984029,logprobs,DekaLLM
4879,35,-141,0,0,0,0.029307,0.984442,logprobs,DekaLLM
4880,35,-139,0,0,0,0.119169,0.981804,logprobs,DekaLLM
4881,35,-137,0,0,0,0.010986,0.98861,logprobs,DekaLLM
4882,35,-135,0,0,0,0.075844,0.981709,logprobs,DekaLLM
4883,35,-133,0,0,0,0.017981,0.981649,logprobs,DekaLLM
4884,35,-131,0,0,0,0.029307,0.986738,logprobs,DekaLLM
4885,35,-129,0,0,0,0.017981,0.983623,logprobs,DekaLLM
4886,35,-127,0,0,0,0.075839,0.983939,logprobs,DekaLLM
4887,35,-125,0,0,0,0.017983,0.988346,logprobs,DekaLLM
4888,35,-123,0,0,0,0.26905,0.98244,logprobs,DekaLLM
4889,35,-121,0,0,0,0.377702,0.979136,logprobs,DekaLLM
4890,35,-119,1,1,1,0.622586,0.973109,logprobs,DekaLLM
4891,35,-117,1,1,1,0.924174,0.984025,logprobs,DekaLLM
4892,35,-115,1,1,1,0.880836,0.983102,logprobs,DekaLLM
4893,35,-113,1,1,1,0.731149,0.985343,logprobs,DekaLLM
4894,35,-111,1,1,1,0.952595,0.985423,logprobs,DekaLLM
4895,35,-109,1,1,1,0.952589,0.985234,logprobs,DekaLLM
4896,35,-107,1,1,1,0.952595,0.990235,logprobs,DekaLLM
4897,35,-105,1,1,1,0.952586,0.990898,logprobs,DekaLLM
4898,35,-103,1,1,1,0.952587,0.985228,logprobs,DekaLLM
4899,35,-101,1,1,1,0.880845,0.975994,logprobs,DekaLLM
4900,35,-99,1,1,1,0.880845,0.985882,logprobs,DekaLLM
4901,35,-97,1,1,1,0.970695,0.989745,logprobs,DekaLLM
4902,35,-95,1,1,1,0.924174,0.982541,logprobs,DekaLLM
4903,35,-93,1,1,1,0.924168,0.979554,logprobs,DekaLLM
4904,35,-91,1,1,1,0.622586,0.97971,logprobs,DekaLLM
4905,35,-89,1,1,1,0.880836,0.988412,logprobs,DekaLLM
4906,35,-87,1,1,1,0.880861,0.983203,logprobs,DekaLLM
4907,35,-85,1,1,1,0.880845,0.978344,logprobs,DekaLLM
4908,35,-83,1,1,1,0.970697,0.979587,logprobs,DekaLLM
4909,35,-81,1,1,1,0.924174,0.978818,logprobs,DekaLLM
4910,35,-79,1,1,1,0.880854,0.97882,logprobs,DekaLLM
4911,35,-77,1,1,1,0.622586,0.985153,logprobs,DekaLLM
4912,35,-75,0,0,0,0.119248,0.988351,logprobs,DekaLLM
4913,35,-73,0,0,0,0.075844,0.986524,logprobs,DekaLLM
4914,35,-71,0,0,0,0.075835,0.977001,logprobs,DekaLLM
4915,35,-69,0,0,0,0.047417,0.981368,logprobs,DekaLLM
4916,35,-67,0,0,0,0.075883,0.986566,logprobs,DekaLLM
4917,35,-65,0,0,0,0.047415,0.987094,logprobs,DekaLLM
4918,35,-63,0,0,0,0.017983,0.98046,logprobs,DekaLLM
4919,35,-61,0,0,0,0.029308,0.990452,logprobs,DekaLLM
4920,35,-59,0,0,0,0.029307,0.985229,logprobs,DekaLLM
4921,35,-57,0,0,0,0.029307,0.984022,logprobs,DekaLLM
4922,35,-55,0,0,0,0.017983,0.986401,logprobs,DekaLLM
4923,35,-53,0,0,0,0.010986,0.990997,logprobs,DekaLLM
4924,35,-51,0,0,0,0.006692,0.989779,logprobs,DekaLLM
4925,35,-49,0,0,0,0.029307,0.986113,logprobs,DekaLLM
4926,35,-47,0,0,0,0.029307,0.987166,logprobs,DekaLLM
4927,35,-45,0,0,0,0.029309,0.974871,logprobs,DekaLLM
4928,35,-43,0,0,0,0.006692,0.989556,logprobs,DekaLLM
4929,35,-41,0,0,0,0.006692,0.989662,logprobs,DekaLLM
4930,35,-39,0,0,0,0.029307,0.987207,logprobs,DekaLLM
4931,35,-37,0,0,0,0.010985,0.980662,logprobs,DekaLLM
4932,35,-35,0,0,0,0.07585,0.976932,logprobs,DekaLLM
4933,35,-33,0,0,0,0.047417,0.983307,logprobs,DekaLLM
4934,35,-31,0,0,0,0.010986,0.989273,logprobs,DekaLLM
4935,35,-29,0,0,0,0.010986,0.988968,logprobs,DekaLLM
4936,35,-27,0,0,0,0.010986,0.988114,logprobs,DekaLLM
4937,35,-25,0,0,0,0.029309,0.983854,logprobs,DekaLLM
4938,35,-23,0,0,0,0.075844,0.982091,logprobs,DekaLLM
4939,35,-21,0,0,0,0.017983,0.981187,logprobs,DekaLLM
4940,35,-19,0,0,0,0.04742,0.984622,logprobs,DekaLLM
4941,35,-17,0,0,0,0.182478,0.983036,logprobs,DekaLLM
4942,35,-15,0,0,0,0.182478,0.983211,logprobs,DekaLLM
4943,35,-13,0,0,0,0.269076,0.977184,logprobs,DekaLLM
4944,35,-11,0,0,0,0.182407,0.981625,logprobs,DekaLLM
4945,35,-9,0,0,0,0.377718,0.982874,logprobs,DekaLLM
4946,35,-7,0,0,0,0.377718,0.980686,logprobs,DekaLLM
4947,35,-5,1,1,0,0.377749,0.981056,logprobs,DekaLLM
4948,35,-3,1,1,1,0.622586,0.97673,logprobs,DekaLLM
4949,35,-1,1,1,1,0.500135,0.976115,logprobs,DekaLLM
4950,35,1,1,1,1,0.500135,0.969548,logprobs,DekaLLM
4951,35,3,1,1,1,0.500135,0.978143,logprobs,DekaLLM
4952,35,5,1,1,1,0.622586,0.976933,logprobs,DekaLLM
4953,35,7,1,1,0,0.377749,0.976536,logprobs,DekaLLM
4954,35,9,1,1,1,0.500135,0.971209,logprobs,DekaLLM
4955,35,11,0,0,1,0.500222,0.976342,logprobs,DekaLLM
4956,35,13,0,0,1,0.500222,0.976925,logprobs,DekaLLM
4957,35,15,0,0,1,0.622586,0.975089,logprobs,DekaLLM
4958,35,17,0,0,1,0.500135,0.978178,logprobs,DekaLLM
4959,35,19,0,0,0,0.377718,0.980919,logprobs,DekaLLM
4960,35,21,0,0,0,0.377749,0.97205,logprobs,DekaLLM
4961,35,23,0,0,1,0.500135,0.977412,logprobs,DekaLLM
4962,35,25,1,1,1,0.500135,0.977921,logprobs,DekaLLM
4963,35,27,0,0,0,0.377667,0.981548,logprobs,DekaLLM
4964,35,29,0,0,1,0.500135,0.978011,logprobs,DekaLLM
4965,35,31,0,0,1,0.622586,0.973687,logprobs,DekaLLM
4966,35,33,1,1,1,0.500168,0.976275,logprobs,DekaLLM
4967,35,35,0,0,1,0.731165,0.972083,logprobs,DekaLLM
4968,35,37,1,1,1,0.500189,0.97137,logprobs,DekaLLM
4969,35,39,1,1,1,0.622586,0.975543,logprobs,DekaLLM
4970,35,41,1,1,1,0.622615,0.973275,logprobs,DekaLLM
4971,35,43,1,1,1,0.500222,0.965825,logprobs,DekaLLM
4972,35,45,1,1,1,0.622538,0.94885,logprobs,DekaLLM
4973,35,47,1,1,1,0.622586,0.972935,logprobs,DekaLLM
4974,35,49,1,1,1,0.622586,0.975481,logprobs,DekaLLM
4975,35,51,1,1,1,0.73119,0.965484,logprobs,DekaLLM
4976,35,53,1,1,1,0.622637,0.962309,logprobs,DekaLLM
4977,35,55,1,1,1,0.500135,0.978614,logprobs,DekaLLM
4978,35,57,1,1,1,0.622637,0.964391,logprobs,DekaLLM
4979,35,59,1,1,0,0.377702,0.972367,logprobs,DekaLLM
4980,35,61,1,1,1,0.622637,0.971408,logprobs,DekaLLM
4981,35,63,1,1,1,0.500135,0.970012,logprobs,DekaLLM
4982,35,65,1,1,1,0.622668,0.963623,logprobs,DekaLLM
4983,35,67,1,1,1,0.731164,0.961023,logprobs,DekaLLM
4984,35,69,1,1,1,0.73119,0.953819,logprobs,DekaLLM
4985,35,71,1,1,1,0.731233,0.947884,logprobs,DekaLLM
4986,35,73,1,1,1,0.622666,0.976516,logprobs,DekaLLM
4987,35,75,1,1,0,0.377623,0.973379,logprobs,DekaLLM
4988,35,77,1,1,0,0.377671,0.973211,logprobs,DekaLLM
4989,35,79,1,1,1,0.622586,0.975551,logprobs,DekaLLM
4990,35,81,1,0,1,0.817623,0.97053,logprobs,DekaLLM
4991,35,83,1,1,1,0.731257,0.972784,logprobs,DekaLLM
4992,35,85,1,1,1,0.73119,0.967314,logprobs,DekaLLM
4993,35,87,1,1,0,0.377671,0.971415,logprobs,DekaLLM
4994,35,89,1,1,1,0.500222,0.975746,logprobs,DekaLLM
4995,35,91,1,1,1,0.500189,0.975942,logprobs,DekaLLM
4996,35,93,1,1,1,0.500222,0.968894,logprobs,DekaLLM
4997,35,95,1,1,1,0.622615,0.970438,logprobs,DekaLLM
4998,35,97,1,1,1,0.817655,0.967788,logprobs,DekaLLM
4999,35,99,1,1,1,0.500135,0.971733,logprobs,DekaLLM
5000,35,101,1,1,1,0.817655,0.966807,logprobs,DekaLLM
5001,35,103,1,1,1,0.880875,0.965647,logprobs,DekaLLM
5002,35,105,1,1,1,0.817646,0.970778,logprobs,DekaLLM
5003,35,107,1,1,1,0.880848,0.980453,logprobs,DekaLLM
5004,35,109,1,1,1,0.817686,0.971023,logprobs,DekaLLM
5005,35,111,1,1,1,0.817674,0.970022,logprobs,DekaLLM
5006,35,113,1,1,1,0.817666,0.973711,logprobs,DekaLLM
5007,35,115,1,1,1,0.500222,0.976207,logprobs,DekaLLM
5008,35,117,1,1,1,0.73119,0.972855,logprobs,DekaLLM
5009,35,119,1,1,1,0.622586,0.974198,logprobs,DekaLLM
5010,35,121,0,0,0,0.18249,0.984918,logprobs,DekaLLM
5011,35,123,0,0,0,0.075844,0.980782,logprobs,DekaLLM
5012,35,125,0,0,0,0.047417,0.982048,logprobs,DekaLLM
5013,35,127,1,1,1,0.817666,0.9845,logprobs,DekaLLM
5014,35,129,0,0,1,0.73119,0.978866,logprobs,DekaLLM
5015,35,131,0,0,1,0.622617,0.974206,logprobs,DekaLLM
5016,35,133,1,1,1,0.500222,0.975237,logprobs,DekaLLM
5017,35,135,1,1,1,0.880854,0.975537,logprobs,DekaLLM
5018,35,137,1,1,1,0.731139,0.98002,logprobs,DekaLLM
5019,35,139,1,1,1,0.731165,0.97884,logprobs,DekaLLM
5020,35,141,0,0,1,0.731153,0.980516,logprobs,DekaLLM
5021,35,143,0,0,0,0.269076,0.97881,logprobs,DekaLLM
5022,35,145,0,0,0,0.268967,0.982304,logprobs,DekaLLM
5023,35,147,0,0,1,0.622615,0.980161,logprobs,DekaLLM
5024,35,149,0,0,1,0.73119,0.9575,logprobs,DekaLLM
5025,35,151,0,0,0,0.377702,0.98215,logprobs,DekaLLM
5026,35,153,0,0,0,0.377702,0.979189,logprobs,DekaLLM
5027,35,155,0,0,0,0.047417,0.975022,logprobs,DekaLLM
5028,35,157,0,0,0,0.029307,0.985531,logprobs,DekaLLM
5029,35,159,0,0,0,0.029304,0.979327,logprobs,DekaLLM
5030,35,161,0,0,0,0.047417,0.985943,logprobs,DekaLLM
5031,35,163,0,0,0,0.047417,0.983698,logprobs,DekaLLM
5032,35,165,0,0,0,0.047417,0.978397,logprobs,DekaLLM
5033,35,167,0,0,0,0.017983,0.986291,logprobs,DekaLLM
5034,35,169,0,0,0,0.07585,0.983706,logprobs,DekaLLM
5035,35,171,0,0,0,0.075839,0.982268,logprobs,DekaLLM
5036,35,173,0,0,0,0.04742,0.987038,logprobs,DekaLLM
5037,35,175,0,0,0,0.029307,0.988803,logprobs,DekaLLM
5038,35,177,0,0,0,0.04742,0.983146,logprobs,DekaLLM
5039,35,179,0,0,0,0.075844,0.980249,logprobs,DekaLLM
5040,33,-179,0,0,0,0.010985,0.981167,logprobs,DekaLLM
5041,33,-177,0,0,0,0.006692,0.988596,logprobs,DekaLLM
5042,33,-175,0,0,0,0.006692,0.991116,logprobs,DekaLLM
5043,33,-173,0,0,0,0.00407,0.989376,logprobs,DekaLLM
5044,33,-171,0,0,0,0.006692,0.986501,logprobs,DekaLLM
5045,33,-169,0,0,0,0.006692,0.987912,logprobs,DekaLLM
5046,33,-167,0,0,0,0.006692,0.985812,logprobs,DekaLLM
5047,33,-165,0,0,0,0.010986,0.989345,logprobs,DekaLLM
5048,33,-163,0,0,0,0.006692,0.988761,logprobs,DekaLLM
5049,33,-161,0,0,0,0.00407,0.987333,logprobs,DekaLLM
5050,33,-159,0,0,0,0.006692,0.992157,logprobs,DekaLLM
5051,33,-157,0,0,0,0.010985,0.987373,logprobs,DekaLLM
5052,33,-155,0,0,0,0.010985,0.988699,logprobs,DekaLLM
5053,33,-153,0,0,0,0.006692,0.981232,logprobs,DekaLLM
5054,33,-151,0,0,0,0.006692,0.985601,logprobs,DekaLLM
5055,33,-149,0,0,0,0.029307,0.980564,logprobs,DekaLLM
5056,33,-147,0,0,0,0.029307,0.988557,logprobs,DekaLLM
5057,33,-145,0,0,0,0.006692,0.987568,logprobs,DekaLLM
5058,33,-143,0,0,0,0.006692,0.989343,logprobs,DekaLLM
5059,33,-141,0,0,0,0.017983,0.978883,logprobs,DekaLLM
5060,33,-139,0,0,0,0.010984,0.982131,logprobs,DekaLLM
5061,33,-137,0,0,0,0.00407,0.985744,logprobs,DekaLLM
5062,33,-135,0,0,0,0.006692,0.99047,logprobs,DekaLLM
5063,33,-133,0,0,0,0.017983,0.985185,logprobs,DekaLLM
5064,33,-131,0,0,0,0.010986,0.989316,logprobs,DekaLLM
5065,33,-129,0,0,0,0.010986,0.988311,logprobs,DekaLLM
5066,33,-127,0,0,0,0.001501,0.990062,logprobs,DekaLLM
5067,33,-125,0,0,0,0.001501,0.987684,logprobs,DekaLLM
5068,33,-123,0,0,0,0.017984,0.984538,logprobs,DekaLLM
5069,33,-121,0,0,0,0.268986,0.983828,logprobs,DekaLLM
5070,33,-119,0,0,0,0.075844,0.9851,logprobs,DekaLLM
5071,33,-117,1,1,1,0.924174,0.986502,logprobs,DekaLLM
5072,33,-115,1,1,1,0.880861,0.986855,logprobs,DekaLLM
5073,33,-113,1,1,1,0.817646,0.98282,logprobs,DekaLLM
5074,33,-111,1,1,1,0.952585,0.985085,logprobs,DekaLLM
5075,33,-109,1,1,1,0.924167,0.985652,logprobs,DekaLLM
5076,33,-107,1,1,1,0.817666,0.978579,logprobs,DekaLLM
5077,33,-105,1,1,1,0.924165,0.985533,logprobs,DekaLLM
5078,33,-103,1,1,1,0.924174,0.973962,logprobs,DekaLLM
5079,33,-101,1,1,1,0.924168,0.987564,logprobs,DekaLLM
5080,33,-99,1,1,1,0.880836,0.980517,logprobs,DekaLLM
5081,33,-97,1,1,1,0.924174,0.984241,logprobs,DekaLLM
5082,33,-95,1,1,1,0.924183,0.982614,logprobs,DekaLLM
5083,33,-93,1,1,1,0.924168,0.985072,logprobs,DekaLLM
5084,33,-91,1,1,1,0.81763,0.984007,logprobs,DekaLLM
5085,33,-89,1,1,1,0.817666,0.982864,logprobs,DekaLLM
5086,33,-87,1,1,1,0.731165,0.976251,logprobs,DekaLLM
5087,33,-85,1,1,1,0.924176,0.977926,logprobs,DekaLLM
5088,33,-83,1,1,1,0.952589,0.982403,logprobs,DekaLLM
5089,33,-81,1,1,1,0.817666,0.980737,logprobs,DekaLLM
5090,33,-79,0,0,0,0.11924,0.990347,logprobs,DekaLLM
5091,33,-77,0,0,0,0.07585,0.991363,logprobs,DekaLLM
5092,33,-75,0,0,0,0.119174,0.983976,logprobs,DekaLLM
5093,33,-73,0,0,0,0.029307,0.986332,logprobs,DekaLLM
5094,33,-71,0,0,0,0.119227,0.980615,logprobs,DekaLLM
5095,33,-69,0,0,0,0.075844,0.977869,logprobs,DekaLLM
5096,33,-67,0,0,0,0.029307,0.985377,logprobs,DekaLLM
5097,33,-65,0,0,0,0.010986,0.990126,logprobs,DekaLLM
5098,33,-63,0,0,0,0.010986,0.990679,logprobs,DekaLLM
5099,33,-61,0,0,0,0.010986,0.989735,logprobs,DekaLLM
5100,33,-59,0,0,0,0.017984,0.985138,logprobs,DekaLLM
5101,33,-57,0,0,0,0.017983,0.984661,logprobs,DekaLLM
5102,33,-55,0,0,0,0.017984,0.984583,logprobs,DekaLLM
5103,33,-53,0,0,0,0.010986,0.989551,logprobs,DekaLLM
5104,33,-51,0,0,0,0.00407,0.990155,logprobs,DekaLLM
5105,33,-49,0,0,0,0.010986,0.989665,logprobs,DekaLLM
5106,33,-47,0,0,0,0.029307,0.984196,logprobs,DekaLLM
5107,33,-45,0,0,0,0.010986,0.984978,logprobs,DekaLLM
5108,33,-43,0,0,0,0.029307,0.984806,logprobs,DekaLLM
5109,33,-41,0,0,0,0.006692,0.988422,logprobs,DekaLLM
5110,33,-39,0,0,0,0.029307,0.981229,logprobs,DekaLLM
5111,33,-37,0,0,0,0.047417,0.975169,logprobs,DekaLLM
5112,33,-35,0,0,0,0.029307,0.98472,logprobs,DekaLLM
5113,33,-33,0,0,0,0.075844,0.983813,logprobs,DekaLLM
5114,33,-31,0,0,0,0.029309,0.976826,logprobs,DekaLLM
5115,33,-29,0,0,0,0.017983,0.986143,logprobs,DekaLLM
5116,33,-27,0,0,0,0.017983,0.988679,logprobs,DekaLLM
5117,33,-25,0,0,0,0.017983,0.985154,logprobs,DekaLLM
5118,33,-23,0,0,0,0.047417,0.986972,logprobs,DekaLLM
5119,33,-21,0,0,0,0.017984,0.989873,logprobs,DekaLLM
5120,33,-19,0,0,0,0.029309,0.982801,logprobs,DekaLLM
5121,33,-17,0,0,0,0.269023,0.983512,logprobs,DekaLLM
5122,33,-15,0,0,0,0.268967,0.982238,logprobs,DekaLLM
5123,33,-13,0,0,0,0.377572,0.978676,logprobs,DekaLLM
5124,33,-11,0,0,0,0.377671,0.973611,logprobs,DekaLLM
5125,33,-9,0,0,1,0.500168,0.981835,logprobs,DekaLLM
5126,33,-7,1,1,1,0.622555,0.978271,logprobs,DekaLLM
5127,33,-5,1,1,1,0.622586,0.98095,logprobs,DekaLLM
5128,33,-3,1,1,1,0.731164,0.980883,logprobs,DekaLLM
5129,33,-1,1,1,0,0.377749,0.975203,logprobs,DekaLLM
5130,33,1,1,1,1,0.500222,0.975867,logprobs,DekaLLM
5131,33,3,1,1,1,0.500222,0.960829,logprobs,DekaLLM
5132,33,5,1,1,1,0.500168,0.967894,logprobs,DekaLLM
5133,33,7,1,1,1,0.500135,0.977759,logprobs,DekaLLM
5134,33,9,1,1,1,0.500168,0.971122,logprobs,DekaLLM
5135,33,11,1,1,1,0.500135,0.981169,logprobs,DekaLLM
5136,33,13,0,0,1,0.622586,0.974152,logprobs,DekaLLM
5137,33,15,0,0,1,0.622586,0.9737,logprobs,DekaLLM
5138,33,17,0,0,1,0.622617,0.973134,logprobs,DekaLLM
5139,33,19,0,0,1,0.500135,0.976149,logprobs,DekaLLM
5140,33,21,0,0,0,0.377749,0.963588,logprobs,DekaLLM
5141,33,23,0,0,0,0.377623,0.973381,logprobs,DekaLLM
5142,33,25,0,0,0,0.377749,0.960695,logprobs,DekaLLM
5143,33,27,0,0,0,0.182528,0.982634,logprobs,DekaLLM
5144,33,29,0,0,0,0.377671,0.980281,logprobs,DekaLLM
5145,33,31,0,0,0,0.377702,0.972711,logprobs,DekaLLM
5146,33,33,0,0,1,0.500222,0.973243,logprobs,DekaLLM
5147,33,35,0,0,1,0.500222,0.965513,logprobs,DekaLLM
5148,33,37,1,1,1,0.622617,0.961685,logprobs,DekaLLM
5149,33,39,1,1,1,0.731164,0.965836,logprobs,DekaLLM
5150,33,41,1,1,1,0.622586,0.973913,logprobs,DekaLLM
5151,33,43,1,1,1,0.622697,0.973982,logprobs,DekaLLM
5152,33,45,1,1,1,0.622586,0.95179,logprobs,DekaLLM
5153,33,47,1,1,1,0.500135,0.976057,logprobs,DekaLLM
5154,33,49,1,1,0,0.377749,0.980416,logprobs,DekaLLM
5155,33,51,1,1,1,0.817655,0.969204,logprobs,DekaLLM
5156,33,53,1,1,1,0.731164,0.971765,logprobs,DekaLLM
5157,33,55,1,1,1,0.622586,0.973901,logprobs,DekaLLM
5158,33,57,1,1,1,0.622668,0.961228,logprobs,DekaLLM
5159,33,59,1,1,1,0.500222,0.969285,logprobs,DekaLLM
5160,33,61,1,1,1,0.622617,0.972423,logprobs,DekaLLM
5161,33,63,1,1,1,0.622586,0.971891,logprobs,DekaLLM
5162,33,65,1,1,1,0.817666,0.968379,logprobs,DekaLLM
5163,33,67,1,1,1,0.731179,0.971859,logprobs,DekaLLM
5164,33,69,1,1,1,0.817666,0.974074,logprobs,DekaLLM
5165,33,71,1,1,1,0.880861,0.96687,logprobs,DekaLLM
5166,33,73,1,1,1,0.880836,0.984496,logprobs,DekaLLM
5167,33,75,1,1,1,0.622586,0.971927,logprobs,DekaLLM
5168,33,77,1,1,0,0.377755,0.97318,logprobs,DekaLLM
5169,33,79,1,1,0,0.377619,0.981087,logprobs,DekaLLM
5170,33,81,1,1,1,0.622567,0.972801,logprobs,DekaLLM
5171,33,83,1,1,1,0.817674,0.951827,logprobs,DekaLLM
5172,33,85,1,1,1,0.731164,0.968364,logprobs,DekaLLM
5173,33,87,1,1,1,0.500189,0.976648,logprobs,DekaLLM
5174,33,89,1,1,1,0.622666,0.971975,logprobs,DekaLLM
5175,33,91,1,1,0,0.377671,0.976371,logprobs,DekaLLM
5176,33,93,1,1,1,0.500135,0.974339,logprobs,DekaLLM
5177,33,95,1,1,1,0.731179,0.976546,logprobs,DekaLLM
5178,33,97,1,1,1,0.817635,0.978251,logprobs,DekaLLM
5179,33,99,1,1,1,0.622615,0.972125,logprobs,DekaLLM
5180,33,101,1,1,1,0.817666,0.977854,logprobs,DekaLLM
5181,33,103,1,1,1,0.622586,0.971943,logprobs,DekaLLM
5182,33,105,1,1,1,0.731189,0.969674,logprobs,DekaLLM
5183,33,107,1,1,1,0.731153,0.979032,logprobs,DekaLLM
5184,33,109,1,1,1,0.817655,0.979404,logprobs,DekaLLM
5185,33,111,1,1,1,0.880861,0.973945,logprobs,DekaLLM
5186,33,113,1,1,1,0.622586,0.981663,logprobs,DekaLLM
5187,33,115,1,1,1,0.500169,0.97719,logprobs,DekaLLM
5188,33,117,1,1,1,0.817635,0.976679,logprobs,DekaLLM
5189,33,119,1,1,0,0.11924,0.981032,logprobs,DekaLLM
5190,33,121,0,0,0,0.075844,0.975474,logprobs,DekaLLM
5191,33,123,0,0,0,0.047417,0.974702,logprobs,DekaLLM
5192,33,125,0,0,0,0.075844,0.979521,logprobs,DekaLLM
5193,33,127,0,0,0,0.26901,0.981321,logprobs,DekaLLM
5194,33,129,0,0,1,0.500189,0.977977,logprobs,DekaLLM
5195,33,131,1,1,1,0.622567,0.984215,logprobs,DekaLLM
5196,33,133,1,1,0,0.377671,0.980066,logprobs,DekaLLM
5197,33,135,0,0,1,0.500135,0.980713,logprobs,DekaLLM
5198,33,137,0,0,0,0.182478,0.984055,logprobs,DekaLLM
5199,33,139,0,0,0,0.182457,0.982926,logprobs,DekaLLM
5200,33,141,0,0,0,0.377619,0.981541,logprobs,DekaLLM
5201,33,143,0,0,0,0.119248,0.983847,logprobs,DekaLLM
5202,33,145,0,0,0,0.268986,0.97966,logprobs,DekaLLM
5203,33,147,0,0,1,0.500273,0.968213,logprobs,DekaLLM
5204,33,149,0,0,1,0.622586,0.98199,logprobs,DekaLLM
5205,33,151,0,0,1,0.500084,0.983228,logprobs,DekaLLM
5206,33,153,0,0,0,0.119182,0.981554,logprobs,DekaLLM
5207,33,155,0,0,0,0.047417,0.979053,logprobs,DekaLLM
5208,33,157,0,0,0,0.075844,0.977123,logprobs,DekaLLM
5209,33,159,0,0,0,0.075839,0.979619,logprobs,DekaLLM
5210,33,161,0,0,0,0.182478,0.977158,logprobs,DekaLLM
5211,33,163,0,0,0,0.26901,0.975554,logprobs,DekaLLM
5212,33,165,0,0,0,0.119182,0.975666,logprobs,DekaLLM
5213,33,167,0,0,0,0.075844,0.983148,logprobs,DekaLLM
5214,33,169,0,0,0,0.182445,0.982752,logprobs,DekaLLM
5215,33,171,0,0,0,0.182395,0.977693,logprobs,DekaLLM
5216,33,173,0,0,0,0.017983,0.986014,logprobs,DekaLLM
5217,33,175,0,0,0,0.017983,0.98648,logprobs,DekaLLM
5218,33,177,0,0,0,0.010986,0.988923,logprobs,DekaLLM
5219,33,179,0,0,0,0.047417,0.974778,logprobs,DekaLLM
5220,31,-179,0,0,0,0.04742,0.98593,logprobs,DekaLLM
5221,31,-177,0,0,0,0.006692,0.989097,logprobs,DekaLLM
5222,31,-175,0,0,0,0.006692,0.992262,logprobs,DekaLLM
5223,31,-173,0,0,0,0.00407,0.987822,logprobs,DekaLLM
5224,31,-171,0,0,0,0.006693,0.987715,logprobs,DekaLLM
5225,31,-169,0,0,0,0.00407,0.989354,logprobs,DekaLLM
5226,31,-167,0,0,0,0.006692,0.983503,logprobs,DekaLLM
5227,31,-165,0,0,0,0.00407,0.987411,logprobs,DekaLLM
5228,31,-163,0,0,0,0.006692,0.987235,logprobs,DekaLLM
5229,31,-161,0,0,0,0.00407,0.989755,logprobs,DekaLLM
5230,31,-159,0,0,0,0.00407,0.991082,logprobs,DekaLLM
5231,31,-157,0,0,0,0.006692,0.989943,logprobs,DekaLLM
5232,31,-155,0,0,0,0.006692,0.991029,logprobs,DekaLLM
5233,31,-153,0,0,0,0.006692,0.991045,logprobs,DekaLLM
5234,31,-151,0,0,0,0.010986,0.986921,logprobs,DekaLLM
5235,31,-149,0,0,0,0.017983,0.987256,logprobs,DekaLLM
5236,31,-147,0,0,0,0.006692,0.9895,logprobs,DekaLLM
5237,31,-145,0,0,0,0.006692,0.989783,logprobs,DekaLLM
5238,31,-143,0,0,0,0.006692,0.985093,logprobs,DekaLLM
5239,31,-141,0,0,0,0.017984,0.980281,logprobs,DekaLLM
5240,31,-139,0,0,0,0.010985,0.983355,logprobs,DekaLLM
5241,31,-137,0,0,0,0.006692,0.983481,logprobs,DekaLLM
5242,31,-135,0,0,0,0.010985,0.984822,logprobs,DekaLLM
5243,31,-133,0,0,0,0.010985,0.98492,logprobs,DekaLLM
5244,31,-131,0,0,0,0.029307,0.981009,logprobs,DekaLLM
5245,31,-129,0,0,0,0.006692,0.9881,logprobs,DekaLLM
5246,31,-127,0,0,0,0.010986,0.989587,logprobs,DekaLLM
5247,31,-125,0,0,0,0.006692,0.988467,logprobs,DekaLLM
5248,31,-123,0,0,0,0.010986,0.990608,logprobs,DekaLLM
5249,31,-121,0,0,0,0.017984,0.987538,logprobs,DekaLLM
5250,31,-119,0,0,0,0.182478,0.978134,logprobs,DekaLLM
5251,31,-117,0,0,1,0.500199,0.984084,logprobs,DekaLLM
5252,31,-115,1,1,1,0.622586,0.983909,logprobs,DekaLLM
5253,31,-113,1,1,1,0.81763,0.986785,logprobs,DekaLLM
5254,31,-111,1,1,1,0.924174,0.975376,logprobs,DekaLLM
5255,31,-109,1,1,1,0.952587,0.986263,logprobs,DekaLLM
5256,31,-107,1,1,1,0.880845,0.977536,logprobs,DekaLLM
5257,31,-105,1,1,1,0.95259,0.985218,logprobs,DekaLLM
5258,31,-103,1,1,1,0.924174,0.985476,logprobs,DekaLLM
5259,31,-101,1,1,1,0.880845,0.9839,logprobs,DekaLLM
5260,31,-99,1,1,1,0.924168,0.989247,logprobs,DekaLLM
5261,31,-97,1,1,1,0.924165,0.985353,logprobs,DekaLLM
5262,31,-95,1,1,1,0.924161,0.985911,logprobs,DekaLLM
5263,31,-93,1,1,1,0.731179,0.978386,logprobs,DekaLLM
5264,31,-91,1,1,0,0.182495,0.983361,logprobs,DekaLLM
5265,31,-89,1,1,1,0.731205,0.981631,logprobs,DekaLLM
5266,31,-87,1,1,1,0.817654,0.97647,logprobs,DekaLLM
5267,31,-85,1,1,1,0.731163,0.979003,logprobs,DekaLLM
5268,31,-83,1,1,1,0.880861,0.975439,logprobs,DekaLLM
5269,31,-81,0,0,1,0.500115,0.986772,logprobs,DekaLLM
5270,31,-79,0,0,0,0.268967,0.984445,logprobs,DekaLLM
5271,31,-77,0,0,1,0.500189,0.974418,logprobs,DekaLLM
5272,31,-75,0,0,0,0.182445,0.981589,logprobs,DekaLLM
5273,31,-73,0,0,0,0.017983,0.979431,logprobs,DekaLLM
5274,31,-71,0,0,0,0.119248,0.984626,logprobs,DekaLLM
5275,31,-69,0,0,0,0.075844,0.979264,logprobs,DekaLLM
5276,31,-67,0,0,0,0.047413,0.985002,logprobs,DekaLLM
5277,31,-65,0,0,0,0.075839,0.981801,logprobs,DekaLLM
5278,31,-63,0,0,0,0.04742,0.985073,logprobs,DekaLLM
5279,31,-61,0,0,0,0.119169,0.985039,logprobs,DekaLLM
5280,31,-59,0,0,0,0.075839,0.980751,logprobs,DekaLLM
5281,31,-57,0,0,0,0.268967,0.980507,logprobs,DekaLLM
5282,31,-55,0,0,0,0.029307,0.986243,logprobs,DekaLLM
5283,31,-53,0,0,0,0.182395,0.981435,logprobs,DekaLLM
5284,31,-51,0,0,0,0.029307,0.984991,logprobs,DekaLLM
5285,31,-49,0,0,0,0.047417,0.984617,logprobs,DekaLLM
5286,31,-47,0,0,0,0.029307,0.991215,logprobs,DekaLLM
5287,31,-45,0,0,0,0.047417,0.984388,logprobs,DekaLLM
5288,31,-43,0,0,0,0.017984,0.985899,logprobs,DekaLLM
5289,31,-41,0,0,0,0.029307,0.985763,logprobs,DekaLLM
5290,31,-39,0,0,0,0.047417,0.984868,logprobs,DekaLLM
5291,31,-37,0,0,0,0.075841,0.983858,logprobs,DekaLLM
5292,31,-35,0,0,1,0.500168,0.980916,logprobs,DekaLLM
5293,31,-33,0,0,0,0.075844,0.983193,logprobs,DekaLLM
5294,31,-31,0,0,0,0.269023,0.989718,logprobs,DekaLLM
5295,31,-29,0,0,0,0.182457,0.982809,logprobs,DekaLLM
5296,31,-27,0,0,0,0.182495,0.981558,logprobs,DekaLLM
5297,31,-25,0,0,0,0.075844,0.985546,logprobs,DekaLLM
5298,31,-23,0,0,0,0.029307,0.985845,logprobs,DekaLLM
5299,31,-21,0,0,0,0.017983,0.98384,logprobs,DekaLLM
5300,31,-19,0,0,0,0.075844,0.985091,logprobs,DekaLLM
5301,31,-17,0,0,0,0.182478,0.984085,logprobs,DekaLLM
5302,31,-15,0,0,0,0.268967,0.981461,logprobs,DekaLLM
5303,31,-13,0,0,1,0.500189,0.974671,logprobs,DekaLLM
5304,31,-11,0,0,1,0.500135,0.979917,logprobs,DekaLLM
5305,31,-9,1,1,1,0.622586,0.976987,logprobs,DekaLLM
5306,31,-7,1,1,1,0.622617,0.976543,logprobs,DekaLLM
5307,31,-5,1,1,1,0.622586,0.985159,logprobs,DekaLLM
5308,31,-3,1,1,1,0.731139,0.98311,logprobs,DekaLLM
5309,31,-1,1,1,1,0.500222,0.974405,logprobs,DekaLLM
5310,31,1,1,1,1,0.622586,0.981971,logprobs,DekaLLM
5311,31,3,1,1,1,0.500135,0.978604,logprobs,DekaLLM
5312,31,5,1,1,1,0.500135,0.981038,logprobs,DekaLLM
5313,31,7,1,1,1,0.731139,0.981283,logprobs,DekaLLM
5314,31,9,1,1,1,0.500135,0.973461,logprobs,DekaLLM
5315,31,11,1,1,1,0.731165,0.971987,logprobs,DekaLLM
5316,31,13,1,1,1,0.731139,0.980972,logprobs,DekaLLM
5317,31,15,1,1,1,0.622668,0.974274,logprobs,DekaLLM
5318,31,17,1,1,1,0.500168,0.965714,logprobs,DekaLLM
5319,31,19,0,0,1,0.500168,0.970258,logprobs,DekaLLM
5320,31,21,1,1,1,0.500135,0.970266,logprobs,DekaLLM
5321,31,23,1,1,0,0.377667,0.981066,logprobs,DekaLLM
5322,31,25,1,1,0,0.26901,0.970175,logprobs,DekaLLM
5323,31,27,1,1,0,0.377667,0.975287,logprobs,DekaLLM
5324,31,29,0,0,0,0.377667,0.982545,logprobs,DekaLLM
5325,31,31,1,1,1,0.500222,0.979284,logprobs,DekaLLM
5326,31,33,1,1,1,0.500222,0.968123,logprobs,DekaLLM
5327,31,35,1,1,1,0.731139,0.97928,logprobs,DekaLLM
5328,31,37,1,1,1,0.817655,0.967745,logprobs,DekaLLM
5329,31,39,1,1,1,0.817666,0.978352,logprobs,DekaLLM
5330,31,41,1,1,1,0.622668,0.968324,logprobs,DekaLLM
5331,31,43,1,1,1,0.622586,0.977078,logprobs,DekaLLM
5332,31,45,1,1,1,0.500189,0.973757,logprobs,DekaLLM
5333,31,47,1,1,1,0.500135,0.978308,logprobs,DekaLLM
5334,31,49,1,1,1,0.622555,0.977983,logprobs,DekaLLM
5335,31,51,1,1,1,0.73119,0.967201,logprobs,DekaLLM
5336,31,53,1,1,1,0.817655,0.965085,logprobs,DekaLLM
5337,31,55,1,1,1,0.731164,0.97813,logprobs,DekaLLM
5338,31,57,1,1,1,0.731164,0.971919,logprobs,DekaLLM
5339,31,59,1,1,1,0.622668,0.971212,logprobs,DekaLLM
5340,31,61,1,1,1,0.622617,0.974395,logprobs,DekaLLM
5341,31,63,1,1,1,0.622586,0.976404,logprobs,DekaLLM
5342,31,65,1,1,1,0.817635,0.976891,logprobs,DekaLLM
5343,31,67,1,1,1,0.731165,0.971801,logprobs,DekaLLM
5344,31,69,1,1,1,0.817666,0.977057,logprobs,DekaLLM
5345,31,71,1,1,1,0.880836,0.979534,logprobs,DekaLLM
5346,31,73,1,1,1,0.924174,0.97977,logprobs,DekaLLM
5347,31,75,1,1,1,0.817666,0.970922,logprobs,DekaLLM
5348,31,77,1,1,1,0.88084,0.979431,logprobs,DekaLLM
5349,31,79,1,1,1,0.731179,0.978362,logprobs,DekaLLM
5350,31,81,1,1,0,0.377689,0.981416,logprobs,DekaLLM
5351,31,83,1,1,1,0.500222,0.96614,logprobs,DekaLLM
5352,31,85,1,1,1,0.500138,0.978617,logprobs,DekaLLM
5353,31,87,1,0,0,0.377718,0.975399,logprobs,DekaLLM
5354,31,89,1,1,0,0.269076,0.977953,logprobs,DekaLLM
5355,31,91,1,1,1,0.622646,0.980151,logprobs,DekaLLM
5356,31,93,1,1,1,0.622615,0.975665,logprobs,DekaLLM
5357,31,95,1,1,1,0.500168,0.974563,logprobs,DekaLLM
5358,31,97,1,1,1,0.622668,0.971278,logprobs,DekaLLM
5359,31,99,1,1,1,0.500222,0.978528,logprobs,DekaLLM
5360,31,101,1,1,1,0.817686,0.970608,logprobs,DekaLLM
5361,31,103,1,1,1,0.880875,0.9785,logprobs,DekaLLM
5362,31,105,1,1,1,0.880848,0.980516,logprobs,DekaLLM
5363,31,107,1,1,1,0.817686,0.971191,logprobs,DekaLLM
5364,31,109,1,1,1,0.817693,0.970121,logprobs,DekaLLM
5365,31,111,1,1,1,0.817674,0.971796,logprobs,DekaLLM
5366,31,113,1,1,1,0.817655,0.964889,logprobs,DekaLLM
5367,31,115,1,1,1,0.731165,0.972572,logprobs,DekaLLM
5368,31,117,1,1,1,0.817666,0.980698,logprobs,DekaLLM
5369,31,119,1,1,1,0.622646,0.976171,logprobs,DekaLLM
5370,31,121,1,1,1,0.500135,0.98706,logprobs,DekaLLM
5371,31,123,0,0,0,0.119182,0.983218,logprobs,DekaLLM
5372,31,125,0,0,0,0.119182,0.984898,logprobs,DekaLLM
5373,31,127,0,0,0,0.182478,0.976236,logprobs,DekaLLM
5374,31,129,0,0,0,0.377667,0.984746,logprobs,DekaLLM
5375,31,131,0,0,1,0.500222,0.974676,logprobs,DekaLLM
5376,31,133,0,0,0,0.26901,0.978459,logprobs,DekaLLM
5377,31,135,0,0,0,0.377702,0.979889,logprobs,DekaLLM
5378,31,137,0,0,0,0.268967,0.976082,logprobs,DekaLLM
5379,31,139,0,0,0,0.377667,0.980636,logprobs,DekaLLM
5380,31,141,0,0,1,0.500084,0.977349,logprobs,DekaLLM
5381,31,143,0,0,1,0.500189,0.975854,logprobs,DekaLLM
5382,31,145,0,0,0,0.26901,0.972168,logprobs,DekaLLM
5383,31,147,0,0,0,0.377623,0.973759,logprobs,DekaLLM
5384,31,149,0,0,1,0.731165,0.976902,logprobs,DekaLLM
5385,31,151,0,0,0,0.182528,0.987673,logprobs,DekaLLM
5386,31,153,0,0,0,0.075844,0.975276,logprobs,DekaLLM
5387,31,155,0,0,0,0.075844,0.977438,logprobs,DekaLLM
5388,31,157,0,0,0,0.029307,0.983261,logprobs,DekaLLM
5389,31,159,0,0,0,0.047413,0.981522,logprobs,DekaLLM
5390,31,161,0,0,0,0.047417,0.981794,logprobs,DekaLLM
5391,31,163,0,0,0,0.119182,0.976638,logprobs,DekaLLM
5392,31,165,0,0,0,0.075844,0.981809,logprobs,DekaLLM
5393,31,167,0,0,0,0.047417,0.980281,logprobs,DekaLLM
5394,31,169,0,0,0,0.017983,0.982058,logprobs,DekaLLM
5395,31,171,0,0,0,0.047417,0.976321,logprobs,DekaLLM
5396,31,173,0,0,0,0.017985,0.985278,logprobs,DekaLLM
5397,31,175,0,0,0,0.047415,0.979336,logprobs,DekaLLM
5398,31,177,0,0,0,0.017983,0.987499,logprobs,DekaLLM
5399,31,179,0,0,0,0.075839,0.982911,logprobs,DekaLLM
5400,29,-179,0,0,0,0.029309,0.987154,logprobs,DekaLLM
5401,29,-177,0,0,0,0.017983,0.985322,logprobs,DekaLLM
5402,29,-175,0,0,0,0.010985,0.985747,logprobs,DekaLLM
5403,29,-173,0,0,0,0.006692,0.9914,logprobs,DekaLLM
5404,29,-171,0,0,0,0.002472,0.991049,logprobs,DekaLLM
5405,29,-169,0,0,0,0.006692,0.985808,logprobs,DekaLLM
5406,29,-167,0,0,0,0.00407,0.987955,logprobs,DekaLLM
5407,29,-165,0,0,0,0.00407,0.98802,logprobs,DekaLLM
5408,29,-163,0,0,0,0.010985,0.98904,logprobs,DekaLLM
5409,29,-161,0,0,0,0.010986,0.988861,logprobs,DekaLLM
5410,29,-159,0,0,0,0.010986,0.983158,logprobs,DekaLLM
5411,29,-157,0,0,0,0.010986,0.987976,logprobs,DekaLLM
5412,29,-155,0,0,0,0.010985,0.985678,logprobs,DekaLLM
5413,29,-153,0,0,0,0.010985,0.989677,logprobs,DekaLLM
5414,29,-151,0,0,0,0.006692,0.987198,logprobs,DekaLLM
5415,29,-149,0,0,0,0.029307,0.983741,logprobs,DekaLLM
5416,29,-147,0,0,0,0.029307,0.986767,logprobs,DekaLLM
5417,29,-145,0,0,0,0.010986,0.989704,logprobs,DekaLLM
5418,29,-143,0,0,0,0.010986,0.990732,logprobs,DekaLLM
5419,29,-141,0,0,0,0.029307,0.986692,logprobs,DekaLLM
5420,29,-139,0,0,0,0.010985,0.983179,logprobs,DekaLLM
5421,29,-137,0,0,0,0.006692,0.985513,logprobs,DekaLLM
5422,29,-135,0,0,0,0.010985,0.98588,logprobs,DekaLLM
5423,29,-133,0,0,0,0.047413,0.981374,logprobs,DekaLLM
5424,29,-131,0,0,0,0.010985,0.984716,logprobs,DekaLLM
5425,29,-129,0,0,0,0.010985,0.982362,logprobs,DekaLLM
5426,29,-127,0,0,0,0.017983,0.985084,logprobs,DekaLLM
5427,29,-125,0,0,0,0.010985,0.986161,logprobs,DekaLLM
5428,29,-123,0,0,0,0.006692,0.987154,logprobs,DekaLLM
5429,29,-121,0,0,0,0.010986,0.988205,logprobs,DekaLLM
5430,29,-119,0,0,0,0.047417,0.982115,logprobs,DekaLLM
5431,29,-117,0,0,0,0.26901,0.980621,logprobs,DekaLLM
5432,29,-115,0,0,1,0.500084,0.985673,logprobs,DekaLLM
5433,29,-113,0,0,1,0.500135,0.986973,logprobs,DekaLLM
5434,29,-111,1,1,1,0.731179,0.971403,logprobs,DekaLLM
5435,29,-109,1,1,1,0.817634,0.986534,logprobs,DekaLLM
5436,29,-107,1,1,1,0.731179,0.978508,logprobs,DekaLLM
5437,29,-105,1,1,1,0.731179,0.980203,logprobs,DekaLLM
5438,29,-103,1,1,1,0.880836,0.986072,logprobs,DekaLLM
5439,29,-101,1,1,1,0.880858,0.985112,logprobs,DekaLLM
5440,29,-99,1,1,1,0.880845,0.980989,logprobs,DekaLLM
5441,29,-97,1,1,1,0.924162,0.984429,logprobs,DekaLLM
5442,29,-95,0,0,1,0.500104,0.990873,logprobs,DekaLLM
5443,29,-93,0,0,0,0.075839,0.986558,logprobs,DekaLLM
5444,29,-91,0,0,0,0.075844,0.990195,logprobs,DekaLLM
5445,29,-89,0,0,0,0.029307,0.99284,logprobs,DekaLLM
5446,29,-87,0,0,0,0.017984,0.990412,logprobs,DekaLLM
5447,29,-85,0,0,0,0.182478,0.980653,logprobs,DekaLLM
5448,29,-83,0,0,0,0.377671,0.984593,logprobs,DekaLLM
5449,29,-81,1,1,1,0.731165,0.980053,logprobs,DekaLLM
5450,29,-79,0,0,0,0.268943,0.983904,logprobs,DekaLLM
5451,29,-77,0,0,0,0.182377,0.979904,logprobs,DekaLLM
5452,29,-75,0,0,0,0.017983,0.984975,logprobs,DekaLLM
5453,29,-73,0,0,0,0.010985,0.987012,logprobs,DekaLLM
5454,29,-71,0,0,0,0.029307,0.979585,logprobs,DekaLLM
5455,29,-69,0,0,0,0.002472,0.987923,logprobs,DekaLLM
5456,29,-67,0,0,0,0.029307,0.985647,logprobs,DekaLLM
5457,29,-65,0,0,0,0.017983,0.98226,logprobs,DekaLLM
5458,29,-63,0,0,0,0.029309,0.982322,logprobs,DekaLLM
5459,29,-61,0,0,0,0.017984,0.990091,logprobs,DekaLLM
5460,29,-59,0,0,0,0.029309,0.988588,logprobs,DekaLLM
5461,29,-57,0,0,0,0.047417,0.983406,logprobs,DekaLLM
5462,29,-55,0,0,0,0.010985,0.9811,logprobs,DekaLLM
5463,29,-53,0,0,0,0.029309,0.987992,logprobs,DekaLLM
5464,29,-51,0,0,0,0.017984,0.985875,logprobs,DekaLLM
5465,29,-49,0,0,0,0.047417,0.983839,logprobs,DekaLLM
5466,29,-47,0,0,0,0.047422,0.985958,logprobs,DekaLLM
5467,29,-45,0,0,0,0.017983,0.974609,logprobs,DekaLLM
5468,29,-43,0,0,0,0.017983,0.984525,logprobs,DekaLLM
5469,29,-41,0,0,0,0.006692,0.987513,logprobs,DekaLLM
5470,29,-39,0,0,0,0.029307,0.988672,logprobs,DekaLLM
5471,29,-37,0,0,0,0.010986,0.988831,logprobs,DekaLLM
5472,29,-35,0,0,0,0.017984,0.989992,logprobs,DekaLLM
5473,29,-33,0,0,0,0.010986,0.988886,logprobs,DekaLLM
5474,29,-31,0,0,0,0.017983,0.988635,logprobs,DekaLLM
5475,29,-29,0,0,0,0.269023,0.987502,logprobs,DekaLLM
5476,29,-27,0,0,0,0.075839,0.981151,logprobs,DekaLLM
5477,29,-25,0,0,0,0.269023,0.985757,logprobs,DekaLLM
5478,29,-23,0,0,0,0.04742,0.981663,logprobs,DekaLLM
5479,29,-21,0,0,0,0.047417,0.977585,logprobs,DekaLLM
5480,29,-19,0,0,0,0.268943,0.982482,logprobs,DekaLLM
5481,29,-17,0,0,0,0.268983,0.981867,logprobs,DekaLLM
5482,29,-15,0,0,0,0.268983,0.983012,logprobs,DekaLLM
5483,29,-13,0,0,0,0.269116,0.982641,logprobs,DekaLLM
5484,29,-11,0,0,0,0.377698,0.981325,logprobs,DekaLLM
5485,29,-9,1,1,1,0.500168,0.982161,logprobs,DekaLLM
5486,29,-7,1,1,1,0.500168,0.979323,logprobs,DekaLLM
5487,29,-5,1,1,1,0.500168,0.981254,logprobs,DekaLLM
5488,29,-3,1,1,1,0.622617,0.976338,logprobs,DekaLLM
5489,29,-1,1,1,1,0.500135,0.979907,logprobs,DekaLLM
5490,29,1,1,1,1,0.500168,0.976977,logprobs,DekaLLM
5491,29,3,1,1,1,0.622536,0.97804,logprobs,DekaLLM
5492,29,5,1,1,0,0.377749,0.977154,logprobs,DekaLLM
5493,29,7,1,1,1,0.622586,0.965557,logprobs,DekaLLM
5494,29,9,1,1,1,0.622604,0.977878,logprobs,DekaLLM
5495,29,11,1,1,1,0.622637,0.976525,logprobs,DekaLLM
5496,29,13,1,1,1,0.622586,0.970773,logprobs,DekaLLM
5497,29,15,1,1,1,0.622586,0.973306,logprobs,DekaLLM
5498,29,17,1,1,1,0.500138,0.971873,logprobs,DekaLLM
5499,29,19,1,1,1,0.500168,0.971331,logprobs,DekaLLM
5500,29,21,1,1,1,0.622586,0.97602,logprobs,DekaLLM
5501,29,23,1,1,1,0.500222,0.968264,logprobs,DekaLLM
5502,29,25,1,1,1,0.500222,0.956352,logprobs,DekaLLM
5503,29,27,1,1,0,0.377749,0.964334,logprobs,DekaLLM
5504,29,29,1,1,1,0.500138,0.975356,logprobs,DekaLLM
5505,29,31,1,1,0,0.37765,0.981557,logprobs,DekaLLM
5506,29,33,0,0,0,0.377671,0.977134,logprobs,DekaLLM
5507,29,35,1,1,1,0.500222,0.96578,logprobs,DekaLLM
5508,29,37,1,1,0,0.377638,0.977446,logprobs,DekaLLM
5509,29,39,1,1,1,0.622586,0.975897,logprobs,DekaLLM
5510,29,41,1,1,1,0.500168,0.978641,logprobs,DekaLLM
5511,29,43,1,1,1,0.500135,0.972153,logprobs,DekaLLM
5512,29,45,1,1,1,0.500189,0.971689,logprobs,DekaLLM
5513,29,47,1,1,1,0.500135,0.983947,logprobs,DekaLLM
5514,29,49,0,0,1,0.500084,0.978154,logprobs,DekaLLM
5515,29,51,1,1,1,0.622586,0.976964,logprobs,DekaLLM
5516,29,53,1,1,1,0.622586,0.976873,logprobs,DekaLLM
5517,29,55,1,1,1,0.500135,0.979848,logprobs,DekaLLM
5518,29,57,1,1,0,0.377702,0.973158,logprobs,DekaLLM
5519,29,59,1,1,0,0.377718,0.981856,logprobs,DekaLLM
5520,29,61,1,1,0,0.377749,0.980484,logprobs,DekaLLM
5521,29,63,1,1,0,0.377749,0.973027,logprobs,DekaLLM
5522,29,65,1,1,1,0.500171,0.969073,logprobs,DekaLLM
5523,29,67,1,1,1,0.500166,0.980526,logprobs,DekaLLM
5524,29,69,1,1,1,0.500222,0.975632,logprobs,DekaLLM
5525,29,71,1,1,1,0.622617,0.96384,logprobs,DekaLLM
5526,29,73,1,1,1,0.731179,0.982048,logprobs,DekaLLM
5527,29,75,1,1,1,0.817666,0.968111,logprobs,DekaLLM
5528,29,77,1,1,1,0.952587,0.987075,logprobs,DekaLLM
5529,29,79,1,1,1,0.731164,0.974009,logprobs,DekaLLM
5530,29,81,1,1,1,0.500189,0.968602,logprobs,DekaLLM
5531,29,83,1,1,1,0.622538,0.974873,logprobs,DekaLLM
5532,29,85,1,1,1,0.500105,0.97583,logprobs,DekaLLM
5533,29,87,1,1,0,0.119182,0.975229,logprobs,DekaLLM
5534,29,89,1,1,0,0.047413,0.983619,logprobs,DekaLLM
5535,29,91,1,1,1,0.622604,0.981921,logprobs,DekaLLM
5536,29,93,1,1,0,0.377702,0.979364,logprobs,DekaLLM
5537,29,95,1,1,0,0.268983,0.984255,logprobs,DekaLLM
5538,29,97,1,1,1,0.500135,0.974436,logprobs,DekaLLM
5539,29,99,1,1,1,0.500168,0.979822,logprobs,DekaLLM
5540,29,101,1,1,1,0.817666,0.979345,logprobs,DekaLLM
5541,29,103,1,1,1,0.880845,0.981298,logprobs,DekaLLM
5542,29,105,1,1,1,0.880875,0.969127,logprobs,DekaLLM
5543,29,107,1,1,1,0.880861,0.97888,logprobs,DekaLLM
5544,29,109,1,1,1,0.73119,0.974227,logprobs,DekaLLM
5545,29,111,1,1,1,0.817674,0.961454,logprobs,DekaLLM
5546,29,113,1,1,1,0.73119,0.974185,logprobs,DekaLLM
5547,29,115,1,1,1,0.50022,0.979658,logprobs,DekaLLM
5548,29,117,1,1,1,0.731179,0.974745,logprobs,DekaLLM
5549,29,119,1,1,1,0.731179,0.980679,logprobs,DekaLLM
5550,29,121,1,1,0,0.377619,0.983115,logprobs,DekaLLM
5551,29,123,0,0,0,0.377749,0.982298,logprobs,DekaLLM
5552,29,125,0,0,0,0.182478,0.978674,logprobs,DekaLLM
5553,29,127,0,0,0,0.182457,0.983522,logprobs,DekaLLM
5554,29,129,0,0,0,0.377718,0.982012,logprobs,DekaLLM
5555,29,131,0,0,1,0.500222,0.977665,logprobs,DekaLLM
5556,29,133,0,0,0,0.377718,0.980967,logprobs,DekaLLM
5557,29,135,0,0,0,0.182457,0.98392,logprobs,DekaLLM
5558,29,137,0,0,0,0.11919,0.984281,logprobs,DekaLLM
5559,29,139,0,0,0,0.182521,0.985039,logprobs,DekaLLM
5560,29,141,0,0,0,0.377749,0.980124,logprobs,DekaLLM
5561,29,143,0,0,1,0.500084,0.978035,logprobs,DekaLLM
5562,29,145,0,0,0,0.377619,0.980902,logprobs,DekaLLM
5563,29,147,0,0,1,0.500189,0.978308,logprobs,DekaLLM
5564,29,149,0,0,1,0.622586,0.974118,logprobs,DekaLLM
5565,29,151,0,0,1,0.731165,0.976551,logprobs,DekaLLM
5566,29,153,0,0,0,0.377671,0.977722,logprobs,DekaLLM
5567,29,155,0,0,0,0.182445,0.977821,logprobs,DekaLLM
5568,29,157,0,0,0,0.075844,0.984044,logprobs,DekaLLM
5569,29,159,0,0,0,0.07585,0.98337,logprobs,DekaLLM
5570,29,161,0,0,0,0.047417,0.974195,logprobs,DekaLLM
5571,29,163,0,0,0,0.119227,0.975422,logprobs,DekaLLM
5572,29,165,0,0,0,0.047417,0.987457,logprobs,DekaLLM
5573,29,167,0,0,0,0.047417,0.983513,logprobs,DekaLLM
5574,29,169,0,0,0,0.075844,0.981707,logprobs,DekaLLM
5575,29,171,0,0,0,0.075844,0.979409,logprobs,DekaLLM
5576,29,173,0,0,0,0.029307,0.984883,logprobs,DekaLLM
5577,29,175,0,0,0,0.029307,0.9851,logprobs,DekaLLM
5578,29,177,0,0,0,0.04742,0.980228,logprobs,DekaLLM
5579,29,179,0,0,0,0.11919,0.980521,logprobs,DekaLLM
5580,27,-179,0,0,0,0.017985,0.991849,logprobs,DekaLLM
5581,27,-177,0,0,0,0.006692,0.98884,logprobs,DekaLLM
5582,27,-175,0,0,0,0.006692,0.987359,logprobs,DekaLLM
5583,27,-173,0,0,0,0.006692,0.98861,logprobs,DekaLLM
5584,27,-171,0,0,0,0.006692,0.989942,logprobs,DekaLLM
5585,27,-169,0,0,0,0.004069,0.987201,logprobs,DekaLLM
5586,27,-167,0,0,0,0.006692,0.985662,logprobs,DekaLLM
5587,27,-165,0,0,0,0.00407,0.991496,logprobs,DekaLLM
5588,27,-163,0,0,0,0.010985,0.988342,logprobs,DekaLLM
5589,27,-161,0,0,0,0.006692,0.990889,logprobs,DekaLLM
5590,27,-159,0,0,0,0.006691,0.985939,logprobs,DekaLLM
5591,27,-157,0,0,0,0.017983,0.985646,logprobs,DekaLLM
5592,27,-155,0,0,0,0.006692,0.988727,logprobs,DekaLLM
5593,27,-153,0,0,0,0.010985,0.983746,logprobs,DekaLLM
5594,27,-151,0,0,0,0.006692,0.989531,logprobs,DekaLLM
5595,27,-149,0,0,0,0.006692,0.985239,logprobs,DekaLLM
5596,27,-147,0,0,0,0.017983,0.984928,logprobs,DekaLLM
5597,27,-145,0,0,0,0.00407,0.985976,logprobs,DekaLLM
5598,27,-143,0,0,0,0.017983,0.983122,logprobs,DekaLLM
5599,27,-141,0,0,0,0.010985,0.988775,logprobs,DekaLLM
5600,27,-139,0,0,0,0.017983,0.978455,logprobs,DekaLLM
5601,27,-137,0,0,0,0.006692,0.987027,logprobs,DekaLLM
5602,27,-135,0,0,0,0.010986,0.989039,logprobs,DekaLLM
5603,27,-133,0,0,0,0.006692,0.988758,logprobs,DekaLLM
5604,27,-131,0,0,0,0.010985,0.977685,logprobs,DekaLLM
5605,27,-129,0,0,0,0.00407,0.990475,logprobs,DekaLLM
5606,27,-127,0,0,0,0.006692,0.985007,logprobs,DekaLLM
5607,27,-125,0,0,0,0.006692,0.989316,logprobs,DekaLLM
5608,27,-123,0,0,0,0.006692,0.987397,logprobs,DekaLLM
5609,27,-121,0,0,0,0.017983,0.98294,logprobs,DekaLLM
5610,27,-119,0,0,0,0.010985,0.983772,logprobs,DekaLLM
5611,27,-117,0,0,0,0.182365,0.980955,logprobs,DekaLLM
5612,27,-115,0,0,0,0.182459,0.979707,logprobs,DekaLLM
5613,27,-113,1,1,0,0.377749,0.983093,logprobs,DekaLLM
5614,27,-111,0,0,1,0.622586,0.985539,logprobs,DekaLLM
5615,27,-109,1,1,1,0.622637,0.97498,logprobs,DekaLLM
5616,27,-107,1,1,0,0.377749,0.984376,logprobs,DekaLLM
5617,27,-105,1,1,1,0.622586,0.976989,logprobs,DekaLLM
5618,27,-103,1,1,1,0.817623,0.976861,logprobs,DekaLLM
5619,27,-101,1,1,1,0.817666,0.978265,logprobs,DekaLLM
5620,27,-99,1,1,1,0.880836,0.984274,logprobs,DekaLLM
5621,27,-97,0,0,1,0.622586,0.984894,logprobs,DekaLLM
5622,27,-95,0,0,0,0.268943,0.985932,logprobs,DekaLLM
5623,27,-93,0,0,0,0.047417,0.986655,logprobs,DekaLLM
5624,27,-91,0,0,0,0.017983,0.985471,logprobs,DekaLLM
5625,27,-89,0,0,0,0.017984,0.98872,logprobs,DekaLLM
5626,27,-87,0,0,0,0.006692,0.986834,logprobs,DekaLLM
5627,27,-85,0,0,0,0.075841,0.970718,logprobs,DekaLLM
5628,27,-83,0,0,0,0.18254,0.988583,logprobs,DekaLLM
5629,27,-81,1,0,1,0.81763,0.985327,logprobs,DekaLLM
5630,27,-79,0,0,0,0.182377,0.986927,logprobs,DekaLLM
5631,27,-77,0,0,0,0.075844,0.986735,logprobs,DekaLLM
5632,27,-75,0,0,0,0.047415,0.979128,logprobs,DekaLLM
5633,27,-73,0,0,0,0.017983,0.98512,logprobs,DekaLLM
5634,27,-71,0,0,0,0.029307,0.980194,logprobs,DekaLLM
5635,27,-69,0,0,0,0.029307,0.979539,logprobs,DekaLLM
5636,27,-67,0,0,0,0.075839,0.979266,logprobs,DekaLLM
5637,27,-65,0,0,0,0.075844,0.985648,logprobs,DekaLLM
5638,27,-63,0,0,0,0.075839,0.980854,logprobs,DekaLLM
5639,27,-61,0,0,0,0.047411,0.976749,logprobs,DekaLLM
5640,27,-59,0,0,0,0.182528,0.983266,logprobs,DekaLLM
5641,27,-57,0,0,0,0.268967,0.983846,logprobs,DekaLLM
5642,27,-55,0,0,0,0.029307,0.986542,logprobs,DekaLLM
5643,27,-53,0,0,0,0.119225,0.987071,logprobs,DekaLLM
5644,27,-51,0,0,0,0.029307,0.98661,logprobs,DekaLLM
5645,27,-49,0,0,0,0.029307,0.986301,logprobs,DekaLLM
5646,27,-47,0,0,0,0.075839,0.98265,logprobs,DekaLLM
5647,27,-45,0,0,0,0.04742,0.983645,logprobs,DekaLLM
5648,27,-43,0,0,0,0.017983,0.987254,logprobs,DekaLLM
5649,27,-41,0,0,0,0.010986,0.985952,logprobs,DekaLLM
5650,27,-39,0,0,0,0.029307,0.985271,logprobs,DekaLLM
5651,27,-37,0,0,0,0.029309,0.978349,logprobs,DekaLLM
5652,27,-35,0,0,0,0.017983,0.982739,logprobs,DekaLLM
5653,27,-33,0,0,0,0.075844,0.981904,logprobs,DekaLLM
5654,27,-31,0,0,0,0.04742,0.982364,logprobs,DekaLLM
5655,27,-29,0,0,0,0.182507,0.9836,logprobs,DekaLLM
5656,27,-27,0,0,0,0.182478,0.981351,logprobs,DekaLLM
5657,27,-25,0,0,0,0.119248,0.980936,logprobs,DekaLLM
5658,27,-23,0,0,0,0.18254,0.9834,logprobs,DekaLLM
5659,27,-21,0,0,0,0.182395,0.977297,logprobs,DekaLLM
5660,27,-19,0,0,0,0.11924,0.985118,logprobs,DekaLLM
5661,27,-17,0,0,0,0.182478,0.973907,logprobs,DekaLLM
5662,27,-15,0,0,0,0.119248,0.986873,logprobs,DekaLLM
5663,27,-13,1,1,0,0.269007,0.983477,logprobs,DekaLLM
5664,27,-11,1,1,0,0.377671,0.976921,logprobs,DekaLLM
5665,27,-9,1,1,1,0.500222,0.979127,logprobs,DekaLLM
5666,27,-7,1,1,1,0.500135,0.977346,logprobs,DekaLLM
5667,27,-5,1,1,1,0.622586,0.977166,logprobs,DekaLLM
5668,27,-3,1,1,1,0.622586,0.962269,logprobs,DekaLLM
5669,27,-1,1,1,1,0.500222,0.977267,logprobs,DekaLLM
5670,27,1,1,1,1,0.622586,0.968509,logprobs,DekaLLM
5671,27,3,1,1,1,0.622617,0.976675,logprobs,DekaLLM
5672,27,5,1,1,1,0.622586,0.969249,logprobs,DekaLLM
5673,27,7,1,1,1,0.500168,0.978119,logprobs,DekaLLM
5674,27,9,1,1,1,0.622586,0.977764,logprobs,DekaLLM
5675,27,11,1,1,1,0.500168,0.972086,logprobs,DekaLLM
5676,27,13,1,1,1,0.622617,0.963002,logprobs,DekaLLM
5677,27,15,1,1,1,0.500135,0.962857,logprobs,DekaLLM
5678,27,17,1,1,1,0.500168,0.968892,logprobs,DekaLLM
5679,27,19,1,1,1,0.500135,0.971551,logprobs,DekaLLM
5680,27,21,1,1,1,0.500222,0.956055,logprobs,DekaLLM
5681,27,23,1,1,1,0.500135,0.97191,logprobs,DekaLLM
5682,27,25,1,1,1,0.500222,0.956948,logprobs,DekaLLM
5683,27,27,1,1,1,0.500222,0.962385,logprobs,DekaLLM
5684,27,29,1,1,0,0.377749,0.966525,logprobs,DekaLLM
5685,27,31,1,1,0,0.377667,0.985405,logprobs,DekaLLM
5686,27,33,1,1,0,0.377671,0.981903,logprobs,DekaLLM
5687,27,35,0,0,0,0.377749,0.963323,logprobs,DekaLLM
5688,27,37,1,1,0,0.269116,0.974008,logprobs,DekaLLM
5689,27,39,1,1,1,0.500199,0.978768,logprobs,DekaLLM
5690,27,41,1,1,1,0.622617,0.959347,logprobs,DekaLLM
5691,27,43,1,1,1,0.500189,0.977166,logprobs,DekaLLM
5692,27,45,1,1,0,0.377834,0.965431,logprobs,DekaLLM
5693,27,47,1,1,0,0.377749,0.974889,logprobs,DekaLLM
5694,27,49,1,1,1,0.500168,0.969071,logprobs,DekaLLM
5695,27,51,0,0,1,0.500171,0.976758,logprobs,DekaLLM
5696,27,53,0,0,1,0.500171,0.971804,logprobs,DekaLLM
5697,27,55,1,1,1,0.500189,0.968476,logprobs,DekaLLM
5698,27,57,1,1,1,0.500135,0.97617,logprobs,DekaLLM
5699,27,59,1,1,0,0.377749,0.976534,logprobs,DekaLLM
5700,27,61,1,1,1,0.500222,0.967451,logprobs,DekaLLM
5701,27,63,1,1,0,0.377702,0.970885,logprobs,DekaLLM
5702,27,65,1,1,1,0.622586,0.973673,logprobs,DekaLLM
5703,27,67,1,1,0,0.377749,0.974022,logprobs,DekaLLM
5704,27,69,1,1,1,0.622668,0.966369,logprobs,DekaLLM
5705,27,71,1,1,1,0.817666,0.977356,logprobs,DekaLLM
5706,27,73,1,1,1,0.731163,0.978287,logprobs,DekaLLM
5707,27,75,1,1,1,0.880845,0.978471,logprobs,DekaLLM
5708,27,77,1,1,1,0.970692,0.987,logprobs,DekaLLM
5709,27,79,1,1,1,0.731179,0.973531,logprobs,DekaLLM
5710,27,81,1,1,1,0.731165,0.970749,logprobs,DekaLLM
5711,27,83,1,1,1,0.817635,0.967948,logprobs,DekaLLM
5712,27,85,1,1,1,0.880845,0.983726,logprobs,DekaLLM
5713,27,87,1,1,1,0.622617,0.949085,logprobs,DekaLLM
5714,27,89,1,1,1,0.622615,0.97429,logprobs,DekaLLM
5715,27,91,1,1,1,0.622646,0.972572,logprobs,DekaLLM
5716,27,93,1,1,1,0.500171,0.976233,logprobs,DekaLLM
5717,27,95,1,1,0,0.269007,0.980458,logprobs,DekaLLM
5718,27,97,1,1,1,0.500135,0.977987,logprobs,DekaLLM
5719,27,99,1,1,1,0.500135,0.977374,logprobs,DekaLLM
5720,27,101,1,1,1,0.73119,0.972983,logprobs,DekaLLM
5721,27,103,1,1,1,0.817666,0.972072,logprobs,DekaLLM
5722,27,105,1,1,1,0.731164,0.972665,logprobs,DekaLLM
5723,27,107,1,1,1,0.622697,0.971841,logprobs,DekaLLM
5724,27,109,1,1,1,0.731179,0.97308,logprobs,DekaLLM
5725,27,111,1,1,1,0.73119,0.968938,logprobs,DekaLLM
5726,27,113,1,1,1,0.73119,0.969346,logprobs,DekaLLM
5727,27,115,1,1,0,0.377702,0.97631,logprobs,DekaLLM
5728,27,117,1,1,1,0.622646,0.975823,logprobs,DekaLLM
5729,27,119,1,1,1,0.500171,0.977228,logprobs,DekaLLM
5730,27,121,0,0,0,0.269147,0.980009,logprobs,DekaLLM
5731,27,123,0,0,0,0.119155,0.967951,logprobs,DekaLLM
5732,27,125,0,0,0,0.11924,0.979124,logprobs,DekaLLM
5733,27,127,0,0,0,0.119182,0.981982,logprobs,DekaLLM
5734,27,129,0,0,0,0.26901,0.979045,logprobs,DekaLLM
5735,27,131,0,0,0,0.182509,0.982805,logprobs,DekaLLM
5736,27,133,0,0,0,0.26901,0.979292,logprobs,DekaLLM
5737,27,135,0,0,0,0.182445,0.984801,logprobs,DekaLLM
5738,27,137,0,0,0,0.075835,0.973257,logprobs,DekaLLM
5739,27,139,0,0,0,0.119182,0.982967,logprobs,DekaLLM
5740,27,141,0,0,0,0.182478,0.978364,logprobs,DekaLLM
5741,27,143,0,0,0,0.269076,0.979335,logprobs,DekaLLM
5742,27,145,0,0,0,0.377623,0.971671,logprobs,DekaLLM
5743,27,147,0,0,1,0.500189,0.975969,logprobs,DekaLLM
5744,27,149,0,0,1,0.731164,0.971846,logprobs,DekaLLM
5745,27,151,0,0,0,0.377702,0.975042,logprobs,DekaLLM
5746,27,153,0,0,1,0.500135,0.985035,logprobs,DekaLLM
5747,27,155,0,0,0,0.075844,0.974454,logprobs,DekaLLM
5748,27,157,0,0,0,0.047411,0.974671,logprobs,DekaLLM
5749,27,159,0,0,0,0.047417,0.981358,logprobs,DekaLLM
5750,27,161,0,0,0,0.075844,0.982465,logprobs,DekaLLM
5751,27,163,0,0,0,0.119168,0.960927,logprobs,DekaLLM
5752,27,165,0,0,0,0.075844,0.980556,logprobs,DekaLLM
5753,27,167,0,0,0,0.047411,0.973269,logprobs,DekaLLM
5754,27,169,0,0,0,0.04742,0.979968,logprobs,DekaLLM
5755,27,171,0,0,0,0.119182,0.976886,logprobs,DekaLLM
5756,27,173,0,0,0,0.029307,0.980024,logprobs,DekaLLM
5757,27,175,0,0,0,0.017984,0.986496,logprobs,DekaLLM
5758,27,177,0,0,0,0.029307,0.980753,logprobs,DekaLLM
5759,27,179,0,0,0,0.07585,0.980104,logprobs,DekaLLM
5760,25,-179,0,0,0,0.029307,0.988897,logprobs,DekaLLM
5761,25,-177,0,0,0,0.010986,0.987352,logprobs,DekaLLM
5762,25,-175,0,0,0,0.006692,0.9911,logprobs,DekaLLM
5763,25,-173,0,0,0,0.006692,0.987837,logprobs,DekaLLM
5764,25,-171,0,0,0,0.006692,0.987833,logprobs,DekaLLM
5765,25,-169,0,0,0,0.00407,0.987887,logprobs,DekaLLM
5766,25,-167,0,0,0,0.006692,0.984023,logprobs,DekaLLM
5767,25,-165,0,0,0,0.00407,0.993859,logprobs,DekaLLM
5768,25,-163,0,0,0,0.00407,0.988049,logprobs,DekaLLM
5769,25,-161,0,0,0,0.006692,0.989192,logprobs,DekaLLM
5770,25,-159,0,0,0,0.017982,0.988755,logprobs,DekaLLM
5771,25,-157,0,0,0,0.017983,0.985938,logprobs,DekaLLM
5772,25,-155,0,0,0,0.006691,0.990305,logprobs,DekaLLM
5773,25,-153,0,0,0,0.010985,0.982803,logprobs,DekaLLM
5774,25,-151,0,0,0,0.010985,0.987903,logprobs,DekaLLM
5775,25,-149,0,0,0,0.006692,0.99133,logprobs,DekaLLM
5776,25,-147,0,0,0,0.006692,0.989067,logprobs,DekaLLM
5777,25,-145,0,0,0,0.006692,0.988052,logprobs,DekaLLM
5778,25,-143,0,0,0,0.010985,0.983734,logprobs,DekaLLM
5779,25,-141,0,0,0,0.017983,0.986591,logprobs,DekaLLM
5780,25,-139,0,0,0,0.010985,0.979115,logprobs,DekaLLM
5781,25,-137,0,0,0,0.00407,0.988963,logprobs,DekaLLM
5782,25,-135,0,0,0,0.006692,0.991978,logprobs,DekaLLM
5783,25,-133,0,0,0,0.006692,0.983671,logprobs,DekaLLM
5784,25,-131,0,0,0,0.00407,0.987437,logprobs,DekaLLM
5785,25,-129,0,0,0,0.00407,0.98629,logprobs,DekaLLM
5786,25,-127,0,0,0,0.006692,0.991172,logprobs,DekaLLM
5787,25,-125,0,0,0,0.00407,0.989913,logprobs,DekaLLM
5788,25,-123,0,0,0,0.017983,0.983663,logprobs,DekaLLM
5789,25,-121,0,0,0,0.075844,0.985381,logprobs,DekaLLM
5790,25,-119,0,0,0,0.182509,0.987023,logprobs,DekaLLM
5791,25,-117,0,0,0,0.182377,0.984552,logprobs,DekaLLM
5792,25,-115,0,0,0,0.182377,0.986309,logprobs,DekaLLM
5793,25,-113,0,0,1,0.500138,0.978306,logprobs,DekaLLM
5794,25,-111,1,1,1,0.622586,0.983402,logprobs,DekaLLM
5795,25,-109,0,0,1,0.622617,0.983924,logprobs,DekaLLM
5796,25,-107,1,1,1,0.500222,0.978317,logprobs,DekaLLM
5797,25,-105,1,1,1,0.817666,0.985478,logprobs,DekaLLM
5798,25,-103,1,1,1,0.817693,0.981658,logprobs,DekaLLM
5799,25,-101,1,1,1,0.73119,0.966497,logprobs,DekaLLM
5800,25,-99,1,1,1,0.817666,0.971716,logprobs,DekaLLM
5801,25,-97,0,0,1,0.622604,0.98428,logprobs,DekaLLM
5802,25,-95,0,0,0,0.377619,0.988302,logprobs,DekaLLM
5803,25,-93,0,0,0,0.029307,0.98261,logprobs,DekaLLM
5804,25,-91,0,0,0,0.017983,0.986033,logprobs,DekaLLM
5805,25,-89,0,0,0,0.029307,0.989944,logprobs,DekaLLM
5806,25,-87,0,0,0,0.010986,0.988909,logprobs,DekaLLM
5807,25,-85,0,0,0,0.029307,0.983302,logprobs,DekaLLM
5808,25,-83,0,0,0,0.269023,0.987503,logprobs,DekaLLM
5809,25,-81,0,0,0,0.268943,0.986583,logprobs,DekaLLM
5810,25,-79,0,0,0,0.075835,0.982412,logprobs,DekaLLM
5811,25,-77,0,0,0,0.017984,0.989293,logprobs,DekaLLM
5812,25,-75,0,0,0,0.010985,0.990292,logprobs,DekaLLM
5813,25,-73,0,0,0,0.010986,0.987496,logprobs,DekaLLM
5814,25,-71,0,0,0,0.017983,0.986326,logprobs,DekaLLM
5815,25,-69,0,0,0,0.017984,0.987214,logprobs,DekaLLM
5816,25,-67,0,0,0,0.182528,0.983798,logprobs,DekaLLM
5817,25,-65,0,0,0,0.182427,0.985562,logprobs,DekaLLM
5818,25,-63,0,0,0,0.119182,0.983385,logprobs,DekaLLM
5819,25,-61,0,0,0,0.075844,0.984736,logprobs,DekaLLM
5820,25,-59,0,0,0,0.119169,0.978357,logprobs,DekaLLM
5821,25,-57,0,0,0,0.182495,0.979876,logprobs,DekaLLM
5822,25,-55,0,0,0,0.047411,0.986565,logprobs,DekaLLM
5823,25,-53,0,0,0,0.119182,0.977715,logprobs,DekaLLM
5824,25,-51,0,0,0,0.029307,0.989999,logprobs,DekaLLM
5825,25,-49,0,0,0,0.119169,0.981378,logprobs,DekaLLM
5826,25,-47,0,0,0,0.182445,0.983917,logprobs,DekaLLM
5827,25,-45,0,0,0,0.047417,0.978199,logprobs,DekaLLM
5828,25,-43,0,0,0,0.047417,0.985689,logprobs,DekaLLM
5829,25,-41,0,0,0,0.029307,0.983336,logprobs,DekaLLM
5830,25,-39,0,0,0,0.182377,0.980046,logprobs,DekaLLM
5831,25,-37,0,0,0,0.010985,0.987268,logprobs,DekaLLM
5832,25,-35,0,0,0,0.075844,0.98411,logprobs,DekaLLM
5833,25,-33,0,0,0,0.047417,0.985135,logprobs,DekaLLM
5834,25,-31,0,0,0,0.017983,0.990237,logprobs,DekaLLM
5835,25,-29,0,0,0,0.119248,0.987327,logprobs,DekaLLM
5836,25,-27,0,0,0,0.075835,0.979868,logprobs,DekaLLM
5837,25,-25,0,0,0,0.377638,0.985912,logprobs,DekaLLM
5838,25,-23,0,0,0,0.182478,0.977475,logprobs,DekaLLM
5839,25,-21,0,0,0,0.07585,0.980503,logprobs,DekaLLM
5840,25,-19,0,0,0,0.11924,0.983642,logprobs,DekaLLM
5841,25,-17,0,0,0,0.119182,0.986002,logprobs,DekaLLM
5842,25,-15,0,0,0,0.075844,0.983559,logprobs,DekaLLM
5843,25,-13,1,1,0,0.377619,0.9775,logprobs,DekaLLM
5844,25,-11,1,1,0,0.377702,0.975364,logprobs,DekaLLM
5845,25,-9,1,1,1,0.500135,0.980994,logprobs,DekaLLM
5846,25,-7,1,1,1,0.622586,0.984846,logprobs,DekaLLM
5847,25,-5,1,1,0,0.377718,0.980674,logprobs,DekaLLM
5848,25,-3,1,1,1,0.622586,0.982578,logprobs,DekaLLM
5849,25,-1,1,1,1,0.500135,0.971732,logprobs,DekaLLM
5850,25,1,1,1,1,0.622586,0.968028,logprobs,DekaLLM
5851,25,3,1,1,1,0.622586,0.977699,logprobs,DekaLLM
5852,25,5,1,1,1,0.500135,0.968987,logprobs,DekaLLM
5853,25,7,1,1,1,0.500135,0.973656,logprobs,DekaLLM
5854,25,9,1,1,1,0.622666,0.976508,logprobs,DekaLLM
5855,25,11,1,1,1,0.622586,0.966106,logprobs,DekaLLM
5856,25,13,1,1,1,0.622586,0.97812,logprobs,DekaLLM
5857,25,15,1,1,1,0.500135,0.969277,logprobs,DekaLLM
5858,25,17,1,1,1,0.500135,0.969235,logprobs,DekaLLM
5859,25,19,1,1,1,0.500084,0.973539,logprobs,DekaLLM
5860,25,21,1,1,1,0.500135,0.962193,logprobs,DekaLLM
5861,25,23,1,1,0,0.377749,0.966677,logprobs,DekaLLM
5862,25,25,1,1,1,0.622538,0.968352,logprobs,DekaLLM
5863,25,27,1,1,1,0.500135,0.973421,logprobs,DekaLLM
5864,25,29,1,1,1,0.500084,0.978402,logprobs,DekaLLM
5865,25,31,1,1,0,0.269076,0.97947,logprobs,DekaLLM
5866,25,33,1,1,0,0.269116,0.978818,logprobs,DekaLLM
5867,25,35,0,0,1,0.500135,0.971331,logprobs,DekaLLM
5868,25,37,0,0,1,0.500222,0.969405,logprobs,DekaLLM
5869,25,39,1,1,1,0.622646,0.974353,logprobs,DekaLLM
5870,25,41,1,1,1,0.500222,0.978648,logprobs,DekaLLM
5871,25,43,1,1,1,0.731189,0.968193,logprobs,DekaLLM
5872,25,45,1,1,1,0.500222,0.959483,logprobs,DekaLLM
5873,25,47,1,1,1,0.731164,0.970854,logprobs,DekaLLM
5874,25,49,1,1,1,0.622586,0.977301,logprobs,DekaLLM
5875,25,51,1,1,1,0.622697,0.980464,logprobs,DekaLLM
5876,25,53,0,0,1,0.500168,0.973833,logprobs,DekaLLM
5877,25,55,0,0,1,0.622615,0.982331,logprobs,DekaLLM
5878,25,57,0,0,0,0.377749,0.980208,logprobs,DekaLLM
5879,25,59,0,0,0,0.269116,0.98037,logprobs,DekaLLM
5880,25,61,0,0,1,0.500135,0.976181,logprobs,DekaLLM
5881,25,63,0,0,1,0.500222,0.970018,logprobs,DekaLLM
5882,25,65,0,0,1,0.622586,0.981988,logprobs,DekaLLM
5883,25,67,1,1,0,0.377671,0.972628,logprobs,DekaLLM
5884,25,69,1,1,1,0.622586,0.979011,logprobs,DekaLLM
5885,25,71,1,1,1,0.817646,0.976469,logprobs,DekaLLM
5886,25,73,1,1,1,0.817643,0.965412,logprobs,DekaLLM
5887,25,75,1,1,1,0.622567,0.967286,logprobs,DekaLLM
5888,25,77,1,1,1,0.817623,0.980314,logprobs,DekaLLM
5889,25,79,1,1,1,0.731179,0.979056,logprobs,DekaLLM
5890,25,81,1,1,1,0.500138,0.981778,logprobs,DekaLLM
5891,25,83,1,1,1,0.731257,0.966759,logprobs,DekaLLM
5892,25,85,1,1,1,0.500222,0.965252,logprobs,DekaLLM
5893,25,87,1,1,1,0.500138,0.975927,logprobs,DekaLLM
5894,25,89,1,1,0,0.377667,0.981773,logprobs,DekaLLM
5895,25,91,1,1,1,0.622617,0.972686,logprobs,DekaLLM
5896,25,93,1,1,1,0.622668,0.963834,logprobs,DekaLLM
5897,25,95,1,1,1,0.622666,0.96709,logprobs,DekaLLM
5898,25,97,1,1,1,0.500135,0.971564,logprobs,DekaLLM
5899,25,99,1,1,1,0.500199,0.979149,logprobs,DekaLLM
5900,25,101,1,1,1,0.817666,0.9716,logprobs,DekaLLM
5901,25,103,1,1,1,0.817666,0.971052,logprobs,DekaLLM
5902,25,105,1,1,1,0.817646,0.97227,logprobs,DekaLLM
5903,25,107,1,1,1,0.731215,0.974799,logprobs,DekaLLM
5904,25,109,1,1,1,0.817623,0.976423,logprobs,DekaLLM
5905,25,111,1,1,1,0.622668,0.973902,logprobs,DekaLLM
5906,25,113,1,1,1,0.622697,0.96317,logprobs,DekaLLM
5907,25,115,1,1,0,0.377702,0.97934,logprobs,DekaLLM
5908,25,117,1,1,1,0.731164,0.974598,logprobs,DekaLLM
5909,25,119,0,0,1,0.622646,0.981735,logprobs,DekaLLM
5910,25,121,0,0,1,0.731215,0.980695,logprobs,DekaLLM
5911,25,123,0,0,0,0.182395,0.978134,logprobs,DekaLLM
5912,25,125,0,0,0,0.119182,0.978025,logprobs,DekaLLM
5913,25,127,0,0,0,0.26901,0.981467,logprobs,DekaLLM
5914,25,129,0,0,0,0.182528,0.984002,logprobs,DekaLLM
5915,25,131,0,0,0,0.182478,0.976151,logprobs,DekaLLM
5916,25,133,0,0,0,0.269076,0.983033,logprobs,DekaLLM
5917,25,135,0,0,0,0.269076,0.975216,logprobs,DekaLLM
5918,25,137,0,0,0,0.075844,0.982635,logprobs,DekaLLM
5919,25,139,0,0,0,0.119169,0.983308,logprobs,DekaLLM
5920,25,141,0,0,0,0.182407,0.981585,logprobs,DekaLLM
5921,25,143,0,0,0,0.075844,0.975065,logprobs,DekaLLM
5922,25,145,0,0,0,0.182445,0.9797,logprobs,DekaLLM
5923,25,147,0,0,1,0.500168,0.975457,logprobs,DekaLLM
5924,25,149,0,0,1,0.500084,0.980022,logprobs,DekaLLM
5925,25,151,0,0,0,0.182507,0.983364,logprobs,DekaLLM
5926,25,153,0,0,0,0.119169,0.979751,logprobs,DekaLLM
5927,25,155,0,0,0,0.047417,0.974879,logprobs,DekaLLM
5928,25,157,0,0,0,0.047417,0.978553,logprobs,DekaLLM
5929,25,159,0,0,0,0.075844,0.976338,logprobs,DekaLLM
5930,25,161,0,0,0,0.029307,0.982797,logprobs,DekaLLM
5931,25,163,0,0,0,0.029307,0.982155,logprobs,DekaLLM
5932,25,165,0,0,0,0.029306,0.972746,logprobs,DekaLLM
5933,25,167,0,0,0,0.017984,0.983216,logprobs,DekaLLM
5934,25,169,0,0,0,0.047411,0.976341,logprobs,DekaLLM
5935,25,171,0,0,0,0.047417,0.973668,logprobs,DekaLLM
5936,25,173,0,0,0,0.017983,0.985263,logprobs,DekaLLM
5937,25,175,0,0,0,0.04742,0.980499,logprobs,DekaLLM
5938,25,177,0,0,0,0.017983,0.976118,logprobs,DekaLLM
5939,25,179,0,0,0,0.075844,0.979211,logprobs,DekaLLM
5940,23,-179,0,0,0,0.07585,0.98109,logprobs,DekaLLM
5941,23,-177,0,0,0,0.017984,0.989958,logprobs,DekaLLM
5942,23,-175,0,0,0,0.010985,0.989805,logprobs,DekaLLM
5943,23,-173,0,0,0,0.010985,0.987649,logprobs,DekaLLM
5944,23,-171,0,0,0,0.006692,0.98745,logprobs,DekaLLM
5945,23,-169,0,0,0,0.00407,0.990778,logprobs,DekaLLM
5946,23,-167,0,0,0,0.010986,0.988917,logprobs,DekaLLM
5947,23,-165,0,0,0,0.004069,0.989748,logprobs,DekaLLM
5948,23,-163,0,0,0,0.010985,0.986974,logprobs,DekaLLM
5949,23,-161,0,0,0,0.006692,0.991053,logprobs,DekaLLM
5950,23,-159,0,0,0,0.017983,0.988011,logprobs,DekaLLM
5951,23,-157,0,0,0,0.047417,0.988423,logprobs,DekaLLM
5952,23,-155,0,0,0,0.017984,0.989846,logprobs,DekaLLM
5953,23,-153,0,0,0,0.010986,0.991542,logprobs,DekaLLM
5954,23,-151,0,0,0,0.010985,0.987941,logprobs,DekaLLM
5955,23,-149,0,0,0,0.017983,0.987268,logprobs,DekaLLM
5956,23,-147,0,0,0,0.029309,0.990189,logprobs,DekaLLM
5957,23,-145,0,0,0,0.017983,0.985108,logprobs,DekaLLM
5958,23,-143,0,0,0,0.010985,0.984573,logprobs,DekaLLM
5959,23,-141,0,0,0,0.017981,0.984709,logprobs,DekaLLM
5960,23,-139,0,0,0,0.017983,0.986677,logprobs,DekaLLM
5961,23,-137,0,0,0,0.017983,0.985515,logprobs,DekaLLM
5962,23,-135,0,0,0,0.017983,0.982488,logprobs,DekaLLM
5963,23,-133,0,0,0,0.047417,0.984661,logprobs,DekaLLM
5964,23,-131,0,0,0,0.017983,0.981802,logprobs,DekaLLM
5965,23,-129,0,0,0,0.017982,0.985498,logprobs,DekaLLM
5966,23,-127,0,0,0,0.029307,0.985026,logprobs,DekaLLM
5967,23,-125,0,0,0,0.010984,0.987024,logprobs,DekaLLM
5968,23,-123,0,0,0,0.119169,0.97525,logprobs,DekaLLM
5969,23,-121,0,0,0,0.269076,0.982653,logprobs,DekaLLM
5970,23,-119,0,0,0,0.377702,0.978447,logprobs,DekaLLM
5971,23,-117,0,0,0,0.377702,0.984873,logprobs,DekaLLM
5972,23,-115,0,0,1,0.500084,0.985135,logprobs,DekaLLM
5973,23,-113,0,0,1,0.500222,0.978589,logprobs,DekaLLM
5974,23,-111,0,0,1,0.622586,0.981493,logprobs,DekaLLM
5975,23,-109,0,0,1,0.731165,0.980658,logprobs,DekaLLM
5976,23,-107,0,0,1,0.731164,0.983706,logprobs,DekaLLM
5977,23,-105,1,1,1,0.817666,0.985372,logprobs,DekaLLM
5978,23,-103,1,1,1,0.88084,0.98115,logprobs,DekaLLM
5979,23,-101,1,1,1,0.880845,0.977482,logprobs,DekaLLM
5980,23,-99,1,1,1,0.817666,0.978566,logprobs,DekaLLM
5981,23,-97,0,0,1,0.880836,0.984713,logprobs,DekaLLM
5982,23,-95,0,0,1,0.622617,0.981825,logprobs,DekaLLM
5983,23,-93,0,0,1,0.500135,0.980056,logprobs,DekaLLM
5984,23,-91,0,0,0,0.11919,0.98599,logprobs,DekaLLM
5985,23,-89,0,0,0,0.377671,0.980889,logprobs,DekaLLM
5986,23,-87,0,0,0,0.119169,0.977673,logprobs,DekaLLM
5987,23,-85,0,0,0,0.11919,0.987133,logprobs,DekaLLM
5988,23,-83,1,1,1,0.500135,0.986003,logprobs,DekaLLM
5989,23,-81,1,1,0,0.182407,0.986478,logprobs,DekaLLM
5990,23,-79,0,0,0,0.182395,0.98475,logprobs,DekaLLM
5991,23,-77,0,0,0,0.075844,0.988257,logprobs,DekaLLM
5992,23,-75,0,0,0,0.047413,0.986044,logprobs,DekaLLM
5993,23,-73,0,0,0,0.029307,0.985421,logprobs,DekaLLM
5994,23,-71,0,0,0,0.047417,0.984532,logprobs,DekaLLM
5995,23,-69,0,0,0,0.182377,0.983112,logprobs,DekaLLM
5996,23,-67,0,0,0,0.377572,0.979454,logprobs,DekaLLM
5997,23,-65,0,0,0,0.377698,0.985792,logprobs,DekaLLM
5998,23,-63,0,0,0,0.269076,0.980097,logprobs,DekaLLM
5999,23,-61,0,0,0,0.182509,0.984035,logprobs,DekaLLM
6000,23,-59,0,0,0,0.377619,0.978895,logprobs,DekaLLM
6001,23,-57,0,0,1,0.500084,0.980763,logprobs,DekaLLM
6002,23,-55,0,0,0,0.377749,0.982618,logprobs,DekaLLM
6003,23,-53,0,0,1,0.500135,0.985882,logprobs,DekaLLM
6004,23,-51,0,0,0,0.377667,0.98241,logprobs,DekaLLM
6005,23,-49,0,0,1,0.622604,0.984132,logprobs,DekaLLM
6006,23,-47,0,0,1,0.500135,0.984387,logprobs,DekaLLM
6007,23,-45,0,0,0,0.119182,0.98044,logprobs,DekaLLM
6008,23,-43,0,0,0,0.268967,0.976764,logprobs,DekaLLM
6009,23,-41,0,0,0,0.029307,0.98466,logprobs,DekaLLM
6010,23,-39,0,0,0,0.075844,0.985303,logprobs,DekaLLM
6011,23,-37,0,0,0,0.047417,0.986504,logprobs,DekaLLM
6012,23,-35,0,0,0,0.119182,0.984664,logprobs,DekaLLM
6013,23,-33,0,0,0,0.18249,0.981105,logprobs,DekaLLM
6014,23,-31,0,0,0,0.119182,0.978399,logprobs,DekaLLM
6015,23,-29,0,0,0,0.047417,0.986164,logprobs,DekaLLM
6016,23,-27,0,0,0,0.11924,0.984446,logprobs,DekaLLM
6017,23,-25,0,0,0,0.269023,0.988067,logprobs,DekaLLM
6018,23,-23,0,0,0,0.269092,0.984773,logprobs,DekaLLM
6019,23,-21,0,0,0,0.182445,0.981864,logprobs,DekaLLM
6020,23,-19,0,0,0,0.268983,0.983731,logprobs,DekaLLM
6021,23,-17,0,0,0,0.119169,0.979561,logprobs,DekaLLM
6022,23,-15,1,1,0,0.182395,0.978935,logprobs,DekaLLM
6023,23,-13,1,1,0,0.377749,0.976356,logprobs,DekaLLM
6024,23,-11,1,1,1,0.500222,0.973761,logprobs,DekaLLM
6025,23,-9,1,1,0,0.377749,0.980556,logprobs,DekaLLM
6026,23,-7,1,1,1,0.500135,0.979413,logprobs,DekaLLM
6027,23,-5,1,1,1,0.500168,0.981358,logprobs,DekaLLM
6028,23,-3,1,1,1,0.731139,0.9813,logprobs,DekaLLM
6029,23,-1,1,1,1,0.500222,0.976229,logprobs,DekaLLM
6030,23,1,1,1,1,0.622617,0.975099,logprobs,DekaLLM
6031,23,3,1,1,1,0.622617,0.963478,logprobs,DekaLLM
6032,23,5,1,1,1,0.500189,0.972331,logprobs,DekaLLM
6033,23,7,1,1,1,0.622586,0.973083,logprobs,DekaLLM
6034,23,9,1,1,1,0.622586,0.975207,logprobs,DekaLLM
6035,23,11,1,1,1,0.73119,0.958463,logprobs,DekaLLM
6036,23,13,1,1,1,0.731165,0.972863,logprobs,DekaLLM
6037,23,15,1,1,1,0.500222,0.955561,logprobs,DekaLLM
6038,23,17,1,1,1,0.500168,0.972038,logprobs,DekaLLM
6039,23,19,1,1,1,0.500135,0.971484,logprobs,DekaLLM
6040,23,21,1,1,1,0.500138,0.955828,logprobs,DekaLLM
6041,23,23,1,1,1,0.500222,0.973924,logprobs,DekaLLM
6042,23,25,1,1,1,0.500189,0.967677,logprobs,DekaLLM
6043,23,27,1,1,1,0.622586,0.975595,logprobs,DekaLLM
6044,23,29,1,1,1,0.500189,0.978525,logprobs,DekaLLM
6045,23,31,1,1,0,0.377669,0.983927,logprobs,DekaLLM
6046,23,33,1,1,1,0.500135,0.977719,logprobs,DekaLLM
6047,23,35,1,1,1,0.500135,0.980245,logprobs,DekaLLM
6048,23,37,0,0,1,0.500168,0.977461,logprobs,DekaLLM
6049,23,39,1,1,1,0.622646,0.972876,logprobs,DekaLLM
6050,23,41,1,1,1,0.731164,0.9709,logprobs,DekaLLM
6051,23,43,1,1,1,0.500222,0.97779,logprobs,DekaLLM
6052,23,45,1,1,1,0.500222,0.940779,logprobs,DekaLLM
6053,23,47,1,1,1,0.622617,0.972956,logprobs,DekaLLM
6054,23,49,1,1,1,0.731164,0.97312,logprobs,DekaLLM
6055,23,51,1,1,1,0.622586,0.978424,logprobs,DekaLLM
6056,23,53,1,1,1,0.622668,0.969703,logprobs,DekaLLM
6057,23,55,1,1,1,0.500168,0.975164,logprobs,DekaLLM
6058,23,57,1,1,1,0.622567,0.983352,logprobs,DekaLLM
6059,23,59,1,1,0,0.377718,0.982353,logprobs,DekaLLM
6060,23,61,0,0,1,0.500135,0.984149,logprobs,DekaLLM
6061,23,63,0,0,1,0.500135,0.975538,logprobs,DekaLLM
6062,23,65,0,0,1,0.622637,0.970869,logprobs,DekaLLM
6063,23,67,0,0,1,0.500135,0.976583,logprobs,DekaLLM
6064,23,69,1,1,1,0.817623,0.976406,logprobs,DekaLLM
6065,23,71,1,1,1,0.880836,0.979025,logprobs,DekaLLM
6066,23,73,1,1,1,0.880836,0.978814,logprobs,DekaLLM
6067,23,75,1,1,1,0.817655,0.969135,logprobs,DekaLLM
6068,23,77,1,1,1,0.952589,0.984079,logprobs,DekaLLM
6069,23,79,1,1,1,0.880848,0.978233,logprobs,DekaLLM
6070,23,81,1,1,1,0.880861,0.966142,logprobs,DekaLLM
6071,23,83,1,1,1,0.817666,0.970646,logprobs,DekaLLM
6072,23,85,1,1,1,0.731257,0.976945,logprobs,DekaLLM
6073,23,87,1,1,1,0.622615,0.980491,logprobs,DekaLLM
6074,23,89,1,1,1,0.500135,0.976927,logprobs,DekaLLM
6075,23,91,1,1,0,0.377667,0.98002,logprobs,DekaLLM
6076,23,93,1,1,1,0.622697,0.975847,logprobs,DekaLLM
6077,23,95,1,1,1,0.731164,0.970736,logprobs,DekaLLM
6078,23,97,1,1,1,0.731138,0.974281,logprobs,DekaLLM
6079,23,99,1,1,1,0.622586,0.976525,logprobs,DekaLLM
6080,23,101,1,1,1,0.880861,0.969775,logprobs,DekaLLM
6081,23,103,1,1,1,0.880875,0.970994,logprobs,DekaLLM
6082,23,105,1,1,1,0.880848,0.970931,logprobs,DekaLLM
6083,23,107,1,1,1,0.817666,0.972649,logprobs,DekaLLM
6084,23,109,1,1,1,0.73119,0.972449,logprobs,DekaLLM
6085,23,111,1,1,1,0.731179,0.982683,logprobs,DekaLLM
6086,23,113,1,1,1,0.731123,0.988314,logprobs,DekaLLM
6087,23,115,1,1,0,0.269092,0.985208,logprobs,DekaLLM
6088,23,117,0,0,1,0.622586,0.98116,logprobs,DekaLLM
6089,23,119,0,0,1,0.500166,0.985521,logprobs,DekaLLM
6090,23,121,1,1,1,0.731164,0.978759,logprobs,DekaLLM
6091,23,123,0,0,0,0.182395,0.980211,logprobs,DekaLLM
6092,23,125,0,0,0,0.119182,0.984325,logprobs,DekaLLM
6093,23,127,0,0,0,0.26901,0.978588,logprobs,DekaLLM
6094,23,129,0,0,0,0.18249,0.984887,logprobs,DekaLLM
6095,23,131,0,0,1,0.500189,0.975002,logprobs,DekaLLM
6096,23,133,0,0,1,0.73119,0.97783,logprobs,DekaLLM
6097,23,135,0,0,0,0.377667,0.980747,logprobs,DekaLLM
6098,23,137,0,0,0,0.18249,0.985258,logprobs,DekaLLM
6099,23,139,0,0,0,0.26901,0.980013,logprobs,DekaLLM
6100,23,141,0,0,0,0.268967,0.98325,logprobs,DekaLLM
6101,23,143,0,0,0,0.377619,0.982263,logprobs,DekaLLM
6102,23,145,0,0,0,0.269076,0.977523,logprobs,DekaLLM
6103,23,147,0,0,1,0.500135,0.978237,logprobs,DekaLLM
6104,23,149,0,0,1,0.622586,0.974208,logprobs,DekaLLM
6105,23,151,0,0,1,0.500168,0.977942,logprobs,DekaLLM
6106,23,153,0,0,0,0.377572,0.973763,logprobs,DekaLLM
6107,23,155,0,0,0,0.119182,0.986834,logprobs,DekaLLM
6108,23,157,0,0,0,0.075844,0.988095,logprobs,DekaLLM
6109,23,159,0,0,0,0.047417,0.9847,logprobs,DekaLLM
6110,23,161,0,0,0,0.047417,0.9811,logprobs,DekaLLM
6111,23,163,0,0,0,0.075844,0.981317,logprobs,DekaLLM
6112,23,165,0,0,0,0.047417,0.978895,logprobs,DekaLLM
6113,23,167,0,0,0,0.04742,0.985284,logprobs,DekaLLM
6114,23,169,0,0,0,0.029309,0.988324,logprobs,DekaLLM
6115,23,171,0,0,0,0.075844,0.980241,logprobs,DekaLLM
6116,23,173,0,0,0,0.029307,0.985892,logprobs,DekaLLM
6117,23,175,0,0,0,0.029307,0.984961,logprobs,DekaLLM
6118,23,177,0,0,0,0.029309,0.985107,logprobs,DekaLLM
6119,23,179,0,0,0,0.07585,0.981476,logprobs,DekaLLM
6120,21,-179,0,0,0,0.029309,0.98885,logprobs,DekaLLM
6121,21,-177,0,0,0,0.010986,0.98767,logprobs,DekaLLM
6122,21,-175,0,0,0,0.010986,0.989761,logprobs,DekaLLM
6123,21,-173,0,0,0,0.010985,0.987926,logprobs,DekaLLM
6124,21,-171,0,0,0,0.010986,0.98915,logprobs,DekaLLM
6125,21,-169,0,0,0,0.00407,0.99392,logprobs,DekaLLM
6126,21,-167,0,0,0,0.010985,0.98729,logprobs,DekaLLM
6127,21,-165,0,0,0,0.006692,0.992559,logprobs,DekaLLM
6128,21,-163,0,0,0,0.010986,0.987691,logprobs,DekaLLM
6129,21,-161,0,0,0,0.010985,0.987549,logprobs,DekaLLM
6130,21,-159,0,0,0,0.075883,0.990871,logprobs,DekaLLM
6131,21,-157,0,0,0,0.182509,0.986135,logprobs,DekaLLM
6132,21,-155,0,0,0,0.119174,0.986611,logprobs,DekaLLM
6133,21,-153,0,0,0,0.017983,0.989917,logprobs,DekaLLM
6134,21,-151,0,0,0,0.010985,0.987569,logprobs,DekaLLM
6135,21,-149,0,0,0,0.017985,0.988575,logprobs,DekaLLM
6136,21,-147,0,0,0,0.017983,0.989884,logprobs,DekaLLM
6137,21,-145,0,0,0,0.00407,0.990032,logprobs,DekaLLM
6138,21,-143,0,0,0,0.017983,0.98695,logprobs,DekaLLM
6139,21,-141,0,0,0,0.029307,0.980644,logprobs,DekaLLM
6140,21,-139,0,0,0,0.017983,0.978045,logprobs,DekaLLM
6141,21,-137,0,0,0,0.010985,0.98594,logprobs,DekaLLM
6142,21,-135,0,0,0,0.010985,0.986904,logprobs,DekaLLM
6143,21,-133,0,0,0,0.017981,0.983293,logprobs,DekaLLM
6144,21,-131,0,0,0,0.006692,0.985888,logprobs,DekaLLM
6145,21,-129,0,0,0,0.006692,0.992173,logprobs,DekaLLM
6146,21,-127,0,0,0,0.010985,0.989943,logprobs,DekaLLM
6147,21,-125,0,0,0,0.006692,0.989634,logprobs,DekaLLM
6148,21,-123,0,0,0,0.029303,0.982534,logprobs,DekaLLM
6149,21,-121,0,0,0,0.029303,0.980805,logprobs,DekaLLM
6150,21,-119,0,0,0,0.075883,0.98312,logprobs,DekaLLM
6151,21,-117,0,0,0,0.268967,0.983896,logprobs,DekaLLM
6152,21,-115,0,0,0,0.119248,0.988961,logprobs,DekaLLM
6153,21,-113,0,0,0,0.269076,0.983822,logprobs,DekaLLM
6154,21,-111,0,0,0,0.26901,0.985378,logprobs,DekaLLM
6155,21,-109,0,0,0,0.377749,0.981395,logprobs,DekaLLM
6156,21,-107,0,0,1,0.500135,0.987048,logprobs,DekaLLM
6157,21,-105,1,1,1,0.622646,0.980988,logprobs,DekaLLM
6158,21,-103,1,1,1,0.731179,0.978856,logprobs,DekaLLM
6159,21,-101,1,1,1,0.817666,0.979666,logprobs,DekaLLM
6160,21,-99,1,1,1,0.880836,0.985068,logprobs,DekaLLM
6161,21,-97,0,0,1,0.731163,0.986732,logprobs,DekaLLM
6162,21,-95,0,0,1,0.731138,0.985896,logprobs,DekaLLM
6163,21,-93,0,0,0,0.26901,0.98689,logprobs,DekaLLM
6164,21,-91,0,0,0,0.182478,0.980052,logprobs,DekaLLM
6165,21,-89,1,1,1,0.622567,0.986697,logprobs,DekaLLM
6166,21,-87,1,1,0,0.377619,0.985564,logprobs,DekaLLM
6167,21,-85,0,0,0,0.047417,0.978247,logprobs,DekaLLM
6168,21,-83,0,0,1,0.500084,0.985872,logprobs,DekaLLM
6169,21,-81,0,0,0,0.268967,0.985386,logprobs,DekaLLM
6170,21,-79,0,0,0,0.377619,0.982477,logprobs,DekaLLM
6171,21,-77,1,1,0,0.11919,0.98692,logprobs,DekaLLM
6172,21,-75,0,0,0,0.119169,0.980982,logprobs,DekaLLM
6173,21,-73,0,0,0,0.047417,0.986632,logprobs,DekaLLM
6174,21,-71,0,0,0,0.119182,0.986359,logprobs,DekaLLM
6175,21,-69,0,0,0,0.182377,0.980901,logprobs,DekaLLM
6176,21,-67,0,0,0,0.075839,0.986464,logprobs,DekaLLM
6177,21,-65,0,0,0,0.182395,0.98404,logprobs,DekaLLM
6178,21,-63,0,0,0,0.075839,0.980873,logprobs,DekaLLM
6179,21,-61,0,0,0,0.04742,0.987807,logprobs,DekaLLM
6180,21,-59,0,0,0,0.119182,0.985957,logprobs,DekaLLM
6181,21,-57,0,0,0,0.182528,0.984127,logprobs,DekaLLM
6182,21,-55,0,0,0,0.017983,0.986628,logprobs,DekaLLM
6183,21,-53,0,0,0,0.268967,0.975208,logprobs,DekaLLM
6184,21,-51,0,0,0,0.377698,0.982095,logprobs,DekaLLM
6185,21,-49,0,0,1,0.500222,0.979119,logprobs,DekaLLM
6186,21,-47,0,0,1,0.731179,0.979248,logprobs,DekaLLM
6187,21,-45,0,0,0,0.377667,0.980421,logprobs,DekaLLM
6188,21,-43,0,0,0,0.182457,0.982001,logprobs,DekaLLM
6189,21,-41,0,0,0,0.119182,0.98692,logprobs,DekaLLM
6190,21,-39,0,0,0,0.119182,0.980195,logprobs,DekaLLM
6191,21,-37,0,0,0,0.075839,0.978532,logprobs,DekaLLM
6192,21,-35,0,0,0,0.182459,0.978986,logprobs,DekaLLM
6193,21,-33,0,0,0,0.18249,0.980446,logprobs,DekaLLM
6194,21,-31,0,0,0,0.182478,0.981556,logprobs,DekaLLM
6195,21,-29,0,0,0,0.269076,0.973952,logprobs,DekaLLM
6196,21,-27,0,0,0,0.182445,0.97985,logprobs,DekaLLM
6197,21,-25,0,0,0,0.182478,0.979828,logprobs,DekaLLM
6198,21,-23,0,0,0,0.18249,0.982635,logprobs,DekaLLM
6199,21,-21,0,0,0,0.182478,0.983884,logprobs,DekaLLM
6200,21,-19,0,0,0,0.269076,0.976875,logprobs,DekaLLM
6201,21,-17,0,0,0,0.18249,0.980869,logprobs,DekaLLM
6202,21,-15,1,1,0,0.268967,0.980884,logprobs,DekaLLM
6203,21,-13,1,1,0,0.377572,0.979976,logprobs,DekaLLM
6204,21,-11,1,1,0,0.377749,0.97654,logprobs,DekaLLM
6205,21,-9,1,1,1,0.500135,0.978852,logprobs,DekaLLM
6206,21,-7,1,1,0,0.377667,0.983882,logprobs,DekaLLM
6207,21,-5,1,1,0,0.377667,0.979454,logprobs,DekaLLM
6208,21,-3,1,1,1,0.622586,0.971141,logprobs,DekaLLM
6209,21,-1,1,1,1,0.500135,0.972999,logprobs,DekaLLM
6210,21,1,1,1,1,0.500135,0.97505,logprobs,DekaLLM
6211,21,3,1,1,1,0.622617,0.966271,logprobs,DekaLLM
6212,21,5,1,1,1,0.622586,0.952956,logprobs,DekaLLM
6213,21,7,1,1,1,0.622668,0.968704,logprobs,DekaLLM
6214,21,9,1,1,1,0.500222,0.959955,logprobs,DekaLLM
6215,21,11,1,1,1,0.622586,0.966712,logprobs,DekaLLM
6216,21,13,1,1,1,0.622586,0.949986,logprobs,DekaLLM
6217,21,15,1,1,1,0.622586,0.952229,logprobs,DekaLLM
6218,21,17,1,1,1,0.500135,0.959078,logprobs,DekaLLM
6219,21,19,1,1,1,0.500222,0.960743,logprobs,DekaLLM
6220,21,21,1,1,1,0.500084,0.965314,logprobs,DekaLLM
6221,21,23,1,1,0,0.377619,0.969312,logprobs,DekaLLM
6222,21,25,1,1,0,0.377671,0.950344,logprobs,DekaLLM
6223,21,27,1,1,0,0.377702,0.966909,logprobs,DekaLLM
6224,21,29,1,1,1,0.500135,0.97315,logprobs,DekaLLM
6225,21,31,1,1,0,0.377671,0.964301,logprobs,DekaLLM
6226,21,33,1,1,0,0.377749,0.973756,logprobs,DekaLLM
6227,21,35,1,1,0,0.377749,0.965433,logprobs,DekaLLM
6228,21,37,1,1,1,0.500171,0.97924,logprobs,DekaLLM
6229,21,39,0,0,1,0.622617,0.973895,logprobs,DekaLLM
6230,21,41,1,1,1,0.500168,0.971212,logprobs,DekaLLM
6231,21,43,1,1,1,0.500222,0.968139,logprobs,DekaLLM
6232,21,45,1,1,1,0.500222,0.95896,logprobs,DekaLLM
6233,21,47,1,1,1,0.622617,0.974629,logprobs,DekaLLM
6234,21,49,1,1,1,0.622617,0.966521,logprobs,DekaLLM
6235,21,51,1,1,1,0.731165,0.971877,logprobs,DekaLLM
6236,21,53,1,1,1,0.622586,0.973597,logprobs,DekaLLM
6237,21,55,1,1,1,0.500189,0.966769,logprobs,DekaLLM
6238,21,57,1,1,0,0.377671,0.975417,logprobs,DekaLLM
6239,21,59,0,0,0,0.377718,0.977494,logprobs,DekaLLM
6240,21,61,0,0,1,0.500189,0.96833,logprobs,DekaLLM
6241,21,63,0,0,0,0.377702,0.974278,logprobs,DekaLLM
6242,21,65,0,0,1,0.500084,0.971858,logprobs,DekaLLM
6243,21,67,0,0,0,0.269076,0.97509,logprobs,DekaLLM
6244,21,69,0,0,1,0.622586,0.973546,logprobs,DekaLLM
6245,21,71,1,1,1,0.622586,0.983584,logprobs,DekaLLM
6246,21,73,1,1,1,0.731139,0.982803,logprobs,DekaLLM
6247,21,75,1,1,1,0.731138,0.981368,logprobs,DekaLLM
6248,21,77,1,1,1,0.880836,0.980895,logprobs,DekaLLM
6249,21,79,1,1,1,0.817666,0.970145,logprobs,DekaLLM
6250,21,81,1,1,1,0.817666,0.969366,logprobs,DekaLLM
6251,21,83,1,1,1,0.622586,0.972108,logprobs,DekaLLM
6252,21,85,1,1,1,0.622586,0.981158,logprobs,DekaLLM
6253,21,87,0,0,0,0.377718,0.982602,logprobs,DekaLLM
6254,21,89,0,0,0,0.182478,0.985808,logprobs,DekaLLM
6255,21,91,0,0,0,0.377619,0.981461,logprobs,DekaLLM
6256,21,93,1,1,0,0.377749,0.982178,logprobs,DekaLLM
6257,21,95,1,1,1,0.817623,0.970886,logprobs,DekaLLM
6258,21,97,1,1,1,0.622586,0.965644,logprobs,DekaLLM
6259,21,99,1,1,1,0.731164,0.972337,logprobs,DekaLLM
6260,21,101,1,1,1,0.817635,0.975769,logprobs,DekaLLM
6261,21,103,1,1,1,0.73119,0.964737,logprobs,DekaLLM
6262,21,105,1,1,1,0.817655,0.971502,logprobs,DekaLLM
6263,21,107,1,1,1,0.622615,0.977851,logprobs,DekaLLM
6264,21,109,0,0,0,0.377749,0.965654,logprobs,DekaLLM
6265,21,111,0,0,0,0.18254,0.98072,logprobs,DekaLLM
6266,21,113,0,0,0,0.269009,0.983851,logprobs,DekaLLM
6267,21,115,0,0,0,0.11924,0.985418,logprobs,DekaLLM
6268,21,117,0,0,0,0.182459,0.979196,logprobs,DekaLLM
6269,21,119,0,0,0,0.268901,0.977812,logprobs,DekaLLM
6270,21,121,0,0,1,0.500135,0.980024,logprobs,DekaLLM
6271,21,123,0,0,0,0.268967,0.979881,logprobs,DekaLLM
6272,21,125,0,0,0,0.182395,0.985782,logprobs,DekaLLM
6273,21,127,0,0,0,0.119169,0.982279,logprobs,DekaLLM
6274,21,129,0,0,0,0.377572,0.977046,logprobs,DekaLLM
6275,21,131,0,0,0,0.268983,0.980228,logprobs,DekaLLM
6276,21,133,0,0,0,0.269076,0.976594,logprobs,DekaLLM
6277,21,135,0,0,0,0.269076,0.979165,logprobs,DekaLLM
6278,21,137,0,0,0,0.182459,0.978163,logprobs,DekaLLM
6279,21,139,0,0,0,0.377619,0.981918,logprobs,DekaLLM
6280,21,141,0,0,0,0.377718,0.979391,logprobs,DekaLLM
6281,21,143,0,0,0,0.182395,0.985278,logprobs,DekaLLM
6282,21,145,0,0,0,0.119182,0.978871,logprobs,DekaLLM
6283,21,147,0,0,0,0.182478,0.977528,logprobs,DekaLLM
6284,21,149,0,0,1,0.500135,0.977719,logprobs,DekaLLM
6285,21,151,0,0,0,0.377671,0.980694,logprobs,DekaLLM
6286,21,153,0,0,0,0.119169,0.977128,logprobs,DekaLLM
6287,21,155,0,0,0,0.182445,0.985136,logprobs,DekaLLM
6288,21,157,0,0,0,0.182377,0.986025,logprobs,DekaLLM
6289,21,159,0,0,0,0.119169,0.980316,logprobs,DekaLLM
6290,21,161,0,0,0,0.075835,0.980243,logprobs,DekaLLM
6291,21,163,0,0,0,0.04742,0.982738,logprobs,DekaLLM
6292,21,165,0,0,0,0.029309,0.986842,logprobs,DekaLLM
6293,21,167,0,0,0,0.047417,0.978664,logprobs,DekaLLM
6294,21,169,0,0,0,0.029309,0.984497,logprobs,DekaLLM
6295,21,171,0,0,0,0.119182,0.976054,logprobs,DekaLLM
6296,21,173,0,0,0,0.075839,0.982175,logprobs,DekaLLM
6297,21,175,0,0,0,0.047417,0.980206,logprobs,DekaLLM
6298,21,177,0,0,0,0.029309,0.986849,logprobs,DekaLLM
6299,21,179,0,0,0,0.047417,0.982975,logprobs,DekaLLM
6300,19,-179,0,0,0,0.075844,0.986789,logprobs,DekaLLM
6301,19,-177,0,0,0,0.017984,0.9889,logprobs,DekaLLM
6302,19,-175,0,0,0,0.010986,0.988983,logprobs,DekaLLM
6303,19,-173,0,0,0,0.006692,0.989117,logprobs,DekaLLM
6304,19,-171,0,0,0,0.006692,0.992749,logprobs,DekaLLM
6305,19,-169,0,0,0,0.017983,0.989571,logprobs,DekaLLM
6306,19,-167,0,0,0,0.010986,0.991301,logprobs,DekaLLM
6307,19,-165,0,0,0,0.006692,0.99269,logprobs,DekaLLM
6308,19,-163,0,0,0,0.010985,0.98952,logprobs,DekaLLM
6309,19,-161,0,0,0,0.047415,0.990347,logprobs,DekaLLM
6310,19,-159,0,0,0,0.119182,0.984435,logprobs,DekaLLM
6311,19,-157,0,0,0,0.119217,0.990493,logprobs,DekaLLM
6312,19,-155,0,0,0,0.377621,0.987746,logprobs,DekaLLM
6313,19,-153,0,0,0,0.075844,0.986433,logprobs,DekaLLM
6314,19,-151,0,0,0,0.006692,0.993258,logprobs,DekaLLM
6315,19,-149,0,0,0,0.029307,0.985937,logprobs,DekaLLM
6316,19,-147,0,0,0,0.029309,0.985558,logprobs,DekaLLM
6317,19,-145,0,0,0,0.010986,0.99187,logprobs,DekaLLM
6318,19,-143,0,0,0,0.017983,0.985212,logprobs,DekaLLM
6319,19,-141,0,0,0,0.017983,0.981813,logprobs,DekaLLM
6320,19,-139,0,0,0,0.029309,0.988463,logprobs,DekaLLM
6321,19,-137,0,0,0,0.017984,0.9895,logprobs,DekaLLM
6322,19,-135,0,0,0,0.010985,0.989276,logprobs,DekaLLM
6323,19,-133,0,0,0,0.006692,0.990292,logprobs,DekaLLM
6324,19,-131,0,0,0,0.010986,0.989906,logprobs,DekaLLM
6325,19,-129,0,0,0,0.017983,0.989867,logprobs,DekaLLM
6326,19,-127,0,0,0,0.00407,0.991203,logprobs,DekaLLM
6327,19,-125,0,0,0,0.006692,0.987115,logprobs,DekaLLM
6328,19,-123,0,0,0,0.017983,0.987707,logprobs,DekaLLM
6329,19,-121,0,0,0,0.182459,0.983843,logprobs,DekaLLM
6330,19,-119,0,0,0,0.017983,0.989966,logprobs,DekaLLM
6331,19,-117,0,0,0,0.047417,0.985334,logprobs,DekaLLM
6332,19,-115,0,0,0,0.029307,0.991656,logprobs,DekaLLM
6333,19,-113,0,0,0,0.075877,0.988209,logprobs,DekaLLM
6334,19,-111,0,0,0,0.119182,0.985645,logprobs,DekaLLM
6335,19,-109,0,0,0,0.377749,0.983945,logprobs,DekaLLM
6336,19,-107,0,0,0,0.269076,0.978619,logprobs,DekaLLM
6337,19,-105,0,0,1,0.50022,0.982528,logprobs,DekaLLM
6338,19,-103,1,1,1,0.731165,0.984547,logprobs,DekaLLM
6339,19,-101,1,1,1,0.73119,0.978581,logprobs,DekaLLM
6340,19,-99,1,1,1,0.924177,0.982659,logprobs,DekaLLM
6341,19,-97,1,1,1,0.880854,0.980028,logprobs,DekaLLM
6342,19,-95,0,0,1,0.500051,0.989618,logprobs,DekaLLM
6343,19,-93,0,0,0,0.377619,0.980972,logprobs,DekaLLM
6344,19,-91,1,1,0,0.377619,0.984249,logprobs,DekaLLM
6345,19,-89,1,1,1,0.500135,0.986382,logprobs,DekaLLM
6346,19,-87,0,0,0,0.377638,0.986397,logprobs,DekaLLM
6347,19,-85,0,0,0,0.119174,0.989211,logprobs,DekaLLM
6348,19,-83,0,0,0,0.18249,0.985799,logprobs,DekaLLM
6349,19,-81,0,0,0,0.119169,0.98329,logprobs,DekaLLM
6350,19,-79,0,0,0,0.119169,0.983331,logprobs,DekaLLM
6351,19,-77,0,0,0,0.377667,0.984191,logprobs,DekaLLM
6352,19,-75,0,0,0,0.182437,0.98862,logprobs,DekaLLM
6353,19,-73,0,0,0,0.37765,0.984317,logprobs,DekaLLM
6354,19,-71,1,1,0,0.269007,0.988836,logprobs,DekaLLM
6355,19,-69,1,1,1,0.622555,0.987234,logprobs,DekaLLM
6356,19,-67,0,0,0,0.268967,0.985911,logprobs,DekaLLM
6357,19,-65,0,0,0,0.182445,0.985873,logprobs,DekaLLM
6358,19,-63,0,0,0,0.075883,0.987047,logprobs,DekaLLM
6359,19,-61,0,0,0,0.182457,0.984814,logprobs,DekaLLM
6360,19,-59,0,0,0,0.047417,0.986322,logprobs,DekaLLM
6361,19,-57,0,0,0,0.075839,0.987118,logprobs,DekaLLM
6362,19,-55,0,0,0,0.017983,0.984918,logprobs,DekaLLM
6363,19,-53,0,0,0,0.075844,0.985292,logprobs,DekaLLM
6364,19,-51,0,0,0,0.075839,0.980972,logprobs,DekaLLM
6365,19,-49,0,0,0,0.377619,0.983072,logprobs,DekaLLM
6366,19,-47,0,0,1,0.500168,0.979184,logprobs,DekaLLM
6367,19,-45,0,0,0,0.11924,0.983317,logprobs,DekaLLM
6368,19,-43,0,0,1,0.622586,0.986359,logprobs,DekaLLM
6369,19,-41,0,0,0,0.029307,0.986297,logprobs,DekaLLM
6370,19,-39,0,0,0,0.047418,0.987692,logprobs,DekaLLM
6371,19,-37,0,0,0,0.075839,0.985667,logprobs,DekaLLM
6372,19,-35,0,0,0,0.047417,0.984326,logprobs,DekaLLM
6373,19,-33,0,0,0,0.182457,0.987478,logprobs,DekaLLM
6374,19,-31,0,0,0,0.075883,0.988579,logprobs,DekaLLM
6375,19,-29,0,0,0,0.047418,0.990812,logprobs,DekaLLM
6376,19,-27,0,0,0,0.029307,0.984856,logprobs,DekaLLM
6377,19,-25,0,0,0,0.182495,0.983924,logprobs,DekaLLM
6378,19,-23,0,0,0,0.047418,0.989948,logprobs,DekaLLM
6379,19,-21,0,0,0,0.047417,0.983539,logprobs,DekaLLM
6380,19,-19,0,0,0,0.269076,0.981605,logprobs,DekaLLM
6381,19,-17,0,0,0,0.182478,0.979027,logprobs,DekaLLM
6382,19,-15,1,1,0,0.182457,0.98255,logprobs,DekaLLM
6383,19,-13,1,1,0,0.377619,0.984655,logprobs,DekaLLM
6384,19,-11,1,1,0,0.377619,0.981766,logprobs,DekaLLM
6385,19,-9,1,1,1,0.500084,0.981664,logprobs,DekaLLM
6386,19,-7,1,1,0,0.37765,0.982893,logprobs,DekaLLM
6387,19,-5,1,1,1,0.500064,0.982636,logprobs,DekaLLM
6388,19,-3,1,1,1,0.622586,0.979219,logprobs,DekaLLM
6389,19,-1,1,1,1,0.500135,0.972879,logprobs,DekaLLM
6390,19,1,1,1,1,0.622555,0.985486,logprobs,DekaLLM
6391,19,3,1,1,1,0.500222,0.980626,logprobs,DekaLLM
6392,19,5,1,1,1,0.500222,0.971149,logprobs,DekaLLM
6393,19,7,1,1,1,0.500222,0.980044,logprobs,DekaLLM
6394,19,9,1,1,1,0.731164,0.981377,logprobs,DekaLLM
6395,19,11,1,1,1,0.500222,0.969706,logprobs,DekaLLM
6396,19,13,1,1,1,0.622617,0.968623,logprobs,DekaLLM
6397,19,15,1,1,1,0.622586,0.964899,logprobs,DekaLLM
6398,19,17,1,1,1,0.622646,0.968275,logprobs,DekaLLM
6399,19,19,1,1,1,0.500189,0.97796,logprobs,DekaLLM
6400,19,21,1,1,0,0.37765,0.97349,logprobs,DekaLLM
6401,19,23,1,1,0,0.269076,0.973092,logprobs,DekaLLM
6402,19,25,1,1,0,0.377749,0.964295,logprobs,DekaLLM
6403,19,27,1,1,0,0.377749,0.974371,logprobs,DekaLLM
6404,19,29,1,1,0,0.377667,0.9784,logprobs,DekaLLM
6405,19,31,1,1,0,0.377638,0.983377,logprobs,DekaLLM
6406,19,33,1,1,0,0.377698,0.981674,logprobs,DekaLLM
6407,19,35,1,1,1,0.500168,0.97803,logprobs,DekaLLM
6408,19,37,1,1,1,0.500168,0.979149,logprobs,DekaLLM
6409,19,39,0,0,1,0.500168,0.983239,logprobs,DekaLLM
6410,19,41,0,0,1,0.500222,0.977256,logprobs,DekaLLM
6411,19,43,1,1,1,0.622586,0.981729,logprobs,DekaLLM
6412,19,45,1,1,1,0.500135,0.974298,logprobs,DekaLLM
6413,19,47,1,1,1,0.622586,0.982894,logprobs,DekaLLM
6414,19,49,1,1,1,0.731179,0.981579,logprobs,DekaLLM
6415,19,51,1,1,1,0.500135,0.9783,logprobs,DekaLLM
6416,19,53,1,1,1,0.500171,0.970708,logprobs,DekaLLM
6417,19,55,1,1,0,0.377671,0.97542,logprobs,DekaLLM
6418,19,57,1,1,0,0.377638,0.985869,logprobs,DekaLLM
6419,19,59,0,0,0,0.377619,0.975612,logprobs,DekaLLM
6420,19,61,0,0,0,0.269076,0.980684,logprobs,DekaLLM
6421,19,63,0,0,0,0.269033,0.976546,logprobs,DekaLLM
6422,19,65,0,0,0,0.377702,0.975542,logprobs,DekaLLM
6423,19,67,0,0,0,0.269023,0.982633,logprobs,DekaLLM
6424,19,69,0,0,0,0.377671,0.974392,logprobs,DekaLLM
6425,19,71,0,0,0,0.377619,0.980239,logprobs,DekaLLM
6426,19,73,0,0,1,0.622604,0.981088,logprobs,DekaLLM
6427,19,75,1,1,1,0.731179,0.982957,logprobs,DekaLLM
6428,19,77,1,1,1,0.880845,0.985436,logprobs,DekaLLM
6429,19,79,1,1,1,0.731205,0.978635,logprobs,DekaLLM
6430,19,81,1,1,1,0.731179,0.973375,logprobs,DekaLLM
6431,19,83,1,1,1,0.500135,0.975933,logprobs,DekaLLM
6432,19,85,0,0,0,0.377619,0.987131,logprobs,DekaLLM
6433,19,87,0,0,0,0.182395,0.981431,logprobs,DekaLLM
6434,19,89,0,0,0,0.377619,0.981189,logprobs,DekaLLM
6435,19,91,0,0,0,0.182478,0.978386,logprobs,DekaLLM
6436,19,93,0,0,0,0.18254,0.981373,logprobs,DekaLLM
6437,19,95,1,1,1,0.500084,0.975931,logprobs,DekaLLM
6438,19,97,1,1,1,0.622617,0.972116,logprobs,DekaLLM
6439,19,99,1,1,1,0.731205,0.981241,logprobs,DekaLLM
6440,19,101,1,1,1,0.817646,0.981271,logprobs,DekaLLM
6441,19,103,1,1,1,0.622586,0.982027,logprobs,DekaLLM
6442,19,105,1,1,1,0.500138,0.979532,logprobs,DekaLLM
6443,19,107,0,0,0,0.269023,0.988435,logprobs,DekaLLM
6444,19,109,1,1,0,0.269076,0.980473,logprobs,DekaLLM
6445,19,111,0,0,0,0.182445,0.986998,logprobs,DekaLLM
6446,19,113,0,0,0,0.075844,0.985385,logprobs,DekaLLM
6447,19,115,0,0,0,0.047417,0.983091,logprobs,DekaLLM
6448,19,117,0,0,0,0.047413,0.989474,logprobs,DekaLLM
6449,19,119,0,0,0,0.075844,0.98449,logprobs,DekaLLM
6450,19,121,0,0,1,0.500084,0.984631,logprobs,DekaLLM
6451,19,123,0,0,0,0.377572,0.974853,logprobs,DekaLLM
6452,19,125,0,0,0,0.269076,0.980719,logprobs,DekaLLM
6453,19,127,0,0,0,0.119182,0.988929,logprobs,DekaLLM
6454,19,129,0,0,0,0.182459,0.984086,logprobs,DekaLLM
6455,19,131,0,0,0,0.26901,0.978487,logprobs,DekaLLM
6456,19,133,0,0,0,0.268927,0.977433,logprobs,DekaLLM
6457,19,135,0,0,0,0.269076,0.978419,logprobs,DekaLLM
6458,19,137,0,0,0,0.26901,0.97493,logprobs,DekaLLM
6459,19,139,0,0,0,0.37765,0.980789,logprobs,DekaLLM
6460,19,141,0,0,0,0.182439,0.985304,logprobs,DekaLLM
6461,19,143,0,0,0,0.269076,0.976027,logprobs,DekaLLM
6462,19,145,0,0,0,0.119182,0.988586,logprobs,DekaLLM
6463,19,147,0,0,0,0.269023,0.985972,logprobs,DekaLLM
6464,19,149,0,0,0,0.269023,0.979177,logprobs,DekaLLM
6465,19,151,0,0,0,0.119182,0.988203,logprobs,DekaLLM
6466,19,153,0,0,0,0.075841,0.987262,logprobs,DekaLLM
6467,19,155,0,0,0,0.269076,0.981945,logprobs,DekaLLM
6468,19,157,0,0,0,0.182496,0.990058,logprobs,DekaLLM
6469,19,159,0,0,0,0.268959,0.988005,logprobs,DekaLLM
6470,19,161,0,0,0,0.119217,0.987776,logprobs,DekaLLM
6471,19,163,0,0,0,0.075844,0.986721,logprobs,DekaLLM
6472,19,165,0,0,0,0.047417,0.986883,logprobs,DekaLLM
6473,19,167,0,0,0,0.047417,0.983953,logprobs,DekaLLM
6474,19,169,0,0,0,0.047417,0.979682,logprobs,DekaLLM
6475,19,171,0,0,0,0.182377,0.981563,logprobs,DekaLLM
6476,19,173,0,0,0,0.075844,0.972991,logprobs,DekaLLM
6477,19,175,0,0,0,0.075844,0.983685,logprobs,DekaLLM
6478,19,177,0,0,0,0.04742,0.985411,logprobs,DekaLLM
6479,19,179,0,0,0,0.119182,0.982168,logprobs,DekaLLM
6480,17,-179,0,0,0,0.04742,0.989147,logprobs,DekaLLM
6481,17,-177,0,0,0,0.017984,0.990135,logprobs,DekaLLM
6482,17,-175,0,0,0,0.017984,0.987309,logprobs,DekaLLM
6483,17,-173,0,0,0,0.006692,0.988192,logprobs,DekaLLM
6484,17,-171,0,0,0,0.006692,0.98876,logprobs,DekaLLM
6485,17,-169,0,0,0,0.017983,0.987598,logprobs,DekaLLM
6486,17,-167,0,0,0,0.010985,0.984103,logprobs,DekaLLM
6487,17,-165,0,0,0,0.00407,0.993637,logprobs,DekaLLM
6488,17,-163,0,0,0,0.006692,0.991075,logprobs,DekaLLM
6489,17,-161,0,0,0,0.00407,0.990925,logprobs,DekaLLM
6490,17,-159,0,0,0,0.010986,0.988901,logprobs,DekaLLM
6491,17,-157,0,0,0,0.029307,0.988731,logprobs,DekaLLM
6492,17,-155,0,0,0,0.017983,0.986986,logprobs,DekaLLM
6493,17,-153,0,0,0,0.010986,0.989882,logprobs,DekaLLM
6494,17,-151,0,0,0,0.006692,0.990032,logprobs,DekaLLM
6495,17,-149,0,0,0,0.006692,0.992868,logprobs,DekaLLM
6496,17,-147,0,0,0,0.017983,0.985944,logprobs,DekaLLM
6497,17,-145,0,0,0,0.006692,0.988165,logprobs,DekaLLM
6498,17,-143,0,0,0,0.010986,0.986834,logprobs,DekaLLM
6499,17,-141,0,0,0,0.029307,0.986031,logprobs,DekaLLM
6500,17,-139,0,0,0,0.029309,0.982923,logprobs,DekaLLM
6501,17,-137,0,0,0,0.017983,0.985116,logprobs,DekaLLM
6502,17,-135,0,0,0,0.010986,0.991559,logprobs,DekaLLM
6503,17,-133,0,0,0,0.010985,0.986146,logprobs,DekaLLM
6504,17,-131,0,0,0,0.017983,0.985817,logprobs,DekaLLM
6505,17,-129,0,0,0,0.006692,0.986467,logprobs,DekaLLM
6506,17,-127,0,0,0,0.010985,0.98597,logprobs,DekaLLM
6507,17,-125,0,0,0,0.00407,0.9932,logprobs,DekaLLM
6508,17,-123,0,0,0,0.010985,0.983649,logprobs,DekaLLM
6509,17,-121,0,0,0,0.182377,0.982534,logprobs,DekaLLM
6510,17,-119,0,0,0,0.017984,0.988127,logprobs,DekaLLM
6511,17,-117,0,0,0,0.075844,0.988202,logprobs,DekaLLM
6512,17,-115,0,0,0,0.047417,0.989148,logprobs,DekaLLM
6513,17,-113,0,0,0,0.075844,0.977213,logprobs,DekaLLM
6514,17,-111,0,0,0,0.182377,0.979074,logprobs,DekaLLM
6515,17,-109,0,0,0,0.37765,0.984275,logprobs,DekaLLM
6516,17,-107,0,0,0,0.269116,0.979977,logprobs,DekaLLM
6517,17,-105,0,0,1,0.500222,0.97521,logprobs,DekaLLM
6518,17,-103,0,0,1,0.622646,0.976767,logprobs,DekaLLM
6519,17,-101,0,0,1,0.817623,0.981228,logprobs,DekaLLM
6520,17,-99,1,1,1,0.880875,0.976733,logprobs,DekaLLM
6521,17,-97,1,1,1,0.731179,0.982167,logprobs,DekaLLM
6522,17,-95,1,1,1,0.500135,0.986652,logprobs,DekaLLM
6523,17,-93,1,1,1,0.622586,0.977408,logprobs,DekaLLM
6524,17,-91,1,1,1,0.500168,0.975436,logprobs,DekaLLM
6525,17,-89,1,1,0,0.377698,0.984095,logprobs,DekaLLM
6526,17,-87,0,0,0,0.182377,0.980506,logprobs,DekaLLM
6527,17,-85,0,0,0,0.269076,0.979415,logprobs,DekaLLM
6528,17,-83,0,0,1,0.500166,0.981673,logprobs,DekaLLM
6529,17,-81,0,0,0,0.119169,0.979521,logprobs,DekaLLM
6530,17,-79,0,0,0,0.377667,0.983466,logprobs,DekaLLM
6531,17,-77,0,0,1,0.500222,0.981906,logprobs,DekaLLM
6532,17,-75,0,0,0,0.268967,0.982571,logprobs,DekaLLM
6533,17,-73,0,0,0,0.377572,0.977235,logprobs,DekaLLM
6534,17,-71,0,0,1,0.500084,0.982177,logprobs,DekaLLM
6535,17,-69,0,0,1,0.500168,0.976778,logprobs,DekaLLM
6536,17,-67,0,0,0,0.269033,0.982062,logprobs,DekaLLM
6537,17,-65,0,0,0,0.182459,0.985605,logprobs,DekaLLM
6538,17,-63,0,0,0,0.269076,0.983128,logprobs,DekaLLM
6539,17,-61,0,0,1,0.500135,0.984799,logprobs,DekaLLM
6540,17,-59,0,0,0,0.377702,0.979221,logprobs,DekaLLM
6541,17,-57,0,0,0,0.268983,0.981558,logprobs,DekaLLM
6542,17,-55,0,0,0,0.047413,0.978767,logprobs,DekaLLM
6543,17,-53,0,0,0,0.182445,0.986024,logprobs,DekaLLM
6544,17,-51,0,0,0,0.075839,0.978234,logprobs,DekaLLM
6545,17,-49,0,0,0,0.269023,0.987178,logprobs,DekaLLM
6546,17,-47,0,0,1,0.622573,0.986693,logprobs,DekaLLM
6547,17,-45,0,0,0,0.119182,0.983838,logprobs,DekaLLM
6548,17,-43,0,0,0,0.377749,0.984048,logprobs,DekaLLM
6549,17,-41,0,0,0,0.047417,0.989331,logprobs,DekaLLM
6550,17,-39,0,0,0,0.047417,0.986283,logprobs,DekaLLM
6551,17,-37,0,0,0,0.075844,0.986348,logprobs,DekaLLM
6552,17,-35,0,0,0,0.047417,0.985674,logprobs,DekaLLM
6553,17,-33,0,0,0,0.269023,0.98823,logprobs,DekaLLM
6554,17,-31,0,0,0,0.269076,0.975192,logprobs,DekaLLM
6555,17,-29,0,0,0,0.075883,0.987175,logprobs,DekaLLM
6556,17,-27,0,0,0,0.182407,0.98198,logprobs,DekaLLM
6557,17,-25,0,0,0,0.18254,0.984551,logprobs,DekaLLM
6558,17,-23,0,0,0,0.119182,0.986561,logprobs,DekaLLM
6559,17,-21,0,0,0,0.075844,0.98707,logprobs,DekaLLM
6560,17,-19,0,0,0,0.047417,0.98534,logprobs,DekaLLM
6561,17,-17,0,0,0,0.26901,0.972358,logprobs,DekaLLM
6562,17,-15,1,1,0,0.268967,0.977017,logprobs,DekaLLM
6563,17,-13,1,1,0,0.26901,0.975949,logprobs,DekaLLM
6564,17,-11,1,1,1,0.500135,0.982312,logprobs,DekaLLM
6565,17,-9,1,1,0,0.377718,0.979494,logprobs,DekaLLM
6566,17,-7,1,1,0,0.377667,0.979077,logprobs,DekaLLM
6567,17,-5,1,1,0,0.269116,0.978056,logprobs,DekaLLM
6568,17,-3,1,1,1,0.622617,0.964292,logprobs,DekaLLM
6569,17,-1,1,1,1,0.622586,0.976536,logprobs,DekaLLM
6570,17,1,1,1,1,0.622555,0.977709,logprobs,DekaLLM
6571,17,3,1,1,1,0.622617,0.973633,logprobs,DekaLLM
6572,17,5,1,1,1,0.622617,0.967098,logprobs,DekaLLM
6573,17,7,1,1,1,0.622586,0.973108,logprobs,DekaLLM
6574,17,9,1,1,1,0.731164,0.96546,logprobs,DekaLLM
6575,17,11,1,1,1,0.622668,0.952964,logprobs,DekaLLM
6576,17,13,1,1,1,0.622617,0.965283,logprobs,DekaLLM
6577,17,15,1,1,1,0.500135,0.961156,logprobs,DekaLLM
6578,17,17,1,1,1,0.500222,0.963993,logprobs,DekaLLM
6579,17,19,1,1,0,0.377619,0.952656,logprobs,DekaLLM
6580,17,21,1,1,0,0.269116,0.965692,logprobs,DekaLLM
6581,17,23,1,1,0,0.377667,0.977226,logprobs,DekaLLM
6582,17,25,1,1,1,0.500189,0.960306,logprobs,DekaLLM
6583,17,27,1,1,1,0.500168,0.9733,logprobs,DekaLLM
6584,17,29,1,1,1,0.500084,0.98041,logprobs,DekaLLM
6585,17,31,1,1,1,0.500168,0.98342,logprobs,DekaLLM
6586,17,33,1,1,1,0.500222,0.975927,logprobs,DekaLLM
6587,17,35,1,1,1,0.500168,0.977075,logprobs,DekaLLM
6588,17,37,1,1,1,0.500222,0.978582,logprobs,DekaLLM
6589,17,39,1,1,1,0.622668,0.96398,logprobs,DekaLLM
6590,17,41,0,0,1,0.731139,0.97954,logprobs,DekaLLM
6591,17,43,1,1,1,0.622586,0.974155,logprobs,DekaLLM
6592,17,45,1,1,1,0.500222,0.969665,logprobs,DekaLLM
6593,17,47,1,1,1,0.622646,0.971111,logprobs,DekaLLM
6594,17,49,1,1,1,0.817666,0.973702,logprobs,DekaLLM
6595,17,51,1,1,1,0.622617,0.974648,logprobs,DekaLLM
6596,17,53,1,1,1,0.622586,0.981361,logprobs,DekaLLM
6597,17,55,0,0,0,0.377669,0.984288,logprobs,DekaLLM
6598,17,57,0,0,1,0.500135,0.984662,logprobs,DekaLLM
6599,17,59,0,0,1,0.500168,0.979944,logprobs,DekaLLM
6600,17,61,0,0,0,0.269073,0.979935,logprobs,DekaLLM
6601,17,63,0,0,0,0.377654,0.973461,logprobs,DekaLLM
6602,17,65,0,0,0,0.377749,0.97543,logprobs,DekaLLM
6603,17,67,0,0,0,0.377671,0.975752,logprobs,DekaLLM
6604,17,69,0,0,1,0.622538,0.982259,logprobs,DekaLLM
6605,17,71,0,0,1,0.622586,0.973778,logprobs,DekaLLM
6606,17,73,0,0,1,0.731179,0.98109,logprobs,DekaLLM
6607,17,75,1,1,1,0.880845,0.980709,logprobs,DekaLLM
6608,17,77,1,1,1,0.924174,0.980336,logprobs,DekaLLM
6609,17,79,1,1,1,0.880845,0.980557,logprobs,DekaLLM
6610,17,81,1,1,1,0.73119,0.97059,logprobs,DekaLLM
6611,17,83,0,0,1,0.622586,0.974548,logprobs,DekaLLM
6612,17,85,0,0,1,0.622586,0.983068,logprobs,DekaLLM
6613,17,87,0,0,0,0.269076,0.975652,logprobs,DekaLLM
6614,17,89,0,0,0,0.377749,0.979748,logprobs,DekaLLM
6615,17,91,0,0,0,0.377702,0.973326,logprobs,DekaLLM
6616,17,93,0,0,0,0.377702,0.981087,logprobs,DekaLLM
6617,17,95,1,1,0,0.377702,0.972056,logprobs,DekaLLM
6618,17,97,0,0,1,0.622586,0.97697,logprobs,DekaLLM
6619,17,99,1,1,1,0.817686,0.97353,logprobs,DekaLLM
6620,17,101,1,1,1,0.88084,0.974062,logprobs,DekaLLM
6621,17,103,1,1,1,0.622617,0.977192,logprobs,DekaLLM
6622,17,105,1,1,1,0.622604,0.985102,logprobs,DekaLLM
6623,17,107,1,1,1,0.500222,0.971014,logprobs,DekaLLM
6624,17,109,0,0,0,0.377619,0.982354,logprobs,DekaLLM
6625,17,111,0,0,0,0.269076,0.984202,logprobs,DekaLLM
6626,17,113,0,0,0,0.119169,0.983493,logprobs,DekaLLM
6627,17,115,0,0,0,0.119182,0.984546,logprobs,DekaLLM
6628,17,117,0,0,0,0.26901,0.981048,logprobs,DekaLLM
6629,17,119,0,0,0,0.182377,0.98505,logprobs,DekaLLM
6630,17,121,1,1,1,0.731153,0.983957,logprobs,DekaLLM
6631,17,123,0,0,1,0.500135,0.980408,logprobs,DekaLLM
6632,17,125,0,0,0,0.377667,0.98309,logprobs,DekaLLM
6633,17,127,0,0,0,0.377619,0.977631,logprobs,DekaLLM
6634,17,129,0,0,1,0.500189,0.971722,logprobs,DekaLLM
6635,17,131,0,0,0,0.377702,0.974554,logprobs,DekaLLM
6636,17,133,0,0,1,0.500084,0.979817,logprobs,DekaLLM
6637,17,135,0,0,0,0.377749,0.971812,logprobs,DekaLLM
6638,17,137,0,0,0,0.377698,0.982284,logprobs,DekaLLM
6639,17,139,0,0,1,0.622586,0.980146,logprobs,DekaLLM
6640,17,141,0,0,1,0.500135,0.981582,logprobs,DekaLLM
6641,17,143,0,0,0,0.377667,0.981824,logprobs,DekaLLM
6642,17,145,0,0,0,0.268901,0.977949,logprobs,DekaLLM
6643,17,147,0,0,0,0.377667,0.981499,logprobs,DekaLLM
6644,17,149,0,0,1,0.622586,0.976722,logprobs,DekaLLM
6645,17,151,0,0,0,0.377667,0.982295,logprobs,DekaLLM
6646,17,153,0,0,0,0.182395,0.981497,logprobs,DekaLLM
6647,17,155,0,0,0,0.182445,0.984988,logprobs,DekaLLM
6648,17,157,0,0,0,0.182377,0.983093,logprobs,DekaLLM
6649,17,159,0,0,0,0.047413,0.982224,logprobs,DekaLLM
6650,17,161,0,0,0,0.07585,0.983578,logprobs,DekaLLM
6651,17,163,0,0,0,0.075844,0.985027,logprobs,DekaLLM
6652,17,165,0,0,0,0.075839,0.983829,logprobs,DekaLLM
6653,17,167,0,0,0,0.075844,0.98635,logprobs,DekaLLM
6654,17,169,0,0,0,0.075844,0.987478,logprobs,DekaLLM
6655,17,171,0,0,0,0.075844,0.982548,logprobs,DekaLLM
6656,17,173,0,0,0,0.04742,0.980137,logprobs,DekaLLM
6657,17,175,0,0,0,0.047413,0.980259,logprobs,DekaLLM
6658,17,177,0,0,0,0.075844,0.972809,logprobs,DekaLLM
6659,17,179,0,0,0,0.11919,0.982493,logprobs,DekaLLM
6660,15,-179,0,0,0,0.04742,0.987804,logprobs,DekaLLM
6661,15,-177,0,0,0,0.017983,0.989966,logprobs,DekaLLM
6662,15,-175,0,0,0,0.029307,0.983325,logprobs,DekaLLM
6663,15,-173,0,0,0,0.010986,0.992135,logprobs,DekaLLM
6664,15,-171,0,0,0,0.006692,0.992356,logprobs,DekaLLM
6665,15,-169,0,0,0,0.006692,0.989076,logprobs,DekaLLM
6666,15,-167,0,0,0,0.006692,0.990055,logprobs,DekaLLM
6667,15,-165,0,0,0,0.006692,0.990366,logprobs,DekaLLM
6668,15,-163,0,0,0,0.010986,0.989957,logprobs,DekaLLM
6669,15,-161,0,0,0,0.017983,0.988682,logprobs,DekaLLM
6670,15,-159,0,0,0,0.029307,0.982147,logprobs,DekaLLM
6671,15,-157,0,0,0,0.047417,0.988474,logprobs,DekaLLM
6672,15,-155,0,0,0,0.047417,0.986973,logprobs,DekaLLM
6673,15,-153,0,0,0,0.017983,0.988177,logprobs,DekaLLM
6674,15,-151,0,0,0,0.006692,0.98738,logprobs,DekaLLM
6675,15,-149,0,0,0,0.017983,0.989079,logprobs,DekaLLM
6676,15,-147,0,0,0,0.017983,0.985733,logprobs,DekaLLM
6677,15,-145,0,0,0,0.010985,0.989707,logprobs,DekaLLM
6678,15,-143,0,0,0,0.029307,0.983643,logprobs,DekaLLM
6679,15,-141,0,0,0,0.029307,0.984865,logprobs,DekaLLM
6680,15,-139,0,0,0,0.017983,0.98742,logprobs,DekaLLM
6681,15,-137,0,0,0,0.010985,0.985307,logprobs,DekaLLM
6682,15,-135,0,0,0,0.029309,0.983325,logprobs,DekaLLM
6683,15,-133,0,0,0,0.010985,0.988431,logprobs,DekaLLM
6684,15,-131,0,0,0,0.029304,0.984419,logprobs,DekaLLM
6685,15,-129,0,0,0,0.017983,0.97845,logprobs,DekaLLM
6686,15,-127,0,0,0,0.006692,0.985976,logprobs,DekaLLM
6687,15,-125,0,0,0,0.006691,0.988406,logprobs,DekaLLM
6688,15,-123,0,0,0,0.010986,0.989054,logprobs,DekaLLM
6689,15,-121,0,0,0,0.047417,0.980788,logprobs,DekaLLM
6690,15,-119,0,0,0,0.017983,0.98825,logprobs,DekaLLM
6691,15,-117,0,0,0,0.119182,0.987124,logprobs,DekaLLM
6692,15,-115,0,0,0,0.029307,0.987714,logprobs,DekaLLM
6693,15,-113,0,0,0,0.119182,0.985945,logprobs,DekaLLM
6694,15,-111,0,0,0,0.182509,0.985969,logprobs,DekaLLM
6695,15,-109,0,0,0,0.377702,0.979021,logprobs,DekaLLM
6696,15,-107,0,0,1,0.622586,0.980619,logprobs,DekaLLM
6697,15,-105,0,0,1,0.500166,0.979181,logprobs,DekaLLM
6698,15,-103,0,0,1,0.500135,0.984117,logprobs,DekaLLM
6699,15,-101,0,0,1,0.500168,0.975818,logprobs,DekaLLM
6700,15,-99,0,0,1,0.731139,0.979647,logprobs,DekaLLM
6701,15,-97,0,0,1,0.622586,0.984659,logprobs,DekaLLM
6702,15,-95,0,0,1,0.500135,0.983134,logprobs,DekaLLM
6703,15,-93,0,0,1,0.622617,0.979473,logprobs,DekaLLM
6704,15,-91,1,1,1,0.622617,0.979706,logprobs,DekaLLM
6705,15,-89,1,1,1,0.622586,0.981272,logprobs,DekaLLM
6706,15,-87,1,1,0,0.377702,0.978966,logprobs,DekaLLM
6707,15,-85,1,1,0,0.377619,0.98331,logprobs,DekaLLM
6708,15,-83,0,0,1,0.500135,0.98396,logprobs,DekaLLM
6709,15,-81,0,0,0,0.269076,0.978026,logprobs,DekaLLM
6710,15,-79,0,0,0,0.268943,0.98448,logprobs,DekaLLM
6711,15,-77,0,0,1,0.500222,0.979239,logprobs,DekaLLM
6712,15,-75,0,0,0,0.377671,0.980291,logprobs,DekaLLM
6713,15,-73,0,0,0,0.182427,0.983906,logprobs,DekaLLM
6714,15,-71,0,0,0,0.269023,0.98685,logprobs,DekaLLM
6715,15,-69,0,0,0,0.11924,0.985661,logprobs,DekaLLM
6716,15,-67,0,0,0,0.11924,0.988379,logprobs,DekaLLM
6717,15,-65,0,0,0,0.075844,0.981665,logprobs,DekaLLM
6718,15,-63,0,0,0,0.182457,0.985526,logprobs,DekaLLM
6719,15,-61,0,0,0,0.37764,0.983008,logprobs,DekaLLM
6720,15,-59,0,0,0,0.269076,0.982551,logprobs,DekaLLM
6721,15,-57,0,0,0,0.268967,0.982472,logprobs,DekaLLM
6722,15,-55,0,0,0,0.047418,0.986637,logprobs,DekaLLM
6723,15,-53,0,0,0,0.07585,0.986041,logprobs,DekaLLM
6724,15,-51,0,0,0,0.075839,0.98279,logprobs,DekaLLM
6725,15,-49,0,0,0,0.377749,0.9765,logprobs,DekaLLM
6726,15,-47,0,0,1,0.622617,0.97853,logprobs,DekaLLM
6727,15,-45,0,0,0,0.268967,0.981105,logprobs,DekaLLM
6728,15,-43,0,0,0,0.377619,0.98437,logprobs,DekaLLM
6729,15,-41,0,0,0,0.119227,0.977802,logprobs,DekaLLM
6730,15,-39,0,0,0,0.182445,0.98069,logprobs,DekaLLM
6731,15,-37,0,0,0,0.029307,0.986729,logprobs,DekaLLM
6732,15,-35,0,0,0,0.182427,0.984393,logprobs,DekaLLM
6733,15,-33,0,0,0,0.268983,0.984016,logprobs,DekaLLM
6734,15,-31,0,0,0,0.269023,0.984354,logprobs,DekaLLM
6735,15,-29,0,0,0,0.075839,0.983079,logprobs,DekaLLM
6736,15,-27,0,0,0,0.04742,0.982888,logprobs,DekaLLM
6737,15,-25,0,0,0,0.119174,0.983599,logprobs,DekaLLM
6738,15,-23,0,0,0,0.11919,0.984913,logprobs,DekaLLM
6739,15,-21,0,0,0,0.11919,0.986403,logprobs,DekaLLM
6740,15,-19,0,0,0,0.075844,0.980221,logprobs,DekaLLM
6741,15,-17,1,1,0,0.11919,0.9751,logprobs,DekaLLM
6742,15,-15,1,1,0,0.269076,0.980602,logprobs,DekaLLM
6743,15,-13,1,1,0,0.269076,0.976518,logprobs,DekaLLM
6744,15,-11,1,1,1,0.500189,0.966627,logprobs,DekaLLM
6745,15,-9,1,1,0,0.377667,0.980691,logprobs,DekaLLM
6746,15,-7,1,1,0,0.377749,0.968874,logprobs,DekaLLM
6747,15,-5,1,1,0,0.377572,0.971343,logprobs,DekaLLM
6748,15,-3,1,1,1,0.731153,0.978824,logprobs,DekaLLM
6749,15,-1,1,1,1,0.622615,0.974304,logprobs,DekaLLM
6750,15,1,1,1,1,0.622586,0.964927,logprobs,DekaLLM
6751,15,3,1,1,1,0.500168,0.95543,logprobs,DekaLLM
6752,15,5,1,1,1,0.622586,0.96917,logprobs,DekaLLM
6753,15,7,1,1,1,0.622586,0.975633,logprobs,DekaLLM
6754,15,9,1,1,1,0.500222,0.960419,logprobs,DekaLLM
6755,15,11,1,1,1,0.622668,0.929053,logprobs,DekaLLM
6756,15,13,1,1,1,0.500222,0.956772,logprobs,DekaLLM
6757,15,15,1,1,1,0.622668,0.953414,logprobs,DekaLLM
6758,15,17,1,1,1,0.500084,0.958612,logprobs,DekaLLM
6759,15,19,1,1,1,0.500135,0.960299,logprobs,DekaLLM
6760,15,21,1,1,0,0.377749,0.966269,logprobs,DekaLLM
6761,15,23,1,1,0,0.377623,0.968829,logprobs,DekaLLM
6762,15,25,1,1,0,0.377671,0.967297,logprobs,DekaLLM
6763,15,27,1,1,1,0.622586,0.974387,logprobs,DekaLLM
6764,15,29,1,1,1,0.500135,0.981826,logprobs,DekaLLM
6765,15,31,1,1,1,0.500222,0.970206,logprobs,DekaLLM
6766,15,33,1,1,1,0.500222,0.956042,logprobs,DekaLLM
6767,15,35,1,1,1,0.500222,0.955197,logprobs,DekaLLM
6768,15,37,1,1,1,0.500171,0.970811,logprobs,DekaLLM
6769,15,39,1,1,1,0.622617,0.977509,logprobs,DekaLLM
6770,15,41,0,0,1,0.500171,0.976782,logprobs,DekaLLM
6771,15,43,1,1,1,0.500168,0.976565,logprobs,DekaLLM
6772,15,45,1,1,1,0.500222,0.956568,logprobs,DekaLLM
6773,15,47,1,1,1,0.731165,0.972764,logprobs,DekaLLM
6774,15,49,1,1,1,0.817686,0.973562,logprobs,DekaLLM
6775,15,51,0,0,1,0.817666,0.980609,logprobs,DekaLLM
6776,15,53,0,0,1,0.622586,0.981703,logprobs,DekaLLM
6777,15,55,0,0,1,0.500171,0.976287,logprobs,DekaLLM
6778,15,57,0,0,0,0.377718,0.976967,logprobs,DekaLLM
6779,15,59,0,0,0,0.377702,0.973824,logprobs,DekaLLM
6780,15,61,0,0,0,0.268967,0.980312,logprobs,DekaLLM
6781,15,63,0,0,0,0.377702,0.973575,logprobs,DekaLLM
6782,15,65,0,0,0,0.377718,0.976672,logprobs,DekaLLM
6783,15,67,0,0,0,0.377671,0.978025,logprobs,DekaLLM
6784,15,69,0,0,1,0.500084,0.978003,logprobs,DekaLLM
6785,15,71,0,0,0,0.377749,0.981373,logprobs,DekaLLM
6786,15,73,0,0,1,0.500168,0.975107,logprobs,DekaLLM
6787,15,75,1,1,1,0.731163,0.97864,logprobs,DekaLLM
6788,15,77,1,1,1,0.88084,0.971581,logprobs,DekaLLM
6789,15,79,1,1,1,0.731179,0.982931,logprobs,DekaLLM
6790,15,81,0,0,1,0.622637,0.961975,logprobs,DekaLLM
6791,15,83,0,0,1,0.500084,0.976211,logprobs,DekaLLM
6792,15,85,0,0,0,0.377702,0.974473,logprobs,DekaLLM
6793,15,87,0,0,1,0.500135,0.980339,logprobs,DekaLLM
6794,15,89,0,0,1,0.500135,0.969288,logprobs,DekaLLM
6795,15,91,0,0,1,0.622538,0.982234,logprobs,DekaLLM
6796,15,93,0,0,0,0.377718,0.980525,logprobs,DekaLLM
6797,15,95,0,0,0,0.377667,0.980147,logprobs,DekaLLM
6798,15,97,0,0,1,0.731179,0.976523,logprobs,DekaLLM
6799,15,99,1,1,1,0.817666,0.976493,logprobs,DekaLLM
6800,15,101,1,1,1,0.88084,0.971694,logprobs,DekaLLM
6801,15,103,1,1,1,0.817623,0.97879,logprobs,DekaLLM
6802,15,105,1,1,1,0.817655,0.972459,logprobs,DekaLLM
6803,15,107,1,1,1,0.622617,0.975958,logprobs,DekaLLM
6804,15,109,0,0,1,0.500135,0.983033,logprobs,DekaLLM
6805,15,111,0,0,0,0.268967,0.972357,logprobs,DekaLLM
6806,15,113,0,0,0,0.07585,0.987941,logprobs,DekaLLM
6807,15,115,0,0,0,0.075844,0.989063,logprobs,DekaLLM
6808,15,117,0,0,0,0.182377,0.984351,logprobs,DekaLLM
6809,15,119,0,0,0,0.119182,0.989213,logprobs,DekaLLM
6810,15,121,1,1,1,0.731179,0.985679,logprobs,DekaLLM
6811,15,123,0,0,1,0.500135,0.977186,logprobs,DekaLLM
6812,15,125,0,0,1,0.500084,0.98218,logprobs,DekaLLM
6813,15,127,0,0,0,0.269007,0.981229,logprobs,DekaLLM
6814,15,129,0,0,0,0.377667,0.981121,logprobs,DekaLLM
6815,15,131,0,0,0,0.377702,0.974689,logprobs,DekaLLM
6816,15,133,0,0,1,0.500138,0.970972,logprobs,DekaLLM
6817,15,135,0,0,0,0.377749,0.97554,logprobs,DekaLLM
6818,15,137,0,0,0,0.377718,0.977577,logprobs,DekaLLM
6819,15,139,0,0,1,0.500168,0.982747,logprobs,DekaLLM
6820,15,141,0,0,1,0.500135,0.976546,logprobs,DekaLLM
6821,15,143,0,0,0,0.182478,0.981594,logprobs,DekaLLM
6822,15,145,0,0,0,0.269076,0.980457,logprobs,DekaLLM
6823,15,147,0,0,0,0.269076,0.981516,logprobs,DekaLLM
6824,15,149,0,0,1,0.622586,0.974225,logprobs,DekaLLM
6825,15,151,0,0,1,0.500084,0.97836,logprobs,DekaLLM
6826,15,153,0,0,0,0.18254,0.984923,logprobs,DekaLLM
6827,15,155,0,0,0,0.182478,0.983087,logprobs,DekaLLM
6828,15,157,0,0,0,0.119182,0.979394,logprobs,DekaLLM
6829,15,159,0,0,0,0.075835,0.97813,logprobs,DekaLLM
6830,15,161,0,0,0,0.075844,0.974207,logprobs,DekaLLM
6831,15,163,0,0,0,0.119182,0.982774,logprobs,DekaLLM
6832,15,165,0,0,0,0.119182,0.983033,logprobs,DekaLLM
6833,15,167,0,0,0,0.119182,0.984541,logprobs,DekaLLM
6834,15,169,0,0,0,0.119169,0.977503,logprobs,DekaLLM
6835,15,171,0,0,0,0.119182,0.979058,logprobs,DekaLLM
6836,15,173,0,0,0,0.075835,0.979829,logprobs,DekaLLM
6837,15,175,0,0,0,0.07585,0.978398,logprobs,DekaLLM
6838,15,177,0,0,0,0.04742,0.980878,logprobs,DekaLLM
6839,15,179,0,0,0,0.075844,0.982573,logprobs,DekaLLM
6840,13,-179,0,0,0,0.119182,0.988743,logprobs,DekaLLM
6841,13,-177,0,0,0,0.010986,0.98768,logprobs,DekaLLM
6842,13,-175,0,0,0,0.017983,0.986523,logprobs,DekaLLM
6843,13,-173,0,0,0,0.017983,0.986867,logprobs,DekaLLM
6844,13,-171,0,0,0,0.010985,0.98378,logprobs,DekaLLM
6845,13,-169,0,0,0,0.017984,0.98578,logprobs,DekaLLM
6846,13,-167,0,0,0,0.006691,0.986715,logprobs,DekaLLM
6847,13,-165,0,0,0,0.006692,0.989803,logprobs,DekaLLM
6848,13,-163,0,0,0,0.006692,0.988566,logprobs,DekaLLM
6849,13,-161,0,0,0,0.010986,0.989697,logprobs,DekaLLM
6850,13,-159,0,0,0,0.010985,0.987789,logprobs,DekaLLM
6851,13,-157,0,0,0,0.029305,0.985643,logprobs,DekaLLM
6852,13,-155,0,0,0,0.010985,0.989914,logprobs,DekaLLM
6853,13,-153,0,0,0,0.006692,0.990933,logprobs,DekaLLM
6854,13,-151,0,0,0,0.006692,0.989631,logprobs,DekaLLM
6855,13,-149,0,0,0,0.010985,0.985415,logprobs,DekaLLM
6856,13,-147,0,0,0,0.017984,0.985171,logprobs,DekaLLM
6857,13,-145,0,0,0,0.010985,0.988151,logprobs,DekaLLM
6858,13,-143,0,0,0,0.017984,0.986064,logprobs,DekaLLM
6859,13,-141,0,0,0,0.029307,0.982614,logprobs,DekaLLM
6860,13,-139,0,0,0,0.017984,0.98392,logprobs,DekaLLM
6861,13,-137,0,0,0,0.010985,0.990383,logprobs,DekaLLM
6862,13,-135,0,0,0,0.017983,0.984825,logprobs,DekaLLM
6863,13,-133,0,0,0,0.017983,0.984992,logprobs,DekaLLM
6864,13,-131,0,0,0,0.017983,0.989577,logprobs,DekaLLM
6865,13,-129,0,0,0,0.010986,0.980871,logprobs,DekaLLM
6866,13,-127,0,0,0,0.017983,0.986465,logprobs,DekaLLM
6867,13,-125,0,0,0,0.006692,0.992948,logprobs,DekaLLM
6868,13,-123,0,0,0,0.010986,0.990191,logprobs,DekaLLM
6869,13,-121,0,0,0,0.075844,0.983127,logprobs,DekaLLM
6870,13,-119,0,0,0,0.029306,0.986176,logprobs,DekaLLM
6871,13,-117,0,0,0,0.119227,0.985091,logprobs,DekaLLM
6872,13,-115,0,0,0,0.075844,0.98733,logprobs,DekaLLM
6873,13,-113,0,0,0,0.182427,0.985505,logprobs,DekaLLM
6874,13,-111,0,0,0,0.37765,0.982955,logprobs,DekaLLM
6875,13,-109,0,0,1,0.500222,0.972205,logprobs,DekaLLM
6876,13,-107,0,0,1,0.622635,0.97965,logprobs,DekaLLM
6877,13,-105,0,0,1,0.622604,0.980834,logprobs,DekaLLM
6878,13,-103,0,0,1,0.731164,0.978566,logprobs,DekaLLM
6879,13,-101,0,0,1,0.500222,0.977496,logprobs,DekaLLM
6880,13,-99,0,0,1,0.731205,0.978761,logprobs,DekaLLM
6881,13,-97,0,0,1,0.622668,0.960008,logprobs,DekaLLM
6882,13,-95,0,0,1,0.500222,0.980295,logprobs,DekaLLM
6883,13,-93,0,0,0,0.377619,0.980227,logprobs,DekaLLM
6884,13,-91,0,0,1,0.622617,0.979167,logprobs,DekaLLM
6885,13,-89,0,0,1,0.817655,0.977025,logprobs,DekaLLM
6886,13,-87,1,1,1,0.622617,0.980777,logprobs,DekaLLM
6887,13,-85,1,1,1,0.500168,0.976935,logprobs,DekaLLM
6888,13,-83,0,0,1,0.500168,0.98006,logprobs,DekaLLM
6889,13,-81,0,0,0,0.119169,0.984306,logprobs,DekaLLM
6890,13,-79,0,0,0,0.269076,0.978621,logprobs,DekaLLM
6891,13,-77,0,0,1,0.500135,0.982882,logprobs,DekaLLM
6892,13,-75,0,0,0,0.182427,0.985864,logprobs,DekaLLM
6893,13,-73,0,0,0,0.075839,0.988191,logprobs,DekaLLM
6894,13,-71,0,0,0,0.182427,0.983969,logprobs,DekaLLM
6895,13,-69,0,0,0,0.269049,0.985199,logprobs,DekaLLM
6896,13,-67,0,0,0,0.075844,0.986899,logprobs,DekaLLM
6897,13,-65,0,0,0,0.182487,0.990473,logprobs,DekaLLM
6898,13,-63,0,0,0,0.182457,0.986257,logprobs,DekaLLM
6899,13,-61,0,0,1,0.500117,0.980188,logprobs,DekaLLM
6900,13,-59,0,0,0,0.269023,0.988874,logprobs,DekaLLM
6901,13,-57,0,0,0,0.182457,0.98286,logprobs,DekaLLM
6902,13,-55,0,0,0,0.119182,0.980083,logprobs,DekaLLM
6903,13,-53,0,0,0,0.119217,0.986971,logprobs,DekaLLM
6904,13,-51,0,0,0,0.075844,0.979172,logprobs,DekaLLM
6905,13,-49,0,0,0,0.07585,0.985608,logprobs,DekaLLM
6906,13,-47,0,0,0,0.377667,0.979097,logprobs,DekaLLM
6907,13,-45,0,0,0,0.07585,0.975733,logprobs,DekaLLM
6908,13,-43,0,0,0,0.119182,0.987173,logprobs,DekaLLM
6909,13,-41,0,0,0,0.029307,0.982256,logprobs,DekaLLM
6910,13,-39,0,0,0,0.11924,0.980212,logprobs,DekaLLM
6911,13,-37,0,0,0,0.119174,0.98339,logprobs,DekaLLM
6912,13,-35,0,0,0,0.377619,0.976336,logprobs,DekaLLM
6913,13,-33,0,0,0,0.269076,0.974594,logprobs,DekaLLM
6914,13,-31,0,0,0,0.119174,0.980989,logprobs,DekaLLM
6915,13,-29,0,0,0,0.075844,0.985927,logprobs,DekaLLM
6916,13,-27,0,0,0,0.119182,0.985153,logprobs,DekaLLM
6917,13,-25,0,0,0,0.075844,0.986204,logprobs,DekaLLM
6918,13,-23,0,0,0,0.182427,0.982827,logprobs,DekaLLM
6919,13,-21,0,0,0,0.182528,0.984272,logprobs,DekaLLM
6920,13,-19,0,0,0,0.119217,0.987036,logprobs,DekaLLM
6921,13,-17,0,0,0,0.182495,0.981395,logprobs,DekaLLM
6922,13,-15,1,1,0,0.119182,0.979013,logprobs,DekaLLM
6923,13,-13,1,1,0,0.269116,0.983667,logprobs,DekaLLM
6924,13,-11,1,1,0,0.377702,0.977039,logprobs,DekaLLM
6925,13,-9,1,1,1,0.500135,0.980526,logprobs,DekaLLM
6926,13,-7,1,1,0,0.377702,0.970021,logprobs,DekaLLM
6927,13,-5,1,1,0,0.377698,0.98081,logprobs,DekaLLM
6928,13,-3,1,1,1,0.500135,0.97689,logprobs,DekaLLM
6929,13,-1,1,1,1,0.731123,0.975007,logprobs,DekaLLM
6930,13,1,1,1,1,0.622617,0.952342,logprobs,DekaLLM
6931,13,3,1,1,1,0.731139,0.966661,logprobs,DekaLLM
6932,13,5,1,1,1,0.622586,0.97754,logprobs,DekaLLM
6933,13,7,1,1,1,0.622586,0.979997,logprobs,DekaLLM
6934,13,9,1,1,1,0.500222,0.95968,logprobs,DekaLLM
6935,13,11,1,1,1,0.622668,0.954471,logprobs,DekaLLM
6936,13,13,1,1,1,0.731164,0.968709,logprobs,DekaLLM
6937,13,15,1,1,0,0.377749,0.964201,logprobs,DekaLLM
6938,13,17,1,1,1,0.500189,0.9712,logprobs,DekaLLM
6939,13,19,1,1,0,0.377619,0.966376,logprobs,DekaLLM
6940,13,21,1,1,1,0.500135,0.96139,logprobs,DekaLLM
6941,13,23,1,1,0,0.377749,0.963826,logprobs,DekaLLM
6942,13,25,1,1,0,0.377749,0.965441,logprobs,DekaLLM
6943,13,27,1,1,1,0.622617,0.973864,logprobs,DekaLLM
6944,13,29,1,1,1,0.622573,0.978284,logprobs,DekaLLM
6945,13,31,1,1,1,0.817635,0.9785,logprobs,DekaLLM
6946,13,33,1,1,1,0.817646,0.979138,logprobs,DekaLLM
6947,13,35,1,1,1,0.731165,0.977328,logprobs,DekaLLM
6948,13,37,1,1,1,0.731139,0.969833,logprobs,DekaLLM
6949,13,39,1,1,1,0.73119,0.9761,logprobs,DekaLLM
6950,13,41,1,1,1,0.500222,0.971788,logprobs,DekaLLM
6951,13,43,0,0,1,0.500222,0.96688,logprobs,DekaLLM
6952,13,45,1,1,0,0.377749,0.972872,logprobs,DekaLLM
6953,13,47,0,0,1,0.731164,0.978963,logprobs,DekaLLM
6954,13,49,0,0,1,0.817646,0.978498,logprobs,DekaLLM
6955,13,51,0,0,1,0.817686,0.976416,logprobs,DekaLLM
6956,13,53,0,0,1,0.622617,0.972069,logprobs,DekaLLM
6957,13,55,0,0,0,0.377667,0.983,logprobs,DekaLLM
6958,13,57,0,0,0,0.377698,0.97648,logprobs,DekaLLM
6959,13,59,0,0,0,0.377619,0.980183,logprobs,DekaLLM
6960,13,61,0,0,0,0.269023,0.980139,logprobs,DekaLLM
6961,13,63,0,0,0,0.377667,0.979924,logprobs,DekaLLM
6962,13,65,0,0,1,0.500171,0.977683,logprobs,DekaLLM
6963,13,67,0,0,0,0.269119,0.97172,logprobs,DekaLLM
6964,13,69,0,0,1,0.500084,0.985009,logprobs,DekaLLM
6965,13,71,0,0,1,0.500168,0.97762,logprobs,DekaLLM
6966,13,73,0,0,1,0.731165,0.979995,logprobs,DekaLLM
6967,13,75,1,1,1,0.817635,0.970299,logprobs,DekaLLM
6968,13,77,1,1,1,0.952584,0.986201,logprobs,DekaLLM
6969,13,79,1,1,1,0.817646,0.981201,logprobs,DekaLLM
6970,13,81,0,0,1,0.622604,0.982377,logprobs,DekaLLM
6971,13,83,0,0,0,0.377702,0.981988,logprobs,DekaLLM
6972,13,85,0,0,1,0.500168,0.977288,logprobs,DekaLLM
6973,13,87,0,0,1,0.622617,0.964895,logprobs,DekaLLM
6974,13,89,0,0,1,0.500117,0.978339,logprobs,DekaLLM
6975,13,91,0,0,0,0.37772,0.980732,logprobs,DekaLLM
6976,13,93,0,0,0,0.269023,0.981337,logprobs,DekaLLM
6977,13,95,0,0,0,0.269076,0.97772,logprobs,DekaLLM
6978,13,97,0,0,1,0.622586,0.976238,logprobs,DekaLLM
6979,13,99,1,1,1,0.880845,0.978696,logprobs,DekaLLM
6980,13,101,1,1,1,0.817666,0.972595,logprobs,DekaLLM
6981,13,103,1,1,1,0.817666,0.980053,logprobs,DekaLLM
6982,13,105,1,1,1,0.817646,0.972052,logprobs,DekaLLM
6983,13,107,1,1,1,0.817635,0.974365,logprobs,DekaLLM
6984,13,109,1,1,1,0.500168,0.966327,logprobs,DekaLLM
6985,13,111,0,0,0,0.377749,0.970565,logprobs,DekaLLM
6986,13,113,0,0,0,0.182445,0.979725,logprobs,DekaLLM
6987,13,115,0,0,0,0.119182,0.983358,logprobs,DekaLLM
6988,13,117,0,0,0,0.075839,0.97711,logprobs,DekaLLM
6989,13,119,0,0,0,0.182377,0.982373,logprobs,DekaLLM
6990,13,121,1,1,1,0.622586,0.984702,logprobs,DekaLLM
6991,13,123,1,1,1,0.622567,0.984305,logprobs,DekaLLM
6992,13,125,0,0,0,0.377623,0.979717,logprobs,DekaLLM
6993,13,127,0,0,0,0.269076,0.980407,logprobs,DekaLLM
6994,13,129,0,0,0,0.377667,0.982362,logprobs,DekaLLM
6995,13,131,0,0,1,0.500135,0.977968,logprobs,DekaLLM
6996,13,133,0,0,1,0.500222,0.975822,logprobs,DekaLLM
6997,13,135,0,0,1,0.500084,0.982307,logprobs,DekaLLM
6998,13,137,0,0,1,0.500135,0.978656,logprobs,DekaLLM
6999,13,139,0,0,0,0.377669,0.981958,logprobs,DekaLLM
7000,13,141,0,0,1,0.500135,0.969398,logprobs,DekaLLM
7001,13,143,0,0,0,0.269076,0.979612,logprobs,DekaLLM
7002,13,145,0,0,0,0.269116,0.980596,logprobs,DekaLLM
7003,13,147,0,0,1,0.500135,0.981942,logprobs,DekaLLM
7004,13,149,0,0,1,0.622555,0.98286,logprobs,DekaLLM
7005,13,151,0,0,1,0.500064,0.978669,logprobs,DekaLLM
7006,13,153,0,0,0,0.18249,0.980252,logprobs,DekaLLM
7007,13,155,0,0,0,0.269076,0.975816,logprobs,DekaLLM
7008,13,157,0,0,0,0.268967,0.974018,logprobs,DekaLLM
7009,13,159,0,0,0,0.182445,0.978287,logprobs,DekaLLM
7010,13,161,0,0,0,0.182395,0.971094,logprobs,DekaLLM
7011,13,163,0,0,0,0.182478,0.977736,logprobs,DekaLLM
7012,13,165,0,0,0,0.182478,0.980381,logprobs,DekaLLM
7013,13,167,0,0,0,0.377619,0.975534,logprobs,DekaLLM
7014,13,169,0,0,0,0.182457,0.985454,logprobs,DekaLLM
7015,13,171,0,0,0,0.18249,0.97763,logprobs,DekaLLM
7016,13,173,0,0,0,0.119182,0.986822,logprobs,DekaLLM
7017,13,175,0,0,0,0.075844,0.979762,logprobs,DekaLLM
7018,13,177,0,0,0,0.119182,0.980533,logprobs,DekaLLM
7019,13,179,0,0,0,0.119182,0.978358,logprobs,DekaLLM
7020,11,-179,0,0,0,0.07585,0.98835,logprobs,DekaLLM
7021,11,-177,0,0,0,0.017984,0.988785,logprobs,DekaLLM
7022,11,-175,0,0,0,0.017983,0.990849,logprobs,DekaLLM
7023,11,-173,0,0,0,0.017984,0.987192,logprobs,DekaLLM
7024,11,-171,0,0,0,0.010986,0.991051,logprobs,DekaLLM
7025,11,-169,0,0,0,0.006692,0.991195,logprobs,DekaLLM
7026,11,-167,0,0,0,0.010985,0.985931,logprobs,DekaLLM
7027,11,-165,0,0,0,0.006692,0.988915,logprobs,DekaLLM
7028,11,-163,0,0,0,0.006692,0.98901,logprobs,DekaLLM
7029,11,-161,0,0,0,0.017983,0.985323,logprobs,DekaLLM
7030,11,-159,0,0,0,0.010986,0.985847,logprobs,DekaLLM
7031,11,-157,0,0,0,0.010986,0.989291,logprobs,DekaLLM
7032,11,-155,0,0,0,0.017983,0.986235,logprobs,DekaLLM
7033,11,-153,0,0,0,0.017984,0.985796,logprobs,DekaLLM
7034,11,-151,0,0,0,0.010985,0.983452,logprobs,DekaLLM
7035,11,-149,0,0,0,0.010986,0.988585,logprobs,DekaLLM
7036,11,-147,0,0,0,0.029307,0.985208,logprobs,DekaLLM
7037,11,-145,0,0,0,0.010985,0.986762,logprobs,DekaLLM
7038,11,-143,0,0,0,0.017983,0.969802,logprobs,DekaLLM
7039,11,-141,0,0,0,0.047417,0.985528,logprobs,DekaLLM
7040,11,-139,0,0,0,0.047417,0.976405,logprobs,DekaLLM
7041,11,-137,0,0,0,0.029307,0.983647,logprobs,DekaLLM
7042,11,-135,0,0,0,0.04742,0.981976,logprobs,DekaLLM
7043,11,-133,0,0,0,0.029307,0.986613,logprobs,DekaLLM
7044,11,-131,0,0,0,0.029307,0.9812,logprobs,DekaLLM
7045,11,-129,0,0,0,0.010985,0.983604,logprobs,DekaLLM
7046,11,-127,0,0,0,0.010985,0.987048,logprobs,DekaLLM
7047,11,-125,0,0,0,0.010985,0.989026,logprobs,DekaLLM
7048,11,-123,0,0,0,0.029307,0.984439,logprobs,DekaLLM
7049,11,-121,0,0,0,0.268983,0.984469,logprobs,DekaLLM
7050,11,-119,0,0,0,0.269076,0.970131,logprobs,DekaLLM
7051,11,-117,0,0,1,0.500084,0.981826,logprobs,DekaLLM
7052,11,-115,0,0,0,0.182478,0.983514,logprobs,DekaLLM
7053,11,-113,0,0,0,0.269076,0.976577,logprobs,DekaLLM
7054,11,-111,0,0,0,0.269076,0.975471,logprobs,DekaLLM
7055,11,-109,0,0,0,0.269023,0.988898,logprobs,DekaLLM
7056,11,-107,0,0,0,0.377572,0.979919,logprobs,DekaLLM
7057,11,-105,0,0,0,0.269076,0.974873,logprobs,DekaLLM
7058,11,-103,0,0,0,0.377749,0.976909,logprobs,DekaLLM
7059,11,-101,0,0,1,0.500189,0.974488,logprobs,DekaLLM
7060,11,-99,0,0,1,0.500253,0.981795,logprobs,DekaLLM
7061,11,-97,0,0,1,0.622586,0.979049,logprobs,DekaLLM
7062,11,-95,0,0,0,0.37765,0.985666,logprobs,DekaLLM
7063,11,-93,0,0,0,0.182427,0.98234,logprobs,DekaLLM
7064,11,-91,0,0,0,0.269076,0.979722,logprobs,DekaLLM
7065,11,-89,0,0,1,0.622555,0.985644,logprobs,DekaLLM
7066,11,-87,0,0,0,0.377718,0.981234,logprobs,DekaLLM
7067,11,-85,1,1,1,0.500168,0.98061,logprobs,DekaLLM
7068,11,-83,0,0,0,0.377702,0.976444,logprobs,DekaLLM
7069,11,-81,0,0,0,0.182509,0.986415,logprobs,DekaLLM
7070,11,-79,0,0,0,0.269076,0.973089,logprobs,DekaLLM
7071,11,-77,0,0,1,0.622586,0.980543,logprobs,DekaLLM
7072,11,-75,0,0,1,0.500222,0.974716,logprobs,DekaLLM
7073,11,-73,1,1,0,0.182457,0.983427,logprobs,DekaLLM
7074,11,-71,1,1,0,0.268967,0.981834,logprobs,DekaLLM
7075,11,-69,1,1,0,0.268983,0.986686,logprobs,DekaLLM
7076,11,-67,0,0,0,0.182427,0.979427,logprobs,DekaLLM
7077,11,-65,0,0,0,0.182427,0.985017,logprobs,DekaLLM
7078,11,-63,0,0,0,0.119217,0.989506,logprobs,DekaLLM
7079,11,-61,0,0,0,0.377667,0.984618,logprobs,DekaLLM
7080,11,-59,0,0,0,0.377619,0.984807,logprobs,DekaLLM
7081,11,-57,0,0,0,0.182528,0.98561,logprobs,DekaLLM
7082,11,-55,0,0,0,0.047417,0.983841,logprobs,DekaLLM
7083,11,-53,0,0,0,0.182445,0.982734,logprobs,DekaLLM
7084,11,-51,0,0,0,0.119182,0.979273,logprobs,DekaLLM
7085,11,-49,0,0,0,0.075839,0.979582,logprobs,DekaLLM
7086,11,-47,0,0,0,0.182445,0.983302,logprobs,DekaLLM
7087,11,-45,0,0,0,0.18254,0.981727,logprobs,DekaLLM
7088,11,-43,0,0,0,0.119217,0.98839,logprobs,DekaLLM
7089,11,-41,0,0,0,0.029307,0.985551,logprobs,DekaLLM
7090,11,-39,0,0,0,0.119182,0.979595,logprobs,DekaLLM
7091,11,-37,0,0,0,0.182377,0.980391,logprobs,DekaLLM
7092,11,-35,0,0,0,0.182427,0.980711,logprobs,DekaLLM
7093,11,-33,0,0,0,0.377671,0.983411,logprobs,DekaLLM
7094,11,-31,0,0,0,0.268967,0.98371,logprobs,DekaLLM
7095,11,-29,0,0,0,0.182478,0.979902,logprobs,DekaLLM
7096,11,-27,0,0,0,0.269023,0.98522,logprobs,DekaLLM
7097,11,-25,0,0,0,0.119182,0.980623,logprobs,DekaLLM
7098,11,-23,0,0,0,0.377619,0.98119,logprobs,DekaLLM
7099,11,-21,0,0,0,0.182457,0.986794,logprobs,DekaLLM
7100,11,-19,0,0,0,0.182395,0.973988,logprobs,DekaLLM
7101,11,-17,0,0,0,0.269023,0.984927,logprobs,DekaLLM
7102,11,-15,1,1,0,0.047417,0.987317,logprobs,DekaLLM
7103,11,-13,1,1,0,0.075844,0.979167,logprobs,DekaLLM
7104,11,-11,1,1,0,0.377638,0.985272,logprobs,DekaLLM
7105,11,-9,1,1,0,0.377667,0.979768,logprobs,DekaLLM
7106,11,-7,1,1,0,0.377667,0.983365,logprobs,DekaLLM
7107,11,-5,1,1,1,0.500222,0.97176,logprobs,DekaLLM
7108,11,-3,1,1,1,0.500135,0.981189,logprobs,DekaLLM
7109,11,-1,1,1,1,0.622586,0.977951,logprobs,DekaLLM
7110,11,1,1,1,1,0.622617,0.969403,logprobs,DekaLLM
7111,11,3,1,1,1,0.731139,0.965767,logprobs,DekaLLM
7112,11,5,1,1,1,0.622586,0.963357,logprobs,DekaLLM
7113,11,7,1,1,1,0.731165,0.965207,logprobs,DekaLLM
7114,11,9,1,1,1,0.731165,0.962639,logprobs,DekaLLM
7115,11,11,1,1,1,0.622668,0.96079,logprobs,DekaLLM
7116,11,13,1,1,1,0.500135,0.971282,logprobs,DekaLLM
7117,11,15,1,1,1,0.500135,0.960711,logprobs,DekaLLM
7118,11,17,1,1,1,0.500189,0.960444,logprobs,DekaLLM
7119,11,19,1,1,1,0.500135,0.960805,logprobs,DekaLLM
7120,11,21,1,1,1,0.500084,0.960623,logprobs,DekaLLM
7121,11,23,1,1,0,0.377749,0.951396,logprobs,DekaLLM
7122,11,25,1,1,0,0.377718,0.97621,logprobs,DekaLLM
7123,11,27,1,1,1,0.622617,0.977056,logprobs,DekaLLM
7124,11,29,1,1,1,0.500222,0.956119,logprobs,DekaLLM
7125,11,31,1,1,1,0.500168,0.976203,logprobs,DekaLLM
7126,11,33,1,1,1,0.622555,0.977809,logprobs,DekaLLM
7127,11,35,1,1,1,0.622637,0.963886,logprobs,DekaLLM
7128,11,37,1,1,1,0.622617,0.964558,logprobs,DekaLLM
7129,11,39,1,1,1,0.731164,0.979535,logprobs,DekaLLM
7130,11,41,1,1,1,0.622586,0.979223,logprobs,DekaLLM
7131,11,43,1,1,1,0.622617,0.971513,logprobs,DekaLLM
7132,11,45,0,0,1,0.622646,0.966705,logprobs,DekaLLM
7133,11,47,0,0,1,0.817693,0.970362,logprobs,DekaLLM
7134,11,49,1,1,1,0.817674,0.966736,logprobs,DekaLLM
7135,11,51,1,1,1,0.817666,0.979325,logprobs,DekaLLM
7136,11,53,0,0,1,0.622617,0.981228,logprobs,DekaLLM
7137,11,55,0,0,0,0.377667,0.983454,logprobs,DekaLLM
7138,11,57,0,0,1,0.500135,0.971666,logprobs,DekaLLM
7139,11,59,0,0,1,0.500033,0.978701,logprobs,DekaLLM
7140,11,61,0,0,0,0.377749,0.975419,logprobs,DekaLLM
7141,11,63,0,0,0,0.377667,0.981331,logprobs,DekaLLM
7142,11,65,0,0,0,0.377749,0.976001,logprobs,DekaLLM
7143,11,67,0,0,0,0.377702,0.975681,logprobs,DekaLLM
7144,11,69,0,0,0,0.269119,0.978267,logprobs,DekaLLM
7145,11,71,0,0,0,0.269023,0.9809,logprobs,DekaLLM
7146,11,73,0,0,1,0.622615,0.980705,logprobs,DekaLLM
7147,11,75,0,0,1,0.817654,0.972199,logprobs,DekaLLM
7148,11,77,1,1,1,0.924168,0.977905,logprobs,DekaLLM
7149,11,79,1,1,1,0.622604,0.978199,logprobs,DekaLLM
7150,11,81,0,0,1,0.622586,0.975608,logprobs,DekaLLM
7151,11,83,0,0,0,0.377667,0.981716,logprobs,DekaLLM
7152,11,85,0,0,0,0.269007,0.980295,logprobs,DekaLLM
7153,11,87,0,0,1,0.500222,0.96923,logprobs,DekaLLM
7154,11,89,0,0,0,0.269073,0.9814,logprobs,DekaLLM
7155,11,91,0,0,0,0.182478,0.982987,logprobs,DekaLLM
7156,11,93,0,0,0,0.182528,0.979402,logprobs,DekaLLM
7157,11,95,0,0,0,0.269076,0.97711,logprobs,DekaLLM
7158,11,97,0,0,0,0.377667,0.978664,logprobs,DekaLLM
7159,11,99,1,1,1,0.500166,0.980403,logprobs,DekaLLM
7160,11,101,0,0,1,0.731179,0.978429,logprobs,DekaLLM
7161,11,103,0,0,1,0.622586,0.97447,logprobs,DekaLLM
7162,11,105,1,1,1,0.622586,0.978213,logprobs,DekaLLM
7163,11,107,1,1,1,0.622586,0.978063,logprobs,DekaLLM
7164,11,109,0,0,1,0.622586,0.974361,logprobs,DekaLLM
7165,11,111,0,0,0,0.377749,0.974271,logprobs,DekaLLM
7166,11,113,0,0,0,0.269007,0.987033,logprobs,DekaLLM
7167,11,115,0,0,0,0.119182,0.984137,logprobs,DekaLLM
7168,11,117,0,0,0,0.182434,0.985755,logprobs,DekaLLM
7169,11,119,0,0,0,0.182377,0.9804,logprobs,DekaLLM
7170,11,121,0,0,0,0.377702,0.980837,logprobs,DekaLLM
7171,11,123,0,0,0,0.377667,0.98286,logprobs,DekaLLM
7172,11,125,1,1,1,0.500135,0.982877,logprobs,DekaLLM
7173,11,127,0,0,1,0.500135,0.978002,logprobs,DekaLLM
7174,11,129,0,0,0,0.26901,0.972085,logprobs,DekaLLM
7175,11,131,0,0,0,0.377702,0.976536,logprobs,DekaLLM
7176,11,133,0,0,0,0.377638,0.983661,logprobs,DekaLLM
7177,11,135,0,0,0,0.377749,0.97292,logprobs,DekaLLM
7178,11,137,0,0,0,0.377619,0.976556,logprobs,DekaLLM
7179,11,139,0,0,0,0.377702,0.974063,logprobs,DekaLLM
7180,11,141,0,0,0,0.269007,0.979043,logprobs,DekaLLM
7181,11,143,0,0,0,0.182395,0.976692,logprobs,DekaLLM
7182,11,145,0,0,0,0.182407,0.983759,logprobs,DekaLLM
7183,11,147,0,0,0,0.377572,0.980971,logprobs,DekaLLM
7184,11,149,0,0,1,0.500222,0.957504,logprobs,DekaLLM
7185,11,151,0,0,0,0.377623,0.978873,logprobs,DekaLLM
7186,11,153,0,0,0,0.182459,0.980794,logprobs,DekaLLM
7187,11,155,0,0,0,0.182395,0.976775,logprobs,DekaLLM
7188,11,157,0,0,0,0.182439,0.98001,logprobs,DekaLLM
7189,11,159,0,0,0,0.182395,0.978741,logprobs,DekaLLM
7190,11,161,0,0,0,0.07585,0.984767,logprobs,DekaLLM
7191,11,163,0,0,0,0.047417,0.972482,logprobs,DekaLLM
7192,11,165,0,0,0,0.075844,0.974695,logprobs,DekaLLM
7193,11,167,0,0,0,0.119182,0.977005,logprobs,DekaLLM
7194,11,169,0,0,0,0.047417,0.984678,logprobs,DekaLLM
7195,11,171,0,0,0,0.04742,0.985566,logprobs,DekaLLM
7196,11,173,0,0,0,0.047417,0.981312,logprobs,DekaLLM
7197,11,175,0,0,0,0.075844,0.981373,logprobs,DekaLLM
7198,11,177,0,0,0,0.075853,0.98762,logprobs,DekaLLM
7199,11,179,0,0,0,0.11919,0.977531,logprobs,DekaLLM
7200,9,-179,0,0,0,0.075844,0.984719,logprobs,DekaLLM
7201,9,-177,0,0,0,0.047417,0.98028,logprobs,DekaLLM
7202,9,-175,0,0,0,0.029304,0.980825,logprobs,DekaLLM
7203,9,-173,0,0,0,0.010985,0.98203,logprobs,DekaLLM
7204,9,-171,0,0,0,0.010985,0.98435,logprobs,DekaLLM
7205,9,-169,0,0,0,0.006692,0.987979,logprobs,DekaLLM
7206,9,-167,0,0,0,0.006692,0.986244,logprobs,DekaLLM
7207,9,-165,0,0,0,0.006692,0.990467,logprobs,DekaLLM
7208,9,-163,0,0,0,0.006692,0.991648,logprobs,DekaLLM
7209,9,-161,0,0,0,0.006692,0.99153,logprobs,DekaLLM
7210,9,-159,0,0,0,0.017983,0.98812,logprobs,DekaLLM
7211,9,-157,0,0,0,0.029309,0.985204,logprobs,DekaLLM
7212,9,-155,0,0,0,0.029307,0.985802,logprobs,DekaLLM
7213,9,-153,0,0,0,0.017983,0.982125,logprobs,DekaLLM
7214,9,-151,0,0,0,0.006692,0.98592,logprobs,DekaLLM
7215,9,-149,0,0,0,0.047417,0.983716,logprobs,DekaLLM
7216,9,-147,0,0,0,0.017983,0.989443,logprobs,DekaLLM
7217,9,-145,0,0,0,0.010984,0.986832,logprobs,DekaLLM
7218,9,-143,0,0,0,0.017984,0.982198,logprobs,DekaLLM
7219,9,-141,0,0,0,0.029307,0.986815,logprobs,DekaLLM
7220,9,-139,0,0,0,0.029309,0.982037,logprobs,DekaLLM
7221,9,-137,0,0,0,0.017983,0.984674,logprobs,DekaLLM
7222,9,-135,0,0,0,0.047413,0.982091,logprobs,DekaLLM
7223,9,-133,0,0,0,0.029309,0.986626,logprobs,DekaLLM
7224,9,-131,0,0,0,0.017983,0.986628,logprobs,DekaLLM
7225,9,-129,0,0,0,0.047417,0.98417,logprobs,DekaLLM
7226,9,-127,0,0,0,0.010985,0.986001,logprobs,DekaLLM
7227,9,-125,0,0,0,0.017983,0.986829,logprobs,DekaLLM
7228,9,-123,0,0,0,0.047413,0.979151,logprobs,DekaLLM
7229,9,-121,0,0,0,0.075839,0.980391,logprobs,DekaLLM
7230,9,-119,0,0,0,0.075844,0.972705,logprobs,DekaLLM
7231,9,-117,0,0,0,0.269009,0.987499,logprobs,DekaLLM
7232,9,-115,0,0,0,0.119227,0.983555,logprobs,DekaLLM
7233,9,-113,0,0,0,0.075835,0.976965,logprobs,DekaLLM
7234,9,-111,0,0,0,0.377671,0.981361,logprobs,DekaLLM
7235,9,-109,0,0,0,0.182427,0.982026,logprobs,DekaLLM
7236,9,-107,0,0,0,0.182395,0.974924,logprobs,DekaLLM
7237,9,-105,0,0,0,0.269076,0.98021,logprobs,DekaLLM
7238,9,-103,0,0,0,0.182395,0.982295,logprobs,DekaLLM
7239,9,-101,0,0,0,0.377671,0.968102,logprobs,DekaLLM
7240,9,-99,0,0,0,0.377698,0.981808,logprobs,DekaLLM
7241,9,-97,0,0,1,0.622586,0.983811,logprobs,DekaLLM
7242,9,-95,0,0,0,0.269119,0.979366,logprobs,DekaLLM
7243,9,-93,0,0,0,0.182377,0.980715,logprobs,DekaLLM
7244,9,-91,0,0,0,0.075835,0.98455,logprobs,DekaLLM
7245,9,-89,0,0,0,0.269049,0.986202,logprobs,DekaLLM
7246,9,-87,0,0,0,0.377667,0.980043,logprobs,DekaLLM
7247,9,-85,0,0,0,0.377698,0.976491,logprobs,DekaLLM
7248,9,-83,1,1,1,0.500135,0.980596,logprobs,DekaLLM
7249,9,-81,0,0,0,0.269033,0.980208,logprobs,DekaLLM
7250,9,-79,1,1,0,0.269076,0.981876,logprobs,DekaLLM
7251,9,-77,0,0,1,0.500168,0.976716,logprobs,DekaLLM
7252,9,-75,1,1,1,0.622586,0.98034,logprobs,DekaLLM
7253,9,-73,1,1,0,0.37765,0.982416,logprobs,DekaLLM
7254,9,-71,1,1,0,0.269076,0.97569,logprobs,DekaLLM
7255,9,-69,1,1,0,0.182495,0.983062,logprobs,DekaLLM
7256,9,-67,1,1,0,0.182509,0.9837,logprobs,DekaLLM
7257,9,-65,1,1,0,0.119169,0.982755,logprobs,DekaLLM
7258,9,-63,1,1,0,0.075835,0.980747,logprobs,DekaLLM
7259,9,-61,1,1,0,0.182509,0.984183,logprobs,DekaLLM
7260,9,-59,0,0,0,0.119227,0.981372,logprobs,DekaLLM
7261,9,-57,0,0,0,0.182445,0.979167,logprobs,DekaLLM
7262,9,-55,0,0,0,0.269076,0.975651,logprobs,DekaLLM
7263,9,-53,0,0,0,0.11924,0.976275,logprobs,DekaLLM
7264,9,-51,0,0,0,0.182427,0.981431,logprobs,DekaLLM
7265,9,-49,0,0,0,0.182377,0.973314,logprobs,DekaLLM
7266,9,-47,0,0,0,0.377698,0.980305,logprobs,DekaLLM
7267,9,-45,0,0,0,0.269023,0.988535,logprobs,DekaLLM
7268,9,-43,0,0,0,0.119177,0.982592,logprobs,DekaLLM
7269,9,-41,0,0,0,0.182427,0.983059,logprobs,DekaLLM
7270,9,-39,0,0,0,0.269033,0.985021,logprobs,DekaLLM
7271,9,-37,0,0,0,0.119248,0.980299,logprobs,DekaLLM
7272,9,-35,0,0,0,0.182459,0.980606,logprobs,DekaLLM
7273,9,-33,0,0,0,0.268943,0.98436,logprobs,DekaLLM
7274,9,-31,0,0,0,0.182445,0.978954,logprobs,DekaLLM
7275,9,-29,0,0,0,0.377619,0.982191,logprobs,DekaLLM
7276,9,-27,0,0,0,0.18254,0.985811,logprobs,DekaLLM
7277,9,-25,0,0,0,0.182427,0.984424,logprobs,DekaLLM
7278,9,-23,0,0,0,0.269023,0.984396,logprobs,DekaLLM
7279,9,-21,0,0,0,0.182445,0.983008,logprobs,DekaLLM
7280,9,-19,0,0,0,0.182377,0.9817,logprobs,DekaLLM
7281,9,-17,0,0,0,0.182377,0.982391,logprobs,DekaLLM
7282,9,-15,0,0,0,0.119169,0.974051,logprobs,DekaLLM
7283,9,-13,1,1,0,0.075844,0.983352,logprobs,DekaLLM
7284,9,-11,1,1,0,0.182478,0.97548,logprobs,DekaLLM
7285,9,-9,1,1,0,0.377702,0.981243,logprobs,DekaLLM
7286,9,-7,1,1,0,0.377702,0.972985,logprobs,DekaLLM
7287,9,-5,1,1,1,0.500135,0.977198,logprobs,DekaLLM
7288,9,-3,1,1,1,0.500222,0.969207,logprobs,DekaLLM
7289,9,-1,1,1,1,0.500222,0.971516,logprobs,DekaLLM
7290,9,1,1,1,1,0.622586,0.970393,logprobs,DekaLLM
7291,9,3,1,1,1,0.73119,0.960213,logprobs,DekaLLM
7292,9,5,1,1,1,0.73119,0.94913,logprobs,DekaLLM
7293,9,7,1,1,1,0.622586,0.96412,logprobs,DekaLLM
7294,9,9,1,1,1,0.731125,0.954587,logprobs,DekaLLM
7295,9,11,1,1,1,0.500222,0.953642,logprobs,DekaLLM
7296,9,13,1,1,1,0.500135,0.971772,logprobs,DekaLLM
7297,9,15,1,1,1,0.500222,0.960054,logprobs,DekaLLM
7298,9,17,1,1,0,0.269007,0.973932,logprobs,DekaLLM
7299,9,19,1,1,0,0.377749,0.973348,logprobs,DekaLLM
7300,9,21,1,1,1,0.500222,0.959027,logprobs,DekaLLM
7301,9,23,1,1,0,0.377718,0.977949,logprobs,DekaLLM
7302,9,25,1,1,1,0.500135,0.971036,logprobs,DekaLLM
7303,9,27,1,1,1,0.500168,0.977232,logprobs,DekaLLM
7304,9,29,1,1,0,0.37772,0.982717,logprobs,DekaLLM
7305,9,31,1,1,1,0.622586,0.980992,logprobs,DekaLLM
7306,9,33,1,1,1,0.500168,0.976793,logprobs,DekaLLM
7307,9,35,1,1,1,0.500222,0.970416,logprobs,DekaLLM
7308,9,37,1,1,1,0.73119,0.956792,logprobs,DekaLLM
7309,9,39,1,1,1,0.73119,0.976351,logprobs,DekaLLM
7310,9,41,1,1,1,0.73119,0.970533,logprobs,DekaLLM
7311,9,43,1,1,1,0.622617,0.97811,logprobs,DekaLLM
7312,9,45,1,1,1,0.500276,0.958843,logprobs,DekaLLM
7313,9,47,1,1,1,0.731215,0.971375,logprobs,DekaLLM
7314,9,49,1,1,1,0.622697,0.967822,logprobs,DekaLLM
7315,9,51,0,0,1,0.73119,0.968024,logprobs,DekaLLM
7316,9,53,0,0,1,0.500117,0.977712,logprobs,DekaLLM
7317,9,55,0,0,0,0.377698,0.983405,logprobs,DekaLLM
7318,9,57,0,0,0,0.37765,0.976641,logprobs,DekaLLM
7319,9,59,0,0,0,0.377619,0.978273,logprobs,DekaLLM
7320,9,61,0,0,0,0.37765,0.975016,logprobs,DekaLLM
7321,9,63,0,0,0,0.37765,0.979851,logprobs,DekaLLM
7322,9,65,0,0,0,0.377667,0.982367,logprobs,DekaLLM
7323,9,67,0,0,0,0.377702,0.976105,logprobs,DekaLLM
7324,9,69,0,0,0,0.377619,0.9812,logprobs,DekaLLM
7325,9,71,0,0,0,0.377619,0.977116,logprobs,DekaLLM
7326,9,73,0,0,0,0.269007,0.984018,logprobs,DekaLLM
7327,9,75,0,0,0,0.377667,0.977533,logprobs,DekaLLM
7328,9,77,1,1,1,0.731165,0.975705,logprobs,DekaLLM
7329,9,79,0,0,0,0.377718,0.982856,logprobs,DekaLLM
7330,9,81,0,0,0,0.269076,0.978402,logprobs,DekaLLM
7331,9,83,0,0,0,0.269076,0.978497,logprobs,DekaLLM
7332,9,85,0,0,0,0.269076,0.978266,logprobs,DekaLLM
7333,9,87,0,0,0,0.269076,0.971907,logprobs,DekaLLM
7334,9,89,0,0,0,0.377667,0.983546,logprobs,DekaLLM
7335,9,91,0,0,0,0.182377,0.979668,logprobs,DekaLLM
7336,9,93,0,0,0,0.182478,0.979824,logprobs,DekaLLM
7337,9,95,0,0,0,0.11924,0.9832,logprobs,DekaLLM
7338,9,97,0,0,0,0.269092,0.982378,logprobs,DekaLLM
7339,9,99,1,1,0,0.377619,0.984976,logprobs,DekaLLM
7340,9,101,0,0,1,0.622615,0.966984,logprobs,DekaLLM
7341,9,103,0,0,0,0.377667,0.98151,logprobs,DekaLLM
7342,9,105,1,1,1,0.500084,0.977272,logprobs,DekaLLM
7343,9,107,0,0,1,0.500135,0.972185,logprobs,DekaLLM
7344,9,109,0,0,0,0.377718,0.97816,logprobs,DekaLLM
7345,9,111,0,0,1,0.500222,0.969582,logprobs,DekaLLM
7346,9,113,0,0,0,0.075844,0.988595,logprobs,DekaLLM
7347,9,115,0,0,0,0.11919,0.985353,logprobs,DekaLLM
7348,9,117,0,0,0,0.119182,0.984725,logprobs,DekaLLM
7349,9,119,0,0,0,0.119169,0.980192,logprobs,DekaLLM
7350,9,121,0,0,0,0.26901,0.981567,logprobs,DekaLLM
7351,9,123,0,0,1,0.500138,0.979311,logprobs,DekaLLM
7352,9,125,0,0,1,0.500189,0.971852,logprobs,DekaLLM
7353,9,127,0,0,0,0.269076,0.980684,logprobs,DekaLLM
7354,9,129,0,0,0,0.269076,0.979468,logprobs,DekaLLM
7355,9,131,0,0,0,0.182614,0.967826,logprobs,DekaLLM
7356,9,133,0,0,0,0.182395,0.983745,logprobs,DekaLLM
7357,9,135,0,0,0,0.377749,0.970995,logprobs,DekaLLM
7358,9,137,0,0,0,0.269116,0.97754,logprobs,DekaLLM
7359,9,139,0,0,0,0.269076,0.983973,logprobs,DekaLLM
7360,9,141,0,0,0,0.26905,0.975719,logprobs,DekaLLM
7361,9,143,0,0,0,0.182395,0.983706,logprobs,DekaLLM
7362,9,145,0,0,0,0.182478,0.980341,logprobs,DekaLLM
7363,9,147,0,0,1,0.500135,0.973387,logprobs,DekaLLM
7364,9,149,0,0,0,0.377698,0.982381,logprobs,DekaLLM
7365,9,151,0,0,0,0.18254,0.979748,logprobs,DekaLLM
7366,9,153,0,0,0,0.182471,0.97986,logprobs,DekaLLM
7367,9,155,0,0,0,0.075835,0.981083,logprobs,DekaLLM
7368,9,157,0,0,0,0.119182,0.977445,logprobs,DekaLLM
7369,9,159,0,0,0,0.119182,0.978406,logprobs,DekaLLM
7370,9,161,0,0,0,0.075835,0.979689,logprobs,DekaLLM
7371,9,163,0,0,0,0.047411,0.979611,logprobs,DekaLLM
7372,9,165,0,0,0,0.075844,0.979309,logprobs,DekaLLM
7373,9,167,0,0,0,0.047417,0.981791,logprobs,DekaLLM
7374,9,169,0,0,0,0.029307,0.987656,logprobs,DekaLLM
7375,9,171,0,0,0,0.075844,0.975861,logprobs,DekaLLM
7376,9,173,0,0,0,0.047417,0.987172,logprobs,DekaLLM
7377,9,175,0,0,0,0.119182,0.980946,logprobs,DekaLLM
7378,9,177,0,0,0,0.075844,0.978485,logprobs,DekaLLM
7379,9,179,0,0,0,0.07585,0.987383,logprobs,DekaLLM
7380,7,-179,0,0,0,0.119182,0.983885,logprobs,DekaLLM
7381,7,-177,0,0,0,0.047417,0.988466,logprobs,DekaLLM
7382,7,-175,0,0,0,0.029307,0.986813,logprobs,DekaLLM
7383,7,-173,0,0,0,0.010986,0.986974,logprobs,DekaLLM
7384,7,-171,0,0,0,0.010985,0.985352,logprobs,DekaLLM
7385,7,-169,0,0,0,0.00407,0.991213,logprobs,DekaLLM
7386,7,-167,0,0,0,0.010985,0.983636,logprobs,DekaLLM
7387,7,-165,0,0,0,0.010986,0.990992,logprobs,DekaLLM
7388,7,-163,0,0,0,0.010985,0.988272,logprobs,DekaLLM
7389,7,-161,0,0,0,0.017983,0.985818,logprobs,DekaLLM
7390,7,-159,0,0,0,0.029307,0.983534,logprobs,DekaLLM
7391,7,-157,0,0,0,0.017983,0.988105,logprobs,DekaLLM
7392,7,-155,0,0,0,0.017983,0.990977,logprobs,DekaLLM
7393,7,-153,0,0,0,0.029307,0.982885,logprobs,DekaLLM
7394,7,-151,0,0,0,0.010984,0.98561,logprobs,DekaLLM
7395,7,-149,0,0,0,0.029307,0.988243,logprobs,DekaLLM
7396,7,-147,0,0,0,0.029307,0.988127,logprobs,DekaLLM
7397,7,-145,0,0,0,0.010985,0.990147,logprobs,DekaLLM
7398,7,-143,0,0,0,0.029307,0.988338,logprobs,DekaLLM
7399,7,-141,0,0,0,0.047417,0.986623,logprobs,DekaLLM
7400,7,-139,0,0,0,0.029307,0.981625,logprobs,DekaLLM
7401,7,-137,0,0,0,0.017983,0.990151,logprobs,DekaLLM
7402,7,-135,0,0,0,0.047413,0.98117,logprobs,DekaLLM
7403,7,-133,0,0,0,0.029307,0.990544,logprobs,DekaLLM
7404,7,-131,0,0,0,0.029305,0.983186,logprobs,DekaLLM
7405,7,-129,0,0,0,0.017983,0.987688,logprobs,DekaLLM
7406,7,-127,0,0,0,0.047411,0.980624,logprobs,DekaLLM
7407,7,-125,0,0,0,0.017984,0.988135,logprobs,DekaLLM
7408,7,-123,0,0,0,0.047417,0.98632,logprobs,DekaLLM
7409,7,-121,0,0,0,0.182427,0.981998,logprobs,DekaLLM
7410,7,-119,0,0,0,0.047417,0.986047,logprobs,DekaLLM
7411,7,-117,0,0,0,0.268959,0.988431,logprobs,DekaLLM
7412,7,-115,0,0,0,0.269076,0.974942,logprobs,DekaLLM
7413,7,-113,0,0,0,0.269076,0.976331,logprobs,DekaLLM
7414,7,-111,0,0,0,0.377654,0.977238,logprobs,DekaLLM
7415,7,-109,0,0,0,0.269076,0.974253,logprobs,DekaLLM
7416,7,-107,0,0,0,0.269076,0.983048,logprobs,DekaLLM
7417,7,-105,0,0,0,0.377638,0.986732,logprobs,DekaLLM
7418,7,-103,0,0,0,0.269036,0.981057,logprobs,DekaLLM
7419,7,-101,0,0,0,0.37765,0.982267,logprobs,DekaLLM
7420,7,-99,0,0,0,0.3778,0.973635,logprobs,DekaLLM
7421,7,-97,0,0,1,0.500222,0.97637,logprobs,DekaLLM
7422,7,-95,0,0,0,0.268986,0.988182,logprobs,DekaLLM
7423,7,-93,0,0,0,0.119169,0.978296,logprobs,DekaLLM
7424,7,-91,0,0,0,0.047411,0.983349,logprobs,DekaLLM
7425,7,-89,0,0,0,0.269076,0.983398,logprobs,DekaLLM
7426,7,-87,0,0,0,0.377572,0.979303,logprobs,DekaLLM
7427,7,-85,0,0,1,0.500135,0.979677,logprobs,DekaLLM
7428,7,-83,0,0,0,0.269076,0.979796,logprobs,DekaLLM
7429,7,-81,0,0,0,0.377667,0.984807,logprobs,DekaLLM
7430,7,-79,0,0,0,0.377667,0.984682,logprobs,DekaLLM
7431,7,-77,1,1,0,0.377753,0.977515,logprobs,DekaLLM
7432,7,-75,1,1,1,0.731123,0.972753,logprobs,DekaLLM
7433,7,-73,1,1,1,0.500168,0.974977,logprobs,DekaLLM
7434,7,-71,1,1,0,0.182427,0.987285,logprobs,DekaLLM
7435,7,-69,1,1,0,0.182377,0.982271,logprobs,DekaLLM
7436,7,-67,1,1,0,0.182439,0.987543,logprobs,DekaLLM
7437,7,-65,1,1,0,0.182459,0.982875,logprobs,DekaLLM
7438,7,-63,1,1,0,0.182445,0.982446,logprobs,DekaLLM
7439,7,-61,1,1,0,0.269007,0.985645,logprobs,DekaLLM
7440,7,-59,1,1,0,0.182459,0.981602,logprobs,DekaLLM
7441,7,-57,0,0,0,0.269009,0.983648,logprobs,DekaLLM
7442,7,-55,0,0,0,0.182457,0.983579,logprobs,DekaLLM
7443,7,-53,0,0,0,0.182445,0.981529,logprobs,DekaLLM
7444,7,-51,0,0,0,0.182445,0.981283,logprobs,DekaLLM
7445,7,-49,0,0,0,0.18254,0.984872,logprobs,DekaLLM
7446,7,-47,0,0,1,0.622573,0.98525,logprobs,DekaLLM
7447,7,-45,0,0,0,0.377619,0.985391,logprobs,DekaLLM
7448,7,-43,0,0,0,0.269116,0.981892,logprobs,DekaLLM
7449,7,-41,0,0,0,0.119217,0.988464,logprobs,DekaLLM
7450,7,-39,0,0,0,0.269119,0.983425,logprobs,DekaLLM
7451,7,-37,0,0,0,0.182457,0.983475,logprobs,DekaLLM
7452,7,-35,0,0,0,0.182478,0.984072,logprobs,DekaLLM
7453,7,-33,0,0,0,0.377667,0.979174,logprobs,DekaLLM
7454,7,-31,0,0,0,0.269076,0.978078,logprobs,DekaLLM
7455,7,-29,0,0,0,0.377667,0.983994,logprobs,DekaLLM
7456,7,-27,0,0,0,0.269076,0.975175,logprobs,DekaLLM
7457,7,-25,0,0,0,0.269076,0.981951,logprobs,DekaLLM
7458,7,-23,0,0,0,0.269076,0.980002,logprobs,DekaLLM
7459,7,-21,0,0,0,0.269076,0.982555,logprobs,DekaLLM
7460,7,-19,0,0,0,0.269076,0.981038,logprobs,DekaLLM
7461,7,-17,0,0,0,0.18254,0.985434,logprobs,DekaLLM
7462,7,-15,0,0,0,0.119169,0.978634,logprobs,DekaLLM
7463,7,-13,0,0,0,0.182459,0.977505,logprobs,DekaLLM
7464,7,-11,1,1,0,0.182439,0.982518,logprobs,DekaLLM
7465,7,-9,1,1,0,0.377667,0.984198,logprobs,DekaLLM
7466,7,-7,1,1,0,0.377671,0.985444,logprobs,DekaLLM
7467,7,-5,1,1,1,0.622637,0.972883,logprobs,DekaLLM
7468,7,-3,1,1,0,0.377749,0.97243,logprobs,DekaLLM
7469,7,-1,1,1,1,0.500135,0.985882,logprobs,DekaLLM
7470,7,1,1,1,1,0.622617,0.964039,logprobs,DekaLLM
7471,7,3,1,1,1,0.73119,0.956755,logprobs,DekaLLM
7472,7,5,1,1,1,0.622617,0.965318,logprobs,DekaLLM
7473,7,7,1,1,1,0.622668,0.958576,logprobs,DekaLLM
7474,7,9,1,1,1,0.500135,0.972451,logprobs,DekaLLM
7475,7,11,1,1,1,0.500222,0.959795,logprobs,DekaLLM
7476,7,13,1,1,1,0.500168,0.971939,logprobs,DekaLLM
7477,7,15,1,1,0,0.377749,0.965064,logprobs,DekaLLM
7478,7,17,1,1,0,0.377749,0.968333,logprobs,DekaLLM
7479,7,19,1,1,1,0.500082,0.98165,logprobs,DekaLLM
7480,7,21,1,1,1,0.500189,0.970875,logprobs,DekaLLM
7481,7,23,1,1,1,0.500135,0.970076,logprobs,DekaLLM
7482,7,25,1,1,0,0.377667,0.983607,logprobs,DekaLLM
7483,7,27,1,1,1,0.500135,0.980562,logprobs,DekaLLM
7484,7,29,1,1,1,0.500135,0.981903,logprobs,DekaLLM
7485,7,31,1,1,1,0.500222,0.976934,logprobs,DekaLLM
7486,7,33,1,1,0,0.377749,0.973255,logprobs,DekaLLM
7487,7,35,1,1,1,0.500222,0.970513,logprobs,DekaLLM
7488,7,37,1,1,1,0.73119,0.974045,logprobs,DekaLLM
7489,7,39,1,1,1,0.622617,0.96986,logprobs,DekaLLM
7490,7,41,1,1,1,0.622617,0.96085,logprobs,DekaLLM
7491,7,43,1,1,1,0.500168,0.971999,logprobs,DekaLLM
7492,7,45,1,1,0,0.377749,0.972293,logprobs,DekaLLM
7493,7,47,1,1,1,0.73119,0.96978,logprobs,DekaLLM
7494,7,49,1,1,1,0.622668,0.960949,logprobs,DekaLLM
7495,7,51,0,0,1,0.73119,0.974145,logprobs,DekaLLM
7496,7,53,0,0,1,0.500135,0.978376,logprobs,DekaLLM
7497,7,55,0,0,0,0.377718,0.978689,logprobs,DekaLLM
7498,7,57,0,0,0,0.26901,0.97198,logprobs,DekaLLM
7499,7,59,0,0,0,0.377619,0.977991,logprobs,DekaLLM
7500,7,61,0,0,0,0.377619,0.982767,logprobs,DekaLLM
7501,7,63,0,0,1,0.500168,0.975157,logprobs,DekaLLM
7502,7,65,0,0,0,0.269007,0.982026,logprobs,DekaLLM
7503,7,67,0,0,0,0.377623,0.967043,logprobs,DekaLLM
7504,7,69,0,0,0,0.377572,0.975023,logprobs,DekaLLM
7505,7,71,0,0,0,0.377619,0.982984,logprobs,DekaLLM
7506,7,73,0,0,0,0.377667,0.983002,logprobs,DekaLLM
7507,7,75,0,0,1,0.500171,0.979278,logprobs,DekaLLM
7508,7,77,0,0,1,0.731165,0.957731,logprobs,DekaLLM
7509,7,79,0,0,1,0.622697,0.974318,logprobs,DekaLLM
7510,7,81,1,1,1,0.500135,0.976083,logprobs,DekaLLM
7511,7,83,0,0,0,0.26901,0.974157,logprobs,DekaLLM
7512,7,85,0,0,0,0.26901,0.979758,logprobs,DekaLLM
7513,7,87,0,0,0,0.182445,0.985438,logprobs,DekaLLM
7514,7,89,0,0,0,0.268967,0.980292,logprobs,DekaLLM
7515,7,91,0,0,0,0.182377,0.983689,logprobs,DekaLLM
7516,7,93,0,0,0,0.119248,0.979401,logprobs,DekaLLM
7517,7,95,0,0,0,0.377671,0.976749,logprobs,DekaLLM
7518,7,97,0,0,0,0.26901,0.981299,logprobs,DekaLLM
7519,7,99,0,0,0,0.37764,0.978584,logprobs,DekaLLM
7520,7,101,0,0,1,0.500084,0.978391,logprobs,DekaLLM
7521,7,103,0,0,0,0.269023,0.98493,logprobs,DekaLLM
7522,7,105,0,0,0,0.26901,0.979568,logprobs,DekaLLM
7523,7,107,0,0,1,0.500168,0.976563,logprobs,DekaLLM
7524,7,109,0,0,1,0.500084,0.978272,logprobs,DekaLLM
7525,7,111,0,0,1,0.500135,0.98553,logprobs,DekaLLM
7526,7,113,0,0,0,0.11924,0.984055,logprobs,DekaLLM
7527,7,115,0,0,0,0.268967,0.981021,logprobs,DekaLLM
7528,7,117,0,0,0,0.182407,0.986517,logprobs,DekaLLM
7529,7,119,0,0,0,0.11924,0.98532,logprobs,DekaLLM
7530,7,121,0,0,1,0.500084,0.978165,logprobs,DekaLLM
7531,7,123,0,0,0,0.377702,0.97444,logprobs,DekaLLM
7532,7,125,1,1,1,0.622668,0.973474,logprobs,DekaLLM
7533,7,127,0,0,1,0.500135,0.98583,logprobs,DekaLLM
7534,7,129,0,0,0,0.377671,0.96721,logprobs,DekaLLM
7535,7,131,0,0,0,0.268967,0.972058,logprobs,DekaLLM
7536,7,133,0,0,0,0.268901,0.977107,logprobs,DekaLLM
7537,7,135,0,0,0,0.377619,0.98127,logprobs,DekaLLM
7538,7,137,0,0,0,0.268983,0.985968,logprobs,DekaLLM
7539,7,139,0,0,0,0.18254,0.989109,logprobs,DekaLLM
7540,7,141,0,0,0,0.377572,0.978596,logprobs,DekaLLM
7541,7,143,0,0,0,0.377671,0.971448,logprobs,DekaLLM
7542,7,145,0,0,0,0.377667,0.982729,logprobs,DekaLLM
7543,7,147,0,0,0,0.377669,0.983908,logprobs,DekaLLM
7544,7,149,0,0,0,0.377667,0.978462,logprobs,DekaLLM
7545,7,151,0,0,0,0.182528,0.979066,logprobs,DekaLLM
7546,7,153,0,0,0,0.182478,0.977193,logprobs,DekaLLM
7547,7,155,0,0,0,0.26905,0.977426,logprobs,DekaLLM
7548,7,157,0,0,0,0.182439,0.984665,logprobs,DekaLLM
7549,7,159,0,0,0,0.119182,0.976638,logprobs,DekaLLM
7550,7,161,0,0,0,0.047417,0.98682,logprobs,DekaLLM
7551,7,163,0,0,0,0.04742,0.98351,logprobs,DekaLLM
7552,7,165,0,0,0,0.075844,0.979017,logprobs,DekaLLM
7553,7,167,0,0,0,0.029307,0.98797,logprobs,DekaLLM
7554,7,169,0,0,0,0.047417,0.97994,logprobs,DekaLLM
7555,7,171,0,0,0,0.07585,0.982497,logprobs,DekaLLM
7556,7,173,0,0,0,0.075835,0.981365,logprobs,DekaLLM
7557,7,175,0,0,0,0.075844,0.975266,logprobs,DekaLLM
7558,7,177,0,0,0,0.075844,0.985533,logprobs,DekaLLM
7559,7,179,0,0,0,0.075844,0.982631,logprobs,DekaLLM
7560,5,-179,0,0,0,0.047411,0.985816,logprobs,DekaLLM
7561,5,-177,0,0,0,0.017984,0.988401,logprobs,DekaLLM
7562,5,-175,0,0,0,0.017983,0.989166,logprobs,DekaLLM
7563,5,-173,0,0,0,0.010985,0.983806,logprobs,DekaLLM
7564,5,-171,0,0,0,0.010985,0.985936,logprobs,DekaLLM
7565,5,-169,0,0,0,0.00407,0.988958,logprobs,DekaLLM
7566,5,-167,0,0,0,0.006692,0.991759,logprobs,DekaLLM
7567,5,-165,0,0,0,0.006692,0.988509,logprobs,DekaLLM
7568,5,-163,0,0,0,0.006692,0.992304,logprobs,DekaLLM
7569,5,-161,0,0,0,0.010984,0.987944,logprobs,DekaLLM
7570,5,-159,0,0,0,0.010985,0.988447,logprobs,DekaLLM
7571,5,-157,0,0,0,0.017983,0.985529,logprobs,DekaLLM
7572,5,-155,0,0,0,0.029307,0.988142,logprobs,DekaLLM
7573,5,-153,0,0,0,0.010985,0.988301,logprobs,DekaLLM
7574,5,-151,0,0,0,0.017981,0.97688,logprobs,DekaLLM
7575,5,-149,0,0,0,0.029307,0.988144,logprobs,DekaLLM
7576,5,-147,0,0,0,0.029307,0.986657,logprobs,DekaLLM
7577,5,-145,0,0,0,0.017983,0.981461,logprobs,DekaLLM
7578,5,-143,0,0,0,0.017983,0.981108,logprobs,DekaLLM
7579,5,-141,0,0,0,0.075839,0.980987,logprobs,DekaLLM
7580,5,-139,0,0,0,0.047417,0.977888,logprobs,DekaLLM
7581,5,-137,0,0,0,0.029307,0.982637,logprobs,DekaLLM
7582,5,-135,0,0,0,0.075839,0.982383,logprobs,DekaLLM
7583,5,-133,0,0,0,0.017983,0.986068,logprobs,DekaLLM
7584,5,-131,0,0,0,0.047413,0.981814,logprobs,DekaLLM
7585,5,-129,0,0,0,0.017983,0.981707,logprobs,DekaLLM
7586,5,-127,0,0,0,0.029307,0.980578,logprobs,DekaLLM
7587,5,-125,0,0,0,0.010986,0.989527,logprobs,DekaLLM
7588,5,-123,0,0,0,0.119169,0.981377,logprobs,DekaLLM
7589,5,-121,0,0,0,0.182478,0.971876,logprobs,DekaLLM
7590,5,-119,0,0,0,0.04742,0.97322,logprobs,DekaLLM
7591,5,-117,0,0,0,0.377619,0.985068,logprobs,DekaLLM
7592,5,-115,0,0,0,0.182528,0.983986,logprobs,DekaLLM
7593,5,-113,0,0,0,0.377671,0.966685,logprobs,DekaLLM
7594,5,-111,0,0,1,0.500084,0.97422,logprobs,DekaLLM
7595,5,-109,0,0,0,0.269033,0.978095,logprobs,DekaLLM
7596,5,-107,0,0,0,0.182395,0.974248,logprobs,DekaLLM
7597,5,-105,0,0,0,0.18254,0.982704,logprobs,DekaLLM
7598,5,-103,0,0,0,0.182528,0.985096,logprobs,DekaLLM
7599,5,-101,0,0,0,0.377623,0.967354,logprobs,DekaLLM
7600,5,-99,0,0,0,0.269023,0.986519,logprobs,DekaLLM
7601,5,-97,0,0,0,0.119174,0.985031,logprobs,DekaLLM
7602,5,-95,0,0,0,0.119169,0.981018,logprobs,DekaLLM
7603,5,-93,0,0,0,0.075835,0.979728,logprobs,DekaLLM
7604,5,-91,0,0,0,0.029307,0.986876,logprobs,DekaLLM
7605,5,-89,0,0,0,0.11919,0.986425,logprobs,DekaLLM
7606,5,-87,0,0,0,0.11919,0.983666,logprobs,DekaLLM
7607,5,-85,0,0,0,0.182478,0.98402,logprobs,DekaLLM
7608,5,-83,0,0,0,0.269076,0.977548,logprobs,DekaLLM
7609,5,-81,0,0,0,0.182457,0.983873,logprobs,DekaLLM
7610,5,-79,0,0,0,0.377619,0.977763,logprobs,DekaLLM
7611,5,-77,1,1,1,0.622586,0.9772,logprobs,DekaLLM
7612,5,-75,1,1,1,0.500222,0.972361,logprobs,DekaLLM
7613,5,-73,1,1,0,0.377671,0.975749,logprobs,DekaLLM
7614,5,-71,1,1,0,0.269033,0.979464,logprobs,DekaLLM
7615,5,-69,1,1,0,0.047417,0.984131,logprobs,DekaLLM
7616,5,-67,1,1,0,0.075839,0.980941,logprobs,DekaLLM
7617,5,-65,1,1,0,0.182395,0.984035,logprobs,DekaLLM
7618,5,-63,1,1,0,0.075844,0.980156,logprobs,DekaLLM
7619,5,-61,1,1,0,0.075839,0.980185,logprobs,DekaLLM
7620,5,-59,1,1,0,0.075835,0.979214,logprobs,DekaLLM
7621,5,-57,1,1,0,0.119182,0.984838,logprobs,DekaLLM
7622,5,-55,1,1,0,0.182457,0.984539,logprobs,DekaLLM
7623,5,-53,1,1,0,0.182445,0.982094,logprobs,DekaLLM
7624,5,-51,0,0,0,0.119169,0.969775,logprobs,DekaLLM
7625,5,-49,0,0,0,0.11924,0.981708,logprobs,DekaLLM
7626,5,-47,0,0,0,0.268967,0.979736,logprobs,DekaLLM
7627,5,-45,0,0,0,0.268967,0.980645,logprobs,DekaLLM
7628,5,-43,0,0,0,0.182445,0.982787,logprobs,DekaLLM
7629,5,-41,0,0,0,0.11924,0.985004,logprobs,DekaLLM
7630,5,-39,0,0,0,0.119169,0.979454,logprobs,DekaLLM
7631,5,-37,0,0,0,0.119174,0.981723,logprobs,DekaLLM
7632,5,-35,0,0,0,0.268967,0.974894,logprobs,DekaLLM
7633,5,-33,0,0,0,0.268967,0.979037,logprobs,DekaLLM
7634,5,-31,0,0,0,0.119169,0.979962,logprobs,DekaLLM
7635,5,-29,0,0,0,0.182457,0.986771,logprobs,DekaLLM
7636,5,-27,0,0,0,0.182457,0.980509,logprobs,DekaLLM
7637,5,-25,0,0,0,0.119248,0.986249,logprobs,DekaLLM
7638,5,-23,0,0,0,0.18249,0.983221,logprobs,DekaLLM
7639,5,-21,0,0,0,0.119182,0.971822,logprobs,DekaLLM
7640,5,-19,0,0,0,0.119182,0.974659,logprobs,DekaLLM
7641,5,-17,0,0,0,0.182457,0.984312,logprobs,DekaLLM
7642,5,-15,0,0,0,0.047417,0.979837,logprobs,DekaLLM
7643,5,-13,0,0,0,0.182478,0.97773,logprobs,DekaLLM
7644,5,-11,0,0,0,0.119182,0.985325,logprobs,DekaLLM
7645,5,-9,1,1,0,0.377749,0.971496,logprobs,DekaLLM
7646,5,-7,1,1,0,0.18249,0.972499,logprobs,DekaLLM
7647,5,-5,0,0,0,0.377619,0.980911,logprobs,DekaLLM
7648,5,-3,0,0,1,0.500084,0.962749,logprobs,DekaLLM
7649,5,-1,0,0,1,0.622586,0.976304,logprobs,DekaLLM
7650,5,1,0,0,1,0.731164,0.962844,logprobs,DekaLLM
7651,5,3,0,0,1,0.73119,0.938528,logprobs,DekaLLM
7652,5,5,0,0,1,0.622668,0.957266,logprobs,DekaLLM
7653,5,7,1,1,1,0.500138,0.951112,logprobs,DekaLLM
7654,5,9,1,1,0,0.377749,0.976308,logprobs,DekaLLM
7655,5,11,1,1,1,0.500135,0.962348,logprobs,DekaLLM
7656,5,13,1,1,1,0.500135,0.972522,logprobs,DekaLLM
7657,5,15,1,1,0,0.377671,0.950743,logprobs,DekaLLM
7658,5,17,1,1,0,0.377749,0.963622,logprobs,DekaLLM
7659,5,19,1,1,0,0.377749,0.962781,logprobs,DekaLLM
7660,5,21,1,1,0,0.377749,0.962632,logprobs,DekaLLM
7661,5,23,1,1,0,0.26905,0.970421,logprobs,DekaLLM
7662,5,25,1,1,0,0.377749,0.961061,logprobs,DekaLLM
7663,5,27,1,1,1,0.500135,0.97289,logprobs,DekaLLM
7664,5,29,1,1,0,0.377667,0.982418,logprobs,DekaLLM
7665,5,31,1,1,1,0.500135,0.980843,logprobs,DekaLLM
7666,5,33,1,1,1,0.500189,0.969358,logprobs,DekaLLM
7667,5,35,1,1,1,0.500189,0.970879,logprobs,DekaLLM
7668,5,37,1,1,1,0.622586,0.973674,logprobs,DekaLLM
7669,5,39,1,1,1,0.622617,0.967978,logprobs,DekaLLM
7670,5,41,1,1,1,0.500222,0.966739,logprobs,DekaLLM
7671,5,43,1,1,0,0.377749,0.974012,logprobs,DekaLLM
7672,5,45,1,1,0,0.377749,0.954917,logprobs,DekaLLM
7673,5,47,1,1,1,0.622586,0.977462,logprobs,DekaLLM
7674,5,49,0,0,1,0.622586,0.974062,logprobs,DekaLLM
7675,5,51,0,0,1,0.500168,0.977663,logprobs,DekaLLM
7676,5,53,0,0,0,0.377749,0.979986,logprobs,DekaLLM
7677,5,55,0,0,0,0.269116,0.978436,logprobs,DekaLLM
7678,5,57,0,0,0,0.269066,0.982813,logprobs,DekaLLM
7679,5,59,0,0,0,0.26901,0.98016,logprobs,DekaLLM
7680,5,61,0,0,0,0.269076,0.974886,logprobs,DekaLLM
7681,5,63,0,0,0,0.377619,0.982776,logprobs,DekaLLM
7682,5,65,0,0,0,0.269076,0.977635,logprobs,DekaLLM
7683,5,67,0,0,0,0.269007,0.97523,logprobs,DekaLLM
7684,5,69,0,0,0,0.269076,0.974129,logprobs,DekaLLM
7685,5,71,0,0,0,0.269076,0.979953,logprobs,DekaLLM
7686,5,73,0,0,0,0.26901,0.980055,logprobs,DekaLLM
7687,5,75,0,0,0,0.377667,0.979407,logprobs,DekaLLM
7688,5,77,0,0,1,0.622586,0.974784,logprobs,DekaLLM
7689,5,79,0,0,1,0.500135,0.98319,logprobs,DekaLLM
7690,5,81,0,0,1,0.500222,0.965314,logprobs,DekaLLM
7691,5,83,0,0,0,0.119182,0.978554,logprobs,DekaLLM
7692,5,85,0,0,0,0.182478,0.969879,logprobs,DekaLLM
7693,5,87,0,0,0,0.377671,0.97183,logprobs,DekaLLM
7694,5,89,0,0,0,0.377572,0.978929,logprobs,DekaLLM
7695,5,91,0,0,0,0.119182,0.978562,logprobs,DekaLLM
7696,5,93,0,0,0,0.182457,0.98572,logprobs,DekaLLM
7697,5,95,0,0,0,0.26901,0.979354,logprobs,DekaLLM
7698,5,97,1,1,0,0.269076,0.974107,logprobs,DekaLLM
7699,5,99,0,0,0,0.182457,0.982495,logprobs,DekaLLM
7700,5,101,1,1,1,0.731164,0.974211,logprobs,DekaLLM
7701,5,103,1,1,1,0.500084,0.981701,logprobs,DekaLLM
7702,5,105,0,0,0,0.269092,0.982563,logprobs,DekaLLM
7703,5,107,0,0,0,0.37765,0.97707,logprobs,DekaLLM
7704,5,109,0,0,0,0.269076,0.980601,logprobs,DekaLLM
7705,5,111,0,0,0,0.377619,0.975408,logprobs,DekaLLM
7706,5,113,0,0,0,0.119174,0.985423,logprobs,DekaLLM
7707,5,115,1,1,0,0.26901,0.980625,logprobs,DekaLLM
7708,5,117,1,1,0,0.377588,0.97485,logprobs,DekaLLM
7709,5,119,0,0,0,0.075844,0.986086,logprobs,DekaLLM
7710,5,121,0,0,0,0.269076,0.979726,logprobs,DekaLLM
7711,5,123,0,0,0,0.269076,0.979381,logprobs,DekaLLM
7712,5,125,0,0,0,0.377749,0.972625,logprobs,DekaLLM
7713,5,127,0,0,0,0.377671,0.981848,logprobs,DekaLLM
7714,5,129,0,0,0,0.269076,0.972558,logprobs,DekaLLM
7715,5,131,0,0,0,0.269076,0.970781,logprobs,DekaLLM
7716,5,133,0,0,0,0.268901,0.977797,logprobs,DekaLLM
7717,5,135,0,0,0,0.377619,0.973058,logprobs,DekaLLM
7718,5,137,0,0,0,0.269076,0.973026,logprobs,DekaLLM
7719,5,139,0,0,0,0.182459,0.982447,logprobs,DekaLLM
7720,5,141,0,0,0,0.18256,0.978328,logprobs,DekaLLM
7721,5,143,0,0,0,0.182457,0.981381,logprobs,DekaLLM
7722,5,145,0,0,0,0.26901,0.97953,logprobs,DekaLLM
7723,5,147,0,0,0,0.377619,0.982747,logprobs,DekaLLM
7724,5,149,0,0,0,0.377667,0.977501,logprobs,DekaLLM
7725,5,151,0,0,0,0.269007,0.981342,logprobs,DekaLLM
7726,5,153,0,0,0,0.11919,0.980647,logprobs,DekaLLM
7727,5,155,0,0,0,0.119169,0.981557,logprobs,DekaLLM
7728,5,157,0,0,0,0.119182,0.978707,logprobs,DekaLLM
7729,5,159,0,0,0,0.075844,0.974186,logprobs,DekaLLM
7730,5,161,0,0,0,0.047417,0.973762,logprobs,DekaLLM
7731,5,163,0,0,0,0.029309,0.981962,logprobs,DekaLLM
7732,5,165,0,0,0,0.029309,0.98853,logprobs,DekaLLM
7733,5,167,0,0,0,0.029307,0.986569,logprobs,DekaLLM
7734,5,169,0,0,0,0.047417,0.979953,logprobs,DekaLLM
7735,5,171,0,0,0,0.029307,0.983965,logprobs,DekaLLM
7736,5,173,0,0,0,0.017985,0.985774,logprobs,DekaLLM
7737,5,175,0,0,0,0.029309,0.980327,logprobs,DekaLLM
7738,5,177,0,0,0,0.04742,0.982107,logprobs,DekaLLM
7739,5,179,0,0,0,0.119182,0.978401,logprobs,DekaLLM
7740,3,-179,0,0,0,0.075839,0.986039,logprobs,DekaLLM
7741,3,-177,0,0,0,0.029309,0.990726,logprobs,DekaLLM
7742,3,-175,0,0,0,0.029309,0.991404,logprobs,DekaLLM
7743,3,-173,0,0,0,0.029309,0.984978,logprobs,DekaLLM
7744,3,-171,0,0,0,0.010986,0.989704,logprobs,DekaLLM
7745,3,-169,0,0,0,0.00407,0.989873,logprobs,DekaLLM
7746,3,-167,0,0,0,0.006692,0.983846,logprobs,DekaLLM
7747,3,-165,0,0,0,0.006692,0.984422,logprobs,DekaLLM
7748,3,-163,0,0,0,0.006692,0.991497,logprobs,DekaLLM
7749,3,-161,0,0,0,0.010985,0.983584,logprobs,DekaLLM
7750,3,-159,0,0,0,0.017983,0.987354,logprobs,DekaLLM
7751,3,-157,0,0,0,0.010986,0.991449,logprobs,DekaLLM
7752,3,-155,0,0,0,0.010985,0.98588,logprobs,DekaLLM
7753,3,-153,0,0,0,0.029307,0.985673,logprobs,DekaLLM
7754,3,-151,0,0,0,0.017983,0.98585,logprobs,DekaLLM
7755,3,-149,0,0,0,0.047413,0.983271,logprobs,DekaLLM
7756,3,-147,0,0,0,0.047417,0.973928,logprobs,DekaLLM
7757,3,-145,0,0,0,0.017983,0.98527,logprobs,DekaLLM
7758,3,-143,0,0,0,0.029309,0.977865,logprobs,DekaLLM
7759,3,-141,0,0,0,0.075844,0.977535,logprobs,DekaLLM
7760,3,-139,0,0,0,0.047413,0.982909,logprobs,DekaLLM
7761,3,-137,0,0,0,0.047417,0.987092,logprobs,DekaLLM
7762,3,-135,0,0,0,0.182457,0.981963,logprobs,DekaLLM
7763,3,-133,0,0,0,0.029307,0.979596,logprobs,DekaLLM
7764,3,-131,0,0,0,0.029309,0.988294,logprobs,DekaLLM
7765,3,-129,0,0,0,0.017984,0.988107,logprobs,DekaLLM
7766,3,-127,0,0,0,0.017983,0.984311,logprobs,DekaLLM
7767,3,-125,0,0,0,0.017983,0.984363,logprobs,DekaLLM
7768,3,-123,0,0,0,0.075839,0.986686,logprobs,DekaLLM
7769,3,-121,0,0,0,0.182507,0.980452,logprobs,DekaLLM
7770,3,-119,0,0,0,0.11924,0.984846,logprobs,DekaLLM
7771,3,-117,0,0,0,0.377619,0.984151,logprobs,DekaLLM
7772,3,-115,0,0,0,0.182377,0.976088,logprobs,DekaLLM
7773,3,-113,0,0,0,0.269076,0.977393,logprobs,DekaLLM
7774,3,-111,0,0,1,0.622586,0.980132,logprobs,DekaLLM
7775,3,-109,0,0,0,0.268967,0.981386,logprobs,DekaLLM
7776,3,-107,0,0,0,0.11924,0.980283,logprobs,DekaLLM
7777,3,-105,0,0,1,0.500166,0.982225,logprobs,DekaLLM
7778,3,-103,0,0,1,0.500084,0.979815,logprobs,DekaLLM
7779,3,-101,0,0,0,0.377749,0.974295,logprobs,DekaLLM
7780,3,-99,0,0,1,0.500138,0.982486,logprobs,DekaLLM
7781,3,-97,0,0,1,0.817666,0.98221,logprobs,DekaLLM
7782,3,-95,0,0,1,0.500199,0.975318,logprobs,DekaLLM
7783,3,-93,0,0,0,0.269076,0.981741,logprobs,DekaLLM
7784,3,-91,0,0,0,0.07585,0.976126,logprobs,DekaLLM
7785,3,-89,0,0,0,0.119182,0.985313,logprobs,DekaLLM
7786,3,-87,0,0,0,0.119169,0.98259,logprobs,DekaLLM
7787,3,-85,0,0,0,0.119217,0.987528,logprobs,DekaLLM
7788,3,-83,0,0,0,0.377848,0.976361,logprobs,DekaLLM
7789,3,-81,0,0,0,0.269076,0.98197,logprobs,DekaLLM
7790,3,-79,0,0,0,0.269076,0.982007,logprobs,DekaLLM
7791,3,-77,1,1,1,0.500168,0.971328,logprobs,DekaLLM
7792,3,-75,1,1,1,0.500168,0.979442,logprobs,DekaLLM
7793,3,-73,1,1,0,0.182377,0.981248,logprobs,DekaLLM
7794,3,-71,1,1,0,0.182395,0.98145,logprobs,DekaLLM
7795,3,-69,1,1,0,0.047417,0.979343,logprobs,DekaLLM
7796,3,-67,1,1,0,0.119227,0.980202,logprobs,DekaLLM
7797,3,-65,1,1,0,0.029309,0.980547,logprobs,DekaLLM
7798,3,-63,1,1,0,0.07585,0.984374,logprobs,DekaLLM
7799,3,-61,1,1,0,0.047417,0.988771,logprobs,DekaLLM
7800,3,-59,1,1,0,0.075844,0.982558,logprobs,DekaLLM
7801,3,-57,1,1,0,0.119182,0.975269,logprobs,DekaLLM
7802,3,-55,1,1,0,0.119182,0.983768,logprobs,DekaLLM
7803,3,-53,1,1,0,0.119182,0.982203,logprobs,DekaLLM
7804,3,-51,1,1,0,0.075844,0.980111,logprobs,DekaLLM
7805,3,-49,0,0,0,0.075844,0.979661,logprobs,DekaLLM
7806,3,-47,0,0,0,0.119174,0.980147,logprobs,DekaLLM
7807,3,-45,0,0,0,0.075844,0.982787,logprobs,DekaLLM
7808,3,-43,0,0,0,0.119182,0.981556,logprobs,DekaLLM
7809,3,-41,0,0,0,0.075844,0.981989,logprobs,DekaLLM
7810,3,-39,0,0,0,0.075839,0.981198,logprobs,DekaLLM
7811,3,-37,0,0,0,0.182445,0.984988,logprobs,DekaLLM
7812,3,-35,0,0,0,0.11919,0.986753,logprobs,DekaLLM
7813,3,-33,0,0,0,0.182457,0.983029,logprobs,DekaLLM
7814,3,-31,0,0,0,0.182457,0.982441,logprobs,DekaLLM
7815,3,-29,0,0,0,0.269076,0.975038,logprobs,DekaLLM
7816,3,-27,0,0,0,0.11924,0.980731,logprobs,DekaLLM
7817,3,-25,0,0,0,0.119248,0.985627,logprobs,DekaLLM
7818,3,-23,0,0,0,0.268983,0.983498,logprobs,DekaLLM
7819,3,-21,0,0,0,0.119182,0.980158,logprobs,DekaLLM
7820,3,-19,0,0,0,0.182471,0.977858,logprobs,DekaLLM
7821,3,-17,0,0,0,0.119227,0.980723,logprobs,DekaLLM
7822,3,-15,0,0,0,0.075844,0.973904,logprobs,DekaLLM
7823,3,-13,0,0,0,0.182395,0.976099,logprobs,DekaLLM
7824,3,-11,0,0,0,0.11919,0.981315,logprobs,DekaLLM
7825,3,-9,0,0,0,0.182507,0.981552,logprobs,DekaLLM
7826,3,-7,0,0,0,0.182478,0.976675,logprobs,DekaLLM
7827,3,-5,0,0,0,0.11919,0.97698,logprobs,DekaLLM
7828,3,-3,0,0,0,0.37762,0.971369,logprobs,DekaLLM
7829,3,-1,0,0,1,0.500084,0.963786,logprobs,DekaLLM
7830,3,1,0,0,1,0.73119,0.961475,logprobs,DekaLLM
7831,3,3,0,0,1,0.731125,0.956983,logprobs,DekaLLM
7832,3,5,0,0,1,0.500138,0.948448,logprobs,DekaLLM
7833,3,7,0,0,0,0.377671,0.962176,logprobs,DekaLLM
7834,3,9,0,0,0,0.377749,0.964079,logprobs,DekaLLM
7835,3,11,1,1,1,0.500115,0.975114,logprobs,DekaLLM
7836,3,13,1,1,1,0.500135,0.971473,logprobs,DekaLLM
7837,3,15,1,1,0,0.377671,0.965066,logprobs,DekaLLM
7838,3,17,1,1,0,0.269116,0.975054,logprobs,DekaLLM
7839,3,19,1,1,0,0.269076,0.973282,logprobs,DekaLLM
7840,3,21,1,1,0,0.377671,0.951241,logprobs,DekaLLM
7841,3,23,1,1,0,0.377619,0.976752,logprobs,DekaLLM
7842,3,25,1,1,0,0.377619,0.959872,logprobs,DekaLLM
7843,3,27,1,1,1,0.500135,0.971266,logprobs,DekaLLM
7844,3,29,1,1,0,0.377667,0.976474,logprobs,DekaLLM
7845,3,31,1,1,1,0.500135,0.971943,logprobs,DekaLLM
7846,3,33,1,1,0,0.377623,0.976187,logprobs,DekaLLM
7847,3,35,1,1,0,0.377671,0.961799,logprobs,DekaLLM
7848,3,37,1,1,1,0.500168,0.967754,logprobs,DekaLLM
7849,3,39,1,1,1,0.622586,0.977368,logprobs,DekaLLM
7850,3,41,1,1,1,0.622586,0.974252,logprobs,DekaLLM
7851,3,43,1,1,1,0.500168,0.967749,logprobs,DekaLLM
7852,3,45,1,1,0,0.377671,0.946505,logprobs,DekaLLM
7853,3,47,0,0,1,0.500222,0.954119,logprobs,DekaLLM
7854,3,49,0,0,1,0.500168,0.977726,logprobs,DekaLLM
7855,3,51,0,0,1,0.622646,0.974083,logprobs,DekaLLM
7856,3,53,0,0,0,0.269033,0.977925,logprobs,DekaLLM
7857,3,55,0,0,0,0.377667,0.981293,logprobs,DekaLLM
7858,3,57,0,0,0,0.269076,0.972698,logprobs,DekaLLM
7859,3,59,0,0,0,0.269023,0.98268,logprobs,DekaLLM
7860,3,61,0,0,0,0.377619,0.976985,logprobs,DekaLLM
7861,3,63,0,0,0,0.26901,0.979161,logprobs,DekaLLM
7862,3,65,0,0,0,0.268983,0.982707,logprobs,DekaLLM
7863,3,67,0,0,0,0.26901,0.973456,logprobs,DekaLLM
7864,3,69,0,0,0,0.268986,0.980766,logprobs,DekaLLM
7865,3,71,0,0,0,0.377667,0.982711,logprobs,DekaLLM
7866,3,73,0,0,0,0.182459,0.983397,logprobs,DekaLLM
7867,3,75,0,0,0,0.269076,0.972345,logprobs,DekaLLM
7868,3,77,0,0,1,0.731164,0.974496,logprobs,DekaLLM
7869,3,79,0,0,1,0.500135,0.975703,logprobs,DekaLLM
7870,3,81,0,0,1,0.500084,0.978961,logprobs,DekaLLM
7871,3,83,0,0,0,0.377619,0.97548,logprobs,DekaLLM
7872,3,85,0,0,0,0.182478,0.97763,logprobs,DekaLLM
7873,3,87,0,0,0,0.268983,0.979928,logprobs,DekaLLM
7874,3,89,0,0,0,0.119182,0.984366,logprobs,DekaLLM
7875,3,91,0,0,0,0.268967,0.971409,logprobs,DekaLLM
7876,3,93,0,0,0,0.182478,0.979323,logprobs,DekaLLM
7877,3,95,0,0,0,0.182445,0.984157,logprobs,DekaLLM
7878,3,97,0,0,0,0.377623,0.966738,logprobs,DekaLLM
7879,3,99,1,1,1,0.622697,0.965401,logprobs,DekaLLM
7880,3,101,0,0,1,0.817635,0.972505,logprobs,DekaLLM
7881,3,103,1,1,1,0.622646,0.982721,logprobs,DekaLLM
7882,3,105,0,0,1,0.500189,0.975679,logprobs,DekaLLM
7883,3,107,0,0,0,0.268943,0.975985,logprobs,DekaLLM
7884,3,109,0,0,0,0.268967,0.982733,logprobs,DekaLLM
7885,3,111,0,0,0,0.377671,0.976026,logprobs,DekaLLM
7886,3,113,1,1,0,0.119182,0.983961,logprobs,DekaLLM
7887,3,115,1,1,0,0.26905,0.982845,logprobs,DekaLLM
7888,3,117,1,1,0,0.377702,0.981087,logprobs,DekaLLM
7889,3,119,0,0,0,0.119182,0.981076,logprobs,DekaLLM
7890,3,121,0,0,0,0.377671,0.975972,logprobs,DekaLLM
7891,3,123,0,0,0,0.269076,0.973308,logprobs,DekaLLM
7892,3,125,0,0,0,0.18249,0.985194,logprobs,DekaLLM
7893,3,127,0,0,0,0.269076,0.974321,logprobs,DekaLLM
7894,3,129,0,0,0,0.26905,0.974988,logprobs,DekaLLM
7895,3,131,0,0,0,0.182528,0.973263,logprobs,DekaLLM
7896,3,133,0,0,0,0.269076,0.979729,logprobs,DekaLLM
7897,3,135,0,0,1,0.500051,0.967415,logprobs,DekaLLM
7898,3,137,0,0,0,0.269073,0.980916,logprobs,DekaLLM
7899,3,139,0,0,0,0.268967,0.984224,logprobs,DekaLLM
7900,3,141,0,0,0,0.377619,0.981768,logprobs,DekaLLM
7901,3,143,0,0,0,0.269026,0.980698,logprobs,DekaLLM
7902,3,145,0,0,0,0.377749,0.972132,logprobs,DekaLLM
7903,3,147,0,0,0,0.377702,0.97505,logprobs,DekaLLM
7904,3,149,0,0,1,0.500168,0.978735,logprobs,DekaLLM
7905,3,151,0,0,0,0.269076,0.974906,logprobs,DekaLLM
7906,3,153,0,0,0,0.26901,0.973793,logprobs,DekaLLM
7907,3,155,0,0,0,0.119248,0.981195,logprobs,DekaLLM
7908,3,157,0,0,0,0.182459,0.971648,logprobs,DekaLLM
7909,3,159,0,0,0,0.182458,0.968751,logprobs,DekaLLM
7910,3,161,0,0,0,0.119182,0.976959,logprobs,DekaLLM
7911,3,163,0,0,0,0.119174,0.9798,logprobs,DekaLLM
7912,3,165,0,0,0,0.11919,0.977661,logprobs,DekaLLM
7913,3,167,0,0,0,0.029306,0.975613,logprobs,DekaLLM
7914,3,169,0,0,0,0.047417,0.98047,logprobs,DekaLLM
7915,3,171,0,0,0,0.047417,0.978006,logprobs,DekaLLM
7916,3,173,0,0,0,0.04742,0.988447,logprobs,DekaLLM
7917,3,175,0,0,0,0.047417,0.977271,logprobs,DekaLLM
7918,3,177,0,0,0,0.075839,0.980351,logprobs,DekaLLM
7919,3,179,0,0,0,0.075844,0.984537,logprobs,DekaLLM
7920,1,-179,0,0,0,0.182445,0.98713,logprobs,DekaLLM
7921,1,-177,0,0,0,0.07585,0.987687,logprobs,DekaLLM
7922,1,-175,0,0,0,0.029309,0.985152,logprobs,DekaLLM
7923,1,-173,0,0,0,0.029307,0.98306,logprobs,DekaLLM
7924,1,-171,0,0,0,0.017983,0.983471,logprobs,DekaLLM
7925,1,-169,0,0,0,0.017984,0.979631,logprobs,DekaLLM
7926,1,-167,0,0,0,0.006692,0.988388,logprobs,DekaLLM
7927,1,-165,0,0,0,0.017983,0.98525,logprobs,DekaLLM
7928,1,-163,0,0,0,0.010985,0.981273,logprobs,DekaLLM
7929,1,-161,0,0,0,0.017983,0.98662,logprobs,DekaLLM
7930,1,-159,0,0,0,0.017984,0.985344,logprobs,DekaLLM
7931,1,-157,0,0,0,0.017983,0.985486,logprobs,DekaLLM
7932,1,-155,0,0,0,0.029303,0.982569,logprobs,DekaLLM
7933,1,-153,0,0,0,0.029307,0.983058,logprobs,DekaLLM
7934,1,-151,0,0,0,0.010986,0.988692,logprobs,DekaLLM
7935,1,-149,0,0,0,0.029307,0.985082,logprobs,DekaLLM
7936,1,-147,0,0,0,0.075835,0.976952,logprobs,DekaLLM
7937,1,-145,0,0,0,0.017984,0.98854,logprobs,DekaLLM
7938,1,-143,0,0,0,0.017984,0.982389,logprobs,DekaLLM
7939,1,-141,0,0,0,0.075844,0.978718,logprobs,DekaLLM
7940,1,-139,0,0,0,0.075899,0.978172,logprobs,DekaLLM
7941,1,-137,0,0,0,0.075844,0.986086,logprobs,DekaLLM
7942,1,-135,0,0,0,0.119182,0.981864,logprobs,DekaLLM
7943,1,-133,0,0,0,0.047417,0.983285,logprobs,DekaLLM
7944,1,-131,0,0,0,0.029309,0.986096,logprobs,DekaLLM
7945,1,-129,0,0,0,0.029307,0.980822,logprobs,DekaLLM
7946,1,-127,0,0,0,0.017983,0.980696,logprobs,DekaLLM
7947,1,-125,0,0,0,0.029307,0.980965,logprobs,DekaLLM
7948,1,-123,0,0,0,0.075839,0.983645,logprobs,DekaLLM
7949,1,-121,0,0,0,0.269076,0.969056,logprobs,DekaLLM
7950,1,-119,0,0,0,0.269119,0.98182,logprobs,DekaLLM
7951,1,-117,0,0,1,0.500199,0.983163,logprobs,DekaLLM
7952,1,-115,0,0,0,0.182528,0.983033,logprobs,DekaLLM
7953,1,-113,0,0,0,0.377753,0.974886,logprobs,DekaLLM
7954,1,-111,0,0,1,0.500273,0.96337,logprobs,DekaLLM
7955,1,-109,0,0,0,0.269116,0.982061,logprobs,DekaLLM
7956,1,-107,0,0,0,0.377702,0.976959,logprobs,DekaLLM
7957,1,-105,0,0,1,0.500199,0.980545,logprobs,DekaLLM
7958,1,-103,0,0,1,0.500168,0.978391,logprobs,DekaLLM
7959,1,-101,0,0,0,0.26901,0.972691,logprobs,DekaLLM
7960,1,-99,0,0,0,0.26901,0.977334,logprobs,DekaLLM
7961,1,-97,0,0,1,0.731215,0.974376,logprobs,DekaLLM
7962,1,-95,0,0,0,0.26901,0.974043,logprobs,DekaLLM
7963,1,-93,0,0,0,0.182478,0.980986,logprobs,DekaLLM
7964,1,-91,0,0,0,0.075844,0.979012,logprobs,DekaLLM
7965,1,-89,0,0,0,0.269073,0.98104,logprobs,DekaLLM
7966,1,-87,0,0,0,0.182377,0.98136,logprobs,DekaLLM
7967,1,-85,0,0,0,0.119248,0.981552,logprobs,DekaLLM
7968,1,-83,0,0,0,0.269076,0.978945,logprobs,DekaLLM
7969,1,-81,0,0,0,0.26901,0.976136,logprobs,DekaLLM
7970,1,-79,1,1,0,0.377749,0.975692,logprobs,DekaLLM
7971,1,-77,1,1,1,0.500168,0.980857,logprobs,DekaLLM
7972,1,-75,1,1,0,0.18256,0.977953,logprobs,DekaLLM
7973,1,-73,1,1,0,0.119169,0.979897,logprobs,DekaLLM
7974,1,-71,1,1,0,0.047417,0.981243,logprobs,DekaLLM
7975,1,-69,1,1,0,0.07585,0.978794,logprobs,DekaLLM
7976,1,-67,1,1,0,0.119182,0.975813,logprobs,DekaLLM
7977,1,-65,1,1,0,0.119169,0.984555,logprobs,DekaLLM
7978,1,-63,1,1,0,0.047413,0.982856,logprobs,DekaLLM
7979,1,-61,1,1,0,0.119182,0.975135,logprobs,DekaLLM
7980,1,-59,1,1,0,0.075844,0.984189,logprobs,DekaLLM
7981,1,-57,1,1,0,0.119169,0.975217,logprobs,DekaLLM
7982,1,-55,1,1,0,0.075844,0.980098,logprobs,DekaLLM
7983,1,-53,1,1,0,0.119169,0.980555,logprobs,DekaLLM
7984,1,-51,1,1,0,0.075839,0.97496,logprobs,DekaLLM
7985,1,-49,0,0,0,0.119174,0.982518,logprobs,DekaLLM
7986,1,-47,0,0,0,0.075844,0.979739,logprobs,DekaLLM
7987,1,-45,0,0,0,0.075844,0.977881,logprobs,DekaLLM
7988,1,-43,0,0,0,0.047417,0.98297,logprobs,DekaLLM
7989,1,-41,0,0,0,0.047417,0.98177,logprobs,DekaLLM
7990,1,-39,0,0,0,0.047417,0.974965,logprobs,DekaLLM
7991,1,-37,0,0,0,0.075844,0.979468,logprobs,DekaLLM
7992,1,-35,0,0,0,0.11919,0.981808,logprobs,DekaLLM
7993,1,-33,0,0,0,0.268983,0.979541,logprobs,DekaLLM
7994,1,-31,0,0,0,0.119182,0.984805,logprobs,DekaLLM
7995,1,-29,0,0,0,0.269076,0.981067,logprobs,DekaLLM
7996,1,-27,0,0,0,0.075844,0.983965,logprobs,DekaLLM
7997,1,-25,0,0,0,0.268967,0.974785,logprobs,DekaLLM
7998,1,-23,0,0,0,0.377667,0.981114,logprobs,DekaLLM
7999,1,-21,0,0,0,0.119169,0.982087,logprobs,DekaLLM
8000,1,-19,0,0,0,0.119248,0.976776,logprobs,DekaLLM
8001,1,-17,0,0,0,0.182457,0.983576,logprobs,DekaLLM
8002,1,-15,0,0,0,0.119182,0.975002,logprobs,DekaLLM
8003,1,-13,0,0,0,0.182457,0.979192,logprobs,DekaLLM
8004,1,-11,0,0,0,0.268983,0.979739,logprobs,DekaLLM
8005,1,-9,0,0,0,0.182445,0.982754,logprobs,DekaLLM
8006,1,-7,0,0,0,0.268901,0.971822,logprobs,DekaLLM
8007,1,-5,0,0,0,0.18249,0.96939,logprobs,DekaLLM
8008,1,-3,0,0,0,0.269007,0.971888,logprobs,DekaLLM
8009,1,-1,0,0,1,0.500135,0.978476,logprobs,DekaLLM
8010,1,1,0,0,1,0.88084,0.967592,logprobs,DekaLLM
8011,1,3,0,0,0,0.377671,0.93753,logprobs,DekaLLM
8012,1,5,0,0,0,0.26905,0.960557,logprobs,DekaLLM
8013,1,7,0,0,0,0.26905,0.973051,logprobs,DekaLLM
8014,1,9,0,0,1,0.500084,0.955452,logprobs,DekaLLM
8015,1,11,1,1,0,0.377801,0.965393,logprobs,DekaLLM
8016,1,13,1,1,1,0.500168,0.959008,logprobs,DekaLLM
8017,1,15,1,1,1,0.500222,0.955883,logprobs,DekaLLM
8018,1,17,1,1,0,0.377671,0.951379,logprobs,DekaLLM
8019,1,19,1,1,0,0.269073,0.974467,logprobs,DekaLLM
8020,1,21,1,1,0,0.26905,0.964447,logprobs,DekaLLM
8021,1,23,1,1,0,0.268901,0.970501,logprobs,DekaLLM
8022,1,25,1,1,0,0.377749,0.973441,logprobs,DekaLLM
8023,1,27,1,1,0,0.377667,0.975543,logprobs,DekaLLM
8024,1,29,1,1,0,0.377698,0.969714,logprobs,DekaLLM
8025,1,31,1,1,1,0.500135,0.969968,logprobs,DekaLLM
8026,1,33,1,1,0,0.377749,0.965167,logprobs,DekaLLM
8027,1,35,1,1,0,0.377698,0.973114,logprobs,DekaLLM
8028,1,37,1,1,1,0.731153,0.974413,logprobs,DekaLLM
8029,1,39,1,1,0,0.377749,0.976408,logprobs,DekaLLM
8030,1,41,1,1,1,0.500168,0.967956,logprobs,DekaLLM
8031,1,43,1,1,0,0.377749,0.973383,logprobs,DekaLLM
8032,1,45,0,0,0,0.377749,0.96785,logprobs,DekaLLM
8033,1,47,0,0,1,0.500135,0.974009,logprobs,DekaLLM
8034,1,49,0,0,1,0.500222,0.968729,logprobs,DekaLLM
8035,1,51,0,0,1,0.731164,0.9721,logprobs,DekaLLM
8036,1,53,0,0,1,0.500168,0.976881,logprobs,DekaLLM
8037,1,55,0,0,0,0.269076,0.980469,logprobs,DekaLLM
8038,1,57,0,0,0,0.269116,0.974641,logprobs,DekaLLM
8039,1,59,0,0,0,0.269033,0.975679,logprobs,DekaLLM
8040,1,61,0,0,0,0.269076,0.975874,logprobs,DekaLLM
8041,1,63,0,0,0,0.269076,0.971739,logprobs,DekaLLM
8042,1,65,0,0,0,0.377572,0.969753,logprobs,DekaLLM
8043,1,67,0,0,0,0.26901,0.972449,logprobs,DekaLLM
8044,1,69,0,0,0,0.26901,0.970323,logprobs,DekaLLM
8045,1,71,0,0,0,0.182478,0.969877,logprobs,DekaLLM
8046,1,73,0,0,0,0.182395,0.978772,logprobs,DekaLLM
8047,1,75,0,0,0,0.377749,0.966234,logprobs,DekaLLM
8048,1,77,0,0,1,0.622617,0.967029,logprobs,DekaLLM
8049,1,79,0,0,1,0.500222,0.954677,logprobs,DekaLLM
8050,1,81,0,0,1,0.500135,0.971235,logprobs,DekaLLM
8051,1,83,0,0,0,0.269076,0.974841,logprobs,DekaLLM
8052,1,85,0,0,0,0.377667,0.982499,logprobs,DekaLLM
8053,1,87,0,0,0,0.26901,0.974729,logprobs,DekaLLM
8054,1,89,0,0,0,0.377749,0.977387,logprobs,DekaLLM
8055,1,91,0,0,0,0.182395,0.972765,logprobs,DekaLLM
8056,1,93,0,0,0,0.182457,0.981114,logprobs,DekaLLM
8057,1,95,0,0,1,0.500189,0.970207,logprobs,DekaLLM
8058,1,97,0,0,1,0.500135,0.97267,logprobs,DekaLLM
8059,1,99,1,1,0,0.37759,0.978849,logprobs,DekaLLM
8060,1,101,1,1,0,0.377797,0.974884,logprobs,DekaLLM
8061,1,103,1,1,1,0.622617,0.974553,logprobs,DekaLLM
8062,1,105,0,0,0,0.37765,0.981081,logprobs,DekaLLM
8063,1,107,0,0,0,0.377623,0.967966,logprobs,DekaLLM
8064,1,109,1,1,0,0.377572,0.966308,logprobs,DekaLLM
8065,1,111,1,1,0,0.377749,0.967542,logprobs,DekaLLM
8066,1,113,1,1,0,0.26901,0.973919,logprobs,DekaLLM
8067,1,115,1,1,0,0.377671,0.977295,logprobs,DekaLLM
8068,1,117,1,1,0,0.377749,0.9729,logprobs,DekaLLM
8069,1,119,0,0,0,0.182407,0.98276,logprobs,DekaLLM
8070,1,121,1,1,0,0.377698,0.981954,logprobs,DekaLLM
8071,1,123,0,0,0,0.377667,0.977529,logprobs,DekaLLM
8072,1,125,0,0,0,0.377671,0.977757,logprobs,DekaLLM
8073,1,127,0,0,0,0.26905,0.979428,logprobs,DekaLLM
8074,1,129,0,0,0,0.377671,0.97778,logprobs,DekaLLM
8075,1,131,0,0,0,0.37765,0.975385,logprobs,DekaLLM
8076,1,133,0,0,0,0.377698,0.974077,logprobs,DekaLLM
8077,1,135,0,0,0,0.377667,0.976476,logprobs,DekaLLM
8078,1,137,0,0,0,0.377702,0.968198,logprobs,DekaLLM
8079,1,139,0,0,1,0.500222,0.984034,logprobs,DekaLLM
8080,1,141,0,0,0,0.377749,0.975837,logprobs,DekaLLM
8081,1,143,0,0,0,0.37765,0.974515,logprobs,DekaLLM
8082,1,145,0,0,0,0.377702,0.975765,logprobs,DekaLLM
8083,1,147,0,0,0,0.377718,0.977361,logprobs,DekaLLM
8084,1,149,0,0,0,0.377749,0.977646,logprobs,DekaLLM
8085,1,151,0,0,0,0.377749,0.975456,logprobs,DekaLLM
8086,1,153,0,0,0,0.18254,0.981748,logprobs,DekaLLM
8087,1,155,0,0,0,0.182377,0.981434,logprobs,DekaLLM
8088,1,157,0,0,0,0.182395,0.966691,logprobs,DekaLLM
8089,1,159,0,0,0,0.182395,0.96649,logprobs,DekaLLM
8090,1,161,0,0,0,0.182407,0.980007,logprobs,DekaLLM
8091,1,163,0,0,0,0.11919,0.97846,logprobs,DekaLLM
8092,1,165,0,0,0,0.11919,0.976973,logprobs,DekaLLM
8093,1,167,0,0,0,0.07585,0.9782,logprobs,DekaLLM
8094,1,169,0,0,0,0.075844,0.981176,logprobs,DekaLLM
8095,1,171,0,0,0,0.11919,0.978642,logprobs,DekaLLM
8096,1,173,0,0,0,0.119182,0.980202,logprobs,DekaLLM
8097,1,175,0,0,0,0.119182,0.974159,logprobs,DekaLLM
8098,1,177,0,0,0,0.07585,0.983822,logprobs,DekaLLM
8099,1,179,0,0,0,0.119182,0.981788,logprobs,DekaLLM
8100,-1,-179,0,0,0,0.075844,0.98435,logprobs,DekaLLM
8101,-1,-177,0,0,0,0.047413,0.983802,logprobs,DekaLLM
8102,-1,-175,0,0,0,0.029307,0.986699,logprobs,DekaLLM
8103,-1,-173,0,0,0,0.029307,0.988423,logprobs,DekaLLM
8104,-1,-171,0,0,0,0.010985,0.9852,logprobs,DekaLLM
8105,-1,-169,0,0,0,0.010985,0.984271,logprobs,DekaLLM
8106,-1,-167,0,0,0,0.010984,0.984096,logprobs,DekaLLM
8107,-1,-165,0,0,0,0.010985,0.990032,logprobs,DekaLLM
8108,-1,-163,0,0,0,0.029307,0.98561,logprobs,DekaLLM
8109,-1,-161,0,0,0,0.017981,0.98236,logprobs,DekaLLM
8110,-1,-159,0,0,0,0.010985,0.986976,logprobs,DekaLLM
8111,-1,-157,0,0,0,0.029305,0.981575,logprobs,DekaLLM
8112,-1,-155,0,0,0,0.029307,0.982632,logprobs,DekaLLM
8113,-1,-153,0,0,0,0.029307,0.987077,logprobs,DekaLLM
8114,-1,-151,0,0,0,0.029307,0.986343,logprobs,DekaLLM
8115,-1,-149,0,0,0,0.017983,0.986511,logprobs,DekaLLM
8116,-1,-147,0,0,0,0.075844,0.984178,logprobs,DekaLLM
8117,-1,-145,0,0,0,0.047417,0.989572,logprobs,DekaLLM
8118,-1,-143,0,0,0,0.047417,0.984027,logprobs,DekaLLM
8119,-1,-141,0,0,0,0.075844,0.985762,logprobs,DekaLLM
8120,-1,-139,0,0,0,0.029307,0.986519,logprobs,DekaLLM
8121,-1,-137,0,0,0,0.029307,0.984356,logprobs,DekaLLM
8122,-1,-135,0,0,0,0.075839,0.98393,logprobs,DekaLLM
8123,-1,-133,0,0,0,0.029307,0.983748,logprobs,DekaLLM
8124,-1,-131,0,0,0,0.047413,0.978748,logprobs,DekaLLM
8125,-1,-129,0,0,0,0.047413,0.981158,logprobs,DekaLLM
8126,-1,-127,0,0,0,0.047417,0.987587,logprobs,DekaLLM
8127,-1,-125,0,0,0,0.075844,0.984249,logprobs,DekaLLM
8128,-1,-123,0,0,0,0.075839,0.983627,logprobs,DekaLLM
8129,-1,-121,0,0,0,0.269076,0.97723,logprobs,DekaLLM
8130,-1,-119,0,0,0,0.269036,0.979216,logprobs,DekaLLM
8131,-1,-117,0,0,1,0.50012,0.982227,logprobs,DekaLLM
8132,-1,-115,0,0,0,0.269076,0.978761,logprobs,DekaLLM
8133,-1,-113,0,0,0,0.377671,0.975018,logprobs,DekaLLM
8134,-1,-111,0,0,1,0.500273,0.975134,logprobs,DekaLLM
8135,-1,-109,0,0,0,0.269076,0.978381,logprobs,DekaLLM
8136,-1,-107,0,0,0,0.269076,0.981116,logprobs,DekaLLM
8137,-1,-105,0,0,1,0.500273,0.971697,logprobs,DekaLLM
8138,-1,-103,0,0,0,0.377702,0.971825,logprobs,DekaLLM
8139,-1,-101,0,0,0,0.26901,0.982783,logprobs,DekaLLM
8140,-1,-99,0,0,0,0.182459,0.983516,logprobs,DekaLLM
8141,-1,-97,0,0,1,0.500135,0.982712,logprobs,DekaLLM
8142,-1,-95,0,0,0,0.268967,0.974482,logprobs,DekaLLM
8143,-1,-93,0,0,0,0.182478,0.979203,logprobs,DekaLLM
8144,-1,-91,0,0,0,0.07583,0.977271,logprobs,DekaLLM
8145,-1,-89,0,0,0,0.269049,0.983927,logprobs,DekaLLM
8146,-1,-87,0,0,0,0.182395,0.979506,logprobs,DekaLLM
8147,-1,-85,0,0,0,0.182377,0.983227,logprobs,DekaLLM
8148,-1,-83,0,0,0,0.269076,0.976527,logprobs,DekaLLM
8149,-1,-81,0,0,0,0.377749,0.977969,logprobs,DekaLLM
8150,-1,-79,1,1,1,0.500276,0.975905,logprobs,DekaLLM
8151,-1,-77,1,1,1,0.622719,0.977514,logprobs,DekaLLM
8152,-1,-75,1,1,0,0.182478,0.976901,logprobs,DekaLLM
8153,-1,-73,1,1,0,0.119169,0.97598,logprobs,DekaLLM
8154,-1,-71,1,1,0,0.119227,0.985097,logprobs,DekaLLM
8155,-1,-69,1,1,0,0.182395,0.972884,logprobs,DekaLLM
8156,-1,-67,1,1,0,0.075835,0.97467,logprobs,DekaLLM
8157,-1,-65,1,1,0,0.119155,0.975778,logprobs,DekaLLM
8158,-1,-63,1,1,0,0.119169,0.972153,logprobs,DekaLLM
8159,-1,-61,1,1,0,0.182377,0.983477,logprobs,DekaLLM
8160,-1,-59,1,1,0,0.119155,0.972454,logprobs,DekaLLM
8161,-1,-57,1,1,0,0.119182,0.98342,logprobs,DekaLLM
8162,-1,-55,1,1,0,0.182395,0.980916,logprobs,DekaLLM
8163,-1,-53,1,1,0,0.119169,0.980401,logprobs,DekaLLM
8164,-1,-51,1,1,0,0.182478,0.977039,logprobs,DekaLLM
8165,-1,-49,1,1,0,0.182377,0.977456,logprobs,DekaLLM
8166,-1,-47,1,1,0,0.269116,0.979335,logprobs,DekaLLM
8167,-1,-45,0,0,0,0.119169,0.980708,logprobs,DekaLLM
8168,-1,-43,0,0,0,0.268967,0.981769,logprobs,DekaLLM
8169,-1,-41,0,0,0,0.182377,0.98151,logprobs,DekaLLM
8170,-1,-39,0,0,0,0.182389,0.983495,logprobs,DekaLLM
8171,-1,-37,0,0,0,0.182457,0.981942,logprobs,DekaLLM
8172,-1,-35,0,0,0,0.182395,0.971671,logprobs,DekaLLM
8173,-1,-33,0,0,0,0.182376,0.972296,logprobs,DekaLLM
8174,-1,-31,0,0,0,0.268967,0.977928,logprobs,DekaLLM
8175,-1,-29,0,0,0,0.182478,0.981006,logprobs,DekaLLM
8176,-1,-27,0,0,0,0.182478,0.972882,logprobs,DekaLLM
8177,-1,-25,0,0,0,0.182377,0.981121,logprobs,DekaLLM
8178,-1,-23,0,0,0,0.119248,0.983413,logprobs,DekaLLM
8179,-1,-21,0,0,0,0.075835,0.97992,logprobs,DekaLLM
8180,-1,-19,0,0,0,0.075844,0.98407,logprobs,DekaLLM
8181,-1,-17,0,0,0,0.047411,0.976124,logprobs,DekaLLM
8182,-1,-15,0,0,0,0.119169,0.976632,logprobs,DekaLLM
8183,-1,-13,0,0,0,0.182377,0.975788,logprobs,DekaLLM
8184,-1,-11,0,0,0,0.182459,0.978969,logprobs,DekaLLM
8185,-1,-9,0,0,0,0.268984,0.974499,logprobs,DekaLLM
8186,-1,-7,0,0,0,0.26897,0.975635,logprobs,DekaLLM
8187,-1,-5,0,0,0,0.18259,0.980329,logprobs,DekaLLM
8188,-1,-3,0,0,0,0.26901,0.972813,logprobs,DekaLLM
8189,-1,-1,0,0,1,0.500222,0.977123,logprobs,DekaLLM
8190,-1,1,0,0,0,0.377623,0.974988,logprobs,DekaLLM
8191,-1,3,0,0,0,0.26901,0.973441,logprobs,DekaLLM
8192,-1,5,0,0,0,0.269081,0.962655,logprobs,DekaLLM
8193,-1,7,0,0,0,0.26901,0.973128,logprobs,DekaLLM
8194,-1,9,1,1,0,0.269076,0.973388,logprobs,DekaLLM
8195,-1,11,1,1,0,0.269076,0.972354,logprobs,DekaLLM
8196,-1,13,1,1,0,0.269147,0.974196,logprobs,DekaLLM
8197,-1,15,1,1,0,0.377623,0.970247,logprobs,DekaLLM
8198,-1,17,1,1,0,0.377702,0.973923,logprobs,DekaLLM
8199,-1,19,1,1,0,0.377671,0.976495,logprobs,DekaLLM
8200,-1,21,1,1,1,0.500189,0.971223,logprobs,DekaLLM
8201,-1,23,1,1,0,0.26901,0.969673,logprobs,DekaLLM
8202,-1,25,1,1,0,0.377749,0.970785,logprobs,DekaLLM
8203,-1,27,1,1,1,0.500135,0.978686,logprobs,DekaLLM
8204,-1,29,1,1,1,0.500117,0.977673,logprobs,DekaLLM
8205,-1,31,1,1,1,0.622646,0.974969,logprobs,DekaLLM
8206,-1,33,1,0,1,0.500135,0.972304,logprobs,DekaLLM
8207,-1,35,1,1,1,0.622668,0.963268,logprobs,DekaLLM
8208,-1,37,1,1,1,0.817635,0.978707,logprobs,DekaLLM
8209,-1,39,1,1,1,0.622646,0.981082,logprobs,DekaLLM
8210,-1,41,1,1,1,0.731215,0.972048,logprobs,DekaLLM
8211,-1,43,0,0,1,0.622586,0.975315,logprobs,DekaLLM
8212,-1,45,0,0,1,0.622538,0.977095,logprobs,DekaLLM
8213,-1,47,0,0,0,0.377671,0.975943,logprobs,DekaLLM
8214,-1,49,0,0,0,0.269076,0.978016,logprobs,DekaLLM
8215,-1,51,0,0,1,0.73119,0.977769,logprobs,DekaLLM
8216,-1,53,0,0,1,0.731153,0.979419,logprobs,DekaLLM
8217,-1,55,0,0,0,0.377671,0.982851,logprobs,DekaLLM
8218,-1,57,0,0,0,0.269076,0.974183,logprobs,DekaLLM
8219,-1,59,0,0,0,0.268967,0.974368,logprobs,DekaLLM
8220,-1,61,0,0,0,0.377702,0.981723,logprobs,DekaLLM
8221,-1,63,0,0,0,0.26901,0.980108,logprobs,DekaLLM
8222,-1,65,0,0,0,0.377619,0.977068,logprobs,DekaLLM
8223,-1,67,0,0,0,0.377671,0.963066,logprobs,DekaLLM
8224,-1,69,0,0,0,0.269076,0.974968,logprobs,DekaLLM
8225,-1,71,0,0,0,0.269076,0.972619,logprobs,DekaLLM
8226,-1,73,0,0,0,0.26901,0.971124,logprobs,DekaLLM
8227,-1,75,0,0,0,0.377702,0.977541,logprobs,DekaLLM
8228,-1,77,0,0,1,0.50022,0.979051,logprobs,DekaLLM
8229,-1,79,0,0,0,0.377702,0.976292,logprobs,DekaLLM
8230,-1,81,0,0,0,0.377749,0.981374,logprobs,DekaLLM
8231,-1,83,0,0,0,0.26901,0.979263,logprobs,DekaLLM
8232,-1,85,0,0,0,0.37765,0.973856,logprobs,DekaLLM
8233,-1,87,0,0,0,0.269076,0.979647,logprobs,DekaLLM
8234,-1,89,0,0,0,0.377702,0.982683,logprobs,DekaLLM
8235,-1,91,0,0,0,0.182445,0.984605,logprobs,DekaLLM
8236,-1,93,0,0,0,0.11924,0.979991,logprobs,DekaLLM
8237,-1,95,0,0,0,0.269076,0.974778,logprobs,DekaLLM
8238,-1,97,0,0,0,0.26901,0.97916,logprobs,DekaLLM
8239,-1,99,0,0,0,0.377671,0.975445,logprobs,DekaLLM
8240,-1,101,1,1,1,0.500135,0.978805,logprobs,DekaLLM
8241,-1,103,1,1,0,0.11924,0.985477,logprobs,DekaLLM
8242,-1,105,0,0,0,0.377671,0.977849,logprobs,DekaLLM
8243,-1,107,0,0,0,0.269076,0.981347,logprobs,DekaLLM
8244,-1,109,0,0,0,0.377667,0.978394,logprobs,DekaLLM
8245,-1,111,1,1,0,0.377671,0.975443,logprobs,DekaLLM
8246,-1,113,1,1,0,0.182528,0.979753,logprobs,DekaLLM
8247,-1,115,1,1,0,0.182528,0.981307,logprobs,DekaLLM
8248,-1,117,1,1,0,0.269076,0.972651,logprobs,DekaLLM
8249,-1,119,0,0,0,0.18256,0.971507,logprobs,DekaLLM
8250,-1,121,0,0,0,0.377671,0.978783,logprobs,DekaLLM
8251,-1,123,0,0,0,0.182478,0.978723,logprobs,DekaLLM
8252,-1,125,0,0,0,0.269023,0.98311,logprobs,DekaLLM
8253,-1,127,0,0,0,0.182478,0.984939,logprobs,DekaLLM
8254,-1,129,0,0,0,0.26901,0.980704,logprobs,DekaLLM
8255,-1,131,1,1,0,0.269076,0.979631,logprobs,DekaLLM
8256,-1,133,1,1,0,0.269076,0.980346,logprobs,DekaLLM
8257,-1,135,0,0,0,0.26901,0.985554,logprobs,DekaLLM
8258,-1,137,0,0,0,0.182478,0.980942,logprobs,DekaLLM
8259,-1,139,0,0,0,0.269023,0.989908,logprobs,DekaLLM
8260,-1,141,0,0,0,0.269076,0.980552,logprobs,DekaLLM
8261,-1,143,0,0,0,0.11919,0.984306,logprobs,DekaLLM
8262,-1,145,0,0,0,0.182478,0.980476,logprobs,DekaLLM
8263,-1,147,0,0,0,0.269076,0.979476,logprobs,DekaLLM
8264,-1,149,0,0,0,0.182478,0.979636,logprobs,DekaLLM
8265,-1,151,0,0,0,0.182458,0.977438,logprobs,DekaLLM
8266,-1,153,0,0,0,0.119169,0.977534,logprobs,DekaLLM
8267,-1,155,0,0,0,0.075844,0.977006,logprobs,DekaLLM
8268,-1,157,0,0,0,0.119182,0.976451,logprobs,DekaLLM
8269,-1,159,0,0,0,0.047411,0.979455,logprobs,DekaLLM
8270,-1,161,0,0,0,0.029307,0.975776,logprobs,DekaLLM
8271,-1,163,0,0,0,0.047413,0.982403,logprobs,DekaLLM
8272,-1,165,0,0,0,0.029307,0.975727,logprobs,DekaLLM
8273,-1,167,0,0,0,0.047411,0.979458,logprobs,DekaLLM
8274,-1,169,0,0,0,0.029307,0.980212,logprobs,DekaLLM
8275,-1,171,0,0,0,0.047417,0.983325,logprobs,DekaLLM
8276,-1,173,0,0,0,0.047413,0.980544,logprobs,DekaLLM
8277,-1,175,0,0,0,0.047417,0.981598,logprobs,DekaLLM
8278,-1,177,0,0,0,0.047417,0.985825,logprobs,DekaLLM
8279,-1,179,0,0,0,0.182457,0.98111,logprobs,DekaLLM
8280,-3,-179,0,0,0,0.075839,0.982969,logprobs,DekaLLM
8281,-3,-177,0,0,0,0.029307,0.983128,logprobs,DekaLLM
8282,-3,-175,0,0,0,0.017983,0.98952,logprobs,DekaLLM
8283,-3,-173,0,0,0,0.010985,0.987445,logprobs,DekaLLM
8284,-3,-171,0,0,0,0.010985,0.988595,logprobs,DekaLLM
8285,-3,-169,0,0,0,0.006692,0.987583,logprobs,DekaLLM
8286,-3,-167,0,0,0,0.010985,0.981931,logprobs,DekaLLM
8287,-3,-165,0,0,0,0.006692,0.988734,logprobs,DekaLLM
8288,-3,-163,0,0,0,0.01798,0.981623,logprobs,DekaLLM
8289,-3,-161,0,0,0,0.006692,0.988546,logprobs,DekaLLM
8290,-3,-159,0,0,0,0.010985,0.985713,logprobs,DekaLLM
8291,-3,-157,0,0,0,0.017983,0.986044,logprobs,DekaLLM
8292,-3,-155,0,0,0,0.029307,0.985383,logprobs,DekaLLM
8293,-3,-153,0,0,0,0.029304,0.982738,logprobs,DekaLLM
8294,-3,-151,0,0,0,0.017983,0.983405,logprobs,DekaLLM
8295,-3,-149,0,0,0,0.047411,0.981209,logprobs,DekaLLM
8296,-3,-147,0,0,0,0.047417,0.984194,logprobs,DekaLLM
8297,-3,-145,0,0,0,0.075835,0.986421,logprobs,DekaLLM
8298,-3,-143,0,0,0,0.075844,0.982026,logprobs,DekaLLM
8299,-3,-141,0,0,0,0.075835,0.981444,logprobs,DekaLLM
8300,-3,-139,0,0,0,0.075899,0.980112,logprobs,DekaLLM
8301,-3,-137,0,0,0,0.029307,0.987593,logprobs,DekaLLM
8302,-3,-135,0,0,0,0.119182,0.98763,logprobs,DekaLLM
8303,-3,-133,0,0,0,0.075839,0.983809,logprobs,DekaLLM
8304,-3,-131,0,0,0,0.047411,0.976919,logprobs,DekaLLM
8305,-3,-129,0,0,0,0.119169,0.978459,logprobs,DekaLLM
8306,-3,-127,0,0,0,0.029303,0.983891,logprobs,DekaLLM
8307,-3,-125,0,0,0,0.075835,0.984791,logprobs,DekaLLM
8308,-3,-123,0,0,0,0.075835,0.980252,logprobs,DekaLLM
8309,-3,-121,0,0,0,0.182531,0.974391,logprobs,DekaLLM
8310,-3,-119,0,0,0,0.26901,0.981836,logprobs,DekaLLM
8311,-3,-117,0,0,0,0.377702,0.982702,logprobs,DekaLLM
8312,-3,-115,0,0,0,0.26901,0.979154,logprobs,DekaLLM
8313,-3,-113,0,0,0,0.269076,0.979354,logprobs,DekaLLM
8314,-3,-111,0,0,1,0.500138,0.985201,logprobs,DekaLLM
8315,-3,-109,0,0,0,0.269076,0.98443,logprobs,DekaLLM
8316,-3,-107,0,0,0,0.377702,0.976227,logprobs,DekaLLM
8317,-3,-105,0,0,1,0.500273,0.973776,logprobs,DekaLLM
8318,-3,-103,0,0,0,0.377753,0.976701,logprobs,DekaLLM
8319,-3,-101,0,0,1,0.500138,0.971126,logprobs,DekaLLM
8320,-3,-99,0,0,1,0.500135,0.976276,logprobs,DekaLLM
8321,-3,-97,0,0,1,0.622668,0.972583,logprobs,DekaLLM
8322,-3,-95,0,0,0,0.26901,0.974314,logprobs,DekaLLM
8323,-3,-93,0,0,0,0.11924,0.979444,logprobs,DekaLLM
8324,-3,-91,0,0,0,0.075835,0.986083,logprobs,DekaLLM
8325,-3,-89,0,0,0,0.269076,0.983544,logprobs,DekaLLM
8326,-3,-87,0,0,0,0.26901,0.979708,logprobs,DekaLLM
8327,-3,-85,0,0,0,0.182459,0.984599,logprobs,DekaLLM
8328,-3,-83,0,0,0,0.182478,0.977001,logprobs,DekaLLM
8329,-3,-81,0,0,0,0.377749,0.975686,logprobs,DekaLLM
8330,-3,-79,1,1,0,0.377749,0.98211,logprobs,DekaLLM
8331,-3,-77,1,1,1,0.500222,0.972206,logprobs,DekaLLM
8332,-3,-75,1,1,1,0.500276,0.963145,logprobs,DekaLLM
8333,-3,-73,1,1,0,0.37765,0.976839,logprobs,DekaLLM
8334,-3,-71,1,1,0,0.182478,0.980605,logprobs,DekaLLM
8335,-3,-69,1,1,0,0.182395,0.965677,logprobs,DekaLLM
8336,-3,-67,1,1,0,0.075826,0.967796,logprobs,DekaLLM
8337,-3,-65,1,1,0,0.119182,0.971079,logprobs,DekaLLM
8338,-3,-63,1,1,0,0.26901,0.973021,logprobs,DekaLLM
8339,-3,-61,1,1,0,0.182377,0.974799,logprobs,DekaLLM
8340,-3,-59,1,1,0,0.075835,0.974107,logprobs,DekaLLM
8341,-3,-57,1,1,0,0.119227,0.972428,logprobs,DekaLLM
8342,-3,-55,1,1,0,0.119169,0.97737,logprobs,DekaLLM
8343,-3,-53,1,1,0,0.182395,0.974766,logprobs,DekaLLM
8344,-3,-51,1,1,0,0.182478,0.976099,logprobs,DekaLLM
8345,-3,-49,1,1,0,0.268983,0.98399,logprobs,DekaLLM
8346,-3,-47,1,1,0,0.377702,0.979106,logprobs,DekaLLM
8347,-3,-45,1,1,0,0.269023,0.986452,logprobs,DekaLLM
8348,-3,-43,1,1,0,0.269093,0.977033,logprobs,DekaLLM
8349,-3,-41,1,1,0,0.268983,0.981274,logprobs,DekaLLM
8350,-3,-39,0,0,0,0.119227,0.985195,logprobs,DekaLLM
8351,-3,-37,0,0,0,0.182345,0.974851,logprobs,DekaLLM
8352,-3,-35,0,0,0,0.075835,0.975467,logprobs,DekaLLM
8353,-3,-33,0,0,0,0.182427,0.981373,logprobs,DekaLLM
8354,-3,-31,0,0,0,0.182528,0.983084,logprobs,DekaLLM
8355,-3,-29,0,0,0,0.26897,0.973756,logprobs,DekaLLM
8356,-3,-27,0,0,0,0.268944,0.974288,logprobs,DekaLLM
8357,-3,-25,0,0,0,0.182478,0.980402,logprobs,DekaLLM
8358,-3,-23,0,0,0,0.18254,0.983684,logprobs,DekaLLM
8359,-3,-21,0,0,0,0.182377,0.979035,logprobs,DekaLLM
8360,-3,-19,0,0,0,0.182395,0.976947,logprobs,DekaLLM
8361,-3,-17,0,0,0,0.119227,0.984195,logprobs,DekaLLM
8362,-3,-15,0,0,0,0.11924,0.982261,logprobs,DekaLLM
8363,-3,-13,0,0,0,0.182528,0.983569,logprobs,DekaLLM
8364,-3,-11,0,0,0,0.182478,0.974436,logprobs,DekaLLM
8365,-3,-9,0,0,0,0.182447,0.981197,logprobs,DekaLLM
8366,-3,-7,0,0,0,0.182459,0.977244,logprobs,DekaLLM
8367,-3,-5,0,0,0,0.182459,0.982129,logprobs,DekaLLM
8368,-3,-3,0,0,0,0.377749,0.978833,logprobs,DekaLLM
8369,-3,-1,0,0,0,0.377702,0.972934,logprobs,DekaLLM
8370,-3,1,0,0,0,0.377749,0.970978,logprobs,DekaLLM
8371,-3,3,0,0,0,0.377671,0.972276,logprobs,DekaLLM
8372,-3,5,0,0,0,0.377671,0.972868,logprobs,DekaLLM
8373,-3,7,0,0,0,0.182395,0.969302,logprobs,DekaLLM
8374,-3,9,0,0,0,0.377671,0.961053,logprobs,DekaLLM
8375,-3,11,1,1,0,0.269081,0.972388,logprobs,DekaLLM
8376,-3,13,1,1,0,0.269116,0.978834,logprobs,DekaLLM
8377,-3,15,1,1,1,0.500135,0.971054,logprobs,DekaLLM
8378,-3,17,1,1,0,0.377702,0.976707,logprobs,DekaLLM
8379,-3,19,1,1,0,0.377671,0.972592,logprobs,DekaLLM
8380,-3,21,1,1,1,0.500189,0.969583,logprobs,DekaLLM
8381,-3,23,1,1,0,0.269076,0.978784,logprobs,DekaLLM
8382,-3,25,1,1,0,0.377749,0.970035,logprobs,DekaLLM
8383,-3,27,1,1,1,0.500189,0.978474,logprobs,DekaLLM
8384,-3,29,1,1,1,0.500222,0.974467,logprobs,DekaLLM
8385,-3,31,1,1,1,0.500273,0.972819,logprobs,DekaLLM
8386,-3,33,1,1,1,0.622617,0.973563,logprobs,DekaLLM
8387,-3,35,1,1,1,0.622615,0.97856,logprobs,DekaLLM
8388,-3,37,1,1,1,0.622668,0.967502,logprobs,DekaLLM
8389,-3,39,1,1,1,0.622586,0.973309,logprobs,DekaLLM
8390,-3,41,0,0,1,0.622668,0.972964,logprobs,DekaLLM
8391,-3,43,0,0,1,0.500189,0.978122,logprobs,DekaLLM
8392,-3,45,0,0,1,0.622637,0.961069,logprobs,DekaLLM
8393,-3,47,0,0,0,0.377667,0.979696,logprobs,DekaLLM
8394,-3,49,0,0,1,0.500135,0.982049,logprobs,DekaLLM
8395,-3,51,0,0,1,0.731257,0.967739,logprobs,DekaLLM
8396,-3,53,0,0,1,0.622586,0.980096,logprobs,DekaLLM
8397,-3,55,0,0,0,0.377749,0.984108,logprobs,DekaLLM
8398,-3,57,0,0,1,0.500084,0.984586,logprobs,DekaLLM
8399,-3,59,0,0,0,0.269076,0.976258,logprobs,DekaLLM
8400,-3,61,0,0,0,0.269147,0.983748,logprobs,DekaLLM
8401,-3,63,0,0,0,0.377702,0.980721,logprobs,DekaLLM
8402,-3,65,0,0,0,0.377755,0.969175,logprobs,DekaLLM
8403,-3,67,0,0,0,0.269076,0.977416,logprobs,DekaLLM
8404,-3,69,0,0,0,0.269147,0.976448,logprobs,DekaLLM
8405,-3,71,0,0,0,0.377702,0.973259,logprobs,DekaLLM
8406,-3,73,0,0,0,0.377786,0.975527,logprobs,DekaLLM
8407,-3,75,0,0,0,0.377702,0.982872,logprobs,DekaLLM
8408,-3,77,0,0,1,0.622719,0.958397,logprobs,DekaLLM
8409,-3,79,0,0,0,0.269116,0.980645,logprobs,DekaLLM
8410,-3,81,0,0,1,0.500138,0.972484,logprobs,DekaLLM
8411,-3,83,0,0,0,0.377702,0.978571,logprobs,DekaLLM
8412,-3,85,0,0,0,0.26901,0.981888,logprobs,DekaLLM
8413,-3,87,0,0,0,0.182478,0.975199,logprobs,DekaLLM
8414,-3,89,0,0,0,0.268967,0.980946,logprobs,DekaLLM
8415,-3,91,0,0,0,0.182458,0.974999,logprobs,DekaLLM
8416,-3,93,0,0,0,0.268984,0.975372,logprobs,DekaLLM
8417,-3,95,0,0,1,0.500189,0.980092,logprobs,DekaLLM
8418,-3,97,0,0,0,0.377702,0.974428,logprobs,DekaLLM
8419,-3,99,0,0,0,0.377671,0.979658,logprobs,DekaLLM
8420,-3,101,0,0,1,0.731233,0.972688,logprobs,DekaLLM
8421,-3,103,1,1,1,0.500222,0.9782,logprobs,DekaLLM
8422,-3,105,1,1,1,0.500222,0.977603,logprobs,DekaLLM
8423,-3,107,0,0,0,0.377671,0.980126,logprobs,DekaLLM
8424,-3,109,0,0,0,0.377671,0.980696,logprobs,DekaLLM
8425,-3,111,1,1,1,0.500135,0.978237,logprobs,DekaLLM
8426,-3,113,1,1,0,0.182581,0.983539,logprobs,DekaLLM
8427,-3,115,1,1,0,0.377619,0.974696,logprobs,DekaLLM
8428,-3,117,0,0,0,0.377619,0.98339,logprobs,DekaLLM
8429,-3,119,1,1,0,0.269076,0.980912,logprobs,DekaLLM
8430,-3,121,0,0,0,0.377702,0.974622,logprobs,DekaLLM
8431,-3,123,0,0,0,0.269076,0.98009,logprobs,DekaLLM
8432,-3,125,0,0,1,0.500222,0.976516,logprobs,DekaLLM
8433,-3,127,0,0,0,0.269076,0.98211,logprobs,DekaLLM
8434,-3,129,1,1,0,0.377834,0.972896,logprobs,DekaLLM
8435,-3,131,0,0,1,0.500105,0.977316,logprobs,DekaLLM
8436,-3,133,1,1,0,0.377619,0.982361,logprobs,DekaLLM
8437,-3,135,0,0,0,0.377702,0.980523,logprobs,DekaLLM
8438,-3,137,1,1,0,0.377702,0.975051,logprobs,DekaLLM
8439,-3,139,1,1,0,0.269076,0.980328,logprobs,DekaLLM
8440,-3,141,1,1,0,0.377749,0.98026,logprobs,DekaLLM
8441,-3,143,0,0,0,0.377749,0.972855,logprobs,DekaLLM
8442,-3,145,0,0,1,0.500138,0.973481,logprobs,DekaLLM
8443,-3,147,0,0,1,0.500189,0.978257,logprobs,DekaLLM
8444,-3,149,0,0,0,0.377671,0.982258,logprobs,DekaLLM
8445,-3,151,0,0,0,0.377671,0.97931,logprobs,DekaLLM
8446,-3,153,0,0,0,0.182528,0.979678,logprobs,DekaLLM
8447,-3,155,0,0,0,0.11924,0.983617,logprobs,DekaLLM
8448,-3,157,0,0,0,0.075839,0.980797,logprobs,DekaLLM
8449,-3,159,0,0,0,0.047417,0.98231,logprobs,DekaLLM
8450,-3,161,0,0,0,0.075835,0.976589,logprobs,DekaLLM
8451,-3,163,0,0,0,0.047413,0.982431,logprobs,DekaLLM
8452,-3,165,0,0,0,0.075839,0.983254,logprobs,DekaLLM
8453,-3,167,0,0,0,0.029307,0.981611,logprobs,DekaLLM
8454,-3,169,0,0,0,0.029304,0.983689,logprobs,DekaLLM
8455,-3,171,0,0,0,0.075844,0.976463,logprobs,DekaLLM
8456,-3,173,0,0,0,0.075835,0.971804,logprobs,DekaLLM
8457,-3,175,0,0,0,0.029309,0.987383,logprobs,DekaLLM
8458,-3,177,0,0,0,0.029309,0.986466,logprobs,DekaLLM
8459,-3,179,0,0,0,0.119169,0.970739,logprobs,DekaLLM
8460,-5,-179,0,0,0,0.075844,0.987723,logprobs,DekaLLM
8461,-5,-177,0,0,0,0.017983,0.987532,logprobs,DekaLLM
8462,-5,-175,0,0,0,0.047417,0.984076,logprobs,DekaLLM
8463,-5,-173,0,0,0,0.017983,0.98007,logprobs,DekaLLM
8464,-5,-171,0,0,0,0.010985,0.983429,logprobs,DekaLLM
8465,-5,-169,0,0,0,0.004069,0.991994,logprobs,DekaLLM
8466,-5,-167,0,0,0,0.006692,0.981858,logprobs,DekaLLM
8467,-5,-165,0,0,0,0.010985,0.989259,logprobs,DekaLLM
8468,-5,-163,0,0,0,0.006692,0.986803,logprobs,DekaLLM
8469,-5,-161,0,0,0,0.017983,0.988919,logprobs,DekaLLM
8470,-5,-159,0,0,0,0.01798,0.981706,logprobs,DekaLLM
8471,-5,-157,0,0,0,0.017983,0.98402,logprobs,DekaLLM
8472,-5,-155,0,0,0,0.010984,0.982946,logprobs,DekaLLM
8473,-5,-153,0,0,0,0.006692,0.985647,logprobs,DekaLLM
8474,-5,-151,0,0,0,0.017981,0.979297,logprobs,DekaLLM
8475,-5,-149,0,0,0,0.029307,0.985734,logprobs,DekaLLM
8476,-5,-147,0,0,0,0.017983,0.986939,logprobs,DekaLLM
8477,-5,-145,0,0,0,0.01798,0.981168,logprobs,DekaLLM
8478,-5,-143,0,0,0,0.017983,0.986684,logprobs,DekaLLM
8479,-5,-141,0,0,0,0.075839,0.984165,logprobs,DekaLLM
8480,-5,-139,0,0,0,0.029304,0.977847,logprobs,DekaLLM
8481,-5,-137,0,0,0,0.017983,0.988284,logprobs,DekaLLM
8482,-5,-135,0,0,0,0.047413,0.982882,logprobs,DekaLLM
8483,-5,-133,0,0,0,0.029307,0.986145,logprobs,DekaLLM
8484,-5,-131,0,0,0,0.047417,0.982973,logprobs,DekaLLM
8485,-5,-129,0,0,0,0.017983,0.981305,logprobs,DekaLLM
8486,-5,-127,0,0,0,0.017983,0.982985,logprobs,DekaLLM
8487,-5,-125,0,0,0,0.01798,0.981801,logprobs,DekaLLM
8488,-5,-123,0,0,0,0.029303,0.977225,logprobs,DekaLLM
8489,-5,-121,0,0,0,0.268984,0.975324,logprobs,DekaLLM
8490,-5,-119,0,0,0,0.075835,0.981147,logprobs,DekaLLM
8491,-5,-117,0,0,0,0.377654,0.979961,logprobs,DekaLLM
8492,-5,-115,0,0,0,0.26901,0.979416,logprobs,DekaLLM
8493,-5,-113,0,0,0,0.377671,0.977099,logprobs,DekaLLM
8494,-5,-111,0,0,0,0.377702,0.980857,logprobs,DekaLLM
8495,-5,-109,0,0,0,0.26901,0.978096,logprobs,DekaLLM
8496,-5,-107,0,0,0,0.377671,0.977492,logprobs,DekaLLM
8497,-5,-105,0,0,0,0.269076,0.979198,logprobs,DekaLLM
8498,-5,-103,0,0,0,0.269119,0.978284,logprobs,DekaLLM
8499,-5,-101,0,0,0,0.377749,0.975705,logprobs,DekaLLM
8500,-5,-99,0,0,0,0.182459,0.980083,logprobs,DekaLLM
8501,-5,-97,0,0,0,0.269076,0.977707,logprobs,DekaLLM
8502,-5,-95,0,0,0,0.182458,0.976577,logprobs,DekaLLM
8503,-5,-93,0,0,0,0.075841,0.979472,logprobs,DekaLLM
8504,-5,-91,0,0,0,0.075835,0.973074,logprobs,DekaLLM
8505,-5,-89,0,0,0,0.377619,0.986557,logprobs,DekaLLM
8506,-5,-87,0,0,0,0.268967,0.978993,logprobs,DekaLLM
8507,-5,-85,0,0,0,0.182447,0.978138,logprobs,DekaLLM
8508,-5,-83,0,0,0,0.119182,0.985898,logprobs,DekaLLM
8509,-5,-81,1,1,0,0.269076,0.982066,logprobs,DekaLLM
8510,-5,-79,1,1,0,0.269076,0.982867,logprobs,DekaLLM
8511,-5,-77,1,1,1,0.500222,0.967882,logprobs,DekaLLM
8512,-5,-75,1,1,0,0.377749,0.977155,logprobs,DekaLLM
8513,-5,-73,1,1,0,0.182478,0.980973,logprobs,DekaLLM
8514,-5,-71,1,1,0,0.182478,0.977207,logprobs,DekaLLM
8515,-5,-69,1,1,0,0.182395,0.977174,logprobs,DekaLLM
8516,-5,-67,1,1,0,0.119177,0.980726,logprobs,DekaLLM
8517,-5,-65,1,1,0,0.26901,0.972735,logprobs,DekaLLM
8518,-5,-63,1,1,0,0.119169,0.972365,logprobs,DekaLLM
8519,-5,-61,1,1,0,0.119169,0.981222,logprobs,DekaLLM
8520,-5,-59,1,1,0,0.075844,0.979975,logprobs,DekaLLM
8521,-5,-57,1,1,0,0.119177,0.980044,logprobs,DekaLLM
8522,-5,-55,1,1,0,0.182377,0.974204,logprobs,DekaLLM
8523,-5,-53,1,1,0,0.075844,0.979901,logprobs,DekaLLM
8524,-5,-51,1,1,0,0.268967,0.982676,logprobs,DekaLLM
8525,-5,-49,1,1,0,0.182377,0.978543,logprobs,DekaLLM
8526,-5,-47,1,1,0,0.26901,0.974466,logprobs,DekaLLM
8527,-5,-45,1,1,0,0.182478,0.980929,logprobs,DekaLLM
8528,-5,-43,1,1,0,0.18256,0.979824,logprobs,DekaLLM
8529,-5,-41,1,1,0,0.119169,0.97936,logprobs,DekaLLM
8530,-5,-39,1,1,0,0.119182,0.982567,logprobs,DekaLLM
8531,-5,-37,1,1,0,0.182478,0.978958,logprobs,DekaLLM
8532,-5,-35,0,0,0,0.182459,0.982996,logprobs,DekaLLM
8533,-5,-33,0,0,0,0.268967,0.981496,logprobs,DekaLLM
8534,-5,-31,0,0,0,0.182395,0.979419,logprobs,DekaLLM
8535,-5,-29,0,0,0,0.269076,0.982435,logprobs,DekaLLM
8536,-5,-27,0,0,0,0.268967,0.981036,logprobs,DekaLLM
8537,-5,-25,0,0,0,0.269076,0.984886,logprobs,DekaLLM
8538,-5,-23,0,0,0,0.182478,0.98303,logprobs,DekaLLM
8539,-5,-21,0,0,0,0.119248,0.984636,logprobs,DekaLLM
8540,-5,-19,0,0,0,0.11924,0.981951,logprobs,DekaLLM
8541,-5,-17,0,0,0,0.075844,0.984282,logprobs,DekaLLM
8542,-5,-15,0,0,0,0.07585,0.981081,logprobs,DekaLLM
8543,-5,-13,0,0,0,0.119155,0.97192,logprobs,DekaLLM
8544,-5,-11,0,0,0,0.119155,0.975142,logprobs,DekaLLM
8545,-5,-9,0,0,0,0.18249,0.981425,logprobs,DekaLLM
8546,-5,-7,0,0,0,0.182478,0.983876,logprobs,DekaLLM
8547,-5,-5,0,0,1,0.500222,0.975606,logprobs,DekaLLM
8548,-5,-3,0,0,0,0.377749,0.970743,logprobs,DekaLLM
8549,-5,-1,0,0,0,0.377834,0.971447,logprobs,DekaLLM
8550,-5,1,0,0,0,0.26901,0.978678,logprobs,DekaLLM
8551,-5,3,0,0,0,0.377749,0.964298,logprobs,DekaLLM
8552,-5,5,0,0,0,0.268901,0.978251,logprobs,DekaLLM
8553,-5,7,0,0,0,0.182395,0.975477,logprobs,DekaLLM
8554,-5,9,0,0,0,0.26901,0.972489,logprobs,DekaLLM
8555,-5,11,0,0,0,0.269076,0.978357,logprobs,DekaLLM
8556,-5,13,1,1,0,0.269116,0.980811,logprobs,DekaLLM
8557,-5,15,1,1,0,0.26901,0.977364,logprobs,DekaLLM
8558,-5,17,1,1,0,0.377749,0.972932,logprobs,DekaLLM
8559,-5,19,1,1,0,0.269076,0.981413,logprobs,DekaLLM
8560,-5,21,1,1,0,0.377671,0.981001,logprobs,DekaLLM
8561,-5,23,1,1,0,0.377572,0.982449,logprobs,DekaLLM
8562,-5,25,1,1,0,0.377718,0.985665,logprobs,DekaLLM
8563,-5,27,1,1,1,0.500222,0.976411,logprobs,DekaLLM
8564,-5,29,1,1,1,0.622668,0.973381,logprobs,DekaLLM
8565,-5,31,1,1,1,0.622668,0.97613,logprobs,DekaLLM
8566,-5,33,1,1,1,0.500171,0.978513,logprobs,DekaLLM
8567,-5,35,1,1,1,0.622586,0.979552,logprobs,DekaLLM
8568,-5,37,1,1,1,0.500171,0.982195,logprobs,DekaLLM
8569,-5,39,1,1,0,0.377671,0.972977,logprobs,DekaLLM
8570,-5,41,0,0,1,0.731164,0.97926,logprobs,DekaLLM
8571,-5,43,0,0,1,0.500168,0.976146,logprobs,DekaLLM
8572,-5,45,0,0,1,0.500222,0.983791,logprobs,DekaLLM
8573,-5,47,0,0,0,0.377671,0.985471,logprobs,DekaLLM
8574,-5,49,0,0,0,0.377671,0.984608,logprobs,DekaLLM
8575,-5,51,0,0,1,0.622617,0.978325,logprobs,DekaLLM
8576,-5,53,0,0,1,0.500135,0.987081,logprobs,DekaLLM
8577,-5,55,0,0,0,0.377702,0.980245,logprobs,DekaLLM
8578,-5,57,0,0,0,0.269076,0.980698,logprobs,DekaLLM
8579,-5,59,0,0,0,0.182458,0.975056,logprobs,DekaLLM
8580,-5,61,0,0,0,0.26905,0.977574,logprobs,DekaLLM
8581,-5,63,0,0,0,0.269081,0.972319,logprobs,DekaLLM
8582,-5,65,0,0,0,0.377702,0.974492,logprobs,DekaLLM
8583,-5,67,0,0,0,0.26901,0.978085,logprobs,DekaLLM
8584,-5,69,0,0,0,0.26905,0.97656,logprobs,DekaLLM
8585,-5,71,0,0,0,0.377592,0.969481,logprobs,DekaLLM
8586,-5,73,0,0,0,0.377702,0.976674,logprobs,DekaLLM
8587,-5,75,0,0,1,0.500138,0.977313,logprobs,DekaLLM
8588,-5,77,0,0,0,0.377749,0.974558,logprobs,DekaLLM
8589,-5,79,0,0,0,0.26901,0.977974,logprobs,DekaLLM
8590,-5,81,0,0,0,0.377702,0.979677,logprobs,DekaLLM
8591,-5,83,0,0,0,0.26901,0.978221,logprobs,DekaLLM
8592,-5,85,0,0,0,0.26905,0.978366,logprobs,DekaLLM
8593,-5,87,0,0,0,0.268984,0.975188,logprobs,DekaLLM
8594,-5,89,0,0,0,0.182478,0.978634,logprobs,DekaLLM
8595,-5,91,0,0,0,0.119155,0.975914,logprobs,DekaLLM
8596,-5,93,0,0,0,0.268901,0.970574,logprobs,DekaLLM
8597,-5,95,0,0,0,0.269076,0.983794,logprobs,DekaLLM
8598,-5,97,0,0,0,0.269076,0.979843,logprobs,DekaLLM
8599,-5,99,0,0,0,0.26905,0.980066,logprobs,DekaLLM
8600,-5,101,0,0,1,0.622716,0.97267,logprobs,DekaLLM
8601,-5,103,0,0,1,0.500105,0.978678,logprobs,DekaLLM
8602,-5,105,1,1,0,0.377702,0.982225,logprobs,DekaLLM
8603,-5,107,0,0,0,0.269092,0.982622,logprobs,DekaLLM
8604,-5,109,0,0,1,0.500138,0.968442,logprobs,DekaLLM
8605,-5,111,0,0,0,0.182478,0.98003,logprobs,DekaLLM
8606,-5,113,0,0,0,0.182528,0.984137,logprobs,DekaLLM
8607,-5,115,0,0,0,0.269076,0.984498,logprobs,DekaLLM
8608,-5,117,0,0,0,0.269076,0.981001,logprobs,DekaLLM
8609,-5,119,0,0,0,0.182521,0.98561,logprobs,DekaLLM
8610,-5,121,0,0,0,0.269076,0.980549,logprobs,DekaLLM
8611,-5,123,0,0,0,0.37764,0.974889,logprobs,DekaLLM
8612,-5,125,0,0,0,0.377702,0.974297,logprobs,DekaLLM
8613,-5,127,0,0,0,0.269076,0.980078,logprobs,DekaLLM
8614,-5,129,0,0,0,0.269076,0.979436,logprobs,DekaLLM
8615,-5,131,0,0,0,0.268984,0.97052,logprobs,DekaLLM
8616,-5,133,0,0,0,0.26901,0.98,logprobs,DekaLLM
8617,-5,135,0,0,0,0.269076,0.976659,logprobs,DekaLLM
8618,-5,137,0,0,0,0.269076,0.977448,logprobs,DekaLLM
8619,-5,139,1,1,0,0.269076,0.983234,logprobs,DekaLLM
8620,-5,141,1,1,1,0.500189,0.975931,logprobs,DekaLLM
8621,-5,143,1,1,0,0.269076,0.979308,logprobs,DekaLLM
8622,-5,145,1,1,0,0.377671,0.978539,logprobs,DekaLLM
8623,-5,147,0,0,0,0.269076,0.984317,logprobs,DekaLLM
8624,-5,149,0,0,0,0.26901,0.975011,logprobs,DekaLLM
8625,-5,151,0,0,0,0.182478,0.982266,logprobs,DekaLLM
8626,-5,153,0,0,0,0.075844,0.982995,logprobs,DekaLLM
8627,-5,155,0,0,0,0.075839,0.982009,logprobs,DekaLLM
8628,-5,157,0,0,0,0.075835,0.972311,logprobs,DekaLLM
8629,-5,159,0,0,0,0.047417,0.974357,logprobs,DekaLLM
8630,-5,161,0,0,0,0.047417,0.977258,logprobs,DekaLLM
8631,-5,163,0,0,0,0.047417,0.98099,logprobs,DekaLLM
8632,-5,165,0,0,0,0.029304,0.981049,logprobs,DekaLLM
8633,-5,167,0,0,0,0.029307,0.981388,logprobs,DekaLLM
8634,-5,169,0,0,0,0.047417,0.979822,logprobs,DekaLLM
8635,-5,171,0,0,0,0.04742,0.983837,logprobs,DekaLLM
8636,-5,173,0,0,0,0.029307,0.983748,logprobs,DekaLLM
8637,-5,175,0,0,0,0.047417,0.981543,logprobs,DekaLLM
8638,-5,177,0,0,0,0.047417,0.983051,logprobs,DekaLLM
8639,-5,179,0,0,0,0.075844,0.96932,logprobs,DekaLLM
8640,-7,-179,0,0,0,0.047413,0.986362,logprobs,DekaLLM
8641,-7,-177,0,0,0,0.017984,0.990251,logprobs,DekaLLM
8642,-7,-175,0,0,0,0.029307,0.983302,logprobs,DekaLLM
8643,-7,-173,0,0,0,0.017983,0.989394,logprobs,DekaLLM
8644,-7,-171,0,0,0,0.010985,0.988304,logprobs,DekaLLM
8645,-7,-169,0,0,0,0.010985,0.984025,logprobs,DekaLLM
8646,-7,-167,0,0,0,0.006692,0.988791,logprobs,DekaLLM
8647,-7,-165,0,0,0,0.006692,0.988328,logprobs,DekaLLM
8648,-7,-163,0,0,0,0.010985,0.989491,logprobs,DekaLLM
8649,-7,-161,0,0,0,0.017983,0.992691,logprobs,DekaLLM
8650,-7,-159,0,0,0,0.029303,0.981546,logprobs,DekaLLM
8651,-7,-157,0,0,0,0.017982,0.988736,logprobs,DekaLLM
8652,-7,-155,0,0,0,0.017983,0.988377,logprobs,DekaLLM
8653,-7,-153,0,0,0,0.017983,0.988496,logprobs,DekaLLM
8654,-7,-151,0,0,0,0.010985,0.989592,logprobs,DekaLLM
8655,-7,-149,0,0,0,0.010985,0.987238,logprobs,DekaLLM
8656,-7,-147,0,0,0,0.029307,0.98563,logprobs,DekaLLM
8657,-7,-145,0,0,0,0.01798,0.988061,logprobs,DekaLLM
8658,-7,-143,0,0,0,0.010985,0.983676,logprobs,DekaLLM
8659,-7,-141,0,0,0,0.047417,0.981655,logprobs,DekaLLM
8660,-7,-139,0,0,0,0.029307,0.982939,logprobs,DekaLLM
8661,-7,-137,0,0,0,0.017983,0.987133,logprobs,DekaLLM
8662,-7,-135,0,0,0,0.017983,0.989202,logprobs,DekaLLM
8663,-7,-133,0,0,0,0.047417,0.983599,logprobs,DekaLLM
8664,-7,-131,0,0,0,0.029307,0.982911,logprobs,DekaLLM
8665,-7,-129,0,0,0,0.029304,0.975039,logprobs,DekaLLM
8666,-7,-127,0,0,0,0.029303,0.977775,logprobs,DekaLLM
8667,-7,-125,0,0,0,0.017983,0.986498,logprobs,DekaLLM
8668,-7,-123,0,0,0,0.047413,0.985994,logprobs,DekaLLM
8669,-7,-121,0,0,0,0.119146,0.974677,logprobs,DekaLLM
8670,-7,-119,0,0,0,0.047411,0.978343,logprobs,DekaLLM
8671,-7,-117,0,0,0,0.377654,0.982517,logprobs,DekaLLM
8672,-7,-115,0,0,0,0.269076,0.981734,logprobs,DekaLLM
8673,-7,-113,0,0,0,0.182376,0.981749,logprobs,DekaLLM
8674,-7,-111,0,0,0,0.269076,0.983086,logprobs,DekaLLM
8675,-7,-109,0,0,0,0.268984,0.97703,logprobs,DekaLLM
8676,-7,-107,0,0,0,0.269033,0.984163,logprobs,DekaLLM
8677,-7,-105,0,0,0,0.182459,0.979234,logprobs,DekaLLM
8678,-7,-103,0,0,0,0.377671,0.985006,logprobs,DekaLLM
8679,-7,-101,0,0,0,0.377702,0.979712,logprobs,DekaLLM
8680,-7,-99,0,0,0,0.182447,0.982169,logprobs,DekaLLM
8681,-7,-97,0,0,0,0.377749,0.980545,logprobs,DekaLLM
8682,-7,-95,0,0,0,0.26901,0.979692,logprobs,DekaLLM
8683,-7,-93,0,0,0,0.18256,0.982904,logprobs,DekaLLM
8684,-7,-91,0,0,0,0.268901,0.976522,logprobs,DekaLLM
8685,-7,-89,0,0,0,0.269076,0.984442,logprobs,DekaLLM
8686,-7,-87,0,0,0,0.182447,0.979964,logprobs,DekaLLM
8687,-7,-85,0,0,0,0.182459,0.98076,logprobs,DekaLLM
8688,-7,-83,0,0,0,0.268967,0.981986,logprobs,DekaLLM
8689,-7,-81,0,0,1,0.500222,0.979663,logprobs,DekaLLM
8690,-7,-79,1,1,0,0.377654,0.982196,logprobs,DekaLLM
8691,-7,-77,1,1,1,0.622617,0.984136,logprobs,DekaLLM
8692,-7,-75,1,1,1,0.622617,0.982398,logprobs,DekaLLM
8693,-7,-73,1,1,0,0.269119,0.97824,logprobs,DekaLLM
8694,-7,-71,1,1,0,0.269007,0.982425,logprobs,DekaLLM
8695,-7,-69,1,1,0,0.119235,0.984662,logprobs,DekaLLM
8696,-7,-67,1,1,0,0.182377,0.984648,logprobs,DekaLLM
8697,-7,-65,1,1,0,0.182457,0.983373,logprobs,DekaLLM
8698,-7,-63,1,1,0,0.07585,0.982048,logprobs,DekaLLM
8699,-7,-61,1,1,0,0.182377,0.975581,logprobs,DekaLLM
8700,-7,-59,1,1,0,0.182395,0.981787,logprobs,DekaLLM
8701,-7,-57,1,1,0,0.26901,0.976732,logprobs,DekaLLM
8702,-7,-55,1,1,0,0.26901,0.977356,logprobs,DekaLLM
8703,-7,-53,1,1,0,0.268967,0.975677,logprobs,DekaLLM
8704,-7,-51,1,1,0,0.37765,0.976885,logprobs,DekaLLM
8705,-7,-49,1,1,0,0.377749,0.976129,logprobs,DekaLLM
8706,-7,-47,1,1,1,0.500222,0.975318,logprobs,DekaLLM
8707,-7,-45,1,1,0,0.377749,0.975478,logprobs,DekaLLM
8708,-7,-43,1,1,1,0.500222,0.975776,logprobs,DekaLLM
8709,-7,-41,1,1,0,0.377749,0.978404,logprobs,DekaLLM
8710,-7,-39,1,1,0,0.26901,0.975031,logprobs,DekaLLM
8711,-7,-37,1,1,0,0.377749,0.978831,logprobs,DekaLLM
8712,-7,-35,1,1,0,0.26901,0.980473,logprobs,DekaLLM
8713,-7,-33,0,0,0,0.377749,0.97995,logprobs,DekaLLM
8714,-7,-31,0,0,0,0.269036,0.982922,logprobs,DekaLLM
8715,-7,-29,0,0,0,0.269076,0.985055,logprobs,DekaLLM
8716,-7,-27,0,0,0,0.182459,0.986549,logprobs,DekaLLM
8717,-7,-25,0,0,0,0.119169,0.980204,logprobs,DekaLLM
8718,-7,-23,0,0,0,0.268967,0.987265,logprobs,DekaLLM
8719,-7,-21,0,0,0,0.182459,0.985441,logprobs,DekaLLM
8720,-7,-19,0,0,0,0.119169,0.976664,logprobs,DekaLLM
8721,-7,-17,0,0,0,0.075844,0.988275,logprobs,DekaLLM
8722,-7,-15,0,0,0,0.182459,0.987958,logprobs,DekaLLM
8723,-7,-13,0,0,0,0.182478,0.98186,logprobs,DekaLLM
8724,-7,-11,0,0,0,0.11924,0.982734,logprobs,DekaLLM
8725,-7,-9,0,0,0,0.182377,0.981244,logprobs,DekaLLM
8726,-7,-7,0,0,0,0.377623,0.983725,logprobs,DekaLLM
8727,-7,-5,0,0,0,0.377671,0.972522,logprobs,DekaLLM
8728,-7,-3,0,0,1,0.500222,0.97627,logprobs,DekaLLM
8729,-7,-1,0,0,0,0.26901,0.982429,logprobs,DekaLLM
8730,-7,1,0,0,0,0.377572,0.983465,logprobs,DekaLLM
8731,-7,3,0,0,0,0.377749,0.972226,logprobs,DekaLLM
8732,-7,5,0,0,0,0.377702,0.979179,logprobs,DekaLLM
8733,-7,7,0,0,0,0.377702,0.974214,logprobs,DekaLLM
8734,-7,9,0,0,0,0.269026,0.981587,logprobs,DekaLLM
8735,-7,11,0,0,0,0.377671,0.983697,logprobs,DekaLLM
8736,-7,13,1,1,0,0.377702,0.98088,logprobs,DekaLLM
8737,-7,15,1,1,0,0.269092,0.985186,logprobs,DekaLLM
8738,-7,17,1,1,1,0.500084,0.978537,logprobs,DekaLLM
8739,-7,19,1,1,0,0.377749,0.982148,logprobs,DekaLLM
8740,-7,21,1,1,0,0.377749,0.973151,logprobs,DekaLLM
8741,-7,23,1,1,1,0.500222,0.976529,logprobs,DekaLLM
8742,-7,25,1,1,1,0.500222,0.979747,logprobs,DekaLLM
8743,-7,27,1,1,1,0.500222,0.977393,logprobs,DekaLLM
8744,-7,29,1,1,1,0.500168,0.97909,logprobs,DekaLLM
8745,-7,31,1,1,1,0.622617,0.975335,logprobs,DekaLLM
8746,-7,33,1,1,1,0.500222,0.967938,logprobs,DekaLLM
8747,-7,35,1,1,1,0.622586,0.983306,logprobs,DekaLLM
8748,-7,37,1,1,1,0.500222,0.975689,logprobs,DekaLLM
8749,-7,39,1,1,1,0.500222,0.977272,logprobs,DekaLLM
8750,-7,41,0,0,1,0.622617,0.973449,logprobs,DekaLLM
8751,-7,43,0,0,1,0.500222,0.980932,logprobs,DekaLLM
8752,-7,45,0,0,1,0.622586,0.977552,logprobs,DekaLLM
8753,-7,47,0,0,0,0.377749,0.981099,logprobs,DekaLLM
8754,-7,49,0,0,0,0.377749,0.985406,logprobs,DekaLLM
8755,-7,51,0,0,1,0.622617,0.979861,logprobs,DekaLLM
8756,-7,53,0,0,1,0.622586,0.978136,logprobs,DekaLLM
8757,-7,55,0,0,0,0.377749,0.978121,logprobs,DekaLLM
8758,-7,57,0,0,0,0.26901,0.977907,logprobs,DekaLLM
8759,-7,59,0,0,0,0.182459,0.98541,logprobs,DekaLLM
8760,-7,61,0,0,0,0.182478,0.982836,logprobs,DekaLLM
8761,-7,63,0,0,0,0.377654,0.980529,logprobs,DekaLLM
8762,-7,65,0,0,0,0.377749,0.9829,logprobs,DekaLLM
8763,-7,67,0,0,0,0.377671,0.983172,logprobs,DekaLLM
8764,-7,69,0,0,0,0.377623,0.979458,logprobs,DekaLLM
8765,-7,71,0,0,1,0.500135,0.983411,logprobs,DekaLLM
8766,-7,73,0,0,1,0.500189,0.981467,logprobs,DekaLLM
8767,-7,75,0,0,1,0.500222,0.976983,logprobs,DekaLLM
8768,-7,77,0,0,1,0.500222,0.979959,logprobs,DekaLLM
8769,-7,79,0,0,0,0.377702,0.982403,logprobs,DekaLLM
8770,-7,81,0,0,0,0.377572,0.978429,logprobs,DekaLLM
8771,-7,83,0,0,0,0.377572,0.981004,logprobs,DekaLLM
8772,-7,85,0,0,0,0.377671,0.982052,logprobs,DekaLLM
8773,-7,87,0,0,0,0.268901,0.97653,logprobs,DekaLLM
8774,-7,89,0,0,0,0.269076,0.982902,logprobs,DekaLLM
8775,-7,91,0,0,0,0.182478,0.985702,logprobs,DekaLLM
8776,-7,93,0,0,0,0.182458,0.978589,logprobs,DekaLLM
8777,-7,95,0,0,0,0.269076,0.986905,logprobs,DekaLLM
8778,-7,97,0,0,0,0.182459,0.984144,logprobs,DekaLLM
8779,-7,99,0,0,1,0.500171,0.982482,logprobs,DekaLLM
8780,-7,101,0,0,1,0.622668,0.973485,logprobs,DekaLLM
8781,-7,103,0,0,0,0.377702,0.975174,logprobs,DekaLLM
8782,-7,105,0,0,1,0.622668,0.97741,logprobs,DekaLLM
8783,-7,107,1,1,1,0.731179,0.985086,logprobs,DekaLLM
8784,-7,109,1,1,1,0.622617,0.983487,logprobs,DekaLLM
8785,-7,111,1,1,1,0.731164,0.980033,logprobs,DekaLLM
8786,-7,113,1,1,1,0.500199,0.985444,logprobs,DekaLLM
8787,-7,115,0,0,1,0.622567,0.986762,logprobs,DekaLLM
8788,-7,117,0,0,0,0.377671,0.983609,logprobs,DekaLLM
8789,-7,119,0,0,0,0.26905,0.979262,logprobs,DekaLLM
8790,-7,121,0,0,0,0.377575,0.980863,logprobs,DekaLLM
8791,-7,123,0,0,0,0.377749,0.981985,logprobs,DekaLLM
8792,-7,125,0,0,1,0.500222,0.970139,logprobs,DekaLLM
8793,-7,127,0,0,0,0.377671,0.981463,logprobs,DekaLLM
8794,-7,129,0,0,0,0.377702,0.979653,logprobs,DekaLLM
8795,-7,131,0,0,0,0.377702,0.976529,logprobs,DekaLLM
8796,-7,133,0,0,0,0.377749,0.976893,logprobs,DekaLLM
8797,-7,135,0,0,0,0.269076,0.983134,logprobs,DekaLLM
8798,-7,137,0,0,0,0.377698,0.981644,logprobs,DekaLLM
8799,-7,139,1,1,0,0.269076,0.976603,logprobs,DekaLLM
8800,-7,141,1,1,1,0.500084,0.98646,logprobs,DekaLLM
8801,-7,143,1,1,0,0.269076,0.980284,logprobs,DekaLLM
8802,-7,145,1,1,1,0.500135,0.977906,logprobs,DekaLLM
8803,-7,147,0,0,0,0.37765,0.981466,logprobs,DekaLLM
8804,-7,149,0,0,0,0.377749,0.980814,logprobs,DekaLLM
8805,-7,151,0,0,1,0.500135,0.987856,logprobs,DekaLLM
8806,-7,153,0,0,0,0.182478,0.97744,logprobs,DekaLLM
8807,-7,155,0,0,0,0.18254,0.986515,logprobs,DekaLLM
8808,-7,157,1,1,0,0.182459,0.987939,logprobs,DekaLLM
8809,-7,159,0,0,0,0.182389,0.984424,logprobs,DekaLLM
8810,-7,161,0,0,0,0.075835,0.9817,logprobs,DekaLLM
8811,-7,163,0,0,0,0.075844,0.980238,logprobs,DekaLLM
8812,-7,165,0,0,0,0.075835,0.981497,logprobs,DekaLLM
8813,-7,167,0,0,0,0.047415,0.981896,logprobs,DekaLLM
8814,-7,169,0,0,0,0.04742,0.989467,logprobs,DekaLLM
8815,-7,171,0,0,0,0.075835,0.980037,logprobs,DekaLLM
8816,-7,173,0,0,0,0.119182,0.978009,logprobs,DekaLLM
8817,-7,175,0,0,0,0.047417,0.978666,logprobs,DekaLLM
8818,-7,177,0,0,0,0.047417,0.988284,logprobs,DekaLLM
8819,-7,179,0,0,0,0.075839,0.985485,logprobs,DekaLLM
8820,-9,-179,0,0,0,0.119169,0.977901,logprobs,DekaLLM
8821,-9,-177,0,0,0,0.029307,0.986632,logprobs,DekaLLM
8822,-9,-175,0,0,0,0.017983,0.986725,logprobs,DekaLLM
8823,-9,-173,0,0,0,0.029303,0.982017,logprobs,DekaLLM
8824,-9,-171,0,0,0,0.010985,0.986879,logprobs,DekaLLM
8825,-9,-169,0,0,0,0.006692,0.987985,logprobs,DekaLLM
8826,-9,-167,0,0,0,0.006691,0.984485,logprobs,DekaLLM
8827,-9,-165,0,0,0,0.006691,0.985547,logprobs,DekaLLM
8828,-9,-163,0,0,0,0.010986,0.986149,logprobs,DekaLLM
8829,-9,-161,0,0,0,0.010985,0.984262,logprobs,DekaLLM
8830,-9,-159,0,0,0,0.017982,0.987516,logprobs,DekaLLM
8831,-9,-157,0,0,0,0.029305,0.98438,logprobs,DekaLLM
8832,-9,-155,0,0,0,0.017983,0.982828,logprobs,DekaLLM
8833,-9,-153,0,0,0,0.010985,0.985747,logprobs,DekaLLM
8834,-9,-151,0,0,0,0.029304,0.979392,logprobs,DekaLLM
8835,-9,-149,0,0,0,0.010985,0.98249,logprobs,DekaLLM
8836,-9,-147,0,0,0,0.01798,0.976503,logprobs,DekaLLM
8837,-9,-145,0,0,0,0.017983,0.99034,logprobs,DekaLLM
8838,-9,-143,0,0,0,0.029307,0.982651,logprobs,DekaLLM
8839,-9,-141,0,0,0,0.047413,0.980856,logprobs,DekaLLM
8840,-9,-139,0,0,0,0.010985,0.985309,logprobs,DekaLLM
8841,-9,-137,0,0,0,0.010985,0.983679,logprobs,DekaLLM
8842,-9,-135,0,0,0,0.029307,0.987975,logprobs,DekaLLM
8843,-9,-133,0,0,0,0.029307,0.986273,logprobs,DekaLLM
8844,-9,-131,0,0,0,0.029303,0.978687,logprobs,DekaLLM
8845,-9,-129,0,0,0,0.017983,0.983297,logprobs,DekaLLM
8846,-9,-127,0,0,0,0.010985,0.991128,logprobs,DekaLLM
8847,-9,-125,0,0,0,0.010986,0.983915,logprobs,DekaLLM
8848,-9,-123,0,0,0,0.029304,0.987871,logprobs,DekaLLM
8849,-9,-121,0,0,0,0.047411,0.974859,logprobs,DekaLLM
8850,-9,-119,0,0,0,0.029307,0.978053,logprobs,DekaLLM
8851,-9,-117,0,0,0,0.182377,0.985096,logprobs,DekaLLM
8852,-9,-115,0,0,0,0.119227,0.986298,logprobs,DekaLLM
8853,-9,-113,0,0,0,0.075839,0.980671,logprobs,DekaLLM
8854,-9,-111,0,0,0,0.182427,0.983435,logprobs,DekaLLM
8855,-9,-109,0,0,0,0.182428,0.97613,logprobs,DekaLLM
8856,-9,-107,0,0,0,0.269033,0.979488,logprobs,DekaLLM
8857,-9,-105,0,0,0,0.182528,0.981451,logprobs,DekaLLM
8858,-9,-103,0,0,0,0.269076,0.980627,logprobs,DekaLLM
8859,-9,-101,0,0,0,0.269147,0.978085,logprobs,DekaLLM
8860,-9,-99,0,0,0,0.119155,0.980477,logprobs,DekaLLM
8861,-9,-97,0,0,0,0.377572,0.979592,logprobs,DekaLLM
8862,-9,-95,0,0,0,0.182377,0.985192,logprobs,DekaLLM
8863,-9,-93,0,0,0,0.182447,0.976119,logprobs,DekaLLM
8864,-9,-91,0,0,0,0.075899,0.984785,logprobs,DekaLLM
8865,-9,-89,0,0,0,0.269079,0.984198,logprobs,DekaLLM
8866,-9,-87,0,0,0,0.182377,0.979103,logprobs,DekaLLM
8867,-9,-85,0,0,0,0.37765,0.984921,logprobs,DekaLLM
8868,-9,-83,0,0,0,0.269189,0.975215,logprobs,DekaLLM
8869,-9,-81,0,0,1,0.500168,0.980632,logprobs,DekaLLM
8870,-9,-79,0,0,1,0.500084,0.983558,logprobs,DekaLLM
8871,-9,-77,1,1,1,0.73119,0.978801,logprobs,DekaLLM
8872,-9,-75,1,1,1,0.622617,0.97819,logprobs,DekaLLM
8873,-9,-73,1,1,0,0.269119,0.973843,logprobs,DekaLLM
8874,-9,-71,1,1,1,0.500168,0.978481,logprobs,DekaLLM
8875,-9,-69,1,1,0,0.119182,0.977607,logprobs,DekaLLM
8876,-9,-67,1,1,0,0.182357,0.977413,logprobs,DekaLLM
8877,-9,-65,1,1,0,0.37765,0.976912,logprobs,DekaLLM
8878,-9,-63,1,1,0,0.182445,0.981971,logprobs,DekaLLM
8879,-9,-61,1,1,0,0.182395,0.980986,logprobs,DekaLLM
8880,-9,-59,1,1,0,0.269033,0.980778,logprobs,DekaLLM
8881,-9,-57,1,1,1,0.500138,0.969544,logprobs,DekaLLM
8882,-9,-55,1,1,1,0.500117,0.981091,logprobs,DekaLLM
8883,-9,-53,1,1,0,0.377749,0.961783,logprobs,DekaLLM
8884,-9,-51,1,1,0,0.377753,0.977013,logprobs,DekaLLM
8885,-9,-49,1,1,1,0.500168,0.978006,logprobs,DekaLLM
8886,-9,-47,1,1,1,0.817635,0.973109,logprobs,DekaLLM
8887,-9,-45,1,1,0,0.377702,0.980663,logprobs,DekaLLM
8888,-9,-43,1,1,1,0.622617,0.971634,logprobs,DekaLLM
8889,-9,-41,1,1,0,0.377619,0.985217,logprobs,DekaLLM
8890,-9,-39,1,1,0,0.377749,0.978946,logprobs,DekaLLM
8891,-9,-37,1,1,0,0.377671,0.980401,logprobs,DekaLLM
8892,-9,-35,0,0,0,0.182509,0.98584,logprobs,DekaLLM
8893,-9,-33,0,0,0,0.182478,0.980413,logprobs,DekaLLM
8894,-9,-31,0,0,0,0.269076,0.982645,logprobs,DekaLLM
8895,-9,-29,0,0,0,0.269076,0.98221,logprobs,DekaLLM
8896,-9,-27,0,0,0,0.268967,0.97771,logprobs,DekaLLM
8897,-9,-25,0,0,0,0.075835,0.981024,logprobs,DekaLLM
8898,-9,-23,0,0,0,0.269076,0.976236,logprobs,DekaLLM
8899,-9,-21,0,0,0,0.119182,0.983513,logprobs,DekaLLM
8900,-9,-19,0,0,0,0.182478,0.98336,logprobs,DekaLLM
8901,-9,-17,0,0,0,0.075835,0.983081,logprobs,DekaLLM
8902,-9,-15,0,0,0,0.119169,0.982044,logprobs,DekaLLM
8903,-9,-13,0,0,0,0.182478,0.973452,logprobs,DekaLLM
8904,-9,-11,0,0,0,0.119227,0.98525,logprobs,DekaLLM
8905,-9,-9,0,0,0,0.269081,0.980489,logprobs,DekaLLM
8906,-9,-7,0,0,0,0.377749,0.976635,logprobs,DekaLLM
8907,-9,-5,0,0,0,0.377667,0.983043,logprobs,DekaLLM
8908,-9,-3,0,0,0,0.377749,0.975575,logprobs,DekaLLM
8909,-9,-1,0,0,1,0.500168,0.976507,logprobs,DekaLLM
8910,-9,1,0,0,0,0.269147,0.980289,logprobs,DekaLLM
8911,-9,3,0,0,0,0.377671,0.96968,logprobs,DekaLLM
8912,-9,5,0,0,1,0.500135,0.979819,logprobs,DekaLLM
8913,-9,7,0,0,1,0.500138,0.9772,logprobs,DekaLLM
8914,-9,9,0,0,0,0.377702,0.979903,logprobs,DekaLLM
8915,-9,11,0,0,0,0.377671,0.978162,logprobs,DekaLLM
8916,-9,13,0,0,0,0.377718,0.977378,logprobs,DekaLLM
8917,-9,15,1,1,0,0.377623,0.979423,logprobs,DekaLLM
8918,-9,17,1,1,1,0.500171,0.977828,logprobs,DekaLLM
8919,-9,19,1,1,0,0.377702,0.974307,logprobs,DekaLLM
8920,-9,21,1,1,0,0.377718,0.977789,logprobs,DekaLLM
8921,-9,23,1,1,1,0.500168,0.978844,logprobs,DekaLLM
8922,-9,25,1,1,0,0.377749,0.978546,logprobs,DekaLLM
8923,-9,27,1,1,1,0.622617,0.973606,logprobs,DekaLLM
8924,-9,29,1,1,1,0.500135,0.980115,logprobs,DekaLLM
8925,-9,31,1,1,1,0.622617,0.977751,logprobs,DekaLLM
8926,-9,33,1,1,1,0.500189,0.98279,logprobs,DekaLLM
8927,-9,35,1,1,1,0.622617,0.974885,logprobs,DekaLLM
8928,-9,37,1,1,1,0.500222,0.976064,logprobs,DekaLLM
8929,-9,39,1,1,1,0.500222,0.974346,logprobs,DekaLLM
8930,-9,41,0,0,1,0.500168,0.972763,logprobs,DekaLLM
8931,-9,43,0,0,0,0.377749,0.97933,logprobs,DekaLLM
8932,-9,45,0,0,1,0.500222,0.967623,logprobs,DekaLLM
8933,-9,47,0,0,0,0.377702,0.97606,logprobs,DekaLLM
8934,-9,49,0,0,1,0.500189,0.974789,logprobs,DekaLLM
8935,-9,51,0,0,1,0.622586,0.982893,logprobs,DekaLLM
8936,-9,53,0,0,1,0.500135,0.984924,logprobs,DekaLLM
8937,-9,55,0,0,0,0.377572,0.979642,logprobs,DekaLLM
8938,-9,57,0,0,0,0.377702,0.981532,logprobs,DekaLLM
8939,-9,59,0,0,0,0.269076,0.985925,logprobs,DekaLLM
8940,-9,61,0,0,0,0.269076,0.979345,logprobs,DekaLLM
8941,-9,63,0,0,1,0.500189,0.976007,logprobs,DekaLLM
8942,-9,65,0,0,0,0.377671,0.983341,logprobs,DekaLLM
8943,-9,67,0,0,0,0.377702,0.975294,logprobs,DekaLLM
8944,-9,69,0,0,0,0.268986,0.985783,logprobs,DekaLLM
8945,-9,71,0,0,0,0.269076,0.979181,logprobs,DekaLLM
8946,-9,73,0,0,0,0.269076,0.975293,logprobs,DekaLLM
8947,-9,75,0,0,1,0.500189,0.975923,logprobs,DekaLLM
8948,-9,77,0,0,1,0.622586,0.982654,logprobs,DekaLLM
8949,-9,79,0,0,0,0.269076,0.982876,logprobs,DekaLLM
8950,-9,81,0,0,1,0.500135,0.977386,logprobs,DekaLLM
8951,-9,83,0,0,0,0.377749,0.968088,logprobs,DekaLLM
8952,-9,85,0,0,0,0.182478,0.982392,logprobs,DekaLLM
8953,-9,87,0,0,0,0.182478,0.982971,logprobs,DekaLLM
8954,-9,89,0,0,0,0.269116,0.983359,logprobs,DekaLLM
8955,-9,91,0,0,0,0.119169,0.97727,logprobs,DekaLLM
8956,-9,93,0,0,0,0.182459,0.983688,logprobs,DekaLLM
8957,-9,95,0,0,0,0.377702,0.97965,logprobs,DekaLLM
8958,-9,97,0,0,0,0.182395,0.983878,logprobs,DekaLLM
8959,-9,99,0,0,0,0.377671,0.974787,logprobs,DekaLLM
8960,-9,101,0,0,1,0.622615,0.980102,logprobs,DekaLLM
8961,-9,103,0,0,0,0.377619,0.987268,logprobs,DekaLLM
8962,-9,105,0,0,1,0.500222,0.979253,logprobs,DekaLLM
8963,-9,107,0,0,0,0.377749,0.974298,logprobs,DekaLLM
8964,-9,109,0,0,1,0.500135,0.977551,logprobs,DekaLLM
8965,-9,111,0,0,1,0.622617,0.973811,logprobs,DekaLLM
8966,-9,113,0,0,0,0.377702,0.984996,logprobs,DekaLLM
8967,-9,115,0,0,1,0.622716,0.978817,logprobs,DekaLLM
8968,-9,117,1,1,0,0.182509,0.985526,logprobs,DekaLLM
8969,-9,119,0,0,0,0.269033,0.979182,logprobs,DekaLLM
8970,-9,121,0,0,0,0.269052,0.984537,logprobs,DekaLLM
8971,-9,123,0,0,1,0.500138,0.978153,logprobs,DekaLLM
8972,-9,125,1,1,1,0.500222,0.978122,logprobs,DekaLLM
8973,-9,127,0,0,0,0.377702,0.977281,logprobs,DekaLLM
8974,-9,129,0,0,0,0.269116,0.980628,logprobs,DekaLLM
8975,-9,131,0,0,1,0.500135,0.970408,logprobs,DekaLLM
8976,-9,133,0,0,1,0.500189,0.976338,logprobs,DekaLLM
8977,-9,135,0,0,1,0.500135,0.969119,logprobs,DekaLLM
8978,-9,137,0,0,0,0.377702,0.979112,logprobs,DekaLLM
8979,-9,139,0,0,0,0.377671,0.969194,logprobs,DekaLLM
8980,-9,141,1,1,1,0.500222,0.977568,logprobs,DekaLLM
8981,-9,143,1,1,0,0.377702,0.973975,logprobs,DekaLLM
8982,-9,145,0,0,1,0.622668,0.970374,logprobs,DekaLLM
8983,-9,147,1,1,1,0.500135,0.977672,logprobs,DekaLLM
8984,-9,149,0,0,0,0.377702,0.979933,logprobs,DekaLLM
8985,-9,151,0,0,0,0.377671,0.98152,logprobs,DekaLLM
8986,-9,153,0,0,0,0.182459,0.981922,logprobs,DekaLLM
8987,-9,155,0,0,0,0.269076,0.978762,logprobs,DekaLLM
8988,-9,157,0,0,0,0.26901,0.978591,logprobs,DekaLLM
8989,-9,159,0,0,0,0.26901,0.980989,logprobs,DekaLLM
8990,-9,161,1,1,0,0.182459,0.982728,logprobs,DekaLLM
8991,-9,163,0,0,0,0.182377,0.980247,logprobs,DekaLLM
8992,-9,165,0,0,0,0.047417,0.987328,logprobs,DekaLLM
8993,-9,167,0,0,0,0.119169,0.978401,logprobs,DekaLLM
8994,-9,169,0,0,0,0.07585,0.980781,logprobs,DekaLLM
8995,-9,171,0,0,0,0.268901,0.978372,logprobs,DekaLLM
8996,-9,173,0,0,0,0.075844,0.98708,logprobs,DekaLLM
8997,-9,175,0,0,0,0.119169,0.981889,logprobs,DekaLLM
8998,-9,177,0,0,0,0.075844,0.976153,logprobs,DekaLLM
8999,-9,179,0,0,0,0.182395,0.978552,logprobs,DekaLLM
9000,-11,-179,0,0,0,0.075844,0.985067,logprobs,DekaLLM
9001,-11,-177,0,0,0,0.017984,0.99279,logprobs,DekaLLM
9002,-11,-175,0,0,0,0.029307,0.988077,logprobs,DekaLLM
9003,-11,-173,0,0,0,0.017983,0.988441,logprobs,DekaLLM
9004,-11,-171,0,0,0,0.017983,0.987346,logprobs,DekaLLM
9005,-11,-169,0,0,0,0.006692,0.987831,logprobs,DekaLLM
9006,-11,-167,0,0,0,0.010986,0.990237,logprobs,DekaLLM
9007,-11,-165,0,0,0,0.00407,0.989056,logprobs,DekaLLM
9008,-11,-163,0,0,0,0.010985,0.987168,logprobs,DekaLLM
9009,-11,-161,0,0,0,0.010985,0.988846,logprobs,DekaLLM
9010,-11,-159,0,0,0,0.010985,0.989066,logprobs,DekaLLM
9011,-11,-157,0,0,0,0.017983,0.988778,logprobs,DekaLLM
9012,-11,-155,0,0,0,0.010985,0.988767,logprobs,DekaLLM
9013,-11,-153,0,0,0,0.017983,0.985352,logprobs,DekaLLM
9014,-11,-151,0,0,0,0.017983,0.984531,logprobs,DekaLLM
9015,-11,-149,0,0,0,0.010985,0.986118,logprobs,DekaLLM
9016,-11,-147,0,0,0,0.017981,0.979952,logprobs,DekaLLM
9017,-11,-145,0,0,0,0.017983,0.984503,logprobs,DekaLLM
9018,-11,-143,0,0,0,0.017983,0.986346,logprobs,DekaLLM
9019,-11,-141,0,0,0,0.017983,0.984585,logprobs,DekaLLM
9020,-11,-139,0,0,0,0.017983,0.987269,logprobs,DekaLLM
9021,-11,-137,0,0,0,0.010985,0.981037,logprobs,DekaLLM
9022,-11,-135,0,0,0,0.010985,0.988243,logprobs,DekaLLM
9023,-11,-133,0,0,0,0.017981,0.982192,logprobs,DekaLLM
9024,-11,-131,0,0,0,0.017983,0.986814,logprobs,DekaLLM
9025,-11,-129,0,0,0,0.017983,0.988048,logprobs,DekaLLM
9026,-11,-127,0,0,0,0.010984,0.987732,logprobs,DekaLLM
9027,-11,-125,0,0,0,0.017983,0.988779,logprobs,DekaLLM
9028,-11,-123,0,0,0,0.017983,0.985537,logprobs,DekaLLM
9029,-11,-121,0,0,0,0.075844,0.979124,logprobs,DekaLLM
9030,-11,-119,0,0,0,0.047411,0.982605,logprobs,DekaLLM
9031,-11,-117,0,0,0,0.182509,0.987394,logprobs,DekaLLM
9032,-11,-115,0,0,0,0.119169,0.981938,logprobs,DekaLLM
9033,-11,-113,0,0,0,0.075835,0.969616,logprobs,DekaLLM
9034,-11,-111,0,0,0,0.377623,0.986818,logprobs,DekaLLM
9035,-11,-109,0,0,0,0.11919,0.984377,logprobs,DekaLLM
9036,-11,-107,0,0,0,0.26901,0.982401,logprobs,DekaLLM
9037,-11,-105,0,0,0,0.269076,0.981504,logprobs,DekaLLM
9038,-11,-103,0,0,0,0.37765,0.981468,logprobs,DekaLLM
9039,-11,-101,0,0,0,0.269076,0.981682,logprobs,DekaLLM
9040,-11,-99,0,0,0,0.269076,0.9832,logprobs,DekaLLM
9041,-11,-97,0,0,0,0.377702,0.981225,logprobs,DekaLLM
9042,-11,-95,0,0,1,0.500105,0.977286,logprobs,DekaLLM
9043,-11,-93,0,0,0,0.182459,0.984283,logprobs,DekaLLM
9044,-11,-91,0,0,0,0.119169,0.982265,logprobs,DekaLLM
9045,-11,-89,0,0,0,0.377619,0.984852,logprobs,DekaLLM
9046,-11,-87,0,0,0,0.182377,0.984741,logprobs,DekaLLM
9047,-11,-85,0,0,0,0.268967,0.982581,logprobs,DekaLLM
9048,-11,-83,0,0,1,0.500222,0.974271,logprobs,DekaLLM
9049,-11,-81,0,0,1,0.500135,0.985473,logprobs,DekaLLM
9050,-11,-79,0,0,1,0.500222,0.980337,logprobs,DekaLLM
9051,-11,-77,1,1,1,0.622617,0.984737,logprobs,DekaLLM
9052,-11,-75,1,1,1,0.500168,0.980691,logprobs,DekaLLM
9053,-11,-73,1,1,1,0.622617,0.976463,logprobs,DekaLLM
9054,-11,-71,1,1,1,0.817635,0.983504,logprobs,DekaLLM
9055,-11,-69,1,1,0,0.37765,0.978088,logprobs,DekaLLM
9056,-11,-67,1,1,0,0.377702,0.977705,logprobs,DekaLLM
9057,-11,-65,1,1,1,0.500084,0.982154,logprobs,DekaLLM
9058,-11,-63,1,1,0,0.377749,0.96809,logprobs,DekaLLM
9059,-11,-61,1,1,0,0.377702,0.978264,logprobs,DekaLLM
9060,-11,-59,1,1,0,0.377619,0.969078,logprobs,DekaLLM
9061,-11,-57,1,1,0,0.377749,0.970631,logprobs,DekaLLM
9062,-11,-55,1,1,1,0.500135,0.972502,logprobs,DekaLLM
9063,-11,-53,1,1,1,0.500222,0.968648,logprobs,DekaLLM
9064,-11,-51,1,1,1,0.622604,0.980557,logprobs,DekaLLM
9065,-11,-49,1,1,1,0.817686,0.978327,logprobs,DekaLLM
9066,-11,-47,1,1,1,0.92417,0.97926,logprobs,DekaLLM
9067,-11,-45,1,1,1,0.622586,0.982344,logprobs,DekaLLM
9068,-11,-43,1,0,1,0.73119,0.970813,logprobs,DekaLLM
9069,-11,-41,1,1,1,0.622617,0.974956,logprobs,DekaLLM
9070,-11,-39,1,1,1,0.500168,0.974472,logprobs,DekaLLM
9071,-11,-37,0,0,1,0.500135,0.981582,logprobs,DekaLLM
9072,-11,-35,0,0,0,0.377702,0.984409,logprobs,DekaLLM
9073,-11,-33,0,0,0,0.377749,0.981824,logprobs,DekaLLM
9074,-11,-31,0,0,0,0.37765,0.980773,logprobs,DekaLLM
9075,-11,-29,0,0,0,0.377671,0.978957,logprobs,DekaLLM
9076,-11,-27,0,0,0,0.269076,0.976069,logprobs,DekaLLM
9077,-11,-25,0,0,0,0.182445,0.986235,logprobs,DekaLLM
9078,-11,-23,0,0,0,0.268967,0.982548,logprobs,DekaLLM
9079,-11,-21,0,0,0,0.119174,0.981988,logprobs,DekaLLM
9080,-11,-19,0,0,0,0.182478,0.978272,logprobs,DekaLLM
9081,-11,-17,0,0,0,0.182459,0.981666,logprobs,DekaLLM
9082,-11,-15,0,0,0,0.182478,0.983159,logprobs,DekaLLM
9083,-11,-13,0,0,0,0.11924,0.981051,logprobs,DekaLLM
9084,-11,-11,0,0,0,0.377749,0.976376,logprobs,DekaLLM
9085,-11,-9,0,0,0,0.377749,0.971949,logprobs,DekaLLM
9086,-11,-7,0,0,0,0.269076,0.982605,logprobs,DekaLLM
9087,-11,-5,0,0,0,0.377702,0.977538,logprobs,DekaLLM
9088,-11,-3,0,0,0,0.377667,0.982138,logprobs,DekaLLM
9089,-11,-1,0,0,0,0.269116,0.982217,logprobs,DekaLLM
9090,-11,1,0,0,0,0.377667,0.975016,logprobs,DekaLLM
9091,-11,3,0,0,0,0.377667,0.983026,logprobs,DekaLLM
9092,-11,5,0,0,1,0.500189,0.979399,logprobs,DekaLLM
9093,-11,7,0,0,0,0.377702,0.974155,logprobs,DekaLLM
9094,-11,9,0,0,1,0.500138,0.984275,logprobs,DekaLLM
9095,-11,11,0,0,1,0.500135,0.982783,logprobs,DekaLLM
9096,-11,13,0,0,0,0.377638,0.982853,logprobs,DekaLLM
9097,-11,15,1,1,0,0.377749,0.979883,logprobs,DekaLLM
9098,-11,17,1,1,1,0.500222,0.968094,logprobs,DekaLLM
9099,-11,19,1,1,1,0.500084,0.984145,logprobs,DekaLLM
9100,-11,21,1,1,1,0.500171,0.978479,logprobs,DekaLLM
9101,-11,23,1,1,1,0.622586,0.982667,logprobs,DekaLLM
9102,-11,25,1,1,1,0.622668,0.981227,logprobs,DekaLLM
9103,-11,27,1,0,1,0.731165,0.972932,logprobs,DekaLLM
9104,-11,29,1,1,1,0.622586,0.982157,logprobs,DekaLLM
9105,-11,31,1,1,1,0.500135,0.981784,logprobs,DekaLLM
9106,-11,33,1,1,1,0.622586,0.976126,logprobs,DekaLLM
9107,-11,35,1,1,1,0.731165,0.979303,logprobs,DekaLLM
9108,-11,37,1,1,1,0.622555,0.982279,logprobs,DekaLLM
9109,-11,39,1,1,1,0.500138,0.976588,logprobs,DekaLLM
9110,-11,41,0,0,0,0.377702,0.971689,logprobs,DekaLLM
9111,-11,43,0,0,0,0.377572,0.981106,logprobs,DekaLLM
9112,-11,45,0,0,0,0.377671,0.975034,logprobs,DekaLLM
9113,-11,47,0,0,1,0.500189,0.977049,logprobs,DekaLLM
9114,-11,49,0,0,1,0.500222,0.976298,logprobs,DekaLLM
9115,-11,51,0,0,1,0.500171,0.983477,logprobs,DekaLLM
9116,-11,53,0,0,1,0.500171,0.978958,logprobs,DekaLLM
9117,-11,55,0,0,0,0.26901,0.982365,logprobs,DekaLLM
9118,-11,57,0,0,0,0.377702,0.981274,logprobs,DekaLLM
9119,-11,59,0,0,0,0.377749,0.979407,logprobs,DekaLLM
9120,-11,61,0,0,0,0.377702,0.980897,logprobs,DekaLLM
9121,-11,63,0,0,0,0.377702,0.980681,logprobs,DekaLLM
9122,-11,65,0,0,0,0.377667,0.981557,logprobs,DekaLLM
9123,-11,67,0,0,0,0.377638,0.983868,logprobs,DekaLLM
9124,-11,69,0,0,1,0.500135,0.978082,logprobs,DekaLLM
9125,-11,71,0,0,1,0.500084,0.976615,logprobs,DekaLLM
9126,-11,73,0,0,0,0.269076,0.978503,logprobs,DekaLLM
9127,-11,75,0,0,0,0.377702,0.979083,logprobs,DekaLLM
9128,-11,77,0,0,1,0.622719,0.969114,logprobs,DekaLLM
9129,-11,79,0,0,1,0.500222,0.975618,logprobs,DekaLLM
9130,-11,81,0,0,1,0.500138,0.977035,logprobs,DekaLLM
9131,-11,83,0,0,0,0.26905,0.980631,logprobs,DekaLLM
9132,-11,85,0,0,0,0.26897,0.977696,logprobs,DekaLLM
9133,-11,87,0,0,0,0.182395,0.982219,logprobs,DekaLLM
9134,-11,89,0,0,0,0.268967,0.982919,logprobs,DekaLLM
9135,-11,91,0,0,0,0.075844,0.975512,logprobs,DekaLLM
9136,-11,93,0,0,0,0.075839,0.984218,logprobs,DekaLLM
9137,-11,95,0,0,0,0.182434,0.985554,logprobs,DekaLLM
9138,-11,97,0,0,0,0.075883,0.989547,logprobs,DekaLLM
9139,-11,99,0,0,0,0.269076,0.977953,logprobs,DekaLLM
9140,-11,101,0,0,0,0.377671,0.976779,logprobs,DekaLLM
9141,-11,103,0,0,0,0.269076,0.98007,logprobs,DekaLLM
9142,-11,105,0,0,0,0.26905,0.978917,logprobs,DekaLLM
9143,-11,107,0,0,0,0.269092,0.981064,logprobs,DekaLLM
9144,-11,109,0,0,0,0.268986,0.9848,logprobs,DekaLLM
9145,-11,111,0,0,0,0.269052,0.984422,logprobs,DekaLLM
9146,-11,113,0,0,0,0.269076,0.979564,logprobs,DekaLLM
9147,-11,115,0,0,1,0.500135,0.981981,logprobs,DekaLLM
9148,-11,117,0,0,0,0.269076,0.977235,logprobs,DekaLLM
9149,-11,119,0,0,0,0.377673,0.982704,logprobs,DekaLLM
9150,-11,121,0,0,0,0.377623,0.973564,logprobs,DekaLLM
9151,-11,123,0,0,0,0.377667,0.982041,logprobs,DekaLLM
9152,-11,125,0,0,1,0.500138,0.979097,logprobs,DekaLLM
9153,-11,127,0,0,0,0.269076,0.980307,logprobs,DekaLLM
9154,-11,129,0,0,0,0.377749,0.983064,logprobs,DekaLLM
9155,-11,131,0,0,1,0.622586,0.975803,logprobs,DekaLLM
9156,-11,133,0,0,1,0.622668,0.973648,logprobs,DekaLLM
9157,-11,135,0,0,0,0.377718,0.977367,logprobs,DekaLLM
9158,-11,137,0,0,1,0.500084,0.979263,logprobs,DekaLLM
9159,-11,139,0,0,0,0.269076,0.983935,logprobs,DekaLLM
9160,-11,141,0,0,0,0.377667,0.976651,logprobs,DekaLLM
9161,-11,143,0,0,1,0.500222,0.971408,logprobs,DekaLLM
9162,-11,145,0,0,1,0.500189,0.98013,logprobs,DekaLLM
9163,-11,147,0,0,1,0.500104,0.982466,logprobs,DekaLLM
9164,-11,149,0,0,0,0.377671,0.98284,logprobs,DekaLLM
9165,-11,151,0,0,0,0.377671,0.981024,logprobs,DekaLLM
9166,-11,153,0,0,0,0.377619,0.982583,logprobs,DekaLLM
9167,-11,155,0,0,0,0.119182,0.984164,logprobs,DekaLLM
9168,-11,157,0,0,0,0.075844,0.985271,logprobs,DekaLLM
9169,-11,159,0,0,0,0.119182,0.982968,logprobs,DekaLLM
9170,-11,161,0,0,0,0.075844,0.983072,logprobs,DekaLLM
9171,-11,163,0,0,0,0.075844,0.985466,logprobs,DekaLLM
9172,-11,165,0,0,0,0.075844,0.976934,logprobs,DekaLLM
9173,-11,167,0,0,0,0.119182,0.981615,logprobs,DekaLLM
9174,-11,169,0,0,0,0.11919,0.987209,logprobs,DekaLLM
9175,-11,171,0,0,0,0.182395,0.982525,logprobs,DekaLLM
9176,-11,173,0,0,0,0.075844,0.986244,logprobs,DekaLLM
9177,-11,175,0,0,0,0.07585,0.987918,logprobs,DekaLLM
9178,-11,177,0,0,0,0.075839,0.983834,logprobs,DekaLLM
9179,-11,179,0,0,0,0.119182,0.979704,logprobs,DekaLLM
9180,-13,-179,0,0,0,0.047413,0.982756,logprobs,DekaLLM
9181,-13,-177,0,0,0,0.017983,0.987583,logprobs,DekaLLM
9182,-13,-175,0,0,0,0.017983,0.986886,logprobs,DekaLLM
9183,-13,-173,0,0,0,0.029307,0.984102,logprobs,DekaLLM
9184,-13,-171,0,0,0,0.010985,0.989864,logprobs,DekaLLM
9185,-13,-169,0,0,0,0.006692,0.984389,logprobs,DekaLLM
9186,-13,-167,0,0,0,0.006692,0.989632,logprobs,DekaLLM
9187,-13,-165,0,0,0,0.006692,0.987682,logprobs,DekaLLM
9188,-13,-163,0,0,0,0.006692,0.985982,logprobs,DekaLLM
9189,-13,-161,0,0,0,0.006692,0.990171,logprobs,DekaLLM
9190,-13,-159,0,0,0,0.010985,0.987789,logprobs,DekaLLM
9191,-13,-157,0,0,0,0.010985,0.984628,logprobs,DekaLLM
9192,-13,-155,0,0,0,0.010985,0.984121,logprobs,DekaLLM
9193,-13,-153,0,0,0,0.010985,0.986082,logprobs,DekaLLM
9194,-13,-151,0,0,0,0.010986,0.985927,logprobs,DekaLLM
9195,-13,-149,0,0,0,0.010985,0.991209,logprobs,DekaLLM
9196,-13,-147,0,0,0,0.00407,0.992341,logprobs,DekaLLM
9197,-13,-145,0,0,0,0.017983,0.980189,logprobs,DekaLLM
9198,-13,-143,0,0,0,0.017983,0.988324,logprobs,DekaLLM
9199,-13,-141,0,0,0,0.029307,0.987349,logprobs,DekaLLM
9200,-13,-139,0,0,0,0.010986,0.983794,logprobs,DekaLLM
9201,-13,-137,0,0,0,0.010985,0.983789,logprobs,DekaLLM
9202,-13,-135,0,0,0,0.047417,0.985771,logprobs,DekaLLM
9203,-13,-133,0,0,0,0.010985,0.986631,logprobs,DekaLLM
9204,-13,-131,0,0,0,0.047413,0.985853,logprobs,DekaLLM
9205,-13,-129,0,0,0,0.119169,0.983193,logprobs,DekaLLM
9206,-13,-127,0,0,0,0.029307,0.984881,logprobs,DekaLLM
9207,-13,-125,0,0,0,0.029307,0.980401,logprobs,DekaLLM
9208,-13,-123,0,0,0,0.029307,0.982059,logprobs,DekaLLM
9209,-13,-121,0,0,0,0.047413,0.98334,logprobs,DekaLLM
9210,-13,-119,0,0,0,0.029303,0.984221,logprobs,DekaLLM
9211,-13,-117,0,0,0,0.075839,0.986259,logprobs,DekaLLM
9212,-13,-115,0,0,0,0.075835,0.984801,logprobs,DekaLLM
9213,-13,-113,0,0,0,0.047417,0.985648,logprobs,DekaLLM
9214,-13,-111,0,0,0,0.182459,0.980695,logprobs,DekaLLM
9215,-13,-109,0,0,0,0.182427,0.985685,logprobs,DekaLLM
9216,-13,-107,0,0,0,0.377749,0.976419,logprobs,DekaLLM
9217,-13,-105,0,0,0,0.377619,0.984558,logprobs,DekaLLM
9218,-13,-103,0,0,0,0.377698,0.980192,logprobs,DekaLLM
9219,-13,-101,0,0,0,0.377654,0.983946,logprobs,DekaLLM
9220,-13,-99,0,0,0,0.377702,0.981234,logprobs,DekaLLM
9221,-13,-97,0,0,0,0.377749,0.974851,logprobs,DekaLLM
9222,-13,-95,0,0,0,0.182459,0.985879,logprobs,DekaLLM
9223,-13,-93,0,0,0,0.182459,0.983878,logprobs,DekaLLM
9224,-13,-91,0,0,0,0.119182,0.983757,logprobs,DekaLLM
9225,-13,-89,0,0,0,0.37772,0.984968,logprobs,DekaLLM
9226,-13,-87,0,0,0,0.269076,0.981244,logprobs,DekaLLM
9227,-13,-85,0,0,0,0.377702,0.983998,logprobs,DekaLLM
9228,-13,-83,0,0,0,0.37765,0.980913,logprobs,DekaLLM
9229,-13,-81,0,0,1,0.500171,0.977095,logprobs,DekaLLM
9230,-13,-79,0,0,1,0.500117,0.980807,logprobs,DekaLLM
9231,-13,-77,0,0,1,0.622617,0.977879,logprobs,DekaLLM
9232,-13,-75,1,1,1,0.500168,0.981602,logprobs,DekaLLM
9233,-13,-73,1,1,1,0.500222,0.981087,logprobs,DekaLLM
9234,-13,-71,1,1,1,0.731139,0.97683,logprobs,DekaLLM
9235,-13,-69,1,1,1,0.622586,0.985796,logprobs,DekaLLM
9236,-13,-67,1,1,1,0.500168,0.973058,logprobs,DekaLLM
9237,-13,-65,1,1,1,0.73119,0.976245,logprobs,DekaLLM
9238,-13,-63,1,1,0,0.377698,0.979288,logprobs,DekaLLM
9239,-13,-61,1,1,1,0.500084,0.9764,logprobs,DekaLLM
9240,-13,-59,1,1,0,0.377749,0.979761,logprobs,DekaLLM
9241,-13,-57,1,1,1,0.500135,0.975896,logprobs,DekaLLM
9242,-13,-55,1,1,1,0.731165,0.969768,logprobs,DekaLLM
9243,-13,-53,1,1,1,0.731153,0.976932,logprobs,DekaLLM
9244,-13,-51,1,1,1,0.731164,0.972693,logprobs,DekaLLM
9245,-13,-49,1,1,1,0.88084,0.975724,logprobs,DekaLLM
9246,-13,-47,1,1,1,0.924168,0.98411,logprobs,DekaLLM
9247,-13,-45,1,1,0,0.377749,0.969902,logprobs,DekaLLM
9248,-13,-43,1,1,1,0.817635,0.983499,logprobs,DekaLLM
9249,-13,-41,1,1,1,0.731165,0.976208,logprobs,DekaLLM
9250,-13,-39,1,1,1,0.500171,0.975843,logprobs,DekaLLM
9251,-13,-37,0,0,0,0.377667,0.981115,logprobs,DekaLLM
9252,-13,-35,0,0,1,0.500135,0.980528,logprobs,DekaLLM
9253,-13,-33,0,0,0,0.269076,0.976934,logprobs,DekaLLM
9254,-13,-31,0,0,0,0.269119,0.97656,logprobs,DekaLLM
9255,-13,-29,0,0,0,0.268984,0.982955,logprobs,DekaLLM
9256,-13,-27,0,0,0,0.26897,0.975563,logprobs,DekaLLM
9257,-13,-25,0,0,0,0.18244,0.976703,logprobs,DekaLLM
9258,-13,-23,0,0,0,0.269076,0.975449,logprobs,DekaLLM
9259,-13,-21,0,0,0,0.182459,0.977783,logprobs,DekaLLM
9260,-13,-19,0,0,0,0.182439,0.984708,logprobs,DekaLLM
9261,-13,-17,0,0,0,0.182427,0.984368,logprobs,DekaLLM
9262,-13,-15,0,0,0,0.18256,0.980156,logprobs,DekaLLM
9263,-13,-13,0,0,0,0.26901,0.978791,logprobs,DekaLLM
9264,-13,-11,0,0,0,0.377667,0.98357,logprobs,DekaLLM
9265,-13,-9,0,0,0,0.377749,0.971202,logprobs,DekaLLM
9266,-13,-7,0,0,0,0.269076,0.97603,logprobs,DekaLLM
9267,-13,-5,0,0,0,0.377702,0.974282,logprobs,DekaLLM
9268,-13,-3,0,0,1,0.500117,0.982565,logprobs,DekaLLM
9269,-13,-1,0,0,0,0.377667,0.979719,logprobs,DekaLLM
9270,-13,1,0,0,0,0.377623,0.97645,logprobs,DekaLLM
9271,-13,3,0,0,0,0.377749,0.972903,logprobs,DekaLLM
9272,-13,5,0,0,1,0.500171,0.972801,logprobs,DekaLLM
9273,-13,7,0,0,1,0.500084,0.977762,logprobs,DekaLLM
9274,-13,9,0,0,1,0.500189,0.977979,logprobs,DekaLLM
9275,-13,11,0,0,0,0.377702,0.97863,logprobs,DekaLLM
9276,-13,13,1,1,0,0.377702,0.979582,logprobs,DekaLLM
9277,-13,15,1,1,0,0.377623,0.97456,logprobs,DekaLLM
9278,-13,17,1,1,1,0.500135,0.983473,logprobs,DekaLLM
9279,-13,19,1,1,1,0.500135,0.970215,logprobs,DekaLLM
9280,-13,21,1,1,1,0.500189,0.971487,logprobs,DekaLLM
9281,-13,23,1,1,1,0.731165,0.972295,logprobs,DekaLLM
9282,-13,25,1,1,1,0.73119,0.973881,logprobs,DekaLLM
9283,-13,27,1,1,1,0.817666,0.979791,logprobs,DekaLLM
9284,-13,29,1,1,1,0.817674,0.974573,logprobs,DekaLLM
9285,-13,31,1,1,1,0.817635,0.973912,logprobs,DekaLLM
9286,-13,33,1,1,1,0.817655,0.971938,logprobs,DekaLLM
9287,-13,35,1,1,1,0.924174,0.984637,logprobs,DekaLLM
9288,-13,37,1,1,1,0.73119,0.97276,logprobs,DekaLLM
9289,-13,39,1,1,1,0.500135,0.978643,logprobs,DekaLLM
9290,-13,41,0,0,1,0.500222,0.976099,logprobs,DekaLLM
9291,-13,43,0,0,0,0.377669,0.985677,logprobs,DekaLLM
9292,-13,45,0,0,0,0.377667,0.98319,logprobs,DekaLLM
9293,-13,47,0,0,1,0.622586,0.976052,logprobs,DekaLLM
9294,-13,49,1,1,1,0.500104,0.985609,logprobs,DekaLLM
9295,-13,51,0,0,1,0.622586,0.972371,logprobs,DekaLLM
9296,-13,53,0,0,1,0.622586,0.97563,logprobs,DekaLLM
9297,-13,55,0,0,0,0.377619,0.985126,logprobs,DekaLLM
9298,-13,57,0,0,0,0.377623,0.971625,logprobs,DekaLLM
9299,-13,59,0,0,1,0.500135,0.976006,logprobs,DekaLLM
9300,-13,61,0,0,0,0.377702,0.981576,logprobs,DekaLLM
9301,-13,63,0,0,0,0.269076,0.979716,logprobs,DekaLLM
9302,-13,65,0,0,0,0.377702,0.976351,logprobs,DekaLLM
9303,-13,67,0,0,0,0.377671,0.97944,logprobs,DekaLLM
9304,-13,69,0,0,0,0.377718,0.980399,logprobs,DekaLLM
9305,-13,71,0,0,1,0.50022,0.969625,logprobs,DekaLLM
9306,-13,73,0,0,0,0.377654,0.970572,logprobs,DekaLLM
9307,-13,75,0,0,1,0.622538,0.981719,logprobs,DekaLLM
9308,-13,77,0,0,1,0.622646,0.974735,logprobs,DekaLLM
9309,-13,79,0,0,0,0.377749,0.980395,logprobs,DekaLLM
9310,-13,81,0,0,1,0.500222,0.964087,logprobs,DekaLLM
9311,-13,83,0,0,1,0.500084,0.979865,logprobs,DekaLLM
9312,-13,85,0,0,1,0.500222,0.971792,logprobs,DekaLLM
9313,-13,87,0,0,0,0.377671,0.980197,logprobs,DekaLLM
9314,-13,89,0,0,0,0.269076,0.982556,logprobs,DekaLLM
9315,-13,91,0,0,0,0.075844,0.987214,logprobs,DekaLLM
9316,-13,93,0,0,0,0.119182,0.985404,logprobs,DekaLLM
9317,-13,95,0,0,0,0.11924,0.984348,logprobs,DekaLLM
9318,-13,97,0,0,0,0.182459,0.982708,logprobs,DekaLLM
9319,-13,99,0,0,0,0.26901,0.976913,logprobs,DekaLLM
9320,-13,101,0,0,0,0.377671,0.981803,logprobs,DekaLLM
9321,-13,103,0,0,1,0.500073,0.985982,logprobs,DekaLLM
9322,-13,105,0,0,0,0.377702,0.982132,logprobs,DekaLLM
9323,-13,107,0,0,1,0.500117,0.979228,logprobs,DekaLLM
9324,-13,109,0,0,0,0.269076,0.976546,logprobs,DekaLLM
9325,-13,111,0,0,0,0.268984,0.977549,logprobs,DekaLLM
9326,-13,113,0,0,0,0.268943,0.982354,logprobs,DekaLLM
9327,-13,115,0,0,0,0.269076,0.982374,logprobs,DekaLLM
9328,-13,117,0,0,0,0.182427,0.982407,logprobs,DekaLLM
9329,-13,119,0,0,0,0.268983,0.985652,logprobs,DekaLLM
9330,-13,121,0,0,0,0.269076,0.98075,logprobs,DekaLLM
9331,-13,123,0,0,1,0.500135,0.979113,logprobs,DekaLLM
9332,-13,125,0,0,1,0.622604,0.985497,logprobs,DekaLLM
9333,-13,127,0,0,0,0.377619,0.984943,logprobs,DekaLLM
9334,-13,129,0,0,1,0.622586,0.982667,logprobs,DekaLLM
9335,-13,131,1,1,1,0.731163,0.982999,logprobs,DekaLLM
9336,-13,133,1,1,1,0.731123,0.980022,logprobs,DekaLLM
9337,-13,135,1,1,1,0.500222,0.97818,logprobs,DekaLLM
9338,-13,137,0,0,1,0.622586,0.976983,logprobs,DekaLLM
9339,-13,139,0,0,1,0.500166,0.984599,logprobs,DekaLLM
9340,-13,141,0,0,1,0.731139,0.974635,logprobs,DekaLLM
9341,-13,143,1,1,1,0.731165,0.964941,logprobs,DekaLLM
9342,-13,145,0,0,1,0.622615,0.977799,logprobs,DekaLLM
9343,-13,147,0,0,1,0.500135,0.969198,logprobs,DekaLLM
9344,-13,149,0,0,0,0.377667,0.98184,logprobs,DekaLLM
9345,-13,151,0,0,1,0.500138,0.979535,logprobs,DekaLLM
9346,-13,153,0,0,0,0.377638,0.982476,logprobs,DekaLLM
9347,-13,155,0,0,0,0.269092,0.985602,logprobs,DekaLLM
9348,-13,157,0,0,0,0.075844,0.984212,logprobs,DekaLLM
9349,-13,159,0,0,0,0.119182,0.98105,logprobs,DekaLLM
9350,-13,161,0,0,0,0.119182,0.984143,logprobs,DekaLLM
9351,-13,163,0,0,0,0.119169,0.980318,logprobs,DekaLLM
9352,-13,165,0,0,0,0.119169,0.973376,logprobs,DekaLLM
9353,-13,167,0,0,0,0.182395,0.983178,logprobs,DekaLLM
9354,-13,169,0,0,0,0.119182,0.986826,logprobs,DekaLLM
9355,-13,171,0,0,0,0.268983,0.983964,logprobs,DekaLLM
9356,-13,173,0,0,0,0.119182,0.980917,logprobs,DekaLLM
9357,-13,175,0,0,0,0.075844,0.981733,logprobs,DekaLLM
9358,-13,177,0,0,0,0.119182,0.978061,logprobs,DekaLLM
9359,-13,179,0,0,0,0.11924,0.978089,logprobs,DekaLLM
9360,-15,-179,0,0,0,0.04742,0.988693,logprobs,DekaLLM
9361,-15,-177,0,0,0,0.029307,0.984974,logprobs,DekaLLM
9362,-15,-175,0,0,0,0.029309,0.987206,logprobs,DekaLLM
9363,-15,-173,0,0,0,0.017984,0.988711,logprobs,DekaLLM
9364,-15,-171,0,0,0,0.029307,0.986842,logprobs,DekaLLM
9365,-15,-169,0,0,0,0.010986,0.989069,logprobs,DekaLLM
9366,-15,-167,0,0,0,0.006692,0.985824,logprobs,DekaLLM
9367,-15,-165,0,0,0,0.006692,0.986141,logprobs,DekaLLM
9368,-15,-163,0,0,0,0.017983,0.987515,logprobs,DekaLLM
9369,-15,-161,0,0,0,0.010985,0.990207,logprobs,DekaLLM
9370,-15,-159,0,0,0,0.010985,0.988932,logprobs,DekaLLM
9371,-15,-157,0,0,0,0.010985,0.990684,logprobs,DekaLLM
9372,-15,-155,0,0,0,0.010985,0.991857,logprobs,DekaLLM
9373,-15,-153,0,0,0,0.010985,0.98608,logprobs,DekaLLM
9374,-15,-151,0,0,0,0.006692,0.990538,logprobs,DekaLLM
9375,-15,-149,0,0,0,0.017984,0.991868,logprobs,DekaLLM
9376,-15,-147,0,0,0,0.010985,0.985923,logprobs,DekaLLM
9377,-15,-145,0,0,0,0.006692,0.988237,logprobs,DekaLLM
9378,-15,-143,0,0,0,0.029304,0.985869,logprobs,DekaLLM
9379,-15,-141,0,0,0,0.029304,0.978421,logprobs,DekaLLM
9380,-15,-139,0,0,0,0.010985,0.991141,logprobs,DekaLLM
9381,-15,-137,0,0,0,0.010985,0.985563,logprobs,DekaLLM
9382,-15,-135,0,0,0,0.047417,0.988087,logprobs,DekaLLM
9383,-15,-133,0,0,0,0.047411,0.98116,logprobs,DekaLLM
9384,-15,-131,0,0,0,0.029307,0.987591,logprobs,DekaLLM
9385,-15,-129,0,0,0,0.047413,0.980299,logprobs,DekaLLM
9386,-15,-127,0,0,0,0.010985,0.985498,logprobs,DekaLLM
9387,-15,-125,0,0,0,0.010985,0.990571,logprobs,DekaLLM
9388,-15,-123,0,0,0,0.017981,0.978419,logprobs,DekaLLM
9389,-15,-121,0,0,0,0.029307,0.985751,logprobs,DekaLLM
9390,-15,-119,0,0,0,0.010985,0.989356,logprobs,DekaLLM
9391,-15,-117,0,0,0,0.075835,0.978973,logprobs,DekaLLM
9392,-15,-115,0,0,0,0.119217,0.986895,logprobs,DekaLLM
9393,-15,-113,0,0,0,0.047413,0.982403,logprobs,DekaLLM
9394,-15,-111,0,0,0,0.119174,0.986823,logprobs,DekaLLM
9395,-15,-109,0,0,0,0.119182,0.981358,logprobs,DekaLLM
9396,-15,-107,0,0,0,0.268967,0.978018,logprobs,DekaLLM
9397,-15,-105,0,0,0,0.269076,0.981516,logprobs,DekaLLM
9398,-15,-103,0,0,0,0.377623,0.984163,logprobs,DekaLLM
9399,-15,-101,0,0,0,0.182478,0.984575,logprobs,DekaLLM
9400,-15,-99,0,0,0,0.377671,0.975681,logprobs,DekaLLM
9401,-15,-97,0,0,0,0.377619,0.985972,logprobs,DekaLLM
9402,-15,-95,0,0,0,0.26901,0.978142,logprobs,DekaLLM
9403,-15,-93,0,0,0,0.182459,0.982596,logprobs,DekaLLM
9404,-15,-91,0,0,0,0.182478,0.978543,logprobs,DekaLLM
9405,-15,-89,0,0,0,0.377702,0.983535,logprobs,DekaLLM
9406,-15,-87,0,0,0,0.269116,0.978819,logprobs,DekaLLM
9407,-15,-85,0,0,0,0.18256,0.986189,logprobs,DekaLLM
9408,-15,-83,0,0,0,0.269076,0.980742,logprobs,DekaLLM
9409,-15,-81,0,0,0,0.377749,0.976464,logprobs,DekaLLM
9410,-15,-79,0,0,1,0.500135,0.980743,logprobs,DekaLLM
9411,-15,-77,0,0,1,0.622719,0.972022,logprobs,DekaLLM
9412,-15,-75,1,1,1,0.500135,0.982159,logprobs,DekaLLM
9413,-15,-73,1,1,0,0.377753,0.978732,logprobs,DekaLLM
9414,-15,-71,1,1,1,0.622668,0.976466,logprobs,DekaLLM
9415,-15,-69,1,1,1,0.500168,0.979617,logprobs,DekaLLM
9416,-15,-67,1,1,0,0.269076,0.983926,logprobs,DekaLLM
9417,-15,-65,1,1,1,0.500168,0.977147,logprobs,DekaLLM
9418,-15,-63,1,1,1,0.500084,0.982501,logprobs,DekaLLM
9419,-15,-61,1,1,0,0.377749,0.975566,logprobs,DekaLLM
9420,-15,-59,1,1,0,0.377702,0.97504,logprobs,DekaLLM
9421,-15,-57,1,1,1,0.622668,0.978215,logprobs,DekaLLM
9422,-15,-55,1,1,1,0.500222,0.977153,logprobs,DekaLLM
9423,-15,-53,1,1,1,0.500168,0.975359,logprobs,DekaLLM
9424,-15,-51,1,1,1,0.731205,0.976607,logprobs,DekaLLM
9425,-15,-49,1,1,1,0.817635,0.979184,logprobs,DekaLLM
9426,-15,-47,1,1,1,0.92417,0.983985,logprobs,DekaLLM
9427,-15,-45,1,1,0,0.269033,0.977727,logprobs,DekaLLM
9428,-15,-43,1,1,1,0.731164,0.980152,logprobs,DekaLLM
9429,-15,-41,1,1,1,0.622586,0.982221,logprobs,DekaLLM
9430,-15,-39,0,0,1,0.500222,0.980845,logprobs,DekaLLM
9431,-15,-37,0,0,0,0.377623,0.970914,logprobs,DekaLLM
9432,-15,-35,0,0,0,0.269076,0.982666,logprobs,DekaLLM
9433,-15,-33,0,0,0,0.269076,0.978529,logprobs,DekaLLM
9434,-15,-31,0,0,0,0.182478,0.980811,logprobs,DekaLLM
9435,-15,-29,0,0,0,0.182457,0.985254,logprobs,DekaLLM
9436,-15,-27,0,0,0,0.182478,0.978748,logprobs,DekaLLM
9437,-15,-25,0,0,0,0.182459,0.978999,logprobs,DekaLLM
9438,-15,-23,0,0,0,0.11924,0.988049,logprobs,DekaLLM
9439,-15,-21,0,0,0,0.182478,0.976453,logprobs,DekaLLM
9440,-15,-19,0,0,0,0.182478,0.977224,logprobs,DekaLLM
9441,-15,-17,0,0,0,0.182478,0.978073,logprobs,DekaLLM
9442,-15,-15,0,0,0,0.377619,0.980272,logprobs,DekaLLM
9443,-15,-13,0,0,0,0.269076,0.980725,logprobs,DekaLLM
9444,-15,-11,0,0,0,0.269076,0.978383,logprobs,DekaLLM
9445,-15,-9,0,0,0,0.269073,0.977437,logprobs,DekaLLM
9446,-15,-7,0,0,0,0.269116,0.980331,logprobs,DekaLLM
9447,-15,-5,0,0,0,0.377749,0.979473,logprobs,DekaLLM
9448,-15,-3,0,0,0,0.377702,0.974039,logprobs,DekaLLM
9449,-15,-1,0,0,0,0.377749,0.977363,logprobs,DekaLLM
9450,-15,1,0,0,0,0.26901,0.973409,logprobs,DekaLLM
9451,-15,3,0,0,0,0.377667,0.982384,logprobs,DekaLLM
9452,-15,5,0,0,0,0.377702,0.975511,logprobs,DekaLLM
9453,-15,7,0,0,1,0.500189,0.969994,logprobs,DekaLLM
9454,-15,9,0,0,1,0.500189,0.976772,logprobs,DekaLLM
9455,-15,11,0,0,1,0.500135,0.972164,logprobs,DekaLLM
9456,-15,13,1,1,0,0.377718,0.977014,logprobs,DekaLLM
9457,-15,15,1,1,0,0.377623,0.979591,logprobs,DekaLLM
9458,-15,17,1,1,1,0.500189,0.972046,logprobs,DekaLLM
9459,-15,19,1,1,0,0.377623,0.977116,logprobs,DekaLLM
9460,-15,21,1,1,1,0.500084,0.978037,logprobs,DekaLLM
9461,-15,23,1,1,1,0.622586,0.974647,logprobs,DekaLLM
9462,-15,25,1,1,1,0.500222,0.970082,logprobs,DekaLLM
9463,-15,27,1,1,1,0.73119,0.966992,logprobs,DekaLLM
9464,-15,29,1,1,1,0.731138,0.984217,logprobs,DekaLLM
9465,-15,31,1,1,1,0.622586,0.982155,logprobs,DekaLLM
9466,-15,33,1,1,1,0.73119,0.979428,logprobs,DekaLLM
9467,-15,35,1,1,1,0.73119,0.973764,logprobs,DekaLLM
9468,-15,37,1,1,1,0.622617,0.972003,logprobs,DekaLLM
9469,-15,39,1,1,1,0.500171,0.98296,logprobs,DekaLLM
9470,-15,41,0,0,1,0.500084,0.983126,logprobs,DekaLLM
9471,-15,43,0,0,0,0.377749,0.977397,logprobs,DekaLLM
9472,-15,45,0,0,0,0.377749,0.965266,logprobs,DekaLLM
9473,-15,47,0,0,1,0.622668,0.976787,logprobs,DekaLLM
9474,-15,49,1,1,1,0.500135,0.977955,logprobs,DekaLLM
9475,-15,51,0,0,1,0.500189,0.978284,logprobs,DekaLLM
9476,-15,53,0,0,1,0.500138,0.978262,logprobs,DekaLLM
9477,-15,55,0,0,0,0.268984,0.981754,logprobs,DekaLLM
9478,-15,57,0,0,0,0.268967,0.986464,logprobs,DekaLLM
9479,-15,59,0,0,0,0.18249,0.984699,logprobs,DekaLLM
9480,-15,61,0,0,0,0.182478,0.981315,logprobs,DekaLLM
9481,-15,63,0,0,0,0.377592,0.979682,logprobs,DekaLLM
9482,-15,65,0,0,0,0.377702,0.98165,logprobs,DekaLLM
9483,-15,67,0,0,0,0.182478,0.979411,logprobs,DekaLLM
9484,-15,69,0,0,0,0.269076,0.978399,logprobs,DekaLLM
9485,-15,71,0,0,0,0.269076,0.977287,logprobs,DekaLLM
9486,-15,73,0,0,0,0.269076,0.9748,logprobs,DekaLLM
9487,-15,75,0,0,1,0.500135,0.978048,logprobs,DekaLLM
9488,-15,77,0,0,1,0.731164,0.979563,logprobs,DekaLLM
9489,-15,79,0,0,0,0.377671,0.97088,logprobs,DekaLLM
9490,-15,81,0,0,0,0.269052,0.983571,logprobs,DekaLLM
9491,-15,83,0,0,0,0.377667,0.982082,logprobs,DekaLLM
9492,-15,85,0,0,0,0.377623,0.976445,logprobs,DekaLLM
9493,-15,87,0,0,0,0.182478,0.982275,logprobs,DekaLLM
9494,-15,89,0,0,0,0.268984,0.979432,logprobs,DekaLLM
9495,-15,91,0,0,0,0.075844,0.983629,logprobs,DekaLLM
9496,-15,93,0,0,0,0.182458,0.976956,logprobs,DekaLLM
9497,-15,95,0,0,0,0.119182,0.983135,logprobs,DekaLLM
9498,-15,97,0,0,0,0.182478,0.979861,logprobs,DekaLLM
9499,-15,99,0,0,0,0.377671,0.982791,logprobs,DekaLLM
9500,-15,101,0,0,1,0.500189,0.976452,logprobs,DekaLLM
9501,-15,103,0,0,0,0.268967,0.980153,logprobs,DekaLLM
9502,-15,105,0,0,0,0.268984,0.980776,logprobs,DekaLLM
9503,-15,107,0,0,0,0.269033,0.97928,logprobs,DekaLLM
9504,-15,109,0,0,0,0.182459,0.985074,logprobs,DekaLLM
9505,-15,111,0,0,0,0.075835,0.983215,logprobs,DekaLLM
9506,-15,113,0,0,0,0.119169,0.982373,logprobs,DekaLLM
9507,-15,115,0,0,0,0.26901,0.982575,logprobs,DekaLLM
9508,-15,117,0,0,0,0.182459,0.985253,logprobs,DekaLLM
9509,-15,119,0,0,0,0.269092,0.979201,logprobs,DekaLLM
9510,-15,121,0,0,0,0.377619,0.982651,logprobs,DekaLLM
9511,-15,123,0,0,0,0.269081,0.976418,logprobs,DekaLLM
9512,-15,125,0,0,0,0.377702,0.982426,logprobs,DekaLLM
9513,-15,127,1,1,0,0.377619,0.981632,logprobs,DekaLLM
9514,-15,129,1,1,1,0.500135,0.984753,logprobs,DekaLLM
9515,-15,131,1,1,1,0.622615,0.978769,logprobs,DekaLLM
9516,-15,133,1,1,1,0.817635,0.970773,logprobs,DekaLLM
9517,-15,135,1,1,1,0.622586,0.979281,logprobs,DekaLLM
9518,-15,137,0,0,1,0.622637,0.97175,logprobs,DekaLLM
9519,-15,139,0,0,1,0.500189,0.970999,logprobs,DekaLLM
9520,-15,141,0,0,1,0.500135,0.97731,logprobs,DekaLLM
9521,-15,143,1,1,1,0.731164,0.974547,logprobs,DekaLLM
9522,-15,145,1,1,0,0.377718,0.982784,logprobs,DekaLLM
9523,-15,147,0,0,0,0.37772,0.982288,logprobs,DekaLLM
9524,-15,149,0,0,0,0.377619,0.981569,logprobs,DekaLLM
9525,-15,151,0,0,1,0.500138,0.976712,logprobs,DekaLLM
9526,-15,153,0,0,0,0.377619,0.981882,logprobs,DekaLLM
9527,-15,155,0,0,0,0.119182,0.983984,logprobs,DekaLLM
9528,-15,157,0,0,0,0.047417,0.987536,logprobs,DekaLLM
9529,-15,159,0,0,0,0.07585,0.983672,logprobs,DekaLLM
9530,-15,161,0,0,0,0.119169,0.980135,logprobs,DekaLLM
9531,-15,163,0,0,0,0.075844,0.987662,logprobs,DekaLLM
9532,-15,165,0,0,0,0.04742,0.987999,logprobs,DekaLLM
9533,-15,167,1,1,0,0.119182,0.98124,logprobs,DekaLLM
9534,-15,169,0,0,0,0.075844,0.989593,logprobs,DekaLLM
9535,-15,171,0,0,0,0.11919,0.980761,logprobs,DekaLLM
9536,-15,173,0,0,0,0.119182,0.981298,logprobs,DekaLLM
9537,-15,175,0,0,0,0.029309,0.986522,logprobs,DekaLLM
9538,-15,177,0,0,0,0.119182,0.980175,logprobs,DekaLLM
9539,-15,179,0,0,0,0.11919,0.986061,logprobs,DekaLLM
9540,-17,-179,0,0,0,0.047413,0.982973,logprobs,DekaLLM
9541,-17,-177,0,0,0,0.017983,0.989413,logprobs,DekaLLM
9542,-17,-175,0,0,0,0.010985,0.988543,logprobs,DekaLLM
9543,-17,-173,0,0,0,0.017983,0.988784,logprobs,DekaLLM
9544,-17,-171,0,0,0,0.017983,0.988343,logprobs,DekaLLM
9545,-17,-169,0,0,0,0.010985,0.986178,logprobs,DekaLLM
9546,-17,-167,0,0,0,0.010985,0.988946,logprobs,DekaLLM
9547,-17,-165,0,0,0,0.010985,0.988517,logprobs,DekaLLM
9548,-17,-163,0,0,0,0.010986,0.991848,logprobs,DekaLLM
9549,-17,-161,0,0,0,0.017983,0.988527,logprobs,DekaLLM
9550,-17,-159,0,0,0,0.017983,0.988517,logprobs,DekaLLM
9551,-17,-157,0,0,0,0.017981,0.984058,logprobs,DekaLLM
9552,-17,-155,0,0,0,0.017983,0.988422,logprobs,DekaLLM
9553,-17,-153,0,0,0,0.010985,0.9888,logprobs,DekaLLM
9554,-17,-151,0,0,0,0.017983,0.985699,logprobs,DekaLLM
9555,-17,-149,0,0,0,0.017983,0.984468,logprobs,DekaLLM
9556,-17,-147,0,0,0,0.010985,0.985562,logprobs,DekaLLM
9557,-17,-145,0,0,0,0.010985,0.989704,logprobs,DekaLLM
9558,-17,-143,0,0,0,0.017983,0.98546,logprobs,DekaLLM
9559,-17,-141,0,0,0,0.047413,0.982714,logprobs,DekaLLM
9560,-17,-139,0,0,0,0.010986,0.990082,logprobs,DekaLLM
9561,-17,-137,0,0,0,0.006692,0.979077,logprobs,DekaLLM
9562,-17,-135,0,0,0,0.017983,0.985795,logprobs,DekaLLM
9563,-17,-133,0,0,0,0.029307,0.986046,logprobs,DekaLLM
9564,-17,-131,0,0,0,0.029307,0.988471,logprobs,DekaLLM
9565,-17,-129,0,0,0,0.017983,0.986409,logprobs,DekaLLM
9566,-17,-127,0,0,0,0.017983,0.989719,logprobs,DekaLLM
9567,-17,-125,0,0,0,0.010985,0.986203,logprobs,DekaLLM
9568,-17,-123,0,0,0,0.017984,0.989015,logprobs,DekaLLM
9569,-17,-121,0,0,0,0.029304,0.977556,logprobs,DekaLLM
9570,-17,-119,0,0,0,0.017981,0.985458,logprobs,DekaLLM
9571,-17,-117,0,0,0,0.029307,0.985138,logprobs,DekaLLM
9572,-17,-115,0,0,0,0.075835,0.979455,logprobs,DekaLLM
9573,-17,-113,0,0,0,0.047413,0.983901,logprobs,DekaLLM
9574,-17,-111,0,0,0,0.075839,0.980358,logprobs,DekaLLM
9575,-17,-109,0,0,0,0.119169,0.983575,logprobs,DekaLLM
9576,-17,-107,0,0,0,0.119169,0.979268,logprobs,DekaLLM
9577,-17,-105,0,0,0,0.182459,0.982636,logprobs,DekaLLM
9578,-17,-103,0,0,0,0.26901,0.980161,logprobs,DekaLLM
9579,-17,-101,0,0,0,0.377623,0.977369,logprobs,DekaLLM
9580,-17,-99,0,0,1,0.500168,0.979374,logprobs,DekaLLM
9581,-17,-97,0,0,0,0.377834,0.965752,logprobs,DekaLLM
9582,-17,-95,0,0,0,0.268967,0.983025,logprobs,DekaLLM
9583,-17,-93,0,0,0,0.377572,0.981986,logprobs,DekaLLM
9584,-17,-91,0,0,0,0.119248,0.985454,logprobs,DekaLLM
9585,-17,-89,0,0,0,0.268983,0.987342,logprobs,DekaLLM
9586,-17,-87,0,0,0,0.075835,0.983313,logprobs,DekaLLM
9587,-17,-85,0,0,0,0.11924,0.984955,logprobs,DekaLLM
9588,-17,-83,0,0,0,0.377572,0.97759,logprobs,DekaLLM
9589,-17,-81,0,0,0,0.269116,0.982435,logprobs,DekaLLM
9590,-17,-79,0,0,0,0.37765,0.985588,logprobs,DekaLLM
9591,-17,-77,0,0,0,0.377702,0.978886,logprobs,DekaLLM
9592,-17,-75,0,0,1,0.622586,0.983699,logprobs,DekaLLM
9593,-17,-73,0,0,1,0.500222,0.980082,logprobs,DekaLLM
9594,-17,-71,1,1,1,0.622617,0.979866,logprobs,DekaLLM
9595,-17,-69,1,1,1,0.622615,0.98239,logprobs,DekaLLM
9596,-17,-67,1,1,1,0.500171,0.981503,logprobs,DekaLLM
9597,-17,-65,1,1,1,0.622555,0.98572,logprobs,DekaLLM
9598,-17,-63,1,1,1,0.622586,0.98262,logprobs,DekaLLM
9599,-17,-61,1,1,0,0.377619,0.980438,logprobs,DekaLLM
9600,-17,-59,1,1,1,0.500135,0.974826,logprobs,DekaLLM
9601,-17,-57,1,1,1,0.622604,0.981312,logprobs,DekaLLM
9602,-17,-55,1,1,1,0.500135,0.982412,logprobs,DekaLLM
9603,-17,-53,1,1,1,0.622617,0.974349,logprobs,DekaLLM
9604,-17,-51,1,1,1,0.622573,0.974887,logprobs,DekaLLM
9605,-17,-49,1,1,1,0.817666,0.978035,logprobs,DekaLLM
9606,-17,-47,1,1,1,0.880831,0.983469,logprobs,DekaLLM
9607,-17,-45,1,1,1,0.622586,0.967547,logprobs,DekaLLM
9608,-17,-43,1,1,1,0.817635,0.976849,logprobs,DekaLLM
9609,-17,-41,1,1,1,0.622586,0.974379,logprobs,DekaLLM
9610,-17,-39,0,0,0,0.26901,0.973735,logprobs,DekaLLM
9611,-17,-37,0,0,0,0.11924,0.987477,logprobs,DekaLLM
9612,-17,-35,0,0,0,0.119182,0.986767,logprobs,DekaLLM
9613,-17,-33,0,0,0,0.377671,0.974583,logprobs,DekaLLM
9614,-17,-31,0,0,0,0.269076,0.980229,logprobs,DekaLLM
9615,-17,-29,0,0,0,0.269052,0.982681,logprobs,DekaLLM
9616,-17,-27,0,0,0,0.26901,0.973852,logprobs,DekaLLM
9617,-17,-25,0,0,0,0.26901,0.984433,logprobs,DekaLLM
9618,-17,-23,0,0,0,0.182478,0.974013,logprobs,DekaLLM
9619,-17,-21,0,0,0,0.119169,0.981153,logprobs,DekaLLM
9620,-17,-19,0,0,0,0.11924,0.981925,logprobs,DekaLLM
9621,-17,-17,0,0,0,0.26901,0.981117,logprobs,DekaLLM
9622,-17,-15,0,0,0,0.269076,0.981999,logprobs,DekaLLM
9623,-17,-13,0,0,0,0.269076,0.980239,logprobs,DekaLLM
9624,-17,-11,0,0,0,0.377623,0.980084,logprobs,DekaLLM
9625,-17,-9,0,0,0,0.269076,0.977128,logprobs,DekaLLM
9626,-17,-7,0,0,0,0.377702,0.972708,logprobs,DekaLLM
9627,-17,-5,0,0,0,0.26901,0.978224,logprobs,DekaLLM
9628,-17,-3,0,0,0,0.26901,0.976339,logprobs,DekaLLM
9629,-17,-1,0,0,0,0.377592,0.9732,logprobs,DekaLLM
9630,-17,1,0,0,0,0.269026,0.972031,logprobs,DekaLLM
9631,-17,3,0,0,0,0.377749,0.97733,logprobs,DekaLLM
9632,-17,5,0,0,1,0.500084,0.972553,logprobs,DekaLLM
9633,-17,7,0,0,1,0.500135,0.979986,logprobs,DekaLLM
9634,-17,9,0,0,1,0.622586,0.982229,logprobs,DekaLLM
9635,-17,11,0,0,1,0.500135,0.978636,logprobs,DekaLLM
9636,-17,13,1,1,1,0.622586,0.977583,logprobs,DekaLLM
9637,-17,15,1,1,1,0.500135,0.984184,logprobs,DekaLLM
9638,-17,17,1,1,0,0.377572,0.983945,logprobs,DekaLLM
9639,-17,19,1,1,0,0.377749,0.98157,logprobs,DekaLLM
9640,-17,21,1,1,1,0.622586,0.982497,logprobs,DekaLLM
9641,-17,23,1,1,1,0.731165,0.979486,logprobs,DekaLLM
9642,-17,25,1,1,1,0.731164,0.974179,logprobs,DekaLLM
9643,-17,27,1,1,1,0.817666,0.985881,logprobs,DekaLLM
9644,-17,29,1,1,1,0.731164,0.979582,logprobs,DekaLLM
9645,-17,31,1,1,1,0.622646,0.97585,logprobs,DekaLLM
9646,-17,33,1,1,1,0.731179,0.980814,logprobs,DekaLLM
9647,-17,35,1,1,1,0.731164,0.986658,logprobs,DekaLLM
9648,-17,37,1,1,1,0.500222,0.983128,logprobs,DekaLLM
9649,-17,39,1,1,1,0.500084,0.983652,logprobs,DekaLLM
9650,-17,41,0,0,0,0.377698,0.983007,logprobs,DekaLLM
9651,-17,43,0,0,1,0.500189,0.978224,logprobs,DekaLLM
9652,-17,45,1,1,1,0.500135,0.977895,logprobs,DekaLLM
9653,-17,47,1,1,1,0.731139,0.981757,logprobs,DekaLLM
9654,-17,49,1,1,1,0.500171,0.975707,logprobs,DekaLLM
9655,-17,51,0,0,1,0.500222,0.978604,logprobs,DekaLLM
9656,-17,53,0,0,1,0.500138,0.978003,logprobs,DekaLLM
9657,-17,55,0,0,0,0.269116,0.982572,logprobs,DekaLLM
9658,-17,57,0,0,0,0.269076,0.981848,logprobs,DekaLLM
9659,-17,59,0,0,0,0.377572,0.979982,logprobs,DekaLLM
9660,-17,61,0,0,0,0.119182,0.983188,logprobs,DekaLLM
9661,-17,63,0,0,0,0.182478,0.977984,logprobs,DekaLLM
9662,-17,65,0,0,0,0.18254,0.984726,logprobs,DekaLLM
9663,-17,67,0,0,0,0.269076,0.978579,logprobs,DekaLLM
9664,-17,69,0,0,0,0.26905,0.98532,logprobs,DekaLLM
9665,-17,71,0,0,0,0.377619,0.983307,logprobs,DekaLLM
9666,-17,73,0,0,0,0.26901,0.975348,logprobs,DekaLLM
9667,-17,75,0,0,0,0.26901,0.980372,logprobs,DekaLLM
9668,-17,77,0,0,0,0.377702,0.97755,logprobs,DekaLLM
9669,-17,79,0,0,0,0.182458,0.974079,logprobs,DekaLLM
9670,-17,81,0,0,0,0.269076,0.979355,logprobs,DekaLLM
9671,-17,83,0,0,0,0.26901,0.969418,logprobs,DekaLLM
9672,-17,85,0,0,0,0.182531,0.977512,logprobs,DekaLLM
9673,-17,87,0,0,0,0.029307,0.982093,logprobs,DekaLLM
9674,-17,89,0,0,0,0.119169,0.980437,logprobs,DekaLLM
9675,-17,91,0,0,0,0.119168,0.964596,logprobs,DekaLLM
9676,-17,93,0,0,0,0.075844,0.981915,logprobs,DekaLLM
9677,-17,95,0,0,0,0.119169,0.982487,logprobs,DekaLLM
9678,-17,97,0,0,0,0.26905,0.979432,logprobs,DekaLLM
9679,-17,99,0,0,0,0.377638,0.98257,logprobs,DekaLLM
9680,-17,101,0,0,0,0.377718,0.98261,logprobs,DekaLLM
9681,-17,103,0,0,0,0.269116,0.980685,logprobs,DekaLLM
9682,-17,105,0,0,0,0.182528,0.986523,logprobs,DekaLLM
9683,-17,107,0,0,0,0.182457,0.985401,logprobs,DekaLLM
9684,-17,109,0,0,0,0.119169,0.982337,logprobs,DekaLLM
9685,-17,111,0,0,0,0.182445,0.978142,logprobs,DekaLLM
9686,-17,113,0,0,0,0.119169,0.983699,logprobs,DekaLLM
9687,-17,115,0,0,1,0.500135,0.983354,logprobs,DekaLLM
9688,-17,117,0,0,0,0.182528,0.984889,logprobs,DekaLLM
9689,-17,119,0,0,0,0.377702,0.981318,logprobs,DekaLLM
9690,-17,121,0,0,1,0.500138,0.97849,logprobs,DekaLLM
9691,-17,123,1,1,0,0.377718,0.982578,logprobs,DekaLLM
9692,-17,125,1,1,1,0.500135,0.97927,logprobs,DekaLLM
9693,-17,127,1,1,0,0.269066,0.986494,logprobs,DekaLLM
9694,-17,129,1,1,1,0.622567,0.982897,logprobs,DekaLLM
9695,-17,131,1,1,1,0.817643,0.981027,logprobs,DekaLLM
9696,-17,133,1,1,1,0.880861,0.976913,logprobs,DekaLLM
9697,-17,135,1,1,1,0.500138,0.97686,logprobs,DekaLLM
9698,-17,137,1,1,1,0.500166,0.979375,logprobs,DekaLLM
9699,-17,139,1,1,0,0.377749,0.981112,logprobs,DekaLLM
9700,-17,141,1,1,1,0.500135,0.981082,logprobs,DekaLLM
9701,-17,143,1,1,1,0.622586,0.978203,logprobs,DekaLLM
9702,-17,145,1,1,0,0.377638,0.983051,logprobs,DekaLLM
9703,-17,147,0,0,0,0.377619,0.9809,logprobs,DekaLLM
9704,-17,149,0,0,0,0.26905,0.985472,logprobs,DekaLLM
9705,-17,151,0,0,0,0.377671,0.98307,logprobs,DekaLLM
9706,-17,153,0,0,0,0.269076,0.978821,logprobs,DekaLLM
9707,-17,155,0,0,0,0.075844,0.984185,logprobs,DekaLLM
9708,-17,157,0,0,0,0.047413,0.986396,logprobs,DekaLLM
9709,-17,159,0,0,0,0.075839,0.987338,logprobs,DekaLLM
9710,-17,161,0,0,0,0.182395,0.981233,logprobs,DekaLLM
9711,-17,163,0,0,0,0.182377,0.98077,logprobs,DekaLLM
9712,-17,165,0,0,0,0.075844,0.986241,logprobs,DekaLLM
9713,-17,167,0,0,0,0.075844,0.984623,logprobs,DekaLLM
9714,-17,169,0,0,0,0.119174,0.986072,logprobs,DekaLLM
9715,-17,171,0,0,0,0.182377,0.982302,logprobs,DekaLLM
9716,-17,173,0,0,0,0.182478,0.985812,logprobs,DekaLLM
9717,-17,175,0,0,0,0.04742,0.985466,logprobs,DekaLLM
9718,-17,177,0,0,0,0.075844,0.982513,logprobs,DekaLLM
9719,-17,179,0,0,0,0.119232,0.985663,logprobs,DekaLLM
9720,-19,-179,0,0,0,0.029307,0.987389,logprobs,DekaLLM
9721,-19,-177,0,0,0,0.029307,0.987666,logprobs,DekaLLM
9722,-19,-175,0,0,0,0.029307,0.988473,logprobs,DekaLLM
9723,-19,-173,0,0,0,0.017983,0.987778,logprobs,DekaLLM
9724,-19,-171,0,0,0,0.010985,0.988375,logprobs,DekaLLM
9725,-19,-169,0,0,0,0.006692,0.99019,logprobs,DekaLLM
9726,-19,-167,0,0,0,0.006692,0.990426,logprobs,DekaLLM
9727,-19,-165,0,0,0,0.006692,0.991403,logprobs,DekaLLM
9728,-19,-163,0,0,0,0.006692,0.991555,logprobs,DekaLLM
9729,-19,-161,0,0,0,0.010985,0.99002,logprobs,DekaLLM
9730,-19,-159,0,0,0,0.017983,0.991101,logprobs,DekaLLM
9731,-19,-157,0,0,0,0.029307,0.987138,logprobs,DekaLLM
9732,-19,-155,0,0,0,0.029304,0.988607,logprobs,DekaLLM
9733,-19,-153,0,0,0,0.010985,0.986267,logprobs,DekaLLM
9734,-19,-151,0,0,0,0.010985,0.990151,logprobs,DekaLLM
9735,-19,-149,0,0,0,0.017983,0.98845,logprobs,DekaLLM
9736,-19,-147,0,0,0,0.006692,0.992022,logprobs,DekaLLM
9737,-19,-145,0,0,0,0.006692,0.98987,logprobs,DekaLLM
9738,-19,-143,0,0,0,0.017982,0.985733,logprobs,DekaLLM
9739,-19,-141,0,0,0,0.017983,0.987265,logprobs,DekaLLM
9740,-19,-139,0,0,0,0.017981,0.984255,logprobs,DekaLLM
9741,-19,-137,0,0,0,0.006692,0.991471,logprobs,DekaLLM
9742,-19,-135,0,0,0,0.010984,0.985655,logprobs,DekaLLM
9743,-19,-133,0,0,0,0.029304,0.983003,logprobs,DekaLLM
9744,-19,-131,0,0,0,0.017983,0.986125,logprobs,DekaLLM
9745,-19,-129,0,0,0,0.029307,0.983633,logprobs,DekaLLM
9746,-19,-127,0,0,0,0.029309,0.98486,logprobs,DekaLLM
9747,-19,-125,0,0,0,0.017983,0.990312,logprobs,DekaLLM
9748,-19,-123,0,0,0,0.047411,0.985006,logprobs,DekaLLM
9749,-19,-121,0,0,0,0.047411,0.979462,logprobs,DekaLLM
9750,-19,-119,0,0,0,0.029307,0.98877,logprobs,DekaLLM
9751,-19,-117,0,0,0,0.075839,0.988079,logprobs,DekaLLM
9752,-19,-115,0,0,0,0.182459,0.981823,logprobs,DekaLLM
9753,-19,-113,0,0,0,0.075835,0.985692,logprobs,DekaLLM
9754,-19,-111,0,0,0,0.047413,0.98193,logprobs,DekaLLM
9755,-19,-109,0,0,0,0.075844,0.989184,logprobs,DekaLLM
9756,-19,-107,0,0,0,0.182427,0.986028,logprobs,DekaLLM
9757,-19,-105,0,0,0,0.182459,0.985401,logprobs,DekaLLM
9758,-19,-103,0,0,0,0.182509,0.984611,logprobs,DekaLLM
9759,-19,-101,0,0,0,0.182478,0.978538,logprobs,DekaLLM
9760,-19,-99,0,0,1,0.500222,0.97625,logprobs,DekaLLM
9761,-19,-97,0,0,1,0.500222,0.980958,logprobs,DekaLLM
9762,-19,-95,0,0,0,0.269076,0.981566,logprobs,DekaLLM
9763,-19,-93,0,0,0,0.268943,0.987374,logprobs,DekaLLM
9764,-19,-91,0,0,0,0.119169,0.97847,logprobs,DekaLLM
9765,-19,-89,0,0,0,0.269076,0.981684,logprobs,DekaLLM
9766,-19,-87,0,0,0,0.11919,0.986802,logprobs,DekaLLM
9767,-19,-85,0,0,0,0.119182,0.984888,logprobs,DekaLLM
9768,-19,-83,0,0,0,0.269076,0.977745,logprobs,DekaLLM
9769,-19,-81,0,0,0,0.377619,0.985297,logprobs,DekaLLM
9770,-19,-79,0,0,0,0.269119,0.983155,logprobs,DekaLLM
9771,-19,-77,0,0,1,0.500222,0.982067,logprobs,DekaLLM
9772,-19,-75,0,0,1,0.622617,0.978117,logprobs,DekaLLM
9773,-19,-73,0,0,0,0.377749,0.978707,logprobs,DekaLLM
9774,-19,-71,0,0,1,0.622646,0.982688,logprobs,DekaLLM
9775,-19,-69,1,1,1,0.622617,0.988399,logprobs,DekaLLM
9776,-19,-67,1,0,1,0.622635,0.98098,logprobs,DekaLLM
9777,-19,-65,1,1,1,0.817642,0.98554,logprobs,DekaLLM
9778,-19,-63,1,1,1,0.622604,0.980804,logprobs,DekaLLM
9779,-19,-61,1,1,1,0.622538,0.987265,logprobs,DekaLLM
9780,-19,-59,1,1,1,0.622697,0.974158,logprobs,DekaLLM
9781,-19,-57,1,1,1,0.500166,0.983747,logprobs,DekaLLM
9782,-19,-55,1,1,1,0.500253,0.977023,logprobs,DekaLLM
9783,-19,-53,1,1,1,0.731179,0.981846,logprobs,DekaLLM
9784,-19,-51,1,1,1,0.731215,0.972856,logprobs,DekaLLM
9785,-19,-49,1,1,1,0.817646,0.979713,logprobs,DekaLLM
9786,-19,-47,1,1,1,0.924159,0.986831,logprobs,DekaLLM
9787,-19,-45,1,1,1,0.622617,0.975317,logprobs,DekaLLM
9788,-19,-43,1,1,1,0.88084,0.979771,logprobs,DekaLLM
9789,-19,-41,1,1,1,0.622697,0.971243,logprobs,DekaLLM
9790,-19,-39,0,0,1,0.500084,0.982545,logprobs,DekaLLM
9791,-19,-37,0,0,0,0.377702,0.980299,logprobs,DekaLLM
9792,-19,-35,0,0,0,0.26901,0.979272,logprobs,DekaLLM
9793,-19,-33,0,0,0,0.377702,0.972826,logprobs,DekaLLM
9794,-19,-31,0,0,0,0.269076,0.979396,logprobs,DekaLLM
9795,-19,-29,0,0,0,0.119227,0.98199,logprobs,DekaLLM
9796,-19,-27,0,0,0,0.26905,0.976774,logprobs,DekaLLM
9797,-19,-25,0,0,0,0.269076,0.982899,logprobs,DekaLLM
9798,-19,-23,0,0,0,0.182528,0.984649,logprobs,DekaLLM
9799,-19,-21,0,0,0,0.119182,0.982649,logprobs,DekaLLM
9800,-19,-19,0,0,0,0.269076,0.984601,logprobs,DekaLLM
9801,-19,-17,0,0,0,0.269121,0.977356,logprobs,DekaLLM
9802,-19,-15,0,0,0,0.269076,0.976978,logprobs,DekaLLM
9803,-19,-13,0,0,0,0.377619,0.981615,logprobs,DekaLLM
9804,-19,-11,0,0,0,0.18249,0.98327,logprobs,DekaLLM
9805,-19,-9,0,0,0,0.377671,0.973075,logprobs,DekaLLM
9806,-19,-7,0,0,0,0.269076,0.977546,logprobs,DekaLLM
9807,-19,-5,0,0,0,0.377749,0.978218,logprobs,DekaLLM
9808,-19,-3,0,0,0,0.377623,0.981337,logprobs,DekaLLM
9809,-19,-1,0,0,0,0.377572,0.982891,logprobs,DekaLLM
9810,-19,1,0,0,0,0.377702,0.980793,logprobs,DekaLLM
9811,-19,3,0,0,1,0.500135,0.977815,logprobs,DekaLLM
9812,-19,5,0,0,1,0.500135,0.96728,logprobs,DekaLLM
9813,-19,7,0,0,1,0.500222,0.976239,logprobs,DekaLLM
9814,-19,9,0,0,0,0.37772,0.977724,logprobs,DekaLLM
9815,-19,11,0,0,1,0.622586,0.97529,logprobs,DekaLLM
9816,-19,13,1,1,1,0.622586,0.982575,logprobs,DekaLLM
9817,-19,15,1,1,1,0.500135,0.984887,logprobs,DekaLLM
9818,-19,17,1,1,1,0.500135,0.979381,logprobs,DekaLLM
9819,-19,19,1,1,1,0.500171,0.978882,logprobs,DekaLLM
9820,-19,21,1,1,1,0.622586,0.975677,logprobs,DekaLLM
9821,-19,23,1,1,1,0.817655,0.969793,logprobs,DekaLLM
9822,-19,25,1,1,1,0.731164,0.979196,logprobs,DekaLLM
9823,-19,27,1,1,1,0.731165,0.974673,logprobs,DekaLLM
9824,-19,29,1,1,1,0.731164,0.979579,logprobs,DekaLLM
9825,-19,31,1,1,1,0.731164,0.974528,logprobs,DekaLLM
9826,-19,33,1,1,1,0.500168,0.976976,logprobs,DekaLLM
9827,-19,35,1,1,1,0.622586,0.982024,logprobs,DekaLLM
9828,-19,37,0,0,1,0.500135,0.984296,logprobs,DekaLLM
9829,-19,39,0,0,1,0.500171,0.980378,logprobs,DekaLLM
9830,-19,41,0,0,1,0.500135,0.983801,logprobs,DekaLLM
9831,-19,43,0,0,1,0.500135,0.971858,logprobs,DekaLLM
9832,-19,45,1,1,1,0.500138,0.981336,logprobs,DekaLLM
9833,-19,47,1,1,1,0.500135,0.980532,logprobs,DekaLLM
9834,-19,49,1,1,1,0.500084,0.983331,logprobs,DekaLLM
9835,-19,51,0,0,0,0.377749,0.983372,logprobs,DekaLLM
9836,-19,53,0,0,1,0.500222,0.974819,logprobs,DekaLLM
9837,-19,55,0,0,1,0.500222,0.980197,logprobs,DekaLLM
9838,-19,57,0,0,0,0.377671,0.9821,logprobs,DekaLLM
9839,-19,59,0,0,0,0.182528,0.984667,logprobs,DekaLLM
9840,-19,61,0,0,0,0.26905,0.97995,logprobs,DekaLLM
9841,-19,63,0,0,0,0.269076,0.977394,logprobs,DekaLLM
9842,-19,65,0,0,0,0.377671,0.978946,logprobs,DekaLLM
9843,-19,67,0,0,0,0.377638,0.984389,logprobs,DekaLLM
9844,-19,69,0,0,0,0.26905,0.978582,logprobs,DekaLLM
9845,-19,71,0,0,0,0.269076,0.973365,logprobs,DekaLLM
9846,-19,73,0,0,0,0.182478,0.982143,logprobs,DekaLLM
9847,-19,75,0,0,0,0.377667,0.981925,logprobs,DekaLLM
9848,-19,77,0,0,1,0.500189,0.983163,logprobs,DekaLLM
9849,-19,79,0,0,1,0.500189,0.98397,logprobs,DekaLLM
9850,-19,81,0,0,0,0.269076,0.978626,logprobs,DekaLLM
9851,-19,83,0,0,1,0.500138,0.978976,logprobs,DekaLLM
9852,-19,85,0,0,0,0.18254,0.984357,logprobs,DekaLLM
9853,-19,87,0,0,0,0.075839,0.981992,logprobs,DekaLLM
9854,-19,89,0,0,0,0.268967,0.98147,logprobs,DekaLLM
9855,-19,91,0,0,0,0.075844,0.974843,logprobs,DekaLLM
9856,-19,93,0,0,0,0.119182,0.982548,logprobs,DekaLLM
9857,-19,95,0,0,0,0.075835,0.981293,logprobs,DekaLLM
9858,-19,97,0,0,0,0.268943,0.985926,logprobs,DekaLLM
9859,-19,99,0,0,1,0.500171,0.979676,logprobs,DekaLLM
9860,-19,101,0,0,0,0.377718,0.982298,logprobs,DekaLLM
9861,-19,103,0,0,0,0.269076,0.978247,logprobs,DekaLLM
9862,-19,105,0,0,0,0.269076,0.979098,logprobs,DekaLLM
9863,-19,107,0,0,0,0.268986,0.982126,logprobs,DekaLLM
9864,-19,109,0,0,0,0.182478,0.97898,logprobs,DekaLLM
9865,-19,111,0,0,0,0.119169,0.981002,logprobs,DekaLLM
9866,-19,113,0,0,0,0.269076,0.981432,logprobs,DekaLLM
9867,-19,115,0,0,1,0.500138,0.982989,logprobs,DekaLLM
9868,-19,117,0,0,0,0.377642,0.985052,logprobs,DekaLLM
9869,-19,119,0,0,1,0.500222,0.979442,logprobs,DekaLLM
9870,-19,121,0,0,1,0.50022,0.978813,logprobs,DekaLLM
9871,-19,123,1,1,1,0.500135,0.980791,logprobs,DekaLLM
9872,-19,125,1,1,1,0.500222,0.978686,logprobs,DekaLLM
9873,-19,127,1,1,1,0.622666,0.974162,logprobs,DekaLLM
9874,-19,129,1,1,1,0.622697,0.962696,logprobs,DekaLLM
9875,-19,131,1,1,1,0.731205,0.973845,logprobs,DekaLLM
9876,-19,133,1,1,1,0.880861,0.978325,logprobs,DekaLLM
9877,-19,135,1,1,1,0.622586,0.979936,logprobs,DekaLLM
9878,-19,137,1,1,1,0.817623,0.986273,logprobs,DekaLLM
9879,-19,139,1,1,1,0.622615,0.981464,logprobs,DekaLLM
9880,-19,141,1,1,1,0.731179,0.982402,logprobs,DekaLLM
9881,-19,143,1,1,1,0.81763,0.987031,logprobs,DekaLLM
9882,-19,145,1,1,1,0.622536,0.989094,logprobs,DekaLLM
9883,-19,147,0,0,1,0.622618,0.982308,logprobs,DekaLLM
9884,-19,149,0,0,1,0.500104,0.986351,logprobs,DekaLLM
9885,-19,151,0,0,1,0.500135,0.979737,logprobs,DekaLLM
9886,-19,153,0,0,0,0.269023,0.986248,logprobs,DekaLLM
9887,-19,155,0,0,0,0.119169,0.982096,logprobs,DekaLLM
9888,-19,157,0,0,0,0.075844,0.986625,logprobs,DekaLLM
9889,-19,159,0,0,0,0.119182,0.987778,logprobs,DekaLLM
9890,-19,161,0,0,0,0.119174,0.987084,logprobs,DekaLLM
9891,-19,163,0,0,0,0.119182,0.988044,logprobs,DekaLLM
9892,-19,165,0,0,0,0.075839,0.987036,logprobs,DekaLLM
9893,-19,167,0,0,0,0.182395,0.980618,logprobs,DekaLLM
9894,-19,169,0,0,0,0.182377,0.979972,logprobs,DekaLLM
9895,-19,171,0,0,0,0.182377,0.983344,logprobs,DekaLLM
9896,-19,173,0,0,0,0.119182,0.981904,logprobs,DekaLLM
9897,-19,175,0,0,0,0.075844,0.98578,logprobs,DekaLLM
9898,-19,177,0,0,0,0.119182,0.987501,logprobs,DekaLLM
9899,-19,179,0,0,0,0.119169,0.982387,logprobs,DekaLLM
9900,-21,-179,0,0,0,0.075844,0.978521,logprobs,DekaLLM
9901,-21,-177,0,0,0,0.029307,0.988871,logprobs,DekaLLM
9902,-21,-175,0,0,0,0.029304,0.985168,logprobs,DekaLLM
9903,-21,-173,0,0,0,0.017985,0.989789,logprobs,DekaLLM
9904,-21,-171,0,0,0,0.010985,0.985304,logprobs,DekaLLM
9905,-21,-169,0,0,0,0.006692,0.989216,logprobs,DekaLLM
9906,-21,-167,0,0,0,0.006692,0.987807,logprobs,DekaLLM
9907,-21,-165,0,0,0,0.010985,0.988302,logprobs,DekaLLM
9908,-21,-163,0,0,0,0.017983,0.985537,logprobs,DekaLLM
9909,-21,-161,0,0,0,0.017983,0.984537,logprobs,DekaLLM
9910,-21,-159,0,0,0,0.017983,0.991929,logprobs,DekaLLM
9911,-21,-157,0,0,0,0.017983,0.989062,logprobs,DekaLLM
9912,-21,-155,0,0,0,0.029304,0.989021,logprobs,DekaLLM
9913,-21,-153,0,0,0,0.010985,0.98891,logprobs,DekaLLM
9914,-21,-151,0,0,0,0.010985,0.989384,logprobs,DekaLLM
9915,-21,-149,0,0,0,0.010985,0.992203,logprobs,DekaLLM
9916,-21,-147,0,0,0,0.010986,0.990747,logprobs,DekaLLM
9917,-21,-145,0,0,0,0.004069,0.99082,logprobs,DekaLLM
9918,-21,-143,0,0,0,0.017983,0.984724,logprobs,DekaLLM
9919,-21,-141,0,0,0,0.029309,0.981957,logprobs,DekaLLM
9920,-21,-139,0,0,0,0.017983,0.987174,logprobs,DekaLLM
9921,-21,-137,0,0,0,0.006692,0.982217,logprobs,DekaLLM
9922,-21,-135,0,0,0,0.017983,0.986834,logprobs,DekaLLM
9923,-21,-133,0,0,0,0.119169,0.981433,logprobs,DekaLLM
9924,-21,-131,0,0,0,0.029307,0.980609,logprobs,DekaLLM
9925,-21,-129,0,0,0,0.029307,0.987916,logprobs,DekaLLM
9926,-21,-127,0,0,0,0.017983,0.98848,logprobs,DekaLLM
9927,-21,-125,0,0,0,0.017983,0.988152,logprobs,DekaLLM
9928,-21,-123,0,0,0,0.010985,0.987596,logprobs,DekaLLM
9929,-21,-121,0,0,0,0.029304,0.986859,logprobs,DekaLLM
9930,-21,-119,0,0,0,0.047413,0.982866,logprobs,DekaLLM
9931,-21,-117,0,0,0,0.269076,0.980491,logprobs,DekaLLM
9932,-21,-115,0,0,0,0.269076,0.9789,logprobs,DekaLLM
9933,-21,-113,0,0,0,0.119182,0.982904,logprobs,DekaLLM
9934,-21,-111,0,0,0,0.075844,0.982761,logprobs,DekaLLM
9935,-21,-109,0,0,0,0.269033,0.985687,logprobs,DekaLLM
9936,-21,-107,0,0,0,0.119169,0.987643,logprobs,DekaLLM
9937,-21,-105,0,0,0,0.182377,0.986774,logprobs,DekaLLM
9938,-21,-103,0,0,0,0.377749,0.973101,logprobs,DekaLLM
9939,-21,-101,0,0,0,0.182614,0.980343,logprobs,DekaLLM
9940,-21,-99,0,0,0,0.377702,0.982256,logprobs,DekaLLM
9941,-21,-97,0,0,1,0.500135,0.981637,logprobs,DekaLLM
9942,-21,-95,0,0,0,0.182478,0.977136,logprobs,DekaLLM
9943,-21,-93,0,0,0,0.075835,0.98304,logprobs,DekaLLM
9944,-21,-91,0,0,0,0.075844,0.988472,logprobs,DekaLLM
9945,-21,-89,0,0,0,0.377572,0.983195,logprobs,DekaLLM
9946,-21,-87,0,0,0,0.119169,0.984991,logprobs,DekaLLM
9947,-21,-85,0,0,0,0.075835,0.984512,logprobs,DekaLLM
9948,-21,-83,0,0,0,0.377572,0.984279,logprobs,DekaLLM
9949,-21,-81,0,0,0,0.377619,0.985906,logprobs,DekaLLM
9950,-21,-79,0,0,0,0.269076,0.983933,logprobs,DekaLLM
9951,-21,-77,0,0,1,0.500135,0.985907,logprobs,DekaLLM
9952,-21,-75,0,0,1,0.500135,0.986897,logprobs,DekaLLM
9953,-21,-73,0,0,0,0.269076,0.984082,logprobs,DekaLLM
9954,-21,-71,0,0,1,0.500222,0.980887,logprobs,DekaLLM
9955,-21,-69,1,1,1,0.622646,0.980059,logprobs,DekaLLM
9956,-21,-67,1,1,1,0.731179,0.983795,logprobs,DekaLLM
9957,-21,-65,1,1,1,0.88085,0.984459,logprobs,DekaLLM
9958,-21,-63,1,1,1,0.731179,0.981018,logprobs,DekaLLM
9959,-21,-61,1,1,1,0.500222,0.979452,logprobs,DekaLLM
9960,-21,-59,1,1,1,0.622697,0.977179,logprobs,DekaLLM
9961,-21,-57,1,1,1,0.731164,0.977458,logprobs,DekaLLM
9962,-21,-55,1,1,1,0.731163,0.987244,logprobs,DekaLLM
9963,-21,-53,1,1,1,0.731179,0.978511,logprobs,DekaLLM
9964,-21,-51,1,1,1,0.731165,0.976411,logprobs,DekaLLM
9965,-21,-49,1,1,1,0.73119,0.976522,logprobs,DekaLLM
9966,-21,-47,1,1,1,0.817655,0.977463,logprobs,DekaLLM
9967,-21,-45,1,1,1,0.500222,0.982015,logprobs,DekaLLM
9968,-21,-43,1,1,1,0.622617,0.971141,logprobs,DekaLLM
9969,-21,-41,1,1,0,0.182459,0.98368,logprobs,DekaLLM
9970,-21,-39,0,0,0,0.377671,0.980227,logprobs,DekaLLM
9971,-21,-37,0,0,0,0.182478,0.982044,logprobs,DekaLLM
9972,-21,-35,0,0,0,0.377671,0.985655,logprobs,DekaLLM
9973,-21,-33,0,0,0,0.377619,0.979081,logprobs,DekaLLM
9974,-21,-31,0,0,0,0.182614,0.980796,logprobs,DekaLLM
9975,-21,-29,0,0,0,0.377671,0.985502,logprobs,DekaLLM
9976,-21,-27,0,0,0,0.269076,0.981534,logprobs,DekaLLM
9977,-21,-25,0,0,0,0.268967,0.981305,logprobs,DekaLLM
9978,-21,-23,0,0,0,0.182614,0.97834,logprobs,DekaLLM
9979,-21,-21,0,0,0,0.26901,0.981234,logprobs,DekaLLM
9980,-21,-19,0,0,0,0.377749,0.973623,logprobs,DekaLLM
9981,-21,-17,0,0,0,0.269121,0.975266,logprobs,DekaLLM
9982,-21,-15,0,0,0,0.269116,0.981076,logprobs,DekaLLM
9983,-21,-13,0,0,0,0.268984,0.969227,logprobs,DekaLLM
9984,-21,-11,0,0,0,0.377718,0.987126,logprobs,DekaLLM
9985,-21,-9,0,0,0,0.377702,0.975013,logprobs,DekaLLM
9986,-21,-7,0,0,0,0.377619,0.985089,logprobs,DekaLLM
9987,-21,-5,0,0,1,0.500189,0.979229,logprobs,DekaLLM
9988,-21,-3,0,0,0,0.377623,0.979465,logprobs,DekaLLM
9989,-21,-1,0,0,0,0.26901,0.975202,logprobs,DekaLLM
9990,-21,1,0,0,0,0.26901,0.979281,logprobs,DekaLLM
9991,-21,3,0,0,1,0.500135,0.978564,logprobs,DekaLLM
9992,-21,5,0,0,0,0.377702,0.976216,logprobs,DekaLLM
9993,-21,7,0,0,0,0.377749,0.982691,logprobs,DekaLLM
9994,-21,9,0,0,1,0.500135,0.970394,logprobs,DekaLLM
9995,-21,11,0,0,1,0.622586,0.974886,logprobs,DekaLLM
9996,-21,13,0,0,1,0.622586,0.982537,logprobs,DekaLLM
9997,-21,15,1,1,1,0.622586,0.977036,logprobs,DekaLLM
9998,-21,17,1,1,1,0.622668,0.971607,logprobs,DekaLLM
9999,-21,19,1,1,1,0.500189,0.97714,logprobs,DekaLLM
10000,-21,21,1,1,0,0.377718,0.981143,logprobs,DekaLLM
10001,-21,23,1,1,1,0.622668,0.97993,logprobs,DekaLLM
10002,-21,25,1,1,1,0.817666,0.980295,logprobs,DekaLLM
10003,-21,27,1,1,1,0.880853,0.978329,logprobs,DekaLLM
10004,-21,29,1,1,1,0.817666,0.980976,logprobs,DekaLLM
10005,-21,31,1,1,1,0.622586,0.977093,logprobs,DekaLLM
10006,-21,33,1,1,1,0.731165,0.979557,logprobs,DekaLLM
10007,-21,35,1,1,1,0.622586,0.982837,logprobs,DekaLLM
10008,-21,37,0,0,1,0.500135,0.985382,logprobs,DekaLLM
10009,-21,39,0,0,0,0.377667,0.98102,logprobs,DekaLLM
10010,-21,41,0,0,1,0.500084,0.983059,logprobs,DekaLLM
10011,-21,43,0,0,1,0.500189,0.975739,logprobs,DekaLLM
10012,-21,45,1,1,1,0.500189,0.977556,logprobs,DekaLLM
10013,-21,47,1,1,1,0.622586,0.982263,logprobs,DekaLLM
10014,-21,49,0,0,0,0.377749,0.981879,logprobs,DekaLLM
10015,-21,51,0,0,0,0.377718,0.974729,logprobs,DekaLLM
10016,-21,53,0,0,1,0.622586,0.97637,logprobs,DekaLLM
10017,-21,55,0,0,0,0.377749,0.978508,logprobs,DekaLLM
10018,-21,57,0,0,0,0.377671,0.979417,logprobs,DekaLLM
10019,-21,59,0,0,0,0.269076,0.977968,logprobs,DekaLLM
10020,-21,61,0,0,0,0.269076,0.977993,logprobs,DekaLLM
10021,-21,63,0,0,0,0.269076,0.97976,logprobs,DekaLLM
10022,-21,65,0,0,1,0.500105,0.975582,logprobs,DekaLLM
10023,-21,67,0,0,1,0.500138,0.976902,logprobs,DekaLLM
10024,-21,69,0,0,0,0.377671,0.978492,logprobs,DekaLLM
10025,-21,71,0,0,0,0.37764,0.975127,logprobs,DekaLLM
10026,-21,73,0,0,0,0.377572,0.979137,logprobs,DekaLLM
10027,-21,75,0,0,0,0.377749,0.984305,logprobs,DekaLLM
10028,-21,77,0,0,1,0.622586,0.974304,logprobs,DekaLLM
10029,-21,79,0,0,1,0.500135,0.976616,logprobs,DekaLLM
10030,-21,81,0,0,1,0.500135,0.975505,logprobs,DekaLLM
10031,-21,83,0,0,0,0.377671,0.98148,logprobs,DekaLLM
10032,-21,85,0,0,0,0.377619,0.978631,logprobs,DekaLLM
10033,-21,87,0,0,0,0.119182,0.981031,logprobs,DekaLLM
10034,-21,89,0,0,0,0.07585,0.989064,logprobs,DekaLLM
10035,-21,91,0,0,0,0.047417,0.982289,logprobs,DekaLLM
10036,-21,93,0,0,0,0.075839,0.980956,logprobs,DekaLLM
10037,-21,95,0,0,0,0.075844,0.978362,logprobs,DekaLLM
10038,-21,97,0,0,0,0.182478,0.98191,logprobs,DekaLLM
10039,-21,99,0,0,0,0.377623,0.979845,logprobs,DekaLLM
10040,-21,101,0,0,1,0.500084,0.980556,logprobs,DekaLLM
10041,-21,103,0,0,1,0.500084,0.981366,logprobs,DekaLLM
10042,-21,105,0,0,0,0.182509,0.986865,logprobs,DekaLLM
10043,-21,107,0,0,0,0.182478,0.983483,logprobs,DekaLLM
10044,-21,109,0,0,0,0.268944,0.980021,logprobs,DekaLLM
10045,-21,111,0,0,0,0.119169,0.981705,logprobs,DekaLLM
10046,-21,113,0,0,0,0.269076,0.983074,logprobs,DekaLLM
10047,-21,115,0,0,1,0.500171,0.976465,logprobs,DekaLLM
10048,-21,117,1,1,1,0.622615,0.982675,logprobs,DekaLLM
10049,-21,119,1,1,1,0.622615,0.981805,logprobs,DekaLLM
10050,-21,121,1,1,1,0.731165,0.979431,logprobs,DekaLLM
10051,-21,123,1,1,1,0.731163,0.983561,logprobs,DekaLLM
10052,-21,125,1,1,1,0.622618,0.982137,logprobs,DekaLLM
10053,-21,127,1,1,1,0.817666,0.990039,logprobs,DekaLLM
10054,-21,129,1,1,1,0.817643,0.980382,logprobs,DekaLLM
10055,-21,131,1,1,1,0.952595,0.979433,logprobs,DekaLLM
10056,-21,133,1,1,1,0.924185,0.980338,logprobs,DekaLLM
10057,-21,135,1,1,1,0.817655,0.976455,logprobs,DekaLLM
10058,-21,137,1,1,1,0.880831,0.975445,logprobs,DekaLLM
10059,-21,139,1,1,1,0.817666,0.980442,logprobs,DekaLLM
10060,-21,141,1,1,1,0.880861,0.96902,logprobs,DekaLLM
10061,-21,143,1,1,1,0.880845,0.97988,logprobs,DekaLLM
10062,-21,145,1,1,1,0.73119,0.976167,logprobs,DekaLLM
10063,-21,147,1,1,1,0.731164,0.981649,logprobs,DekaLLM
10064,-21,149,1,1,1,0.622586,0.978188,logprobs,DekaLLM
10065,-21,151,0,0,1,0.731164,0.980946,logprobs,DekaLLM
10066,-21,153,0,0,1,0.500084,0.985729,logprobs,DekaLLM
10067,-21,155,0,0,0,0.182528,0.985934,logprobs,DekaLLM
10068,-21,157,0,0,0,0.075844,0.986661,logprobs,DekaLLM
10069,-21,159,0,0,0,0.119169,0.981894,logprobs,DekaLLM
10070,-21,161,0,0,0,0.119174,0.986771,logprobs,DekaLLM
10071,-21,163,0,0,0,0.075877,0.987483,logprobs,DekaLLM
10072,-21,165,1,1,0,0.075844,0.986881,logprobs,DekaLLM
10073,-21,167,0,0,0,0.075835,0.980607,logprobs,DekaLLM
10074,-21,169,0,0,0,0.119174,0.987756,logprobs,DekaLLM
10075,-21,171,0,0,0,0.182478,0.980336,logprobs,DekaLLM
10076,-21,173,0,0,0,0.182395,0.983467,logprobs,DekaLLM
10077,-21,175,0,0,0,0.119182,0.987325,logprobs,DekaLLM
10078,-21,177,0,0,0,0.075844,0.981674,logprobs,DekaLLM
10079,-21,179,0,0,0,0.119182,0.981549,logprobs,DekaLLM
10080,-23,-179,0,0,0,0.047413,0.978831,logprobs,DekaLLM
10081,-23,-177,0,0,0,0.017983,0.988455,logprobs,DekaLLM
10082,-23,-175,0,0,0,0.029307,0.986382,logprobs,DekaLLM
10083,-23,-173,0,0,0,0.029307,0.985567,logprobs,DekaLLM
10084,-23,-171,0,0,0,0.017983,0.98077,logprobs,DekaLLM
10085,-23,-169,0,0,0,0.00407,0.992865,logprobs,DekaLLM
10086,-23,-167,0,0,0,0.010985,0.990864,logprobs,DekaLLM
10087,-23,-165,0,0,0,0.006692,0.992218,logprobs,DekaLLM
10088,-23,-163,0,0,0,0.006692,0.992079,logprobs,DekaLLM
10089,-23,-161,0,0,0,0.006692,0.988922,logprobs,DekaLLM
10090,-23,-159,0,0,0,0.010985,0.98732,logprobs,DekaLLM
10091,-23,-157,0,0,0,0.010985,0.988777,logprobs,DekaLLM
10092,-23,-155,0,0,0,0.017981,0.988979,logprobs,DekaLLM
10093,-23,-153,0,0,0,0.017983,0.989662,logprobs,DekaLLM
10094,-23,-151,0,0,0,0.029304,0.98707,logprobs,DekaLLM
10095,-23,-149,0,0,0,0.029307,0.986688,logprobs,DekaLLM
10096,-23,-147,0,0,0,0.029307,0.983852,logprobs,DekaLLM
10097,-23,-145,0,0,0,0.029307,0.988227,logprobs,DekaLLM
10098,-23,-143,0,0,0,0.029307,0.98647,logprobs,DekaLLM
10099,-23,-141,0,0,0,0.029307,0.986006,logprobs,DekaLLM
10100,-23,-139,0,0,0,0.029306,0.972995,logprobs,DekaLLM
10101,-23,-137,0,0,0,0.017983,0.988875,logprobs,DekaLLM
10102,-23,-135,0,0,0,0.029307,0.984727,logprobs,DekaLLM
10103,-23,-133,0,0,0,0.075839,0.982407,logprobs,DekaLLM
10104,-23,-131,0,0,0,0.047413,0.982557,logprobs,DekaLLM
10105,-23,-129,0,0,0,0.029307,0.987648,logprobs,DekaLLM
10106,-23,-127,0,0,0,0.029303,0.982422,logprobs,DekaLLM
10107,-23,-125,0,0,0,0.017983,0.9874,logprobs,DekaLLM
10108,-23,-123,0,0,0,0.029304,0.980428,logprobs,DekaLLM
10109,-23,-121,0,0,0,0.119182,0.981528,logprobs,DekaLLM
10110,-23,-119,0,0,0,0.182445,0.986401,logprobs,DekaLLM
10111,-23,-117,0,0,0,0.377749,0.984286,logprobs,DekaLLM
10112,-23,-115,0,0,0,0.377718,0.981311,logprobs,DekaLLM
10113,-23,-113,0,0,0,0.377572,0.980317,logprobs,DekaLLM
10114,-23,-111,0,0,0,0.269026,0.985634,logprobs,DekaLLM
10115,-23,-109,0,0,0,0.377667,0.985525,logprobs,DekaLLM
10116,-23,-107,0,0,0,0.182459,0.987948,logprobs,DekaLLM
10117,-23,-105,0,0,0,0.377671,0.985849,logprobs,DekaLLM
10118,-23,-103,0,0,1,0.500189,0.9822,logprobs,DekaLLM
10119,-23,-101,0,0,1,0.500168,0.980397,logprobs,DekaLLM
10120,-23,-99,0,0,1,0.622668,0.975652,logprobs,DekaLLM
10121,-23,-97,0,0,1,0.622586,0.98503,logprobs,DekaLLM
10122,-23,-95,0,0,0,0.377623,0.985344,logprobs,DekaLLM
10123,-23,-93,0,0,0,0.26901,0.983447,logprobs,DekaLLM
10124,-23,-91,0,0,0,0.119227,0.983355,logprobs,DekaLLM
10125,-23,-89,0,0,0,0.377671,0.985829,logprobs,DekaLLM
10126,-23,-87,0,0,0,0.075841,0.987427,logprobs,DekaLLM
10127,-23,-85,0,0,0,0.269076,0.984872,logprobs,DekaLLM
10128,-23,-83,0,0,0,0.377638,0.987123,logprobs,DekaLLM
10129,-23,-81,0,0,0,0.182471,0.986684,logprobs,DekaLLM
10130,-23,-79,0,0,0,0.268967,0.985201,logprobs,DekaLLM
10131,-23,-77,0,0,0,0.182614,0.982375,logprobs,DekaLLM
10132,-23,-75,0,0,0,0.182357,0.98355,logprobs,DekaLLM
10133,-23,-73,0,0,0,0.269076,0.983564,logprobs,DekaLLM
10134,-23,-71,0,0,1,0.622668,0.978544,logprobs,DekaLLM
10135,-23,-69,1,1,1,0.731179,0.987615,logprobs,DekaLLM
10136,-23,-67,1,1,1,0.817666,0.978041,logprobs,DekaLLM
10137,-23,-65,1,1,1,0.88084,0.984627,logprobs,DekaLLM
10138,-23,-63,1,1,1,0.817655,0.984159,logprobs,DekaLLM
10139,-23,-61,1,1,1,0.731179,0.983068,logprobs,DekaLLM
10140,-23,-59,1,1,1,0.622615,0.972903,logprobs,DekaLLM
10141,-23,-57,1,1,1,0.731164,0.972995,logprobs,DekaLLM
10142,-23,-55,1,1,1,0.817623,0.984473,logprobs,DekaLLM
10143,-23,-53,1,1,1,0.880861,0.976506,logprobs,DekaLLM
10144,-23,-51,1,1,1,0.817666,0.981607,logprobs,DekaLLM
10145,-23,-49,1,1,1,0.880831,0.984048,logprobs,DekaLLM
10146,-23,-47,1,1,1,0.924159,0.98916,logprobs,DekaLLM
10147,-23,-45,1,1,1,0.622586,0.979927,logprobs,DekaLLM
10148,-23,-43,0,0,1,0.622586,0.983287,logprobs,DekaLLM
10149,-23,-41,0,0,0,0.377619,0.982877,logprobs,DekaLLM
10150,-23,-39,0,0,0,0.269076,0.983484,logprobs,DekaLLM
10151,-23,-37,0,0,0,0.075839,0.983872,logprobs,DekaLLM
10152,-23,-35,0,0,0,0.269076,0.983598,logprobs,DekaLLM
10153,-23,-33,0,0,0,0.377592,0.980076,logprobs,DekaLLM
10154,-23,-31,0,0,0,0.269076,0.981125,logprobs,DekaLLM
10155,-23,-29,0,0,0,0.119232,0.986065,logprobs,DekaLLM
10156,-23,-27,0,0,0,0.269076,0.986241,logprobs,DekaLLM
10157,-23,-25,0,0,0,0.268943,0.983683,logprobs,DekaLLM
10158,-23,-23,0,0,0,0.26905,0.981548,logprobs,DekaLLM
10159,-23,-21,0,0,0,0.269076,0.98105,logprobs,DekaLLM
10160,-23,-19,0,0,0,0.377623,0.979452,logprobs,DekaLLM
10161,-23,-17,0,0,0,0.269076,0.982187,logprobs,DekaLLM
10162,-23,-15,0,0,0,0.377623,0.98085,logprobs,DekaLLM
10163,-23,-13,0,0,1,0.500135,0.980447,logprobs,DekaLLM
10164,-23,-11,0,0,1,0.500189,0.978726,logprobs,DekaLLM
10165,-23,-9,0,0,0,0.377702,0.980575,logprobs,DekaLLM
10166,-23,-7,0,0,1,0.500135,0.979851,logprobs,DekaLLM
10167,-23,-5,0,0,0,0.377749,0.975541,logprobs,DekaLLM
10168,-23,-3,0,0,0,0.377667,0.979832,logprobs,DekaLLM
10169,-23,-1,0,0,1,0.500189,0.975903,logprobs,DekaLLM
10170,-23,1,0,0,1,0.500135,0.981989,logprobs,DekaLLM
10171,-23,3,0,0,1,0.622586,0.98086,logprobs,DekaLLM
10172,-23,5,0,0,1,0.622586,0.981486,logprobs,DekaLLM
10173,-23,7,0,0,1,0.622567,0.98493,logprobs,DekaLLM
10174,-23,9,0,0,1,0.622586,0.982465,logprobs,DekaLLM
10175,-23,11,0,0,1,0.622666,0.978475,logprobs,DekaLLM
10176,-23,13,0,0,1,0.817666,0.983883,logprobs,DekaLLM
10177,-23,15,1,1,1,0.622666,0.973894,logprobs,DekaLLM
10178,-23,17,1,1,1,0.817655,0.9837,logprobs,DekaLLM
10179,-23,19,1,1,1,0.622586,0.974346,logprobs,DekaLLM
10180,-23,21,1,1,1,0.731149,0.979096,logprobs,DekaLLM
10181,-23,23,1,1,1,0.500189,0.979314,logprobs,DekaLLM
10182,-23,25,1,1,1,0.880861,0.975084,logprobs,DekaLLM
10183,-23,27,1,1,1,0.95259,0.989461,logprobs,DekaLLM
10184,-23,29,1,1,1,0.880854,0.977611,logprobs,DekaLLM
10185,-23,31,1,1,1,0.817655,0.978518,logprobs,DekaLLM
10186,-23,33,1,1,1,0.731179,0.984786,logprobs,DekaLLM
10187,-23,35,1,1,1,0.731165,0.975611,logprobs,DekaLLM
10188,-23,37,0,0,0,0.377671,0.985361,logprobs,DekaLLM
10189,-23,39,0,0,0,0.377749,0.985063,logprobs,DekaLLM
10190,-23,41,0,0,1,0.622586,0.977396,logprobs,DekaLLM
10191,-23,43,0,0,0,0.377638,0.986007,logprobs,DekaLLM
10192,-23,45,1,1,0,0.26901,0.974224,logprobs,DekaLLM
10193,-23,47,1,1,1,0.622586,0.980575,logprobs,DekaLLM
10194,-23,49,0,0,1,0.500135,0.978051,logprobs,DekaLLM
10195,-23,51,0,0,1,0.500222,0.964927,logprobs,DekaLLM
10196,-23,53,0,0,1,0.731164,0.974858,logprobs,DekaLLM
10197,-23,55,0,0,1,0.500135,0.983557,logprobs,DekaLLM
10198,-23,57,0,0,1,0.500138,0.981235,logprobs,DekaLLM
10199,-23,59,0,0,1,0.622586,0.982555,logprobs,DekaLLM
10200,-23,61,0,0,1,0.500138,0.9793,logprobs,DekaLLM
10201,-23,63,0,0,0,0.377702,0.977341,logprobs,DekaLLM
10202,-23,65,0,0,1,0.500189,0.976,logprobs,DekaLLM
10203,-23,67,0,0,1,0.500135,0.980844,logprobs,DekaLLM
10204,-23,69,0,0,1,0.500171,0.975444,logprobs,DekaLLM
10205,-23,71,0,0,1,0.500138,0.981905,logprobs,DekaLLM
10206,-23,73,0,0,1,0.500222,0.972721,logprobs,DekaLLM
10207,-23,75,0,0,1,0.500171,0.983065,logprobs,DekaLLM
10208,-23,77,0,0,1,0.817666,0.98156,logprobs,DekaLLM
10209,-23,79,0,0,1,0.500135,0.986713,logprobs,DekaLLM
10210,-23,81,0,0,0,0.377718,0.983829,logprobs,DekaLLM
10211,-23,83,0,0,1,0.731164,0.978817,logprobs,DekaLLM
10212,-23,85,0,0,1,0.500135,0.981973,logprobs,DekaLLM
10213,-23,87,0,0,0,0.26905,0.98175,logprobs,DekaLLM
10214,-23,89,0,0,0,0.182528,0.98714,logprobs,DekaLLM
10215,-23,91,0,0,0,0.182478,0.987127,logprobs,DekaLLM
10216,-23,93,0,0,0,0.269033,0.984124,logprobs,DekaLLM
10217,-23,95,0,0,0,0.182478,0.98566,logprobs,DekaLLM
10218,-23,97,0,0,0,0.26901,0.984602,logprobs,DekaLLM
10219,-23,99,0,0,0,0.377702,0.979747,logprobs,DekaLLM
10220,-23,101,0,0,1,0.731164,0.983972,logprobs,DekaLLM
10221,-23,103,0,0,1,0.731164,0.980892,logprobs,DekaLLM
10222,-23,105,0,0,1,0.500135,0.983903,logprobs,DekaLLM
10223,-23,107,0,0,0,0.377718,0.985882,logprobs,DekaLLM
10224,-23,109,0,0,1,0.500084,0.985366,logprobs,DekaLLM
10225,-23,111,0,0,1,0.622637,0.978656,logprobs,DekaLLM
10226,-23,113,0,0,1,0.500189,0.980126,logprobs,DekaLLM
10227,-23,115,1,1,1,0.622615,0.982645,logprobs,DekaLLM
10228,-23,117,1,1,1,0.731179,0.9844,logprobs,DekaLLM
10229,-23,119,1,1,1,0.817623,0.981575,logprobs,DekaLLM
10230,-23,121,1,1,1,0.817646,0.980218,logprobs,DekaLLM
10231,-23,123,1,1,1,0.817655,0.976443,logprobs,DekaLLM
10232,-23,125,1,1,1,0.817634,0.983408,logprobs,DekaLLM
10233,-23,127,1,1,1,0.924168,0.989175,logprobs,DekaLLM
10234,-23,129,1,1,1,0.924168,0.988193,logprobs,DekaLLM
10235,-23,131,1,1,1,0.952595,0.982466,logprobs,DekaLLM
10236,-23,133,1,1,1,0.970698,0.988374,logprobs,DekaLLM
10237,-23,135,1,1,1,0.880848,0.982051,logprobs,DekaLLM
10238,-23,137,1,1,1,0.924174,0.977897,logprobs,DekaLLM
10239,-23,139,1,1,1,0.817666,0.982957,logprobs,DekaLLM
10240,-23,141,1,1,1,0.924168,0.986155,logprobs,DekaLLM
10241,-23,143,1,1,1,0.970698,0.988454,logprobs,DekaLLM
10242,-23,145,1,1,1,0.924168,0.990899,logprobs,DekaLLM
10243,-23,147,1,1,1,0.924168,0.986346,logprobs,DekaLLM
10244,-23,149,1,1,1,0.880831,0.980237,logprobs,DekaLLM
10245,-23,151,0,0,1,0.880836,0.987559,logprobs,DekaLLM
10246,-23,153,0,0,1,0.817666,0.982298,logprobs,DekaLLM
10247,-23,155,0,0,0,0.269066,0.986359,logprobs,DekaLLM
10248,-23,157,0,0,0,0.182377,0.98302,logprobs,DekaLLM
10249,-23,159,0,0,0,0.075839,0.979053,logprobs,DekaLLM
10250,-23,161,0,0,0,0.182459,0.982797,logprobs,DekaLLM
10251,-23,163,0,0,0,0.11924,0.985363,logprobs,DekaLLM
10252,-23,165,0,0,0,0.07585,0.98996,logprobs,DekaLLM
10253,-23,167,0,0,0,0.182377,0.984309,logprobs,DekaLLM
10254,-23,169,0,0,0,0.07585,0.987112,logprobs,DekaLLM
10255,-23,171,0,0,0,0.182377,0.982046,logprobs,DekaLLM
10256,-23,173,0,0,0,0.119169,0.981131,logprobs,DekaLLM
10257,-23,175,0,0,0,0.075844,0.983011,logprobs,DekaLLM
10258,-23,177,0,0,0,0.075839,0.978149,logprobs,DekaLLM
10259,-23,179,0,0,0,0.119182,0.984894,logprobs,DekaLLM
10260,-25,-179,0,0,0,0.04742,0.986337,logprobs,DekaLLM
10261,-25,-177,0,0,0,0.010985,0.989714,logprobs,DekaLLM
10262,-25,-175,0,0,0,0.029307,0.98831,logprobs,DekaLLM
10263,-25,-173,0,0,0,0.029307,0.986605,logprobs,DekaLLM
10264,-25,-171,0,0,0,0.006692,0.986891,logprobs,DekaLLM
10265,-25,-169,0,0,0,0.006692,0.991385,logprobs,DekaLLM
10266,-25,-167,0,0,0,0.010986,0.988826,logprobs,DekaLLM
10267,-25,-165,0,0,0,0.006692,0.987789,logprobs,DekaLLM
10268,-25,-163,0,0,0,0.010986,0.99051,logprobs,DekaLLM
10269,-25,-161,0,0,0,0.010984,0.985839,logprobs,DekaLLM
10270,-25,-159,0,0,0,0.010985,0.987629,logprobs,DekaLLM
10271,-25,-157,0,0,0,0.017982,0.989873,logprobs,DekaLLM
10272,-25,-155,0,0,0,0.010985,0.988434,logprobs,DekaLLM
10273,-25,-153,0,0,0,0.029304,0.981443,logprobs,DekaLLM
10274,-25,-151,0,0,0,0.017983,0.988078,logprobs,DekaLLM
10275,-25,-149,0,0,0,0.017983,0.986551,logprobs,DekaLLM
10276,-25,-147,0,0,0,0.010985,0.987876,logprobs,DekaLLM
10277,-25,-145,0,0,0,0.017981,0.987779,logprobs,DekaLLM
10278,-25,-143,0,0,0,0.029307,0.986846,logprobs,DekaLLM
10279,-25,-141,0,0,0,0.029307,0.987066,logprobs,DekaLLM
10280,-25,-139,0,0,0,0.029307,0.984739,logprobs,DekaLLM
10281,-25,-137,0,0,0,0.017984,0.983375,logprobs,DekaLLM
10282,-25,-135,0,0,0,0.029307,0.98799,logprobs,DekaLLM
10283,-25,-133,0,0,1,0.500222,0.979835,logprobs,DekaLLM
10284,-25,-131,0,0,0,0.075844,0.988749,logprobs,DekaLLM
10285,-25,-129,0,0,0,0.075839,0.987289,logprobs,DekaLLM
10286,-25,-127,0,0,0,0.029304,0.98797,logprobs,DekaLLM
10287,-25,-125,0,0,0,0.047413,0.986445,logprobs,DekaLLM
10288,-25,-123,0,0,0,0.029307,0.986394,logprobs,DekaLLM
10289,-25,-121,0,0,0,0.119169,0.983026,logprobs,DekaLLM
10290,-25,-119,0,0,0,0.119227,0.986278,logprobs,DekaLLM
10291,-25,-117,0,0,0,0.377654,0.981049,logprobs,DekaLLM
10292,-25,-115,0,0,0,0.11924,0.987171,logprobs,DekaLLM
10293,-25,-113,0,0,0,0.119232,0.985052,logprobs,DekaLLM
10294,-25,-111,0,0,0,0.182377,0.982505,logprobs,DekaLLM
10295,-25,-109,0,0,0,0.269076,0.985884,logprobs,DekaLLM
10296,-25,-107,0,0,0,0.119232,0.988086,logprobs,DekaLLM
10297,-25,-105,0,0,0,0.377572,0.980823,logprobs,DekaLLM
10298,-25,-103,0,0,1,0.500222,0.975934,logprobs,DekaLLM
10299,-25,-101,0,0,0,0.377749,0.982599,logprobs,DekaLLM
10300,-25,-99,0,0,1,0.500189,0.982885,logprobs,DekaLLM
10301,-25,-97,0,0,1,0.50012,0.984426,logprobs,DekaLLM
10302,-25,-95,0,0,0,0.11924,0.984779,logprobs,DekaLLM
10303,-25,-93,0,0,0,0.047417,0.98753,logprobs,DekaLLM
10304,-25,-91,0,0,0,0.075835,0.983954,logprobs,DekaLLM
10305,-25,-89,0,0,0,0.269023,0.989695,logprobs,DekaLLM
10306,-25,-87,0,0,0,0.119182,0.976239,logprobs,DekaLLM
10307,-25,-85,0,0,0,0.269076,0.984315,logprobs,DekaLLM
10308,-25,-83,0,0,0,0.377702,0.983821,logprobs,DekaLLM
10309,-25,-81,0,0,0,0.182357,0.983621,logprobs,DekaLLM
10310,-25,-79,0,0,0,0.182478,0.981374,logprobs,DekaLLM
10311,-25,-77,0,0,0,0.119169,0.983155,logprobs,DekaLLM
10312,-25,-75,0,0,0,0.075839,0.986419,logprobs,DekaLLM
10313,-25,-73,0,0,0,0.075839,0.984306,logprobs,DekaLLM
10314,-25,-71,0,0,1,0.500135,0.982642,logprobs,DekaLLM
10315,-25,-69,1,1,1,0.731163,0.979292,logprobs,DekaLLM
10316,-25,-67,1,1,1,0.817666,0.981904,logprobs,DekaLLM
10317,-25,-65,1,1,1,0.924168,0.984792,logprobs,DekaLLM
10318,-25,-63,1,1,1,0.817666,0.982697,logprobs,DekaLLM
10319,-25,-61,1,1,1,0.622586,0.979905,logprobs,DekaLLM
10320,-25,-59,1,1,1,0.500135,0.980706,logprobs,DekaLLM
10321,-25,-57,1,1,1,0.622604,0.985264,logprobs,DekaLLM
10322,-25,-55,1,1,1,0.500166,0.978122,logprobs,DekaLLM
10323,-25,-53,1,1,1,0.731164,0.982824,logprobs,DekaLLM
10324,-25,-51,1,1,1,0.622554,0.985938,logprobs,DekaLLM
10325,-25,-49,1,1,1,0.622586,0.976995,logprobs,DekaLLM
10326,-25,-47,0,0,1,0.817666,0.981397,logprobs,DekaLLM
10327,-25,-45,0,0,0,0.182445,0.987966,logprobs,DekaLLM
10328,-25,-43,0,0,1,0.500135,0.985035,logprobs,DekaLLM
10329,-25,-41,0,0,0,0.11924,0.984712,logprobs,DekaLLM
10330,-25,-39,0,0,0,0.119169,0.976353,logprobs,DekaLLM
10331,-25,-37,0,0,0,0.075839,0.978927,logprobs,DekaLLM
10332,-25,-35,0,0,0,0.269076,0.982979,logprobs,DekaLLM
10333,-25,-33,0,0,0,0.182528,0.98684,logprobs,DekaLLM
10334,-25,-31,0,0,0,0.377702,0.981809,logprobs,DekaLLM
10335,-25,-29,0,0,0,0.377702,0.983771,logprobs,DekaLLM
10336,-25,-27,0,0,0,0.269076,0.981143,logprobs,DekaLLM
10337,-25,-25,0,0,0,0.377749,0.978802,logprobs,DekaLLM
10338,-25,-23,0,0,1,0.500135,0.967006,logprobs,DekaLLM
10339,-25,-21,0,0,0,0.377702,0.979123,logprobs,DekaLLM
10340,-25,-19,0,0,1,0.500084,0.977125,logprobs,DekaLLM
10341,-25,-17,0,0,0,0.377671,0.981214,logprobs,DekaLLM
10342,-25,-15,0,0,0,0.377702,0.985025,logprobs,DekaLLM
10343,-25,-13,0,0,1,0.500135,0.982661,logprobs,DekaLLM
10344,-25,-11,0,0,0,0.377749,0.982381,logprobs,DekaLLM
10345,-25,-9,0,0,0,0.377834,0.977723,logprobs,DekaLLM
10346,-25,-7,0,0,1,0.500135,0.979302,logprobs,DekaLLM
10347,-25,-5,0,0,0,0.377749,0.973352,logprobs,DekaLLM
10348,-25,-3,0,0,1,0.500189,0.974054,logprobs,DekaLLM
10349,-25,-1,0,0,0,0.377749,0.978835,logprobs,DekaLLM
10350,-25,1,0,0,1,0.500189,0.972715,logprobs,DekaLLM
10351,-25,3,0,0,1,0.500084,0.975471,logprobs,DekaLLM
10352,-25,5,0,0,1,0.500138,0.978483,logprobs,DekaLLM
10353,-25,7,0,0,1,0.500189,0.978936,logprobs,DekaLLM
10354,-25,9,0,0,1,0.500135,0.977957,logprobs,DekaLLM
10355,-25,11,0,0,1,0.622586,0.981942,logprobs,DekaLLM
10356,-25,13,0,0,1,0.622586,0.975002,logprobs,DekaLLM
10357,-25,15,1,1,1,0.622637,0.972246,logprobs,DekaLLM
10358,-25,17,1,1,1,0.731179,0.982665,logprobs,DekaLLM
10359,-25,19,1,1,1,0.731179,0.980017,logprobs,DekaLLM
10360,-25,21,1,1,1,0.731165,0.974149,logprobs,DekaLLM
10361,-25,23,1,1,1,0.817635,0.980541,logprobs,DekaLLM
10362,-25,25,1,1,1,0.500189,0.975568,logprobs,DekaLLM
10363,-25,27,1,1,1,0.952595,0.984776,logprobs,DekaLLM
10364,-25,29,1,1,1,0.880848,0.981094,logprobs,DekaLLM
10365,-25,31,1,1,1,0.731164,0.971784,logprobs,DekaLLM
10366,-25,33,1,1,1,0.731165,0.976965,logprobs,DekaLLM
10367,-25,35,0,0,1,0.500135,0.983581,logprobs,DekaLLM
10368,-25,37,0,0,0,0.269076,0.978537,logprobs,DekaLLM
10369,-25,39,0,0,0,0.377619,0.981099,logprobs,DekaLLM
10370,-25,41,0,0,1,0.500138,0.976763,logprobs,DekaLLM
10371,-25,43,0,0,0,0.377619,0.980512,logprobs,DekaLLM
10372,-25,45,1,1,1,0.500105,0.976814,logprobs,DekaLLM
10373,-25,47,1,1,0,0.377671,0.98418,logprobs,DekaLLM
10374,-25,49,0,0,0,0.377592,0.971503,logprobs,DekaLLM
10375,-25,51,0,0,0,0.377671,0.978136,logprobs,DekaLLM
10376,-25,53,0,0,0,0.377749,0.970417,logprobs,DekaLLM
10377,-25,55,0,0,0,0.377667,0.985253,logprobs,DekaLLM
10378,-25,57,0,0,0,0.377638,0.986844,logprobs,DekaLLM
10379,-25,59,0,0,0,0.377749,0.981062,logprobs,DekaLLM
10380,-25,61,0,0,1,0.500138,0.977904,logprobs,DekaLLM
10381,-25,63,0,0,1,0.500189,0.977473,logprobs,DekaLLM
10382,-25,65,0,0,1,0.500135,0.976576,logprobs,DekaLLM
10383,-25,67,0,0,1,0.500084,0.979092,logprobs,DekaLLM
10384,-25,69,0,0,0,0.269147,0.978975,logprobs,DekaLLM
10385,-25,71,0,0,0,0.269076,0.979484,logprobs,DekaLLM
10386,-25,73,0,0,1,0.731164,0.977594,logprobs,DekaLLM
10387,-25,75,0,0,1,0.622618,0.981759,logprobs,DekaLLM
10388,-25,77,0,0,1,0.731165,0.976199,logprobs,DekaLLM
10389,-25,79,0,0,1,0.500084,0.983238,logprobs,DekaLLM
10390,-25,81,0,0,1,0.500222,0.975431,logprobs,DekaLLM
10391,-25,83,0,0,1,0.622637,0.979577,logprobs,DekaLLM
10392,-25,85,0,0,0,0.269076,0.982748,logprobs,DekaLLM
10393,-25,87,0,0,0,0.182528,0.982946,logprobs,DekaLLM
10394,-25,89,0,0,0,0.268984,0.975371,logprobs,DekaLLM
10395,-25,91,0,0,0,0.26901,0.979526,logprobs,DekaLLM
10396,-25,93,0,0,1,0.500138,0.98117,logprobs,DekaLLM
10397,-25,95,0,0,0,0.377619,0.979128,logprobs,DekaLLM
10398,-25,97,0,0,0,0.269076,0.977433,logprobs,DekaLLM
10399,-25,99,0,0,0,0.182445,0.985016,logprobs,DekaLLM
10400,-25,101,0,0,1,0.622615,0.978451,logprobs,DekaLLM
10401,-25,103,0,0,1,0.731153,0.984909,logprobs,DekaLLM
10402,-25,105,0,0,1,0.500084,0.97876,logprobs,DekaLLM
10403,-25,107,0,0,0,0.269076,0.979376,logprobs,DekaLLM
10404,-25,109,0,0,0,0.269076,0.984501,logprobs,DekaLLM
10405,-25,111,0,0,1,0.500222,0.971686,logprobs,DekaLLM
10406,-25,113,0,0,1,0.622567,0.988367,logprobs,DekaLLM
10407,-25,115,1,1,1,0.731179,0.988765,logprobs,DekaLLM
10408,-25,117,1,1,1,0.731179,0.984671,logprobs,DekaLLM
10409,-25,119,1,1,1,0.731164,0.978543,logprobs,DekaLLM
10410,-25,121,1,1,1,0.817646,0.984811,logprobs,DekaLLM
10411,-25,123,1,1,1,0.817646,0.981066,logprobs,DekaLLM
10412,-25,125,1,1,1,0.880861,0.983927,logprobs,DekaLLM
10413,-25,127,1,1,1,0.880845,0.98485,logprobs,DekaLLM
10414,-25,129,1,1,1,0.880861,0.982337,logprobs,DekaLLM
10415,-25,131,1,1,1,0.924174,0.977322,logprobs,DekaLLM
10416,-25,133,1,1,1,0.970698,0.987158,logprobs,DekaLLM
10417,-25,135,1,1,1,0.952587,0.988195,logprobs,DekaLLM
10418,-25,137,1,1,1,0.924168,0.986725,logprobs,DekaLLM
10419,-25,139,1,1,1,0.880854,0.977448,logprobs,DekaLLM
10420,-25,141,1,1,1,0.880845,0.979569,logprobs,DekaLLM
10421,-25,143,1,1,1,0.970696,0.987502,logprobs,DekaLLM
10422,-25,145,1,1,1,0.880836,0.985319,logprobs,DekaLLM
10423,-25,147,1,1,1,0.880839,0.980218,logprobs,DekaLLM
10424,-25,149,1,1,1,0.88084,0.97739,logprobs,DekaLLM
10425,-25,151,1,1,1,0.92417,0.97337,logprobs,DekaLLM
10426,-25,153,0,0,1,0.817634,0.986216,logprobs,DekaLLM
10427,-25,155,0,0,0,0.377638,0.982042,logprobs,DekaLLM
10428,-25,157,0,0,0,0.047413,0.985687,logprobs,DekaLLM
10429,-25,159,0,0,0,0.017984,0.986186,logprobs,DekaLLM
10430,-25,161,0,0,0,0.119174,0.987106,logprobs,DekaLLM
10431,-25,163,0,0,0,0.119182,0.98004,logprobs,DekaLLM
10432,-25,165,0,0,0,0.047417,0.986591,logprobs,DekaLLM
10433,-25,167,0,0,0,0.047413,0.977894,logprobs,DekaLLM
10434,-25,169,0,0,0,0.047413,0.980046,logprobs,DekaLLM
10435,-25,171,0,0,0,0.119182,0.983949,logprobs,DekaLLM
10436,-25,173,0,0,0,0.075844,0.987597,logprobs,DekaLLM
10437,-25,175,0,0,0,0.047413,0.984491,logprobs,DekaLLM
10438,-25,177,0,0,0,0.07585,0.975913,logprobs,DekaLLM
10439,-25,179,0,0,0,0.119174,0.988429,logprobs,DekaLLM
10440,-27,-179,0,0,0,0.075839,0.984255,logprobs,DekaLLM
10441,-27,-177,0,0,0,0.017983,0.984125,logprobs,DekaLLM
10442,-27,-175,0,0,0,0.017981,0.979185,logprobs,DekaLLM
10443,-27,-173,0,0,0,0.029304,0.983539,logprobs,DekaLLM
10444,-27,-171,0,0,0,0.017983,0.988705,logprobs,DekaLLM
10445,-27,-169,0,0,0,0.006692,0.985598,logprobs,DekaLLM
10446,-27,-167,0,0,0,0.010985,0.988585,logprobs,DekaLLM
10447,-27,-165,0,0,0,0.010985,0.985334,logprobs,DekaLLM
10448,-27,-163,0,0,0,0.006692,0.986733,logprobs,DekaLLM
10449,-27,-161,0,0,0,0.010985,0.983733,logprobs,DekaLLM
10450,-27,-159,0,0,0,0.017983,0.983622,logprobs,DekaLLM
10451,-27,-157,0,0,0,0.029307,0.983847,logprobs,DekaLLM
10452,-27,-155,0,0,0,0.017983,0.989825,logprobs,DekaLLM
10453,-27,-153,0,0,0,0.268901,0.978981,logprobs,DekaLLM
10454,-27,-151,0,0,0,0.377749,0.966843,logprobs,DekaLLM
10455,-27,-149,0,0,0,0.119182,0.976635,logprobs,DekaLLM
10456,-27,-147,0,0,0,0.119235,0.985178,logprobs,DekaLLM
10457,-27,-145,0,0,0,0.269076,0.981313,logprobs,DekaLLM
10458,-27,-143,0,0,0,0.377749,0.975678,logprobs,DekaLLM
10459,-27,-141,0,0,0,0.182478,0.982219,logprobs,DekaLLM
10460,-27,-139,0,0,0,0.047413,0.982724,logprobs,DekaLLM
10461,-27,-137,0,0,0,0.017983,0.977824,logprobs,DekaLLM
10462,-27,-135,0,0,0,0.075844,0.988032,logprobs,DekaLLM
10463,-27,-133,0,0,1,0.731179,0.985865,logprobs,DekaLLM
10464,-27,-131,0,0,0,0.269052,0.985956,logprobs,DekaLLM
10465,-27,-129,0,0,0,0.268901,0.978834,logprobs,DekaLLM
10466,-27,-127,0,0,0,0.075844,0.980179,logprobs,DekaLLM
10467,-27,-125,0,0,0,0.047413,0.986254,logprobs,DekaLLM
10468,-27,-123,0,0,0,0.029304,0.985828,logprobs,DekaLLM
10469,-27,-121,0,0,0,0.047417,0.984687,logprobs,DekaLLM
10470,-27,-119,0,0,0,0.269033,0.97946,logprobs,DekaLLM
10471,-27,-117,0,0,0,0.182509,0.98504,logprobs,DekaLLM
10472,-27,-115,0,0,0,0.268984,0.981124,logprobs,DekaLLM
10473,-27,-113,0,0,0,0.182459,0.984121,logprobs,DekaLLM
10474,-27,-111,0,0,0,0.377619,0.986652,logprobs,DekaLLM
10475,-27,-109,0,0,0,0.377702,0.984161,logprobs,DekaLLM
10476,-27,-107,0,0,0,0.119174,0.985463,logprobs,DekaLLM
10477,-27,-105,0,0,0,0.26901,0.980479,logprobs,DekaLLM
10478,-27,-103,0,0,0,0.269076,0.979178,logprobs,DekaLLM
10479,-27,-101,0,0,0,0.377623,0.977927,logprobs,DekaLLM
10480,-27,-99,0,0,0,0.269076,0.984734,logprobs,DekaLLM
10481,-27,-97,0,0,1,0.500189,0.979939,logprobs,DekaLLM
10482,-27,-95,0,0,0,0.075839,0.985114,logprobs,DekaLLM
10483,-27,-93,0,0,0,0.017983,0.987566,logprobs,DekaLLM
10484,-27,-91,0,0,0,0.047413,0.98383,logprobs,DekaLLM
10485,-27,-89,0,0,0,0.268967,0.981456,logprobs,DekaLLM
10486,-27,-87,0,0,0,0.017983,0.980367,logprobs,DekaLLM
10487,-27,-85,0,0,0,0.182478,0.982692,logprobs,DekaLLM
10488,-27,-83,0,0,0,0.047413,0.983493,logprobs,DekaLLM
10489,-27,-81,0,0,0,0.269076,0.981362,logprobs,DekaLLM
10490,-27,-79,0,0,0,0.075844,0.985921,logprobs,DekaLLM
10491,-27,-77,0,0,0,0.182458,0.97895,logprobs,DekaLLM
10492,-27,-75,0,0,0,0.047417,0.984709,logprobs,DekaLLM
10493,-27,-73,0,0,0,0.075839,0.982916,logprobs,DekaLLM
10494,-27,-71,0,0,0,0.377749,0.981501,logprobs,DekaLLM
10495,-27,-69,1,1,1,0.622586,0.980867,logprobs,DekaLLM
10496,-27,-67,1,1,1,0.731123,0.987322,logprobs,DekaLLM
10497,-27,-65,1,1,1,0.880861,0.983958,logprobs,DekaLLM
10498,-27,-63,1,1,1,0.817666,0.978177,logprobs,DekaLLM
10499,-27,-61,1,1,1,0.500171,0.97511,logprobs,DekaLLM
10500,-27,-59,1,1,1,0.500135,0.984675,logprobs,DekaLLM
10501,-27,-57,1,1,1,0.500222,0.97747,logprobs,DekaLLM
10502,-27,-55,1,1,1,0.622586,0.980573,logprobs,DekaLLM
10503,-27,-53,1,1,1,0.731164,0.968675,logprobs,DekaLLM
10504,-27,-51,1,1,1,0.622637,0.97859,logprobs,DekaLLM
10505,-27,-49,1,1,1,0.622586,0.985145,logprobs,DekaLLM
10506,-27,-47,0,0,1,0.731165,0.982771,logprobs,DekaLLM
10507,-27,-45,0,0,0,0.26901,0.981331,logprobs,DekaLLM
10508,-27,-43,0,0,0,0.268943,0.986442,logprobs,DekaLLM
10509,-27,-41,0,0,0,0.029307,0.984664,logprobs,DekaLLM
10510,-27,-39,0,0,0,0.119174,0.9855,logprobs,DekaLLM
10511,-27,-37,0,0,0,0.029307,0.986024,logprobs,DekaLLM
10512,-27,-35,0,0,0,0.075839,0.986639,logprobs,DekaLLM
10513,-27,-33,0,0,0,0.182478,0.982628,logprobs,DekaLLM
10514,-27,-31,0,0,0,0.18244,0.979642,logprobs,DekaLLM
10515,-27,-29,0,0,0,0.18249,0.982898,logprobs,DekaLLM
10516,-27,-27,0,0,0,0.377749,0.979643,logprobs,DekaLLM
10517,-27,-25,0,0,0,0.269076,0.977981,logprobs,DekaLLM
10518,-27,-23,0,0,0,0.377698,0.975618,logprobs,DekaLLM
10519,-27,-21,0,0,0,0.269076,0.983414,logprobs,DekaLLM
10520,-27,-19,0,0,0,0.377671,0.971035,logprobs,DekaLLM
10521,-27,-17,0,0,0,0.182528,0.986713,logprobs,DekaLLM
10522,-27,-15,0,0,0,0.26901,0.97542,logprobs,DekaLLM
10523,-27,-13,0,0,0,0.377718,0.980251,logprobs,DekaLLM
10524,-27,-11,0,0,0,0.377718,0.980695,logprobs,DekaLLM
10525,-27,-9,0,0,0,0.377698,0.97709,logprobs,DekaLLM
10526,-27,-7,0,0,0,0.377749,0.975129,logprobs,DekaLLM
10527,-27,-5,0,0,0,0.377623,0.983365,logprobs,DekaLLM
10528,-27,-3,0,0,1,0.500135,0.978485,logprobs,DekaLLM
10529,-27,-1,0,0,0,0.377667,0.980131,logprobs,DekaLLM
10530,-27,1,0,0,1,0.500189,0.974243,logprobs,DekaLLM
10531,-27,3,0,0,1,0.500189,0.977349,logprobs,DekaLLM
10532,-27,5,0,0,1,0.500135,0.976119,logprobs,DekaLLM
10533,-27,7,0,0,1,0.500222,0.975667,logprobs,DekaLLM
10534,-27,9,0,0,1,0.731165,0.980292,logprobs,DekaLLM
10535,-27,11,0,0,1,0.500222,0.975539,logprobs,DekaLLM
10536,-27,13,0,0,1,0.731164,0.969818,logprobs,DekaLLM
10537,-27,15,0,0,1,0.500189,0.980328,logprobs,DekaLLM
10538,-27,17,1,1,1,0.731164,0.97135,logprobs,DekaLLM
10539,-27,19,1,1,1,0.500222,0.981551,logprobs,DekaLLM
10540,-27,21,1,1,1,0.622586,0.981971,logprobs,DekaLLM
10541,-27,23,1,1,1,0.817654,0.977462,logprobs,DekaLLM
10542,-27,25,1,1,1,0.817666,0.977833,logprobs,DekaLLM
10543,-27,27,1,1,1,0.622637,0.982545,logprobs,DekaLLM
10544,-27,29,1,1,1,0.880836,0.986366,logprobs,DekaLLM
10545,-27,31,1,1,1,0.731163,0.981448,logprobs,DekaLLM
10546,-27,33,0,0,1,0.73119,0.97842,logprobs,DekaLLM
10547,-27,35,0,0,1,0.500135,0.978119,logprobs,DekaLLM
10548,-27,37,0,0,0,0.269076,0.978954,logprobs,DekaLLM
10549,-27,39,0,0,0,0.377592,0.972832,logprobs,DekaLLM
10550,-27,41,0,0,1,0.500222,0.97082,logprobs,DekaLLM
10551,-27,43,0,0,0,0.377702,0.97936,logprobs,DekaLLM
10552,-27,45,0,0,0,0.377755,0.973349,logprobs,DekaLLM
10553,-27,47,0,0,1,0.500135,0.986281,logprobs,DekaLLM
10554,-27,49,0,0,0,0.377749,0.977793,logprobs,DekaLLM
10555,-27,51,0,0,0,0.377749,0.975929,logprobs,DekaLLM
10556,-27,53,0,0,0,0.377749,0.976695,logprobs,DekaLLM
10557,-27,55,0,0,0,0.26901,0.975808,logprobs,DekaLLM
10558,-27,57,0,0,0,0.269116,0.979824,logprobs,DekaLLM
10559,-27,59,0,0,0,0.377572,0.982657,logprobs,DekaLLM
10560,-27,61,0,0,0,0.377718,0.981418,logprobs,DekaLLM
10561,-27,63,0,0,0,0.377619,0.980996,logprobs,DekaLLM
10562,-27,65,0,0,0,0.377667,0.982195,logprobs,DekaLLM
10563,-27,67,0,0,0,0.269076,0.978449,logprobs,DekaLLM
10564,-27,69,0,0,0,0.26901,0.975442,logprobs,DekaLLM
10565,-27,71,0,0,0,0.377702,0.975156,logprobs,DekaLLM
10566,-27,73,0,0,1,0.731164,0.979133,logprobs,DekaLLM
10567,-27,75,0,0,1,0.622586,0.974943,logprobs,DekaLLM
10568,-27,77,0,0,1,0.817666,0.981457,logprobs,DekaLLM
10569,-27,79,0,0,1,0.500189,0.97415,logprobs,DekaLLM
10570,-27,81,0,0,0,0.182531,0.980348,logprobs,DekaLLM
10571,-27,83,0,0,0,0.377786,0.977024,logprobs,DekaLLM
10572,-27,85,0,0,1,0.500138,0.986802,logprobs,DekaLLM
10573,-27,87,0,0,0,0.268984,0.97702,logprobs,DekaLLM
10574,-27,89,0,0,0,0.182376,0.976951,logprobs,DekaLLM
10575,-27,91,0,0,0,0.269076,0.980485,logprobs,DekaLLM
10576,-27,93,0,0,0,0.269026,0.984574,logprobs,DekaLLM
10577,-27,95,0,0,0,0.119182,0.980691,logprobs,DekaLLM
10578,-27,97,0,0,0,0.182478,0.981457,logprobs,DekaLLM
10579,-27,99,0,0,0,0.26901,0.977928,logprobs,DekaLLM
10580,-27,101,0,0,1,0.731189,0.977903,logprobs,DekaLLM
10581,-27,103,0,0,1,0.622586,0.979531,logprobs,DekaLLM
10582,-27,105,0,0,0,0.377702,0.980853,logprobs,DekaLLM
10583,-27,107,0,0,0,0.269076,0.974702,logprobs,DekaLLM
10584,-27,109,0,0,0,0.377623,0.976523,logprobs,DekaLLM
10585,-27,111,0,0,0,0.269076,0.982794,logprobs,DekaLLM
10586,-27,113,0,0,1,0.622586,0.978445,logprobs,DekaLLM
10587,-27,115,1,1,1,0.731164,0.981439,logprobs,DekaLLM
10588,-27,117,1,1,1,0.817635,0.985323,logprobs,DekaLLM
10589,-27,119,1,1,1,0.817666,0.985653,logprobs,DekaLLM
10590,-27,121,1,1,1,0.817686,0.979533,logprobs,DekaLLM
10591,-27,123,1,1,1,0.924174,0.982368,logprobs,DekaLLM
10592,-27,125,1,1,1,0.817666,0.981235,logprobs,DekaLLM
10593,-27,127,1,1,1,0.880845,0.984926,logprobs,DekaLLM
10594,-27,129,1,1,1,0.924185,0.985151,logprobs,DekaLLM
10595,-27,131,1,1,1,0.952595,0.977538,logprobs,DekaLLM
10596,-27,133,1,1,1,0.970696,0.98895,logprobs,DekaLLM
10597,-27,135,1,1,1,0.952585,0.98577,logprobs,DekaLLM
10598,-27,137,1,1,1,0.924159,0.982529,logprobs,DekaLLM
10599,-27,139,1,1,1,0.924165,0.989612,logprobs,DekaLLM
10600,-27,141,1,1,1,0.95259,0.986514,logprobs,DekaLLM
10601,-27,143,1,1,1,0.952585,0.985726,logprobs,DekaLLM
10602,-27,145,1,1,1,0.952591,0.986414,logprobs,DekaLLM
10603,-27,147,1,1,1,0.924174,0.986237,logprobs,DekaLLM
10604,-27,149,1,1,1,0.952585,0.985845,logprobs,DekaLLM
10605,-27,151,1,1,1,0.924156,0.980539,logprobs,DekaLLM
10606,-27,153,1,1,1,0.924168,0.984917,logprobs,DekaLLM
10607,-27,155,0,0,1,0.817666,0.98086,logprobs,DekaLLM
10608,-27,157,0,0,0,0.377718,0.983831,logprobs,DekaLLM
10609,-27,159,0,0,0,0.075844,0.976226,logprobs,DekaLLM
10610,-27,161,0,0,0,0.182459,0.977651,logprobs,DekaLLM
10611,-27,163,0,0,0,0.119182,0.984624,logprobs,DekaLLM
10612,-27,165,0,0,0,0.075844,0.987127,logprobs,DekaLLM
10613,-27,167,0,0,0,0.047411,0.979862,logprobs,DekaLLM
10614,-27,169,0,0,0,0.119182,0.969221,logprobs,DekaLLM
10615,-27,171,0,0,0,0.269076,0.976438,logprobs,DekaLLM
10616,-27,173,0,0,0,0.26901,0.975352,logprobs,DekaLLM
10617,-27,175,0,0,0,0.075844,0.977453,logprobs,DekaLLM
10618,-27,177,0,0,0,0.11919,0.983666,logprobs,DekaLLM
10619,-27,179,0,0,0,0.075844,0.984671,logprobs,DekaLLM
10620,-29,-179,0,0,0,0.029307,0.989312,logprobs,DekaLLM
10621,-29,-177,0,0,0,0.010985,0.985436,logprobs,DekaLLM
10622,-29,-175,0,0,0,0.017984,0.991893,logprobs,DekaLLM
10623,-29,-173,0,0,0,0.010985,0.986823,logprobs,DekaLLM
10624,-29,-171,0,0,0,0.006692,0.988513,logprobs,DekaLLM
10625,-29,-169,0,0,0,0.006692,0.988674,logprobs,DekaLLM
10626,-29,-167,0,0,0,0.00407,0.990661,logprobs,DekaLLM
10627,-29,-165,0,0,0,0.010985,0.986437,logprobs,DekaLLM
10628,-29,-163,0,0,0,0.017984,0.987779,logprobs,DekaLLM
10629,-29,-161,0,0,0,0.006692,0.991721,logprobs,DekaLLM
10630,-29,-159,0,0,0,0.006692,0.983692,logprobs,DekaLLM
10631,-29,-157,0,0,0,0.010986,0.988887,logprobs,DekaLLM
10632,-29,-155,0,0,0,0.017981,0.97847,logprobs,DekaLLM
10633,-29,-153,0,0,0,0.075839,0.979905,logprobs,DekaLLM
10634,-29,-151,0,0,0,0.182528,0.986565,logprobs,DekaLLM
10635,-29,-149,0,0,1,0.500135,0.980072,logprobs,DekaLLM
10636,-29,-147,0,0,0,0.377749,0.981387,logprobs,DekaLLM
10637,-29,-145,0,0,0,0.377702,0.984412,logprobs,DekaLLM
10638,-29,-143,0,0,1,0.622586,0.985642,logprobs,DekaLLM
10639,-29,-141,0,0,1,0.622586,0.978229,logprobs,DekaLLM
10640,-29,-139,0,0,0,0.075844,0.981908,logprobs,DekaLLM
10641,-29,-137,0,0,0,0.119169,0.984089,logprobs,DekaLLM
10642,-29,-135,0,0,0,0.182445,0.988489,logprobs,DekaLLM
10643,-29,-133,0,0,1,0.88084,0.982325,logprobs,DekaLLM
10644,-29,-131,0,0,1,0.622637,0.980353,logprobs,DekaLLM
10645,-29,-129,0,0,1,0.622604,0.988566,logprobs,DekaLLM
10646,-29,-127,0,0,1,0.731179,0.979513,logprobs,DekaLLM
10647,-29,-125,0,0,1,0.500171,0.984979,logprobs,DekaLLM
10648,-29,-123,0,0,0,0.377702,0.986278,logprobs,DekaLLM
10649,-29,-121,0,0,0,0.26901,0.983853,logprobs,DekaLLM
10650,-29,-119,0,0,0,0.377718,0.984825,logprobs,DekaLLM
10651,-29,-117,0,0,0,0.377702,0.984222,logprobs,DekaLLM
10652,-29,-115,0,0,0,0.377667,0.982924,logprobs,DekaLLM
10653,-29,-113,0,0,0,0.18249,0.988094,logprobs,DekaLLM
10654,-29,-111,0,0,0,0.182459,0.985758,logprobs,DekaLLM
10655,-29,-109,0,0,0,0.269025,0.988885,logprobs,DekaLLM
10656,-29,-107,0,0,0,0.182446,0.99006,logprobs,DekaLLM
10657,-29,-105,0,0,0,0.269076,0.978411,logprobs,DekaLLM
10658,-29,-103,0,0,1,0.500138,0.979124,logprobs,DekaLLM
10659,-29,-101,0,0,1,0.500222,0.97991,logprobs,DekaLLM
10660,-29,-99,0,0,1,0.500189,0.980426,logprobs,DekaLLM
10661,-29,-97,0,0,1,0.622666,0.971516,logprobs,DekaLLM
10662,-29,-95,0,0,0,0.268967,0.979803,logprobs,DekaLLM
10663,-29,-93,0,0,0,0.017983,0.986599,logprobs,DekaLLM
10664,-29,-91,0,0,0,0.017983,0.98563,logprobs,DekaLLM
10665,-29,-89,0,0,0,0.075844,0.982384,logprobs,DekaLLM
10666,-29,-87,0,0,0,0.075844,0.978626,logprobs,DekaLLM
10667,-29,-85,0,0,0,0.047413,0.980975,logprobs,DekaLLM
10668,-29,-83,0,0,0,0.182459,0.980366,logprobs,DekaLLM
10669,-29,-81,0,0,0,0.269076,0.982817,logprobs,DekaLLM
10670,-29,-79,0,0,0,0.119227,0.986991,logprobs,DekaLLM
10671,-29,-77,0,0,0,0.119169,0.986093,logprobs,DekaLLM
10672,-29,-75,0,0,0,0.047413,0.98347,logprobs,DekaLLM
10673,-29,-73,0,0,0,0.04742,0.98821,logprobs,DekaLLM
10674,-29,-71,1,1,1,0.500117,0.983177,logprobs,DekaLLM
10675,-29,-69,1,1,1,0.622538,0.984886,logprobs,DekaLLM
10676,-29,-67,1,1,1,0.731179,0.979618,logprobs,DekaLLM
10677,-29,-65,1,1,1,0.817666,0.978363,logprobs,DekaLLM
10678,-29,-63,1,1,1,0.622697,0.972227,logprobs,DekaLLM
10679,-29,-61,1,1,1,0.622538,0.985864,logprobs,DekaLLM
10680,-29,-59,1,1,1,0.500084,0.987236,logprobs,DekaLLM
10681,-29,-57,1,1,1,0.500135,0.981117,logprobs,DekaLLM
10682,-29,-55,1,1,1,0.50022,0.983595,logprobs,DekaLLM
10683,-29,-53,1,1,1,0.622586,0.982321,logprobs,DekaLLM
10684,-29,-51,1,1,1,0.500135,0.977776,logprobs,DekaLLM
10685,-29,-49,0,0,1,0.500135,0.987312,logprobs,DekaLLM
10686,-29,-47,0,0,1,0.622586,0.986875,logprobs,DekaLLM
10687,-29,-45,0,0,0,0.269076,0.982943,logprobs,DekaLLM
10688,-29,-43,0,0,0,0.377702,0.984529,logprobs,DekaLLM
10689,-29,-41,0,0,0,0.047413,0.985431,logprobs,DekaLLM
10690,-29,-39,0,0,0,0.119174,0.986682,logprobs,DekaLLM
10691,-29,-37,0,0,0,0.029307,0.991401,logprobs,DekaLLM
10692,-29,-35,0,0,0,0.047413,0.984724,logprobs,DekaLLM
10693,-29,-33,0,0,0,0.182457,0.986849,logprobs,DekaLLM
10694,-29,-31,0,0,0,0.075839,0.988204,logprobs,DekaLLM
10695,-29,-29,0,0,0,0.377623,0.983733,logprobs,DekaLLM
10696,-29,-27,0,0,0,0.377638,0.986769,logprobs,DekaLLM
10697,-29,-25,0,0,1,0.622586,0.980498,logprobs,DekaLLM
10698,-29,-23,0,0,1,0.500189,0.98138,logprobs,DekaLLM
10699,-29,-21,0,0,0,0.269076,0.981725,logprobs,DekaLLM
10700,-29,-19,0,0,0,0.269116,0.980193,logprobs,DekaLLM
10701,-29,-17,0,0,0,0.377671,0.976929,logprobs,DekaLLM
10702,-29,-15,0,0,0,0.377702,0.983604,logprobs,DekaLLM
10703,-29,-13,0,0,1,0.500222,0.974922,logprobs,DekaLLM
10704,-29,-11,0,0,1,0.500135,0.985363,logprobs,DekaLLM
10705,-29,-9,0,0,1,0.500222,0.97755,logprobs,DekaLLM
10706,-29,-7,0,0,1,0.500135,0.981783,logprobs,DekaLLM
10707,-29,-5,0,0,1,0.500189,0.980456,logprobs,DekaLLM
10708,-29,-3,0,0,0,0.377749,0.977397,logprobs,DekaLLM
10709,-29,-1,0,0,1,0.500135,0.98096,logprobs,DekaLLM
10710,-29,1,0,0,1,0.622617,0.979376,logprobs,DekaLLM
10711,-29,3,0,0,1,0.622617,0.973285,logprobs,DekaLLM
10712,-29,5,0,0,1,0.622668,0.974277,logprobs,DekaLLM
10713,-29,7,0,0,1,0.622586,0.986372,logprobs,DekaLLM
10714,-29,9,0,0,1,0.622668,0.97816,logprobs,DekaLLM
10715,-29,11,0,0,1,0.500135,0.982578,logprobs,DekaLLM
10716,-29,13,0,0,1,0.731164,0.979767,logprobs,DekaLLM
10717,-29,15,0,0,1,0.622646,0.982393,logprobs,DekaLLM
10718,-29,17,1,1,1,0.817623,0.986108,logprobs,DekaLLM
10719,-29,19,1,1,1,0.817655,0.97799,logprobs,DekaLLM
10720,-29,21,1,1,1,0.817666,0.984028,logprobs,DekaLLM
10721,-29,23,1,1,1,0.880836,0.984824,logprobs,DekaLLM
10722,-29,25,1,1,1,0.924165,0.982002,logprobs,DekaLLM
10723,-29,27,1,1,1,0.880845,0.979193,logprobs,DekaLLM
10724,-29,29,1,1,1,0.500189,0.981179,logprobs,DekaLLM
10725,-29,31,1,1,1,0.622586,0.981143,logprobs,DekaLLM
10726,-29,33,0,0,1,0.500135,0.984375,logprobs,DekaLLM
10727,-29,35,0,0,1,0.622586,0.980642,logprobs,DekaLLM
10728,-29,37,0,0,0,0.377669,0.985891,logprobs,DekaLLM
10729,-29,39,0,0,0,0.377638,0.98462,logprobs,DekaLLM
10730,-29,41,0,0,1,0.500135,0.983941,logprobs,DekaLLM
10731,-29,43,0,0,0,0.377671,0.979506,logprobs,DekaLLM
10732,-29,45,0,0,0,0.377671,0.982263,logprobs,DekaLLM
10733,-29,47,0,0,0,0.377619,0.980742,logprobs,DekaLLM
10734,-29,49,0,0,0,0.269076,0.974263,logprobs,DekaLLM
10735,-29,51,0,0,0,0.182478,0.982807,logprobs,DekaLLM
10736,-29,53,0,0,0,0.377619,0.98166,logprobs,DekaLLM
10737,-29,55,0,0,0,0.269076,0.981354,logprobs,DekaLLM
10738,-29,57,0,0,0,0.269076,0.977483,logprobs,DekaLLM
10739,-29,59,0,0,0,0.26905,0.977386,logprobs,DekaLLM
10740,-29,61,0,0,0,0.269007,0.987197,logprobs,DekaLLM
10741,-29,63,0,0,0,0.269076,0.977366,logprobs,DekaLLM
10742,-29,65,0,0,0,0.377702,0.985422,logprobs,DekaLLM
10743,-29,67,0,0,0,0.182528,0.981094,logprobs,DekaLLM
10744,-29,69,0,0,0,0.269076,0.974317,logprobs,DekaLLM
10745,-29,71,0,0,0,0.377623,0.977241,logprobs,DekaLLM
10746,-29,73,0,0,1,0.622586,0.976772,logprobs,DekaLLM
10747,-29,75,0,0,1,0.500171,0.975965,logprobs,DekaLLM
10748,-29,77,0,0,1,0.622586,0.974643,logprobs,DekaLLM
10749,-29,79,0,0,1,0.500222,0.97495,logprobs,DekaLLM
10750,-29,81,0,0,0,0.269052,0.983848,logprobs,DekaLLM
10751,-29,83,0,0,0,0.26901,0.975746,logprobs,DekaLLM
10752,-29,85,0,0,0,0.182528,0.986104,logprobs,DekaLLM
10753,-29,87,0,0,0,0.047417,0.979884,logprobs,DekaLLM
10754,-29,89,0,0,0,0.075839,0.982766,logprobs,DekaLLM
10755,-29,91,0,0,0,0.119169,0.982774,logprobs,DekaLLM
10756,-29,93,0,0,0,0.075844,0.981519,logprobs,DekaLLM
10757,-29,95,0,0,0,0.11924,0.984655,logprobs,DekaLLM
10758,-29,97,0,0,1,0.731179,0.979623,logprobs,DekaLLM
10759,-29,99,0,0,1,0.500135,0.984843,logprobs,DekaLLM
10760,-29,101,0,0,1,0.880861,0.983475,logprobs,DekaLLM
10761,-29,103,0,0,1,0.731215,0.973577,logprobs,DekaLLM
10762,-29,105,0,0,1,0.500138,0.984171,logprobs,DekaLLM
10763,-29,107,0,0,0,0.377749,0.970215,logprobs,DekaLLM
10764,-29,109,0,0,1,0.500189,0.982952,logprobs,DekaLLM
10765,-29,111,0,0,1,0.622666,0.978401,logprobs,DekaLLM
10766,-29,113,0,0,1,0.731165,0.979326,logprobs,DekaLLM
10767,-29,115,1,1,1,0.731164,0.981144,logprobs,DekaLLM
10768,-29,117,1,1,1,0.880861,0.977774,logprobs,DekaLLM
10769,-29,119,1,1,1,0.880861,0.979979,logprobs,DekaLLM
10770,-29,121,1,1,1,0.817666,0.985066,logprobs,DekaLLM
10771,-29,123,1,1,1,0.924185,0.981789,logprobs,DekaLLM
10772,-29,125,1,1,1,0.880848,0.983872,logprobs,DekaLLM
10773,-29,127,1,1,1,0.880858,0.98672,logprobs,DekaLLM
10774,-29,129,1,1,1,0.924168,0.982108,logprobs,DekaLLM
10775,-29,131,1,1,1,0.924174,0.983702,logprobs,DekaLLM
10776,-29,133,1,1,1,0.952587,0.990378,logprobs,DekaLLM
10777,-29,135,1,1,1,0.92417,0.983881,logprobs,DekaLLM
10778,-29,137,1,0,1,0.924174,0.985308,logprobs,DekaLLM
10779,-29,139,1,1,1,0.92417,0.97764,logprobs,DekaLLM
10780,-29,141,1,1,1,0.924167,0.98675,logprobs,DekaLLM
10781,-29,143,1,1,1,0.924174,0.986096,logprobs,DekaLLM
10782,-29,145,1,1,1,0.924174,0.983531,logprobs,DekaLLM
10783,-29,147,1,1,1,0.924161,0.986506,logprobs,DekaLLM
10784,-29,149,1,1,1,0.924165,0.979802,logprobs,DekaLLM
10785,-29,151,1,1,1,0.880831,0.982831,logprobs,DekaLLM
10786,-29,153,1,1,1,0.817655,0.969722,logprobs,DekaLLM
10787,-29,155,0,0,1,0.731179,0.981352,logprobs,DekaLLM
10788,-29,157,0,0,1,0.622586,0.981434,logprobs,DekaLLM
10789,-29,159,0,0,0,0.377671,0.981392,logprobs,DekaLLM
10790,-29,161,0,0,1,0.500189,0.98013,logprobs,DekaLLM
10791,-29,163,0,0,0,0.26901,0.984726,logprobs,DekaLLM
10792,-29,165,0,0,0,0.182478,0.980743,logprobs,DekaLLM
10793,-29,167,0,0,0,0.075844,0.979343,logprobs,DekaLLM
10794,-29,169,0,0,0,0.268943,0.984104,logprobs,DekaLLM
10795,-29,171,0,0,0,0.269076,0.979928,logprobs,DekaLLM
10796,-29,173,0,0,0,0.11924,0.983226,logprobs,DekaLLM
10797,-29,175,0,0,0,0.029307,0.986515,logprobs,DekaLLM
10798,-29,177,0,0,0,0.047417,0.985803,logprobs,DekaLLM
10799,-29,179,0,0,0,0.182445,0.983622,logprobs,DekaLLM
10800,-31,-179,0,0,0,0.047413,0.984556,logprobs,DekaLLM
10801,-31,-177,0,0,0,0.010985,0.988452,logprobs,DekaLLM
10802,-31,-175,0,0,0,0.017983,0.986882,logprobs,DekaLLM
10803,-31,-173,0,0,0,0.029304,0.974397,logprobs,DekaLLM
10804,-31,-171,0,0,0,0.010986,0.979492,logprobs,DekaLLM
10805,-31,-169,0,0,0,0.006692,0.983511,logprobs,DekaLLM
10806,-31,-167,0,0,0,0.006692,0.98523,logprobs,DekaLLM
10807,-31,-165,0,0,0,0.010985,0.988134,logprobs,DekaLLM
10808,-31,-163,0,0,0,0.017983,0.983599,logprobs,DekaLLM
10809,-31,-161,0,0,0,0.006692,0.988715,logprobs,DekaLLM
10810,-31,-159,0,0,0,0.006692,0.984975,logprobs,DekaLLM
10811,-31,-157,0,0,0,0.006692,0.989955,logprobs,DekaLLM
10812,-31,-155,0,0,0,0.017984,0.985718,logprobs,DekaLLM
10813,-31,-153,0,0,0,0.029307,0.988099,logprobs,DekaLLM
10814,-31,-151,0,0,0,0.075839,0.983711,logprobs,DekaLLM
10815,-31,-149,0,0,0,0.269116,0.981512,logprobs,DekaLLM
10816,-31,-147,0,0,0,0.269076,0.984375,logprobs,DekaLLM
10817,-31,-145,0,0,0,0.377702,0.984222,logprobs,DekaLLM
10818,-31,-143,0,0,1,0.500084,0.98352,logprobs,DekaLLM
10819,-31,-141,0,0,0,0.269116,0.981737,logprobs,DekaLLM
10820,-31,-139,0,0,0,0.075839,0.984888,logprobs,DekaLLM
10821,-31,-137,0,0,0,0.047417,0.985981,logprobs,DekaLLM
10822,-31,-135,0,0,0,0.119169,0.980494,logprobs,DekaLLM
10823,-31,-133,0,0,1,0.622586,0.980471,logprobs,DekaLLM
10824,-31,-131,0,0,0,0.119182,0.985967,logprobs,DekaLLM
10825,-31,-129,0,0,0,0.269092,0.986349,logprobs,DekaLLM
10826,-31,-127,0,0,1,0.622586,0.985629,logprobs,DekaLLM
10827,-31,-125,0,0,0,0.269076,0.981168,logprobs,DekaLLM
10828,-31,-123,0,0,0,0.182357,0.981783,logprobs,DekaLLM
10829,-31,-121,0,0,0,0.11924,0.9872,logprobs,DekaLLM
10830,-31,-119,0,0,0,0.269076,0.98202,logprobs,DekaLLM
10831,-31,-117,0,0,1,0.622586,0.98554,logprobs,DekaLLM
10832,-31,-115,0,0,0,0.377749,0.985153,logprobs,DekaLLM
10833,-31,-113,0,0,0,0.377619,0.987215,logprobs,DekaLLM
10834,-31,-111,0,0,0,0.119169,0.981958,logprobs,DekaLLM
10835,-31,-109,0,0,0,0.26905,0.989757,logprobs,DekaLLM
10836,-31,-107,0,0,0,0.269076,0.981637,logprobs,DekaLLM
10837,-31,-105,0,0,0,0.269076,0.981808,logprobs,DekaLLM
10838,-31,-103,0,0,0,0.37765,0.983999,logprobs,DekaLLM
10839,-31,-101,0,0,0,0.269116,0.984045,logprobs,DekaLLM
10840,-31,-99,0,0,0,0.377702,0.985786,logprobs,DekaLLM
10841,-31,-97,0,0,1,0.622617,0.98034,logprobs,DekaLLM
10842,-31,-95,0,0,0,0.269076,0.984522,logprobs,DekaLLM
10843,-31,-93,0,0,0,0.075844,0.987199,logprobs,DekaLLM
10844,-31,-91,0,0,0,0.017983,0.987987,logprobs,DekaLLM
10845,-31,-89,0,0,0,0.26901,0.981722,logprobs,DekaLLM
10846,-31,-87,0,0,0,0.075844,0.986004,logprobs,DekaLLM
10847,-31,-85,0,0,0,0.377671,0.98128,logprobs,DekaLLM
10848,-31,-83,0,0,1,0.622586,0.98482,logprobs,DekaLLM
10849,-31,-81,0,0,0,0.269076,0.980008,logprobs,DekaLLM
10850,-31,-79,0,0,0,0.119169,0.981154,logprobs,DekaLLM
10851,-31,-77,0,0,0,0.119227,0.986387,logprobs,DekaLLM
10852,-31,-75,0,0,0,0.029307,0.987295,logprobs,DekaLLM
10853,-31,-73,0,0,0,0.029304,0.982945,logprobs,DekaLLM
10854,-31,-71,1,1,0,0.269076,0.985985,logprobs,DekaLLM
10855,-31,-69,1,1,1,0.731205,0.979163,logprobs,DekaLLM
10856,-31,-67,1,1,1,0.731179,0.979986,logprobs,DekaLLM
10857,-31,-65,1,1,1,0.880831,0.985612,logprobs,DekaLLM
10858,-31,-63,1,1,1,0.817623,0.98274,logprobs,DekaLLM
10859,-31,-61,1,1,1,0.622567,0.982454,logprobs,DekaLLM
10860,-31,-59,1,1,0,0.377702,0.975866,logprobs,DekaLLM
10861,-31,-57,1,1,1,0.500168,0.979966,logprobs,DekaLLM
10862,-31,-55,1,1,0,0.377671,0.984215,logprobs,DekaLLM
10863,-31,-53,1,1,1,0.731139,0.982675,logprobs,DekaLLM
10864,-31,-51,0,0,1,0.500135,0.98221,logprobs,DekaLLM
10865,-31,-49,0,0,1,0.500135,0.981165,logprobs,DekaLLM
10866,-31,-47,0,0,1,0.500135,0.981503,logprobs,DekaLLM
10867,-31,-45,0,0,0,0.182445,0.982627,logprobs,DekaLLM
10868,-31,-43,0,0,0,0.119169,0.979917,logprobs,DekaLLM
10869,-31,-41,0,0,0,0.029309,0.98609,logprobs,DekaLLM
10870,-31,-39,0,0,0,0.029307,0.986049,logprobs,DekaLLM
10871,-31,-37,0,0,0,0.029307,0.986499,logprobs,DekaLLM
10872,-31,-35,0,0,0,0.182395,0.985856,logprobs,DekaLLM
10873,-31,-33,0,0,0,0.18244,0.980634,logprobs,DekaLLM
10874,-31,-31,0,0,0,0.377749,0.980398,logprobs,DekaLLM
10875,-31,-29,0,0,0,0.377702,0.980197,logprobs,DekaLLM
10876,-31,-27,0,0,0,0.37764,0.979652,logprobs,DekaLLM
10877,-31,-25,0,0,0,0.377749,0.9803,logprobs,DekaLLM
10878,-31,-23,0,0,0,0.377749,0.978177,logprobs,DekaLLM
10879,-31,-21,0,0,0,0.182528,0.98488,logprobs,DekaLLM
10880,-31,-19,0,0,1,0.500189,0.974841,logprobs,DekaLLM
10881,-31,-17,0,0,0,0.377671,0.98243,logprobs,DekaLLM
10882,-31,-15,0,0,0,0.26901,0.973789,logprobs,DekaLLM
10883,-31,-13,0,0,0,0.377718,0.985757,logprobs,DekaLLM
10884,-31,-11,0,0,0,0.377667,0.979302,logprobs,DekaLLM
10885,-31,-9,0,0,1,0.500135,0.979887,logprobs,DekaLLM
10886,-31,-7,0,0,0,0.377749,0.978148,logprobs,DekaLLM
10887,-31,-5,0,0,1,0.500135,0.982047,logprobs,DekaLLM
10888,-31,-3,0,0,0,0.377801,0.975622,logprobs,DekaLLM
10889,-31,-1,0,0,0,0.377749,0.976778,logprobs,DekaLLM
10890,-31,1,0,0,0,0.377623,0.979919,logprobs,DekaLLM
10891,-31,3,0,0,1,0.500189,0.977811,logprobs,DekaLLM
10892,-31,5,0,0,1,0.500135,0.977672,logprobs,DekaLLM
10893,-31,7,0,0,1,0.500189,0.967367,logprobs,DekaLLM
10894,-31,9,0,0,1,0.500222,0.975203,logprobs,DekaLLM
10895,-31,11,0,0,1,0.622567,0.981945,logprobs,DekaLLM
10896,-31,13,0,0,1,0.817643,0.978775,logprobs,DekaLLM
10897,-31,15,0,0,1,0.622586,0.97509,logprobs,DekaLLM
10898,-31,17,0,0,1,0.817623,0.985509,logprobs,DekaLLM
10899,-31,19,1,1,1,0.731139,0.981393,logprobs,DekaLLM
10900,-31,21,1,1,1,0.731163,0.981627,logprobs,DekaLLM
10901,-31,23,1,1,1,0.817623,0.980356,logprobs,DekaLLM
10902,-31,25,1,1,1,0.817646,0.979677,logprobs,DekaLLM
10903,-31,27,1,1,1,0.880836,0.985219,logprobs,DekaLLM
10904,-31,29,1,1,1,0.731139,0.986263,logprobs,DekaLLM
10905,-31,31,0,0,0,0.377671,0.980574,logprobs,DekaLLM
10906,-31,33,0,0,1,0.500135,0.987162,logprobs,DekaLLM
10907,-31,35,0,0,0,0.377749,0.980115,logprobs,DekaLLM
10908,-31,37,0,0,0,0.377667,0.985914,logprobs,DekaLLM
10909,-31,39,0,0,0,0.377718,0.978782,logprobs,DekaLLM
10910,-31,41,0,0,1,0.500222,0.971946,logprobs,DekaLLM
10911,-31,43,0,0,0,0.26901,0.975934,logprobs,DekaLLM
10912,-31,45,0,0,0,0.377671,0.973513,logprobs,DekaLLM
10913,-31,47,0,0,0,0.182528,0.984312,logprobs,DekaLLM
10914,-31,49,0,0,0,0.268984,0.974182,logprobs,DekaLLM
10915,-31,51,0,0,0,0.119182,0.980813,logprobs,DekaLLM
10916,-31,53,0,0,0,0.377702,0.980067,logprobs,DekaLLM
10917,-31,55,0,0,0,0.377749,0.977284,logprobs,DekaLLM
10918,-31,57,0,0,0,0.269076,0.983828,logprobs,DekaLLM
10919,-31,59,0,0,0,0.26905,0.97764,logprobs,DekaLLM
10920,-31,61,0,0,0,0.182478,0.981412,logprobs,DekaLLM
10921,-31,63,0,0,0,0.26901,0.983921,logprobs,DekaLLM
10922,-31,65,0,0,1,0.500189,0.984049,logprobs,DekaLLM
10923,-31,67,0,0,0,0.377623,0.980319,logprobs,DekaLLM
10924,-31,69,0,0,0,0.377671,0.980407,logprobs,DekaLLM
10925,-31,71,0,0,0,0.377689,0.985819,logprobs,DekaLLM
10926,-31,73,0,0,0,0.26905,0.982613,logprobs,DekaLLM
10927,-31,75,0,0,0,0.269076,0.979233,logprobs,DekaLLM
10928,-31,77,0,0,0,0.377702,0.978661,logprobs,DekaLLM
10929,-31,79,0,0,0,0.377749,0.981093,logprobs,DekaLLM
10930,-31,81,0,0,0,0.26901,0.982214,logprobs,DekaLLM
10931,-31,83,0,0,0,0.377834,0.97798,logprobs,DekaLLM
10932,-31,85,0,0,0,0.377623,0.978091,logprobs,DekaLLM
10933,-31,87,0,0,0,0.268984,0.971568,logprobs,DekaLLM
10934,-31,89,0,0,0,0.119182,0.982308,logprobs,DekaLLM
10935,-31,91,0,0,0,0.119174,0.986233,logprobs,DekaLLM
10936,-31,93,0,0,0,0.11919,0.981978,logprobs,DekaLLM
10937,-31,95,0,0,0,0.182478,0.975498,logprobs,DekaLLM
10938,-31,97,0,0,1,0.622586,0.984038,logprobs,DekaLLM
10939,-31,99,0,0,0,0.182478,0.975365,logprobs,DekaLLM
10940,-31,101,0,0,1,0.73119,0.978096,logprobs,DekaLLM
10941,-31,103,0,0,1,0.731149,0.98641,logprobs,DekaLLM
10942,-31,105,0,0,0,0.377667,0.984888,logprobs,DekaLLM
10943,-31,107,0,0,0,0.18249,0.986831,logprobs,DekaLLM
10944,-31,109,0,0,0,0.377749,0.975773,logprobs,DekaLLM
10945,-31,111,0,0,1,0.731164,0.969543,logprobs,DekaLLM
10946,-31,113,0,0,1,0.731139,0.98562,logprobs,DekaLLM
10947,-31,115,0,0,1,0.880845,0.985709,logprobs,DekaLLM
10948,-31,117,1,1,1,0.817666,0.971117,logprobs,DekaLLM
10949,-31,119,1,1,1,0.817666,0.978068,logprobs,DekaLLM
10950,-31,121,1,1,1,0.880861,0.978576,logprobs,DekaLLM
10951,-31,123,1,1,1,0.924168,0.98894,logprobs,DekaLLM
10952,-31,125,1,1,1,0.880854,0.980303,logprobs,DekaLLM
10953,-31,127,1,1,1,0.817666,0.983985,logprobs,DekaLLM
10954,-31,129,1,1,1,0.880861,0.979156,logprobs,DekaLLM
10955,-31,131,1,1,1,0.880848,0.983219,logprobs,DekaLLM
10956,-31,133,1,1,1,0.952587,0.985981,logprobs,DekaLLM
10957,-31,135,1,1,1,0.924174,0.984375,logprobs,DekaLLM
10958,-31,137,1,1,1,0.952587,0.986253,logprobs,DekaLLM
10959,-31,139,1,1,1,0.924161,0.9868,logprobs,DekaLLM
10960,-31,141,1,1,1,0.952587,0.987253,logprobs,DekaLLM
10961,-31,143,1,1,1,0.95259,0.988561,logprobs,DekaLLM
10962,-31,145,1,1,1,0.880858,0.984202,logprobs,DekaLLM
10963,-31,147,1,1,1,0.924159,0.982289,logprobs,DekaLLM
10964,-31,149,1,1,1,0.952595,0.98125,logprobs,DekaLLM
10965,-31,151,1,1,1,0.880845,0.986983,logprobs,DekaLLM
10966,-31,153,1,1,1,0.731179,0.982752,logprobs,DekaLLM
10967,-31,155,0,0,1,0.500253,0.984899,logprobs,DekaLLM
10968,-31,157,0,0,0,0.269076,0.981281,logprobs,DekaLLM
10969,-31,159,0,0,0,0.119182,0.983363,logprobs,DekaLLM
10970,-31,161,0,0,0,0.119182,0.987621,logprobs,DekaLLM
10971,-31,163,0,0,0,0.075839,0.984724,logprobs,DekaLLM
10972,-31,165,0,0,0,0.047417,0.983005,logprobs,DekaLLM
10973,-31,167,0,0,0,0.075835,0.982985,logprobs,DekaLLM
10974,-31,169,0,0,0,0.07585,0.987626,logprobs,DekaLLM
10975,-31,171,0,0,0,0.119182,0.982669,logprobs,DekaLLM
10976,-31,173,0,0,0,0.075844,0.98338,logprobs,DekaLLM
10977,-31,175,0,0,0,0.047417,0.985662,logprobs,DekaLLM
10978,-31,177,0,0,0,0.075844,0.983977,logprobs,DekaLLM
10979,-31,179,0,0,0,0.11924,0.984457,logprobs,DekaLLM
10980,-33,-179,0,0,0,0.047413,0.978911,logprobs,DekaLLM
10981,-33,-177,0,0,0,0.010985,0.98764,logprobs,DekaLLM
10982,-33,-175,0,0,0,0.006692,0.992477,logprobs,DekaLLM
10983,-33,-173,0,0,0,0.006692,0.991043,logprobs,DekaLLM
10984,-33,-171,0,0,0,0.010985,0.980793,logprobs,DekaLLM
10985,-33,-169,0,0,0,0.00407,0.989814,logprobs,DekaLLM
10986,-33,-167,0,0,0,0.006692,0.985082,logprobs,DekaLLM
10987,-33,-165,0,0,0,0.006692,0.991694,logprobs,DekaLLM
10988,-33,-163,0,0,0,0.006692,0.988737,logprobs,DekaLLM
10989,-33,-161,0,0,0,0.004069,0.988648,logprobs,DekaLLM
10990,-33,-159,0,0,0,0.006692,0.982614,logprobs,DekaLLM
10991,-33,-157,0,0,0,0.010985,0.990298,logprobs,DekaLLM
10992,-33,-155,0,0,0,0.006692,0.991341,logprobs,DekaLLM
10993,-33,-153,0,0,0,0.047413,0.981618,logprobs,DekaLLM
10994,-33,-151,0,0,0,0.182445,0.98849,logprobs,DekaLLM
10995,-33,-149,0,0,0,0.182478,0.981755,logprobs,DekaLLM
10996,-33,-147,0,0,0,0.047413,0.980476,logprobs,DekaLLM
10997,-33,-145,0,0,0,0.017981,0.987447,logprobs,DekaLLM
10998,-33,-143,0,0,0,0.047417,0.987964,logprobs,DekaLLM
10999,-33,-141,0,0,0,0.075839,0.984528,logprobs,DekaLLM
11000,-33,-139,0,0,0,0.029307,0.985318,logprobs,DekaLLM
11001,-33,-137,0,0,0,0.017984,0.987993,logprobs,DekaLLM
11002,-33,-135,0,0,0,0.029307,0.985746,logprobs,DekaLLM
11003,-33,-133,0,0,0,0.075839,0.985595,logprobs,DekaLLM
11004,-33,-131,0,0,0,0.075844,0.981204,logprobs,DekaLLM
11005,-33,-129,0,0,0,0.075835,0.97868,logprobs,DekaLLM
11006,-33,-127,0,0,0,0.010985,0.987765,logprobs,DekaLLM
11007,-33,-125,0,0,0,0.017983,0.981614,logprobs,DekaLLM
11008,-33,-123,0,0,0,0.017983,0.987402,logprobs,DekaLLM
11009,-33,-121,0,0,0,0.047413,0.98178,logprobs,DekaLLM
11010,-33,-119,0,0,0,0.119169,0.98504,logprobs,DekaLLM
11011,-33,-117,0,0,1,0.500166,0.986305,logprobs,DekaLLM
11012,-33,-115,0,0,0,0.269076,0.982276,logprobs,DekaLLM
11013,-33,-113,0,0,0,0.182395,0.976073,logprobs,DekaLLM
11014,-33,-111,0,0,1,0.500138,0.972058,logprobs,DekaLLM
11015,-33,-109,0,0,0,0.377671,0.983102,logprobs,DekaLLM
11016,-33,-107,0,0,1,0.500135,0.980972,logprobs,DekaLLM
11017,-33,-105,0,0,1,0.500138,0.983468,logprobs,DekaLLM
11018,-33,-103,0,0,1,0.500135,0.985129,logprobs,DekaLLM
11019,-33,-101,0,0,1,0.500135,0.982522,logprobs,DekaLLM
11020,-33,-99,0,0,0,0.377702,0.981191,logprobs,DekaLLM
11021,-33,-97,0,0,1,0.622586,0.978923,logprobs,DekaLLM
11022,-33,-95,0,0,1,0.500189,0.98252,logprobs,DekaLLM
11023,-33,-93,0,0,0,0.119182,0.976764,logprobs,DekaLLM
11024,-33,-91,0,0,0,0.047413,0.98382,logprobs,DekaLLM
11025,-33,-89,0,0,0,0.377671,0.978326,logprobs,DekaLLM
11026,-33,-87,0,0,0,0.18249,0.987102,logprobs,DekaLLM
11027,-33,-85,0,0,0,0.377749,0.977347,logprobs,DekaLLM
11028,-33,-83,0,0,1,0.731179,0.98455,logprobs,DekaLLM
11029,-33,-81,0,0,1,0.500222,0.967576,logprobs,DekaLLM
11030,-33,-79,0,0,0,0.029307,0.988225,logprobs,DekaLLM
11031,-33,-77,0,0,0,0.029307,0.988994,logprobs,DekaLLM
11032,-33,-75,0,0,0,0.047417,0.987707,logprobs,DekaLLM
11033,-33,-73,0,0,0,0.047417,0.985415,logprobs,DekaLLM
11034,-33,-71,1,1,1,0.622668,0.982313,logprobs,DekaLLM
11035,-33,-69,1,1,1,0.622586,0.985942,logprobs,DekaLLM
11036,-33,-67,1,1,0,0.075839,0.983028,logprobs,DekaLLM
11037,-33,-65,1,1,1,0.622668,0.969294,logprobs,DekaLLM
11038,-33,-63,1,1,1,0.731165,0.979496,logprobs,DekaLLM
11039,-33,-61,1,1,1,0.500222,0.979182,logprobs,DekaLLM
11040,-33,-59,1,1,0,0.377619,0.984371,logprobs,DekaLLM
11041,-33,-57,1,1,0,0.18254,0.987386,logprobs,DekaLLM
11042,-33,-55,1,1,0,0.075839,0.982128,logprobs,DekaLLM
11043,-33,-53,1,1,0,0.268967,0.98532,logprobs,DekaLLM
11044,-33,-51,0,0,0,0.182478,0.979345,logprobs,DekaLLM
11045,-33,-49,0,0,0,0.269076,0.986275,logprobs,DekaLLM
11046,-33,-47,0,0,1,0.500105,0.984226,logprobs,DekaLLM
11047,-33,-45,0,0,0,0.119169,0.979339,logprobs,DekaLLM
11048,-33,-43,0,0,0,0.119182,0.986162,logprobs,DekaLLM
11049,-33,-41,0,0,0,0.029306,0.974236,logprobs,DekaLLM
11050,-33,-39,0,0,0,0.047417,0.981311,logprobs,DekaLLM
11051,-33,-37,0,0,0,0.029307,0.98378,logprobs,DekaLLM
11052,-33,-35,0,0,0,0.047417,0.982048,logprobs,DekaLLM
11053,-33,-33,0,0,0,0.377592,0.978076,logprobs,DekaLLM
11054,-33,-31,0,0,0,0.269116,0.983065,logprobs,DekaLLM
11055,-33,-29,0,0,0,0.269076,0.982824,logprobs,DekaLLM
11056,-33,-27,0,0,0,0.377718,0.984302,logprobs,DekaLLM
11057,-33,-25,0,0,0,0.377619,0.986203,logprobs,DekaLLM
11058,-33,-23,0,0,1,0.500189,0.9823,logprobs,DekaLLM
11059,-33,-21,0,0,0,0.269076,0.975441,logprobs,DekaLLM
11060,-33,-19,0,0,0,0.269076,0.980394,logprobs,DekaLLM
11061,-33,-17,0,0,0,0.182478,0.983817,logprobs,DekaLLM
11062,-33,-15,0,0,0,0.26901,0.983847,logprobs,DekaLLM
11063,-33,-13,0,0,0,0.269081,0.978725,logprobs,DekaLLM
11064,-33,-11,0,0,0,0.377671,0.979457,logprobs,DekaLLM
11065,-33,-9,0,0,0,0.26901,0.978912,logprobs,DekaLLM
11066,-33,-7,0,0,0,0.269076,0.981108,logprobs,DekaLLM
11067,-33,-5,0,0,0,0.377671,0.972324,logprobs,DekaLLM
11068,-33,-3,0,0,0,0.269116,0.981196,logprobs,DekaLLM
11069,-33,-1,0,0,0,0.377671,0.982894,logprobs,DekaLLM
11070,-33,1,0,0,0,0.377623,0.977596,logprobs,DekaLLM
11071,-33,3,0,0,0,0.377749,0.976096,logprobs,DekaLLM
11072,-33,5,0,0,0,0.377749,0.978104,logprobs,DekaLLM
11073,-33,7,0,0,1,0.500135,0.981831,logprobs,DekaLLM
11074,-33,9,0,0,1,0.500168,0.980618,logprobs,DekaLLM
11075,-33,11,0,0,0,0.377623,0.980421,logprobs,DekaLLM
11076,-33,13,0,0,1,0.622567,0.982305,logprobs,DekaLLM
11077,-33,15,0,0,1,0.500135,0.984738,logprobs,DekaLLM
11078,-33,17,0,0,1,0.622586,0.984652,logprobs,DekaLLM
11079,-33,19,1,1,1,0.731164,0.981744,logprobs,DekaLLM
11080,-33,21,1,1,1,0.500135,0.984072,logprobs,DekaLLM
11081,-33,23,1,1,1,0.622586,0.981718,logprobs,DekaLLM
11082,-33,25,1,1,1,0.622555,0.982291,logprobs,DekaLLM
11083,-33,27,1,1,1,0.731149,0.977996,logprobs,DekaLLM
11084,-33,29,0,0,1,0.622567,0.984756,logprobs,DekaLLM
11085,-33,31,0,0,0,0.26901,0.98072,logprobs,DekaLLM
11086,-33,33,0,0,0,0.377671,0.984251,logprobs,DekaLLM
11087,-33,35,0,0,0,0.269076,0.977157,logprobs,DekaLLM
11088,-33,37,0,0,0,0.377702,0.97694,logprobs,DekaLLM
11089,-33,39,0,0,0,0.377749,0.972406,logprobs,DekaLLM
11090,-33,41,0,0,0,0.269076,0.984134,logprobs,DekaLLM
11091,-33,43,0,0,0,0.182395,0.97229,logprobs,DekaLLM
11092,-33,45,0,0,0,0.377755,0.963789,logprobs,DekaLLM
11093,-33,47,0,0,0,0.182478,0.982169,logprobs,DekaLLM
11094,-33,49,0,0,0,0.182511,0.97947,logprobs,DekaLLM
11095,-33,51,0,0,0,0.26901,0.981703,logprobs,DekaLLM
11096,-33,53,0,0,0,0.119182,0.969076,logprobs,DekaLLM
11097,-33,55,0,0,0,0.268984,0.975505,logprobs,DekaLLM
11098,-33,57,0,0,0,0.182478,0.978711,logprobs,DekaLLM
11099,-33,59,0,0,0,0.182478,0.981707,logprobs,DekaLLM
11100,-33,61,0,0,0,0.182459,0.984025,logprobs,DekaLLM
11101,-33,63,0,0,0,0.182531,0.978792,logprobs,DekaLLM
11102,-33,65,0,0,0,0.269147,0.982389,logprobs,DekaLLM
11103,-33,67,0,0,0,0.268983,0.985586,logprobs,DekaLLM
11104,-33,69,0,0,0,0.26901,0.980391,logprobs,DekaLLM
11105,-33,71,0,0,1,0.500222,0.974943,logprobs,DekaLLM
11106,-33,73,0,0,0,0.377592,0.968369,logprobs,DekaLLM
11107,-33,75,0,0,0,0.075839,0.983441,logprobs,DekaLLM
11108,-33,77,0,0,0,0.11924,0.98712,logprobs,DekaLLM
11109,-33,79,0,0,0,0.182478,0.980766,logprobs,DekaLLM
11110,-33,81,0,0,0,0.377671,0.978579,logprobs,DekaLLM
11111,-33,83,0,0,0,0.377786,0.979836,logprobs,DekaLLM
11112,-33,85,0,0,1,0.500189,0.982995,logprobs,DekaLLM
11113,-33,87,0,0,0,0.182511,0.974699,logprobs,DekaLLM
11114,-33,89,0,0,0,0.119182,0.982496,logprobs,DekaLLM
11115,-33,91,0,0,0,0.182459,0.980116,logprobs,DekaLLM
11116,-33,93,0,0,0,0.075839,0.983335,logprobs,DekaLLM
11117,-33,95,0,0,0,0.119155,0.980972,logprobs,DekaLLM
11118,-33,97,0,0,0,0.182478,0.980388,logprobs,DekaLLM
11119,-33,99,0,0,0,0.11924,0.982592,logprobs,DekaLLM
11120,-33,101,0,0,0,0.269147,0.982447,logprobs,DekaLLM
11121,-33,103,0,0,0,0.26901,0.98294,logprobs,DekaLLM
11122,-33,105,0,0,0,0.182478,0.982783,logprobs,DekaLLM
11123,-33,107,0,0,0,0.377702,0.984369,logprobs,DekaLLM
11124,-33,109,0,0,0,0.377671,0.975605,logprobs,DekaLLM
11125,-33,111,0,0,0,0.269076,0.978944,logprobs,DekaLLM
11126,-33,113,0,0,0,0.377671,0.984883,logprobs,DekaLLM
11127,-33,115,0,0,1,0.622586,0.985261,logprobs,DekaLLM
11128,-33,117,1,1,1,0.500084,0.984382,logprobs,DekaLLM
11129,-33,119,1,1,1,0.500189,0.971348,logprobs,DekaLLM
11130,-33,121,1,1,1,0.500084,0.980136,logprobs,DekaLLM
11131,-33,123,1,1,0,0.26901,0.982478,logprobs,DekaLLM
11132,-33,125,0,0,1,0.500189,0.980683,logprobs,DekaLLM
11133,-33,127,0,0,1,0.500189,0.98319,logprobs,DekaLLM
11134,-33,129,0,0,1,0.622637,0.9791,logprobs,DekaLLM
11135,-33,131,0,0,1,0.500189,0.976445,logprobs,DekaLLM
11136,-33,133,0,0,1,0.73119,0.979636,logprobs,DekaLLM
11137,-33,135,1,1,1,0.622586,0.982305,logprobs,DekaLLM
11138,-33,137,1,1,1,0.731179,0.981842,logprobs,DekaLLM
11139,-33,139,1,1,1,0.500171,0.980502,logprobs,DekaLLM
11140,-33,141,1,1,1,0.731179,0.97905,logprobs,DekaLLM
11141,-33,143,1,1,1,0.731164,0.980057,logprobs,DekaLLM
11142,-33,145,1,1,1,0.731165,0.980828,logprobs,DekaLLM
11143,-33,147,1,1,1,0.817655,0.970266,logprobs,DekaLLM
11144,-33,149,1,1,1,0.880845,0.981806,logprobs,DekaLLM
11145,-33,151,1,1,1,0.880836,0.98902,logprobs,DekaLLM
11146,-33,153,0,0,1,0.622538,0.984474,logprobs,DekaLLM
11147,-33,155,0,0,0,0.182459,0.987607,logprobs,DekaLLM
11148,-33,157,0,0,0,0.029304,0.985972,logprobs,DekaLLM
11149,-33,159,0,0,0,0.047417,0.98148,logprobs,DekaLLM
11150,-33,161,0,0,0,0.075844,0.97893,logprobs,DekaLLM
11151,-33,163,0,0,0,0.047413,0.985831,logprobs,DekaLLM
11152,-33,165,0,0,0,0.029309,0.987232,logprobs,DekaLLM
11153,-33,167,0,0,0,0.047417,0.985746,logprobs,DekaLLM
11154,-33,169,0,0,0,0.119182,0.984661,logprobs,DekaLLM
11155,-33,171,0,0,0,0.075839,0.982016,logprobs,DekaLLM
11156,-33,173,0,0,0,0.075839,0.983212,logprobs,DekaLLM
11157,-33,175,0,0,0,0.029307,0.988345,logprobs,DekaLLM
11158,-33,177,0,0,0,0.029303,0.982392,logprobs,DekaLLM
11159,-33,179,0,0,0,0.075839,0.985255,logprobs,DekaLLM
11160,-35,-179,0,0,0,0.075839,0.982707,logprobs,DekaLLM
11161,-35,-177,0,0,0,0.029307,0.990646,logprobs,DekaLLM
11162,-35,-175,0,0,0,0.047413,0.982561,logprobs,DekaLLM
11163,-35,-173,0,0,0,0.006692,0.989802,logprobs,DekaLLM
11164,-35,-171,0,0,0,0.010985,0.986301,logprobs,DekaLLM
11165,-35,-169,0,0,0,0.006692,0.990671,logprobs,DekaLLM
11166,-35,-167,0,0,0,0.010985,0.985578,logprobs,DekaLLM
11167,-35,-165,0,0,0,0.006692,0.988818,logprobs,DekaLLM
11168,-35,-163,0,0,0,0.006692,0.984312,logprobs,DekaLLM
11169,-35,-161,0,0,0,0.006692,0.984744,logprobs,DekaLLM
11170,-35,-159,0,0,0,0.006692,0.987622,logprobs,DekaLLM
11171,-35,-157,0,0,0,0.006692,0.987918,logprobs,DekaLLM
11172,-35,-155,0,0,0,0.006692,0.989564,logprobs,DekaLLM
11173,-35,-153,0,0,0,0.029304,0.983175,logprobs,DekaLLM
11174,-35,-151,0,0,0,0.047417,0.981569,logprobs,DekaLLM
11175,-35,-149,0,0,1,0.500135,0.986243,logprobs,DekaLLM
11176,-35,-147,0,0,0,0.26901,0.983366,logprobs,DekaLLM
11177,-35,-145,0,0,0,0.029307,0.989013,logprobs,DekaLLM
11178,-35,-143,0,0,0,0.119182,0.982607,logprobs,DekaLLM
11179,-35,-141,0,0,0,0.377749,0.980508,logprobs,DekaLLM
11180,-35,-139,0,0,0,0.047413,0.984067,logprobs,DekaLLM
11181,-35,-137,0,0,0,0.119174,0.984867,logprobs,DekaLLM
11182,-35,-135,0,0,0,0.047413,0.97972,logprobs,DekaLLM
11183,-35,-133,0,0,0,0.377749,0.984447,logprobs,DekaLLM
11184,-35,-131,0,0,0,0.047417,0.984144,logprobs,DekaLLM
11185,-35,-129,0,0,0,0.029304,0.9801,logprobs,DekaLLM
11186,-35,-127,0,0,0,0.017983,0.988014,logprobs,DekaLLM
11187,-35,-125,0,0,0,0.010985,0.988353,logprobs,DekaLLM
11188,-35,-123,0,0,0,0.029307,0.985772,logprobs,DekaLLM
11189,-35,-121,0,0,0,0.075844,0.983556,logprobs,DekaLLM
11190,-35,-119,0,0,0,0.182459,0.983915,logprobs,DekaLLM
11191,-35,-117,0,0,0,0.377702,0.982548,logprobs,DekaLLM
11192,-35,-115,0,0,0,0.119169,0.985799,logprobs,DekaLLM
11193,-35,-113,0,0,0,0.075844,0.982706,logprobs,DekaLLM
11194,-35,-111,0,0,1,0.500189,0.981797,logprobs,DekaLLM
11195,-35,-109,0,0,0,0.377718,0.985494,logprobs,DekaLLM
11196,-35,-107,0,0,1,0.622637,0.976147,logprobs,DekaLLM
11197,-35,-105,0,0,1,0.500222,0.980126,logprobs,DekaLLM
11198,-35,-103,0,0,1,0.622586,0.98241,logprobs,DekaLLM
11199,-35,-101,0,0,0,0.377702,0.978674,logprobs,DekaLLM
11200,-35,-99,0,0,0,0.377623,0.978475,logprobs,DekaLLM
11201,-35,-97,0,0,1,0.622586,0.983822,logprobs,DekaLLM
11202,-35,-95,0,0,1,0.622586,0.986236,logprobs,DekaLLM
11203,-35,-93,0,0,0,0.182528,0.985765,logprobs,DekaLLM
11204,-35,-91,0,0,0,0.029304,0.981649,logprobs,DekaLLM
11205,-35,-89,0,0,1,0.500084,0.986012,logprobs,DekaLLM
11206,-35,-87,0,0,0,0.182395,0.984175,logprobs,DekaLLM
11207,-35,-85,0,0,1,0.500189,0.981559,logprobs,DekaLLM
11208,-35,-83,0,0,1,0.622666,0.976308,logprobs,DekaLLM
11209,-35,-81,0,0,1,0.500253,0.980351,logprobs,DekaLLM
11210,-35,-79,0,0,0,0.182459,0.984244,logprobs,DekaLLM
11211,-35,-77,0,0,0,0.029304,0.980732,logprobs,DekaLLM
11212,-35,-75,0,0,0,0.075844,0.980186,logprobs,DekaLLM
11213,-35,-73,0,0,0,0.182377,0.981449,logprobs,DekaLLM
11214,-35,-71,1,1,0,0.377592,0.979829,logprobs,DekaLLM
11215,-35,-69,1,1,1,0.500135,0.980512,logprobs,DekaLLM
11216,-35,-67,1,1,0,0.377671,0.982249,logprobs,DekaLLM
11217,-35,-65,1,1,1,0.500138,0.983203,logprobs,DekaLLM
11218,-35,-63,1,1,1,0.500135,0.980589,logprobs,DekaLLM
11219,-35,-61,1,1,0,0.377702,0.981833,logprobs,DekaLLM
11220,-35,-59,1,1,1,0.500135,0.984074,logprobs,DekaLLM
11221,-35,-57,0,0,0,0.377718,0.981545,logprobs,DekaLLM
11222,-35,-55,0,0,0,0.047413,0.981486,logprobs,DekaLLM
11223,-35,-53,0,0,0,0.075839,0.986067,logprobs,DekaLLM
11224,-35,-51,0,0,0,0.029307,0.985905,logprobs,DekaLLM
11225,-35,-49,0,0,0,0.269076,0.981647,logprobs,DekaLLM
11226,-35,-47,0,0,0,0.377702,0.974056,logprobs,DekaLLM
11227,-35,-45,0,0,0,0.075844,0.980486,logprobs,DekaLLM
11228,-35,-43,0,0,0,0.029307,0.978723,logprobs,DekaLLM
11229,-35,-41,0,0,0,0.075835,0.980323,logprobs,DekaLLM
11230,-35,-39,0,0,0,0.07585,0.981812,logprobs,DekaLLM
11231,-35,-37,0,0,0,0.047413,0.981938,logprobs,DekaLLM
11232,-35,-35,0,0,0,0.268901,0.976852,logprobs,DekaLLM
11233,-35,-33,0,0,0,0.377671,0.969287,logprobs,DekaLLM
11234,-35,-31,0,0,0,0.269076,0.9753,logprobs,DekaLLM
11235,-35,-29,0,0,0,0.26901,0.984165,logprobs,DekaLLM
11236,-35,-27,0,0,0,0.377718,0.980157,logprobs,DekaLLM
11237,-35,-25,0,0,1,0.500189,0.980048,logprobs,DekaLLM
11238,-35,-23,0,0,0,0.377623,0.980641,logprobs,DekaLLM
11239,-35,-21,0,0,0,0.377702,0.978366,logprobs,DekaLLM
11240,-35,-19,0,0,0,0.269076,0.981925,logprobs,DekaLLM
11241,-35,-17,0,0,0,0.268984,0.977636,logprobs,DekaLLM
11242,-35,-15,0,0,0,0.377623,0.984382,logprobs,DekaLLM
11243,-35,-13,0,0,0,0.377749,0.977648,logprobs,DekaLLM
11244,-35,-11,0,0,0,0.26901,0.979112,logprobs,DekaLLM
11245,-35,-9,0,0,0,0.269116,0.983144,logprobs,DekaLLM
11246,-35,-7,0,0,0,0.26901,0.97778,logprobs,DekaLLM
11247,-35,-5,0,0,0,0.269147,0.977484,logprobs,DekaLLM
11248,-35,-3,0,0,0,0.377572,0.981649,logprobs,DekaLLM
11249,-35,-1,0,0,0,0.377572,0.982198,logprobs,DekaLLM
11250,-35,1,0,0,0,0.377671,0.9788,logprobs,DekaLLM
11251,-35,3,0,0,0,0.377749,0.977427,logprobs,DekaLLM
11252,-35,5,0,0,0,0.269081,0.980663,logprobs,DekaLLM
11253,-35,7,0,0,1,0.500189,0.978929,logprobs,DekaLLM
11254,-35,9,0,0,0,0.377749,0.978265,logprobs,DekaLLM
11255,-35,11,0,0,1,0.500135,0.978982,logprobs,DekaLLM
11256,-35,13,0,0,1,0.500084,0.981467,logprobs,DekaLLM
11257,-35,15,0,0,0,0.377702,0.979284,logprobs,DekaLLM
11258,-35,17,0,0,1,0.500115,0.987153,logprobs,DekaLLM
11259,-35,19,0,0,1,0.500168,0.98063,logprobs,DekaLLM
11260,-35,21,0,0,0,0.377623,0.979039,logprobs,DekaLLM
11261,-35,23,0,0,1,0.500135,0.980775,logprobs,DekaLLM
11262,-35,25,0,0,1,0.622586,0.981811,logprobs,DekaLLM
11263,-35,27,0,0,1,0.500189,0.981238,logprobs,DekaLLM
11264,-35,29,0,0,1,0.500189,0.983636,logprobs,DekaLLM
11265,-35,31,0,0,0,0.377667,0.984534,logprobs,DekaLLM
11266,-35,33,0,0,0,0.182478,0.982749,logprobs,DekaLLM
11267,-35,35,0,0,1,0.500105,0.979866,logprobs,DekaLLM
11268,-35,37,0,0,0,0.377671,0.98523,logprobs,DekaLLM
11269,-35,39,0,0,0,0.269076,0.977107,logprobs,DekaLLM
11270,-35,41,0,0,0,0.182478,0.981207,logprobs,DekaLLM
11271,-35,43,0,0,0,0.075839,0.982428,logprobs,DekaLLM
11272,-35,45,0,0,0,0.26901,0.979209,logprobs,DekaLLM
11273,-35,47,0,0,0,0.119182,0.98289,logprobs,DekaLLM
11274,-35,49,0,0,0,0.119174,0.985847,logprobs,DekaLLM
11275,-35,51,0,0,0,0.269076,0.979822,logprobs,DekaLLM
11276,-35,53,0,0,0,0.119169,0.98017,logprobs,DekaLLM
11277,-35,55,0,0,0,0.119182,0.987627,logprobs,DekaLLM
11278,-35,57,0,0,0,0.182478,0.976791,logprobs,DekaLLM
11279,-35,59,0,0,0,0.119155,0.979387,logprobs,DekaLLM
11280,-35,61,0,0,0,0.182581,0.987361,logprobs,DekaLLM
11281,-35,63,0,0,0,0.182457,0.984556,logprobs,DekaLLM
11282,-35,65,0,0,0,0.377623,0.981807,logprobs,DekaLLM
11283,-35,67,0,0,0,0.26905,0.978203,logprobs,DekaLLM
11284,-35,69,0,0,0,0.182531,0.977171,logprobs,DekaLLM
11285,-35,71,0,0,0,0.269076,0.982082,logprobs,DekaLLM
11286,-35,73,0,0,0,0.075844,0.983878,logprobs,DekaLLM
11287,-35,75,0,0,0,0.11924,0.980616,logprobs,DekaLLM
11288,-35,77,0,0,0,0.075839,0.984323,logprobs,DekaLLM
11289,-35,79,0,0,0,0.182458,0.981468,logprobs,DekaLLM
11290,-35,81,0,0,0,0.269076,0.982544,logprobs,DekaLLM
11291,-35,83,0,0,0,0.377755,0.977993,logprobs,DekaLLM
11292,-35,85,0,0,0,0.182478,0.981543,logprobs,DekaLLM
11293,-35,87,0,0,0,0.182434,0.989245,logprobs,DekaLLM
11294,-35,89,0,0,0,0.182478,0.981274,logprobs,DekaLLM
11295,-35,91,0,0,0,0.075844,0.980581,logprobs,DekaLLM
11296,-35,93,0,0,0,0.182478,0.977348,logprobs,DekaLLM
11297,-35,95,0,0,0,0.26901,0.982108,logprobs,DekaLLM
11298,-35,97,0,0,0,0.268984,0.98224,logprobs,DekaLLM
11299,-35,99,0,0,0,0.119182,0.982763,logprobs,DekaLLM
11300,-35,101,0,0,0,0.269076,0.982002,logprobs,DekaLLM
11301,-35,103,0,0,1,0.622668,0.977889,logprobs,DekaLLM
11302,-35,105,0,0,1,0.500222,0.977247,logprobs,DekaLLM
11303,-35,107,0,0,0,0.377749,0.979864,logprobs,DekaLLM
11304,-35,109,0,0,0,0.377702,0.979502,logprobs,DekaLLM
11305,-35,111,0,0,0,0.269081,0.973391,logprobs,DekaLLM
11306,-35,113,0,0,0,0.377749,0.978028,logprobs,DekaLLM
11307,-35,115,0,0,1,0.500138,0.984415,logprobs,DekaLLM
11308,-35,117,1,1,1,0.622567,0.991071,logprobs,DekaLLM
11309,-35,119,0,0,1,0.500222,0.979205,logprobs,DekaLLM
11310,-35,121,0,0,0,0.377619,0.984482,logprobs,DekaLLM
11311,-35,123,0,0,0,0.269076,0.984709,logprobs,DekaLLM
11312,-35,125,0,0,0,0.269076,0.981048,logprobs,DekaLLM
11313,-35,127,0,0,0,0.26901,0.98505,logprobs,DekaLLM
11314,-35,129,0,0,1,0.500138,0.982648,logprobs,DekaLLM
11315,-35,131,0,0,1,0.622586,0.980501,logprobs,DekaLLM
11316,-35,133,0,0,1,0.731123,0.987106,logprobs,DekaLLM
11317,-35,135,0,0,1,0.500104,0.98718,logprobs,DekaLLM
11318,-35,137,1,1,1,0.817635,0.984607,logprobs,DekaLLM
11319,-35,139,1,1,0,0.377718,0.989338,logprobs,DekaLLM
11320,-35,141,1,1,1,0.731123,0.986965,logprobs,DekaLLM
11321,-35,143,1,1,1,0.622586,0.987195,logprobs,DekaLLM
11322,-35,145,1,1,1,0.622586,0.981796,logprobs,DekaLLM
11323,-35,147,1,1,1,0.817666,0.973977,logprobs,DekaLLM
11324,-35,149,1,1,1,0.924168,0.980111,logprobs,DekaLLM
11325,-35,151,0,0,1,0.731164,0.981706,logprobs,DekaLLM
11326,-35,153,0,0,1,0.50022,0.984065,logprobs,DekaLLM
11327,-35,155,0,0,0,0.119232,0.987537,logprobs,DekaLLM
11328,-35,157,0,0,0,0.047417,0.984752,logprobs,DekaLLM
11329,-35,159,0,0,0,0.029309,0.987109,logprobs,DekaLLM
11330,-35,161,0,0,0,0.029304,0.986293,logprobs,DekaLLM
11331,-35,163,0,0,0,0.04742,0.986367,logprobs,DekaLLM
11332,-35,165,0,0,0,0.075844,0.980208,logprobs,DekaLLM
11333,-35,167,0,0,0,0.075839,0.983067,logprobs,DekaLLM
11334,-35,169,0,0,0,0.075844,0.98794,logprobs,DekaLLM
11335,-35,171,0,0,0,0.182445,0.986758,logprobs,DekaLLM
11336,-35,173,0,0,0,0.182457,0.987626,logprobs,DekaLLM
11337,-35,175,0,0,0,0.182395,0.987782,logprobs,DekaLLM
11338,-35,177,0,0,0,0.075844,0.979959,logprobs,DekaLLM
11339,-35,179,0,0,0,0.182445,0.983678,logprobs,DekaLLM
11340,-37,-179,0,0,0,0.047413,0.98328,logprobs,DekaLLM
11341,-37,-177,0,0,0,0.017983,0.991886,logprobs,DekaLLM
11342,-37,-175,0,0,0,0.010985,0.991778,logprobs,DekaLLM
11343,-37,-173,0,0,0,0.017984,0.98593,logprobs,DekaLLM
11344,-37,-171,0,0,0,0.010985,0.987556,logprobs,DekaLLM
11345,-37,-169,0,0,0,0.010985,0.984348,logprobs,DekaLLM
11346,-37,-167,0,0,0,0.006692,0.989115,logprobs,DekaLLM
11347,-37,-165,0,0,0,0.00407,0.988519,logprobs,DekaLLM
11348,-37,-163,0,0,0,0.006692,0.992555,logprobs,DekaLLM
11349,-37,-161,0,0,0,0.010985,0.988089,logprobs,DekaLLM
11350,-37,-159,0,0,0,0.006692,0.983528,logprobs,DekaLLM
11351,-37,-157,0,0,0,0.010985,0.987697,logprobs,DekaLLM
11352,-37,-155,0,0,0,0.010986,0.986113,logprobs,DekaLLM
11353,-37,-153,0,0,0,0.017983,0.982584,logprobs,DekaLLM
11354,-37,-151,0,0,0,0.047417,0.98173,logprobs,DekaLLM
11355,-37,-149,0,0,0,0.119169,0.979374,logprobs,DekaLLM
11356,-37,-147,0,0,0,0.119169,0.975785,logprobs,DekaLLM
11357,-37,-145,0,0,0,0.119174,0.989331,logprobs,DekaLLM
11358,-37,-143,0,0,0,0.26901,0.980553,logprobs,DekaLLM
11359,-37,-141,0,0,0,0.075844,0.979939,logprobs,DekaLLM
11360,-37,-139,0,0,0,0.029304,0.980859,logprobs,DekaLLM
11361,-37,-137,0,0,0,0.004069,0.988251,logprobs,DekaLLM
11362,-37,-135,0,0,0,0.029304,0.983063,logprobs,DekaLLM
11363,-37,-133,0,0,0,0.047417,0.989003,logprobs,DekaLLM
11364,-37,-131,0,0,0,0.029304,0.980893,logprobs,DekaLLM
11365,-37,-129,0,0,0,0.010985,0.987858,logprobs,DekaLLM
11366,-37,-127,0,0,0,0.00407,0.988499,logprobs,DekaLLM
11367,-37,-125,0,0,0,0.006692,0.986409,logprobs,DekaLLM
11368,-37,-123,0,0,0,0.010985,0.988464,logprobs,DekaLLM
11369,-37,-121,0,0,0,0.269076,0.979673,logprobs,DekaLLM
11370,-37,-119,0,0,0,0.269036,0.983946,logprobs,DekaLLM
11371,-37,-117,0,0,1,0.500168,0.980332,logprobs,DekaLLM
11372,-37,-115,0,0,0,0.075839,0.987962,logprobs,DekaLLM
11373,-37,-113,0,0,0,0.18254,0.984801,logprobs,DekaLLM
11374,-37,-111,0,0,1,0.500222,0.977753,logprobs,DekaLLM
11375,-37,-109,0,0,0,0.269076,0.984032,logprobs,DekaLLM
11376,-37,-107,0,0,0,0.377702,0.980268,logprobs,DekaLLM
11377,-37,-105,0,0,1,0.622604,0.985155,logprobs,DekaLLM
11378,-37,-103,0,0,1,0.500166,0.981845,logprobs,DekaLLM
11379,-37,-101,0,0,0,0.377749,0.97657,logprobs,DekaLLM
11380,-37,-99,0,0,0,0.269076,0.983849,logprobs,DekaLLM
11381,-37,-97,0,0,1,0.622586,0.981891,logprobs,DekaLLM
11382,-37,-95,0,0,0,0.269052,0.986742,logprobs,DekaLLM
11383,-37,-93,0,0,0,0.11924,0.986791,logprobs,DekaLLM
11384,-37,-91,0,0,0,0.047417,0.988306,logprobs,DekaLLM
11385,-37,-89,0,0,0,0.182495,0.988548,logprobs,DekaLLM
11386,-37,-87,0,0,0,0.075839,0.985874,logprobs,DekaLLM
11387,-37,-85,0,0,0,0.377592,0.979995,logprobs,DekaLLM
11388,-37,-83,0,0,0,0.269076,0.985079,logprobs,DekaLLM
11389,-37,-81,0,0,0,0.377702,0.984213,logprobs,DekaLLM
11390,-37,-79,0,0,0,0.182459,0.984258,logprobs,DekaLLM
11391,-37,-77,0,0,0,0.075844,0.985028,logprobs,DekaLLM
11392,-37,-75,0,0,0,0.017983,0.988689,logprobs,DekaLLM
11393,-37,-73,1,1,0,0.119182,0.988045,logprobs,DekaLLM
11394,-37,-71,1,1,0,0.377654,0.979808,logprobs,DekaLLM
11395,-37,-69,1,1,0,0.269076,0.98203,logprobs,DekaLLM
11396,-37,-67,1,1,0,0.182357,0.976684,logprobs,DekaLLM
11397,-37,-65,1,1,1,0.500135,0.984637,logprobs,DekaLLM
11398,-37,-63,1,1,1,0.622586,0.982648,logprobs,DekaLLM
11399,-37,-61,1,1,0,0.377667,0.986072,logprobs,DekaLLM
11400,-37,-59,1,1,0,0.269076,0.983662,logprobs,DekaLLM
11401,-37,-57,1,1,0,0.268983,0.988604,logprobs,DekaLLM
11402,-37,-55,0,0,0,0.017983,0.980274,logprobs,DekaLLM
11403,-37,-53,0,0,0,0.075844,0.983634,logprobs,DekaLLM
11404,-37,-51,0,0,0,0.047417,0.986929,logprobs,DekaLLM
11405,-37,-49,0,0,0,0.075839,0.983063,logprobs,DekaLLM
11406,-37,-47,0,0,0,0.11924,0.984552,logprobs,DekaLLM
11407,-37,-45,0,0,0,0.029307,0.990589,logprobs,DekaLLM
11408,-37,-43,0,0,0,0.075844,0.976903,logprobs,DekaLLM
11409,-37,-41,0,0,0,0.029305,0.986848,logprobs,DekaLLM
11410,-37,-39,0,0,0,0.047417,0.980832,logprobs,DekaLLM
11411,-37,-37,0,0,0,0.182478,0.983486,logprobs,DekaLLM
11412,-37,-35,0,0,0,0.119169,0.982383,logprobs,DekaLLM
11413,-37,-33,0,0,0,0.182377,0.983371,logprobs,DekaLLM
11414,-37,-31,0,0,0,0.119169,0.984058,logprobs,DekaLLM
11415,-37,-29,0,0,0,0.119174,0.984338,logprobs,DekaLLM
11416,-37,-27,0,0,0,0.269076,0.97989,logprobs,DekaLLM
11417,-37,-25,0,0,0,0.26901,0.984453,logprobs,DekaLLM
11418,-37,-23,0,0,0,0.377623,0.982249,logprobs,DekaLLM
11419,-37,-21,0,0,0,0.119264,0.983933,logprobs,DekaLLM
11420,-37,-19,0,0,0,0.268983,0.983762,logprobs,DekaLLM
11421,-37,-17,0,0,0,0.11924,0.987415,logprobs,DekaLLM
11422,-37,-15,0,0,0,0.26901,0.979297,logprobs,DekaLLM
11423,-37,-13,0,0,0,0.377671,0.977741,logprobs,DekaLLM
11424,-37,-11,0,0,0,0.18249,0.985078,logprobs,DekaLLM
11425,-37,-9,0,0,0,0.269076,0.983192,logprobs,DekaLLM
11426,-37,-7,0,0,0,0.269076,0.985047,logprobs,DekaLLM
11427,-37,-5,0,0,0,0.26901,0.978514,logprobs,DekaLLM
11428,-37,-3,0,0,0,0.269076,0.981586,logprobs,DekaLLM
11429,-37,-1,0,0,0,0.26901,0.980386,logprobs,DekaLLM
11430,-37,1,0,0,0,0.182395,0.980102,logprobs,DekaLLM
11431,-37,3,0,0,0,0.26901,0.977556,logprobs,DekaLLM
11432,-37,5,0,0,0,0.377749,0.980095,logprobs,DekaLLM
11433,-37,7,0,0,0,0.377749,0.97467,logprobs,DekaLLM
11434,-37,9,0,0,0,0.377702,0.976418,logprobs,DekaLLM
11435,-37,11,0,0,0,0.377623,0.982199,logprobs,DekaLLM
11436,-37,13,0,0,1,0.500135,0.97498,logprobs,DekaLLM
11437,-37,15,0,0,0,0.377718,0.985239,logprobs,DekaLLM
11438,-37,17,0,0,1,0.500135,0.986369,logprobs,DekaLLM
11439,-37,19,0,0,1,0.500189,0.983326,logprobs,DekaLLM
11440,-37,21,0,0,0,0.377671,0.983702,logprobs,DekaLLM
11441,-37,23,0,0,1,0.500135,0.98229,logprobs,DekaLLM
11442,-37,25,0,0,1,0.500135,0.981963,logprobs,DekaLLM
11443,-37,27,0,0,1,0.500222,0.980218,logprobs,DekaLLM
11444,-37,29,0,0,1,0.622538,0.979998,logprobs,DekaLLM
11445,-37,31,0,0,1,0.500222,0.974352,logprobs,DekaLLM
11446,-37,33,0,0,0,0.377638,0.984953,logprobs,DekaLLM
11447,-37,35,0,0,0,0.269116,0.984469,logprobs,DekaLLM
11448,-37,37,0,0,0,0.377623,0.982636,logprobs,DekaLLM
11449,-37,39,0,0,0,0.377671,0.98544,logprobs,DekaLLM
11450,-37,41,0,0,0,0.377755,0.976163,logprobs,DekaLLM
11451,-37,43,0,0,0,0.119182,0.981201,logprobs,DekaLLM
11452,-37,45,0,0,0,0.26901,0.978918,logprobs,DekaLLM
11453,-37,47,0,0,0,0.182528,0.984015,logprobs,DekaLLM
11454,-37,49,0,0,0,0.075844,0.988429,logprobs,DekaLLM
11455,-37,51,0,0,0,0.119169,0.980459,logprobs,DekaLLM
11456,-37,53,0,0,0,0.029307,0.986843,logprobs,DekaLLM
11457,-37,55,0,0,0,0.047411,0.985399,logprobs,DekaLLM
11458,-37,57,0,0,0,0.075835,0.979362,logprobs,DekaLLM
11459,-37,59,0,0,0,0.182427,0.984159,logprobs,DekaLLM
11460,-37,61,0,0,0,0.182458,0.974341,logprobs,DekaLLM
11461,-37,63,0,0,0,0.26901,0.98227,logprobs,DekaLLM
11462,-37,65,0,0,0,0.268984,0.975315,logprobs,DekaLLM
11463,-37,67,0,0,0,0.269076,0.980267,logprobs,DekaLLM
11464,-37,69,0,0,0,0.377755,0.97267,logprobs,DekaLLM
11465,-37,71,0,0,1,0.622668,0.973291,logprobs,DekaLLM
11466,-37,73,0,0,0,0.377671,0.980255,logprobs,DekaLLM
11467,-37,75,0,0,0,0.119182,0.975007,logprobs,DekaLLM
11468,-37,77,0,0,0,0.377623,0.975268,logprobs,DekaLLM
11469,-37,79,0,0,0,0.182511,0.981918,logprobs,DekaLLM
11470,-37,81,0,0,0,0.269147,0.982912,logprobs,DekaLLM
11471,-37,83,0,0,0,0.269076,0.979493,logprobs,DekaLLM
11472,-37,85,0,0,0,0.26901,0.978283,logprobs,DekaLLM
11473,-37,87,0,0,0,0.075839,0.986537,logprobs,DekaLLM
11474,-37,89,0,0,0,0.182377,0.97837,logprobs,DekaLLM
11475,-37,91,0,0,0,0.047413,0.983107,logprobs,DekaLLM
11476,-37,93,0,0,0,0.075826,0.96917,logprobs,DekaLLM
11477,-37,95,0,0,0,0.182478,0.980201,logprobs,DekaLLM
11478,-37,97,0,0,0,0.182377,0.980134,logprobs,DekaLLM
11479,-37,99,0,0,0,0.26901,0.979737,logprobs,DekaLLM
11480,-37,101,0,0,0,0.269026,0.986163,logprobs,DekaLLM
11481,-37,103,0,0,1,0.500189,0.979881,logprobs,DekaLLM
11482,-37,105,0,0,0,0.377749,0.973136,logprobs,DekaLLM
11483,-37,107,0,0,0,0.377667,0.981771,logprobs,DekaLLM
11484,-37,109,0,0,0,0.26901,0.984434,logprobs,DekaLLM
11485,-37,111,0,0,0,0.377671,0.98038,logprobs,DekaLLM
11486,-37,113,0,0,0,0.269076,0.980581,logprobs,DekaLLM
11487,-37,115,0,0,0,0.377702,0.981936,logprobs,DekaLLM
11488,-37,117,0,0,0,0.269068,0.984748,logprobs,DekaLLM
11489,-37,119,0,0,0,0.377619,0.981511,logprobs,DekaLLM
11490,-37,121,0,0,0,0.182478,0.985659,logprobs,DekaLLM
11491,-37,123,0,0,0,0.047413,0.986298,logprobs,DekaLLM
11492,-37,125,0,0,0,0.119169,0.979407,logprobs,DekaLLM
11493,-37,127,0,0,0,0.075839,0.985079,logprobs,DekaLLM
11494,-37,129,0,0,0,0.269076,0.982091,logprobs,DekaLLM
11495,-37,131,0,0,1,0.500138,0.984956,logprobs,DekaLLM
11496,-37,133,0,0,1,0.731179,0.985736,logprobs,DekaLLM
11497,-37,135,0,0,0,0.377702,0.98419,logprobs,DekaLLM
11498,-37,137,0,0,1,0.731139,0.985737,logprobs,DekaLLM
11499,-37,139,0,0,0,0.377702,0.980766,logprobs,DekaLLM
11500,-37,141,1,1,1,0.731179,0.981574,logprobs,DekaLLM
11501,-37,143,1,1,1,0.817635,0.985611,logprobs,DekaLLM
11502,-37,145,1,1,1,0.880845,0.986569,logprobs,DekaLLM
11503,-37,147,1,1,1,0.817666,0.981074,logprobs,DekaLLM
11504,-37,149,1,1,1,0.817655,0.980967,logprobs,DekaLLM
11505,-37,151,0,0,1,0.817666,0.985727,logprobs,DekaLLM
11506,-37,153,0,0,1,0.500104,0.990241,logprobs,DekaLLM
11507,-37,155,0,0,0,0.37764,0.98884,logprobs,DekaLLM
11508,-37,157,0,0,0,0.047417,0.988272,logprobs,DekaLLM
11509,-37,159,0,0,0,0.075844,0.981861,logprobs,DekaLLM
11510,-37,161,0,0,0,0.182528,0.985145,logprobs,DekaLLM
11511,-37,163,0,0,0,0.269076,0.984752,logprobs,DekaLLM
11512,-37,165,0,0,0,0.268986,0.985915,logprobs,DekaLLM
11513,-37,167,0,0,0,0.182457,0.988619,logprobs,DekaLLM
11514,-37,169,0,0,0,0.377493,0.98445,logprobs,DekaLLM
11515,-37,171,0,0,1,0.500135,0.987567,logprobs,DekaLLM
11516,-37,173,0,0,0,0.377667,0.98731,logprobs,DekaLLM
11517,-37,175,1,1,0,0.377619,0.985872,logprobs,DekaLLM
11518,-37,177,0,0,0,0.119169,0.985052,logprobs,DekaLLM
11519,-37,179,0,0,0,0.075839,0.984506,logprobs,DekaLLM
11520,-39,-179,0,0,0,0.029307,0.989462,logprobs,DekaLLM
11521,-39,-177,0,0,0,0.010986,0.991421,logprobs,DekaLLM
11522,-39,-175,0,0,0,0.006692,0.993026,logprobs,DekaLLM
11523,-39,-173,0,0,0,0.029307,0.988367,logprobs,DekaLLM
11524,-39,-171,0,0,0,0.010985,0.983291,logprobs,DekaLLM
11525,-39,-169,0,0,0,0.006692,0.990018,logprobs,DekaLLM
11526,-39,-167,0,0,0,0.006692,0.987735,logprobs,DekaLLM
11527,-39,-165,0,0,0,0.006692,0.988662,logprobs,DekaLLM
11528,-39,-163,0,0,0,0.006692,0.983221,logprobs,DekaLLM
11529,-39,-161,0,0,0,0.006692,0.98687,logprobs,DekaLLM
11530,-39,-159,0,0,0,0.010984,0.980175,logprobs,DekaLLM
11531,-39,-157,0,0,0,0.006692,0.981646,logprobs,DekaLLM
11532,-39,-155,0,0,0,0.010985,0.986232,logprobs,DekaLLM
11533,-39,-153,0,0,0,0.017984,0.97842,logprobs,DekaLLM
11534,-39,-151,0,0,0,0.017984,0.985614,logprobs,DekaLLM
11535,-39,-149,0,0,0,0.047417,0.985247,logprobs,DekaLLM
11536,-39,-147,0,0,0,0.017983,0.988898,logprobs,DekaLLM
11537,-39,-145,0,0,0,0.017983,0.985695,logprobs,DekaLLM
11538,-39,-143,0,0,0,0.029306,0.977116,logprobs,DekaLLM
11539,-39,-141,0,0,0,0.029307,0.985125,logprobs,DekaLLM
11540,-39,-139,0,0,0,0.017983,0.986675,logprobs,DekaLLM
11541,-39,-137,0,0,0,0.010985,0.987921,logprobs,DekaLLM
11542,-39,-135,0,0,0,0.017983,0.986366,logprobs,DekaLLM
11543,-39,-133,0,0,0,0.017983,0.98769,logprobs,DekaLLM
11544,-39,-131,0,0,0,0.010985,0.986338,logprobs,DekaLLM
11545,-39,-129,0,0,0,0.006692,0.989715,logprobs,DekaLLM
11546,-39,-127,0,0,0,0.006692,0.9896,logprobs,DekaLLM
11547,-39,-125,0,0,0,0.010986,0.988955,logprobs,DekaLLM
11548,-39,-123,0,0,0,0.017981,0.983234,logprobs,DekaLLM
11549,-39,-121,0,0,0,0.047413,0.983981,logprobs,DekaLLM
11550,-39,-119,0,0,0,0.075844,0.985006,logprobs,DekaLLM
11551,-39,-117,0,0,0,0.269076,0.980778,logprobs,DekaLLM
11552,-39,-115,0,0,0,0.075839,0.981302,logprobs,DekaLLM
11553,-39,-113,0,0,0,0.119232,0.987696,logprobs,DekaLLM
11554,-39,-111,0,0,0,0.377702,0.98463,logprobs,DekaLLM
11555,-39,-109,0,0,0,0.269076,0.981641,logprobs,DekaLLM
11556,-39,-107,0,0,0,0.377702,0.978206,logprobs,DekaLLM
11557,-39,-105,0,0,1,0.622604,0.984885,logprobs,DekaLLM
11558,-39,-103,0,0,0,0.377749,0.983629,logprobs,DekaLLM
11559,-39,-101,0,0,0,0.182478,0.984276,logprobs,DekaLLM
11560,-39,-99,0,0,0,0.269076,0.981034,logprobs,DekaLLM
11561,-39,-97,0,0,0,0.377718,0.98607,logprobs,DekaLLM
11562,-39,-95,0,0,0,0.182458,0.97986,logprobs,DekaLLM
11563,-39,-93,0,0,0,0.029303,0.982786,logprobs,DekaLLM
11564,-39,-91,0,0,0,0.047417,0.986557,logprobs,DekaLLM
11565,-39,-89,0,0,0,0.075839,0.987134,logprobs,DekaLLM
11566,-39,-87,0,0,0,0.075844,0.98506,logprobs,DekaLLM
11567,-39,-85,0,0,0,0.047411,0.984952,logprobs,DekaLLM
11568,-39,-83,0,0,0,0.269009,0.984597,logprobs,DekaLLM
11569,-39,-81,0,0,0,0.182427,0.986222,logprobs,DekaLLM
11570,-39,-79,0,0,0,0.119169,0.980782,logprobs,DekaLLM
11571,-39,-77,0,0,0,0.119169,0.983554,logprobs,DekaLLM
11572,-39,-75,0,0,0,0.075844,0.986286,logprobs,DekaLLM
11573,-39,-73,1,1,0,0.182395,0.97876,logprobs,DekaLLM
11574,-39,-71,1,1,0,0.377702,0.983459,logprobs,DekaLLM
11575,-39,-69,1,1,0,0.269076,0.982334,logprobs,DekaLLM
11576,-39,-67,1,1,0,0.268983,0.985872,logprobs,DekaLLM
11577,-39,-65,1,1,0,0.269076,0.985052,logprobs,DekaLLM
11578,-39,-63,1,1,0,0.182478,0.979982,logprobs,DekaLLM
11579,-39,-61,0,0,0,0.11924,0.984665,logprobs,DekaLLM
11580,-39,-59,0,0,0,0.11924,0.986482,logprobs,DekaLLM
11581,-39,-57,0,0,0,0.182395,0.984465,logprobs,DekaLLM
11582,-39,-55,0,0,0,0.029307,0.990203,logprobs,DekaLLM
11583,-39,-53,0,0,0,0.075839,0.986343,logprobs,DekaLLM
11584,-39,-51,0,0,0,0.075844,0.978907,logprobs,DekaLLM
11585,-39,-49,0,0,0,0.047417,0.988215,logprobs,DekaLLM
11586,-39,-47,0,0,0,0.11924,0.986555,logprobs,DekaLLM
11587,-39,-45,0,0,0,0.017981,0.985792,logprobs,DekaLLM
11588,-39,-43,0,0,0,0.029309,0.98627,logprobs,DekaLLM
11589,-39,-41,0,0,0,0.029307,0.984916,logprobs,DekaLLM
11590,-39,-39,0,0,0,0.268967,0.983853,logprobs,DekaLLM
11591,-39,-37,0,0,0,0.047417,0.986724,logprobs,DekaLLM
11592,-39,-35,0,0,0,0.04742,0.986188,logprobs,DekaLLM
11593,-39,-33,0,0,0,0.047417,0.984174,logprobs,DekaLLM
11594,-39,-31,0,0,0,0.029309,0.99139,logprobs,DekaLLM
11595,-39,-29,0,0,0,0.075844,0.985657,logprobs,DekaLLM
11596,-39,-27,0,0,0,0.11925,0.980332,logprobs,DekaLLM
11597,-39,-25,0,0,0,0.182445,0.986706,logprobs,DekaLLM
11598,-39,-23,0,0,0,0.268967,0.985991,logprobs,DekaLLM
11599,-39,-21,0,0,0,0.075839,0.985311,logprobs,DekaLLM
11600,-39,-19,0,0,0,0.18249,0.983573,logprobs,DekaLLM
11601,-39,-17,0,0,0,0.119182,0.982705,logprobs,DekaLLM
11602,-39,-15,0,0,0,0.182459,0.983142,logprobs,DekaLLM
11603,-39,-13,0,0,0,0.269076,0.979642,logprobs,DekaLLM
11604,-39,-11,0,0,0,0.182445,0.9852,logprobs,DekaLLM
11605,-39,-9,0,0,0,0.269076,0.97896,logprobs,DekaLLM
11606,-39,-7,0,0,0,0.269116,0.981385,logprobs,DekaLLM
11607,-39,-5,0,0,0,0.182478,0.982062,logprobs,DekaLLM
11608,-39,-3,0,0,0,0.182395,0.980572,logprobs,DekaLLM
11609,-39,-1,0,0,0,0.26901,0.979421,logprobs,DekaLLM
11610,-39,1,0,0,0,0.119182,0.979667,logprobs,DekaLLM
11611,-39,3,0,0,0,0.182459,0.984279,logprobs,DekaLLM
11612,-39,5,0,0,0,0.18254,0.987496,logprobs,DekaLLM
11613,-39,7,0,0,0,0.269076,0.983073,logprobs,DekaLLM
11614,-39,9,0,0,0,0.269076,0.984368,logprobs,DekaLLM
11615,-39,11,0,0,0,0.182478,0.98227,logprobs,DekaLLM
11616,-39,13,0,0,0,0.377572,0.981464,logprobs,DekaLLM
11617,-39,15,0,0,0,0.269076,0.982347,logprobs,DekaLLM
11618,-39,17,0,0,1,0.500135,0.981754,logprobs,DekaLLM
11619,-39,19,0,0,0,0.377619,0.981989,logprobs,DekaLLM
11620,-39,21,0,0,0,0.377667,0.985573,logprobs,DekaLLM
11621,-39,23,0,0,0,0.269026,0.98664,logprobs,DekaLLM
11622,-39,25,0,0,1,0.500084,0.983052,logprobs,DekaLLM
11623,-39,27,0,0,1,0.500222,0.983944,logprobs,DekaLLM
11624,-39,29,0,0,1,0.500222,0.980672,logprobs,DekaLLM
11625,-39,31,0,0,0,0.377702,0.984535,logprobs,DekaLLM
11626,-39,33,0,0,0,0.377671,0.984187,logprobs,DekaLLM
11627,-39,35,0,0,0,0.269092,0.984563,logprobs,DekaLLM
11628,-39,37,0,0,1,0.500222,0.98072,logprobs,DekaLLM
11629,-39,39,0,0,0,0.269076,0.982263,logprobs,DekaLLM
11630,-39,41,0,0,0,0.26901,0.974896,logprobs,DekaLLM
11631,-39,43,0,0,0,0.182445,0.981222,logprobs,DekaLLM
11632,-39,45,0,0,0,0.182478,0.983606,logprobs,DekaLLM
11633,-39,47,0,0,0,0.119169,0.976675,logprobs,DekaLLM
11634,-39,49,0,0,0,0.075844,0.980836,logprobs,DekaLLM
11635,-39,51,0,0,0,0.047413,0.985668,logprobs,DekaLLM
11636,-39,53,0,0,0,0.047418,0.989037,logprobs,DekaLLM
11637,-39,55,0,0,0,0.047417,0.981156,logprobs,DekaLLM
11638,-39,57,0,0,0,0.075844,0.980271,logprobs,DekaLLM
11639,-39,59,0,0,0,0.047417,0.987314,logprobs,DekaLLM
11640,-39,61,0,0,0,0.119248,0.986014,logprobs,DekaLLM
11641,-39,63,0,0,0,0.119169,0.977708,logprobs,DekaLLM
11642,-39,65,0,0,0,0.119277,0.980207,logprobs,DekaLLM
11643,-39,67,0,0,0,0.119182,0.974863,logprobs,DekaLLM
11644,-39,69,0,0,0,0.182459,0.982121,logprobs,DekaLLM
11645,-39,71,0,0,0,0.377572,0.976995,logprobs,DekaLLM
11646,-39,73,0,0,0,0.182459,0.982808,logprobs,DekaLLM
11647,-39,75,0,0,0,0.119182,0.973747,logprobs,DekaLLM
11648,-39,77,0,0,0,0.182478,0.978576,logprobs,DekaLLM
11649,-39,79,0,0,0,0.182377,0.981216,logprobs,DekaLLM
11650,-39,81,0,0,0,0.11924,0.984452,logprobs,DekaLLM
11651,-39,83,0,0,0,0.269055,0.975406,logprobs,DekaLLM
11652,-39,85,0,0,0,0.119182,0.986042,logprobs,DekaLLM
11653,-39,87,0,0,0,0.182459,0.983033,logprobs,DekaLLM
11654,-39,89,0,0,0,0.119182,0.986401,logprobs,DekaLLM
11655,-39,91,0,0,0,0.075844,0.984937,logprobs,DekaLLM
11656,-39,93,0,0,0,0.119174,0.982046,logprobs,DekaLLM
11657,-39,95,0,0,0,0.047413,0.986527,logprobs,DekaLLM
11658,-39,97,0,0,0,0.075839,0.985231,logprobs,DekaLLM
11659,-39,99,0,0,0,0.11919,0.985773,logprobs,DekaLLM
11660,-39,101,0,0,0,0.26901,0.976115,logprobs,DekaLLM
11661,-39,103,0,0,0,0.26901,0.97802,logprobs,DekaLLM
11662,-39,105,0,0,0,0.377619,0.984427,logprobs,DekaLLM
11663,-39,107,0,0,0,0.269076,0.977084,logprobs,DekaLLM
11664,-39,109,0,0,0,0.377619,0.983582,logprobs,DekaLLM
11665,-39,111,0,0,0,0.377671,0.978543,logprobs,DekaLLM
11666,-39,113,0,0,0,0.182528,0.986134,logprobs,DekaLLM
11667,-39,115,0,0,0,0.269026,0.983005,logprobs,DekaLLM
11668,-39,117,0,0,0,0.269076,0.982058,logprobs,DekaLLM
11669,-39,119,0,0,0,0.11924,0.980387,logprobs,DekaLLM
11670,-39,121,0,0,0,0.119182,0.985646,logprobs,DekaLLM
11671,-39,123,0,0,0,0.075844,0.982841,logprobs,DekaLLM
11672,-39,125,0,0,0,0.182478,0.983692,logprobs,DekaLLM
11673,-39,127,0,0,0,0.119182,0.985812,logprobs,DekaLLM
11674,-39,129,0,0,0,0.377671,0.981108,logprobs,DekaLLM
11675,-39,131,0,0,0,0.377702,0.980808,logprobs,DekaLLM
11676,-39,133,0,0,1,0.500168,0.981628,logprobs,DekaLLM
11677,-39,135,0,0,0,0.182478,0.979336,logprobs,DekaLLM
11678,-39,137,0,0,1,0.500084,0.984544,logprobs,DekaLLM
11679,-39,139,0,0,0,0.377702,0.985385,logprobs,DekaLLM
11680,-39,141,0,0,1,0.622586,0.979946,logprobs,DekaLLM
11681,-39,143,0,0,1,0.500135,0.98536,logprobs,DekaLLM
11682,-39,145,0,0,1,0.500189,0.98419,logprobs,DekaLLM
11683,-39,147,0,0,0,0.377638,0.984998,logprobs,DekaLLM
11684,-39,149,0,0,1,0.500222,0.977553,logprobs,DekaLLM
11685,-39,151,0,0,1,0.500135,0.985028,logprobs,DekaLLM
11686,-39,153,0,0,0,0.377702,0.98074,logprobs,DekaLLM
11687,-39,155,0,0,0,0.377619,0.984202,logprobs,DekaLLM
11688,-39,157,0,0,0,0.119209,0.986838,logprobs,DekaLLM
11689,-39,159,0,0,0,0.119169,0.980835,logprobs,DekaLLM
11690,-39,161,0,0,0,0.182427,0.983501,logprobs,DekaLLM
11691,-39,163,0,0,0,0.182542,0.984439,logprobs,DekaLLM
11692,-39,165,0,0,0,0.119227,0.986082,logprobs,DekaLLM
11693,-39,167,0,0,0,0.269076,0.981538,logprobs,DekaLLM
11694,-39,169,0,0,0,0.269076,0.980358,logprobs,DekaLLM
11695,-39,171,0,0,1,0.500199,0.982913,logprobs,DekaLLM
11696,-39,173,0,0,0,0.377667,0.987001,logprobs,DekaLLM
11697,-39,175,1,1,0,0.268983,0.988409,logprobs,DekaLLM
11698,-39,177,1,1,0,0.182395,0.986273,logprobs,DekaLLM
11699,-39,179,0,0,0,0.075844,0.984172,logprobs,DekaLLM
11700,-41,-179,0,0,0,0.075839,0.983427,logprobs,DekaLLM
11701,-41,-177,0,0,0,0.029307,0.985341,logprobs,DekaLLM
11702,-41,-175,0,0,0,0.047417,0.986897,logprobs,DekaLLM
11703,-41,-173,0,0,0,0.047417,0.98422,logprobs,DekaLLM
11704,-41,-171,0,0,0,0.029307,0.986387,logprobs,DekaLLM
11705,-41,-169,0,0,0,0.006692,0.986932,logprobs,DekaLLM
11706,-41,-167,0,0,0,0.010985,0.98396,logprobs,DekaLLM
11707,-41,-165,0,0,0,0.004069,0.988283,logprobs,DekaLLM
11708,-41,-163,0,0,0,0.010986,0.986504,logprobs,DekaLLM
11709,-41,-161,0,0,0,0.00407,0.993625,logprobs,DekaLLM
11710,-41,-159,0,0,0,0.006692,0.987544,logprobs,DekaLLM
11711,-41,-157,0,0,0,0.010986,0.988748,logprobs,DekaLLM
11712,-41,-155,0,0,0,0.017981,0.979219,logprobs,DekaLLM
11713,-41,-153,0,0,0,0.017981,0.985065,logprobs,DekaLLM
11714,-41,-151,0,0,0,0.010984,0.983187,logprobs,DekaLLM
11715,-41,-149,0,0,0,0.047417,0.978717,logprobs,DekaLLM
11716,-41,-147,0,0,0,0.017983,0.98855,logprobs,DekaLLM
11717,-41,-145,0,0,0,0.006692,0.989345,logprobs,DekaLLM
11718,-41,-143,0,0,0,0.047413,0.984182,logprobs,DekaLLM
11719,-41,-141,0,0,0,0.029307,0.989888,logprobs,DekaLLM
11720,-41,-139,0,0,0,0.029307,0.985262,logprobs,DekaLLM
11721,-41,-137,0,0,0,0.010985,0.985551,logprobs,DekaLLM
11722,-41,-135,0,0,0,0.047413,0.981876,logprobs,DekaLLM
11723,-41,-133,0,0,0,0.017983,0.988265,logprobs,DekaLLM
11724,-41,-131,0,0,0,0.017983,0.987582,logprobs,DekaLLM
11725,-41,-129,0,0,0,0.006692,0.982058,logprobs,DekaLLM
11726,-41,-127,0,0,0,0.006691,0.98596,logprobs,DekaLLM
11727,-41,-125,0,0,0,0.010983,0.981588,logprobs,DekaLLM
11728,-41,-123,0,0,0,0.017983,0.987505,logprobs,DekaLLM
11729,-41,-121,0,0,0,0.047417,0.978517,logprobs,DekaLLM
11730,-41,-119,0,0,0,0.047417,0.987933,logprobs,DekaLLM
11731,-41,-117,0,0,0,0.377702,0.977711,logprobs,DekaLLM
11732,-41,-115,0,0,0,0.075844,0.984356,logprobs,DekaLLM
11733,-41,-113,0,0,0,0.182459,0.979235,logprobs,DekaLLM
11734,-41,-111,0,0,0,0.182528,0.987986,logprobs,DekaLLM
11735,-41,-109,0,0,0,0.269049,0.986566,logprobs,DekaLLM
11736,-41,-107,0,0,0,0.269076,0.978218,logprobs,DekaLLM
11737,-41,-105,0,0,0,0.377702,0.984611,logprobs,DekaLLM
11738,-41,-103,0,0,0,0.269076,0.983235,logprobs,DekaLLM
11739,-41,-101,0,0,0,0.11924,0.988132,logprobs,DekaLLM
11740,-41,-99,0,0,0,0.182478,0.982533,logprobs,DekaLLM
11741,-41,-97,0,0,1,0.500228,0.972492,logprobs,DekaLLM
11742,-41,-95,0,0,0,0.377654,0.981611,logprobs,DekaLLM
11743,-41,-93,0,0,0,0.029307,0.988335,logprobs,DekaLLM
11744,-41,-91,0,0,0,0.029307,0.984134,logprobs,DekaLLM
11745,-41,-89,0,0,0,0.182395,0.985292,logprobs,DekaLLM
11746,-41,-87,0,0,0,0.029307,0.987591,logprobs,DekaLLM
11747,-41,-85,0,0,0,0.04742,0.987917,logprobs,DekaLLM
11748,-41,-83,0,0,0,0.182377,0.981883,logprobs,DekaLLM
11749,-41,-81,0,0,0,0.182478,0.982564,logprobs,DekaLLM
11750,-41,-79,0,0,0,0.119227,0.983148,logprobs,DekaLLM
11751,-41,-77,0,0,0,0.18254,0.986092,logprobs,DekaLLM
11752,-41,-75,0,0,0,0.119169,0.982367,logprobs,DekaLLM
11753,-41,-73,1,1,0,0.182427,0.987427,logprobs,DekaLLM
11754,-41,-71,1,1,1,0.500222,0.985451,logprobs,DekaLLM
11755,-41,-69,1,1,0,0.11919,0.98464,logprobs,DekaLLM
11756,-41,-67,1,1,0,0.119169,0.983662,logprobs,DekaLLM
11757,-41,-65,0,0,0,0.182459,0.985473,logprobs,DekaLLM
11758,-41,-63,1,1,0,0.11924,0.984786,logprobs,DekaLLM
11759,-41,-61,0,0,0,0.075839,0.984175,logprobs,DekaLLM
11760,-41,-59,0,0,0,0.119182,0.984758,logprobs,DekaLLM
11761,-41,-57,0,0,0,0.047417,0.982657,logprobs,DekaLLM
11762,-41,-55,0,0,0,0.047413,0.978946,logprobs,DekaLLM
11763,-41,-53,0,0,0,0.075839,0.984523,logprobs,DekaLLM
11764,-41,-51,0,0,0,0.029304,0.979087,logprobs,DekaLLM
11765,-41,-49,0,0,0,0.075839,0.986093,logprobs,DekaLLM
11766,-41,-47,0,0,0,0.119174,0.986417,logprobs,DekaLLM
11767,-41,-45,0,0,0,0.029307,0.985899,logprobs,DekaLLM
11768,-41,-43,0,0,0,0.010985,0.989501,logprobs,DekaLLM
11769,-41,-41,0,0,0,0.182478,0.982438,logprobs,DekaLLM
11770,-41,-39,0,0,0,0.18244,0.980901,logprobs,DekaLLM
11771,-41,-37,0,0,0,0.07585,0.986609,logprobs,DekaLLM
11772,-41,-35,0,0,0,0.075844,0.973966,logprobs,DekaLLM
11773,-41,-33,0,0,0,0.182511,0.971381,logprobs,DekaLLM
11774,-41,-31,0,0,0,0.11924,0.983958,logprobs,DekaLLM
11775,-41,-29,0,0,0,0.269076,0.978571,logprobs,DekaLLM
11776,-41,-27,0,0,0,0.119182,0.975605,logprobs,DekaLLM
11777,-41,-25,0,0,0,0.182478,0.979876,logprobs,DekaLLM
11778,-41,-23,0,0,0,0.268984,0.977155,logprobs,DekaLLM
11779,-41,-21,0,0,0,0.119155,0.977667,logprobs,DekaLLM
11780,-41,-19,0,0,0,0.119182,0.981462,logprobs,DekaLLM
11781,-41,-17,0,0,0,0.182478,0.984529,logprobs,DekaLLM
11782,-41,-15,0,0,0,0.182478,0.982174,logprobs,DekaLLM
11783,-41,-13,0,0,0,0.182407,0.983627,logprobs,DekaLLM
11784,-41,-11,0,0,0,0.269076,0.977947,logprobs,DekaLLM
11785,-41,-9,0,0,0,0.377671,0.983761,logprobs,DekaLLM
11786,-41,-7,0,0,0,0.182395,0.974154,logprobs,DekaLLM
11787,-41,-5,0,0,0,0.182395,0.976384,logprobs,DekaLLM
11788,-41,-3,0,0,0,0.182459,0.985326,logprobs,DekaLLM
11789,-41,-1,0,0,0,0.18256,0.97214,logprobs,DekaLLM
11790,-41,1,0,0,0,0.047417,0.980321,logprobs,DekaLLM
11791,-41,3,0,0,0,0.268901,0.979968,logprobs,DekaLLM
11792,-41,5,0,0,0,0.268967,0.983943,logprobs,DekaLLM
11793,-41,7,0,0,0,0.269076,0.980551,logprobs,DekaLLM
11794,-41,9,0,0,0,0.269033,0.984723,logprobs,DekaLLM
11795,-41,11,0,0,0,0.26901,0.981669,logprobs,DekaLLM
11796,-41,13,0,0,0,0.377623,0.973349,logprobs,DekaLLM
11797,-41,15,0,0,0,0.377619,0.983738,logprobs,DekaLLM
11798,-41,17,0,0,0,0.377749,0.977855,logprobs,DekaLLM
11799,-41,19,0,0,0,0.377619,0.984072,logprobs,DekaLLM
11800,-41,21,0,0,0,0.26901,0.98188,logprobs,DekaLLM
11801,-41,23,0,0,0,0.377619,0.979169,logprobs,DekaLLM
11802,-41,25,0,0,0,0.269076,0.980612,logprobs,DekaLLM
11803,-41,27,0,0,0,0.377702,0.979486,logprobs,DekaLLM
11804,-41,29,0,0,0,0.377749,0.979384,logprobs,DekaLLM
11805,-41,31,0,0,0,0.269076,0.981723,logprobs,DekaLLM
11806,-41,33,0,0,0,0.182459,0.9867,logprobs,DekaLLM
11807,-41,35,0,0,0,0.075844,0.978941,logprobs,DekaLLM
11808,-41,37,0,0,0,0.182478,0.98187,logprobs,DekaLLM
11809,-41,39,0,0,0,0.269076,0.978886,logprobs,DekaLLM
11810,-41,41,0,0,0,0.269081,0.981144,logprobs,DekaLLM
11811,-41,43,0,0,0,0.182511,0.972344,logprobs,DekaLLM
11812,-41,45,0,0,0,0.119182,0.974888,logprobs,DekaLLM
11813,-41,47,0,0,0,0.047413,0.986266,logprobs,DekaLLM
11814,-41,49,0,0,0,0.075844,0.977913,logprobs,DekaLLM
11815,-41,51,0,0,0,0.075839,0.980687,logprobs,DekaLLM
11816,-41,53,0,0,0,0.029307,0.986668,logprobs,DekaLLM
11817,-41,55,0,0,0,0.047418,0.9895,logprobs,DekaLLM
11818,-41,57,0,0,0,0.04742,0.979371,logprobs,DekaLLM
11819,-41,59,0,0,0,0.047417,0.985792,logprobs,DekaLLM
11820,-41,61,0,0,0,0.07585,0.986031,logprobs,DekaLLM
11821,-41,63,0,0,0,0.04742,0.986049,logprobs,DekaLLM
11822,-41,65,0,0,0,0.119182,0.976819,logprobs,DekaLLM
11823,-41,67,0,0,0,0.119182,0.980567,logprobs,DekaLLM
11824,-41,69,0,0,0,0.075839,0.983551,logprobs,DekaLLM
11825,-41,71,0,0,0,0.377671,0.97974,logprobs,DekaLLM
11826,-41,73,0,0,0,0.075839,0.980126,logprobs,DekaLLM
11827,-41,75,0,0,0,0.075839,0.983387,logprobs,DekaLLM
11828,-41,77,0,0,0,0.075835,0.977902,logprobs,DekaLLM
11829,-41,79,0,0,0,0.119182,0.976994,logprobs,DekaLLM
11830,-41,81,0,0,0,0.26905,0.978088,logprobs,DekaLLM
11831,-41,83,0,0,0,0.268984,0.97685,logprobs,DekaLLM
11832,-41,85,0,0,0,0.119182,0.983074,logprobs,DekaLLM
11833,-41,87,0,0,0,0.182478,0.978719,logprobs,DekaLLM
11834,-41,89,0,0,0,0.18249,0.982497,logprobs,DekaLLM
11835,-41,91,0,0,0,0.029309,0.98856,logprobs,DekaLLM
11836,-41,93,0,0,0,0.047413,0.979734,logprobs,DekaLLM
11837,-41,95,0,0,0,0.075835,0.980068,logprobs,DekaLLM
11838,-41,97,0,0,0,0.075835,0.98415,logprobs,DekaLLM
11839,-41,99,0,0,0,0.182407,0.984313,logprobs,DekaLLM
11840,-41,101,0,0,0,0.075844,0.987371,logprobs,DekaLLM
11841,-41,103,0,0,0,0.182395,0.982766,logprobs,DekaLLM
11842,-41,105,0,0,0,0.182478,0.981756,logprobs,DekaLLM
11843,-41,107,0,0,0,0.18254,0.984057,logprobs,DekaLLM
11844,-41,109,0,0,0,0.182478,0.981543,logprobs,DekaLLM
11845,-41,111,0,0,0,0.182528,0.983006,logprobs,DekaLLM
11846,-41,113,0,0,0,0.075844,0.985707,logprobs,DekaLLM
11847,-41,115,0,0,0,0.268943,0.983678,logprobs,DekaLLM
11848,-41,117,0,0,0,0.182528,0.983901,logprobs,DekaLLM
11849,-41,119,0,0,0,0.182458,0.972968,logprobs,DekaLLM
11850,-41,121,0,0,0,0.268967,0.976164,logprobs,DekaLLM
11851,-41,123,0,0,0,0.119155,0.974486,logprobs,DekaLLM
11852,-41,125,0,0,0,0.182528,0.986793,logprobs,DekaLLM
11853,-41,127,0,0,0,0.119169,0.981118,logprobs,DekaLLM
11854,-41,129,0,0,0,0.268986,0.983325,logprobs,DekaLLM
11855,-41,131,0,0,1,0.500084,0.980781,logprobs,DekaLLM
11856,-41,133,0,0,1,0.500222,0.979848,logprobs,DekaLLM
11857,-41,135,0,0,0,0.182395,0.970458,logprobs,DekaLLM
11858,-41,137,0,0,0,0.377667,0.984548,logprobs,DekaLLM
11859,-41,139,0,0,0,0.269076,0.97918,logprobs,DekaLLM
11860,-41,141,0,0,1,0.500222,0.980565,logprobs,DekaLLM
11861,-41,143,0,0,1,0.500135,0.987025,logprobs,DekaLLM
11862,-41,145,1,1,1,0.500171,0.985523,logprobs,DekaLLM
11863,-41,147,1,1,1,0.500138,0.978823,logprobs,DekaLLM
11864,-41,149,0,0,1,0.622567,0.987162,logprobs,DekaLLM
11865,-41,151,0,0,1,0.500138,0.982788,logprobs,DekaLLM
11866,-41,153,0,0,0,0.26905,0.982187,logprobs,DekaLLM
11867,-41,155,0,0,0,0.119169,0.983871,logprobs,DekaLLM
11868,-41,157,0,0,0,0.029307,0.988438,logprobs,DekaLLM
11869,-41,159,0,0,0,0.047417,0.979829,logprobs,DekaLLM
11870,-41,161,0,0,0,0.119227,0.981431,logprobs,DekaLLM
11871,-41,163,0,0,0,0.377702,0.982852,logprobs,DekaLLM
11872,-41,165,0,0,0,0.182377,0.981399,logprobs,DekaLLM
11873,-41,167,0,0,0,0.26901,0.97835,logprobs,DekaLLM
11874,-41,169,0,0,0,0.377667,0.984236,logprobs,DekaLLM
11875,-41,171,0,0,1,0.500166,0.982342,logprobs,DekaLLM
11876,-41,173,1,1,1,0.500135,0.986587,logprobs,DekaLLM
11877,-41,175,1,1,0,0.377572,0.984571,logprobs,DekaLLM
11878,-41,177,0,0,0,0.182377,0.984293,logprobs,DekaLLM
11879,-41,179,0,0,0,0.075844,0.979817,logprobs,DekaLLM
11880,-43,-179,0,0,0,0.017984,0.98962,logprobs,DekaLLM
11881,-43,-177,0,0,0,0.029307,0.985591,logprobs,DekaLLM
11882,-43,-175,0,0,0,0.010985,0.989041,logprobs,DekaLLM
11883,-43,-173,0,0,0,0.017984,0.991652,logprobs,DekaLLM
11884,-43,-171,0,0,0,0.017983,0.986921,logprobs,DekaLLM
11885,-43,-169,0,0,0,0.010985,0.984423,logprobs,DekaLLM
11886,-43,-167,0,0,0,0.006692,0.990151,logprobs,DekaLLM
11887,-43,-165,0,0,0,0.006692,0.988804,logprobs,DekaLLM
11888,-43,-163,0,0,0,0.00407,0.990865,logprobs,DekaLLM
11889,-43,-161,0,0,0,0.006692,0.99078,logprobs,DekaLLM
11890,-43,-159,0,0,0,0.006692,0.989043,logprobs,DekaLLM
11891,-43,-157,0,0,0,0.00407,0.988658,logprobs,DekaLLM
11892,-43,-155,0,0,0,0.006692,0.992351,logprobs,DekaLLM
11893,-43,-153,0,0,0,0.006692,0.98707,logprobs,DekaLLM
11894,-43,-151,0,0,0,0.029309,0.985814,logprobs,DekaLLM
11895,-43,-149,0,0,0,0.017983,0.987812,logprobs,DekaLLM
11896,-43,-147,0,0,0,0.029307,0.988365,logprobs,DekaLLM
11897,-43,-145,0,0,0,0.010985,0.989846,logprobs,DekaLLM
11898,-43,-143,0,0,0,0.017983,0.981436,logprobs,DekaLLM
11899,-43,-141,0,0,0,0.075844,0.981883,logprobs,DekaLLM
11900,-43,-139,0,0,0,0.017983,0.984724,logprobs,DekaLLM
11901,-43,-137,0,0,0,0.006692,0.9928,logprobs,DekaLLM
11902,-43,-135,0,0,0,0.017983,0.988511,logprobs,DekaLLM
11903,-43,-133,0,0,0,0.010986,0.989134,logprobs,DekaLLM
11904,-43,-131,0,0,0,0.017983,0.984933,logprobs,DekaLLM
11905,-43,-129,0,0,0,0.010985,0.987648,logprobs,DekaLLM
11906,-43,-127,0,0,0,0.010985,0.990315,logprobs,DekaLLM
11907,-43,-125,0,0,0,0.010985,0.98485,logprobs,DekaLLM
11908,-43,-123,0,0,0,0.075835,0.974394,logprobs,DekaLLM
11909,-43,-121,0,0,0,0.119182,0.986832,logprobs,DekaLLM
11910,-43,-119,0,0,0,0.075835,0.979636,logprobs,DekaLLM
11911,-43,-117,0,0,0,0.377718,0.982202,logprobs,DekaLLM
11912,-43,-115,0,0,0,0.11924,0.987886,logprobs,DekaLLM
11913,-43,-113,0,0,0,0.26905,0.98524,logprobs,DekaLLM
11914,-43,-111,0,0,0,0.26901,0.982425,logprobs,DekaLLM
11915,-43,-109,0,0,0,0.182471,0.983242,logprobs,DekaLLM
11916,-43,-107,0,0,1,0.500138,0.984242,logprobs,DekaLLM
11917,-43,-105,0,0,1,0.500135,0.986392,logprobs,DekaLLM
11918,-43,-103,0,0,0,0.377671,0.983732,logprobs,DekaLLM
11919,-43,-101,0,0,0,0.269076,0.979086,logprobs,DekaLLM
11920,-43,-99,0,0,0,0.268875,0.975036,logprobs,DekaLLM
11921,-43,-97,0,0,0,0.269076,0.980161,logprobs,DekaLLM
11922,-43,-95,0,0,0,0.18249,0.986194,logprobs,DekaLLM
11923,-43,-93,0,0,0,0.047417,0.979241,logprobs,DekaLLM
11924,-43,-91,0,0,0,0.029304,0.986198,logprobs,DekaLLM
11925,-43,-89,0,0,0,0.18256,0.985872,logprobs,DekaLLM
11926,-43,-87,0,0,0,0.075839,0.982459,logprobs,DekaLLM
11927,-43,-85,0,0,0,0.047413,0.981186,logprobs,DekaLLM
11928,-43,-83,0,0,0,0.075844,0.981445,logprobs,DekaLLM
11929,-43,-81,0,0,0,0.119277,0.984285,logprobs,DekaLLM
11930,-43,-79,0,0,0,0.075826,0.974681,logprobs,DekaLLM
11931,-43,-77,0,0,0,0.075835,0.975832,logprobs,DekaLLM
11932,-43,-75,0,0,0,0.047417,0.984333,logprobs,DekaLLM
11933,-43,-73,0,0,0,0.119169,0.984247,logprobs,DekaLLM
11934,-43,-71,1,1,0,0.377619,0.982708,logprobs,DekaLLM
11935,-43,-69,1,1,0,0.075844,0.983106,logprobs,DekaLLM
11936,-43,-67,1,1,0,0.11924,0.98048,logprobs,DekaLLM
11937,-43,-65,1,1,0,0.182377,0.979695,logprobs,DekaLLM
11938,-43,-63,0,0,0,0.075835,0.980049,logprobs,DekaLLM
11939,-43,-61,0,0,0,0.047417,0.986565,logprobs,DekaLLM
11940,-43,-59,0,0,0,0.047418,0.98898,logprobs,DekaLLM
11941,-43,-57,0,0,0,0.119169,0.983602,logprobs,DekaLLM
11942,-43,-55,0,0,0,0.047413,0.981744,logprobs,DekaLLM
11943,-43,-53,0,0,0,0.075839,0.986139,logprobs,DekaLLM
11944,-43,-51,0,0,0,0.075839,0.983189,logprobs,DekaLLM
11945,-43,-49,0,0,0,0.047417,0.985905,logprobs,DekaLLM
11946,-43,-47,0,0,0,0.075839,0.982358,logprobs,DekaLLM
11947,-43,-45,0,0,0,0.010985,0.985386,logprobs,DekaLLM
11948,-43,-43,0,0,0,0.119168,0.979264,logprobs,DekaLLM
11949,-43,-41,0,0,0,0.119168,0.970404,logprobs,DekaLLM
11950,-43,-39,0,0,0,0.119169,0.974272,logprobs,DekaLLM
11951,-43,-37,0,0,0,0.017983,0.988283,logprobs,DekaLLM
11952,-43,-35,0,0,0,0.075844,0.977243,logprobs,DekaLLM
11953,-43,-33,0,0,0,0.075844,0.986803,logprobs,DekaLLM
11954,-43,-31,0,0,0,0.119182,0.981547,logprobs,DekaLLM
11955,-43,-29,0,0,0,0.075839,0.985884,logprobs,DekaLLM
11956,-43,-27,0,0,0,0.11924,0.986089,logprobs,DekaLLM
11957,-43,-25,0,0,0,0.182478,0.980108,logprobs,DekaLLM
11958,-43,-23,0,0,0,0.182458,0.98168,logprobs,DekaLLM
11959,-43,-21,0,0,0,0.182478,0.981793,logprobs,DekaLLM
11960,-43,-19,0,0,0,0.119169,0.982958,logprobs,DekaLLM
11961,-43,-17,0,0,0,0.182395,0.981841,logprobs,DekaLLM
11962,-43,-15,0,0,0,0.269076,0.981205,logprobs,DekaLLM
11963,-43,-13,0,0,0,0.182478,0.983606,logprobs,DekaLLM
11964,-43,-11,0,0,0,0.182478,0.979151,logprobs,DekaLLM
11965,-43,-9,0,0,0,0.11924,0.984443,logprobs,DekaLLM
11966,-43,-7,0,0,0,0.182478,0.981233,logprobs,DekaLLM
11967,-43,-5,0,0,0,0.182459,0.982215,logprobs,DekaLLM
11968,-43,-3,0,0,0,0.182478,0.98439,logprobs,DekaLLM
11969,-43,-1,0,0,0,0.268901,0.973133,logprobs,DekaLLM
11970,-43,1,0,0,0,0.047417,0.981615,logprobs,DekaLLM
11971,-43,3,0,0,0,0.182459,0.985773,logprobs,DekaLLM
11972,-43,5,0,0,0,0.182395,0.985613,logprobs,DekaLLM
11973,-43,7,0,0,0,0.182377,0.982417,logprobs,DekaLLM
11974,-43,9,0,0,0,0.182457,0.986715,logprobs,DekaLLM
11975,-43,11,0,0,0,0.182395,0.981936,logprobs,DekaLLM
11976,-43,13,0,0,0,0.269076,0.982728,logprobs,DekaLLM
11977,-43,15,0,0,0,0.269076,0.980701,logprobs,DekaLLM
11978,-43,17,0,0,0,0.269076,0.981216,logprobs,DekaLLM
11979,-43,19,0,0,0,0.119264,0.980354,logprobs,DekaLLM
11980,-43,21,0,0,0,0.269076,0.98133,logprobs,DekaLLM
11981,-43,23,0,0,0,0.26901,0.984219,logprobs,DekaLLM
11982,-43,25,0,0,0,0.11919,0.985442,logprobs,DekaLLM
11983,-43,27,0,0,0,0.182459,0.981372,logprobs,DekaLLM
11984,-43,29,0,0,0,0.18254,0.986368,logprobs,DekaLLM
11985,-43,31,0,0,0,0.182528,0.984221,logprobs,DekaLLM
11986,-43,33,0,0,0,0.182478,0.985566,logprobs,DekaLLM
11987,-43,35,0,0,0,0.119182,0.979861,logprobs,DekaLLM
11988,-43,37,0,0,0,0.268984,0.973577,logprobs,DekaLLM
11989,-43,39,0,0,0,0.182407,0.981703,logprobs,DekaLLM
11990,-43,41,0,0,0,0.26905,0.978549,logprobs,DekaLLM
11991,-43,43,0,0,0,0.182478,0.979192,logprobs,DekaLLM
11992,-43,45,0,0,0,0.119248,0.982382,logprobs,DekaLLM
11993,-43,47,0,0,0,0.075835,0.977015,logprobs,DekaLLM
11994,-43,49,0,0,0,0.119169,0.979095,logprobs,DekaLLM
11995,-43,51,0,0,0,0.047417,0.987287,logprobs,DekaLLM
11996,-43,53,0,0,0,0.075844,0.978887,logprobs,DekaLLM
11997,-43,55,0,0,0,0.047417,0.986222,logprobs,DekaLLM
11998,-43,57,0,0,0,0.029307,0.987295,logprobs,DekaLLM
11999,-43,59,0,0,0,0.047417,0.986366,logprobs,DekaLLM
12000,-43,61,0,0,0,0.029307,0.98765,logprobs,DekaLLM
12001,-43,63,0,0,0,0.075839,0.984729,logprobs,DekaLLM
12002,-43,65,0,0,0,0.075844,0.986203,logprobs,DekaLLM
12003,-43,67,0,0,0,0.119182,0.974907,logprobs,DekaLLM
12004,-43,69,0,0,0,0.075844,0.980166,logprobs,DekaLLM
12005,-43,71,0,0,0,0.182478,0.98034,logprobs,DekaLLM
12006,-43,73,0,0,0,0.119174,0.980873,logprobs,DekaLLM
12007,-43,75,0,0,0,0.075839,0.985614,logprobs,DekaLLM
12008,-43,77,0,0,0,0.047417,0.984871,logprobs,DekaLLM
12009,-43,79,0,0,0,0.075844,0.978265,logprobs,DekaLLM
12010,-43,81,0,0,0,0.119182,0.98682,logprobs,DekaLLM
12011,-43,83,0,0,0,0.182478,0.974537,logprobs,DekaLLM
12012,-43,85,0,0,0,0.119182,0.983505,logprobs,DekaLLM
12013,-43,87,0,0,0,0.182478,0.976345,logprobs,DekaLLM
12014,-43,89,0,0,0,0.182478,0.981023,logprobs,DekaLLM
12015,-43,91,0,0,0,0.075835,0.979748,logprobs,DekaLLM
12016,-43,93,0,0,0,0.075835,0.980005,logprobs,DekaLLM
12017,-43,95,0,0,0,0.047413,0.981616,logprobs,DekaLLM
12018,-43,97,0,0,0,0.075839,0.981861,logprobs,DekaLLM
12019,-43,99,0,0,0,0.119168,0.97397,logprobs,DekaLLM
12020,-43,101,0,0,0,0.182377,0.9847,logprobs,DekaLLM
12021,-43,103,0,0,0,0.269033,0.98676,logprobs,DekaLLM
12022,-43,105,0,0,0,0.269076,0.980189,logprobs,DekaLLM
12023,-43,107,0,0,0,0.377619,0.98199,logprobs,DekaLLM
12024,-43,109,0,0,0,0.18249,0.987089,logprobs,DekaLLM
12025,-43,111,0,0,0,0.269076,0.976949,logprobs,DekaLLM
12026,-43,113,0,0,0,0.075839,0.985125,logprobs,DekaLLM
12027,-43,115,0,0,0,0.182459,0.9849,logprobs,DekaLLM
12028,-43,117,0,0,0,0.119169,0.98582,logprobs,DekaLLM
12029,-43,119,0,0,0,0.119169,0.979862,logprobs,DekaLLM
12030,-43,121,0,0,0,0.269076,0.978061,logprobs,DekaLLM
12031,-43,123,0,0,0,0.075844,0.982564,logprobs,DekaLLM
12032,-43,125,0,0,0,0.119182,0.983559,logprobs,DekaLLM
12033,-43,127,0,0,0,0.047417,0.984171,logprobs,DekaLLM
12034,-43,129,0,0,0,0.119182,0.985863,logprobs,DekaLLM
12035,-43,131,0,0,0,0.377702,0.976591,logprobs,DekaLLM
12036,-43,133,0,0,1,0.622586,0.979511,logprobs,DekaLLM
12037,-43,135,0,0,0,0.11924,0.984351,logprobs,DekaLLM
12038,-43,137,0,0,0,0.377667,0.986289,logprobs,DekaLLM
12039,-43,139,0,0,0,0.182389,0.981738,logprobs,DekaLLM
12040,-43,141,0,0,1,0.622615,0.982003,logprobs,DekaLLM
12041,-43,143,0,0,1,0.500135,0.987164,logprobs,DekaLLM
12042,-43,145,0,0,1,0.500222,0.982901,logprobs,DekaLLM
12043,-43,147,1,1,1,0.500135,0.98234,logprobs,DekaLLM
12044,-43,149,0,0,1,0.500168,0.98128,logprobs,DekaLLM
12045,-43,151,0,0,1,0.500135,0.98444,logprobs,DekaLLM
12046,-43,153,0,0,0,0.26901,0.981879,logprobs,DekaLLM
12047,-43,155,0,0,0,0.182509,0.986577,logprobs,DekaLLM
12048,-43,157,0,0,0,0.182377,0.983476,logprobs,DekaLLM
12049,-43,159,0,0,0,0.119232,0.984818,logprobs,DekaLLM
12050,-43,161,0,0,0,0.269116,0.979853,logprobs,DekaLLM
12051,-43,163,0,0,0,0.377667,0.987913,logprobs,DekaLLM
12052,-43,165,0,0,0,0.269092,0.982667,logprobs,DekaLLM
12053,-43,167,0,0,0,0.268967,0.981798,logprobs,DekaLLM
12054,-43,169,0,0,0,0.377609,0.986177,logprobs,DekaLLM
12055,-43,171,1,1,1,0.622617,0.97871,logprobs,DekaLLM
12056,-43,173,1,1,1,0.500135,0.98505,logprobs,DekaLLM
12057,-43,175,0,0,0,0.182377,0.984441,logprobs,DekaLLM
12058,-43,177,0,0,0,0.047413,0.984106,logprobs,DekaLLM
12059,-43,179,0,0,0,0.047413,0.985644,logprobs,DekaLLM
12060,-45,-179,0,0,0,0.029306,0.985904,logprobs,DekaLLM
12061,-45,-177,0,0,0,0.010985,0.988517,logprobs,DekaLLM
12062,-45,-175,0,0,0,0.010985,0.987673,logprobs,DekaLLM
12063,-45,-173,0,0,0,0.006692,0.989969,logprobs,DekaLLM
12064,-45,-171,0,0,0,0.010986,0.99114,logprobs,DekaLLM
12065,-45,-169,0,0,0,0.002472,0.993541,logprobs,DekaLLM
12066,-45,-167,0,0,0,0.002472,0.994048,logprobs,DekaLLM
12067,-45,-165,0,0,0,0.002472,0.991067,logprobs,DekaLLM
12068,-45,-163,0,0,0,0.002472,0.992043,logprobs,DekaLLM
12069,-45,-161,0,0,0,0.004069,0.988323,logprobs,DekaLLM
12070,-45,-159,0,0,0,0.00407,0.991574,logprobs,DekaLLM
12071,-45,-157,0,0,0,0.002472,0.991625,logprobs,DekaLLM
12072,-45,-155,0,0,0,0.006692,0.989667,logprobs,DekaLLM
12073,-45,-153,0,0,0,0.006692,0.983761,logprobs,DekaLLM
12074,-45,-151,0,0,0,0.006692,0.988559,logprobs,DekaLLM
12075,-45,-149,0,0,0,0.010985,0.984614,logprobs,DekaLLM
12076,-45,-147,0,0,0,0.010985,0.984092,logprobs,DekaLLM
12077,-45,-145,0,0,0,0.010985,0.986998,logprobs,DekaLLM
12078,-45,-143,0,0,0,0.006692,0.989201,logprobs,DekaLLM
12079,-45,-141,0,0,0,0.029307,0.98136,logprobs,DekaLLM
12080,-45,-139,0,0,0,0.017983,0.987991,logprobs,DekaLLM
12081,-45,-137,0,0,0,0.006692,0.991522,logprobs,DekaLLM
12082,-45,-135,0,0,0,0.029307,0.988403,logprobs,DekaLLM
12083,-45,-133,0,0,0,0.017983,0.990326,logprobs,DekaLLM
12084,-45,-131,0,0,0,0.017983,0.985873,logprobs,DekaLLM
12085,-45,-129,0,0,0,0.006692,0.984141,logprobs,DekaLLM
12086,-45,-127,0,0,0,0.010985,0.984486,logprobs,DekaLLM
12087,-45,-125,0,0,0,0.010985,0.99038,logprobs,DekaLLM
12088,-45,-123,0,0,0,0.047413,0.982832,logprobs,DekaLLM
12089,-45,-121,0,0,0,0.075835,0.984134,logprobs,DekaLLM
12090,-45,-119,0,0,0,0.075835,0.98086,logprobs,DekaLLM
12091,-45,-117,0,0,0,0.182459,0.981897,logprobs,DekaLLM
12092,-45,-115,0,0,0,0.18249,0.984293,logprobs,DekaLLM
12093,-45,-113,0,0,0,0.269076,0.983375,logprobs,DekaLLM
12094,-45,-111,0,0,0,0.269076,0.983131,logprobs,DekaLLM
12095,-45,-109,0,0,0,0.182509,0.987016,logprobs,DekaLLM
12096,-45,-107,0,0,0,0.377619,0.986481,logprobs,DekaLLM
12097,-45,-105,0,0,0,0.377671,0.986705,logprobs,DekaLLM
12098,-45,-103,0,0,0,0.377638,0.98463,logprobs,DekaLLM
12099,-45,-101,0,0,0,0.119232,0.987451,logprobs,DekaLLM
12100,-45,-99,0,0,0,0.182459,0.982302,logprobs,DekaLLM
12101,-45,-97,0,0,0,0.182459,0.983514,logprobs,DekaLLM
12102,-45,-95,0,0,0,0.11924,0.98451,logprobs,DekaLLM
12103,-45,-93,0,0,0,0.075839,0.987673,logprobs,DekaLLM
12104,-45,-91,0,0,0,0.029307,0.990085,logprobs,DekaLLM
12105,-45,-89,0,0,0,0.075844,0.986754,logprobs,DekaLLM
12106,-45,-87,0,0,0,0.119174,0.986579,logprobs,DekaLLM
12107,-45,-85,0,0,0,0.119227,0.98312,logprobs,DekaLLM
12108,-45,-83,0,0,0,0.119174,0.985125,logprobs,DekaLLM
12109,-45,-81,0,0,0,0.182531,0.981601,logprobs,DekaLLM
12110,-45,-79,0,0,0,0.075839,0.986947,logprobs,DekaLLM
12111,-45,-77,0,0,0,0.075839,0.987335,logprobs,DekaLLM
12112,-45,-75,0,0,0,0.075877,0.988162,logprobs,DekaLLM
12113,-45,-73,1,1,0,0.075835,0.977402,logprobs,DekaLLM
12114,-45,-71,1,1,0,0.26896,0.987354,logprobs,DekaLLM
12115,-45,-69,1,1,0,0.119182,0.982748,logprobs,DekaLLM
12116,-45,-67,1,1,0,0.075839,0.985293,logprobs,DekaLLM
12117,-45,-65,0,0,0,0.047413,0.987698,logprobs,DekaLLM
12118,-45,-63,0,0,0,0.182478,0.984734,logprobs,DekaLLM
12119,-45,-61,0,0,0,0.075839,0.986802,logprobs,DekaLLM
12120,-45,-59,0,0,0,0.119169,0.985231,logprobs,DekaLLM
12121,-45,-57,0,0,0,0.075844,0.98881,logprobs,DekaLLM
12122,-45,-55,0,0,0,0.029307,0.985257,logprobs,DekaLLM
12123,-45,-53,0,0,0,0.075839,0.986325,logprobs,DekaLLM
12124,-45,-51,0,0,0,0.075835,0.980619,logprobs,DekaLLM
12125,-45,-49,0,0,0,0.029307,0.98908,logprobs,DekaLLM
12126,-45,-47,0,0,0,0.075839,0.985858,logprobs,DekaLLM
12127,-45,-45,0,0,0,0.075844,0.978533,logprobs,DekaLLM
12128,-45,-43,0,0,0,0.119182,0.97946,logprobs,DekaLLM
12129,-45,-41,0,0,0,0.119155,0.978031,logprobs,DekaLLM
12130,-45,-39,0,0,0,0.11924,0.986311,logprobs,DekaLLM
12131,-45,-37,0,0,0,0.075839,0.983803,logprobs,DekaLLM
12132,-45,-35,0,0,0,0.119182,0.985475,logprobs,DekaLLM
12133,-45,-33,0,0,0,0.075839,0.98076,logprobs,DekaLLM
12134,-45,-31,0,0,0,0.11924,0.9821,logprobs,DekaLLM
12135,-45,-29,0,0,0,0.119227,0.984275,logprobs,DekaLLM
12136,-45,-27,0,0,0,0.182478,0.984535,logprobs,DekaLLM
12137,-45,-25,0,0,0,0.119169,0.978062,logprobs,DekaLLM
12138,-45,-23,0,0,0,0.182395,0.981972,logprobs,DekaLLM
12139,-45,-21,0,0,0,0.119182,0.982782,logprobs,DekaLLM
12140,-45,-19,0,0,0,0.182395,0.985368,logprobs,DekaLLM
12141,-45,-17,0,0,0,0.269076,0.981761,logprobs,DekaLLM
12142,-45,-15,0,0,0,0.119227,0.985378,logprobs,DekaLLM
12143,-45,-13,0,0,0,0.182531,0.979746,logprobs,DekaLLM
12144,-45,-11,0,0,0,0.119182,0.980841,logprobs,DekaLLM
12145,-45,-9,0,0,0,0.182478,0.981886,logprobs,DekaLLM
12146,-45,-7,0,0,0,0.182594,0.976887,logprobs,DekaLLM
12147,-45,-5,0,0,0,0.182395,0.97824,logprobs,DekaLLM
12148,-45,-3,0,0,0,0.182478,0.976064,logprobs,DekaLLM
12149,-45,-1,0,0,0,0.182478,0.984559,logprobs,DekaLLM
12150,-45,1,0,0,0,0.075844,0.985898,logprobs,DekaLLM
12151,-45,3,0,0,0,0.11924,0.984065,logprobs,DekaLLM
12152,-45,5,0,0,0,0.119155,0.974213,logprobs,DekaLLM
12153,-45,7,0,0,0,0.182395,0.975688,logprobs,DekaLLM
12154,-45,9,0,0,0,0.182478,0.984478,logprobs,DekaLLM
12155,-45,11,0,0,0,0.119182,0.981289,logprobs,DekaLLM
12156,-45,13,0,0,0,0.268901,0.977238,logprobs,DekaLLM
12157,-45,15,0,0,0,0.268984,0.980599,logprobs,DekaLLM
12158,-45,17,0,0,0,0.269076,0.980853,logprobs,DekaLLM
12159,-45,19,0,0,0,0.269076,0.97597,logprobs,DekaLLM
12160,-45,21,0,0,0,0.182478,0.982714,logprobs,DekaLLM
12161,-45,23,0,0,0,0.26901,0.974297,logprobs,DekaLLM
12162,-45,25,0,0,0,0.119182,0.983333,logprobs,DekaLLM
12163,-45,27,0,0,0,0.377592,0.9779,logprobs,DekaLLM
12164,-45,29,0,0,0,0.182528,0.986807,logprobs,DekaLLM
12165,-45,31,0,0,0,0.182478,0.981737,logprobs,DekaLLM
12166,-45,33,0,0,0,0.11924,0.985582,logprobs,DekaLLM
12167,-45,35,0,0,0,0.268984,0.980588,logprobs,DekaLLM
12168,-45,37,0,0,0,0.18249,0.983509,logprobs,DekaLLM
12169,-45,39,0,0,0,0.377623,0.976896,logprobs,DekaLLM
12170,-45,41,0,0,0,0.268967,0.975816,logprobs,DekaLLM
12171,-45,43,0,0,0,0.268984,0.975163,logprobs,DekaLLM
12172,-45,45,0,0,0,0.182531,0.979194,logprobs,DekaLLM
12173,-45,47,0,0,0,0.119182,0.98169,logprobs,DekaLLM
12174,-45,49,0,0,0,0.075844,0.981359,logprobs,DekaLLM
12175,-45,51,0,0,0,0.119182,0.981292,logprobs,DekaLLM
12176,-45,53,0,0,0,0.119174,0.985395,logprobs,DekaLLM
12177,-45,55,0,0,0,0.11924,0.982429,logprobs,DekaLLM
12178,-45,57,0,0,0,0.075844,0.973179,logprobs,DekaLLM
12179,-45,59,0,0,0,0.119174,0.983896,logprobs,DekaLLM
12180,-45,61,0,0,0,0.119182,0.983322,logprobs,DekaLLM
12181,-45,63,0,0,0,0.11924,0.981546,logprobs,DekaLLM
12182,-45,65,0,0,0,0.119174,0.983142,logprobs,DekaLLM
12183,-45,67,0,0,0,0.11924,0.985181,logprobs,DekaLLM
12184,-45,69,0,0,0,0.047413,0.982441,logprobs,DekaLLM
12185,-45,71,0,0,0,0.047411,0.970287,logprobs,DekaLLM
12186,-45,73,0,0,0,0.075844,0.970306,logprobs,DekaLLM
12187,-45,75,0,0,0,0.075844,0.980222,logprobs,DekaLLM
12188,-45,77,0,0,0,0.07585,0.980879,logprobs,DekaLLM
12189,-45,79,0,0,0,0.075839,0.98087,logprobs,DekaLLM
12190,-45,81,0,0,0,0.11919,0.983311,logprobs,DekaLLM
12191,-45,83,0,0,0,0.119182,0.982055,logprobs,DekaLLM
12192,-45,85,0,0,0,0.119155,0.978056,logprobs,DekaLLM
12193,-45,87,0,0,0,0.075844,0.974502,logprobs,DekaLLM
12194,-45,89,0,0,0,0.075839,0.983182,logprobs,DekaLLM
12195,-45,91,0,0,0,0.075844,0.981765,logprobs,DekaLLM
12196,-45,93,0,0,0,0.075844,0.972397,logprobs,DekaLLM
12197,-45,95,0,0,0,0.119182,0.978779,logprobs,DekaLLM
12198,-45,97,0,0,0,0.075839,0.980703,logprobs,DekaLLM
12199,-45,99,0,0,0,0.04742,0.980373,logprobs,DekaLLM
12200,-45,101,0,0,0,0.119169,0.969814,logprobs,DekaLLM
12201,-45,103,0,0,0,0.182478,0.983734,logprobs,DekaLLM
12202,-45,105,0,0,0,0.119182,0.980066,logprobs,DekaLLM
12203,-45,107,0,0,0,0.119182,0.979162,logprobs,DekaLLM
12204,-45,109,0,0,0,0.182478,0.981995,logprobs,DekaLLM
12205,-45,111,0,0,0,0.11924,0.982966,logprobs,DekaLLM
12206,-45,113,0,0,0,0.119182,0.983516,logprobs,DekaLLM
12207,-45,115,0,0,0,0.075844,0.989399,logprobs,DekaLLM
12208,-45,117,0,0,0,0.119182,0.981754,logprobs,DekaLLM
12209,-45,119,0,0,0,0.182377,0.980452,logprobs,DekaLLM
12210,-45,121,0,0,0,0.119182,0.981909,logprobs,DekaLLM
12211,-45,123,0,0,0,0.075839,0.981755,logprobs,DekaLLM
12212,-45,125,0,0,0,0.047413,0.983094,logprobs,DekaLLM
12213,-45,127,0,0,0,0.075844,0.977316,logprobs,DekaLLM
12214,-45,129,0,0,0,0.047413,0.983266,logprobs,DekaLLM
12215,-45,131,0,0,0,0.182395,0.983117,logprobs,DekaLLM
12216,-45,133,0,0,0,0.182459,0.984602,logprobs,DekaLLM
12217,-45,135,0,0,0,0.182478,0.985177,logprobs,DekaLLM
12218,-45,137,0,0,0,0.047418,0.985391,logprobs,DekaLLM
12219,-45,139,0,0,0,0.182426,0.981359,logprobs,DekaLLM
12220,-45,141,0,0,1,0.500171,0.984126,logprobs,DekaLLM
12221,-45,143,0,0,0,0.269147,0.984378,logprobs,DekaLLM
12222,-45,145,0,0,0,0.269023,0.991025,logprobs,DekaLLM
12223,-45,147,0,0,0,0.18249,0.985228,logprobs,DekaLLM
12224,-45,149,0,0,0,0.377638,0.986476,logprobs,DekaLLM
12225,-45,151,0,0,0,0.377619,0.985668,logprobs,DekaLLM
12226,-45,153,0,0,0,0.268901,0.980206,logprobs,DekaLLM
12227,-45,155,0,0,0,0.119182,0.985319,logprobs,DekaLLM
12228,-45,157,0,0,0,0.029307,0.986461,logprobs,DekaLLM
12229,-45,159,0,0,0,0.029307,0.986403,logprobs,DekaLLM
12230,-45,161,0,0,0,0.119169,0.981142,logprobs,DekaLLM
12231,-45,163,0,0,0,0.075835,0.983661,logprobs,DekaLLM
12232,-45,165,0,0,0,0.029307,0.984691,logprobs,DekaLLM
12233,-45,167,0,0,0,0.075839,0.983828,logprobs,DekaLLM
12234,-45,169,1,1,0,0.182377,0.985634,logprobs,DekaLLM
12235,-45,171,1,1,0,0.377667,0.988201,logprobs,DekaLLM
12236,-45,173,0,0,0,0.182434,0.989397,logprobs,DekaLLM
12237,-45,175,0,0,0,0.029307,0.988309,logprobs,DekaLLM
12238,-45,177,0,0,0,0.029307,0.988627,logprobs,DekaLLM
12239,-45,179,0,0,0,0.075844,0.981072,logprobs,DekaLLM
12240,-47,-179,0,0,0,0.017983,0.986339,logprobs,DekaLLM
12241,-47,-177,0,0,0,0.006692,0.99015,logprobs,DekaLLM
12242,-47,-175,0,0,0,0.010985,0.981843,logprobs,DekaLLM
12243,-47,-173,0,0,0,0.006692,0.985733,logprobs,DekaLLM
12244,-47,-171,0,0,0,0.010985,0.985405,logprobs,DekaLLM
12245,-47,-169,0,0,0,0.00407,0.991469,logprobs,DekaLLM
12246,-47,-167,0,0,0,0.004069,0.98695,logprobs,DekaLLM
12247,-47,-165,0,0,0,0.00407,0.98516,logprobs,DekaLLM
12248,-47,-163,0,0,0,0.006692,0.982621,logprobs,DekaLLM
12249,-47,-161,0,0,0,0.004069,0.985398,logprobs,DekaLLM
12250,-47,-159,0,0,0,0.002472,0.988844,logprobs,DekaLLM
12251,-47,-157,0,0,0,0.010985,0.986914,logprobs,DekaLLM
12252,-47,-155,0,0,0,0.010985,0.985781,logprobs,DekaLLM
12253,-47,-153,0,0,0,0.006692,0.986652,logprobs,DekaLLM
12254,-47,-151,0,0,0,0.006692,0.98598,logprobs,DekaLLM
12255,-47,-149,0,0,0,0.029303,0.978522,logprobs,DekaLLM
12256,-47,-147,0,0,0,0.029304,0.980698,logprobs,DekaLLM
12257,-47,-145,0,0,0,0.006692,0.989228,logprobs,DekaLLM
12258,-47,-143,0,0,0,0.029304,0.986071,logprobs,DekaLLM
12259,-47,-141,0,0,0,0.010985,0.983509,logprobs,DekaLLM
12260,-47,-139,0,0,0,0.029303,0.980315,logprobs,DekaLLM
12261,-47,-137,0,0,0,0.017983,0.988153,logprobs,DekaLLM
12262,-47,-135,0,0,0,0.017983,0.988087,logprobs,DekaLLM
12263,-47,-133,0,0,0,0.017983,0.988007,logprobs,DekaLLM
12264,-47,-131,0,0,0,0.017983,0.987192,logprobs,DekaLLM
12265,-47,-129,0,0,0,0.010985,0.982963,logprobs,DekaLLM
12266,-47,-127,0,0,0,0.010985,0.985202,logprobs,DekaLLM
12267,-47,-125,0,0,0,0.017983,0.986962,logprobs,DekaLLM
12268,-47,-123,0,0,0,0.047411,0.980591,logprobs,DekaLLM
12269,-47,-121,0,0,0,0.119169,0.980909,logprobs,DekaLLM
12270,-47,-119,0,0,0,0.182458,0.972081,logprobs,DekaLLM
12271,-47,-117,0,0,0,0.377689,0.980034,logprobs,DekaLLM
12272,-47,-115,0,0,1,0.500135,0.980046,logprobs,DekaLLM
12273,-47,-113,0,0,0,0.377619,0.983259,logprobs,DekaLLM
12274,-47,-111,0,0,0,0.377671,0.978355,logprobs,DekaLLM
12275,-47,-109,0,0,0,0.182614,0.981656,logprobs,DekaLLM
12276,-47,-107,0,0,0,0.182459,0.981981,logprobs,DekaLLM
12277,-47,-105,0,0,0,0.377638,0.984928,logprobs,DekaLLM
12278,-47,-103,0,0,0,0.377638,0.984553,logprobs,DekaLLM
12279,-47,-101,0,0,0,0.269073,0.981827,logprobs,DekaLLM
12280,-47,-99,0,0,0,0.182459,0.981514,logprobs,DekaLLM
12281,-47,-97,0,0,0,0.18249,0.982883,logprobs,DekaLLM
12282,-47,-95,0,0,0,0.182478,0.979449,logprobs,DekaLLM
12283,-47,-93,0,0,0,0.182478,0.980052,logprobs,DekaLLM
12284,-47,-91,0,0,0,0.029307,0.988594,logprobs,DekaLLM
12285,-47,-89,0,0,0,0.119227,0.989287,logprobs,DekaLLM
12286,-47,-87,0,0,0,0.182377,0.980438,logprobs,DekaLLM
12287,-47,-85,0,0,0,0.119227,0.981348,logprobs,DekaLLM
12288,-47,-83,0,0,0,0.119177,0.985689,logprobs,DekaLLM
12289,-47,-81,0,0,0,0.26901,0.973246,logprobs,DekaLLM
12290,-47,-79,0,0,0,0.075826,0.976926,logprobs,DekaLLM
12291,-47,-77,0,0,0,0.182445,0.982784,logprobs,DekaLLM
12292,-47,-75,0,0,0,0.119169,0.983831,logprobs,DekaLLM
12293,-47,-73,1,1,0,0.075839,0.986026,logprobs,DekaLLM
12294,-47,-71,1,1,0,0.18254,0.980416,logprobs,DekaLLM
12295,-47,-69,1,1,0,0.182357,0.980099,logprobs,DekaLLM
12296,-47,-67,1,1,0,0.075839,0.984221,logprobs,DekaLLM
12297,-47,-65,0,0,0,0.182478,0.980761,logprobs,DekaLLM
12298,-47,-63,0,0,0,0.11924,0.983272,logprobs,DekaLLM
12299,-47,-61,0,0,0,0.075839,0.982022,logprobs,DekaLLM
12300,-47,-59,0,0,0,0.119182,0.989247,logprobs,DekaLLM
12301,-47,-57,0,0,0,0.119169,0.973414,logprobs,DekaLLM
12302,-47,-55,0,0,0,0.119174,0.984289,logprobs,DekaLLM
12303,-47,-53,0,0,0,0.047417,0.983735,logprobs,DekaLLM
12304,-47,-51,0,0,0,0.11924,0.985834,logprobs,DekaLLM
12305,-47,-49,0,0,0,0.075839,0.986087,logprobs,DekaLLM
12306,-47,-47,0,0,0,0.182478,0.982138,logprobs,DekaLLM
12307,-47,-45,0,0,0,0.119155,0.973736,logprobs,DekaLLM
12308,-47,-43,0,0,0,0.119168,0.971253,logprobs,DekaLLM
12309,-47,-41,0,0,0,0.182478,0.979628,logprobs,DekaLLM
12310,-47,-39,0,0,0,0.119169,0.982523,logprobs,DekaLLM
12311,-47,-37,0,0,0,0.182377,0.980647,logprobs,DekaLLM
12312,-47,-35,0,0,0,0.119169,0.97876,logprobs,DekaLLM
12313,-47,-33,0,0,0,0.182528,0.983983,logprobs,DekaLLM
12314,-47,-31,0,0,0,0.11924,0.982154,logprobs,DekaLLM
12315,-47,-29,0,0,0,0.268967,0.985496,logprobs,DekaLLM
12316,-47,-27,0,0,0,0.268967,0.981103,logprobs,DekaLLM
12317,-47,-25,0,0,0,0.377619,0.982531,logprobs,DekaLLM
12318,-47,-23,0,0,1,0.500189,0.980268,logprobs,DekaLLM
12319,-47,-21,0,0,0,0.269116,0.97646,logprobs,DekaLLM
12320,-47,-19,0,0,0,0.377698,0.978533,logprobs,DekaLLM
12321,-47,-17,0,0,0,0.119182,0.979593,logprobs,DekaLLM
12322,-47,-15,0,0,0,0.182457,0.984392,logprobs,DekaLLM
12323,-47,-13,0,0,0,0.377619,0.982696,logprobs,DekaLLM
12324,-47,-11,0,0,0,0.269068,0.984725,logprobs,DekaLLM
12325,-47,-9,0,0,0,0.269076,0.981546,logprobs,DekaLLM
12326,-47,-7,0,0,0,0.268941,0.97866,logprobs,DekaLLM
12327,-47,-5,0,0,0,0.269076,0.983082,logprobs,DekaLLM
12328,-47,-3,0,0,0,0.182478,0.985117,logprobs,DekaLLM
12329,-47,-1,0,0,0,0.119182,0.981519,logprobs,DekaLLM
12330,-47,1,0,0,0,0.119182,0.981732,logprobs,DekaLLM
12331,-47,3,0,0,0,0.182459,0.98382,logprobs,DekaLLM
12332,-47,5,0,0,0,0.182531,0.982797,logprobs,DekaLLM
12333,-47,7,0,0,0,0.268967,0.981851,logprobs,DekaLLM
12334,-47,9,0,0,0,0.26901,0.974776,logprobs,DekaLLM
12335,-47,11,0,0,0,0.377671,0.979161,logprobs,DekaLLM
12336,-47,13,0,0,0,0.268967,0.983581,logprobs,DekaLLM
12337,-47,15,0,0,0,0.269076,0.983934,logprobs,DekaLLM
12338,-47,17,0,0,0,0.377623,0.977825,logprobs,DekaLLM
12339,-47,19,0,0,0,0.377572,0.97754,logprobs,DekaLLM
12340,-47,21,0,0,0,0.268967,0.976094,logprobs,DekaLLM
12341,-47,23,0,0,0,0.377623,0.977485,logprobs,DekaLLM
12342,-47,25,0,0,0,0.182377,0.972586,logprobs,DekaLLM
12343,-47,27,0,0,0,0.377623,0.980918,logprobs,DekaLLM
12344,-47,29,0,0,0,0.26901,0.977215,logprobs,DekaLLM
12345,-47,31,0,0,0,0.268984,0.973853,logprobs,DekaLLM
12346,-47,33,0,0,0,0.269055,0.973901,logprobs,DekaLLM
12347,-47,35,0,0,0,0.26901,0.976978,logprobs,DekaLLM
12348,-47,37,0,0,0,0.377619,0.978768,logprobs,DekaLLM
12349,-47,39,0,0,0,0.377623,0.978327,logprobs,DekaLLM
12350,-47,41,0,0,0,0.182478,0.980869,logprobs,DekaLLM
12351,-47,43,0,0,0,0.182459,0.982548,logprobs,DekaLLM
12352,-47,45,0,0,0,0.268984,0.975029,logprobs,DekaLLM
12353,-47,47,0,0,0,0.182478,0.978186,logprobs,DekaLLM
12354,-47,49,0,0,0,0.182478,0.979059,logprobs,DekaLLM
12355,-47,51,0,0,0,0.119174,0.979651,logprobs,DekaLLM
12356,-47,53,0,0,0,0.182445,0.981618,logprobs,DekaLLM
12357,-47,55,0,0,0,0.119169,0.986143,logprobs,DekaLLM
12358,-47,57,0,0,0,0.075839,0.97886,logprobs,DekaLLM
12359,-47,59,0,0,0,0.119174,0.981985,logprobs,DekaLLM
12360,-47,61,0,0,0,0.075844,0.988117,logprobs,DekaLLM
12361,-47,63,0,0,0,0.11924,0.981478,logprobs,DekaLLM
12362,-47,65,0,0,0,0.182445,0.983044,logprobs,DekaLLM
12363,-47,67,0,0,0,0.11924,0.981961,logprobs,DekaLLM
12364,-47,69,0,0,0,0.075844,0.981048,logprobs,DekaLLM
12365,-47,71,0,0,0,0.11924,0.983221,logprobs,DekaLLM
12366,-47,73,0,0,0,0.04742,0.980026,logprobs,DekaLLM
12367,-47,75,0,0,0,0.119232,0.985888,logprobs,DekaLLM
12368,-47,77,0,0,0,0.119169,0.98038,logprobs,DekaLLM
12369,-47,79,0,0,0,0.119169,0.976268,logprobs,DekaLLM
12370,-47,81,0,0,0,0.11924,0.98141,logprobs,DekaLLM
12371,-47,83,0,0,0,0.119155,0.973506,logprobs,DekaLLM
12372,-47,85,0,0,0,0.11924,0.983466,logprobs,DekaLLM
12373,-47,87,0,0,0,0.11924,0.981559,logprobs,DekaLLM
12374,-47,89,0,0,0,0.119174,0.982105,logprobs,DekaLLM
12375,-47,91,0,0,0,0.119182,0.978647,logprobs,DekaLLM
12376,-47,93,0,0,0,0.11924,0.983442,logprobs,DekaLLM
12377,-47,95,0,0,0,0.075835,0.980929,logprobs,DekaLLM
12378,-47,97,0,0,0,0.119169,0.981883,logprobs,DekaLLM
12379,-47,99,0,0,0,0.182459,0.984231,logprobs,DekaLLM
12380,-47,101,0,0,0,0.26905,0.985048,logprobs,DekaLLM
12381,-47,103,0,0,0,0.26901,0.975857,logprobs,DekaLLM
12382,-47,105,0,0,0,0.269147,0.978078,logprobs,DekaLLM
12383,-47,107,0,0,0,0.26905,0.97596,logprobs,DekaLLM
12384,-47,109,0,0,0,0.182459,0.977278,logprobs,DekaLLM
12385,-47,111,0,0,0,0.377749,0.980723,logprobs,DekaLLM
12386,-47,113,0,0,0,0.182478,0.981456,logprobs,DekaLLM
12387,-47,115,0,0,0,0.119182,0.975829,logprobs,DekaLLM
12388,-47,117,0,0,0,0.182521,0.982899,logprobs,DekaLLM
12389,-47,119,0,0,0,0.182459,0.975918,logprobs,DekaLLM
12390,-47,121,0,0,0,0.119169,0.980854,logprobs,DekaLLM
12391,-47,123,0,0,0,0.075844,0.984187,logprobs,DekaLLM
12392,-47,125,0,0,0,0.11924,0.982112,logprobs,DekaLLM
12393,-47,127,0,0,0,0.119169,0.978716,logprobs,DekaLLM
12394,-47,129,0,0,0,0.182377,0.981396,logprobs,DekaLLM
12395,-47,131,0,0,0,0.182509,0.983378,logprobs,DekaLLM
12396,-47,133,0,0,0,0.182478,0.983351,logprobs,DekaLLM
12397,-47,135,0,0,0,0.11924,0.979045,logprobs,DekaLLM
12398,-47,137,0,0,0,0.182459,0.978051,logprobs,DekaLLM
12399,-47,139,0,0,0,0.11924,0.983792,logprobs,DekaLLM
12400,-47,141,0,0,0,0.182478,0.977051,logprobs,DekaLLM
12401,-47,143,0,0,0,0.119155,0.980999,logprobs,DekaLLM
12402,-47,145,0,0,0,0.075839,0.981335,logprobs,DekaLLM
12403,-47,147,0,0,0,0.119182,0.986157,logprobs,DekaLLM
12404,-47,149,0,0,0,0.182459,0.986456,logprobs,DekaLLM
12405,-47,151,0,0,0,0.269076,0.978735,logprobs,DekaLLM
12406,-47,153,0,0,0,0.119182,0.983197,logprobs,DekaLLM
12407,-47,155,0,0,0,0.119182,0.979451,logprobs,DekaLLM
12408,-47,157,0,0,0,0.029307,0.983849,logprobs,DekaLLM
12409,-47,159,0,0,0,0.047413,0.980886,logprobs,DekaLLM
12410,-47,161,0,0,0,0.047417,0.982119,logprobs,DekaLLM
12411,-47,163,0,0,0,0.029307,0.985741,logprobs,DekaLLM
12412,-47,165,0,0,0,0.010986,0.988062,logprobs,DekaLLM
12413,-47,167,0,0,0,0.029304,0.983467,logprobs,DekaLLM
12414,-47,169,0,0,0,0.029309,0.986229,logprobs,DekaLLM
12415,-47,171,0,0,0,0.075839,0.980917,logprobs,DekaLLM
12416,-47,173,0,0,0,0.047413,0.981056,logprobs,DekaLLM
12417,-47,175,0,0,0,0.017984,0.986544,logprobs,DekaLLM
12418,-47,177,0,0,0,0.029307,0.986376,logprobs,DekaLLM
12419,-47,179,0,0,0,0.047417,0.987336,logprobs,DekaLLM
12420,-49,-179,0,0,0,0.00407,0.991439,logprobs,DekaLLM
12421,-49,-177,0,0,0,0.010986,0.985959,logprobs,DekaLLM
12422,-49,-175,0,0,0,0.002472,0.99352,logprobs,DekaLLM
12423,-49,-173,0,0,0,0.00407,0.991797,logprobs,DekaLLM
12424,-49,-171,0,0,0,0.00407,0.98767,logprobs,DekaLLM
12425,-49,-169,0,0,0,0.002472,0.990984,logprobs,DekaLLM
12426,-49,-167,0,0,0,0.002472,0.989199,logprobs,DekaLLM
12427,-49,-165,0,0,0,0.001501,0.991485,logprobs,DekaLLM
12428,-49,-163,0,0,0,0.00407,0.987841,logprobs,DekaLLM
12429,-49,-161,0,0,0,0.002472,0.990396,logprobs,DekaLLM
12430,-49,-159,0,0,0,0.006692,0.987634,logprobs,DekaLLM
12431,-49,-157,0,0,0,0.006692,0.984164,logprobs,DekaLLM
12432,-49,-155,0,0,0,0.002472,0.990103,logprobs,DekaLLM
12433,-49,-153,0,0,0,0.006692,0.987333,logprobs,DekaLLM
12434,-49,-151,0,0,0,0.006692,0.986205,logprobs,DekaLLM
12435,-49,-149,0,0,0,0.006692,0.992737,logprobs,DekaLLM
12436,-49,-147,0,0,0,0.010985,0.977489,logprobs,DekaLLM
12437,-49,-145,0,0,0,0.006692,0.98976,logprobs,DekaLLM
12438,-49,-143,0,0,0,0.010984,0.987426,logprobs,DekaLLM
12439,-49,-141,0,0,0,0.010985,0.986629,logprobs,DekaLLM
12440,-49,-139,0,0,0,0.017981,0.984754,logprobs,DekaLLM
12441,-49,-137,0,0,0,0.010985,0.990355,logprobs,DekaLLM
12442,-49,-135,0,0,0,0.017983,0.986914,logprobs,DekaLLM
12443,-49,-133,0,0,0,0.006692,0.990479,logprobs,DekaLLM
12444,-49,-131,0,0,0,0.010985,0.988245,logprobs,DekaLLM
12445,-49,-129,0,0,0,0.004069,0.98513,logprobs,DekaLLM
12446,-49,-127,0,0,0,0.006692,0.990054,logprobs,DekaLLM
12447,-49,-125,0,0,0,0.006692,0.985006,logprobs,DekaLLM
12448,-49,-123,0,0,0,0.029307,0.985171,logprobs,DekaLLM
12449,-49,-121,0,0,0,0.029307,0.986077,logprobs,DekaLLM
12450,-49,-119,0,0,0,0.029307,0.986052,logprobs,DekaLLM
12451,-49,-117,0,0,0,0.377702,0.975817,logprobs,DekaLLM
12452,-49,-115,0,0,0,0.268944,0.980351,logprobs,DekaLLM
12453,-49,-113,0,0,0,0.268999,0.988434,logprobs,DekaLLM
12454,-49,-111,0,0,0,0.269076,0.977949,logprobs,DekaLLM
12455,-49,-109,0,0,0,0.047417,0.986853,logprobs,DekaLLM
12456,-49,-107,0,0,0,0.182509,0.984684,logprobs,DekaLLM
12457,-49,-105,0,0,0,0.182509,0.987482,logprobs,DekaLLM
12458,-49,-103,0,0,0,0.119169,0.982761,logprobs,DekaLLM
12459,-49,-101,0,0,0,0.047417,0.985159,logprobs,DekaLLM
12460,-49,-99,0,0,0,0.075835,0.980248,logprobs,DekaLLM
12461,-49,-97,0,0,0,0.182459,0.982758,logprobs,DekaLLM
12462,-49,-95,0,0,0,0.075835,0.982082,logprobs,DekaLLM
12463,-49,-93,0,0,0,0.047413,0.980986,logprobs,DekaLLM
12464,-49,-91,0,0,0,0.017981,0.980747,logprobs,DekaLLM
12465,-49,-89,0,0,0,0.119232,0.983793,logprobs,DekaLLM
12466,-49,-87,0,0,0,0.11924,0.98468,logprobs,DekaLLM
12467,-49,-85,0,0,0,0.047413,0.986197,logprobs,DekaLLM
12468,-49,-83,0,0,0,0.075839,0.98395,logprobs,DekaLLM
12469,-49,-81,0,0,0,0.119227,0.978802,logprobs,DekaLLM
12470,-49,-79,0,0,0,0.029307,0.989528,logprobs,DekaLLM
12471,-49,-77,0,0,0,0.075844,0.985039,logprobs,DekaLLM
12472,-49,-75,0,0,0,0.047405,0.981554,logprobs,DekaLLM
12473,-49,-73,1,1,0,0.075844,0.98482,logprobs,DekaLLM
12474,-49,-71,1,1,0,0.119169,0.985034,logprobs,DekaLLM
12475,-49,-69,1,1,0,0.119227,0.985075,logprobs,DekaLLM
12476,-49,-67,0,0,0,0.075839,0.97969,logprobs,DekaLLM
12477,-49,-65,0,0,0,0.182459,0.980832,logprobs,DekaLLM
12478,-49,-63,0,0,0,0.075839,0.984304,logprobs,DekaLLM
12479,-49,-61,0,0,0,0.075844,0.986392,logprobs,DekaLLM
12480,-49,-59,0,0,0,0.047417,0.986618,logprobs,DekaLLM
12481,-49,-57,0,0,0,0.075839,0.981748,logprobs,DekaLLM
12482,-49,-55,0,0,0,0.075835,0.983385,logprobs,DekaLLM
12483,-49,-53,0,0,0,0.047413,0.983406,logprobs,DekaLLM
12484,-49,-51,0,0,0,0.047417,0.975868,logprobs,DekaLLM
12485,-49,-49,0,0,0,0.119182,0.980745,logprobs,DekaLLM
12486,-49,-47,0,0,0,0.119169,0.9794,logprobs,DekaLLM
12487,-49,-45,0,0,0,0.075844,0.982187,logprobs,DekaLLM
12488,-49,-43,0,0,0,0.119213,0.978438,logprobs,DekaLLM
12489,-49,-41,0,0,0,0.047413,0.986081,logprobs,DekaLLM
12490,-49,-39,0,0,0,0.119169,0.984375,logprobs,DekaLLM
12491,-49,-37,0,0,0,0.047417,0.985388,logprobs,DekaLLM
12492,-49,-35,0,0,0,0.047417,0.986491,logprobs,DekaLLM
12493,-49,-33,0,0,0,0.119182,0.983722,logprobs,DekaLLM
12494,-49,-31,0,0,0,0.182478,0.977729,logprobs,DekaLLM
12495,-49,-29,0,0,0,0.119169,0.985132,logprobs,DekaLLM
12496,-49,-27,0,0,0,0.182478,0.983942,logprobs,DekaLLM
12497,-49,-25,0,0,0,0.269076,0.974706,logprobs,DekaLLM
12498,-49,-23,0,0,0,0.268943,0.983914,logprobs,DekaLLM
12499,-49,-21,0,0,0,0.182457,0.986534,logprobs,DekaLLM
12500,-49,-19,0,0,0,0.182478,0.980372,logprobs,DekaLLM
12501,-49,-17,0,0,0,0.119169,0.98132,logprobs,DekaLLM
12502,-49,-15,0,0,0,0.182377,0.980374,logprobs,DekaLLM
12503,-49,-13,0,0,0,0.119182,0.981136,logprobs,DekaLLM
12504,-49,-11,0,0,0,0.182376,0.976539,logprobs,DekaLLM
12505,-49,-9,0,0,0,0.182377,0.984455,logprobs,DekaLLM
12506,-49,-7,0,0,0,0.119155,0.975765,logprobs,DekaLLM
12507,-49,-5,0,0,0,0.119182,0.981068,logprobs,DekaLLM
12508,-49,-3,0,0,0,0.119168,0.967701,logprobs,DekaLLM
12509,-49,-1,0,0,0,0.119169,0.975791,logprobs,DekaLLM
12510,-49,1,0,0,0,0.029307,0.986254,logprobs,DekaLLM
12511,-49,3,0,0,0,0.047411,0.984305,logprobs,DekaLLM
12512,-49,5,0,0,0,0.047413,0.980281,logprobs,DekaLLM
12513,-49,7,0,0,0,0.119169,0.978528,logprobs,DekaLLM
12514,-49,9,0,0,0,0.119169,0.981005,logprobs,DekaLLM
12515,-49,11,0,0,0,0.119169,0.979868,logprobs,DekaLLM
12516,-49,13,0,0,0,0.182459,0.979772,logprobs,DekaLLM
12517,-49,15,0,0,0,0.11924,0.979046,logprobs,DekaLLM
12518,-49,17,0,0,0,0.182594,0.976484,logprobs,DekaLLM
12519,-49,19,0,0,0,0.182445,0.985344,logprobs,DekaLLM
12520,-49,21,0,0,0,0.075844,0.98082,logprobs,DekaLLM
12521,-49,23,0,0,0,0.119182,0.977869,logprobs,DekaLLM
12522,-49,25,0,0,0,0.269076,0.980789,logprobs,DekaLLM
12523,-49,27,0,0,0,0.182375,0.969791,logprobs,DekaLLM
12524,-49,29,0,0,0,0.182459,0.980583,logprobs,DekaLLM
12525,-49,31,0,0,0,0.119169,0.978333,logprobs,DekaLLM
12526,-49,33,0,0,0,0.119182,0.977839,logprobs,DekaLLM
12527,-49,35,0,0,0,0.075839,0.98216,logprobs,DekaLLM
12528,-49,37,0,0,0,0.119182,0.983411,logprobs,DekaLLM
12529,-49,39,0,0,0,0.182459,0.983165,logprobs,DekaLLM
12530,-49,41,0,0,0,0.075835,0.977896,logprobs,DekaLLM
12531,-49,43,0,0,0,0.119169,0.974886,logprobs,DekaLLM
12532,-49,45,0,0,0,0.119155,0.978092,logprobs,DekaLLM
12533,-49,47,0,0,0,0.119169,0.978637,logprobs,DekaLLM
12534,-49,49,0,0,0,0.119277,0.97493,logprobs,DekaLLM
12535,-49,51,0,0,0,0.047413,0.979952,logprobs,DekaLLM
12536,-49,53,0,0,0,0.047417,0.97809,logprobs,DekaLLM
12537,-49,55,0,0,0,0.075835,0.978528,logprobs,DekaLLM
12538,-49,57,0,0,0,0.047417,0.986208,logprobs,DekaLLM
12539,-49,59,0,0,0,0.047417,0.98419,logprobs,DekaLLM
12540,-49,61,0,0,0,0.047413,0.979144,logprobs,DekaLLM
12541,-49,63,0,0,0,0.075839,0.98648,logprobs,DekaLLM
12542,-49,65,0,0,0,0.047418,0.98773,logprobs,DekaLLM
12543,-49,67,0,0,0,0.075835,0.980023,logprobs,DekaLLM
12544,-49,69,1,1,0,0.047411,0.974047,logprobs,DekaLLM
12545,-49,71,0,0,0,0.047413,0.980713,logprobs,DekaLLM
12546,-49,73,0,0,0,0.029307,0.986118,logprobs,DekaLLM
12547,-49,75,0,0,0,0.047417,0.982511,logprobs,DekaLLM
12548,-49,77,0,0,0,0.029307,0.98504,logprobs,DekaLLM
12549,-49,79,0,0,0,0.075844,0.98069,logprobs,DekaLLM
12550,-49,81,0,0,0,0.119182,0.983699,logprobs,DekaLLM
12551,-49,83,0,0,0,0.075844,0.982994,logprobs,DekaLLM
12552,-49,85,0,0,0,0.047413,0.983174,logprobs,DekaLLM
12553,-49,87,0,0,0,0.075839,0.98367,logprobs,DekaLLM
12554,-49,89,0,0,0,0.075839,0.97974,logprobs,DekaLLM
12555,-49,91,0,0,0,0.047417,0.98098,logprobs,DekaLLM
12556,-49,93,0,0,0,0.047413,0.978242,logprobs,DekaLLM
12557,-49,95,0,0,0,0.047411,0.978098,logprobs,DekaLLM
12558,-49,97,0,0,0,0.047417,0.985676,logprobs,DekaLLM
12559,-49,99,0,0,0,0.075844,0.979073,logprobs,DekaLLM
12560,-49,101,0,0,0,0.11924,0.986263,logprobs,DekaLLM
12561,-49,103,0,0,0,0.182478,0.982733,logprobs,DekaLLM
12562,-49,105,0,0,0,0.11924,0.981474,logprobs,DekaLLM
12563,-49,107,0,0,0,0.119264,0.980876,logprobs,DekaLLM
12564,-49,109,0,0,0,0.182478,0.982475,logprobs,DekaLLM
12565,-49,111,0,0,0,0.26905,0.977477,logprobs,DekaLLM
12566,-49,113,0,0,0,0.11924,0.982732,logprobs,DekaLLM
12567,-49,115,0,0,0,0.075839,0.978176,logprobs,DekaLLM
12568,-49,117,0,0,0,0.119169,0.980356,logprobs,DekaLLM
12569,-49,119,0,0,0,0.075844,0.980968,logprobs,DekaLLM
12570,-49,121,0,0,0,0.047413,0.983211,logprobs,DekaLLM
12571,-49,123,0,0,0,0.047413,0.985847,logprobs,DekaLLM
12572,-49,125,0,0,0,0.075839,0.983556,logprobs,DekaLLM
12573,-49,127,0,0,0,0.075844,0.979885,logprobs,DekaLLM
12574,-49,129,0,0,0,0.075835,0.979365,logprobs,DekaLLM
12575,-49,131,0,0,0,0.075844,0.983193,logprobs,DekaLLM
12576,-49,133,0,0,0,0.182395,0.979183,logprobs,DekaLLM
12577,-49,135,0,0,0,0.075835,0.977056,logprobs,DekaLLM
12578,-49,137,0,0,0,0.075844,0.983373,logprobs,DekaLLM
12579,-49,139,0,0,0,0.119169,0.982233,logprobs,DekaLLM
12580,-49,141,0,0,0,0.182427,0.980364,logprobs,DekaLLM
12581,-49,143,0,0,0,0.047417,0.980158,logprobs,DekaLLM
12582,-49,145,0,0,0,0.075835,0.980995,logprobs,DekaLLM
12583,-49,147,0,0,0,0.119169,0.975379,logprobs,DekaLLM
12584,-49,149,0,0,0,0.119169,0.978583,logprobs,DekaLLM
12585,-49,151,0,0,0,0.182427,0.982728,logprobs,DekaLLM
12586,-49,153,0,0,0,0.047413,0.981481,logprobs,DekaLLM
12587,-49,155,0,0,0,0.029307,0.985555,logprobs,DekaLLM
12588,-49,157,0,0,0,0.017983,0.983418,logprobs,DekaLLM
12589,-49,159,0,0,0,0.029307,0.981546,logprobs,DekaLLM
12590,-49,161,0,0,0,0.017984,0.98345,logprobs,DekaLLM
12591,-49,163,0,0,0,0.047413,0.982472,logprobs,DekaLLM
12592,-49,165,0,0,0,0.010985,0.988583,logprobs,DekaLLM
12593,-49,167,0,0,0,0.029304,0.983538,logprobs,DekaLLM
12594,-49,169,0,0,0,0.017983,0.983675,logprobs,DekaLLM
12595,-49,171,0,0,0,0.047413,0.97982,logprobs,DekaLLM
12596,-49,173,0,0,0,0.029307,0.986683,logprobs,DekaLLM
12597,-49,175,0,0,0,0.017983,0.989231,logprobs,DekaLLM
12598,-49,177,0,0,0,0.029307,0.983511,logprobs,DekaLLM
12599,-49,179,0,0,0,0.029307,0.988401,logprobs,DekaLLM
12600,-51,-179,0,0,0,0.029307,0.989558,logprobs,DekaLLM
12601,-51,-177,0,0,0,0.017983,0.987116,logprobs,DekaLLM
12602,-51,-175,0,0,0,0.006692,0.991783,logprobs,DekaLLM
12603,-51,-173,0,0,0,0.006692,0.986346,logprobs,DekaLLM
12604,-51,-171,0,0,0,0.010986,0.989239,logprobs,DekaLLM
12605,-51,-169,0,0,0,0.006692,0.988581,logprobs,DekaLLM
12606,-51,-167,0,0,0,0.002472,0.988911,logprobs,DekaLLM
12607,-51,-165,0,0,0,0.00407,0.990203,logprobs,DekaLLM
12608,-51,-163,0,0,0,0.00407,0.989066,logprobs,DekaLLM
12609,-51,-161,0,0,0,0.006692,0.992285,logprobs,DekaLLM
12610,-51,-159,0,0,0,0.006692,0.986065,logprobs,DekaLLM
12611,-51,-157,0,0,0,0.010985,0.988412,logprobs,DekaLLM
12612,-51,-155,0,0,0,0.006692,0.984995,logprobs,DekaLLM
12613,-51,-153,0,0,0,0.010985,0.988862,logprobs,DekaLLM
12614,-51,-151,0,0,0,0.010985,0.987377,logprobs,DekaLLM
12615,-51,-149,0,0,0,0.010983,0.978686,logprobs,DekaLLM
12616,-51,-147,0,0,0,0.029304,0.98057,logprobs,DekaLLM
12617,-51,-145,0,0,0,0.006692,0.990467,logprobs,DekaLLM
12618,-51,-143,0,0,0,0.017983,0.983402,logprobs,DekaLLM
12619,-51,-141,0,0,0,0.010985,0.984579,logprobs,DekaLLM
12620,-51,-139,0,0,0,0.017984,0.984968,logprobs,DekaLLM
12621,-51,-137,0,0,0,0.010986,0.990996,logprobs,DekaLLM
12622,-51,-135,0,0,0,0.017983,0.977351,logprobs,DekaLLM
12623,-51,-133,0,0,0,0.017983,0.979427,logprobs,DekaLLM
12624,-51,-131,0,0,0,0.017983,0.989667,logprobs,DekaLLM
12625,-51,-129,0,0,0,0.006692,0.989029,logprobs,DekaLLM
12626,-51,-127,0,0,0,0.017984,0.985281,logprobs,DekaLLM
12627,-51,-125,0,0,0,0.029303,0.981311,logprobs,DekaLLM
12628,-51,-123,0,0,0,0.017983,0.986219,logprobs,DekaLLM
12629,-51,-121,0,0,0,0.029307,0.983601,logprobs,DekaLLM
12630,-51,-119,0,0,0,0.017983,0.985313,logprobs,DekaLLM
12631,-51,-117,0,0,0,0.377749,0.97572,logprobs,DekaLLM
12632,-51,-115,0,0,0,0.182478,0.980464,logprobs,DekaLLM
12633,-51,-113,0,0,0,0.377619,0.980404,logprobs,DekaLLM
12634,-51,-111,0,0,0,0.269076,0.9825,logprobs,DekaLLM
12635,-51,-109,0,0,0,0.119174,0.988233,logprobs,DekaLLM
12636,-51,-107,0,0,0,0.075839,0.982788,logprobs,DekaLLM
12637,-51,-105,0,0,0,0.11924,0.988288,logprobs,DekaLLM
12638,-51,-103,0,0,0,0.182509,0.988932,logprobs,DekaLLM
12639,-51,-101,0,0,0,0.075839,0.984636,logprobs,DekaLLM
12640,-51,-99,0,0,0,0.075844,0.987715,logprobs,DekaLLM
12641,-51,-97,0,0,0,0.269076,0.979961,logprobs,DekaLLM
12642,-51,-95,0,0,0,0.075844,0.988248,logprobs,DekaLLM
12643,-51,-93,0,0,0,0.047417,0.982788,logprobs,DekaLLM
12644,-51,-91,0,0,0,0.029307,0.990888,logprobs,DekaLLM
12645,-51,-89,0,0,0,0.182427,0.984283,logprobs,DekaLLM
12646,-51,-87,0,0,0,0.075839,0.98137,logprobs,DekaLLM
12647,-51,-85,0,0,0,0.075844,0.987887,logprobs,DekaLLM
12648,-51,-83,0,0,0,0.11924,0.988183,logprobs,DekaLLM
12649,-51,-81,0,0,0,0.11924,0.978951,logprobs,DekaLLM
12650,-51,-79,0,0,0,0.119169,0.978486,logprobs,DekaLLM
12651,-51,-77,0,0,0,0.11924,0.986414,logprobs,DekaLLM
12652,-51,-75,1,1,0,0.075839,0.987765,logprobs,DekaLLM
12653,-51,-73,1,1,0,0.07585,0.986492,logprobs,DekaLLM
12654,-51,-71,1,1,0,0.182478,0.978892,logprobs,DekaLLM
12655,-51,-69,0,0,0,0.182445,0.986223,logprobs,DekaLLM
12656,-51,-67,0,0,0,0.119169,0.975089,logprobs,DekaLLM
12657,-51,-65,0,0,0,0.182478,0.980564,logprobs,DekaLLM
12658,-51,-63,0,0,0,0.075839,0.984237,logprobs,DekaLLM
12659,-51,-61,0,0,0,0.075844,0.984452,logprobs,DekaLLM
12660,-51,-59,0,0,0,0.075835,0.97859,logprobs,DekaLLM
12661,-51,-57,0,0,0,0.119169,0.976453,logprobs,DekaLLM
12662,-51,-55,0,0,0,0.119182,0.978987,logprobs,DekaLLM
12663,-51,-53,0,0,0,0.047417,0.97887,logprobs,DekaLLM
12664,-51,-51,0,0,0,0.119182,0.979,logprobs,DekaLLM
12665,-51,-49,0,0,0,0.119248,0.987349,logprobs,DekaLLM
12666,-51,-47,0,0,0,0.268967,0.985843,logprobs,DekaLLM
12667,-51,-45,0,0,0,0.119182,0.974552,logprobs,DekaLLM
12668,-51,-43,0,0,0,0.26901,0.978086,logprobs,DekaLLM
12669,-51,-41,0,0,0,0.119182,0.98331,logprobs,DekaLLM
12670,-51,-39,0,0,0,0.11924,0.980354,logprobs,DekaLLM
12671,-51,-37,0,0,0,0.047417,0.986468,logprobs,DekaLLM
12672,-51,-35,0,0,0,0.075844,0.986446,logprobs,DekaLLM
12673,-51,-33,0,0,0,0.26901,0.981433,logprobs,DekaLLM
12674,-51,-31,0,0,0,0.26905,0.980936,logprobs,DekaLLM
12675,-51,-29,0,0,0,0.182395,0.976526,logprobs,DekaLLM
12676,-51,-27,0,0,0,0.377749,0.977094,logprobs,DekaLLM
12677,-51,-25,0,0,0,0.182407,0.985427,logprobs,DekaLLM
12678,-51,-23,0,0,1,0.500135,0.982864,logprobs,DekaLLM
12679,-51,-21,0,0,0,0.182478,0.982024,logprobs,DekaLLM
12680,-51,-19,0,0,0,0.182395,0.975007,logprobs,DekaLLM
12681,-51,-17,0,0,0,0.119232,0.98617,logprobs,DekaLLM
12682,-51,-15,0,0,0,0.182478,0.980327,logprobs,DekaLLM
12683,-51,-13,0,0,0,0.182458,0.973894,logprobs,DekaLLM
12684,-51,-11,0,0,0,0.182395,0.98522,logprobs,DekaLLM
12685,-51,-9,0,0,0,0.377619,0.980319,logprobs,DekaLLM
12686,-51,-7,0,0,0,0.182508,0.979949,logprobs,DekaLLM
12687,-51,-5,0,0,0,0.18256,0.982916,logprobs,DekaLLM
12688,-51,-3,0,0,0,0.182395,0.979617,logprobs,DekaLLM
12689,-51,-1,0,0,0,0.182427,0.981018,logprobs,DekaLLM
12690,-51,1,0,0,0,0.119174,0.980755,logprobs,DekaLLM
12691,-51,3,0,0,0,0.182445,0.979951,logprobs,DekaLLM
12692,-51,5,0,0,0,0.11919,0.984576,logprobs,DekaLLM
12693,-51,7,0,0,0,0.268875,0.975967,logprobs,DekaLLM
12694,-51,9,0,0,0,0.119182,0.979542,logprobs,DekaLLM
12695,-51,11,0,0,0,0.268901,0.976023,logprobs,DekaLLM
12696,-51,13,0,0,0,0.26901,0.981091,logprobs,DekaLLM
12697,-51,15,0,0,0,0.182376,0.97234,logprobs,DekaLLM
12698,-51,17,0,0,0,0.269076,0.98025,logprobs,DekaLLM
12699,-51,19,0,0,0,0.182478,0.983022,logprobs,DekaLLM
12700,-51,21,0,0,0,0.11924,0.982314,logprobs,DekaLLM
12701,-51,23,0,0,0,0.119182,0.977942,logprobs,DekaLLM
12702,-51,25,0,0,0,0.119182,0.980105,logprobs,DekaLLM
12703,-51,27,0,0,0,0.11924,0.982375,logprobs,DekaLLM
12704,-51,29,0,0,0,0.182395,0.975979,logprobs,DekaLLM
12705,-51,31,0,0,0,0.26901,0.977011,logprobs,DekaLLM
12706,-51,33,0,0,0,0.182395,0.981453,logprobs,DekaLLM
12707,-51,35,0,0,0,0.075839,0.978529,logprobs,DekaLLM
12708,-51,37,0,0,0,0.075835,0.97803,logprobs,DekaLLM
12709,-51,39,0,0,0,0.119174,0.981944,logprobs,DekaLLM
12710,-51,41,0,0,0,0.075839,0.980218,logprobs,DekaLLM
12711,-51,43,0,0,0,0.119174,0.985928,logprobs,DekaLLM
12712,-51,45,0,0,0,0.11924,0.980929,logprobs,DekaLLM
12713,-51,47,0,0,0,0.075839,0.98099,logprobs,DekaLLM
12714,-51,49,0,0,0,0.119169,0.983531,logprobs,DekaLLM
12715,-51,51,0,0,0,0.182531,0.97915,logprobs,DekaLLM
12716,-51,53,0,0,0,0.182459,0.982667,logprobs,DekaLLM
12717,-51,55,0,0,0,0.119182,0.971378,logprobs,DekaLLM
12718,-51,57,0,0,0,0.11924,0.980567,logprobs,DekaLLM
12719,-51,59,0,0,0,0.119169,0.983891,logprobs,DekaLLM
12720,-51,61,0,0,0,0.182395,0.984683,logprobs,DekaLLM
12721,-51,63,0,0,0,0.182478,0.977249,logprobs,DekaLLM
12722,-51,65,0,0,0,0.182377,0.978547,logprobs,DekaLLM
12723,-51,67,0,0,0,0.119174,0.984953,logprobs,DekaLLM
12724,-51,69,0,0,0,0.119174,0.982156,logprobs,DekaLLM
12725,-51,71,0,0,0,0.075844,0.982042,logprobs,DekaLLM
12726,-51,73,0,0,0,0.047413,0.979323,logprobs,DekaLLM
12727,-51,75,0,0,0,0.119169,0.98131,logprobs,DekaLLM
12728,-51,77,0,0,0,0.075826,0.969394,logprobs,DekaLLM
12729,-51,79,0,0,0,0.047417,0.9823,logprobs,DekaLLM
12730,-51,81,0,0,0,0.182509,0.985724,logprobs,DekaLLM
12731,-51,83,0,0,0,0.119169,0.981134,logprobs,DekaLLM
12732,-51,85,0,0,0,0.182458,0.979524,logprobs,DekaLLM
12733,-51,87,0,0,0,0.119182,0.983955,logprobs,DekaLLM
12734,-51,89,0,0,0,0.119169,0.97928,logprobs,DekaLLM
12735,-51,91,0,0,0,0.119174,0.984411,logprobs,DekaLLM
12736,-51,93,0,0,0,0.119182,0.969238,logprobs,DekaLLM
12737,-51,95,0,0,0,0.075839,0.977986,logprobs,DekaLLM
12738,-51,97,0,0,0,0.119174,0.985208,logprobs,DekaLLM
12739,-51,99,0,0,0,0.119182,0.981113,logprobs,DekaLLM
12740,-51,101,0,0,0,0.075839,0.983356,logprobs,DekaLLM
12741,-51,103,0,0,0,0.182478,0.98371,logprobs,DekaLLM
12742,-51,105,0,0,0,0.119155,0.967264,logprobs,DekaLLM
12743,-51,107,0,0,0,0.182395,0.975482,logprobs,DekaLLM
12744,-51,109,0,0,0,0.119182,0.982611,logprobs,DekaLLM
12745,-51,111,0,0,0,0.26901,0.978528,logprobs,DekaLLM
12746,-51,113,0,0,0,0.119174,0.983372,logprobs,DekaLLM
12747,-51,115,0,0,0,0.075839,0.980408,logprobs,DekaLLM
12748,-51,117,0,0,0,0.119174,0.984185,logprobs,DekaLLM
12749,-51,119,0,0,0,0.075839,0.981599,logprobs,DekaLLM
12750,-51,121,0,0,0,0.119182,0.980937,logprobs,DekaLLM
12751,-51,123,0,0,0,0.075839,0.983036,logprobs,DekaLLM
12752,-51,125,0,0,0,0.11924,0.975172,logprobs,DekaLLM
12753,-51,127,0,0,0,0.075839,0.98094,logprobs,DekaLLM
12754,-51,129,0,0,0,0.11919,0.98295,logprobs,DekaLLM
12755,-51,131,0,0,0,0.119182,0.981773,logprobs,DekaLLM
12756,-51,133,0,0,0,0.377698,0.976548,logprobs,DekaLLM
12757,-51,135,0,0,0,0.119182,0.980355,logprobs,DekaLLM
12758,-51,137,0,0,0,0.182395,0.98143,logprobs,DekaLLM
12759,-51,139,0,0,0,0.119182,0.986642,logprobs,DekaLLM
12760,-51,141,0,0,0,0.268967,0.977686,logprobs,DekaLLM
12761,-51,143,0,0,0,0.119182,0.975528,logprobs,DekaLLM
12762,-51,145,0,0,0,0.029307,0.981159,logprobs,DekaLLM
12763,-51,147,0,0,0,0.075844,0.984462,logprobs,DekaLLM
12764,-51,149,0,0,0,0.182478,0.977115,logprobs,DekaLLM
12765,-51,151,0,0,0,0.182427,0.985316,logprobs,DekaLLM
12766,-51,153,0,0,0,0.075844,0.978839,logprobs,DekaLLM
12767,-51,155,0,0,0,0.047417,0.979346,logprobs,DekaLLM
12768,-51,157,0,0,0,0.029309,0.982503,logprobs,DekaLLM
12769,-51,159,0,0,0,0.029307,0.985426,logprobs,DekaLLM
12770,-51,161,0,0,0,0.029309,0.987742,logprobs,DekaLLM
12771,-51,163,0,0,0,0.029309,0.986127,logprobs,DekaLLM
12772,-51,165,0,0,0,0.010986,0.988541,logprobs,DekaLLM
12773,-51,167,0,0,0,0.017983,0.986004,logprobs,DekaLLM
12774,-51,169,0,0,0,0.017983,0.986604,logprobs,DekaLLM
12775,-51,171,0,0,0,0.029307,0.978686,logprobs,DekaLLM
12776,-51,173,0,0,0,0.017983,0.988646,logprobs,DekaLLM
12777,-51,175,0,0,0,0.010986,0.984645,logprobs,DekaLLM
12778,-51,177,0,0,0,0.029307,0.985495,logprobs,DekaLLM
12779,-51,179,0,0,0,0.029304,0.977926,logprobs,DekaLLM
12780,-53,-179,0,0,0,0.010985,0.990914,logprobs,DekaLLM
12781,-53,-177,0,0,0,0.029307,0.981836,logprobs,DekaLLM
12782,-53,-175,0,0,0,0.010985,0.986962,logprobs,DekaLLM
12783,-53,-173,0,0,0,0.006692,0.988929,logprobs,DekaLLM
12784,-53,-171,0,0,0,0.00407,0.989227,logprobs,DekaLLM
12785,-53,-169,0,0,0,0.00407,0.990466,logprobs,DekaLLM
12786,-53,-167,0,0,0,0.006692,0.987213,logprobs,DekaLLM
12787,-53,-165,0,0,0,0.00407,0.987062,logprobs,DekaLLM
12788,-53,-163,0,0,0,0.010985,0.981985,logprobs,DekaLLM
12789,-53,-161,0,0,0,0.00407,0.989232,logprobs,DekaLLM
12790,-53,-159,0,0,0,0.00407,0.992114,logprobs,DekaLLM
12791,-53,-157,0,0,0,0.006692,0.979504,logprobs,DekaLLM
12792,-53,-155,0,0,0,0.010985,0.986897,logprobs,DekaLLM
12793,-53,-153,0,0,0,0.010985,0.986647,logprobs,DekaLLM
12794,-53,-151,0,0,0,0.010984,0.981739,logprobs,DekaLLM
12795,-53,-149,0,0,0,0.017983,0.981758,logprobs,DekaLLM
12796,-53,-147,0,0,0,0.017983,0.983193,logprobs,DekaLLM
12797,-53,-145,0,0,0,0.006692,0.991564,logprobs,DekaLLM
12798,-53,-143,0,0,0,0.017983,0.984793,logprobs,DekaLLM
12799,-53,-141,0,0,0,0.047413,0.985951,logprobs,DekaLLM
12800,-53,-139,0,0,0,0.017983,0.989482,logprobs,DekaLLM
12801,-53,-137,0,0,0,0.029307,0.990436,logprobs,DekaLLM
12802,-53,-135,0,0,0,0.047413,0.978591,logprobs,DekaLLM
12803,-53,-133,0,0,0,0.029307,0.989705,logprobs,DekaLLM
12804,-53,-131,0,0,0,0.047417,0.983177,logprobs,DekaLLM
12805,-53,-129,0,0,0,0.029304,0.980677,logprobs,DekaLLM
12806,-53,-127,0,0,0,0.017983,0.989381,logprobs,DekaLLM
12807,-53,-125,0,0,0,0.075839,0.985749,logprobs,DekaLLM
12808,-53,-123,0,0,0,0.075844,0.984442,logprobs,DekaLLM
12809,-53,-121,0,0,0,0.119169,0.982743,logprobs,DekaLLM
12810,-53,-119,0,0,0,0.119169,0.97792,logprobs,DekaLLM
12811,-53,-117,0,0,0,0.26901,0.975951,logprobs,DekaLLM
12812,-53,-115,0,0,0,0.269116,0.98189,logprobs,DekaLLM
12813,-53,-113,0,0,0,0.377749,0.983773,logprobs,DekaLLM
12814,-53,-111,0,0,0,0.377619,0.979083,logprobs,DekaLLM
12815,-53,-109,0,0,0,0.11924,0.984689,logprobs,DekaLLM
12816,-53,-107,0,0,0,0.182395,0.985007,logprobs,DekaLLM
12817,-53,-105,0,0,0,0.182478,0.982502,logprobs,DekaLLM
12818,-53,-103,0,0,0,0.377671,0.98435,logprobs,DekaLLM
12819,-53,-101,0,0,0,0.182459,0.984869,logprobs,DekaLLM
12820,-53,-99,0,0,0,0.182478,0.981764,logprobs,DekaLLM
12821,-53,-97,0,0,0,0.182459,0.982484,logprobs,DekaLLM
12822,-53,-95,0,0,0,0.119169,0.979668,logprobs,DekaLLM
12823,-53,-93,0,0,0,0.119227,0.983876,logprobs,DekaLLM
12824,-53,-91,0,0,0,0.029304,0.987656,logprobs,DekaLLM
12825,-53,-89,0,0,0,0.119169,0.981179,logprobs,DekaLLM
12826,-53,-87,0,0,0,0.047413,0.981917,logprobs,DekaLLM
12827,-53,-85,0,0,0,0.075835,0.98046,logprobs,DekaLLM
12828,-53,-83,0,0,0,0.182445,0.986599,logprobs,DekaLLM
12829,-53,-81,0,0,0,0.119182,0.978658,logprobs,DekaLLM
12830,-53,-79,0,0,0,0.119174,0.984829,logprobs,DekaLLM
12831,-53,-77,0,0,0,0.119155,0.979129,logprobs,DekaLLM
12832,-53,-75,0,0,0,0.075839,0.987784,logprobs,DekaLLM
12833,-53,-73,1,1,0,0.047411,0.977875,logprobs,DekaLLM
12834,-53,-71,1,1,0,0.119169,0.985788,logprobs,DekaLLM
12835,-53,-69,1,1,0,0.26901,0.98301,logprobs,DekaLLM
12836,-53,-67,0,0,0,0.119174,0.984797,logprobs,DekaLLM
12837,-53,-65,0,0,0,0.119169,0.982403,logprobs,DekaLLM
12838,-53,-63,0,0,0,0.075839,0.985731,logprobs,DekaLLM
12839,-53,-61,0,0,0,0.075835,0.978492,logprobs,DekaLLM
12840,-53,-59,0,0,0,0.075844,0.984885,logprobs,DekaLLM
12841,-53,-57,0,0,0,0.119169,0.986489,logprobs,DekaLLM
12842,-53,-55,0,0,0,0.047413,0.983236,logprobs,DekaLLM
12843,-53,-53,0,0,0,0.07585,0.987103,logprobs,DekaLLM
12844,-53,-51,0,0,0,0.075839,0.98178,logprobs,DekaLLM
12845,-53,-49,0,0,0,0.119174,0.983502,logprobs,DekaLLM
12846,-53,-47,0,0,0,0.119182,0.979152,logprobs,DekaLLM
12847,-53,-45,0,0,0,0.075839,0.986616,logprobs,DekaLLM
12848,-53,-43,0,0,0,0.119169,0.978733,logprobs,DekaLLM
12849,-53,-41,0,0,0,0.075839,0.985719,logprobs,DekaLLM
12850,-53,-39,0,0,0,0.07589,0.980762,logprobs,DekaLLM
12851,-53,-37,0,0,0,0.047418,0.989637,logprobs,DekaLLM
12852,-53,-35,0,0,0,0.075835,0.978563,logprobs,DekaLLM
12853,-53,-33,0,0,0,0.047413,0.984328,logprobs,DekaLLM
12854,-53,-31,0,0,0,0.26901,0.981155,logprobs,DekaLLM
12855,-53,-29,0,0,0,0.119182,0.986017,logprobs,DekaLLM
12856,-53,-27,0,0,0,0.18249,0.986691,logprobs,DekaLLM
12857,-53,-25,0,0,0,0.268901,0.984065,logprobs,DekaLLM
12858,-53,-23,0,0,0,0.119248,0.985687,logprobs,DekaLLM
12859,-53,-21,0,0,0,0.119182,0.979629,logprobs,DekaLLM
12860,-53,-19,0,0,0,0.119169,0.975925,logprobs,DekaLLM
12861,-53,-17,0,0,0,0.182458,0.974586,logprobs,DekaLLM
12862,-53,-15,0,0,0,0.182478,0.978663,logprobs,DekaLLM
12863,-53,-13,0,0,0,0.119169,0.974471,logprobs,DekaLLM
12864,-53,-11,0,0,0,0.075839,0.983898,logprobs,DekaLLM
12865,-53,-9,0,0,0,0.182528,0.983555,logprobs,DekaLLM
12866,-53,-7,0,0,0,0.119182,0.981677,logprobs,DekaLLM
12867,-53,-5,0,0,0,0.182377,0.979132,logprobs,DekaLLM
12868,-53,-3,0,0,0,0.182377,0.983678,logprobs,DekaLLM
12869,-53,-1,0,0,0,0.119169,0.977908,logprobs,DekaLLM
12870,-53,1,0,0,0,0.075844,0.986411,logprobs,DekaLLM
12871,-53,3,0,0,0,0.075839,0.982288,logprobs,DekaLLM
12872,-53,5,0,0,0,0.047417,0.984109,logprobs,DekaLLM
12873,-53,7,0,0,0,0.119182,0.985863,logprobs,DekaLLM
12874,-53,9,0,0,0,0.075835,0.984223,logprobs,DekaLLM
12875,-53,11,0,0,0,0.119174,0.986449,logprobs,DekaLLM
12876,-53,13,0,0,0,0.182377,0.98057,logprobs,DekaLLM
12877,-53,15,0,0,0,0.119182,0.985346,logprobs,DekaLLM
12878,-53,17,0,0,0,0.182478,0.981571,logprobs,DekaLLM
12879,-53,19,0,0,0,0.182478,0.980596,logprobs,DekaLLM
12880,-53,21,0,0,0,0.075844,0.981583,logprobs,DekaLLM
12881,-53,23,0,0,0,0.119182,0.97841,logprobs,DekaLLM
12882,-53,25,0,0,0,0.119182,0.981796,logprobs,DekaLLM
12883,-53,27,0,0,0,0.11919,0.982441,logprobs,DekaLLM
12884,-53,29,0,0,0,0.182407,0.985403,logprobs,DekaLLM
12885,-53,31,0,0,0,0.182427,0.979958,logprobs,DekaLLM
12886,-53,33,0,0,0,0.119174,0.984452,logprobs,DekaLLM
12887,-53,35,0,0,0,0.047417,0.982728,logprobs,DekaLLM
12888,-53,37,0,0,0,0.075835,0.98383,logprobs,DekaLLM
12889,-53,39,0,0,0,0.075839,0.97907,logprobs,DekaLLM
12890,-53,41,0,0,0,0.075839,0.9853,logprobs,DekaLLM
12891,-53,43,0,0,0,0.047417,0.986123,logprobs,DekaLLM
12892,-53,45,0,0,0,0.119169,0.986083,logprobs,DekaLLM
12893,-53,47,0,0,0,0.119169,0.978723,logprobs,DekaLLM
12894,-53,49,0,0,0,0.075839,0.982424,logprobs,DekaLLM
12895,-53,51,0,0,0,0.119169,0.979994,logprobs,DekaLLM
12896,-53,53,0,0,0,0.119155,0.976518,logprobs,DekaLLM
12897,-53,55,0,0,0,0.075839,0.985647,logprobs,DekaLLM
12898,-53,57,0,0,0,0.119169,0.982712,logprobs,DekaLLM
12899,-53,59,0,0,0,0.075839,0.984866,logprobs,DekaLLM
12900,-53,61,0,0,0,0.075839,0.983974,logprobs,DekaLLM
12901,-53,63,0,0,0,0.075844,0.984713,logprobs,DekaLLM
12902,-53,65,0,0,0,0.075839,0.984528,logprobs,DekaLLM
12903,-53,67,0,0,0,0.075844,0.984571,logprobs,DekaLLM
12904,-53,69,0,0,0,0.075839,0.983066,logprobs,DekaLLM
12905,-53,71,0,0,0,0.075844,0.985715,logprobs,DekaLLM
12906,-53,73,0,0,0,0.029307,0.990522,logprobs,DekaLLM
12907,-53,75,0,0,0,0.047418,0.985184,logprobs,DekaLLM
12908,-53,77,0,0,0,0.04742,0.979444,logprobs,DekaLLM
12909,-53,79,0,0,0,0.047417,0.979263,logprobs,DekaLLM
12910,-53,81,0,0,0,0.075835,0.978725,logprobs,DekaLLM
12911,-53,83,0,0,0,0.119182,0.985948,logprobs,DekaLLM
12912,-53,85,0,0,0,0.119182,0.984178,logprobs,DekaLLM
12913,-53,87,0,0,0,0.075835,0.981265,logprobs,DekaLLM
12914,-53,89,0,0,0,0.119182,0.98384,logprobs,DekaLLM
12915,-53,91,0,0,0,0.075839,0.984138,logprobs,DekaLLM
12916,-53,93,0,0,0,0.075839,0.982774,logprobs,DekaLLM
12917,-53,95,0,0,0,0.075835,0.98082,logprobs,DekaLLM
12918,-53,97,0,0,0,0.119169,0.980547,logprobs,DekaLLM
12919,-53,99,0,0,0,0.047413,0.983599,logprobs,DekaLLM
12920,-53,101,0,0,0,0.075844,0.982069,logprobs,DekaLLM
12921,-53,103,0,0,0,0.075839,0.981064,logprobs,DekaLLM
12922,-53,105,0,0,0,0.182377,0.979983,logprobs,DekaLLM
12923,-53,107,0,0,0,0.075844,0.973787,logprobs,DekaLLM
12924,-53,109,0,0,0,0.119182,0.983844,logprobs,DekaLLM
12925,-53,111,0,0,0,0.11924,0.985839,logprobs,DekaLLM
12926,-53,113,0,0,0,0.119169,0.985796,logprobs,DekaLLM
12927,-53,115,0,0,0,0.075839,0.981583,logprobs,DekaLLM
12928,-53,117,0,0,0,0.075844,0.980534,logprobs,DekaLLM
12929,-53,119,0,0,0,0.075844,0.988221,logprobs,DekaLLM
12930,-53,121,0,0,0,0.182377,0.976341,logprobs,DekaLLM
12931,-53,123,0,0,0,0.075844,0.982068,logprobs,DekaLLM
12932,-53,125,0,0,0,0.182377,0.984212,logprobs,DekaLLM
12933,-53,127,0,0,0,0.075839,0.981694,logprobs,DekaLLM
12934,-53,129,0,0,0,0.075844,0.978353,logprobs,DekaLLM
12935,-53,131,0,0,0,0.182395,0.977566,logprobs,DekaLLM
12936,-53,133,0,0,0,0.182395,0.981328,logprobs,DekaLLM
12937,-53,135,0,0,0,0.11924,0.978612,logprobs,DekaLLM
12938,-53,137,0,0,0,0.075839,0.980311,logprobs,DekaLLM
12939,-53,139,0,0,0,0.075835,0.97747,logprobs,DekaLLM
12940,-53,141,0,0,0,0.119174,0.979608,logprobs,DekaLLM
12941,-53,143,0,0,0,0.075835,0.981073,logprobs,DekaLLM
12942,-53,145,0,0,0,0.047413,0.985474,logprobs,DekaLLM
12943,-53,147,0,0,0,0.075846,0.987871,logprobs,DekaLLM
12944,-53,149,0,0,0,0.119169,0.978596,logprobs,DekaLLM
12945,-53,151,0,0,0,0.119169,0.982132,logprobs,DekaLLM
12946,-53,153,0,0,0,0.075839,0.982361,logprobs,DekaLLM
12947,-53,155,0,0,0,0.075839,0.984746,logprobs,DekaLLM
12948,-53,157,0,0,0,0.029307,0.978475,logprobs,DekaLLM
12949,-53,159,0,0,0,0.029304,0.980361,logprobs,DekaLLM
12950,-53,161,0,0,0,0.047417,0.985347,logprobs,DekaLLM
12951,-53,163,0,0,0,0.029307,0.988257,logprobs,DekaLLM
12952,-53,165,0,0,0,0.010985,0.98962,logprobs,DekaLLM
12953,-53,167,0,0,0,0.017983,0.989471,logprobs,DekaLLM
12954,-53,169,0,0,0,0.017983,0.988155,logprobs,DekaLLM
12955,-53,171,0,0,0,0.017983,0.987892,logprobs,DekaLLM
12956,-53,173,0,0,0,0.017984,0.988669,logprobs,DekaLLM
12957,-53,175,0,0,0,0.029307,0.986136,logprobs,DekaLLM
12958,-53,177,0,0,0,0.017983,0.987037,logprobs,DekaLLM
12959,-53,179,0,0,0,0.047418,0.989611,logprobs,DekaLLM
12960,-55,-179,0,0,0,0.010985,0.989015,logprobs,DekaLLM
12961,-55,-177,0,0,0,0.017983,0.987928,logprobs,DekaLLM
12962,-55,-175,0,0,0,0.017983,0.98542,logprobs,DekaLLM
12963,-55,-173,0,0,0,0.029307,0.98383,logprobs,DekaLLM
12964,-55,-171,0,0,0,0.010985,0.986842,logprobs,DekaLLM
12965,-55,-169,0,0,0,0.00407,0.991281,logprobs,DekaLLM
12966,-55,-167,0,0,0,0.006692,0.987445,logprobs,DekaLLM
12967,-55,-165,0,0,0,0.006692,0.989623,logprobs,DekaLLM
12968,-55,-163,0,0,0,0.006692,0.991767,logprobs,DekaLLM
12969,-55,-161,0,0,0,0.00407,0.988759,logprobs,DekaLLM
12970,-55,-159,0,0,0,0.006692,0.988319,logprobs,DekaLLM
12971,-55,-157,0,0,0,0.00407,0.990954,logprobs,DekaLLM
12972,-55,-155,0,0,0,0.006692,0.987109,logprobs,DekaLLM
12973,-55,-153,0,0,0,0.010986,0.990133,logprobs,DekaLLM
12974,-55,-151,0,0,0,0.006692,0.992055,logprobs,DekaLLM
12975,-55,-149,0,0,0,0.017983,0.992403,logprobs,DekaLLM
12976,-55,-147,0,0,0,0.047411,0.984221,logprobs,DekaLLM
12977,-55,-145,0,0,0,0.029307,0.987271,logprobs,DekaLLM
12978,-55,-143,0,0,0,0.017983,0.991002,logprobs,DekaLLM
12979,-55,-141,0,0,0,0.047417,0.983469,logprobs,DekaLLM
12980,-55,-139,0,0,0,0.010986,0.986853,logprobs,DekaLLM
12981,-55,-137,0,0,0,0.017983,0.984573,logprobs,DekaLLM
12982,-55,-135,0,0,0,0.075835,0.979964,logprobs,DekaLLM
12983,-55,-133,0,0,0,0.029304,0.978809,logprobs,DekaLLM
12984,-55,-131,0,0,0,0.029307,0.984637,logprobs,DekaLLM
12985,-55,-129,0,0,0,0.029307,0.986391,logprobs,DekaLLM
12986,-55,-127,0,0,0,0.029307,0.988396,logprobs,DekaLLM
12987,-55,-125,0,0,0,0.017983,0.987914,logprobs,DekaLLM
12988,-55,-123,0,0,0,0.047413,0.983512,logprobs,DekaLLM
12989,-55,-121,0,0,0,0.075826,0.982116,logprobs,DekaLLM
12990,-55,-119,0,0,0,0.047415,0.979505,logprobs,DekaLLM
12991,-55,-117,0,0,0,0.269052,0.984817,logprobs,DekaLLM
12992,-55,-115,0,0,0,0.119174,0.986966,logprobs,DekaLLM
12993,-55,-113,0,0,0,0.182511,0.980102,logprobs,DekaLLM
12994,-55,-111,0,0,0,0.269076,0.978157,logprobs,DekaLLM
12995,-55,-109,0,0,0,0.182427,0.990083,logprobs,DekaLLM
12996,-55,-107,0,0,0,0.119169,0.98453,logprobs,DekaLLM
12997,-55,-105,0,0,0,0.268943,0.985469,logprobs,DekaLLM
12998,-55,-103,0,0,0,0.269076,0.983891,logprobs,DekaLLM
12999,-55,-101,0,0,0,0.11924,0.986898,logprobs,DekaLLM
13000,-55,-99,0,0,0,0.119169,0.981908,logprobs,DekaLLM
13001,-55,-97,0,0,0,0.119227,0.985385,logprobs,DekaLLM
13002,-55,-95,0,0,0,0.182528,0.987252,logprobs,DekaLLM
13003,-55,-93,0,0,0,0.119169,0.985643,logprobs,DekaLLM
13004,-55,-91,0,0,0,0.029304,0.989244,logprobs,DekaLLM
13005,-55,-89,0,0,0,0.119227,0.982007,logprobs,DekaLLM
13006,-55,-87,0,0,0,0.119182,0.989191,logprobs,DekaLLM
13007,-55,-85,0,0,0,0.075874,0.987583,logprobs,DekaLLM
13008,-55,-83,0,0,0,0.075844,0.984741,logprobs,DekaLLM
13009,-55,-81,0,0,0,0.075839,0.979074,logprobs,DekaLLM
13010,-55,-79,0,0,0,0.075839,0.98504,logprobs,DekaLLM
13011,-55,-77,0,0,0,0.075839,0.988229,logprobs,DekaLLM
13012,-55,-75,0,0,0,0.119174,0.985856,logprobs,DekaLLM
13013,-55,-73,0,0,0,0.075835,0.9836,logprobs,DekaLLM
13014,-55,-71,0,0,0,0.075839,0.985087,logprobs,DekaLLM
13015,-55,-69,1,1,0,0.075839,0.985111,logprobs,DekaLLM
13016,-55,-67,0,0,0,0.075835,0.975107,logprobs,DekaLLM
13017,-55,-65,0,0,0,0.047413,0.984152,logprobs,DekaLLM
13018,-55,-63,0,0,0,0.119182,0.978978,logprobs,DekaLLM
13019,-55,-61,0,0,0,0.047417,0.984729,logprobs,DekaLLM
13020,-55,-59,0,0,0,0.119169,0.982451,logprobs,DekaLLM
13021,-55,-57,0,0,0,0.047417,0.988606,logprobs,DekaLLM
13022,-55,-55,0,0,0,0.075844,0.980243,logprobs,DekaLLM
13023,-55,-53,0,0,0,0.047413,0.984815,logprobs,DekaLLM
13024,-55,-51,0,0,0,0.047413,0.979717,logprobs,DekaLLM
13025,-55,-49,0,0,0,0.11924,0.985686,logprobs,DekaLLM
13026,-55,-47,0,0,0,0.119169,0.976941,logprobs,DekaLLM
13027,-55,-45,0,0,0,0.047413,0.982779,logprobs,DekaLLM
13028,-55,-43,0,0,0,0.182511,0.979674,logprobs,DekaLLM
13029,-55,-41,0,0,0,0.11924,0.985974,logprobs,DekaLLM
13030,-55,-39,0,0,0,0.11924,0.984841,logprobs,DekaLLM
13031,-55,-37,0,0,0,0.075839,0.984316,logprobs,DekaLLM
13032,-55,-35,0,0,0,0.119169,0.981705,logprobs,DekaLLM
13033,-55,-33,0,0,0,0.119169,0.978439,logprobs,DekaLLM
13034,-55,-31,0,0,0,0.26905,0.982834,logprobs,DekaLLM
13035,-55,-29,0,0,0,0.182478,0.985844,logprobs,DekaLLM
13036,-55,-27,0,0,0,0.377619,0.982147,logprobs,DekaLLM
13037,-55,-25,0,0,0,0.182528,0.985592,logprobs,DekaLLM
13038,-55,-23,0,0,0,0.182478,0.98379,logprobs,DekaLLM
13039,-55,-21,0,0,0,0.119174,0.981344,logprobs,DekaLLM
13040,-55,-19,0,0,0,0.182478,0.984243,logprobs,DekaLLM
13041,-55,-17,0,0,0,0.119169,0.985362,logprobs,DekaLLM
13042,-55,-15,0,0,0,0.119227,0.983553,logprobs,DekaLLM
13043,-55,-13,0,0,0,0.268984,0.97971,logprobs,DekaLLM
13044,-55,-11,0,0,0,0.269076,0.981712,logprobs,DekaLLM
13045,-55,-9,0,0,0,0.182427,0.985706,logprobs,DekaLLM
13046,-55,-7,0,0,0,0.119248,0.984717,logprobs,DekaLLM
13047,-55,-5,0,0,0,0.119169,0.982221,logprobs,DekaLLM
13048,-55,-3,0,0,0,0.268967,0.984384,logprobs,DekaLLM
13049,-55,-1,0,0,0,0.119155,0.974563,logprobs,DekaLLM
13050,-55,1,0,0,0,0.075839,0.986523,logprobs,DekaLLM
13051,-55,3,0,0,0,0.119174,0.980867,logprobs,DekaLLM
13052,-55,5,0,0,0,0.182427,0.981202,logprobs,DekaLLM
13053,-55,7,0,0,0,0.182395,0.978853,logprobs,DekaLLM
13054,-55,9,0,0,0,0.119227,0.982543,logprobs,DekaLLM
13055,-55,11,0,0,0,0.119182,0.987762,logprobs,DekaLLM
13056,-55,13,0,0,0,0.182395,0.981752,logprobs,DekaLLM
13057,-55,15,0,0,0,0.182445,0.983432,logprobs,DekaLLM
13058,-55,17,0,0,0,0.182459,0.983428,logprobs,DekaLLM
13059,-55,19,0,0,0,0.182407,0.982036,logprobs,DekaLLM
13060,-55,21,0,0,0,0.119169,0.979978,logprobs,DekaLLM
13061,-55,23,0,0,0,0.047413,0.986099,logprobs,DekaLLM
13062,-55,25,0,0,0,0.047417,0.981546,logprobs,DekaLLM
13063,-55,27,0,0,0,0.119264,0.982074,logprobs,DekaLLM
13064,-55,29,0,0,0,0.119169,0.982374,logprobs,DekaLLM
13065,-55,31,0,0,0,0.119227,0.985255,logprobs,DekaLLM
13066,-55,33,0,0,0,0.182377,0.977417,logprobs,DekaLLM
13067,-55,35,0,0,0,0.182377,0.983221,logprobs,DekaLLM
13068,-55,37,0,0,0,0.182427,0.985451,logprobs,DekaLLM
13069,-55,39,0,0,0,0.119182,0.980819,logprobs,DekaLLM
13070,-55,41,0,0,0,0.075839,0.982262,logprobs,DekaLLM
13071,-55,43,0,0,0,0.119182,0.986922,logprobs,DekaLLM
13072,-55,45,0,0,0,0.119263,0.979485,logprobs,DekaLLM
13073,-55,47,0,0,0,0.075839,0.980797,logprobs,DekaLLM
13074,-55,49,0,0,0,0.119169,0.978986,logprobs,DekaLLM
13075,-55,51,0,0,0,0.268901,0.982066,logprobs,DekaLLM
13076,-55,53,0,0,0,0.182427,0.985822,logprobs,DekaLLM
13077,-55,55,0,0,0,0.268967,0.983233,logprobs,DekaLLM
13078,-55,57,0,0,0,0.119174,0.980407,logprobs,DekaLLM
13079,-55,59,0,0,0,0.119182,0.982534,logprobs,DekaLLM
13080,-55,61,0,0,0,0.119169,0.981595,logprobs,DekaLLM
13081,-55,63,0,0,0,0.11924,0.984536,logprobs,DekaLLM
13082,-55,65,0,0,0,0.119174,0.98591,logprobs,DekaLLM
13083,-55,67,0,0,0,0.119169,0.980264,logprobs,DekaLLM
13084,-55,69,0,0,0,0.047411,0.98384,logprobs,DekaLLM
13085,-55,71,0,0,0,0.119169,0.981674,logprobs,DekaLLM
13086,-55,73,0,0,0,0.047413,0.982218,logprobs,DekaLLM
13087,-55,75,0,0,0,0.047413,0.986477,logprobs,DekaLLM
13088,-55,77,0,0,0,0.075839,0.985329,logprobs,DekaLLM
13089,-55,79,0,0,0,0.075844,0.978214,logprobs,DekaLLM
13090,-55,81,0,0,0,0.075835,0.984525,logprobs,DekaLLM
13091,-55,83,0,0,0,0.119169,0.981487,logprobs,DekaLLM
13092,-55,85,0,0,0,0.075839,0.98611,logprobs,DekaLLM
13093,-55,87,0,0,0,0.11924,0.983555,logprobs,DekaLLM
13094,-55,89,0,0,0,0.075839,0.98861,logprobs,DekaLLM
13095,-55,91,0,0,0,0.075835,0.980364,logprobs,DekaLLM
13096,-55,93,0,0,0,0.075835,0.981161,logprobs,DekaLLM
13097,-55,95,0,0,0,0.047413,0.986881,logprobs,DekaLLM
13098,-55,97,0,0,0,0.075835,0.974234,logprobs,DekaLLM
13099,-55,99,0,0,0,0.075844,0.981187,logprobs,DekaLLM
13100,-55,101,0,0,0,0.047413,0.984499,logprobs,DekaLLM
13101,-55,103,0,0,0,0.047417,0.989961,logprobs,DekaLLM
13102,-55,105,0,0,0,0.075844,0.986262,logprobs,DekaLLM
13103,-55,107,0,0,0,0.047411,0.983729,logprobs,DekaLLM
13104,-55,109,0,0,0,0.075839,0.986337,logprobs,DekaLLM
13105,-55,111,0,0,0,0.119182,0.981366,logprobs,DekaLLM
13106,-55,113,0,0,0,0.119182,0.980753,logprobs,DekaLLM
13107,-55,115,0,0,0,0.119169,0.984222,logprobs,DekaLLM
13108,-55,117,0,0,0,0.075839,0.982022,logprobs,DekaLLM
13109,-55,119,0,0,0,0.047417,0.973979,logprobs,DekaLLM
13110,-55,121,0,0,0,0.119169,0.981578,logprobs,DekaLLM
13111,-55,123,0,0,0,0.119174,0.98398,logprobs,DekaLLM
13112,-55,125,0,0,0,0.075844,0.98243,logprobs,DekaLLM
13113,-55,127,0,0,0,0.047417,0.986609,logprobs,DekaLLM
13114,-55,129,0,0,0,0.075839,0.98552,logprobs,DekaLLM
13115,-55,131,0,0,0,0.269076,0.981183,logprobs,DekaLLM
13116,-55,133,0,0,0,0.269023,0.988162,logprobs,DekaLLM
13117,-55,135,0,0,0,0.119182,0.982362,logprobs,DekaLLM
13118,-55,137,0,0,0,0.119182,0.986787,logprobs,DekaLLM
13119,-55,139,0,0,0,0.047417,0.987054,logprobs,DekaLLM
13120,-55,141,0,0,0,0.182478,0.982136,logprobs,DekaLLM
13121,-55,143,0,0,0,0.11924,0.986199,logprobs,DekaLLM
13122,-55,145,0,0,0,0.119182,0.98036,logprobs,DekaLLM
13123,-55,147,0,0,0,0.182459,0.983431,logprobs,DekaLLM
13124,-55,149,0,0,0,0.26901,0.981902,logprobs,DekaLLM
13125,-55,151,0,0,0,0.119174,0.982385,logprobs,DekaLLM
13126,-55,153,0,0,0,0.075844,0.985915,logprobs,DekaLLM
13127,-55,155,0,0,0,0.047417,0.987565,logprobs,DekaLLM
13128,-55,157,0,0,0,0.017983,0.985229,logprobs,DekaLLM
13129,-55,159,0,0,0,0.029304,0.984198,logprobs,DekaLLM
13130,-55,161,0,0,0,0.029307,0.990636,logprobs,DekaLLM
13131,-55,163,0,0,0,0.029307,0.986858,logprobs,DekaLLM
13132,-55,165,0,0,0,0.029307,0.988262,logprobs,DekaLLM
13133,-55,167,0,0,0,0.017981,0.981678,logprobs,DekaLLM
13134,-55,169,0,0,0,0.017983,0.989875,logprobs,DekaLLM
13135,-55,171,0,0,0,0.047413,0.979437,logprobs,DekaLLM
13136,-55,173,0,0,0,0.029307,0.986626,logprobs,DekaLLM
13137,-55,175,0,0,0,0.029307,0.988388,logprobs,DekaLLM
13138,-55,177,0,0,0,0.047413,0.987298,logprobs,DekaLLM
13139,-55,179,0,0,0,0.047417,0.984406,logprobs,DekaLLM
13140,-57,-179,0,0,0,0.029307,0.98871,logprobs,DekaLLM
13141,-57,-177,0,0,0,0.017983,0.982017,logprobs,DekaLLM
13142,-57,-175,0,0,0,0.017984,0.987549,logprobs,DekaLLM
13143,-57,-173,0,0,0,0.017983,0.985791,logprobs,DekaLLM
13144,-57,-171,0,0,0,0.010986,0.993449,logprobs,DekaLLM
13145,-57,-169,0,0,0,0.00407,0.989043,logprobs,DekaLLM
13146,-57,-167,0,0,0,0.00407,0.988629,logprobs,DekaLLM
13147,-57,-165,0,0,0,0.00407,0.990918,logprobs,DekaLLM
13148,-57,-163,0,0,0,0.010985,0.985718,logprobs,DekaLLM
13149,-57,-161,0,0,0,0.006692,0.989034,logprobs,DekaLLM
13150,-57,-159,0,0,0,0.006692,0.985442,logprobs,DekaLLM
13151,-57,-157,0,0,0,0.017983,0.975034,logprobs,DekaLLM
13152,-57,-155,0,0,0,0.006692,0.988731,logprobs,DekaLLM
13153,-57,-153,0,0,0,0.01798,0.980797,logprobs,DekaLLM
13154,-57,-151,0,0,0,0.017983,0.983464,logprobs,DekaLLM
13155,-57,-149,0,0,0,0.017983,0.98103,logprobs,DekaLLM
13156,-57,-147,0,0,0,0.047413,0.984307,logprobs,DekaLLM
13157,-57,-145,0,0,0,0.010985,0.989667,logprobs,DekaLLM
13158,-57,-143,0,0,0,0.017983,0.984218,logprobs,DekaLLM
13159,-57,-141,0,0,0,0.017983,0.985316,logprobs,DekaLLM
13160,-57,-139,0,0,0,0.029304,0.986014,logprobs,DekaLLM
13161,-57,-137,0,0,0,0.029307,0.986454,logprobs,DekaLLM
13162,-57,-135,0,0,0,0.119174,0.986836,logprobs,DekaLLM
13163,-57,-133,0,0,0,0.029307,0.978396,logprobs,DekaLLM
13164,-57,-131,0,0,0,0.029307,0.981239,logprobs,DekaLLM
13165,-57,-129,0,0,0,0.029307,0.984769,logprobs,DekaLLM
13166,-57,-127,0,0,0,0.029307,0.983192,logprobs,DekaLLM
13167,-57,-125,0,0,0,0.047418,0.986635,logprobs,DekaLLM
13168,-57,-123,0,0,0,0.047413,0.978333,logprobs,DekaLLM
13169,-57,-121,0,0,0,0.119155,0.978945,logprobs,DekaLLM
13170,-57,-119,0,0,0,0.075844,0.986956,logprobs,DekaLLM
13171,-57,-117,0,0,0,0.182471,0.983511,logprobs,DekaLLM
13172,-57,-115,0,0,0,0.182478,0.979971,logprobs,DekaLLM
13173,-57,-113,0,0,0,0.377667,0.984357,logprobs,DekaLLM
13174,-57,-111,0,0,0,0.26901,0.982278,logprobs,DekaLLM
13175,-57,-109,0,0,0,0.075839,0.981973,logprobs,DekaLLM
13176,-57,-107,0,0,0,0.075826,0.972764,logprobs,DekaLLM
13177,-57,-105,0,0,0,0.11924,0.986897,logprobs,DekaLLM
13178,-57,-103,0,0,0,0.182459,0.977547,logprobs,DekaLLM
13179,-57,-101,0,0,0,0.119169,0.979905,logprobs,DekaLLM
13180,-57,-99,0,0,0,0.119169,0.980987,logprobs,DekaLLM
13181,-57,-97,0,0,0,0.119169,0.985066,logprobs,DekaLLM
13182,-57,-95,0,0,0,0.119182,0.983839,logprobs,DekaLLM
13183,-57,-93,0,0,0,0.075844,0.980208,logprobs,DekaLLM
13184,-57,-91,0,0,0,0.047417,0.981814,logprobs,DekaLLM
13185,-57,-89,0,0,0,0.075844,0.988224,logprobs,DekaLLM
13186,-57,-87,0,0,0,0.047411,0.98084,logprobs,DekaLLM
13187,-57,-85,0,0,0,0.119182,0.982363,logprobs,DekaLLM
13188,-57,-83,0,0,0,0.119169,0.982112,logprobs,DekaLLM
13189,-57,-81,0,0,0,0.182478,0.983239,logprobs,DekaLLM
13190,-57,-79,0,0,0,0.075839,0.978752,logprobs,DekaLLM
13191,-57,-77,0,0,0,0.119169,0.983154,logprobs,DekaLLM
13192,-57,-75,0,0,0,0.119169,0.979642,logprobs,DekaLLM
13193,-57,-73,0,0,0,0.075835,0.985766,logprobs,DekaLLM
13194,-57,-71,0,0,0,0.11924,0.981924,logprobs,DekaLLM
13195,-57,-69,0,0,0,0.11924,0.984482,logprobs,DekaLLM
13196,-57,-67,0,0,0,0.182445,0.986,logprobs,DekaLLM
13197,-57,-65,0,0,0,0.047417,0.986342,logprobs,DekaLLM
13198,-57,-63,0,0,0,0.119169,0.980019,logprobs,DekaLLM
13199,-57,-61,0,0,0,0.075839,0.984788,logprobs,DekaLLM
13200,-57,-59,0,0,0,0.075839,0.985719,logprobs,DekaLLM
13201,-57,-57,0,0,0,0.11924,0.988226,logprobs,DekaLLM
13202,-57,-55,0,0,0,0.182458,0.972489,logprobs,DekaLLM
13203,-57,-53,0,0,0,0.119335,0.986095,logprobs,DekaLLM
13204,-57,-51,0,0,0,0.182459,0.984846,logprobs,DekaLLM
13205,-57,-49,0,0,0,0.269076,0.979492,logprobs,DekaLLM
13206,-57,-47,0,0,0,0.269076,0.984506,logprobs,DekaLLM
13207,-57,-45,0,0,0,0.182478,0.984945,logprobs,DekaLLM
13208,-57,-43,0,0,0,0.182445,0.985357,logprobs,DekaLLM
13209,-57,-41,0,0,0,0.182458,0.980538,logprobs,DekaLLM
13210,-57,-39,0,0,0,0.182511,0.97946,logprobs,DekaLLM
13211,-57,-37,0,0,0,0.182478,0.984885,logprobs,DekaLLM
13212,-57,-35,0,0,0,0.182459,0.980522,logprobs,DekaLLM
13213,-57,-33,0,0,0,0.269076,0.981662,logprobs,DekaLLM
13214,-57,-31,0,0,0,0.377667,0.985241,logprobs,DekaLLM
13215,-57,-29,0,0,0,0.269076,0.981949,logprobs,DekaLLM
13216,-57,-27,0,0,0,0.377749,0.976074,logprobs,DekaLLM
13217,-57,-25,0,0,0,0.377671,0.981687,logprobs,DekaLLM
13218,-57,-23,0,0,1,0.500087,0.982237,logprobs,DekaLLM
13219,-57,-21,0,0,0,0.269076,0.983153,logprobs,DekaLLM
13220,-57,-19,0,0,0,0.268984,0.976341,logprobs,DekaLLM
13221,-57,-17,0,0,0,0.182478,0.978865,logprobs,DekaLLM
13222,-57,-15,0,0,0,0.269076,0.980122,logprobs,DekaLLM
13223,-57,-13,0,0,0,0.377671,0.984615,logprobs,DekaLLM
13224,-57,-11,0,0,0,0.377671,0.980808,logprobs,DekaLLM
13225,-57,-9,0,0,0,0.26901,0.976567,logprobs,DekaLLM
13226,-57,-7,0,0,0,0.269076,0.979776,logprobs,DekaLLM
13227,-57,-5,0,0,0,0.268944,0.974684,logprobs,DekaLLM
13228,-57,-3,0,0,0,0.182478,0.98132,logprobs,DekaLLM
13229,-57,-1,0,0,0,0.268967,0.980052,logprobs,DekaLLM
13230,-57,1,0,0,0,0.119169,0.982198,logprobs,DekaLLM
13231,-57,3,0,0,0,0.182478,0.984197,logprobs,DekaLLM
13232,-57,5,0,0,0,0.119182,0.982117,logprobs,DekaLLM
13233,-57,7,0,0,0,0.26901,0.972521,logprobs,DekaLLM
13234,-57,9,0,0,0,0.26901,0.972964,logprobs,DekaLLM
13235,-57,11,0,0,0,0.269076,0.976359,logprobs,DekaLLM
13236,-57,13,0,0,0,0.26901,0.978082,logprobs,DekaLLM
13237,-57,15,0,0,0,0.269076,0.982029,logprobs,DekaLLM
13238,-57,17,0,0,0,0.377671,0.979222,logprobs,DekaLLM
13239,-57,19,0,0,0,0.182459,0.98233,logprobs,DekaLLM
13240,-57,21,0,0,0,0.269076,0.981119,logprobs,DekaLLM
13241,-57,23,0,0,0,0.26901,0.97788,logprobs,DekaLLM
13242,-57,25,0,0,0,0.26901,0.975807,logprobs,DekaLLM
13243,-57,27,0,0,0,0.269076,0.97962,logprobs,DekaLLM
13244,-57,29,0,0,0,0.268984,0.972842,logprobs,DekaLLM
13245,-57,31,0,0,0,0.26901,0.975006,logprobs,DekaLLM
13246,-57,33,0,0,0,0.268901,0.975695,logprobs,DekaLLM
13247,-57,35,0,0,0,0.182395,0.982575,logprobs,DekaLLM
13248,-57,37,0,0,0,0.26901,0.974834,logprobs,DekaLLM
13249,-57,39,0,0,0,0.182478,0.97977,logprobs,DekaLLM
13250,-57,41,0,0,0,0.182445,0.98135,logprobs,DekaLLM
13251,-57,43,0,0,0,0.182377,0.979761,logprobs,DekaLLM
13252,-57,45,0,0,0,0.182478,0.980108,logprobs,DekaLLM
13253,-57,47,0,0,0,0.119155,0.980594,logprobs,DekaLLM
13254,-57,49,0,0,0,0.11924,0.981241,logprobs,DekaLLM
13255,-57,51,0,0,0,0.269033,0.982357,logprobs,DekaLLM
13256,-57,53,0,0,0,0.182457,0.983499,logprobs,DekaLLM
13257,-57,55,0,0,0,0.182528,0.98303,logprobs,DekaLLM
13258,-57,57,0,0,0,0.26901,0.981981,logprobs,DekaLLM
13259,-57,59,0,0,0,0.182458,0.976529,logprobs,DekaLLM
13260,-57,61,0,0,0,0.119182,0.975967,logprobs,DekaLLM
13261,-57,63,0,0,0,0.182459,0.979642,logprobs,DekaLLM
13262,-57,65,0,0,0,0.182478,0.977417,logprobs,DekaLLM
13263,-57,67,0,0,0,0.182478,0.976577,logprobs,DekaLLM
13264,-57,69,0,0,0,0.119232,0.982391,logprobs,DekaLLM
13265,-57,71,0,0,0,0.119182,0.983199,logprobs,DekaLLM
13266,-57,73,0,0,0,0.075844,0.981194,logprobs,DekaLLM
13267,-57,75,0,0,0,0.11924,0.98605,logprobs,DekaLLM
13268,-57,77,0,0,0,0.119182,0.983081,logprobs,DekaLLM
13269,-57,79,0,0,0,0.075844,0.981116,logprobs,DekaLLM
13270,-57,81,0,0,0,0.182459,0.981076,logprobs,DekaLLM
13271,-57,83,0,0,0,0.11919,0.982519,logprobs,DekaLLM
13272,-57,85,0,0,0,0.075844,0.984097,logprobs,DekaLLM
13273,-57,87,0,0,0,0.119169,0.974681,logprobs,DekaLLM
13274,-57,89,0,0,0,0.119169,0.979525,logprobs,DekaLLM
13275,-57,91,0,0,0,0.119182,0.986243,logprobs,DekaLLM
13276,-57,93,0,0,0,0.119169,0.982008,logprobs,DekaLLM
13277,-57,95,0,0,0,0.075844,0.98087,logprobs,DekaLLM
13278,-57,97,0,0,0,0.119169,0.971958,logprobs,DekaLLM
13279,-57,99,0,0,0,0.119182,0.982872,logprobs,DekaLLM
13280,-57,101,0,0,0,0.182458,0.974585,logprobs,DekaLLM
13281,-57,103,0,0,0,0.11924,0.983685,logprobs,DekaLLM
13282,-57,105,0,0,0,0.119155,0.97473,logprobs,DekaLLM
13283,-57,107,0,0,0,0.119298,0.982168,logprobs,DekaLLM
13284,-57,109,0,0,0,0.119182,0.981299,logprobs,DekaLLM
13285,-57,111,0,0,0,0.26905,0.977133,logprobs,DekaLLM
13286,-57,113,0,0,0,0.047417,0.98277,logprobs,DekaLLM
13287,-57,115,0,0,0,0.075839,0.98076,logprobs,DekaLLM
13288,-57,117,0,0,0,0.182445,0.987634,logprobs,DekaLLM
13289,-57,119,0,0,0,0.119169,0.982069,logprobs,DekaLLM
13290,-57,121,0,0,0,0.182459,0.977633,logprobs,DekaLLM
13291,-57,123,0,0,0,0.119182,0.982954,logprobs,DekaLLM
13292,-57,125,0,0,0,0.269076,0.976592,logprobs,DekaLLM
13293,-57,127,0,0,0,0.182509,0.98724,logprobs,DekaLLM
13294,-57,129,0,0,0,0.182458,0.96684,logprobs,DekaLLM
13295,-57,131,0,0,0,0.269023,0.985899,logprobs,DekaLLM
13296,-57,133,0,0,0,0.377671,0.984051,logprobs,DekaLLM
13297,-57,135,0,0,0,0.182528,0.983401,logprobs,DekaLLM
13298,-57,137,0,0,0,0.182377,0.981749,logprobs,DekaLLM
13299,-57,139,0,0,0,0.075839,0.980241,logprobs,DekaLLM
13300,-57,141,0,0,0,0.182478,0.983032,logprobs,DekaLLM
13301,-57,143,0,0,0,0.182478,0.979829,logprobs,DekaLLM
13302,-57,145,0,0,0,0.119169,0.984227,logprobs,DekaLLM
13303,-57,147,0,0,0,0.268984,0.978091,logprobs,DekaLLM
13304,-57,149,0,0,0,0.119155,0.977534,logprobs,DekaLLM
13305,-57,151,0,0,0,0.11924,0.984083,logprobs,DekaLLM
13306,-57,153,0,0,0,0.075835,0.970087,logprobs,DekaLLM
13307,-57,155,0,0,0,0.075844,0.980544,logprobs,DekaLLM
13308,-57,157,0,0,0,0.029307,0.983532,logprobs,DekaLLM
13309,-57,159,0,0,0,0.017983,0.982454,logprobs,DekaLLM
13310,-57,161,0,0,0,0.047413,0.98285,logprobs,DekaLLM
13311,-57,163,0,0,0,0.029307,0.986262,logprobs,DekaLLM
13312,-57,165,0,0,0,0.017983,0.986786,logprobs,DekaLLM
13313,-57,167,0,0,0,0.017983,0.986791,logprobs,DekaLLM
13314,-57,169,0,0,0,0.029304,0.981105,logprobs,DekaLLM
13315,-57,171,0,0,0,0.047418,0.986422,logprobs,DekaLLM
13316,-57,173,0,0,0,0.029307,0.984852,logprobs,DekaLLM
13317,-57,175,0,0,0,0.029307,0.986681,logprobs,DekaLLM
13318,-57,177,0,0,0,0.02931,0.98916,logprobs,DekaLLM
13319,-57,179,0,0,0,0.047417,0.984089,logprobs,DekaLLM
13320,-59,-179,0,0,0,0.017984,0.989034,logprobs,DekaLLM
13321,-59,-177,0,0,0,0.010986,0.986,logprobs,DekaLLM
13322,-59,-175,0,0,0,0.010986,0.990144,logprobs,DekaLLM
13323,-59,-173,0,0,0,0.010985,0.986925,logprobs,DekaLLM
13324,-59,-171,0,0,0,0.00407,0.989013,logprobs,DekaLLM
13325,-59,-169,0,0,0,0.00407,0.988377,logprobs,DekaLLM
13326,-59,-167,0,0,0,0.006692,0.990212,logprobs,DekaLLM
13327,-59,-165,0,0,0,0.00407,0.990303,logprobs,DekaLLM
13328,-59,-163,0,0,0,0.00407,0.990114,logprobs,DekaLLM
13329,-59,-161,0,0,0,0.006692,0.990026,logprobs,DekaLLM
13330,-59,-159,0,0,0,0.010985,0.988792,logprobs,DekaLLM
13331,-59,-157,0,0,0,0.010985,0.985939,logprobs,DekaLLM
13332,-59,-155,0,0,0,0.010985,0.977827,logprobs,DekaLLM
13333,-59,-153,0,0,0,0.017983,0.983817,logprobs,DekaLLM
13334,-59,-151,0,0,0,0.010985,0.986463,logprobs,DekaLLM
13335,-59,-149,0,0,0,0.010985,0.986678,logprobs,DekaLLM
13336,-59,-147,0,0,0,0.010985,0.987719,logprobs,DekaLLM
13337,-59,-145,0,0,0,0.006692,0.988354,logprobs,DekaLLM
13338,-59,-143,0,0,0,0.017983,0.985783,logprobs,DekaLLM
13339,-59,-141,0,0,0,0.029307,0.980256,logprobs,DekaLLM
13340,-59,-139,0,0,0,0.017983,0.988463,logprobs,DekaLLM
13341,-59,-137,0,0,0,0.017983,0.983021,logprobs,DekaLLM
13342,-59,-135,0,0,0,0.017983,0.986612,logprobs,DekaLLM
13343,-59,-133,0,0,0,0.029303,0.982411,logprobs,DekaLLM
13344,-59,-131,0,0,0,0.029307,0.987928,logprobs,DekaLLM
13345,-59,-129,0,0,0,0.029304,0.981677,logprobs,DekaLLM
13346,-59,-127,0,0,0,0.029304,0.983536,logprobs,DekaLLM
13347,-59,-125,0,0,0,0.029307,0.982001,logprobs,DekaLLM
13348,-59,-123,0,0,0,0.029307,0.987195,logprobs,DekaLLM
13349,-59,-121,0,0,0,0.029307,0.986694,logprobs,DekaLLM
13350,-59,-119,0,0,0,0.047413,0.977039,logprobs,DekaLLM
13351,-59,-117,0,0,0,0.182509,0.983793,logprobs,DekaLLM
13352,-59,-115,0,0,0,0.075839,0.980402,logprobs,DekaLLM
13353,-59,-113,0,0,0,0.182445,0.985176,logprobs,DekaLLM
13354,-59,-111,0,0,0,0.075839,0.985412,logprobs,DekaLLM
13355,-59,-109,0,0,0,0.075839,0.984516,logprobs,DekaLLM
13356,-59,-107,0,0,0,0.075839,0.986369,logprobs,DekaLLM
13357,-59,-105,0,0,0,0.047413,0.986394,logprobs,DekaLLM
13358,-59,-103,0,0,0,0.182395,0.982792,logprobs,DekaLLM
13359,-59,-101,0,0,0,0.075839,0.985579,logprobs,DekaLLM
13360,-59,-99,0,0,0,0.119169,0.981095,logprobs,DekaLLM
13361,-59,-97,0,0,0,0.119155,0.972501,logprobs,DekaLLM
13362,-59,-95,0,0,0,0.075835,0.977169,logprobs,DekaLLM
13363,-59,-93,0,0,0,0.075844,0.979726,logprobs,DekaLLM
13364,-59,-91,0,0,0,0.029304,0.982045,logprobs,DekaLLM
13365,-59,-89,0,0,0,0.119174,0.986465,logprobs,DekaLLM
13366,-59,-87,0,0,0,0.047417,0.985931,logprobs,DekaLLM
13367,-59,-85,0,0,0,0.075839,0.98275,logprobs,DekaLLM
13368,-59,-83,0,0,0,0.119227,0.986593,logprobs,DekaLLM
13369,-59,-81,0,0,0,0.11924,0.986806,logprobs,DekaLLM
13370,-59,-79,0,0,0,0.075835,0.978314,logprobs,DekaLLM
13371,-59,-77,0,0,0,0.119169,0.978199,logprobs,DekaLLM
13372,-59,-75,0,0,0,0.075839,0.983299,logprobs,DekaLLM
13373,-59,-73,0,0,0,0.119169,0.97935,logprobs,DekaLLM
13374,-59,-71,0,0,0,0.075839,0.982495,logprobs,DekaLLM
13375,-59,-69,0,0,0,0.075839,0.986216,logprobs,DekaLLM
13376,-59,-67,0,0,0,0.075844,0.985007,logprobs,DekaLLM
13377,-59,-65,0,0,0,0.075839,0.982884,logprobs,DekaLLM
13378,-59,-63,0,0,0,0.047413,0.980269,logprobs,DekaLLM
13379,-59,-61,0,0,0,0.075832,0.986358,logprobs,DekaLLM
13380,-59,-59,0,0,0,0.075844,0.979472,logprobs,DekaLLM
13381,-59,-57,0,0,0,0.075839,0.983133,logprobs,DekaLLM
13382,-59,-55,0,0,0,0.182478,0.983093,logprobs,DekaLLM
13383,-59,-53,0,0,0,0.119182,0.986854,logprobs,DekaLLM
13384,-59,-51,0,0,0,0.119169,0.979468,logprobs,DekaLLM
13385,-59,-49,0,0,0,0.119174,0.983033,logprobs,DekaLLM
13386,-59,-47,0,0,0,0.182478,0.979712,logprobs,DekaLLM
13387,-59,-45,0,0,0,0.047417,0.983549,logprobs,DekaLLM
13388,-59,-43,0,0,0,0.075844,0.98677,logprobs,DekaLLM
13389,-59,-41,0,0,0,0.11924,0.980828,logprobs,DekaLLM
13390,-59,-39,0,0,0,0.119169,0.978626,logprobs,DekaLLM
13391,-59,-37,0,0,0,0.119248,0.982416,logprobs,DekaLLM
13392,-59,-35,0,0,0,0.119169,0.980325,logprobs,DekaLLM
13393,-59,-33,0,0,0,0.182478,0.979269,logprobs,DekaLLM
13394,-59,-31,0,0,0,0.182528,0.983567,logprobs,DekaLLM
13395,-59,-29,0,0,0,0.268984,0.981244,logprobs,DekaLLM
13396,-59,-27,0,0,0,0.377619,0.984083,logprobs,DekaLLM
13397,-59,-25,0,0,0,0.269076,0.981665,logprobs,DekaLLM
13398,-59,-23,0,0,0,0.269026,0.984106,logprobs,DekaLLM
13399,-59,-21,0,0,0,0.119182,0.975742,logprobs,DekaLLM
13400,-59,-19,0,0,0,0.182478,0.977429,logprobs,DekaLLM
13401,-59,-17,0,0,0,0.268927,0.981564,logprobs,DekaLLM
13402,-59,-15,0,0,0,0.182395,0.982022,logprobs,DekaLLM
13403,-59,-13,0,0,0,0.182471,0.983473,logprobs,DekaLLM
13404,-59,-11,0,0,0,0.269076,0.978499,logprobs,DekaLLM
13405,-59,-9,0,0,0,0.268959,0.984072,logprobs,DekaLLM
13406,-59,-7,0,0,0,0.26897,0.981252,logprobs,DekaLLM
13407,-59,-5,0,0,0,0.11924,0.986672,logprobs,DekaLLM
13408,-59,-3,0,0,0,0.119169,0.98216,logprobs,DekaLLM
13409,-59,-1,0,0,0,0.119169,0.986221,logprobs,DekaLLM
13410,-59,1,0,0,0,0.119169,0.973342,logprobs,DekaLLM
13411,-59,3,0,0,0,0.119169,0.979565,logprobs,DekaLLM
13412,-59,5,0,0,0,0.119182,0.984566,logprobs,DekaLLM
13413,-59,7,0,0,0,0.268944,0.971642,logprobs,DekaLLM
13414,-59,9,0,0,0,0.182528,0.983005,logprobs,DekaLLM
13415,-59,11,0,0,0,0.182459,0.98184,logprobs,DekaLLM
13416,-59,13,0,0,0,0.26901,0.978233,logprobs,DekaLLM
13417,-59,15,0,0,0,0.268983,0.988079,logprobs,DekaLLM
13418,-59,17,0,0,0,0.182395,0.980081,logprobs,DekaLLM
13419,-59,19,0,0,0,0.182427,0.983307,logprobs,DekaLLM
13420,-59,21,0,0,0,0.182377,0.976086,logprobs,DekaLLM
13421,-59,23,0,0,0,0.182459,0.981215,logprobs,DekaLLM
13422,-59,25,0,0,0,0.182478,0.983339,logprobs,DekaLLM
13423,-59,27,0,0,0,0.182395,0.982332,logprobs,DekaLLM
13424,-59,29,0,0,0,0.182478,0.982406,logprobs,DekaLLM
13425,-59,31,0,0,0,0.182395,0.979536,logprobs,DekaLLM
13426,-59,33,0,0,0,0.182377,0.976845,logprobs,DekaLLM
13427,-59,35,0,0,0,0.119169,0.980388,logprobs,DekaLLM
13428,-59,37,0,0,0,0.075839,0.985849,logprobs,DekaLLM
13429,-59,39,0,0,0,0.182478,0.979776,logprobs,DekaLLM
13430,-59,41,0,0,0,0.119169,0.984607,logprobs,DekaLLM
13431,-59,43,0,0,0,0.119169,0.982355,logprobs,DekaLLM
13432,-59,45,0,0,0,0.11924,0.983867,logprobs,DekaLLM
13433,-59,47,0,0,0,0.075835,0.983477,logprobs,DekaLLM
13434,-59,49,0,0,0,0.119169,0.982328,logprobs,DekaLLM
13435,-59,51,0,0,0,0.11924,0.986267,logprobs,DekaLLM
13436,-59,53,0,0,0,0.182458,0.975928,logprobs,DekaLLM
13437,-59,55,0,0,0,0.182458,0.979648,logprobs,DekaLLM
13438,-59,57,0,0,0,0.182471,0.985441,logprobs,DekaLLM
13439,-59,59,0,0,0,0.182458,0.979265,logprobs,DekaLLM
13440,-59,61,0,0,0,0.119182,0.984082,logprobs,DekaLLM
13441,-59,63,0,0,0,0.075835,0.98365,logprobs,DekaLLM
13442,-59,65,0,0,0,0.119169,0.979292,logprobs,DekaLLM
13443,-59,67,0,0,0,0.075835,0.976001,logprobs,DekaLLM
13444,-59,69,0,0,0,0.11924,0.984223,logprobs,DekaLLM
13445,-59,71,0,0,0,0.182428,0.974974,logprobs,DekaLLM
13446,-59,73,0,0,0,0.075839,0.98175,logprobs,DekaLLM
13447,-59,75,0,0,0,0.119169,0.981283,logprobs,DekaLLM
13448,-59,77,0,0,0,0.119174,0.982789,logprobs,DekaLLM
13449,-59,79,0,0,0,0.182459,0.980958,logprobs,DekaLLM
13450,-59,81,0,0,0,0.11919,0.982475,logprobs,DekaLLM
13451,-59,83,0,0,0,0.119182,0.981597,logprobs,DekaLLM
13452,-59,85,0,0,0,0.075839,0.983901,logprobs,DekaLLM
13453,-59,87,0,0,0,0.075839,0.984215,logprobs,DekaLLM
13454,-59,89,0,0,0,0.119169,0.984801,logprobs,DekaLLM
13455,-59,91,0,0,0,0.075835,0.981916,logprobs,DekaLLM
13456,-59,93,0,0,0,0.075835,0.977135,logprobs,DekaLLM
13457,-59,95,0,0,0,0.047417,0.986836,logprobs,DekaLLM
13458,-59,97,0,0,0,0.047417,0.983724,logprobs,DekaLLM
13459,-59,99,0,0,0,0.075839,0.980064,logprobs,DekaLLM
13460,-59,101,0,0,0,0.119169,0.975684,logprobs,DekaLLM
13461,-59,103,0,0,0,0.119169,0.978002,logprobs,DekaLLM
13462,-59,105,0,0,0,0.119182,0.980268,logprobs,DekaLLM
13463,-59,107,0,0,0,0.119169,0.977709,logprobs,DekaLLM
13464,-59,109,0,0,0,0.119169,0.975636,logprobs,DekaLLM
13465,-59,111,0,0,0,0.182478,0.975945,logprobs,DekaLLM
13466,-59,113,0,0,0,0.029307,0.983009,logprobs,DekaLLM
13467,-59,115,0,0,0,0.075839,0.982929,logprobs,DekaLLM
13468,-59,117,0,0,0,0.047417,0.983915,logprobs,DekaLLM
13469,-59,119,0,0,0,0.047413,0.983649,logprobs,DekaLLM
13470,-59,121,0,0,0,0.075839,0.982201,logprobs,DekaLLM
13471,-59,123,0,0,0,0.075844,0.98228,logprobs,DekaLLM
13472,-59,125,0,0,0,0.119277,0.98294,logprobs,DekaLLM
13473,-59,127,0,0,0,0.075839,0.981823,logprobs,DekaLLM
13474,-59,129,0,0,0,0.119227,0.982933,logprobs,DekaLLM
13475,-59,131,0,0,0,0.182594,0.979149,logprobs,DekaLLM
13476,-59,133,0,0,0,0.182528,0.987404,logprobs,DekaLLM
13477,-59,135,0,0,0,0.11924,0.98393,logprobs,DekaLLM
13478,-59,137,0,0,0,0.18244,0.976712,logprobs,DekaLLM
13479,-59,139,0,0,0,0.119169,0.983382,logprobs,DekaLLM
13480,-59,141,0,0,0,0.182407,0.984635,logprobs,DekaLLM
13481,-59,143,0,0,0,0.182478,0.9782,logprobs,DekaLLM
13482,-59,145,0,0,0,0.119182,0.982492,logprobs,DekaLLM
13483,-59,147,0,0,0,0.119182,0.980958,logprobs,DekaLLM
13484,-59,149,0,0,0,0.182377,0.980947,logprobs,DekaLLM
13485,-59,151,0,0,0,0.182376,0.974817,logprobs,DekaLLM
13486,-59,153,0,0,0,0.075844,0.979724,logprobs,DekaLLM
13487,-59,155,0,0,0,0.075844,0.974027,logprobs,DekaLLM
13488,-59,157,0,0,0,0.047417,0.983536,logprobs,DekaLLM
13489,-59,159,0,0,0,0.029309,0.990331,logprobs,DekaLLM
13490,-59,161,0,0,0,0.047411,0.979424,logprobs,DekaLLM
13491,-59,163,0,0,0,0.017983,0.986709,logprobs,DekaLLM
13492,-59,165,0,0,0,0.017983,0.989056,logprobs,DekaLLM
13493,-59,167,0,0,0,0.029307,0.988082,logprobs,DekaLLM
13494,-59,169,0,0,0,0.017983,0.985118,logprobs,DekaLLM
13495,-59,171,0,0,0,0.029307,0.987643,logprobs,DekaLLM
13496,-59,173,0,0,0,0.017983,0.986287,logprobs,DekaLLM
13497,-59,175,0,0,0,0.017983,0.986609,logprobs,DekaLLM
13498,-59,177,0,0,0,0.017983,0.986539,logprobs,DekaLLM
13499,-59,179,0,0,0,0.047417,0.987643,logprobs,DekaLLM
13500,-61,-179,0,0,0,0.029307,0.987038,logprobs,DekaLLM
13501,-61,-177,0,0,0,0.010985,0.988791,logprobs,DekaLLM
13502,-61,-175,0,0,0,0.017983,0.98678,logprobs,DekaLLM
13503,-61,-173,0,0,0,0.010985,0.98682,logprobs,DekaLLM
13504,-61,-171,0,0,0,0.006692,0.988405,logprobs,DekaLLM
13505,-61,-169,0,0,0,0.010985,0.988824,logprobs,DekaLLM
13506,-61,-167,0,0,0,0.006692,0.985532,logprobs,DekaLLM
13507,-61,-165,0,0,0,0.010985,0.988957,logprobs,DekaLLM
13508,-61,-163,0,0,0,0.010985,0.984612,logprobs,DekaLLM
13509,-61,-161,0,0,0,0.006692,0.991596,logprobs,DekaLLM
13510,-61,-159,0,0,0,0.010985,0.986375,logprobs,DekaLLM
13511,-61,-157,0,0,0,0.010986,0.986353,logprobs,DekaLLM
13512,-61,-155,0,0,0,0.010985,0.990104,logprobs,DekaLLM
13513,-61,-153,0,0,0,0.017983,0.983044,logprobs,DekaLLM
13514,-61,-151,0,0,0,0.017983,0.981882,logprobs,DekaLLM
13515,-61,-149,0,0,0,0.017983,0.984615,logprobs,DekaLLM
13516,-61,-147,0,0,0,0.047417,0.985867,logprobs,DekaLLM
13517,-61,-145,0,0,0,0.029307,0.982775,logprobs,DekaLLM
13518,-61,-143,0,0,0,0.029309,0.986248,logprobs,DekaLLM
13519,-61,-141,0,0,0,0.029304,0.979361,logprobs,DekaLLM
13520,-61,-139,0,0,0,0.047413,0.976356,logprobs,DekaLLM
13521,-61,-137,0,0,0,0.029307,0.989587,logprobs,DekaLLM
13522,-61,-135,0,0,0,0.029307,0.980923,logprobs,DekaLLM
13523,-61,-133,0,0,0,0.047415,0.986311,logprobs,DekaLLM
13524,-61,-131,0,0,0,0.047418,0.988188,logprobs,DekaLLM
13525,-61,-129,0,0,0,0.047417,0.984667,logprobs,DekaLLM
13526,-61,-127,0,0,0,0.075835,0.978886,logprobs,DekaLLM
13527,-61,-125,0,0,0,0.029307,0.988763,logprobs,DekaLLM
13528,-61,-123,0,0,0,0.047411,0.973662,logprobs,DekaLLM
13529,-61,-121,0,0,0,0.029307,0.983843,logprobs,DekaLLM
13530,-61,-119,0,0,0,0.029303,0.98431,logprobs,DekaLLM
13531,-61,-117,0,0,0,0.182478,0.976302,logprobs,DekaLLM
13532,-61,-115,0,0,0,0.075839,0.981188,logprobs,DekaLLM
13533,-61,-113,0,0,0,0.182445,0.983727,logprobs,DekaLLM
13534,-61,-111,0,0,0,0.182478,0.9804,logprobs,DekaLLM
13535,-61,-109,0,0,0,0.119155,0.981404,logprobs,DekaLLM
13536,-61,-107,0,0,0,0.075844,0.989882,logprobs,DekaLLM
13537,-61,-105,0,0,0,0.182445,0.987526,logprobs,DekaLLM
13538,-61,-103,0,0,0,0.182478,0.98095,logprobs,DekaLLM
13539,-61,-101,0,0,0,0.26901,0.982224,logprobs,DekaLLM
13540,-61,-99,0,0,0,0.075839,0.98509,logprobs,DekaLLM
13541,-61,-97,0,0,0,0.26901,0.986194,logprobs,DekaLLM
13542,-61,-95,0,0,0,0.182458,0.980425,logprobs,DekaLLM
13543,-61,-93,0,0,0,0.11924,0.982042,logprobs,DekaLLM
13544,-61,-91,0,0,0,0.119174,0.986226,logprobs,DekaLLM
13545,-61,-89,0,0,0,0.182459,0.98211,logprobs,DekaLLM
13546,-61,-87,0,0,0,0.075844,0.979001,logprobs,DekaLLM
13547,-61,-85,0,0,0,0.11924,0.986847,logprobs,DekaLLM
13548,-61,-83,0,0,0,0.182459,0.980709,logprobs,DekaLLM
13549,-61,-81,0,0,0,0.182459,0.981885,logprobs,DekaLLM
13550,-61,-79,0,0,0,0.182478,0.979734,logprobs,DekaLLM
13551,-61,-77,0,0,0,0.182459,0.982602,logprobs,DekaLLM
13552,-61,-75,0,0,0,0.182445,0.984355,logprobs,DekaLLM
13553,-61,-73,0,0,0,0.119169,0.980021,logprobs,DekaLLM
13554,-61,-71,0,0,0,0.11924,0.985331,logprobs,DekaLLM
13555,-61,-69,0,0,0,0.119227,0.98241,logprobs,DekaLLM
13556,-61,-67,0,0,0,0.075839,0.984501,logprobs,DekaLLM
13557,-61,-65,0,0,0,0.04742,0.986848,logprobs,DekaLLM
13558,-61,-63,0,0,0,0.047413,0.98163,logprobs,DekaLLM
13559,-61,-61,0,0,0,0.119169,0.984231,logprobs,DekaLLM
13560,-61,-59,0,0,0,0.182377,0.982111,logprobs,DekaLLM
13561,-61,-57,0,0,0,0.182459,0.981924,logprobs,DekaLLM
13562,-61,-55,0,0,0,0.182478,0.987406,logprobs,DekaLLM
13563,-61,-53,0,0,0,0.182478,0.980359,logprobs,DekaLLM
13564,-61,-51,0,0,0,0.119182,0.968363,logprobs,DekaLLM
13565,-61,-49,0,0,0,0.11924,0.984371,logprobs,DekaLLM
13566,-61,-47,0,0,0,0.269076,0.981924,logprobs,DekaLLM
13567,-61,-45,0,0,0,0.11924,0.983764,logprobs,DekaLLM
13568,-61,-43,0,0,0,0.18244,0.975873,logprobs,DekaLLM
13569,-61,-41,0,0,0,0.182445,0.983444,logprobs,DekaLLM
13570,-61,-39,0,0,0,0.182478,0.975789,logprobs,DekaLLM
13571,-61,-37,0,0,0,0.11924,0.986908,logprobs,DekaLLM
13572,-61,-35,0,0,0,0.26901,0.98118,logprobs,DekaLLM
13573,-61,-33,0,0,0,0.377623,0.983312,logprobs,DekaLLM
13574,-61,-31,0,0,1,0.500135,0.982205,logprobs,DekaLLM
13575,-61,-29,0,0,0,0.268943,0.984419,logprobs,DekaLLM
13576,-61,-27,0,0,1,0.500135,0.977446,logprobs,DekaLLM
13577,-61,-25,0,0,0,0.377623,0.982079,logprobs,DekaLLM
13578,-61,-23,0,0,0,0.377619,0.984709,logprobs,DekaLLM
13579,-61,-21,0,0,0,0.26901,0.980041,logprobs,DekaLLM
13580,-61,-19,0,0,0,0.269076,0.978384,logprobs,DekaLLM
13581,-61,-17,0,0,0,0.269076,0.981465,logprobs,DekaLLM
13582,-61,-15,0,0,0,0.269076,0.979839,logprobs,DekaLLM
13583,-61,-13,0,0,0,0.269076,0.981355,logprobs,DekaLLM
13584,-61,-11,0,0,0,0.26901,0.979932,logprobs,DekaLLM
13585,-61,-9,0,0,0,0.37765,0.979689,logprobs,DekaLLM
13586,-61,-7,0,0,0,0.26901,0.977838,logprobs,DekaLLM
13587,-61,-5,0,0,0,0.26905,0.9885,logprobs,DekaLLM
13588,-61,-3,0,0,0,0.268984,0.973705,logprobs,DekaLLM
13589,-61,-1,0,0,0,0.182395,0.981816,logprobs,DekaLLM
13590,-61,1,0,0,0,0.182528,0.986775,logprobs,DekaLLM
13591,-61,3,0,0,0,0.182459,0.982952,logprobs,DekaLLM
13592,-61,5,0,0,0,0.268984,0.975581,logprobs,DekaLLM
13593,-61,7,0,0,0,0.377671,0.97623,logprobs,DekaLLM
13594,-61,9,0,0,0,0.269076,0.98036,logprobs,DekaLLM
13595,-61,11,0,0,0,0.377671,0.981186,logprobs,DekaLLM
13596,-61,13,0,0,0,0.377623,0.978362,logprobs,DekaLLM
13597,-61,15,0,0,0,0.377619,0.978893,logprobs,DekaLLM
13598,-61,17,0,0,0,0.37765,0.980612,logprobs,DekaLLM
13599,-61,19,0,0,0,0.26905,0.975479,logprobs,DekaLLM
13600,-61,21,0,0,0,0.377619,0.982329,logprobs,DekaLLM
13601,-61,23,0,0,0,0.268984,0.976698,logprobs,DekaLLM
13602,-61,25,0,0,0,0.377619,0.984099,logprobs,DekaLLM
13603,-61,27,0,0,0,0.26901,0.978785,logprobs,DekaLLM
13604,-61,29,0,0,0,0.269007,0.985937,logprobs,DekaLLM
13605,-61,31,0,0,0,0.182395,0.980079,logprobs,DekaLLM
13606,-61,33,0,0,0,0.268984,0.974328,logprobs,DekaLLM
13607,-61,35,0,0,0,0.18249,0.984165,logprobs,DekaLLM
13608,-61,37,0,0,0,0.182478,0.979812,logprobs,DekaLLM
13609,-61,39,0,0,0,0.182478,0.982777,logprobs,DekaLLM
13610,-61,41,0,0,0,0.182478,0.982237,logprobs,DekaLLM
13611,-61,43,0,0,0,0.182377,0.984415,logprobs,DekaLLM
13612,-61,45,0,0,0,0.182478,0.984605,logprobs,DekaLLM
13613,-61,47,0,0,0,0.119169,0.981942,logprobs,DekaLLM
13614,-61,49,0,0,0,0.182395,0.981302,logprobs,DekaLLM
13615,-61,51,0,0,0,0.11924,0.984184,logprobs,DekaLLM
13616,-61,53,0,0,0,0.11924,0.982164,logprobs,DekaLLM
13617,-61,55,0,0,0,0.182427,0.983264,logprobs,DekaLLM
13618,-61,57,0,0,0,0.182528,0.985088,logprobs,DekaLLM
13619,-61,59,0,0,0,0.268901,0.976473,logprobs,DekaLLM
13620,-61,61,0,0,0,0.269076,0.98047,logprobs,DekaLLM
13621,-61,63,0,0,0,0.182478,0.983784,logprobs,DekaLLM
13622,-61,65,0,0,0,0.182509,0.983596,logprobs,DekaLLM
13623,-61,67,0,0,0,0.11924,0.984048,logprobs,DekaLLM
13624,-61,69,0,0,0,0.182459,0.982792,logprobs,DekaLLM
13625,-61,71,0,0,0,0.075839,0.984062,logprobs,DekaLLM
13626,-61,73,0,0,0,0.075835,0.980094,logprobs,DekaLLM
13627,-61,75,0,0,0,0.119227,0.978912,logprobs,DekaLLM
13628,-61,77,0,0,0,0.119227,0.983989,logprobs,DekaLLM
13629,-61,79,0,0,0,0.119182,0.97997,logprobs,DekaLLM
13630,-61,81,0,0,0,0.182458,0.973689,logprobs,DekaLLM
13631,-61,83,0,0,0,0.182478,0.982223,logprobs,DekaLLM
13632,-61,85,0,0,0,0.119169,0.98507,logprobs,DekaLLM
13633,-61,87,0,0,0,0.119182,0.983773,logprobs,DekaLLM
13634,-61,89,0,0,0,0.182377,0.985344,logprobs,DekaLLM
13635,-61,91,0,0,0,0.119182,0.980148,logprobs,DekaLLM
13636,-61,93,0,0,0,0.075844,0.982019,logprobs,DekaLLM
13637,-61,95,0,0,0,0.075844,0.980341,logprobs,DekaLLM
13638,-61,97,0,0,0,0.119169,0.982648,logprobs,DekaLLM
13639,-61,99,0,0,0,0.119169,0.978644,logprobs,DekaLLM
13640,-61,101,0,0,0,0.182445,0.983828,logprobs,DekaLLM
13641,-61,103,0,0,0,0.075844,0.983776,logprobs,DekaLLM
13642,-61,105,0,0,0,0.075844,0.97807,logprobs,DekaLLM
13643,-61,107,0,0,0,0.119169,0.973681,logprobs,DekaLLM
13644,-61,109,0,0,0,0.075903,0.982733,logprobs,DekaLLM
13645,-61,111,0,0,0,0.11924,0.983182,logprobs,DekaLLM
13646,-61,113,0,0,0,0.119182,0.980664,logprobs,DekaLLM
13647,-61,115,0,0,0,0.11924,0.983282,logprobs,DekaLLM
13648,-61,117,0,0,0,0.11924,0.983095,logprobs,DekaLLM
13649,-61,119,0,0,0,0.075844,0.977951,logprobs,DekaLLM
13650,-61,121,0,0,0,0.119155,0.976143,logprobs,DekaLLM
13651,-61,123,0,0,0,0.075844,0.978516,logprobs,DekaLLM
13652,-61,125,0,0,0,0.182445,0.982055,logprobs,DekaLLM
13653,-61,127,0,0,0,0.119169,0.98179,logprobs,DekaLLM
13654,-61,129,0,0,0,0.26901,0.977304,logprobs,DekaLLM
13655,-61,131,0,0,0,0.269076,0.976604,logprobs,DekaLLM
13656,-61,133,0,0,0,0.269076,0.978195,logprobs,DekaLLM
13657,-61,135,0,0,0,0.11924,0.984142,logprobs,DekaLLM
13658,-61,137,0,0,0,0.182528,0.98408,logprobs,DekaLLM
13659,-61,139,0,0,0,0.119182,0.983017,logprobs,DekaLLM
13660,-61,141,0,0,0,0.268984,0.977836,logprobs,DekaLLM
13661,-61,143,0,0,0,0.182459,0.984403,logprobs,DekaLLM
13662,-61,145,0,0,0,0.075844,0.981034,logprobs,DekaLLM
13663,-61,147,0,0,0,0.182377,0.98036,logprobs,DekaLLM
13664,-61,149,0,0,0,0.182407,0.985046,logprobs,DekaLLM
13665,-61,151,0,0,0,0.182357,0.976387,logprobs,DekaLLM
13666,-61,153,0,0,0,0.075844,0.988181,logprobs,DekaLLM
13667,-61,155,0,0,0,0.075839,0.984973,logprobs,DekaLLM
13668,-61,157,0,0,0,0.047413,0.984264,logprobs,DekaLLM
13669,-61,159,0,0,0,0.029307,0.983514,logprobs,DekaLLM
13670,-61,161,0,0,0,0.047417,0.986223,logprobs,DekaLLM
13671,-61,163,0,0,0,0.047413,0.982323,logprobs,DekaLLM
13672,-61,165,0,0,0,0.029307,0.986231,logprobs,DekaLLM
13673,-61,167,0,0,0,0.010985,0.986915,logprobs,DekaLLM
13674,-61,169,0,0,0,0.029307,0.985756,logprobs,DekaLLM
13675,-61,171,0,0,0,0.047411,0.983383,logprobs,DekaLLM
13676,-61,173,0,0,0,0.029309,0.986402,logprobs,DekaLLM
13677,-61,175,0,0,0,0.029307,0.986436,logprobs,DekaLLM
13678,-61,177,0,0,0,0.029307,0.990474,logprobs,DekaLLM
13679,-61,179,0,0,0,0.047413,0.982426,logprobs,DekaLLM
13680,-63,-179,0,0,0,0.047417,0.989891,logprobs,DekaLLM
13681,-63,-177,0,0,0,0.029307,0.985601,logprobs,DekaLLM
13682,-63,-175,0,0,0,0.029307,0.986461,logprobs,DekaLLM
13683,-63,-173,0,0,0,0.029304,0.98191,logprobs,DekaLLM
13684,-63,-171,0,0,0,0.017983,0.988526,logprobs,DekaLLM
13685,-63,-169,0,0,0,0.010986,0.988242,logprobs,DekaLLM
13686,-63,-167,0,0,0,0.017982,0.978977,logprobs,DekaLLM
13687,-63,-165,0,0,0,0.017983,0.984626,logprobs,DekaLLM
13688,-63,-163,0,0,0,0.010985,0.985997,logprobs,DekaLLM
13689,-63,-161,0,0,0,0.029303,0.978469,logprobs,DekaLLM
13690,-63,-159,0,0,0,0.029307,0.983253,logprobs,DekaLLM
13691,-63,-157,0,0,0,0.047413,0.986212,logprobs,DekaLLM
13692,-63,-155,0,0,0,0.047417,0.986686,logprobs,DekaLLM
13693,-63,-153,0,0,0,0.029307,0.987704,logprobs,DekaLLM
13694,-63,-151,0,0,0,0.047417,0.983848,logprobs,DekaLLM
13695,-63,-149,0,0,0,0.119169,0.979011,logprobs,DekaLLM
13696,-63,-147,0,0,0,0.182459,0.982559,logprobs,DekaLLM
13697,-63,-145,0,0,0,0.047413,0.98562,logprobs,DekaLLM
13698,-63,-143,0,0,0,0.182511,0.977863,logprobs,DekaLLM
13699,-63,-141,0,0,0,0.182459,0.983581,logprobs,DekaLLM
13700,-63,-139,0,0,0,0.119169,0.981958,logprobs,DekaLLM
13701,-63,-137,0,0,0,0.047413,0.985236,logprobs,DekaLLM
13702,-63,-135,0,0,0,0.119277,0.982938,logprobs,DekaLLM
13703,-63,-133,0,0,0,0.119248,0.985112,logprobs,DekaLLM
13704,-63,-131,0,0,0,0.119174,0.97936,logprobs,DekaLLM
13705,-63,-129,0,0,0,0.119169,0.97866,logprobs,DekaLLM
13706,-63,-127,0,0,0,0.119155,0.971041,logprobs,DekaLLM
13707,-63,-125,0,0,0,0.075844,0.986827,logprobs,DekaLLM
13708,-63,-123,0,0,0,0.11924,0.986116,logprobs,DekaLLM
13709,-63,-121,0,0,0,0.182458,0.972219,logprobs,DekaLLM
13710,-63,-119,0,0,0,0.075835,0.983066,logprobs,DekaLLM
13711,-63,-117,0,0,0,0.269076,0.982677,logprobs,DekaLLM
13712,-63,-115,0,0,0,0.182478,0.983004,logprobs,DekaLLM
13713,-63,-113,0,0,0,0.377749,0.975285,logprobs,DekaLLM
13714,-63,-111,0,0,0,0.269076,0.9763,logprobs,DekaLLM
13715,-63,-109,0,0,0,0.182531,0.975712,logprobs,DekaLLM
13716,-63,-107,0,0,0,0.269076,0.981591,logprobs,DekaLLM
13717,-63,-105,0,0,0,0.269076,0.982185,logprobs,DekaLLM
13718,-63,-103,0,0,1,0.500189,0.979238,logprobs,DekaLLM
13719,-63,-101,0,0,0,0.182478,0.978336,logprobs,DekaLLM
13720,-63,-99,0,0,0,0.119169,0.978738,logprobs,DekaLLM
13721,-63,-97,0,0,0,0.26901,0.979886,logprobs,DekaLLM
13722,-63,-95,0,0,0,0.182531,0.977393,logprobs,DekaLLM
13723,-63,-93,0,0,0,0.269076,0.983319,logprobs,DekaLLM
13724,-63,-91,0,0,0,0.075839,0.983134,logprobs,DekaLLM
13725,-63,-89,0,0,0,0.269076,0.983317,logprobs,DekaLLM
13726,-63,-87,0,0,0,0.182458,0.975857,logprobs,DekaLLM
13727,-63,-85,0,0,0,0.269076,0.98174,logprobs,DekaLLM
13728,-63,-83,0,0,0,0.377592,0.977781,logprobs,DekaLLM
13729,-63,-81,0,0,0,0.269076,0.98274,logprobs,DekaLLM
13730,-63,-79,0,0,0,0.26905,0.976195,logprobs,DekaLLM
13731,-63,-77,0,0,0,0.182478,0.979542,logprobs,DekaLLM
13732,-63,-75,0,0,0,0.182478,0.97381,logprobs,DekaLLM
13733,-63,-73,0,0,0,0.182459,0.986169,logprobs,DekaLLM
13734,-63,-71,0,0,0,0.182478,0.977553,logprobs,DekaLLM
13735,-63,-69,0,0,0,0.119169,0.979359,logprobs,DekaLLM
13736,-63,-67,0,0,0,0.075844,0.973501,logprobs,DekaLLM
13737,-63,-65,0,0,0,0.119155,0.978098,logprobs,DekaLLM
13738,-63,-63,0,0,0,0.182478,0.983109,logprobs,DekaLLM
13739,-63,-61,0,0,0,0.182509,0.981804,logprobs,DekaLLM
13740,-63,-59,0,0,0,0.182459,0.981704,logprobs,DekaLLM
13741,-63,-57,0,0,0,0.182478,0.979139,logprobs,DekaLLM
13742,-63,-55,0,0,0,0.182478,0.984752,logprobs,DekaLLM
13743,-63,-53,0,0,0,0.182376,0.978981,logprobs,DekaLLM
13744,-63,-51,0,0,0,0.182395,0.980532,logprobs,DekaLLM
13745,-63,-49,0,0,0,0.269076,0.982236,logprobs,DekaLLM
13746,-63,-47,0,0,0,0.182459,0.983217,logprobs,DekaLLM
13747,-63,-45,0,0,0,0.182377,0.97634,logprobs,DekaLLM
13748,-63,-43,0,0,0,0.268944,0.975036,logprobs,DekaLLM
13749,-63,-41,0,0,0,0.119277,0.976519,logprobs,DekaLLM
13750,-63,-39,0,0,0,0.269076,0.978352,logprobs,DekaLLM
13751,-63,-37,0,0,0,0.182478,0.979709,logprobs,DekaLLM
13752,-63,-35,0,0,0,0.182478,0.987618,logprobs,DekaLLM
13753,-63,-33,0,0,0,0.269076,0.981985,logprobs,DekaLLM
13754,-63,-31,0,0,1,0.500138,0.982687,logprobs,DekaLLM
13755,-63,-29,0,0,0,0.269147,0.982088,logprobs,DekaLLM
13756,-63,-27,0,0,1,0.500135,0.980947,logprobs,DekaLLM
13757,-63,-25,0,0,1,0.500084,0.980979,logprobs,DekaLLM
13758,-63,-23,0,0,1,0.500138,0.98405,logprobs,DekaLLM
13759,-63,-21,0,0,0,0.26901,0.977635,logprobs,DekaLLM
13760,-63,-19,0,0,0,0.269076,0.987877,logprobs,DekaLLM
13761,-63,-17,0,0,0,0.269076,0.981951,logprobs,DekaLLM
13762,-63,-15,0,0,0,0.377749,0.97701,logprobs,DekaLLM
13763,-63,-13,0,0,0,0.377749,0.975161,logprobs,DekaLLM
13764,-63,-11,0,0,0,0.377749,0.976679,logprobs,DekaLLM
13765,-63,-9,0,0,0,0.377671,0.984425,logprobs,DekaLLM
13766,-63,-7,0,0,0,0.269076,0.981923,logprobs,DekaLLM
13767,-63,-5,0,0,0,0.26901,0.983524,logprobs,DekaLLM
13768,-63,-3,0,0,0,0.269076,0.981782,logprobs,DekaLLM
13769,-63,-1,0,0,0,0.26901,0.973559,logprobs,DekaLLM
13770,-63,1,0,0,0,0.268901,0.97831,logprobs,DekaLLM
13771,-63,3,0,0,0,0.26901,0.976874,logprobs,DekaLLM
13772,-63,5,0,0,0,0.377623,0.981059,logprobs,DekaLLM
13773,-63,7,0,0,0,0.377667,0.980856,logprobs,DekaLLM
13774,-63,9,0,0,0,0.377749,0.975632,logprobs,DekaLLM
13775,-63,11,0,0,1,0.500135,0.975085,logprobs,DekaLLM
13776,-63,13,0,0,0,0.377749,0.971266,logprobs,DekaLLM
13777,-63,15,0,0,0,0.26901,0.977275,logprobs,DekaLLM
13778,-63,17,0,0,0,0.377702,0.981077,logprobs,DekaLLM
13779,-63,19,0,0,0,0.269076,0.976882,logprobs,DekaLLM
13780,-63,21,0,0,0,0.269036,0.979776,logprobs,DekaLLM
13781,-63,23,0,0,0,0.269076,0.978302,logprobs,DekaLLM
13782,-63,25,0,0,0,0.18254,0.985211,logprobs,DekaLLM
13783,-63,27,0,0,0,0.269076,0.982404,logprobs,DekaLLM
13784,-63,29,0,0,0,0.269076,0.979185,logprobs,DekaLLM
13785,-63,31,0,0,0,0.26901,0.974843,logprobs,DekaLLM
13786,-63,33,0,0,0,0.269076,0.974946,logprobs,DekaLLM
13787,-63,35,0,0,0,0.182531,0.982754,logprobs,DekaLLM
13788,-63,37,0,0,0,0.268967,0.982419,logprobs,DekaLLM
13789,-63,39,0,0,0,0.26901,0.979151,logprobs,DekaLLM
13790,-63,41,0,0,0,0.182478,0.982343,logprobs,DekaLLM
13791,-63,43,0,0,0,0.18249,0.983,logprobs,DekaLLM
13792,-63,45,0,0,0,0.377572,0.973773,logprobs,DekaLLM
13793,-63,47,0,0,0,0.182427,0.988144,logprobs,DekaLLM
13794,-63,49,0,0,0,0.269076,0.97819,logprobs,DekaLLM
13795,-63,51,0,0,0,0.269076,0.978184,logprobs,DekaLLM
13796,-63,53,0,0,0,0.26901,0.979201,logprobs,DekaLLM
13797,-63,55,0,0,0,0.269076,0.978121,logprobs,DekaLLM
13798,-63,57,0,0,0,0.269076,0.979342,logprobs,DekaLLM
13799,-63,59,0,0,0,0.26901,0.9754,logprobs,DekaLLM
13800,-63,61,0,0,0,0.377619,0.984433,logprobs,DekaLLM
13801,-63,63,0,0,0,0.377702,0.979194,logprobs,DekaLLM
13802,-63,65,0,0,0,0.26901,0.978587,logprobs,DekaLLM
13803,-63,67,0,0,0,0.26901,0.977972,logprobs,DekaLLM
13804,-63,69,0,0,0,0.18244,0.981112,logprobs,DekaLLM
13805,-63,71,0,0,0,0.182365,0.976407,logprobs,DekaLLM
13806,-63,73,0,0,0,0.182459,0.981448,logprobs,DekaLLM
13807,-63,75,0,0,0,0.182395,0.983881,logprobs,DekaLLM
13808,-63,77,0,0,0,0.182459,0.978697,logprobs,DekaLLM
13809,-63,79,0,0,0,0.182531,0.973954,logprobs,DekaLLM
13810,-63,81,0,0,0,0.182478,0.98024,logprobs,DekaLLM
13811,-63,83,0,0,0,0.269052,0.983245,logprobs,DekaLLM
13812,-63,85,0,0,0,0.268986,0.984074,logprobs,DekaLLM
13813,-63,87,0,0,0,0.269076,0.97686,logprobs,DekaLLM
13814,-63,89,0,0,0,0.182458,0.977042,logprobs,DekaLLM
13815,-63,91,0,0,0,0.119182,0.983815,logprobs,DekaLLM
13816,-63,93,0,0,0,0.182478,0.971313,logprobs,DekaLLM
13817,-63,95,0,0,0,0.11924,0.986834,logprobs,DekaLLM
13818,-63,97,0,0,0,0.182478,0.984429,logprobs,DekaLLM
13819,-63,99,0,0,0,0.182478,0.978639,logprobs,DekaLLM
13820,-63,101,0,0,0,0.182511,0.967875,logprobs,DekaLLM
13821,-63,103,0,0,0,0.182377,0.973014,logprobs,DekaLLM
13822,-63,105,0,0,0,0.182459,0.983992,logprobs,DekaLLM
13823,-63,107,0,0,0,0.182377,0.973183,logprobs,DekaLLM
13824,-63,109,0,0,0,0.119182,0.977816,logprobs,DekaLLM
13825,-63,111,0,0,0,0.26901,0.976943,logprobs,DekaLLM
13826,-63,113,0,0,0,0.119174,0.980417,logprobs,DekaLLM
13827,-63,115,0,0,0,0.182459,0.976668,logprobs,DekaLLM
13828,-63,117,0,0,0,0.182478,0.975293,logprobs,DekaLLM
13829,-63,119,0,0,0,0.18254,0.975998,logprobs,DekaLLM
13830,-63,121,0,0,0,0.26901,0.978237,logprobs,DekaLLM
13831,-63,123,0,0,0,0.26901,0.977724,logprobs,DekaLLM
13832,-63,125,0,0,0,0.182459,0.983061,logprobs,DekaLLM
13833,-63,127,0,0,0,0.182478,0.973729,logprobs,DekaLLM
13834,-63,129,0,0,0,0.26901,0.975345,logprobs,DekaLLM
13835,-63,131,0,0,0,0.26901,0.977669,logprobs,DekaLLM
13836,-63,133,0,0,0,0.269076,0.977265,logprobs,DekaLLM
13837,-63,135,0,0,0,0.269076,0.97786,logprobs,DekaLLM
13838,-63,137,0,0,0,0.182471,0.982997,logprobs,DekaLLM
13839,-63,139,0,0,0,0.182511,0.973886,logprobs,DekaLLM
13840,-63,141,0,0,0,0.377749,0.971703,logprobs,DekaLLM
13841,-63,143,0,0,0,0.26905,0.976134,logprobs,DekaLLM
13842,-63,145,0,0,0,0.11924,0.980605,logprobs,DekaLLM
13843,-63,147,0,0,0,0.182478,0.986824,logprobs,DekaLLM
13844,-63,149,0,0,0,0.269076,0.983488,logprobs,DekaLLM
13845,-63,151,0,0,0,0.182377,0.982241,logprobs,DekaLLM
13846,-63,153,0,0,0,0.11919,0.982483,logprobs,DekaLLM
13847,-63,155,0,0,0,0.182439,0.984952,logprobs,DekaLLM
13848,-63,157,0,0,0,0.047417,0.983878,logprobs,DekaLLM
13849,-63,159,0,0,0,0.047417,0.973815,logprobs,DekaLLM
13850,-63,161,0,0,0,0.075844,0.982003,logprobs,DekaLLM
13851,-63,163,0,0,0,0.047417,0.985831,logprobs,DekaLLM
13852,-63,165,0,0,0,0.029307,0.986357,logprobs,DekaLLM
13853,-63,167,0,0,0,0.047417,0.985982,logprobs,DekaLLM
13854,-63,169,0,0,0,0.047417,0.986182,logprobs,DekaLLM
13855,-63,171,0,0,0,0.075844,0.988416,logprobs,DekaLLM
13856,-63,173,0,0,0,0.029307,0.985267,logprobs,DekaLLM
13857,-63,175,0,0,0,0.047417,0.987121,logprobs,DekaLLM
13858,-63,177,0,0,0,0.047417,0.981636,logprobs,DekaLLM
13859,-63,179,0,0,0,0.075839,0.982811,logprobs,DekaLLM
13860,-65,-179,0,0,0,0.075844,0.986386,logprobs,DekaLLM
13861,-65,-177,0,0,0,0.017983,0.986927,logprobs,DekaLLM
13862,-65,-175,0,0,0,0.017983,0.989014,logprobs,DekaLLM
13863,-65,-173,0,0,0,0.017982,0.987347,logprobs,DekaLLM
13864,-65,-171,0,0,0,0.010985,0.990043,logprobs,DekaLLM
13865,-65,-169,0,0,0,0.010985,0.987109,logprobs,DekaLLM
13866,-65,-167,0,0,0,0.010985,0.987133,logprobs,DekaLLM
13867,-65,-165,0,0,0,0.006692,0.991433,logprobs,DekaLLM
13868,-65,-163,0,0,0,0.006692,0.991781,logprobs,DekaLLM
13869,-65,-161,0,0,0,0.010986,0.990688,logprobs,DekaLLM
13870,-65,-159,0,0,0,0.017983,0.984449,logprobs,DekaLLM
13871,-65,-157,0,0,0,0.010985,0.990069,logprobs,DekaLLM
13872,-65,-155,0,0,0,0.017983,0.984968,logprobs,DekaLLM
13873,-65,-153,0,0,0,0.029307,0.984728,logprobs,DekaLLM
13874,-65,-151,0,0,0,0.010985,0.988655,logprobs,DekaLLM
13875,-65,-149,0,0,0,0.017983,0.986876,logprobs,DekaLLM
13876,-65,-147,0,0,0,0.075839,0.983304,logprobs,DekaLLM
13877,-65,-145,0,0,0,0.047413,0.984577,logprobs,DekaLLM
13878,-65,-143,0,0,0,0.119169,0.983778,logprobs,DekaLLM
13879,-65,-141,0,0,0,0.119169,0.981958,logprobs,DekaLLM
13880,-65,-139,0,0,0,0.075839,0.9865,logprobs,DekaLLM
13881,-65,-137,0,0,0,0.04742,0.986096,logprobs,DekaLLM
13882,-65,-135,0,0,0,0.075844,0.986994,logprobs,DekaLLM
13883,-65,-133,0,0,0,0.075839,0.982087,logprobs,DekaLLM
13884,-65,-131,0,0,0,0.075844,0.98626,logprobs,DekaLLM
13885,-65,-129,0,0,0,0.029304,0.984055,logprobs,DekaLLM
13886,-65,-127,0,0,0,0.075844,0.984957,logprobs,DekaLLM
13887,-65,-125,0,0,0,0.047417,0.98632,logprobs,DekaLLM
13888,-65,-123,0,0,0,0.075839,0.986238,logprobs,DekaLLM
13889,-65,-121,0,0,0,0.075835,0.972905,logprobs,DekaLLM
13890,-65,-119,0,0,0,0.119169,0.979521,logprobs,DekaLLM
13891,-65,-117,0,0,0,0.269076,0.980419,logprobs,DekaLLM
13892,-65,-115,0,0,0,0.182478,0.989618,logprobs,DekaLLM
13893,-65,-113,0,0,0,0.269076,0.982125,logprobs,DekaLLM
13894,-65,-111,0,0,0,0.269036,0.980337,logprobs,DekaLLM
13895,-65,-109,0,0,0,0.11924,0.986921,logprobs,DekaLLM
13896,-65,-107,0,0,0,0.182459,0.984481,logprobs,DekaLLM
13897,-65,-105,0,0,0,0.269023,0.987416,logprobs,DekaLLM
13898,-65,-103,0,0,0,0.269076,0.981655,logprobs,DekaLLM
13899,-65,-101,0,0,0,0.182459,0.980967,logprobs,DekaLLM
13900,-65,-99,0,0,0,0.119227,0.985614,logprobs,DekaLLM
13901,-65,-97,0,0,0,0.269076,0.980001,logprobs,DekaLLM
13902,-65,-95,0,0,0,0.18249,0.984162,logprobs,DekaLLM
13903,-65,-93,0,0,0,0.182459,0.984576,logprobs,DekaLLM
13904,-65,-91,0,0,0,0.182427,0.985516,logprobs,DekaLLM
13905,-65,-89,0,0,0,0.268967,0.984245,logprobs,DekaLLM
13906,-65,-87,0,0,0,0.182509,0.986984,logprobs,DekaLLM
13907,-65,-85,0,0,0,0.269076,0.980421,logprobs,DekaLLM
13908,-65,-83,0,0,0,0.182459,0.982912,logprobs,DekaLLM
13909,-65,-81,0,0,0,0.182478,0.981172,logprobs,DekaLLM
13910,-65,-79,0,0,0,0.119169,0.980139,logprobs,DekaLLM
13911,-65,-77,0,0,0,0.182459,0.980455,logprobs,DekaLLM
13912,-65,-75,0,0,0,0.119182,0.981637,logprobs,DekaLLM
13913,-65,-73,0,0,0,0.182377,0.982969,logprobs,DekaLLM
13914,-65,-71,0,0,0,0.119169,0.977355,logprobs,DekaLLM
13915,-65,-69,0,0,0,0.182459,0.985772,logprobs,DekaLLM
13916,-65,-67,0,0,0,0.075839,0.985961,logprobs,DekaLLM
13917,-65,-65,0,0,0,0.11924,0.986816,logprobs,DekaLLM
13918,-65,-63,1,1,0,0.11924,0.98518,logprobs,DekaLLM
13919,-65,-61,0,0,0,0.119174,0.989278,logprobs,DekaLLM
13920,-65,-59,0,0,0,0.268986,0.983868,logprobs,DekaLLM
13921,-65,-57,0,0,0,0.269076,0.978549,logprobs,DekaLLM
13922,-65,-55,0,0,0,0.182478,0.980326,logprobs,DekaLLM
13923,-65,-53,0,0,0,0.26905,0.98261,logprobs,DekaLLM
13924,-65,-51,0,0,0,0.269076,0.980545,logprobs,DekaLLM
13925,-65,-49,0,0,0,0.26901,0.98029,logprobs,DekaLLM
13926,-65,-47,0,0,0,0.268967,0.984856,logprobs,DekaLLM
13927,-65,-45,0,0,0,0.26901,0.975685,logprobs,DekaLLM
13928,-65,-43,0,0,0,0.269076,0.982432,logprobs,DekaLLM
13929,-65,-41,0,0,0,0.18249,0.986234,logprobs,DekaLLM
13930,-65,-39,0,0,0,0.269076,0.979617,logprobs,DekaLLM
13931,-65,-37,0,0,0,0.269076,0.979235,logprobs,DekaLLM
13932,-65,-35,0,0,0,0.377619,0.97965,logprobs,DekaLLM
13933,-65,-33,0,0,1,0.500189,0.973736,logprobs,DekaLLM
13934,-65,-31,0,0,1,0.622637,0.981972,logprobs,DekaLLM
13935,-65,-29,0,0,1,0.500168,0.976168,logprobs,DekaLLM
13936,-65,-27,0,0,1,0.622666,0.983326,logprobs,DekaLLM
13937,-65,-25,0,0,1,0.500189,0.978482,logprobs,DekaLLM
13938,-65,-23,0,0,1,0.622586,0.984634,logprobs,DekaLLM
13939,-65,-21,0,0,0,0.377671,0.985292,logprobs,DekaLLM
13940,-65,-19,0,0,0,0.377671,0.979589,logprobs,DekaLLM
13941,-65,-17,0,0,0,0.269076,0.984866,logprobs,DekaLLM
13942,-65,-15,0,0,0,0.269076,0.983375,logprobs,DekaLLM
13943,-65,-13,0,0,0,0.377623,0.977458,logprobs,DekaLLM
13944,-65,-11,0,0,0,0.377619,0.980659,logprobs,DekaLLM
13945,-65,-9,0,0,0,0.377619,0.983633,logprobs,DekaLLM
13946,-65,-7,0,0,0,0.269116,0.982092,logprobs,DekaLLM
13947,-65,-5,0,0,0,0.269049,0.985346,logprobs,DekaLLM
13948,-65,-3,0,0,0,0.26901,0.98297,logprobs,DekaLLM
13949,-65,-1,0,0,0,0.377671,0.978722,logprobs,DekaLLM
13950,-65,1,0,0,0,0.182407,0.986562,logprobs,DekaLLM
13951,-65,3,0,0,0,0.182528,0.984105,logprobs,DekaLLM
13952,-65,5,0,0,0,0.269076,0.982553,logprobs,DekaLLM
13953,-65,7,0,0,0,0.269076,0.9828,logprobs,DekaLLM
13954,-65,9,0,0,0,0.377702,0.980879,logprobs,DekaLLM
13955,-65,11,0,0,0,0.269076,0.977527,logprobs,DekaLLM
13956,-65,13,0,0,0,0.377619,0.980194,logprobs,DekaLLM
13957,-65,15,0,0,0,0.377572,0.979466,logprobs,DekaLLM
13958,-65,17,0,0,0,0.377623,0.978344,logprobs,DekaLLM
13959,-65,19,0,0,1,0.500135,0.979897,logprobs,DekaLLM
13960,-65,21,0,0,0,0.377619,0.979664,logprobs,DekaLLM
13961,-65,23,0,0,0,0.26901,0.975617,logprobs,DekaLLM
13962,-65,25,0,0,0,0.377671,0.982706,logprobs,DekaLLM
13963,-65,27,0,0,0,0.377749,0.981982,logprobs,DekaLLM
13964,-65,29,0,0,0,0.377702,0.979766,logprobs,DekaLLM
13965,-65,31,0,0,0,0.377623,0.974977,logprobs,DekaLLM
13966,-65,33,0,0,0,0.377619,0.97902,logprobs,DekaLLM
13967,-65,35,0,0,0,0.26901,0.975756,logprobs,DekaLLM
13968,-65,37,0,0,0,0.18254,0.98347,logprobs,DekaLLM
13969,-65,39,0,0,0,0.269076,0.980963,logprobs,DekaLLM
13970,-65,41,0,0,0,0.182478,0.98123,logprobs,DekaLLM
13971,-65,43,0,0,0,0.182478,0.980629,logprobs,DekaLLM
13972,-65,45,0,0,0,0.377572,0.978359,logprobs,DekaLLM
13973,-65,47,0,0,0,0.18254,0.982886,logprobs,DekaLLM
13974,-65,49,0,0,0,0.377619,0.984223,logprobs,DekaLLM
13975,-65,51,0,0,0,0.269076,0.98248,logprobs,DekaLLM
13976,-65,53,0,0,0,0.377619,0.979883,logprobs,DekaLLM
13977,-65,55,0,0,0,0.182542,0.981358,logprobs,DekaLLM
13978,-65,57,0,0,0,0.26905,0.97786,logprobs,DekaLLM
13979,-65,59,0,0,0,0.182459,0.986835,logprobs,DekaLLM
13980,-65,61,0,0,0,0.377619,0.982946,logprobs,DekaLLM
13981,-65,63,0,0,0,0.377667,0.982476,logprobs,DekaLLM
13982,-65,65,0,0,0,0.26901,0.984386,logprobs,DekaLLM
13983,-65,67,0,0,0,0.26901,0.978529,logprobs,DekaLLM
13984,-65,69,0,0,0,0.269076,0.979663,logprobs,DekaLLM
13985,-65,71,0,0,0,0.182478,0.980837,logprobs,DekaLLM
13986,-65,73,0,0,0,0.182528,0.982663,logprobs,DekaLLM
13987,-65,75,0,0,0,0.182445,0.986022,logprobs,DekaLLM
13988,-65,77,0,0,0,0.182478,0.976772,logprobs,DekaLLM
13989,-65,79,0,0,0,0.119227,0.984417,logprobs,DekaLLM
13990,-65,81,0,0,0,0.26901,0.981115,logprobs,DekaLLM
13991,-65,83,0,0,0,0.377619,0.982049,logprobs,DekaLLM
13992,-65,85,0,0,0,0.269076,0.979,logprobs,DekaLLM
13993,-65,87,0,0,0,0.11924,0.982738,logprobs,DekaLLM
13994,-65,89,0,0,0,0.268967,0.982333,logprobs,DekaLLM
13995,-65,91,0,0,0,0.075844,0.983452,logprobs,DekaLLM
13996,-65,93,0,0,0,0.182427,0.983479,logprobs,DekaLLM
13997,-65,95,0,0,0,0.182407,0.983409,logprobs,DekaLLM
13998,-65,97,0,0,0,0.269076,0.976249,logprobs,DekaLLM
13999,-65,99,0,0,0,0.182594,0.979262,logprobs,DekaLLM
14000,-65,101,0,0,0,0.182478,0.976731,logprobs,DekaLLM
14001,-65,103,0,0,0,0.182528,0.987439,logprobs,DekaLLM
14002,-65,105,0,0,0,0.269076,0.978622,logprobs,DekaLLM
14003,-65,107,0,0,0,0.182445,0.981784,logprobs,DekaLLM
14004,-65,109,0,0,0,0.119169,0.978399,logprobs,DekaLLM
14005,-65,111,0,0,0,0.26901,0.978429,logprobs,DekaLLM
14006,-65,113,0,0,0,0.11924,0.983656,logprobs,DekaLLM
14007,-65,115,0,0,0,0.11919,0.983605,logprobs,DekaLLM
14008,-65,117,0,0,0,0.119169,0.979411,logprobs,DekaLLM
14009,-65,119,0,0,0,0.11924,0.9822,logprobs,DekaLLM
14010,-65,121,0,0,0,0.268941,0.978337,logprobs,DekaLLM
14011,-65,123,0,0,0,0.11924,0.983512,logprobs,DekaLLM
14012,-65,125,0,0,0,0.377619,0.979567,logprobs,DekaLLM
14013,-65,127,0,0,0,0.182377,0.980956,logprobs,DekaLLM
14014,-65,129,0,0,0,0.182478,0.984091,logprobs,DekaLLM
14015,-65,131,0,0,0,0.269076,0.975046,logprobs,DekaLLM
14016,-65,133,0,0,0,0.269076,0.981049,logprobs,DekaLLM
14017,-65,135,0,0,0,0.18249,0.98671,logprobs,DekaLLM
14018,-65,137,0,0,0,0.18249,0.984965,logprobs,DekaLLM
14019,-65,139,0,0,0,0.182478,0.975328,logprobs,DekaLLM
14020,-65,141,0,0,0,0.377671,0.978549,logprobs,DekaLLM
14021,-65,143,0,0,0,0.18249,0.984747,logprobs,DekaLLM
14022,-65,145,0,0,0,0.07585,0.988091,logprobs,DekaLLM
14023,-65,147,0,0,0,0.182375,0.972464,logprobs,DekaLLM
14024,-65,149,0,0,0,0.269076,0.981002,logprobs,DekaLLM
14025,-65,151,0,0,0,0.119169,0.980131,logprobs,DekaLLM
14026,-65,153,0,0,0,0.119182,0.980366,logprobs,DekaLLM
14027,-65,155,0,0,0,0.047417,0.986862,logprobs,DekaLLM
14028,-65,157,0,0,0,0.029309,0.98685,logprobs,DekaLLM
14029,-65,159,0,0,0,0.029307,0.980705,logprobs,DekaLLM
14030,-65,161,0,0,0,0.075844,0.985022,logprobs,DekaLLM
14031,-65,163,0,0,0,0.047417,0.986247,logprobs,DekaLLM
14032,-65,165,0,0,0,0.047417,0.983339,logprobs,DekaLLM
14033,-65,167,0,0,0,0.029307,0.990074,logprobs,DekaLLM
14034,-65,169,0,0,0,0.047413,0.984271,logprobs,DekaLLM
14035,-65,171,0,0,0,0.075844,0.985082,logprobs,DekaLLM
14036,-65,173,0,0,0,0.04742,0.985223,logprobs,DekaLLM
14037,-65,175,0,0,0,0.075835,0.983555,logprobs,DekaLLM
14038,-65,177,0,0,0,0.119174,0.98681,logprobs,DekaLLM
14039,-65,179,0,0,0,0.119182,0.983156,logprobs,DekaLLM
14040,-67,-179,0,0,0,0.029307,0.990619,logprobs,DekaLLM
14041,-67,-177,0,0,0,0.010985,0.988019,logprobs,DekaLLM
14042,-67,-175,0,0,0,0.017983,0.986667,logprobs,DekaLLM
14043,-67,-173,0,0,0,0.017983,0.985273,logprobs,DekaLLM
14044,-67,-171,0,0,0,0.017985,0.985199,logprobs,DekaLLM
14045,-67,-169,0,0,0,0.006692,0.990233,logprobs,DekaLLM
14046,-67,-167,0,0,0,0.006692,0.989951,logprobs,DekaLLM
14047,-67,-165,0,0,0,0.010985,0.98694,logprobs,DekaLLM
14048,-67,-163,0,0,0,0.01798,0.980907,logprobs,DekaLLM
14049,-67,-161,0,0,0,0.017983,0.986771,logprobs,DekaLLM
14050,-67,-159,0,0,0,0.010985,0.984965,logprobs,DekaLLM
14051,-67,-157,0,0,0,0.017983,0.983121,logprobs,DekaLLM
14052,-67,-155,0,0,0,0.010985,0.985176,logprobs,DekaLLM
14053,-67,-153,0,0,0,0.047417,0.98136,logprobs,DekaLLM
14054,-67,-151,0,0,0,0.029307,0.98457,logprobs,DekaLLM
14055,-67,-149,0,0,0,0.047417,0.984395,logprobs,DekaLLM
14056,-67,-147,0,0,0,0.119182,0.981048,logprobs,DekaLLM
14057,-67,-145,0,0,0,0.075839,0.980784,logprobs,DekaLLM
14058,-67,-143,0,0,0,0.075839,0.985102,logprobs,DekaLLM
14059,-67,-141,0,0,0,0.075839,0.980477,logprobs,DekaLLM
14060,-67,-139,0,0,0,0.047417,0.984685,logprobs,DekaLLM
14061,-67,-137,0,0,0,0.047417,0.985197,logprobs,DekaLLM
14062,-67,-135,0,0,0,0.075835,0.98534,logprobs,DekaLLM
14063,-67,-133,0,0,0,0.047417,0.987102,logprobs,DekaLLM
14064,-67,-131,0,0,0,0.047418,0.987976,logprobs,DekaLLM
14065,-67,-129,0,0,0,0.029307,0.986824,logprobs,DekaLLM
14066,-67,-127,0,0,0,0.029307,0.986064,logprobs,DekaLLM
14067,-67,-125,0,0,0,0.047413,0.977149,logprobs,DekaLLM
14068,-67,-123,0,0,0,0.075835,0.976464,logprobs,DekaLLM
14069,-67,-121,0,0,0,0.075844,0.988114,logprobs,DekaLLM
14070,-67,-119,0,0,0,0.047413,0.984927,logprobs,DekaLLM
14071,-67,-117,0,0,0,0.182531,0.980698,logprobs,DekaLLM
14072,-67,-115,0,0,0,0.269036,0.979533,logprobs,DekaLLM
14073,-67,-113,0,0,0,0.269076,0.979545,logprobs,DekaLLM
14074,-67,-111,0,0,0,0.269189,0.979267,logprobs,DekaLLM
14075,-67,-109,0,0,0,0.11924,0.982014,logprobs,DekaLLM
14076,-67,-107,0,0,0,0.377749,0.976971,logprobs,DekaLLM
14077,-67,-105,0,0,0,0.269092,0.984078,logprobs,DekaLLM
14078,-67,-103,0,0,0,0.182478,0.980128,logprobs,DekaLLM
14079,-67,-101,0,0,0,0.182459,0.980519,logprobs,DekaLLM
14080,-67,-99,0,0,0,0.26905,0.981018,logprobs,DekaLLM
14081,-67,-97,0,0,0,0.269076,0.981766,logprobs,DekaLLM
14082,-67,-95,0,0,0,0.268983,0.986988,logprobs,DekaLLM
14083,-67,-93,0,0,0,0.182459,0.983398,logprobs,DekaLLM
14084,-67,-91,0,0,0,0.119169,0.981105,logprobs,DekaLLM
14085,-67,-89,0,0,0,0.269036,0.981219,logprobs,DekaLLM
14086,-67,-87,0,0,0,0.182478,0.982792,logprobs,DekaLLM
14087,-67,-85,0,0,0,0.182478,0.97965,logprobs,DekaLLM
14088,-67,-83,0,0,0,0.269076,0.981927,logprobs,DekaLLM
14089,-67,-81,0,0,0,0.269076,0.982693,logprobs,DekaLLM
14090,-67,-79,0,0,0,0.182478,0.982353,logprobs,DekaLLM
14091,-67,-77,0,0,0,0.182478,0.980613,logprobs,DekaLLM
14092,-67,-75,0,0,0,0.182459,0.980165,logprobs,DekaLLM
14093,-67,-73,0,0,0,0.119169,0.982077,logprobs,DekaLLM
14094,-67,-71,0,0,0,0.075835,0.978914,logprobs,DekaLLM
14095,-67,-69,0,0,0,0.075835,0.986523,logprobs,DekaLLM
14096,-67,-67,1,1,0,0.182478,0.981837,logprobs,DekaLLM
14097,-67,-65,1,1,0,0.182458,0.979057,logprobs,DekaLLM
14098,-67,-63,0,0,0,0.119248,0.986335,logprobs,DekaLLM
14099,-67,-61,0,0,0,0.182459,0.982521,logprobs,DekaLLM
14100,-67,-59,0,0,0,0.26901,0.982377,logprobs,DekaLLM
14101,-67,-57,0,0,0,0.268967,0.981907,logprobs,DekaLLM
14102,-67,-55,0,0,0,0.26897,0.979856,logprobs,DekaLLM
14103,-67,-53,0,0,0,0.268983,0.98651,logprobs,DekaLLM
14104,-67,-51,0,0,0,0.182458,0.980239,logprobs,DekaLLM
14105,-67,-49,0,0,0,0.182459,0.98085,logprobs,DekaLLM
14106,-67,-47,0,0,0,0.269076,0.982559,logprobs,DekaLLM
14107,-67,-45,0,0,0,0.11924,0.986443,logprobs,DekaLLM
14108,-67,-43,0,0,0,0.269076,0.982134,logprobs,DekaLLM
14109,-67,-41,0,0,0,0.26901,0.977407,logprobs,DekaLLM
14110,-67,-39,0,0,0,0.26901,0.979194,logprobs,DekaLLM
14111,-67,-37,0,0,0,0.182459,0.981005,logprobs,DekaLLM
14112,-67,-35,0,0,0,0.377572,0.978975,logprobs,DekaLLM
14113,-67,-33,0,0,0,0.377702,0.981839,logprobs,DekaLLM
14114,-67,-31,0,0,1,0.500189,0.98002,logprobs,DekaLLM
14115,-67,-29,0,0,1,0.500222,0.980839,logprobs,DekaLLM
14116,-67,-27,0,0,1,0.500135,0.983422,logprobs,DekaLLM
14117,-67,-25,0,0,1,0.500138,0.981617,logprobs,DekaLLM
14118,-67,-23,0,0,0,0.377749,0.981527,logprobs,DekaLLM
14119,-67,-21,0,0,0,0.377619,0.984464,logprobs,DekaLLM
14120,-67,-19,0,0,0,0.269076,0.982099,logprobs,DekaLLM
14121,-67,-17,0,0,0,0.182447,0.977746,logprobs,DekaLLM
14122,-67,-15,0,0,0,0.268967,0.982388,logprobs,DekaLLM
14123,-67,-13,0,0,1,0.500135,0.982329,logprobs,DekaLLM
14124,-67,-11,0,0,0,0.377749,0.97955,logprobs,DekaLLM
14125,-67,-9,0,0,0,0.377749,0.976434,logprobs,DekaLLM
14126,-67,-7,0,0,0,0.269076,0.98285,logprobs,DekaLLM
14127,-67,-5,0,0,0,0.269092,0.985105,logprobs,DekaLLM
14128,-67,-3,0,0,0,0.377749,0.976585,logprobs,DekaLLM
14129,-67,-1,0,0,0,0.377544,0.979079,logprobs,DekaLLM
14130,-67,1,0,0,0,0.26901,0.981777,logprobs,DekaLLM
14131,-67,3,0,0,0,0.269076,0.982231,logprobs,DekaLLM
14132,-67,5,0,0,0,0.26901,0.983909,logprobs,DekaLLM
14133,-67,7,0,0,0,0.269076,0.976343,logprobs,DekaLLM
14134,-67,9,0,0,0,0.377671,0.977102,logprobs,DekaLLM
14135,-67,11,0,0,0,0.377572,0.978288,logprobs,DekaLLM
14136,-67,13,0,0,0,0.377718,0.985039,logprobs,DekaLLM
14137,-67,15,0,0,0,0.377619,0.980869,logprobs,DekaLLM
14138,-67,17,0,0,0,0.377749,0.978961,logprobs,DekaLLM
14139,-67,19,0,0,0,0.269076,0.98181,logprobs,DekaLLM
14140,-67,21,0,0,0,0.26901,0.977593,logprobs,DekaLLM
14141,-67,23,0,0,0,0.269147,0.97623,logprobs,DekaLLM
14142,-67,25,0,0,0,0.377671,0.984197,logprobs,DekaLLM
14143,-67,27,0,0,0,0.269116,0.977968,logprobs,DekaLLM
14144,-67,29,0,0,0,0.377667,0.983379,logprobs,DekaLLM
14145,-67,31,0,0,0,0.269229,0.968532,logprobs,DekaLLM
14146,-67,33,0,0,1,0.500189,0.97968,logprobs,DekaLLM
14147,-67,35,0,0,1,0.500138,0.975378,logprobs,DekaLLM
14148,-67,37,0,0,1,0.500138,0.975696,logprobs,DekaLLM
14149,-67,39,0,0,0,0.377834,0.977538,logprobs,DekaLLM
14150,-67,41,0,0,0,0.377671,0.984162,logprobs,DekaLLM
14151,-67,43,0,0,0,0.377671,0.978717,logprobs,DekaLLM
14152,-67,45,0,0,0,0.377749,0.971869,logprobs,DekaLLM
14153,-67,47,0,0,0,0.268984,0.978653,logprobs,DekaLLM
14154,-67,49,1,1,0,0.269076,0.969032,logprobs,DekaLLM
14155,-67,51,1,1,0,0.269076,0.978885,logprobs,DekaLLM
14156,-67,53,1,1,0,0.269076,0.981314,logprobs,DekaLLM
14157,-67,55,1,1,0,0.26901,0.978026,logprobs,DekaLLM
14158,-67,57,0,0,0,0.269076,0.982528,logprobs,DekaLLM
14159,-67,59,0,0,0,0.269076,0.982849,logprobs,DekaLLM
14160,-67,61,0,0,0,0.377702,0.982283,logprobs,DekaLLM
14161,-67,63,0,0,0,0.269076,0.982716,logprobs,DekaLLM
14162,-67,65,0,0,0,0.26901,0.978378,logprobs,DekaLLM
14163,-67,67,0,0,0,0.377623,0.980024,logprobs,DekaLLM
14164,-67,69,0,0,0,0.182478,0.981598,logprobs,DekaLLM
14165,-67,71,0,0,0,0.182459,0.976399,logprobs,DekaLLM
14166,-67,73,0,0,0,0.182478,0.988352,logprobs,DekaLLM
14167,-67,75,0,0,0,0.26901,0.978191,logprobs,DekaLLM
14168,-67,77,0,0,0,0.268927,0.982555,logprobs,DekaLLM
14169,-67,79,0,0,0,0.182511,0.978085,logprobs,DekaLLM
14170,-67,81,0,0,0,0.377623,0.978522,logprobs,DekaLLM
14171,-67,83,0,0,0,0.268901,0.977019,logprobs,DekaLLM
14172,-67,85,0,0,0,0.182458,0.980693,logprobs,DekaLLM
14173,-67,87,1,1,0,0.11924,0.986797,logprobs,DekaLLM
14174,-67,89,1,1,0,0.182377,0.982034,logprobs,DekaLLM
14175,-67,91,1,1,0,0.11924,0.981414,logprobs,DekaLLM
14176,-67,93,1,1,0,0.119155,0.972583,logprobs,DekaLLM
14177,-67,95,1,1,0,0.182457,0.983269,logprobs,DekaLLM
14178,-67,97,1,1,0,0.182478,0.983181,logprobs,DekaLLM
14179,-67,99,1,1,0,0.182445,0.982357,logprobs,DekaLLM
14180,-67,101,1,1,0,0.268984,0.973394,logprobs,DekaLLM
14181,-67,103,1,1,0,0.182478,0.980994,logprobs,DekaLLM
14182,-67,105,1,1,0,0.119169,0.980165,logprobs,DekaLLM
14183,-67,107,1,1,0,0.18244,0.977261,logprobs,DekaLLM
14184,-67,109,1,1,0,0.119227,0.982075,logprobs,DekaLLM
14185,-67,111,1,1,0,0.182614,0.980355,logprobs,DekaLLM
14186,-67,113,1,1,0,0.119169,0.974293,logprobs,DekaLLM
14187,-67,115,1,1,0,0.119182,0.9826,logprobs,DekaLLM
14188,-67,117,0,0,0,0.11924,0.977093,logprobs,DekaLLM
14189,-67,119,0,0,0,0.119169,0.980525,logprobs,DekaLLM
14190,-67,121,0,0,0,0.182458,0.974417,logprobs,DekaLLM
14191,-67,123,1,1,0,0.182528,0.984858,logprobs,DekaLLM
14192,-67,125,1,1,0,0.26901,0.977814,logprobs,DekaLLM
14193,-67,127,1,1,0,0.182509,0.986756,logprobs,DekaLLM
14194,-67,129,0,0,0,0.119182,0.978828,logprobs,DekaLLM
14195,-67,131,1,1,0,0.269076,0.97815,logprobs,DekaLLM
14196,-67,133,1,1,0,0.269076,0.981991,logprobs,DekaLLM
14197,-67,135,1,1,0,0.269076,0.982061,logprobs,DekaLLM
14198,-67,137,1,1,0,0.182445,0.984235,logprobs,DekaLLM
14199,-67,139,1,1,0,0.182478,0.975093,logprobs,DekaLLM
14200,-67,141,1,1,0,0.269076,0.978726,logprobs,DekaLLM
14201,-67,143,1,1,0,0.18254,0.984993,logprobs,DekaLLM
14202,-67,145,0,0,0,0.119155,0.974809,logprobs,DekaLLM
14203,-67,147,0,0,0,0.26901,0.984132,logprobs,DekaLLM
14204,-67,149,0,0,0,0.268967,0.981297,logprobs,DekaLLM
14205,-67,151,0,0,0,0.119169,0.978987,logprobs,DekaLLM
14206,-67,153,0,0,0,0.119169,0.97891,logprobs,DekaLLM
14207,-67,155,0,0,0,0.075844,0.985888,logprobs,DekaLLM
14208,-67,157,0,0,0,0.047413,0.97998,logprobs,DekaLLM
14209,-67,159,0,0,0,0.047413,0.981366,logprobs,DekaLLM
14210,-67,161,0,0,0,0.119169,0.9859,logprobs,DekaLLM
14211,-67,163,0,0,0,0.119169,0.98081,logprobs,DekaLLM
14212,-67,165,0,0,0,0.075844,0.98535,logprobs,DekaLLM
14213,-67,167,0,0,0,0.047417,0.984551,logprobs,DekaLLM
14214,-67,169,0,0,0,0.047417,0.984176,logprobs,DekaLLM
14215,-67,171,0,0,0,0.029309,0.98628,logprobs,DekaLLM
14216,-67,173,0,0,0,0.075839,0.986272,logprobs,DekaLLM
14217,-67,175,0,0,0,0.029309,0.983301,logprobs,DekaLLM
14218,-67,177,0,0,0,0.047413,0.984631,logprobs,DekaLLM
14219,-67,179,0,0,0,0.075835,0.986615,logprobs,DekaLLM
14220,-69,-179,0,0,0,0.017983,0.985147,logprobs,DekaLLM
14221,-69,-177,0,0,0,0.029307,0.985388,logprobs,DekaLLM
14222,-69,-175,0,0,0,0.010985,0.987895,logprobs,DekaLLM
14223,-69,-173,0,0,0,0.010985,0.98819,logprobs,DekaLLM
14224,-69,-171,0,0,0,0.006692,0.985728,logprobs,DekaLLM
14225,-69,-169,0,0,0,0.010985,0.981199,logprobs,DekaLLM
14226,-69,-167,0,0,0,0.010985,0.988343,logprobs,DekaLLM
14227,-69,-165,0,0,0,0.010985,0.978554,logprobs,DekaLLM
14228,-69,-163,0,0,0,0.017983,0.980329,logprobs,DekaLLM
14229,-69,-161,0,0,0,0.010985,0.988715,logprobs,DekaLLM
14230,-69,-159,0,0,0,0.017983,0.98834,logprobs,DekaLLM
14231,-69,-157,0,0,0,0.017984,0.988483,logprobs,DekaLLM
14232,-69,-155,0,0,0,0.029307,0.988163,logprobs,DekaLLM
14233,-69,-153,0,0,0,0.075839,0.981209,logprobs,DekaLLM
14234,-69,-151,0,0,0,0.017983,0.9873,logprobs,DekaLLM
14235,-69,-149,0,0,0,0.047413,0.981758,logprobs,DekaLLM
14236,-69,-147,0,0,0,0.075835,0.984594,logprobs,DekaLLM
14237,-69,-145,0,0,0,0.047411,0.97813,logprobs,DekaLLM
14238,-69,-143,0,0,0,0.075835,0.986263,logprobs,DekaLLM
14239,-69,-141,0,0,0,0.075839,0.983874,logprobs,DekaLLM
14240,-69,-139,0,0,0,0.047417,0.98848,logprobs,DekaLLM
14241,-69,-137,0,0,0,0.075835,0.984966,logprobs,DekaLLM
14242,-69,-135,0,0,0,0.075835,0.97609,logprobs,DekaLLM
14243,-69,-133,0,0,0,0.075883,0.987609,logprobs,DekaLLM
14244,-69,-131,0,0,0,0.029307,0.986688,logprobs,DekaLLM
14245,-69,-129,0,0,0,0.047454,0.985964,logprobs,DekaLLM
14246,-69,-127,0,0,0,0.047417,0.987638,logprobs,DekaLLM
14247,-69,-125,0,0,0,0.029304,0.980014,logprobs,DekaLLM
14248,-69,-123,0,0,0,0.047417,0.98362,logprobs,DekaLLM
14249,-69,-121,0,0,0,0.047413,0.97894,logprobs,DekaLLM
14250,-69,-119,0,0,0,0.047413,0.978213,logprobs,DekaLLM
14251,-69,-117,0,0,0,0.075844,0.98213,logprobs,DekaLLM
14252,-69,-115,0,0,0,0.119248,0.984793,logprobs,DekaLLM
14253,-69,-113,0,0,0,0.182531,0.980778,logprobs,DekaLLM
14254,-69,-111,0,0,0,0.119146,0.976053,logprobs,DekaLLM
14255,-69,-109,0,0,0,0.075839,0.986217,logprobs,DekaLLM
14256,-69,-107,0,0,0,0.11924,0.982172,logprobs,DekaLLM
14257,-69,-105,0,0,0,0.182478,0.98242,logprobs,DekaLLM
14258,-69,-103,0,0,0,0.182531,0.973326,logprobs,DekaLLM
14259,-69,-101,0,0,0,0.119227,0.980914,logprobs,DekaLLM
14260,-69,-99,0,0,0,0.182377,0.979028,logprobs,DekaLLM
14261,-69,-97,0,0,0,0.269076,0.979789,logprobs,DekaLLM
14262,-69,-95,0,0,0,0.075835,0.978121,logprobs,DekaLLM
14263,-69,-93,0,0,0,0.119155,0.977513,logprobs,DekaLLM
14264,-69,-91,0,0,0,0.18251,0.982002,logprobs,DekaLLM
14265,-69,-89,0,0,0,0.119235,0.989355,logprobs,DekaLLM
14266,-69,-87,0,0,0,0.075844,0.9846,logprobs,DekaLLM
14267,-69,-85,0,0,0,0.182614,0.982596,logprobs,DekaLLM
14268,-69,-83,0,0,0,0.182478,0.981134,logprobs,DekaLLM
14269,-69,-81,0,0,0,0.269076,0.983584,logprobs,DekaLLM
14270,-69,-79,0,0,0,0.119169,0.979575,logprobs,DekaLLM
14271,-69,-77,0,0,0,0.075835,0.977878,logprobs,DekaLLM
14272,-69,-75,0,0,0,0.075844,0.976705,logprobs,DekaLLM
14273,-69,-73,0,0,0,0.075835,0.979443,logprobs,DekaLLM
14274,-69,-71,1,1,0,0.119155,0.978416,logprobs,DekaLLM
14275,-69,-69,0,0,0,0.182458,0.982702,logprobs,DekaLLM
14276,-69,-67,0,0,0,0.119182,0.987296,logprobs,DekaLLM
14277,-69,-65,1,1,0,0.182459,0.98636,logprobs,DekaLLM
14278,-69,-63,0,0,0,0.182478,0.984973,logprobs,DekaLLM
14279,-69,-61,0,0,0,0.182458,0.976312,logprobs,DekaLLM
14280,-69,-59,0,0,0,0.18244,0.979696,logprobs,DekaLLM
14281,-69,-57,0,0,0,0.269076,0.981149,logprobs,DekaLLM
14282,-69,-55,0,0,0,0.182478,0.983097,logprobs,DekaLLM
14283,-69,-53,0,0,0,0.268967,0.97664,logprobs,DekaLLM
14284,-69,-51,0,0,0,0.11924,0.981191,logprobs,DekaLLM
14285,-69,-49,0,0,0,0.182478,0.980726,logprobs,DekaLLM
14286,-69,-47,0,0,0,0.182478,0.980911,logprobs,DekaLLM
14287,-69,-45,0,0,0,0.182459,0.980997,logprobs,DekaLLM
14288,-69,-43,0,0,0,0.269076,0.981124,logprobs,DekaLLM
14289,-69,-41,0,0,0,0.182458,0.97834,logprobs,DekaLLM
14290,-69,-39,0,0,0,0.182459,0.983387,logprobs,DekaLLM
14291,-69,-37,0,0,0,0.182478,0.980045,logprobs,DekaLLM
14292,-69,-35,0,0,0,0.269009,0.982527,logprobs,DekaLLM
14293,-69,-33,0,0,0,0.377702,0.982201,logprobs,DekaLLM
14294,-69,-31,0,0,0,0.37772,0.982581,logprobs,DekaLLM
14295,-69,-29,0,0,0,0.269116,0.983459,logprobs,DekaLLM
14296,-69,-27,0,0,0,0.377619,0.983232,logprobs,DekaLLM
14297,-69,-25,0,0,0,0.377667,0.983684,logprobs,DekaLLM
14298,-69,-23,0,0,1,0.500189,0.97924,logprobs,DekaLLM
14299,-69,-21,0,0,0,0.377671,0.978898,logprobs,DekaLLM
14300,-69,-19,0,0,0,0.269076,0.979715,logprobs,DekaLLM
14301,-69,-17,0,0,0,0.269076,0.985994,logprobs,DekaLLM
14302,-69,-15,0,0,0,0.268967,0.982781,logprobs,DekaLLM
14303,-69,-13,0,0,0,0.377667,0.982269,logprobs,DekaLLM
14304,-69,-11,0,0,0,0.269076,0.976776,logprobs,DekaLLM
14305,-69,-9,0,0,0,0.269076,0.982887,logprobs,DekaLLM
14306,-69,-7,0,0,0,0.269079,0.975442,logprobs,DekaLLM
14307,-69,-5,0,0,0,0.182478,0.976738,logprobs,DekaLLM
14308,-69,-3,0,0,0,0.268967,0.981867,logprobs,DekaLLM
14309,-69,-1,0,0,0,0.268967,0.975421,logprobs,DekaLLM
14310,-69,1,0,0,0,0.182457,0.983132,logprobs,DekaLLM
14311,-69,3,0,0,0,0.182407,0.982595,logprobs,DekaLLM
14312,-69,5,0,0,0,0.26901,0.982895,logprobs,DekaLLM
14313,-69,7,0,0,0,0.269076,0.975513,logprobs,DekaLLM
14314,-69,9,0,0,0,0.269076,0.976547,logprobs,DekaLLM
14315,-69,11,0,0,0,0.269076,0.983898,logprobs,DekaLLM
14316,-69,13,0,0,0,0.26901,0.977983,logprobs,DekaLLM
14317,-69,15,0,0,0,0.182478,0.980571,logprobs,DekaLLM
14318,-69,17,0,0,0,0.269076,0.978331,logprobs,DekaLLM
14319,-69,19,0,0,0,0.377702,0.979614,logprobs,DekaLLM
14320,-69,21,0,0,0,0.269015,0.974423,logprobs,DekaLLM
14321,-69,23,0,0,0,0.269055,0.974732,logprobs,DekaLLM
14322,-69,25,0,0,0,0.268941,0.976102,logprobs,DekaLLM
14323,-69,27,0,0,0,0.269076,0.976277,logprobs,DekaLLM
14324,-69,29,0,0,0,0.182457,0.982772,logprobs,DekaLLM
14325,-69,31,0,0,0,0.182528,0.982682,logprobs,DekaLLM
14326,-69,33,1,1,0,0.182531,0.973852,logprobs,DekaLLM
14327,-69,35,0,0,0,0.182594,0.972471,logprobs,DekaLLM
14328,-69,37,0,0,0,0.269079,0.981226,logprobs,DekaLLM
14329,-69,39,0,0,0,0.269076,0.978621,logprobs,DekaLLM
14330,-69,41,1,1,0,0.182478,0.986787,logprobs,DekaLLM
14331,-69,43,1,1,0,0.377755,0.971641,logprobs,DekaLLM
14332,-69,45,1,1,0,0.26901,0.970813,logprobs,DekaLLM
14333,-69,47,1,1,0,0.119227,0.98384,logprobs,DekaLLM
14334,-69,49,1,1,0,0.26901,0.981347,logprobs,DekaLLM
14335,-69,51,1,1,0,0.377619,0.978697,logprobs,DekaLLM
14336,-69,53,1,1,0,0.269076,0.983934,logprobs,DekaLLM
14337,-69,55,1,1,0,0.18256,0.979847,logprobs,DekaLLM
14338,-69,57,1,1,0,0.268944,0.973778,logprobs,DekaLLM
14339,-69,59,1,1,0,0.269076,0.979061,logprobs,DekaLLM
14340,-69,61,1,1,0,0.26897,0.981967,logprobs,DekaLLM
14341,-69,63,1,1,0,0.377572,0.981334,logprobs,DekaLLM
14342,-69,65,1,1,0,0.269076,0.98177,logprobs,DekaLLM
14343,-69,67,1,1,0,0.269076,0.978133,logprobs,DekaLLM
14344,-69,69,1,1,0,0.377592,0.97846,logprobs,DekaLLM
14345,-69,71,0,0,0,0.119169,0.971619,logprobs,DekaLLM
14346,-69,73,0,0,0,0.119169,0.986677,logprobs,DekaLLM
14347,-69,75,0,0,0,0.182478,0.980558,logprobs,DekaLLM
14348,-69,77,0,0,0,0.268967,0.981223,logprobs,DekaLLM
14349,-69,79,1,1,0,0.182459,0.982175,logprobs,DekaLLM
14350,-69,81,1,1,0,0.182614,0.980547,logprobs,DekaLLM
14351,-69,83,1,1,0,0.119169,0.978792,logprobs,DekaLLM
14352,-69,85,1,1,0,0.11924,0.981034,logprobs,DekaLLM
14353,-69,87,1,1,0,0.119227,0.98624,logprobs,DekaLLM
14354,-69,89,1,1,0,0.182458,0.976891,logprobs,DekaLLM
14355,-69,91,1,1,0,0.119227,0.981056,logprobs,DekaLLM
14356,-69,93,1,1,0,0.075844,0.978296,logprobs,DekaLLM
14357,-69,95,1,1,0,0.182459,0.980445,logprobs,DekaLLM
14358,-69,97,1,1,0,0.119169,0.981322,logprobs,DekaLLM
14359,-69,99,1,1,0,0.119169,0.97654,logprobs,DekaLLM
14360,-69,101,1,1,0,0.182458,0.975597,logprobs,DekaLLM
14361,-69,103,1,1,0,0.182531,0.977241,logprobs,DekaLLM
14362,-69,105,1,1,0,0.269076,0.97467,logprobs,DekaLLM
14363,-69,107,1,1,0,0.119227,0.980851,logprobs,DekaLLM
14364,-69,109,1,1,0,0.182345,0.970296,logprobs,DekaLLM
14365,-69,111,1,1,0,0.182478,0.980016,logprobs,DekaLLM
14366,-69,113,1,1,0,0.07585,0.981019,logprobs,DekaLLM
14367,-69,115,1,1,0,0.11924,0.981694,logprobs,DekaLLM
14368,-69,117,1,1,0,0.119263,0.972714,logprobs,DekaLLM
14369,-69,119,1,1,0,0.119169,0.976755,logprobs,DekaLLM
14370,-69,121,1,1,0,0.182445,0.984593,logprobs,DekaLLM
14371,-69,123,1,1,0,0.182458,0.969048,logprobs,DekaLLM
14372,-69,125,1,1,0,0.182427,0.984808,logprobs,DekaLLM
14373,-69,127,1,1,0,0.182377,0.975429,logprobs,DekaLLM
14374,-69,129,1,1,0,0.26901,0.983588,logprobs,DekaLLM
14375,-69,131,1,1,0,0.269076,0.977496,logprobs,DekaLLM
14376,-69,133,1,1,0,0.268967,0.97763,logprobs,DekaLLM
14377,-69,135,1,1,0,0.26905,0.975344,logprobs,DekaLLM
14378,-69,137,1,1,0,0.18249,0.983861,logprobs,DekaLLM
14379,-69,139,1,1,0,0.182531,0.974701,logprobs,DekaLLM
14380,-69,141,1,1,0,0.269076,0.978089,logprobs,DekaLLM
14381,-69,143,1,1,0,0.182493,0.983787,logprobs,DekaLLM
14382,-69,145,1,1,0,0.11924,0.981141,logprobs,DekaLLM
14383,-69,147,1,1,0,0.119169,0.981759,logprobs,DekaLLM
14384,-69,149,1,1,0,0.182377,0.98322,logprobs,DekaLLM
14385,-69,151,1,1,0,0.119182,0.979917,logprobs,DekaLLM
14386,-69,153,1,1,0,0.119227,0.983441,logprobs,DekaLLM
14387,-69,155,1,1,0,0.075844,0.983263,logprobs,DekaLLM
14388,-69,157,0,0,0,0.075835,0.978666,logprobs,DekaLLM
14389,-69,159,0,0,0,0.075835,0.979601,logprobs,DekaLLM
14390,-69,161,0,0,0,0.075844,0.985847,logprobs,DekaLLM
14391,-69,163,0,0,0,0.075839,0.98267,logprobs,DekaLLM
14392,-69,165,0,0,0,0.047413,0.972586,logprobs,DekaLLM
14393,-69,167,0,0,0,0.075839,0.981364,logprobs,DekaLLM
14394,-69,169,0,0,0,0.047417,0.983427,logprobs,DekaLLM
14395,-69,171,0,0,0,0.075839,0.984079,logprobs,DekaLLM
14396,-69,173,0,0,0,0.047417,0.986459,logprobs,DekaLLM
14397,-69,175,0,0,0,0.029307,0.989287,logprobs,DekaLLM
14398,-69,177,0,0,0,0.047417,0.982184,logprobs,DekaLLM
14399,-69,179,0,0,0,0.047417,0.976692,logprobs,DekaLLM
14400,-71,-179,0,0,0,0.017984,0.985655,logprobs,DekaLLM
14401,-71,-177,0,0,0,0.029307,0.985326,logprobs,DekaLLM
14402,-71,-175,0,0,0,0.017983,0.987778,logprobs,DekaLLM
14403,-71,-173,0,0,0,0.017983,0.982973,logprobs,DekaLLM
14404,-71,-171,0,0,0,0.006692,0.992572,logprobs,DekaLLM
14405,-71,-169,0,0,0,0.006692,0.985253,logprobs,DekaLLM
14406,-71,-167,0,0,0,0.006692,0.990964,logprobs,DekaLLM
14407,-71,-165,0,0,0,0.017983,0.985348,logprobs,DekaLLM
14408,-71,-163,0,0,0,0.017983,0.982431,logprobs,DekaLLM
14409,-71,-161,0,0,0,0.010985,0.989424,logprobs,DekaLLM
14410,-71,-159,0,0,0,0.010985,0.982367,logprobs,DekaLLM
14411,-71,-157,0,0,0,0.017983,0.987967,logprobs,DekaLLM
14412,-71,-155,0,0,0,0.029304,0.983672,logprobs,DekaLLM
14413,-71,-153,0,0,0,0.029307,0.989682,logprobs,DekaLLM
14414,-71,-151,0,0,0,0.017983,0.984609,logprobs,DekaLLM
14415,-71,-149,0,0,0,0.029307,0.985729,logprobs,DekaLLM
14416,-71,-147,0,0,0,0.119174,0.986678,logprobs,DekaLLM
14417,-71,-145,0,0,0,0.029304,0.980823,logprobs,DekaLLM
14418,-71,-143,0,0,0,0.047417,0.980296,logprobs,DekaLLM
14419,-71,-141,0,0,0,0.047417,0.980354,logprobs,DekaLLM
14420,-71,-139,0,0,0,0.047413,0.984891,logprobs,DekaLLM
14421,-71,-137,0,0,0,0.017983,0.988001,logprobs,DekaLLM
14422,-71,-135,0,0,0,0.029304,0.978877,logprobs,DekaLLM
14423,-71,-133,0,0,0,0.119169,0.973804,logprobs,DekaLLM
14424,-71,-131,0,0,0,0.047417,0.982704,logprobs,DekaLLM
14425,-71,-129,0,0,0,0.047413,0.984966,logprobs,DekaLLM
14426,-71,-127,0,0,0,0.075835,0.985199,logprobs,DekaLLM
14427,-71,-125,0,0,0,0.047413,0.986172,logprobs,DekaLLM
14428,-71,-123,0,0,0,0.047411,0.97798,logprobs,DekaLLM
14429,-71,-121,0,0,0,0.075826,0.983647,logprobs,DekaLLM
14430,-71,-119,0,0,0,0.119169,0.98061,logprobs,DekaLLM
14431,-71,-117,0,0,0,0.182478,0.981686,logprobs,DekaLLM
14432,-71,-115,0,0,0,0.182459,0.983986,logprobs,DekaLLM
14433,-71,-113,0,0,0,0.182459,0.977184,logprobs,DekaLLM
14434,-71,-111,0,0,0,0.269076,0.982996,logprobs,DekaLLM
14435,-71,-109,0,0,0,0.119155,0.977584,logprobs,DekaLLM
14436,-71,-107,0,0,0,0.18256,0.981651,logprobs,DekaLLM
14437,-71,-105,0,0,0,0.182513,0.981543,logprobs,DekaLLM
14438,-71,-103,0,0,0,0.377749,0.979774,logprobs,DekaLLM
14439,-71,-101,0,0,0,0.119232,0.987179,logprobs,DekaLLM
14440,-71,-99,0,0,0,0.182614,0.982434,logprobs,DekaLLM
14441,-71,-97,0,0,0,0.182459,0.979106,logprobs,DekaLLM
14442,-71,-95,0,0,0,0.182459,0.983096,logprobs,DekaLLM
14443,-71,-93,0,0,0,0.119169,0.979687,logprobs,DekaLLM
14444,-71,-91,0,0,0,0.047413,0.987463,logprobs,DekaLLM
14445,-71,-89,0,0,0,0.269076,0.985354,logprobs,DekaLLM
14446,-71,-87,0,0,0,0.119227,0.977744,logprobs,DekaLLM
14447,-71,-85,0,0,0,0.119227,0.984369,logprobs,DekaLLM
14448,-71,-83,0,0,0,0.182458,0.978377,logprobs,DekaLLM
14449,-71,-81,0,0,0,0.18254,0.981454,logprobs,DekaLLM
14450,-71,-79,0,0,0,0.119182,0.982364,logprobs,DekaLLM
14451,-71,-77,0,0,0,0.075835,0.979204,logprobs,DekaLLM
14452,-71,-75,0,0,0,0.047411,0.978386,logprobs,DekaLLM
14453,-71,-73,0,0,0,0.075835,0.982474,logprobs,DekaLLM
14454,-71,-71,1,1,0,0.182478,0.983573,logprobs,DekaLLM
14455,-71,-69,1,1,0,0.182458,0.975935,logprobs,DekaLLM
14456,-71,-67,1,1,0,0.182478,0.970996,logprobs,DekaLLM
14457,-71,-65,1,1,0,0.182377,0.98133,logprobs,DekaLLM
14458,-71,-63,1,1,0,0.182458,0.979885,logprobs,DekaLLM
14459,-71,-61,0,0,0,0.119169,0.981689,logprobs,DekaLLM
14460,-71,-59,0,0,0,0.119169,0.986409,logprobs,DekaLLM
14461,-71,-57,0,0,0,0.11924,0.982259,logprobs,DekaLLM
14462,-71,-55,0,0,0,0.119146,0.977902,logprobs,DekaLLM
14463,-71,-53,0,0,0,0.182377,0.982406,logprobs,DekaLLM
14464,-71,-51,0,0,0,0.119169,0.98236,logprobs,DekaLLM
14465,-71,-49,0,0,0,0.119227,0.979784,logprobs,DekaLLM
14466,-71,-47,0,0,0,0.182511,0.976246,logprobs,DekaLLM
14467,-71,-45,0,0,0,0.119174,0.985088,logprobs,DekaLLM
14468,-71,-43,0,0,0,0.18256,0.972318,logprobs,DekaLLM
14469,-71,-41,0,0,0,0.182457,0.98634,logprobs,DekaLLM
14470,-71,-39,0,0,0,0.182478,0.97988,logprobs,DekaLLM
14471,-71,-37,0,0,0,0.182478,0.986596,logprobs,DekaLLM
14472,-71,-35,0,0,0,0.26901,0.980168,logprobs,DekaLLM
14473,-71,-33,0,0,0,0.377749,0.980384,logprobs,DekaLLM
14474,-71,-31,0,0,0,0.377702,0.983617,logprobs,DekaLLM
14475,-71,-29,0,0,0,0.269076,0.981546,logprobs,DekaLLM
14476,-71,-27,0,0,0,0.377801,0.976798,logprobs,DekaLLM
14477,-71,-25,0,0,0,0.269116,0.986437,logprobs,DekaLLM
14478,-71,-23,0,0,0,0.26901,0.98286,logprobs,DekaLLM
14479,-71,-21,0,0,0,0.377702,0.978181,logprobs,DekaLLM
14480,-71,-19,0,0,0,0.377749,0.979403,logprobs,DekaLLM
14481,-71,-17,0,0,0,0.269076,0.983112,logprobs,DekaLLM
14482,-71,-15,0,0,0,0.269076,0.981777,logprobs,DekaLLM
14483,-71,-13,0,0,0,0.377671,0.968176,logprobs,DekaLLM
14484,-71,-11,0,0,0,0.182459,0.98503,logprobs,DekaLLM
14485,-71,-9,0,0,0,0.377749,0.976646,logprobs,DekaLLM
14486,-71,-7,1,1,0,0.182531,0.979476,logprobs,DekaLLM
14487,-71,-5,0,0,0,0.26901,0.982154,logprobs,DekaLLM
14488,-71,-3,0,0,0,0.182478,0.980576,logprobs,DekaLLM
14489,-71,-1,0,0,0,0.26901,0.979324,logprobs,DekaLLM
14490,-71,1,0,0,0,0.182395,0.980535,logprobs,DekaLLM
14491,-71,3,1,1,0,0.182395,0.975169,logprobs,DekaLLM
14492,-71,5,1,1,0,0.269076,0.980276,logprobs,DekaLLM
14493,-71,7,1,1,0,0.377749,0.977805,logprobs,DekaLLM
14494,-71,9,1,1,0,0.269076,0.976311,logprobs,DekaLLM
14495,-71,11,1,1,0,0.269076,0.97624,logprobs,DekaLLM
14496,-71,13,1,1,0,0.377623,0.973427,logprobs,DekaLLM
14497,-71,15,1,1,0,0.269081,0.978772,logprobs,DekaLLM
14498,-71,17,1,1,0,0.269076,0.981309,logprobs,DekaLLM
14499,-71,19,1,1,0,0.377749,0.980639,logprobs,DekaLLM
14500,-71,21,1,1,0,0.269076,0.97505,logprobs,DekaLLM
14501,-71,23,1,1,0,0.182478,0.982284,logprobs,DekaLLM
14502,-71,25,1,1,0,0.182458,0.975491,logprobs,DekaLLM
14503,-71,27,1,1,0,0.26901,0.97776,logprobs,DekaLLM
14504,-71,29,1,1,0,0.269076,0.976944,logprobs,DekaLLM
14505,-71,31,1,1,0,0.377749,0.976658,logprobs,DekaLLM
14506,-71,33,1,1,0,0.377722,0.975819,logprobs,DekaLLM
14507,-71,35,1,1,0,0.377834,0.97735,logprobs,DekaLLM
14508,-71,37,1,1,0,0.377702,0.983499,logprobs,DekaLLM
14509,-71,39,1,1,1,0.500222,0.981661,logprobs,DekaLLM
14510,-71,41,1,1,0,0.269076,0.983733,logprobs,DekaLLM
14511,-71,43,1,1,1,0.622668,0.973179,logprobs,DekaLLM
14512,-71,45,1,1,1,0.500222,0.975046,logprobs,DekaLLM
14513,-71,47,1,1,0,0.26901,0.977679,logprobs,DekaLLM
14514,-71,49,1,1,0,0.26901,0.97466,logprobs,DekaLLM
14515,-71,51,1,1,0,0.269076,0.978336,logprobs,DekaLLM
14516,-71,53,1,1,0,0.269163,0.970353,logprobs,DekaLLM
14517,-71,55,1,1,0,0.182511,0.975618,logprobs,DekaLLM
14518,-71,57,1,1,0,0.182428,0.979709,logprobs,DekaLLM
14519,-71,59,1,1,0,0.268984,0.97765,logprobs,DekaLLM
14520,-71,61,1,1,0,0.269076,0.983038,logprobs,DekaLLM
14521,-71,63,1,1,0,0.269036,0.981867,logprobs,DekaLLM
14522,-71,65,1,1,0,0.26901,0.984113,logprobs,DekaLLM
14523,-71,67,1,1,0,0.268944,0.977702,logprobs,DekaLLM
14524,-71,69,1,1,0,0.26901,0.979612,logprobs,DekaLLM
14525,-71,71,0,0,0,0.269081,0.979551,logprobs,DekaLLM
14526,-71,73,1,1,0,0.119277,0.980255,logprobs,DekaLLM
14527,-71,75,1,1,0,0.182511,0.97824,logprobs,DekaLLM
14528,-71,77,1,1,0,0.26901,0.978043,logprobs,DekaLLM
14529,-71,79,1,1,0,0.182511,0.975558,logprobs,DekaLLM
14530,-71,81,1,1,0,0.26897,0.974605,logprobs,DekaLLM
14531,-71,83,1,1,0,0.182478,0.97679,logprobs,DekaLLM
14532,-71,85,1,1,0,0.182478,0.979643,logprobs,DekaLLM
14533,-71,87,1,1,0,0.119169,0.978587,logprobs,DekaLLM
14534,-71,89,1,1,0,0.182459,0.984964,logprobs,DekaLLM
14535,-71,91,1,1,0,0.119155,0.978697,logprobs,DekaLLM
14536,-71,93,1,1,0,0.119213,0.975328,logprobs,DekaLLM
14537,-71,95,1,1,0,0.119174,0.983462,logprobs,DekaLLM
14538,-71,97,1,1,0,0.075844,0.983053,logprobs,DekaLLM
14539,-71,99,1,1,0,0.119169,0.980163,logprobs,DekaLLM
14540,-71,101,1,1,0,0.182528,0.983251,logprobs,DekaLLM
14541,-71,103,1,1,0,0.182458,0.976549,logprobs,DekaLLM
14542,-71,105,1,1,0,0.26901,0.971979,logprobs,DekaLLM
14543,-71,107,1,1,0,0.119174,0.979168,logprobs,DekaLLM
14544,-71,109,1,1,0,0.182377,0.980269,logprobs,DekaLLM
14545,-71,111,1,1,0,0.269076,0.973264,logprobs,DekaLLM
14546,-71,113,1,1,0,0.119182,0.973232,logprobs,DekaLLM
14547,-71,115,1,1,0,0.182377,0.97815,logprobs,DekaLLM
14548,-71,117,1,1,0,0.075826,0.97407,logprobs,DekaLLM
14549,-71,119,1,1,0,0.11924,0.980596,logprobs,DekaLLM
14550,-71,121,1,1,0,0.119182,0.983299,logprobs,DekaLLM
14551,-71,123,1,1,0,0.119182,0.97896,logprobs,DekaLLM
14552,-71,125,1,1,0,0.269076,0.97931,logprobs,DekaLLM
14553,-71,127,1,1,0,0.182458,0.976172,logprobs,DekaLLM
14554,-71,129,1,1,0,0.268944,0.977301,logprobs,DekaLLM
14555,-71,131,1,1,0,0.268984,0.976975,logprobs,DekaLLM
14556,-71,133,1,1,0,0.269076,0.977597,logprobs,DekaLLM
14557,-71,135,1,1,0,0.182395,0.974435,logprobs,DekaLLM
14558,-71,137,1,1,0,0.182459,0.976127,logprobs,DekaLLM
14559,-71,139,1,1,0,0.182459,0.984168,logprobs,DekaLLM
14560,-71,141,1,1,0,0.182458,0.968982,logprobs,DekaLLM
14561,-71,143,1,1,0,0.075844,0.982642,logprobs,DekaLLM
14562,-71,145,1,1,0,0.119182,0.974608,logprobs,DekaLLM
14563,-71,147,1,1,0,0.119169,0.98286,logprobs,DekaLLM
14564,-71,149,1,1,0,0.119169,0.972495,logprobs,DekaLLM
14565,-71,151,1,1,0,0.047417,0.98235,logprobs,DekaLLM
14566,-71,153,1,1,0,0.047413,0.981591,logprobs,DekaLLM
14567,-71,155,1,1,0,0.075839,0.981584,logprobs,DekaLLM
14568,-71,157,1,1,0,0.029307,0.986561,logprobs,DekaLLM
14569,-71,159,1,1,0,0.047417,0.980705,logprobs,DekaLLM
14570,-71,161,1,1,0,0.047411,0.979017,logprobs,DekaLLM
14571,-71,163,1,1,0,0.075835,0.979851,logprobs,DekaLLM
14572,-71,165,1,1,0,0.047413,0.984843,logprobs,DekaLLM
14573,-71,167,1,1,0,0.075835,0.978265,logprobs,DekaLLM
14574,-71,169,0,0,0,0.029304,0.977985,logprobs,DekaLLM
14575,-71,171,0,0,0,0.075844,0.983101,logprobs,DekaLLM
14576,-71,173,0,0,0,0.047417,0.978777,logprobs,DekaLLM
14577,-71,175,0,0,0,0.047413,0.980167,logprobs,DekaLLM
14578,-71,177,0,0,0,0.047415,0.982751,logprobs,DekaLLM
14579,-71,179,0,0,0,0.047417,0.982005,logprobs,DekaLLM
14580,-73,-179,0,0,0,0.047417,0.985031,logprobs,DekaLLM
14581,-73,-177,0,0,0,0.017983,0.988615,logprobs,DekaLLM
14582,-73,-175,0,0,0,0.010985,0.986966,logprobs,DekaLLM
14583,-73,-173,0,0,0,0.017983,0.988242,logprobs,DekaLLM
14584,-73,-171,0,0,0,0.010985,0.987667,logprobs,DekaLLM
14585,-73,-169,0,0,0,0.006692,0.992221,logprobs,DekaLLM
14586,-73,-167,0,0,0,0.010985,0.989778,logprobs,DekaLLM
14587,-73,-165,0,0,0,0.010986,0.991606,logprobs,DekaLLM
14588,-73,-163,0,0,0,0.017983,0.979368,logprobs,DekaLLM
14589,-73,-161,0,0,0,0.017983,0.988313,logprobs,DekaLLM
14590,-73,-159,0,0,0,0.010985,0.987306,logprobs,DekaLLM
14591,-73,-157,0,0,0,0.017983,0.981563,logprobs,DekaLLM
14592,-73,-155,0,0,0,0.047411,0.980168,logprobs,DekaLLM
14593,-73,-153,0,0,0,0.029307,0.988217,logprobs,DekaLLM
14594,-73,-151,0,0,0,0.017981,0.98157,logprobs,DekaLLM
14595,-73,-149,0,0,0,0.029307,0.984259,logprobs,DekaLLM
14596,-73,-147,0,0,0,0.075839,0.987851,logprobs,DekaLLM
14597,-73,-145,0,0,0,0.017983,0.989268,logprobs,DekaLLM
14598,-73,-143,0,0,0,0.075839,0.982058,logprobs,DekaLLM
14599,-73,-141,0,0,0,0.047413,0.983037,logprobs,DekaLLM
14600,-73,-139,0,0,0,0.047411,0.98246,logprobs,DekaLLM
14601,-73,-137,0,0,0,0.029307,0.989923,logprobs,DekaLLM
14602,-73,-135,0,0,0,0.047413,0.985736,logprobs,DekaLLM
14603,-73,-133,0,0,0,0.029304,0.986021,logprobs,DekaLLM
14604,-73,-131,0,0,0,0.047413,0.985219,logprobs,DekaLLM
14605,-73,-129,0,0,0,0.075839,0.986293,logprobs,DekaLLM
14606,-73,-127,0,0,0,0.047411,0.986628,logprobs,DekaLLM
14607,-73,-125,0,0,0,0.029307,0.980309,logprobs,DekaLLM
14608,-73,-123,0,0,0,0.047413,0.98153,logprobs,DekaLLM
14609,-73,-121,0,0,0,0.047417,0.985787,logprobs,DekaLLM
14610,-73,-119,0,0,0,0.075835,0.979976,logprobs,DekaLLM
14611,-73,-117,0,0,0,0.182478,0.982031,logprobs,DekaLLM
14612,-73,-115,0,0,0,0.119169,0.977949,logprobs,DekaLLM
14613,-73,-113,0,0,0,0.269052,0.985622,logprobs,DekaLLM
14614,-73,-111,0,0,0,0.182459,0.983482,logprobs,DekaLLM
14615,-73,-109,0,0,0,0.119227,0.988432,logprobs,DekaLLM
14616,-73,-107,0,0,0,0.119169,0.980877,logprobs,DekaLLM
14617,-73,-105,0,0,0,0.269119,0.98499,logprobs,DekaLLM
14618,-73,-103,1,1,0,0.182511,0.978537,logprobs,DekaLLM
14619,-73,-101,1,1,0,0.182542,0.985518,logprobs,DekaLLM
14620,-73,-99,1,1,0,0.26905,0.981529,logprobs,DekaLLM
14621,-73,-97,0,0,0,0.18249,0.985321,logprobs,DekaLLM
14622,-73,-95,0,0,0,0.119155,0.978572,logprobs,DekaLLM
14623,-73,-93,0,0,0,0.075839,0.986048,logprobs,DekaLLM
14624,-73,-91,1,1,0,0.119169,0.980916,logprobs,DekaLLM
14625,-73,-89,1,1,0,0.182459,0.982182,logprobs,DekaLLM
14626,-73,-87,0,0,0,0.119169,0.981687,logprobs,DekaLLM
14627,-73,-85,0,0,0,0.18244,0.981529,logprobs,DekaLLM
14628,-73,-83,0,0,0,0.119169,0.985874,logprobs,DekaLLM
14629,-73,-81,0,0,0,0.119169,0.98297,logprobs,DekaLLM
14630,-73,-79,1,1,0,0.119168,0.9781,logprobs,DekaLLM
14631,-73,-77,0,0,0,0.119169,0.97593,logprobs,DekaLLM
14632,-73,-75,1,1,0,0.075835,0.979496,logprobs,DekaLLM
14633,-73,-73,0,0,0,0.182345,0.975874,logprobs,DekaLLM
14634,-73,-71,0,0,0,0.119169,0.979606,logprobs,DekaLLM
14635,-73,-69,0,0,0,0.119169,0.981259,logprobs,DekaLLM
14636,-73,-67,1,1,0,0.182357,0.981488,logprobs,DekaLLM
14637,-73,-65,1,1,0,0.119155,0.97879,logprobs,DekaLLM
14638,-73,-63,1,1,0,0.119169,0.983552,logprobs,DekaLLM
14639,-73,-61,1,1,0,0.119169,0.981253,logprobs,DekaLLM
14640,-73,-59,0,0,0,0.182458,0.98176,logprobs,DekaLLM
14641,-73,-57,0,0,0,0.11924,0.982693,logprobs,DekaLLM
14642,-73,-55,0,0,0,0.119227,0.984568,logprobs,DekaLLM
14643,-73,-53,0,0,0,0.119227,0.985035,logprobs,DekaLLM
14644,-73,-51,0,0,0,0.119174,0.98489,logprobs,DekaLLM
14645,-73,-49,0,0,0,0.119227,0.982798,logprobs,DekaLLM
14646,-73,-47,0,0,0,0.182459,0.987033,logprobs,DekaLLM
14647,-73,-45,0,0,0,0.11924,0.97765,logprobs,DekaLLM
14648,-73,-43,0,0,0,0.269076,0.983258,logprobs,DekaLLM
14649,-73,-41,0,0,0,0.119169,0.980948,logprobs,DekaLLM
14650,-73,-39,0,0,0,0.119155,0.977678,logprobs,DekaLLM
14651,-73,-37,0,0,0,0.119169,0.980202,logprobs,DekaLLM
14652,-73,-35,0,0,0,0.182395,0.981649,logprobs,DekaLLM
14653,-73,-33,0,0,0,0.268967,0.984425,logprobs,DekaLLM
14654,-73,-31,0,0,0,0.119235,0.983758,logprobs,DekaLLM
14655,-73,-29,0,0,0,0.119322,0.984011,logprobs,DekaLLM
14656,-73,-27,0,0,0,0.269076,0.983885,logprobs,DekaLLM
14657,-73,-25,0,0,0,0.377671,0.977212,logprobs,DekaLLM
14658,-73,-23,0,0,0,0.377698,0.984474,logprobs,DekaLLM
14659,-73,-21,0,0,0,0.269076,0.981873,logprobs,DekaLLM
14660,-73,-19,0,0,0,0.26901,0.979774,logprobs,DekaLLM
14661,-73,-17,0,0,0,0.269076,0.984028,logprobs,DekaLLM
14662,-73,-15,0,0,0,0.182458,0.978617,logprobs,DekaLLM
14663,-73,-13,1,1,0,0.26901,0.977771,logprobs,DekaLLM
14664,-73,-11,1,1,0,0.269076,0.979867,logprobs,DekaLLM
14665,-73,-9,1,1,0,0.377698,0.977452,logprobs,DekaLLM
14666,-73,-7,1,1,0,0.269076,0.982899,logprobs,DekaLLM
14667,-73,-5,1,1,0,0.182478,0.977404,logprobs,DekaLLM
14668,-73,-3,1,1,0,0.26905,0.975999,logprobs,DekaLLM
14669,-73,-1,1,1,0,0.182478,0.978918,logprobs,DekaLLM
14670,-73,1,1,1,0,0.182458,0.974317,logprobs,DekaLLM
14671,-73,3,1,1,0,0.268967,0.981106,logprobs,DekaLLM
14672,-73,5,1,1,0,0.268984,0.975802,logprobs,DekaLLM
14673,-73,7,1,1,1,0.500135,0.976799,logprobs,DekaLLM
14674,-73,9,1,1,0,0.269076,0.982047,logprobs,DekaLLM
14675,-73,11,1,1,0,0.269081,0.979751,logprobs,DekaLLM
14676,-73,13,1,1,0,0.269076,0.977609,logprobs,DekaLLM
14677,-73,15,1,1,0,0.269081,0.977953,logprobs,DekaLLM
14678,-73,17,1,1,0,0.26901,0.981304,logprobs,DekaLLM
14679,-73,19,1,1,0,0.377671,0.984726,logprobs,DekaLLM
14680,-73,21,1,1,0,0.268901,0.985411,logprobs,DekaLLM
14681,-73,23,1,1,0,0.182459,0.984881,logprobs,DekaLLM
14682,-73,25,1,1,0,0.075835,0.984209,logprobs,DekaLLM
14683,-73,27,1,1,0,0.269076,0.985616,logprobs,DekaLLM
14684,-73,29,1,1,0,0.182459,0.987178,logprobs,DekaLLM
14685,-73,31,1,1,0,0.377885,0.974102,logprobs,DekaLLM
14686,-73,33,1,1,1,0.500168,0.98096,logprobs,DekaLLM
14687,-73,35,1,1,1,0.500222,0.981092,logprobs,DekaLLM
14688,-73,37,1,1,1,0.500222,0.980408,logprobs,DekaLLM
14689,-73,39,1,1,1,0.622615,0.983956,logprobs,DekaLLM
14690,-73,41,1,1,1,0.731257,0.975463,logprobs,DekaLLM
14691,-73,43,1,1,1,0.817693,0.970323,logprobs,DekaLLM
14692,-73,45,1,1,1,0.731189,0.979035,logprobs,DekaLLM
14693,-73,47,1,1,0,0.182509,0.987147,logprobs,DekaLLM
14694,-73,49,1,1,0,0.377702,0.983863,logprobs,DekaLLM
14695,-73,51,1,1,0,0.377885,0.976173,logprobs,DekaLLM
14696,-73,53,1,1,0,0.377654,0.981115,logprobs,DekaLLM
14697,-73,55,1,1,0,0.11924,0.984396,logprobs,DekaLLM
14698,-73,57,1,1,0,0.11924,0.982052,logprobs,DekaLLM
14699,-73,59,1,1,0,0.119174,0.986727,logprobs,DekaLLM
14700,-73,61,1,1,0,0.182458,0.979945,logprobs,DekaLLM
14701,-73,63,1,1,0,0.269076,0.98235,logprobs,DekaLLM
14702,-73,65,1,1,0,0.269076,0.982677,logprobs,DekaLLM
14703,-73,67,1,1,0,0.119169,0.981341,logprobs,DekaLLM
14704,-73,69,1,1,0,0.119169,0.979889,logprobs,DekaLLM
14705,-73,71,1,1,0,0.182511,0.974338,logprobs,DekaLLM
14706,-73,73,1,1,0,0.269055,0.970436,logprobs,DekaLLM
14707,-73,75,1,1,0,0.26901,0.979455,logprobs,DekaLLM
14708,-73,77,1,1,0,0.269076,0.981896,logprobs,DekaLLM
14709,-73,79,1,1,0,0.26905,0.974611,logprobs,DekaLLM
14710,-73,81,1,1,0,0.182459,0.982154,logprobs,DekaLLM
14711,-73,83,1,1,0,0.268944,0.980574,logprobs,DekaLLM
14712,-73,85,1,1,0,0.11924,0.98623,logprobs,DekaLLM
14713,-73,87,1,1,0,0.075839,0.987123,logprobs,DekaLLM
14714,-73,89,1,1,0,0.075844,0.98711,logprobs,DekaLLM
14715,-73,91,1,1,0,0.075839,0.983663,logprobs,DekaLLM
14716,-73,93,1,1,0,0.182377,0.979368,logprobs,DekaLLM
14717,-73,95,1,1,0,0.11924,0.986195,logprobs,DekaLLM
14718,-73,97,1,1,0,0.182511,0.973688,logprobs,DekaLLM
14719,-73,99,1,1,0,0.075839,0.983584,logprobs,DekaLLM
14720,-73,101,1,1,0,0.182478,0.976769,logprobs,DekaLLM
14721,-73,103,1,1,0,0.119227,0.98615,logprobs,DekaLLM
14722,-73,105,1,1,0,0.182478,0.977903,logprobs,DekaLLM
14723,-73,107,1,1,0,0.182458,0.977548,logprobs,DekaLLM
14724,-73,109,1,1,0,0.182478,0.97662,logprobs,DekaLLM
14725,-73,111,1,1,0,0.182459,0.98406,logprobs,DekaLLM
14726,-73,113,1,1,0,0.075839,0.986228,logprobs,DekaLLM
14727,-73,115,1,1,0,0.075839,0.984074,logprobs,DekaLLM
14728,-73,117,1,1,0,0.11924,0.984996,logprobs,DekaLLM
14729,-73,119,1,1,0,0.075839,0.98066,logprobs,DekaLLM
14730,-73,121,1,1,0,0.182459,0.978409,logprobs,DekaLLM
14731,-73,123,1,1,0,0.075835,0.974247,logprobs,DekaLLM
14732,-73,125,1,1,0,0.182528,0.984398,logprobs,DekaLLM
14733,-73,127,1,1,0,0.075839,0.982699,logprobs,DekaLLM
14734,-73,129,1,1,0,0.182478,0.97682,logprobs,DekaLLM
14735,-73,131,1,1,0,0.119169,0.979499,logprobs,DekaLLM
14736,-73,133,1,1,0,0.119155,0.978851,logprobs,DekaLLM
14737,-73,135,1,1,0,0.182459,0.982386,logprobs,DekaLLM
14738,-73,137,1,1,0,0.075844,0.981213,logprobs,DekaLLM
14739,-73,139,1,1,0,0.119169,0.980047,logprobs,DekaLLM
14740,-73,141,1,1,0,0.075839,0.983245,logprobs,DekaLLM
14741,-73,143,1,1,0,0.075839,0.981898,logprobs,DekaLLM
14742,-73,145,1,1,0,0.075844,0.981492,logprobs,DekaLLM
14743,-73,147,1,1,0,0.075839,0.985799,logprobs,DekaLLM
14744,-73,149,1,1,0,0.075844,0.980938,logprobs,DekaLLM
14745,-73,151,1,1,0,0.075844,0.98182,logprobs,DekaLLM
14746,-73,153,1,1,0,0.075835,0.985506,logprobs,DekaLLM
14747,-73,155,1,1,0,0.075839,0.983749,logprobs,DekaLLM
14748,-73,157,1,1,0,0.047417,0.979477,logprobs,DekaLLM
14749,-73,159,1,1,0,0.047413,0.978687,logprobs,DekaLLM
14750,-73,161,1,1,0,0.075839,0.987666,logprobs,DekaLLM
14751,-73,163,1,1,0,0.075844,0.977825,logprobs,DekaLLM
14752,-73,165,1,1,0,0.029307,0.987846,logprobs,DekaLLM
14753,-73,167,1,1,0,0.029304,0.978164,logprobs,DekaLLM
14754,-73,169,1,1,0,0.029307,0.983285,logprobs,DekaLLM
14755,-73,171,0,0,0,0.047417,0.985887,logprobs,DekaLLM
14756,-73,173,0,0,0,0.04742,0.982739,logprobs,DekaLLM
14757,-73,175,0,0,0,0.029307,0.988464,logprobs,DekaLLM
14758,-73,177,0,0,0,0.047417,0.983679,logprobs,DekaLLM
14759,-73,179,0,0,0,0.047417,0.985739,logprobs,DekaLLM
14760,-75,-179,0,0,0,0.075839,0.982811,logprobs,DekaLLM
14761,-75,-177,0,0,0,0.029307,0.986237,logprobs,DekaLLM
14762,-75,-175,0,0,0,0.029307,0.99116,logprobs,DekaLLM
14763,-75,-173,0,0,0,0.010985,0.989955,logprobs,DekaLLM
14764,-75,-171,0,0,0,0.017983,0.985526,logprobs,DekaLLM
14765,-75,-169,0,0,0,0.010985,0.98602,logprobs,DekaLLM
14766,-75,-167,0,0,0,0.017984,0.991837,logprobs,DekaLLM
14767,-75,-165,0,0,0,0.010985,0.989323,logprobs,DekaLLM
14768,-75,-163,0,0,0,0.017983,0.989451,logprobs,DekaLLM
14769,-75,-161,0,0,0,0.010985,0.990289,logprobs,DekaLLM
14770,-75,-159,0,0,0,0.029307,0.985582,logprobs,DekaLLM
14771,-75,-157,0,0,0,0.029307,0.988082,logprobs,DekaLLM
14772,-75,-155,0,0,0,0.017983,0.982096,logprobs,DekaLLM
14773,-75,-153,0,0,0,0.047413,0.983872,logprobs,DekaLLM
14774,-75,-151,0,0,0,0.029303,0.983233,logprobs,DekaLLM
14775,-75,-149,0,0,0,0.029307,0.987826,logprobs,DekaLLM
14776,-75,-147,0,0,0,0.047411,0.987722,logprobs,DekaLLM
14777,-75,-145,0,0,0,0.029304,0.984101,logprobs,DekaLLM
14778,-75,-143,0,0,0,0.047413,0.986112,logprobs,DekaLLM
14779,-75,-141,0,0,0,0.075839,0.986992,logprobs,DekaLLM
14780,-75,-139,0,0,0,0.047413,0.984574,logprobs,DekaLLM
14781,-75,-137,1,1,0,0.029307,0.989108,logprobs,DekaLLM
14782,-75,-135,1,1,0,0.119169,0.981047,logprobs,DekaLLM
14783,-75,-133,1,1,0,0.047417,0.986674,logprobs,DekaLLM
14784,-75,-131,1,1,0,0.075839,0.985893,logprobs,DekaLLM
14785,-75,-129,1,1,0,0.075839,0.983937,logprobs,DekaLLM
14786,-75,-127,1,1,0,0.075839,0.983469,logprobs,DekaLLM
14787,-75,-125,1,1,0,0.029307,0.984614,logprobs,DekaLLM
14788,-75,-123,1,1,0,0.075835,0.985287,logprobs,DekaLLM
14789,-75,-121,1,1,0,0.119169,0.973218,logprobs,DekaLLM
14790,-75,-119,1,1,0,0.119213,0.97308,logprobs,DekaLLM
14791,-75,-117,1,1,0,0.182528,0.982805,logprobs,DekaLLM
14792,-75,-115,1,1,0,0.182542,0.986598,logprobs,DekaLLM
14793,-75,-113,1,1,0,0.182542,0.977404,logprobs,DekaLLM
14794,-75,-111,0,0,0,0.269076,0.983647,logprobs,DekaLLM
14795,-75,-109,0,0,0,0.269076,0.98187,logprobs,DekaLLM
14796,-75,-107,0,0,0,0.26905,0.979988,logprobs,DekaLLM
14797,-75,-105,0,0,0,0.26901,0.979034,logprobs,DekaLLM
14798,-75,-103,0,0,0,0.377654,0.983177,logprobs,DekaLLM
14799,-75,-101,0,0,0,0.182594,0.98021,logprobs,DekaLLM
14800,-75,-99,1,1,0,0.182459,0.981865,logprobs,DekaLLM
14801,-75,-97,1,1,0,0.268986,0.982785,logprobs,DekaLLM
14802,-75,-95,1,1,0,0.269052,0.985919,logprobs,DekaLLM
14803,-75,-93,1,1,0,0.11925,0.981559,logprobs,DekaLLM
14804,-75,-91,1,1,0,0.07582,0.976617,logprobs,DekaLLM
14805,-75,-89,1,1,0,0.269076,0.984194,logprobs,DekaLLM
14806,-75,-87,1,1,0,0.182478,0.978093,logprobs,DekaLLM
14807,-75,-85,1,1,0,0.182459,0.986641,logprobs,DekaLLM
14808,-75,-83,1,1,0,0.182478,0.982468,logprobs,DekaLLM
14809,-75,-81,1,1,0,0.182478,0.983182,logprobs,DekaLLM
14810,-75,-79,1,1,0,0.182478,0.981231,logprobs,DekaLLM
14811,-75,-77,1,1,0,0.182459,0.984971,logprobs,DekaLLM
14812,-75,-75,1,1,0,0.26901,0.982395,logprobs,DekaLLM
14813,-75,-73,1,1,0,0.377592,0.972735,logprobs,DekaLLM
14814,-75,-71,1,1,0,0.269147,0.977882,logprobs,DekaLLM
14815,-75,-69,1,1,0,0.269121,0.979579,logprobs,DekaLLM
14816,-75,-67,1,1,0,0.182459,0.982246,logprobs,DekaLLM
14817,-75,-65,1,1,0,0.26901,0.978328,logprobs,DekaLLM
14818,-75,-63,0,0,0,0.182457,0.98746,logprobs,DekaLLM
14819,-75,-61,0,0,0,0.11924,0.983902,logprobs,DekaLLM
14820,-75,-59,0,0,0,0.119227,0.980515,logprobs,DekaLLM
14821,-75,-57,0,0,0,0.182594,0.980689,logprobs,DekaLLM
14822,-75,-55,0,0,0,0.182528,0.987478,logprobs,DekaLLM
14823,-75,-53,0,0,0,0.182478,0.981986,logprobs,DekaLLM
14824,-75,-51,0,0,0,0.377749,0.977138,logprobs,DekaLLM
14825,-75,-49,0,0,0,0.182459,0.974165,logprobs,DekaLLM
14826,-75,-47,0,0,0,0.269076,0.983026,logprobs,DekaLLM
14827,-75,-45,0,0,0,0.269076,0.983472,logprobs,DekaLLM
14828,-75,-43,0,0,0,0.26901,0.982877,logprobs,DekaLLM
14829,-75,-41,0,0,0,0.377702,0.981133,logprobs,DekaLLM
14830,-75,-39,0,0,0,0.182376,0.979668,logprobs,DekaLLM
14831,-75,-37,0,0,0,0.182389,0.986604,logprobs,DekaLLM
14832,-75,-35,0,0,1,0.500222,0.98363,logprobs,DekaLLM
14833,-75,-33,0,0,0,0.269033,0.984199,logprobs,DekaLLM
14834,-75,-31,0,0,1,0.500135,0.981607,logprobs,DekaLLM
14835,-75,-29,0,0,1,0.500189,0.979795,logprobs,DekaLLM
14836,-75,-27,0,0,0,0.377667,0.985648,logprobs,DekaLLM
14837,-75,-25,0,0,0,0.377718,0.983124,logprobs,DekaLLM
14838,-75,-23,0,0,1,0.500189,0.979259,logprobs,DekaLLM
14839,-75,-21,0,0,0,0.377671,0.977043,logprobs,DekaLLM
14840,-75,-19,0,0,0,0.377702,0.984385,logprobs,DekaLLM
14841,-75,-17,1,1,0,0.377749,0.974365,logprobs,DekaLLM
14842,-75,-15,1,1,0,0.377749,0.977968,logprobs,DekaLLM
14843,-75,-13,1,1,1,0.622617,0.977789,logprobs,DekaLLM
14844,-75,-11,1,1,0,0.377702,0.979148,logprobs,DekaLLM
14845,-75,-9,1,1,1,0.500276,0.971672,logprobs,DekaLLM
14846,-75,-7,1,1,0,0.377749,0.979621,logprobs,DekaLLM
14847,-75,-5,1,1,1,0.500222,0.970716,logprobs,DekaLLM
14848,-75,-3,1,1,0,0.377702,0.978485,logprobs,DekaLLM
14849,-75,-1,1,1,0,0.26901,0.982655,logprobs,DekaLLM
14850,-75,1,1,1,0,0.377749,0.971391,logprobs,DekaLLM
14851,-75,3,1,1,0,0.377702,0.974509,logprobs,DekaLLM
14852,-75,5,1,1,1,0.500135,0.979246,logprobs,DekaLLM
14853,-75,7,1,1,1,0.500171,0.984678,logprobs,DekaLLM
14854,-75,9,1,1,1,0.500138,0.977535,logprobs,DekaLLM
14855,-75,11,1,1,1,0.500168,0.978392,logprobs,DekaLLM
14856,-75,13,1,1,1,0.500168,0.983208,logprobs,DekaLLM
14857,-75,15,1,1,1,0.500222,0.975951,logprobs,DekaLLM
14858,-75,17,1,1,0,0.377702,0.974187,logprobs,DekaLLM
14859,-75,19,1,1,0,0.377702,0.979258,logprobs,DekaLLM
14860,-75,21,1,1,0,0.269149,0.977679,logprobs,DekaLLM
14861,-75,23,1,1,0,0.268984,0.97304,logprobs,DekaLLM
14862,-75,25,1,1,0,0.11919,0.986788,logprobs,DekaLLM
14863,-75,27,1,1,0,0.377702,0.981499,logprobs,DekaLLM
14864,-75,29,1,1,0,0.377671,0.979523,logprobs,DekaLLM
14865,-75,31,1,1,1,0.62262,0.97494,logprobs,DekaLLM
14866,-75,33,1,1,1,0.731149,0.983262,logprobs,DekaLLM
14867,-75,35,1,1,1,0.500135,0.982998,logprobs,DekaLLM
14868,-75,37,1,1,1,0.500135,0.97932,logprobs,DekaLLM
14869,-75,39,1,1,1,0.924185,0.979373,logprobs,DekaLLM
14870,-75,41,1,1,1,0.817666,0.980633,logprobs,DekaLLM
14871,-75,43,1,1,1,0.817686,0.972285,logprobs,DekaLLM
14872,-75,45,1,1,1,0.731179,0.983245,logprobs,DekaLLM
14873,-75,47,1,1,1,0.500222,0.977037,logprobs,DekaLLM
14874,-75,49,1,1,1,0.622668,0.971723,logprobs,DekaLLM
14875,-75,51,1,1,1,0.500253,0.978977,logprobs,DekaLLM
14876,-75,53,1,1,1,0.622666,0.976235,logprobs,DekaLLM
14877,-75,55,1,1,0,0.377702,0.981332,logprobs,DekaLLM
14878,-75,57,1,1,0,0.377753,0.970601,logprobs,DekaLLM
14879,-75,59,1,1,0,0.26905,0.978505,logprobs,DekaLLM
14880,-75,61,1,1,0,0.377749,0.974695,logprobs,DekaLLM
14881,-75,63,1,1,0,0.377749,0.971551,logprobs,DekaLLM
14882,-75,65,1,1,0,0.377702,0.979457,logprobs,DekaLLM
14883,-75,67,1,1,0,0.377702,0.973897,logprobs,DekaLLM
14884,-75,69,1,1,0,0.269076,0.978582,logprobs,DekaLLM
14885,-75,71,1,1,0,0.377885,0.971928,logprobs,DekaLLM
14886,-75,73,1,1,0,0.377671,0.980609,logprobs,DekaLLM
14887,-75,75,1,1,0,0.377749,0.976398,logprobs,DekaLLM
14888,-75,77,1,1,0,0.377749,0.973025,logprobs,DekaLLM
14889,-75,79,1,1,0,0.377749,0.980402,logprobs,DekaLLM
14890,-75,81,1,1,1,0.500189,0.974778,logprobs,DekaLLM
14891,-75,83,1,1,0,0.377702,0.977707,logprobs,DekaLLM
14892,-75,85,1,1,0,0.269076,0.985288,logprobs,DekaLLM
14893,-75,87,1,1,0,0.26901,0.984215,logprobs,DekaLLM
14894,-75,89,1,1,0,0.182445,0.98276,logprobs,DekaLLM
14895,-75,91,1,1,0,0.11919,0.982294,logprobs,DekaLLM
14896,-75,93,1,1,0,0.18244,0.976932,logprobs,DekaLLM
14897,-75,95,1,1,0,0.26901,0.981331,logprobs,DekaLLM
14898,-75,97,1,1,0,0.26901,0.972932,logprobs,DekaLLM
14899,-75,99,1,1,0,0.26901,0.982129,logprobs,DekaLLM
14900,-75,101,1,1,0,0.182511,0.971158,logprobs,DekaLLM
14901,-75,103,1,1,0,0.182478,0.978135,logprobs,DekaLLM
14902,-75,105,1,1,0,0.269081,0.97868,logprobs,DekaLLM
14903,-75,107,1,1,0,0.269076,0.978214,logprobs,DekaLLM
14904,-75,109,1,1,0,0.377671,0.971767,logprobs,DekaLLM
14905,-75,111,1,1,0,0.377834,0.97095,logprobs,DekaLLM
14906,-75,113,1,1,0,0.119182,0.982591,logprobs,DekaLLM
14907,-75,115,1,1,0,0.119182,0.984811,logprobs,DekaLLM
14908,-75,117,1,1,0,0.182528,0.980411,logprobs,DekaLLM
14909,-75,119,1,1,0,0.119277,0.984687,logprobs,DekaLLM
14910,-75,121,1,1,0,0.182478,0.980026,logprobs,DekaLLM
14911,-75,123,1,1,0,0.119182,0.980492,logprobs,DekaLLM
14912,-75,125,1,1,0,0.182459,0.984306,logprobs,DekaLLM
14913,-75,127,1,1,0,0.182458,0.976961,logprobs,DekaLLM
14914,-75,129,1,1,0,0.119169,0.977754,logprobs,DekaLLM
14915,-75,131,1,1,0,0.182594,0.967218,logprobs,DekaLLM
14916,-75,133,1,1,0,0.182395,0.976452,logprobs,DekaLLM
14917,-75,135,1,1,0,0.269033,0.982797,logprobs,DekaLLM
14918,-75,137,1,1,0,0.182478,0.980776,logprobs,DekaLLM
14919,-75,139,1,1,0,0.11924,0.981846,logprobs,DekaLLM
14920,-75,141,1,1,0,0.269076,0.981845,logprobs,DekaLLM
14921,-75,143,1,1,0,0.182357,0.976115,logprobs,DekaLLM
14922,-75,145,1,1,0,0.119227,0.983448,logprobs,DekaLLM
14923,-75,147,1,1,0,0.11924,0.978691,logprobs,DekaLLM
14924,-75,149,1,1,0,0.182395,0.977737,logprobs,DekaLLM
14925,-75,151,1,1,0,0.075844,0.983451,logprobs,DekaLLM
14926,-75,153,1,1,0,0.075839,0.983451,logprobs,DekaLLM
14927,-75,155,1,1,0,0.04742,0.980638,logprobs,DekaLLM
14928,-75,157,1,1,0,0.04742,0.986064,logprobs,DekaLLM
14929,-75,159,1,1,0,0.047417,0.982255,logprobs,DekaLLM
14930,-75,161,1,1,0,0.119169,0.982442,logprobs,DekaLLM
14931,-75,163,0,0,0,0.11924,0.986602,logprobs,DekaLLM
14932,-75,165,0,0,0,0.047413,0.981743,logprobs,DekaLLM
14933,-75,167,0,0,0,0.075839,0.979469,logprobs,DekaLLM
14934,-75,169,0,0,0,0.029309,0.984498,logprobs,DekaLLM
14935,-75,171,0,0,0,0.075839,0.980944,logprobs,DekaLLM
14936,-75,173,0,0,0,0.047417,0.98772,logprobs,DekaLLM
14937,-75,175,0,0,0,0.047417,0.98113,logprobs,DekaLLM
14938,-75,177,0,0,0,0.075844,0.980697,logprobs,DekaLLM
14939,-75,179,0,0,0,0.119182,0.984045,logprobs,DekaLLM
14940,-77,-179,0,0,0,0.047417,0.98587,logprobs,DekaLLM
14941,-77,-177,0,0,0,0.047417,0.985619,logprobs,DekaLLM
14942,-77,-175,0,0,0,0.029307,0.982934,logprobs,DekaLLM
14943,-77,-173,0,0,0,0.017983,0.983673,logprobs,DekaLLM
14944,-77,-171,0,0,0,0.010986,0.983065,logprobs,DekaLLM
14945,-77,-169,0,0,0,0.006692,0.989164,logprobs,DekaLLM
14946,-77,-167,0,0,0,0.017984,0.989533,logprobs,DekaLLM
14947,-77,-165,0,0,0,0.010985,0.989436,logprobs,DekaLLM
14948,-77,-163,0,0,0,0.010985,0.98832,logprobs,DekaLLM
14949,-77,-161,0,0,0,0.010985,0.988462,logprobs,DekaLLM
14950,-77,-159,0,0,0,0.017983,0.984635,logprobs,DekaLLM
14951,-77,-157,0,0,0,0.047411,0.986819,logprobs,DekaLLM
14952,-77,-155,0,0,0,0.047417,0.99027,logprobs,DekaLLM
14953,-77,-153,0,0,0,0.029307,0.981414,logprobs,DekaLLM
14954,-77,-151,0,0,0,0.017983,0.980443,logprobs,DekaLLM
14955,-77,-149,1,1,0,0.075844,0.988184,logprobs,DekaLLM
14956,-77,-147,0,0,0,0.119169,0.986147,logprobs,DekaLLM
14957,-77,-145,1,1,0,0.047413,0.97766,logprobs,DekaLLM
14958,-77,-143,1,1,0,0.047413,0.987751,logprobs,DekaLLM
14959,-77,-141,1,1,0,0.075839,0.98612,logprobs,DekaLLM
14960,-77,-139,1,1,0,0.029307,0.98801,logprobs,DekaLLM
14961,-77,-137,1,1,0,0.047413,0.982563,logprobs,DekaLLM
14962,-77,-135,1,1,0,0.075839,0.983097,logprobs,DekaLLM
14963,-77,-133,1,1,0,0.047417,0.987888,logprobs,DekaLLM
14964,-77,-131,1,1,0,0.047411,0.980961,logprobs,DekaLLM
14965,-77,-129,1,1,0,0.047413,0.982611,logprobs,DekaLLM
14966,-77,-127,1,1,0,0.029303,0.981082,logprobs,DekaLLM
14967,-77,-125,1,1,0,0.029307,0.984669,logprobs,DekaLLM
14968,-77,-123,1,1,0,0.075835,0.983843,logprobs,DekaLLM
14969,-77,-121,1,1,0,0.119169,0.979996,logprobs,DekaLLM
14970,-77,-119,1,1,0,0.119227,0.986999,logprobs,DekaLLM
14971,-77,-117,1,1,0,0.182478,0.985782,logprobs,DekaLLM
14972,-77,-115,1,1,0,0.182521,0.987661,logprobs,DekaLLM
14973,-77,-113,1,1,0,0.377702,0.981754,logprobs,DekaLLM
14974,-77,-111,1,1,0,0.377702,0.982451,logprobs,DekaLLM
14975,-77,-109,1,1,0,0.182528,0.984771,logprobs,DekaLLM
14976,-77,-107,1,1,0,0.377702,0.981038,logprobs,DekaLLM
14977,-77,-105,1,1,0,0.377702,0.98591,logprobs,DekaLLM
14978,-77,-103,1,1,0,0.269076,0.978676,logprobs,DekaLLM
14979,-77,-101,1,1,0,0.269076,0.982073,logprobs,DekaLLM
14980,-77,-99,1,1,0,0.268967,0.977853,logprobs,DekaLLM
14981,-77,-97,1,1,0,0.269076,0.983582,logprobs,DekaLLM
14982,-77,-95,1,1,0,0.182478,0.981581,logprobs,DekaLLM
14983,-77,-93,1,1,0,0.182478,0.980668,logprobs,DekaLLM
14984,-77,-91,1,1,0,0.075839,0.985791,logprobs,DekaLLM
14985,-77,-89,1,1,0,0.269076,0.983662,logprobs,DekaLLM
14986,-77,-87,1,1,0,0.182478,0.97607,logprobs,DekaLLM
14987,-77,-85,1,1,0,0.18256,0.985822,logprobs,DekaLLM
14988,-77,-83,1,1,0,0.269033,0.985976,logprobs,DekaLLM
14989,-77,-81,1,1,0,0.269076,0.983001,logprobs,DekaLLM
14990,-77,-79,1,1,0,0.119169,0.979004,logprobs,DekaLLM
14991,-77,-77,1,1,0,0.26901,0.981988,logprobs,DekaLLM
14992,-77,-75,0,0,0,0.182531,0.978524,logprobs,DekaLLM
14993,-77,-73,0,0,0,0.182395,0.97976,logprobs,DekaLLM
14994,-77,-71,0,0,0,0.182478,0.977546,logprobs,DekaLLM
14995,-77,-69,0,0,0,0.182377,0.985517,logprobs,DekaLLM
14996,-77,-67,0,0,0,0.268967,0.981377,logprobs,DekaLLM
14997,-77,-65,0,0,0,0.11924,0.98539,logprobs,DekaLLM
14998,-77,-63,0,0,0,0.182428,0.973345,logprobs,DekaLLM
14999,-77,-61,0,0,0,0.182445,0.98741,logprobs,DekaLLM
15000,-77,-59,0,0,0,0.26905,0.981323,logprobs,DekaLLM
15001,-77,-57,0,0,0,0.269076,0.981788,logprobs,DekaLLM
15002,-77,-55,0,0,0,0.269076,0.98228,logprobs,DekaLLM
15003,-77,-53,0,0,0,0.269116,0.982275,logprobs,DekaLLM
15004,-77,-51,0,0,0,0.26905,0.979318,logprobs,DekaLLM
15005,-77,-49,0,0,0,0.269076,0.983585,logprobs,DekaLLM
15006,-77,-47,0,0,0,0.269076,0.981643,logprobs,DekaLLM
15007,-77,-45,0,0,0,0.269076,0.983531,logprobs,DekaLLM
15008,-77,-43,0,0,0,0.182478,0.978656,logprobs,DekaLLM
15009,-77,-41,0,0,0,0.182447,0.983652,logprobs,DekaLLM
15010,-77,-39,0,0,0,0.119169,0.981711,logprobs,DekaLLM
15011,-77,-37,0,0,0,0.26901,0.979543,logprobs,DekaLLM
15012,-77,-35,0,0,0,0.268967,0.981553,logprobs,DekaLLM
15013,-77,-33,0,0,0,0.377702,0.981556,logprobs,DekaLLM
15014,-77,-31,1,1,0,0.377619,0.9836,logprobs,DekaLLM
15015,-77,-29,1,1,0,0.377749,0.984297,logprobs,DekaLLM
15016,-77,-27,1,1,1,0.500171,0.983927,logprobs,DekaLLM
15017,-77,-25,1,1,0,0.377749,0.979615,logprobs,DekaLLM
15018,-77,-23,1,1,1,0.500222,0.976491,logprobs,DekaLLM
15019,-77,-21,1,1,0,0.377749,0.977797,logprobs,DekaLLM
15020,-77,-19,1,1,0,0.26905,0.980351,logprobs,DekaLLM
15021,-77,-17,1,1,0,0.377619,0.984621,logprobs,DekaLLM
15022,-77,-15,1,1,0,0.377749,0.976793,logprobs,DekaLLM
15023,-77,-13,1,1,0,0.377749,0.977897,logprobs,DekaLLM
15024,-77,-11,1,1,0,0.269116,0.981114,logprobs,DekaLLM
15025,-77,-9,1,1,1,0.500135,0.978301,logprobs,DekaLLM
15026,-77,-7,1,1,0,0.377801,0.974317,logprobs,DekaLLM
15027,-77,-5,1,1,0,0.377749,0.97271,logprobs,DekaLLM
15028,-77,-3,1,1,0,0.377749,0.978967,logprobs,DekaLLM
15029,-77,-1,1,1,0,0.377749,0.98062,logprobs,DekaLLM
15030,-77,1,1,1,0,0.377749,0.972162,logprobs,DekaLLM
15031,-77,3,1,1,1,0.500222,0.971491,logprobs,DekaLLM
15032,-77,5,1,1,1,0.622586,0.977624,logprobs,DekaLLM
15033,-77,7,1,1,1,0.622617,0.978229,logprobs,DekaLLM
15034,-77,9,1,1,1,0.500222,0.975191,logprobs,DekaLLM
15035,-77,11,1,1,1,0.500222,0.973273,logprobs,DekaLLM
15036,-77,13,1,1,1,0.500222,0.977491,logprobs,DekaLLM
15037,-77,15,1,1,1,0.500138,0.974645,logprobs,DekaLLM
15038,-77,17,1,1,0,0.377749,0.97724,logprobs,DekaLLM
15039,-77,19,1,1,1,0.500189,0.97956,logprobs,DekaLLM
15040,-77,21,1,1,0,0.26905,0.983467,logprobs,DekaLLM
15041,-77,23,1,1,0,0.377623,0.979096,logprobs,DekaLLM
15042,-77,25,1,1,0,0.269023,0.988316,logprobs,DekaLLM
15043,-77,27,1,1,0,0.377702,0.979564,logprobs,DekaLLM
15044,-77,29,1,1,1,0.500222,0.98139,logprobs,DekaLLM
15045,-77,31,1,1,1,0.622586,0.982177,logprobs,DekaLLM
15046,-77,33,1,1,1,0.500135,0.985082,logprobs,DekaLLM
15047,-77,35,1,1,1,0.622586,0.981285,logprobs,DekaLLM
15048,-77,37,1,1,1,0.817655,0.977071,logprobs,DekaLLM
15049,-77,39,1,1,1,0.924174,0.985352,logprobs,DekaLLM
15050,-77,41,1,1,1,0.817635,0.980778,logprobs,DekaLLM
15051,-77,43,1,1,1,0.622668,0.969045,logprobs,DekaLLM
15052,-77,45,1,1,1,0.500138,0.976087,logprobs,DekaLLM
15053,-77,47,1,1,0,0.377749,0.969749,logprobs,DekaLLM
15054,-77,49,1,1,1,0.500253,0.983623,logprobs,DekaLLM
15055,-77,51,1,1,1,0.500168,0.977349,logprobs,DekaLLM
15056,-77,53,1,1,1,0.622646,0.980585,logprobs,DekaLLM
15057,-77,55,1,1,0,0.377834,0.974119,logprobs,DekaLLM
15058,-77,57,1,1,0,0.377667,0.981958,logprobs,DekaLLM
15059,-77,59,1,1,0,0.269041,0.977101,logprobs,DekaLLM
15060,-77,61,1,1,0,0.377702,0.978074,logprobs,DekaLLM
15061,-77,63,1,1,0,0.269189,0.978922,logprobs,DekaLLM
15062,-77,65,1,1,0,0.377755,0.975981,logprobs,DekaLLM
15063,-77,67,1,1,0,0.377834,0.977393,logprobs,DekaLLM
15064,-77,69,1,1,0,0.377654,0.981983,logprobs,DekaLLM
15065,-77,71,1,1,0,0.269076,0.979704,logprobs,DekaLLM
15066,-77,73,1,1,0,0.377671,0.980538,logprobs,DekaLLM
15067,-77,75,1,1,0,0.377702,0.973716,logprobs,DekaLLM
15068,-77,77,1,1,0,0.269076,0.984462,logprobs,DekaLLM
15069,-77,79,1,1,0,0.26901,0.982369,logprobs,DekaLLM
15070,-77,81,1,1,0,0.377654,0.981245,logprobs,DekaLLM
15071,-77,83,1,1,0,0.377623,0.980997,logprobs,DekaLLM
15072,-77,85,1,1,0,0.269076,0.982248,logprobs,DekaLLM
15073,-77,87,1,1,0,0.269076,0.98448,logprobs,DekaLLM
15074,-77,89,1,1,0,0.377753,0.975709,logprobs,DekaLLM
15075,-77,91,1,1,0,0.182478,0.976975,logprobs,DekaLLM
15076,-77,93,1,1,0,0.182445,0.982282,logprobs,DekaLLM
15077,-77,95,1,1,0,0.269076,0.981105,logprobs,DekaLLM
15078,-77,97,1,1,0,0.269076,0.978245,logprobs,DekaLLM
15079,-77,99,1,1,0,0.182458,0.978837,logprobs,DekaLLM
15080,-77,101,1,1,0,0.377749,0.972339,logprobs,DekaLLM
15081,-77,103,1,1,0,0.269076,0.980007,logprobs,DekaLLM
15082,-77,105,1,1,0,0.269147,0.974717,logprobs,DekaLLM
15083,-77,107,1,1,0,0.269076,0.981351,logprobs,DekaLLM
15084,-77,109,1,1,0,0.377623,0.971518,logprobs,DekaLLM
15085,-77,111,1,1,0,0.377702,0.978551,logprobs,DekaLLM
15086,-77,113,1,1,0,0.269076,0.982268,logprobs,DekaLLM
15087,-77,115,1,1,0,0.18249,0.983605,logprobs,DekaLLM
15088,-77,117,1,1,0,0.269076,0.979758,logprobs,DekaLLM
15089,-77,119,1,1,0,0.182521,0.983489,logprobs,DekaLLM
15090,-77,121,1,1,0,0.269076,0.980197,logprobs,DekaLLM
15091,-77,123,1,1,0,0.182395,0.9776,logprobs,DekaLLM
15092,-77,125,1,1,0,0.26901,0.976429,logprobs,DekaLLM
15093,-77,127,1,1,0,0.269076,0.977343,logprobs,DekaLLM
15094,-77,129,1,1,0,0.26897,0.973756,logprobs,DekaLLM
15095,-77,131,1,1,0,0.182478,0.974344,logprobs,DekaLLM
15096,-77,133,1,1,0,0.119169,0.97401,logprobs,DekaLLM
15097,-77,135,1,1,0,0.182478,0.982609,logprobs,DekaLLM
15098,-77,137,1,1,0,0.182478,0.976257,logprobs,DekaLLM
15099,-77,139,1,1,0,0.182528,0.983781,logprobs,DekaLLM
15100,-77,141,1,1,0,0.182531,0.976312,logprobs,DekaLLM
15101,-77,143,1,1,0,0.119169,0.980408,logprobs,DekaLLM
15102,-77,145,1,1,0,0.119169,0.977191,logprobs,DekaLLM
15103,-77,147,1,1,0,0.182459,0.983985,logprobs,DekaLLM
15104,-77,149,1,1,0,0.182471,0.984155,logprobs,DekaLLM
15105,-77,151,1,1,0,0.075835,0.976906,logprobs,DekaLLM
15106,-77,153,1,1,0,0.075841,0.979656,logprobs,DekaLLM
15107,-77,155,1,1,0,0.11924,0.9819,logprobs,DekaLLM
15108,-77,157,1,1,0,0.119169,0.974574,logprobs,DekaLLM
15109,-77,159,1,1,0,0.119227,0.979491,logprobs,DekaLLM
15110,-77,161,1,1,0,0.182478,0.980234,logprobs,DekaLLM
15111,-77,163,0,0,0,0.119227,0.980044,logprobs,DekaLLM
15112,-77,165,0,0,0,0.119169,0.980484,logprobs,DekaLLM
15113,-77,167,0,0,0,0.182395,0.979539,logprobs,DekaLLM
15114,-77,169,0,0,0,0.075839,0.984507,logprobs,DekaLLM
15115,-77,171,0,0,0,0.119182,0.978933,logprobs,DekaLLM
15116,-77,173,0,0,0,0.075839,0.984178,logprobs,DekaLLM
15117,-77,175,0,0,0,0.075839,0.986027,logprobs,DekaLLM
15118,-77,177,0,0,0,0.075839,0.982922,logprobs,DekaLLM
15119,-77,179,0,0,0,0.075844,0.984983,logprobs,DekaLLM
15120,-79,-179,0,0,0,0.047417,0.9906,logprobs,DekaLLM
15121,-79,-177,0,0,0,0.017983,0.985319,logprobs,DekaLLM
15122,-79,-175,0,0,0,0.010985,0.986557,logprobs,DekaLLM
15123,-79,-173,0,0,0,0.017983,0.99066,logprobs,DekaLLM
15124,-79,-171,0,0,0,0.010986,0.981127,logprobs,DekaLLM
15125,-79,-169,0,0,0,0.006692,0.985661,logprobs,DekaLLM
15126,-79,-167,0,0,0,0.01798,0.979135,logprobs,DekaLLM
15127,-79,-165,0,0,0,0.010986,0.988856,logprobs,DekaLLM
15128,-79,-163,1,1,0,0.010985,0.989772,logprobs,DekaLLM
15129,-79,-161,0,0,0,0.010985,0.98638,logprobs,DekaLLM
15130,-79,-159,0,0,0,0.017983,0.989591,logprobs,DekaLLM
15131,-79,-157,0,0,0,0.017983,0.987961,logprobs,DekaLLM
15132,-79,-155,0,0,0,0.047415,0.98678,logprobs,DekaLLM
15133,-79,-153,1,1,0,0.047417,0.98655,logprobs,DekaLLM
15134,-79,-151,1,1,0,0.017983,0.987031,logprobs,DekaLLM
15135,-79,-149,1,1,0,0.075835,0.986014,logprobs,DekaLLM
15136,-79,-147,1,1,0,0.075841,0.98714,logprobs,DekaLLM
15137,-79,-145,1,1,0,0.047417,0.986679,logprobs,DekaLLM
15138,-79,-143,1,1,0,0.047417,0.986271,logprobs,DekaLLM
15139,-79,-141,1,1,0,0.119182,0.986853,logprobs,DekaLLM
15140,-79,-139,1,1,0,0.075839,0.985084,logprobs,DekaLLM
15141,-79,-137,1,1,0,0.047413,0.987945,logprobs,DekaLLM
15142,-79,-135,1,1,0,0.047417,0.982345,logprobs,DekaLLM
15143,-79,-133,1,1,0,0.047413,0.985248,logprobs,DekaLLM
15144,-79,-131,1,1,0,0.075883,0.987425,logprobs,DekaLLM
15145,-79,-129,1,1,0,0.075835,0.977472,logprobs,DekaLLM
15146,-79,-127,1,1,0,0.075839,0.984651,logprobs,DekaLLM
15147,-79,-125,1,1,0,0.047411,0.983551,logprobs,DekaLLM
15148,-79,-123,1,1,0,0.047411,0.974258,logprobs,DekaLLM
15149,-79,-121,1,1,0,0.182458,0.972497,logprobs,DekaLLM
15150,-79,-119,1,1,0,0.119169,0.986962,logprobs,DekaLLM
15151,-79,-117,1,1,0,0.182458,0.980568,logprobs,DekaLLM
15152,-79,-115,1,1,0,0.182478,0.980392,logprobs,DekaLLM
15153,-79,-113,1,1,0,0.26897,0.978416,logprobs,DekaLLM
15154,-79,-111,1,1,0,0.269052,0.986897,logprobs,DekaLLM
15155,-79,-109,1,1,0,0.182614,0.982287,logprobs,DekaLLM
15156,-79,-107,1,1,0,0.269055,0.972674,logprobs,DekaLLM
15157,-79,-105,1,1,0,0.377702,0.980405,logprobs,DekaLLM
15158,-79,-103,1,1,0,0.269052,0.985555,logprobs,DekaLLM
15159,-79,-101,1,1,0,0.26905,0.982401,logprobs,DekaLLM
15160,-79,-99,1,1,0,0.182542,0.984048,logprobs,DekaLLM
15161,-79,-97,1,1,0,0.26897,0.979975,logprobs,DekaLLM
15162,-79,-95,1,1,0,0.182575,0.982572,logprobs,DekaLLM
15163,-79,-93,1,1,0,0.182478,0.976326,logprobs,DekaLLM
15164,-79,-91,1,1,0,0.182427,0.987117,logprobs,DekaLLM
15165,-79,-89,1,1,0,0.182447,0.981163,logprobs,DekaLLM
15166,-79,-87,1,1,0,0.26905,0.981918,logprobs,DekaLLM
15167,-79,-85,1,1,0,0.182478,0.983947,logprobs,DekaLLM
15168,-79,-83,1,1,0,0.269036,0.982245,logprobs,DekaLLM
15169,-79,-81,0,0,0,0.182478,0.981231,logprobs,DekaLLM
15170,-79,-79,0,0,0,0.182478,0.984245,logprobs,DekaLLM
15171,-79,-77,0,0,0,0.269055,0.97306,logprobs,DekaLLM
15172,-79,-75,0,0,0,0.269076,0.980726,logprobs,DekaLLM
15173,-79,-73,0,0,0,0.269076,0.982716,logprobs,DekaLLM
15174,-79,-71,1,1,0,0.182478,0.981069,logprobs,DekaLLM
15175,-79,-69,1,1,0,0.182458,0.979693,logprobs,DekaLLM
15176,-79,-67,0,0,0,0.182459,0.979778,logprobs,DekaLLM
15177,-79,-65,0,0,0,0.182427,0.987337,logprobs,DekaLLM
15178,-79,-63,0,0,0,0.119169,0.980253,logprobs,DekaLLM
15179,-79,-61,0,0,0,0.119169,0.986378,logprobs,DekaLLM
15180,-79,-59,0,0,0,0.26897,0.980885,logprobs,DekaLLM
15181,-79,-57,0,0,0,0.182445,0.981501,logprobs,DekaLLM
15182,-79,-55,0,0,0,0.119248,0.986433,logprobs,DekaLLM
15183,-79,-53,0,0,0,0.119232,0.981556,logprobs,DekaLLM
15184,-79,-51,0,0,0,0.182478,0.979574,logprobs,DekaLLM
15185,-79,-49,1,1,0,0.18254,0.983574,logprobs,DekaLLM
15186,-79,-47,1,1,0,0.377654,0.983903,logprobs,DekaLLM
15187,-79,-45,1,1,0,0.268967,0.98188,logprobs,DekaLLM
15188,-79,-43,0,0,0,0.269076,0.98588,logprobs,DekaLLM
15189,-79,-41,0,0,0,0.18249,0.982681,logprobs,DekaLLM
15190,-79,-39,0,0,0,0.182445,0.985607,logprobs,DekaLLM
15191,-79,-37,0,0,0,0.182478,0.987258,logprobs,DekaLLM
15192,-79,-35,0,0,0,0.182375,0.978839,logprobs,DekaLLM
15193,-79,-33,1,1,0,0.268959,0.985788,logprobs,DekaLLM
15194,-79,-31,1,1,0,0.26901,0.976256,logprobs,DekaLLM
15195,-79,-29,1,1,0,0.377749,0.974245,logprobs,DekaLLM
15196,-79,-27,1,1,0,0.377572,0.982925,logprobs,DekaLLM
15197,-79,-25,1,1,0,0.26901,0.97935,logprobs,DekaLLM
15198,-79,-23,1,1,0,0.377698,0.983669,logprobs,DekaLLM
15199,-79,-21,1,1,0,0.269076,0.98193,logprobs,DekaLLM
15200,-79,-19,1,1,0,0.268901,0.981711,logprobs,DekaLLM
15201,-79,-17,1,1,0,0.269076,0.981413,logprobs,DekaLLM
15202,-79,-15,1,1,0,0.26901,0.979631,logprobs,DekaLLM
15203,-79,-13,1,1,0,0.377749,0.97907,logprobs,DekaLLM
15204,-79,-11,1,1,0,0.377749,0.975338,logprobs,DekaLLM
15205,-79,-9,1,1,0,0.377749,0.977034,logprobs,DekaLLM
15206,-79,-7,1,1,0,0.377702,0.975972,logprobs,DekaLLM
15207,-79,-5,1,1,0,0.26901,0.978408,logprobs,DekaLLM
15208,-79,-3,1,1,0,0.269116,0.981597,logprobs,DekaLLM
15209,-79,-1,1,1,0,0.269076,0.97976,logprobs,DekaLLM
15210,-79,1,1,1,0,0.269076,0.978947,logprobs,DekaLLM
15211,-79,3,1,1,0,0.377671,0.971425,logprobs,DekaLLM
15212,-79,5,1,1,0,0.377671,0.971535,logprobs,DekaLLM
15213,-79,7,1,1,1,0.500135,0.977022,logprobs,DekaLLM
15214,-79,9,1,1,0,0.377834,0.976336,logprobs,DekaLLM
15215,-79,11,1,1,1,0.500222,0.975484,logprobs,DekaLLM
15216,-79,13,1,1,0,0.377749,0.97191,logprobs,DekaLLM
15217,-79,15,1,1,1,0.500105,0.973361,logprobs,DekaLLM
15218,-79,17,1,1,1,0.500138,0.98357,logprobs,DekaLLM
15219,-79,19,1,1,0,0.26897,0.981763,logprobs,DekaLLM
15220,-79,21,1,1,0,0.182478,0.980148,logprobs,DekaLLM
15221,-79,23,1,1,0,0.182459,0.982649,logprobs,DekaLLM
15222,-79,25,1,1,0,0.182459,0.98501,logprobs,DekaLLM
15223,-79,27,1,1,0,0.377702,0.978388,logprobs,DekaLLM
15224,-79,29,1,1,1,0.500222,0.975404,logprobs,DekaLLM
15225,-79,31,1,1,1,0.622586,0.981468,logprobs,DekaLLM
15226,-79,33,1,1,1,0.500115,0.988527,logprobs,DekaLLM
15227,-79,35,1,1,1,0.731179,0.979535,logprobs,DekaLLM
15228,-79,37,1,1,1,0.880854,0.975812,logprobs,DekaLLM
15229,-79,39,1,1,1,0.817655,0.980876,logprobs,DekaLLM
15230,-79,41,1,1,1,0.731215,0.976193,logprobs,DekaLLM
15231,-79,43,1,1,1,0.73119,0.978283,logprobs,DekaLLM
15232,-79,45,1,1,1,0.622697,0.980321,logprobs,DekaLLM
15233,-79,47,1,1,1,0.500084,0.984634,logprobs,DekaLLM
15234,-79,49,1,1,1,0.622697,0.973072,logprobs,DekaLLM
15235,-79,51,1,1,1,0.500273,0.975559,logprobs,DekaLLM
15236,-79,53,1,1,1,0.500222,0.975651,logprobs,DekaLLM
15237,-79,55,1,1,0,0.377789,0.979211,logprobs,DekaLLM
15238,-79,57,1,1,0,0.377702,0.981551,logprobs,DekaLLM
15239,-79,59,1,1,0,0.268927,0.983963,logprobs,DekaLLM
15240,-79,61,1,1,0,0.377654,0.978739,logprobs,DekaLLM
15241,-79,63,1,1,0,0.269116,0.979437,logprobs,DekaLLM
15242,-79,65,1,1,1,0.500135,0.978388,logprobs,DekaLLM
15243,-79,67,1,1,0,0.377671,0.982175,logprobs,DekaLLM
15244,-79,69,1,1,0,0.269076,0.982865,logprobs,DekaLLM
15245,-79,71,1,1,0,0.269076,0.979045,logprobs,DekaLLM
15246,-79,73,1,1,0,0.377671,0.971281,logprobs,DekaLLM
15247,-79,75,1,1,0,0.269076,0.982734,logprobs,DekaLLM
15248,-79,77,1,1,1,0.500222,0.974157,logprobs,DekaLLM
15249,-79,79,1,1,0,0.269081,0.977933,logprobs,DekaLLM
15250,-79,81,1,1,0,0.269076,0.977802,logprobs,DekaLLM
15251,-79,83,1,1,0,0.269076,0.983834,logprobs,DekaLLM
15252,-79,85,1,1,0,0.269076,0.97967,logprobs,DekaLLM
15253,-79,87,1,1,0,0.26905,0.981513,logprobs,DekaLLM
15254,-79,89,1,1,0,0.182495,0.988834,logprobs,DekaLLM
15255,-79,91,1,1,0,0.075835,0.982015,logprobs,DekaLLM
15256,-79,93,1,1,0,0.182478,0.976108,logprobs,DekaLLM
15257,-79,95,1,1,0,0.182395,0.972502,logprobs,DekaLLM
15258,-79,97,1,1,0,0.119264,0.981567,logprobs,DekaLLM
15259,-79,99,1,1,0,0.119227,0.984018,logprobs,DekaLLM
15260,-79,101,1,1,0,0.269076,0.978265,logprobs,DekaLLM
15261,-79,103,1,1,0,0.26905,0.978048,logprobs,DekaLLM
15262,-79,105,1,1,0,0.269076,0.980853,logprobs,DekaLLM
15263,-79,107,1,1,0,0.182528,0.984989,logprobs,DekaLLM
15264,-79,109,1,1,0,0.269076,0.979235,logprobs,DekaLLM
15265,-79,111,1,1,0,0.377702,0.972108,logprobs,DekaLLM
15266,-79,113,1,1,0,0.182459,0.977712,logprobs,DekaLLM
15267,-79,115,1,1,0,0.182458,0.978163,logprobs,DekaLLM
15268,-79,117,1,1,0,0.269076,0.977554,logprobs,DekaLLM
15269,-79,119,1,1,0,0.119182,0.976876,logprobs,DekaLLM
15270,-79,121,1,1,0,0.182458,0.976878,logprobs,DekaLLM
15271,-79,123,1,1,0,0.182458,0.976669,logprobs,DekaLLM
15272,-79,125,1,1,0,0.269076,0.977596,logprobs,DekaLLM
15273,-79,127,1,1,0,0.119264,0.982763,logprobs,DekaLLM
15274,-79,129,1,1,0,0.26901,0.978329,logprobs,DekaLLM
15275,-79,131,1,1,0,0.182478,0.977933,logprobs,DekaLLM
15276,-79,133,1,1,0,0.182531,0.97308,logprobs,DekaLLM
15277,-79,135,1,1,0,0.182478,0.977458,logprobs,DekaLLM
15278,-79,137,1,1,0,0.182459,0.980804,logprobs,DekaLLM
15279,-79,139,1,1,0,0.119155,0.972938,logprobs,DekaLLM
15280,-79,141,1,1,0,0.182478,0.977968,logprobs,DekaLLM
15281,-79,143,1,1,0,0.119248,0.983318,logprobs,DekaLLM
15282,-79,145,1,1,0,0.182478,0.979784,logprobs,DekaLLM
15283,-79,147,1,1,0,0.119232,0.984739,logprobs,DekaLLM
15284,-79,149,1,1,0,0.377592,0.972669,logprobs,DekaLLM
15285,-79,151,1,1,0,0.075844,0.980931,logprobs,DekaLLM
15286,-79,153,1,1,0,0.075844,0.979858,logprobs,DekaLLM
15287,-79,155,1,1,0,0.119182,0.984105,logprobs,DekaLLM
15288,-79,157,1,1,0,0.047411,0.977028,logprobs,DekaLLM
15289,-79,159,1,1,0,0.047417,0.97808,logprobs,DekaLLM
15290,-79,161,1,1,0,0.075844,0.9816,logprobs,DekaLLM
15291,-79,163,0,0,0,0.075839,0.981846,logprobs,DekaLLM
15292,-79,165,0,0,0,0.075835,0.980829,logprobs,DekaLLM
15293,-79,167,0,0,0,0.029307,0.986219,logprobs,DekaLLM
15294,-79,169,0,0,0,0.029307,0.98645,logprobs,DekaLLM
15295,-79,171,0,0,0,0.075839,0.983213,logprobs,DekaLLM
15296,-79,173,0,0,0,0.047417,0.977742,logprobs,DekaLLM
15297,-79,175,0,0,0,0.047411,0.98246,logprobs,DekaLLM
15298,-79,177,0,0,0,0.047411,0.975987,logprobs,DekaLLM
15299,-79,179,0,0,0,0.075835,0.983453,logprobs,DekaLLM
15300,-81,-179,0,0,0,0.075839,0.983682,logprobs,DekaLLM
15301,-81,-177,0,0,0,0.047413,0.984867,logprobs,DekaLLM
15302,-81,-175,0,0,0,0.010985,0.990416,logprobs,DekaLLM
15303,-81,-173,0,0,0,0.017983,0.98181,logprobs,DekaLLM
15304,-81,-171,0,0,0,0.017984,0.97362,logprobs,DekaLLM
15305,-81,-169,0,0,0,0.017983,0.985877,logprobs,DekaLLM
15306,-81,-167,0,0,0,0.010985,0.984132,logprobs,DekaLLM
15307,-81,-165,0,0,0,0.017983,0.982222,logprobs,DekaLLM
15308,-81,-163,0,0,0,0.029307,0.983037,logprobs,DekaLLM
15309,-81,-161,0,0,0,0.017983,0.98647,logprobs,DekaLLM
15310,-81,-159,0,0,0,0.047411,0.98392,logprobs,DekaLLM
15311,-81,-157,0,0,0,0.029307,0.984931,logprobs,DekaLLM
15312,-81,-155,0,0,0,0.075835,0.980985,logprobs,DekaLLM
15313,-81,-153,0,0,0,0.017983,0.98445,logprobs,DekaLLM
15314,-81,-151,0,0,0,0.029306,0.980292,logprobs,DekaLLM
15315,-81,-149,1,1,0,0.119174,0.985718,logprobs,DekaLLM
15316,-81,-147,1,1,0,0.075839,0.988521,logprobs,DekaLLM
15317,-81,-145,1,1,0,0.047413,0.981229,logprobs,DekaLLM
15318,-81,-143,1,1,0,0.047413,0.98636,logprobs,DekaLLM
15319,-81,-141,1,1,0,0.075839,0.984384,logprobs,DekaLLM
15320,-81,-139,1,1,0,0.047413,0.983565,logprobs,DekaLLM
15321,-81,-137,1,1,0,0.11924,0.980952,logprobs,DekaLLM
15322,-81,-135,1,1,0,0.119232,0.986754,logprobs,DekaLLM
15323,-81,-133,1,1,0,0.04742,0.989737,logprobs,DekaLLM
15324,-81,-131,1,1,0,0.119155,0.983077,logprobs,DekaLLM
15325,-81,-129,1,1,0,0.075844,0.986178,logprobs,DekaLLM
15326,-81,-127,1,1,0,0.119155,0.975562,logprobs,DekaLLM
15327,-81,-125,1,1,0,0.075839,0.985727,logprobs,DekaLLM
15328,-81,-123,1,1,0,0.075826,0.976174,logprobs,DekaLLM
15329,-81,-121,1,1,0,0.11924,0.981254,logprobs,DekaLLM
15330,-81,-119,1,1,0,0.18256,0.980148,logprobs,DekaLLM
15331,-81,-117,1,1,0,0.377671,0.977477,logprobs,DekaLLM
15332,-81,-115,1,1,0,0.11924,0.982633,logprobs,DekaLLM
15333,-81,-113,1,1,0,0.377671,0.980916,logprobs,DekaLLM
15334,-81,-111,1,1,0,0.269147,0.980656,logprobs,DekaLLM
15335,-81,-109,1,1,0,0.269015,0.977119,logprobs,DekaLLM
15336,-81,-107,1,1,0,0.26901,0.976117,logprobs,DekaLLM
15337,-81,-105,1,1,0,0.377654,0.981172,logprobs,DekaLLM
15338,-81,-103,1,1,1,0.622637,0.981529,logprobs,DekaLLM
15339,-81,-101,1,1,0,0.11924,0.985574,logprobs,DekaLLM
15340,-81,-99,1,1,0,0.269076,0.983997,logprobs,DekaLLM
15341,-81,-97,1,1,0,0.269052,0.986193,logprobs,DekaLLM
15342,-81,-95,1,1,0,0.182459,0.98169,logprobs,DekaLLM
15343,-81,-93,1,1,0,0.119182,0.982045,logprobs,DekaLLM
15344,-81,-91,1,1,0,0.11924,0.983957,logprobs,DekaLLM
15345,-81,-89,1,1,0,0.269036,0.983254,logprobs,DekaLLM
15346,-81,-87,1,1,0,0.182395,0.979139,logprobs,DekaLLM
15347,-81,-85,1,1,0,0.182478,0.982828,logprobs,DekaLLM
15348,-81,-83,1,1,0,0.269147,0.974035,logprobs,DekaLLM
15349,-81,-81,1,1,1,0.500138,0.975389,logprobs,DekaLLM
15350,-81,-79,1,1,0,0.269163,0.975129,logprobs,DekaLLM
15351,-81,-77,1,1,0,0.377671,0.977159,logprobs,DekaLLM
15352,-81,-75,1,1,0,0.26901,0.977357,logprobs,DekaLLM
15353,-81,-73,1,1,0,0.377623,0.977245,logprobs,DekaLLM
15354,-81,-71,0,0,0,0.269076,0.983508,logprobs,DekaLLM
15355,-81,-69,0,0,0,0.182478,0.978168,logprobs,DekaLLM
15356,-81,-67,0,0,0,0.269055,0.976162,logprobs,DekaLLM
15357,-81,-65,0,0,0,0.26901,0.983869,logprobs,DekaLLM
15358,-81,-63,0,0,0,0.18244,0.979331,logprobs,DekaLLM
15359,-81,-61,0,0,0,0.182459,0.9869,logprobs,DekaLLM
15360,-81,-59,0,0,0,0.269076,0.981596,logprobs,DekaLLM
15361,-81,-57,0,0,0,0.26905,0.987552,logprobs,DekaLLM
15362,-81,-55,0,0,0,0.182458,0.980717,logprobs,DekaLLM
15363,-81,-53,0,0,0,0.269052,0.986773,logprobs,DekaLLM
15364,-81,-51,0,0,0,0.269076,0.979125,logprobs,DekaLLM
15365,-81,-49,0,0,0,0.26897,0.978906,logprobs,DekaLLM
15366,-81,-47,0,0,0,0.377671,0.984086,logprobs,DekaLLM
15367,-81,-45,0,0,0,0.377671,0.975236,logprobs,DekaLLM
15368,-81,-43,0,0,0,0.377702,0.978737,logprobs,DekaLLM
15369,-81,-41,0,0,0,0.26905,0.976078,logprobs,DekaLLM
15370,-81,-39,1,1,0,0.269076,0.981502,logprobs,DekaLLM
15371,-81,-37,1,1,0,0.269076,0.980768,logprobs,DekaLLM
15372,-81,-35,1,1,0,0.26901,0.981731,logprobs,DekaLLM
15373,-81,-33,1,1,1,0.500135,0.983999,logprobs,DekaLLM
15374,-81,-31,1,1,1,0.500189,0.982367,logprobs,DekaLLM
15375,-81,-29,1,1,0,0.377834,0.974614,logprobs,DekaLLM
15376,-81,-27,1,1,0,0.377702,0.975768,logprobs,DekaLLM
15377,-81,-25,1,1,1,0.500189,0.980074,logprobs,DekaLLM
15378,-81,-23,1,1,1,0.500135,0.981857,logprobs,DekaLLM
15379,-81,-21,1,1,1,0.500222,0.983802,logprobs,DekaLLM
15380,-81,-19,1,1,0,0.37765,0.979089,logprobs,DekaLLM
15381,-81,-17,1,1,0,0.269076,0.982121,logprobs,DekaLLM
15382,-81,-15,1,1,0,0.269076,0.984685,logprobs,DekaLLM
15383,-81,-13,1,1,0,0.377702,0.978652,logprobs,DekaLLM
15384,-81,-11,1,1,0,0.269119,0.976133,logprobs,DekaLLM
15385,-81,-9,1,1,0,0.377702,0.978404,logprobs,DekaLLM
15386,-81,-7,1,1,0,0.377702,0.979072,logprobs,DekaLLM
15387,-81,-5,1,1,0,0.269076,0.976161,logprobs,DekaLLM
15388,-81,-3,1,1,0,0.377702,0.978518,logprobs,DekaLLM
15389,-81,-1,1,1,0,0.377623,0.978743,logprobs,DekaLLM
15390,-81,1,1,1,0,0.377671,0.978422,logprobs,DekaLLM
15391,-81,3,1,1,0,0.269076,0.982744,logprobs,DekaLLM
15392,-81,5,1,1,1,0.500168,0.979829,logprobs,DekaLLM
15393,-81,7,1,1,0,0.377749,0.970654,logprobs,DekaLLM
15394,-81,9,1,1,1,0.500135,0.985418,logprobs,DekaLLM
15395,-81,11,1,1,1,0.500222,0.976105,logprobs,DekaLLM
15396,-81,13,1,1,0,0.377786,0.97427,logprobs,DekaLLM
15397,-81,15,1,1,1,0.500135,0.978095,logprobs,DekaLLM
15398,-81,17,1,1,0,0.377749,0.971037,logprobs,DekaLLM
15399,-81,19,1,1,0,0.377671,0.982574,logprobs,DekaLLM
15400,-81,21,1,1,0,0.269076,0.981211,logprobs,DekaLLM
15401,-81,23,1,1,0,0.377623,0.976585,logprobs,DekaLLM
15402,-81,25,1,1,0,0.377702,0.984003,logprobs,DekaLLM
15403,-81,27,1,1,1,0.622586,0.981263,logprobs,DekaLLM
15404,-81,29,1,1,1,0.500138,0.976617,logprobs,DekaLLM
15405,-81,31,1,1,1,0.622586,0.981014,logprobs,DekaLLM
15406,-81,33,1,1,1,0.731207,0.968004,logprobs,DekaLLM
15407,-81,35,1,1,1,0.817666,0.980255,logprobs,DekaLLM
15408,-81,37,1,1,1,0.817666,0.977871,logprobs,DekaLLM
15409,-81,39,1,1,1,0.817725,0.969502,logprobs,DekaLLM
15410,-81,41,1,1,1,0.622586,0.982098,logprobs,DekaLLM
15411,-81,43,1,1,1,0.622586,0.980717,logprobs,DekaLLM
15412,-81,45,1,1,1,0.500138,0.974434,logprobs,DekaLLM
15413,-81,47,1,1,1,0.500222,0.974651,logprobs,DekaLLM
15414,-81,49,1,1,1,0.622666,0.976733,logprobs,DekaLLM
15415,-81,51,1,1,0,0.377671,0.973044,logprobs,DekaLLM
15416,-81,53,1,1,1,0.500222,0.969527,logprobs,DekaLLM
15417,-81,55,1,1,0,0.377623,0.974284,logprobs,DekaLLM
15418,-81,57,1,1,0,0.377654,0.971928,logprobs,DekaLLM
15419,-81,59,1,1,0,0.269076,0.978504,logprobs,DekaLLM
15420,-81,61,1,1,0,0.377702,0.979492,logprobs,DekaLLM
15421,-81,63,1,1,0,0.377702,0.978562,logprobs,DekaLLM
15422,-81,65,1,1,0,0.268984,0.974142,logprobs,DekaLLM
15423,-81,67,1,1,0,0.377834,0.971018,logprobs,DekaLLM
15424,-81,69,1,1,0,0.182459,0.982525,logprobs,DekaLLM
15425,-81,71,1,1,0,0.182478,0.982727,logprobs,DekaLLM
15426,-81,73,1,1,0,0.269076,0.982195,logprobs,DekaLLM
15427,-81,75,1,1,0,0.377671,0.98184,logprobs,DekaLLM
15428,-81,77,1,1,0,0.377702,0.983918,logprobs,DekaLLM
15429,-81,79,1,1,0,0.269163,0.970514,logprobs,DekaLLM
15430,-81,81,1,1,0,0.377623,0.976137,logprobs,DekaLLM
15431,-81,83,1,1,0,0.377671,0.970695,logprobs,DekaLLM
15432,-81,85,1,1,0,0.269076,0.982775,logprobs,DekaLLM
15433,-81,87,1,1,0,0.269076,0.981052,logprobs,DekaLLM
15434,-81,89,1,1,0,0.268984,0.979042,logprobs,DekaLLM
15435,-81,91,1,1,0,0.119174,0.98651,logprobs,DekaLLM
15436,-81,93,1,1,0,0.119227,0.978155,logprobs,DekaLLM
15437,-81,95,1,1,0,0.119182,0.984208,logprobs,DekaLLM
15438,-81,97,1,1,0,0.182478,0.980945,logprobs,DekaLLM
15439,-81,99,1,1,0,0.182459,0.984362,logprobs,DekaLLM
15440,-81,101,1,1,0,0.182594,0.975119,logprobs,DekaLLM
15441,-81,103,1,1,0,0.377592,0.971468,logprobs,DekaLLM
15442,-81,105,1,1,0,0.269076,0.979331,logprobs,DekaLLM
15443,-81,107,1,1,0,0.377671,0.976801,logprobs,DekaLLM
15444,-81,109,1,1,0,0.268984,0.96899,logprobs,DekaLLM
15445,-81,111,1,1,0,0.377834,0.972518,logprobs,DekaLLM
15446,-81,113,1,1,0,0.182478,0.976208,logprobs,DekaLLM
15447,-81,115,1,1,0,0.269076,0.980426,logprobs,DekaLLM
15448,-81,117,1,1,0,0.26901,0.977913,logprobs,DekaLLM
15449,-81,119,1,1,0,0.182478,0.977245,logprobs,DekaLLM
15450,-81,121,1,1,0,0.377671,0.979976,logprobs,DekaLLM
15451,-81,123,1,1,0,0.182511,0.967462,logprobs,DekaLLM
15452,-81,125,1,1,0,0.377671,0.97843,logprobs,DekaLLM
15453,-81,127,1,1,0,0.269015,0.974815,logprobs,DekaLLM
15454,-81,129,1,1,0,0.269076,0.977625,logprobs,DekaLLM
15455,-81,131,1,1,0,0.268984,0.975084,logprobs,DekaLLM
15456,-81,133,1,1,0,0.269076,0.983176,logprobs,DekaLLM
15457,-81,135,1,1,0,0.269076,0.97775,logprobs,DekaLLM
15458,-81,137,1,1,0,0.182478,0.977249,logprobs,DekaLLM
15459,-81,139,1,1,0,0.119232,0.984991,logprobs,DekaLLM
15460,-81,141,1,1,0,0.182445,0.984495,logprobs,DekaLLM
15461,-81,143,1,1,0,0.182459,0.982235,logprobs,DekaLLM
15462,-81,145,1,1,0,0.119227,0.978169,logprobs,DekaLLM
15463,-81,147,1,1,0,0.26901,0.982904,logprobs,DekaLLM
15464,-81,149,1,1,0,0.269076,0.978229,logprobs,DekaLLM
15465,-81,151,1,1,0,0.182458,0.97941,logprobs,DekaLLM
15466,-81,153,1,1,0,0.119155,0.978992,logprobs,DekaLLM
15467,-81,155,1,1,0,0.119169,0.982277,logprobs,DekaLLM
15468,-81,157,1,1,0,0.04742,0.980589,logprobs,DekaLLM
15469,-81,159,1,1,0,0.075839,0.986371,logprobs,DekaLLM
15470,-81,161,0,0,0,0.047413,0.986102,logprobs,DekaLLM
15471,-81,163,0,0,0,0.075844,0.983593,logprobs,DekaLLM
15472,-81,165,0,0,0,0.04742,0.985947,logprobs,DekaLLM
15473,-81,167,0,0,0,0.029307,0.98621,logprobs,DekaLLM
15474,-81,169,0,0,0,0.047417,0.979771,logprobs,DekaLLM
15475,-81,171,0,0,0,0.075835,0.979941,logprobs,DekaLLM
15476,-81,173,0,0,0,0.047413,0.98096,logprobs,DekaLLM
15477,-81,175,0,0,0,0.047417,0.988443,logprobs,DekaLLM
15478,-81,177,0,0,0,0.075844,0.987853,logprobs,DekaLLM
15479,-81,179,0,0,0,0.119169,0.978212,logprobs,DekaLLM
15480,-83,-179,0,0,0,0.075844,0.983309,logprobs,DekaLLM
15481,-83,-177,0,0,0,0.029307,0.986986,logprobs,DekaLLM
15482,-83,-175,0,0,0,0.047413,0.985825,logprobs,DekaLLM
15483,-83,-173,0,0,0,0.047417,0.987978,logprobs,DekaLLM
15484,-83,-171,0,0,0,0.047413,0.981436,logprobs,DekaLLM
15485,-83,-169,0,0,0,0.010985,0.988637,logprobs,DekaLLM
15486,-83,-167,0,0,0,0.017983,0.987502,logprobs,DekaLLM
15487,-83,-165,0,0,0,0.017983,0.990694,logprobs,DekaLLM
15488,-83,-163,0,0,0,0.029307,0.981492,logprobs,DekaLLM
15489,-83,-161,0,0,0,0.029303,0.981158,logprobs,DekaLLM
15490,-83,-159,0,0,0,0.029307,0.983325,logprobs,DekaLLM
15491,-83,-157,0,0,0,0.047417,0.989926,logprobs,DekaLLM
15492,-83,-155,1,1,0,0.047417,0.988071,logprobs,DekaLLM
15493,-83,-153,1,1,0,0.075835,0.983824,logprobs,DekaLLM
15494,-83,-151,1,1,0,0.075844,0.982825,logprobs,DekaLLM
15495,-83,-149,1,1,0,0.075839,0.987735,logprobs,DekaLLM
15496,-83,-147,1,1,0,0.182459,0.982107,logprobs,DekaLLM
15497,-83,-145,1,1,0,0.075844,0.986281,logprobs,DekaLLM
15498,-83,-143,1,1,0,0.119227,0.987749,logprobs,DekaLLM
15499,-83,-141,1,1,0,0.182509,0.988349,logprobs,DekaLLM
15500,-83,-139,1,1,0,0.119169,0.981449,logprobs,DekaLLM
15501,-83,-137,1,1,0,0.075839,0.987901,logprobs,DekaLLM
15502,-83,-135,1,1,0,0.119155,0.97527,logprobs,DekaLLM
15503,-83,-133,1,1,0,0.075839,0.983171,logprobs,DekaLLM
15504,-83,-131,1,1,0,0.182522,0.981249,logprobs,DekaLLM
15505,-83,-129,1,1,0,0.18244,0.97925,logprobs,DekaLLM
15506,-83,-127,1,1,0,0.075883,0.989244,logprobs,DekaLLM
15507,-83,-125,1,1,0,0.047417,0.984601,logprobs,DekaLLM
15508,-83,-123,1,1,0,0.047411,0.981984,logprobs,DekaLLM
15509,-83,-121,1,1,0,0.182528,0.984894,logprobs,DekaLLM
15510,-83,-119,1,1,0,0.377654,0.979062,logprobs,DekaLLM
15511,-83,-117,1,1,0,0.377654,0.977581,logprobs,DekaLLM
15512,-83,-115,1,1,0,0.182531,0.981316,logprobs,DekaLLM
15513,-83,-113,1,1,0,0.377623,0.973999,logprobs,DekaLLM
15514,-83,-111,1,1,1,0.500171,0.978855,logprobs,DekaLLM
15515,-83,-109,1,1,0,0.377702,0.980904,logprobs,DekaLLM
15516,-83,-107,1,1,1,0.500222,0.974816,logprobs,DekaLLM
15517,-83,-105,1,1,0,0.377702,0.980254,logprobs,DekaLLM
15518,-83,-103,1,1,0,0.377671,0.979588,logprobs,DekaLLM
15519,-83,-101,1,1,0,0.269076,0.98158,logprobs,DekaLLM
15520,-83,-99,1,1,0,0.377654,0.977905,logprobs,DekaLLM
15521,-83,-97,1,1,0,0.377667,0.983225,logprobs,DekaLLM
15522,-83,-95,1,1,0,0.269076,0.977525,logprobs,DekaLLM
15523,-83,-93,1,1,0,0.182478,0.980019,logprobs,DekaLLM
15524,-83,-91,1,1,0,0.182459,0.983403,logprobs,DekaLLM
15525,-83,-89,1,1,0,0.269076,0.986289,logprobs,DekaLLM
15526,-83,-87,1,1,0,0.182531,0.982109,logprobs,DekaLLM
15527,-83,-85,1,1,0,0.182511,0.976843,logprobs,DekaLLM
15528,-83,-83,1,1,0,0.377749,0.978769,logprobs,DekaLLM
15529,-83,-81,1,1,0,0.377702,0.977532,logprobs,DekaLLM
15530,-83,-79,1,1,0,0.377676,0.971018,logprobs,DekaLLM
15531,-83,-77,1,1,0,0.377702,0.980276,logprobs,DekaLLM
15532,-83,-75,1,1,0,0.26901,0.981378,logprobs,DekaLLM
15533,-83,-73,1,1,0,0.269119,0.978258,logprobs,DekaLLM
15534,-83,-71,1,1,0,0.269076,0.982749,logprobs,DekaLLM
15535,-83,-69,1,1,0,0.182478,0.980928,logprobs,DekaLLM
15536,-83,-67,1,1,0,0.182459,0.982421,logprobs,DekaLLM
15537,-83,-65,1,1,0,0.11924,0.98531,logprobs,DekaLLM
15538,-83,-63,1,1,0,0.269076,0.982584,logprobs,DekaLLM
15539,-83,-61,0,0,0,0.182458,0.980102,logprobs,DekaLLM
15540,-83,-59,0,0,0,0.269036,0.982895,logprobs,DekaLLM
15541,-83,-57,1,1,0,0.268986,0.982393,logprobs,DekaLLM
15542,-83,-55,1,1,0,0.269076,0.98185,logprobs,DekaLLM
15543,-83,-53,1,1,0,0.269009,0.984347,logprobs,DekaLLM
15544,-83,-51,1,1,0,0.269076,0.980274,logprobs,DekaLLM
15545,-83,-49,1,1,0,0.269147,0.9818,logprobs,DekaLLM
15546,-83,-47,1,1,0,0.377834,0.982427,logprobs,DekaLLM
15547,-83,-45,1,1,0,0.377671,0.973527,logprobs,DekaLLM
15548,-83,-43,1,1,0,0.269076,0.984804,logprobs,DekaLLM
15549,-83,-41,1,1,0,0.377654,0.982893,logprobs,DekaLLM
15550,-83,-39,1,1,0,0.377623,0.983828,logprobs,DekaLLM
15551,-83,-37,1,1,0,0.26901,0.979206,logprobs,DekaLLM
15552,-83,-35,1,1,0,0.377749,0.979575,logprobs,DekaLLM
15553,-83,-33,1,1,0,0.377749,0.978017,logprobs,DekaLLM
15554,-83,-31,1,1,0,0.377718,0.983664,logprobs,DekaLLM
15555,-83,-29,1,1,1,0.500135,0.979263,logprobs,DekaLLM
15556,-83,-27,1,1,0,0.377698,0.982037,logprobs,DekaLLM
15557,-83,-25,1,1,0,0.377671,0.985814,logprobs,DekaLLM
15558,-83,-23,1,1,1,0.500168,0.979781,logprobs,DekaLLM
15559,-83,-21,1,1,0,0.377698,0.98258,logprobs,DekaLLM
15560,-83,-19,1,1,0,0.377702,0.983471,logprobs,DekaLLM
15561,-83,-17,1,1,0,0.269116,0.982256,logprobs,DekaLLM
15562,-83,-15,1,1,0,0.377702,0.978078,logprobs,DekaLLM
15563,-83,-13,1,1,0,0.377749,0.975718,logprobs,DekaLLM
15564,-83,-11,1,1,0,0.377834,0.975109,logprobs,DekaLLM
15565,-83,-9,1,1,1,0.500222,0.979191,logprobs,DekaLLM
15566,-83,-7,1,1,1,0.500066,0.981483,logprobs,DekaLLM
15567,-83,-5,1,1,0,0.377749,0.971515,logprobs,DekaLLM
15568,-83,-3,1,1,0,0.377722,0.974352,logprobs,DekaLLM
15569,-83,-1,1,1,1,0.500168,0.979423,logprobs,DekaLLM
15570,-83,1,1,1,0,0.377702,0.974433,logprobs,DekaLLM
15571,-83,3,1,1,0,0.377749,0.978298,logprobs,DekaLLM
15572,-83,5,1,1,0,0.377749,0.973307,logprobs,DekaLLM
15573,-83,7,1,1,1,0.500222,0.971156,logprobs,DekaLLM
15574,-83,9,1,1,1,0.622586,0.985677,logprobs,DekaLLM
15575,-83,11,1,1,1,0.500168,0.982,logprobs,DekaLLM
15576,-83,13,1,1,0,0.37772,0.978361,logprobs,DekaLLM
15577,-83,15,1,1,1,0.500222,0.975522,logprobs,DekaLLM
15578,-83,17,1,1,1,0.500189,0.985187,logprobs,DekaLLM
15579,-83,19,1,1,1,0.622586,0.98061,logprobs,DekaLLM
15580,-83,21,1,1,1,0.500222,0.980461,logprobs,DekaLLM
15581,-83,23,1,1,1,0.500189,0.975949,logprobs,DekaLLM
15582,-83,25,1,1,0,0.377749,0.977484,logprobs,DekaLLM
15583,-83,27,1,1,1,0.500135,0.982671,logprobs,DekaLLM
15584,-83,29,1,1,1,0.500189,0.982323,logprobs,DekaLLM
15585,-83,31,1,1,1,0.73119,0.973363,logprobs,DekaLLM
15586,-83,33,1,1,1,0.88084,0.976654,logprobs,DekaLLM
15587,-83,35,1,1,1,0.880854,0.977821,logprobs,DekaLLM
15588,-83,37,1,1,1,0.88084,0.977011,logprobs,DekaLLM
15589,-83,39,1,1,1,0.817635,0.976241,logprobs,DekaLLM
15590,-83,41,1,1,1,0.731165,0.980626,logprobs,DekaLLM
15591,-83,43,1,1,1,0.731165,0.972794,logprobs,DekaLLM
15592,-83,45,1,1,1,0.622586,0.983267,logprobs,DekaLLM
15593,-83,47,1,1,1,0.500171,0.982419,logprobs,DekaLLM
15594,-83,49,1,1,1,0.622604,0.987632,logprobs,DekaLLM
15595,-83,51,1,1,1,0.622586,0.981503,logprobs,DekaLLM
15596,-83,53,1,1,1,0.622586,0.975519,logprobs,DekaLLM
15597,-83,55,1,1,1,0.500253,0.980822,logprobs,DekaLLM
15598,-83,57,1,1,1,0.500222,0.975242,logprobs,DekaLLM
15599,-83,59,1,1,0,0.377749,0.974605,logprobs,DekaLLM
15600,-83,61,1,1,1,0.500276,0.975598,logprobs,DekaLLM
15601,-83,63,1,1,1,0.622646,0.978922,logprobs,DekaLLM
15602,-83,65,1,1,0,0.377702,0.979053,logprobs,DekaLLM
15603,-83,67,1,1,1,0.500138,0.974921,logprobs,DekaLLM
15604,-83,69,1,1,0,0.377671,0.984237,logprobs,DekaLLM
15605,-83,71,1,1,0,0.269147,0.979913,logprobs,DekaLLM
15606,-83,73,1,1,0,0.377671,0.981418,logprobs,DekaLLM
15607,-83,75,1,1,0,0.377702,0.978409,logprobs,DekaLLM
15608,-83,77,1,1,1,0.500171,0.981938,logprobs,DekaLLM
15609,-83,79,1,1,0,0.269076,0.978686,logprobs,DekaLLM
15610,-83,81,1,1,0,0.269147,0.977659,logprobs,DekaLLM
15611,-83,83,1,1,0,0.377749,0.977148,logprobs,DekaLLM
15612,-83,85,1,1,0,0.269076,0.97968,logprobs,DekaLLM
15613,-83,87,1,1,0,0.377671,0.978707,logprobs,DekaLLM
15614,-83,89,1,1,0,0.377749,0.975675,logprobs,DekaLLM
15615,-83,91,1,1,0,0.18256,0.977558,logprobs,DekaLLM
15616,-83,93,1,1,0,0.269076,0.981403,logprobs,DekaLLM
15617,-83,95,1,1,0,0.182478,0.983108,logprobs,DekaLLM
15618,-83,97,1,1,0,0.269076,0.977143,logprobs,DekaLLM
15619,-83,99,1,1,0,0.377671,0.980456,logprobs,DekaLLM
15620,-83,101,1,1,0,0.377702,0.974018,logprobs,DekaLLM
15621,-83,103,1,1,0,0.377702,0.972945,logprobs,DekaLLM
15622,-83,105,1,1,0,0.377786,0.974852,logprobs,DekaLLM
15623,-83,107,1,1,0,0.269147,0.978858,logprobs,DekaLLM
15624,-83,109,1,1,0,0.377786,0.9776,logprobs,DekaLLM
15625,-83,111,1,1,1,0.500222,0.976605,logprobs,DekaLLM
15626,-83,113,1,1,0,0.269076,0.978828,logprobs,DekaLLM
15627,-83,115,1,1,0,0.182478,0.979086,logprobs,DekaLLM
15628,-83,117,1,1,0,0.269116,0.978502,logprobs,DekaLLM
15629,-83,119,1,1,0,0.269055,0.970921,logprobs,DekaLLM
15630,-83,121,1,1,0,0.269076,0.980893,logprobs,DekaLLM
15631,-83,123,1,1,0,0.377755,0.969003,logprobs,DekaLLM
15632,-83,125,1,1,0,0.269076,0.978605,logprobs,DekaLLM
15633,-83,127,1,1,0,0.269092,0.983852,logprobs,DekaLLM
15634,-83,129,1,1,1,0.500222,0.977624,logprobs,DekaLLM
15635,-83,131,1,1,0,0.377749,0.976776,logprobs,DekaLLM
15636,-83,133,1,1,0,0.377702,0.977491,logprobs,DekaLLM
15637,-83,135,1,1,0,0.269147,0.977508,logprobs,DekaLLM
15638,-83,137,1,1,0,0.269076,0.978948,logprobs,DekaLLM
15639,-83,139,1,1,0,0.269076,0.978716,logprobs,DekaLLM
15640,-83,141,1,1,0,0.269116,0.97753,logprobs,DekaLLM
15641,-83,143,1,1,0,0.182509,0.984438,logprobs,DekaLLM
15642,-83,145,1,1,0,0.269076,0.980124,logprobs,DekaLLM
15643,-83,147,1,1,0,0.269076,0.977979,logprobs,DekaLLM
15644,-83,149,1,1,0,0.377702,0.984887,logprobs,DekaLLM
15645,-83,151,1,1,0,0.182458,0.975452,logprobs,DekaLLM
15646,-83,153,1,1,0,0.182478,0.979013,logprobs,DekaLLM
15647,-83,155,1,1,0,0.269076,0.97791,logprobs,DekaLLM
15648,-83,157,1,1,0,0.182458,0.978704,logprobs,DekaLLM
15649,-83,159,1,1,0,0.075844,0.981702,logprobs,DekaLLM
15650,-83,161,1,1,0,0.18254,0.988576,logprobs,DekaLLM
15651,-83,163,1,1,0,0.11924,0.980725,logprobs,DekaLLM
15652,-83,165,1,1,0,0.182445,0.986917,logprobs,DekaLLM
15653,-83,167,1,1,0,0.119169,0.983013,logprobs,DekaLLM
15654,-83,169,0,0,0,0.11924,0.984746,logprobs,DekaLLM
15655,-83,171,0,0,0,0.075844,0.983328,logprobs,DekaLLM
15656,-83,173,0,0,0,0.075888,0.983742,logprobs,DekaLLM
15657,-83,175,0,0,0,0.075844,0.988043,logprobs,DekaLLM
15658,-83,177,0,0,0,0.11924,0.98345,logprobs,DekaLLM
15659,-83,179,0,0,0,0.119182,0.984517,logprobs,DekaLLM
15660,-85,-179,1,1,0,0.047417,0.97885,logprobs,DekaLLM
15661,-85,-177,1,1,0,0.047413,0.98359,logprobs,DekaLLM
15662,-85,-175,1,1,0,0.029307,0.984912,logprobs,DekaLLM
15663,-85,-173,1,1,0,0.029306,0.981349,logprobs,DekaLLM
15664,-85,-171,1,1,0,0.010985,0.982151,logprobs,DekaLLM
15665,-85,-169,1,1,0,0.010986,0.985788,logprobs,DekaLLM
15666,-85,-167,1,1,0,0.010986,0.992312,logprobs,DekaLLM
15667,-85,-165,1,1,0,0.017983,0.983627,logprobs,DekaLLM
15668,-85,-163,0,0,0,0.017982,0.987909,logprobs,DekaLLM
15669,-85,-161,0,0,0,0.017981,0.98383,logprobs,DekaLLM
15670,-85,-159,0,0,0,0.017981,0.981679,logprobs,DekaLLM
15671,-85,-157,0,0,0,0.029304,0.981959,logprobs,DekaLLM
15672,-85,-155,0,0,0,0.017983,0.988272,logprobs,DekaLLM
15673,-85,-153,0,0,0,0.047411,0.981814,logprobs,DekaLLM
15674,-85,-151,0,0,0,0.017983,0.98817,logprobs,DekaLLM
15675,-85,-149,1,1,0,0.075839,0.985336,logprobs,DekaLLM
15676,-85,-147,1,1,0,0.075839,0.984459,logprobs,DekaLLM
15677,-85,-145,1,1,0,0.075839,0.983581,logprobs,DekaLLM
15678,-85,-143,1,1,0,0.047417,0.988133,logprobs,DekaLLM
15679,-85,-141,1,1,0,0.075826,0.97532,logprobs,DekaLLM
15680,-85,-139,1,1,0,0.047413,0.979934,logprobs,DekaLLM
15681,-85,-137,1,1,0,0.04742,0.988564,logprobs,DekaLLM
15682,-85,-135,1,1,0,0.075844,0.980192,logprobs,DekaLLM
15683,-85,-133,1,1,0,0.075826,0.978327,logprobs,DekaLLM
15684,-85,-131,1,1,0,0.075839,0.981576,logprobs,DekaLLM
15685,-85,-129,1,1,0,0.075826,0.981996,logprobs,DekaLLM
15686,-85,-127,1,1,0,0.047413,0.98329,logprobs,DekaLLM
15687,-85,-125,1,1,0,0.075835,0.980522,logprobs,DekaLLM
15688,-85,-123,1,1,0,0.075839,0.982684,logprobs,DekaLLM
15689,-85,-121,1,1,0,0.075835,0.97457,logprobs,DekaLLM
15690,-85,-119,1,1,0,0.119155,0.976053,logprobs,DekaLLM
15691,-85,-117,1,1,0,0.182459,0.980629,logprobs,DekaLLM
15692,-85,-115,1,1,0,0.269121,0.978655,logprobs,DekaLLM
15693,-85,-113,1,1,0,0.269121,0.980405,logprobs,DekaLLM
15694,-85,-111,1,1,0,0.269076,0.979665,logprobs,DekaLLM
15695,-85,-109,1,1,0,0.26905,0.978613,logprobs,DekaLLM
15696,-85,-107,1,1,0,0.182459,0.983808,logprobs,DekaLLM
15697,-85,-105,1,1,0,0.269009,0.9843,logprobs,DekaLLM
15698,-85,-103,1,1,0,0.377623,0.983151,logprobs,DekaLLM
15699,-85,-101,1,1,0,0.119169,0.980751,logprobs,DekaLLM
15700,-85,-99,1,1,0,0.182528,0.986948,logprobs,DekaLLM
15701,-85,-97,1,1,0,0.119277,0.983497,logprobs,DekaLLM
15702,-85,-95,1,1,0,0.119182,0.979682,logprobs,DekaLLM
15703,-85,-93,1,1,0,0.119169,0.978064,logprobs,DekaLLM
15704,-85,-91,1,1,0,0.047454,0.986456,logprobs,DekaLLM
15705,-85,-89,1,1,0,0.182458,0.97178,logprobs,DekaLLM
15706,-85,-87,1,1,0,0.182478,0.982802,logprobs,DekaLLM
15707,-85,-85,1,1,0,0.377654,0.983832,logprobs,DekaLLM
15708,-85,-83,1,1,0,0.182531,0.983137,logprobs,DekaLLM
15709,-85,-81,1,1,0,0.182511,0.970759,logprobs,DekaLLM
15710,-85,-79,1,1,0,0.269076,0.981916,logprobs,DekaLLM
15711,-85,-77,1,1,0,0.269076,0.983944,logprobs,DekaLLM
15712,-85,-75,1,1,0,0.182594,0.979342,logprobs,DekaLLM
15713,-85,-73,1,1,0,0.182478,0.982035,logprobs,DekaLLM
15714,-85,-71,1,1,0,0.182478,0.982485,logprobs,DekaLLM
15715,-85,-69,1,1,0,0.269076,0.98199,logprobs,DekaLLM
15716,-85,-67,1,1,0,0.119169,0.980419,logprobs,DekaLLM
15717,-85,-65,1,1,0,0.182531,0.975513,logprobs,DekaLLM
15718,-85,-63,1,1,0,0.182478,0.976703,logprobs,DekaLLM
15719,-85,-61,1,1,0,0.119169,0.980113,logprobs,DekaLLM
15720,-85,-59,1,1,0,0.182459,0.98177,logprobs,DekaLLM
15721,-85,-57,1,1,0,0.269076,0.978711,logprobs,DekaLLM
15722,-85,-55,1,1,0,0.268984,0.983929,logprobs,DekaLLM
15723,-85,-53,1,1,0,0.182478,0.9811,logprobs,DekaLLM
15724,-85,-51,1,1,0,0.268967,0.98201,logprobs,DekaLLM
15725,-85,-49,1,1,0,0.182459,0.98292,logprobs,DekaLLM
15726,-85,-47,1,1,0,0.18254,0.989479,logprobs,DekaLLM
15727,-85,-45,1,1,0,0.182459,0.9862,logprobs,DekaLLM
15728,-85,-43,1,1,0,0.269076,0.980866,logprobs,DekaLLM
15729,-85,-41,1,1,0,0.269116,0.983097,logprobs,DekaLLM
15730,-85,-39,1,1,0,0.269076,0.981771,logprobs,DekaLLM
15731,-85,-37,1,1,0,0.269076,0.981947,logprobs,DekaLLM
15732,-85,-35,1,1,1,0.500189,0.979351,logprobs,DekaLLM
15733,-85,-33,1,1,0,0.26901,0.980023,logprobs,DekaLLM
15734,-85,-31,1,1,0,0.377749,0.974698,logprobs,DekaLLM
15735,-85,-29,1,1,0,0.26901,0.972485,logprobs,DekaLLM
15736,-85,-27,1,1,0,0.269076,0.980837,logprobs,DekaLLM
15737,-85,-25,1,1,0,0.377667,0.986792,logprobs,DekaLLM
15738,-85,-23,1,1,0,0.269076,0.982731,logprobs,DekaLLM
15739,-85,-21,1,1,0,0.269076,0.981719,logprobs,DekaLLM
15740,-85,-19,1,1,0,0.182478,0.977444,logprobs,DekaLLM
15741,-85,-17,1,1,0,0.182614,0.978079,logprobs,DekaLLM
15742,-85,-15,1,1,0,0.26901,0.982295,logprobs,DekaLLM
15743,-85,-13,1,1,0,0.377702,0.97976,logprobs,DekaLLM
15744,-85,-11,1,1,0,0.377671,0.972968,logprobs,DekaLLM
15745,-85,-9,1,1,0,0.377702,0.980172,logprobs,DekaLLM
15746,-85,-7,1,1,0,0.377667,0.986384,logprobs,DekaLLM
15747,-85,-5,1,1,0,0.377749,0.975178,logprobs,DekaLLM
15748,-85,-3,1,1,0,0.377749,0.973679,logprobs,DekaLLM
15749,-85,-1,1,1,0,0.268983,0.983362,logprobs,DekaLLM
15750,-85,1,1,1,0,0.269076,0.979042,logprobs,DekaLLM
15751,-85,3,1,1,0,0.269076,0.982919,logprobs,DekaLLM
15752,-85,5,1,1,0,0.269076,0.981599,logprobs,DekaLLM
15753,-85,7,1,1,0,0.377702,0.976981,logprobs,DekaLLM
15754,-85,9,1,1,0,0.377702,0.973841,logprobs,DekaLLM
15755,-85,11,1,1,1,0.500189,0.97387,logprobs,DekaLLM
15756,-85,13,1,1,1,0.500084,0.976976,logprobs,DekaLLM
15757,-85,15,1,1,0,0.377671,0.967936,logprobs,DekaLLM
15758,-85,17,1,1,1,0.500189,0.981129,logprobs,DekaLLM
15759,-85,19,1,1,1,0.500222,0.980232,logprobs,DekaLLM
15760,-85,21,1,1,0,0.377572,0.982267,logprobs,DekaLLM
15761,-85,23,1,1,1,0.500189,0.976411,logprobs,DekaLLM
15762,-85,25,1,1,0,0.377667,0.981955,logprobs,DekaLLM
15763,-85,27,1,1,0,0.26901,0.982853,logprobs,DekaLLM
15764,-85,29,1,1,0,0.377671,0.979539,logprobs,DekaLLM
15765,-85,31,1,1,1,0.817655,0.978151,logprobs,DekaLLM
15766,-85,33,1,1,1,0.731207,0.959335,logprobs,DekaLLM
15767,-85,35,1,1,1,0.880903,0.975976,logprobs,DekaLLM
15768,-85,37,1,1,1,0.817707,0.964589,logprobs,DekaLLM
15769,-85,39,1,1,1,0.880861,0.976751,logprobs,DekaLLM
15770,-85,41,1,1,1,0.731207,0.969081,logprobs,DekaLLM
15771,-85,43,1,1,1,0.731179,0.980141,logprobs,DekaLLM
15772,-85,45,1,1,1,0.500222,0.967029,logprobs,DekaLLM
15773,-85,47,1,1,1,0.50022,0.981346,logprobs,DekaLLM
15774,-85,49,1,1,0,0.377718,0.979631,logprobs,DekaLLM
15775,-85,51,1,1,0,0.377702,0.976287,logprobs,DekaLLM
15776,-85,53,1,1,0,0.377671,0.975462,logprobs,DekaLLM
15777,-85,55,1,1,0,0.269147,0.982444,logprobs,DekaLLM
15778,-85,57,1,1,0,0.377749,0.977963,logprobs,DekaLLM
15779,-85,59,1,1,0,0.269076,0.978291,logprobs,DekaLLM
15780,-85,61,1,1,0,0.269076,0.97702,logprobs,DekaLLM
15781,-85,63,1,1,0,0.377619,0.981096,logprobs,DekaLLM
15782,-85,65,1,1,0,0.377667,0.986516,logprobs,DekaLLM
15783,-85,67,1,1,0,0.269066,0.984056,logprobs,DekaLLM
15784,-85,69,1,1,0,0.18249,0.985434,logprobs,DekaLLM
15785,-85,71,1,1,0,0.182528,0.984991,logprobs,DekaLLM
15786,-85,73,1,1,0,0.26901,0.978681,logprobs,DekaLLM
15787,-85,75,1,1,0,0.18249,0.982601,logprobs,DekaLLM
15788,-85,77,1,1,0,0.269076,0.983826,logprobs,DekaLLM
15789,-85,79,1,1,0,0.268943,0.983128,logprobs,DekaLLM
15790,-85,81,1,1,0,0.269076,0.978465,logprobs,DekaLLM
15791,-85,83,1,1,0,0.377755,0.972657,logprobs,DekaLLM
15792,-85,85,1,1,0,0.26901,0.981154,logprobs,DekaLLM
15793,-85,87,1,1,0,0.182458,0.974095,logprobs,DekaLLM
15794,-85,89,1,1,0,0.269076,0.986398,logprobs,DekaLLM
15795,-85,91,1,1,0,0.075839,0.98487,logprobs,DekaLLM
15796,-85,93,1,1,0,0.075844,0.983877,logprobs,DekaLLM
15797,-85,95,1,1,0,0.075839,0.98692,logprobs,DekaLLM
15798,-85,97,1,1,0,0.119169,0.974705,logprobs,DekaLLM
15799,-85,99,1,1,0,0.119182,0.97153,logprobs,DekaLLM
15800,-85,101,1,1,0,0.182478,0.978114,logprobs,DekaLLM
15801,-85,103,1,1,0,0.26901,0.979624,logprobs,DekaLLM
15802,-85,105,1,1,0,0.26905,0.975661,logprobs,DekaLLM
15803,-85,107,1,1,0,0.119155,0.976587,logprobs,DekaLLM
15804,-85,109,1,1,0,0.269052,0.983273,logprobs,DekaLLM
15805,-85,111,1,1,0,0.269076,0.976368,logprobs,DekaLLM
15806,-85,113,1,1,0,0.119169,0.976214,logprobs,DekaLLM
15807,-85,115,1,1,0,0.182511,0.980098,logprobs,DekaLLM
15808,-85,117,1,1,0,0.119227,0.98422,logprobs,DekaLLM
15809,-85,119,1,1,0,0.182478,0.975796,logprobs,DekaLLM
15810,-85,121,1,1,0,0.11924,0.981584,logprobs,DekaLLM
15811,-85,123,1,1,0,0.075839,0.984247,logprobs,DekaLLM
15812,-85,125,1,1,0,0.119232,0.983912,logprobs,DekaLLM
15813,-85,127,1,1,0,0.26901,0.978519,logprobs,DekaLLM
15814,-85,129,1,1,0,0.18244,0.976838,logprobs,DekaLLM
15815,-85,131,1,1,0,0.182478,0.981851,logprobs,DekaLLM
15816,-85,133,1,1,0,0.11924,0.981559,logprobs,DekaLLM
15817,-85,135,1,1,0,0.268986,0.982035,logprobs,DekaLLM
15818,-85,137,1,1,0,0.182445,0.982291,logprobs,DekaLLM
15819,-85,139,1,1,0,0.11924,0.981664,logprobs,DekaLLM
15820,-85,141,1,1,0,0.182531,0.978884,logprobs,DekaLLM
15821,-85,143,1,1,0,0.075835,0.977233,logprobs,DekaLLM
15822,-85,145,1,1,0,0.075844,0.979407,logprobs,DekaLLM
15823,-85,147,1,1,0,0.18254,0.974505,logprobs,DekaLLM
15824,-85,149,1,1,0,0.182377,0.981854,logprobs,DekaLLM
15825,-85,151,1,1,0,0.029307,0.986758,logprobs,DekaLLM
15826,-85,153,1,1,0,0.075844,0.973615,logprobs,DekaLLM
15827,-85,155,1,1,0,0.075844,0.979004,logprobs,DekaLLM
15828,-85,157,1,1,0,0.047417,0.978393,logprobs,DekaLLM
15829,-85,159,1,1,0,0.075839,0.985871,logprobs,DekaLLM
15830,-85,161,1,1,0,0.047417,0.986703,logprobs,DekaLLM
15831,-85,163,1,1,0,0.075835,0.980934,logprobs,DekaLLM
15832,-85,165,1,1,0,0.075835,0.980665,logprobs,DekaLLM
15833,-85,167,1,1,0,0.047417,0.979399,logprobs,DekaLLM
15834,-85,169,1,1,0,0.119174,0.987105,logprobs,DekaLLM
15835,-85,171,1,1,0,0.075839,0.982046,logprobs,DekaLLM
15836,-85,173,1,1,0,0.047417,0.983701,logprobs,DekaLLM
15837,-85,175,1,1,0,0.04742,0.982352,logprobs,DekaLLM
15838,-85,177,1,1,0,0.047413,0.982255,logprobs,DekaLLM
15839,-85,179,1,1,0,0.075844,0.984176,logprobs,DekaLLM
15840,-87,-179,1,1,0,0.029307,0.987227,logprobs,DekaLLM
15841,-87,-177,1,1,0,0.017983,0.989606,logprobs,DekaLLM
15842,-87,-175,1,1,0,0.029304,0.983256,logprobs,DekaLLM
15843,-87,-173,1,1,0,0.017983,0.98833,logprobs,DekaLLM
15844,-87,-171,1,1,0,0.029309,0.980948,logprobs,DekaLLM
15845,-87,-169,1,1,0,0.010986,0.991206,logprobs,DekaLLM
15846,-87,-167,1,1,0,0.017984,0.988297,logprobs,DekaLLM
15847,-87,-165,1,1,0,0.017983,0.987413,logprobs,DekaLLM
15848,-87,-163,1,1,0,0.017981,0.976995,logprobs,DekaLLM
15849,-87,-161,1,1,0,0.017983,0.988626,logprobs,DekaLLM
15850,-87,-159,1,1,0,0.006692,0.986573,logprobs,DekaLLM
15851,-87,-157,1,1,0,0.047411,0.98098,logprobs,DekaLLM
15852,-87,-155,1,1,0,0.029304,0.978454,logprobs,DekaLLM
15853,-87,-153,1,1,0,0.047411,0.98146,logprobs,DekaLLM
15854,-87,-151,1,1,0,0.029307,0.984802,logprobs,DekaLLM
15855,-87,-149,1,1,0,0.047411,0.984242,logprobs,DekaLLM
15856,-87,-147,1,1,0,0.119227,0.983529,logprobs,DekaLLM
15857,-87,-145,1,1,0,0.047411,0.983296,logprobs,DekaLLM
15858,-87,-143,1,1,0,0.047417,0.986608,logprobs,DekaLLM
15859,-87,-141,1,1,0,0.047417,0.979094,logprobs,DekaLLM
15860,-87,-139,1,1,0,0.029304,0.98283,logprobs,DekaLLM
15861,-87,-137,1,1,0,0.029303,0.984276,logprobs,DekaLLM
15862,-87,-135,1,1,0,0.047413,0.983593,logprobs,DekaLLM
15863,-87,-133,1,1,0,0.047417,0.981412,logprobs,DekaLLM
15864,-87,-131,1,1,0,0.047413,0.984325,logprobs,DekaLLM
15865,-87,-129,1,1,0,0.029304,0.98376,logprobs,DekaLLM
15866,-87,-127,1,1,0,0.029307,0.98475,logprobs,DekaLLM
15867,-87,-125,1,1,0,0.029304,0.986785,logprobs,DekaLLM
15868,-87,-123,1,1,0,0.017984,0.985511,logprobs,DekaLLM
15869,-87,-121,1,1,0,0.11924,0.985206,logprobs,DekaLLM
15870,-87,-119,1,1,0,0.119169,0.978993,logprobs,DekaLLM
15871,-87,-117,1,1,0,0.182478,0.976799,logprobs,DekaLLM
15872,-87,-115,1,1,0,0.075844,0.981274,logprobs,DekaLLM
15873,-87,-113,1,1,0,0.269076,0.979488,logprobs,DekaLLM
15874,-87,-111,1,1,0,0.377654,0.982678,logprobs,DekaLLM
15875,-87,-109,1,1,0,0.182542,0.982503,logprobs,DekaLLM
15876,-87,-107,1,1,0,0.119169,0.977085,logprobs,DekaLLM
15877,-87,-105,1,1,0,0.269052,0.985975,logprobs,DekaLLM
15878,-87,-103,1,1,0,0.37765,0.985534,logprobs,DekaLLM
15879,-87,-101,1,1,0,0.269076,0.983624,logprobs,DekaLLM
15880,-87,-99,1,1,0,0.119227,0.984892,logprobs,DekaLLM
15881,-87,-97,1,1,0,0.119264,0.981406,logprobs,DekaLLM
15882,-87,-95,1,1,0,0.119227,0.983581,logprobs,DekaLLM
15883,-87,-93,1,1,0,0.047411,0.985185,logprobs,DekaLLM
15884,-87,-91,1,1,0,0.075835,0.980729,logprobs,DekaLLM
15885,-87,-89,1,1,0,0.119227,0.985501,logprobs,DekaLLM
15886,-87,-87,1,1,0,0.119182,0.98319,logprobs,DekaLLM
15887,-87,-85,1,1,0,0.119168,0.968697,logprobs,DekaLLM
15888,-87,-83,1,1,0,0.26901,0.979474,logprobs,DekaLLM
15889,-87,-81,1,1,0,0.269076,0.979782,logprobs,DekaLLM
15890,-87,-79,1,1,0,0.182395,0.982152,logprobs,DekaLLM
15891,-87,-77,1,1,0,0.182459,0.982244,logprobs,DekaLLM
15892,-87,-75,1,1,0,0.182478,0.978064,logprobs,DekaLLM
15893,-87,-73,1,1,0,0.182459,0.982137,logprobs,DekaLLM
15894,-87,-71,1,1,0,0.119169,0.981204,logprobs,DekaLLM
15895,-87,-69,1,1,0,0.119169,0.981545,logprobs,DekaLLM
15896,-87,-67,1,1,0,0.182377,0.984643,logprobs,DekaLLM
15897,-87,-65,1,1,0,0.075835,0.97849,logprobs,DekaLLM
15898,-87,-63,1,1,0,0.047417,0.984192,logprobs,DekaLLM
15899,-87,-61,1,1,0,0.075839,0.986244,logprobs,DekaLLM
15900,-87,-59,1,1,0,0.119169,0.978313,logprobs,DekaLLM
15901,-87,-57,1,1,0,0.26897,0.974806,logprobs,DekaLLM
15902,-87,-55,1,1,0,0.119155,0.975474,logprobs,DekaLLM
15903,-87,-53,1,1,0,0.119169,0.978164,logprobs,DekaLLM
15904,-87,-51,1,1,0,0.11924,0.98203,logprobs,DekaLLM
15905,-87,-49,1,1,0,0.119169,0.978218,logprobs,DekaLLM
15906,-87,-47,1,1,0,0.182459,0.984847,logprobs,DekaLLM
15907,-87,-45,1,1,0,0.119264,0.980568,logprobs,DekaLLM
15908,-87,-43,1,1,0,0.182459,0.984468,logprobs,DekaLLM
15909,-87,-41,1,1,0,0.119169,0.974575,logprobs,DekaLLM
15910,-87,-39,1,1,0,0.182377,0.984623,logprobs,DekaLLM
15911,-87,-37,1,1,0,0.182445,0.983666,logprobs,DekaLLM
15912,-87,-35,1,1,0,0.119155,0.975913,logprobs,DekaLLM
15913,-87,-33,1,1,0,0.182513,0.982898,logprobs,DekaLLM
15914,-87,-31,1,1,0,0.269076,0.978845,logprobs,DekaLLM
15915,-87,-29,1,1,0,0.075844,0.985492,logprobs,DekaLLM
15916,-87,-27,1,1,0,0.268967,0.983699,logprobs,DekaLLM
15917,-87,-25,1,1,0,0.269076,0.979982,logprobs,DekaLLM
15918,-87,-23,1,1,0,0.269076,0.980577,logprobs,DekaLLM
15919,-87,-21,1,1,0,0.182478,0.982649,logprobs,DekaLLM
15920,-87,-19,1,1,0,0.182457,0.98399,logprobs,DekaLLM
15921,-87,-17,1,1,0,0.119169,0.979807,logprobs,DekaLLM
15922,-87,-15,1,1,0,0.119182,0.97889,logprobs,DekaLLM
15923,-87,-13,1,1,0,0.268984,0.972143,logprobs,DekaLLM
15924,-87,-11,1,1,0,0.269079,0.974037,logprobs,DekaLLM
15925,-87,-9,1,1,0,0.182478,0.979036,logprobs,DekaLLM
15926,-87,-7,1,1,0,0.269076,0.985246,logprobs,DekaLLM
15927,-87,-5,1,1,0,0.11924,0.985434,logprobs,DekaLLM
15928,-87,-3,1,1,0,0.269033,0.984471,logprobs,DekaLLM
15929,-87,-1,1,1,0,0.119169,0.977593,logprobs,DekaLLM
15930,-87,1,1,1,0,0.182478,0.974381,logprobs,DekaLLM
15931,-87,3,1,1,0,0.182478,0.979709,logprobs,DekaLLM
15932,-87,5,1,1,0,0.26901,0.976988,logprobs,DekaLLM
15933,-87,7,1,1,1,0.500135,0.977467,logprobs,DekaLLM
15934,-87,9,1,1,0,0.377749,0.978837,logprobs,DekaLLM
15935,-87,11,1,1,0,0.377702,0.979374,logprobs,DekaLLM
15936,-87,13,1,1,1,0.500135,0.978889,logprobs,DekaLLM
15937,-87,15,1,1,1,0.500135,0.981305,logprobs,DekaLLM
15938,-87,17,1,1,1,0.500138,0.978724,logprobs,DekaLLM
15939,-87,19,1,1,0,0.269076,0.983258,logprobs,DekaLLM
15940,-87,21,1,1,0,0.182478,0.982177,logprobs,DekaLLM
15941,-87,23,1,1,0,0.182478,0.982171,logprobs,DekaLLM
15942,-87,25,1,1,0,0.119169,0.983612,logprobs,DekaLLM
15943,-87,27,1,1,0,0.119169,0.981602,logprobs,DekaLLM
15944,-87,29,1,1,0,0.075844,0.982908,logprobs,DekaLLM
15945,-87,31,1,1,1,0.622617,0.976053,logprobs,DekaLLM
15946,-87,33,1,1,1,0.622637,0.981814,logprobs,DekaLLM
15947,-87,35,1,1,1,0.817642,0.984166,logprobs,DekaLLM
15948,-87,37,1,1,1,0.731179,0.980382,logprobs,DekaLLM
15949,-87,39,1,1,1,0.880858,0.9825,logprobs,DekaLLM
15950,-87,41,1,1,1,0.817686,0.977714,logprobs,DekaLLM
15951,-87,43,1,1,1,0.880875,0.976491,logprobs,DekaLLM
15952,-87,45,1,1,1,0.622666,0.973555,logprobs,DekaLLM
15953,-87,47,1,1,0,0.377702,0.979633,logprobs,DekaLLM
15954,-87,49,1,1,0,0.377671,0.980972,logprobs,DekaLLM
15955,-87,51,1,1,0,0.377623,0.979515,logprobs,DekaLLM
15956,-87,53,1,1,0,0.269076,0.982174,logprobs,DekaLLM
15957,-87,55,1,1,0,0.377671,0.977648,logprobs,DekaLLM
15958,-87,57,1,1,0,0.119169,0.973913,logprobs,DekaLLM
15959,-87,59,1,1,0,0.119248,0.98465,logprobs,DekaLLM
15960,-87,61,1,1,0,0.182509,0.985206,logprobs,DekaLLM
15961,-87,63,1,1,0,0.269076,0.979896,logprobs,DekaLLM
15962,-87,65,1,1,0,0.182478,0.980563,logprobs,DekaLLM
15963,-87,67,1,1,0,0.269076,0.98291,logprobs,DekaLLM
15964,-87,69,1,1,0,0.182528,0.985006,logprobs,DekaLLM
15965,-87,71,1,1,0,0.26905,0.980043,logprobs,DekaLLM
15966,-87,73,1,1,0,0.377609,0.986636,logprobs,DekaLLM
15967,-87,75,1,1,0,0.182614,0.977045,logprobs,DekaLLM
15968,-87,77,1,1,0,0.377702,0.97805,logprobs,DekaLLM
15969,-87,79,1,1,0,0.182459,0.977686,logprobs,DekaLLM
15970,-87,81,1,1,0,0.269163,0.96843,logprobs,DekaLLM
15971,-87,83,1,1,0,0.377671,0.97673,logprobs,DekaLLM
15972,-87,85,1,1,0,0.269025,0.98768,logprobs,DekaLLM
15973,-87,87,1,1,0,0.269055,0.97517,logprobs,DekaLLM
15974,-87,89,1,1,0,0.182459,0.98311,logprobs,DekaLLM
15975,-87,91,1,1,0,0.047417,0.981739,logprobs,DekaLLM
15976,-87,93,1,1,0,0.075839,0.981753,logprobs,DekaLLM
15977,-87,95,1,1,0,0.075844,0.981817,logprobs,DekaLLM
15978,-87,97,1,1,0,0.11924,0.981352,logprobs,DekaLLM
15979,-87,99,1,1,0,0.119169,0.981509,logprobs,DekaLLM
15980,-87,101,1,1,0,0.182459,0.981761,logprobs,DekaLLM
15981,-87,103,1,1,0,0.119155,0.976849,logprobs,DekaLLM
15982,-87,105,1,1,0,0.182478,0.977966,logprobs,DekaLLM
15983,-87,107,1,1,0,0.182458,0.970877,logprobs,DekaLLM
15984,-87,109,1,1,0,0.182395,0.974107,logprobs,DekaLLM
15985,-87,111,1,1,0,0.268984,0.968763,logprobs,DekaLLM
15986,-87,113,1,1,0,0.182445,0.983448,logprobs,DekaLLM
15987,-87,115,1,1,0,0.182478,0.981565,logprobs,DekaLLM
15988,-87,117,1,1,0,0.119235,0.984862,logprobs,DekaLLM
15989,-87,119,1,1,0,0.119169,0.976206,logprobs,DekaLLM
15990,-87,121,1,1,0,0.119169,0.976885,logprobs,DekaLLM
15991,-87,123,1,1,0,0.182395,0.970467,logprobs,DekaLLM
15992,-87,125,1,1,0,0.18244,0.981911,logprobs,DekaLLM
15993,-87,127,1,1,0,0.182459,0.980805,logprobs,DekaLLM
15994,-87,129,1,1,0,0.268944,0.968895,logprobs,DekaLLM
15995,-87,131,1,1,0,0.268967,0.973262,logprobs,DekaLLM
15996,-87,133,1,1,0,0.18244,0.97903,logprobs,DekaLLM
15997,-87,135,1,1,0,0.182395,0.969936,logprobs,DekaLLM
15998,-87,137,1,1,0,0.11924,0.983565,logprobs,DekaLLM
15999,-87,139,1,1,0,0.182509,0.983578,logprobs,DekaLLM
16000,-87,141,1,1,0,0.269076,0.977694,logprobs,DekaLLM
16001,-87,143,1,1,0,0.11924,0.978615,logprobs,DekaLLM
16002,-87,145,1,1,0,0.075835,0.975841,logprobs,DekaLLM
16003,-87,147,1,1,0,0.182458,0.982121,logprobs,DekaLLM
16004,-87,149,1,1,0,0.182459,0.985584,logprobs,DekaLLM
16005,-87,151,1,1,0,0.182377,0.982685,logprobs,DekaLLM
16006,-87,153,1,1,0,0.119182,0.975957,logprobs,DekaLLM
16007,-87,155,1,1,0,0.11924,0.982029,logprobs,DekaLLM
16008,-87,157,1,1,0,0.047417,0.977229,logprobs,DekaLLM
16009,-87,159,1,1,0,0.075841,0.98085,logprobs,DekaLLM
16010,-87,161,1,1,0,0.075839,0.983377,logprobs,DekaLLM
16011,-87,163,1,1,0,0.047413,0.98299,logprobs,DekaLLM
16012,-87,165,1,1,0,0.075839,0.986584,logprobs,DekaLLM
16013,-87,167,1,1,0,0.047411,0.983725,logprobs,DekaLLM
16014,-87,169,1,1,0,0.047417,0.983825,logprobs,DekaLLM
16015,-87,171,1,1,0,0.075844,0.98493,logprobs,DekaLLM
16016,-87,173,1,1,0,0.047413,0.982941,logprobs,DekaLLM
16017,-87,175,1,1,0,0.047413,0.985962,logprobs,DekaLLM
16018,-87,177,1,1,0,0.029309,0.987824,logprobs,DekaLLM
16019,-87,179,1,1,0,0.047413,0.984135,logprobs,DekaLLM
16020,-89,-179,1,1,0,0.119174,0.983022,logprobs,DekaLLM
16021,-89,-177,1,1,0,0.119174,0.986722,logprobs,DekaLLM
16022,-89,-175,1,1,0,0.075835,0.985336,logprobs,DekaLLM
16023,-89,-173,1,1,0,0.047417,0.980367,logprobs,DekaLLM
16024,-89,-171,1,1,0,0.029307,0.98908,logprobs,DekaLLM
16025,-89,-169,1,1,0,0.017983,0.98769,logprobs,DekaLLM
16026,-89,-167,1,1,0,0.029307,0.98567,logprobs,DekaLLM
16027,-89,-165,1,1,0,0.017983,0.986366,logprobs,DekaLLM
16028,-89,-163,1,1,0,0.029307,0.990885,logprobs,DekaLLM
16029,-89,-161,1,1,0,0.017983,0.983565,logprobs,DekaLLM
16030,-89,-159,1,1,0,0.029307,0.989016,logprobs,DekaLLM
16031,-89,-157,1,1,0,0.029308,0.991495,logprobs,DekaLLM
16032,-89,-155,1,1,0,0.075839,0.984968,logprobs,DekaLLM
16033,-89,-153,1,1,0,0.047418,0.990432,logprobs,DekaLLM
16034,-89,-151,1,1,0,0.047417,0.983581,logprobs,DekaLLM
16035,-89,-149,1,1,0,0.119169,0.984073,logprobs,DekaLLM
16036,-89,-147,1,1,0,0.075839,0.987453,logprobs,DekaLLM
16037,-89,-145,1,1,0,0.119174,0.988199,logprobs,DekaLLM
16038,-89,-143,1,1,0,0.047417,0.988021,logprobs,DekaLLM
16039,-89,-141,1,1,0,0.182427,0.985735,logprobs,DekaLLM
16040,-89,-139,1,1,0,0.047413,0.987389,logprobs,DekaLLM
16041,-89,-137,1,1,0,0.047418,0.991895,logprobs,DekaLLM
16042,-89,-135,1,1,0,0.119174,0.983622,logprobs,DekaLLM
16043,-89,-133,1,1,0,0.047417,0.989349,logprobs,DekaLLM
16044,-89,-131,1,1,0,0.04742,0.987135,logprobs,DekaLLM
16045,-89,-129,1,1,0,0.047418,0.991941,logprobs,DekaLLM
16046,-89,-127,1,1,0,0.047417,0.98768,logprobs,DekaLLM
16047,-89,-125,1,1,0,0.017983,0.988224,logprobs,DekaLLM
16048,-89,-123,1,1,0,0.119169,0.985238,logprobs,DekaLLM
16049,-89,-121,1,1,0,0.119227,0.981941,logprobs,DekaLLM
16050,-89,-119,1,1,0,0.182377,0.982278,logprobs,DekaLLM
16051,-89,-117,1,1,0,0.377623,0.983512,logprobs,DekaLLM
16052,-89,-115,1,1,0,0.269076,0.984946,logprobs,DekaLLM
16053,-89,-113,1,1,0,0.269107,0.982655,logprobs,DekaLLM
16054,-89,-111,1,1,0,0.269076,0.984344,logprobs,DekaLLM
16055,-89,-109,1,1,0,0.182459,0.982337,logprobs,DekaLLM
16056,-89,-107,1,1,0,0.182528,0.98902,logprobs,DekaLLM
16057,-89,-105,1,1,0,0.269163,0.976935,logprobs,DekaLLM
16058,-89,-103,1,1,0,0.26905,0.98054,logprobs,DekaLLM
16059,-89,-101,1,1,0,0.075839,0.987172,logprobs,DekaLLM
16060,-89,-99,1,1,0,0.182509,0.987756,logprobs,DekaLLM
16061,-89,-97,1,1,0,0.182478,0.979541,logprobs,DekaLLM
16062,-89,-95,1,1,0,0.11924,0.98778,logprobs,DekaLLM
16063,-89,-93,1,1,0,0.075839,0.986513,logprobs,DekaLLM
16064,-89,-91,1,1,0,0.119169,0.983431,logprobs,DekaLLM
16065,-89,-89,1,1,0,0.182447,0.98232,logprobs,DekaLLM
16066,-89,-87,1,1,0,0.182458,0.978126,logprobs,DekaLLM
16067,-89,-85,1,1,0,0.268943,0.98492,logprobs,DekaLLM
16068,-89,-83,1,1,0,0.269076,0.981724,logprobs,DekaLLM
16069,-89,-81,1,1,0,0.182478,0.981893,logprobs,DekaLLM
16070,-89,-79,1,1,0,0.268943,0.986446,logprobs,DekaLLM
16071,-89,-77,1,1,0,0.269036,0.983753,logprobs,DekaLLM
16072,-89,-75,1,1,0,0.269076,0.985044,logprobs,DekaLLM
16073,-89,-73,1,1,0,0.119232,0.988809,logprobs,DekaLLM
16074,-89,-71,1,1,0,0.182427,0.987031,logprobs,DekaLLM
16075,-89,-69,1,1,0,0.269036,0.983404,logprobs,DekaLLM
16076,-89,-67,1,1,0,0.268943,0.986198,logprobs,DekaLLM
16077,-89,-65,1,1,0,0.182478,0.981682,logprobs,DekaLLM
16078,-89,-63,1,1,0,0.182439,0.987723,logprobs,DekaLLM
16079,-89,-61,1,1,0,0.182478,0.981599,logprobs,DekaLLM
16080,-89,-59,1,1,0,0.182478,0.981972,logprobs,DekaLLM
16081,-89,-57,1,1,0,0.268986,0.986936,logprobs,DekaLLM
16082,-89,-55,1,1,0,0.182459,0.983393,logprobs,DekaLLM
16083,-89,-53,1,1,0,0.119169,0.985749,logprobs,DekaLLM
16084,-89,-51,1,1,0,0.26901,0.981053,logprobs,DekaLLM
16085,-89,-49,1,1,0,0.182439,0.98842,logprobs,DekaLLM
16086,-89,-47,1,1,0,0.182542,0.986875,logprobs,DekaLLM
16087,-89,-45,1,1,0,0.119227,0.98669,logprobs,DekaLLM
16088,-89,-43,1,1,0,0.269076,0.983913,logprobs,DekaLLM
16089,-89,-41,1,1,0,0.182427,0.9873,logprobs,DekaLLM
16090,-89,-39,1,1,0,0.268927,0.981509,logprobs,DekaLLM
16091,-89,-37,1,1,0,0.182478,0.980681,logprobs,DekaLLM
16092,-89,-35,1,1,0,0.26901,0.981483,logprobs,DekaLLM
16093,-89,-33,1,1,0,0.268959,0.986014,logprobs,DekaLLM
16094,-89,-31,1,1,0,0.268967,0.984151,logprobs,DekaLLM
16095,-89,-29,1,1,0,0.269076,0.986767,logprobs,DekaLLM
16096,-89,-27,1,1,0,0.269116,0.985408,logprobs,DekaLLM
16097,-89,-25,1,1,0,0.269076,0.985154,logprobs,DekaLLM
16098,-89,-23,1,1,0,0.377702,0.982808,logprobs,DekaLLM
16099,-89,-21,1,1,0,0.182459,0.982146,logprobs,DekaLLM
16100,-89,-19,1,1,0,0.269076,0.986629,logprobs,DekaLLM
16101,-89,-17,1,1,0,0.269076,0.983764,logprobs,DekaLLM
16102,-89,-15,1,1,0,0.268984,0.974447,logprobs,DekaLLM
16103,-89,-13,1,1,0,0.269076,0.98478,logprobs,DekaLLM
16104,-89,-11,1,1,0,0.269119,0.978472,logprobs,DekaLLM
16105,-89,-9,1,1,0,0.269009,0.983394,logprobs,DekaLLM
16106,-89,-7,1,1,0,0.377671,0.981202,logprobs,DekaLLM
16107,-89,-5,1,1,0,0.268967,0.985476,logprobs,DekaLLM
16108,-89,-3,1,1,0,0.269076,0.97916,logprobs,DekaLLM
16109,-89,-1,1,1,0,0.268986,0.985968,logprobs,DekaLLM
16110,-89,1,1,1,0,0.269033,0.985817,logprobs,DekaLLM
16111,-89,3,1,1,0,0.269076,0.984006,logprobs,DekaLLM
16112,-89,5,1,1,0,0.269049,0.989027,logprobs,DekaLLM
16113,-89,7,1,1,0,0.268993,0.982197,logprobs,DekaLLM
16114,-89,9,1,1,0,0.377619,0.985802,logprobs,DekaLLM
16115,-89,11,1,1,0,0.377671,0.986492,logprobs,DekaLLM
16116,-89,13,1,1,1,0.500135,0.980447,logprobs,DekaLLM
16117,-89,15,1,1,0,0.269076,0.981673,logprobs,DekaLLM
16118,-89,17,1,1,0,0.269076,0.985407,logprobs,DekaLLM
16119,-89,19,1,1,0,0.269076,0.983433,logprobs,DekaLLM
16120,-89,21,1,1,0,0.268943,0.986892,logprobs,DekaLLM
16121,-89,23,1,1,0,0.269076,0.981365,logprobs,DekaLLM
16122,-89,25,1,1,0,0.269076,0.980775,logprobs,DekaLLM
16123,-89,27,1,1,0,0.182439,0.989056,logprobs,DekaLLM
16124,-89,29,1,1,0,0.182428,0.982231,logprobs,DekaLLM
16125,-89,31,1,1,1,0.500087,0.985209,logprobs,DekaLLM
16126,-89,33,1,1,1,0.500117,0.980669,logprobs,DekaLLM
16127,-89,35,1,1,1,0.500276,0.976481,logprobs,DekaLLM
16128,-89,37,1,1,1,0.500171,0.982456,logprobs,DekaLLM
16129,-89,39,1,1,1,0.622586,0.987396,logprobs,DekaLLM
16130,-89,41,1,1,1,0.500253,0.985315,logprobs,DekaLLM
16131,-89,43,1,1,1,0.500199,0.985321,logprobs,DekaLLM
16132,-89,45,1,1,1,0.500189,0.979463,logprobs,DekaLLM
16133,-89,47,1,1,0,0.269076,0.986336,logprobs,DekaLLM
16134,-89,49,1,1,0,0.377619,0.985981,logprobs,DekaLLM
16135,-89,51,1,1,0,0.269076,0.985288,logprobs,DekaLLM
16136,-89,53,1,1,0,0.37765,0.984028,logprobs,DekaLLM
16137,-89,55,1,1,0,0.269033,0.983887,logprobs,DekaLLM
16138,-89,57,1,1,0,0.182459,0.985636,logprobs,DekaLLM
16139,-89,59,1,1,0,0.269036,0.982792,logprobs,DekaLLM
16140,-89,61,1,1,0,0.377603,0.983778,logprobs,DekaLLM
16141,-89,63,1,1,0,0.377702,0.987407,logprobs,DekaLLM
16142,-89,65,1,1,0,0.269076,0.984165,logprobs,DekaLLM
16143,-89,67,1,1,0,0.269076,0.984609,logprobs,DekaLLM
16144,-89,69,1,1,0,0.269033,0.98417,logprobs,DekaLLM
16145,-89,71,1,1,0,0.18254,0.985531,logprobs,DekaLLM
16146,-89,73,1,1,0,0.269116,0.982198,logprobs,DekaLLM
16147,-89,75,1,1,0,0.269076,0.98595,logprobs,DekaLLM
16148,-89,77,1,1,0,0.268993,0.987113,logprobs,DekaLLM
16149,-89,79,1,1,0,0.269076,0.984285,logprobs,DekaLLM
16150,-89,81,1,1,0,0.269033,0.984296,logprobs,DekaLLM
16151,-89,83,1,1,0,0.37765,0.982549,logprobs,DekaLLM
16152,-89,85,1,1,0,0.269076,0.984372,logprobs,DekaLLM
16153,-89,87,1,1,0,0.268967,0.983787,logprobs,DekaLLM
16154,-89,89,1,1,0,0.377575,0.978318,logprobs,DekaLLM
16155,-89,91,1,1,0,0.047413,0.981257,logprobs,DekaLLM
16156,-89,93,1,1,0,0.119155,0.978653,logprobs,DekaLLM
16157,-89,95,1,1,0,0.119248,0.987371,logprobs,DekaLLM
16158,-89,97,1,1,0,0.119232,0.988796,logprobs,DekaLLM
16159,-89,99,1,1,0,0.182427,0.987565,logprobs,DekaLLM
16160,-89,101,1,1,0,0.119182,0.986612,logprobs,DekaLLM
16161,-89,103,1,1,0,0.269076,0.982193,logprobs,DekaLLM
16162,-89,105,1,1,0,0.268986,0.982248,logprobs,DekaLLM
16163,-89,107,1,1,0,0.269033,0.983512,logprobs,DekaLLM
16164,-89,109,1,1,0,0.269076,0.983577,logprobs,DekaLLM
16165,-89,111,1,1,0,0.26905,0.983995,logprobs,DekaLLM
16166,-89,113,1,1,0,0.268984,0.977108,logprobs,DekaLLM
16167,-89,115,1,1,0,0.182459,0.987138,logprobs,DekaLLM
16168,-89,117,1,1,0,0.268943,0.98213,logprobs,DekaLLM
16169,-89,119,1,1,0,0.182459,0.981921,logprobs,DekaLLM
16170,-89,121,1,1,0,0.119169,0.986333,logprobs,DekaLLM
16171,-89,123,1,1,0,0.268967,0.985049,logprobs,DekaLLM
16172,-89,125,1,1,0,0.268943,0.983971,logprobs,DekaLLM
16173,-89,127,1,1,0,0.268967,0.981882,logprobs,DekaLLM
16174,-89,129,1,1,0,0.18256,0.979475,logprobs,DekaLLM
16175,-89,131,1,1,0,0.182457,0.988134,logprobs,DekaLLM
16176,-89,133,1,1,0,0.269052,0.984728,logprobs,DekaLLM
16177,-89,135,1,1,0,0.269076,0.985012,logprobs,DekaLLM
16178,-89,137,1,1,0,0.182521,0.98681,logprobs,DekaLLM
16179,-89,139,1,1,0,0.119169,0.986535,logprobs,DekaLLM
16180,-89,141,1,1,0,0.269076,0.983586,logprobs,DekaLLM
16181,-89,143,1,1,0,0.11924,0.985734,logprobs,DekaLLM
16182,-89,145,1,1,0,0.119248,0.987835,logprobs,DekaLLM
16183,-89,147,1,1,0,0.182478,0.98468,logprobs,DekaLLM
16184,-89,149,1,1,0,0.26901,0.984956,logprobs,DekaLLM
16185,-89,151,1,1,0,0.119169,0.983565,logprobs,DekaLLM
16186,-89,153,1,1,0,0.075839,0.982368,logprobs,DekaLLM
16187,-89,155,1,1,0,0.119298,0.984923,logprobs,DekaLLM
16188,-89,157,1,1,0,0.075844,0.983661,logprobs,DekaLLM
16189,-89,159,1,1,0,0.047417,0.987446,logprobs,DekaLLM
16190,-89,161,1,1,0,0.075844,0.98744,logprobs,DekaLLM
16191,-89,163,1,1,0,0.119169,0.982642,logprobs,DekaLLM
16192,-89,165,1,1,0,0.075839,0.987134,logprobs,DekaLLM
16193,-89,167,1,1,0,0.119169,0.9879,logprobs,DekaLLM
16194,-89,169,1,1,0,0.075874,0.986007,logprobs,DekaLLM
16195,-89,171,1,1,0,0.075839,0.981127,logprobs,DekaLLM
16196,-89,173,1,1,0,0.075839,0.985705,logprobs,DekaLLM
16197,-89,175,1,1,0,0.075844,0.986849,logprobs,DekaLLM
16198,-89,177,1,1,0,0.119174,0.987849,logprobs,DekaLLM
16199,-89,179,1,1,0,0.182395,0.985994,logprobs,DekaLLM
