point_id,lat,lon,truth,truth_lakes,pred,p_land,mass,source,provider
0,89,-179,0,0,0,0.085676,0.999314,logprobs,Alibaba
1,89,-177,0,0,0,0.047631,0.999411,logprobs,Alibaba
2,89,-175,0,0,0,0.047742,0.999543,logprobs,Alibaba
3,89,-173,0,0,0,0.085332,0.999066,logprobs,Alibaba
4,89,-171,0,0,0,0.047613,0.99941,logprobs,Alibaba
5,89,-169,0,0,0,0.095793,0.99872,logprobs,Alibaba
6,89,-167,0,0,0,0.183105,0.993541,logprobs,Alibaba
7,89,-165,0,0,0,0.095588,0.997611,logprobs,Alibaba
8,89,-163,0,0,0,0.133718,0.996227,logprobs,Alibaba
9,89,-161,0,0,0,0.164852,0.998076,logprobs,Alibaba
10,89,-159,0,0,0,0.076322,0.998513,logprobs,Alibaba
11,89,-157,0,0,0,0.165068,0.994845,logprobs,Alibaba
12,89,-155,0,0,0,0.165319,0.993207,logprobs,Alibaba
13,89,-153,0,0,0,0.269716,0.988389,logprobs,Alibaba
14,89,-151,0,0,0,0.377868,0.996853,logprobs,Alibaba
15,89,-149,0,0,1,0.731463,0.99824,logprobs,Alibaba
16,89,-147,0,0,1,0.651933,0.998621,logprobs,Alibaba
17,89,-145,0,0,0,0.349156,0.978826,logprobs,Alibaba
18,89,-143,0,0,1,0.562683,0.995727,logprobs,Alibaba
19,89,-141,0,0,1,0.706356,0.99724,logprobs,Alibaba
20,89,-139,0,0,1,0.679611,0.993205,logprobs,Alibaba
21,89,-137,0,0,0,0.438807,0.977288,logprobs,Alibaba
22,89,-135,0,0,0,0.378161,0.97702,logprobs,Alibaba
23,89,-133,0,0,0,0.407851,0.998513,logprobs,Alibaba
24,89,-131,0,0,0,0.165126,0.99903,logprobs,Alibaba
25,89,-129,0,0,0,0.148495,0.996071,logprobs,Alibaba
26,89,-127,0,0,0,0.075606,0.994936,logprobs,Alibaba
27,89,-125,0,0,0,0.133488,0.992058,logprobs,Alibaba
28,89,-123,0,0,0,0.133135,0.998435,logprobs,Alibaba
29,89,-121,0,0,1,0.562557,0.998446,logprobs,Alibaba
30,89,-119,0,0,1,0.622753,0.998324,logprobs,Alibaba
31,89,-117,0,0,1,0.835738,0.999307,logprobs,Alibaba
32,89,-115,0,0,1,0.755424,0.99855,logprobs,Alibaba
33,89,-113,0,0,1,0.818305,0.999092,logprobs,Alibaba
34,89,-111,0,0,1,0.817813,0.999118,logprobs,Alibaba
35,89,-109,0,0,1,0.798419,0.996904,logprobs,Alibaba
36,89,-107,0,0,1,0.777991,0.991252,logprobs,Alibaba
37,89,-105,0,0,1,0.755689,0.990436,logprobs,Alibaba
38,89,-103,0,0,1,0.798597,0.987628,logprobs,Alibaba
39,89,-101,0,0,1,0.777509,0.998402,logprobs,Alibaba
40,89,-99,0,0,1,0.622956,0.985673,logprobs,Alibaba
41,89,-97,0,0,1,0.531942,0.997725,logprobs,Alibaba
42,89,-95,0,0,0,0.223311,0.995249,logprobs,Alibaba
43,89,-93,0,0,0,0.32181,0.992996,logprobs,Alibaba
44,89,-91,0,0,0,0.085259,0.999188,logprobs,Alibaba
45,89,-89,0,0,0,0.408426,0.995815,logprobs,Alibaba
46,89,-87,0,0,0,0.223815,0.997739,logprobs,Alibaba
47,89,-85,0,0,0,0.164756,0.99546,logprobs,Alibaba
48,89,-83,0,0,0,0.29495,0.993885,logprobs,Alibaba
49,89,-81,0,0,0,0.349096,0.992396,logprobs,Alibaba
50,89,-79,0,0,0,0.321593,0.995736,logprobs,Alibaba
51,89,-77,0,0,1,0.706149,0.99115,logprobs,Alibaba
52,89,-75,0,0,0,0.095619,0.997644,logprobs,Alibaba
53,89,-73,0,0,1,0.706197,0.977739,logprobs,Alibaba
54,89,-71,0,0,0,0.295155,0.992521,logprobs,Alibaba
55,89,-69,0,0,0,0.469744,0.988835,logprobs,Alibaba
56,89,-67,0,0,0,0.378903,0.97115,logprobs,Alibaba
57,89,-65,0,0,0,0.119459,0.99827,logprobs,Alibaba
58,89,-63,0,0,0,0.202754,0.977537,logprobs,Alibaba
59,89,-61,0,0,0,0.107073,0.998153,logprobs,Alibaba
60,89,-59,0,0,0,0.246648,0.991533,logprobs,Alibaba
61,89,-57,0,0,0,0.182033,0.968993,logprobs,Alibaba
62,89,-55,0,0,0,0.223177,0.992126,logprobs,Alibaba
63,89,-53,0,0,0,0.321938,0.984898,logprobs,Alibaba
64,89,-51,0,0,0,0.269393,0.977243,logprobs,Alibaba
65,89,-49,0,0,0,0.202872,0.997971,logprobs,Alibaba
66,89,-47,0,0,0,0.223073,0.993366,logprobs,Alibaba
67,89,-45,0,0,0,0.29542,0.949946,logprobs,Alibaba
68,89,-43,0,0,0,0.183097,0.996842,logprobs,Alibaba
69,89,-41,0,0,0,0.075573,0.993992,logprobs,Alibaba
70,89,-39,0,0,0,0.245738,0.99205,logprobs,Alibaba
71,89,-37,0,0,0,0.223684,0.994479,logprobs,Alibaba
72,89,-35,0,0,0,0.295764,0.981633,logprobs,Alibaba
73,89,-33,0,0,0,0.247349,0.987896,logprobs,Alibaba
74,89,-31,0,0,0,0.085611,0.997425,logprobs,Alibaba
75,89,-29,0,0,0,0.202257,0.995542,logprobs,Alibaba
76,89,-27,0,0,0,0.202457,0.994734,logprobs,Alibaba
77,89,-25,0,0,0,0.245742,0.98797,logprobs,Alibaba
78,89,-23,0,0,1,0.59502,0.990272,logprobs,Alibaba
79,89,-21,0,0,0,0.378744,0.991133,logprobs,Alibaba
80,89,-19,0,0,0,0.408298,0.997753,logprobs,Alibaba
81,89,-17,0,0,1,0.623934,0.97927,logprobs,Alibaba
82,89,-15,0,0,0,0.408074,0.98691,logprobs,Alibaba
83,89,-13,0,0,0,0.469669,0.992131,logprobs,Alibaba
84,89,-11,0,0,0,0.439651,0.996395,logprobs,Alibaba
85,89,-9,0,0,0,0.469336,0.996101,logprobs,Alibaba
86,89,-7,0,0,0,0.469227,0.997805,logprobs,Alibaba
87,89,-5,0,0,0,0.46906,0.998372,logprobs,Alibaba
88,89,-3,0,0,1,0.623665,0.99907,logprobs,Alibaba
89,89,-1,0,0,1,0.65167,0.995998,logprobs,Alibaba
90,89,1,0,0,1,0.500474,0.973851,logprobs,Alibaba
91,89,3,0,0,1,0.623079,0.990563,logprobs,Alibaba
92,89,5,0,0,0,0.407896,0.989795,logprobs,Alibaba
93,89,7,0,0,1,0.531985,0.995572,logprobs,Alibaba
94,89,9,0,0,1,0.50128,0.996551,logprobs,Alibaba
95,89,11,0,0,1,0.679627,0.998504,logprobs,Alibaba
96,89,13,0,0,1,0.531896,0.998079,logprobs,Alibaba
97,89,15,0,0,1,0.622956,0.997862,logprobs,Alibaba
98,89,17,0,0,1,0.77774,0.997411,logprobs,Alibaba
99,89,19,0,0,1,0.500571,0.998424,logprobs,Alibaba
100,89,21,0,0,1,0.755201,0.998623,logprobs,Alibaba
101,89,23,0,0,1,0.755272,0.994554,logprobs,Alibaba
102,89,25,0,0,1,0.89344,0.999243,logprobs,Alibaba
103,89,27,0,0,1,0.939963,0.999589,logprobs,Alibaba
104,89,29,0,0,1,0.932536,0.99953,logprobs,Alibaba
105,89,31,0,0,1,0.893408,0.99945,logprobs,Alibaba
106,89,33,0,0,1,0.915016,0.999592,logprobs,Alibaba
107,89,35,0,0,1,0.880996,0.999384,logprobs,Alibaba
108,89,37,0,0,1,0.817733,0.999311,logprobs,Alibaba
109,89,39,0,0,1,0.852028,0.999347,logprobs,Alibaba
110,89,41,0,0,1,0.924216,0.999409,logprobs,Alibaba
111,89,43,0,0,1,0.852184,0.999161,logprobs,Alibaba
112,89,45,0,0,1,0.798424,0.995374,logprobs,Alibaba
113,89,47,0,0,1,0.679516,0.999079,logprobs,Alibaba
114,89,49,0,0,1,0.835581,0.999422,logprobs,Alibaba
115,89,51,0,0,1,0.914944,0.999485,logprobs,Alibaba
116,89,53,0,0,1,0.867125,0.999357,logprobs,Alibaba
117,89,55,0,0,1,0.706396,0.998891,logprobs,Alibaba
118,89,57,0,0,1,0.623463,0.998254,logprobs,Alibaba
119,89,59,0,0,1,0.706055,0.999272,logprobs,Alibaba
120,89,61,0,0,1,0.835655,0.999363,logprobs,Alibaba
121,89,63,0,0,1,0.679807,0.997701,logprobs,Alibaba
122,89,65,0,0,1,0.852063,0.99937,logprobs,Alibaba
123,89,67,0,0,1,0.562588,0.994713,logprobs,Alibaba
124,89,69,0,0,1,0.592996,0.998501,logprobs,Alibaba
125,89,71,0,0,1,0.593064,0.998119,logprobs,Alibaba
126,89,73,0,0,1,0.651706,0.997834,logprobs,Alibaba
127,89,75,0,0,1,0.500539,0.996424,logprobs,Alibaba
128,89,77,0,0,1,0.706313,0.993385,logprobs,Alibaba
129,89,79,0,0,1,0.679582,0.997276,logprobs,Alibaba
130,89,81,0,0,1,0.651767,0.9955,logprobs,Alibaba
131,89,83,0,0,1,0.623226,0.992551,logprobs,Alibaba
132,89,85,0,0,1,0.593078,0.990589,logprobs,Alibaba
133,89,87,0,0,1,0.679807,0.990345,logprobs,Alibaba
134,89,89,0,0,1,0.77762,0.992164,logprobs,Alibaba
135,89,91,0,0,0,0.294662,0.99416,logprobs,Alibaba
136,89,93,0,0,1,0.500536,0.991633,logprobs,Alibaba
137,89,95,0,0,0,0.407961,0.987439,logprobs,Alibaba
138,89,97,0,0,0,0.438413,0.989357,logprobs,Alibaba
139,89,99,0,0,1,0.651514,0.998708,logprobs,Alibaba
140,89,101,0,0,1,0.562425,0.99918,logprobs,Alibaba
141,89,103,0,0,1,0.706101,0.998907,logprobs,Alibaba
142,89,105,0,0,1,0.651706,0.998482,logprobs,Alibaba
143,89,107,0,0,1,0.531494,0.999076,logprobs,Alibaba
144,89,109,0,0,1,0.706068,0.998982,logprobs,Alibaba
145,89,111,0,0,1,0.777411,0.999112,logprobs,Alibaba
146,89,113,0,0,1,0.817714,0.999191,logprobs,Alibaba
147,89,115,0,0,1,0.651633,0.999026,logprobs,Alibaba
148,89,117,0,0,1,0.731231,0.999001,logprobs,Alibaba
149,89,119,0,0,1,0.593053,0.998629,logprobs,Alibaba
150,89,121,0,0,1,0.679361,0.999073,logprobs,Alibaba
151,89,123,0,0,0,0.269183,0.997479,logprobs,Alibaba
152,89,125,0,0,1,0.622823,0.998902,logprobs,Alibaba
153,89,127,0,0,1,0.500347,0.993499,logprobs,Alibaba
154,89,129,0,0,0,0.438792,0.990376,logprobs,Alibaba
155,89,131,0,0,0,0.245459,0.998648,logprobs,Alibaba
156,89,133,0,0,0,0.469285,0.996965,logprobs,Alibaba
157,89,135,0,0,0,0.349129,0.990885,logprobs,Alibaba
158,89,137,0,0,0,0.27002,0.991201,logprobs,Alibaba
159,89,139,0,0,0,0.269453,0.995058,logprobs,Alibaba
160,89,141,0,0,0,0.133325,0.994133,logprobs,Alibaba
161,89,143,0,0,0,0.164775,0.999056,logprobs,Alibaba
162,89,145,0,0,0,0.148318,0.995815,logprobs,Alibaba
163,89,147,0,0,0,0.182954,0.99705,logprobs,Alibaba
164,89,149,0,0,0,0.24549,0.998008,logprobs,Alibaba
165,89,151,0,0,0,0.119669,0.998761,logprobs,Alibaba
166,89,153,0,0,0,0.047373,0.997593,logprobs,Alibaba
167,89,155,0,0,0,0.133476,0.997603,logprobs,Alibaba
168,89,157,0,0,0,0.067679,0.99856,logprobs,Alibaba
169,89,159,0,0,0,0.085844,0.997913,logprobs,Alibaba
170,89,161,0,0,0,0.119523,0.982603,logprobs,Alibaba
171,89,163,0,0,0,0.133825,0.985989,logprobs,Alibaba
172,89,165,0,0,0,0.107113,0.997278,logprobs,Alibaba
173,89,167,0,0,0,0.085284,0.997405,logprobs,Alibaba
174,89,169,0,0,0,0.07636,0.995447,logprobs,Alibaba
175,89,171,0,0,0,0.067905,0.999067,logprobs,Alibaba
176,89,173,0,0,0,0.08534,0.998787,logprobs,Alibaba
177,89,175,0,0,0,0.076101,0.998899,logprobs,Alibaba
178,89,177,0,0,0,0.107014,0.999355,logprobs,Alibaba
179,89,179,0,0,0,0.119517,0.998838,logprobs,Alibaba
180,87,-179,0,0,0,0.047613,0.999453,logprobs,Alibaba
181,87,-177,0,0,0,0.047717,0.999481,logprobs,Alibaba
182,87,-175,0,0,0,0.037523,0.99897,logprobs,Alibaba
183,87,-173,0,0,0,0.047643,0.998747,logprobs,Alibaba
184,87,-171,0,0,0,0.033297,0.998908,logprobs,Alibaba
185,87,-169,0,0,0,0.133486,0.996013,logprobs,Alibaba
186,87,-167,0,0,0,0.134042,0.99481,logprobs,Alibaba
187,87,-165,0,0,0,0.060365,0.997106,logprobs,Alibaba
188,87,-163,0,0,0,0.0677,0.996259,logprobs,Alibaba
189,87,-161,0,0,0,0.119896,0.992571,logprobs,Alibaba
190,87,-159,0,0,0,0.119429,0.99567,logprobs,Alibaba
191,87,-157,0,0,0,0.107124,0.995696,logprobs,Alibaba
192,87,-155,0,0,0,0.067347,0.992397,logprobs,Alibaba
193,87,-153,0,0,0,0.119625,0.993728,logprobs,Alibaba
194,87,-151,0,0,0,0.349197,0.994318,logprobs,Alibaba
195,87,-149,0,0,0,0.29495,0.987779,logprobs,Alibaba
196,87,-147,0,0,0,0.409928,0.993523,logprobs,Alibaba
197,87,-145,0,0,0,0.1662,0.993353,logprobs,Alibaba
198,87,-143,0,0,0,0.37837,0.998229,logprobs,Alibaba
199,87,-141,0,0,0,0.321697,0.995932,logprobs,Alibaba
200,87,-139,0,0,1,0.50065,0.990766,logprobs,Alibaba
201,87,-137,0,0,0,0.164999,0.99748,logprobs,Alibaba
202,87,-135,0,0,0,0.223023,0.990195,logprobs,Alibaba
203,87,-133,0,0,0,0.183018,0.996504,logprobs,Alibaba
204,87,-131,0,0,0,0.10716,0.998461,logprobs,Alibaba
205,87,-129,0,0,0,0.148552,0.994115,logprobs,Alibaba
206,87,-127,0,0,0,0.067347,0.996216,logprobs,Alibaba
207,87,-125,0,0,0,0.095655,0.996018,logprobs,Alibaba
208,87,-123,0,0,0,0.076219,0.997894,logprobs,Alibaba
209,87,-121,0,0,0,0.377824,0.994521,logprobs,Alibaba
210,87,-119,0,0,1,0.531681,0.997777,logprobs,Alibaba
211,87,-117,0,0,1,0.73141,0.998877,logprobs,Alibaba
212,87,-115,0,0,1,0.680048,0.997097,logprobs,Alibaba
213,87,-113,0,0,1,0.798397,0.998684,logprobs,Alibaba
214,87,-111,0,0,1,0.798782,0.998806,logprobs,Alibaba
215,87,-109,0,0,1,0.731599,0.997277,logprobs,Alibaba
216,87,-107,0,0,1,0.706356,0.995922,logprobs,Alibaba
217,87,-105,0,0,1,0.652158,0.991271,logprobs,Alibaba
218,87,-103,0,0,1,0.732022,0.995892,logprobs,Alibaba
219,87,-101,0,0,1,0.778486,0.998179,logprobs,Alibaba
220,87,-99,0,0,1,0.593518,0.990225,logprobs,Alibaba
221,87,-97,0,0,1,0.62303,0.996903,logprobs,Alibaba
222,87,-95,0,0,0,0.408086,0.998432,logprobs,Alibaba
223,87,-93,0,0,0,0.246162,0.996436,logprobs,Alibaba
224,87,-91,0,0,0,0.164897,0.998168,logprobs,Alibaba
225,87,-89,0,0,0,0.148668,0.997932,logprobs,Alibaba
226,87,-87,0,0,0,0.183193,0.998204,logprobs,Alibaba
227,87,-85,0,0,0,0.223173,0.997319,logprobs,Alibaba
228,87,-83,0,0,0,0.294917,0.996498,logprobs,Alibaba
229,87,-81,0,0,0,0.269782,0.996816,logprobs,Alibaba
230,87,-79,0,0,0,0.245358,0.998138,logprobs,Alibaba
231,87,-77,0,0,0,0.408185,0.986436,logprobs,Alibaba
232,87,-75,0,0,0,0.202106,0.997457,logprobs,Alibaba
233,87,-73,0,0,1,0.679829,0.994146,logprobs,Alibaba
234,87,-71,0,0,0,0.408258,0.972814,logprobs,Alibaba
235,87,-69,0,0,1,0.564241,0.980913,logprobs,Alibaba
236,87,-67,0,0,0,0.294689,0.995536,logprobs,Alibaba
237,87,-65,0,0,0,0.11968,0.998328,logprobs,Alibaba
238,87,-63,0,0,0,0.133422,0.995595,logprobs,Alibaba
239,87,-61,0,0,0,0.164756,0.998959,logprobs,Alibaba
240,87,-59,0,0,0,0.223486,0.989977,logprobs,Alibaba
241,87,-57,0,0,0,0.148549,0.996775,logprobs,Alibaba
242,87,-55,0,0,0,0.223588,0.993625,logprobs,Alibaba
243,87,-53,0,0,0,0.269364,0.997253,logprobs,Alibaba
244,87,-51,0,0,0,0.321321,0.987548,logprobs,Alibaba
245,87,-49,0,0,0,0.133725,0.99548,logprobs,Alibaba
246,87,-47,0,0,0,0.380079,0.992272,logprobs,Alibaba
247,87,-45,0,0,0,0.134345,0.990614,logprobs,Alibaba
248,87,-43,0,0,0,0.223298,0.995024,logprobs,Alibaba
249,87,-41,0,0,0,0.246137,0.995792,logprobs,Alibaba
250,87,-39,0,0,0,0.349962,0.994537,logprobs,Alibaba
251,87,-37,0,0,0,0.14886,0.997766,logprobs,Alibaba
252,87,-35,0,0,0,0.165317,0.996025,logprobs,Alibaba
253,87,-33,0,0,0,0.297443,0.989768,logprobs,Alibaba
254,87,-31,0,0,0,0.148395,0.997611,logprobs,Alibaba
255,87,-29,0,0,0,0.183087,0.993138,logprobs,Alibaba
256,87,-27,0,0,0,0.181889,0.990278,logprobs,Alibaba
257,87,-25,0,0,0,0.183175,0.996459,logprobs,Alibaba
258,87,-23,0,0,1,0.563702,0.979381,logprobs,Alibaba
259,87,-21,0,0,0,0.43859,0.996323,logprobs,Alibaba
260,87,-19,0,0,0,0.321656,0.998711,logprobs,Alibaba
261,87,-17,0,0,0,0.349676,0.99627,logprobs,Alibaba
262,87,-15,0,0,1,0.62382,0.993524,logprobs,Alibaba
263,87,-13,0,0,1,0.532484,0.99666,logprobs,Alibaba
264,87,-11,0,0,0,0.469785,0.995983,logprobs,Alibaba
265,87,-9,0,0,0,0.469382,0.997426,logprobs,Alibaba
266,87,-7,0,0,0,0.321459,0.997772,logprobs,Alibaba
267,87,-5,0,0,1,0.501639,0.997017,logprobs,Alibaba
268,87,-3,0,0,1,0.679611,0.998484,logprobs,Alibaba
269,87,-1,0,0,1,0.679543,0.999063,logprobs,Alibaba
270,87,1,0,0,0,0.378908,0.979782,logprobs,Alibaba
271,87,3,0,0,1,0.531843,0.994524,logprobs,Alibaba
272,87,5,0,0,0,0.269545,0.980505,logprobs,Alibaba
273,87,7,0,0,0,0.469438,0.974891,logprobs,Alibaba
274,87,9,0,0,1,0.56275,0.994533,logprobs,Alibaba
275,87,11,0,0,0,0.438514,0.988305,logprobs,Alibaba
276,87,13,0,0,1,0.531458,0.998099,logprobs,Alibaba
277,87,15,0,0,1,0.679733,0.989817,logprobs,Alibaba
278,87,17,0,0,1,0.593577,0.996918,logprobs,Alibaba
279,87,19,0,0,0,0.377904,0.997664,logprobs,Alibaba
280,87,21,0,0,1,0.563228,0.997577,logprobs,Alibaba
281,87,23,0,0,1,0.778049,0.998312,logprobs,Alibaba
282,87,25,0,0,1,0.867101,0.998764,logprobs,Alibaba
283,87,27,0,0,1,0.881206,0.999094,logprobs,Alibaba
284,87,29,0,0,1,0.924231,0.999363,logprobs,Alibaba
285,87,31,0,0,1,0.867095,0.998391,logprobs,Alibaba
286,87,33,0,0,1,0.880894,0.999337,logprobs,Alibaba
287,87,35,0,0,1,0.798965,0.998586,logprobs,Alibaba
288,87,37,0,0,1,0.798368,0.998827,logprobs,Alibaba
289,87,39,0,0,1,0.852143,0.999219,logprobs,Alibaba
290,87,41,0,0,1,0.867144,0.999161,logprobs,Alibaba
291,87,43,0,0,1,0.867148,0.999268,logprobs,Alibaba
292,87,45,0,0,1,0.835655,0.998042,logprobs,Alibaba
293,87,47,0,0,1,0.817665,0.999036,logprobs,Alibaba
294,87,49,0,0,1,0.817647,0.999282,logprobs,Alibaba
295,87,51,0,0,1,0.817785,0.99917,logprobs,Alibaba
296,87,53,0,0,1,0.852077,0.999419,logprobs,Alibaba
297,87,55,0,0,1,0.651933,0.99745,logprobs,Alibaba
298,87,57,0,0,1,0.593294,0.996757,logprobs,Alibaba
299,87,59,0,0,1,0.731422,0.999014,logprobs,Alibaba
300,87,61,0,0,1,0.706252,0.998734,logprobs,Alibaba
301,87,63,0,0,1,0.623058,0.998474,logprobs,Alibaba
302,87,65,0,0,1,0.622877,0.997434,logprobs,Alibaba
303,87,67,0,0,1,0.562473,0.99427,logprobs,Alibaba
304,87,69,0,0,1,0.564241,0.99269,logprobs,Alibaba
305,87,71,0,0,0,0.438151,0.996381,logprobs,Alibaba
306,87,73,0,0,1,0.731363,0.998212,logprobs,Alibaba
307,87,75,0,0,1,0.562741,0.998291,logprobs,Alibaba
308,87,77,0,0,1,0.706332,0.996715,logprobs,Alibaba
309,87,79,0,0,1,0.562341,0.996147,logprobs,Alibaba
310,87,81,0,0,1,0.500869,0.988903,logprobs,Alibaba
311,87,83,0,0,1,0.679441,0.997147,logprobs,Alibaba
312,87,85,0,0,1,0.500418,0.997419,logprobs,Alibaba
313,87,87,0,0,0,0.378079,0.996386,logprobs,Alibaba
314,87,89,0,0,0,0.269251,0.995538,logprobs,Alibaba
315,87,91,0,0,0,0.438348,0.994148,logprobs,Alibaba
316,87,93,0,0,0,0.321186,0.995388,logprobs,Alibaba
317,87,95,0,0,0,0.321386,0.990634,logprobs,Alibaba
318,87,97,0,0,0,0.378007,0.994985,logprobs,Alibaba
319,87,99,0,0,1,0.562498,0.998555,logprobs,Alibaba
320,87,101,0,0,1,0.679585,0.998167,logprobs,Alibaba
321,87,103,0,0,1,0.6795,0.998026,logprobs,Alibaba
322,87,105,0,0,1,0.777589,0.999116,logprobs,Alibaba
323,87,107,0,0,1,0.531448,0.998863,logprobs,Alibaba
324,87,109,0,0,1,0.56298,0.997539,logprobs,Alibaba
325,87,111,0,0,1,0.622743,0.998703,logprobs,Alibaba
326,87,113,0,0,1,0.652023,0.998081,logprobs,Alibaba
327,87,115,0,0,0,0.469434,0.996178,logprobs,Alibaba
328,87,117,0,0,1,0.562397,0.997824,logprobs,Alibaba
329,87,119,0,0,1,0.531712,0.998041,logprobs,Alibaba
330,87,121,0,0,1,0.500607,0.993656,logprobs,Alibaba
331,87,123,0,0,0,0.294744,0.993166,logprobs,Alibaba
332,87,125,0,0,1,0.651753,0.996815,logprobs,Alibaba
333,87,127,0,0,1,0.531704,0.996394,logprobs,Alibaba
334,87,129,0,0,0,0.26934,0.979051,logprobs,Alibaba
335,87,131,0,0,0,0.29499,0.995389,logprobs,Alibaba
336,87,133,0,0,1,0.500547,0.994603,logprobs,Alibaba
337,87,135,0,0,0,0.245458,0.992887,logprobs,Alibaba
338,87,137,0,0,0,0.182931,0.99819,logprobs,Alibaba
339,87,139,0,0,0,0.269636,0.995172,logprobs,Alibaba
340,87,141,0,0,0,0.149104,0.996403,logprobs,Alibaba
341,87,143,0,0,0,0.1483,0.997022,logprobs,Alibaba
342,87,145,0,0,0,0.183541,0.995832,logprobs,Alibaba
343,87,147,0,0,0,0.182728,0.998218,logprobs,Alibaba
344,87,149,0,0,0,0.164942,0.998504,logprobs,Alibaba
345,87,151,0,0,0,0.24582,0.998446,logprobs,Alibaba
346,87,153,0,0,0,0.095687,0.998213,logprobs,Alibaba
347,87,155,0,0,0,0.148483,0.995448,logprobs,Alibaba
348,87,157,0,0,0,0.085444,0.998713,logprobs,Alibaba
349,87,159,0,0,0,0.095882,0.997718,logprobs,Alibaba
350,87,161,0,0,0,0.148341,0.996244,logprobs,Alibaba
351,87,163,0,0,0,0.10702,0.988807,logprobs,Alibaba
352,87,165,0,0,0,0.060311,0.996456,logprobs,Alibaba
353,87,167,0,0,0,0.042259,0.998787,logprobs,Alibaba
354,87,169,0,0,0,0.202259,0.992478,logprobs,Alibaba
355,87,171,0,0,0,0.060247,0.998857,logprobs,Alibaba
356,87,173,0,0,0,0.095655,0.998642,logprobs,Alibaba
357,87,175,0,0,0,0.042192,0.999158,logprobs,Alibaba
358,87,177,0,0,0,0.060394,0.998499,logprobs,Alibaba
359,87,179,0,0,0,0.076072,0.998961,logprobs,Alibaba
360,85,-179,0,0,0,0.060215,0.999451,logprobs,Alibaba
361,85,-177,0,0,0,0.042239,0.999446,logprobs,Alibaba
362,85,-175,0,0,0,0.0231,0.99952,logprobs,Alibaba
363,85,-173,0,0,0,0.037517,0.999322,logprobs,Alibaba
364,85,-171,0,0,0,0.033189,0.999267,logprobs,Alibaba
365,85,-169,0,0,0,0.047687,0.998567,logprobs,Alibaba
366,85,-167,0,0,0,0.075991,0.998492,logprobs,Alibaba
367,85,-165,0,0,0,0.037527,0.998989,logprobs,Alibaba
368,85,-163,0,0,0,0.060278,0.998178,logprobs,Alibaba
369,85,-161,0,0,0,0.060181,0.998274,logprobs,Alibaba
370,85,-159,0,0,0,0.053876,0.999006,logprobs,Alibaba
371,85,-157,0,0,0,0.107246,0.998882,logprobs,Alibaba
372,85,-155,0,0,0,0.096172,0.996883,logprobs,Alibaba
373,85,-153,0,0,0,0.067797,0.997238,logprobs,Alibaba
374,85,-151,0,0,0,0.13362,0.996612,logprobs,Alibaba
375,85,-149,0,0,0,0.349447,0.996625,logprobs,Alibaba
376,85,-147,0,0,0,0.438753,0.996992,logprobs,Alibaba
377,85,-145,0,0,0,0.107074,0.996342,logprobs,Alibaba
378,85,-143,0,0,0,0.165826,0.992805,logprobs,Alibaba
379,85,-141,0,0,0,0.469833,0.990041,logprobs,Alibaba
380,85,-139,0,0,0,0.37832,0.995798,logprobs,Alibaba
381,85,-137,0,0,0,0.223711,0.996662,logprobs,Alibaba
382,85,-135,0,0,0,0.269597,0.995579,logprobs,Alibaba
383,85,-133,0,0,0,0.269554,0.994512,logprobs,Alibaba
384,85,-131,0,0,0,0.148553,0.998735,logprobs,Alibaba
385,85,-129,0,0,0,0.133638,0.998355,logprobs,Alibaba
386,85,-127,0,0,0,0.060207,0.998801,logprobs,Alibaba
387,85,-125,0,0,0,0.106388,0.989094,logprobs,Alibaba
388,85,-123,0,0,0,0.133123,0.998824,logprobs,Alibaba
389,85,-121,0,0,0,0.469136,0.998671,logprobs,Alibaba
390,85,-119,0,0,1,0.593294,0.998899,logprobs,Alibaba
391,85,-117,0,0,1,0.533882,0.99733,logprobs,Alibaba
392,85,-115,0,0,1,0.652111,0.998194,logprobs,Alibaba
393,85,-113,0,0,1,0.680528,0.997454,logprobs,Alibaba
394,85,-111,0,0,1,0.777865,0.998643,logprobs,Alibaba
395,85,-109,0,0,1,0.818211,0.998874,logprobs,Alibaba
396,85,-107,0,0,1,0.652453,0.997319,logprobs,Alibaba
397,85,-105,0,0,1,0.755412,0.991321,logprobs,Alibaba
398,85,-103,0,0,1,0.852236,0.999066,logprobs,Alibaba
399,85,-101,0,0,1,0.706356,0.998178,logprobs,Alibaba
400,85,-99,0,0,1,0.731369,0.996776,logprobs,Alibaba
401,85,-97,0,0,1,0.622767,0.998292,logprobs,Alibaba
402,85,-95,0,0,0,0.27082,0.996189,logprobs,Alibaba
403,85,-93,0,0,0,0.407764,0.990366,logprobs,Alibaba
404,85,-91,0,0,0,0.202459,0.997893,logprobs,Alibaba
405,85,-89,0,0,0,0.223388,0.994904,logprobs,Alibaba
406,85,-87,0,0,0,0.321321,0.995992,logprobs,Alibaba
407,85,-85,0,0,0,0.223122,0.994393,logprobs,Alibaba
408,85,-83,0,0,0,0.438548,0.996339,logprobs,Alibaba
409,85,-81,0,0,0,0.321938,0.982824,logprobs,Alibaba
410,85,-79,0,0,0,0.407763,0.997981,logprobs,Alibaba
411,85,-77,0,0,0,0.295103,0.992818,logprobs,Alibaba
412,85,-75,0,0,0,0.24574,0.997927,logprobs,Alibaba
413,85,-73,0,0,1,0.593064,0.998929,logprobs,Alibaba
414,85,-71,0,0,0,0.378903,0.979891,logprobs,Alibaba
415,85,-69,0,0,0,0.295968,0.988003,logprobs,Alibaba
416,85,-67,0,0,0,0.32159,0.995973,logprobs,Alibaba
417,85,-65,0,0,0,0.202258,0.996938,logprobs,Alibaba
418,85,-63,0,0,0,0.183186,0.995991,logprobs,Alibaba
419,85,-61,0,0,0,0.202305,0.997505,logprobs,Alibaba
420,85,-59,0,0,0,0.202634,0.997864,logprobs,Alibaba
421,85,-57,0,0,0,0.202457,0.996148,logprobs,Alibaba
422,85,-55,0,0,0,0.202457,0.997396,logprobs,Alibaba
423,85,-53,0,0,0,0.269308,0.992691,logprobs,Alibaba
424,85,-51,0,0,0,0.378525,0.977288,logprobs,Alibaba
425,85,-49,0,0,0,0.223837,0.995571,logprobs,Alibaba
426,85,-47,0,0,0,0.408188,0.996946,logprobs,Alibaba
427,85,-45,0,0,0,0.295048,0.975008,logprobs,Alibaba
428,85,-43,0,0,0,0.202622,0.994367,logprobs,Alibaba
429,85,-41,0,0,0,0.085752,0.997442,logprobs,Alibaba
430,85,-39,0,0,0,0.076216,0.999044,logprobs,Alibaba
431,85,-37,0,0,0,0.076664,0.998913,logprobs,Alibaba
432,85,-35,0,0,0,0.134527,0.995472,logprobs,Alibaba
433,85,-33,0,0,0,0.202644,0.997781,logprobs,Alibaba
434,85,-31,0,0,0,0.076699,0.996301,logprobs,Alibaba
435,85,-29,0,0,0,0.224163,0.99687,logprobs,Alibaba
436,85,-27,0,0,0,0.269727,0.991245,logprobs,Alibaba
437,85,-25,0,0,0,0.349539,0.990867,logprobs,Alibaba
438,85,-23,0,0,1,0.594691,0.992999,logprobs,Alibaba
439,85,-21,0,0,0,0.378047,0.996699,logprobs,Alibaba
440,85,-19,0,0,0,0.32244,0.997737,logprobs,Alibaba
441,85,-17,0,0,0,0.471829,0.986057,logprobs,Alibaba
442,85,-15,0,0,0,0.269636,0.996175,logprobs,Alibaba
443,85,-13,0,0,0,0.469672,0.99511,logprobs,Alibaba
444,85,-11,0,0,1,0.53213,0.992393,logprobs,Alibaba
445,85,-9,0,0,0,0.438692,0.996744,logprobs,Alibaba
446,85,-7,0,0,1,0.593331,0.998687,logprobs,Alibaba
447,85,-5,0,0,0,0.294753,0.998283,logprobs,Alibaba
448,85,-3,0,0,1,0.622886,0.999096,logprobs,Alibaba
449,85,-1,0,0,1,0.65221,0.999044,logprobs,Alibaba
450,85,1,0,0,1,0.500473,0.98956,logprobs,Alibaba
451,85,3,0,0,1,0.592917,0.976262,logprobs,Alibaba
452,85,5,0,0,0,0.349435,0.995413,logprobs,Alibaba
453,85,7,0,0,0,0.407737,0.994797,logprobs,Alibaba
454,85,9,0,0,0,0.349189,0.99643,logprobs,Alibaba
455,85,11,0,0,0,0.469227,0.998348,logprobs,Alibaba
456,85,13,0,0,1,0.500307,0.998677,logprobs,Alibaba
457,85,15,0,0,1,0.777536,0.998958,logprobs,Alibaba
458,85,17,0,0,1,0.623242,0.998567,logprobs,Alibaba
459,85,19,0,0,1,0.623442,0.998777,logprobs,Alibaba
460,85,21,0,0,1,0.679424,0.998158,logprobs,Alibaba
461,85,23,0,0,1,0.777776,0.998451,logprobs,Alibaba
462,85,25,0,0,1,0.79863,0.998628,logprobs,Alibaba
463,85,27,0,0,1,0.852299,0.99851,logprobs,Alibaba
464,85,29,0,0,1,0.88111,0.999104,logprobs,Alibaba
465,85,31,0,0,1,0.86715,0.99912,logprobs,Alibaba
466,85,33,0,0,1,0.924174,0.999579,logprobs,Alibaba
467,85,35,0,0,1,0.904713,0.999584,logprobs,Alibaba
468,85,37,0,0,1,0.817714,0.999213,logprobs,Alibaba
469,85,39,0,0,1,0.817891,0.999228,logprobs,Alibaba
470,85,41,0,0,1,0.852044,0.999434,logprobs,Alibaba
471,85,43,0,0,1,0.835632,0.999219,logprobs,Alibaba
472,85,45,0,0,1,0.679678,0.996576,logprobs,Alibaba
473,85,47,0,0,1,0.817748,0.99929,logprobs,Alibaba
474,85,49,0,0,1,0.835663,0.999273,logprobs,Alibaba
475,85,51,0,0,1,0.755288,0.998756,logprobs,Alibaba
476,85,53,0,0,1,0.705976,0.999145,logprobs,Alibaba
477,85,55,0,0,1,0.731281,0.998937,logprobs,Alibaba
478,85,57,0,0,1,0.59309,0.998618,logprobs,Alibaba
479,85,59,0,0,1,0.651563,0.999255,logprobs,Alibaba
480,85,61,0,0,1,0.67955,0.998847,logprobs,Alibaba
481,85,63,0,0,1,0.593373,0.998398,logprobs,Alibaba
482,85,65,0,0,1,0.622879,0.998205,logprobs,Alibaba
483,85,67,0,0,0,0.438854,0.997311,logprobs,Alibaba
484,85,69,0,0,1,0.500426,0.997236,logprobs,Alibaba
485,85,71,0,0,0,0.407791,0.997044,logprobs,Alibaba
486,85,73,0,0,1,0.562563,0.998112,logprobs,Alibaba
487,85,75,0,0,0,0.438166,0.998415,logprobs,Alibaba
488,85,77,0,0,1,0.593187,0.998356,logprobs,Alibaba
489,85,79,0,0,1,0.593281,0.996368,logprobs,Alibaba
490,85,81,0,0,0,0.469136,0.997229,logprobs,Alibaba
491,85,83,0,0,1,0.500308,0.995623,logprobs,Alibaba
492,85,85,0,0,1,0.562513,0.997441,logprobs,Alibaba
493,85,87,0,0,0,0.438075,0.995152,logprobs,Alibaba
494,85,89,0,0,1,0.500496,0.976753,logprobs,Alibaba
495,85,91,0,0,0,0.294692,0.995965,logprobs,Alibaba
496,85,93,0,0,0,0.378908,0.993386,logprobs,Alibaba
497,85,95,0,0,0,0.202035,0.997607,logprobs,Alibaba
498,85,97,0,0,0,0.348825,0.996401,logprobs,Alibaba
499,85,99,0,0,1,0.706252,0.998533,logprobs,Alibaba
500,85,101,0,0,0,0.377852,0.998836,logprobs,Alibaba
501,85,103,0,0,1,0.593265,0.997817,logprobs,Alibaba
502,85,105,0,0,1,0.65169,0.998837,logprobs,Alibaba
503,85,107,0,0,0,0.469262,0.998482,logprobs,Alibaba
504,85,109,0,0,1,0.562465,0.998787,logprobs,Alibaba
505,85,111,0,0,1,0.706079,0.998859,logprobs,Alibaba
506,85,113,0,0,1,0.679398,0.999142,logprobs,Alibaba
507,85,115,0,0,0,0.469234,0.998593,logprobs,Alibaba
508,85,117,0,0,0,0.469097,0.998429,logprobs,Alibaba
509,85,119,0,0,0,0.321352,0.997901,logprobs,Alibaba
510,85,121,0,0,0,0.378545,0.998836,logprobs,Alibaba
511,85,123,0,0,0,0.148276,0.999089,logprobs,Alibaba
512,85,125,0,0,0,0.377912,0.998706,logprobs,Alibaba
513,85,127,0,0,0,0.202461,0.99712,logprobs,Alibaba
514,85,129,0,0,0,0.202231,0.998398,logprobs,Alibaba
515,85,131,0,0,0,0.10702,0.999148,logprobs,Alibaba
516,85,133,0,0,0,0.378678,0.995484,logprobs,Alibaba
517,85,135,0,0,0,0.133245,0.996308,logprobs,Alibaba
518,85,137,0,0,0,0.183147,0.995418,logprobs,Alibaba
519,85,139,0,0,0,0.133325,0.998755,logprobs,Alibaba
520,85,141,0,0,0,0.067821,0.998716,logprobs,Alibaba
521,85,143,0,0,0,0.107073,0.998406,logprobs,Alibaba
522,85,145,0,0,0,0.119459,0.999049,logprobs,Alibaba
523,85,147,0,0,0,0.095692,0.998837,logprobs,Alibaba
524,85,149,0,0,0,0.148191,0.998548,logprobs,Alibaba
525,85,151,0,0,0,0.182669,0.998796,logprobs,Alibaba
526,85,153,0,0,0,0.053769,0.99913,logprobs,Alibaba
527,85,155,0,0,0,0.107246,0.996984,logprobs,Alibaba
528,85,157,0,0,0,0.018064,0.999609,logprobs,Alibaba
529,85,159,0,0,0,0.067868,0.998649,logprobs,Alibaba
530,85,161,0,0,0,0.076127,0.996869,logprobs,Alibaba
531,85,163,0,0,0,0.076949,0.996882,logprobs,Alibaba
532,85,165,0,0,0,0.029264,0.99888,logprobs,Alibaba
533,85,167,0,0,0,0.042302,0.999364,logprobs,Alibaba
534,85,169,0,0,0,0.042379,0.999254,logprobs,Alibaba
535,85,171,0,0,0,0.047569,0.999329,logprobs,Alibaba
536,85,173,0,0,0,0.053707,0.999046,logprobs,Alibaba
537,85,175,0,0,0,0.026017,0.998585,logprobs,Alibaba
538,85,177,0,0,0,0.01594,0.999379,logprobs,Alibaba
539,85,179,0,0,0,0.053484,0.999474,logprobs,Alibaba
540,83,-179,0,0,0,0.047799,0.999496,logprobs,Alibaba
541,83,-177,0,0,0,0.033218,0.999526,logprobs,Alibaba
542,83,-175,0,0,0,0.026043,0.999636,logprobs,Alibaba
543,83,-173,0,0,0,0.067716,0.999109,logprobs,Alibaba
544,83,-171,0,0,0,0.042474,0.99891,logprobs,Alibaba
545,83,-169,0,0,0,0.085608,0.998496,logprobs,Alibaba
546,83,-167,0,0,0,0.053813,0.997489,logprobs,Alibaba
547,83,-165,0,0,0,0.149981,0.998059,logprobs,Alibaba
548,83,-163,0,0,0,0.119741,0.998737,logprobs,Alibaba
549,83,-161,0,0,0,0.224573,0.997812,logprobs,Alibaba
550,83,-159,0,0,0,0.085797,0.998528,logprobs,Alibaba
551,83,-157,0,0,0,0.085667,0.998471,logprobs,Alibaba
552,83,-155,0,0,0,0.18404,0.998325,logprobs,Alibaba
553,83,-153,0,0,0,0.164942,0.998838,logprobs,Alibaba
554,83,-151,0,0,1,0.732064,0.997485,logprobs,Alibaba
555,83,-149,0,0,1,0.867148,0.999487,logprobs,Alibaba
556,83,-147,0,0,1,0.593418,0.99915,logprobs,Alibaba
557,83,-145,0,0,0,0.269834,0.995373,logprobs,Alibaba
558,83,-143,0,0,1,0.62382,0.998892,logprobs,Alibaba
559,83,-141,0,0,0,0.470842,0.995003,logprobs,Alibaba
560,83,-139,0,0,0,0.471166,0.998805,logprobs,Alibaba
561,83,-137,0,0,1,0.563086,0.997783,logprobs,Alibaba
562,83,-135,0,0,0,0.408185,0.998175,logprobs,Alibaba
563,83,-133,0,0,0,0.349447,0.997847,logprobs,Alibaba
564,83,-131,0,0,0,0.119743,0.99892,logprobs,Alibaba
565,83,-129,0,0,0,0.269727,0.998679,logprobs,Alibaba
566,83,-127,0,0,0,0.119879,0.997704,logprobs,Alibaba
567,83,-125,0,0,0,0.053607,0.998297,logprobs,Alibaba
568,83,-123,0,0,0,0.095738,0.998419,logprobs,Alibaba
569,83,-121,0,0,0,0.349236,0.996628,logprobs,Alibaba
570,83,-119,0,0,0,0.378744,0.996304,logprobs,Alibaba
571,83,-117,0,0,1,0.532051,0.995176,logprobs,Alibaba
572,83,-115,0,0,1,0.731415,0.997512,logprobs,Alibaba
573,83,-113,0,0,1,0.708312,0.996816,logprobs,Alibaba
574,83,-111,0,0,1,0.77774,0.99811,logprobs,Alibaba
575,83,-109,0,0,1,0.707606,0.998588,logprobs,Alibaba
576,83,-107,0,0,1,0.594957,0.990074,logprobs,Alibaba
577,83,-105,0,0,1,0.679528,0.996667,logprobs,Alibaba
578,83,-103,0,0,1,0.680122,0.994731,logprobs,Alibaba
579,83,-101,0,0,1,0.652096,0.994372,logprobs,Alibaba
580,83,-99,0,0,1,0.53213,0.986093,logprobs,Alibaba
581,83,-97,0,0,1,0.501776,0.991687,logprobs,Alibaba
582,83,-95,0,0,0,0.148553,0.997641,logprobs,Alibaba
583,83,-93,0,0,0,0.245923,0.990317,logprobs,Alibaba
584,83,-91,0,0,0,0.245827,0.995989,logprobs,Alibaba
585,83,-89,0,0,0,0.439651,0.9886,logprobs,Alibaba
586,83,-87,0,0,0,0.107177,0.998606,logprobs,Alibaba
587,83,-85,0,0,0,0.350814,0.986596,logprobs,Alibaba
588,83,-83,0,0,0,0.469371,0.992947,logprobs,Alibaba
589,83,-81,0,0,0,0.469785,0.978753,logprobs,Alibaba
590,83,-79,0,0,0,0.321593,0.998904,logprobs,Alibaba
591,83,-77,1,1,0,0.34963,0.995627,logprobs,Alibaba
592,83,-75,1,1,0,0.22301,0.995921,logprobs,Alibaba
593,83,-73,1,1,1,0.623398,0.977814,logprobs,Alibaba
594,83,-71,1,1,1,0.563367,0.993443,logprobs,Alibaba
595,83,-69,1,1,0,0.294579,0.994582,logprobs,Alibaba
596,83,-67,0,0,0,0.321941,0.997324,logprobs,Alibaba
597,83,-65,0,0,0,0.269529,0.998745,logprobs,Alibaba
598,83,-63,0,0,0,0.245665,0.997639,logprobs,Alibaba
599,83,-61,0,0,0,0.269607,0.996812,logprobs,Alibaba
600,83,-59,0,0,0,0.269554,0.997767,logprobs,Alibaba
601,83,-57,0,0,0,0.223588,0.998866,logprobs,Alibaba
602,83,-55,0,0,0,0.349174,0.997438,logprobs,Alibaba
603,83,-53,0,0,0,0.40838,0.993287,logprobs,Alibaba
604,83,-51,0,0,1,0.623477,0.992251,logprobs,Alibaba
605,83,-49,0,0,0,0.321242,0.994352,logprobs,Alibaba
606,83,-47,0,0,0,0.438434,0.99082,logprobs,Alibaba
607,83,-45,1,1,0,0.245535,0.994624,logprobs,Alibaba
608,83,-43,1,1,0,0.202875,0.997427,logprobs,Alibaba
609,83,-41,1,1,0,0.322446,0.994557,logprobs,Alibaba
610,83,-39,1,1,1,0.532042,0.986305,logprobs,Alibaba
611,83,-37,1,1,0,0.381211,0.996928,logprobs,Alibaba
612,83,-35,1,1,0,0.182888,0.997826,logprobs,Alibaba
613,83,-33,0,0,0,0.37841,0.993749,logprobs,Alibaba
614,83,-31,1,1,0,0.166951,0.997403,logprobs,Alibaba
615,83,-29,1,1,0,0.165066,0.998547,logprobs,Alibaba
616,83,-27,1,1,0,0.18404,0.998869,logprobs,Alibaba
617,83,-25,1,1,0,0.246401,0.997737,logprobs,Alibaba
618,83,-23,0,0,1,0.777826,0.996595,logprobs,Alibaba
619,83,-21,0,0,1,0.50227,0.983607,logprobs,Alibaba
620,83,-19,0,0,0,0.322252,0.998388,logprobs,Alibaba
621,83,-17,0,0,0,0.34976,0.998111,logprobs,Alibaba
622,83,-15,0,0,0,0.271346,0.993667,logprobs,Alibaba
623,83,-13,0,0,0,0.408518,0.995378,logprobs,Alibaba
624,83,-11,0,0,0,0.322894,0.996768,logprobs,Alibaba
625,83,-9,0,0,0,0.246019,0.997125,logprobs,Alibaba
626,83,-7,0,0,0,0.378229,0.997215,logprobs,Alibaba
627,83,-5,0,0,0,0.223095,0.997406,logprobs,Alibaba
628,83,-3,0,0,0,0.379083,0.995469,logprobs,Alibaba
629,83,-1,0,0,1,0.563924,0.998337,logprobs,Alibaba
630,83,1,0,0,0,0.22324,0.995113,logprobs,Alibaba
631,83,3,0,0,0,0.32149,0.99225,logprobs,Alibaba
632,83,5,0,0,0,0.246641,0.996196,logprobs,Alibaba
633,83,7,0,0,0,0.349164,0.997395,logprobs,Alibaba
634,83,9,0,0,0,0.321695,0.997066,logprobs,Alibaba
635,83,11,0,0,0,0.294862,0.99873,logprobs,Alibaba
636,83,13,0,0,0,0.34989,0.998177,logprobs,Alibaba
637,83,15,0,0,1,0.562642,0.996879,logprobs,Alibaba
638,83,17,0,0,1,0.531805,0.996968,logprobs,Alibaba
639,83,19,0,0,0,0.269952,0.998818,logprobs,Alibaba
640,83,21,0,0,0,0.43925,0.997611,logprobs,Alibaba
641,83,23,0,0,1,0.652261,0.997411,logprobs,Alibaba
642,83,25,0,0,1,0.706614,0.996071,logprobs,Alibaba
643,83,27,0,0,1,0.777703,0.99665,logprobs,Alibaba
644,83,29,0,0,1,0.881017,0.998889,logprobs,Alibaba
645,83,31,0,0,1,0.893383,0.998943,logprobs,Alibaba
646,83,33,0,0,1,0.777583,0.998871,logprobs,Alibaba
647,83,35,0,0,1,0.651842,0.997897,logprobs,Alibaba
648,83,37,0,0,1,0.593387,0.997904,logprobs,Alibaba
649,83,39,0,0,1,0.623191,0.998487,logprobs,Alibaba
650,83,41,0,0,1,0.706124,0.998852,logprobs,Alibaba
651,83,43,0,0,1,0.731671,0.996909,logprobs,Alibaba
652,83,45,0,0,1,0.62283,0.996872,logprobs,Alibaba
653,83,47,0,0,1,0.680293,0.997837,logprobs,Alibaba
654,83,49,0,0,1,0.755211,0.998869,logprobs,Alibaba
655,83,51,0,0,1,0.731645,0.998118,logprobs,Alibaba
656,83,53,0,0,1,0.622846,0.998537,logprobs,Alibaba
657,83,55,0,0,0,0.469479,0.997979,logprobs,Alibaba
658,83,57,0,0,1,0.500466,0.998774,logprobs,Alibaba
659,83,59,0,0,0,0.438165,0.998289,logprobs,Alibaba
660,83,61,0,0,1,0.623021,0.997898,logprobs,Alibaba
661,83,63,0,0,1,0.500186,0.999034,logprobs,Alibaba
662,83,65,0,0,0,0.469711,0.996327,logprobs,Alibaba
663,83,67,0,0,1,0.500582,0.997552,logprobs,Alibaba
664,83,69,0,0,0,0.439444,0.99811,logprobs,Alibaba
665,83,71,0,0,0,0.294608,0.998631,logprobs,Alibaba
666,83,73,0,0,1,0.531927,0.996915,logprobs,Alibaba
667,83,75,0,0,0,0.378365,0.997872,logprobs,Alibaba
668,83,77,0,0,0,0.469669,0.997838,logprobs,Alibaba
669,83,79,0,0,1,0.500339,0.998203,logprobs,Alibaba
670,83,81,0,0,0,0.349135,0.995972,logprobs,Alibaba
671,83,83,0,0,0,0.08549,0.998375,logprobs,Alibaba
672,83,85,0,0,0,0.119045,0.997433,logprobs,Alibaba
673,83,87,0,0,0,0.321319,0.997252,logprobs,Alibaba
674,83,89,0,0,0,0.245594,0.997028,logprobs,Alibaba
675,83,91,0,0,0,0.223388,0.998516,logprobs,Alibaba
676,83,93,0,0,0,0.183529,0.997272,logprobs,Alibaba
677,83,95,0,0,0,0.076133,0.998665,logprobs,Alibaba
678,83,97,0,0,0,0.378139,0.995342,logprobs,Alibaba
679,83,99,0,0,1,0.562608,0.997604,logprobs,Alibaba
680,83,101,0,0,0,0.407731,0.996227,logprobs,Alibaba
681,83,103,0,0,1,0.593471,0.993606,logprobs,Alibaba
682,83,105,0,0,1,0.562974,0.973568,logprobs,Alibaba
683,83,107,0,0,0,0.469674,0.997661,logprobs,Alibaba
684,83,109,0,0,0,0.438686,0.998124,logprobs,Alibaba
685,83,111,0,0,1,0.562683,0.997935,logprobs,Alibaba
686,83,113,0,0,1,0.706672,0.997899,logprobs,Alibaba
687,83,115,0,0,0,0.407848,0.995834,logprobs,Alibaba
688,83,117,0,0,0,0.321627,0.99142,logprobs,Alibaba
689,83,119,0,0,0,0.378257,0.997789,logprobs,Alibaba
690,83,121,0,0,0,0.43829,0.997036,logprobs,Alibaba
691,83,123,0,0,0,0.165681,0.996077,logprobs,Alibaba
692,83,125,0,0,0,0.295395,0.997615,logprobs,Alibaba
693,83,127,0,0,0,0.349257,0.997555,logprobs,Alibaba
694,83,129,0,0,0,0.409361,0.998589,logprobs,Alibaba
695,83,131,0,0,0,0.245702,0.998345,logprobs,Alibaba
696,83,133,0,0,1,0.562519,0.999055,logprobs,Alibaba
697,83,135,0,0,0,0.379523,0.997243,logprobs,Alibaba
698,83,137,0,0,0,0.321291,0.997498,logprobs,Alibaba
699,83,139,0,0,0,0.095867,0.99889,logprobs,Alibaba
700,83,141,0,0,0,0.224772,0.996186,logprobs,Alibaba
701,83,143,0,0,0,0.245923,0.99869,logprobs,Alibaba
702,83,145,0,0,0,0.119896,0.997936,logprobs,Alibaba
703,83,147,0,0,0,0.349103,0.997783,logprobs,Alibaba
704,83,149,0,0,0,0.349887,0.997664,logprobs,Alibaba
705,83,151,0,0,0,0.11949,0.998946,logprobs,Alibaba
706,83,153,0,0,0,0.076018,0.998884,logprobs,Alibaba
707,83,155,0,0,0,0.164947,0.998063,logprobs,Alibaba
708,83,157,0,0,0,0.033244,0.999417,logprobs,Alibaba
709,83,159,0,0,0,0.076219,0.999187,logprobs,Alibaba
710,83,161,0,0,0,0.148541,0.996662,logprobs,Alibaba
711,83,163,0,0,0,0.165651,0.997756,logprobs,Alibaba
712,83,165,0,0,0,0.085608,0.99879,logprobs,Alibaba
713,83,167,0,0,0,0.060491,0.998956,logprobs,Alibaba
714,83,169,0,0,0,0.182768,0.995296,logprobs,Alibaba
715,83,171,0,0,0,0.1077,0.998938,logprobs,Alibaba
716,83,173,0,0,0,0.086759,0.99657,logprobs,Alibaba
717,83,175,0,0,0,0.029459,0.999151,logprobs,Alibaba
718,83,177,0,0,0,0.047508,0.999357,logprobs,Alibaba
719,83,179,0,0,0,0.037417,0.999505,logprobs,Alibaba
720,81,-179,0,0,0,0.076096,0.999302,logprobs,Alibaba
721,81,-177,0,0,0,0.03748,0.999395,logprobs,Alibaba
722,81,-175,0,0,0,0.029506,0.999437,logprobs,Alibaba
723,81,-173,0,0,0,0.076133,0.999021,logprobs,Alibaba
724,81,-171,0,0,0,0.067905,0.999004,logprobs,Alibaba
725,81,-169,0,0,0,0.085404,0.997048,logprobs,Alibaba
726,81,-167,0,0,0,0.107125,0.99545,logprobs,Alibaba
727,81,-165,0,0,0,0.202644,0.993646,logprobs,Alibaba
728,81,-163,0,0,0,0.183025,0.997495,logprobs,Alibaba
729,81,-161,0,0,0,0.408086,0.998654,logprobs,Alibaba
730,81,-159,0,0,0,0.119486,0.99631,logprobs,Alibaba
731,81,-157,0,0,0,0.148215,0.999047,logprobs,Alibaba
732,81,-155,0,0,0,0.408088,0.998583,logprobs,Alibaba
733,81,-153,0,0,0,0.378233,0.994282,logprobs,Alibaba
734,81,-151,0,0,1,0.651719,0.997368,logprobs,Alibaba
735,81,-149,0,0,1,0.777756,0.998437,logprobs,Alibaba
736,81,-147,0,0,1,0.836027,0.999368,logprobs,Alibaba
737,81,-145,0,0,1,0.501002,0.994414,logprobs,Alibaba
738,81,-143,0,0,1,0.77772,0.999312,logprobs,Alibaba
739,81,-141,0,0,0,0.438627,0.996437,logprobs,Alibaba
740,81,-139,0,0,1,0.705967,0.998986,logprobs,Alibaba
741,81,-137,0,0,1,0.65175,0.991542,logprobs,Alibaba
742,81,-135,0,0,1,0.563702,0.996487,logprobs,Alibaba
743,81,-133,0,0,1,0.623151,0.99881,logprobs,Alibaba
744,81,-131,0,0,0,0.245483,0.997963,logprobs,Alibaba
745,81,-129,0,0,0,0.349447,0.997884,logprobs,Alibaba
746,81,-127,0,0,0,0.349809,0.989059,logprobs,Alibaba
747,81,-125,0,0,0,0.202855,0.977451,logprobs,Alibaba
748,81,-123,0,0,0,0.349451,0.986732,logprobs,Alibaba
749,81,-121,0,0,0,0.407961,0.996384,logprobs,Alibaba
750,81,-119,0,0,1,0.679903,0.998904,logprobs,Alibaba
751,81,-117,0,0,1,0.652732,0.99688,logprobs,Alibaba
752,81,-115,0,0,1,0.622952,0.987461,logprobs,Alibaba
753,81,-113,0,0,1,0.777663,0.994886,logprobs,Alibaba
754,81,-111,0,0,1,0.70623,0.995795,logprobs,Alibaba
755,81,-109,0,0,1,0.680048,0.99499,logprobs,Alibaba
756,81,-107,0,0,1,0.594323,0.997318,logprobs,Alibaba
757,81,-105,0,0,1,0.651621,0.993813,logprobs,Alibaba
758,81,-103,0,0,1,0.755519,0.99435,logprobs,Alibaba
759,81,-101,0,0,1,0.532149,0.992935,logprobs,Alibaba
760,81,-99,0,0,1,0.7317,0.995262,logprobs,Alibaba
761,81,-97,0,0,0,0.438876,0.987082,logprobs,Alibaba
762,81,-95,1,1,0,0.223243,0.995168,logprobs,Alibaba
763,81,-93,1,1,0,0.349132,0.993951,logprobs,Alibaba
764,81,-91,0,0,0,0.095967,0.998101,logprobs,Alibaba
765,81,-89,0,0,1,0.500528,0.984,logprobs,Alibaba
766,81,-87,0,0,0,0.24556,0.996845,logprobs,Alibaba
767,81,-85,1,1,0,0.295158,0.994156,logprobs,Alibaba
768,81,-83,1,1,0,0.380411,0.992448,logprobs,Alibaba
769,81,-81,1,1,0,0.377829,0.996906,logprobs,Alibaba
770,81,-79,0,0,0,0.469566,0.998308,logprobs,Alibaba
771,81,-77,1,1,0,0.202875,0.997367,logprobs,Alibaba
772,81,-75,1,1,0,0.245887,0.995983,logprobs,Alibaba
773,81,-73,1,1,1,0.67956,0.991705,logprobs,Alibaba
774,81,-71,1,1,0,0.349498,0.983689,logprobs,Alibaba
775,81,-69,1,1,0,0.438748,0.983664,logprobs,Alibaba
776,81,-67,1,1,0,0.349485,0.983761,logprobs,Alibaba
777,81,-65,0,0,0,0.18384,0.997693,logprobs,Alibaba
778,81,-63,1,1,0,0.24551,0.991145,logprobs,Alibaba
779,81,-61,1,1,0,0.269529,0.99468,logprobs,Alibaba
780,81,-59,1,1,0,0.223588,0.992238,logprobs,Alibaba
781,81,-57,1,1,0,0.271057,0.994328,logprobs,Alibaba
782,81,-55,1,1,0,0.377928,0.992351,logprobs,Alibaba
783,81,-53,1,1,0,0.40857,0.990422,logprobs,Alibaba
784,81,-51,1,1,0,0.469425,0.982941,logprobs,Alibaba
785,81,-49,1,1,0,0.349515,0.992621,logprobs,Alibaba
786,81,-47,1,1,1,0.564411,0.994763,logprobs,Alibaba
787,81,-45,1,1,0,0.349673,0.988523,logprobs,Alibaba
788,81,-43,1,1,0,0.470239,0.994605,logprobs,Alibaba
789,81,-41,1,1,0,0.29516,0.988848,logprobs,Alibaba
790,81,-39,1,1,0,0.269955,0.988543,logprobs,Alibaba
791,81,-37,1,1,0,0.297071,0.994934,logprobs,Alibaba
792,81,-35,1,1,0,0.067857,0.998353,logprobs,Alibaba
793,81,-33,1,1,0,0.324154,0.995353,logprobs,Alibaba
794,81,-31,1,1,0,0.223588,0.997328,logprobs,Alibaba
795,81,-29,1,1,0,0.270086,0.995963,logprobs,Alibaba
796,81,-27,1,1,0,0.295158,0.99769,logprobs,Alibaba
797,81,-25,1,1,0,0.349558,0.987009,logprobs,Alibaba
798,81,-23,1,1,1,0.624072,0.993912,logprobs,Alibaba
799,81,-21,1,1,1,0.532051,0.990046,logprobs,Alibaba
800,81,-19,1,1,0,0.439157,0.998655,logprobs,Alibaba
801,81,-17,1,1,0,0.438937,0.995403,logprobs,Alibaba
802,81,-15,1,1,0,0.407932,0.9968,logprobs,Alibaba
803,81,-13,0,0,1,0.563206,0.995155,logprobs,Alibaba
804,81,-11,0,0,0,0.470239,0.996081,logprobs,Alibaba
805,81,-9,0,0,0,0.245566,0.9977,logprobs,Alibaba
806,81,-7,0,0,0,0.407713,0.998911,logprobs,Alibaba
807,81,-5,0,0,0,0.321351,0.998751,logprobs,Alibaba
808,81,-3,0,0,1,0.705991,0.99885,logprobs,Alibaba
809,81,-1,0,0,1,0.679535,0.999044,logprobs,Alibaba
810,81,1,0,0,0,0.321527,0.991099,logprobs,Alibaba
811,81,3,0,0,1,0.622836,0.998309,logprobs,Alibaba
812,81,5,0,0,0,0.26978,0.992377,logprobs,Alibaba
813,81,7,0,0,0,0.407654,0.995123,logprobs,Alibaba
814,81,9,0,0,0,0.377979,0.997518,logprobs,Alibaba
815,81,11,0,0,0,0.469292,0.997368,logprobs,Alibaba
816,81,13,0,0,1,0.50128,0.9984,logprobs,Alibaba
817,81,15,0,0,0,0.438766,0.997934,logprobs,Alibaba
818,81,17,0,0,1,0.679949,0.998401,logprobs,Alibaba
819,81,19,0,0,1,0.679635,0.998992,logprobs,Alibaba
820,81,21,0,0,1,0.86718,0.998878,logprobs,Alibaba
821,81,23,0,0,1,0.817691,0.998893,logprobs,Alibaba
822,81,25,0,0,1,0.835853,0.998269,logprobs,Alibaba
823,81,27,0,0,1,0.817785,0.998937,logprobs,Alibaba
824,81,29,0,0,1,0.893362,0.99919,logprobs,Alibaba
825,81,31,0,0,1,0.915014,0.999367,logprobs,Alibaba
826,81,33,0,0,1,0.867139,0.999314,logprobs,Alibaba
827,81,35,0,0,1,0.946615,0.999619,logprobs,Alibaba
828,81,37,0,0,1,0.755282,0.997627,logprobs,Alibaba
829,81,39,0,0,1,0.880894,0.999354,logprobs,Alibaba
830,81,41,0,0,1,0.880865,0.999373,logprobs,Alibaba
831,81,43,0,0,1,0.835611,0.999375,logprobs,Alibaba
832,81,45,0,0,1,0.777418,0.99815,logprobs,Alibaba
833,81,47,0,0,1,0.755151,0.998764,logprobs,Alibaba
834,81,49,0,0,1,0.755109,0.999128,logprobs,Alibaba
835,81,51,0,0,1,0.679857,0.998672,logprobs,Alibaba
836,81,53,0,0,1,0.706212,0.999202,logprobs,Alibaba
837,81,55,1,1,1,0.59295,0.997652,logprobs,Alibaba
838,81,57,1,1,1,0.562478,0.998635,logprobs,Alibaba
839,81,59,0,0,1,0.651785,0.999062,logprobs,Alibaba
840,81,61,1,1,1,0.755151,0.999076,logprobs,Alibaba
841,81,63,0,0,1,0.7065,0.998485,logprobs,Alibaba
842,81,65,1,1,1,0.679829,0.998432,logprobs,Alibaba
843,81,67,0,0,1,0.53194,0.997681,logprobs,Alibaba
844,81,69,0,0,1,0.531789,0.998617,logprobs,Alibaba
845,81,71,0,0,0,0.378014,0.998455,logprobs,Alibaba
846,81,73,0,0,1,0.7065,0.998287,logprobs,Alibaba
847,81,75,0,0,1,0.562513,0.997857,logprobs,Alibaba
848,81,77,0,0,1,0.623137,0.997055,logprobs,Alibaba
849,81,79,0,0,1,0.592878,0.998454,logprobs,Alibaba
850,81,81,0,0,0,0.245537,0.997493,logprobs,Alibaba
851,81,83,0,0,0,0.183179,0.998536,logprobs,Alibaba
852,81,85,0,0,0,0.269451,0.998678,logprobs,Alibaba
853,81,87,0,0,1,0.500418,0.995228,logprobs,Alibaba
854,81,89,0,0,0,0.34896,0.99528,logprobs,Alibaba
855,81,91,0,0,0,0.182982,0.999042,logprobs,Alibaba
856,81,93,0,0,0,0.407813,0.995695,logprobs,Alibaba
857,81,95,1,1,0,0.34905,0.995462,logprobs,Alibaba
858,81,97,0,0,0,0.438144,0.995426,logprobs,Alibaba
859,81,99,0,0,1,0.679503,0.99912,logprobs,Alibaba
860,81,101,0,0,0,0.349004,0.998365,logprobs,Alibaba
861,81,103,0,0,1,0.5316,0.997872,logprobs,Alibaba
862,81,105,0,0,0,0.349105,0.993848,logprobs,Alibaba
863,81,107,0,0,1,0.531549,0.999063,logprobs,Alibaba
864,81,109,0,0,0,0.469184,0.998776,logprobs,Alibaba
865,81,111,0,0,0,0.407885,0.998683,logprobs,Alibaba
866,81,113,0,0,1,0.67955,0.998426,logprobs,Alibaba
867,81,115,0,0,0,0.349348,0.996782,logprobs,Alibaba
868,81,117,0,0,1,0.622913,0.99707,logprobs,Alibaba
869,81,119,0,0,1,0.705953,0.998722,logprobs,Alibaba
870,81,121,0,0,0,0.294609,0.998917,logprobs,Alibaba
871,81,123,0,0,0,0.294467,0.993909,logprobs,Alibaba
872,81,125,0,0,0,0.29499,0.993877,logprobs,Alibaba
873,81,127,0,0,0,0.321171,0.995429,logprobs,Alibaba
874,81,129,0,0,0,0.321385,0.996865,logprobs,Alibaba
875,81,131,0,0,1,0.500736,0.998617,logprobs,Alibaba
876,81,133,0,0,1,0.731242,0.998937,logprobs,Alibaba
877,81,135,0,0,1,0.531743,0.994949,logprobs,Alibaba
878,81,137,0,0,0,0.469028,0.998774,logprobs,Alibaba
879,81,139,0,0,0,0.223087,0.99864,logprobs,Alibaba
880,81,141,0,0,0,0.469208,0.99877,logprobs,Alibaba
881,81,143,0,0,0,0.245565,0.995173,logprobs,Alibaba
882,81,145,0,0,0,0.22315,0.990705,logprobs,Alibaba
883,81,147,0,0,0,0.294899,0.998694,logprobs,Alibaba
884,81,149,0,0,0,0.245695,0.998733,logprobs,Alibaba
885,81,151,0,0,0,0.202312,0.998805,logprobs,Alibaba
886,81,153,0,0,0,0.119448,0.998943,logprobs,Alibaba
887,81,155,0,0,0,0.269834,0.996058,logprobs,Alibaba
888,81,157,0,0,0,0.076156,0.999048,logprobs,Alibaba
889,81,159,0,0,0,0.148387,0.999058,logprobs,Alibaba
890,81,161,0,0,0,0.223204,0.99374,logprobs,Alibaba
891,81,163,0,0,0,0.246162,0.992344,logprobs,Alibaba
892,81,165,0,0,0,0.133638,0.993142,logprobs,Alibaba
893,81,167,0,0,0,0.053655,0.998919,logprobs,Alibaba
894,81,169,0,0,0,0.14852,0.998109,logprobs,Alibaba
895,81,171,0,0,0,0.11951,0.998852,logprobs,Alibaba
896,81,173,0,0,0,0.067676,0.999387,logprobs,Alibaba
897,81,175,0,0,0,0.053493,0.999429,logprobs,Alibaba
898,81,177,0,0,0,0.053502,0.999444,logprobs,Alibaba
899,81,179,0,0,0,0.067764,0.999301,logprobs,Alibaba
900,79,-179,0,0,0,0.037409,0.999612,logprobs,Alibaba
901,79,-177,0,0,0,0.037417,0.999382,logprobs,Alibaba
902,79,-175,0,0,0,0.042407,0.999222,logprobs,Alibaba
903,79,-173,0,0,0,0.053765,0.999383,logprobs,Alibaba
904,79,-171,0,0,0,0.042323,0.999275,logprobs,Alibaba
905,79,-169,0,0,0,0.085552,0.997807,logprobs,Alibaba
906,79,-167,0,0,0,0.165319,0.993944,logprobs,Alibaba
907,79,-165,0,0,0,0.133726,0.998592,logprobs,Alibaba
908,79,-163,0,0,0,0.165003,0.998201,logprobs,Alibaba
909,79,-161,0,0,0,0.148541,0.99942,logprobs,Alibaba
910,79,-159,0,0,0,0.060351,0.999334,logprobs,Alibaba
911,79,-157,0,0,0,0.133153,0.999007,logprobs,Alibaba
912,79,-155,0,0,0,0.223073,0.998998,logprobs,Alibaba
913,79,-153,0,0,0,0.148553,0.998773,logprobs,Alibaba
914,79,-151,0,0,1,0.680371,0.998672,logprobs,Alibaba
915,79,-149,0,0,1,0.778084,0.999151,logprobs,Alibaba
916,79,-147,0,0,1,0.852102,0.999446,logprobs,Alibaba
917,79,-145,0,0,0,0.295279,0.998978,logprobs,Alibaba
918,79,-143,0,0,1,0.777665,0.999422,logprobs,Alibaba
919,79,-141,0,0,1,0.562945,0.999039,logprobs,Alibaba
920,79,-139,0,0,1,0.706261,0.999304,logprobs,Alibaba
921,79,-137,0,0,1,0.623746,0.998936,logprobs,Alibaba
922,79,-135,0,0,1,0.623226,0.999178,logprobs,Alibaba
923,79,-133,0,0,1,0.75535,0.999454,logprobs,Alibaba
924,79,-131,0,0,0,0.202461,0.999044,logprobs,Alibaba
925,79,-129,0,0,1,0.532848,0.999006,logprobs,Alibaba
926,79,-127,0,0,0,0.270403,0.998309,logprobs,Alibaba
927,79,-125,0,0,0,0.095967,0.995433,logprobs,Alibaba
928,79,-123,0,0,0,0.148493,0.996706,logprobs,Alibaba
929,79,-121,0,0,1,0.817727,0.999448,logprobs,Alibaba
930,79,-119,0,0,1,0.798424,0.999336,logprobs,Alibaba
931,79,-117,0,0,1,0.835597,0.999342,logprobs,Alibaba
932,79,-115,0,0,1,0.755211,0.998895,logprobs,Alibaba
933,79,-113,0,0,1,0.836106,0.999072,logprobs,Alibaba
934,79,-111,0,0,1,0.880896,0.999394,logprobs,Alibaba
935,79,-109,0,0,1,0.81839,0.99885,logprobs,Alibaba
936,79,-107,0,0,1,0.706261,0.998543,logprobs,Alibaba
937,79,-105,0,0,1,0.86779,0.99916,logprobs,Alibaba
938,79,-103,1,1,1,0.880977,0.999464,logprobs,Alibaba
939,79,-101,0,0,1,0.880921,0.999487,logprobs,Alibaba
940,79,-99,0,0,1,0.939987,0.999627,logprobs,Alibaba
941,79,-97,0,0,1,0.706268,0.996796,logprobs,Alibaba
942,79,-95,0,0,0,0.223468,0.998788,logprobs,Alibaba
943,79,-93,1,1,0,0.349503,0.997501,logprobs,Alibaba
944,79,-91,1,1,0,0.107305,0.998032,logprobs,Alibaba
945,79,-89,1,1,0,0.1198,0.998549,logprobs,Alibaba
946,79,-87,1,1,0,0.133552,0.999108,logprobs,Alibaba
947,79,-85,0,0,0,0.321128,0.999234,logprobs,Alibaba
948,79,-83,1,1,1,0.532335,0.9989,logprobs,Alibaba
949,79,-81,1,1,0,0.46906,0.998107,logprobs,Alibaba
950,79,-79,1,1,1,0.500637,0.998485,logprobs,Alibaba
951,79,-77,1,1,1,0.651567,0.998345,logprobs,Alibaba
952,79,-75,0,0,0,0.18271,0.998544,logprobs,Alibaba
953,79,-73,0,0,1,0.679391,0.996345,logprobs,Alibaba
954,79,-71,0,0,0,0.270778,0.998841,logprobs,Alibaba
955,79,-69,0,0,0,0.349435,0.993417,logprobs,Alibaba
956,79,-67,1,1,0,0.294948,0.992962,logprobs,Alibaba
957,79,-65,1,1,0,0.107723,0.99907,logprobs,Alibaba
958,79,-63,1,1,0,0.245537,0.99661,logprobs,Alibaba
959,79,-61,1,1,0,0.096175,0.998689,logprobs,Alibaba
960,79,-59,1,1,0,0.223451,0.994265,logprobs,Alibaba
961,79,-57,1,1,0,0.22303,0.995462,logprobs,Alibaba
962,79,-55,1,1,0,0.349962,0.993389,logprobs,Alibaba
963,79,-53,1,1,0,0.349539,0.989655,logprobs,Alibaba
964,79,-51,1,1,1,0.532022,0.980986,logprobs,Alibaba
965,79,-49,1,1,0,0.183409,0.998326,logprobs,Alibaba
966,79,-47,1,1,0,0.294995,0.991081,logprobs,Alibaba
967,79,-45,1,1,0,0.133374,0.99855,logprobs,Alibaba
968,79,-43,1,1,0,0.270408,0.998817,logprobs,Alibaba
969,79,-41,1,1,0,0.165063,0.997099,logprobs,Alibaba
970,79,-39,1,1,0,0.245918,0.99785,logprobs,Alibaba
971,79,-37,1,1,0,0.203143,0.995835,logprobs,Alibaba
972,79,-35,1,1,0,0.085287,0.997986,logprobs,Alibaba
973,79,-33,1,1,0,0.295578,0.998257,logprobs,Alibaba
974,79,-31,1,1,0,0.107386,0.998684,logprobs,Alibaba
975,79,-29,1,1,0,0.183024,0.997903,logprobs,Alibaba
976,79,-27,1,1,0,0.165519,0.998342,logprobs,Alibaba
977,79,-25,1,1,0,0.295578,0.995782,logprobs,Alibaba
978,79,-23,1,1,1,0.562608,0.997118,logprobs,Alibaba
979,79,-21,1,1,0,0.409126,0.992925,logprobs,Alibaba
980,79,-19,0,0,1,0.501284,0.998913,logprobs,Alibaba
981,79,-17,0,0,1,0.533209,0.995438,logprobs,Alibaba
982,79,-15,0,0,0,0.34927,0.996725,logprobs,Alibaba
983,79,-13,0,0,1,0.50128,0.998046,logprobs,Alibaba
984,79,-11,0,0,0,0.245925,0.997189,logprobs,Alibaba
985,79,-9,0,0,0,0.223311,0.996096,logprobs,Alibaba
986,79,-7,0,0,0,0.438312,0.998301,logprobs,Alibaba
987,79,-5,0,0,0,0.34927,0.998048,logprobs,Alibaba
988,79,-3,0,0,1,0.652112,0.999146,logprobs,Alibaba
989,79,-1,0,0,1,0.706189,0.999383,logprobs,Alibaba
990,79,1,0,0,0,0.321657,0.999139,logprobs,Alibaba
991,79,3,0,0,0,0.378375,0.99865,logprobs,Alibaba
992,79,5,0,0,0,0.469396,0.998719,logprobs,Alibaba
993,79,7,0,0,1,0.652194,0.998502,logprobs,Alibaba
994,79,9,0,0,0,0.469917,0.998972,logprobs,Alibaba
995,79,11,0,0,1,0.777655,0.999202,logprobs,Alibaba
996,79,13,1,1,1,0.706313,0.999053,logprobs,Alibaba
997,79,15,1,1,1,0.593988,0.998702,logprobs,Alibaba
998,79,17,1,1,1,0.95797,0.999689,logprobs,Alibaba
999,79,19,1,1,1,0.852243,0.999408,logprobs,Alibaba
1000,79,21,0,0,1,0.966935,0.999714,logprobs,Alibaba
1001,79,23,0,0,1,0.924199,0.999565,logprobs,Alibaba
1002,79,25,0,0,1,0.89338,0.999346,logprobs,Alibaba
1003,79,27,0,0,1,0.962693,0.999673,logprobs,Alibaba
1004,79,29,0,0,1,0.970725,0.999596,logprobs,Alibaba
1005,79,31,0,0,1,0.970729,0.999593,logprobs,Alibaba
1006,79,33,0,0,1,0.96269,0.999682,logprobs,Alibaba
1007,79,35,0,0,1,0.95793,0.999684,logprobs,Alibaba
1008,79,37,0,0,1,0.893394,0.999569,logprobs,Alibaba
1009,79,39,0,0,1,0.893421,0.999565,logprobs,Alibaba
1010,79,41,0,0,1,0.880893,0.999279,logprobs,Alibaba
1011,79,43,0,0,1,0.915064,0.999481,logprobs,Alibaba
1012,79,45,0,0,1,0.77747,0.999214,logprobs,Alibaba
1013,79,47,0,0,1,0.798278,0.999323,logprobs,Alibaba
1014,79,49,0,0,1,0.817793,0.999318,logprobs,Alibaba
1015,79,51,0,0,1,0.835609,0.999353,logprobs,Alibaba
1016,79,53,0,0,1,0.867172,0.999316,logprobs,Alibaba
1017,79,55,0,0,1,0.679771,0.998921,logprobs,Alibaba
1018,79,57,0,0,1,0.706331,0.999094,logprobs,Alibaba
1019,79,59,0,0,1,0.651742,0.999084,logprobs,Alibaba
1020,79,61,0,0,1,0.731897,0.999079,logprobs,Alibaba
1021,79,63,0,0,1,0.623079,0.998598,logprobs,Alibaba
1022,79,65,0,0,1,0.755201,0.999252,logprobs,Alibaba
1023,79,67,0,0,0,0.438204,0.998414,logprobs,Alibaba
1024,79,69,0,0,0,0.40803,0.998691,logprobs,Alibaba
1025,79,71,0,0,1,0.501131,0.998911,logprobs,Alibaba
1026,79,73,0,0,1,0.817749,0.999027,logprobs,Alibaba
1027,79,75,0,0,1,0.622642,0.998942,logprobs,Alibaba
1028,79,77,0,0,1,0.706212,0.99881,logprobs,Alibaba
1029,79,79,0,0,0,0.349022,0.999088,logprobs,Alibaba
1030,79,81,0,0,1,0.500539,0.998687,logprobs,Alibaba
1031,79,83,0,0,0,0.269416,0.998596,logprobs,Alibaba
1032,79,85,0,0,1,0.817785,0.999342,logprobs,Alibaba
1033,79,87,0,0,1,0.679574,0.995856,logprobs,Alibaba
1034,79,89,0,0,0,0.377912,0.99854,logprobs,Alibaba
1035,79,91,0,0,1,0.652033,0.998132,logprobs,Alibaba
1036,79,93,0,0,0,0.407998,0.998546,logprobs,Alibaba
1037,79,95,0,0,0,0.269556,0.99815,logprobs,Alibaba
1038,79,97,1,1,1,0.755224,0.998761,logprobs,Alibaba
1039,79,99,1,1,1,0.798329,0.999139,logprobs,Alibaba
1040,79,101,0,0,1,0.562857,0.998688,logprobs,Alibaba
1041,79,103,1,1,1,0.651799,0.999062,logprobs,Alibaba
1042,79,105,0,0,1,0.798347,0.999332,logprobs,Alibaba
1043,79,107,0,0,1,0.904738,0.999517,logprobs,Alibaba
1044,79,109,0,0,1,0.731401,0.999216,logprobs,Alibaba
1045,79,111,0,0,1,0.679568,0.999014,logprobs,Alibaba
1046,79,113,0,0,1,0.867329,0.999142,logprobs,Alibaba
1047,79,115,0,0,1,0.59342,0.998955,logprobs,Alibaba
1048,79,117,0,0,1,0.622729,0.997587,logprobs,Alibaba
1049,79,119,0,0,1,0.777706,0.99928,logprobs,Alibaba
1050,79,121,0,0,1,0.593098,0.998886,logprobs,Alibaba
1051,79,123,0,0,0,0.294826,0.998506,logprobs,Alibaba
1052,79,125,0,0,1,0.706684,0.998996,logprobs,Alibaba
1053,79,127,0,0,1,0.798401,0.998778,logprobs,Alibaba
1054,79,129,0,0,1,0.836325,0.999311,logprobs,Alibaba
1055,79,131,0,0,1,0.755234,0.999274,logprobs,Alibaba
1056,79,133,0,0,1,0.83562,0.999371,logprobs,Alibaba
1057,79,135,0,0,1,0.563126,0.999286,logprobs,Alibaba
1058,79,137,0,0,0,0.349198,0.999099,logprobs,Alibaba
1059,79,139,0,0,0,0.164759,0.998906,logprobs,Alibaba
1060,79,141,0,0,0,0.060293,0.999382,logprobs,Alibaba
1061,79,143,0,0,0,0.06767,0.999558,logprobs,Alibaba
1062,79,145,0,0,0,0.067749,0.999415,logprobs,Alibaba
1063,79,147,0,0,0,0.16487,0.998821,logprobs,Alibaba
1064,79,149,0,0,0,0.246036,0.998831,logprobs,Alibaba
1065,79,151,0,0,0,0.148312,0.999286,logprobs,Alibaba
1066,79,153,0,0,0,0.05364,0.999321,logprobs,Alibaba
1067,79,155,0,0,0,0.148596,0.999249,logprobs,Alibaba
1068,79,157,0,0,0,0.07657,0.999178,logprobs,Alibaba
1069,79,159,0,0,0,0.148881,0.999139,logprobs,Alibaba
1070,79,161,0,0,0,0.245663,0.999041,logprobs,Alibaba
1071,79,163,0,0,0,0.203347,0.99889,logprobs,Alibaba
1072,79,165,0,0,0,0.037564,0.999335,logprobs,Alibaba
1073,79,167,0,0,0,0.120314,0.998881,logprobs,Alibaba
1074,79,169,0,0,0,0.18266,0.998957,logprobs,Alibaba
1075,79,171,0,0,0,0.068045,0.999133,logprobs,Alibaba
1076,79,173,0,0,0,0.085363,0.999227,logprobs,Alibaba
1077,79,175,0,0,0,0.076121,0.999295,logprobs,Alibaba
1078,79,177,0,0,0,0.047504,0.998861,logprobs,Alibaba
1079,79,179,0,0,0,0.04751,0.999429,logprobs,Alibaba
1080,77,-179,0,0,0,0.029467,0.999708,logprobs,Alibaba
1081,77,-177,0,0,0,0.0377,0.99944,logprobs,Alibaba
1082,77,-175,0,0,0,0.076166,0.999368,logprobs,Alibaba
1083,77,-173,0,0,0,0.119486,0.998078,logprobs,Alibaba
1084,77,-171,0,0,0,0.10721,0.999142,logprobs,Alibaba
1085,77,-169,0,0,0,0.248289,0.993117,logprobs,Alibaba
1086,77,-167,0,0,0,0.183186,0.995836,logprobs,Alibaba
1087,77,-165,0,0,0,0.119649,0.998918,logprobs,Alibaba
1088,77,-163,0,0,0,0.133939,0.998363,logprobs,Alibaba
1089,77,-161,0,0,0,0.119809,0.996861,logprobs,Alibaba
1090,77,-159,0,0,0,0.033272,0.999339,logprobs,Alibaba
1091,77,-157,0,0,0,0.068032,0.999231,logprobs,Alibaba
1092,77,-155,0,0,0,0.107113,0.998648,logprobs,Alibaba
1093,77,-153,0,0,0,0.183686,0.999027,logprobs,Alibaba
1094,77,-151,0,0,0,0.349449,0.99903,logprobs,Alibaba
1095,77,-149,0,0,1,0.593518,0.998481,logprobs,Alibaba
1096,77,-147,0,0,1,0.651933,0.998794,logprobs,Alibaba
1097,77,-145,0,0,0,0.107373,0.998812,logprobs,Alibaba
1098,77,-143,0,0,0,0.095692,0.999342,logprobs,Alibaba
1099,77,-141,0,0,0,0.408366,0.998942,logprobs,Alibaba
1100,77,-139,0,0,0,0.34927,0.999157,logprobs,Alibaba
1101,77,-137,0,0,0,0.377864,0.999081,logprobs,Alibaba
1102,77,-135,0,0,0,0.378543,0.998886,logprobs,Alibaba
1103,77,-133,0,0,0,0.438876,0.999161,logprobs,Alibaba
1104,77,-131,0,0,0,0.202077,0.999297,logprobs,Alibaba
1105,77,-129,0,0,1,0.564522,0.998874,logprobs,Alibaba
1106,77,-127,0,0,0,0.085549,0.997704,logprobs,Alibaba
1107,77,-125,0,0,0,0.060262,0.996875,logprobs,Alibaba
1108,77,-123,0,0,0,0.202154,0.995531,logprobs,Alibaba
1109,77,-121,0,0,1,0.8673,0.999447,logprobs,Alibaba
1110,77,-119,1,1,1,0.90475,0.999521,logprobs,Alibaba
1111,77,-117,1,1,1,0.705945,0.999169,logprobs,Alibaba
1112,77,-115,0,0,1,0.893407,0.999548,logprobs,Alibaba
1113,77,-113,0,0,1,0.904834,0.999517,logprobs,Alibaba
1114,77,-111,0,0,1,0.91511,0.99944,logprobs,Alibaba
1115,77,-109,0,0,1,0.731587,0.99914,logprobs,Alibaba
1116,77,-107,0,0,1,0.777529,0.998899,logprobs,Alibaba
1117,77,-105,0,0,1,0.924272,0.999286,logprobs,Alibaba
1118,77,-103,0,0,1,0.755634,0.998955,logprobs,Alibaba
1119,77,-101,0,0,1,0.924228,0.999518,logprobs,Alibaba
1120,77,-99,0,0,1,0.798373,0.999168,logprobs,Alibaba
1121,77,-97,0,0,1,0.651831,0.999101,logprobs,Alibaba
1122,77,-95,0,0,0,0.11973,0.999258,logprobs,Alibaba
1123,77,-93,0,0,0,0.245742,0.999089,logprobs,Alibaba
1124,77,-91,0,0,0,0.095642,0.999261,logprobs,Alibaba
1125,77,-89,0,0,0,0.053813,0.999284,logprobs,Alibaba
1126,77,-87,1,1,0,0.11962,0.999149,logprobs,Alibaba
1127,77,-85,1,1,0,0.37848,0.9988,logprobs,Alibaba
1128,77,-83,1,1,0,0.408172,0.998821,logprobs,Alibaba
1129,77,-81,1,1,0,0.378229,0.998882,logprobs,Alibaba
1130,77,-79,0,0,0,0.269831,0.998593,logprobs,Alibaba
1131,77,-77,0,0,0,0.349348,0.997384,logprobs,Alibaba
1132,77,-75,0,0,0,0.202875,0.998472,logprobs,Alibaba
1133,77,-73,0,0,1,0.562581,0.999395,logprobs,Alibaba
1134,77,-71,1,1,0,0.269316,0.998656,logprobs,Alibaba
1135,77,-69,1,1,0,0.438937,0.993317,logprobs,Alibaba
1136,77,-67,1,1,0,0.349555,0.9986,logprobs,Alibaba
1137,77,-65,1,1,0,0.068032,0.999321,logprobs,Alibaba
1138,77,-63,1,1,0,0.133818,0.999032,logprobs,Alibaba
1139,77,-61,1,1,0,0.133245,0.999305,logprobs,Alibaba
1140,77,-59,1,1,0,0.165207,0.997646,logprobs,Alibaba
1141,77,-57,1,1,0,0.133212,0.999026,logprobs,Alibaba
1142,77,-55,1,1,0,0.349967,0.994179,logprobs,Alibaba
1143,77,-53,1,1,0,0.202207,0.99898,logprobs,Alibaba
1144,77,-51,1,1,0,0.269834,0.998424,logprobs,Alibaba
1145,77,-49,1,1,0,0.349809,0.995591,logprobs,Alibaba
1146,77,-47,1,1,0,0.223981,0.998058,logprobs,Alibaba
1147,77,-45,1,1,0,0.095732,0.999077,logprobs,Alibaba
1148,77,-43,1,1,0,0.085409,0.998781,logprobs,Alibaba
1149,77,-41,1,1,0,0.095783,0.998684,logprobs,Alibaba
1150,77,-39,1,1,0,0.067998,0.99919,logprobs,Alibaba
1151,77,-37,1,1,0,0.183175,0.998698,logprobs,Alibaba
1152,77,-35,1,1,0,0.042415,0.998422,logprobs,Alibaba
1153,77,-33,1,1,0,0.184363,0.994333,logprobs,Alibaba
1154,77,-31,1,1,0,0.068223,0.997935,logprobs,Alibaba
1155,77,-29,1,1,0,0.246305,0.997883,logprobs,Alibaba
1156,77,-27,1,1,0,0.076133,0.998437,logprobs,Alibaba
1157,77,-25,1,1,0,0.076437,0.998681,logprobs,Alibaba
1158,77,-23,1,1,1,0.532919,0.998795,logprobs,Alibaba
1159,77,-21,1,1,0,0.246305,0.99861,logprobs,Alibaba
1160,77,-19,1,1,0,0.407886,0.999191,logprobs,Alibaba
1161,77,-17,0,0,0,0.245686,0.998025,logprobs,Alibaba
1162,77,-15,0,0,0,0.295583,0.994983,logprobs,Alibaba
1163,77,-13,0,0,1,0.593061,0.9988,logprobs,Alibaba
1164,77,-11,0,0,1,0.563436,0.997854,logprobs,Alibaba
1165,77,-9,0,0,0,0.469785,0.998047,logprobs,Alibaba
1166,77,-7,0,0,1,0.593253,0.998995,logprobs,Alibaba
1167,77,-5,0,0,1,0.706268,0.99908,logprobs,Alibaba
1168,77,-3,0,0,1,0.755106,0.999488,logprobs,Alibaba
1169,77,-1,0,0,1,0.731365,0.999266,logprobs,Alibaba
1170,77,1,0,0,1,0.622923,0.999107,logprobs,Alibaba
1171,77,3,0,0,1,0.731473,0.99909,logprobs,Alibaba
1172,77,5,0,0,1,0.593014,0.999163,logprobs,Alibaba
1173,77,7,0,0,1,0.500235,0.998465,logprobs,Alibaba
1174,77,9,0,0,1,0.651711,0.998657,logprobs,Alibaba
1175,77,11,0,0,1,0.817798,0.999246,logprobs,Alibaba
1176,77,13,0,0,1,0.880911,0.999366,logprobs,Alibaba
1177,77,15,0,0,1,0.835712,0.999209,logprobs,Alibaba
1178,77,17,1,1,1,0.92429,0.999327,logprobs,Alibaba
1179,77,19,0,0,1,0.924259,0.999511,logprobs,Alibaba
1180,77,21,0,0,1,0.932485,0.999554,logprobs,Alibaba
1181,77,23,0,0,1,0.867156,0.999379,logprobs,Alibaba
1182,77,25,0,0,1,0.867129,0.99952,logprobs,Alibaba
1183,77,27,0,0,1,0.932566,0.999451,logprobs,Alibaba
1184,77,29,0,0,1,0.939973,0.999404,logprobs,Alibaba
1185,77,31,0,0,1,0.966955,0.999662,logprobs,Alibaba
1186,77,33,0,0,1,0.932546,0.999594,logprobs,Alibaba
1187,77,35,0,0,1,0.932479,0.999502,logprobs,Alibaba
1188,77,37,0,0,1,0.651638,0.998773,logprobs,Alibaba
1189,77,39,0,0,1,0.679721,0.999169,logprobs,Alibaba
1190,77,41,0,0,1,0.623462,0.998945,logprobs,Alibaba
1191,77,43,0,0,1,0.904711,0.999553,logprobs,Alibaba
1192,77,45,0,0,1,0.562723,0.999238,logprobs,Alibaba
1193,77,47,0,0,1,0.73142,0.999107,logprobs,Alibaba
1194,77,49,0,0,1,0.835598,0.999416,logprobs,Alibaba
1195,77,51,0,0,0,0.469387,0.998434,logprobs,Alibaba
1196,77,53,0,0,1,0.731211,0.998913,logprobs,Alibaba
1197,77,55,0,0,1,0.652029,0.999248,logprobs,Alibaba
1198,77,57,0,0,1,0.500548,0.999161,logprobs,Alibaba
1199,77,59,0,0,0,0.469235,0.999068,logprobs,Alibaba
1200,77,61,0,0,1,0.593114,0.998869,logprobs,Alibaba
1201,77,63,0,0,1,0.562936,0.999111,logprobs,Alibaba
1202,77,65,0,0,1,0.622801,0.999024,logprobs,Alibaba
1203,77,67,0,0,1,0.500562,0.998776,logprobs,Alibaba
1204,77,69,0,0,0,0.439015,0.998653,logprobs,Alibaba
1205,77,71,0,0,1,0.651953,0.998795,logprobs,Alibaba
1206,77,73,0,0,1,0.53191,0.999016,logprobs,Alibaba
1207,77,75,0,0,1,0.798415,0.999119,logprobs,Alibaba
1208,77,77,0,0,1,0.500199,0.998766,logprobs,Alibaba
1209,77,79,0,0,1,0.623463,0.99883,logprobs,Alibaba
1210,77,81,0,0,1,0.798396,0.999163,logprobs,Alibaba
1211,77,83,0,0,0,0.348981,0.998858,logprobs,Alibaba
1212,77,85,0,0,1,0.867163,0.999464,logprobs,Alibaba
1213,77,87,0,0,1,0.56344,0.998395,logprobs,Alibaba
1214,77,89,0,0,0,0.43919,0.991531,logprobs,Alibaba
1215,77,91,0,0,1,0.679383,0.999171,logprobs,Alibaba
1216,77,93,0,0,0,0.223298,0.998842,logprobs,Alibaba
1217,77,95,0,0,1,0.679543,0.99923,logprobs,Alibaba
1218,77,97,0,0,1,0.755153,0.999247,logprobs,Alibaba
1219,77,99,0,0,0,0.469198,0.998791,logprobs,Alibaba
1220,77,101,0,0,1,0.500559,0.999123,logprobs,Alibaba
1221,77,103,1,1,1,0.500703,0.999116,logprobs,Alibaba
1222,77,105,1,1,1,0.62298,0.998946,logprobs,Alibaba
1223,77,107,1,1,1,0.56273,0.999067,logprobs,Alibaba
1224,77,109,0,0,1,0.706264,0.999117,logprobs,Alibaba
1225,77,111,0,0,1,0.798328,0.999196,logprobs,Alibaba
1226,77,113,0,0,1,0.835748,0.999144,logprobs,Alibaba
1227,77,115,0,0,1,0.679631,0.998936,logprobs,Alibaba
1228,77,117,0,0,1,0.622653,0.99905,logprobs,Alibaba
1229,77,119,0,0,1,0.755161,0.998975,logprobs,Alibaba
1230,77,121,0,0,0,0.469098,0.999236,logprobs,Alibaba
1231,77,123,0,0,0,0.16487,0.99904,logprobs,Alibaba
1232,77,125,0,0,0,0.29456,0.999158,logprobs,Alibaba
1233,77,127,0,0,0,0.060327,0.999144,logprobs,Alibaba
1234,77,129,0,0,0,0.11951,0.998998,logprobs,Alibaba
1235,77,131,0,0,1,0.500984,0.998947,logprobs,Alibaba
1236,77,133,0,0,1,0.652801,0.999198,logprobs,Alibaba
1237,77,135,0,0,0,0.09554,0.99921,logprobs,Alibaba
1238,77,137,0,0,0,0.148604,0.999163,logprobs,Alibaba
1239,77,139,0,0,0,0.085523,0.999068,logprobs,Alibaba
1240,77,141,0,0,0,0.067799,0.999238,logprobs,Alibaba
1241,77,143,0,0,0,0.018071,0.999296,logprobs,Alibaba
1242,77,145,0,0,0,0.023051,0.999536,logprobs,Alibaba
1243,77,147,0,0,0,0.068045,0.999295,logprobs,Alibaba
1244,77,149,0,0,0,0.133222,0.998802,logprobs,Alibaba
1245,77,151,0,0,0,0.183105,0.998615,logprobs,Alibaba
1246,77,153,0,0,0,0.026105,0.999481,logprobs,Alibaba
1247,77,155,0,0,0,0.047536,0.999205,logprobs,Alibaba
1248,77,157,0,0,0,0.029391,0.999387,logprobs,Alibaba
1249,77,159,0,0,0,0.085643,0.999177,logprobs,Alibaba
1250,77,161,0,0,0,0.165126,0.999075,logprobs,Alibaba
1251,77,163,0,0,0,0.349342,0.995996,logprobs,Alibaba
1252,77,165,0,0,0,0.076195,0.999331,logprobs,Alibaba
1253,77,167,0,0,0,0.076487,0.999416,logprobs,Alibaba
1254,77,169,0,0,0,0.107463,0.999325,logprobs,Alibaba
1255,77,171,0,0,0,0.095443,0.999255,logprobs,Alibaba
1256,77,173,0,0,0,0.029415,0.999377,logprobs,Alibaba
1257,77,175,0,0,0,0.03329,0.999462,logprobs,Alibaba
1258,77,177,0,0,0,0.029422,0.999331,logprobs,Alibaba
1259,77,179,0,0,0,0.060212,0.999417,logprobs,Alibaba
1260,75,-179,0,0,0,0.047784,0.999338,logprobs,Alibaba
1261,75,-177,0,0,0,0.037363,0.999626,logprobs,Alibaba
1262,75,-175,0,0,0,0.023096,0.999272,logprobs,Alibaba
1263,75,-173,0,0,0,0.037587,0.999393,logprobs,Alibaba
1264,75,-171,0,0,0,0.053685,0.998774,logprobs,Alibaba
1265,75,-169,0,0,0,0.067797,0.997818,logprobs,Alibaba
1266,75,-167,0,0,0,0.085924,0.997217,logprobs,Alibaba
1267,75,-165,0,0,0,0.119969,0.999395,logprobs,Alibaba
1268,75,-163,0,0,0,0.203174,0.998776,logprobs,Alibaba
1269,75,-161,0,0,0,0.183024,0.999008,logprobs,Alibaba
1270,75,-159,0,0,0,0.095696,0.998823,logprobs,Alibaba
1271,75,-157,0,0,0,0.120461,0.998835,logprobs,Alibaba
1272,75,-155,0,0,0,0.133488,0.998871,logprobs,Alibaba
1273,75,-153,0,0,0,0.107124,0.9988,logprobs,Alibaba
1274,75,-151,0,0,1,0.501639,0.996595,logprobs,Alibaba
1275,75,-149,0,0,1,0.904826,0.999527,logprobs,Alibaba
1276,75,-147,0,0,1,0.652381,0.999057,logprobs,Alibaba
1277,75,-145,0,0,0,0.120091,0.996377,logprobs,Alibaba
1278,75,-143,0,0,0,0.134042,0.998475,logprobs,Alibaba
1279,75,-141,0,0,1,0.652226,0.999243,logprobs,Alibaba
1280,75,-139,0,0,1,0.755257,0.998887,logprobs,Alibaba
1281,75,-137,0,0,1,0.706768,0.997112,logprobs,Alibaba
1282,75,-135,0,0,0,0.408044,0.997688,logprobs,Alibaba
1283,75,-133,0,0,1,0.755282,0.999248,logprobs,Alibaba
1284,75,-131,0,0,0,0.202461,0.997057,logprobs,Alibaba
1285,75,-129,0,0,0,0.438593,0.99886,logprobs,Alibaba
1286,75,-127,0,0,0,0.269625,0.996949,logprobs,Alibaba
1287,75,-125,0,0,0,0.134015,0.996206,logprobs,Alibaba
1288,75,-123,0,0,0,0.148696,0.996517,logprobs,Alibaba
1289,75,-121,0,0,0,0.469479,0.99808,logprobs,Alibaba
1290,75,-119,0,0,1,0.798456,0.999285,logprobs,Alibaba
1291,75,-117,0,0,1,0.755099,0.998503,logprobs,Alibaba
1292,75,-115,1,1,1,0.777663,0.998405,logprobs,Alibaba
1293,75,-113,0,0,1,0.88111,0.999345,logprobs,Alibaba
1294,75,-111,1,1,1,0.924204,0.999634,logprobs,Alibaba
1295,75,-109,1,1,1,0.778658,0.999271,logprobs,Alibaba
1296,75,-107,1,1,1,0.755567,0.996315,logprobs,Alibaba
1297,75,-105,0,0,1,0.732346,0.993149,logprobs,Alibaba
1298,75,-103,0,0,1,0.731403,0.998991,logprobs,Alibaba
1299,75,-101,0,0,1,0.79866,0.999101,logprobs,Alibaba
1300,75,-99,1,1,1,0.778119,0.997278,logprobs,Alibaba
1301,75,-97,0,0,1,0.652261,0.997947,logprobs,Alibaba
1302,75,-95,1,1,0,0.349553,0.986783,logprobs,Alibaba
1303,75,-93,0,0,0,0.321807,0.98621,logprobs,Alibaba
1304,75,-91,1,1,0,0.182949,0.997951,logprobs,Alibaba
1305,75,-89,1,1,0,0.148879,0.996615,logprobs,Alibaba
1306,75,-87,1,1,0,0.148494,0.997569,logprobs,Alibaba
1307,75,-85,1,1,0,0.133206,0.995764,logprobs,Alibaba
1308,75,-83,1,1,0,0.183105,0.998486,logprobs,Alibaba
1309,75,-81,1,1,0,0.183296,0.997009,logprobs,Alibaba
1310,75,-79,0,0,0,0.408138,0.999027,logprobs,Alibaba
1311,75,-77,0,0,0,0.349306,0.997843,logprobs,Alibaba
1312,75,-75,0,0,0,0.322089,0.989306,logprobs,Alibaba
1313,75,-73,0,0,0,0.439015,0.994527,logprobs,Alibaba
1314,75,-71,0,0,0,0.294862,0.994316,logprobs,Alibaba
1315,75,-69,0,0,1,0.593834,0.993288,logprobs,Alibaba
1316,75,-67,0,0,0,0.270403,0.995422,logprobs,Alibaba
1317,75,-65,0,0,0,0.133245,0.999148,logprobs,Alibaba
1318,75,-63,0,0,0,0.246466,0.996912,logprobs,Alibaba
1319,75,-61,0,0,0,0.202257,0.997631,logprobs,Alibaba
1320,75,-59,0,0,0,0.295692,0.996854,logprobs,Alibaba
1321,75,-57,1,1,0,0.270178,0.995074,logprobs,Alibaba
1322,75,-55,1,1,0,0.470173,0.97837,logprobs,Alibaba
1323,75,-53,1,1,0,0.438279,0.989715,logprobs,Alibaba
1324,75,-51,1,1,1,0.798524,0.99393,logprobs,Alibaba
1325,75,-49,1,1,0,0.408518,0.985017,logprobs,Alibaba
1326,75,-47,1,1,1,0.652045,0.985627,logprobs,Alibaba
1327,75,-45,1,1,0,0.295279,0.975192,logprobs,Alibaba
1328,75,-43,1,1,0,0.245829,0.998082,logprobs,Alibaba
1329,75,-41,1,1,0,0.223593,0.996823,logprobs,Alibaba
1330,75,-39,1,1,0,0.439651,0.977305,logprobs,Alibaba
1331,75,-37,1,1,0,0.133805,0.998295,logprobs,Alibaba
1332,75,-35,1,1,0,0.042351,0.996402,logprobs,Alibaba
1333,75,-33,1,1,0,0.134042,0.996673,logprobs,Alibaba
1334,75,-31,1,1,0,0.183013,0.996938,logprobs,Alibaba
1335,75,-29,1,1,0,0.202317,0.997269,logprobs,Alibaba
1336,75,-27,1,1,0,0.269907,0.996684,logprobs,Alibaba
1337,75,-25,1,1,0,0.268189,0.985268,logprobs,Alibaba
1338,75,-23,1,1,0,0.439438,0.990215,logprobs,Alibaba
1339,75,-21,1,1,1,0.502098,0.997266,logprobs,Alibaba
1340,75,-19,0,0,0,0.470302,0.995632,logprobs,Alibaba
1341,75,-17,0,0,1,0.531743,0.987542,logprobs,Alibaba
1342,75,-15,0,0,0,0.203011,0.993943,logprobs,Alibaba
1343,75,-13,0,0,1,0.563008,0.993052,logprobs,Alibaba
1344,75,-11,0,0,0,0.470646,0.990069,logprobs,Alibaba
1345,75,-9,0,0,0,0.378273,0.99756,logprobs,Alibaba
1346,75,-7,0,0,0,0.29472,0.996793,logprobs,Alibaba
1347,75,-5,0,0,0,0.148441,0.997478,logprobs,Alibaba
1348,75,-3,0,0,1,0.706113,0.999086,logprobs,Alibaba
1349,75,-1,0,0,1,0.755167,0.999108,logprobs,Alibaba
1350,75,1,0,0,0,0.43816,0.994875,logprobs,Alibaba
1351,75,3,0,0,1,0.532389,0.998666,logprobs,Alibaba
1352,75,5,0,0,0,0.438044,0.998814,logprobs,Alibaba
1353,75,7,0,0,1,0.651773,0.999117,logprobs,Alibaba
1354,75,9,0,0,1,0.531473,0.997872,logprobs,Alibaba
1355,75,11,0,0,1,0.651612,0.998875,logprobs,Alibaba
1356,75,13,0,0,1,0.531577,0.998796,logprobs,Alibaba
1357,75,15,0,0,1,0.562816,0.998041,logprobs,Alibaba
1358,75,17,0,0,1,0.924292,0.999464,logprobs,Alibaba
1359,75,19,0,0,1,0.706463,0.998921,logprobs,Alibaba
1360,75,21,0,0,1,0.880931,0.999071,logprobs,Alibaba
1361,75,23,0,0,1,0.817794,0.998879,logprobs,Alibaba
1362,75,25,0,0,1,0.86718,0.998887,logprobs,Alibaba
1363,75,27,0,0,1,0.867163,0.999185,logprobs,Alibaba
1364,75,29,0,0,1,0.880972,0.999362,logprobs,Alibaba
1365,75,31,0,0,1,0.924173,0.999282,logprobs,Alibaba
1366,75,33,0,0,1,0.893417,0.999313,logprobs,Alibaba
1367,75,35,0,0,1,0.867199,0.999157,logprobs,Alibaba
1368,75,37,0,0,1,0.706014,0.998408,logprobs,Alibaba
1369,75,39,0,0,1,0.651942,0.998165,logprobs,Alibaba
1370,75,41,0,0,1,0.706061,0.998602,logprobs,Alibaba
1371,75,43,0,0,1,0.731308,0.999095,logprobs,Alibaba
1372,75,45,0,0,1,0.562645,0.998247,logprobs,Alibaba
1373,75,47,0,0,1,0.592983,0.998787,logprobs,Alibaba
1374,75,49,0,0,1,0.755058,0.999338,logprobs,Alibaba
1375,75,51,0,0,1,0.59381,0.99834,logprobs,Alibaba
1376,75,53,0,0,1,0.755096,0.9992,logprobs,Alibaba
1377,75,55,0,0,1,0.531711,0.998593,logprobs,Alibaba
1378,75,57,1,1,1,0.623092,0.998843,logprobs,Alibaba
1379,75,59,1,1,1,0.62307,0.999019,logprobs,Alibaba
1380,75,61,0,0,1,0.798479,0.999191,logprobs,Alibaba
1381,75,63,0,0,1,0.562529,0.999261,logprobs,Alibaba
1382,75,65,0,0,1,0.531577,0.99827,logprobs,Alibaba
1383,75,67,0,0,0,0.43827,0.997574,logprobs,Alibaba
1384,75,69,0,0,0,0.438261,0.99854,logprobs,Alibaba
1385,75,71,0,0,0,0.439651,0.997756,logprobs,Alibaba
1386,75,73,0,0,0,0.469255,0.998426,logprobs,Alibaba
1387,75,75,0,0,1,0.562478,0.996419,logprobs,Alibaba
1388,75,77,0,0,1,0.500691,0.996726,logprobs,Alibaba
1389,75,79,0,0,0,0.202227,0.999023,logprobs,Alibaba
1390,75,81,0,0,0,0.408656,0.997457,logprobs,Alibaba
1391,75,83,0,0,0,0.133106,0.998905,logprobs,Alibaba
1392,75,85,0,0,0,0.223479,0.998217,logprobs,Alibaba
1393,75,87,0,0,0,0.119423,0.997437,logprobs,Alibaba
1394,75,89,1,1,0,0.294952,0.990123,logprobs,Alibaba
1395,75,91,1,1,0,0.085499,0.999204,logprobs,Alibaba
1396,75,93,1,1,0,0.408226,0.994613,logprobs,Alibaba
1397,75,95,1,1,0,0.095512,0.998782,logprobs,Alibaba
1398,75,97,1,1,1,0.651734,0.990409,logprobs,Alibaba
1399,75,99,1,1,1,0.531655,0.998724,logprobs,Alibaba
1400,75,101,1,1,0,0.438261,0.99861,logprobs,Alibaba
1401,75,103,1,1,1,0.593363,0.9988,logprobs,Alibaba
1402,75,105,1,1,1,0.622854,0.998535,logprobs,Alibaba
1403,75,107,1,1,1,0.651711,0.9988,logprobs,Alibaba
1404,75,109,1,1,1,0.592944,0.998928,logprobs,Alibaba
1405,75,111,1,1,1,0.622988,0.99901,logprobs,Alibaba
1406,75,113,0,0,1,0.755519,0.998524,logprobs,Alibaba
1407,75,115,0,0,0,0.469227,0.998686,logprobs,Alibaba
1408,75,117,0,0,1,0.623137,0.997831,logprobs,Alibaba
1409,75,119,0,0,1,0.798914,0.998909,logprobs,Alibaba
1410,75,121,0,0,1,0.5005,0.998269,logprobs,Alibaba
1411,75,123,0,0,0,0.223241,0.998601,logprobs,Alibaba
1412,75,125,0,0,0,0.407612,0.998103,logprobs,Alibaba
1413,75,127,0,0,0,0.148184,0.991298,logprobs,Alibaba
1414,75,129,0,0,0,0.182893,0.997732,logprobs,Alibaba
1415,75,131,0,0,0,0.349075,0.998698,logprobs,Alibaba
1416,75,133,0,0,1,0.62303,0.998468,logprobs,Alibaba
1417,75,135,0,0,0,0.407734,0.997708,logprobs,Alibaba
1418,75,137,0,0,0,0.269716,0.988412,logprobs,Alibaba
1419,75,139,1,1,0,0.164999,0.998223,logprobs,Alibaba
1420,75,141,1,1,0,0.133488,0.996827,logprobs,Alibaba
1421,75,143,1,1,0,0.133543,0.998825,logprobs,Alibaba
1422,75,145,0,0,0,0.182646,0.997906,logprobs,Alibaba
1423,75,147,0,0,0,0.202453,0.998469,logprobs,Alibaba
1424,75,149,1,1,0,0.223218,0.998606,logprobs,Alibaba
1425,75,151,0,0,0,0.164673,0.999233,logprobs,Alibaba
1426,75,153,0,0,0,0.106936,0.999073,logprobs,Alibaba
1427,75,155,0,0,0,0.053555,0.99935,logprobs,Alibaba
1428,75,157,0,0,0,0.067634,0.999286,logprobs,Alibaba
1429,75,159,0,0,0,0.119456,0.998895,logprobs,Alibaba
1430,75,161,0,0,0,0.133519,0.999051,logprobs,Alibaba
1431,75,163,0,0,0,0.085214,0.998951,logprobs,Alibaba
1432,75,165,0,0,0,0.053502,0.999195,logprobs,Alibaba
1433,75,167,0,0,0,0.076047,0.999035,logprobs,Alibaba
1434,75,169,0,0,0,0.067677,0.99913,logprobs,Alibaba
1435,75,171,0,0,0,0.119566,0.999057,logprobs,Alibaba
1436,75,173,0,0,0,0.133355,0.998998,logprobs,Alibaba
1437,75,175,0,0,0,0.085232,0.998857,logprobs,Alibaba
1438,75,177,0,0,0,0.0602,0.999151,logprobs,Alibaba
1439,75,179,0,0,0,0.05354,0.999129,logprobs,Alibaba
1440,73,-179,0,0,0,0.060402,0.99955,logprobs,Alibaba
1441,73,-177,0,0,0,0.033192,0.999389,logprobs,Alibaba
1442,73,-175,0,0,0,0.037543,0.99954,logprobs,Alibaba
1443,73,-173,0,0,0,0.076317,0.999143,logprobs,Alibaba
1444,73,-171,0,0,0,0.042249,0.999384,logprobs,Alibaba
1445,73,-169,0,0,0,0.095914,0.998522,logprobs,Alibaba
1446,73,-167,0,0,0,0.07637,0.999265,logprobs,Alibaba
1447,73,-165,0,0,0,0.107074,0.999497,logprobs,Alibaba
1448,73,-163,0,0,0,0.133552,0.999316,logprobs,Alibaba
1449,73,-161,0,0,0,0.182954,0.999244,logprobs,Alibaba
1450,73,-159,0,0,0,0.164999,0.9993,logprobs,Alibaba
1451,73,-157,0,0,0,0.096073,0.999074,logprobs,Alibaba
1452,73,-155,0,0,0,0.119866,0.9992,logprobs,Alibaba
1453,73,-153,0,0,0,0.067905,0.999326,logprobs,Alibaba
1454,73,-151,0,0,1,0.852252,0.999481,logprobs,Alibaba
1455,73,-149,0,0,1,0.88119,0.999458,logprobs,Alibaba
1456,73,-147,0,0,1,0.623088,0.999319,logprobs,Alibaba
1457,73,-145,0,0,0,0.269831,0.998951,logprobs,Alibaba
1458,73,-143,0,0,1,0.500518,0.999062,logprobs,Alibaba
1459,73,-141,0,0,0,0.37841,0.999076,logprobs,Alibaba
1460,73,-139,0,0,1,0.651898,0.999289,logprobs,Alibaba
1461,73,-137,0,0,1,0.651933,0.998957,logprobs,Alibaba
1462,73,-135,0,0,0,0.321593,0.999238,logprobs,Alibaba
1463,73,-133,0,0,1,0.56379,0.999247,logprobs,Alibaba
1464,73,-131,0,0,0,0.182955,0.999282,logprobs,Alibaba
1465,73,-129,0,0,1,0.593773,0.999262,logprobs,Alibaba
1466,73,-127,0,0,0,0.060821,0.998737,logprobs,Alibaba
1467,73,-125,0,0,0,0.047792,0.999329,logprobs,Alibaba
1468,73,-123,1,1,0,0.068018,0.999198,logprobs,Alibaba
1469,73,-121,1,1,1,0.500445,0.998856,logprobs,Alibaba
1470,73,-119,1,1,0,0.469328,0.999002,logprobs,Alibaba
1471,73,-117,0,0,1,0.679733,0.998939,logprobs,Alibaba
1472,73,-115,1,1,1,0.777568,0.999318,logprobs,Alibaba
1473,73,-113,1,1,1,0.852291,0.999456,logprobs,Alibaba
1474,73,-111,0,0,1,0.681005,0.998792,logprobs,Alibaba
1475,73,-109,0,0,1,0.755149,0.999158,logprobs,Alibaba
1476,73,-107,1,1,1,0.852211,0.99937,logprobs,Alibaba
1477,73,-105,0,0,1,0.893713,0.999261,logprobs,Alibaba
1478,73,-103,0,0,1,0.852139,0.999394,logprobs,Alibaba
1479,73,-101,0,0,1,0.755132,0.999209,logprobs,Alibaba
1480,73,-99,1,1,1,0.755374,0.999295,logprobs,Alibaba
1481,73,-97,1,1,1,0.501453,0.998637,logprobs,Alibaba
1482,73,-95,1,1,1,0.531712,0.999139,logprobs,Alibaba
1483,73,-93,1,1,0,0.270237,0.997262,logprobs,Alibaba
1484,73,-91,0,0,0,0.202459,0.998617,logprobs,Alibaba
1485,73,-89,1,1,0,0.14886,0.998563,logprobs,Alibaba
1486,73,-87,1,1,0,0.076018,0.999435,logprobs,Alibaba
1487,73,-85,1,1,0,0.469569,0.999124,logprobs,Alibaba
1488,73,-83,1,1,0,0.24551,0.999215,logprobs,Alibaba
1489,73,-81,1,1,0,0.321463,0.999036,logprobs,Alibaba
1490,73,-79,1,1,0,0.43883,0.999083,logprobs,Alibaba
1491,73,-77,1,1,0,0.246137,0.998822,logprobs,Alibaba
1492,73,-75,0,0,0,0.119738,0.999256,logprobs,Alibaba
1493,73,-73,0,0,0,0.269416,0.998825,logprobs,Alibaba
1494,73,-71,0,0,0,0.223173,0.998966,logprobs,Alibaba
1495,73,-69,0,0,1,0.500701,0.993987,logprobs,Alibaba
1496,73,-67,0,0,0,0.223029,0.998063,logprobs,Alibaba
1497,73,-65,0,0,0,0.095848,0.999232,logprobs,Alibaba
1498,73,-63,0,0,0,0.183278,0.998646,logprobs,Alibaba
1499,73,-61,0,0,0,0.107396,0.998867,logprobs,Alibaba
1500,73,-59,0,0,0,0.202316,0.997818,logprobs,Alibaba
1501,73,-57,0,0,0,0.095648,0.999067,logprobs,Alibaba
1502,73,-55,0,0,0,0.349357,0.995138,logprobs,Alibaba
1503,73,-53,1,1,1,0.501533,0.994029,logprobs,Alibaba
1504,73,-51,1,1,1,0.564512,0.994062,logprobs,Alibaba
1505,73,-49,1,1,0,0.470012,0.991276,logprobs,Alibaba
1506,73,-47,1,1,0,0.378324,0.994829,logprobs,Alibaba
1507,73,-45,1,1,0,0.182892,0.997461,logprobs,Alibaba
1508,73,-43,1,1,0,0.095882,0.999208,logprobs,Alibaba
1509,73,-41,1,1,0,0.165385,0.998781,logprobs,Alibaba
1510,73,-39,1,1,0,0.164947,0.998353,logprobs,Alibaba
1511,73,-37,1,1,0,0.076551,0.999139,logprobs,Alibaba
1512,73,-35,1,1,0,0.037402,0.999276,logprobs,Alibaba
1513,73,-33,1,1,0,0.107014,0.998708,logprobs,Alibaba
1514,73,-31,1,1,0,0.026054,0.999192,logprobs,Alibaba
1515,73,-29,1,1,0,0.04237,0.999275,logprobs,Alibaba
1516,73,-27,1,1,0,0.085591,0.998682,logprobs,Alibaba
1517,73,-25,0,0,0,0.202851,0.998622,logprobs,Alibaba
1518,73,-23,1,1,1,0.500884,0.998509,logprobs,Alibaba
1519,73,-21,0,0,0,0.321579,0.997221,logprobs,Alibaba
1520,73,-19,0,0,1,0.500957,0.998744,logprobs,Alibaba
1521,73,-17,0,0,0,0.202457,0.997432,logprobs,Alibaba
1522,73,-15,0,0,0,0.246033,0.994473,logprobs,Alibaba
1523,73,-13,0,0,0,0.408366,0.998258,logprobs,Alibaba
1524,73,-11,0,0,0,0.439438,0.998175,logprobs,Alibaba
1525,73,-9,0,0,0,0.269682,0.997104,logprobs,Alibaba
1526,73,-7,0,0,0,0.469317,0.998103,logprobs,Alibaba
1527,73,-5,0,0,0,0.349812,0.998532,logprobs,Alibaba
1528,73,-3,0,0,1,0.651677,0.999301,logprobs,Alibaba
1529,73,-1,0,0,1,0.6519,0.999248,logprobs,Alibaba
1530,73,1,0,0,0,0.377983,0.999221,logprobs,Alibaba
1531,73,3,0,0,0,0.294899,0.99867,logprobs,Alibaba
1532,73,5,0,0,0,0.377961,0.998442,logprobs,Alibaba
1533,73,7,0,0,0,0.223069,0.998962,logprobs,Alibaba
1534,73,9,0,0,0,0.407885,0.998794,logprobs,Alibaba
1535,73,11,0,0,1,0.59322,0.99914,logprobs,Alibaba
1536,73,13,0,0,0,0.469833,0.998851,logprobs,Alibaba
1537,73,15,0,0,0,0.349353,0.999041,logprobs,Alibaba
1538,73,17,0,0,1,0.532414,0.998719,logprobs,Alibaba
1539,73,19,0,0,1,0.531985,0.99901,logprobs,Alibaba
1540,73,21,0,0,1,0.593155,0.998856,logprobs,Alibaba
1541,73,23,0,0,1,0.893351,0.99936,logprobs,Alibaba
1542,73,25,0,0,1,0.777453,0.999232,logprobs,Alibaba
1543,73,27,0,0,1,0.852043,0.999395,logprobs,Alibaba
1544,73,29,0,0,1,0.932493,0.999584,logprobs,Alibaba
1545,73,31,0,0,1,0.932499,0.999545,logprobs,Alibaba
1546,73,33,0,0,1,0.904804,0.999419,logprobs,Alibaba
1547,73,35,0,0,1,0.939959,0.999634,logprobs,Alibaba
1548,73,37,0,0,1,0.867108,0.999482,logprobs,Alibaba
1549,73,39,0,0,1,0.817827,0.999244,logprobs,Alibaba
1550,73,41,0,0,1,0.867175,0.999075,logprobs,Alibaba
1551,73,43,0,0,1,0.852027,0.999321,logprobs,Alibaba
1552,73,45,0,0,1,0.798461,0.999234,logprobs,Alibaba
1553,73,47,0,0,1,0.679749,0.99931,logprobs,Alibaba
1554,73,49,0,0,1,0.562704,0.999054,logprobs,Alibaba
1555,73,51,0,0,1,0.755298,0.999091,logprobs,Alibaba
1556,73,53,0,0,1,0.679554,0.999047,logprobs,Alibaba
1557,73,55,1,1,1,0.651952,0.998888,logprobs,Alibaba
1558,73,57,0,0,1,0.531705,0.999127,logprobs,Alibaba
1559,73,59,0,0,0,0.469425,0.998488,logprobs,Alibaba
1560,73,61,0,0,1,0.651751,0.998977,logprobs,Alibaba
1561,73,63,0,0,1,0.531789,0.99896,logprobs,Alibaba
1562,73,65,0,0,1,0.706313,0.998982,logprobs,Alibaba
1563,73,67,0,0,1,0.593229,0.998799,logprobs,Alibaba
1564,73,69,0,0,1,0.593064,0.998715,logprobs,Alibaba
1565,73,71,0,0,0,0.349272,0.998853,logprobs,Alibaba
1566,73,73,0,0,0,0.22295,0.999152,logprobs,Alibaba
1567,73,75,0,0,0,0.321143,0.998767,logprobs,Alibaba
1568,73,77,0,0,1,0.798651,0.998911,logprobs,Alibaba
1569,73,79,1,1,1,0.706356,0.999139,logprobs,Alibaba
1570,73,81,1,1,1,0.651706,0.99907,logprobs,Alibaba
1571,73,83,1,1,0,0.407793,0.998738,logprobs,Alibaba
1572,73,85,1,1,1,0.755227,0.999308,logprobs,Alibaba
1573,73,87,1,1,1,0.67962,0.99816,logprobs,Alibaba
1574,73,89,1,1,1,0.531843,0.996808,logprobs,Alibaba
1575,73,91,1,1,1,0.731577,0.999063,logprobs,Alibaba
1576,73,93,1,1,0,0.407953,0.998516,logprobs,Alibaba
1577,73,95,1,1,0,0.408088,0.998984,logprobs,Alibaba
1578,73,97,1,1,1,0.594463,0.998773,logprobs,Alibaba
1579,73,99,1,1,1,0.706306,0.999118,logprobs,Alibaba
1580,73,101,1,0,1,0.731476,0.999327,logprobs,Alibaba
1581,73,103,1,1,1,0.798607,0.999258,logprobs,Alibaba
1582,73,105,1,1,1,0.852139,0.999468,logprobs,Alibaba
1583,73,107,1,1,1,0.777623,0.999135,logprobs,Alibaba
1584,73,109,1,1,1,0.755064,0.999052,logprobs,Alibaba
1585,73,111,1,1,1,0.755277,0.999187,logprobs,Alibaba
1586,73,113,1,1,1,0.880893,0.999463,logprobs,Alibaba
1587,73,115,1,1,1,0.755331,0.999079,logprobs,Alibaba
1588,73,117,1,1,1,0.755211,0.998768,logprobs,Alibaba
1589,73,119,1,1,1,0.65167,0.998826,logprobs,Alibaba
1590,73,121,0,0,1,0.81771,0.999182,logprobs,Alibaba
1591,73,123,0,0,0,0.3494,0.998971,logprobs,Alibaba
1592,73,125,1,1,0,0.438107,0.999098,logprobs,Alibaba
1593,73,127,1,1,0,0.378045,0.99886,logprobs,Alibaba
1594,73,129,1,1,1,0.85212,0.999379,logprobs,Alibaba
1595,73,131,0,0,1,0.706447,0.999316,logprobs,Alibaba
1596,73,133,0,0,1,0.893486,0.999388,logprobs,Alibaba
1597,73,135,0,0,1,0.623416,0.999023,logprobs,Alibaba
1598,73,137,0,0,0,0.438548,0.998607,logprobs,Alibaba
1599,73,139,0,0,0,0.295085,0.999013,logprobs,Alibaba
1600,73,141,0,0,0,0.183018,0.99897,logprobs,Alibaba
1601,73,143,0,0,0,0.106986,0.999244,logprobs,Alibaba
1602,73,145,0,0,0,0.106947,0.999236,logprobs,Alibaba
1603,73,147,0,0,0,0.183097,0.999162,logprobs,Alibaba
1604,73,149,0,0,0,0.245638,0.999069,logprobs,Alibaba
1605,73,151,0,0,0,0.202182,0.99915,logprobs,Alibaba
1606,73,153,0,0,0,0.095725,0.999214,logprobs,Alibaba
1607,73,155,0,0,0,0.119597,0.999068,logprobs,Alibaba
1608,73,157,0,0,0,0.07624,0.999368,logprobs,Alibaba
1609,73,159,0,0,0,0.148318,0.998939,logprobs,Alibaba
1610,73,161,0,0,0,0.119969,0.999174,logprobs,Alibaba
1611,73,163,0,0,0,0.12007,0.999125,logprobs,Alibaba
1612,73,165,0,0,0,0.067905,0.999438,logprobs,Alibaba
1613,73,167,0,0,0,0.042218,0.999529,logprobs,Alibaba
1614,73,169,0,0,0,0.133552,0.999041,logprobs,Alibaba
1615,73,171,0,0,0,0.165032,0.999083,logprobs,Alibaba
1616,73,173,0,0,0,0.037461,0.999474,logprobs,Alibaba
1617,73,175,0,0,0,0.053475,0.999147,logprobs,Alibaba
1618,73,177,0,0,0,0.033139,0.999338,logprobs,Alibaba
1619,73,179,0,0,0,0.076034,0.99942,logprobs,Alibaba
1620,71,-179,1,1,0,0.053518,0.999587,logprobs,Alibaba
1621,71,-177,0,0,0,0.047643,0.999253,logprobs,Alibaba
1622,71,-175,0,0,0,0.095895,0.99899,logprobs,Alibaba
1623,71,-173,0,0,0,0.223588,0.998958,logprobs,Alibaba
1624,71,-171,0,0,0,0.119738,0.999187,logprobs,Alibaba
1625,71,-169,0,0,0,0.223486,0.998854,logprobs,Alibaba
1626,71,-167,0,0,0,0.223708,0.999107,logprobs,Alibaba
1627,71,-165,0,0,0,0.295764,0.999161,logprobs,Alibaba
1628,71,-163,0,0,0,0.246466,0.999126,logprobs,Alibaba
1629,71,-161,0,0,0,0.379459,0.999224,logprobs,Alibaba
1630,71,-159,0,0,0,0.408412,0.999257,logprobs,Alibaba
1631,71,-157,1,1,0,0.245918,0.998902,logprobs,Alibaba
1632,71,-155,1,1,0,0.349348,0.999088,logprobs,Alibaba
1633,71,-153,0,0,0,0.202457,0.999316,logprobs,Alibaba
1634,71,-151,0,0,1,0.652761,0.999126,logprobs,Alibaba
1635,71,-149,0,0,1,0.755876,0.999328,logprobs,Alibaba
1636,71,-147,0,0,0,0.246162,0.999303,logprobs,Alibaba
1637,71,-145,0,0,0,0.379088,0.999311,logprobs,Alibaba
1638,71,-143,0,0,1,0.817945,0.999323,logprobs,Alibaba
1639,71,-141,0,0,1,0.500698,0.999191,logprobs,Alibaba
1640,71,-139,0,0,1,0.563925,0.999112,logprobs,Alibaba
1641,71,-137,0,0,1,0.756553,0.999273,logprobs,Alibaba
1642,71,-135,0,0,1,0.593821,0.999272,logprobs,Alibaba
1643,71,-133,0,0,1,0.818506,0.999314,logprobs,Alibaba
1644,71,-131,0,0,0,0.469325,0.999238,logprobs,Alibaba
1645,71,-129,0,0,1,0.652169,0.999236,logprobs,Alibaba
1646,71,-127,0,0,1,0.652276,0.999145,logprobs,Alibaba
1647,71,-125,0,0,1,0.532997,0.999196,logprobs,Alibaba
1648,71,-123,0,0,1,0.652276,0.999349,logprobs,Alibaba
1649,71,-121,0,0,1,0.731909,0.999391,logprobs,Alibaba
1650,71,-119,0,0,1,0.622871,0.999195,logprobs,Alibaba
1651,71,-117,1,1,1,0.817894,0.999205,logprobs,Alibaba
1652,71,-115,1,1,1,0.881051,0.999426,logprobs,Alibaba
1653,71,-113,1,1,1,0.95267,0.999686,logprobs,Alibaba
1654,71,-111,1,1,1,0.798885,0.999377,logprobs,Alibaba
1655,71,-109,1,1,1,0.680606,0.999227,logprobs,Alibaba
1656,71,-107,1,1,1,0.93251,0.999491,logprobs,Alibaba
1657,71,-105,1,1,1,0.881539,0.999385,logprobs,Alibaba
1658,71,-103,0,0,1,0.924311,0.999466,logprobs,Alibaba
1659,71,-101,0,0,1,0.915198,0.99963,logprobs,Alibaba
1660,71,-99,0,0,1,0.904952,0.999481,logprobs,Alibaba
1661,71,-97,0,0,1,0.777991,0.999048,logprobs,Alibaba
1662,71,-95,1,1,0,0.349967,0.999031,logprobs,Alibaba
1663,71,-93,1,1,0,0.183294,0.99901,logprobs,Alibaba
1664,71,-91,0,0,0,0.349198,0.999192,logprobs,Alibaba
1665,71,-89,1,1,0,0.119681,0.994294,logprobs,Alibaba
1666,71,-87,1,1,0,0.134562,0.997793,logprobs,Alibaba
1667,71,-85,1,1,0,0.223378,0.998736,logprobs,Alibaba
1668,71,-83,1,1,0,0.202453,0.999056,logprobs,Alibaba
1669,71,-81,1,1,0,0.294899,0.997576,logprobs,Alibaba
1670,71,-79,1,1,0,0.223187,0.999102,logprobs,Alibaba
1671,71,-77,1,1,0,0.438937,0.997409,logprobs,Alibaba
1672,71,-75,1,1,0,0.269357,0.997954,logprobs,Alibaba
1673,71,-73,1,1,1,0.680122,0.999221,logprobs,Alibaba
1674,71,-71,1,1,0,0.321262,0.998652,logprobs,Alibaba
1675,71,-69,0,0,1,0.5324,0.998134,logprobs,Alibaba
1676,71,-67,0,0,1,0.563206,0.998946,logprobs,Alibaba
1677,71,-65,0,0,0,0.1483,0.999161,logprobs,Alibaba
1678,71,-63,0,0,0,0.269638,0.999088,logprobs,Alibaba
1679,71,-61,0,0,0,0.165423,0.998687,logprobs,Alibaba
1680,71,-59,0,0,0,0.40857,0.98663,logprobs,Alibaba
1681,71,-57,0,0,0,0.133825,0.998397,logprobs,Alibaba
1682,71,-55,0,0,1,0.531927,0.997896,logprobs,Alibaba
1683,71,-53,0,0,1,0.7065,0.997785,logprobs,Alibaba
1684,71,-51,0,0,1,0.652468,0.996584,logprobs,Alibaba
1685,71,-49,1,1,1,0.652635,0.993209,logprobs,Alibaba
1686,71,-47,1,1,1,0.623006,0.978133,logprobs,Alibaba
1687,71,-45,1,1,1,0.564002,0.993615,logprobs,Alibaba
1688,71,-43,1,1,0,0.148286,0.998891,logprobs,Alibaba
1689,71,-41,1,1,0,0.321692,0.994558,logprobs,Alibaba
1690,71,-39,1,1,0,0.322191,0.996961,logprobs,Alibaba
1691,71,-37,1,1,0,0.14849,0.998021,logprobs,Alibaba
1692,71,-35,1,1,0,0.11968,0.998232,logprobs,Alibaba
1693,71,-33,1,1,0,0.378372,0.996375,logprobs,Alibaba
1694,71,-31,1,1,0,0.085343,0.997374,logprobs,Alibaba
1695,71,-29,1,1,0,0.095741,0.996909,logprobs,Alibaba
1696,71,-27,1,1,0,0.29619,0.998302,logprobs,Alibaba
1697,71,-25,0,0,0,0.269558,0.997556,logprobs,Alibaba
1698,71,-23,1,1,1,0.731422,0.999193,logprobs,Alibaba
1699,71,-21,0,0,1,0.706768,0.99755,logprobs,Alibaba
1700,71,-19,0,0,1,0.706252,0.998966,logprobs,Alibaba
1701,71,-17,0,0,0,0.407911,0.996321,logprobs,Alibaba
1702,71,-15,0,0,0,0.245742,0.99057,logprobs,Alibaba
1703,71,-13,0,0,0,0.469447,0.997251,logprobs,Alibaba
1704,71,-11,0,0,0,0.29619,0.995332,logprobs,Alibaba
1705,71,-9,0,0,0,0.245573,0.993953,logprobs,Alibaba
1706,71,-7,0,0,0,0.378846,0.997367,logprobs,Alibaba
1707,71,-5,0,0,0,0.321766,0.998323,logprobs,Alibaba
1708,71,-3,0,0,1,0.706162,0.999035,logprobs,Alibaba
1709,71,-1,0,0,1,0.777652,0.999413,logprobs,Alibaba
1710,71,1,0,0,0,0.408138,0.998779,logprobs,Alibaba
1711,71,3,0,0,0,0.438694,0.998676,logprobs,Alibaba
1712,71,5,0,0,0,0.438413,0.998687,logprobs,Alibaba
1713,71,7,0,0,1,0.500528,0.998697,logprobs,Alibaba
1714,71,9,0,0,1,0.593732,0.998995,logprobs,Alibaba
1715,71,11,0,0,1,0.500536,0.999194,logprobs,Alibaba
1716,71,13,0,0,1,0.622926,0.999145,logprobs,Alibaba
1717,71,15,0,0,0,0.469396,0.999002,logprobs,Alibaba
1718,71,17,0,0,1,0.706568,0.999128,logprobs,Alibaba
1719,71,19,0,0,1,0.500779,0.998965,logprobs,Alibaba
1720,71,21,0,0,1,0.652009,0.99883,logprobs,Alibaba
1721,71,23,0,0,1,0.798535,0.999212,logprobs,Alibaba
1722,71,25,1,1,1,0.755058,0.999121,logprobs,Alibaba
1723,71,27,0,0,1,0.893451,0.999515,logprobs,Alibaba
1724,71,29,0,0,1,0.852145,0.999285,logprobs,Alibaba
1725,71,31,0,0,1,0.904874,0.999491,logprobs,Alibaba
1726,71,33,0,0,1,0.939996,0.999531,logprobs,Alibaba
1727,71,35,0,0,1,0.880996,0.999265,logprobs,Alibaba
1728,71,37,0,0,1,0.914972,0.999512,logprobs,Alibaba
1729,71,39,0,0,1,0.679476,0.999099,logprobs,Alibaba
1730,71,41,0,0,1,0.731516,0.998956,logprobs,Alibaba
1731,71,43,0,0,1,0.65267,0.998974,logprobs,Alibaba
1732,71,45,0,0,1,0.706268,0.998813,logprobs,Alibaba
1733,71,47,0,0,1,0.731571,0.999168,logprobs,Alibaba
1734,71,49,0,0,1,0.679588,0.999124,logprobs,Alibaba
1735,71,51,0,0,1,0.706014,0.999032,logprobs,Alibaba
1736,71,53,1,1,1,0.562577,0.999072,logprobs,Alibaba
1737,71,55,1,1,0,0.438854,0.998594,logprobs,Alibaba
1738,71,57,0,0,1,0.53158,0.998918,logprobs,Alibaba
1739,71,59,0,0,0,0.438753,0.998993,logprobs,Alibaba
1740,71,61,0,0,1,0.67956,0.999169,logprobs,Alibaba
1741,71,63,0,0,1,0.531502,0.999087,logprobs,Alibaba
1742,71,65,0,0,1,0.622716,0.999186,logprobs,Alibaba
1743,71,67,1,1,1,0.593156,0.999036,logprobs,Alibaba
1744,71,69,1,1,1,0.652111,0.998944,logprobs,Alibaba
1745,71,71,1,1,0,0.245734,0.999085,logprobs,Alibaba
1746,71,73,0,0,0,0.349198,0.998919,logprobs,Alibaba
1747,71,75,1,1,0,0.321593,0.998789,logprobs,Alibaba
1748,71,77,1,1,1,0.731415,0.998795,logprobs,Alibaba
1749,71,79,1,1,1,0.563903,0.998844,logprobs,Alibaba
1750,71,81,1,1,0,0.349451,0.998649,logprobs,Alibaba
1751,71,83,0,0,0,0.183513,0.998739,logprobs,Alibaba
1752,71,85,1,1,0,0.408301,0.998763,logprobs,Alibaba
1753,71,87,1,1,1,0.594006,0.997515,logprobs,Alibaba
1754,71,89,1,1,0,0.245564,0.994426,logprobs,Alibaba
1755,71,91,1,1,0,0.378073,0.998954,logprobs,Alibaba
1756,71,93,1,1,0,0.439015,0.998187,logprobs,Alibaba
1757,71,95,1,1,0,0.295424,0.997794,logprobs,Alibaba
1758,71,97,1,1,1,0.756303,0.999064,logprobs,Alibaba
1759,71,99,1,1,1,0.777809,0.999335,logprobs,Alibaba
1760,71,101,1,1,1,0.755481,0.999207,logprobs,Alibaba
1761,71,103,1,1,1,0.852186,0.999265,logprobs,Alibaba
1762,71,105,1,1,1,0.836019,0.999333,logprobs,Alibaba
1763,71,107,1,1,1,0.867373,0.999295,logprobs,Alibaba
1764,71,109,1,1,1,0.681275,0.999204,logprobs,Alibaba
1765,71,111,1,1,1,0.731785,0.999178,logprobs,Alibaba
1766,71,113,1,1,1,0.798588,0.999289,logprobs,Alibaba
1767,71,115,1,1,1,0.562535,0.999123,logprobs,Alibaba
1768,71,117,1,1,0,0.407961,0.999037,logprobs,Alibaba
1769,71,119,1,1,1,0.500736,0.99891,logprobs,Alibaba
1770,71,121,1,1,1,0.501308,0.998944,logprobs,Alibaba
1771,71,123,1,1,1,0.798377,0.999279,logprobs,Alibaba
1772,71,125,1,1,1,0.932547,0.999549,logprobs,Alibaba
1773,71,127,1,1,1,0.867373,0.999583,logprobs,Alibaba
1774,71,129,1,1,1,0.893421,0.999528,logprobs,Alibaba
1775,71,131,0,0,1,0.817966,0.999231,logprobs,Alibaba
1776,71,133,1,1,1,0.914992,0.999558,logprobs,Alibaba
1777,71,135,1,1,1,0.7984,0.999345,logprobs,Alibaba
1778,71,137,1,1,1,0.653982,0.99896,logprobs,Alibaba
1779,71,139,1,1,0,0.295583,0.998628,logprobs,Alibaba
1780,71,141,1,1,0,0.183193,0.99846,logprobs,Alibaba
1781,71,143,1,1,0,0.107124,0.998967,logprobs,Alibaba
1782,71,145,1,1,0,0.095789,0.99908,logprobs,Alibaba
1783,71,147,1,1,0,0.349955,0.998923,logprobs,Alibaba
1784,71,149,1,1,0,0.439255,0.998744,logprobs,Alibaba
1785,71,151,1,1,0,0.223006,0.999128,logprobs,Alibaba
1786,71,153,0,0,0,0.095774,0.999058,logprobs,Alibaba
1787,71,155,1,1,0,0.246305,0.998963,logprobs,Alibaba
1788,71,157,1,1,0,0.245713,0.999181,logprobs,Alibaba
1789,71,159,0,0,0,0.223699,0.999066,logprobs,Alibaba
1790,71,161,0,0,0,0.294721,0.998977,logprobs,Alibaba
1791,71,163,0,0,0,0.469624,0.999268,logprobs,Alibaba
1792,71,165,0,0,0,0.107014,0.999211,logprobs,Alibaba
1793,71,167,0,0,0,0.068045,0.999118,logprobs,Alibaba
1794,71,169,0,0,0,0.095468,0.998744,logprobs,Alibaba
1795,71,171,0,0,0,0.042302,0.999231,logprobs,Alibaba
1796,71,173,0,0,0,0.164896,0.99899,logprobs,Alibaba
1797,71,175,0,0,0,0.067799,0.99905,logprobs,Alibaba
1798,71,177,0,0,0,0.029416,0.999377,logprobs,Alibaba
1799,71,179,1,1,0,0.067863,0.999335,logprobs,Alibaba
1800,69,-179,0,0,0,0.085276,0.999498,logprobs,Alibaba
1801,69,-177,0,0,0,0.047672,0.999499,logprobs,Alibaba
1802,69,-175,0,0,0,0.085342,0.999307,logprobs,Alibaba
1803,69,-173,0,0,0,0.183183,0.999299,logprobs,Alibaba
1804,69,-171,0,0,0,0.149592,0.999229,logprobs,Alibaba
1805,69,-169,0,0,0,0.133693,0.999305,logprobs,Alibaba
1806,69,-167,0,0,0,0.182818,0.999432,logprobs,Alibaba
1807,69,-165,0,0,0,0.322257,0.998922,logprobs,Alibaba
1808,69,-163,1,1,0,0.439138,0.998958,logprobs,Alibaba
1809,69,-161,1,1,1,0.680063,0.999355,logprobs,Alibaba
1810,69,-159,1,1,1,0.501431,0.999152,logprobs,Alibaba
1811,69,-157,1,1,1,0.652079,0.999361,logprobs,Alibaba
1812,69,-155,1,1,1,0.652341,0.999203,logprobs,Alibaba
1813,69,-153,1,1,1,0.623343,0.999254,logprobs,Alibaba
1814,69,-151,1,1,1,0.755259,0.999289,logprobs,Alibaba
1815,69,-149,1,1,1,0.946702,0.99961,logprobs,Alibaba
1816,69,-147,1,1,1,0.946692,0.999731,logprobs,Alibaba
1817,69,-145,1,1,1,0.835885,0.99959,logprobs,Alibaba
1818,69,-143,1,1,1,0.915109,0.999513,logprobs,Alibaba
1819,69,-141,1,1,1,0.755185,0.999427,logprobs,Alibaba
1820,69,-139,1,1,1,0.881021,0.999539,logprobs,Alibaba
1821,69,-137,0,0,1,0.852425,0.999474,logprobs,Alibaba
1822,69,-135,1,1,1,0.706475,0.999383,logprobs,Alibaba
1823,69,-133,1,1,1,0.867187,0.999521,logprobs,Alibaba
1824,69,-131,1,1,1,0.731547,0.999309,logprobs,Alibaba
1825,69,-129,1,1,1,0.817969,0.999396,logprobs,Alibaba
1826,69,-127,1,1,1,0.706473,0.999451,logprobs,Alibaba
1827,69,-125,1,1,1,0.706803,0.999394,logprobs,Alibaba
1828,69,-123,1,1,1,0.835662,0.999554,logprobs,Alibaba
1829,69,-121,1,1,1,0.852253,0.999326,logprobs,Alibaba
1830,69,-119,1,1,1,0.798502,0.999347,logprobs,Alibaba
1831,69,-117,0,0,1,0.835716,0.999274,logprobs,Alibaba
1832,69,-115,0,0,1,0.867431,0.999424,logprobs,Alibaba
1833,69,-113,1,1,1,0.915215,0.999596,logprobs,Alibaba
1834,69,-111,1,1,1,0.904795,0.999579,logprobs,Alibaba
1835,69,-109,1,1,1,0.867897,0.999492,logprobs,Alibaba
1836,69,-107,0,0,1,0.836017,0.999301,logprobs,Alibaba
1837,69,-105,1,1,1,0.778238,0.999462,logprobs,Alibaba
1838,69,-103,1,1,1,0.731713,0.999295,logprobs,Alibaba
1839,69,-101,0,0,1,0.852099,0.999461,logprobs,Alibaba
1840,69,-99,1,1,1,0.798976,0.999296,logprobs,Alibaba
1841,69,-97,1,1,1,0.755386,0.999125,logprobs,Alibaba
1842,69,-95,0,0,0,0.321481,0.999157,logprobs,Alibaba
1843,69,-93,1,1,0,0.439444,0.998992,logprobs,Alibaba
1844,69,-91,1,1,0,0.349809,0.99897,logprobs,Alibaba
1845,69,-89,1,1,0,0.164999,0.998688,logprobs,Alibaba
1846,69,-87,0,0,0,0.11973,0.998714,logprobs,Alibaba
1847,69,-85,1,1,0,0.14886,0.998828,logprobs,Alibaba
1848,69,-83,1,1,0,0.183274,0.998573,logprobs,Alibaba
1849,69,-81,0,0,0,0.469434,0.996483,logprobs,Alibaba
1850,69,-79,1,1,0,0.349447,0.99828,logprobs,Alibaba
1851,69,-77,0,0,1,0.651842,0.997145,logprobs,Alibaba
1852,69,-75,1,1,0,0.269519,0.998789,logprobs,Alibaba
1853,69,-73,1,1,1,0.531674,0.994986,logprobs,Alibaba
1854,69,-71,1,1,0,0.37815,0.999056,logprobs,Alibaba
1855,69,-69,1,1,0,0.295728,0.998036,logprobs,Alibaba
1856,69,-67,0,0,0,0.378219,0.998187,logprobs,Alibaba
1857,69,-65,0,0,0,0.246033,0.999002,logprobs,Alibaba
1858,69,-63,0,0,0,0.378604,0.998973,logprobs,Alibaba
1859,69,-61,0,0,0,0.245653,0.998661,logprobs,Alibaba
1860,69,-59,0,0,0,0.321807,0.998529,logprobs,Alibaba
1861,69,-57,0,0,0,0.321656,0.994526,logprobs,Alibaba
1862,69,-55,0,0,1,0.531616,0.997006,logprobs,Alibaba
1863,69,-53,0,0,1,0.562886,0.996429,logprobs,Alibaba
1864,69,-51,1,1,1,0.731463,0.992035,logprobs,Alibaba
1865,69,-49,1,1,1,0.731586,0.997606,logprobs,Alibaba
1866,69,-47,1,1,1,0.652096,0.993592,logprobs,Alibaba
1867,69,-45,1,1,1,0.592922,0.97369,logprobs,Alibaba
1868,69,-43,1,1,0,0.321766,0.99671,logprobs,Alibaba
1869,69,-41,1,1,0,0.438937,0.988593,logprobs,Alibaba
1870,69,-39,1,1,1,0.755731,0.988473,logprobs,Alibaba
1871,69,-37,1,1,1,0.563524,0.996128,logprobs,Alibaba
1872,69,-35,1,1,0,0.269727,0.998339,logprobs,Alibaba
1873,69,-33,1,1,0,0.134213,0.992962,logprobs,Alibaba
1874,69,-31,1,1,0,0.165221,0.998167,logprobs,Alibaba
1875,69,-29,1,1,0,0.223028,0.998545,logprobs,Alibaba
1876,69,-27,1,1,0,0.202988,0.996644,logprobs,Alibaba
1877,69,-25,0,0,0,0.378178,0.997852,logprobs,Alibaba
1878,69,-23,0,0,1,0.852117,0.99947,logprobs,Alibaba
1879,69,-21,0,0,1,0.755395,0.998869,logprobs,Alibaba
1880,69,-19,0,0,1,0.798485,0.999236,logprobs,Alibaba
1881,69,-17,0,0,0,0.32244,0.991271,logprobs,Alibaba
1882,69,-15,0,0,0,0.269727,0.979578,logprobs,Alibaba
1883,69,-13,0,0,1,0.501184,0.997602,logprobs,Alibaba
1884,69,-11,0,0,0,0.438243,0.994998,logprobs,Alibaba
1885,69,-9,0,0,0,0.245742,0.994644,logprobs,Alibaba
1886,69,-7,0,0,0,0.379088,0.996322,logprobs,Alibaba
1887,69,-5,0,0,0,0.349732,0.99742,logprobs,Alibaba
1888,69,-3,0,0,1,0.706289,0.999142,logprobs,Alibaba
1889,69,-1,0,0,1,0.755123,0.999347,logprobs,Alibaba
1890,69,1,0,0,0,0.469855,0.999127,logprobs,Alibaba
1891,69,3,0,0,1,0.706105,0.999102,logprobs,Alibaba
1892,69,5,0,0,0,0.439084,0.998377,logprobs,Alibaba
1893,69,7,0,0,1,0.593253,0.999069,logprobs,Alibaba
1894,69,9,0,0,1,0.563206,0.998825,logprobs,Alibaba
1895,69,11,0,0,1,0.679857,0.999142,logprobs,Alibaba
1896,69,13,0,0,1,0.623006,0.99915,logprobs,Alibaba
1897,69,15,0,0,1,0.531985,0.999086,logprobs,Alibaba
1898,69,17,0,0,1,0.706653,0.999226,logprobs,Alibaba
1899,69,19,1,1,1,0.881052,0.999269,logprobs,Alibaba
1900,69,21,1,1,1,0.852192,0.999439,logprobs,Alibaba
1901,69,23,1,1,1,0.852161,0.999381,logprobs,Alibaba
1902,69,25,1,1,1,0.880857,0.999609,logprobs,Alibaba
1903,69,27,1,1,1,0.798445,0.999275,logprobs,Alibaba
1904,69,29,1,1,1,0.817771,0.999372,logprobs,Alibaba
1905,69,31,1,1,1,0.835585,0.999394,logprobs,Alibaba
1906,69,33,1,1,1,0.818029,0.999056,logprobs,Alibaba
1907,69,35,1,1,1,0.731436,0.999267,logprobs,Alibaba
1908,69,37,0,0,1,0.731391,0.999123,logprobs,Alibaba
1909,69,39,0,0,1,0.755098,0.999429,logprobs,Alibaba
1910,69,41,0,0,1,0.817681,0.999343,logprobs,Alibaba
1911,69,43,0,0,1,0.755251,0.99912,logprobs,Alibaba
1912,69,45,0,0,1,0.623244,0.999018,logprobs,Alibaba
1913,69,47,0,0,1,0.679419,0.999264,logprobs,Alibaba
1914,69,49,1,1,1,0.59323,0.99923,logprobs,Alibaba
1915,69,51,0,0,1,0.62297,0.999239,logprobs,Alibaba
1916,69,53,0,0,1,0.651734,0.999173,logprobs,Alibaba
1917,69,55,0,0,0,0.469669,0.998764,logprobs,Alibaba
1918,69,57,0,0,0,0.438146,0.998777,logprobs,Alibaba
1919,69,59,0,0,0,0.40819,0.998969,logprobs,Alibaba
1920,69,61,1,1,1,0.56265,0.999065,logprobs,Alibaba
1921,69,63,1,1,0,0.349197,0.998968,logprobs,Alibaba
1922,69,65,1,1,1,0.679589,0.999166,logprobs,Alibaba
1923,69,67,0,0,0,0.438692,0.999107,logprobs,Alibaba
1924,69,69,1,1,0,0.349449,0.998813,logprobs,Alibaba
1925,69,71,1,1,0,0.294823,0.99889,logprobs,Alibaba
1926,69,73,0,0,0,0.469172,0.998946,logprobs,Alibaba
1927,69,75,0,0,0,0.438634,0.998772,logprobs,Alibaba
1928,69,77,0,0,1,0.867199,0.999473,logprobs,Alibaba
1929,69,79,1,1,1,0.594377,0.999031,logprobs,Alibaba
1930,69,81,1,1,1,0.593902,0.998863,logprobs,Alibaba
1931,69,83,1,1,0,0.408044,0.998909,logprobs,Alibaba
1932,69,85,1,1,1,0.59342,0.999068,logprobs,Alibaba
1933,69,87,1,1,1,0.731363,0.999009,logprobs,Alibaba
1934,69,89,1,1,0,0.40809,0.998659,logprobs,Alibaba
1935,69,91,1,0,1,0.867206,0.999568,logprobs,Alibaba
1936,69,93,1,1,1,0.852083,0.999474,logprobs,Alibaba
1937,69,95,1,1,1,0.531942,0.99889,logprobs,Alibaba
1938,69,97,1,1,1,0.852219,0.999312,logprobs,Alibaba
1939,69,99,1,1,1,0.924312,0.999581,logprobs,Alibaba
1940,69,101,1,1,1,0.85214,0.999377,logprobs,Alibaba
1941,69,103,1,1,1,0.817771,0.999342,logprobs,Alibaba
1942,69,105,1,1,1,0.867766,0.999325,logprobs,Alibaba
1943,69,107,1,1,1,0.817792,0.999366,logprobs,Alibaba
1944,69,109,1,1,1,0.799061,0.999119,logprobs,Alibaba
1945,69,111,1,1,1,0.755233,0.999449,logprobs,Alibaba
1946,69,113,1,1,1,0.939939,0.999609,logprobs,Alibaba
1947,69,115,1,1,1,0.652081,0.999202,logprobs,Alibaba
1948,69,117,1,1,1,0.731736,0.999169,logprobs,Alibaba
1949,69,119,1,1,1,0.731736,0.998894,logprobs,Alibaba
1950,69,121,1,1,1,0.852041,0.999512,logprobs,Alibaba
1951,69,123,1,1,1,0.85212,0.999406,logprobs,Alibaba
1952,69,125,1,1,1,0.817697,0.99938,logprobs,Alibaba
1953,69,127,1,1,1,0.932509,0.999507,logprobs,Alibaba
1954,69,129,1,1,1,0.904952,0.999459,logprobs,Alibaba
1955,69,131,1,1,1,0.755459,0.999316,logprobs,Alibaba
1956,69,133,1,1,1,0.893386,0.999463,logprobs,Alibaba
1957,69,135,1,1,1,0.852137,0.999402,logprobs,Alibaba
1958,69,137,1,1,1,0.706263,0.999183,logprobs,Alibaba
1959,69,139,1,1,1,0.706585,0.999239,logprobs,Alibaba
1960,69,141,1,1,1,0.679843,0.99911,logprobs,Alibaba
1961,69,143,1,1,1,0.622982,0.999044,logprobs,Alibaba
1962,69,145,1,1,0,0.438501,0.999118,logprobs,Alibaba
1963,69,147,1,1,1,0.594474,0.99916,logprobs,Alibaba
1964,69,149,1,1,1,0.777759,0.999259,logprobs,Alibaba
1965,69,151,1,1,0,0.407862,0.998859,logprobs,Alibaba
1966,69,153,1,1,0,0.295283,0.999057,logprobs,Alibaba
1967,69,155,1,1,1,0.59354,0.999209,logprobs,Alibaba
1968,69,157,1,1,0,0.165207,0.999229,logprobs,Alibaba
1969,69,159,1,1,0,0.321254,0.998991,logprobs,Alibaba
1970,69,161,1,1,1,0.623618,0.999114,logprobs,Alibaba
1971,69,163,1,1,1,0.562968,0.999135,logprobs,Alibaba
1972,69,165,1,1,0,0.223378,0.999079,logprobs,Alibaba
1973,69,167,1,1,0,0.182837,0.999246,logprobs,Alibaba
1974,69,169,1,1,0,0.07631,0.999414,logprobs,Alibaba
1975,69,171,1,1,0,0.133557,0.99932,logprobs,Alibaba
1976,69,173,1,1,0,0.202537,0.99926,logprobs,Alibaba
1977,69,175,1,1,0,0.085534,0.999437,logprobs,Alibaba
1978,69,177,1,1,0,0.060341,0.999404,logprobs,Alibaba
1979,69,179,1,1,0,0.11962,0.999408,logprobs,Alibaba
1980,67,-179,1,1,0,0.067793,0.999506,logprobs,Alibaba
1981,67,-177,1,1,0,0.047784,0.999586,logprobs,Alibaba
1982,67,-175,1,1,0,0.060971,0.999532,logprobs,Alibaba
1983,67,-173,1,1,0,0.164962,0.999415,logprobs,Alibaba
1984,67,-171,0,0,0,0.076136,0.999554,logprobs,Alibaba
1985,67,-169,0,0,0,0.165519,0.999275,logprobs,Alibaba
1986,67,-167,0,0,0,0.119608,0.999326,logprobs,Alibaba
1987,67,-165,0,0,0,0.133304,0.999492,logprobs,Alibaba
1988,67,-163,0,0,0,0.408279,0.999192,logprobs,Alibaba
1989,67,-161,1,1,1,0.62378,0.99924,logprobs,Alibaba
1990,67,-159,1,1,1,0.593579,0.999382,logprobs,Alibaba
1991,67,-157,1,1,1,0.706264,0.999359,logprobs,Alibaba
1992,67,-155,1,1,1,0.798638,0.99951,logprobs,Alibaba
1993,67,-153,1,1,1,0.817825,0.999579,logprobs,Alibaba
1994,67,-151,1,1,1,0.852335,0.999392,logprobs,Alibaba
1995,67,-149,1,1,1,0.914976,0.999601,logprobs,Alibaba
1996,67,-147,1,1,1,0.904882,0.999623,logprobs,Alibaba
1997,67,-145,1,1,1,0.835738,0.999521,logprobs,Alibaba
1998,67,-143,1,1,1,0.893429,0.99931,logprobs,Alibaba
1999,67,-141,1,1,1,0.731316,0.999164,logprobs,Alibaba
2000,67,-139,1,1,1,0.777907,0.999237,logprobs,Alibaba
2001,67,-137,1,1,1,0.852404,0.999469,logprobs,Alibaba
2002,67,-135,1,1,1,0.798378,0.999539,logprobs,Alibaba
2003,67,-133,1,1,1,0.867249,0.999528,logprobs,Alibaba
2004,67,-131,1,1,1,0.755357,0.999368,logprobs,Alibaba
2005,67,-129,1,1,1,0.817895,0.99937,logprobs,Alibaba
2006,67,-127,1,1,1,0.817803,0.999284,logprobs,Alibaba
2007,67,-125,1,1,1,0.817797,0.999473,logprobs,Alibaba
2008,67,-123,1,1,1,0.835655,0.999474,logprobs,Alibaba
2009,67,-121,1,1,1,0.893435,0.999506,logprobs,Alibaba
2010,67,-119,1,1,1,0.835688,0.999442,logprobs,Alibaba
2011,67,-117,1,1,1,0.904763,0.99964,logprobs,Alibaba
2012,67,-115,1,1,1,0.835654,0.999305,logprobs,Alibaba
2013,67,-113,1,1,1,0.924299,0.99935,logprobs,Alibaba
2014,67,-111,1,1,1,0.817864,0.999431,logprobs,Alibaba
2015,67,-109,1,1,1,0.623462,0.999246,logprobs,Alibaba
2016,67,-107,1,1,1,0.798925,0.999233,logprobs,Alibaba
2017,67,-105,1,1,1,0.835852,0.999566,logprobs,Alibaba
2018,67,-103,1,1,1,0.817895,0.999396,logprobs,Alibaba
2019,67,-101,1,1,1,0.798572,0.999335,logprobs,Alibaba
2020,67,-99,1,1,1,0.817833,0.999381,logprobs,Alibaba
2021,67,-97,1,1,1,0.593906,0.999088,logprobs,Alibaba
2022,67,-95,1,1,0,0.469505,0.999334,logprobs,Alibaba
2023,67,-93,1,1,1,0.651923,0.999506,logprobs,Alibaba
2024,67,-91,1,1,0,0.378593,0.999296,logprobs,Alibaba
2025,67,-89,1,1,0,0.295764,0.999083,logprobs,Alibaba
2026,67,-87,1,1,0,0.224336,0.999233,logprobs,Alibaba
2027,67,-85,1,1,0,0.438593,0.999103,logprobs,Alibaba
2028,67,-83,1,1,0,0.349165,0.999208,logprobs,Alibaba
2029,67,-81,0,0,1,0.500999,0.998672,logprobs,Alibaba
2030,67,-79,0,0,0,0.469566,0.999324,logprobs,Alibaba
2031,67,-77,0,0,0,0.321938,0.998438,logprobs,Alibaba
2032,67,-75,0,0,1,0.593015,0.999041,logprobs,Alibaba
2033,67,-73,0,0,1,0.798422,0.999306,logprobs,Alibaba
2034,67,-71,1,0,1,0.531814,0.998997,logprobs,Alibaba
2035,67,-69,1,1,1,0.680163,0.998675,logprobs,Alibaba
2036,67,-67,1,1,0,0.269597,0.998801,logprobs,Alibaba
2037,67,-65,1,1,0,0.148615,0.999159,logprobs,Alibaba
2038,67,-63,0,0,0,0.439031,0.998545,logprobs,Alibaba
2039,67,-61,0,0,0,0.202872,0.999164,logprobs,Alibaba
2040,67,-59,0,0,0,0.295758,0.998165,logprobs,Alibaba
2041,67,-57,0,0,0,0.349809,0.998751,logprobs,Alibaba
2042,67,-55,0,0,1,0.500833,0.998346,logprobs,Alibaba
2043,67,-53,1,1,1,0.62382,0.994699,logprobs,Alibaba
2044,67,-51,1,1,1,0.798814,0.998029,logprobs,Alibaba
2045,67,-49,1,1,1,0.7775,0.998861,logprobs,Alibaba
2046,67,-47,1,1,1,0.593053,0.99343,logprobs,Alibaba
2047,67,-45,1,1,1,0.531592,0.992462,logprobs,Alibaba
2048,67,-43,1,1,0,0.349553,0.992788,logprobs,Alibaba
2049,67,-41,1,1,0,0.408478,0.993598,logprobs,Alibaba
2050,67,-39,1,1,1,0.562886,0.985901,logprobs,Alibaba
2051,67,-37,1,1,0,0.246036,0.998653,logprobs,Alibaba
2052,67,-35,1,1,0,0.060365,0.999059,logprobs,Alibaba
2053,67,-33,0,0,0,0.085656,0.997803,logprobs,Alibaba
2054,67,-31,0,0,0,0.047895,0.99812,logprobs,Alibaba
2055,67,-29,0,0,0,0.202639,0.998646,logprobs,Alibaba
2056,67,-27,0,0,0,0.10716,0.997113,logprobs,Alibaba
2057,67,-25,0,0,0,0.407948,0.995599,logprobs,Alibaba
2058,67,-23,0,0,1,0.706132,0.999205,logprobs,Alibaba
2059,67,-21,0,0,1,0.852135,0.999315,logprobs,Alibaba
2060,67,-19,0,0,1,0.867165,0.999361,logprobs,Alibaba
2061,67,-17,0,0,0,0.148615,0.996265,logprobs,Alibaba
2062,67,-15,0,0,0,0.269257,0.985673,logprobs,Alibaba
2063,67,-13,0,0,0,0.269639,0.996432,logprobs,Alibaba
2064,67,-11,0,0,0,0.32164,0.989211,logprobs,Alibaba
2065,67,-9,0,0,0,0.378173,0.995261,logprobs,Alibaba
2066,67,-7,0,0,0,0.269314,0.992755,logprobs,Alibaba
2067,67,-5,0,0,0,0.245536,0.996986,logprobs,Alibaba
2068,67,-3,0,0,1,0.500688,0.998487,logprobs,Alibaba
2069,67,-1,0,0,1,0.531843,0.998781,logprobs,Alibaba
2070,67,1,0,0,1,0.500473,0.998941,logprobs,Alibaba
2071,67,3,0,0,1,0.651753,0.998843,logprobs,Alibaba
2072,67,5,0,0,0,0.408245,0.998049,logprobs,Alibaba
2073,67,7,0,0,1,0.500562,0.998754,logprobs,Alibaba
2074,67,9,0,0,1,0.731989,0.998799,logprobs,Alibaba
2075,67,11,0,0,1,0.731599,0.99921,logprobs,Alibaba
2076,67,13,0,0,1,0.835686,0.999284,logprobs,Alibaba
2077,67,15,1,1,1,0.679681,0.9993,logprobs,Alibaba
2078,67,17,1,1,1,0.77753,0.999326,logprobs,Alibaba
2079,67,19,1,1,1,0.880916,0.99927,logprobs,Alibaba
2080,67,21,1,1,1,0.881048,0.999292,logprobs,Alibaba
2081,67,23,1,1,1,0.880866,0.999314,logprobs,Alibaba
2082,67,25,1,1,1,0.914962,0.999518,logprobs,Alibaba
2083,67,27,1,1,1,0.893398,0.999496,logprobs,Alibaba
2084,67,29,1,1,1,0.880891,0.999532,logprobs,Alibaba
2085,67,31,1,1,1,0.817827,0.99913,logprobs,Alibaba
2086,67,33,1,1,1,0.835853,0.999259,logprobs,Alibaba
2087,67,35,1,1,1,0.835645,0.999445,logprobs,Alibaba
2088,67,37,1,1,1,0.706042,0.999201,logprobs,Alibaba
2089,67,39,1,1,1,0.755363,0.999238,logprobs,Alibaba
2090,67,41,1,1,1,0.817704,0.999037,logprobs,Alibaba
2091,67,43,0,0,1,0.798378,0.999266,logprobs,Alibaba
2092,67,45,1,1,1,0.777525,0.999467,logprobs,Alibaba
2093,67,47,0,0,1,0.679605,0.999231,logprobs,Alibaba
2094,67,49,1,1,1,0.651653,0.999299,logprobs,Alibaba
2095,67,51,1,1,1,0.593109,0.999189,logprobs,Alibaba
2096,67,53,1,1,1,0.59301,0.999123,logprobs,Alibaba
2097,67,55,1,1,1,0.531781,0.999134,logprobs,Alibaba
2098,67,57,1,1,1,0.5008,0.999151,logprobs,Alibaba
2099,67,59,1,1,1,0.67936,0.999284,logprobs,Alibaba
2100,67,61,1,1,1,0.593387,0.998792,logprobs,Alibaba
2101,67,63,1,1,1,0.500445,0.999235,logprobs,Alibaba
2102,67,65,1,1,1,0.531634,0.999208,logprobs,Alibaba
2103,67,67,1,1,0,0.377779,0.998548,logprobs,Alibaba
2104,67,69,1,1,0,0.469224,0.999032,logprobs,Alibaba
2105,67,71,1,1,0,0.469455,0.999163,logprobs,Alibaba
2106,67,73,0,0,1,0.593011,0.9993,logprobs,Alibaba
2107,67,75,1,1,0,0.438194,0.999122,logprobs,Alibaba
2108,67,77,1,1,0,0.469234,0.998225,logprobs,Alibaba
2109,67,79,1,1,1,0.563086,0.998784,logprobs,Alibaba
2110,67,81,1,1,1,0.622926,0.999044,logprobs,Alibaba
2111,67,83,1,1,0,0.469604,0.998967,logprobs,Alibaba
2112,67,85,1,1,1,0.562907,0.999181,logprobs,Alibaba
2113,67,87,1,1,1,0.707145,0.999143,logprobs,Alibaba
2114,67,89,1,1,1,0.531714,0.999039,logprobs,Alibaba
2115,67,91,1,1,1,0.777665,0.999428,logprobs,Alibaba
2116,67,93,1,1,1,0.867282,0.999467,logprobs,Alibaba
2117,67,95,1,1,1,0.500603,0.999241,logprobs,Alibaba
2118,67,97,1,1,1,0.77785,0.999186,logprobs,Alibaba
2119,67,99,1,1,1,0.852016,0.999488,logprobs,Alibaba
2120,67,101,1,1,1,0.852056,0.999441,logprobs,Alibaba
2121,67,103,1,1,1,0.835689,0.999393,logprobs,Alibaba
2122,67,105,1,1,1,0.867189,0.999289,logprobs,Alibaba
2123,67,107,1,1,1,0.881164,0.999441,logprobs,Alibaba
2124,67,109,1,1,1,0.755532,0.999197,logprobs,Alibaba
2125,67,111,1,1,1,0.755177,0.999427,logprobs,Alibaba
2126,67,113,1,1,1,0.924311,0.99947,logprobs,Alibaba
2127,67,115,1,1,1,0.73159,0.999112,logprobs,Alibaba
2128,67,117,1,1,1,0.731281,0.99932,logprobs,Alibaba
2129,67,119,1,1,1,0.798372,0.999386,logprobs,Alibaba
2130,67,121,1,1,1,0.893397,0.999483,logprobs,Alibaba
2131,67,123,1,1,1,0.798374,0.999286,logprobs,Alibaba
2132,67,125,1,1,1,0.835717,0.999307,logprobs,Alibaba
2133,67,127,1,1,1,0.91493,0.999513,logprobs,Alibaba
2134,67,129,1,1,1,0.88088,0.999548,logprobs,Alibaba
2135,67,131,1,1,1,0.817747,0.999425,logprobs,Alibaba
2136,67,133,1,1,1,0.88097,0.999445,logprobs,Alibaba
2137,67,135,1,1,1,0.880919,0.999417,logprobs,Alibaba
2138,67,137,1,1,1,0.755546,0.999277,logprobs,Alibaba
2139,67,139,1,1,1,0.731922,0.999072,logprobs,Alibaba
2140,67,141,1,1,1,0.731242,0.999433,logprobs,Alibaba
2141,67,143,1,1,1,0.817878,0.999338,logprobs,Alibaba
2142,67,145,1,1,1,0.706119,0.999325,logprobs,Alibaba
2143,67,147,1,1,1,0.731288,0.99913,logprobs,Alibaba
2144,67,149,1,1,1,0.500558,0.999206,logprobs,Alibaba
2145,67,151,1,1,1,0.501396,0.999128,logprobs,Alibaba
2146,67,153,1,1,0,0.245685,0.999185,logprobs,Alibaba
2147,67,155,1,1,1,0.562723,0.999351,logprobs,Alibaba
2148,67,157,1,1,0,0.202441,0.999203,logprobs,Alibaba
2149,67,159,1,1,0,0.203132,0.999121,logprobs,Alibaba
2150,67,161,1,1,0,0.349633,0.999229,logprobs,Alibaba
2151,67,163,1,1,0,0.407837,0.999109,logprobs,Alibaba
2152,67,165,1,1,0,0.202193,0.999297,logprobs,Alibaba
2153,67,167,1,1,0,0.107373,0.99938,logprobs,Alibaba
2154,67,169,1,1,0,0.148662,0.999392,logprobs,Alibaba
2155,67,171,1,1,0,0.060402,0.999443,logprobs,Alibaba
2156,67,173,1,1,0,0.067726,0.999601,logprobs,Alibaba
2157,67,175,1,1,0,0.067661,0.99943,logprobs,Alibaba
2158,67,177,1,1,0,0.053689,0.999582,logprobs,Alibaba
2159,67,179,1,1,0,0.095734,0.999549,logprobs,Alibaba
2160,65,-179,0,0,0,0.107222,0.999419,logprobs,Alibaba
2161,65,-177,0,0,0,0.042313,0.999475,logprobs,Alibaba
2162,65,-175,1,1,0,0.12018,0.999604,logprobs,Alibaba
2163,65,-173,1,1,0,0.08553,0.999593,logprobs,Alibaba
2164,65,-171,0,0,0,0.095603,0.999515,logprobs,Alibaba
2165,65,-169,0,0,0,0.165391,0.999353,logprobs,Alibaba
2166,65,-167,0,0,0,0.165038,0.999502,logprobs,Alibaba
2167,65,-165,1,1,0,0.202152,0.999544,logprobs,Alibaba
2168,65,-163,1,1,0,0.321791,0.999368,logprobs,Alibaba
2169,65,-161,1,1,1,0.65228,0.999208,logprobs,Alibaba
2170,65,-159,1,1,0,0.438548,0.999233,logprobs,Alibaba
2171,65,-157,1,1,1,0.563923,0.999143,logprobs,Alibaba
2172,65,-155,1,1,1,0.915017,0.999616,logprobs,Alibaba
2173,65,-153,1,1,1,0.817729,0.999489,logprobs,Alibaba
2174,65,-151,1,1,1,0.90475,0.999627,logprobs,Alibaba
2175,65,-149,1,1,1,0.924326,0.99955,logprobs,Alibaba
2176,65,-147,1,1,1,0.962732,0.999736,logprobs,Alibaba
2177,65,-145,1,1,1,0.880867,0.999427,logprobs,Alibaba
2178,65,-143,1,1,1,0.924214,0.999666,logprobs,Alibaba
2179,65,-141,1,1,1,0.835823,0.999526,logprobs,Alibaba
2180,65,-139,1,1,1,0.880912,0.999589,logprobs,Alibaba
2181,65,-137,1,1,1,0.893469,0.999429,logprobs,Alibaba
2182,65,-135,1,1,1,0.932519,0.99967,logprobs,Alibaba
2183,65,-133,1,1,1,0.924206,0.999526,logprobs,Alibaba
2184,65,-131,1,1,1,0.852187,0.999488,logprobs,Alibaba
2185,65,-129,1,1,1,0.904722,0.999539,logprobs,Alibaba
2186,65,-127,1,1,1,0.924231,0.999572,logprobs,Alibaba
2187,65,-125,1,1,1,0.89337,0.999533,logprobs,Alibaba
2188,65,-123,1,1,1,0.893369,0.999466,logprobs,Alibaba
2189,65,-121,1,0,1,0.946671,0.999549,logprobs,Alibaba
2190,65,-119,1,1,1,0.904748,0.999536,logprobs,Alibaba
2191,65,-117,1,1,1,0.939987,0.999588,logprobs,Alibaba
2192,65,-115,1,1,1,0.940078,0.999612,logprobs,Alibaba
2193,65,-113,1,1,1,0.96695,0.999678,logprobs,Alibaba
2194,65,-111,1,1,1,0.932504,0.999566,logprobs,Alibaba
2195,65,-109,1,1,1,0.915001,0.999571,logprobs,Alibaba
2196,65,-107,1,1,1,0.880894,0.999479,logprobs,Alibaba
2197,65,-105,1,1,1,0.932517,0.999643,logprobs,Alibaba
2198,65,-103,1,0,1,0.946785,0.99952,logprobs,Alibaba
2199,65,-101,1,1,1,0.852085,0.999442,logprobs,Alibaba
2200,65,-99,1,1,1,0.970708,0.999662,logprobs,Alibaba
2201,65,-97,1,1,1,0.798976,0.999339,logprobs,Alibaba
2202,65,-95,1,1,1,0.651979,0.999162,logprobs,Alibaba
2203,65,-93,1,1,1,0.755152,0.99929,logprobs,Alibaba
2204,65,-91,1,1,1,0.593226,0.999281,logprobs,Alibaba
2205,65,-89,1,1,0,0.349812,0.999089,logprobs,Alibaba
2206,65,-87,0,0,0,0.379067,0.99921,logprobs,Alibaba
2207,65,-85,1,1,0,0.408366,0.999039,logprobs,Alibaba
2208,65,-83,0,0,0,0.378471,0.999208,logprobs,Alibaba
2209,65,-81,0,0,0,0.469362,0.998616,logprobs,Alibaba
2210,65,-79,0,0,1,0.500965,0.999154,logprobs,Alibaba
2211,65,-77,1,1,0,0.349553,0.998982,logprobs,Alibaba
2212,65,-75,1,1,0,0.469425,0.999111,logprobs,Alibaba
2213,65,-73,1,1,1,0.706212,0.99927,logprobs,Alibaba
2214,65,-71,1,0,0,0.40763,0.999063,logprobs,Alibaba
2215,65,-69,1,1,0,0.469731,0.997521,logprobs,Alibaba
2216,65,-67,1,1,0,0.377986,0.999061,logprobs,Alibaba
2217,65,-65,0,0,0,0.095681,0.997912,logprobs,Alibaba
2218,65,-63,0,0,0,0.182709,0.999029,logprobs,Alibaba
2219,65,-61,0,0,0,0.34963,0.99889,logprobs,Alibaba
2220,65,-59,0,0,0,0.148483,0.998907,logprobs,Alibaba
2221,65,-57,0,0,0,0.165005,0.999055,logprobs,Alibaba
2222,65,-55,0,0,0,0.294866,0.999076,logprobs,Alibaba
2223,65,-53,0,0,1,0.563496,0.998578,logprobs,Alibaba
2224,65,-51,1,1,1,0.679842,0.99851,logprobs,Alibaba
2225,65,-49,1,1,1,0.798569,0.998747,logprobs,Alibaba
2226,65,-47,1,1,0,0.469744,0.997605,logprobs,Alibaba
2227,65,-45,1,1,0,0.409361,0.996546,logprobs,Alibaba
2228,65,-43,1,1,0,0.469387,0.99864,logprobs,Alibaba
2229,65,-41,0,0,0,0.34896,0.999005,logprobs,Alibaba
2230,65,-39,0,0,0,0.322653,0.9889,logprobs,Alibaba
2231,65,-37,0,0,0,0.107279,0.998688,logprobs,Alibaba
2232,65,-35,0,0,0,0.133184,0.998399,logprobs,Alibaba
2233,65,-33,0,0,0,0.06827,0.997379,logprobs,Alibaba
2234,65,-31,0,0,0,0.095905,0.997909,logprobs,Alibaba
2235,65,-29,0,0,0,0.245653,0.995753,logprobs,Alibaba
2236,65,-27,0,0,0,0.294753,0.996753,logprobs,Alibaba
2237,65,-25,0,0,1,0.835577,0.999357,logprobs,Alibaba
2238,65,-23,1,1,1,0.652009,0.999102,logprobs,Alibaba
2239,65,-21,1,1,1,0.904795,0.999439,logprobs,Alibaba
2240,65,-19,1,1,1,0.881021,0.999589,logprobs,Alibaba
2241,65,-17,1,1,0,0.438753,0.998585,logprobs,Alibaba
2242,65,-15,1,1,0,0.13328,0.989578,logprobs,Alibaba
2243,65,-13,0,0,0,0.321143,0.986717,logprobs,Alibaba
2244,65,-11,0,0,0,0.296199,0.991171,logprobs,Alibaba
2245,65,-9,0,0,0,0.37837,0.995262,logprobs,Alibaba
2246,65,-7,0,0,0,0.269399,0.987107,logprobs,Alibaba
2247,65,-5,0,0,0,0.106848,0.995238,logprobs,Alibaba
2248,65,-3,0,0,0,0.438229,0.99905,logprobs,Alibaba
2249,65,-1,0,0,1,0.562565,0.999141,logprobs,Alibaba
2250,65,1,0,0,0,0.469138,0.998603,logprobs,Alibaba
2251,65,3,0,0,1,0.622926,0.998954,logprobs,Alibaba
2252,65,5,0,0,0,0.438388,0.998539,logprobs,Alibaba
2253,65,7,0,0,1,0.651719,0.99877,logprobs,Alibaba
2254,65,9,0,0,1,0.706169,0.99896,logprobs,Alibaba
2255,65,11,0,0,1,0.79886,0.999139,logprobs,Alibaba
2256,65,13,1,1,1,0.798333,0.999271,logprobs,Alibaba
2257,65,15,1,1,1,0.835647,0.999242,logprobs,Alibaba
2258,65,17,1,1,1,0.817792,0.999357,logprobs,Alibaba
2259,65,19,1,1,1,0.867152,0.999386,logprobs,Alibaba
2260,65,21,1,1,1,0.835555,0.999462,logprobs,Alibaba
2261,65,23,0,0,1,0.914946,0.999565,logprobs,Alibaba
2262,65,25,0,0,1,0.946667,0.999671,logprobs,Alibaba
2263,65,27,1,1,1,0.924199,0.99955,logprobs,Alibaba
2264,65,29,1,1,1,0.893342,0.999391,logprobs,Alibaba
2265,65,31,1,1,1,0.893421,0.999461,logprobs,Alibaba
2266,65,33,1,1,1,0.880907,0.999356,logprobs,Alibaba
2267,65,35,0,0,1,0.798379,0.999322,logprobs,Alibaba
2268,65,37,1,1,1,0.880922,0.999564,logprobs,Alibaba
2269,65,39,0,0,1,0.932481,0.999545,logprobs,Alibaba
2270,65,41,1,1,1,0.798402,0.999214,logprobs,Alibaba
2271,65,43,1,1,1,0.835638,0.999402,logprobs,Alibaba
2272,65,45,1,1,1,0.705909,0.999174,logprobs,Alibaba
2273,65,47,1,1,1,0.679835,0.99917,logprobs,Alibaba
2274,65,49,1,1,1,0.755123,0.999316,logprobs,Alibaba
2275,65,51,1,1,1,0.679363,0.999122,logprobs,Alibaba
2276,65,53,1,1,1,0.679422,0.999122,logprobs,Alibaba
2277,65,55,1,1,1,0.622712,0.99911,logprobs,Alibaba
2278,65,57,1,1,1,0.562372,0.999131,logprobs,Alibaba
2279,65,59,1,1,1,0.562604,0.99905,logprobs,Alibaba
2280,65,61,1,1,1,0.593113,0.999073,logprobs,Alibaba
2281,65,63,1,1,0,0.349156,0.999038,logprobs,Alibaba
2282,65,65,1,1,0,0.377777,0.999085,logprobs,Alibaba
2283,65,67,1,1,0,0.469277,0.999101,logprobs,Alibaba
2284,65,69,1,1,1,0.622657,0.999065,logprobs,Alibaba
2285,65,71,1,1,1,0.501028,0.998691,logprobs,Alibaba
2286,65,73,1,1,1,0.500526,0.999138,logprobs,Alibaba
2287,65,75,1,1,1,0.562536,0.998997,logprobs,Alibaba
2288,65,77,1,1,1,0.651845,0.99926,logprobs,Alibaba
2289,65,79,1,1,1,0.531514,0.999105,logprobs,Alibaba
2290,65,81,1,1,1,0.651627,0.99914,logprobs,Alibaba
2291,65,83,1,1,1,0.623026,0.999104,logprobs,Alibaba
2292,65,85,1,1,1,0.651963,0.999033,logprobs,Alibaba
2293,65,87,1,1,1,0.798313,0.99938,logprobs,Alibaba
2294,65,89,1,1,1,0.500418,0.998869,logprobs,Alibaba
2295,65,91,1,1,1,0.852194,0.999308,logprobs,Alibaba
2296,65,93,1,1,1,0.915003,0.999523,logprobs,Alibaba
2297,65,95,1,1,1,0.777558,0.999309,logprobs,Alibaba
2298,65,97,1,1,1,0.818081,0.999353,logprobs,Alibaba
2299,65,99,1,1,1,0.915018,0.999525,logprobs,Alibaba
2300,65,101,1,1,1,0.914972,0.999514,logprobs,Alibaba
2301,65,103,1,1,1,0.952603,0.999641,logprobs,Alibaba
2302,65,105,1,1,1,0.914964,0.999554,logprobs,Alibaba
2303,65,107,1,1,1,0.835565,0.999214,logprobs,Alibaba
2304,65,109,1,1,1,0.893469,0.999429,logprobs,Alibaba
2305,65,111,1,1,1,0.880993,0.999267,logprobs,Alibaba
2306,65,113,1,1,1,0.893387,0.999508,logprobs,Alibaba
2307,65,115,1,1,1,0.89347,0.999445,logprobs,Alibaba
2308,65,117,1,1,1,0.92426,0.99949,logprobs,Alibaba
2309,65,119,1,1,1,0.852259,0.99937,logprobs,Alibaba
2310,65,121,1,1,1,0.915015,0.999457,logprobs,Alibaba
2311,65,123,1,1,1,0.798415,0.999332,logprobs,Alibaba
2312,65,125,1,1,1,0.915208,0.99939,logprobs,Alibaba
2313,65,127,1,1,1,0.924222,0.999493,logprobs,Alibaba
2314,65,129,1,1,1,0.946649,0.999655,logprobs,Alibaba
2315,65,131,1,1,1,0.9047,0.999582,logprobs,Alibaba
2316,65,133,1,1,1,0.924223,0.999508,logprobs,Alibaba
2317,65,135,1,1,1,0.914982,0.999465,logprobs,Alibaba
2318,65,137,1,1,1,0.731361,0.999028,logprobs,Alibaba
2319,65,139,1,1,1,0.924223,0.999337,logprobs,Alibaba
2320,65,141,1,1,1,0.852116,0.999514,logprobs,Alibaba
2321,65,143,1,1,1,0.79849,0.999296,logprobs,Alibaba
2322,65,145,1,1,1,0.731199,0.999279,logprobs,Alibaba
2323,65,147,1,1,1,0.881038,0.999595,logprobs,Alibaba
2324,65,149,1,1,1,0.90473,0.999457,logprobs,Alibaba
2325,65,151,1,1,1,0.652326,0.99912,logprobs,Alibaba
2326,65,153,1,1,1,0.500907,0.99916,logprobs,Alibaba
2327,65,155,1,1,1,0.593146,0.999206,logprobs,Alibaba
2328,65,157,1,1,0,0.22306,0.999304,logprobs,Alibaba
2329,65,159,1,1,0,0.294702,0.999206,logprobs,Alibaba
2330,65,161,1,1,0,0.438786,0.999241,logprobs,Alibaba
2331,65,163,1,1,0,0.32186,0.999093,logprobs,Alibaba
2332,65,165,1,1,0,0.164783,0.999266,logprobs,Alibaba
2333,65,167,1,1,0,0.148308,0.999522,logprobs,Alibaba
2334,65,169,1,1,0,0.202304,0.999413,logprobs,Alibaba
2335,65,171,1,1,0,0.148611,0.999216,logprobs,Alibaba
2336,65,173,1,1,0,0.148334,0.999445,logprobs,Alibaba
2337,65,175,1,1,0,0.085238,0.999571,logprobs,Alibaba
2338,65,177,1,1,0,0.076072,0.999378,logprobs,Alibaba
2339,65,179,1,1,0,0.095478,0.99944,logprobs,Alibaba
2340,63,-179,0,0,0,0.085667,0.99928,logprobs,Alibaba
2341,63,-177,0,0,0,0.060444,0.999452,logprobs,Alibaba
2342,63,-175,0,0,0,0.133416,0.999451,logprobs,Alibaba
2343,63,-173,0,0,0,0.295014,0.999327,logprobs,Alibaba
2344,63,-171,0,0,0,0.133871,0.999446,logprobs,Alibaba
2345,63,-169,0,0,0,0.246366,0.999376,logprobs,Alibaba
2346,63,-167,0,0,0,0.321901,0.999286,logprobs,Alibaba
2347,63,-165,0,0,0,0.245817,0.999426,logprobs,Alibaba
2348,63,-163,1,1,1,0.651802,0.99944,logprobs,Alibaba
2349,63,-161,1,1,1,0.835764,0.999387,logprobs,Alibaba
2350,63,-159,1,1,1,0.904795,0.99959,logprobs,Alibaba
2351,63,-157,1,1,1,0.852265,0.999479,logprobs,Alibaba
2352,63,-155,1,1,1,0.939987,0.999514,logprobs,Alibaba
2353,63,-153,1,1,1,0.96696,0.999711,logprobs,Alibaba
2354,63,-151,1,1,1,0.970741,0.999686,logprobs,Alibaba
2355,63,-149,1,1,1,0.97969,0.999708,logprobs,Alibaba
2356,63,-147,1,1,1,0.962769,0.999689,logprobs,Alibaba
2357,63,-145,1,1,1,0.946632,0.999645,logprobs,Alibaba
2358,63,-143,1,1,1,0.952626,0.999568,logprobs,Alibaba
2359,63,-141,1,1,1,0.946648,0.999676,logprobs,Alibaba
2360,63,-139,1,1,1,0.957959,0.999665,logprobs,Alibaba
2361,63,-137,1,1,1,0.940031,0.999452,logprobs,Alibaba
2362,63,-135,1,1,1,0.957934,0.999741,logprobs,Alibaba
2363,63,-133,1,1,1,0.924205,0.999515,logprobs,Alibaba
2364,63,-131,1,1,1,0.904712,0.999643,logprobs,Alibaba
2365,63,-129,1,1,1,0.915014,0.99952,logprobs,Alibaba
2366,63,-127,1,1,1,0.924222,0.999445,logprobs,Alibaba
2367,63,-125,1,1,1,0.755239,0.999201,logprobs,Alibaba
2368,63,-123,1,1,1,0.852155,0.99918,logprobs,Alibaba
2369,63,-121,1,1,1,0.867485,0.999487,logprobs,Alibaba
2370,63,-119,1,1,1,0.946638,0.999564,logprobs,Alibaba
2371,63,-117,1,1,1,0.939985,0.999601,logprobs,Alibaba
2372,63,-115,1,1,1,0.932558,0.999622,logprobs,Alibaba
2373,63,-113,1,1,1,0.96274,0.999725,logprobs,Alibaba
2374,63,-111,1,1,1,0.915136,0.99968,logprobs,Alibaba
2375,63,-109,1,1,1,0.904919,0.999515,logprobs,Alibaba
2376,63,-107,1,1,1,0.932522,0.999549,logprobs,Alibaba
2377,63,-105,1,1,1,0.985947,0.999798,logprobs,Alibaba
2378,63,-103,1,1,1,0.952711,0.999584,logprobs,Alibaba
2379,63,-101,1,0,1,0.92441,0.999521,logprobs,Alibaba
2380,63,-99,1,1,1,0.982037,0.999779,logprobs,Alibaba
2381,63,-97,1,1,1,0.86742,0.999453,logprobs,Alibaba
2382,63,-95,1,1,1,0.70615,0.999296,logprobs,Alibaba
2383,63,-93,1,1,1,0.565791,0.998968,logprobs,Alibaba
2384,63,-91,1,1,0,0.270767,0.999385,logprobs,Alibaba
2385,63,-89,0,0,0,0.245565,0.99893,logprobs,Alibaba
2386,63,-87,0,0,0,0.08555,0.99964,logprobs,Alibaba
2387,63,-85,0,0,0,0.407745,0.999316,logprobs,Alibaba
2388,63,-83,0,0,0,0.349378,0.999258,logprobs,Alibaba
2389,63,-81,0,0,0,0.202297,0.999454,logprobs,Alibaba
2390,63,-79,0,0,0,0.349634,0.999292,logprobs,Alibaba
2391,63,-77,0,0,0,0.321286,0.999138,logprobs,Alibaba
2392,63,-75,0,0,0,0.408426,0.999237,logprobs,Alibaba
2393,63,-73,0,0,0,0.438692,0.998839,logprobs,Alibaba
2394,63,-71,1,1,0,0.037458,0.999181,logprobs,Alibaba
2395,63,-69,1,1,0,0.469711,0.999006,logprobs,Alibaba
2396,63,-67,0,0,0,0.26918,0.999357,logprobs,Alibaba
2397,63,-65,1,1,0,0.269447,0.999025,logprobs,Alibaba
2398,63,-63,0,0,0,0.14838,0.999036,logprobs,Alibaba
2399,63,-61,0,0,0,0.119429,0.998974,logprobs,Alibaba
2400,63,-59,0,0,0,0.148495,0.998294,logprobs,Alibaba
2401,63,-57,0,0,0,0.119429,0.998484,logprobs,Alibaba
2402,63,-55,0,0,0,0.165224,0.999106,logprobs,Alibaba
2403,63,-53,0,0,0,0.321352,0.998831,logprobs,Alibaba
2404,63,-51,0,0,1,0.532022,0.998927,logprobs,Alibaba
2405,63,-49,1,1,0,0.349745,0.998884,logprobs,Alibaba
2406,63,-47,1,1,0,0.295578,0.99885,logprobs,Alibaba
2407,63,-45,1,1,0,0.294948,0.998633,logprobs,Alibaba
2408,63,-43,1,1,0,0.408656,0.997729,logprobs,Alibaba
2409,63,-41,0,0,0,0.245535,0.998702,logprobs,Alibaba
2410,63,-39,0,0,0,0.296199,0.991117,logprobs,Alibaba
2411,63,-37,0,0,0,0.295578,0.998808,logprobs,Alibaba
2412,63,-35,0,0,0,0.149413,0.99841,logprobs,Alibaba
2413,63,-33,0,0,0,0.029436,0.998801,logprobs,Alibaba
2414,63,-31,0,0,0,0.026019,0.998911,logprobs,Alibaba
2415,63,-29,0,0,0,0.13362,0.994107,logprobs,Alibaba
2416,63,-27,0,0,0,0.408298,0.998728,logprobs,Alibaba
2417,63,-25,0,0,1,0.593229,0.99766,logprobs,Alibaba
2418,63,-23,0,0,1,0.706405,0.998833,logprobs,Alibaba
2419,63,-21,0,0,1,0.957949,0.999624,logprobs,Alibaba
2420,63,-19,0,0,1,0.651683,0.999142,logprobs,Alibaba
2421,63,-17,0,0,1,0.531866,0.99913,logprobs,Alibaba
2422,63,-15,0,0,0,0.133245,0.991836,logprobs,Alibaba
2423,63,-13,0,0,0,0.223121,0.986426,logprobs,Alibaba
2424,63,-11,0,0,0,0.407887,0.994486,logprobs,Alibaba
2425,63,-9,0,0,0,0.408917,0.99378,logprobs,Alibaba
2426,63,-7,0,0,0,0.29542,0.993688,logprobs,Alibaba
2427,63,-5,0,0,0,0.203556,0.996596,logprobs,Alibaba
2428,63,-3,0,0,0,0.349232,0.99868,logprobs,Alibaba
2429,63,-1,0,0,1,0.651649,0.999226,logprobs,Alibaba
2430,63,1,0,0,0,0.438075,0.999259,logprobs,Alibaba
2431,63,3,0,0,0,0.349812,0.998333,logprobs,Alibaba
2432,63,5,0,0,1,0.500779,0.998881,logprobs,Alibaba
2433,63,7,0,0,1,0.777973,0.999223,logprobs,Alibaba
2434,63,9,1,1,1,0.798377,0.999302,logprobs,Alibaba
2435,63,11,1,1,1,0.852056,0.999463,logprobs,Alibaba
2436,63,13,1,1,1,0.852193,0.999306,logprobs,Alibaba
2437,63,15,1,1,1,0.880883,0.999507,logprobs,Alibaba
2438,63,17,1,1,1,0.706161,0.999364,logprobs,Alibaba
2439,63,19,0,0,1,0.679405,0.999368,logprobs,Alibaba
2440,63,21,0,0,1,0.706207,0.999455,logprobs,Alibaba
2441,63,23,1,1,1,0.867133,0.99953,logprobs,Alibaba
2442,63,25,1,1,1,0.777499,0.999437,logprobs,Alibaba
2443,63,27,1,1,1,0.835604,0.99942,logprobs,Alibaba
2444,63,29,1,1,1,0.880928,0.999419,logprobs,Alibaba
2445,63,31,1,1,1,0.852135,0.999423,logprobs,Alibaba
2446,63,33,1,1,1,0.81785,0.999173,logprobs,Alibaba
2447,63,35,1,1,1,0.798328,0.999296,logprobs,Alibaba
2448,63,37,1,1,1,0.798478,0.999325,logprobs,Alibaba
2449,63,39,1,1,1,0.817713,0.999413,logprobs,Alibaba
2450,63,41,1,1,1,0.706283,0.999193,logprobs,Alibaba
2451,63,43,1,1,1,0.777564,0.99934,logprobs,Alibaba
2452,63,45,1,1,1,0.592924,0.999221,logprobs,Alibaba
2453,63,47,1,1,1,0.679573,0.999149,logprobs,Alibaba
2454,63,49,1,1,1,0.835593,0.999525,logprobs,Alibaba
2455,63,51,1,1,1,0.593607,0.999285,logprobs,Alibaba
2456,63,53,1,1,0,0.469014,0.999028,logprobs,Alibaba
2457,63,55,1,1,0,0.469098,0.999059,logprobs,Alibaba
2458,63,57,1,1,0,0.408453,0.998956,logprobs,Alibaba
2459,63,59,1,1,1,0.593164,0.999364,logprobs,Alibaba
2460,63,61,1,1,0,0.469218,0.999221,logprobs,Alibaba
2461,63,63,1,1,0,0.349004,0.999043,logprobs,Alibaba
2462,63,65,1,1,1,0.500261,0.999206,logprobs,Alibaba
2463,63,67,1,1,1,0.623412,0.99925,logprobs,Alibaba
2464,63,69,1,1,1,0.651665,0.999151,logprobs,Alibaba
2465,63,71,1,1,1,0.623208,0.99923,logprobs,Alibaba
2466,63,73,1,1,1,0.679531,0.99928,logprobs,Alibaba
2467,63,75,1,1,1,0.652081,0.999284,logprobs,Alibaba
2468,63,77,1,1,1,0.755224,0.998862,logprobs,Alibaba
2469,63,79,1,1,1,0.835715,0.99933,logprobs,Alibaba
2470,63,81,1,1,1,0.562603,0.999203,logprobs,Alibaba
2471,63,83,1,1,0,0.408399,0.999029,logprobs,Alibaba
2472,63,85,1,1,1,0.798279,0.999333,logprobs,Alibaba
2473,63,87,1,1,1,0.731423,0.999171,logprobs,Alibaba
2474,63,89,1,1,1,0.622698,0.999125,logprobs,Alibaba
2475,63,91,1,1,1,0.798445,0.999445,logprobs,Alibaba
2476,63,93,1,1,1,0.932511,0.99953,logprobs,Alibaba
2477,63,95,1,1,1,0.798622,0.999168,logprobs,Alibaba
2478,63,97,1,1,1,0.867419,0.999466,logprobs,Alibaba
2479,63,99,1,1,1,0.893387,0.999562,logprobs,Alibaba
2480,63,101,1,1,1,0.914972,0.999626,logprobs,Alibaba
2481,63,103,1,1,1,0.952626,0.999711,logprobs,Alibaba
2482,63,105,1,1,1,0.939987,0.999536,logprobs,Alibaba
2483,63,107,1,1,1,0.880858,0.999426,logprobs,Alibaba
2484,63,109,1,1,1,0.904777,0.99964,logprobs,Alibaba
2485,63,111,1,0,1,0.835716,0.999329,logprobs,Alibaba
2486,63,113,1,1,1,0.939995,0.999632,logprobs,Alibaba
2487,63,115,1,1,1,0.893396,0.999505,logprobs,Alibaba
2488,63,117,1,1,1,0.914946,0.999445,logprobs,Alibaba
2489,63,119,1,1,1,0.867432,0.999306,logprobs,Alibaba
2490,63,121,1,1,1,0.880864,0.999616,logprobs,Alibaba
2491,63,123,1,1,1,0.914927,0.999577,logprobs,Alibaba
2492,63,125,1,1,1,0.880893,0.9995,logprobs,Alibaba
2493,63,127,1,1,1,0.914951,0.999524,logprobs,Alibaba
2494,63,129,1,1,1,0.9707,0.99965,logprobs,Alibaba
2495,63,131,1,1,1,0.914955,0.999596,logprobs,Alibaba
2496,63,133,1,1,1,0.932499,0.999524,logprobs,Alibaba
2497,63,135,1,1,1,0.904719,0.999574,logprobs,Alibaba
2498,63,137,1,1,1,0.706418,0.998916,logprobs,Alibaba
2499,63,139,1,1,1,0.893419,0.999478,logprobs,Alibaba
2500,63,141,1,1,1,0.904795,0.99946,logprobs,Alibaba
2501,63,143,1,1,1,0.91494,0.999631,logprobs,Alibaba
2502,63,145,1,1,1,0.592958,0.999271,logprobs,Alibaba
2503,63,147,1,1,1,0.777448,0.999288,logprobs,Alibaba
2504,63,149,1,1,1,0.852076,0.999424,logprobs,Alibaba
2505,63,151,1,1,1,0.817768,0.999316,logprobs,Alibaba
2506,63,153,1,1,1,0.500571,0.998874,logprobs,Alibaba
2507,63,155,1,1,1,0.755308,0.999354,logprobs,Alibaba
2508,63,157,1,1,1,0.562632,0.999344,logprobs,Alibaba
2509,63,159,1,1,1,0.562458,0.999377,logprobs,Alibaba
2510,63,161,1,1,1,0.679757,0.999282,logprobs,Alibaba
2511,63,163,1,1,0,0.348923,0.999351,logprobs,Alibaba
2512,63,165,1,1,0,0.223301,0.999198,logprobs,Alibaba
2513,63,167,1,1,0,0.164873,0.999348,logprobs,Alibaba
2514,63,169,1,1,0,0.164821,0.999374,logprobs,Alibaba
2515,63,171,1,1,0,0.16475,0.999494,logprobs,Alibaba
2516,63,173,1,1,0,0.119326,0.999507,logprobs,Alibaba
2517,63,175,1,1,0,0.085281,0.999328,logprobs,Alibaba
2518,63,177,1,1,0,0.033192,0.999327,logprobs,Alibaba
2519,63,179,1,1,0,0.085221,0.999527,logprobs,Alibaba
2520,61,-179,0,0,0,0.106982,0.999428,logprobs,Alibaba
2521,61,-177,0,0,0,0.076446,0.999163,logprobs,Alibaba
2522,61,-175,0,0,0,0.245496,0.99935,logprobs,Alibaba
2523,61,-173,0,0,1,0.500982,0.999216,logprobs,Alibaba
2524,61,-171,0,0,0,0.408207,0.999277,logprobs,Alibaba
2525,61,-169,0,0,0,0.270077,0.999352,logprobs,Alibaba
2526,61,-167,0,0,0,0.351816,0.999251,logprobs,Alibaba
2527,61,-165,1,1,0,0.349278,0.999261,logprobs,Alibaba
2528,61,-163,1,1,1,0.732291,0.999232,logprobs,Alibaba
2529,61,-161,1,1,1,0.86725,0.999543,logprobs,Alibaba
2530,61,-159,1,1,0,0.469767,0.999175,logprobs,Alibaba
2531,61,-157,1,1,1,0.500967,0.999229,logprobs,Alibaba
2532,61,-155,1,1,1,0.893427,0.999502,logprobs,Alibaba
2533,61,-153,1,1,1,0.817794,0.999302,logprobs,Alibaba
2534,61,-151,0,0,1,0.835867,0.999494,logprobs,Alibaba
2535,61,-149,1,1,1,0.957976,0.999671,logprobs,Alibaba
2536,61,-147,0,0,1,0.924283,0.999679,logprobs,Alibaba
2537,61,-145,1,1,1,0.893398,0.999489,logprobs,Alibaba
2538,61,-143,1,1,1,0.915033,0.999592,logprobs,Alibaba
2539,61,-141,1,1,1,0.914969,0.999546,logprobs,Alibaba
2540,61,-139,1,1,1,0.939971,0.999457,logprobs,Alibaba
2541,61,-137,1,1,1,0.957953,0.999653,logprobs,Alibaba
2542,61,-135,1,1,1,0.970697,0.999765,logprobs,Alibaba
2543,61,-133,1,1,1,0.952659,0.999592,logprobs,Alibaba
2544,61,-131,1,1,1,0.924198,0.999487,logprobs,Alibaba
2545,61,-129,1,1,1,0.93997,0.999534,logprobs,Alibaba
2546,61,-127,1,1,1,0.977047,0.999774,logprobs,Alibaba
2547,61,-125,1,1,1,0.904703,0.999569,logprobs,Alibaba
2548,61,-123,1,1,1,0.946608,0.999585,logprobs,Alibaba
2549,61,-121,1,1,1,0.946626,0.999545,logprobs,Alibaba
2550,61,-119,1,1,1,0.915078,0.999623,logprobs,Alibaba
2551,61,-117,1,1,1,0.957964,0.999728,logprobs,Alibaba
2552,61,-115,1,0,1,0.932491,0.999598,logprobs,Alibaba
2553,61,-113,1,1,1,0.977059,0.999751,logprobs,Alibaba
2554,61,-111,1,1,1,0.932477,0.999632,logprobs,Alibaba
2555,61,-109,1,1,1,0.818133,0.99932,logprobs,Alibaba
2556,61,-107,1,1,1,0.893766,0.999428,logprobs,Alibaba
2557,61,-105,1,1,1,0.966944,0.999724,logprobs,Alibaba
2558,61,-103,1,1,1,0.867417,0.999401,logprobs,Alibaba
2559,61,-101,1,1,1,0.932661,0.999595,logprobs,Alibaba
2560,61,-99,1,1,1,0.932637,0.999613,logprobs,Alibaba
2561,61,-97,1,1,1,0.914951,0.999616,logprobs,Alibaba
2562,61,-95,1,1,1,0.817864,0.999538,logprobs,Alibaba
2563,61,-93,0,0,1,0.893536,0.999523,logprobs,Alibaba
2564,61,-91,0,0,0,0.349183,0.999315,logprobs,Alibaba
2565,61,-89,0,0,1,0.501156,0.999111,logprobs,Alibaba
2566,61,-87,0,0,0,0.294799,0.999442,logprobs,Alibaba
2567,61,-85,0,0,1,0.62321,0.999464,logprobs,Alibaba
2568,61,-83,0,0,1,0.681272,0.999276,logprobs,Alibaba
2569,61,-81,0,0,0,0.224119,0.999454,logprobs,Alibaba
2570,61,-79,0,0,0,0.349298,0.999301,logprobs,Alibaba
2571,61,-77,1,1,0,0.443358,0.998773,logprobs,Alibaba
2572,61,-75,1,1,0,0.469621,0.998966,logprobs,Alibaba
2573,61,-73,1,1,0,0.469744,0.998795,logprobs,Alibaba
2574,61,-71,1,1,0,0.16542,0.998669,logprobs,Alibaba
2575,61,-69,0,0,1,0.500944,0.999024,logprobs,Alibaba
2576,61,-67,0,0,0,0.245927,0.998913,logprobs,Alibaba
2577,61,-65,0,0,0,0.202312,0.999072,logprobs,Alibaba
2578,61,-63,0,0,0,0.182813,0.998944,logprobs,Alibaba
2579,61,-61,0,0,0,0.067881,0.998642,logprobs,Alibaba
2580,61,-59,0,0,0,0.119402,0.997802,logprobs,Alibaba
2581,61,-57,0,0,0,0.133326,0.998596,logprobs,Alibaba
2582,61,-55,0,0,0,0.294414,0.999187,logprobs,Alibaba
2583,61,-53,0,0,0,0.378559,0.998739,logprobs,Alibaba
2584,61,-51,0,0,0,0.269955,0.998931,logprobs,Alibaba
2585,61,-49,0,0,0,0.202318,0.998728,logprobs,Alibaba
2586,61,-47,1,1,0,0.469313,0.998101,logprobs,Alibaba
2587,61,-45,1,1,0,0.321351,0.995109,logprobs,Alibaba
2588,61,-43,1,1,0,0.438421,0.990091,logprobs,Alibaba
2589,61,-41,0,0,0,0.322032,0.996711,logprobs,Alibaba
2590,61,-39,0,0,0,0.34963,0.993325,logprobs,Alibaba
2591,61,-37,0,0,0,0.269955,0.998397,logprobs,Alibaba
2592,61,-35,0,0,0,0.321504,0.998867,logprobs,Alibaba
2593,61,-33,0,0,0,0.047649,0.998863,logprobs,Alibaba
2594,61,-31,0,0,0,0.202385,0.998941,logprobs,Alibaba
2595,61,-29,0,0,0,0.202453,0.998352,logprobs,Alibaba
2596,61,-27,0,0,0,0.085553,0.999008,logprobs,Alibaba
2597,61,-25,0,0,0,0.349069,0.99851,logprobs,Alibaba
2598,61,-23,0,0,1,0.593229,0.999014,logprobs,Alibaba
2599,61,-21,0,0,1,0.799724,0.999289,logprobs,Alibaba
2600,61,-19,0,0,1,0.73129,0.999283,logprobs,Alibaba
2601,61,-17,0,0,0,0.133418,0.996085,logprobs,Alibaba
2602,61,-15,0,0,0,0.107545,0.993139,logprobs,Alibaba
2603,61,-13,0,0,0,0.183101,0.988768,logprobs,Alibaba
2604,61,-11,0,0,0,0.148287,0.992742,logprobs,Alibaba
2605,61,-9,0,0,0,0.245927,0.993987,logprobs,Alibaba
2606,61,-7,0,0,0,0.22324,0.994981,logprobs,Alibaba
2607,61,-5,0,0,0,0.26973,0.998206,logprobs,Alibaba
2608,61,-3,0,0,0,0.438312,0.999189,logprobs,Alibaba
2609,61,-1,0,0,0,0.294662,0.998516,logprobs,Alibaba
2610,61,1,0,0,0,0.322089,0.998931,logprobs,Alibaba
2611,61,3,0,0,0,0.469669,0.998937,logprobs,Alibaba
2612,61,5,1,1,0,0.408086,0.998819,logprobs,Alibaba
2613,61,7,1,1,1,0.706566,0.999265,logprobs,Alibaba
2614,61,9,1,1,1,0.893486,0.999512,logprobs,Alibaba
2615,61,11,1,1,1,0.924174,0.999503,logprobs,Alibaba
2616,61,13,1,1,1,0.867128,0.999335,logprobs,Alibaba
2617,61,15,1,1,1,0.867119,0.999366,logprobs,Alibaba
2618,61,17,1,1,1,0.893435,0.999511,logprobs,Alibaba
2619,61,19,0,0,1,0.679545,0.99941,logprobs,Alibaba
2620,61,21,0,0,1,0.679793,0.999249,logprobs,Alibaba
2621,61,23,1,1,1,0.914942,0.999509,logprobs,Alibaba
2622,61,25,1,1,1,0.835696,0.999405,logprobs,Alibaba
2623,61,27,1,1,1,0.651543,0.99906,logprobs,Alibaba
2624,61,29,1,1,1,0.852005,0.999313,logprobs,Alibaba
2625,61,31,1,0,1,0.755331,0.999091,logprobs,Alibaba
2626,61,33,1,1,1,0.86715,0.999247,logprobs,Alibaba
2627,61,35,1,1,1,0.85202,0.999464,logprobs,Alibaba
2628,61,37,1,1,1,0.867282,0.999429,logprobs,Alibaba
2629,61,39,1,1,1,0.924223,0.999513,logprobs,Alibaba
2630,61,41,1,1,1,0.852063,0.999135,logprobs,Alibaba
2631,61,43,1,1,1,0.914946,0.999515,logprobs,Alibaba
2632,61,45,1,1,1,0.835643,0.99921,logprobs,Alibaba
2633,61,47,1,1,1,0.852038,0.999359,logprobs,Alibaba
2634,61,49,1,1,1,0.914965,0.999509,logprobs,Alibaba
2635,61,51,1,1,1,0.777586,0.999258,logprobs,Alibaba
2636,61,53,1,1,1,0.731435,0.999029,logprobs,Alibaba
2637,61,55,1,1,1,0.817727,0.999437,logprobs,Alibaba
2638,61,57,1,1,1,0.73135,0.999284,logprobs,Alibaba
2639,61,59,1,1,1,0.706063,0.999289,logprobs,Alibaba
2640,61,61,1,1,0,0.469093,0.999193,logprobs,Alibaba
2641,61,63,1,1,0,0.469234,0.999244,logprobs,Alibaba
2642,61,65,1,1,1,0.777665,0.999472,logprobs,Alibaba
2643,61,67,1,1,1,0.731205,0.999325,logprobs,Alibaba
2644,61,69,1,1,1,0.622869,0.999174,logprobs,Alibaba
2645,61,71,1,1,1,0.651597,0.999187,logprobs,Alibaba
2646,61,73,1,1,1,0.835581,0.999422,logprobs,Alibaba
2647,61,75,1,1,1,0.731512,0.999307,logprobs,Alibaba
2648,61,77,1,1,1,0.56273,0.999321,logprobs,Alibaba
2649,61,79,1,1,1,0.817895,0.999425,logprobs,Alibaba
2650,61,81,1,1,1,0.777721,0.999351,logprobs,Alibaba
2651,61,83,1,1,1,0.731435,0.999363,logprobs,Alibaba
2652,61,85,1,1,1,0.914935,0.999463,logprobs,Alibaba
2653,61,87,1,1,1,0.835606,0.999527,logprobs,Alibaba
2654,61,89,1,1,1,0.777554,0.999317,logprobs,Alibaba
2655,61,91,1,1,1,0.880906,0.999454,logprobs,Alibaba
2656,61,93,1,1,1,0.939987,0.999715,logprobs,Alibaba
2657,61,95,1,1,1,0.852162,0.99936,logprobs,Alibaba
2658,61,97,1,1,1,0.880906,0.999396,logprobs,Alibaba
2659,61,99,1,1,1,0.957959,0.999624,logprobs,Alibaba
2660,61,101,1,1,1,0.914972,0.999582,logprobs,Alibaba
2661,61,103,1,1,1,0.970706,0.999631,logprobs,Alibaba
2662,61,105,1,1,1,0.962687,0.99973,logprobs,Alibaba
2663,61,107,1,1,1,0.957953,0.99963,logprobs,Alibaba
2664,61,109,1,1,1,0.680748,0.998925,logprobs,Alibaba
2665,61,111,1,1,1,0.880936,0.999414,logprobs,Alibaba
2666,61,113,1,1,1,0.946642,0.999602,logprobs,Alibaba
2667,61,115,1,1,1,0.94003,0.999584,logprobs,Alibaba
2668,61,117,1,1,1,0.952588,0.999662,logprobs,Alibaba
2669,61,119,1,1,1,0.924192,0.999454,logprobs,Alibaba
2670,61,121,1,1,1,0.952603,0.999586,logprobs,Alibaba
2671,61,123,1,1,1,0.893408,0.999369,logprobs,Alibaba
2672,61,125,1,1,1,0.952619,0.999699,logprobs,Alibaba
2673,61,127,1,1,1,0.962741,0.999664,logprobs,Alibaba
2674,61,129,1,1,1,0.932504,0.999587,logprobs,Alibaba
2675,61,131,1,1,1,0.89342,0.999481,logprobs,Alibaba
2676,61,133,1,1,1,0.914981,0.999448,logprobs,Alibaba
2677,61,135,1,1,1,0.893433,0.999529,logprobs,Alibaba
2678,61,137,1,1,1,0.706156,0.998829,logprobs,Alibaba
2679,61,139,1,1,1,0.904811,0.999429,logprobs,Alibaba
2680,61,141,1,1,1,0.777524,0.999518,logprobs,Alibaba
2681,61,143,1,1,1,0.731683,0.999081,logprobs,Alibaba
2682,61,145,1,1,1,0.531508,0.999142,logprobs,Alibaba
2683,61,147,1,1,1,0.755108,0.999328,logprobs,Alibaba
2684,61,149,1,1,1,0.798445,0.999335,logprobs,Alibaba
2685,61,151,1,1,1,0.500677,0.998851,logprobs,Alibaba
2686,61,153,1,1,0,0.408074,0.998946,logprobs,Alibaba
2687,61,155,1,1,1,0.563071,0.999182,logprobs,Alibaba
2688,61,157,0,0,1,0.622907,0.999136,logprobs,Alibaba
2689,61,159,0,0,1,0.562874,0.99911,logprobs,Alibaba
2690,61,161,1,1,1,0.500393,0.999169,logprobs,Alibaba
2691,61,163,0,0,0,0.469183,0.999134,logprobs,Alibaba
2692,61,165,1,1,0,0.164994,0.999309,logprobs,Alibaba
2693,61,167,1,1,0,0.11962,0.999241,logprobs,Alibaba
2694,61,169,1,1,0,0.246024,0.998943,logprobs,Alibaba
2695,61,171,1,1,0,0.033177,0.99952,logprobs,Alibaba
2696,61,173,0,0,0,0.223179,0.99926,logprobs,Alibaba
2697,61,175,0,0,0,0.106896,0.999369,logprobs,Alibaba
2698,61,177,0,0,0,0.053652,0.999546,logprobs,Alibaba
2699,61,179,0,0,0,0.148392,0.999268,logprobs,Alibaba
2700,59,-179,0,0,0,0.0855,0.999322,logprobs,Alibaba
2701,59,-177,0,0,0,0.095652,0.999428,logprobs,Alibaba
2702,59,-175,0,0,0,0.060343,0.999402,logprobs,Alibaba
2703,59,-173,0,0,0,0.047554,0.999397,logprobs,Alibaba
2704,59,-171,0,0,0,0.053505,0.999135,logprobs,Alibaba
2705,59,-169,0,0,0,0.10716,0.999236,logprobs,Alibaba
2706,59,-167,0,0,0,0.107241,0.999443,logprobs,Alibaba
2707,59,-165,0,0,0,0.202328,0.999316,logprobs,Alibaba
2708,59,-163,0,0,0,0.378027,0.999352,logprobs,Alibaba
2709,59,-161,1,1,1,0.592995,0.999484,logprobs,Alibaba
2710,59,-159,1,1,0,0.119517,0.999389,logprobs,Alibaba
2711,59,-157,1,1,0,0.269917,0.999316,logprobs,Alibaba
2712,59,-155,1,1,0,0.294686,0.999159,logprobs,Alibaba
2713,59,-153,0,0,0,0.202326,0.999158,logprobs,Alibaba
2714,59,-151,0,0,0,0.349312,0.999116,logprobs,Alibaba
2715,59,-149,0,0,1,0.651773,0.999275,logprobs,Alibaba
2716,59,-147,0,0,1,0.563509,0.999165,logprobs,Alibaba
2717,59,-145,0,0,1,0.62292,0.999361,logprobs,Alibaba
2718,59,-143,0,0,1,0.904825,0.999546,logprobs,Alibaba
2719,59,-141,0,0,1,0.83581,0.999337,logprobs,Alibaba
2720,59,-139,0,0,1,0.817785,0.999512,logprobs,Alibaba
2721,59,-137,0,0,1,0.852425,0.999513,logprobs,Alibaba
2722,59,-135,1,1,1,0.904762,0.999566,logprobs,Alibaba
2723,59,-133,1,1,1,0.915019,0.999545,logprobs,Alibaba
2724,59,-131,1,1,1,0.777696,0.999386,logprobs,Alibaba
2725,59,-129,1,1,1,0.904811,0.999525,logprobs,Alibaba
2726,59,-127,1,1,1,0.932512,0.999589,logprobs,Alibaba
2727,59,-125,1,1,1,0.867155,0.999512,logprobs,Alibaba
2728,59,-123,1,1,1,0.867139,0.9994,logprobs,Alibaba
2729,59,-121,1,1,1,0.880944,0.999536,logprobs,Alibaba
2730,59,-119,1,1,1,0.932625,0.999498,logprobs,Alibaba
2731,59,-117,1,1,1,0.952657,0.999664,logprobs,Alibaba
2732,59,-115,1,1,1,0.939949,0.999647,logprobs,Alibaba
2733,59,-113,1,1,1,0.940257,0.999487,logprobs,Alibaba
2734,59,-111,1,1,1,0.914935,0.999588,logprobs,Alibaba
2735,59,-109,1,1,1,0.932597,0.999568,logprobs,Alibaba
2736,59,-107,1,1,1,0.924223,0.999576,logprobs,Alibaba
2737,59,-105,1,1,1,0.962698,0.999598,logprobs,Alibaba
2738,59,-103,1,1,1,0.867204,0.999434,logprobs,Alibaba
2739,59,-101,1,1,1,0.893566,0.999426,logprobs,Alibaba
2740,59,-99,1,1,1,0.915004,0.999501,logprobs,Alibaba
2741,59,-97,1,1,1,0.679738,0.999209,logprobs,Alibaba
2742,59,-95,1,1,1,0.500637,0.999313,logprobs,Alibaba
2743,59,-93,0,0,1,0.562838,0.99924,logprobs,Alibaba
2744,59,-91,0,0,0,0.148962,0.9995,logprobs,Alibaba
2745,59,-89,0,0,0,0.068167,0.999616,logprobs,Alibaba
2746,59,-87,0,0,0,0.295567,0.999249,logprobs,Alibaba
2747,59,-85,0,0,1,0.501158,0.999113,logprobs,Alibaba
2748,59,-83,0,0,0,0.321445,0.999342,logprobs,Alibaba
2749,59,-81,0,0,0,0.269444,0.999393,logprobs,Alibaba
2750,59,-79,0,0,0,0.438447,0.999376,logprobs,Alibaba
2751,59,-77,1,1,0,0.183087,0.999402,logprobs,Alibaba
2752,59,-75,1,1,1,0.5317,0.999315,logprobs,Alibaba
2753,59,-73,1,1,1,0.56249,0.999372,logprobs,Alibaba
2754,59,-71,1,1,0,0.148607,0.999097,logprobs,Alibaba
2755,59,-69,1,1,0,0.245996,0.999205,logprobs,Alibaba
2756,59,-67,0,0,0,0.294692,0.999032,logprobs,Alibaba
2757,59,-65,1,1,0,0.13321,0.999351,logprobs,Alibaba
2758,59,-63,0,0,0,0.067735,0.999209,logprobs,Alibaba
2759,59,-61,0,0,0,0.067857,0.998814,logprobs,Alibaba
2760,59,-59,0,0,0,0.053647,0.998441,logprobs,Alibaba
2761,59,-57,0,0,0,0.07647,0.998778,logprobs,Alibaba
2762,59,-55,0,0,0,0.075973,0.998171,logprobs,Alibaba
2763,59,-53,0,0,0,0.076195,0.998449,logprobs,Alibaba
2764,59,-51,0,0,0,0.133519,0.99856,logprobs,Alibaba
2765,59,-49,0,0,0,0.067755,0.998538,logprobs,Alibaba
2766,59,-47,0,0,0,0.042635,0.998912,logprobs,Alibaba
2767,59,-45,0,0,0,0.033189,0.999412,logprobs,Alibaba
2768,59,-43,0,0,0,0.01251,0.999572,logprobs,Alibaba
2769,59,-41,0,0,0,0.012503,0.999468,logprobs,Alibaba
2770,59,-39,0,0,0,0.029488,0.999493,logprobs,Alibaba
2771,59,-37,0,0,0,0.020445,0.998951,logprobs,Alibaba
2772,59,-35,0,0,0,0.004654,0.999559,logprobs,Alibaba
2773,59,-33,0,0,0,0.012532,0.999034,logprobs,Alibaba
2774,59,-31,0,0,0,0.005962,0.999537,logprobs,Alibaba
2775,59,-29,0,0,0,0.007632,0.999226,logprobs,Alibaba
2776,59,-27,0,0,0,0.011028,0.99944,logprobs,Alibaba
2777,59,-25,0,0,0,0.005964,0.999353,logprobs,Alibaba
2778,59,-23,0,0,0,0.182954,0.992164,logprobs,Alibaba
2779,59,-21,0,0,0,0.182893,0.997886,logprobs,Alibaba
2780,59,-19,0,0,0,0.294662,0.996044,logprobs,Alibaba
2781,59,-17,0,0,0,0.053534,0.993778,logprobs,Alibaba
2782,59,-15,0,0,0,0.067679,0.993947,logprobs,Alibaba
2783,59,-13,0,0,0,0.047558,0.996059,logprobs,Alibaba
2784,59,-11,0,0,0,0.042196,0.995041,logprobs,Alibaba
2785,59,-9,0,0,0,0.067799,0.993921,logprobs,Alibaba
2786,59,-7,0,0,0,0.060285,0.998531,logprobs,Alibaba
2787,59,-5,0,0,0,0.12034,0.998287,logprobs,Alibaba
2788,59,-3,0,0,0,0.202545,0.998903,logprobs,Alibaba
2789,59,-1,0,0,0,0.183193,0.99914,logprobs,Alibaba
2790,59,1,0,0,0,0.182954,0.999091,logprobs,Alibaba
2791,59,3,0,0,0,0.223298,0.998881,logprobs,Alibaba
2792,59,5,0,0,0,0.349812,0.998739,logprobs,Alibaba
2793,59,7,1,1,1,0.798334,0.99944,logprobs,Alibaba
2794,59,9,1,1,1,0.867225,0.999482,logprobs,Alibaba
2795,59,11,0,0,1,0.914945,0.999657,logprobs,Alibaba
2796,59,13,1,0,1,0.904739,0.999471,logprobs,Alibaba
2797,59,15,1,1,1,0.867075,0.999604,logprobs,Alibaba
2798,59,17,1,1,1,0.731656,0.999457,logprobs,Alibaba
2799,59,19,0,0,0,0.245459,0.999422,logprobs,Alibaba
2800,59,21,0,0,0,0.223468,0.999344,logprobs,Alibaba
2801,59,23,0,0,1,0.50052,0.99941,logprobs,Alibaba
2802,59,25,1,1,1,0.593487,0.999388,logprobs,Alibaba
2803,59,27,1,1,1,0.623123,0.999229,logprobs,Alibaba
2804,59,29,1,1,1,0.777503,0.999447,logprobs,Alibaba
2805,59,31,1,1,1,0.77755,0.999177,logprobs,Alibaba
2806,59,33,1,1,1,0.755099,0.999323,logprobs,Alibaba
2807,59,35,1,1,1,0.852047,0.999453,logprobs,Alibaba
2808,59,37,1,1,1,0.962683,0.999711,logprobs,Alibaba
2809,59,39,1,1,1,0.904722,0.99957,logprobs,Alibaba
2810,59,41,1,1,1,0.8671,0.999383,logprobs,Alibaba
2811,59,43,1,1,1,0.893419,0.9996,logprobs,Alibaba
2812,59,45,1,1,1,0.798312,0.999515,logprobs,Alibaba
2813,59,47,1,1,1,0.622758,0.999198,logprobs,Alibaba
2814,59,49,1,1,1,0.798278,0.999437,logprobs,Alibaba
2815,59,51,1,1,1,0.562448,0.999174,logprobs,Alibaba
2816,59,53,1,1,1,0.563005,0.999034,logprobs,Alibaba
2817,59,55,1,1,1,0.622902,0.999221,logprobs,Alibaba
2818,59,57,1,1,1,0.593455,0.999019,logprobs,Alibaba
2819,59,59,1,1,0,0.294348,0.99931,logprobs,Alibaba
2820,59,61,1,1,1,0.706162,0.999377,logprobs,Alibaba
2821,59,63,1,1,1,0.651706,0.999225,logprobs,Alibaba
2822,59,65,1,1,1,0.755044,0.999281,logprobs,Alibaba
2823,59,67,1,1,1,0.777442,0.999254,logprobs,Alibaba
2824,59,69,1,1,1,0.593259,0.999041,logprobs,Alibaba
2825,59,71,1,1,1,0.593396,0.999066,logprobs,Alibaba
2826,59,73,1,1,1,0.852122,0.999451,logprobs,Alibaba
2827,59,75,1,1,1,0.852134,0.99934,logprobs,Alibaba
2828,59,77,1,1,1,0.532573,0.99895,logprobs,Alibaba
2829,59,79,1,1,1,0.852118,0.99951,logprobs,Alibaba
2830,59,81,1,1,1,0.777498,0.999418,logprobs,Alibaba
2831,59,83,1,1,1,0.835999,0.999201,logprobs,Alibaba
2832,59,85,1,1,1,0.880884,0.999546,logprobs,Alibaba
2833,59,87,1,1,1,0.904716,0.999445,logprobs,Alibaba
2834,59,89,1,1,1,0.755102,0.999161,logprobs,Alibaba
2835,59,91,1,1,1,0.867165,0.999458,logprobs,Alibaba
2836,59,93,1,1,1,0.9526,0.999755,logprobs,Alibaba
2837,59,95,1,1,1,0.904722,0.999573,logprobs,Alibaba
2838,59,97,1,1,1,0.867167,0.999541,logprobs,Alibaba
2839,59,99,1,1,1,0.939987,0.999691,logprobs,Alibaba
2840,59,101,1,1,1,0.904793,0.999357,logprobs,Alibaba
2841,59,103,1,1,1,0.952607,0.999723,logprobs,Alibaba
2842,59,105,1,1,1,0.932605,0.999719,logprobs,Alibaba
2843,59,107,1,1,1,0.915003,0.99959,logprobs,Alibaba
2844,59,109,1,1,1,0.95262,0.99953,logprobs,Alibaba
2845,59,111,1,1,1,0.867128,0.999468,logprobs,Alibaba
2846,59,113,1,1,1,0.952625,0.999685,logprobs,Alibaba
2847,59,115,1,1,1,0.932535,0.999695,logprobs,Alibaba
2848,59,117,1,1,1,0.924183,0.999572,logprobs,Alibaba
2849,59,119,1,1,1,0.880887,0.999507,logprobs,Alibaba
2850,59,121,1,1,1,0.932482,0.999599,logprobs,Alibaba
2851,59,123,1,1,1,0.893355,0.999439,logprobs,Alibaba
2852,59,125,1,1,1,0.932479,0.999639,logprobs,Alibaba
2853,59,127,1,1,1,0.915003,0.999386,logprobs,Alibaba
2854,59,129,1,1,1,0.932622,0.9996,logprobs,Alibaba
2855,59,131,1,1,1,0.835641,0.999408,logprobs,Alibaba
2856,59,133,1,1,1,0.867103,0.999394,logprobs,Alibaba
2857,59,135,1,1,1,0.731347,0.99921,logprobs,Alibaba
2858,59,137,1,1,1,0.562417,0.999272,logprobs,Alibaba
2859,59,139,1,1,1,0.593205,0.998933,logprobs,Alibaba
2860,59,141,1,1,1,0.562705,0.999165,logprobs,Alibaba
2861,59,143,0,0,0,0.377936,0.999071,logprobs,Alibaba
2862,59,145,0,0,0,0.269263,0.999353,logprobs,Alibaba
2863,59,147,0,0,0,0.294889,0.998908,logprobs,Alibaba
2864,59,149,0,0,0,0.407648,0.999137,logprobs,Alibaba
2865,59,151,0,0,0,0.321107,0.998947,logprobs,Alibaba
2866,59,153,0,0,0,0.165069,0.999006,logprobs,Alibaba
2867,59,155,0,0,0,0.438354,0.998975,logprobs,Alibaba
2868,59,157,0,0,0,0.407793,0.999156,logprobs,Alibaba
2869,59,159,0,0,0,0.377976,0.999006,logprobs,Alibaba
2870,59,161,1,1,0,0.321502,0.999235,logprobs,Alibaba
2871,59,163,1,1,0,0.245505,0.999162,logprobs,Alibaba
2872,59,165,0,0,0,0.12007,0.999212,logprobs,Alibaba
2873,59,167,0,0,0,0.106891,0.999384,logprobs,Alibaba
2874,59,169,0,0,0,0.106896,0.999368,logprobs,Alibaba
2875,59,171,0,0,0,0.026039,0.999452,logprobs,Alibaba
2876,59,173,0,0,0,0.029449,0.999435,logprobs,Alibaba
2877,59,175,0,0,0,0.037549,0.999024,logprobs,Alibaba
2878,59,177,0,0,0,0.047554,0.999101,logprobs,Alibaba
2879,59,179,0,0,0,0.060205,0.999258,logprobs,Alibaba
2880,57,-179,0,0,0,0.047774,0.999489,logprobs,Alibaba
2881,57,-177,0,0,0,0.023022,0.999581,logprobs,Alibaba
2882,57,-175,0,0,0,0.033357,0.999416,logprobs,Alibaba
2883,57,-173,0,0,0,0.047575,0.999367,logprobs,Alibaba
2884,57,-171,0,0,0,0.067783,0.999251,logprobs,Alibaba
2885,57,-169,0,0,0,0.042224,0.999279,logprobs,Alibaba
2886,57,-167,0,0,0,0.042271,0.999509,logprobs,Alibaba
2887,57,-165,0,0,0,0.047599,0.999336,logprobs,Alibaba
2888,57,-163,0,0,0,0.119675,0.999589,logprobs,Alibaba
2889,57,-161,0,0,0,0.223315,0.999321,logprobs,Alibaba
2890,57,-159,0,0,0,0.060189,0.998931,logprobs,Alibaba
2891,57,-157,1,1,0,0.042244,0.999125,logprobs,Alibaba
2892,57,-155,0,0,0,0.085643,0.998382,logprobs,Alibaba
2893,57,-153,0,0,0,0.060298,0.998162,logprobs,Alibaba
2894,57,-151,0,0,0,0.245827,0.998777,logprobs,Alibaba
2895,57,-149,0,0,0,0.438321,0.999011,logprobs,Alibaba
2896,57,-147,0,0,0,0.246137,0.999041,logprobs,Alibaba
2897,57,-145,0,0,0,0.223378,0.998717,logprobs,Alibaba
2898,57,-143,0,0,0,0.349732,0.998998,logprobs,Alibaba
2899,57,-141,0,0,0,0.46955,0.99935,logprobs,Alibaba
2900,57,-139,0,0,1,0.622998,0.999075,logprobs,Alibaba
2901,57,-137,0,0,1,0.562753,0.999371,logprobs,Alibaba
2902,57,-135,1,1,0,0.438644,0.999264,logprobs,Alibaba
2903,57,-133,0,0,1,0.623107,0.999151,logprobs,Alibaba
2904,57,-131,1,1,0,0.378604,0.9992,logprobs,Alibaba
2905,57,-129,1,1,1,0.852118,0.999369,logprobs,Alibaba
2906,57,-127,1,1,1,0.924234,0.999421,logprobs,Alibaba
2907,57,-125,1,1,1,0.880933,0.99952,logprobs,Alibaba
2908,57,-123,1,1,1,0.946612,0.999646,logprobs,Alibaba
2909,57,-121,1,1,1,0.979694,0.999737,logprobs,Alibaba
2910,57,-119,1,1,1,0.966926,0.999611,logprobs,Alibaba
2911,57,-117,1,1,1,0.95261,0.999624,logprobs,Alibaba
2912,57,-115,1,1,1,0.880931,0.999414,logprobs,Alibaba
2913,57,-113,1,1,1,0.957954,0.999711,logprobs,Alibaba
2914,57,-111,1,1,1,0.95264,0.999677,logprobs,Alibaba
2915,57,-109,1,1,1,0.915045,0.999426,logprobs,Alibaba
2916,57,-107,1,1,1,0.974063,0.999731,logprobs,Alibaba
2917,57,-105,1,1,1,0.970713,0.9997,logprobs,Alibaba
2918,57,-103,1,1,1,0.939987,0.99954,logprobs,Alibaba
2919,57,-101,1,1,1,0.835566,0.99925,logprobs,Alibaba
2920,57,-99,1,1,1,0.867219,0.99953,logprobs,Alibaba
2921,57,-97,1,1,1,0.755812,0.999393,logprobs,Alibaba
2922,57,-95,1,1,0,0.469537,0.999328,logprobs,Alibaba
2923,57,-93,1,1,0,0.46988,0.999147,logprobs,Alibaba
2924,57,-91,1,1,0,0.202238,0.999572,logprobs,Alibaba
2925,57,-89,0,0,0,0.067878,0.999665,logprobs,Alibaba
2926,57,-87,0,0,0,0.095932,0.999549,logprobs,Alibaba
2927,57,-85,0,0,0,0.202286,0.999257,logprobs,Alibaba
2928,57,-83,0,0,0,0.294507,0.99935,logprobs,Alibaba
2929,57,-81,0,0,0,0.133536,0.999431,logprobs,Alibaba
2930,57,-79,0,0,0,0.245895,0.999488,logprobs,Alibaba
2931,57,-77,0,0,0,0.120006,0.999427,logprobs,Alibaba
2932,57,-75,1,1,1,0.593104,0.999377,logprobs,Alibaba
2933,57,-73,1,1,1,0.777499,0.999399,logprobs,Alibaba
2934,57,-71,1,1,0,0.223276,0.994983,logprobs,Alibaba
2935,57,-69,1,1,0,0.060203,0.998891,logprobs,Alibaba
2936,57,-67,1,1,0,0.095648,0.998872,logprobs,Alibaba
2937,57,-65,1,1,0,0.047498,0.999029,logprobs,Alibaba
2938,57,-63,1,1,0,0.020438,0.999537,logprobs,Alibaba
2939,57,-61,0,0,0,0.020431,0.999495,logprobs,Alibaba
2940,57,-59,0,0,0,0.012493,0.999282,logprobs,Alibaba
2941,57,-57,0,0,0,0.011035,0.999304,logprobs,Alibaba
2942,57,-55,0,0,0,0.011052,0.99924,logprobs,Alibaba
2943,57,-53,0,0,0,0.02943,0.999354,logprobs,Alibaba
2944,57,-51,0,0,0,0.029373,0.999115,logprobs,Alibaba
2945,57,-49,0,0,0,0.011056,0.999363,logprobs,Alibaba
2946,57,-47,0,0,0,0.00862,0.999333,logprobs,Alibaba
2947,57,-45,0,0,0,0.00464,0.999739,logprobs,Alibaba
2948,57,-43,0,0,0,0.005248,0.999761,logprobs,Alibaba
2949,57,-41,0,0,0,0.002468,0.999692,logprobs,Alibaba
2950,57,-39,0,0,0,0.004639,0.999697,logprobs,Alibaba
2951,57,-37,0,0,0,0.012517,0.999187,logprobs,Alibaba
2952,57,-35,0,0,0,0.005247,0.999473,logprobs,Alibaba
2953,57,-33,0,0,0,0.005261,0.999303,logprobs,Alibaba
2954,57,-31,0,0,0,0.004095,0.99962,logprobs,Alibaba
2955,57,-29,0,0,0,0.014099,0.998965,logprobs,Alibaba
2956,57,-27,0,0,0,0.010975,0.999401,logprobs,Alibaba
2957,57,-25,0,0,0,0.007611,0.999137,logprobs,Alibaba
2958,57,-23,0,0,0,0.182673,0.993792,logprobs,Alibaba
2959,57,-21,0,0,0,0.067821,0.998124,logprobs,Alibaba
2960,57,-19,0,0,0,0.06783,0.998027,logprobs,Alibaba
2961,57,-17,0,0,0,0.026095,0.997858,logprobs,Alibaba
2962,57,-15,0,0,0,0.037432,0.996457,logprobs,Alibaba
2963,57,-13,0,0,0,0.033278,0.998073,logprobs,Alibaba
2964,57,-11,0,0,0,0.095725,0.997242,logprobs,Alibaba
2965,57,-9,0,0,0,0.085404,0.99743,logprobs,Alibaba
2966,57,-7,0,0,0,0.060444,0.99733,logprobs,Alibaba
2967,57,-5,1,1,0,0.085483,0.999039,logprobs,Alibaba
2968,57,-3,1,1,1,0.532051,0.999014,logprobs,Alibaba
2969,57,-1,0,0,0,0.407887,0.9989,logprobs,Alibaba
2970,57,1,0,0,0,0.438533,0.998595,logprobs,Alibaba
2971,57,3,0,0,0,0.245742,0.999032,logprobs,Alibaba
2972,57,5,0,0,0,0.182955,0.998534,logprobs,Alibaba
2973,57,7,0,0,0,0.469633,0.998615,logprobs,Alibaba
2974,57,9,1,1,1,0.532051,0.998984,logprobs,Alibaba
2975,57,11,0,0,1,0.562642,0.999282,logprobs,Alibaba
2976,57,13,1,1,1,0.623124,0.9992,logprobs,Alibaba
2977,57,15,1,1,1,0.531584,0.999262,logprobs,Alibaba
2978,57,17,0,0,0,0.40857,0.998885,logprobs,Alibaba
2979,57,19,0,0,0,0.245484,0.999375,logprobs,Alibaba
2980,57,21,0,0,0,0.407757,0.999362,logprobs,Alibaba
2981,57,23,1,1,1,0.70591,0.999416,logprobs,Alibaba
2982,57,25,1,1,1,0.946628,0.99963,logprobs,Alibaba
2983,57,27,1,1,1,0.966932,0.999689,logprobs,Alibaba
2984,57,29,1,1,1,0.932497,0.999633,logprobs,Alibaba
2985,57,31,1,1,1,0.914956,0.999467,logprobs,Alibaba
2986,57,33,1,1,1,0.932483,0.99952,logprobs,Alibaba
2987,57,35,1,1,1,0.867093,0.999356,logprobs,Alibaba
2988,57,37,1,1,1,0.946623,0.999539,logprobs,Alibaba
2989,57,39,1,1,1,0.914993,0.999443,logprobs,Alibaba
2990,57,41,1,1,1,0.852017,0.999268,logprobs,Alibaba
2991,57,43,1,1,1,0.880874,0.999358,logprobs,Alibaba
2992,57,45,1,1,1,0.777507,0.999197,logprobs,Alibaba
2993,57,47,1,1,1,0.562791,0.999129,logprobs,Alibaba
2994,57,49,1,1,1,0.731375,0.998982,logprobs,Alibaba
2995,57,51,1,1,0,0.202039,0.999288,logprobs,Alibaba
2996,57,53,1,1,0,0.469093,0.999295,logprobs,Alibaba
2997,57,55,1,1,0,0.321055,0.999138,logprobs,Alibaba
2998,57,57,1,1,0,0.182706,0.999266,logprobs,Alibaba
2999,57,59,1,1,0,0.377781,0.999387,logprobs,Alibaba
3000,57,61,1,1,1,0.867143,0.999317,logprobs,Alibaba
3001,57,63,1,1,0,0.321111,0.999257,logprobs,Alibaba
3002,57,65,1,1,1,0.651881,0.999339,logprobs,Alibaba
3003,57,67,1,1,0,0.469342,0.999217,logprobs,Alibaba
3004,57,69,1,1,0,0.469351,0.998943,logprobs,Alibaba
3005,57,71,1,1,1,0.777565,0.999349,logprobs,Alibaba
3006,57,73,1,1,1,0.89341,0.999444,logprobs,Alibaba
3007,57,75,1,1,1,0.731306,0.999329,logprobs,Alibaba
3008,57,77,1,1,1,0.652,0.999181,logprobs,Alibaba
3009,57,79,1,1,1,0.755161,0.999247,logprobs,Alibaba
3010,57,81,1,1,1,0.777483,0.999284,logprobs,Alibaba
3011,57,83,1,1,1,0.651839,0.999125,logprobs,Alibaba
3012,57,85,1,1,1,0.893434,0.999527,logprobs,Alibaba
3013,57,87,1,1,1,0.835644,0.999451,logprobs,Alibaba
3014,57,89,1,1,1,0.731357,0.999159,logprobs,Alibaba
3015,57,91,1,1,1,0.835622,0.999507,logprobs,Alibaba
3016,57,93,1,1,1,0.932498,0.999685,logprobs,Alibaba
3017,57,95,1,1,1,0.73132,0.999257,logprobs,Alibaba
3018,57,97,1,1,1,0.852338,0.999234,logprobs,Alibaba
3019,57,99,1,1,1,0.904739,0.999646,logprobs,Alibaba
3020,57,101,1,1,1,0.940007,0.999642,logprobs,Alibaba
3021,57,103,1,1,1,0.952599,0.999673,logprobs,Alibaba
3022,57,105,1,1,1,0.93251,0.999627,logprobs,Alibaba
3023,57,107,1,1,1,0.880901,0.999351,logprobs,Alibaba
3024,57,109,1,1,1,0.924212,0.999498,logprobs,Alibaba
3025,57,111,1,1,1,0.852435,0.999301,logprobs,Alibaba
3026,57,113,1,1,1,0.962692,0.99977,logprobs,Alibaba
3027,57,115,1,1,1,0.818305,0.999281,logprobs,Alibaba
3028,57,117,1,1,1,0.777614,0.999129,logprobs,Alibaba
3029,57,119,1,1,1,0.817712,0.99937,logprobs,Alibaba
3030,57,121,1,1,1,0.798316,0.999299,logprobs,Alibaba
3031,57,123,1,1,1,0.893378,0.999608,logprobs,Alibaba
3032,57,125,1,1,1,0.798355,0.99936,logprobs,Alibaba
3033,57,127,1,1,1,0.880892,0.999415,logprobs,Alibaba
3034,57,129,1,1,1,0.893359,0.999504,logprobs,Alibaba
3035,57,131,1,1,1,0.531914,0.999311,logprobs,Alibaba
3036,57,133,1,1,1,0.592972,0.999298,logprobs,Alibaba
3037,57,135,1,1,0,0.294679,0.999118,logprobs,Alibaba
3038,57,137,1,1,0,0.348828,0.999185,logprobs,Alibaba
3039,57,139,0,0,0,0.294848,0.998963,logprobs,Alibaba
3040,57,141,0,0,0,0.133422,0.998832,logprobs,Alibaba
3041,57,143,0,0,0,0.060189,0.999292,logprobs,Alibaba
3042,57,145,0,0,0,0.095531,0.999132,logprobs,Alibaba
3043,57,147,0,0,0,0.22305,0.999001,logprobs,Alibaba
3044,57,149,0,0,0,0.269471,0.998808,logprobs,Alibaba
3045,57,151,0,0,0,0.119448,0.999005,logprobs,Alibaba
3046,57,153,0,0,0,0.107604,0.998985,logprobs,Alibaba
3047,57,155,0,0,0,0.164892,0.998549,logprobs,Alibaba
3048,57,157,1,1,0,0.164708,0.999015,logprobs,Alibaba
3049,57,159,1,1,0,0.182596,0.998922,logprobs,Alibaba
3050,57,161,1,1,0,0.183103,0.998645,logprobs,Alibaba
3051,57,163,0,0,0,0.223179,0.998978,logprobs,Alibaba
3052,57,165,0,0,0,0.08543,0.999202,logprobs,Alibaba
3053,57,167,0,0,0,0.060593,0.998918,logprobs,Alibaba
3054,57,169,0,0,0,0.042218,0.999307,logprobs,Alibaba
3055,57,171,0,0,0,0.014101,0.999512,logprobs,Alibaba
3056,57,173,0,0,0,0.060274,0.998917,logprobs,Alibaba
3057,57,175,0,0,0,0.076104,0.999289,logprobs,Alibaba
3058,57,177,0,0,0,0.037446,0.999159,logprobs,Alibaba
3059,57,179,0,0,0,0.067793,0.999439,logprobs,Alibaba
3060,55,-179,0,0,0,0.09558,0.999592,logprobs,Alibaba
3061,55,-177,0,0,0,0.037495,0.999506,logprobs,Alibaba
3062,55,-175,0,0,0,0.042323,0.999079,logprobs,Alibaba
3063,55,-173,0,0,0,0.076047,0.999309,logprobs,Alibaba
3064,55,-171,0,0,0,0.053867,0.999018,logprobs,Alibaba
3065,55,-169,0,0,0,0.085284,0.999291,logprobs,Alibaba
3066,55,-167,0,0,0,0.085797,0.999277,logprobs,Alibaba
3067,55,-165,0,0,0,0.106942,0.999115,logprobs,Alibaba
3068,55,-163,0,0,0,0.133195,0.999148,logprobs,Alibaba
3069,55,-161,0,0,0,0.22309,0.998774,logprobs,Alibaba
3070,55,-159,0,0,0,0.076025,0.998843,logprobs,Alibaba
3071,55,-157,0,0,0,0.095558,0.998638,logprobs,Alibaba
3072,55,-155,0,0,0,0.076068,0.997101,logprobs,Alibaba
3073,55,-153,0,0,0,0.165135,0.998232,logprobs,Alibaba
3074,55,-151,0,0,0,0.203016,0.996875,logprobs,Alibaba
3075,55,-149,0,0,0,0.469478,0.999047,logprobs,Alibaba
3076,55,-147,0,0,0,0.43994,0.99858,logprobs,Alibaba
3077,55,-145,0,0,0,0.29456,0.997437,logprobs,Alibaba
3078,55,-143,0,0,1,0.731648,0.999358,logprobs,Alibaba
3079,55,-141,0,0,1,0.731911,0.999221,logprobs,Alibaba
3080,55,-139,0,0,1,0.706189,0.999369,logprobs,Alibaba
3081,55,-137,0,0,1,0.777731,0.999236,logprobs,Alibaba
3082,55,-135,0,0,1,0.500393,0.99898,logprobs,Alibaba
3083,55,-133,1,1,0,0.438501,0.99894,logprobs,Alibaba
3084,55,-131,1,1,0,0.245376,0.999058,logprobs,Alibaba
3085,55,-129,1,1,0,0.438188,0.999237,logprobs,Alibaba
3086,55,-127,1,1,1,0.867187,0.999484,logprobs,Alibaba
3087,55,-125,1,1,1,0.880919,0.99954,logprobs,Alibaba
3088,55,-123,1,1,1,0.915004,0.999424,logprobs,Alibaba
3089,55,-121,1,1,1,0.952602,0.999587,logprobs,Alibaba
3090,55,-119,1,1,1,0.970704,0.999674,logprobs,Alibaba
3091,55,-117,1,1,1,0.962761,0.999577,logprobs,Alibaba
3092,55,-115,1,1,1,0.904737,0.999632,logprobs,Alibaba
3093,55,-113,1,1,1,0.979692,0.999619,logprobs,Alibaba
3094,55,-111,1,1,1,0.924307,0.99965,logprobs,Alibaba
3095,55,-109,1,1,1,0.984123,0.999734,logprobs,Alibaba
3096,55,-107,1,1,1,0.974071,0.999714,logprobs,Alibaba
3097,55,-105,1,0,1,0.989021,0.999868,logprobs,Alibaba
3098,55,-103,1,1,1,0.97409,0.999661,logprobs,Alibaba
3099,55,-101,1,1,1,0.904855,0.999463,logprobs,Alibaba
3100,55,-99,1,1,1,0.924267,0.999632,logprobs,Alibaba
3101,55,-97,1,1,1,0.880972,0.999512,logprobs,Alibaba
3102,55,-95,1,1,1,0.531953,0.9988,logprobs,Alibaba
3103,55,-93,1,1,1,0.905045,0.99945,logprobs,Alibaba
3104,55,-91,1,1,1,0.623288,0.999088,logprobs,Alibaba
3105,55,-89,1,1,0,0.182622,0.999312,logprobs,Alibaba
3106,55,-87,1,1,0,0.060311,0.999665,logprobs,Alibaba
3107,55,-85,1,1,0,0.245497,0.999366,logprobs,Alibaba
3108,55,-83,1,1,0,0.32158,0.999288,logprobs,Alibaba
3109,55,-81,0,0,0,0.295016,0.999404,logprobs,Alibaba
3110,55,-79,0,0,1,0.563625,0.999076,logprobs,Alibaba
3111,55,-77,1,1,0,0.107274,0.999609,logprobs,Alibaba
3112,55,-75,1,1,1,0.755051,0.999328,logprobs,Alibaba
3113,55,-73,1,0,1,0.798659,0.999435,logprobs,Alibaba
3114,55,-71,1,1,0,0.407958,0.998779,logprobs,Alibaba
3115,55,-69,1,1,0,0.246294,0.998794,logprobs,Alibaba
3116,55,-67,1,1,0,0.164911,0.999128,logprobs,Alibaba
3117,55,-65,1,1,0,0.085228,0.998634,logprobs,Alibaba
3118,55,-63,1,1,0,0.060341,0.997813,logprobs,Alibaba
3119,55,-61,1,1,0,0.085246,0.998772,logprobs,Alibaba
3120,55,-59,1,1,0,0.053511,0.998475,logprobs,Alibaba
3121,55,-57,0,0,0,0.020412,0.999354,logprobs,Alibaba
3122,55,-55,0,0,0,0.018077,0.998656,logprobs,Alibaba
3123,55,-53,0,0,0,0.029494,0.999095,logprobs,Alibaba
3124,55,-51,0,0,0,0.085512,0.998783,logprobs,Alibaba
3125,55,-49,0,0,0,0.033186,0.999174,logprobs,Alibaba
3126,55,-47,0,0,0,0.076301,0.998866,logprobs,Alibaba
3127,55,-45,0,0,0,0.004642,0.999576,logprobs,Alibaba
3128,55,-43,0,0,0,0.006743,0.999459,logprobs,Alibaba
3129,55,-41,0,0,0,0.011041,0.99939,logprobs,Alibaba
3130,55,-39,0,0,0,0.020501,0.999343,logprobs,Alibaba
3131,55,-37,0,0,0,0.029467,0.999343,logprobs,Alibaba
3132,55,-35,0,0,0,0.004061,0.999415,logprobs,Alibaba
3133,55,-33,0,0,0,0.037595,0.99713,logprobs,Alibaba
3134,55,-31,0,0,0,0.003589,0.999545,logprobs,Alibaba
3135,55,-29,0,0,0,0.005971,0.999226,logprobs,Alibaba
3136,55,-27,0,0,0,0.012542,0.998321,logprobs,Alibaba
3137,55,-25,0,0,0,0.009756,0.99904,logprobs,Alibaba
3138,55,-23,0,0,0,0.119681,0.99154,logprobs,Alibaba
3139,55,-21,0,0,0,0.223072,0.998323,logprobs,Alibaba
3140,55,-19,0,0,0,0.438801,0.998119,logprobs,Alibaba
3141,55,-17,0,0,0,0.020464,0.998677,logprobs,Alibaba
3142,55,-15,0,0,0,0.026047,0.99863,logprobs,Alibaba
3143,55,-13,0,0,0,0.042243,0.99749,logprobs,Alibaba
3144,55,-11,0,0,0,0.060262,0.995564,logprobs,Alibaba
3145,55,-9,0,0,0,0.246036,0.996506,logprobs,Alibaba
3146,55,-7,1,1,0,0.348981,0.997029,logprobs,Alibaba
3147,55,-5,1,1,0,0.245327,0.998565,logprobs,Alibaba
3148,55,-3,1,1,1,0.893443,0.999533,logprobs,Alibaba
3149,55,-1,0,0,1,0.914956,0.99947,logprobs,Alibaba
3150,55,1,0,0,1,0.651865,0.998676,logprobs,Alibaba
3151,55,3,0,0,1,0.562317,0.998824,logprobs,Alibaba
3152,55,5,0,0,0,0.377834,0.998805,logprobs,Alibaba
3153,55,7,0,0,1,0.59304,0.999173,logprobs,Alibaba
3154,55,9,1,1,1,0.798378,0.999556,logprobs,Alibaba
3155,55,11,0,0,0,0.40857,0.999077,logprobs,Alibaba
3156,55,13,0,0,1,0.777652,0.999473,logprobs,Alibaba
3157,55,15,1,1,0,0.269291,0.999025,logprobs,Alibaba
3158,55,17,0,0,0,0.202259,0.999331,logprobs,Alibaba
3159,55,19,0,0,1,0.706161,0.999235,logprobs,Alibaba
3160,55,21,0,0,1,0.706142,0.999399,logprobs,Alibaba
3161,55,23,1,1,1,0.932488,0.999571,logprobs,Alibaba
3162,55,25,1,1,1,0.904693,0.999663,logprobs,Alibaba
3163,55,27,1,1,1,0.957946,0.999465,logprobs,Alibaba
3164,55,29,1,1,1,0.939987,0.999597,logprobs,Alibaba
3165,55,31,1,1,1,0.939936,0.999596,logprobs,Alibaba
3166,55,33,1,1,1,0.86709,0.99944,logprobs,Alibaba
3167,55,35,1,1,1,0.970706,0.999551,logprobs,Alibaba
3168,55,37,1,1,1,0.989041,0.999753,logprobs,Alibaba
3169,55,39,1,1,1,0.974053,0.999696,logprobs,Alibaba
3170,55,41,1,1,1,0.946633,0.999686,logprobs,Alibaba
3171,55,43,1,1,1,0.939987,0.999632,logprobs,Alibaba
3172,55,45,1,1,1,0.924161,0.999557,logprobs,Alibaba
3173,55,47,1,1,1,0.777667,0.999287,logprobs,Alibaba
3174,55,49,1,0,1,0.924192,0.99962,logprobs,Alibaba
3175,55,51,1,1,1,0.679465,0.99932,logprobs,Alibaba
3176,55,53,1,1,1,0.622818,0.999289,logprobs,Alibaba
3177,55,55,1,1,1,0.531371,0.999273,logprobs,Alibaba
3178,55,57,1,1,1,0.777464,0.999284,logprobs,Alibaba
3179,55,59,1,1,1,0.731205,0.999453,logprobs,Alibaba
3180,55,61,1,1,1,0.96695,0.999661,logprobs,Alibaba
3181,55,63,1,1,1,0.755357,0.999214,logprobs,Alibaba
3182,55,65,1,1,1,0.798478,0.999297,logprobs,Alibaba
3183,55,67,1,1,1,0.817793,0.999427,logprobs,Alibaba
3184,55,69,1,1,1,0.731476,0.999194,logprobs,Alibaba
3185,55,71,1,1,1,0.835667,0.99943,logprobs,Alibaba
3186,55,73,1,1,1,0.962691,0.999653,logprobs,Alibaba
3187,55,75,1,1,1,0.85203,0.999573,logprobs,Alibaba
3188,55,77,1,1,1,0.88084,0.999522,logprobs,Alibaba
3189,55,79,1,1,1,0.970703,0.999826,logprobs,Alibaba
3190,55,81,1,1,1,0.90472,0.999592,logprobs,Alibaba
3191,55,83,1,1,1,0.977036,0.999705,logprobs,Alibaba
3192,55,85,1,1,1,0.946655,0.999652,logprobs,Alibaba
3193,55,87,1,1,1,0.914954,0.999598,logprobs,Alibaba
3194,55,89,1,1,1,0.914981,0.999518,logprobs,Alibaba
3195,55,91,1,1,1,0.932493,0.999633,logprobs,Alibaba
3196,55,93,1,1,1,0.974057,0.999745,logprobs,Alibaba
3197,55,95,1,1,1,0.867288,0.99959,logprobs,Alibaba
3198,55,97,1,1,1,0.835656,0.999463,logprobs,Alibaba
3199,55,99,1,1,1,0.893383,0.999598,logprobs,Alibaba
3200,55,101,1,1,1,0.893378,0.999571,logprobs,Alibaba
3201,55,103,1,1,1,0.966923,0.999709,logprobs,Alibaba
3202,55,105,1,1,1,0.952611,0.999684,logprobs,Alibaba
3203,55,107,1,1,1,0.924383,0.999267,logprobs,Alibaba
3204,55,109,1,0,1,0.904727,0.999604,logprobs,Alibaba
3205,55,111,1,1,1,0.777591,0.999364,logprobs,Alibaba
3206,55,113,1,1,1,0.952606,0.999618,logprobs,Alibaba
3207,55,115,1,1,1,0.835903,0.999352,logprobs,Alibaba
3208,55,117,1,1,1,0.867154,0.99946,logprobs,Alibaba
3209,55,119,1,1,1,0.731285,0.999293,logprobs,Alibaba
3210,55,121,1,1,1,0.904713,0.999453,logprobs,Alibaba
3211,55,123,1,1,1,0.852083,0.999368,logprobs,Alibaba
3212,55,125,1,1,1,0.867096,0.99952,logprobs,Alibaba
3213,55,127,1,1,1,0.91501,0.99954,logprobs,Alibaba
3214,55,129,1,1,1,0.932478,0.999594,logprobs,Alibaba
3215,55,131,1,1,1,0.852046,0.99943,logprobs,Alibaba
3216,55,133,1,1,1,0.835656,0.999445,logprobs,Alibaba
3217,55,135,1,1,1,0.593018,0.999345,logprobs,Alibaba
3218,55,137,1,1,1,0.651689,0.999282,logprobs,Alibaba
3219,55,139,0,0,1,0.500491,0.999168,logprobs,Alibaba
3220,55,141,0,0,0,0.469117,0.999037,logprobs,Alibaba
3221,55,143,0,0,0,0.245479,0.998676,logprobs,Alibaba
3222,55,145,0,0,0,0.119486,0.998381,logprobs,Alibaba
3223,55,147,0,0,0,0.378233,0.998772,logprobs,Alibaba
3224,55,149,0,0,0,0.26922,0.99897,logprobs,Alibaba
3225,55,151,0,0,0,0.148775,0.998795,logprobs,Alibaba
3226,55,153,0,0,0,0.148442,0.998943,logprobs,Alibaba
3227,55,155,0,0,0,0.095514,0.999086,logprobs,Alibaba
3228,55,157,1,1,0,0.223396,0.998627,logprobs,Alibaba
3229,55,159,1,1,0,0.223178,0.998977,logprobs,Alibaba
3230,55,161,1,1,0,0.148495,0.998936,logprobs,Alibaba
3231,55,163,0,0,0,0.164942,0.998865,logprobs,Alibaba
3232,55,165,0,0,0,0.148355,0.998848,logprobs,Alibaba
3233,55,167,0,0,0,0.053511,0.999285,logprobs,Alibaba
3234,55,169,0,0,0,0.119375,0.999091,logprobs,Alibaba
3235,55,171,0,0,0,0.076163,0.998854,logprobs,Alibaba
3236,55,173,0,0,0,0.202052,0.999257,logprobs,Alibaba
3237,55,175,0,0,0,0.042343,0.998576,logprobs,Alibaba
3238,55,177,0,0,0,0.029416,0.999336,logprobs,Alibaba
3239,55,179,0,0,0,0.053547,0.999425,logprobs,Alibaba
3240,53,-179,0,0,0,0.053561,0.999632,logprobs,Alibaba
3241,53,-177,0,0,0,0.067673,0.999597,logprobs,Alibaba
3242,53,-175,0,0,0,0.060228,0.999336,logprobs,Alibaba
3243,53,-173,0,0,0,0.0853,0.99907,logprobs,Alibaba
3244,53,-171,0,0,0,0.047575,0.998056,logprobs,Alibaba
3245,53,-169,0,0,0,0.067945,0.998927,logprobs,Alibaba
3246,53,-167,0,0,0,0.020398,0.999393,logprobs,Alibaba
3247,53,-165,0,0,0,0.076029,0.998408,logprobs,Alibaba
3248,53,-163,0,0,0,0.085332,0.998885,logprobs,Alibaba
3249,53,-161,0,0,0,0.06789,0.996817,logprobs,Alibaba
3250,53,-159,0,0,0,0.037393,0.99747,logprobs,Alibaba
3251,53,-157,0,0,0,0.037529,0.99806,logprobs,Alibaba
3252,53,-155,0,0,0,0.04229,0.99848,logprobs,Alibaba
3253,53,-153,0,0,0,0.085421,0.998644,logprobs,Alibaba
3254,53,-151,0,0,0,0.223047,0.997196,logprobs,Alibaba
3255,53,-149,0,0,1,0.500574,0.998767,logprobs,Alibaba
3256,53,-147,0,0,0,0.245665,0.998094,logprobs,Alibaba
3257,53,-145,0,0,0,0.119528,0.996525,logprobs,Alibaba
3258,53,-143,0,0,0,0.408738,0.997377,logprobs,Alibaba
3259,53,-141,0,0,1,0.867562,0.999356,logprobs,Alibaba
3260,53,-139,0,0,1,0.85216,0.999483,logprobs,Alibaba
3261,53,-137,0,0,1,0.651718,0.999347,logprobs,Alibaba
3262,53,-135,0,0,0,0.29466,0.998635,logprobs,Alibaba
3263,53,-133,0,0,0,0.294657,0.999077,logprobs,Alibaba
3264,53,-131,0,0,0,0.182759,0.998657,logprobs,Alibaba
3265,53,-129,1,1,0,0.269141,0.998601,logprobs,Alibaba
3266,53,-127,1,1,0,0.202312,0.998889,logprobs,Alibaba
3267,53,-125,1,1,1,0.798297,0.999321,logprobs,Alibaba
3268,53,-123,1,1,1,0.914956,0.999608,logprobs,Alibaba
3269,53,-121,1,1,1,0.979682,0.999651,logprobs,Alibaba
3270,53,-119,1,1,1,0.974062,0.999736,logprobs,Alibaba
3271,53,-117,1,1,1,0.962726,0.999668,logprobs,Alibaba
3272,53,-115,1,1,1,0.979697,0.999691,logprobs,Alibaba
3273,53,-113,1,1,1,0.989031,0.999759,logprobs,Alibaba
3274,53,-111,1,1,1,0.974071,0.999747,logprobs,Alibaba
3275,53,-109,1,1,1,0.979722,0.999714,logprobs,Alibaba
3276,53,-107,1,1,1,0.970735,0.999691,logprobs,Alibaba
3277,53,-105,1,1,1,0.984104,0.999799,logprobs,Alibaba
3278,53,-103,1,1,1,0.977055,0.999774,logprobs,Alibaba
3279,53,-101,1,1,1,0.924305,0.999457,logprobs,Alibaba
3280,53,-99,1,1,1,0.932504,0.999628,logprobs,Alibaba
3281,53,-97,1,1,1,0.924323,0.999587,logprobs,Alibaba
3282,53,-95,1,1,1,0.622784,0.999375,logprobs,Alibaba
3283,53,-93,1,0,1,0.593595,0.999147,logprobs,Alibaba
3284,53,-91,1,1,1,0.593834,0.999108,logprobs,Alibaba
3285,53,-89,1,1,0,0.22354,0.999267,logprobs,Alibaba
3286,53,-87,1,1,0,0.016035,0.999723,logprobs,Alibaba
3287,53,-85,1,1,0,0.379156,0.999116,logprobs,Alibaba
3288,53,-83,1,1,0,0.349427,0.999225,logprobs,Alibaba
3289,53,-81,1,1,0,0.438264,0.999472,logprobs,Alibaba
3290,53,-79,0,0,0,0.29504,0.999082,logprobs,Alibaba
3291,53,-77,1,1,0,0.095433,0.999617,logprobs,Alibaba
3292,53,-75,1,1,1,0.623485,0.99906,logprobs,Alibaba
3293,53,-73,1,1,1,0.593164,0.999441,logprobs,Alibaba
3294,53,-71,1,1,0,0.407578,0.998099,logprobs,Alibaba
3295,53,-69,1,1,0,0.407836,0.999334,logprobs,Alibaba
3296,53,-67,1,1,0,0.202145,0.999134,logprobs,Alibaba
3297,53,-65,1,1,0,0.076121,0.99873,logprobs,Alibaba
3298,53,-63,1,1,0,0.095522,0.998486,logprobs,Alibaba
3299,53,-61,1,1,0,0.068057,0.999003,logprobs,Alibaba
3300,53,-59,1,1,0,0.085372,0.998555,logprobs,Alibaba
3301,53,-57,1,1,0,0.03331,0.998486,logprobs,Alibaba
3302,53,-55,0,0,0,0.060256,0.9979,logprobs,Alibaba
3303,53,-53,0,0,0,0.053475,0.997597,logprobs,Alibaba
3304,53,-51,0,0,0,0.037485,0.998922,logprobs,Alibaba
3305,53,-49,0,0,0,0.015992,0.998617,logprobs,Alibaba
3306,53,-47,0,0,0,0.029516,0.997919,logprobs,Alibaba
3307,53,-45,0,0,0,0.002798,0.999401,logprobs,Alibaba
3308,53,-43,0,0,0,0.014108,0.999047,logprobs,Alibaba
3309,53,-41,0,0,0,0.006684,0.999574,logprobs,Alibaba
3310,53,-39,0,0,0,0.004602,0.999643,logprobs,Alibaba
3311,53,-37,0,0,0,0.010972,0.999303,logprobs,Alibaba
3312,53,-35,0,0,0,0.004646,0.999294,logprobs,Alibaba
3313,53,-33,0,0,0,0.008664,0.999236,logprobs,Alibaba
3314,53,-31,0,0,0,0.001921,0.99943,logprobs,Alibaba
3315,53,-29,0,0,0,0.002467,0.999537,logprobs,Alibaba
3316,53,-27,0,0,0,0.005934,0.999361,logprobs,Alibaba
3317,53,-25,0,0,0,0.005255,0.999038,logprobs,Alibaba
3318,53,-23,0,0,0,0.06785,0.995652,logprobs,Alibaba
3319,53,-21,0,0,0,0.165068,0.995747,logprobs,Alibaba
3320,53,-19,0,0,0,0.042398,0.998527,logprobs,Alibaba
3321,53,-17,0,0,0,0.037475,0.994436,logprobs,Alibaba
3322,53,-15,0,0,0,0.047683,0.988809,logprobs,Alibaba
3323,53,-13,0,0,0,0.085444,0.995693,logprobs,Alibaba
3324,53,-11,0,0,0,0.076163,0.994511,logprobs,Alibaba
3325,53,-9,1,1,0,0.245665,0.983395,logprobs,Alibaba
3326,53,-7,1,1,1,0.818088,0.99901,logprobs,Alibaba
3327,53,-5,0,0,0,0.407923,0.998726,logprobs,Alibaba
3328,53,-3,1,1,0,0.470747,0.998528,logprobs,Alibaba
3329,53,-1,1,1,1,0.946647,0.999529,logprobs,Alibaba
3330,53,1,0,0,0,0.40819,0.998694,logprobs,Alibaba
3331,53,3,0,0,0,0.349676,0.999051,logprobs,Alibaba
3332,53,5,0,0,0,0.349198,0.999129,logprobs,Alibaba
3333,53,7,1,1,1,0.777632,0.999132,logprobs,Alibaba
3334,53,9,1,1,1,0.904737,0.999549,logprobs,Alibaba
3335,53,11,1,1,1,0.957938,0.999655,logprobs,Alibaba
3336,53,13,1,1,1,0.90472,0.999598,logprobs,Alibaba
3337,53,15,1,1,1,0.867119,0.999478,logprobs,Alibaba
3338,53,17,1,1,1,0.974052,0.999712,logprobs,Alibaba
3339,53,19,1,1,1,0.984105,0.999743,logprobs,Alibaba
3340,53,21,1,1,1,0.974066,0.999777,logprobs,Alibaba
3341,53,23,1,1,1,0.946631,0.999624,logprobs,Alibaba
3342,53,25,1,1,1,0.946655,0.999597,logprobs,Alibaba
3343,53,27,1,1,1,0.962685,0.999676,logprobs,Alibaba
3344,53,29,1,1,1,0.977034,0.999629,logprobs,Alibaba
3345,53,31,1,1,1,0.977046,0.999655,logprobs,Alibaba
3346,53,33,1,1,1,0.962699,0.999656,logprobs,Alibaba
3347,53,35,1,1,1,0.966922,0.999622,logprobs,Alibaba
3348,53,37,1,1,1,0.990311,0.999764,logprobs,Alibaba
3349,53,39,1,1,1,0.977037,0.999734,logprobs,Alibaba
3350,53,41,1,1,1,0.970703,0.999621,logprobs,Alibaba
3351,53,43,1,1,1,0.924177,0.99947,logprobs,Alibaba
3352,53,45,1,1,1,0.932498,0.999568,logprobs,Alibaba
3353,53,47,1,1,1,0.932485,0.999564,logprobs,Alibaba
3354,53,49,1,1,1,0.893376,0.999434,logprobs,Alibaba
3355,53,51,1,1,1,0.651577,0.999259,logprobs,Alibaba
3356,53,53,1,1,0,0.407653,0.999304,logprobs,Alibaba
3357,53,55,1,1,1,0.593037,0.999128,logprobs,Alibaba
3358,53,57,1,1,1,0.62282,0.999259,logprobs,Alibaba
3359,53,59,1,1,1,0.852042,0.99948,logprobs,Alibaba
3360,53,61,1,1,1,0.95259,0.999622,logprobs,Alibaba
3361,53,63,1,1,1,0.86709,0.999327,logprobs,Alibaba
3362,53,65,1,1,1,0.893378,0.99963,logprobs,Alibaba
3363,53,67,1,1,1,0.932485,0.999645,logprobs,Alibaba
3364,53,69,1,1,1,0.904708,0.999482,logprobs,Alibaba
3365,53,71,1,1,1,0.962686,0.999692,logprobs,Alibaba
3366,53,73,1,1,1,0.924206,0.999544,logprobs,Alibaba
3367,53,75,1,1,1,0.957922,0.99976,logprobs,Alibaba
3368,53,77,1,1,1,0.893364,0.999535,logprobs,Alibaba
3369,53,79,1,1,1,0.932493,0.9997,logprobs,Alibaba
3370,53,81,1,1,1,0.946617,0.999624,logprobs,Alibaba
3371,53,83,1,1,1,0.932516,0.999592,logprobs,Alibaba
3372,53,85,1,1,1,0.957987,0.999537,logprobs,Alibaba
3373,53,87,1,1,1,0.957953,0.999685,logprobs,Alibaba
3374,53,89,1,1,1,0.924257,0.999509,logprobs,Alibaba
3375,53,91,1,1,1,0.881084,0.999376,logprobs,Alibaba
3376,53,93,1,1,1,0.93251,0.999646,logprobs,Alibaba
3377,53,95,1,1,1,0.817769,0.999412,logprobs,Alibaba
3378,53,97,1,1,1,0.852097,0.999324,logprobs,Alibaba
3379,53,99,1,1,1,0.939943,0.999641,logprobs,Alibaba
3380,53,101,1,1,1,0.96694,0.999688,logprobs,Alibaba
3381,53,103,1,1,1,0.957958,0.999659,logprobs,Alibaba
3382,53,105,1,1,1,0.932502,0.999358,logprobs,Alibaba
3383,53,107,1,0,1,0.893444,0.999244,logprobs,Alibaba
3384,53,109,1,1,1,0.94662,0.999507,logprobs,Alibaba
3385,53,111,1,1,1,0.97405,0.999733,logprobs,Alibaba
3386,53,113,1,1,1,0.977051,0.999662,logprobs,Alibaba
3387,53,115,1,1,1,0.966927,0.99969,logprobs,Alibaba
3388,53,117,1,1,1,0.932486,0.999601,logprobs,Alibaba
3389,53,119,1,1,1,0.880989,0.999383,logprobs,Alibaba
3390,53,121,1,1,1,0.952596,0.999661,logprobs,Alibaba
3391,53,123,1,1,1,0.904693,0.999564,logprobs,Alibaba
3392,53,125,1,1,1,0.904712,0.999604,logprobs,Alibaba
3393,53,127,1,1,1,0.904751,0.999496,logprobs,Alibaba
3394,53,129,1,1,1,0.924261,0.999615,logprobs,Alibaba
3395,53,131,1,1,1,0.835582,0.999434,logprobs,Alibaba
3396,53,133,1,1,1,0.835589,0.999612,logprobs,Alibaba
3397,53,135,1,1,1,0.500375,0.999287,logprobs,Alibaba
3398,53,137,1,1,0,0.377988,0.999003,logprobs,Alibaba
3399,53,139,1,1,0,0.407681,0.998991,logprobs,Alibaba
3400,53,141,0,0,0,0.377828,0.998945,logprobs,Alibaba
3401,53,143,1,1,0,0.245296,0.999287,logprobs,Alibaba
3402,53,145,0,0,0,0.202077,0.998766,logprobs,Alibaba
3403,53,147,0,0,0,0.378187,0.998614,logprobs,Alibaba
3404,53,149,0,0,0,0.438413,0.998173,logprobs,Alibaba
3405,53,151,0,0,0,0.182837,0.998599,logprobs,Alibaba
3406,53,153,0,0,0,0.085294,0.9987,logprobs,Alibaba
3407,53,155,0,0,0,0.106917,0.997719,logprobs,Alibaba
3408,53,157,1,1,0,0.148879,0.998654,logprobs,Alibaba
3409,53,159,0,0,0,0.24574,0.99903,logprobs,Alibaba
3410,53,161,0,0,0,0.148541,0.998209,logprobs,Alibaba
3411,53,163,0,0,0,0.095642,0.998857,logprobs,Alibaba
3412,53,165,0,0,0,0.095725,0.997887,logprobs,Alibaba
3413,53,167,0,0,0,0.067768,0.998879,logprobs,Alibaba
3414,53,169,0,0,0,0.07609,0.998585,logprobs,Alibaba
3415,53,171,0,0,0,0.047607,0.998749,logprobs,Alibaba
3416,53,173,0,0,0,0.033174,0.999326,logprobs,Alibaba
3417,53,175,0,0,0,0.020387,0.999075,logprobs,Alibaba
3418,53,177,0,0,0,0.029397,0.999371,logprobs,Alibaba
3419,53,179,0,0,0,0.053515,0.999432,logprobs,Alibaba
3420,51,-179,0,0,0,0.053671,0.999549,logprobs,Alibaba
3421,51,-177,0,0,0,0.047554,0.999341,logprobs,Alibaba
3422,51,-175,0,0,0,0.015967,0.999503,logprobs,Alibaba
3423,51,-173,0,0,0,0.060358,0.99916,logprobs,Alibaba
3424,51,-171,0,0,0,0.026,0.999392,logprobs,Alibaba
3425,51,-169,0,0,0,0.033574,0.998995,logprobs,Alibaba
3426,51,-167,0,0,0,0.014188,0.99927,logprobs,Alibaba
3427,51,-165,0,0,0,0.020445,0.999294,logprobs,Alibaba
3428,51,-163,0,0,0,0.04218,0.999146,logprobs,Alibaba
3429,51,-161,0,0,0,0.042199,0.998856,logprobs,Alibaba
3430,51,-159,0,0,0,0.033231,0.998425,logprobs,Alibaba
3431,51,-157,0,0,0,0.02327,0.998565,logprobs,Alibaba
3432,51,-155,0,0,0,0.029391,0.997164,logprobs,Alibaba
3433,51,-153,0,0,0,0.076587,0.998466,logprobs,Alibaba
3434,51,-151,0,0,0,0.377988,0.998988,logprobs,Alibaba
3435,51,-149,0,0,1,0.562359,0.999271,logprobs,Alibaba
3436,51,-147,0,0,0,0.245918,0.99796,logprobs,Alibaba
3437,51,-145,0,0,0,0.067898,0.995688,logprobs,Alibaba
3438,51,-143,0,0,1,0.593163,0.998891,logprobs,Alibaba
3439,51,-141,0,0,1,0.679547,0.999188,logprobs,Alibaba
3440,51,-139,0,0,1,0.867208,0.999305,logprobs,Alibaba
3441,51,-137,0,0,1,0.731277,0.999199,logprobs,Alibaba
3442,51,-135,0,0,1,0.679602,0.999242,logprobs,Alibaba
3443,51,-133,0,0,0,0.182837,0.998907,logprobs,Alibaba
3444,51,-131,0,0,0,0.245433,0.9991,logprobs,Alibaba
3445,51,-129,0,0,0,0.182809,0.998722,logprobs,Alibaba
3446,51,-127,1,1,1,0.532149,0.999054,logprobs,Alibaba
3447,51,-125,1,1,0,0.438501,0.998762,logprobs,Alibaba
3448,51,-123,1,1,1,0.924233,0.999579,logprobs,Alibaba
3449,51,-121,1,1,1,0.962699,0.999639,logprobs,Alibaba
3450,51,-119,1,1,1,0.977043,0.999676,logprobs,Alibaba
3451,51,-117,1,1,1,0.970756,0.99962,logprobs,Alibaba
3452,51,-115,1,1,1,0.967078,0.999593,logprobs,Alibaba
3453,51,-113,1,1,1,0.991435,0.99981,logprobs,Alibaba
3454,51,-111,1,1,1,0.991434,0.999768,logprobs,Alibaba
3455,51,-109,1,1,1,0.9903,0.999787,logprobs,Alibaba
3456,51,-107,1,1,1,0.982063,0.999624,logprobs,Alibaba
3457,51,-105,1,1,1,0.994109,0.999746,logprobs,Alibaba
3458,51,-103,1,1,1,0.989034,0.999692,logprobs,Alibaba
3459,51,-101,1,1,1,0.98595,0.999694,logprobs,Alibaba
3460,51,-99,1,1,1,0.966956,0.999636,logprobs,Alibaba
3461,51,-97,1,1,1,0.952671,0.999423,logprobs,Alibaba
3462,51,-95,1,1,1,0.62329,0.99915,logprobs,Alibaba
3463,51,-93,1,1,1,0.852194,0.9993,logprobs,Alibaba
3464,51,-91,1,0,1,0.593395,0.999206,logprobs,Alibaba
3465,51,-89,1,1,0,0.32179,0.999046,logprobs,Alibaba
3466,51,-87,1,1,0,0.294788,0.998851,logprobs,Alibaba
3467,51,-85,1,1,0,0.469295,0.999175,logprobs,Alibaba
3468,51,-83,1,1,1,0.652277,0.999195,logprobs,Alibaba
3469,51,-81,1,1,1,0.562723,0.999203,logprobs,Alibaba
3470,51,-79,1,1,1,0.817824,0.999345,logprobs,Alibaba
3471,51,-77,1,0,1,0.86714,0.999315,logprobs,Alibaba
3472,51,-75,1,1,1,0.70663,0.999361,logprobs,Alibaba
3473,51,-73,1,1,1,0.85216,0.999484,logprobs,Alibaba
3474,51,-71,1,1,1,0.651649,0.999216,logprobs,Alibaba
3475,51,-69,1,1,0,0.32146,0.9988,logprobs,Alibaba
3476,51,-67,1,1,0,0.407629,0.999155,logprobs,Alibaba
3477,51,-65,1,1,0,0.076025,0.997987,logprobs,Alibaba
3478,51,-63,1,1,0,0.08532,0.999135,logprobs,Alibaba
3479,51,-61,1,1,0,0.067768,0.998696,logprobs,Alibaba
3480,51,-59,1,1,0,0.060274,0.99777,logprobs,Alibaba
3481,51,-57,0,0,0,0.053723,0.998041,logprobs,Alibaba
3482,51,-55,0,0,0,0.085229,0.999083,logprobs,Alibaba
3483,51,-53,0,0,0,0.085383,0.997361,logprobs,Alibaba
3484,51,-51,0,0,0,0.095882,0.995606,logprobs,Alibaba
3485,51,-49,0,0,0,0.076084,0.997176,logprobs,Alibaba
3486,51,-47,0,0,0,0.133371,0.990719,logprobs,Alibaba
3487,51,-45,0,0,0,0.011016,0.998746,logprobs,Alibaba
3488,51,-43,0,0,0,0.029426,0.998967,logprobs,Alibaba
3489,51,-41,0,0,0,0.005211,0.999361,logprobs,Alibaba
3490,51,-39,0,0,0,0.011112,0.999029,logprobs,Alibaba
3491,51,-37,0,0,0,0.00974,0.999192,logprobs,Alibaba
3492,51,-35,0,0,0,0.011025,0.999128,logprobs,Alibaba
3493,51,-33,0,0,0,0.133422,0.994086,logprobs,Alibaba
3494,51,-31,0,0,0,0.003166,0.999465,logprobs,Alibaba
3495,51,-29,0,0,0,0.012529,0.998958,logprobs,Alibaba
3496,51,-27,0,0,0,0.004598,0.999538,logprobs,Alibaba
3497,51,-25,0,0,0,0.020407,0.997705,logprobs,Alibaba
3498,51,-23,0,0,1,0.563261,0.999068,logprobs,Alibaba
3499,51,-21,0,0,0,0.223073,0.996095,logprobs,Alibaba
3500,51,-19,0,0,0,0.047531,0.996498,logprobs,Alibaba
3501,51,-17,0,0,0,0.047724,0.988743,logprobs,Alibaba
3502,51,-15,0,0,0,0.085368,0.987801,logprobs,Alibaba
3503,51,-13,0,0,0,0.202457,0.992236,logprobs,Alibaba
3504,51,-11,0,0,0,0.133369,0.994215,logprobs,Alibaba
3505,51,-9,0,0,0,0.165519,0.994328,logprobs,Alibaba
3506,51,-7,0,0,1,0.679668,0.997899,logprobs,Alibaba
3507,51,-5,0,0,0,0.202081,0.998712,logprobs,Alibaba
3508,51,-3,1,1,0,0.469621,0.99885,logprobs,Alibaba
3509,51,-1,1,1,1,0.915018,0.999496,logprobs,Alibaba
3510,51,1,0,0,1,0.500637,0.999043,logprobs,Alibaba
3511,51,3,1,1,1,0.915047,0.999572,logprobs,Alibaba
3512,51,5,1,1,1,0.939931,0.999384,logprobs,Alibaba
3513,51,7,1,1,1,0.990297,0.999765,logprobs,Alibaba
3514,51,9,1,1,1,0.99479,0.99982,logprobs,Alibaba
3515,51,11,1,1,1,0.994797,0.999815,logprobs,Alibaba
3516,51,13,1,1,1,0.987587,0.999779,logprobs,Alibaba
3517,51,15,1,1,1,0.994093,0.999816,logprobs,Alibaba
3518,51,17,1,1,1,0.992431,0.999826,logprobs,Alibaba
3519,51,19,1,1,1,0.995405,0.999833,logprobs,Alibaba
3520,51,21,1,1,1,0.996831,0.999828,logprobs,Alibaba
3521,51,23,1,1,1,0.97069,0.999689,logprobs,Alibaba
3522,51,25,1,1,1,0.970698,0.999735,logprobs,Alibaba
3523,51,27,1,1,1,0.957928,0.999591,logprobs,Alibaba
3524,51,29,1,1,1,0.962702,0.999633,logprobs,Alibaba
3525,51,31,1,1,1,0.940183,0.999351,logprobs,Alibaba
3526,51,33,1,1,1,0.966935,0.999535,logprobs,Alibaba
3527,51,35,1,1,1,0.952627,0.999549,logprobs,Alibaba
3528,51,37,1,1,1,0.974075,0.999703,logprobs,Alibaba
3529,51,39,1,1,1,0.979675,0.999745,logprobs,Alibaba
3530,51,41,1,1,1,0.6794,0.998737,logprobs,Alibaba
3531,51,43,1,1,1,0.777425,0.999163,logprobs,Alibaba
3532,51,45,1,1,1,0.817634,0.999488,logprobs,Alibaba
3533,51,47,1,1,1,0.835546,0.999338,logprobs,Alibaba
3534,51,49,1,1,1,0.731233,0.999127,logprobs,Alibaba
3535,51,51,1,1,1,0.593072,0.999104,logprobs,Alibaba
3536,51,53,1,1,1,0.562659,0.999324,logprobs,Alibaba
3537,51,55,1,1,1,0.731263,0.999205,logprobs,Alibaba
3538,51,57,1,1,0,0.321304,0.999193,logprobs,Alibaba
3539,51,59,1,1,1,0.562434,0.999285,logprobs,Alibaba
3540,51,61,1,1,1,0.731181,0.999281,logprobs,Alibaba
3541,51,63,1,1,1,0.531702,0.999211,logprobs,Alibaba
3542,51,65,1,1,1,0.731659,0.999293,logprobs,Alibaba
3543,51,67,1,1,1,0.817765,0.99921,logprobs,Alibaba
3544,51,69,1,1,1,0.852161,0.999381,logprobs,Alibaba
3545,51,71,1,1,1,0.914979,0.99955,logprobs,Alibaba
3546,51,73,1,1,1,0.904728,0.999584,logprobs,Alibaba
3547,51,75,1,1,1,0.67956,0.999218,logprobs,Alibaba
3548,51,77,1,1,1,0.652062,0.998669,logprobs,Alibaba
3549,51,79,1,1,1,0.914978,0.999543,logprobs,Alibaba
3550,51,81,1,1,1,0.731254,0.999163,logprobs,Alibaba
3551,51,83,1,1,1,0.777531,0.999236,logprobs,Alibaba
3552,51,85,1,1,1,0.880848,0.999418,logprobs,Alibaba
3553,51,87,1,1,1,0.880902,0.999427,logprobs,Alibaba
3554,51,89,1,1,1,0.914957,0.999523,logprobs,Alibaba
3555,51,91,1,1,1,0.777427,0.999314,logprobs,Alibaba
3556,51,93,1,1,1,0.880872,0.999335,logprobs,Alibaba
3557,51,95,1,1,1,0.500956,0.999238,logprobs,Alibaba
3558,51,97,1,1,1,0.835686,0.999224,logprobs,Alibaba
3559,51,99,1,1,1,0.755343,0.999283,logprobs,Alibaba
3560,51,101,1,1,1,0.904684,0.999459,logprobs,Alibaba
3561,51,103,1,1,1,0.755193,0.999267,logprobs,Alibaba
3562,51,105,1,1,1,0.946649,0.999544,logprobs,Alibaba
3563,51,107,1,1,1,0.940008,0.999577,logprobs,Alibaba
3564,51,109,1,1,1,0.957922,0.99958,logprobs,Alibaba
3565,51,111,1,1,1,0.880905,0.999312,logprobs,Alibaba
3566,51,113,1,1,1,0.924186,0.99934,logprobs,Alibaba
3567,51,115,1,1,1,0.70607,0.999266,logprobs,Alibaba
3568,51,117,1,1,1,0.622839,0.999127,logprobs,Alibaba
3569,51,119,1,1,1,0.932504,0.999396,logprobs,Alibaba
3570,51,121,1,1,1,0.731285,0.999127,logprobs,Alibaba
3571,51,123,1,1,1,0.652027,0.999153,logprobs,Alibaba
3572,51,125,1,1,1,0.623124,0.999098,logprobs,Alibaba
3573,51,127,1,1,0,0.46946,0.999069,logprobs,Alibaba
3574,51,129,1,1,1,0.500279,0.999045,logprobs,Alibaba
3575,51,131,1,1,1,0.835577,0.999043,logprobs,Alibaba
3576,51,133,1,1,1,0.531556,0.999036,logprobs,Alibaba
3577,51,135,1,1,1,0.706237,0.999066,logprobs,Alibaba
3578,51,137,1,1,0,0.245784,0.998653,logprobs,Alibaba
3579,51,139,1,1,0,0.133416,0.998501,logprobs,Alibaba
3580,51,141,0,0,0,0.201966,0.999072,logprobs,Alibaba
3581,51,143,1,1,0,0.182724,0.999145,logprobs,Alibaba
3582,51,145,0,0,0,0.053502,0.999346,logprobs,Alibaba
3583,51,147,0,0,0,0.222988,0.999153,logprobs,Alibaba
3584,51,149,0,0,0,0.321186,0.998229,logprobs,Alibaba
3585,51,151,0,0,0,0.245663,0.999033,logprobs,Alibaba
3586,51,153,0,0,0,0.095484,0.999098,logprobs,Alibaba
3587,51,155,0,0,0,0.095577,0.998863,logprobs,Alibaba
3588,51,157,0,0,0,0.037522,0.999323,logprobs,Alibaba
3589,51,159,0,0,0,0.047571,0.998556,logprobs,Alibaba
3590,51,161,0,0,0,0.037454,0.999137,logprobs,Alibaba
3591,51,163,0,0,0,0.018031,0.999336,logprobs,Alibaba
3592,51,165,0,0,0,0.029525,0.99933,logprobs,Alibaba
3593,51,167,0,0,0,0.020401,0.999186,logprobs,Alibaba
3594,51,169,0,0,0,0.020472,0.999405,logprobs,Alibaba
3595,51,171,0,0,0,0.029406,0.99928,logprobs,Alibaba
3596,51,173,0,0,0,0.029449,0.999417,logprobs,Alibaba
3597,51,175,0,0,0,0.042202,0.999216,logprobs,Alibaba
3598,51,177,0,0,0,0.014117,0.999283,logprobs,Alibaba
3599,51,179,0,0,0,0.029441,0.999389,logprobs,Alibaba
3600,49,-179,0,0,0,0.085363,0.999515,logprobs,Alibaba
3601,49,-177,0,0,0,0.037595,0.999417,logprobs,Alibaba
3602,49,-175,0,0,0,0.009735,0.999559,logprobs,Alibaba
3603,49,-173,0,0,0,0.026087,0.999095,logprobs,Alibaba
3604,49,-171,0,0,0,0.020495,0.999281,logprobs,Alibaba
3605,49,-169,0,0,0,0.026044,0.999098,logprobs,Alibaba
3606,49,-167,0,0,0,0.01815,0.998892,logprobs,Alibaba
3607,49,-165,0,0,0,0.015893,0.99909,logprobs,Alibaba
3608,49,-163,0,0,0,0.037458,0.999345,logprobs,Alibaba
3609,49,-161,0,0,0,0.018189,0.999052,logprobs,Alibaba
3610,49,-159,0,0,0,0.009778,0.999203,logprobs,Alibaba
3611,49,-157,0,0,0,0.011033,0.998927,logprobs,Alibaba
3612,49,-155,0,0,0,0.014105,0.998886,logprobs,Alibaba
3613,49,-153,0,0,0,0.015898,0.998135,logprobs,Alibaba
3614,49,-151,0,0,0,0.085827,0.997527,logprobs,Alibaba
3615,49,-149,0,0,0,0.119355,0.994227,logprobs,Alibaba
3616,49,-147,0,0,0,0.16472,0.997244,logprobs,Alibaba
3617,49,-145,0,0,0,0.047508,0.996942,logprobs,Alibaba
3618,49,-143,0,0,0,0.018066,0.998881,logprobs,Alibaba
3619,49,-141,0,0,1,0.622613,0.999151,logprobs,Alibaba
3620,49,-139,0,0,1,0.562442,0.998914,logprobs,Alibaba
3621,49,-137,0,0,1,0.731309,0.999313,logprobs,Alibaba
3622,49,-135,0,0,0,0.182692,0.992242,logprobs,Alibaba
3623,49,-133,0,0,0,0.026124,0.998411,logprobs,Alibaba
3624,49,-131,0,0,0,0.053652,0.999388,logprobs,Alibaba
3625,49,-129,0,0,0,0.007571,0.999527,logprobs,Alibaba
3626,49,-127,0,0,0,0.018021,0.998571,logprobs,Alibaba
3627,49,-125,1,1,0,0.148272,0.996709,logprobs,Alibaba
3628,49,-123,0,0,1,0.706491,0.999133,logprobs,Alibaba
3629,49,-121,1,1,1,0.979696,0.999794,logprobs,Alibaba
3630,49,-119,1,1,1,0.979682,0.999774,logprobs,Alibaba
3631,49,-117,1,1,1,0.974116,0.999767,logprobs,Alibaba
3632,49,-115,1,1,1,0.977042,0.999759,logprobs,Alibaba
3633,49,-113,1,1,1,0.990338,0.99978,logprobs,Alibaba
3634,49,-111,1,1,1,0.989033,0.99975,logprobs,Alibaba
3635,49,-109,1,1,1,0.970765,0.999665,logprobs,Alibaba
3636,49,-107,1,1,1,0.977041,0.999698,logprobs,Alibaba
3637,49,-105,1,1,1,0.984116,0.999697,logprobs,Alibaba
3638,49,-103,1,1,1,0.985968,0.999772,logprobs,Alibaba
3639,49,-101,1,1,1,0.970699,0.999728,logprobs,Alibaba
3640,49,-99,1,1,1,0.974057,0.999717,logprobs,Alibaba
3641,49,-97,1,1,1,0.974065,0.999671,logprobs,Alibaba
3642,49,-95,1,0,1,0.867225,0.99938,logprobs,Alibaba
3643,49,-93,1,1,1,0.81839,0.999118,logprobs,Alibaba
3644,49,-91,1,1,1,0.731764,0.99922,logprobs,Alibaba
3645,49,-89,1,1,1,0.755282,0.999231,logprobs,Alibaba
3646,49,-87,1,1,0,0.408298,0.999106,logprobs,Alibaba
3647,49,-85,1,1,1,0.501449,0.99908,logprobs,Alibaba
3648,49,-83,1,1,1,0.7313,0.999285,logprobs,Alibaba
3649,49,-81,1,1,1,0.880894,0.999392,logprobs,Alibaba
3650,49,-79,1,1,1,0.893436,0.999501,logprobs,Alibaba
3651,49,-77,1,1,1,0.817833,0.999268,logprobs,Alibaba
3652,49,-75,1,1,1,0.817844,0.999462,logprobs,Alibaba
3653,49,-73,1,1,1,0.867301,0.999312,logprobs,Alibaba
3654,49,-71,1,1,1,0.904874,0.999449,logprobs,Alibaba
3655,49,-69,1,1,1,0.563725,0.999018,logprobs,Alibaba
3656,49,-67,0,0,1,0.5936,0.999039,logprobs,Alibaba
3657,49,-65,1,1,0,0.095807,0.999111,logprobs,Alibaba
3658,49,-63,0,0,0,0.119531,0.998724,logprobs,Alibaba
3659,49,-61,0,0,0,0.107373,0.998229,logprobs,Alibaba
3660,49,-59,0,0,0,0.148319,0.999064,logprobs,Alibaba
3661,49,-57,1,1,0,0.164851,0.997292,logprobs,Alibaba
3662,49,-55,1,1,0,0.148319,0.997681,logprobs,Alibaba
3663,49,-53,0,0,0,0.269504,0.996178,logprobs,Alibaba
3664,49,-51,0,0,0,0.183024,0.996201,logprobs,Alibaba
3665,49,-49,0,0,0,0.026031,0.999178,logprobs,Alibaba
3666,49,-47,0,0,0,0.095725,0.996235,logprobs,Alibaba
3667,49,-45,0,0,0,0.014114,0.99901,logprobs,Alibaba
3668,49,-43,0,0,0,0.033179,0.998998,logprobs,Alibaba
3669,49,-41,0,0,0,0.006678,0.998711,logprobs,Alibaba
3670,49,-39,0,0,0,0.006726,0.999347,logprobs,Alibaba
3671,49,-37,0,0,0,0.023079,0.997973,logprobs,Alibaba
3672,49,-35,0,0,0,0.004643,0.999406,logprobs,Alibaba
3673,49,-33,0,0,0,0.012485,0.999134,logprobs,Alibaba
3674,49,-31,0,0,0,0.004648,0.999625,logprobs,Alibaba
3675,49,-29,0,0,0,0.002468,0.999709,logprobs,Alibaba
3676,49,-27,0,0,0,0.00862,0.998929,logprobs,Alibaba
3677,49,-25,0,0,0,0.004065,0.998873,logprobs,Alibaba
3678,49,-23,0,0,1,0.755268,0.999186,logprobs,Alibaba
3679,49,-21,0,0,0,0.018064,0.998792,logprobs,Alibaba
3680,49,-19,0,0,0,0.085357,0.99767,logprobs,Alibaba
3681,49,-17,0,0,0,0.060232,0.993884,logprobs,Alibaba
3682,49,-15,0,0,0,0.076027,0.990358,logprobs,Alibaba
3683,49,-13,0,0,0,0.060413,0.996429,logprobs,Alibaba
3684,49,-11,0,0,0,0.060605,0.996857,logprobs,Alibaba
3685,49,-9,0,0,0,0.07636,0.99311,logprobs,Alibaba
3686,49,-7,0,0,0,0.107014,0.998366,logprobs,Alibaba
3687,49,-5,0,0,0,0.223138,0.998956,logprobs,Alibaba
3688,49,-3,0,0,0,0.321751,0.998661,logprobs,Alibaba
3689,49,-1,1,1,1,0.679502,0.999062,logprobs,Alibaba
3690,49,1,1,1,1,0.924207,0.999397,logprobs,Alibaba
3691,49,3,1,1,1,0.966934,0.999654,logprobs,Alibaba
3692,49,5,1,1,1,0.904689,0.999499,logprobs,Alibaba
3693,49,7,1,1,1,0.966946,0.99968,logprobs,Alibaba
3694,49,9,1,1,1,0.9841,0.999777,logprobs,Alibaba
3695,49,11,1,1,1,0.994792,0.9998,logprobs,Alibaba
3696,49,13,1,1,1,0.987596,0.99974,logprobs,Alibaba
3697,49,15,1,1,1,0.984114,0.999768,logprobs,Alibaba
3698,49,17,1,1,1,0.991426,0.999768,logprobs,Alibaba
3699,49,19,1,1,1,0.991444,0.999759,logprobs,Alibaba
3700,49,21,1,1,1,0.985949,0.999776,logprobs,Alibaba
3701,49,23,1,1,1,0.98204,0.999721,logprobs,Alibaba
3702,49,25,1,1,1,0.970708,0.999668,logprobs,Alibaba
3703,49,27,1,1,1,0.974057,0.999657,logprobs,Alibaba
3704,49,29,1,1,1,0.982029,0.999741,logprobs,Alibaba
3705,49,31,1,1,1,0.989015,0.999773,logprobs,Alibaba
3706,49,33,1,1,1,0.946629,0.999583,logprobs,Alibaba
3707,49,35,1,1,1,0.977046,0.999677,logprobs,Alibaba
3708,49,37,1,1,1,0.979679,0.999653,logprobs,Alibaba
3709,49,39,1,1,1,0.962699,0.999645,logprobs,Alibaba
3710,49,41,1,1,1,0.867101,0.999183,logprobs,Alibaba
3711,49,43,1,1,1,0.817832,0.999177,logprobs,Alibaba
3712,49,45,1,1,1,0.777372,0.999402,logprobs,Alibaba
3713,49,47,1,1,1,0.731165,0.999483,logprobs,Alibaba
3714,49,49,1,1,1,0.867114,0.999413,logprobs,Alibaba
3715,49,51,1,1,1,0.852086,0.999315,logprobs,Alibaba
3716,49,53,1,1,1,0.75505,0.999297,logprobs,Alibaba
3717,49,55,1,1,1,0.731322,0.99925,logprobs,Alibaba
3718,49,57,1,1,1,0.75532,0.99932,logprobs,Alibaba
3719,49,59,1,1,1,0.706128,0.999253,logprobs,Alibaba
3720,49,61,1,1,1,0.622816,0.999172,logprobs,Alibaba
3721,49,63,1,1,1,0.67961,0.999096,logprobs,Alibaba
3722,49,65,1,1,1,0.798355,0.999385,logprobs,Alibaba
3723,49,67,1,1,1,0.755176,0.999148,logprobs,Alibaba
3724,49,69,1,1,1,0.867117,0.999487,logprobs,Alibaba
3725,49,71,1,1,1,0.952594,0.999639,logprobs,Alibaba
3726,49,73,1,1,1,0.939939,0.999521,logprobs,Alibaba
3727,49,75,1,1,1,0.755118,0.999306,logprobs,Alibaba
3728,49,77,1,1,1,0.835688,0.999403,logprobs,Alibaba
3729,49,79,1,1,1,0.90474,0.999559,logprobs,Alibaba
3730,49,81,1,1,1,0.893397,0.999476,logprobs,Alibaba
3731,49,83,1,1,1,0.835611,0.999483,logprobs,Alibaba
3732,49,85,1,1,1,0.952659,0.999688,logprobs,Alibaba
3733,49,87,1,1,1,0.95259,0.999592,logprobs,Alibaba
3734,49,89,1,1,1,0.817675,0.999407,logprobs,Alibaba
3735,49,91,1,1,1,0.880914,0.999456,logprobs,Alibaba
3736,49,93,1,1,1,0.932526,0.999618,logprobs,Alibaba
3737,49,95,1,1,1,0.867137,0.999386,logprobs,Alibaba
3738,49,97,1,1,1,0.880882,0.999251,logprobs,Alibaba
3739,49,99,1,1,1,0.952581,0.999597,logprobs,Alibaba
3740,49,101,1,1,1,0.962698,0.999722,logprobs,Alibaba
3741,49,103,1,1,1,0.970703,0.999529,logprobs,Alibaba
3742,49,105,1,1,1,0.977037,0.99968,logprobs,Alibaba
3743,49,107,1,1,1,0.970717,0.999667,logprobs,Alibaba
3744,49,109,1,1,1,0.962692,0.999723,logprobs,Alibaba
3745,49,111,1,1,1,0.946692,0.999624,logprobs,Alibaba
3746,49,113,1,1,1,0.987577,0.999835,logprobs,Alibaba
3747,49,115,1,1,1,0.932557,0.999565,logprobs,Alibaba
3748,49,117,1,1,1,0.932498,0.999513,logprobs,Alibaba
3749,49,119,1,1,1,0.939954,0.999603,logprobs,Alibaba
3750,49,121,1,1,1,0.932505,0.999618,logprobs,Alibaba
3751,49,123,1,1,0,0.377934,0.998952,logprobs,Alibaba
3752,49,125,1,1,1,0.706331,0.99901,logprobs,Alibaba
3753,49,127,1,1,1,0.755177,0.999245,logprobs,Alibaba
3754,49,129,1,1,1,0.867162,0.999571,logprobs,Alibaba
3755,49,131,1,1,1,0.880872,0.999588,logprobs,Alibaba
3756,49,133,1,1,1,0.852026,0.999241,logprobs,Alibaba
3757,49,135,1,1,1,0.835688,0.999391,logprobs,Alibaba
3758,49,137,1,1,1,0.531438,0.999274,logprobs,Alibaba
3759,49,139,1,1,0,0.348889,0.999024,logprobs,Alibaba
3760,49,141,0,0,0,0.469478,0.999099,logprobs,Alibaba
3761,49,143,0,0,0,0.202284,0.999219,logprobs,Alibaba
3762,49,145,0,0,0,0.222973,0.998946,logprobs,Alibaba
3763,49,147,0,0,0,0.378315,0.99909,logprobs,Alibaba
3764,49,149,0,0,0,0.269519,0.99854,logprobs,Alibaba
3765,49,151,0,0,0,0.294585,0.998653,logprobs,Alibaba
3766,49,153,0,0,0,0.075961,0.999083,logprobs,Alibaba
3767,49,155,0,0,0,0.042525,0.998996,logprobs,Alibaba
3768,49,157,0,0,0,0.095967,0.999276,logprobs,Alibaba
3769,49,159,0,0,0,0.164892,0.999224,logprobs,Alibaba
3770,49,161,0,0,0,0.08524,0.998631,logprobs,Alibaba
3771,49,163,0,0,0,0.085251,0.999315,logprobs,Alibaba
3772,49,165,0,0,0,0.033174,0.9986,logprobs,Alibaba
3773,49,167,0,0,0,0.029492,0.999349,logprobs,Alibaba
3774,49,169,0,0,0,0.029404,0.999242,logprobs,Alibaba
3775,49,171,0,0,0,0.029383,0.999046,logprobs,Alibaba
3776,49,173,0,0,0,0.033226,0.99914,logprobs,Alibaba
3777,49,175,0,0,0,0.037495,0.998764,logprobs,Alibaba
3778,49,177,0,0,0,0.026062,0.999283,logprobs,Alibaba
3779,49,179,0,0,0,0.133138,0.999216,logprobs,Alibaba
3780,47,-179,0,0,0,0.037443,0.999471,logprobs,Alibaba
3781,47,-177,0,0,0,0.016006,0.99946,logprobs,Alibaba
3782,47,-175,0,0,0,0.006728,0.999439,logprobs,Alibaba
3783,47,-173,0,0,0,0.006686,0.999658,logprobs,Alibaba
3784,47,-171,0,0,0,0.008659,0.999364,logprobs,Alibaba
3785,47,-169,0,0,0,0.029404,0.999384,logprobs,Alibaba
3786,47,-167,0,0,0,0.033172,0.999091,logprobs,Alibaba
3787,47,-165,0,0,0,0.011091,0.999052,logprobs,Alibaba
3788,47,-163,0,0,0,0.026056,0.999605,logprobs,Alibaba
3789,47,-161,0,0,0,0.023099,0.999515,logprobs,Alibaba
3790,47,-159,0,0,0,0.026171,0.998242,logprobs,Alibaba
3791,47,-157,0,0,0,0.018069,0.998576,logprobs,Alibaba
3792,47,-155,0,0,0,0.012498,0.999185,logprobs,Alibaba
3793,47,-153,0,0,0,0.033203,0.999124,logprobs,Alibaba
3794,47,-151,0,0,0,0.182529,0.99885,logprobs,Alibaba
3795,47,-149,0,0,0,0.321123,0.999018,logprobs,Alibaba
3796,47,-147,0,0,0,0.182607,0.998379,logprobs,Alibaba
3797,47,-145,0,0,0,0.014136,0.998481,logprobs,Alibaba
3798,47,-143,0,0,0,0.011073,0.999257,logprobs,Alibaba
3799,47,-141,0,0,0,0.026072,0.998203,logprobs,Alibaba
3800,47,-139,0,0,0,0.053561,0.99522,logprobs,Alibaba
3801,47,-137,0,0,0,0.164946,0.998767,logprobs,Alibaba
3802,47,-135,0,0,0,0.11966,0.997899,logprobs,Alibaba
3803,47,-133,0,0,0,0.05354,0.997567,logprobs,Alibaba
3804,47,-131,0,0,0,0.016027,0.998586,logprobs,Alibaba
3805,47,-129,0,0,0,0.002822,0.999661,logprobs,Alibaba
3806,47,-127,0,0,0,0.004602,0.999459,logprobs,Alibaba
3807,47,-125,0,0,0,0.012491,0.997516,logprobs,Alibaba
3808,47,-123,1,1,0,0.321123,0.998298,logprobs,Alibaba
3809,47,-121,1,1,1,0.982025,0.999787,logprobs,Alibaba
3810,47,-119,1,1,1,0.987575,0.99976,logprobs,Alibaba
3811,47,-117,1,1,1,0.98902,0.999765,logprobs,Alibaba
3812,47,-115,1,1,1,0.979697,0.999735,logprobs,Alibaba
3813,47,-113,1,1,1,0.989022,0.999806,logprobs,Alibaba
3814,47,-111,1,1,1,0.987594,0.999676,logprobs,Alibaba
3815,47,-109,1,1,1,0.987577,0.999783,logprobs,Alibaba
3816,47,-107,1,1,1,0.993324,0.999828,logprobs,Alibaba
3817,47,-105,1,1,1,0.99409,0.999837,logprobs,Alibaba
3818,47,-103,1,1,1,0.98204,0.999702,logprobs,Alibaba
3819,47,-101,1,1,1,0.982025,0.999721,logprobs,Alibaba
3820,47,-99,1,1,1,0.982038,0.99965,logprobs,Alibaba
3821,47,-97,1,1,1,0.984109,0.999761,logprobs,Alibaba
3822,47,-95,1,1,1,0.904726,0.999427,logprobs,Alibaba
3823,47,-93,1,1,1,0.915003,0.999574,logprobs,Alibaba
3824,47,-91,1,0,1,0.622988,0.999028,logprobs,Alibaba
3825,47,-89,1,1,1,0.531646,0.998721,logprobs,Alibaba
3826,47,-87,1,0,0,0.438548,0.998774,logprobs,Alibaba
3827,47,-85,1,0,0,0.407765,0.999027,logprobs,Alibaba
3828,47,-83,1,1,1,0.562588,0.999258,logprobs,Alibaba
3829,47,-81,1,1,1,0.867164,0.999389,logprobs,Alibaba
3830,47,-79,1,0,1,0.904816,0.999489,logprobs,Alibaba
3831,47,-77,1,1,1,0.893504,0.999357,logprobs,Alibaba
3832,47,-75,1,1,1,0.852045,0.99952,logprobs,Alibaba
3833,47,-73,1,1,1,0.914957,0.999673,logprobs,Alibaba
3834,47,-71,1,1,1,0.932505,0.999529,logprobs,Alibaba
3835,47,-69,1,1,1,0.880884,0.999439,logprobs,Alibaba
3836,47,-67,1,1,1,0.867169,0.999435,logprobs,Alibaba
3837,47,-65,1,1,0,0.148316,0.999181,logprobs,Alibaba
3838,47,-63,0,0,0,0.076096,0.999149,logprobs,Alibaba
3839,47,-61,0,0,0,0.076437,0.998975,logprobs,Alibaba
3840,47,-59,0,0,0,0.060332,0.999011,logprobs,Alibaba
3841,47,-57,0,0,0,0.047613,0.998266,logprobs,Alibaba
3842,47,-55,0,0,0,0.223307,0.998494,logprobs,Alibaba
3843,47,-53,1,1,0,0.377882,0.998511,logprobs,Alibaba
3844,47,-51,0,0,0,0.377765,0.998578,logprobs,Alibaba
3845,47,-49,0,0,0,0.085444,0.997568,logprobs,Alibaba
3846,47,-47,0,0,0,0.007568,0.999036,logprobs,Alibaba
3847,47,-45,0,0,0,0.004067,0.999462,logprobs,Alibaba
3848,47,-43,0,0,0,0.008626,0.999551,logprobs,Alibaba
3849,47,-41,0,0,0,0.014133,0.999206,logprobs,Alibaba
3850,47,-39,0,0,0,0.01597,0.999272,logprobs,Alibaba
3851,47,-37,0,0,0,0.016016,0.999243,logprobs,Alibaba
3852,47,-35,0,0,0,0.003587,0.999605,logprobs,Alibaba
3853,47,-33,0,0,0,0.004605,0.999433,logprobs,Alibaba
3854,47,-31,0,0,0,0.003586,0.999494,logprobs,Alibaba
3855,47,-29,0,0,0,0.002798,0.999609,logprobs,Alibaba
3856,47,-27,0,0,0,0.003166,0.999572,logprobs,Alibaba
3857,47,-25,0,0,0,0.002466,0.999388,logprobs,Alibaba
3858,47,-23,0,0,0,0.053571,0.998134,logprobs,Alibaba
3859,47,-21,0,0,0,0.023064,0.998528,logprobs,Alibaba
3860,47,-19,0,0,0,0.012486,0.999271,logprobs,Alibaba
3861,47,-17,0,0,0,0.029387,0.996394,logprobs,Alibaba
3862,47,-15,0,0,0,0.106924,0.986559,logprobs,Alibaba
3863,47,-13,0,0,0,0.053691,0.995096,logprobs,Alibaba
3864,47,-11,0,0,0,0.378219,0.978072,logprobs,Alibaba
3865,47,-9,0,0,0,0.076177,0.99234,logprobs,Alibaba
3866,47,-7,0,0,0,0.067739,0.9945,logprobs,Alibaba
3867,47,-5,0,0,0,0.060282,0.998518,logprobs,Alibaba
3868,47,-3,0,0,0,0.349449,0.998498,logprobs,Alibaba
3869,47,-1,1,1,1,0.817845,0.999348,logprobs,Alibaba
3870,47,1,1,1,1,0.966934,0.999712,logprobs,Alibaba
3871,47,3,1,1,1,0.939963,0.999557,logprobs,Alibaba
3872,47,5,1,1,1,0.946626,0.999621,logprobs,Alibaba
3873,47,7,1,1,1,0.98203,0.999799,logprobs,Alibaba
3874,47,9,1,1,1,0.982024,0.999788,logprobs,Alibaba
3875,47,11,1,1,1,0.985947,0.999769,logprobs,Alibaba
3876,47,13,1,1,1,0.987577,0.999809,logprobs,Alibaba
3877,47,15,1,1,1,0.966943,0.999731,logprobs,Alibaba
3878,47,17,1,1,1,0.966926,0.99971,logprobs,Alibaba
3879,47,19,1,1,1,0.987579,0.99978,logprobs,Alibaba
3880,47,21,1,1,1,0.970695,0.999694,logprobs,Alibaba
3881,47,23,1,1,1,0.977039,0.999617,logprobs,Alibaba
3882,47,25,1,1,1,0.979678,0.999719,logprobs,Alibaba
3883,47,27,1,1,1,0.982018,0.999779,logprobs,Alibaba
3884,47,29,1,1,1,0.893339,0.999582,logprobs,Alibaba
3885,47,31,1,1,1,0.957941,0.99949,logprobs,Alibaba
3886,47,33,1,1,1,0.924174,0.999317,logprobs,Alibaba
3887,47,35,1,1,1,0.946622,0.999499,logprobs,Alibaba
3888,47,37,1,1,1,0.932508,0.999482,logprobs,Alibaba
3889,47,39,0,0,1,0.952588,0.999523,logprobs,Alibaba
3890,47,41,1,1,1,0.777496,0.99924,logprobs,Alibaba
3891,47,43,1,1,1,0.880873,0.999415,logprobs,Alibaba
3892,47,45,1,1,1,0.562629,0.999016,logprobs,Alibaba
3893,47,47,1,1,1,0.679369,0.99909,logprobs,Alibaba
3894,47,49,1,1,1,0.731154,0.999364,logprobs,Alibaba
3895,47,51,1,0,0,0.43827,0.999027,logprobs,Alibaba
3896,47,53,1,1,0,0.438274,0.99901,logprobs,Alibaba
3897,47,55,1,1,0,0.438142,0.999267,logprobs,Alibaba
3898,47,57,1,1,1,0.56269,0.999162,logprobs,Alibaba
3899,47,59,1,1,1,0.531466,0.999121,logprobs,Alibaba
3900,47,61,1,1,1,0.622673,0.999065,logprobs,Alibaba
3901,47,63,1,1,0,0.469296,0.999222,logprobs,Alibaba
3902,47,65,1,1,1,0.835567,0.999393,logprobs,Alibaba
3903,47,67,1,1,1,0.705989,0.999173,logprobs,Alibaba
3904,47,69,1,1,1,0.835612,0.999296,logprobs,Alibaba
3905,47,71,1,1,1,0.798372,0.999371,logprobs,Alibaba
3906,47,73,1,1,1,0.867127,0.999468,logprobs,Alibaba
3907,47,75,1,1,1,0.651555,0.999356,logprobs,Alibaba
3908,47,77,1,1,1,0.852111,0.999451,logprobs,Alibaba
3909,47,79,1,1,1,0.939972,0.999581,logprobs,Alibaba
3910,47,81,1,1,1,0.924233,0.999526,logprobs,Alibaba
3911,47,83,1,1,1,0.705998,0.999429,logprobs,Alibaba
3912,47,85,1,1,1,0.932473,0.999563,logprobs,Alibaba
3913,47,87,1,1,1,0.904778,0.999443,logprobs,Alibaba
3914,47,89,1,1,1,0.531462,0.999073,logprobs,Alibaba
3915,47,91,1,1,1,0.755134,0.999131,logprobs,Alibaba
3916,47,93,1,1,1,0.932469,0.999561,logprobs,Alibaba
3917,47,95,1,1,1,0.867154,0.999362,logprobs,Alibaba
3918,47,97,1,1,1,0.924193,0.99932,logprobs,Alibaba
3919,47,99,1,1,1,0.966928,0.999649,logprobs,Alibaba
3920,47,101,1,1,1,0.98903,0.999802,logprobs,Alibaba
3921,47,103,1,1,1,0.985961,0.999691,logprobs,Alibaba
3922,47,105,1,1,1,0.994102,0.999831,logprobs,Alibaba
3923,47,107,1,1,1,0.994095,0.999843,logprobs,Alibaba
3924,47,109,1,1,1,0.984101,0.999684,logprobs,Alibaba
3925,47,111,1,1,1,0.982025,0.999757,logprobs,Alibaba
3926,47,113,1,1,1,0.985941,0.999787,logprobs,Alibaba
3927,47,115,1,1,1,0.939934,0.999483,logprobs,Alibaba
3928,47,117,1,1,1,0.966928,0.999593,logprobs,Alibaba
3929,47,119,1,1,1,0.914928,0.999631,logprobs,Alibaba
3930,47,121,1,1,1,0.914964,0.999533,logprobs,Alibaba
3931,47,123,1,1,1,0.880873,0.999473,logprobs,Alibaba
3932,47,125,1,1,1,0.970703,0.999647,logprobs,Alibaba
3933,47,127,1,1,1,0.952603,0.999666,logprobs,Alibaba
3934,47,129,1,1,1,0.962689,0.999667,logprobs,Alibaba
3935,47,131,1,1,1,0.867155,0.999445,logprobs,Alibaba
3936,47,133,1,1,1,0.835664,0.999268,logprobs,Alibaba
3937,47,135,1,1,1,0.500613,0.999196,logprobs,Alibaba
3938,47,137,1,1,0,0.22305,0.99911,logprobs,Alibaba
3939,47,139,0,0,0,0.37795,0.998992,logprobs,Alibaba
3940,47,141,0,0,0,0.321121,0.999086,logprobs,Alibaba
3941,47,143,1,1,0,0.060298,0.99909,logprobs,Alibaba
3942,47,145,0,0,0,0.095673,0.99908,logprobs,Alibaba
3943,47,147,0,0,0,0.321125,0.999001,logprobs,Alibaba
3944,47,149,0,0,0,0.245412,0.998003,logprobs,Alibaba
3945,47,151,0,0,0,0.053526,0.998885,logprobs,Alibaba
3946,47,153,0,0,0,0.037417,0.99878,logprobs,Alibaba
3947,47,155,0,0,0,0.047579,0.999107,logprobs,Alibaba
3948,47,157,0,0,0,0.053769,0.999115,logprobs,Alibaba
3949,47,159,0,0,0,0.029419,0.99903,logprobs,Alibaba
3950,47,161,0,0,0,0.009736,0.999499,logprobs,Alibaba
3951,47,163,0,0,0,0.042169,0.999305,logprobs,Alibaba
3952,47,165,0,0,0,0.011023,0.999064,logprobs,Alibaba
3953,47,167,0,0,0,0.029444,0.998321,logprobs,Alibaba
3954,47,169,0,0,0,0.037397,0.999308,logprobs,Alibaba
3955,47,171,0,0,0,0.020396,0.999585,logprobs,Alibaba
3956,47,173,0,0,0,0.014125,0.999383,logprobs,Alibaba
3957,47,175,0,0,0,0.00757,0.999442,logprobs,Alibaba
3958,47,177,0,0,0,0.018095,0.999545,logprobs,Alibaba
3959,47,179,0,0,0,0.033189,0.999423,logprobs,Alibaba
3960,45,-179,0,0,0,0.012513,0.99966,logprobs,Alibaba
3961,45,-177,0,0,0,0.003195,0.999751,logprobs,Alibaba
3962,45,-175,0,0,0,0.001169,0.999765,logprobs,Alibaba
3963,45,-173,0,0,0,0.0015,0.999834,logprobs,Alibaba
3964,45,-171,0,0,0,0.002835,0.999694,logprobs,Alibaba
3965,45,-169,0,0,0,0.009744,0.999417,logprobs,Alibaba
3966,45,-167,0,0,0,0.006732,0.999241,logprobs,Alibaba
3967,45,-165,0,0,0,0.00247,0.999684,logprobs,Alibaba
3968,45,-163,0,0,0,0.005903,0.999384,logprobs,Alibaba
3969,45,-161,0,0,0,0.003633,0.999675,logprobs,Alibaba
3970,45,-159,0,0,0,0.005906,0.999346,logprobs,Alibaba
3971,45,-157,0,0,0,0.003166,0.999621,logprobs,Alibaba
3972,45,-155,0,0,0,0.00218,0.999574,logprobs,Alibaba
3973,45,-153,0,0,0,0.012467,0.998738,logprobs,Alibaba
3974,45,-151,0,0,0,0.18266,0.997814,logprobs,Alibaba
3975,45,-149,0,0,0,0.085332,0.995826,logprobs,Alibaba
3976,45,-147,0,0,0,0.053601,0.997587,logprobs,Alibaba
3977,45,-145,0,0,0,0.005935,0.999166,logprobs,Alibaba
3978,45,-143,0,0,0,0.001925,0.999635,logprobs,Alibaba
3979,45,-141,0,0,0,0.09556,0.996991,logprobs,Alibaba
3980,45,-139,0,0,0,0.095531,0.995766,logprobs,Alibaba
3981,45,-137,0,0,1,0.679553,0.999374,logprobs,Alibaba
3982,45,-135,0,0,0,0.005242,0.999233,logprobs,Alibaba
3983,45,-133,0,0,0,0.004636,0.999278,logprobs,Alibaba
3984,45,-131,0,0,0,0.005926,0.999764,logprobs,Alibaba
3985,45,-129,0,0,0,0.009748,0.999669,logprobs,Alibaba
3986,45,-127,0,0,0,0.004604,0.999688,logprobs,Alibaba
3987,45,-125,0,0,0,0.029365,0.995677,logprobs,Alibaba
3988,45,-123,1,1,0,0.20216,0.989301,logprobs,Alibaba
3989,45,-121,1,1,1,0.974065,0.999762,logprobs,Alibaba
3990,45,-119,1,1,1,0.979694,0.999743,logprobs,Alibaba
3991,45,-117,1,1,1,0.987576,0.999771,logprobs,Alibaba
3992,45,-115,1,1,1,0.970716,0.999688,logprobs,Alibaba
3993,45,-113,1,1,1,0.991438,0.999817,logprobs,Alibaba
3994,45,-111,1,1,1,0.987579,0.999758,logprobs,Alibaba
3995,45,-109,1,1,1,0.987577,0.999768,logprobs,Alibaba
3996,45,-107,1,1,1,0.992441,0.999779,logprobs,Alibaba
3997,45,-105,1,1,1,0.995932,0.999794,logprobs,Alibaba
3998,45,-103,1,1,1,0.985948,0.999771,logprobs,Alibaba
3999,45,-101,1,1,1,0.995401,0.999879,logprobs,Alibaba
4000,45,-99,1,1,1,0.987586,0.999716,logprobs,Alibaba
4001,45,-97,1,1,1,0.985962,0.999744,logprobs,Alibaba
4002,45,-95,1,1,1,0.970721,0.999732,logprobs,Alibaba
4003,45,-93,1,1,1,0.97406,0.999812,logprobs,Alibaba
4004,45,-91,1,1,1,0.952609,0.999729,logprobs,Alibaba
4005,45,-89,1,1,1,0.904729,0.999574,logprobs,Alibaba
4006,45,-87,1,0,0,0.164889,0.998984,logprobs,Alibaba
4007,45,-85,1,1,0,0.321234,0.998739,logprobs,Alibaba
4008,45,-83,1,0,0,0.133283,0.999461,logprobs,Alibaba
4009,45,-81,1,0,0,0.349103,0.999057,logprobs,Alibaba
4010,45,-79,1,1,1,0.91506,0.999554,logprobs,Alibaba
4011,45,-77,1,1,1,0.817995,0.999295,logprobs,Alibaba
4012,45,-75,1,1,1,0.924268,0.999536,logprobs,Alibaba
4013,45,-73,1,1,1,0.86722,0.999507,logprobs,Alibaba
4014,45,-71,1,1,1,0.932527,0.999648,logprobs,Alibaba
4015,45,-69,1,1,1,0.932498,0.999565,logprobs,Alibaba
4016,45,-67,1,1,1,0.777526,0.999334,logprobs,Alibaba
4017,45,-65,1,1,0,0.133275,0.999173,logprobs,Alibaba
4018,45,-63,1,1,0,0.378139,0.999168,logprobs,Alibaba
4019,45,-61,0,0,0,0.408185,0.999123,logprobs,Alibaba
4020,45,-59,0,0,0,0.07621,0.99879,logprobs,Alibaba
4021,45,-57,0,0,0,0.037429,0.998625,logprobs,Alibaba
4022,45,-55,0,0,0,0.029358,0.998601,logprobs,Alibaba
4023,45,-53,0,0,0,0.047648,0.998446,logprobs,Alibaba
4024,45,-51,0,0,0,0.02605,0.999003,logprobs,Alibaba
4025,45,-49,0,0,0,0.018073,0.998948,logprobs,Alibaba
4026,45,-47,0,0,0,0.009752,0.999492,logprobs,Alibaba
4027,45,-45,0,0,0,0.007603,0.999021,logprobs,Alibaba
4028,45,-43,0,0,0,0.001923,0.99978,logprobs,Alibaba
4029,45,-41,0,0,0,0.00359,0.999724,logprobs,Alibaba
4030,45,-39,0,0,0,0.002471,0.999763,logprobs,Alibaba
4031,45,-37,0,0,0,0.001499,0.999756,logprobs,Alibaba
4032,45,-35,0,0,0,0.002177,0.999622,logprobs,Alibaba
4033,45,-33,0,0,0,0.00464,0.99966,logprobs,Alibaba
4034,45,-31,0,0,0,0.002178,0.999673,logprobs,Alibaba
4035,45,-29,0,0,0,0.001922,0.99976,logprobs,Alibaba
4036,45,-27,0,0,0,0.002825,0.999496,logprobs,Alibaba
4037,45,-25,0,0,0,0.003167,0.999379,logprobs,Alibaba
4038,45,-23,0,0,0,0.009744,0.9992,logprobs,Alibaba
4039,45,-21,0,0,0,0.014111,0.998881,logprobs,Alibaba
4040,45,-19,0,0,0,0.006731,0.998518,logprobs,Alibaba
4041,45,-17,0,0,0,0.047501,0.987493,logprobs,Alibaba
4042,45,-15,0,0,0,0.047564,0.987559,logprobs,Alibaba
4043,45,-13,0,0,0,0.033145,0.995077,logprobs,Alibaba
4044,45,-11,0,0,0,0.029381,0.998712,logprobs,Alibaba
4045,45,-9,0,0,0,0.033137,0.997503,logprobs,Alibaba
4046,45,-7,0,0,0,0.037406,0.996434,logprobs,Alibaba
4047,45,-5,0,0,0,0.042154,0.996558,logprobs,Alibaba
4048,45,-3,0,0,0,0.020412,0.999235,logprobs,Alibaba
4049,45,-1,1,1,1,0.622823,0.998837,logprobs,Alibaba
4050,45,1,1,1,1,0.946615,0.999566,logprobs,Alibaba
4051,45,3,1,1,1,0.957941,0.999644,logprobs,Alibaba
4052,45,5,1,1,1,0.939943,0.999601,logprobs,Alibaba
4053,45,7,1,1,1,0.974058,0.99972,logprobs,Alibaba
4054,45,9,1,1,1,0.939934,0.999543,logprobs,Alibaba
4055,45,11,1,1,1,0.914928,0.999762,logprobs,Alibaba
4056,45,13,0,0,1,0.562665,0.998909,logprobs,Alibaba
4057,45,15,1,1,1,0.835573,0.999449,logprobs,Alibaba
4058,45,17,1,1,1,0.966943,0.999736,logprobs,Alibaba
4059,45,19,1,1,1,0.957928,0.999717,logprobs,Alibaba
4060,45,21,1,1,1,0.952587,0.999674,logprobs,Alibaba
4061,45,23,1,1,1,0.952631,0.999545,logprobs,Alibaba
4062,45,25,1,1,1,0.970711,0.999618,logprobs,Alibaba
4063,45,27,1,1,1,0.939958,0.999598,logprobs,Alibaba
4064,45,29,1,1,1,0.798354,0.999524,logprobs,Alibaba
4065,45,31,0,0,1,0.777464,0.999417,logprobs,Alibaba
4066,45,33,0,0,1,0.592897,0.999015,logprobs,Alibaba
4067,45,35,1,1,1,0.622685,0.998719,logprobs,Alibaba
4068,45,37,0,0,1,0.77752,0.999209,logprobs,Alibaba
4069,45,39,1,1,1,0.924206,0.99923,logprobs,Alibaba
4070,45,41,1,1,1,0.93995,0.999582,logprobs,Alibaba
4071,45,43,1,1,1,0.867137,0.999395,logprobs,Alibaba
4072,45,45,1,1,1,0.651564,0.99927,logprobs,Alibaba
4073,45,47,1,1,1,0.562575,0.999215,logprobs,Alibaba
4074,45,49,1,0,1,0.817656,0.999256,logprobs,Alibaba
4075,45,51,1,0,1,0.531508,0.999338,logprobs,Alibaba
4076,45,53,1,1,1,0.679324,0.999283,logprobs,Alibaba
4077,45,55,1,1,1,0.562306,0.999005,logprobs,Alibaba
4078,45,57,1,1,0,0.34889,0.999219,logprobs,Alibaba
4079,45,59,1,1,1,0.531446,0.999464,logprobs,Alibaba
4080,45,61,1,1,1,0.622797,0.999282,logprobs,Alibaba
4081,45,63,1,1,1,0.622638,0.999279,logprobs,Alibaba
4082,45,65,1,1,1,0.852035,0.999547,logprobs,Alibaba
4083,45,67,1,1,1,0.706102,0.999407,logprobs,Alibaba
4084,45,69,1,1,1,0.798423,0.999317,logprobs,Alibaba
4085,45,71,1,1,1,0.867079,0.999545,logprobs,Alibaba
4086,45,73,1,1,1,0.852053,0.999383,logprobs,Alibaba
4087,45,75,1,1,1,0.867148,0.999163,logprobs,Alibaba
4088,45,77,1,1,1,0.867154,0.999231,logprobs,Alibaba
4089,45,79,1,1,1,0.914957,0.99954,logprobs,Alibaba
4090,45,81,1,1,1,0.798366,0.999224,logprobs,Alibaba
4091,45,83,1,1,0,0.294542,0.999294,logprobs,Alibaba
4092,45,85,1,1,1,0.914931,0.999444,logprobs,Alibaba
4093,45,87,1,1,1,0.977028,0.999741,logprobs,Alibaba
4094,45,89,1,1,1,0.835554,0.999397,logprobs,Alibaba
4095,45,91,1,1,1,0.904693,0.999516,logprobs,Alibaba
4096,45,93,1,1,1,0.939953,0.999624,logprobs,Alibaba
4097,45,95,1,1,1,0.893373,0.999426,logprobs,Alibaba
4098,45,97,1,1,1,0.952583,0.999626,logprobs,Alibaba
4099,45,99,1,1,1,0.966932,0.999724,logprobs,Alibaba
4100,45,101,1,1,1,0.979685,0.999709,logprobs,Alibaba
4101,45,103,1,1,1,0.979672,0.99966,logprobs,Alibaba
4102,45,105,1,1,1,0.987569,0.999824,logprobs,Alibaba
4103,45,107,1,1,1,0.991439,0.999796,logprobs,Alibaba
4104,45,109,1,1,1,0.9707,0.99972,logprobs,Alibaba
4105,45,111,1,1,1,0.982029,0.999785,logprobs,Alibaba
4106,45,113,1,1,1,0.970719,0.999684,logprobs,Alibaba
4107,45,115,1,1,1,0.962687,0.999738,logprobs,Alibaba
4108,45,117,1,1,1,0.977051,0.999629,logprobs,Alibaba
4109,45,119,1,1,1,0.966921,0.999615,logprobs,Alibaba
4110,45,121,1,1,1,0.932502,0.999408,logprobs,Alibaba
4111,45,123,1,1,1,0.500387,0.998854,logprobs,Alibaba
4112,45,125,1,1,1,0.979677,0.99974,logprobs,Alibaba
4113,45,127,1,1,1,0.990295,0.999794,logprobs,Alibaba
4114,45,129,1,1,1,0.9707,0.999694,logprobs,Alibaba
4115,45,131,1,1,1,0.914981,0.999563,logprobs,Alibaba
4116,45,133,1,1,1,0.777442,0.999306,logprobs,Alibaba
4117,45,135,1,1,0,0.37808,0.999219,logprobs,Alibaba
4118,45,137,0,0,0,0.321069,0.999283,logprobs,Alibaba
4119,45,139,0,0,0,0.182714,0.999211,logprobs,Alibaba
4120,45,141,0,0,0,0.469208,0.999036,logprobs,Alibaba
4121,45,143,0,0,0,0.095491,0.999297,logprobs,Alibaba
4122,45,145,0,0,0,0.133138,0.998935,logprobs,Alibaba
4123,45,147,0,0,0,0.164782,0.998815,logprobs,Alibaba
4124,45,149,0,0,0,0.165126,0.998775,logprobs,Alibaba
4125,45,151,0,0,0,0.133427,0.998676,logprobs,Alibaba
4126,45,153,0,0,0,0.020468,0.999092,logprobs,Alibaba
4127,45,155,0,0,0,0.037517,0.999018,logprobs,Alibaba
4128,45,157,0,0,0,0.026039,0.999204,logprobs,Alibaba
4129,45,159,0,0,0,0.012469,0.999249,logprobs,Alibaba
4130,45,161,0,0,0,0.01412,0.999507,logprobs,Alibaba
4131,45,163,0,0,0,0.008617,0.99953,logprobs,Alibaba
4132,45,165,0,0,0,0.008569,0.999424,logprobs,Alibaba
4133,45,167,0,0,0,0.015967,0.999407,logprobs,Alibaba
4134,45,169,0,0,0,0.029467,0.999323,logprobs,Alibaba
4135,45,171,0,0,0,0.009742,0.999554,logprobs,Alibaba
4136,45,173,0,0,0,0.014109,0.999579,logprobs,Alibaba
4137,45,175,0,0,0,0.006687,0.999634,logprobs,Alibaba
4138,45,177,0,0,0,0.011076,0.998873,logprobs,Alibaba
4139,45,179,0,0,0,0.029391,0.999467,logprobs,Alibaba
4140,43,-179,0,0,0,0.037595,0.999449,logprobs,Alibaba
4141,43,-177,0,0,0,0.008609,0.99958,logprobs,Alibaba
4142,43,-175,0,0,0,0.006721,0.999342,logprobs,Alibaba
4143,43,-173,0,0,0,0.009749,0.999203,logprobs,Alibaba
4144,43,-171,0,0,0,0.009753,0.999342,logprobs,Alibaba
4145,43,-169,0,0,0,0.014117,0.999535,logprobs,Alibaba
4146,43,-167,0,0,0,0.00762,0.998982,logprobs,Alibaba
4147,43,-165,0,0,0,0.006726,0.999523,logprobs,Alibaba
4148,43,-163,0,0,0,0.007572,0.999627,logprobs,Alibaba
4149,43,-161,0,0,0,0.005943,0.999505,logprobs,Alibaba
4150,43,-159,0,0,0,0.014122,0.998416,logprobs,Alibaba
4151,43,-157,0,0,0,0.005215,0.999352,logprobs,Alibaba
4152,43,-155,0,0,0,0.008599,0.999195,logprobs,Alibaba
4153,43,-153,0,0,0,0.015973,0.999351,logprobs,Alibaba
4154,43,-151,0,0,0,0.14827,0.997037,logprobs,Alibaba
4155,43,-149,0,0,0,0.269675,0.998027,logprobs,Alibaba
4156,43,-147,0,0,0,0.042167,0.997256,logprobs,Alibaba
4157,43,-145,0,0,0,0.017967,0.996568,logprobs,Alibaba
4158,43,-143,0,0,0,0.011039,0.999053,logprobs,Alibaba
4159,43,-141,0,0,0,0.023073,0.998994,logprobs,Alibaba
4160,43,-139,0,0,0,0.011014,0.99905,logprobs,Alibaba
4161,43,-137,0,0,0,0.294616,0.998485,logprobs,Alibaba
4162,43,-135,0,0,0,0.053555,0.9975,logprobs,Alibaba
4163,43,-133,0,0,0,0.018074,0.998807,logprobs,Alibaba
4164,43,-131,0,0,0,0.014135,0.999268,logprobs,Alibaba
4165,43,-129,0,0,0,0.014123,0.999322,logprobs,Alibaba
4166,43,-127,0,0,0,0.006683,0.999151,logprobs,Alibaba
4167,43,-125,0,0,0,0.005213,0.99887,logprobs,Alibaba
4168,43,-123,1,1,1,0.852078,0.999239,logprobs,Alibaba
4169,43,-121,1,1,1,0.985943,0.999745,logprobs,Alibaba
4170,43,-119,1,1,1,0.991427,0.99977,logprobs,Alibaba
4171,43,-117,1,1,1,0.990311,0.999779,logprobs,Alibaba
4172,43,-115,1,1,1,0.987575,0.999756,logprobs,Alibaba
4173,43,-113,1,1,1,0.987584,0.999788,logprobs,Alibaba
4174,43,-111,1,1,1,0.977061,0.999769,logprobs,Alibaba
4175,43,-109,1,1,1,0.989021,0.999817,logprobs,Alibaba
4176,43,-107,1,1,1,0.994093,0.999823,logprobs,Alibaba
4177,43,-105,1,1,1,0.995943,0.999857,logprobs,Alibaba
4178,43,-103,1,1,1,0.987584,0.999758,logprobs,Alibaba
4179,43,-101,1,1,1,0.99478,0.999848,logprobs,Alibaba
4180,43,-99,1,1,1,0.991429,0.999747,logprobs,Alibaba
4181,43,-97,1,1,1,0.989031,0.999808,logprobs,Alibaba
4182,43,-95,1,1,1,0.987583,0.999759,logprobs,Alibaba
4183,43,-93,1,1,1,0.989016,0.999845,logprobs,Alibaba
4184,43,-91,1,1,1,0.970729,0.999716,logprobs,Alibaba
4185,43,-89,1,1,1,0.9841,0.999827,logprobs,Alibaba
4186,43,-87,1,0,0,0.165971,0.999139,logprobs,Alibaba
4187,43,-85,1,1,1,0.924287,0.999614,logprobs,Alibaba
4188,43,-83,1,1,1,0.835803,0.999396,logprobs,Alibaba
4189,43,-81,1,1,1,0.952626,0.99964,logprobs,Alibaba
4190,43,-79,1,1,1,0.652516,0.999209,logprobs,Alibaba
4191,43,-77,1,1,1,0.893479,0.999656,logprobs,Alibaba
4192,43,-75,1,1,1,0.924215,0.999523,logprobs,Alibaba
4193,43,-73,1,1,1,0.96693,0.999746,logprobs,Alibaba
4194,43,-71,1,1,1,0.924256,0.999582,logprobs,Alibaba
4195,43,-69,0,0,0,0.183018,0.998546,logprobs,Alibaba
4196,43,-67,0,0,0,0.164795,0.998893,logprobs,Alibaba
4197,43,-65,0,0,0,0.053505,0.998193,logprobs,Alibaba
4198,43,-63,0,0,0,0.148668,0.997981,logprobs,Alibaba
4199,43,-61,0,0,0,0.06018,0.998761,logprobs,Alibaba
4200,43,-59,0,0,0,0.033184,0.998478,logprobs,Alibaba
4201,43,-57,0,0,0,0.011041,0.999468,logprobs,Alibaba
4202,43,-55,0,0,0,0.015977,0.999332,logprobs,Alibaba
4203,43,-53,0,0,0,0.026036,0.998991,logprobs,Alibaba
4204,43,-51,0,0,0,0.033225,0.997763,logprobs,Alibaba
4205,43,-49,0,0,0,0.012536,0.999295,logprobs,Alibaba
4206,43,-47,0,0,0,0.004067,0.999701,logprobs,Alibaba
4207,43,-45,0,0,0,0.001924,0.999782,logprobs,Alibaba
4208,43,-43,0,0,0,0.011051,0.999371,logprobs,Alibaba
4209,43,-41,0,0,0,0.001923,0.999678,logprobs,Alibaba
4210,43,-39,0,0,0,0.002469,0.999706,logprobs,Alibaba
4211,43,-37,0,0,0,0.005244,0.999528,logprobs,Alibaba
4212,43,-35,0,0,0,0.005211,0.999399,logprobs,Alibaba
4213,43,-33,0,0,0,0.005273,0.999599,logprobs,Alibaba
4214,43,-31,0,0,0,0.004095,0.999595,logprobs,Alibaba
4215,43,-29,0,0,0,0.002176,0.999386,logprobs,Alibaba
4216,43,-27,0,0,0,0.004598,0.999115,logprobs,Alibaba
4217,43,-25,0,0,0,0.002794,0.99947,logprobs,Alibaba
4218,43,-23,0,0,0,0.00359,0.999339,logprobs,Alibaba
4219,43,-21,0,0,0,0.009782,0.999054,logprobs,Alibaba
4220,43,-19,0,0,0,0.020426,0.998967,logprobs,Alibaba
4221,43,-17,0,0,0,0.060259,0.993089,logprobs,Alibaba
4222,43,-15,0,0,0,0.076137,0.987779,logprobs,Alibaba
4223,43,-13,0,0,0,0.037403,0.996473,logprobs,Alibaba
4224,43,-11,0,0,0,0.439144,0.993279,logprobs,Alibaba
4225,43,-9,1,1,0,0.060773,0.998212,logprobs,Alibaba
4226,43,-7,1,1,0,0.076075,0.99644,logprobs,Alibaba
4227,43,-5,1,1,0,0.321228,0.996344,logprobs,Alibaba
4228,43,-3,1,1,0,0.294662,0.99752,logprobs,Alibaba
4229,43,-1,1,1,1,0.755068,0.998837,logprobs,Alibaba
4230,43,1,1,1,1,0.83569,0.999174,logprobs,Alibaba
4231,43,3,1,1,1,0.53154,0.998654,logprobs,Alibaba
4232,43,5,0,0,1,0.679334,0.998629,logprobs,Alibaba
4233,43,7,0,0,1,0.852078,0.999192,logprobs,Alibaba
4234,43,9,0,0,0,0.43859,0.996978,logprobs,Alibaba
4235,43,11,1,1,1,0.974057,0.99964,logprobs,Alibaba
4236,43,13,1,1,1,0.73225,0.998886,logprobs,Alibaba
4237,43,15,0,0,1,0.531515,0.998356,logprobs,Alibaba
4238,43,17,0,0,1,0.593185,0.998973,logprobs,Alibaba
4239,43,19,1,1,1,0.987587,0.999721,logprobs,Alibaba
4240,43,21,1,1,1,0.985943,0.999746,logprobs,Alibaba
4241,43,23,1,1,1,0.962721,0.999628,logprobs,Alibaba
4242,43,25,1,1,1,0.924175,0.999505,logprobs,Alibaba
4243,43,27,1,1,1,0.53209,0.998631,logprobs,Alibaba
4244,43,29,0,0,0,0.407765,0.998653,logprobs,Alibaba
4245,43,31,0,0,1,0.531626,0.998779,logprobs,Alibaba
4246,43,33,0,0,1,0.500224,0.998959,logprobs,Alibaba
4247,43,35,0,0,1,0.817881,0.999162,logprobs,Alibaba
4248,43,37,0,0,1,0.85218,0.999364,logprobs,Alibaba
4249,43,39,0,0,1,0.914992,0.999402,logprobs,Alibaba
4250,43,41,1,1,1,0.880907,0.999109,logprobs,Alibaba
4251,43,43,1,1,1,0.777508,0.999048,logprobs,Alibaba
4252,43,45,1,1,1,0.679439,0.999258,logprobs,Alibaba
4253,43,47,1,1,1,0.622726,0.998757,logprobs,Alibaba
4254,43,49,1,0,1,0.62267,0.999047,logprobs,Alibaba
4255,43,51,1,0,0,0.245378,0.999147,logprobs,Alibaba
4256,43,53,1,1,1,0.706006,0.999171,logprobs,Alibaba
4257,43,55,1,1,1,0.679471,0.999232,logprobs,Alibaba
4258,43,57,1,1,1,0.500442,0.999084,logprobs,Alibaba
4259,43,59,1,1,1,0.777458,0.999217,logprobs,Alibaba
4260,43,61,1,1,1,0.924169,0.999583,logprobs,Alibaba
4261,43,63,1,1,1,0.852045,0.999331,logprobs,Alibaba
4262,43,65,1,1,1,0.952599,0.999721,logprobs,Alibaba
4263,43,67,1,1,1,0.880906,0.999434,logprobs,Alibaba
4264,43,69,1,1,1,0.939944,0.999657,logprobs,Alibaba
4265,43,71,1,1,1,0.880902,0.999389,logprobs,Alibaba
4266,43,73,1,1,1,0.914945,0.999443,logprobs,Alibaba
4267,43,75,1,1,1,0.893378,0.999557,logprobs,Alibaba
4268,43,77,1,1,1,0.835977,0.999216,logprobs,Alibaba
4269,43,79,1,1,1,0.91499,0.999503,logprobs,Alibaba
4270,43,81,1,1,1,0.932486,0.999441,logprobs,Alibaba
4271,43,83,1,1,1,0.88088,0.999606,logprobs,Alibaba
4272,43,85,1,1,1,0.952603,0.999684,logprobs,Alibaba
4273,43,87,1,1,1,0.982031,0.999671,logprobs,Alibaba
4274,43,89,1,1,1,0.904706,0.99958,logprobs,Alibaba
4275,43,91,1,1,1,0.880865,0.999472,logprobs,Alibaba
4276,43,93,1,1,1,0.914989,0.999567,logprobs,Alibaba
4277,43,95,1,1,1,0.852102,0.999404,logprobs,Alibaba
4278,43,97,1,1,1,0.914956,0.999566,logprobs,Alibaba
4279,43,99,1,1,1,0.924182,0.999667,logprobs,Alibaba
4280,43,101,1,1,1,0.982019,0.999817,logprobs,Alibaba
4281,43,103,1,1,1,0.966931,0.999734,logprobs,Alibaba
4282,43,105,1,1,1,0.98203,0.999688,logprobs,Alibaba
4283,43,107,1,1,1,0.970706,0.99971,logprobs,Alibaba
4284,43,109,1,1,1,0.98203,0.999759,logprobs,Alibaba
4285,43,111,1,1,1,0.946608,0.999689,logprobs,Alibaba
4286,43,113,1,1,1,0.966932,0.999755,logprobs,Alibaba
4287,43,115,1,1,1,0.957944,0.999528,logprobs,Alibaba
4288,43,117,1,1,1,0.924192,0.999403,logprobs,Alibaba
4289,43,119,1,1,1,0.96272,0.999641,logprobs,Alibaba
4290,43,121,1,1,1,0.974058,0.999747,logprobs,Alibaba
4291,43,123,1,1,1,0.977034,0.99969,logprobs,Alibaba
4292,43,125,1,1,1,0.991437,0.999703,logprobs,Alibaba
4293,43,127,1,1,1,0.939987,0.999634,logprobs,Alibaba
4294,43,129,1,1,1,0.94002,0.999541,logprobs,Alibaba
4295,43,131,1,1,1,0.835771,0.999544,logprobs,Alibaba
4296,43,133,1,1,1,0.622982,0.999134,logprobs,Alibaba
4297,43,135,0,0,0,0.348885,0.999178,logprobs,Alibaba
4298,43,137,0,0,0,0.245519,0.999155,logprobs,Alibaba
4299,43,139,0,0,0,0.438876,0.998242,logprobs,Alibaba
4300,43,141,1,1,1,0.755087,0.999241,logprobs,Alibaba
4301,43,143,1,1,0,0.377934,0.998182,logprobs,Alibaba
4302,43,145,1,1,0,0.076096,0.998912,logprobs,Alibaba
4303,43,147,0,0,0,0.106913,0.999219,logprobs,Alibaba
4304,43,149,0,0,0,0.095551,0.99906,logprobs,Alibaba
4305,43,151,0,0,0,0.119423,0.998901,logprobs,Alibaba
4306,43,153,0,0,0,0.042186,0.999274,logprobs,Alibaba
4307,43,155,0,0,0,0.03326,0.999204,logprobs,Alibaba
4308,43,157,0,0,0,0.026025,0.999354,logprobs,Alibaba
4309,43,159,0,0,0,0.020423,0.999248,logprobs,Alibaba
4310,43,161,0,0,0,0.060256,0.998845,logprobs,Alibaba
4311,43,163,0,0,0,0.026064,0.999286,logprobs,Alibaba
4312,43,165,0,0,0,0.023085,0.998704,logprobs,Alibaba
4313,43,167,0,0,0,0.01805,0.999113,logprobs,Alibaba
4314,43,169,0,0,0,0.033183,0.999208,logprobs,Alibaba
4315,43,171,0,0,0,0.04755,0.998759,logprobs,Alibaba
4316,43,173,0,0,0,0.068111,0.999313,logprobs,Alibaba
4317,43,175,0,0,0,0.007573,0.99961,logprobs,Alibaba
4318,43,177,0,0,0,0.014142,0.999512,logprobs,Alibaba
4319,43,179,0,0,0,0.047562,0.999242,logprobs,Alibaba
4320,41,-179,0,0,0,0.037377,0.9996,logprobs,Alibaba
4321,41,-177,0,0,0,0.009746,0.999618,logprobs,Alibaba
4322,41,-175,0,0,0,0.004603,0.999364,logprobs,Alibaba
4323,41,-173,0,0,0,0.007618,0.998962,logprobs,Alibaba
4324,41,-171,0,0,0,0.006711,0.999662,logprobs,Alibaba
4325,41,-169,0,0,0,0.020476,0.999452,logprobs,Alibaba
4326,41,-167,0,0,0,0.011056,0.99958,logprobs,Alibaba
4327,41,-165,0,0,0,0.01105,0.999437,logprobs,Alibaba
4328,41,-163,0,0,0,0.029545,0.999328,logprobs,Alibaba
4329,41,-161,0,0,0,0.023082,0.999159,logprobs,Alibaba
4330,41,-159,0,0,0,0.008624,0.998761,logprobs,Alibaba
4331,41,-157,0,0,0,0.011184,0.999316,logprobs,Alibaba
4332,41,-155,0,0,0,0.005246,0.999462,logprobs,Alibaba
4333,41,-153,0,0,0,0.01602,0.999027,logprobs,Alibaba
4334,41,-151,0,0,0,0.202077,0.998583,logprobs,Alibaba
4335,41,-149,0,0,1,0.593488,0.999249,logprobs,Alibaba
4336,41,-147,0,0,0,0.11934,0.997786,logprobs,Alibaba
4337,41,-145,0,0,0,0.012471,0.999239,logprobs,Alibaba
4338,41,-143,0,0,0,0.00282,0.999583,logprobs,Alibaba
4339,41,-141,0,0,0,0.020478,0.998333,logprobs,Alibaba
4340,41,-139,0,0,0,0.182989,0.985916,logprobs,Alibaba
4341,41,-137,0,0,1,0.679542,0.999166,logprobs,Alibaba
4342,41,-135,0,0,0,0.026055,0.997919,logprobs,Alibaba
4343,41,-133,0,0,0,0.00983,0.998809,logprobs,Alibaba
4344,41,-131,0,0,0,0.020523,0.998673,logprobs,Alibaba
4345,41,-129,0,0,0,0.042198,0.994502,logprobs,Alibaba
4346,41,-127,0,0,0,0.029457,0.997719,logprobs,Alibaba
4347,41,-125,0,0,0,0.067742,0.995653,logprobs,Alibaba
4348,41,-123,1,1,1,0.777494,0.998781,logprobs,Alibaba
4349,41,-121,1,1,1,0.957999,0.999509,logprobs,Alibaba
4350,41,-119,1,1,1,0.924217,0.999438,logprobs,Alibaba
4351,41,-117,1,1,1,0.977032,0.999696,logprobs,Alibaba
4352,41,-115,1,1,1,0.970706,0.999663,logprobs,Alibaba
4353,41,-113,1,1,1,0.904855,0.999409,logprobs,Alibaba
4354,41,-111,1,1,1,0.977056,0.999695,logprobs,Alibaba
4355,41,-109,1,1,1,0.982033,0.999591,logprobs,Alibaba
4356,41,-107,1,1,1,0.9903,0.99976,logprobs,Alibaba
4357,41,-105,1,1,1,0.991434,0.99972,logprobs,Alibaba
4358,41,-103,1,1,1,0.993313,0.999724,logprobs,Alibaba
4359,41,-101,1,1,1,0.994786,0.999864,logprobs,Alibaba
4360,41,-99,1,1,1,0.993322,0.999838,logprobs,Alibaba
4361,41,-97,1,1,1,0.994091,0.999811,logprobs,Alibaba
4362,41,-95,1,1,1,0.974063,0.999749,logprobs,Alibaba
4363,41,-93,1,1,1,0.992431,0.99984,logprobs,Alibaba
4364,41,-91,1,1,1,0.97072,0.99974,logprobs,Alibaba
4365,41,-89,1,1,1,0.987576,0.999781,logprobs,Alibaba
4366,41,-87,1,1,1,0.893824,0.999328,logprobs,Alibaba
4367,41,-85,1,1,1,0.952639,0.999615,logprobs,Alibaba
4368,41,-83,1,1,1,0.974061,0.999687,logprobs,Alibaba
4369,41,-81,1,1,1,0.977036,0.999648,logprobs,Alibaba
4370,41,-79,1,1,1,0.970713,0.999644,logprobs,Alibaba
4371,41,-77,1,1,1,0.995937,0.999821,logprobs,Alibaba
4372,41,-75,1,1,1,0.946637,0.999605,logprobs,Alibaba
4373,41,-73,0,0,1,0.852401,0.999562,logprobs,Alibaba
4374,41,-71,0,0,0,0.060298,0.999245,logprobs,Alibaba
4375,41,-69,0,0,0,0.076025,0.99909,logprobs,Alibaba
4376,41,-67,0,0,0,0.053593,0.998818,logprobs,Alibaba
4377,41,-65,0,0,0,0.011046,0.999404,logprobs,Alibaba
4378,41,-63,0,0,0,0.006763,0.999629,logprobs,Alibaba
4379,41,-61,0,0,0,0.007613,0.999597,logprobs,Alibaba
4380,41,-59,0,0,0,0.005247,0.999468,logprobs,Alibaba
4381,41,-57,0,0,0,0.007651,0.999227,logprobs,Alibaba
4382,41,-55,0,0,0,0.005944,0.999602,logprobs,Alibaba
4383,41,-53,0,0,0,0.014102,0.999251,logprobs,Alibaba
4384,41,-51,0,0,0,0.009778,0.999593,logprobs,Alibaba
4385,41,-49,0,0,0,0.00668,0.999564,logprobs,Alibaba
4386,41,-47,0,0,0,0.010974,0.99906,logprobs,Alibaba
4387,41,-45,0,0,0,0.002466,0.999709,logprobs,Alibaba
4388,41,-43,0,0,0,0.01107,0.999451,logprobs,Alibaba
4389,41,-41,0,0,0,0.015968,0.998832,logprobs,Alibaba
4390,41,-39,0,0,0,0.006678,0.999632,logprobs,Alibaba
4391,41,-37,0,0,0,0.007618,0.999362,logprobs,Alibaba
4392,41,-35,0,0,0,0.003166,0.999528,logprobs,Alibaba
4393,41,-33,0,0,0,0.014128,0.999087,logprobs,Alibaba
4394,41,-31,0,0,0,0.005903,0.999478,logprobs,Alibaba
4395,41,-29,0,0,0,0.006737,0.999318,logprobs,Alibaba
4396,41,-27,0,0,0,0.005216,0.998843,logprobs,Alibaba
4397,41,-25,0,0,0,0.009795,0.998176,logprobs,Alibaba
4398,41,-23,0,0,0,0.438644,0.988753,logprobs,Alibaba
4399,41,-21,0,0,0,0.107105,0.996206,logprobs,Alibaba
4400,41,-19,0,0,0,0.085332,0.995202,logprobs,Alibaba
4401,41,-17,0,0,0,0.183025,0.986054,logprobs,Alibaba
4402,41,-15,0,0,0,0.164897,0.974449,logprobs,Alibaba
4403,41,-13,0,0,0,0.165217,0.992877,logprobs,Alibaba
4404,41,-11,0,0,1,0.622828,0.978156,logprobs,Alibaba
4405,41,-9,0,0,0,0.106954,0.994083,logprobs,Alibaba
4406,41,-7,1,1,1,0.5317,0.99702,logprobs,Alibaba
4407,41,-5,1,1,1,0.977057,0.999428,logprobs,Alibaba
4408,41,-3,1,1,1,0.984105,0.999759,logprobs,Alibaba
4409,41,-1,1,1,1,0.83574,0.999321,logprobs,Alibaba
4410,41,1,0,0,1,0.731299,0.999183,logprobs,Alibaba
4411,41,3,0,0,1,0.852345,0.99926,logprobs,Alibaba
4412,41,5,0,0,1,0.818015,0.99914,logprobs,Alibaba
4413,41,7,0,0,1,0.731671,0.998974,logprobs,Alibaba
4414,41,9,1,1,1,0.500598,0.997378,logprobs,Alibaba
4415,41,11,0,0,1,0.915045,0.999232,logprobs,Alibaba
4416,41,13,0,0,1,0.974057,0.999722,logprobs,Alibaba
4417,41,15,1,1,1,0.939964,0.999629,logprobs,Alibaba
4418,41,17,1,1,1,0.755339,0.999087,logprobs,Alibaba
4419,41,19,0,0,1,0.932608,0.999395,logprobs,Alibaba
4420,41,21,1,0,1,0.991428,0.999759,logprobs,Alibaba
4421,41,23,1,1,1,0.962705,0.999669,logprobs,Alibaba
4422,41,25,1,1,1,0.924231,0.999529,logprobs,Alibaba
4423,41,27,1,1,1,0.817849,0.999314,logprobs,Alibaba
4424,41,29,0,0,1,0.798464,0.999448,logprobs,Alibaba
4425,41,31,1,1,1,0.924403,0.999533,logprobs,Alibaba
4426,41,33,1,1,1,0.977039,0.999705,logprobs,Alibaba
4427,41,35,1,1,1,0.817936,0.998793,logprobs,Alibaba
4428,41,37,1,1,1,0.932505,0.999467,logprobs,Alibaba
4429,41,39,1,1,1,0.893409,0.999277,logprobs,Alibaba
4430,41,41,1,1,1,0.835552,0.999242,logprobs,Alibaba
4431,41,43,1,1,1,0.83561,0.999159,logprobs,Alibaba
4432,41,45,1,1,1,0.731168,0.999,logprobs,Alibaba
4433,41,47,1,1,1,0.679401,0.998843,logprobs,Alibaba
4434,41,49,1,1,0,0.294522,0.999014,logprobs,Alibaba
4435,41,51,1,0,0,0.269836,0.999047,logprobs,Alibaba
4436,41,53,1,1,0,0.29457,0.999203,logprobs,Alibaba
4437,41,55,1,1,0,0.379733,0.999086,logprobs,Alibaba
4438,41,57,1,1,0,0.378876,0.998682,logprobs,Alibaba
4439,41,59,1,1,1,0.85202,0.999283,logprobs,Alibaba
4440,41,61,1,1,1,0.966928,0.999623,logprobs,Alibaba
4441,41,63,1,1,1,0.90476,0.999422,logprobs,Alibaba
4442,41,65,1,1,1,0.95259,0.999612,logprobs,Alibaba
4443,41,67,1,1,1,0.915002,0.999348,logprobs,Alibaba
4444,41,69,1,1,1,0.940032,0.999548,logprobs,Alibaba
4445,41,71,1,1,1,0.777435,0.999252,logprobs,Alibaba
4446,41,73,1,1,1,0.852133,0.999301,logprobs,Alibaba
4447,41,75,1,1,1,0.924188,0.999488,logprobs,Alibaba
4448,41,77,1,1,1,0.97704,0.999634,logprobs,Alibaba
4449,41,79,1,1,1,0.9325,0.999586,logprobs,Alibaba
4450,41,81,1,1,1,0.914991,0.999596,logprobs,Alibaba
4451,41,83,1,1,1,0.852096,0.999477,logprobs,Alibaba
4452,41,85,1,1,1,0.952589,0.99965,logprobs,Alibaba
4453,41,87,1,1,1,0.9325,0.999489,logprobs,Alibaba
4454,41,89,1,1,1,0.893344,0.999498,logprobs,Alibaba
4455,41,91,1,1,1,0.852086,0.999212,logprobs,Alibaba
4456,41,93,1,1,1,0.957953,0.999523,logprobs,Alibaba
4457,41,95,1,1,1,0.880854,0.999268,logprobs,Alibaba
4458,41,97,1,1,1,0.9707,0.999494,logprobs,Alibaba
4459,41,99,1,1,1,0.982018,0.999776,logprobs,Alibaba
4460,41,101,1,1,1,0.957925,0.999706,logprobs,Alibaba
4461,41,103,1,1,1,0.962685,0.999687,logprobs,Alibaba
4462,41,105,1,1,1,0.970716,0.99961,logprobs,Alibaba
4463,41,107,1,1,1,0.957933,0.999638,logprobs,Alibaba
4464,41,109,1,1,1,0.957942,0.999497,logprobs,Alibaba
4465,41,111,1,1,1,0.979675,0.999715,logprobs,Alibaba
4466,41,113,1,1,1,0.970705,0.999595,logprobs,Alibaba
4467,41,115,1,1,1,0.96269,0.999643,logprobs,Alibaba
4468,41,117,1,1,1,0.962694,0.99952,logprobs,Alibaba
4469,41,119,1,1,1,0.974056,0.999714,logprobs,Alibaba
4470,41,121,1,1,1,0.952587,0.999604,logprobs,Alibaba
4471,41,123,1,1,1,0.939958,0.99954,logprobs,Alibaba
4472,41,125,1,1,1,0.939949,0.999671,logprobs,Alibaba
4473,41,127,1,1,1,0.93994,0.999541,logprobs,Alibaba
4474,41,129,1,1,1,0.904713,0.999521,logprobs,Alibaba
4475,41,131,0,0,1,0.532173,0.99896,logprobs,Alibaba
4476,41,133,0,0,0,0.182637,0.99888,logprobs,Alibaba
4477,41,135,0,0,0,0.133288,0.999175,logprobs,Alibaba
4478,41,137,0,0,0,0.076508,0.99919,logprobs,Alibaba
4479,41,139,0,0,0,0.223093,0.998805,logprobs,Alibaba
4480,41,141,0,0,0,0.349198,0.99825,logprobs,Alibaba
4481,41,143,0,0,0,0.047603,0.998477,logprobs,Alibaba
4482,41,145,0,0,0,0.033149,0.999417,logprobs,Alibaba
4483,41,147,0,0,0,0.076084,0.998771,logprobs,Alibaba
4484,41,149,0,0,0,0.067737,0.99924,logprobs,Alibaba
4485,41,151,0,0,0,0.023155,0.999133,logprobs,Alibaba
4486,41,153,0,0,0,0.012467,0.999342,logprobs,Alibaba
4487,41,155,0,0,0,0.020398,0.999341,logprobs,Alibaba
4488,41,157,0,0,0,0.015965,0.999326,logprobs,Alibaba
4489,41,159,0,0,0,0.006689,0.999074,logprobs,Alibaba
4490,41,161,0,0,0,0.011017,0.999402,logprobs,Alibaba
4491,41,163,0,0,0,0.012513,0.999424,logprobs,Alibaba
4492,41,165,0,0,0,0.018089,0.999386,logprobs,Alibaba
4493,41,167,0,0,0,0.015962,0.999153,logprobs,Alibaba
4494,41,169,0,0,0,0.095882,0.998549,logprobs,Alibaba
4495,41,171,0,0,0,0.095627,0.999191,logprobs,Alibaba
4496,41,173,0,0,0,0.223307,0.998563,logprobs,Alibaba
4497,41,175,0,0,0,0.095673,0.998505,logprobs,Alibaba
4498,41,177,0,0,0,0.015973,0.999587,logprobs,Alibaba
4499,41,179,0,0,0,0.067658,0.999224,logprobs,Alibaba
4500,39,-179,0,0,0,0.053597,0.99958,logprobs,Alibaba
4501,39,-177,0,0,0,0.011049,0.999664,logprobs,Alibaba
4502,39,-175,0,0,0,0.004636,0.99969,logprobs,Alibaba
4503,39,-173,0,0,0,0.004096,0.999743,logprobs,Alibaba
4504,39,-171,0,0,0,0.004109,0.999666,logprobs,Alibaba
4505,39,-169,0,0,0,0.014102,0.99951,logprobs,Alibaba
4506,39,-167,0,0,0,0.005902,0.99967,logprobs,Alibaba
4507,39,-165,0,0,0,0.014122,0.998841,logprobs,Alibaba
4508,39,-163,0,0,0,0.003614,0.999735,logprobs,Alibaba
4509,39,-161,0,0,0,0.003168,0.999738,logprobs,Alibaba
4510,39,-159,0,0,0,0.005215,0.999492,logprobs,Alibaba
4511,39,-157,0,0,0,0.014088,0.999419,logprobs,Alibaba
4512,39,-155,0,0,0,0.011031,0.999524,logprobs,Alibaba
4513,39,-153,0,0,0,0.012525,0.999623,logprobs,Alibaba
4514,39,-151,0,0,0,0.294486,0.998527,logprobs,Alibaba
4515,39,-149,0,0,0,0.350106,0.999013,logprobs,Alibaba
4516,39,-147,0,0,0,0.023221,0.998633,logprobs,Alibaba
4517,39,-145,0,0,0,0.005213,0.999542,logprobs,Alibaba
4518,39,-143,0,0,0,0.0015,0.999687,logprobs,Alibaba
4519,39,-141,0,0,0,0.00763,0.999462,logprobs,Alibaba
4520,39,-139,0,0,0,0.042154,0.998197,logprobs,Alibaba
4521,39,-137,0,0,0,0.018092,0.999441,logprobs,Alibaba
4522,39,-135,0,0,0,0.003164,0.99938,logprobs,Alibaba
4523,39,-133,0,0,0,0.011039,0.999577,logprobs,Alibaba
4524,39,-131,0,0,0,0.002179,0.999665,logprobs,Alibaba
4525,39,-129,0,0,0,0.001323,0.99973,logprobs,Alibaba
4526,39,-127,0,0,0,0.004605,0.99959,logprobs,Alibaba
4527,39,-125,0,0,0,0.00861,0.998539,logprobs,Alibaba
4528,39,-123,1,1,0,0.017954,0.996453,logprobs,Alibaba
4529,39,-121,1,1,1,0.982055,0.99967,logprobs,Alibaba
4530,39,-119,1,1,1,0.940088,0.999543,logprobs,Alibaba
4531,39,-117,1,1,1,0.984106,0.999811,logprobs,Alibaba
4532,39,-115,1,1,1,0.987602,0.999728,logprobs,Alibaba
4533,39,-113,1,1,1,0.989038,0.999731,logprobs,Alibaba
4534,39,-111,1,1,1,0.994094,0.999742,logprobs,Alibaba
4535,39,-109,1,1,1,0.989043,0.999756,logprobs,Alibaba
4536,39,-107,1,1,1,0.990311,0.99978,logprobs,Alibaba
4537,39,-105,1,1,1,0.995938,0.999829,logprobs,Alibaba
4538,39,-103,1,1,1,0.995405,0.999776,logprobs,Alibaba
4539,39,-101,1,1,1,0.993322,0.999676,logprobs,Alibaba
4540,39,-99,1,1,1,0.998508,0.999797,logprobs,Alibaba
4541,39,-97,1,1,1,0.997535,0.999807,logprobs,Alibaba
4542,39,-95,1,1,1,0.994782,0.99979,logprobs,Alibaba
4543,39,-93,1,1,1,0.992424,0.999799,logprobs,Alibaba
4544,39,-91,1,1,1,0.977031,0.999702,logprobs,Alibaba
4545,39,-89,1,1,1,0.997209,0.99985,logprobs,Alibaba
4546,39,-87,1,1,1,0.985944,0.999816,logprobs,Alibaba
4547,39,-85,1,1,1,0.979696,0.999771,logprobs,Alibaba
4548,39,-83,1,1,1,0.982016,0.99982,logprobs,Alibaba
4549,39,-81,1,1,1,0.970698,0.999665,logprobs,Alibaba
4550,39,-79,1,1,1,0.985949,0.999757,logprobs,Alibaba
4551,39,-77,1,1,1,0.990306,0.999774,logprobs,Alibaba
4552,39,-75,0,0,0,0.119371,0.999132,logprobs,Alibaba
4553,39,-73,0,0,0,0.008571,0.999763,logprobs,Alibaba
4554,39,-71,0,0,0,0.004603,0.999702,logprobs,Alibaba
4555,39,-69,0,0,0,0.008627,0.999721,logprobs,Alibaba
4556,39,-67,0,0,0,0.067735,0.99898,logprobs,Alibaba
4557,39,-65,0,0,0,0.047564,0.999293,logprobs,Alibaba
4558,39,-63,0,0,0,0.009733,0.999468,logprobs,Alibaba
4559,39,-61,0,0,0,0.023145,0.999304,logprobs,Alibaba
4560,39,-59,0,0,0,0.011066,0.999536,logprobs,Alibaba
4561,39,-57,0,0,0,0.023073,0.999129,logprobs,Alibaba
4562,39,-55,0,0,0,0.005902,0.999614,logprobs,Alibaba
4563,39,-53,0,0,0,0.00974,0.999277,logprobs,Alibaba
4564,39,-51,0,0,0,0.005935,0.999374,logprobs,Alibaba
4565,39,-49,0,0,0,0.004062,0.999717,logprobs,Alibaba
4566,39,-47,0,0,0,0.438595,0.997744,logprobs,Alibaba
4567,39,-45,0,0,0,0.004599,0.999663,logprobs,Alibaba
4568,39,-43,0,0,0,0.183105,0.982188,logprobs,Alibaba
4569,39,-41,0,0,0,0.009801,0.999191,logprobs,Alibaba
4570,39,-39,0,0,0,0.009759,0.999294,logprobs,Alibaba
4571,39,-37,0,0,0,0.015933,0.99946,logprobs,Alibaba
4572,39,-35,0,0,0,0.002179,0.999776,logprobs,Alibaba
4573,39,-33,0,0,0,0.018052,0.998882,logprobs,Alibaba
4574,39,-31,0,0,0,0.005297,0.999656,logprobs,Alibaba
4575,39,-29,0,0,0,0.007615,0.999166,logprobs,Alibaba
4576,39,-27,0,0,0,0.006689,0.999661,logprobs,Alibaba
4577,39,-25,0,0,0,0.007618,0.999312,logprobs,Alibaba
4578,39,-23,0,0,0,0.060304,0.996544,logprobs,Alibaba
4579,39,-21,0,0,0,0.023043,0.99741,logprobs,Alibaba
4580,39,-19,0,0,0,0.029404,0.998471,logprobs,Alibaba
4581,39,-17,0,0,0,0.119744,0.986643,logprobs,Alibaba
4582,39,-15,0,0,0,0.133371,0.981348,logprobs,Alibaba
4583,39,-13,0,0,0,0.24646,0.993363,logprobs,Alibaba
4584,39,-11,0,0,0,0.29479,0.972086,logprobs,Alibaba
4585,39,-9,1,1,0,0.095619,0.992411,logprobs,Alibaba
4586,39,-7,1,1,0,0.294752,0.996163,logprobs,Alibaba
4587,39,-5,1,1,1,0.867125,0.999153,logprobs,Alibaba
4588,39,-3,1,1,1,0.852089,0.999179,logprobs,Alibaba
4589,39,-1,1,1,1,0.893387,0.999409,logprobs,Alibaba
4590,39,1,0,0,0,0.438656,0.998811,logprobs,Alibaba
4591,39,3,0,0,0,0.40797,0.998078,logprobs,Alibaba
4592,39,5,0,0,1,0.562704,0.998991,logprobs,Alibaba
4593,39,7,0,0,1,0.75548,0.999095,logprobs,Alibaba
4594,39,9,1,1,1,0.652278,0.999133,logprobs,Alibaba
4595,39,11,0,0,1,0.852174,0.999201,logprobs,Alibaba
4596,39,13,0,0,1,0.798328,0.999349,logprobs,Alibaba
4597,39,15,0,0,1,0.777411,0.999125,logprobs,Alibaba
4598,39,17,1,1,1,0.679574,0.999085,logprobs,Alibaba
4599,39,19,0,0,1,0.880892,0.999336,logprobs,Alibaba
4600,39,21,0,0,1,0.939987,0.999614,logprobs,Alibaba
4601,39,23,1,1,1,0.924186,0.999427,logprobs,Alibaba
4602,39,25,0,0,1,0.817818,0.999153,logprobs,Alibaba
4603,39,27,1,1,1,0.83563,0.999399,logprobs,Alibaba
4604,39,29,1,1,1,0.970699,0.999706,logprobs,Alibaba
4605,39,31,1,1,1,0.982044,0.999692,logprobs,Alibaba
4606,39,33,1,1,1,0.979692,0.999642,logprobs,Alibaba
4607,39,35,1,1,1,0.990299,0.999769,logprobs,Alibaba
4608,39,37,1,1,1,0.914987,0.999522,logprobs,Alibaba
4609,39,39,1,1,1,0.893407,0.999391,logprobs,Alibaba
4610,39,41,1,1,1,0.835596,0.9992,logprobs,Alibaba
4611,39,43,1,1,1,0.924206,0.999341,logprobs,Alibaba
4612,39,45,1,1,1,0.893407,0.999468,logprobs,Alibaba
4613,39,47,1,1,1,0.835585,0.998995,logprobs,Alibaba
4614,39,49,1,0,1,0.893335,0.999429,logprobs,Alibaba
4615,39,51,1,0,1,0.852118,0.99933,logprobs,Alibaba
4616,39,53,1,0,1,0.622836,0.999188,logprobs,Alibaba
4617,39,55,1,1,1,0.680127,0.998926,logprobs,Alibaba
4618,39,57,1,1,1,0.73138,0.998975,logprobs,Alibaba
4619,39,59,1,1,1,0.924195,0.999533,logprobs,Alibaba
4620,39,61,1,1,1,0.93994,0.999555,logprobs,Alibaba
4621,39,63,1,1,1,0.95259,0.999525,logprobs,Alibaba
4622,39,65,1,1,1,0.979672,0.999741,logprobs,Alibaba
4623,39,67,1,1,1,0.977075,0.999674,logprobs,Alibaba
4624,39,69,1,1,1,0.96695,0.999737,logprobs,Alibaba
4625,39,71,1,1,1,0.957952,0.999536,logprobs,Alibaba
4626,39,73,1,1,1,0.952641,0.999682,logprobs,Alibaba
4627,39,75,1,1,1,0.952606,0.999676,logprobs,Alibaba
4628,39,77,1,1,1,0.915029,0.999377,logprobs,Alibaba
4629,39,79,1,1,1,0.952594,0.999697,logprobs,Alibaba
4630,39,81,1,1,1,0.952591,0.999688,logprobs,Alibaba
4631,39,83,1,1,1,0.957972,0.999632,logprobs,Alibaba
4632,39,85,1,1,1,0.946623,0.999611,logprobs,Alibaba
4633,39,87,1,1,1,0.957942,0.999647,logprobs,Alibaba
4634,39,89,1,1,1,0.962686,0.999604,logprobs,Alibaba
4635,39,91,1,1,1,0.852099,0.999273,logprobs,Alibaba
4636,39,93,1,1,1,0.946628,0.99959,logprobs,Alibaba
4637,39,95,1,1,1,0.94667,0.999589,logprobs,Alibaba
4638,39,97,1,1,1,0.992424,0.999795,logprobs,Alibaba
4639,39,99,1,1,1,0.987569,0.999719,logprobs,Alibaba
4640,39,101,1,1,1,0.99332,0.999853,logprobs,Alibaba
4641,39,103,1,1,1,0.982024,0.999749,logprobs,Alibaba
4642,39,105,1,1,1,0.984098,0.999779,logprobs,Alibaba
4643,39,107,1,1,1,0.966981,0.999572,logprobs,Alibaba
4644,39,109,1,1,1,0.970711,0.999677,logprobs,Alibaba
4645,39,111,1,1,1,0.970702,0.999719,logprobs,Alibaba
4646,39,113,1,1,1,0.9941,0.999806,logprobs,Alibaba
4647,39,115,1,1,1,0.979673,0.99975,logprobs,Alibaba
4648,39,117,1,1,1,0.987581,0.999818,logprobs,Alibaba
4649,39,119,0,0,1,0.893398,0.999322,logprobs,Alibaba
4650,39,121,0,0,1,0.731295,0.999254,logprobs,Alibaba
4651,39,123,0,0,0,0.033183,0.99951,logprobs,Alibaba
4652,39,125,0,0,1,0.500554,0.999078,logprobs,Alibaba
4653,39,127,1,1,1,0.817749,0.999245,logprobs,Alibaba
4654,39,129,0,0,0,0.438101,0.999394,logprobs,Alibaba
4655,39,131,0,0,0,0.11946,0.999491,logprobs,Alibaba
4656,39,133,0,0,0,0.182739,0.999197,logprobs,Alibaba
4657,39,135,0,0,0,0.245605,0.998924,logprobs,Alibaba
4658,39,137,0,0,0,0.321423,0.99903,logprobs,Alibaba
4659,39,139,0,0,1,0.867186,0.999427,logprobs,Alibaba
4660,39,141,1,1,1,0.798441,0.999276,logprobs,Alibaba
4661,39,143,0,0,0,0.01598,0.999248,logprobs,Alibaba
4662,39,145,0,0,0,0.018036,0.999544,logprobs,Alibaba
4663,39,147,0,0,0,0.023148,0.999449,logprobs,Alibaba
4664,39,149,0,0,0,0.020405,0.998895,logprobs,Alibaba
4665,39,151,0,0,0,0.047561,0.999267,logprobs,Alibaba
4666,39,153,0,0,0,0.009755,0.999556,logprobs,Alibaba
4667,39,155,0,0,0,0.015954,0.999465,logprobs,Alibaba
4668,39,157,0,0,0,0.007642,0.999509,logprobs,Alibaba
4669,39,159,0,0,0,0.004665,0.999478,logprobs,Alibaba
4670,39,161,0,0,0,0.009768,0.999541,logprobs,Alibaba
4671,39,163,0,0,0,0.004642,0.999569,logprobs,Alibaba
4672,39,165,0,0,0,0.004065,0.999521,logprobs,Alibaba
4673,39,167,0,0,0,0.006732,0.999404,logprobs,Alibaba
4674,39,169,0,0,0,0.018232,0.999397,logprobs,Alibaba
4675,39,171,0,0,0,0.008626,0.999457,logprobs,Alibaba
4676,39,173,0,0,0,0.014117,0.999492,logprobs,Alibaba
4677,39,175,0,0,0,0.03321,0.999208,logprobs,Alibaba
4678,39,177,0,0,0,0.020389,0.999475,logprobs,Alibaba
4679,39,179,0,0,0,0.042276,0.999277,logprobs,Alibaba
4680,37,-179,0,0,0,0.029386,0.999586,logprobs,Alibaba
4681,37,-177,0,0,0,0.004605,0.999597,logprobs,Alibaba
4682,37,-175,0,0,0,0.003591,0.999683,logprobs,Alibaba
4683,37,-173,0,0,0,0.007618,0.999655,logprobs,Alibaba
4684,37,-171,0,0,0,0.003168,0.999744,logprobs,Alibaba
4685,37,-169,0,0,0,0.01814,0.999329,logprobs,Alibaba
4686,37,-167,0,0,0,0.006731,0.999197,logprobs,Alibaba
4687,37,-165,0,0,0,0.001698,0.99967,logprobs,Alibaba
4688,37,-163,0,0,0,0.020417,0.999548,logprobs,Alibaba
4689,37,-161,0,0,0,0.006731,0.999524,logprobs,Alibaba
4690,37,-159,0,0,0,0.018035,0.998387,logprobs,Alibaba
4691,37,-157,0,0,0,0.009745,0.999335,logprobs,Alibaba
4692,37,-155,0,0,0,0.00974,0.999601,logprobs,Alibaba
4693,37,-153,0,0,0,0.011008,0.999399,logprobs,Alibaba
4694,37,-151,0,0,0,0.133407,0.99869,logprobs,Alibaba
4695,37,-149,0,0,0,0.407851,0.998518,logprobs,Alibaba
4696,37,-147,0,0,0,0.223121,0.9986,logprobs,Alibaba
4697,37,-145,0,0,0,0.014135,0.999289,logprobs,Alibaba
4698,37,-143,0,0,0,0.006747,0.999468,logprobs,Alibaba
4699,37,-141,0,0,0,0.002469,0.99964,logprobs,Alibaba
4700,37,-139,0,0,0,0.006729,0.999586,logprobs,Alibaba
4701,37,-137,0,0,0,0.40937,0.998358,logprobs,Alibaba
4702,37,-135,0,0,0,0.002466,0.999622,logprobs,Alibaba
4703,37,-133,0,0,0,0.007609,0.999076,logprobs,Alibaba
4704,37,-131,0,0,0,0.001031,0.999658,logprobs,Alibaba
4705,37,-129,0,0,0,0.000626,0.999801,logprobs,Alibaba
4706,37,-127,0,0,0,0.001323,0.999777,logprobs,Alibaba
4707,37,-125,0,0,0,0.002471,0.999342,logprobs,Alibaba
4708,37,-123,0,0,0,0.037593,0.996436,logprobs,Alibaba
4709,37,-121,1,1,1,0.989019,0.999868,logprobs,Alibaba
4710,37,-119,1,1,1,0.994785,0.99983,logprobs,Alibaba
4711,37,-117,1,1,1,0.96271,0.999675,logprobs,Alibaba
4712,37,-115,1,1,1,0.977048,0.999707,logprobs,Alibaba
4713,37,-113,1,1,1,0.992431,0.999792,logprobs,Alibaba
4714,37,-111,1,1,1,0.991464,0.999742,logprobs,Alibaba
4715,37,-109,1,1,1,0.987584,0.999823,logprobs,Alibaba
4716,37,-107,1,1,1,0.989027,0.999756,logprobs,Alibaba
4717,37,-105,1,1,1,0.995935,0.999881,logprobs,Alibaba
4718,37,-103,1,1,1,0.991435,0.999729,logprobs,Alibaba
4719,37,-101,1,1,1,0.995393,0.9998,logprobs,Alibaba
4720,37,-99,1,1,1,0.995932,0.999893,logprobs,Alibaba
4721,37,-97,1,1,1,0.994098,0.999808,logprobs,Alibaba
4722,37,-95,1,1,1,0.995938,0.999902,logprobs,Alibaba
4723,37,-93,1,1,1,0.996836,0.999882,logprobs,Alibaba
4724,37,-91,1,1,1,0.990302,0.999772,logprobs,Alibaba
4725,37,-89,1,1,1,0.817673,0.999291,logprobs,Alibaba
4726,37,-87,1,1,1,0.932572,0.999641,logprobs,Alibaba
4727,37,-85,1,1,1,0.987595,0.999787,logprobs,Alibaba
4728,37,-83,1,1,1,0.993313,0.999815,logprobs,Alibaba
4729,37,-81,1,1,1,0.99479,0.999852,logprobs,Alibaba
4730,37,-79,1,1,1,0.990301,0.99977,logprobs,Alibaba
4731,37,-77,1,1,1,0.904714,0.99954,logprobs,Alibaba
4732,37,-75,0,0,0,0.022958,0.999516,logprobs,Alibaba
4733,37,-73,0,0,0,0.106891,0.9992,logprobs,Alibaba
4734,37,-71,0,0,0,0.018082,0.999526,logprobs,Alibaba
4735,37,-69,0,0,0,0.047517,0.999003,logprobs,Alibaba
4736,37,-67,0,0,0,0.076063,0.998992,logprobs,Alibaba
4737,37,-65,0,0,0,0.004097,0.999648,logprobs,Alibaba
4738,37,-63,0,0,0,0.003169,0.999748,logprobs,Alibaba
4739,37,-61,0,0,0,0.00317,0.999735,logprobs,Alibaba
4740,37,-59,0,0,0,0.014104,0.999309,logprobs,Alibaba
4741,37,-57,0,0,0,0.02042,0.999007,logprobs,Alibaba
4742,37,-55,0,0,0,0.015933,0.99915,logprobs,Alibaba
4743,37,-53,0,0,0,0.01242,0.99906,logprobs,Alibaba
4744,37,-51,0,0,0,0.006721,0.999371,logprobs,Alibaba
4745,37,-49,0,0,0,0.009698,0.99959,logprobs,Alibaba
4746,37,-47,0,0,0,0.047637,0.997933,logprobs,Alibaba
4747,37,-45,0,0,0,0.003168,0.999522,logprobs,Alibaba
4748,37,-43,0,0,0,0.026031,0.998789,logprobs,Alibaba
4749,37,-41,0,0,0,0.020452,0.997209,logprobs,Alibaba
4750,37,-39,0,0,0,0.020407,0.998924,logprobs,Alibaba
4751,37,-37,0,0,0,0.037443,0.998199,logprobs,Alibaba
4752,37,-35,0,0,0,0.00668,0.999428,logprobs,Alibaba
4753,37,-33,0,0,0,0.020396,0.998873,logprobs,Alibaba
4754,37,-31,0,0,0,0.004602,0.999543,logprobs,Alibaba
4755,37,-29,0,0,0,0.007562,0.999189,logprobs,Alibaba
4756,37,-27,0,0,0,0.007566,0.999343,logprobs,Alibaba
4757,37,-25,0,0,0,0.008635,0.999309,logprobs,Alibaba
4758,37,-23,0,0,0,0.053747,0.997983,logprobs,Alibaba
4759,37,-21,0,0,0,0.018024,0.998394,logprobs,Alibaba
4760,37,-19,0,0,0,0.026029,0.998861,logprobs,Alibaba
4761,37,-17,0,0,0,0.029452,0.996906,logprobs,Alibaba
4762,37,-15,0,0,0,0.067789,0.993069,logprobs,Alibaba
4763,37,-13,0,0,0,0.119429,0.985215,logprobs,Alibaba
4764,37,-11,0,0,0,0.407668,0.993426,logprobs,Alibaba
4765,37,-9,0,0,0,0.106859,0.991684,logprobs,Alibaba
4766,37,-7,0,0,0,0.148333,0.989867,logprobs,Alibaba
4767,37,-5,1,1,0,0.438212,0.998193,logprobs,Alibaba
4768,37,-3,1,1,1,0.867204,0.99946,logprobs,Alibaba
4769,37,-1,0,0,1,0.914954,0.999662,logprobs,Alibaba
4770,37,1,0,0,1,0.798352,0.999443,logprobs,Alibaba
4771,37,3,0,0,1,0.91494,0.99959,logprobs,Alibaba
4772,37,5,0,0,1,0.777541,0.99923,logprobs,Alibaba
4773,37,7,0,0,1,0.706092,0.999274,logprobs,Alibaba
4774,37,9,1,1,1,0.652532,0.999402,logprobs,Alibaba
4775,37,11,1,1,1,0.893541,0.999346,logprobs,Alibaba
4776,37,13,0,0,1,0.562704,0.998998,logprobs,Alibaba
4777,37,15,1,1,1,0.622634,0.999126,logprobs,Alibaba
4778,37,17,0,0,0,0.438502,0.998583,logprobs,Alibaba
4779,37,19,0,0,0,0.245742,0.998764,logprobs,Alibaba
4780,37,21,0,0,0,0.439084,0.998118,logprobs,Alibaba
4781,37,23,1,1,1,0.852096,0.999082,logprobs,Alibaba
4782,37,25,0,0,0,0.223313,0.999112,logprobs,Alibaba
4783,37,27,1,1,1,0.755312,0.999314,logprobs,Alibaba
4784,37,29,1,1,1,0.881014,0.999403,logprobs,Alibaba
4785,37,31,1,1,1,0.97072,0.999463,logprobs,Alibaba
4786,37,33,1,1,1,0.966932,0.999605,logprobs,Alibaba
4787,37,35,1,1,1,0.924187,0.999547,logprobs,Alibaba
4788,37,37,1,1,1,0.777368,0.99944,logprobs,Alibaba
4789,37,39,1,1,1,0.946629,0.999604,logprobs,Alibaba
4790,37,41,1,1,1,0.952632,0.999541,logprobs,Alibaba
4791,37,43,1,1,1,0.96272,0.999619,logprobs,Alibaba
4792,37,45,1,1,1,0.893344,0.999446,logprobs,Alibaba
4793,37,47,1,1,1,0.731111,0.999256,logprobs,Alibaba
4794,37,49,1,1,1,0.731166,0.999243,logprobs,Alibaba
4795,37,51,1,0,1,0.880996,0.999384,logprobs,Alibaba
4796,37,53,1,0,1,0.852154,0.999337,logprobs,Alibaba
4797,37,55,1,1,1,0.939928,0.999559,logprobs,Alibaba
4798,37,57,1,1,1,0.851985,0.999303,logprobs,Alibaba
4799,37,59,1,1,1,0.93251,0.999524,logprobs,Alibaba
4800,37,61,1,1,1,0.962696,0.999647,logprobs,Alibaba
4801,37,63,1,1,1,0.957935,0.999567,logprobs,Alibaba
4802,37,65,1,1,1,0.962684,0.999523,logprobs,Alibaba
4803,37,67,1,1,1,0.979682,0.999689,logprobs,Alibaba
4804,37,69,1,1,1,0.982024,0.999775,logprobs,Alibaba
4805,37,71,1,1,1,0.977037,0.999747,logprobs,Alibaba
4806,37,73,1,1,1,0.966934,0.999565,logprobs,Alibaba
4807,37,75,1,1,1,0.946609,0.999645,logprobs,Alibaba
4808,37,77,1,1,1,0.92418,0.9993,logprobs,Alibaba
4809,37,79,1,1,1,0.970713,0.999746,logprobs,Alibaba
4810,37,81,1,1,1,0.962682,0.999731,logprobs,Alibaba
4811,37,83,1,1,1,0.97405,0.99972,logprobs,Alibaba
4812,37,85,1,1,1,0.957944,0.999603,logprobs,Alibaba
4813,37,87,1,1,1,0.97072,0.999763,logprobs,Alibaba
4814,37,89,1,1,1,0.914972,0.999487,logprobs,Alibaba
4815,37,91,1,1,1,0.914963,0.999608,logprobs,Alibaba
4816,37,93,1,1,1,0.904708,0.99938,logprobs,Alibaba
4817,37,95,1,1,1,0.952591,0.999651,logprobs,Alibaba
4818,37,97,1,1,1,0.990294,0.999834,logprobs,Alibaba
4819,37,99,1,1,1,0.966956,0.999744,logprobs,Alibaba
4820,37,101,1,1,1,0.97703,0.999737,logprobs,Alibaba
4821,37,103,1,1,1,0.966923,0.999683,logprobs,Alibaba
4822,37,105,1,1,1,0.997203,0.999903,logprobs,Alibaba
4823,37,107,1,1,1,0.987588,0.999686,logprobs,Alibaba
4824,37,109,1,1,1,0.974059,0.999622,logprobs,Alibaba
4825,37,111,1,1,1,0.984098,0.999766,logprobs,Alibaba
4826,37,113,1,1,1,0.989026,0.999748,logprobs,Alibaba
4827,37,115,1,1,1,0.974055,0.999792,logprobs,Alibaba
4828,37,117,1,1,1,0.966927,0.999658,logprobs,Alibaba
4829,37,119,1,1,1,0.777484,0.999162,logprobs,Alibaba
4830,37,121,1,1,1,0.835635,0.999343,logprobs,Alibaba
4831,37,123,0,0,0,0.053537,0.998956,logprobs,Alibaba
4832,37,125,0,0,0,0.183409,0.999113,logprobs,Alibaba
4833,37,127,1,1,1,0.932484,0.999649,logprobs,Alibaba
4834,37,129,1,1,1,0.819062,0.999267,logprobs,Alibaba
4835,37,131,0,0,0,0.026026,0.999729,logprobs,Alibaba
4836,37,133,0,0,0,0.269505,0.998855,logprobs,Alibaba
4837,37,135,0,0,0,0.377986,0.998872,logprobs,Alibaba
4838,37,137,1,1,1,0.593377,0.999,logprobs,Alibaba
4839,37,139,1,1,1,0.531711,0.998042,logprobs,Alibaba
4840,37,141,0,0,0,0.067769,0.999118,logprobs,Alibaba
4841,37,143,0,0,0,0.009701,0.999718,logprobs,Alibaba
4842,37,145,0,0,0,0.012476,0.999224,logprobs,Alibaba
4843,37,147,0,0,0,0.119586,0.998542,logprobs,Alibaba
4844,37,149,0,0,0,0.067749,0.998309,logprobs,Alibaba
4845,37,151,0,0,0,0.023037,0.999198,logprobs,Alibaba
4846,37,153,0,0,0,0.007623,0.99935,logprobs,Alibaba
4847,37,155,0,0,0,0.006719,0.99953,logprobs,Alibaba
4848,37,157,0,0,0,0.005216,0.999656,logprobs,Alibaba
4849,37,159,0,0,0,0.004605,0.999456,logprobs,Alibaba
4850,37,161,0,0,0,0.003587,0.999295,logprobs,Alibaba
4851,37,163,0,0,0,0.004067,0.999477,logprobs,Alibaba
4852,37,165,0,0,0,0.004627,0.999535,logprobs,Alibaba
4853,37,167,0,0,0,0.007568,0.999124,logprobs,Alibaba
4854,37,169,0,0,0,0.023095,0.999003,logprobs,Alibaba
4855,37,171,0,0,0,0.00525,0.999586,logprobs,Alibaba
4856,37,173,0,0,0,0.026087,0.999229,logprobs,Alibaba
4857,37,175,0,0,0,0.026025,0.999007,logprobs,Alibaba
4858,37,177,0,0,0,0.018074,0.999352,logprobs,Alibaba
4859,37,179,0,0,0,0.033145,0.999351,logprobs,Alibaba
4860,35,-179,0,0,0,0.037504,0.999524,logprobs,Alibaba
4861,35,-177,0,0,0,0.015952,0.99947,logprobs,Alibaba
4862,35,-175,0,0,0,0.011028,0.999446,logprobs,Alibaba
4863,35,-173,0,0,0,0.007618,0.999424,logprobs,Alibaba
4864,35,-171,0,0,0,0.005941,0.999368,logprobs,Alibaba
4865,35,-169,0,0,0,0.020428,0.999533,logprobs,Alibaba
4866,35,-167,0,0,0,0.006743,0.999499,logprobs,Alibaba
4867,35,-165,0,0,0,0.00363,0.999587,logprobs,Alibaba
4868,35,-163,0,0,0,0.003168,0.999694,logprobs,Alibaba
4869,35,-161,0,0,0,0.005257,0.999629,logprobs,Alibaba
4870,35,-159,0,0,0,0.060311,0.998051,logprobs,Alibaba
4871,35,-157,0,0,0,0.029395,0.99894,logprobs,Alibaba
4872,35,-155,0,0,0,0.012467,0.999145,logprobs,Alibaba
4873,35,-153,0,0,0,0.015969,0.998143,logprobs,Alibaba
4874,35,-151,0,0,0,0.060293,0.998333,logprobs,Alibaba
4875,35,-149,0,0,0,0.119676,0.994082,logprobs,Alibaba
4876,35,-147,0,0,1,0.623957,0.998681,logprobs,Alibaba
4877,35,-145,0,0,0,0.005212,0.999649,logprobs,Alibaba
4878,35,-143,0,0,0,0.001697,0.999675,logprobs,Alibaba
4879,35,-141,0,0,0,0.015957,0.998733,logprobs,Alibaba
4880,35,-139,0,0,0,0.005248,0.999658,logprobs,Alibaba
4881,35,-137,0,0,0,0.026158,0.999415,logprobs,Alibaba
4882,35,-135,0,0,0,0.005217,0.999619,logprobs,Alibaba
4883,35,-133,0,0,0,0.005952,0.99949,logprobs,Alibaba
4884,35,-131,0,0,0,0.005213,0.999513,logprobs,Alibaba
4885,35,-129,0,0,0,0.004101,0.999773,logprobs,Alibaba
4886,35,-127,0,0,0,0.001924,0.999697,logprobs,Alibaba
4887,35,-125,0,0,0,0.00861,0.999258,logprobs,Alibaba
4888,35,-123,0,0,0,0.00757,0.99873,logprobs,Alibaba
4889,35,-121,0,0,1,0.932583,0.999506,logprobs,Alibaba
4890,35,-119,1,1,1,0.984107,0.999669,logprobs,Alibaba
4891,35,-117,1,1,1,0.979686,0.999662,logprobs,Alibaba
4892,35,-115,1,1,1,0.952625,0.999587,logprobs,Alibaba
4893,35,-113,1,1,1,0.984154,0.999729,logprobs,Alibaba
4894,35,-111,1,1,1,0.995937,0.999824,logprobs,Alibaba
4895,35,-109,1,1,1,0.992426,0.999864,logprobs,Alibaba
4896,35,-107,1,1,1,0.992442,0.999719,logprobs,Alibaba
4897,35,-105,1,1,1,0.996418,0.999828,logprobs,Alibaba
4898,35,-103,1,1,1,0.993336,0.999655,logprobs,Alibaba
4899,35,-101,1,1,1,0.993323,0.999755,logprobs,Alibaba
4900,35,-99,1,1,1,0.987578,0.999732,logprobs,Alibaba
4901,35,-97,1,1,1,0.991437,0.999722,logprobs,Alibaba
4902,35,-95,1,1,1,0.996413,0.999863,logprobs,Alibaba
4903,35,-93,1,1,1,0.984106,0.999771,logprobs,Alibaba
4904,35,-91,1,1,1,0.880883,0.999626,logprobs,Alibaba
4905,35,-89,1,1,1,0.915004,0.999587,logprobs,Alibaba
4906,35,-87,1,1,1,0.989039,0.999796,logprobs,Alibaba
4907,35,-85,1,1,1,0.987577,0.999783,logprobs,Alibaba
4908,35,-83,1,1,1,0.985954,0.999763,logprobs,Alibaba
4909,35,-81,1,1,1,0.994102,0.999727,logprobs,Alibaba
4910,35,-79,1,1,1,0.989019,0.999794,logprobs,Alibaba
4911,35,-77,1,1,1,0.777591,0.999481,logprobs,Alibaba
4912,35,-75,0,0,0,0.010974,0.998879,logprobs,Alibaba
4913,35,-73,0,0,0,0.009764,0.999608,logprobs,Alibaba
4914,35,-71,0,0,0,0.015969,0.999272,logprobs,Alibaba
4915,35,-69,0,0,0,0.047595,0.997783,logprobs,Alibaba
4916,35,-67,0,0,0,0.023221,0.998949,logprobs,Alibaba
4917,35,-65,0,0,0,0.007622,0.999459,logprobs,Alibaba
4918,35,-63,0,0,0,0.012529,0.999629,logprobs,Alibaba
4919,35,-61,0,0,0,0.014133,0.999538,logprobs,Alibaba
4920,35,-59,0,0,0,0.006727,0.999192,logprobs,Alibaba
4921,35,-57,0,0,0,0.107113,0.999057,logprobs,Alibaba
4922,35,-55,0,0,0,0.003591,0.999654,logprobs,Alibaba
4923,35,-53,0,0,0,0.007609,0.999424,logprobs,Alibaba
4924,35,-51,0,0,0,0.004094,0.99956,logprobs,Alibaba
4925,35,-49,0,0,0,0.005954,0.999578,logprobs,Alibaba
4926,35,-47,0,0,0,0.029445,0.998916,logprobs,Alibaba
4927,35,-45,0,0,0,0.001923,0.999298,logprobs,Alibaba
4928,35,-43,0,0,0,0.005211,0.999572,logprobs,Alibaba
4929,35,-41,0,0,0,0.001921,0.999509,logprobs,Alibaba
4930,35,-39,0,0,0,0.004603,0.999426,logprobs,Alibaba
4931,35,-37,0,0,0,0.026134,0.99826,logprobs,Alibaba
4932,35,-35,0,0,0,0.008614,0.999014,logprobs,Alibaba
4933,35,-33,0,0,0,0.037564,0.998367,logprobs,Alibaba
4934,35,-31,0,0,0,0.053582,0.998274,logprobs,Alibaba
4935,35,-29,0,0,0,0.053839,0.997501,logprobs,Alibaba
4936,35,-27,0,0,0,0.053715,0.996921,logprobs,Alibaba
4937,35,-25,0,0,0,0.107582,0.992381,logprobs,Alibaba
4938,35,-23,0,0,1,0.651753,0.99886,logprobs,Alibaba
4939,35,-21,0,0,0,0.076148,0.995078,logprobs,Alibaba
4940,35,-19,0,0,0,0.033357,0.997892,logprobs,Alibaba
4941,35,-17,0,0,0,0.133256,0.988418,logprobs,Alibaba
4942,35,-15,0,0,0,0.085412,0.994002,logprobs,Alibaba
4943,35,-13,0,0,0,0.106959,0.990573,logprobs,Alibaba
4944,35,-11,0,0,0,0.438421,0.988864,logprobs,Alibaba
4945,35,-9,0,0,0,0.24563,0.979128,logprobs,Alibaba
4946,35,-7,0,0,1,0.593146,0.996386,logprobs,Alibaba
4947,35,-5,1,1,0,0.133245,0.996989,logprobs,Alibaba
4948,35,-3,1,1,1,0.852123,0.999375,logprobs,Alibaba
4949,35,-1,1,1,1,0.932494,0.999625,logprobs,Alibaba
4950,35,1,1,1,1,0.91495,0.999586,logprobs,Alibaba
4951,35,3,1,1,1,0.9526,0.999589,logprobs,Alibaba
4952,35,5,1,1,1,0.755081,0.999256,logprobs,Alibaba
4953,35,7,1,1,1,0.904728,0.999597,logprobs,Alibaba
4954,35,9,1,1,1,0.852062,0.999572,logprobs,Alibaba
4955,35,11,0,0,1,0.731349,0.998794,logprobs,Alibaba
4956,35,13,0,0,1,0.679733,0.997992,logprobs,Alibaba
4957,35,15,0,0,0,0.46943,0.998435,logprobs,Alibaba
4958,35,17,0,0,1,0.593906,0.998785,logprobs,Alibaba
4959,35,19,0,0,1,0.651676,0.998231,logprobs,Alibaba
4960,35,21,0,0,1,0.77752,0.999108,logprobs,Alibaba
4961,35,23,0,0,1,0.679521,0.997998,logprobs,Alibaba
4962,35,25,1,1,0,0.438421,0.998519,logprobs,Alibaba
4963,35,27,0,0,1,0.73148,0.999165,logprobs,Alibaba
4964,35,29,0,0,1,0.798688,0.999364,logprobs,Alibaba
4965,35,31,0,0,1,0.881023,0.999472,logprobs,Alibaba
4966,35,33,1,1,1,0.867214,0.999013,logprobs,Alibaba
4967,35,35,0,0,1,0.731233,0.999345,logprobs,Alibaba
4968,35,37,1,1,1,0.932519,0.99947,logprobs,Alibaba
4969,35,39,1,1,1,0.979679,0.999666,logprobs,Alibaba
4970,35,41,1,1,1,0.867081,0.999203,logprobs,Alibaba
4971,35,43,1,1,1,0.924259,0.999324,logprobs,Alibaba
4972,35,45,1,1,1,0.817673,0.999015,logprobs,Alibaba
4973,35,47,1,1,1,0.939959,0.999533,logprobs,Alibaba
4974,35,49,1,1,1,0.867153,0.999359,logprobs,Alibaba
4975,35,51,1,1,1,0.993316,0.999711,logprobs,Alibaba
4976,35,53,1,1,1,0.880866,0.999377,logprobs,Alibaba
4977,35,55,1,1,1,0.893358,0.999388,logprobs,Alibaba
4978,35,57,1,1,1,0.914973,0.999413,logprobs,Alibaba
4979,35,59,1,1,1,0.957953,0.99959,logprobs,Alibaba
4980,35,61,1,1,1,0.990303,0.999823,logprobs,Alibaba
4981,35,63,1,1,1,0.979681,0.999604,logprobs,Alibaba
4982,35,65,1,1,1,0.984098,0.999732,logprobs,Alibaba
4983,35,67,1,1,1,0.985951,0.99972,logprobs,Alibaba
4984,35,69,1,1,1,0.987585,0.999767,logprobs,Alibaba
4985,35,71,1,1,1,0.974063,0.999679,logprobs,Alibaba
4986,35,73,1,1,1,0.970704,0.999663,logprobs,Alibaba
4987,35,75,1,1,1,0.946613,0.999624,logprobs,Alibaba
4988,35,77,1,1,1,0.880907,0.999394,logprobs,Alibaba
4989,35,79,1,1,1,0.962714,0.999611,logprobs,Alibaba
4990,35,81,1,0,1,0.966928,0.999619,logprobs,Alibaba
4991,35,83,1,1,1,0.962726,0.999748,logprobs,Alibaba
4992,35,85,1,1,1,0.924192,0.999639,logprobs,Alibaba
4993,35,87,1,1,1,0.939963,0.999575,logprobs,Alibaba
4994,35,89,1,1,1,0.914958,0.999543,logprobs,Alibaba
4995,35,91,1,1,1,0.946625,0.999672,logprobs,Alibaba
4996,35,93,1,1,1,0.835628,0.999419,logprobs,Alibaba
4997,35,95,1,1,1,0.939949,0.999663,logprobs,Alibaba
4998,35,97,1,1,1,0.982026,0.999806,logprobs,Alibaba
4999,35,99,1,1,1,0.952607,0.99974,logprobs,Alibaba
5000,35,101,1,1,1,0.93993,0.999546,logprobs,Alibaba
5001,35,103,1,1,1,0.970702,0.999764,logprobs,Alibaba
5002,35,105,1,1,1,0.994099,0.999812,logprobs,Alibaba
5003,35,107,1,1,1,0.995935,0.999885,logprobs,Alibaba
5004,35,109,1,1,1,0.997203,0.9999,logprobs,Alibaba
5005,35,111,1,1,1,0.984103,0.999766,logprobs,Alibaba
5006,35,113,1,1,1,0.991428,0.999841,logprobs,Alibaba
5007,35,115,1,1,1,0.914982,0.999538,logprobs,Alibaba
5008,35,117,1,1,1,0.985956,0.999783,logprobs,Alibaba
5009,35,119,1,1,1,0.893408,0.999353,logprobs,Alibaba
5010,35,121,0,0,1,0.56254,0.998859,logprobs,Alibaba
5011,35,123,0,0,0,0.02041,0.999451,logprobs,Alibaba
5012,35,125,0,0,0,0.40769,0.998574,logprobs,Alibaba
5013,35,127,1,1,1,0.593025,0.999159,logprobs,Alibaba
5014,35,129,0,0,0,0.295028,0.999185,logprobs,Alibaba
5015,35,131,0,0,1,0.562855,0.999135,logprobs,Alibaba
5016,35,133,1,1,1,0.623151,0.998992,logprobs,Alibaba
5017,35,135,1,1,1,0.893428,0.99957,logprobs,Alibaba
5018,35,137,1,1,1,0.91504,0.999541,logprobs,Alibaba
5019,35,139,1,1,1,0.500393,0.998597,logprobs,Alibaba
5020,35,141,0,0,0,0.377988,0.995925,logprobs,Alibaba
5021,35,143,0,0,0,0.015954,0.999493,logprobs,Alibaba
5022,35,145,0,0,0,0.053647,0.997984,logprobs,Alibaba
5023,35,147,0,0,0,0.068045,0.997922,logprobs,Alibaba
5024,35,149,0,0,0,0.469328,0.998034,logprobs,Alibaba
5025,35,151,0,0,0,0.09561,0.998492,logprobs,Alibaba
5026,35,153,0,0,0,0.00675,0.999446,logprobs,Alibaba
5027,35,155,0,0,0,0.005214,0.999683,logprobs,Alibaba
5028,35,157,0,0,0,0.009755,0.998937,logprobs,Alibaba
5029,35,159,0,0,0,0.023019,0.998951,logprobs,Alibaba
5030,35,161,0,0,0,0.001498,0.999531,logprobs,Alibaba
5031,35,163,0,0,0,0.001699,0.99978,logprobs,Alibaba
5032,35,165,0,0,0,0.006686,0.999467,logprobs,Alibaba
5033,35,167,0,0,0,0.018033,0.998959,logprobs,Alibaba
5034,35,169,0,0,0,0.037691,0.998844,logprobs,Alibaba
5035,35,171,0,0,0,0.047528,0.999235,logprobs,Alibaba
5036,35,173,0,0,0,0.053491,0.998632,logprobs,Alibaba
5037,35,175,0,0,0,0.085255,0.998945,logprobs,Alibaba
5038,35,177,0,0,0,0.037543,0.999143,logprobs,Alibaba
5039,35,179,0,0,0,0.033141,0.999383,logprobs,Alibaba
5040,33,-179,0,0,0,0.047506,0.999408,logprobs,Alibaba
5041,33,-177,0,0,0,0.00979,0.999633,logprobs,Alibaba
5042,33,-175,0,0,0,0.020459,0.998823,logprobs,Alibaba
5043,33,-173,0,0,0,0.009757,0.999581,logprobs,Alibaba
5044,33,-171,0,0,0,0.018064,0.999544,logprobs,Alibaba
5045,33,-169,0,0,0,0.012514,0.99946,logprobs,Alibaba
5046,33,-167,0,0,0,0.020549,0.998711,logprobs,Alibaba
5047,33,-165,0,0,0,0.02609,0.999007,logprobs,Alibaba
5048,33,-163,0,0,0,0.008567,0.999274,logprobs,Alibaba
5049,33,-161,0,0,0,0.00863,0.99923,logprobs,Alibaba
5050,33,-159,0,0,0,0.042302,0.997155,logprobs,Alibaba
5051,33,-157,0,0,0,0.060304,0.9982,logprobs,Alibaba
5052,33,-155,0,0,0,0.023034,0.9985,logprobs,Alibaba
5053,33,-153,0,0,0,0.026029,0.999316,logprobs,Alibaba
5054,33,-151,0,0,0,0.182836,0.998288,logprobs,Alibaba
5055,33,-149,0,0,0,0.202206,0.995168,logprobs,Alibaba
5056,33,-147,0,0,0,0.005904,0.999488,logprobs,Alibaba
5057,33,-145,0,0,0,0.007618,0.999639,logprobs,Alibaba
5058,33,-143,0,0,0,0.004061,0.999196,logprobs,Alibaba
5059,33,-141,0,0,0,0.00672,0.999495,logprobs,Alibaba
5060,33,-139,0,0,0,0.008641,0.999373,logprobs,Alibaba
5061,33,-137,0,0,0,0.00862,0.999691,logprobs,Alibaba
5062,33,-135,0,0,0,0.003169,0.99954,logprobs,Alibaba
5063,33,-133,0,0,0,0.003161,0.999726,logprobs,Alibaba
5064,33,-131,0,0,0,0.002209,0.999684,logprobs,Alibaba
5065,33,-129,0,0,0,0.001696,0.999665,logprobs,Alibaba
5066,33,-127,0,0,0,0.001923,0.999637,logprobs,Alibaba
5067,33,-125,0,0,0,0.00218,0.999759,logprobs,Alibaba
5068,33,-123,0,0,0,0.004065,0.9997,logprobs,Alibaba
5069,33,-121,0,0,0,0.005258,0.99962,logprobs,Alibaba
5070,33,-119,0,0,0,0.012467,0.999625,logprobs,Alibaba
5071,33,-117,1,1,1,0.817805,0.997734,logprobs,Alibaba
5072,33,-115,1,1,1,0.962702,0.999611,logprobs,Alibaba
5073,33,-113,1,1,1,0.962694,0.999695,logprobs,Alibaba
5074,33,-111,1,1,1,0.993324,0.999878,logprobs,Alibaba
5075,33,-109,1,1,1,0.987571,0.999774,logprobs,Alibaba
5076,33,-107,1,1,1,0.992443,0.999682,logprobs,Alibaba
5077,33,-105,1,1,1,0.987576,0.999759,logprobs,Alibaba
5078,33,-103,1,1,1,0.994785,0.999791,logprobs,Alibaba
5079,33,-101,1,1,1,0.995407,0.999803,logprobs,Alibaba
5080,33,-99,1,1,1,0.991436,0.999788,logprobs,Alibaba
5081,33,-97,1,1,1,0.992434,0.999795,logprobs,Alibaba
5082,33,-95,1,1,1,0.979693,0.999782,logprobs,Alibaba
5083,33,-93,1,1,1,0.939937,0.999496,logprobs,Alibaba
5084,33,-91,1,1,1,0.835781,0.999407,logprobs,Alibaba
5085,33,-89,1,1,1,0.952614,0.999604,logprobs,Alibaba
5086,33,-87,1,1,1,0.984114,0.999807,logprobs,Alibaba
5087,33,-85,1,1,1,0.989019,0.99983,logprobs,Alibaba
5088,33,-83,1,1,1,0.991428,0.999811,logprobs,Alibaba
5089,33,-81,1,1,1,0.984104,0.999745,logprobs,Alibaba
5090,33,-79,0,0,1,0.679868,0.999427,logprobs,Alibaba
5091,33,-77,0,0,0,0.349324,0.999145,logprobs,Alibaba
5092,33,-75,0,0,0,0.007605,0.999625,logprobs,Alibaba
5093,33,-73,0,0,0,0.22324,0.997556,logprobs,Alibaba
5094,33,-71,0,0,1,0.501226,0.99278,logprobs,Alibaba
5095,33,-69,0,0,0,0.04237,0.998299,logprobs,Alibaba
5096,33,-67,0,0,0,0.033236,0.998985,logprobs,Alibaba
5097,33,-65,0,0,0,0.042486,0.998741,logprobs,Alibaba
5098,33,-63,0,0,0,0.060426,0.999234,logprobs,Alibaba
5099,33,-61,0,0,0,0.042198,0.999227,logprobs,Alibaba
5100,33,-59,0,0,0,0.029601,0.99774,logprobs,Alibaba
5101,33,-57,0,0,0,0.106954,0.995179,logprobs,Alibaba
5102,33,-55,0,0,0,0.006755,0.999384,logprobs,Alibaba
5103,33,-53,0,0,0,0.026076,0.998814,logprobs,Alibaba
5104,33,-51,0,0,0,0.009758,0.999492,logprobs,Alibaba
5105,33,-49,0,0,0,0.002826,0.999477,logprobs,Alibaba
5106,33,-47,0,0,0,0.012475,0.999034,logprobs,Alibaba
5107,33,-45,0,0,0,0.005903,0.999635,logprobs,Alibaba
5108,33,-43,0,0,0,0.007618,0.999548,logprobs,Alibaba
5109,33,-41,0,0,0,0.01603,0.998649,logprobs,Alibaba
5110,33,-39,0,0,0,0.005907,0.999632,logprobs,Alibaba
5111,33,-37,0,0,0,0.020407,0.998787,logprobs,Alibaba
5112,33,-35,0,0,0,0.026119,0.997872,logprobs,Alibaba
5113,33,-33,0,0,0,0.047586,0.996431,logprobs,Alibaba
5114,33,-31,0,0,1,0.593471,0.993318,logprobs,Alibaba
5115,33,-29,0,0,1,0.798549,0.996748,logprobs,Alibaba
5116,33,-27,0,0,1,0.940047,0.999529,logprobs,Alibaba
5117,33,-25,0,0,1,0.880946,0.999303,logprobs,Alibaba
5118,33,-23,0,0,1,0.979693,0.999758,logprobs,Alibaba
5119,33,-21,0,0,1,0.97707,0.999666,logprobs,Alibaba
5120,33,-19,0,0,1,0.732112,0.99109,logprobs,Alibaba
5121,33,-17,0,0,0,0.245566,0.970457,logprobs,Alibaba
5122,33,-15,0,0,0,0.133208,0.986847,logprobs,Alibaba
5123,33,-13,0,0,0,0.349112,0.97417,logprobs,Alibaba
5124,33,-11,0,0,1,0.501855,0.985861,logprobs,Alibaba
5125,33,-9,0,0,0,0.245814,0.962472,logprobs,Alibaba
5126,33,-7,1,1,1,0.562943,0.992764,logprobs,Alibaba
5127,33,-5,1,1,1,0.679456,0.997391,logprobs,Alibaba
5128,33,-3,1,1,1,0.893387,0.999553,logprobs,Alibaba
5129,33,-1,1,1,1,0.924213,0.999434,logprobs,Alibaba
5130,33,1,1,1,1,0.914986,0.999584,logprobs,Alibaba
5131,33,3,1,1,1,0.932536,0.999533,logprobs,Alibaba
5132,33,5,1,1,1,0.817671,0.99934,logprobs,Alibaba
5133,33,7,1,1,1,0.904706,0.999533,logprobs,Alibaba
5134,33,9,1,1,1,0.75532,0.999393,logprobs,Alibaba
5135,33,11,1,1,1,0.798492,0.999299,logprobs,Alibaba
5136,33,13,0,0,1,0.946732,0.999478,logprobs,Alibaba
5137,33,15,0,0,1,0.904766,0.999236,logprobs,Alibaba
5138,33,17,0,0,1,0.679915,0.997273,logprobs,Alibaba
5139,33,19,0,0,1,0.932524,0.999566,logprobs,Alibaba
5140,33,21,0,0,1,0.852182,0.998892,logprobs,Alibaba
5141,33,23,0,0,1,0.924198,0.999369,logprobs,Alibaba
5142,33,25,0,0,1,0.817769,0.999327,logprobs,Alibaba
5143,33,27,0,0,1,0.817674,0.999414,logprobs,Alibaba
5144,33,29,0,0,1,0.731444,0.999351,logprobs,Alibaba
5145,33,31,0,0,1,0.904781,0.999413,logprobs,Alibaba
5146,33,33,0,0,1,0.623186,0.998955,logprobs,Alibaba
5147,33,35,0,0,1,0.852398,0.998957,logprobs,Alibaba
5148,33,37,1,1,1,0.962694,0.999519,logprobs,Alibaba
5149,33,39,1,1,1,0.962685,0.999578,logprobs,Alibaba
5150,33,41,1,1,1,0.81771,0.999091,logprobs,Alibaba
5151,33,43,1,1,1,0.939946,0.999439,logprobs,Alibaba
5152,33,45,1,1,1,0.952599,0.999607,logprobs,Alibaba
5153,33,47,1,1,1,0.924188,0.999532,logprobs,Alibaba
5154,33,49,1,1,1,0.932483,0.99938,logprobs,Alibaba
5155,33,51,1,1,1,0.957932,0.999648,logprobs,Alibaba
5156,33,53,1,1,1,0.95262,0.999606,logprobs,Alibaba
5157,33,55,1,1,1,0.904695,0.99958,logprobs,Alibaba
5158,33,57,1,1,1,0.932493,0.999469,logprobs,Alibaba
5159,33,59,1,1,1,0.946642,0.999398,logprobs,Alibaba
5160,33,61,1,1,1,0.966932,0.999647,logprobs,Alibaba
5161,33,63,1,1,1,0.96694,0.999552,logprobs,Alibaba
5162,33,65,1,1,1,0.984099,0.999775,logprobs,Alibaba
5163,33,67,1,1,1,0.99143,0.99974,logprobs,Alibaba
5164,33,69,1,1,1,0.982036,0.999722,logprobs,Alibaba
5165,33,71,1,1,1,0.979686,0.999776,logprobs,Alibaba
5166,33,73,1,1,1,0.977061,0.999534,logprobs,Alibaba
5167,33,75,1,1,1,0.952598,0.999601,logprobs,Alibaba
5168,33,77,1,1,1,0.893398,0.999446,logprobs,Alibaba
5169,33,79,1,1,1,0.77762,0.998997,logprobs,Alibaba
5170,33,81,1,1,1,0.957935,0.999545,logprobs,Alibaba
5171,33,83,1,1,1,0.957948,0.999663,logprobs,Alibaba
5172,33,85,1,1,1,0.94663,0.999571,logprobs,Alibaba
5173,33,87,1,1,1,0.90474,0.999485,logprobs,Alibaba
5174,33,89,1,1,1,0.880893,0.999521,logprobs,Alibaba
5175,33,91,1,1,1,0.85201,0.999508,logprobs,Alibaba
5176,33,93,1,1,1,0.880883,0.999202,logprobs,Alibaba
5177,33,95,1,1,1,0.893371,0.999409,logprobs,Alibaba
5178,33,97,1,1,1,0.98412,0.9997,logprobs,Alibaba
5179,33,99,1,1,1,0.924189,0.999506,logprobs,Alibaba
5180,33,101,1,1,1,0.946624,0.999626,logprobs,Alibaba
5181,33,103,1,1,1,0.957937,0.999575,logprobs,Alibaba
5182,33,105,1,1,1,0.96693,0.999659,logprobs,Alibaba
5183,33,107,1,1,1,0.966935,0.999623,logprobs,Alibaba
5184,33,109,1,1,1,0.939959,0.999448,logprobs,Alibaba
5185,33,111,1,1,1,0.914963,0.99949,logprobs,Alibaba
5186,33,113,1,1,1,0.932625,0.999361,logprobs,Alibaba
5187,33,115,1,1,1,0.852116,0.999517,logprobs,Alibaba
5188,33,117,1,1,1,0.652023,0.99855,logprobs,Alibaba
5189,33,119,1,1,0,0.183009,0.998589,logprobs,Alibaba
5190,33,121,0,0,0,0.295395,0.999308,logprobs,Alibaba
5191,33,123,0,0,0,0.023085,0.99943,logprobs,Alibaba
5192,33,125,0,0,0,0.202131,0.998825,logprobs,Alibaba
5193,33,127,0,0,0,0.245591,0.999021,logprobs,Alibaba
5194,33,129,0,0,0,0.223391,0.998834,logprobs,Alibaba
5195,33,131,1,1,0,0.438502,0.999183,logprobs,Alibaba
5196,33,133,1,1,0,0.295063,0.999006,logprobs,Alibaba
5197,33,135,0,0,0,0.165402,0.998966,logprobs,Alibaba
5198,33,137,0,0,0,0.223298,0.998816,logprobs,Alibaba
5199,33,139,0,0,0,0.107084,0.999133,logprobs,Alibaba
5200,33,141,0,0,0,0.107196,0.998948,logprobs,Alibaba
5201,33,143,0,0,0,0.037414,0.999132,logprobs,Alibaba
5202,33,145,0,0,0,0.012469,0.999434,logprobs,Alibaba
5203,33,147,0,0,0,0.047497,0.998521,logprobs,Alibaba
5204,33,149,0,0,0,0.16563,0.995379,logprobs,Alibaba
5205,33,151,0,0,0,0.349501,0.998605,logprobs,Alibaba
5206,33,153,0,0,0,0.016053,0.999049,logprobs,Alibaba
5207,33,155,0,0,0,0.012467,0.999112,logprobs,Alibaba
5208,33,157,0,0,0,0.037466,0.998425,logprobs,Alibaba
5209,33,159,0,0,0,0.014135,0.999184,logprobs,Alibaba
5210,33,161,0,0,0,0.01107,0.999436,logprobs,Alibaba
5211,33,163,0,0,0,0.012474,0.999295,logprobs,Alibaba
5212,33,165,0,0,0,0.023041,0.998233,logprobs,Alibaba
5213,33,167,0,0,0,0.020405,0.999211,logprobs,Alibaba
5214,33,169,0,0,0,0.020432,0.999292,logprobs,Alibaba
5215,33,171,0,0,0,0.037408,0.998767,logprobs,Alibaba
5216,33,173,0,0,0,0.054061,0.999088,logprobs,Alibaba
5217,33,175,0,0,0,0.053534,0.998261,logprobs,Alibaba
5218,33,177,0,0,0,0.020384,0.999102,logprobs,Alibaba
5219,33,179,0,0,0,0.037495,0.999064,logprobs,Alibaba
5220,31,-179,0,0,0,0.020448,0.999581,logprobs,Alibaba
5221,31,-177,0,0,0,0.007615,0.999531,logprobs,Alibaba
5222,31,-175,0,0,0,0.01804,0.999414,logprobs,Alibaba
5223,31,-173,0,0,0,0.008617,0.99963,logprobs,Alibaba
5224,31,-171,0,0,0,0.015987,0.999437,logprobs,Alibaba
5225,31,-169,0,0,0,0.042382,0.99927,logprobs,Alibaba
5226,31,-167,0,0,0,0.042354,0.998406,logprobs,Alibaba
5227,31,-165,0,0,0,0.005258,0.999625,logprobs,Alibaba
5228,31,-163,0,0,0,0.012537,0.999462,logprobs,Alibaba
5229,31,-161,0,0,0,0.015944,0.998704,logprobs,Alibaba
5230,31,-159,0,0,0,0.08543,0.997773,logprobs,Alibaba
5231,31,-157,0,0,0,0.053715,0.998651,logprobs,Alibaba
5232,31,-155,0,0,0,0.067769,0.998876,logprobs,Alibaba
5233,31,-153,0,0,0,0.020385,0.998989,logprobs,Alibaba
5234,31,-151,0,0,0,0.060239,0.998014,logprobs,Alibaba
5235,31,-149,0,0,0,0.378047,0.995713,logprobs,Alibaba
5236,31,-147,0,0,0,0.107177,0.996121,logprobs,Alibaba
5237,31,-145,0,0,0,0.026134,0.998618,logprobs,Alibaba
5238,31,-143,0,0,0,0.004095,0.999445,logprobs,Alibaba
5239,31,-141,0,0,0,0.015893,0.999038,logprobs,Alibaba
5240,31,-139,0,0,0,0.00861,0.999414,logprobs,Alibaba
5241,31,-137,0,0,0,0.009748,0.999408,logprobs,Alibaba
5242,31,-135,0,0,0,0.016035,0.999255,logprobs,Alibaba
5243,31,-133,0,0,0,0.00319,0.999446,logprobs,Alibaba
5244,31,-131,0,0,0,0.012505,0.999433,logprobs,Alibaba
5245,31,-129,0,0,0,0.002178,0.999701,logprobs,Alibaba
5246,31,-127,0,0,0,0.001923,0.999488,logprobs,Alibaba
5247,31,-125,0,0,0,0.00317,0.999689,logprobs,Alibaba
5248,31,-123,0,0,0,0.003168,0.999631,logprobs,Alibaba
5249,31,-121,0,0,0,0.321697,0.997739,logprobs,Alibaba
5250,31,-119,0,0,0,0.202258,0.987985,logprobs,Alibaba
5251,31,-117,0,0,1,0.623106,0.998065,logprobs,Alibaba
5252,31,-115,1,1,1,0.924204,0.999598,logprobs,Alibaba
5253,31,-113,1,1,1,0.880906,0.999452,logprobs,Alibaba
5254,31,-111,1,1,1,0.957934,0.999695,logprobs,Alibaba
5255,31,-109,1,1,1,0.966981,0.999736,logprobs,Alibaba
5256,31,-107,1,1,1,0.974069,0.99967,logprobs,Alibaba
5257,31,-105,1,1,1,0.989021,0.999839,logprobs,Alibaba
5258,31,-103,1,1,1,0.977077,0.999733,logprobs,Alibaba
5259,31,-101,1,1,1,0.987587,0.999729,logprobs,Alibaba
5260,31,-99,1,1,1,0.992429,0.999784,logprobs,Alibaba
5261,31,-97,1,1,1,0.995931,0.999867,logprobs,Alibaba
5262,31,-95,1,1,1,0.977051,0.999736,logprobs,Alibaba
5263,31,-93,1,1,1,0.962741,0.999578,logprobs,Alibaba
5264,31,-91,1,1,1,0.880919,0.999636,logprobs,Alibaba
5265,31,-89,1,1,1,0.957936,0.999619,logprobs,Alibaba
5266,31,-87,1,1,1,0.957979,0.999708,logprobs,Alibaba
5267,31,-85,1,1,1,0.966925,0.999738,logprobs,Alibaba
5268,31,-83,1,1,1,0.96274,0.9997,logprobs,Alibaba
5269,31,-81,0,0,0,0.20202,0.99907,logprobs,Alibaba
5270,31,-79,0,0,0,0.042161,0.999365,logprobs,Alibaba
5271,31,-77,0,0,1,0.56249,0.999021,logprobs,Alibaba
5272,31,-75,0,0,0,0.012482,0.998979,logprobs,Alibaba
5273,31,-73,0,0,0,0.029406,0.999245,logprobs,Alibaba
5274,31,-71,0,0,0,0.023064,0.998895,logprobs,Alibaba
5275,31,-69,0,0,0,0.067953,0.998592,logprobs,Alibaba
5276,31,-67,0,0,0,0.047885,0.998858,logprobs,Alibaba
5277,31,-65,0,0,0,0.047717,0.998885,logprobs,Alibaba
5278,31,-63,0,0,0,0.042348,0.999209,logprobs,Alibaba
5279,31,-61,0,0,0,0.008652,0.999282,logprobs,Alibaba
5280,31,-59,0,0,0,0.009795,0.999075,logprobs,Alibaba
5281,31,-57,0,0,0,0.053491,0.997476,logprobs,Alibaba
5282,31,-55,0,0,0,0.011041,0.999197,logprobs,Alibaba
5283,31,-53,0,0,0,0.438107,0.998894,logprobs,Alibaba
5284,31,-51,0,0,0,0.053606,0.993863,logprobs,Alibaba
5285,31,-49,0,0,0,0.014185,0.998975,logprobs,Alibaba
5286,31,-47,0,0,0,0.0086,0.998734,logprobs,Alibaba
5287,31,-45,0,0,0,0.002466,0.999449,logprobs,Alibaba
5288,31,-43,0,0,0,0.007603,0.999216,logprobs,Alibaba
5289,31,-41,0,0,0,0.009819,0.998833,logprobs,Alibaba
5290,31,-39,0,0,0,0.011073,0.998885,logprobs,Alibaba
5291,31,-37,0,0,0,0.011007,0.999159,logprobs,Alibaba
5292,31,-35,0,0,0,0.023213,0.998339,logprobs,Alibaba
5293,31,-33,0,0,0,0.407822,0.994727,logprobs,Alibaba
5294,31,-31,0,0,1,0.594249,0.995961,logprobs,Alibaba
5295,31,-29,0,0,1,0.532088,0.996472,logprobs,Alibaba
5296,31,-27,0,0,1,0.924213,0.999569,logprobs,Alibaba
5297,31,-25,0,0,1,0.777402,0.999081,logprobs,Alibaba
5298,31,-23,0,0,1,0.974061,0.99958,logprobs,Alibaba
5299,31,-21,0,0,1,0.867282,0.999538,logprobs,Alibaba
5300,31,-19,0,0,1,0.777962,0.999028,logprobs,Alibaba
5301,31,-17,0,0,0,0.13363,0.98836,logprobs,Alibaba
5302,31,-15,0,0,0,0.067833,0.990178,logprobs,Alibaba
5303,31,-13,0,0,0,0.22299,0.98801,logprobs,Alibaba
5304,31,-11,0,0,1,0.531562,0.986476,logprobs,Alibaba
5305,31,-9,1,1,0,0.269346,0.98005,logprobs,Alibaba
5306,31,-7,1,1,0,0.468972,0.986511,logprobs,Alibaba
5307,31,-5,1,1,1,0.500528,0.993899,logprobs,Alibaba
5308,31,-3,1,1,1,0.881047,0.999435,logprobs,Alibaba
5309,31,-1,1,1,1,0.867091,0.999513,logprobs,Alibaba
5310,31,1,1,1,1,0.904771,0.999547,logprobs,Alibaba
5311,31,3,1,1,1,0.939968,0.999593,logprobs,Alibaba
5312,31,5,1,1,1,0.8809,0.999481,logprobs,Alibaba
5313,31,7,1,1,1,0.932536,0.99956,logprobs,Alibaba
5314,31,9,1,1,1,0.904739,0.999534,logprobs,Alibaba
5315,31,11,1,1,1,0.852128,0.999498,logprobs,Alibaba
5316,31,13,1,1,1,0.924198,0.999396,logprobs,Alibaba
5317,31,15,1,1,1,0.985943,0.999744,logprobs,Alibaba
5318,31,17,1,1,1,0.817813,0.999099,logprobs,Alibaba
5319,31,19,0,0,1,0.904701,0.999393,logprobs,Alibaba
5320,31,21,1,1,1,0.939998,0.99949,logprobs,Alibaba
5321,31,23,1,1,1,0.932588,0.999496,logprobs,Alibaba
5322,31,25,1,1,1,0.946633,0.999512,logprobs,Alibaba
5323,31,27,1,1,1,0.798402,0.998974,logprobs,Alibaba
5324,31,29,0,0,1,0.835663,0.999437,logprobs,Alibaba
5325,31,31,1,1,1,0.867229,0.999559,logprobs,Alibaba
5326,31,33,1,1,1,0.880904,0.999525,logprobs,Alibaba
5327,31,35,1,1,1,0.966934,0.999737,logprobs,Alibaba
5328,31,37,1,1,1,0.957938,0.99957,logprobs,Alibaba
5329,31,39,1,1,1,0.952635,0.999686,logprobs,Alibaba
5330,31,41,1,1,1,0.924157,0.999516,logprobs,Alibaba
5331,31,43,1,1,1,0.893386,0.999693,logprobs,Alibaba
5332,31,45,1,1,1,0.81775,0.999436,logprobs,Alibaba
5333,31,47,1,1,1,0.880864,0.999484,logprobs,Alibaba
5334,31,49,1,1,1,0.893367,0.999408,logprobs,Alibaba
5335,31,51,1,1,1,0.904779,0.999428,logprobs,Alibaba
5336,31,53,1,1,1,0.817635,0.999248,logprobs,Alibaba
5337,31,55,1,1,1,0.893368,0.999445,logprobs,Alibaba
5338,31,57,1,1,1,0.86725,0.999203,logprobs,Alibaba
5339,31,59,1,1,1,0.835561,0.999159,logprobs,Alibaba
5340,31,61,1,1,1,0.939944,0.999496,logprobs,Alibaba
5341,31,63,1,1,1,0.95262,0.999531,logprobs,Alibaba
5342,31,65,1,1,1,0.979686,0.999697,logprobs,Alibaba
5343,31,67,1,1,1,0.982028,0.999718,logprobs,Alibaba
5344,31,69,1,1,1,0.966929,0.999699,logprobs,Alibaba
5345,31,71,1,1,1,0.977045,0.999677,logprobs,Alibaba
5346,31,73,1,1,1,0.974053,0.99969,logprobs,Alibaba
5347,31,75,1,1,1,0.974068,0.999704,logprobs,Alibaba
5348,31,77,1,1,1,0.989034,0.999784,logprobs,Alibaba
5349,31,79,1,1,1,0.932518,0.999597,logprobs,Alibaba
5350,31,81,1,1,1,0.852093,0.999301,logprobs,Alibaba
5351,31,83,1,1,1,0.91511,0.99943,logprobs,Alibaba
5352,31,85,1,1,1,0.904682,0.999431,logprobs,Alibaba
5353,31,87,1,0,1,0.893396,0.999485,logprobs,Alibaba
5354,31,89,1,1,1,0.904706,0.99948,logprobs,Alibaba
5355,31,91,1,1,1,0.924183,0.999473,logprobs,Alibaba
5356,31,93,1,1,1,0.914967,0.999459,logprobs,Alibaba
5357,31,95,1,1,1,0.904714,0.9996,logprobs,Alibaba
5358,31,97,1,1,1,0.9526,0.99964,logprobs,Alibaba
5359,31,99,1,1,1,0.970695,0.999687,logprobs,Alibaba
5360,31,101,1,1,1,0.946663,0.999657,logprobs,Alibaba
5361,31,103,1,1,1,0.979684,0.999661,logprobs,Alibaba
5362,31,105,1,1,1,0.985967,0.999752,logprobs,Alibaba
5363,31,107,1,1,1,0.994799,0.999808,logprobs,Alibaba
5364,31,109,1,1,1,0.952597,0.999582,logprobs,Alibaba
5365,31,111,1,1,1,0.852057,0.9994,logprobs,Alibaba
5366,31,113,1,1,1,0.817768,0.999522,logprobs,Alibaba
5367,31,115,1,1,1,0.89342,0.999452,logprobs,Alibaba
5368,31,117,1,1,1,0.952593,0.999629,logprobs,Alibaba
5369,31,119,1,1,1,0.939964,0.999622,logprobs,Alibaba
5370,31,121,1,1,1,0.924213,0.999563,logprobs,Alibaba
5371,31,123,0,0,0,0.012453,0.999781,logprobs,Alibaba
5372,31,125,0,0,0,0.023033,0.999591,logprobs,Alibaba
5373,31,127,0,0,0,0.060565,0.999196,logprobs,Alibaba
5374,31,129,0,0,0,0.026021,0.999415,logprobs,Alibaba
5375,31,131,0,0,1,0.500944,0.999131,logprobs,Alibaba
5376,31,133,0,0,0,0.085438,0.999292,logprobs,Alibaba
5377,31,135,0,0,0,0.023043,0.999105,logprobs,Alibaba
5378,31,137,0,0,0,0.060268,0.999333,logprobs,Alibaba
5379,31,139,0,0,0,0.017977,0.999639,logprobs,Alibaba
5380,31,141,0,0,0,0.026052,0.999257,logprobs,Alibaba
5381,31,143,0,0,0,0.006731,0.999612,logprobs,Alibaba
5382,31,145,0,0,0,0.005941,0.999381,logprobs,Alibaba
5383,31,147,0,0,0,0.01596,0.998846,logprobs,Alibaba
5384,31,149,0,0,0,0.407851,0.989274,logprobs,Alibaba
5385,31,151,0,0,0,0.438181,0.998274,logprobs,Alibaba
5386,31,153,0,0,0,0.02605,0.997504,logprobs,Alibaba
5387,31,155,0,0,0,0.026001,0.998419,logprobs,Alibaba
5388,31,157,0,0,0,0.026036,0.998672,logprobs,Alibaba
5389,31,159,0,0,0,0.018047,0.998578,logprobs,Alibaba
5390,31,161,0,0,0,0.018021,0.999091,logprobs,Alibaba
5391,31,163,0,0,0,0.020459,0.999157,logprobs,Alibaba
5392,31,165,0,0,0,0.020445,0.999225,logprobs,Alibaba
5393,31,167,0,0,0,0.029406,0.998041,logprobs,Alibaba
5394,31,169,0,0,0,0.023116,0.999099,logprobs,Alibaba
5395,31,171,0,0,0,0.023045,0.998326,logprobs,Alibaba
5396,31,173,0,0,0,0.018074,0.998783,logprobs,Alibaba
5397,31,175,0,0,0,0.029413,0.999194,logprobs,Alibaba
5398,31,177,0,0,0,0.018064,0.998816,logprobs,Alibaba
5399,31,179,0,0,0,0.026017,0.999502,logprobs,Alibaba
5400,29,-179,0,0,0,0.047697,0.999515,logprobs,Alibaba
5401,29,-177,0,0,0,0.023096,0.999547,logprobs,Alibaba
5402,29,-175,0,0,0,0.0204,0.999594,logprobs,Alibaba
5403,29,-173,0,0,0,0.016016,0.999581,logprobs,Alibaba
5404,29,-171,0,0,0,0.026192,0.998839,logprobs,Alibaba
5405,29,-169,0,0,0,0.012556,0.999377,logprobs,Alibaba
5406,29,-167,0,0,0,0.020511,0.999271,logprobs,Alibaba
5407,29,-165,0,0,0,0.006745,0.999455,logprobs,Alibaba
5408,29,-163,0,0,0,0.008639,0.999456,logprobs,Alibaba
5409,29,-161,0,0,0,0.00862,0.999172,logprobs,Alibaba
5410,29,-159,0,0,0,0.076249,0.997498,logprobs,Alibaba
5411,29,-157,0,0,0,0.107241,0.997139,logprobs,Alibaba
5412,29,-155,0,0,0,0.077026,0.999402,logprobs,Alibaba
5413,29,-153,0,0,0,0.01247,0.999245,logprobs,Alibaba
5414,29,-151,0,0,0,0.06769,0.998492,logprobs,Alibaba
5415,29,-149,0,0,0,0.321354,0.998943,logprobs,Alibaba
5416,29,-147,0,0,0,0.026113,0.998931,logprobs,Alibaba
5417,29,-145,0,0,0,0.002797,0.999723,logprobs,Alibaba
5418,29,-143,0,0,0,0.001697,0.999722,logprobs,Alibaba
5419,29,-141,0,0,0,0.007625,0.999272,logprobs,Alibaba
5420,29,-139,0,0,0,0.012418,0.999602,logprobs,Alibaba
5421,29,-137,0,0,0,0.008659,0.999572,logprobs,Alibaba
5422,29,-135,0,0,0,0.011048,0.999325,logprobs,Alibaba
5423,29,-133,0,0,0,0.007564,0.999521,logprobs,Alibaba
5424,29,-131,0,0,0,0.005939,0.999233,logprobs,Alibaba
5425,29,-129,0,0,0,0.005214,0.999612,logprobs,Alibaba
5426,29,-127,0,0,0,0.000909,0.999753,logprobs,Alibaba
5427,29,-125,0,0,0,0.001922,0.99977,logprobs,Alibaba
5428,29,-123,0,0,0,0.011015,0.99966,logprobs,Alibaba
5429,29,-121,0,0,1,0.731211,0.999114,logprobs,Alibaba
5430,29,-119,0,0,1,0.852043,0.999489,logprobs,Alibaba
5431,29,-117,0,0,1,0.777413,0.999194,logprobs,Alibaba
5432,29,-115,0,0,1,0.93249,0.999525,logprobs,Alibaba
5433,29,-113,0,0,0,0.469546,0.999391,logprobs,Alibaba
5434,29,-111,1,1,0,0.439255,0.99911,logprobs,Alibaba
5435,29,-109,1,1,1,0.915207,0.999536,logprobs,Alibaba
5436,29,-107,1,1,1,0.979698,0.999727,logprobs,Alibaba
5437,29,-105,1,1,1,0.991443,0.99972,logprobs,Alibaba
5438,29,-103,1,1,1,0.979701,0.999772,logprobs,Alibaba
5439,29,-101,1,1,1,0.982025,0.99978,logprobs,Alibaba
5440,29,-99,1,1,1,0.95267,0.999627,logprobs,Alibaba
5441,29,-97,1,1,1,0.94662,0.999684,logprobs,Alibaba
5442,29,-95,0,0,0,0.223229,0.999552,logprobs,Alibaba
5443,29,-93,0,0,0,0.223919,0.999394,logprobs,Alibaba
5444,29,-91,0,0,0,0.0604,0.999726,logprobs,Alibaba
5445,29,-89,0,0,0,0.014128,0.99982,logprobs,Alibaba
5446,29,-87,0,0,0,0.014134,0.999797,logprobs,Alibaba
5447,29,-85,0,0,0,0.085263,0.999636,logprobs,Alibaba
5448,29,-83,0,0,0,0.20202,0.999452,logprobs,Alibaba
5449,29,-81,1,1,1,0.777592,0.99934,logprobs,Alibaba
5450,29,-79,0,0,0,0.095572,0.998411,logprobs,Alibaba
5451,29,-77,0,0,0,0.037438,0.999505,logprobs,Alibaba
5452,29,-75,0,0,0,0.002795,0.999739,logprobs,Alibaba
5453,29,-73,0,0,0,0.011024,0.999608,logprobs,Alibaba
5454,29,-71,0,0,0,0.018017,0.999498,logprobs,Alibaba
5455,29,-69,0,0,0,0.068186,0.998918,logprobs,Alibaba
5456,29,-67,0,0,0,0.042208,0.998839,logprobs,Alibaba
5457,29,-65,0,0,0,0.012499,0.999368,logprobs,Alibaba
5458,29,-63,0,0,0,0.007625,0.999578,logprobs,Alibaba
5459,29,-61,0,0,0,0.005903,0.999632,logprobs,Alibaba
5460,29,-59,0,0,0,0.009728,0.999544,logprobs,Alibaba
5461,29,-57,0,0,0,0.133369,0.999275,logprobs,Alibaba
5462,29,-55,0,0,0,0.067719,0.997673,logprobs,Alibaba
5463,29,-53,0,0,0,0.438579,0.998406,logprobs,Alibaba
5464,29,-51,0,0,0,0.294634,0.998929,logprobs,Alibaba
5465,29,-49,0,0,0,0.005267,0.999454,logprobs,Alibaba
5466,29,-47,0,0,0,0.018047,0.998438,logprobs,Alibaba
5467,29,-45,0,0,0,0.004066,0.999321,logprobs,Alibaba
5468,29,-43,0,0,0,0.009735,0.999043,logprobs,Alibaba
5469,29,-41,0,0,0,0.007622,0.998545,logprobs,Alibaba
5470,29,-39,0,0,0,0.002179,0.999652,logprobs,Alibaba
5471,29,-37,0,0,0,0.018026,0.998269,logprobs,Alibaba
5472,29,-35,0,0,0,0.018121,0.997999,logprobs,Alibaba
5473,29,-33,0,0,1,0.562455,0.995078,logprobs,Alibaba
5474,29,-31,0,0,1,0.623191,0.997597,logprobs,Alibaba
5475,29,-29,0,0,1,0.881013,0.999441,logprobs,Alibaba
5476,29,-27,0,0,1,0.9326,0.999498,logprobs,Alibaba
5477,29,-25,0,0,1,0.893376,0.999507,logprobs,Alibaba
5478,29,-23,0,0,1,0.962684,0.999694,logprobs,Alibaba
5479,29,-21,0,0,1,0.940019,0.999556,logprobs,Alibaba
5480,29,-19,0,0,1,0.867482,0.999423,logprobs,Alibaba
5481,29,-17,0,0,0,0.469583,0.998114,logprobs,Alibaba
5482,29,-15,0,0,1,0.778185,0.999174,logprobs,Alibaba
5483,29,-13,0,0,1,0.7315,0.998958,logprobs,Alibaba
5484,29,-11,0,0,0,0.269716,0.967619,logprobs,Alibaba
5485,29,-9,1,1,0,0.067898,0.989048,logprobs,Alibaba
5486,29,-7,1,1,0,0.378007,0.989112,logprobs,Alibaba
5487,29,-5,1,1,1,0.651767,0.998449,logprobs,Alibaba
5488,29,-3,1,1,1,0.867105,0.999446,logprobs,Alibaba
5489,29,-1,1,1,1,0.835846,0.999321,logprobs,Alibaba
5490,29,1,1,1,1,0.893407,0.999566,logprobs,Alibaba
5491,29,3,1,1,1,0.95261,0.99969,logprobs,Alibaba
5492,29,5,1,1,1,0.915115,0.999491,logprobs,Alibaba
5493,29,7,1,1,1,0.95264,0.999697,logprobs,Alibaba
5494,29,9,1,1,1,0.940078,0.999676,logprobs,Alibaba
5495,29,11,1,1,1,0.952626,0.999683,logprobs,Alibaba
5496,29,13,1,1,1,0.932559,0.99947,logprobs,Alibaba
5497,29,15,1,1,1,0.939954,0.999649,logprobs,Alibaba
5498,29,17,1,1,1,0.817712,0.999258,logprobs,Alibaba
5499,29,19,1,1,1,0.939978,0.999493,logprobs,Alibaba
5500,29,21,1,1,1,0.957959,0.999521,logprobs,Alibaba
5501,29,23,1,1,1,0.952593,0.99952,logprobs,Alibaba
5502,29,25,1,1,1,0.835572,0.999439,logprobs,Alibaba
5503,29,27,1,1,1,0.731362,0.999261,logprobs,Alibaba
5504,29,29,1,1,1,0.81775,0.999354,logprobs,Alibaba
5505,29,31,1,1,1,0.962703,0.999464,logprobs,Alibaba
5506,29,33,0,0,1,0.867102,0.999405,logprobs,Alibaba
5507,29,35,1,1,1,0.966937,0.999637,logprobs,Alibaba
5508,29,37,1,1,1,0.962705,0.999643,logprobs,Alibaba
5509,29,39,1,1,1,0.962696,0.999644,logprobs,Alibaba
5510,29,41,1,1,1,0.957925,0.999663,logprobs,Alibaba
5511,29,43,1,1,1,0.924188,0.999487,logprobs,Alibaba
5512,29,45,1,1,1,0.952595,0.999575,logprobs,Alibaba
5513,29,47,1,1,1,0.96275,0.999508,logprobs,Alibaba
5514,29,49,0,0,1,0.914945,0.999544,logprobs,Alibaba
5515,29,51,1,1,1,0.562724,0.999272,logprobs,Alibaba
5516,29,53,1,1,1,0.777774,0.999286,logprobs,Alibaba
5517,29,55,1,1,1,0.867133,0.999247,logprobs,Alibaba
5518,29,57,1,1,1,0.867187,0.999447,logprobs,Alibaba
5519,29,59,1,1,1,0.924169,0.999505,logprobs,Alibaba
5520,29,61,1,1,1,0.9707,0.999658,logprobs,Alibaba
5521,29,63,1,1,1,0.962686,0.999682,logprobs,Alibaba
5522,29,65,1,1,1,0.952596,0.999684,logprobs,Alibaba
5523,29,67,1,1,1,0.966936,0.999784,logprobs,Alibaba
5524,29,69,1,1,1,0.974068,0.999642,logprobs,Alibaba
5525,29,71,1,1,1,0.974063,0.999753,logprobs,Alibaba
5526,29,73,1,1,1,0.979676,0.999769,logprobs,Alibaba
5527,29,75,1,1,1,0.989037,0.999716,logprobs,Alibaba
5528,29,77,1,1,1,0.982034,0.999801,logprobs,Alibaba
5529,29,79,1,1,1,0.97406,0.999663,logprobs,Alibaba
5530,29,81,1,1,1,0.924192,0.999623,logprobs,Alibaba
5531,29,83,1,1,1,0.952602,0.999646,logprobs,Alibaba
5532,29,85,1,1,1,0.974058,0.999713,logprobs,Alibaba
5533,29,87,1,1,1,0.946633,0.999387,logprobs,Alibaba
5534,29,89,1,1,1,0.924224,0.999499,logprobs,Alibaba
5535,29,91,1,1,1,0.989032,0.999712,logprobs,Alibaba
5536,29,93,1,1,1,0.957942,0.999534,logprobs,Alibaba
5537,29,95,1,1,1,0.593394,0.999043,logprobs,Alibaba
5538,29,97,1,1,1,0.867141,0.999545,logprobs,Alibaba
5539,29,99,1,1,1,0.96693,0.999753,logprobs,Alibaba
5540,29,101,1,1,1,0.957942,0.99965,logprobs,Alibaba
5541,29,103,1,1,1,0.989029,0.999785,logprobs,Alibaba
5542,29,105,1,1,1,0.979697,0.999698,logprobs,Alibaba
5543,29,107,1,1,1,0.984101,0.999789,logprobs,Alibaba
5544,29,109,1,1,1,0.977035,0.999723,logprobs,Alibaba
5545,29,111,1,1,1,0.962687,0.999618,logprobs,Alibaba
5546,29,113,1,1,1,0.914958,0.999494,logprobs,Alibaba
5547,29,115,1,1,1,0.893495,0.999369,logprobs,Alibaba
5548,29,117,1,1,1,0.962686,0.999604,logprobs,Alibaba
5549,29,119,1,1,1,0.977031,0.999796,logprobs,Alibaba
5550,29,121,1,1,1,0.914932,0.999564,logprobs,Alibaba
5551,29,123,0,0,0,0.085363,0.999341,logprobs,Alibaba
5552,29,125,0,0,0,0.007572,0.999686,logprobs,Alibaba
5553,29,127,0,0,0,0.037302,0.999365,logprobs,Alibaba
5554,29,129,0,0,0,0.037531,0.999521,logprobs,Alibaba
5555,29,131,0,0,0,0.029483,0.999256,logprobs,Alibaba
5556,29,133,0,0,0,0.033203,0.999442,logprobs,Alibaba
5557,29,135,0,0,0,0.011028,0.999733,logprobs,Alibaba
5558,29,137,0,0,0,0.023134,0.999474,logprobs,Alibaba
5559,29,139,0,0,0,0.008614,0.999614,logprobs,Alibaba
5560,29,141,0,0,0,0.00863,0.999503,logprobs,Alibaba
5561,29,143,0,0,0,0.005212,0.999624,logprobs,Alibaba
5562,29,145,0,0,0,0.007613,0.999463,logprobs,Alibaba
5563,29,147,0,0,0,0.020421,0.999257,logprobs,Alibaba
5564,29,149,0,0,0,0.033325,0.998999,logprobs,Alibaba
5565,29,151,0,0,0,0.133638,0.996809,logprobs,Alibaba
5566,29,153,0,0,0,0.009802,0.999387,logprobs,Alibaba
5567,29,155,0,0,0,0.042218,0.999254,logprobs,Alibaba
5568,29,157,0,0,0,0.023076,0.999024,logprobs,Alibaba
5569,29,159,0,0,0,0.014116,0.999278,logprobs,Alibaba
5570,29,161,0,0,0,0.01596,0.999115,logprobs,Alibaba
5571,29,163,0,0,0,0.012478,0.999458,logprobs,Alibaba
5572,29,165,0,0,0,0.026082,0.998789,logprobs,Alibaba
5573,29,167,0,0,0,0.015984,0.999409,logprobs,Alibaba
5574,29,169,0,0,0,0.011049,0.999461,logprobs,Alibaba
5575,29,171,0,0,0,0.015999,0.999116,logprobs,Alibaba
5576,29,173,0,0,0,0.0086,0.999548,logprobs,Alibaba
5577,29,175,0,0,0,0.015998,0.999456,logprobs,Alibaba
5578,29,177,0,0,0,0.023032,0.999162,logprobs,Alibaba
5579,29,179,0,0,0,0.037432,0.99958,logprobs,Alibaba
5580,27,-179,0,0,0,0.033192,0.999445,logprobs,Alibaba
5581,27,-177,0,0,0,0.014101,0.999575,logprobs,Alibaba
5582,27,-175,0,0,0,0.016043,0.999541,logprobs,Alibaba
5583,27,-173,0,0,0,0.014167,0.999445,logprobs,Alibaba
5584,27,-171,0,0,0,0.023126,0.999053,logprobs,Alibaba
5585,27,-169,0,0,0,0.018103,0.999074,logprobs,Alibaba
5586,27,-167,0,0,0,0.011084,0.999387,logprobs,Alibaba
5587,27,-165,0,0,0,0.007609,0.999551,logprobs,Alibaba
5588,27,-163,0,0,0,0.004115,0.99956,logprobs,Alibaba
5589,27,-161,0,0,0,0.008568,0.999287,logprobs,Alibaba
5590,27,-159,0,0,0,0.047582,0.998747,logprobs,Alibaba
5591,27,-157,0,0,0,0.047799,0.998189,logprobs,Alibaba
5592,27,-155,0,0,0,0.060351,0.999108,logprobs,Alibaba
5593,27,-153,0,0,0,0.009746,0.999169,logprobs,Alibaba
5594,27,-151,0,0,0,0.010968,0.998338,logprobs,Alibaba
5595,27,-149,0,0,0,0.060304,0.99306,logprobs,Alibaba
5596,27,-147,0,0,0,0.004605,0.999271,logprobs,Alibaba
5597,27,-145,0,0,0,0.003166,0.99956,logprobs,Alibaba
5598,27,-143,0,0,0,0.00247,0.999685,logprobs,Alibaba
5599,27,-141,0,0,0,0.003164,0.999629,logprobs,Alibaba
5600,27,-139,0,0,0,0.006763,0.999388,logprobs,Alibaba
5601,27,-137,0,0,0,0.011021,0.999394,logprobs,Alibaba
5602,27,-135,0,0,0,0.0032,0.999488,logprobs,Alibaba
5603,27,-133,0,0,0,0.005255,0.99949,logprobs,Alibaba
5604,27,-131,0,0,0,0.002179,0.999777,logprobs,Alibaba
5605,27,-129,0,0,0,0.001498,0.999706,logprobs,Alibaba
5606,27,-127,0,0,0,0.001924,0.999807,logprobs,Alibaba
5607,27,-125,0,0,0,0.00091,0.999805,logprobs,Alibaba
5608,27,-123,0,0,0,0.003166,0.999636,logprobs,Alibaba
5609,27,-121,0,0,1,0.777459,0.999336,logprobs,Alibaba
5610,27,-119,0,0,1,0.979675,0.999753,logprobs,Alibaba
5611,27,-117,0,0,1,0.89338,0.999523,logprobs,Alibaba
5612,27,-115,0,0,1,0.932503,0.999577,logprobs,Alibaba
5613,27,-113,1,1,1,0.880985,0.99944,logprobs,Alibaba
5614,27,-111,0,0,0,0.295261,0.99932,logprobs,Alibaba
5615,27,-109,1,1,1,0.85207,0.999383,logprobs,Alibaba
5616,27,-107,1,1,1,0.982026,0.999711,logprobs,Alibaba
5617,27,-105,1,1,1,0.994791,0.999849,logprobs,Alibaba
5618,27,-103,1,1,1,0.993318,0.999767,logprobs,Alibaba
5619,27,-101,1,1,1,0.987572,0.999832,logprobs,Alibaba
5620,27,-99,1,1,1,0.962703,0.999656,logprobs,Alibaba
5621,27,-97,0,0,1,0.777628,0.999475,logprobs,Alibaba
5622,27,-95,0,0,0,0.037395,0.999661,logprobs,Alibaba
5623,27,-93,0,0,0,0.006722,0.999873,logprobs,Alibaba
5624,27,-91,0,0,0,0.005944,0.999857,logprobs,Alibaba
5625,27,-89,0,0,0,0.012482,0.999688,logprobs,Alibaba
5626,27,-87,0,0,0,0.009809,0.99973,logprobs,Alibaba
5627,27,-85,0,0,0,0.349449,0.999218,logprobs,Alibaba
5628,27,-83,0,0,0,0.294457,0.999313,logprobs,Alibaba
5629,27,-81,1,0,1,0.924245,0.999598,logprobs,Alibaba
5630,27,-79,0,0,0,0.18279,0.996648,logprobs,Alibaba
5631,27,-77,0,0,0,0.053542,0.999499,logprobs,Alibaba
5632,27,-75,0,0,0,0.026002,0.999276,logprobs,Alibaba
5633,27,-73,0,0,0,0.377842,0.99934,logprobs,Alibaba
5634,27,-71,0,0,0,0.023054,0.999153,logprobs,Alibaba
5635,27,-69,0,0,0,0.148432,0.995818,logprobs,Alibaba
5636,27,-67,0,0,0,0.202317,0.998498,logprobs,Alibaba
5637,27,-65,0,0,0,0.015965,0.998831,logprobs,Alibaba
5638,27,-63,0,0,0,0.008615,0.999523,logprobs,Alibaba
5639,27,-61,0,0,0,0.009751,0.999516,logprobs,Alibaba
5640,27,-59,0,0,0,0.018054,0.997934,logprobs,Alibaba
5641,27,-57,0,0,0,0.407859,0.999023,logprobs,Alibaba
5642,27,-55,0,0,1,0.562779,0.999013,logprobs,Alibaba
5643,27,-53,0,0,1,0.75527,0.999332,logprobs,Alibaba
5644,27,-51,0,0,0,0.037434,0.998717,logprobs,Alibaba
5645,27,-49,0,0,0,0.37808,0.996567,logprobs,Alibaba
5646,27,-47,0,0,0,0.060278,0.997429,logprobs,Alibaba
5647,27,-45,0,0,0,0.001498,0.99949,logprobs,Alibaba
5648,27,-43,0,0,0,0.01595,0.998564,logprobs,Alibaba
5649,27,-41,0,0,0,0.029467,0.996091,logprobs,Alibaba
5650,27,-39,0,0,0,0.010977,0.999189,logprobs,Alibaba
5651,27,-37,0,0,0,0.014178,0.999323,logprobs,Alibaba
5652,27,-35,0,0,0,0.018165,0.99875,logprobs,Alibaba
5653,27,-33,0,0,0,0.469476,0.992446,logprobs,Alibaba
5654,27,-31,0,0,1,0.893457,0.999212,logprobs,Alibaba
5655,27,-29,0,0,1,0.798611,0.99895,logprobs,Alibaba
5656,27,-27,0,0,1,0.798478,0.999275,logprobs,Alibaba
5657,27,-25,0,0,1,0.89345,0.999352,logprobs,Alibaba
5658,27,-23,0,0,1,0.966967,0.999559,logprobs,Alibaba
5659,27,-21,0,0,1,0.939969,0.999597,logprobs,Alibaba
5660,27,-19,0,0,1,0.86778,0.999283,logprobs,Alibaba
5661,27,-17,0,0,0,0.378187,0.991194,logprobs,Alibaba
5662,27,-15,0,0,0,0.408518,0.995818,logprobs,Alibaba
5663,27,-13,1,1,1,0.777536,0.998914,logprobs,Alibaba
5664,27,-11,1,1,0,0.37854,0.986104,logprobs,Alibaba
5665,27,-9,1,1,0,0.246159,0.981536,logprobs,Alibaba
5666,27,-7,1,1,0,0.202866,0.984579,logprobs,Alibaba
5667,27,-5,1,1,0,0.295155,0.982622,logprobs,Alibaba
5668,27,-3,1,1,1,0.915023,0.99961,logprobs,Alibaba
5669,27,-1,1,1,1,0.852041,0.999313,logprobs,Alibaba
5670,27,1,1,1,1,0.952625,0.999679,logprobs,Alibaba
5671,27,3,1,1,1,0.970701,0.999659,logprobs,Alibaba
5672,27,5,1,1,1,0.977032,0.999743,logprobs,Alibaba
5673,27,7,1,1,1,0.96272,0.999735,logprobs,Alibaba
5674,27,9,1,1,1,0.974103,0.999702,logprobs,Alibaba
5675,27,11,1,1,1,0.946668,0.999398,logprobs,Alibaba
5676,27,13,1,1,1,0.946786,0.999628,logprobs,Alibaba
5677,27,15,1,1,1,0.939997,0.999555,logprobs,Alibaba
5678,27,17,1,1,1,0.904891,0.999284,logprobs,Alibaba
5679,27,19,1,1,1,0.966944,0.999537,logprobs,Alibaba
5680,27,21,1,1,1,0.952602,0.999682,logprobs,Alibaba
5681,27,23,1,1,1,0.957938,0.999653,logprobs,Alibaba
5682,27,25,1,1,1,0.651907,0.999221,logprobs,Alibaba
5683,27,27,1,1,1,0.798412,0.999377,logprobs,Alibaba
5684,27,29,1,1,1,0.939937,0.999587,logprobs,Alibaba
5685,27,31,1,1,1,0.957933,0.999395,logprobs,Alibaba
5686,27,33,1,1,1,0.880959,0.999394,logprobs,Alibaba
5687,27,35,0,0,1,0.893423,0.999522,logprobs,Alibaba
5688,27,37,1,1,1,0.970697,0.999705,logprobs,Alibaba
5689,27,39,1,1,1,0.946632,0.999558,logprobs,Alibaba
5690,27,41,1,1,1,0.977036,0.999802,logprobs,Alibaba
5691,27,43,1,1,1,0.966922,0.999718,logprobs,Alibaba
5692,27,45,1,1,1,0.974045,0.999682,logprobs,Alibaba
5693,27,47,1,1,1,0.946609,0.999556,logprobs,Alibaba
5694,27,49,1,1,1,0.904741,0.99949,logprobs,Alibaba
5695,27,51,0,0,1,0.755322,0.999455,logprobs,Alibaba
5696,27,53,0,0,1,0.817661,0.999331,logprobs,Alibaba
5697,27,55,1,1,1,0.777586,0.999326,logprobs,Alibaba
5698,27,57,1,1,1,0.593124,0.99896,logprobs,Alibaba
5699,27,59,1,1,1,0.798355,0.999173,logprobs,Alibaba
5700,27,61,1,1,1,0.835684,0.999209,logprobs,Alibaba
5701,27,63,1,1,1,0.777433,0.999448,logprobs,Alibaba
5702,27,65,1,1,1,0.957979,0.999698,logprobs,Alibaba
5703,27,67,1,1,1,0.932504,0.999663,logprobs,Alibaba
5704,27,69,1,1,1,0.962688,0.999622,logprobs,Alibaba
5705,27,71,1,1,1,0.939946,0.999563,logprobs,Alibaba
5706,27,73,1,1,1,0.970705,0.999738,logprobs,Alibaba
5707,27,75,1,1,1,0.984105,0.999683,logprobs,Alibaba
5708,27,77,1,1,1,0.984109,0.999773,logprobs,Alibaba
5709,27,79,1,1,1,0.977036,0.999767,logprobs,Alibaba
5710,27,81,1,1,1,0.96269,0.999632,logprobs,Alibaba
5711,27,83,1,1,1,0.946648,0.999537,logprobs,Alibaba
5712,27,85,1,1,1,0.989015,0.999744,logprobs,Alibaba
5713,27,87,1,1,1,0.962709,0.999694,logprobs,Alibaba
5714,27,89,1,1,1,0.939972,0.999603,logprobs,Alibaba
5715,27,91,1,1,1,0.946622,0.999692,logprobs,Alibaba
5716,27,93,1,1,1,0.946655,0.999552,logprobs,Alibaba
5717,27,95,1,1,1,0.946623,0.999691,logprobs,Alibaba
5718,27,97,1,1,1,0.904712,0.999628,logprobs,Alibaba
5719,27,99,1,1,1,0.982024,0.999785,logprobs,Alibaba
5720,27,101,1,1,1,0.982025,0.999817,logprobs,Alibaba
5721,27,103,1,1,1,0.984114,0.999709,logprobs,Alibaba
5722,27,105,1,1,1,0.990306,0.999834,logprobs,Alibaba
5723,27,107,1,1,1,0.985945,0.999796,logprobs,Alibaba
5724,27,109,1,1,1,0.992442,0.999862,logprobs,Alibaba
5725,27,111,1,1,1,0.984118,0.999776,logprobs,Alibaba
5726,27,113,1,1,1,0.987577,0.999817,logprobs,Alibaba
5727,27,115,1,1,1,0.982022,0.999739,logprobs,Alibaba
5728,27,117,1,1,1,0.979674,0.999717,logprobs,Alibaba
5729,27,119,1,1,1,0.979674,0.999816,logprobs,Alibaba
5730,27,121,0,0,1,0.798381,0.999263,logprobs,Alibaba
5731,27,123,0,0,0,0.014135,0.999598,logprobs,Alibaba
5732,27,125,0,0,0,0.012497,0.999548,logprobs,Alibaba
5733,27,127,0,0,0,0.060377,0.99931,logprobs,Alibaba
5734,27,129,0,0,0,0.014092,0.999589,logprobs,Alibaba
5735,27,131,0,0,0,0.023064,0.999129,logprobs,Alibaba
5736,27,133,0,0,0,0.053566,0.999399,logprobs,Alibaba
5737,27,135,0,0,0,0.014054,0.999479,logprobs,Alibaba
5738,27,137,0,0,0,0.295395,0.998811,logprobs,Alibaba
5739,27,139,0,0,0,0.076018,0.999594,logprobs,Alibaba
5740,27,141,0,0,0,0.008608,0.999335,logprobs,Alibaba
5741,27,143,0,0,0,0.009742,0.999417,logprobs,Alibaba
5742,27,145,0,0,0,0.01594,0.999271,logprobs,Alibaba
5743,27,147,0,0,0,0.008624,0.999537,logprobs,Alibaba
5744,27,149,0,0,0,0.011076,0.999298,logprobs,Alibaba
5745,27,151,0,0,0,0.037549,0.998567,logprobs,Alibaba
5746,27,153,0,0,0,0.020481,0.999046,logprobs,Alibaba
5747,27,155,0,0,0,0.015975,0.99906,logprobs,Alibaba
5748,27,157,0,0,0,0.012484,0.998761,logprobs,Alibaba
5749,27,159,0,0,0,0.018059,0.999031,logprobs,Alibaba
5750,27,161,0,0,0,0.014106,0.999412,logprobs,Alibaba
5751,27,163,0,0,0,0.014177,0.999508,logprobs,Alibaba
5752,27,165,0,0,0,0.0261,0.999225,logprobs,Alibaba
5753,27,167,0,0,0,0.053652,0.99814,logprobs,Alibaba
5754,27,169,0,0,0,0.018052,0.998485,logprobs,Alibaba
5755,27,171,0,0,0,0.012504,0.999197,logprobs,Alibaba
5756,27,173,0,0,0,0.011035,0.999485,logprobs,Alibaba
5757,27,175,0,0,0,0.012472,0.999521,logprobs,Alibaba
5758,27,177,0,0,0,0.014136,0.999558,logprobs,Alibaba
5759,27,179,0,0,0,0.076047,0.999093,logprobs,Alibaba
5760,25,-179,0,0,0,0.047792,0.999499,logprobs,Alibaba
5761,25,-177,0,0,0,0.008602,0.999477,logprobs,Alibaba
5762,25,-175,0,0,0,0.008608,0.9996,logprobs,Alibaba
5763,25,-173,0,0,0,0.018033,0.999619,logprobs,Alibaba
5764,25,-171,0,0,0,0.007639,0.999667,logprobs,Alibaba
5765,25,-169,0,0,0,0.01252,0.999521,logprobs,Alibaba
5766,25,-167,0,0,0,0.015995,0.99957,logprobs,Alibaba
5767,25,-165,0,0,0,0.004644,0.999659,logprobs,Alibaba
5768,25,-163,0,0,0,0.005906,0.99968,logprobs,Alibaba
5769,25,-161,0,0,0,0.016021,0.998836,logprobs,Alibaba
5770,25,-159,0,0,0,0.060207,0.997977,logprobs,Alibaba
5771,25,-157,0,0,0,0.085667,0.998502,logprobs,Alibaba
5772,25,-155,0,0,0,0.107014,0.999381,logprobs,Alibaba
5773,25,-153,0,0,0,0.007634,0.998998,logprobs,Alibaba
5774,25,-151,0,0,0,0.012491,0.999412,logprobs,Alibaba
5775,25,-149,0,0,0,0.047784,0.997335,logprobs,Alibaba
5776,25,-147,0,0,0,0.005934,0.999552,logprobs,Alibaba
5777,25,-145,0,0,0,0.008611,0.999589,logprobs,Alibaba
5778,25,-143,0,0,0,0.005956,0.999703,logprobs,Alibaba
5779,25,-141,0,0,0,0.005939,0.999643,logprobs,Alibaba
5780,25,-139,0,0,0,0.00218,0.99975,logprobs,Alibaba
5781,25,-137,0,0,0,0.003587,0.999616,logprobs,Alibaba
5782,25,-135,0,0,0,0.002823,0.999524,logprobs,Alibaba
5783,25,-133,0,0,0,0.006737,0.999221,logprobs,Alibaba
5784,25,-131,0,0,0,0.003617,0.999827,logprobs,Alibaba
5785,25,-129,0,0,0,0.00526,0.999724,logprobs,Alibaba
5786,25,-127,0,0,0,0.001168,0.999797,logprobs,Alibaba
5787,25,-125,0,0,0,0.002798,0.999808,logprobs,Alibaba
5788,25,-123,0,0,0,0.014097,0.999319,logprobs,Alibaba
5789,25,-121,0,0,0,0.438262,0.998238,logprobs,Alibaba
5790,25,-119,0,0,1,0.852055,0.999244,logprobs,Alibaba
5791,25,-117,0,0,1,0.652033,0.995772,logprobs,Alibaba
5792,25,-115,0,0,1,0.756246,0.99935,logprobs,Alibaba
5793,25,-113,0,0,1,0.623246,0.999191,logprobs,Alibaba
5794,25,-111,1,1,1,0.706409,0.999386,logprobs,Alibaba
5795,25,-109,0,0,0,0.223484,0.999143,logprobs,Alibaba
5796,25,-107,1,1,1,0.731752,0.998647,logprobs,Alibaba
5797,25,-105,1,1,1,0.835894,0.999115,logprobs,Alibaba
5798,25,-103,1,1,1,0.992447,0.999851,logprobs,Alibaba
5799,25,-101,1,1,1,0.998077,0.99989,logprobs,Alibaba
5800,25,-99,1,1,1,0.990298,0.999802,logprobs,Alibaba
5801,25,-97,0,0,1,0.706236,0.999233,logprobs,Alibaba
5802,25,-95,0,0,0,0.202068,0.999433,logprobs,Alibaba
5803,25,-93,0,0,0,0.085284,0.999572,logprobs,Alibaba
5804,25,-91,0,0,0,0.005935,0.999841,logprobs,Alibaba
5805,25,-89,0,0,0,0.003619,0.99982,logprobs,Alibaba
5806,25,-87,0,0,0,0.037559,0.999535,logprobs,Alibaba
5807,25,-85,0,0,0,0.076276,0.999633,logprobs,Alibaba
5808,25,-83,0,0,0,0.202547,0.999188,logprobs,Alibaba
5809,25,-81,0,0,0,0.076367,0.999703,logprobs,Alibaba
5810,25,-79,0,0,0,0.053755,0.999705,logprobs,Alibaba
5811,25,-77,0,0,0,0.1486,0.999583,logprobs,Alibaba
5812,25,-75,0,0,0,0.067686,0.999062,logprobs,Alibaba
5813,25,-73,0,0,0,0.026062,0.999341,logprobs,Alibaba
5814,25,-71,0,0,0,0.085398,0.998704,logprobs,Alibaba
5815,25,-69,0,0,0,0.026059,0.999377,logprobs,Alibaba
5816,25,-67,0,0,0,0.03764,0.999033,logprobs,Alibaba
5817,25,-65,0,0,0,0.006676,0.999426,logprobs,Alibaba
5818,25,-63,0,0,0,0.015959,0.999552,logprobs,Alibaba
5819,25,-61,0,0,0,0.014188,0.999353,logprobs,Alibaba
5820,25,-59,0,0,0,0.023105,0.998204,logprobs,Alibaba
5821,25,-57,0,0,1,0.623006,0.998959,logprobs,Alibaba
5822,25,-55,0,0,0,0.106921,0.997468,logprobs,Alibaba
5823,25,-53,0,0,1,0.531496,0.998974,logprobs,Alibaba
5824,25,-51,0,0,1,0.53243,0.998993,logprobs,Alibaba
5825,25,-49,0,0,0,0.294536,0.997902,logprobs,Alibaba
5826,25,-47,0,0,0,0.037399,0.997939,logprobs,Alibaba
5827,25,-45,0,0,0,0.003587,0.999405,logprobs,Alibaba
5828,25,-43,0,0,0,0.009802,0.999258,logprobs,Alibaba
5829,25,-41,0,0,0,0.007615,0.998032,logprobs,Alibaba
5830,25,-39,0,0,0,0.018036,0.998458,logprobs,Alibaba
5831,25,-37,0,0,0,0.009811,0.999144,logprobs,Alibaba
5832,25,-35,0,0,0,0.033272,0.997908,logprobs,Alibaba
5833,25,-33,0,0,0,0.321548,0.982875,logprobs,Alibaba
5834,25,-31,0,0,1,0.706324,0.997866,logprobs,Alibaba
5835,25,-29,0,0,1,0.755194,0.998057,logprobs,Alibaba
5836,25,-27,0,0,1,0.893363,0.999437,logprobs,Alibaba
5837,25,-25,0,0,1,0.798539,0.999394,logprobs,Alibaba
5838,25,-23,0,0,1,0.97413,0.999535,logprobs,Alibaba
5839,25,-21,0,0,1,0.915018,0.999521,logprobs,Alibaba
5840,25,-19,0,0,1,0.880985,0.999458,logprobs,Alibaba
5841,25,-17,0,0,1,0.652732,0.998167,logprobs,Alibaba
5842,25,-15,0,0,0,0.408185,0.990435,logprobs,Alibaba
5843,25,-13,1,1,0,0.245483,0.991642,logprobs,Alibaba
5844,25,-11,1,1,0,0.165319,0.981982,logprobs,Alibaba
5845,25,-9,1,1,0,0.18279,0.974918,logprobs,Alibaba
5846,25,-7,1,1,0,0.349025,0.979446,logprobs,Alibaba
5847,25,-5,1,1,0,0.076451,0.987526,logprobs,Alibaba
5848,25,-3,1,1,1,0.706191,0.999406,logprobs,Alibaba
5849,25,-1,1,1,1,0.835628,0.999599,logprobs,Alibaba
5850,25,1,1,1,1,0.957958,0.999759,logprobs,Alibaba
5851,25,3,1,1,1,0.932688,0.999562,logprobs,Alibaba
5852,25,5,1,1,1,0.95797,0.999726,logprobs,Alibaba
5853,25,7,1,1,1,0.974089,0.999648,logprobs,Alibaba
5854,25,9,1,1,1,0.977042,0.999753,logprobs,Alibaba
5855,25,11,1,1,1,0.962685,0.999661,logprobs,Alibaba
5856,25,13,1,1,1,0.966947,0.999652,logprobs,Alibaba
5857,25,15,1,1,1,0.970701,0.999535,logprobs,Alibaba
5858,25,17,1,1,1,0.952616,0.999496,logprobs,Alibaba
5859,25,19,1,1,1,0.952632,0.999478,logprobs,Alibaba
5860,25,21,1,1,1,0.924206,0.999308,logprobs,Alibaba
5861,25,23,1,1,1,0.932558,0.999312,logprobs,Alibaba
5862,25,25,1,1,1,0.904715,0.999405,logprobs,Alibaba
5863,25,27,1,1,1,0.798297,0.9992,logprobs,Alibaba
5864,25,29,1,1,1,0.914963,0.999395,logprobs,Alibaba
5865,25,31,1,1,1,0.95266,0.99937,logprobs,Alibaba
5866,25,33,1,1,1,0.946642,0.999563,logprobs,Alibaba
5867,25,35,0,0,1,0.817776,0.999395,logprobs,Alibaba
5868,25,37,0,0,1,0.932492,0.999617,logprobs,Alibaba
5869,25,39,1,1,1,0.957965,0.999627,logprobs,Alibaba
5870,25,41,1,1,1,0.939953,0.999598,logprobs,Alibaba
5871,25,43,1,1,1,0.924168,0.999462,logprobs,Alibaba
5872,25,45,1,1,1,0.957926,0.999644,logprobs,Alibaba
5873,25,47,1,1,1,0.96272,0.999475,logprobs,Alibaba
5874,25,49,1,1,1,0.86714,0.999249,logprobs,Alibaba
5875,25,51,1,1,1,0.924192,0.99963,logprobs,Alibaba
5876,25,53,0,0,1,0.867202,0.999588,logprobs,Alibaba
5877,25,55,0,0,1,0.835735,0.999298,logprobs,Alibaba
5878,25,57,0,0,1,0.731272,0.999,logprobs,Alibaba
5879,25,59,0,0,1,0.50045,0.999147,logprobs,Alibaba
5880,25,61,0,0,0,0.407765,0.999026,logprobs,Alibaba
5881,25,63,0,0,0,0.438385,0.999067,logprobs,Alibaba
5882,25,65,0,0,1,0.880893,0.999571,logprobs,Alibaba
5883,25,67,1,1,1,0.932527,0.999611,logprobs,Alibaba
5884,25,69,1,1,1,0.852101,0.999404,logprobs,Alibaba
5885,25,71,1,1,1,0.679574,0.99884,logprobs,Alibaba
5886,25,73,1,1,1,0.96271,0.999656,logprobs,Alibaba
5887,25,75,1,1,1,0.970711,0.999701,logprobs,Alibaba
5888,25,77,1,1,0,0.349534,0.999267,logprobs,Alibaba
5889,25,79,1,1,1,0.966951,0.999753,logprobs,Alibaba
5890,25,81,1,1,1,0.914937,0.99957,logprobs,Alibaba
5891,25,83,1,1,1,0.9707,0.999639,logprobs,Alibaba
5892,25,85,1,1,1,0.962691,0.999655,logprobs,Alibaba
5893,25,87,1,1,1,0.867168,0.999367,logprobs,Alibaba
5894,25,89,1,1,1,0.932486,0.999613,logprobs,Alibaba
5895,25,91,1,1,1,0.904728,0.99948,logprobs,Alibaba
5896,25,93,1,1,1,0.966934,0.99972,logprobs,Alibaba
5897,25,95,1,1,1,0.970694,0.999657,logprobs,Alibaba
5898,25,97,1,1,1,0.852115,0.99949,logprobs,Alibaba
5899,25,99,1,1,1,0.95265,0.99955,logprobs,Alibaba
5900,25,101,1,1,1,0.979674,0.999769,logprobs,Alibaba
5901,25,103,1,1,1,0.982023,0.999759,logprobs,Alibaba
5902,25,105,1,1,1,0.982023,0.999795,logprobs,Alibaba
5903,25,107,1,1,1,0.979696,0.999732,logprobs,Alibaba
5904,25,109,1,1,1,0.977065,0.999769,logprobs,Alibaba
5905,25,111,1,1,1,0.962696,0.999713,logprobs,Alibaba
5906,25,113,1,1,1,0.989028,0.999846,logprobs,Alibaba
5907,25,115,1,1,1,0.835642,0.999257,logprobs,Alibaba
5908,25,117,1,1,1,0.962701,0.9997,logprobs,Alibaba
5909,25,119,0,0,1,0.651676,0.999143,logprobs,Alibaba
5910,25,121,0,0,1,0.867118,0.999382,logprobs,Alibaba
5911,25,123,0,0,0,0.029406,0.999588,logprobs,Alibaba
5912,25,125,0,0,0,0.015947,0.999511,logprobs,Alibaba
5913,25,127,0,0,0,0.009727,0.999697,logprobs,Alibaba
5914,25,129,0,0,0,0.023034,0.999423,logprobs,Alibaba
5915,25,131,0,0,0,0.006687,0.999688,logprobs,Alibaba
5916,25,133,0,0,0,0.408917,0.999078,logprobs,Alibaba
5917,25,135,0,0,0,0.005215,0.999679,logprobs,Alibaba
5918,25,137,0,0,0,0.026134,0.999193,logprobs,Alibaba
5919,25,139,0,0,0,0.033161,0.999564,logprobs,Alibaba
5920,25,141,0,0,0,0.009774,0.999611,logprobs,Alibaba
5921,25,143,0,0,0,0.018041,0.999447,logprobs,Alibaba
5922,25,145,0,0,0,0.007566,0.999323,logprobs,Alibaba
5923,25,147,0,0,0,0.008567,0.999242,logprobs,Alibaba
5924,25,149,0,0,0,0.037414,0.998375,logprobs,Alibaba
5925,25,151,0,0,0,0.026008,0.99885,logprobs,Alibaba
5926,25,153,0,0,0,0.00757,0.999321,logprobs,Alibaba
5927,25,155,0,0,0,0.023178,0.99929,logprobs,Alibaba
5928,25,157,0,0,0,0.016003,0.999188,logprobs,Alibaba
5929,25,159,0,0,0,0.015973,0.998736,logprobs,Alibaba
5930,25,161,0,0,0,0.018066,0.999252,logprobs,Alibaba
5931,25,163,0,0,0,0.012482,0.999311,logprobs,Alibaba
5932,25,165,0,0,0,0.008645,0.999411,logprobs,Alibaba
5933,25,167,0,0,0,0.016016,0.999361,logprobs,Alibaba
5934,25,169,0,0,0,0.016016,0.999309,logprobs,Alibaba
5935,25,171,0,0,0,0.020445,0.999293,logprobs,Alibaba
5936,25,173,0,0,0,0.029553,0.998645,logprobs,Alibaba
5937,25,175,0,0,0,0.012467,0.999306,logprobs,Alibaba
5938,25,177,0,0,0,0.014133,0.99953,logprobs,Alibaba
5939,25,179,0,0,0,0.06765,0.998883,logprobs,Alibaba
5940,23,-179,0,0,0,0.020412,0.999568,logprobs,Alibaba
5941,23,-177,0,0,0,0.008611,0.999593,logprobs,Alibaba
5942,23,-175,0,0,0,0.012469,0.999457,logprobs,Alibaba
5943,23,-173,0,0,0,0.007618,0.999622,logprobs,Alibaba
5944,23,-171,0,0,0,0.011026,0.999534,logprobs,Alibaba
5945,23,-169,0,0,0,0.0181,0.999208,logprobs,Alibaba
5946,23,-167,0,0,0,0.011051,0.999411,logprobs,Alibaba
5947,23,-165,0,0,0,0.006741,0.999557,logprobs,Alibaba
5948,23,-163,0,0,0,0.007608,0.999554,logprobs,Alibaba
5949,23,-161,0,0,0,0.008618,0.9997,logprobs,Alibaba
5950,23,-159,0,0,0,0.067735,0.998487,logprobs,Alibaba
5951,23,-157,0,0,0,0.053671,0.9983,logprobs,Alibaba
5952,23,-155,0,0,0,0.026012,0.999237,logprobs,Alibaba
5953,23,-153,0,0,0,0.005247,0.999316,logprobs,Alibaba
5954,23,-151,0,0,0,0.014125,0.999514,logprobs,Alibaba
5955,23,-149,0,0,0,0.053707,0.997675,logprobs,Alibaba
5956,23,-147,0,0,0,0.005954,0.999507,logprobs,Alibaba
5957,23,-145,0,0,0,0.003637,0.999729,logprobs,Alibaba
5958,23,-143,0,0,0,0.003202,0.99956,logprobs,Alibaba
5959,23,-141,0,0,0,0.002178,0.999535,logprobs,Alibaba
5960,23,-139,0,0,0,0.003168,0.999672,logprobs,Alibaba
5961,23,-137,0,0,0,0.005275,0.999407,logprobs,Alibaba
5962,23,-135,0,0,0,0.005265,0.999432,logprobs,Alibaba
5963,23,-133,0,0,0,0.004103,0.999267,logprobs,Alibaba
5964,23,-131,0,0,0,0.002797,0.999627,logprobs,Alibaba
5965,23,-129,0,0,0,0.001323,0.999737,logprobs,Alibaba
5966,23,-127,0,0,0,0.00091,0.999696,logprobs,Alibaba
5967,23,-125,0,0,0,0.001167,0.999795,logprobs,Alibaba
5968,23,-123,0,0,0,0.002795,0.999705,logprobs,Alibaba
5969,23,-121,0,0,0,0.095664,0.997748,logprobs,Alibaba
5970,23,-119,0,0,0,0.07637,0.995564,logprobs,Alibaba
5971,23,-117,0,0,1,0.594323,0.996652,logprobs,Alibaba
5972,23,-115,0,0,0,0.10793,0.999281,logprobs,Alibaba
5973,23,-113,0,0,1,0.96694,0.999686,logprobs,Alibaba
5974,23,-111,0,0,1,0.755952,0.999315,logprobs,Alibaba
5975,23,-109,0,0,0,0.438937,0.999165,logprobs,Alibaba
5976,23,-107,0,0,1,0.777865,0.99933,logprobs,Alibaba
5977,23,-105,1,1,1,0.957948,0.999657,logprobs,Alibaba
5978,23,-103,1,1,1,0.997834,0.999852,logprobs,Alibaba
5979,23,-101,1,1,1,0.998678,0.999883,logprobs,Alibaba
5980,23,-99,1,1,1,0.985944,0.999799,logprobs,Alibaba
5981,23,-97,0,0,1,0.835584,0.999393,logprobs,Alibaba
5982,23,-95,0,0,1,0.622813,0.999082,logprobs,Alibaba
5983,23,-93,0,0,0,0.269509,0.99894,logprobs,Alibaba
5984,23,-91,0,0,0,0.067716,0.999627,logprobs,Alibaba
5985,23,-89,0,0,0,0.015947,0.999739,logprobs,Alibaba
5986,23,-87,0,0,0,0.037559,0.999486,logprobs,Alibaba
5987,23,-85,0,0,0,0.060332,0.999552,logprobs,Alibaba
5988,23,-83,1,1,0,0.085483,0.99922,logprobs,Alibaba
5989,23,-81,1,1,0,0.107014,0.999379,logprobs,Alibaba
5990,23,-79,0,0,0,0.148765,0.999406,logprobs,Alibaba
5991,23,-77,0,0,0,0.246137,0.99917,logprobs,Alibaba
5992,23,-75,0,0,0,0.469478,0.99663,logprobs,Alibaba
5993,23,-73,0,0,0,0.119614,0.997156,logprobs,Alibaba
5994,23,-71,0,0,0,0.245867,0.998436,logprobs,Alibaba
5995,23,-69,0,0,0,0.107006,0.998927,logprobs,Alibaba
5996,23,-67,0,0,0,0.076413,0.998173,logprobs,Alibaba
5997,23,-65,0,0,0,0.029511,0.999106,logprobs,Alibaba
5998,23,-63,0,0,0,0.085391,0.999279,logprobs,Alibaba
5999,23,-61,0,0,0,0.018064,0.999469,logprobs,Alibaba
6000,23,-59,0,0,0,0.119789,0.996629,logprobs,Alibaba
6001,23,-57,0,0,1,0.817752,0.999391,logprobs,Alibaba
6002,23,-55,0,0,0,0.107073,0.998622,logprobs,Alibaba
6003,23,-53,0,0,1,0.731359,0.999021,logprobs,Alibaba
6004,23,-51,0,0,1,0.914974,0.999543,logprobs,Alibaba
6005,23,-49,0,0,1,0.952634,0.999705,logprobs,Alibaba
6006,23,-47,0,0,1,0.932525,0.999586,logprobs,Alibaba
6007,23,-45,0,0,0,0.245782,0.994537,logprobs,Alibaba
6008,23,-43,0,0,1,0.531778,0.998793,logprobs,Alibaba
6009,23,-41,0,0,0,0.037409,0.997704,logprobs,Alibaba
6010,23,-39,0,0,0,0.096073,0.993154,logprobs,Alibaba
6011,23,-37,0,0,0,0.042218,0.997061,logprobs,Alibaba
6012,23,-35,0,0,0,0.014185,0.998219,logprobs,Alibaba
6013,23,-33,0,0,0,0.378011,0.997502,logprobs,Alibaba
6014,23,-31,0,0,1,0.81787,0.999386,logprobs,Alibaba
6015,23,-29,0,0,1,0.706768,0.998621,logprobs,Alibaba
6016,23,-27,0,0,1,0.817783,0.999272,logprobs,Alibaba
6017,23,-25,0,0,1,0.893466,0.999375,logprobs,Alibaba
6018,23,-23,0,0,1,0.939979,0.999559,logprobs,Alibaba
6019,23,-21,0,0,1,0.939978,0.999493,logprobs,Alibaba
6020,23,-19,0,0,1,0.924186,0.999474,logprobs,Alibaba
6021,23,-17,0,0,1,0.706552,0.999208,logprobs,Alibaba
6022,23,-15,1,1,1,0.706516,0.999282,logprobs,Alibaba
6023,23,-13,1,1,1,0.562926,0.995911,logprobs,Alibaba
6024,23,-11,1,1,0,0.469408,0.992355,logprobs,Alibaba
6025,23,-9,1,1,0,0.408122,0.986786,logprobs,Alibaba
6026,23,-7,1,1,1,0.53167,0.994506,logprobs,Alibaba
6027,23,-5,1,1,0,0.438407,0.996757,logprobs,Alibaba
6028,23,-3,1,1,1,0.835903,0.999422,logprobs,Alibaba
6029,23,-1,1,1,1,0.940028,0.999544,logprobs,Alibaba
6030,23,1,1,1,1,0.962699,0.999708,logprobs,Alibaba
6031,23,3,1,1,1,0.952622,0.999605,logprobs,Alibaba
6032,23,5,1,1,1,0.957937,0.999574,logprobs,Alibaba
6033,23,7,1,1,1,0.958004,0.999627,logprobs,Alibaba
6034,23,9,1,1,1,0.98597,0.999747,logprobs,Alibaba
6035,23,11,1,1,1,0.97704,0.999758,logprobs,Alibaba
6036,23,13,1,1,1,0.977061,0.999565,logprobs,Alibaba
6037,23,15,1,1,1,0.970711,0.999703,logprobs,Alibaba
6038,23,17,1,1,1,0.932497,0.999411,logprobs,Alibaba
6039,23,19,1,1,1,0.96271,0.999534,logprobs,Alibaba
6040,23,21,1,1,1,0.939945,0.99941,logprobs,Alibaba
6041,23,23,1,1,1,0.83572,0.999478,logprobs,Alibaba
6042,23,25,1,1,1,0.852007,0.999326,logprobs,Alibaba
6043,23,27,1,1,1,0.880884,0.999324,logprobs,Alibaba
6044,23,29,1,1,1,0.924194,0.999443,logprobs,Alibaba
6045,23,31,1,1,1,0.957972,0.999614,logprobs,Alibaba
6046,23,33,1,1,1,0.904752,0.999379,logprobs,Alibaba
6047,23,35,1,1,1,0.939945,0.999534,logprobs,Alibaba
6048,23,37,0,0,1,0.924256,0.9996,logprobs,Alibaba
6049,23,39,1,1,1,0.939939,0.999685,logprobs,Alibaba
6050,23,41,1,1,1,0.915071,0.999408,logprobs,Alibaba
6051,23,43,1,1,1,0.95792,0.999648,logprobs,Alibaba
6052,23,45,1,1,1,0.932479,0.999584,logprobs,Alibaba
6053,23,47,1,1,1,0.835548,0.999321,logprobs,Alibaba
6054,23,49,1,1,1,0.852055,0.999449,logprobs,Alibaba
6055,23,51,1,1,1,0.880993,0.999575,logprobs,Alibaba
6056,23,53,1,1,1,0.88101,0.999397,logprobs,Alibaba
6057,23,55,1,1,1,0.755187,0.999344,logprobs,Alibaba
6058,23,57,1,1,1,0.835686,0.999233,logprobs,Alibaba
6059,23,59,1,1,1,0.835689,0.999284,logprobs,Alibaba
6060,23,61,0,0,1,0.651843,0.999115,logprobs,Alibaba
6061,23,63,0,0,1,0.679753,0.998898,logprobs,Alibaba
6062,23,65,0,0,1,0.83562,0.999229,logprobs,Alibaba
6063,23,67,0,0,1,0.914977,0.999602,logprobs,Alibaba
6064,23,69,1,1,1,0.904691,0.99961,logprobs,Alibaba
6065,23,71,1,1,1,0.977037,0.999713,logprobs,Alibaba
6066,23,73,1,1,1,0.979683,0.999797,logprobs,Alibaba
6067,23,75,1,1,1,0.992439,0.999838,logprobs,Alibaba
6068,23,77,1,1,1,0.994113,0.999779,logprobs,Alibaba
6069,23,79,1,1,1,0.985938,0.99984,logprobs,Alibaba
6070,23,81,1,1,1,0.880892,0.999337,logprobs,Alibaba
6071,23,83,1,1,1,0.974057,0.999696,logprobs,Alibaba
6072,23,85,1,1,1,0.987581,0.999782,logprobs,Alibaba
6073,23,87,1,1,1,0.957946,0.9996,logprobs,Alibaba
6074,23,89,1,1,1,0.966947,0.999643,logprobs,Alibaba
6075,23,91,1,1,1,0.957933,0.999663,logprobs,Alibaba
6076,23,93,1,1,1,0.966931,0.999623,logprobs,Alibaba
6077,23,95,1,1,1,0.97703,0.999642,logprobs,Alibaba
6078,23,97,1,1,1,0.962701,0.999758,logprobs,Alibaba
6079,23,99,1,1,1,0.974059,0.999825,logprobs,Alibaba
6080,23,101,1,1,1,0.977035,0.999768,logprobs,Alibaba
6081,23,103,1,1,1,0.977043,0.999732,logprobs,Alibaba
6082,23,105,1,1,1,0.985946,0.999812,logprobs,Alibaba
6083,23,107,1,1,1,0.977042,0.999681,logprobs,Alibaba
6084,23,109,1,1,1,0.991439,0.999804,logprobs,Alibaba
6085,23,111,1,1,1,0.985943,0.999804,logprobs,Alibaba
6086,23,113,1,1,1,0.990299,0.999823,logprobs,Alibaba
6087,23,115,1,1,1,0.946692,0.999615,logprobs,Alibaba
6088,23,117,0,0,1,0.924187,0.999543,logprobs,Alibaba
6089,23,119,0,0,0,0.133476,0.999232,logprobs,Alibaba
6090,23,121,1,1,1,0.835805,0.999274,logprobs,Alibaba
6091,23,123,0,0,0,0.018099,0.99952,logprobs,Alibaba
6092,23,125,0,0,0,0.011036,0.999621,logprobs,Alibaba
6093,23,127,0,0,0,0.007568,0.99962,logprobs,Alibaba
6094,23,129,0,0,0,0.012469,0.999681,logprobs,Alibaba
6095,23,131,0,0,0,0.008615,0.999477,logprobs,Alibaba
6096,23,133,0,0,0,0.033221,0.999527,logprobs,Alibaba
6097,23,135,0,0,0,0.011084,0.999389,logprobs,Alibaba
6098,23,137,0,0,0,0.023052,0.999392,logprobs,Alibaba
6099,23,139,0,0,0,0.014149,0.999583,logprobs,Alibaba
6100,23,141,0,0,0,0.009761,0.999768,logprobs,Alibaba
6101,23,143,0,0,0,0.012523,0.999585,logprobs,Alibaba
6102,23,145,0,0,0,0.012463,0.999487,logprobs,Alibaba
6103,23,147,0,0,0,0.011036,0.999429,logprobs,Alibaba
6104,23,149,0,0,0,0.008642,0.99917,logprobs,Alibaba
6105,23,151,0,0,0,0.042525,0.998956,logprobs,Alibaba
6106,23,153,0,0,0,0.008617,0.999572,logprobs,Alibaba
6107,23,155,0,0,0,0.007605,0.999697,logprobs,Alibaba
6108,23,157,0,0,0,0.012562,0.999285,logprobs,Alibaba
6109,23,159,0,0,0,0.026184,0.999028,logprobs,Alibaba
6110,23,161,0,0,0,0.014127,0.999374,logprobs,Alibaba
6111,23,163,0,0,0,0.011035,0.999525,logprobs,Alibaba
6112,23,165,0,0,0,0.014153,0.999134,logprobs,Alibaba
6113,23,167,0,0,0,0.009746,0.999611,logprobs,Alibaba
6114,23,169,0,0,0,0.02606,0.998774,logprobs,Alibaba
6115,23,171,0,0,0,0.009765,0.999377,logprobs,Alibaba
6116,23,173,0,0,0,0.012542,0.999356,logprobs,Alibaba
6117,23,175,0,0,0,0.014115,0.999256,logprobs,Alibaba
6118,23,177,0,0,0,0.018044,0.999475,logprobs,Alibaba
6119,23,179,0,0,0,0.029419,0.999386,logprobs,Alibaba
6120,21,-179,0,0,0,0.033203,0.999565,logprobs,Alibaba
6121,21,-177,0,0,0,0.020501,0.999052,logprobs,Alibaba
6122,21,-175,0,0,0,0.020382,0.99899,logprobs,Alibaba
6123,21,-173,0,0,0,0.018049,0.999329,logprobs,Alibaba
6124,21,-171,0,0,0,0.016035,0.999411,logprobs,Alibaba
6125,21,-169,0,0,0,0.026127,0.99769,logprobs,Alibaba
6126,21,-167,0,0,0,0.026087,0.99899,logprobs,Alibaba
6127,21,-165,0,0,0,0.012498,0.998716,logprobs,Alibaba
6128,21,-163,0,0,0,0.037529,0.998721,logprobs,Alibaba
6129,21,-161,0,0,0,0.015984,0.998395,logprobs,Alibaba
6130,21,-159,0,0,0,0.053747,0.997708,logprobs,Alibaba
6131,21,-157,0,0,0,0.085452,0.998122,logprobs,Alibaba
6132,21,-155,0,0,0,0.321486,0.99873,logprobs,Alibaba
6133,21,-153,0,0,0,0.01602,0.99829,logprobs,Alibaba
6134,21,-151,0,0,0,0.029449,0.998608,logprobs,Alibaba
6135,21,-149,0,0,0,0.37815,0.998682,logprobs,Alibaba
6136,21,-147,0,0,0,0.026119,0.998138,logprobs,Alibaba
6137,21,-145,0,0,0,0.014152,0.998656,logprobs,Alibaba
6138,21,-143,0,0,0,0.009699,0.999054,logprobs,Alibaba
6139,21,-141,0,0,0,0.005253,0.999539,logprobs,Alibaba
6140,21,-139,0,0,0,0.008632,0.999398,logprobs,Alibaba
6141,21,-137,0,0,0,0.012514,0.999152,logprobs,Alibaba
6142,21,-135,0,0,0,0.008568,0.998949,logprobs,Alibaba
6143,21,-133,0,0,0,0.006745,0.999232,logprobs,Alibaba
6144,21,-131,0,0,0,0.004604,0.999652,logprobs,Alibaba
6145,21,-129,0,0,0,0.001696,0.999645,logprobs,Alibaba
6146,21,-127,0,0,0,0.002467,0.999447,logprobs,Alibaba
6147,21,-125,0,0,0,0.001321,0.999529,logprobs,Alibaba
6148,21,-123,0,0,0,0.006736,0.999409,logprobs,Alibaba
6149,21,-121,0,0,0,0.107064,0.991471,logprobs,Alibaba
6150,21,-119,0,0,0,0.469548,0.993741,logprobs,Alibaba
6151,21,-117,0,0,0,0.294952,0.997528,logprobs,Alibaba
6152,21,-115,0,0,0,0.350332,0.997863,logprobs,Alibaba
6153,21,-113,0,0,0,0.470538,0.998921,logprobs,Alibaba
6154,21,-111,0,0,1,0.940017,0.999563,logprobs,Alibaba
6155,21,-109,0,0,0,0.165068,0.998994,logprobs,Alibaba
6156,21,-107,0,0,1,0.531769,0.997594,logprobs,Alibaba
6157,21,-105,1,1,1,0.532088,0.997493,logprobs,Alibaba
6158,21,-103,1,1,1,0.977041,0.999735,logprobs,Alibaba
6159,21,-101,1,1,1,0.995931,0.999866,logprobs,Alibaba
6160,21,-99,1,1,1,0.987588,0.9997,logprobs,Alibaba
6161,21,-97,0,0,1,0.914981,0.999615,logprobs,Alibaba
6162,21,-95,0,0,1,0.835595,0.999321,logprobs,Alibaba
6163,21,-93,0,0,1,0.706134,0.999386,logprobs,Alibaba
6164,21,-91,0,0,1,0.731571,0.999399,logprobs,Alibaba
6165,21,-89,1,1,1,0.835687,0.999501,logprobs,Alibaba
6166,21,-87,1,1,0,0.133321,0.999495,logprobs,Alibaba
6167,21,-85,0,0,0,0.203319,0.998936,logprobs,Alibaba
6168,21,-83,0,0,0,0.037621,0.999089,logprobs,Alibaba
6169,21,-81,0,0,0,0.060565,0.999263,logprobs,Alibaba
6170,21,-79,0,0,0,0.321502,0.998581,logprobs,Alibaba
6171,21,-77,1,1,1,0.500648,0.998335,logprobs,Alibaba
6172,21,-75,0,0,1,0.706098,0.998338,logprobs,Alibaba
6173,21,-73,0,0,0,0.438644,0.998831,logprobs,Alibaba
6174,21,-71,0,0,1,0.679588,0.99912,logprobs,Alibaba
6175,21,-69,0,0,0,0.202161,0.999118,logprobs,Alibaba
6176,21,-67,0,0,0,0.377809,0.999205,logprobs,Alibaba
6177,21,-65,0,0,0,0.106982,0.999172,logprobs,Alibaba
6178,21,-63,0,0,0,0.029561,0.999424,logprobs,Alibaba
6179,21,-61,0,0,0,0.029441,0.999452,logprobs,Alibaba
6180,21,-59,0,0,0,0.023193,0.999243,logprobs,Alibaba
6181,21,-57,0,0,0,0.0375,0.998649,logprobs,Alibaba
6182,21,-55,0,0,0,0.029406,0.997903,logprobs,Alibaba
6183,21,-53,0,0,0,0.133245,0.99794,logprobs,Alibaba
6184,21,-51,0,0,0,0.015975,0.998823,logprobs,Alibaba
6185,21,-49,0,0,0,0.107027,0.995298,logprobs,Alibaba
6186,21,-47,0,0,0,0.11968,0.995199,logprobs,Alibaba
6187,21,-45,0,0,0,0.004644,0.999374,logprobs,Alibaba
6188,21,-43,0,0,0,0.047678,0.996818,logprobs,Alibaba
6189,21,-41,0,0,0,0.006732,0.998597,logprobs,Alibaba
6190,21,-39,0,0,0,0.012612,0.998228,logprobs,Alibaba
6191,21,-37,0,0,0,0.029488,0.996078,logprobs,Alibaba
6192,21,-35,0,0,0,0.014197,0.996816,logprobs,Alibaba
6193,21,-33,0,0,0,0.148784,0.992689,logprobs,Alibaba
6194,21,-31,0,0,0,0.295155,0.994473,logprobs,Alibaba
6195,21,-29,0,0,0,0.296154,0.995899,logprobs,Alibaba
6196,21,-27,0,0,1,0.777865,0.998747,logprobs,Alibaba
6197,21,-25,0,0,1,0.777874,0.999201,logprobs,Alibaba
6198,21,-23,0,0,1,0.932707,0.999439,logprobs,Alibaba
6199,21,-21,0,0,1,0.852425,0.999187,logprobs,Alibaba
6200,21,-19,0,0,1,0.504403,0.997621,logprobs,Alibaba
6201,21,-17,0,0,0,0.269782,0.988493,logprobs,Alibaba
6202,21,-15,1,1,0,0.469083,0.995395,logprobs,Alibaba
6203,21,-13,1,1,0,0.148782,0.987021,logprobs,Alibaba
6204,21,-11,1,1,0,0.269836,0.994081,logprobs,Alibaba
6205,21,-9,1,1,0,0.246854,0.983288,logprobs,Alibaba
6206,21,-7,1,1,1,0.59309,0.99718,logprobs,Alibaba
6207,21,-5,1,1,0,0.269943,0.991009,logprobs,Alibaba
6208,21,-3,1,1,1,0.817819,0.9995,logprobs,Alibaba
6209,21,-1,1,1,1,0.90472,0.999614,logprobs,Alibaba
6210,21,1,1,1,1,0.924224,0.999586,logprobs,Alibaba
6211,21,3,1,1,1,0.90475,0.999494,logprobs,Alibaba
6212,21,5,1,1,1,0.904706,0.999542,logprobs,Alibaba
6213,21,7,1,1,1,0.904763,0.999348,logprobs,Alibaba
6214,21,9,1,1,1,0.962733,0.999696,logprobs,Alibaba
6215,21,11,1,1,1,0.96695,0.999603,logprobs,Alibaba
6216,21,13,1,1,1,0.970741,0.999665,logprobs,Alibaba
6217,21,15,1,1,1,0.9627,0.999593,logprobs,Alibaba
6218,21,17,1,1,1,0.924291,0.999439,logprobs,Alibaba
6219,21,19,1,1,1,0.893448,0.999416,logprobs,Alibaba
6220,21,21,1,1,1,0.731296,0.99939,logprobs,Alibaba
6221,21,23,1,1,1,0.852137,0.999307,logprobs,Alibaba
6222,21,25,1,1,1,0.852058,0.999344,logprobs,Alibaba
6223,21,27,1,1,1,0.852049,0.999341,logprobs,Alibaba
6224,21,29,1,1,1,0.939948,0.999607,logprobs,Alibaba
6225,21,31,1,1,1,0.939993,0.999569,logprobs,Alibaba
6226,21,33,1,1,1,0.880992,0.999353,logprobs,Alibaba
6227,21,35,1,1,1,0.924247,0.999662,logprobs,Alibaba
6228,21,37,1,1,1,0.932536,0.999541,logprobs,Alibaba
6229,21,39,0,0,1,0.924259,0.999578,logprobs,Alibaba
6230,21,41,1,1,1,0.914945,0.999327,logprobs,Alibaba
6231,21,43,1,1,1,0.893355,0.999305,logprobs,Alibaba
6232,21,45,1,1,1,0.755159,0.99902,logprobs,Alibaba
6233,21,47,1,1,1,0.835733,0.999135,logprobs,Alibaba
6234,21,49,1,1,1,0.932485,0.999509,logprobs,Alibaba
6235,21,51,1,1,1,0.924223,0.999463,logprobs,Alibaba
6236,21,53,1,1,1,0.852188,0.999299,logprobs,Alibaba
6237,21,55,1,1,1,0.867251,0.999296,logprobs,Alibaba
6238,21,57,1,1,1,0.500371,0.998702,logprobs,Alibaba
6239,21,59,0,0,0,0.407886,0.999046,logprobs,Alibaba
6240,21,61,0,0,0,0.349025,0.99902,logprobs,Alibaba
6241,21,63,0,0,0,0.438579,0.998797,logprobs,Alibaba
6242,21,65,0,0,1,0.932498,0.999574,logprobs,Alibaba
6243,21,67,0,0,1,0.755045,0.999264,logprobs,Alibaba
6244,21,69,0,0,1,0.835663,0.999385,logprobs,Alibaba
6245,21,71,1,1,1,0.852047,0.99942,logprobs,Alibaba
6246,21,73,1,1,1,0.962702,0.999664,logprobs,Alibaba
6247,21,75,1,1,1,0.985958,0.99976,logprobs,Alibaba
6248,21,77,1,1,1,0.993324,0.999848,logprobs,Alibaba
6249,21,79,1,1,1,0.990316,0.999756,logprobs,Alibaba
6250,21,81,1,1,1,0.96271,0.999622,logprobs,Alibaba
6251,21,83,1,1,1,0.957965,0.99965,logprobs,Alibaba
6252,21,85,1,1,1,0.962693,0.999637,logprobs,Alibaba
6253,21,87,0,0,1,0.651693,0.999311,logprobs,Alibaba
6254,21,89,0,0,1,0.880996,0.999425,logprobs,Alibaba
6255,21,91,0,0,1,0.852198,0.999445,logprobs,Alibaba
6256,21,93,1,1,1,0.914982,0.999536,logprobs,Alibaba
6257,21,95,1,1,1,0.962693,0.999729,logprobs,Alibaba
6258,21,97,1,1,1,0.893529,0.999389,logprobs,Alibaba
6259,21,99,1,1,1,0.979693,0.999815,logprobs,Alibaba
6260,21,101,1,1,1,0.962696,0.999624,logprobs,Alibaba
6261,21,103,1,1,1,0.96271,0.99969,logprobs,Alibaba
6262,21,105,1,1,1,0.974046,0.999724,logprobs,Alibaba
6263,21,107,1,1,1,0.651856,0.99939,logprobs,Alibaba
6264,21,109,0,0,1,0.867313,0.99951,logprobs,Alibaba
6265,21,111,0,0,1,0.777701,0.999256,logprobs,Alibaba
6266,21,113,0,0,1,0.85228,0.999516,logprobs,Alibaba
6267,21,115,0,0,0,0.245359,0.999209,logprobs,Alibaba
6268,21,117,0,0,0,0.096048,0.999278,logprobs,Alibaba
6269,21,119,0,0,0,0.133222,0.998772,logprobs,Alibaba
6270,21,121,0,0,0,0.378277,0.99901,logprobs,Alibaba
6271,21,123,0,0,1,0.531432,0.999096,logprobs,Alibaba
6272,21,125,0,0,0,0.377956,0.997605,logprobs,Alibaba
6273,21,127,0,0,0,0.029478,0.999146,logprobs,Alibaba
6274,21,129,0,0,0,0.020428,0.99952,logprobs,Alibaba
6275,21,131,0,0,0,0.017967,0.99934,logprobs,Alibaba
6276,21,133,0,0,0,0.047601,0.999143,logprobs,Alibaba
6277,21,135,0,0,0,0.047622,0.998619,logprobs,Alibaba
6278,21,137,0,0,0,0.037621,0.99897,logprobs,Alibaba
6279,21,139,0,0,0,0.060263,0.999483,logprobs,Alibaba
6280,21,141,0,0,0,0.04755,0.99926,logprobs,Alibaba
6281,21,143,0,0,0,0.026119,0.99932,logprobs,Alibaba
6282,21,145,0,0,0,0.037443,0.998958,logprobs,Alibaba
6283,21,147,0,0,0,0.025992,0.999131,logprobs,Alibaba
6284,21,149,0,0,0,0.085444,0.998132,logprobs,Alibaba
6285,21,151,0,0,0,0.023221,0.999156,logprobs,Alibaba
6286,21,153,0,0,0,0.014109,0.998856,logprobs,Alibaba
6287,21,155,0,0,0,0.119789,0.999024,logprobs,Alibaba
6288,21,157,0,0,0,0.085715,0.998292,logprobs,Alibaba
6289,21,159,0,0,0,0.047752,0.997755,logprobs,Alibaba
6290,21,161,0,0,0,0.053655,0.998335,logprobs,Alibaba
6291,21,163,0,0,0,0.03749,0.99887,logprobs,Alibaba
6292,21,165,0,0,0,0.023085,0.999149,logprobs,Alibaba
6293,21,167,0,0,0,0.029537,0.998806,logprobs,Alibaba
6294,21,169,0,0,0,0.037395,0.999143,logprobs,Alibaba
6295,21,171,0,0,0,0.042759,0.998827,logprobs,Alibaba
6296,21,173,0,0,0,0.047631,0.999172,logprobs,Alibaba
6297,21,175,0,0,0,0.033199,0.998707,logprobs,Alibaba
6298,21,177,0,0,0,0.026012,0.999162,logprobs,Alibaba
6299,21,179,0,0,0,0.060394,0.999193,logprobs,Alibaba
6300,19,-179,0,0,0,0.047622,0.999083,logprobs,Alibaba
6301,19,-177,0,0,0,0.02605,0.999522,logprobs,Alibaba
6302,19,-175,0,0,0,0.026214,0.999417,logprobs,Alibaba
6303,19,-173,0,0,0,0.014115,0.99954,logprobs,Alibaba
6304,19,-171,0,0,0,0.029488,0.999158,logprobs,Alibaba
6305,19,-169,0,0,0,0.011046,0.999313,logprobs,Alibaba
6306,19,-167,0,0,0,0.03338,0.998824,logprobs,Alibaba
6307,19,-165,0,0,0,0.014122,0.99923,logprobs,Alibaba
6308,19,-163,0,0,0,0.014125,0.999066,logprobs,Alibaba
6309,19,-161,0,0,0,0.047689,0.997969,logprobs,Alibaba
6310,19,-159,0,0,0,0.037517,0.994989,logprobs,Alibaba
6311,19,-157,0,0,0,0.148668,0.997292,logprobs,Alibaba
6312,19,-155,0,0,1,0.904798,0.999647,logprobs,Alibaba
6313,19,-153,0,0,0,0.009741,0.999505,logprobs,Alibaba
6314,19,-151,0,0,0,0.053671,0.997714,logprobs,Alibaba
6315,19,-149,0,0,0,0.202305,0.993221,logprobs,Alibaba
6316,19,-147,0,0,0,0.067905,0.998514,logprobs,Alibaba
6317,19,-145,0,0,0,0.014147,0.999295,logprobs,Alibaba
6318,19,-143,0,0,0,0.008609,0.999658,logprobs,Alibaba
6319,19,-141,0,0,0,0.008635,0.999519,logprobs,Alibaba
6320,19,-139,0,0,0,0.016018,0.99943,logprobs,Alibaba
6321,19,-137,0,0,0,0.012479,0.999066,logprobs,Alibaba
6322,19,-135,0,0,0,0.002492,0.999627,logprobs,Alibaba
6323,19,-133,0,0,0,0.005255,0.999466,logprobs,Alibaba
6324,19,-131,0,0,0,0.002176,0.999499,logprobs,Alibaba
6325,19,-129,0,0,0,0.001498,0.999794,logprobs,Alibaba
6326,19,-127,0,0,0,0.001322,0.999587,logprobs,Alibaba
6327,19,-125,0,0,0,0.001322,0.999627,logprobs,Alibaba
6328,19,-123,0,0,0,0.001697,0.999592,logprobs,Alibaba
6329,19,-121,0,0,0,0.029375,0.998048,logprobs,Alibaba
6330,19,-119,0,0,0,0.378112,0.997427,logprobs,Alibaba
6331,19,-117,0,0,0,0.182786,0.996371,logprobs,Alibaba
6332,19,-115,0,0,0,0.10702,0.998567,logprobs,Alibaba
6333,19,-113,0,0,0,0.120091,0.999452,logprobs,Alibaba
6334,19,-111,0,0,1,0.777663,0.999393,logprobs,Alibaba
6335,19,-109,0,0,0,0.107386,0.999257,logprobs,Alibaba
6336,19,-107,0,0,1,0.881064,0.999301,logprobs,Alibaba
6337,19,-105,0,0,1,0.501284,0.997769,logprobs,Alibaba
6338,19,-103,1,1,1,0.985952,0.999778,logprobs,Alibaba
6339,19,-101,1,1,1,0.992441,0.999841,logprobs,Alibaba
6340,19,-99,1,1,1,0.997823,0.999846,logprobs,Alibaba
6341,19,-97,1,1,1,0.987576,0.999788,logprobs,Alibaba
6342,19,-95,0,0,1,0.852114,0.99931,logprobs,Alibaba
6343,19,-93,0,0,1,0.75574,0.999328,logprobs,Alibaba
6344,19,-91,1,1,0,0.470537,0.999172,logprobs,Alibaba
6345,19,-89,1,1,0,0.439658,0.999178,logprobs,Alibaba
6346,19,-87,0,0,0,0.164741,0.999225,logprobs,Alibaba
6347,19,-85,0,0,0,0.120314,0.999254,logprobs,Alibaba
6348,19,-83,0,0,0,0.047742,0.999474,logprobs,Alibaba
6349,19,-81,0,0,0,0.014164,0.999606,logprobs,Alibaba
6350,19,-79,0,0,0,0.378273,0.999044,logprobs,Alibaba
6351,19,-77,0,0,0,0.321695,0.998853,logprobs,Alibaba
6352,19,-75,0,0,0,0.164852,0.997852,logprobs,Alibaba
6353,19,-73,0,0,1,0.593156,0.999073,logprobs,Alibaba
6354,19,-71,1,1,1,0.652033,0.998965,logprobs,Alibaba
6355,19,-69,1,1,0,0.408088,0.998548,logprobs,Alibaba
6356,19,-67,0,0,0,0.223995,0.998522,logprobs,Alibaba
6357,19,-65,0,0,0,0.060282,0.999385,logprobs,Alibaba
6358,19,-63,0,0,0,0.060304,0.99907,logprobs,Alibaba
6359,19,-61,0,0,0,0.085398,0.999369,logprobs,Alibaba
6360,19,-59,0,0,0,0.011038,0.999408,logprobs,Alibaba
6361,19,-57,0,0,0,0.023258,0.999309,logprobs,Alibaba
6362,19,-55,0,0,0,0.042157,0.997713,logprobs,Alibaba
6363,19,-53,0,0,0,0.053537,0.998765,logprobs,Alibaba
6364,19,-51,0,0,0,0.033419,0.999284,logprobs,Alibaba
6365,19,-49,0,0,0,0.067742,0.99932,logprobs,Alibaba
6366,19,-47,0,0,1,0.798578,0.999142,logprobs,Alibaba
6367,19,-45,0,0,0,0.002469,0.99967,logprobs,Alibaba
6368,19,-43,0,0,0,0.047711,0.998512,logprobs,Alibaba
6369,19,-41,0,0,0,0.015952,0.996915,logprobs,Alibaba
6370,19,-39,0,0,0,0.029445,0.998811,logprobs,Alibaba
6371,19,-37,0,0,0,0.033425,0.998175,logprobs,Alibaba
6372,19,-35,0,0,0,0.007613,0.999289,logprobs,Alibaba
6373,19,-33,0,0,0,0.223841,0.994636,logprobs,Alibaba
6374,19,-31,0,0,0,0.378139,0.992364,logprobs,Alibaba
6375,19,-29,0,0,1,0.593418,0.996994,logprobs,Alibaba
6376,19,-27,0,0,1,0.904791,0.999425,logprobs,Alibaba
6377,19,-25,0,0,1,0.932643,0.999368,logprobs,Alibaba
6378,19,-23,0,0,1,0.932498,0.999497,logprobs,Alibaba
6379,19,-21,0,0,1,0.880994,0.999219,logprobs,Alibaba
6380,19,-19,0,0,1,0.622956,0.997369,logprobs,Alibaba
6381,19,-17,0,0,0,0.148775,0.988255,logprobs,Alibaba
6382,19,-15,1,1,0,0.223095,0.983163,logprobs,Alibaba
6383,19,-13,1,1,0,0.223118,0.991787,logprobs,Alibaba
6384,19,-11,1,1,0,0.349353,0.992814,logprobs,Alibaba
6385,19,-9,1,1,0,0.182893,0.986153,logprobs,Alibaba
6386,19,-7,1,1,1,0.532252,0.994393,logprobs,Alibaba
6387,19,-5,1,1,0,0.321029,0.985131,logprobs,Alibaba
6388,19,-3,1,1,1,0.79836,0.999365,logprobs,Alibaba
6389,19,-1,1,1,1,0.777493,0.999328,logprobs,Alibaba
6390,19,1,1,1,1,0.915002,0.999674,logprobs,Alibaba
6391,19,3,1,1,1,0.932505,0.999504,logprobs,Alibaba
6392,19,5,1,1,1,0.880937,0.999652,logprobs,Alibaba
6393,19,7,1,1,1,0.962698,0.999668,logprobs,Alibaba
6394,19,9,1,1,1,0.966988,0.999684,logprobs,Alibaba
6395,19,11,1,1,1,0.952615,0.999662,logprobs,Alibaba
6396,19,13,1,1,1,0.932665,0.999546,logprobs,Alibaba
6397,19,15,1,1,1,0.966924,0.999656,logprobs,Alibaba
6398,19,17,1,1,1,0.835723,0.999256,logprobs,Alibaba
6399,19,19,1,1,1,0.90473,0.999478,logprobs,Alibaba
6400,19,21,1,1,1,0.932493,0.99939,logprobs,Alibaba
6401,19,23,1,1,1,0.957945,0.999701,logprobs,Alibaba
6402,19,25,1,1,1,0.924214,0.999346,logprobs,Alibaba
6403,19,27,1,1,1,0.92452,0.999456,logprobs,Alibaba
6404,19,29,1,1,1,0.893358,0.999524,logprobs,Alibaba
6405,19,31,1,1,1,0.932546,0.999561,logprobs,Alibaba
6406,19,33,1,1,1,0.915004,0.999431,logprobs,Alibaba
6407,19,35,1,1,1,0.914951,0.999631,logprobs,Alibaba
6408,19,37,1,1,1,0.835763,0.99942,logprobs,Alibaba
6409,19,39,0,0,1,0.622886,0.998908,logprobs,Alibaba
6410,19,41,0,0,1,0.867384,0.999305,logprobs,Alibaba
6411,19,43,1,1,1,0.731208,0.999329,logprobs,Alibaba
6412,19,45,1,1,0,0.294686,0.998958,logprobs,Alibaba
6413,19,47,1,1,1,0.777634,0.999239,logprobs,Alibaba
6414,19,49,1,1,1,0.932511,0.999615,logprobs,Alibaba
6415,19,51,1,1,1,0.53206,0.999007,logprobs,Alibaba
6416,19,53,1,1,0,0.408298,0.998931,logprobs,Alibaba
6417,19,55,1,1,0,0.378017,0.999035,logprobs,Alibaba
6418,19,57,1,1,0,0.183123,0.999303,logprobs,Alibaba
6419,19,59,0,0,0,0.202751,0.99888,logprobs,Alibaba
6420,19,61,0,0,0,0.165298,0.998705,logprobs,Alibaba
6421,19,63,0,0,0,0.223313,0.997744,logprobs,Alibaba
6422,19,65,0,0,1,0.531655,0.999165,logprobs,Alibaba
6423,19,67,0,0,1,0.593117,0.998793,logprobs,Alibaba
6424,19,69,0,0,0,0.438354,0.998932,logprobs,Alibaba
6425,19,71,0,0,1,0.86763,0.999291,logprobs,Alibaba
6426,19,73,0,0,1,0.957962,0.999608,logprobs,Alibaba
6427,19,75,1,1,1,0.995398,0.999824,logprobs,Alibaba
6428,19,77,1,1,1,0.979674,0.999729,logprobs,Alibaba
6429,19,79,1,1,1,0.962689,0.999677,logprobs,Alibaba
6430,19,81,1,1,1,0.915049,0.999438,logprobs,Alibaba
6431,19,83,1,1,1,0.777656,0.998946,logprobs,Alibaba
6432,19,85,0,0,1,0.85206,0.999252,logprobs,Alibaba
6433,19,87,0,0,0,0.350518,0.998666,logprobs,Alibaba
6434,19,89,0,0,1,0.817731,0.999497,logprobs,Alibaba
6435,19,91,0,0,1,0.706399,0.999392,logprobs,Alibaba
6436,19,93,0,0,1,0.62283,0.999031,logprobs,Alibaba
6437,19,95,1,1,1,0.593071,0.998974,logprobs,Alibaba
6438,19,97,1,1,1,0.924382,0.999506,logprobs,Alibaba
6439,19,99,1,1,1,0.996836,0.999892,logprobs,Alibaba
6440,19,101,1,1,1,0.946721,0.99961,logprobs,Alibaba
6441,19,103,1,1,1,0.706232,0.999356,logprobs,Alibaba
6442,19,105,1,1,1,0.755356,0.999386,logprobs,Alibaba
6443,19,107,0,0,0,0.22355,0.998655,logprobs,Alibaba
6444,19,109,1,1,0,0.470424,0.998327,logprobs,Alibaba
6445,19,111,0,0,0,0.085591,0.999287,logprobs,Alibaba
6446,19,113,0,0,0,0.095692,0.999439,logprobs,Alibaba
6447,19,115,0,0,0,0.060212,0.999426,logprobs,Alibaba
6448,19,117,0,0,0,0.026025,0.999495,logprobs,Alibaba
6449,19,119,0,0,0,0.014088,0.999779,logprobs,Alibaba
6450,19,121,0,0,0,0.223069,0.999033,logprobs,Alibaba
6451,19,123,0,0,0,0.037399,0.999514,logprobs,Alibaba
6452,19,125,0,0,0,0.009772,0.999536,logprobs,Alibaba
6453,19,127,0,0,0,0.015899,0.999598,logprobs,Alibaba
6454,19,129,0,0,0,0.009763,0.999683,logprobs,Alibaba
6455,19,131,0,0,0,0.006746,0.999686,logprobs,Alibaba
6456,19,133,0,0,0,0.018082,0.999374,logprobs,Alibaba
6457,19,135,0,0,0,0.012423,0.999563,logprobs,Alibaba
6458,19,137,0,0,0,0.007568,0.999609,logprobs,Alibaba
6459,19,139,0,0,0,0.01416,0.99955,logprobs,Alibaba
6460,19,141,0,0,0,0.020369,0.999461,logprobs,Alibaba
6461,19,143,0,0,0,0.018057,0.999648,logprobs,Alibaba
6462,19,145,0,0,0,0.014105,0.999163,logprobs,Alibaba
6463,19,147,0,0,0,0.026034,0.998936,logprobs,Alibaba
6464,19,149,0,0,0,0.026062,0.997931,logprobs,Alibaba
6465,19,151,0,0,0,0.033183,0.998851,logprobs,Alibaba
6466,19,153,0,0,0,0.026171,0.999094,logprobs,Alibaba
6467,19,155,0,0,0,0.166419,0.999536,logprobs,Alibaba
6468,19,157,0,0,0,0.067799,0.998791,logprobs,Alibaba
6469,19,159,0,0,0,0.014102,0.998806,logprobs,Alibaba
6470,19,161,0,0,0,0.029368,0.999073,logprobs,Alibaba
6471,19,163,0,0,0,0.023128,0.998926,logprobs,Alibaba
6472,19,165,0,0,0,0.029428,0.998804,logprobs,Alibaba
6473,19,167,0,0,0,0.037435,0.999159,logprobs,Alibaba
6474,19,169,0,0,0,0.029433,0.999246,logprobs,Alibaba
6475,19,171,0,0,0,0.037529,0.998951,logprobs,Alibaba
6476,19,173,0,0,0,0.033365,0.999019,logprobs,Alibaba
6477,19,175,0,0,0,0.033138,0.998797,logprobs,Alibaba
6478,19,177,0,0,0,0.023057,0.999184,logprobs,Alibaba
6479,19,179,0,0,0,0.067673,0.999196,logprobs,Alibaba
6480,17,-179,0,0,0,0.029401,0.999461,logprobs,Alibaba
6481,17,-177,0,0,0,0.047471,0.998757,logprobs,Alibaba
6482,17,-175,0,0,0,0.042259,0.99929,logprobs,Alibaba
6483,17,-173,0,0,0,0.033203,0.999061,logprobs,Alibaba
6484,17,-171,0,0,0,0.020544,0.999415,logprobs,Alibaba
6485,17,-169,0,0,0,0.020517,0.998805,logprobs,Alibaba
6486,17,-167,0,0,0,0.042177,0.998609,logprobs,Alibaba
6487,17,-165,0,0,0,0.009791,0.999501,logprobs,Alibaba
6488,17,-163,0,0,0,0.012507,0.999001,logprobs,Alibaba
6489,17,-161,0,0,0,0.029398,0.998808,logprobs,Alibaba
6490,17,-159,0,0,0,0.053715,0.993064,logprobs,Alibaba
6491,17,-157,0,0,0,0.06785,0.996866,logprobs,Alibaba
6492,17,-155,0,0,0,0.182892,0.998763,logprobs,Alibaba
6493,17,-153,0,0,0,0.015991,0.998939,logprobs,Alibaba
6494,17,-151,0,0,0,0.067749,0.993924,logprobs,Alibaba
6495,17,-149,0,0,0,0.068111,0.995516,logprobs,Alibaba
6496,17,-147,0,0,0,0.033297,0.997663,logprobs,Alibaba
6497,17,-145,0,0,0,0.020412,0.998749,logprobs,Alibaba
6498,17,-143,0,0,0,0.02041,0.99894,logprobs,Alibaba
6499,17,-141,0,0,0,0.008657,0.99923,logprobs,Alibaba
6500,17,-139,0,0,0,0.015979,0.999214,logprobs,Alibaba
6501,17,-137,0,0,0,0.006758,0.999587,logprobs,Alibaba
6502,17,-135,0,0,0,0.006741,0.99925,logprobs,Alibaba
6503,17,-133,0,0,0,0.029576,0.996885,logprobs,Alibaba
6504,17,-131,0,0,0,0.007612,0.999429,logprobs,Alibaba
6505,17,-129,0,0,0,0.004635,0.999635,logprobs,Alibaba
6506,17,-127,0,0,0,0.002466,0.9996,logprobs,Alibaba
6507,17,-125,0,0,0,0.001924,0.999653,logprobs,Alibaba
6508,17,-123,0,0,0,0.018032,0.998414,logprobs,Alibaba
6509,17,-121,0,0,0,0.107095,0.995669,logprobs,Alibaba
6510,17,-119,0,0,0,0.133269,0.990895,logprobs,Alibaba
6511,17,-117,0,0,1,0.623521,0.998154,logprobs,Alibaba
6512,17,-115,0,0,1,0.731475,0.999181,logprobs,Alibaba
6513,17,-113,0,0,1,0.904748,0.999449,logprobs,Alibaba
6514,17,-111,0,0,1,0.852505,0.999324,logprobs,Alibaba
6515,17,-109,0,0,0,0.068538,0.998893,logprobs,Alibaba
6516,17,-107,0,0,0,0.349449,0.994611,logprobs,Alibaba
6517,17,-105,0,0,0,0.321381,0.995737,logprobs,Alibaba
6518,17,-103,0,0,1,0.932536,0.999686,logprobs,Alibaba
6519,17,-101,0,0,1,0.89359,0.999346,logprobs,Alibaba
6520,17,-99,1,1,1,0.979685,0.999753,logprobs,Alibaba
6521,17,-97,1,1,1,0.974068,0.999687,logprobs,Alibaba
6522,17,-95,1,1,1,0.852076,0.99954,logprobs,Alibaba
6523,17,-93,1,1,1,0.904885,0.999416,logprobs,Alibaba
6524,17,-91,1,1,1,0.90481,0.999555,logprobs,Alibaba
6525,17,-89,1,1,1,0.706079,0.99946,logprobs,Alibaba
6526,17,-87,0,0,0,0.471156,0.998416,logprobs,Alibaba
6527,17,-85,0,0,0,0.294609,0.998172,logprobs,Alibaba
6528,17,-83,0,0,0,0.053555,0.998913,logprobs,Alibaba
6529,17,-81,0,0,0,0.018095,0.999551,logprobs,Alibaba
6530,17,-79,0,0,0,0.037429,0.99845,logprobs,Alibaba
6531,17,-77,0,0,1,0.798638,0.999239,logprobs,Alibaba
6532,17,-75,0,0,1,0.706162,0.999173,logprobs,Alibaba
6533,17,-73,0,0,1,0.867103,0.999525,logprobs,Alibaba
6534,17,-71,0,0,1,0.852258,0.999354,logprobs,Alibaba
6535,17,-69,0,0,1,0.67962,0.999207,logprobs,Alibaba
6536,17,-67,0,0,1,0.501046,0.998934,logprobs,Alibaba
6537,17,-65,0,0,0,0.133483,0.999412,logprobs,Alibaba
6538,17,-63,0,0,0,0.096141,0.999403,logprobs,Alibaba
6539,17,-61,0,0,0,0.119738,0.999345,logprobs,Alibaba
6540,17,-59,0,0,0,0.067987,0.99684,logprobs,Alibaba
6541,17,-57,0,0,0,0.053723,0.998597,logprobs,Alibaba
6542,17,-55,0,0,0,0.060358,0.997723,logprobs,Alibaba
6543,17,-53,0,0,0,0.108278,0.998909,logprobs,Alibaba
6544,17,-51,0,0,0,0.085758,0.998412,logprobs,Alibaba
6545,17,-49,0,0,0,0.106851,0.996285,logprobs,Alibaba
6546,17,-47,0,0,0,0.02943,0.998024,logprobs,Alibaba
6547,17,-45,0,0,0,0.002832,0.999318,logprobs,Alibaba
6548,17,-43,0,0,0,0.015991,0.999219,logprobs,Alibaba
6549,17,-41,0,0,0,0.014135,0.998642,logprobs,Alibaba
6550,17,-39,0,0,0,0.067797,0.996595,logprobs,Alibaba
6551,17,-37,0,0,0,0.085924,0.99449,logprobs,Alibaba
6552,17,-35,0,0,0,0.011089,0.998938,logprobs,Alibaba
6553,17,-33,0,0,1,0.593173,0.989608,logprobs,Alibaba
6554,17,-31,0,0,0,0.29505,0.987858,logprobs,Alibaba
6555,17,-29,0,0,1,0.622913,0.997858,logprobs,Alibaba
6556,17,-27,0,0,1,0.755519,0.998755,logprobs,Alibaba
6557,17,-25,0,0,1,0.835833,0.998822,logprobs,Alibaba
6558,17,-23,0,0,1,0.939969,0.999547,logprobs,Alibaba
6559,17,-21,0,0,0,0.321361,0.975803,logprobs,Alibaba
6560,17,-19,0,0,1,0.62307,0.996972,logprobs,Alibaba
6561,17,-17,0,0,0,0.270076,0.996656,logprobs,Alibaba
6562,17,-15,1,1,1,0.679523,0.999186,logprobs,Alibaba
6563,17,-13,1,1,1,0.563903,0.998512,logprobs,Alibaba
6564,17,-11,1,1,1,0.500816,0.989849,logprobs,Alibaba
6565,17,-9,1,1,0,0.349156,0.994815,logprobs,Alibaba
6566,17,-7,1,1,0,0.321397,0.991375,logprobs,Alibaba
6567,17,-5,1,1,0,0.321351,0.992439,logprobs,Alibaba
6568,17,-3,1,1,1,0.893395,0.999511,logprobs,Alibaba
6569,17,-1,1,1,1,0.867152,0.9995,logprobs,Alibaba
6570,17,1,1,1,1,0.880892,0.999481,logprobs,Alibaba
6571,17,3,1,1,1,0.893427,0.999617,logprobs,Alibaba
6572,17,5,1,1,1,0.880912,0.999507,logprobs,Alibaba
6573,17,7,1,1,1,0.952633,0.999558,logprobs,Alibaba
6574,17,9,1,1,1,0.952603,0.999502,logprobs,Alibaba
6575,17,11,1,1,1,0.932484,0.999628,logprobs,Alibaba
6576,17,13,1,1,1,0.939987,0.999476,logprobs,Alibaba
6577,17,15,1,1,1,0.893357,0.999484,logprobs,Alibaba
6578,17,17,1,1,1,0.798564,0.999249,logprobs,Alibaba
6579,17,19,1,1,1,0.924219,0.99942,logprobs,Alibaba
6580,17,21,1,1,1,0.915067,0.999542,logprobs,Alibaba
6581,17,23,1,1,1,0.932547,0.999388,logprobs,Alibaba
6582,17,25,1,1,1,0.880873,0.999317,logprobs,Alibaba
6583,17,27,1,1,1,0.867242,0.999151,logprobs,Alibaba
6584,17,29,1,1,1,0.946649,0.999554,logprobs,Alibaba
6585,17,31,1,1,1,0.984102,0.999781,logprobs,Alibaba
6586,17,33,1,1,1,0.939942,0.999524,logprobs,Alibaba
6587,17,35,1,1,1,0.880866,0.999487,logprobs,Alibaba
6588,17,37,1,1,1,0.852227,0.999396,logprobs,Alibaba
6589,17,39,1,1,1,0.778048,0.999295,logprobs,Alibaba
6590,17,41,0,0,1,0.932466,0.999497,logprobs,Alibaba
6591,17,43,1,1,1,0.777495,0.999122,logprobs,Alibaba
6592,17,45,1,1,1,0.835596,0.999424,logprobs,Alibaba
6593,17,47,1,1,1,0.904685,0.999451,logprobs,Alibaba
6594,17,49,1,1,1,0.880872,0.999456,logprobs,Alibaba
6595,17,51,1,1,1,0.88089,0.999432,logprobs,Alibaba
6596,17,53,1,1,1,0.706233,0.999108,logprobs,Alibaba
6597,17,55,0,0,1,0.622871,0.998874,logprobs,Alibaba
6598,17,57,0,0,0,0.294721,0.9988,logprobs,Alibaba
6599,17,59,0,0,1,0.562423,0.99883,logprobs,Alibaba
6600,17,61,0,0,0,0.438139,0.998897,logprobs,Alibaba
6601,17,63,0,0,0,0.469091,0.998091,logprobs,Alibaba
6602,17,65,0,0,1,0.500442,0.998972,logprobs,Alibaba
6603,17,67,0,0,1,0.67956,0.999072,logprobs,Alibaba
6604,17,69,0,0,0,0.469399,0.998982,logprobs,Alibaba
6605,17,71,0,0,1,0.835766,0.999104,logprobs,Alibaba
6606,17,73,0,0,1,0.915072,0.999428,logprobs,Alibaba
6607,17,75,1,1,1,0.994108,0.999832,logprobs,Alibaba
6608,17,77,1,1,1,0.979676,0.999802,logprobs,Alibaba
6609,17,79,1,1,1,0.987602,0.999809,logprobs,Alibaba
6610,17,81,1,1,1,0.867131,0.99932,logprobs,Alibaba
6611,17,83,0,0,1,0.915031,0.99965,logprobs,Alibaba
6612,17,85,0,0,1,0.957937,0.999702,logprobs,Alibaba
6613,17,87,0,0,1,0.500473,0.998919,logprobs,Alibaba
6614,17,89,0,0,1,0.798397,0.999404,logprobs,Alibaba
6615,17,91,0,0,1,0.932497,0.999727,logprobs,Alibaba
6616,17,93,0,0,1,0.731536,0.998952,logprobs,Alibaba
6617,17,95,1,1,1,0.893482,0.999607,logprobs,Alibaba
6618,17,97,0,0,1,0.818039,0.999265,logprobs,Alibaba
6619,17,99,1,1,1,0.979688,0.999702,logprobs,Alibaba
6620,17,101,1,1,1,0.990304,0.999783,logprobs,Alibaba
6621,17,103,1,1,1,0.962749,0.999655,logprobs,Alibaba
6622,17,105,1,1,1,0.623137,0.999318,logprobs,Alibaba
6623,17,107,1,1,0,0.408136,0.998909,logprobs,Alibaba
6624,17,109,0,0,1,0.563602,0.998891,logprobs,Alibaba
6625,17,111,0,0,0,0.37832,0.998813,logprobs,Alibaba
6626,17,113,0,0,0,0.096786,0.999478,logprobs,Alibaba
6627,17,115,0,0,0,0.183193,0.998901,logprobs,Alibaba
6628,17,117,0,0,0,0.295583,0.998544,logprobs,Alibaba
6629,17,119,0,0,1,0.500347,0.998839,logprobs,Alibaba
6630,17,121,1,1,1,0.755467,0.998978,logprobs,Alibaba
6631,17,123,0,0,0,0.378908,0.99897,logprobs,Alibaba
6632,17,125,0,0,0,0.085398,0.998824,logprobs,Alibaba
6633,17,127,0,0,0,0.067735,0.999316,logprobs,Alibaba
6634,17,129,0,0,0,0.04218,0.9988,logprobs,Alibaba
6635,17,131,0,0,0,0.014097,0.999392,logprobs,Alibaba
6636,17,133,0,0,0,0.042389,0.999225,logprobs,Alibaba
6637,17,135,0,0,0,0.020374,0.999426,logprobs,Alibaba
6638,17,137,0,0,0,0.047671,0.999054,logprobs,Alibaba
6639,17,139,0,0,0,0.03329,0.999261,logprobs,Alibaba
6640,17,141,0,0,0,0.020561,0.999355,logprobs,Alibaba
6641,17,143,0,0,0,0.015965,0.999623,logprobs,Alibaba
6642,17,145,0,0,0,0.047648,0.999092,logprobs,Alibaba
6643,17,147,0,0,0,0.042199,0.99887,logprobs,Alibaba
6644,17,149,0,0,0,0.06785,0.998536,logprobs,Alibaba
6645,17,151,0,0,0,0.047542,0.998605,logprobs,Alibaba
6646,17,153,0,0,0,0.04768,0.997037,logprobs,Alibaba
6647,17,155,0,0,0,0.047697,0.998482,logprobs,Alibaba
6648,17,157,0,0,0,0.085314,0.998316,logprobs,Alibaba
6649,17,159,0,0,0,0.047763,0.998418,logprobs,Alibaba
6650,17,161,0,0,0,0.053671,0.999111,logprobs,Alibaba
6651,17,163,0,0,0,0.033383,0.998614,logprobs,Alibaba
6652,17,165,0,0,0,0.023108,0.998122,logprobs,Alibaba
6653,17,167,0,0,0,0.033221,0.99905,logprobs,Alibaba
6654,17,169,0,0,0,0.047717,0.998912,logprobs,Alibaba
6655,17,171,0,0,0,0.037531,0.99893,logprobs,Alibaba
6656,17,173,0,0,0,0.047705,0.998843,logprobs,Alibaba
6657,17,175,0,0,0,0.085287,0.999111,logprobs,Alibaba
6658,17,177,0,0,0,0.042239,0.998625,logprobs,Alibaba
6659,17,179,0,0,0,0.075999,0.999188,logprobs,Alibaba
6660,15,-179,0,0,0,0.029467,0.999326,logprobs,Alibaba
6661,15,-177,0,0,0,0.011043,0.999459,logprobs,Alibaba
6662,15,-175,0,0,0,0.007618,0.999451,logprobs,Alibaba
6663,15,-173,0,0,0,0.018064,0.99856,logprobs,Alibaba
6664,15,-171,0,0,0,0.018079,0.999156,logprobs,Alibaba
6665,15,-169,0,0,0,0.029545,0.997716,logprobs,Alibaba
6666,15,-167,0,0,0,0.023108,0.998669,logprobs,Alibaba
6667,15,-165,0,0,0,0.007603,0.999062,logprobs,Alibaba
6668,15,-163,0,0,0,0.012542,0.998526,logprobs,Alibaba
6669,15,-161,0,0,0,0.018024,0.998807,logprobs,Alibaba
6670,15,-159,0,0,0,0.023096,0.996545,logprobs,Alibaba
6671,15,-157,0,0,0,0.067807,0.996609,logprobs,Alibaba
6672,15,-155,0,0,0,0.164696,0.998718,logprobs,Alibaba
6673,15,-153,0,0,0,0.016003,0.99915,logprobs,Alibaba
6674,15,-151,0,0,0,0.037536,0.997546,logprobs,Alibaba
6675,15,-149,0,0,0,0.029553,0.996413,logprobs,Alibaba
6676,15,-147,0,0,0,0.042631,0.997662,logprobs,Alibaba
6677,15,-145,0,0,0,0.015973,0.999048,logprobs,Alibaba
6678,15,-143,0,0,0,0.037611,0.999036,logprobs,Alibaba
6679,15,-141,0,0,0,0.026105,0.998232,logprobs,Alibaba
6680,15,-139,0,0,0,0.012498,0.999388,logprobs,Alibaba
6681,15,-137,0,0,0,0.014099,0.997938,logprobs,Alibaba
6682,15,-135,0,0,0,0.008608,0.999201,logprobs,Alibaba
6683,15,-133,0,0,0,0.007661,0.998251,logprobs,Alibaba
6684,15,-131,0,0,0,0.00973,0.999263,logprobs,Alibaba
6685,15,-129,0,0,0,0.005258,0.99946,logprobs,Alibaba
6686,15,-127,0,0,0,0.002178,0.999716,logprobs,Alibaba
6687,15,-125,0,0,0,0.011041,0.999526,logprobs,Alibaba
6688,15,-123,0,0,0,0.020384,0.999374,logprobs,Alibaba
6689,15,-121,0,0,0,0.407607,0.99667,logprobs,Alibaba
6690,15,-119,0,0,0,0.06785,0.995541,logprobs,Alibaba
6691,15,-117,0,0,0,0.047841,0.997696,logprobs,Alibaba
6692,15,-115,0,0,0,0.133552,0.997296,logprobs,Alibaba
6693,15,-113,0,0,0,0.023116,0.999356,logprobs,Alibaba
6694,15,-111,0,0,0,0.183938,0.99835,logprobs,Alibaba
6695,15,-109,0,0,0,0.020523,0.999192,logprobs,Alibaba
6696,15,-107,0,0,0,0.020438,0.999123,logprobs,Alibaba
6697,15,-105,0,0,0,0.026268,0.998685,logprobs,Alibaba
6698,15,-103,0,0,0,0.297462,0.997929,logprobs,Alibaba
6699,15,-101,0,0,1,0.73181,0.99895,logprobs,Alibaba
6700,15,-99,0,0,1,0.852274,0.999238,logprobs,Alibaba
6701,15,-97,0,0,1,0.946732,0.999641,logprobs,Alibaba
6702,15,-95,0,0,0,0.378604,0.997605,logprobs,Alibaba
6703,15,-93,0,0,1,0.732436,0.99918,logprobs,Alibaba
6704,15,-91,1,1,1,0.798984,0.999344,logprobs,Alibaba
6705,15,-89,1,1,1,0.651676,0.999035,logprobs,Alibaba
6706,15,-87,1,1,1,0.835738,0.999322,logprobs,Alibaba
6707,15,-85,1,1,1,0.622709,0.999018,logprobs,Alibaba
6708,15,-83,0,0,0,0.033133,0.999436,logprobs,Alibaba
6709,15,-81,0,0,0,0.026025,0.999146,logprobs,Alibaba
6710,15,-79,0,0,0,0.03742,0.998766,logprobs,Alibaba
6711,15,-77,0,0,0,0.165319,0.997691,logprobs,Alibaba
6712,15,-75,0,0,0,0.085368,0.998919,logprobs,Alibaba
6713,15,-73,0,0,0,0.13328,0.998317,logprobs,Alibaba
6714,15,-71,0,0,0,0.085327,0.998534,logprobs,Alibaba
6715,15,-69,0,0,0,0.29461,0.999173,logprobs,Alibaba
6716,15,-67,0,0,0,0.321262,0.999032,logprobs,Alibaba
6717,15,-65,0,0,0,0.047763,0.99911,logprobs,Alibaba
6718,15,-63,0,0,0,0.133269,0.999155,logprobs,Alibaba
6719,15,-61,0,0,0,0.269416,0.999236,logprobs,Alibaba
6720,15,-59,0,0,0,0.202444,0.998595,logprobs,Alibaba
6721,15,-57,0,0,0,0.349174,0.999196,logprobs,Alibaba
6722,15,-55,0,0,0,0.438377,0.998897,logprobs,Alibaba
6723,15,-53,0,0,1,0.867351,0.999477,logprobs,Alibaba
6724,15,-51,0,0,0,0.269636,0.999374,logprobs,Alibaba
6725,15,-49,0,0,0,0.246162,0.998894,logprobs,Alibaba
6726,15,-47,0,0,1,0.952671,0.999566,logprobs,Alibaba
6727,15,-45,0,0,1,0.500426,0.999005,logprobs,Alibaba
6728,15,-43,0,0,1,0.97968,0.999796,logprobs,Alibaba
6729,15,-41,0,0,1,0.924221,0.999684,logprobs,Alibaba
6730,15,-39,0,0,0,0.245923,0.997785,logprobs,Alibaba
6731,15,-37,0,0,1,0.706516,0.999061,logprobs,Alibaba
6732,15,-35,0,0,0,0.011025,0.999261,logprobs,Alibaba
6733,15,-33,0,0,0,0.269836,0.991047,logprobs,Alibaba
6734,15,-31,0,0,0,0.005255,0.998929,logprobs,Alibaba
6735,15,-29,0,0,0,0.349539,0.981772,logprobs,Alibaba
6736,15,-27,0,0,1,0.563721,0.996002,logprobs,Alibaba
6737,15,-25,0,0,0,0.3492,0.993836,logprobs,Alibaba
6738,15,-23,0,0,1,0.924373,0.999538,logprobs,Alibaba
6739,15,-21,0,0,0,0.085368,0.982684,logprobs,Alibaba
6740,15,-19,0,0,0,0.269638,0.994128,logprobs,Alibaba
6741,15,-17,1,1,1,0.731637,0.999062,logprobs,Alibaba
6742,15,-15,1,1,0,0.40809,0.99784,logprobs,Alibaba
6743,15,-13,1,1,1,0.679592,0.9991,logprobs,Alibaba
6744,15,-11,1,1,0,0.377979,0.99794,logprobs,Alibaba
6745,15,-9,1,1,0,0.378123,0.996656,logprobs,Alibaba
6746,15,-7,1,1,1,0.562499,0.999094,logprobs,Alibaba
6747,15,-5,1,1,0,0.182786,0.99735,logprobs,Alibaba
6748,15,-3,1,1,1,0.705943,0.999256,logprobs,Alibaba
6749,15,-1,1,1,1,0.904712,0.999264,logprobs,Alibaba
6750,15,1,1,1,1,0.946622,0.999632,logprobs,Alibaba
6751,15,3,1,1,1,0.932519,0.999367,logprobs,Alibaba
6752,15,5,1,1,1,0.939949,0.999595,logprobs,Alibaba
6753,15,7,1,1,1,0.974054,0.999602,logprobs,Alibaba
6754,15,9,1,1,1,0.974059,0.999675,logprobs,Alibaba
6755,15,11,1,1,1,0.904689,0.999576,logprobs,Alibaba
6756,15,13,1,1,1,0.89336,0.999423,logprobs,Alibaba
6757,15,15,1,1,1,0.867117,0.999414,logprobs,Alibaba
6758,15,17,1,1,1,0.867151,0.999126,logprobs,Alibaba
6759,15,19,1,1,1,0.984107,0.999803,logprobs,Alibaba
6760,15,21,1,1,1,0.932524,0.999533,logprobs,Alibaba
6761,15,23,1,1,1,0.946624,0.999666,logprobs,Alibaba
6762,15,25,1,1,1,0.962685,0.999584,logprobs,Alibaba
6763,15,27,1,1,1,0.939962,0.999537,logprobs,Alibaba
6764,15,29,1,1,1,0.962688,0.999651,logprobs,Alibaba
6765,15,31,1,1,1,0.977048,0.999723,logprobs,Alibaba
6766,15,33,1,1,1,0.979691,0.999731,logprobs,Alibaba
6767,15,35,1,1,1,0.946628,0.999652,logprobs,Alibaba
6768,15,37,1,1,1,0.880953,0.999346,logprobs,Alibaba
6769,15,39,1,1,1,0.867206,0.99947,logprobs,Alibaba
6770,15,41,0,0,1,0.835676,0.999346,logprobs,Alibaba
6771,15,43,1,1,1,0.867181,0.999385,logprobs,Alibaba
6772,15,45,1,1,1,0.593014,0.999245,logprobs,Alibaba
6773,15,47,1,1,1,0.867187,0.999318,logprobs,Alibaba
6774,15,49,1,1,1,0.914946,0.99951,logprobs,Alibaba
6775,15,51,0,0,1,0.932524,0.999537,logprobs,Alibaba
6776,15,53,0,0,0,0.469255,0.998826,logprobs,Alibaba
6777,15,55,0,0,0,0.349104,0.998517,logprobs,Alibaba
6778,15,57,0,0,0,0.182853,0.999069,logprobs,Alibaba
6779,15,59,0,0,0,0.269315,0.9981,logprobs,Alibaba
6780,15,61,0,0,0,0.26958,0.998654,logprobs,Alibaba
6781,15,63,0,0,0,0.182655,0.998601,logprobs,Alibaba
6782,15,65,0,0,0,0.148432,0.999034,logprobs,Alibaba
6783,15,67,0,0,0,0.269339,0.99898,logprobs,Alibaba
6784,15,69,0,0,0,0.348942,0.998806,logprobs,Alibaba
6785,15,71,0,0,0,0.222991,0.998785,logprobs,Alibaba
6786,15,73,0,0,1,0.904729,0.999569,logprobs,Alibaba
6787,15,75,1,1,1,0.974054,0.999747,logprobs,Alibaba
6788,15,77,1,1,1,0.984101,0.999786,logprobs,Alibaba
6789,15,79,1,1,1,0.893486,0.99963,logprobs,Alibaba
6790,15,81,0,0,0,0.269834,0.998877,logprobs,Alibaba
6791,15,83,0,0,0,0.037517,0.999385,logprobs,Alibaba
6792,15,85,0,0,0,0.294864,0.999203,logprobs,Alibaba
6793,15,87,0,0,0,0.321915,0.99844,logprobs,Alibaba
6794,15,89,0,0,1,0.651711,0.998982,logprobs,Alibaba
6795,15,91,0,0,1,0.731459,0.999473,logprobs,Alibaba
6796,15,93,0,0,0,0.085534,0.999222,logprobs,Alibaba
6797,15,95,0,0,0,0.26929,0.999339,logprobs,Alibaba
6798,15,97,0,0,1,0.651634,0.999317,logprobs,Alibaba
6799,15,99,1,1,1,0.962727,0.999623,logprobs,Alibaba
6800,15,101,1,1,1,0.979684,0.999706,logprobs,Alibaba
6801,15,103,1,1,1,0.970717,0.999716,logprobs,Alibaba
6802,15,105,1,1,1,0.893409,0.999589,logprobs,Alibaba
6803,15,107,1,1,0,0.438322,0.999066,logprobs,Alibaba
6804,15,109,0,0,0,0.119669,0.999266,logprobs,Alibaba
6805,15,111,0,0,0,0.245374,0.999094,logprobs,Alibaba
6806,15,113,0,0,0,0.075983,0.9994,logprobs,Alibaba
6807,15,115,0,0,0,0.133233,0.999075,logprobs,Alibaba
6808,15,117,0,0,0,0.060509,0.999336,logprobs,Alibaba
6809,15,119,0,0,0,0.067857,0.999065,logprobs,Alibaba
6810,15,121,1,1,1,0.852002,0.999453,logprobs,Alibaba
6811,15,123,0,0,0,0.269215,0.999025,logprobs,Alibaba
6812,15,125,0,0,0,0.096079,0.998641,logprobs,Alibaba
6813,15,127,0,0,0,0.026065,0.999436,logprobs,Alibaba
6814,15,129,0,0,0,0.023041,0.999588,logprobs,Alibaba
6815,15,131,0,0,0,0.020366,0.999221,logprobs,Alibaba
6816,15,133,0,0,0,0.037584,0.999378,logprobs,Alibaba
6817,15,135,0,0,0,0.014093,0.999418,logprobs,Alibaba
6818,15,137,0,0,0,0.01805,0.999412,logprobs,Alibaba
6819,15,139,0,0,0,0.029426,0.999207,logprobs,Alibaba
6820,15,141,0,0,0,0.06789,0.999289,logprobs,Alibaba
6821,15,143,0,0,0,0.076018,0.998958,logprobs,Alibaba
6822,15,145,0,0,0,0.076034,0.99877,logprobs,Alibaba
6823,15,147,0,0,0,0.020523,0.999365,logprobs,Alibaba
6824,15,149,0,0,0,0.107057,0.998205,logprobs,Alibaba
6825,15,151,0,0,0,0.06767,0.999205,logprobs,Alibaba
6826,15,153,0,0,0,0.015952,0.999313,logprobs,Alibaba
6827,15,155,0,0,0,0.042539,0.998496,logprobs,Alibaba
6828,15,157,0,0,0,0.047796,0.998764,logprobs,Alibaba
6829,15,159,0,0,0,0.03766,0.999122,logprobs,Alibaba
6830,15,161,0,0,0,0.042202,0.998681,logprobs,Alibaba
6831,15,163,0,0,0,0.04233,0.998464,logprobs,Alibaba
6832,15,165,0,0,0,0.023186,0.999205,logprobs,Alibaba
6833,15,167,0,0,0,0.026079,0.99938,logprobs,Alibaba
6834,15,169,0,0,0,0.033251,0.99909,logprobs,Alibaba
6835,15,171,0,0,0,0.033221,0.99929,logprobs,Alibaba
6836,15,173,0,0,0,0.023171,0.999443,logprobs,Alibaba
6837,15,175,0,0,0,0.020404,0.999341,logprobs,Alibaba
6838,15,177,0,0,0,0.047607,0.998847,logprobs,Alibaba
6839,15,179,0,0,0,0.053561,0.998928,logprobs,Alibaba
6840,13,-179,0,0,0,0.018136,0.999652,logprobs,Alibaba
6841,13,-177,0,0,0,0.012501,0.999602,logprobs,Alibaba
6842,13,-175,0,0,0,0.008648,0.999658,logprobs,Alibaba
6843,13,-173,0,0,0,0.026232,0.99884,logprobs,Alibaba
6844,13,-171,0,0,0,0.014181,0.999333,logprobs,Alibaba
6845,13,-169,0,0,0,0.026268,0.999193,logprobs,Alibaba
6846,13,-167,0,0,0,0.014118,0.999388,logprobs,Alibaba
6847,13,-165,0,0,0,0.014183,0.999007,logprobs,Alibaba
6848,13,-163,0,0,0,0.007626,0.999473,logprobs,Alibaba
6849,13,-161,0,0,0,0.015999,0.99945,logprobs,Alibaba
6850,13,-159,0,0,0,0.018126,0.999189,logprobs,Alibaba
6851,13,-157,0,0,0,0.02049,0.998834,logprobs,Alibaba
6852,13,-155,0,0,0,0.047714,0.99838,logprobs,Alibaba
6853,13,-153,0,0,0,0.004101,0.999346,logprobs,Alibaba
6854,13,-151,0,0,0,0.012579,0.998181,logprobs,Alibaba
6855,13,-149,0,0,0,0.047752,0.995608,logprobs,Alibaba
6856,13,-147,0,0,0,0.026134,0.9975,logprobs,Alibaba
6857,13,-145,0,0,0,0.047733,0.99875,logprobs,Alibaba
6858,13,-143,0,0,0,0.085715,0.999285,logprobs,Alibaba
6859,13,-141,0,0,0,0.005962,0.999278,logprobs,Alibaba
6860,13,-139,0,0,0,0.005962,0.999394,logprobs,Alibaba
6861,13,-137,0,0,0,0.014169,0.998711,logprobs,Alibaba
6862,13,-135,0,0,0,0.005246,0.999343,logprobs,Alibaba
6863,13,-133,0,0,0,0.026065,0.99725,logprobs,Alibaba
6864,13,-131,0,0,0,0.002468,0.999583,logprobs,Alibaba
6865,13,-129,0,0,0,0.003587,0.999433,logprobs,Alibaba
6866,13,-127,0,0,0,0.001032,0.999688,logprobs,Alibaba
6867,13,-125,0,0,0,0.095789,0.997948,logprobs,Alibaba
6868,13,-123,0,0,0,0.133718,0.9982,logprobs,Alibaba
6869,13,-121,0,0,0,0.439199,0.999012,logprobs,Alibaba
6870,13,-119,0,0,0,0.023108,0.99902,logprobs,Alibaba
6871,13,-117,0,0,0,0.033357,0.998641,logprobs,Alibaba
6872,13,-115,0,0,0,0.067857,0.998476,logprobs,Alibaba
6873,13,-113,0,0,0,0.352172,0.997914,logprobs,Alibaba
6874,13,-111,0,0,0,0.085943,0.998691,logprobs,Alibaba
6875,13,-109,0,0,0,0.012484,0.999393,logprobs,Alibaba
6876,13,-107,0,0,0,0.107222,0.99895,logprobs,Alibaba
6877,13,-105,0,0,1,0.623328,0.997963,logprobs,Alibaba
6878,13,-103,0,0,0,0.408917,0.994694,logprobs,Alibaba
6879,13,-101,0,0,1,0.777816,0.998766,logprobs,Alibaba
6880,13,-99,0,0,1,0.798803,0.999245,logprobs,Alibaba
6881,13,-97,0,0,1,0.904736,0.999514,logprobs,Alibaba
6882,13,-95,0,0,1,0.622798,0.999099,logprobs,Alibaba
6883,13,-93,0,0,1,0.799241,0.999187,logprobs,Alibaba
6884,13,-91,0,0,1,0.818028,0.999214,logprobs,Alibaba
6885,13,-89,0,0,1,0.946837,0.999618,logprobs,Alibaba
6886,13,-87,1,1,1,0.880872,0.999608,logprobs,Alibaba
6887,13,-85,1,1,1,0.835688,0.999443,logprobs,Alibaba
6888,13,-83,0,0,0,0.020428,0.999357,logprobs,Alibaba
6889,13,-81,0,0,0,0.012474,0.999595,logprobs,Alibaba
6890,13,-79,0,0,0,0.029422,0.999451,logprobs,Alibaba
6891,13,-77,0,0,1,0.563025,0.996768,logprobs,Alibaba
6892,13,-75,0,0,1,0.731392,0.99935,logprobs,Alibaba
6893,13,-73,0,0,1,0.818027,0.999475,logprobs,Alibaba
6894,13,-71,0,0,1,0.731683,0.999315,logprobs,Alibaba
6895,13,-69,0,0,0,0.408545,0.9992,logprobs,Alibaba
6896,13,-67,0,0,0,0.294906,0.999158,logprobs,Alibaba
6897,13,-65,0,0,0,0.053652,0.999632,logprobs,Alibaba
6898,13,-63,0,0,0,0.047672,0.999282,logprobs,Alibaba
6899,13,-61,0,0,0,0.085357,0.99942,logprobs,Alibaba
6900,13,-59,0,0,1,0.501862,0.998863,logprobs,Alibaba
6901,13,-57,0,0,0,0.033228,0.998447,logprobs,Alibaba
6902,13,-55,0,0,0,0.060282,0.99792,logprobs,Alibaba
6903,13,-53,0,0,1,0.564845,0.999037,logprobs,Alibaba
6904,13,-51,0,0,0,0.148775,0.998115,logprobs,Alibaba
6905,13,-49,0,0,1,0.593077,0.999413,logprobs,Alibaba
6906,13,-47,0,0,1,0.904795,0.999551,logprobs,Alibaba
6907,13,-45,0,0,0,0.006688,0.999515,logprobs,Alibaba
6908,13,-43,0,0,1,0.932605,0.999545,logprobs,Alibaba
6909,13,-41,0,0,1,0.974069,0.999812,logprobs,Alibaba
6910,13,-39,0,0,0,0.245794,0.998226,logprobs,Alibaba
6911,13,-37,0,0,0,0.183274,0.997925,logprobs,Alibaba
6912,13,-35,0,0,0,0.007628,0.999459,logprobs,Alibaba
6913,13,-33,0,0,0,0.047799,0.997083,logprobs,Alibaba
6914,13,-31,0,0,0,0.005899,0.99845,logprobs,Alibaba
6915,13,-29,0,0,0,0.012491,0.998456,logprobs,Alibaba
6916,13,-27,0,0,0,0.016016,0.997439,logprobs,Alibaba
6917,13,-25,0,0,0,0.026021,0.996158,logprobs,Alibaba
6918,13,-23,0,0,1,0.852192,0.999476,logprobs,Alibaba
6919,13,-21,0,0,0,0.322257,0.990607,logprobs,Alibaba
6920,13,-19,0,0,0,0.408086,0.991663,logprobs,Alibaba
6921,13,-17,0,0,1,0.562901,0.998494,logprobs,Alibaba
6922,13,-15,1,1,1,0.623288,0.998871,logprobs,Alibaba
6923,13,-13,1,1,0,0.295048,0.998441,logprobs,Alibaba
6924,13,-11,1,1,0,0.148272,0.98991,logprobs,Alibaba
6925,13,-9,1,1,0,0.203347,0.990163,logprobs,Alibaba
6926,13,-7,1,1,0,0.246648,0.996591,logprobs,Alibaba
6927,13,-5,1,1,0,0.245597,0.990901,logprobs,Alibaba
6928,13,-3,1,1,1,0.755084,0.999334,logprobs,Alibaba
6929,13,-1,1,1,1,0.952611,0.999586,logprobs,Alibaba
6930,13,1,1,1,1,0.924223,0.999566,logprobs,Alibaba
6931,13,3,1,1,1,0.940042,0.99955,logprobs,Alibaba
6932,13,5,1,1,1,0.904736,0.999503,logprobs,Alibaba
6933,13,7,1,1,1,0.952614,0.999592,logprobs,Alibaba
6934,13,9,1,1,1,0.95264,0.999728,logprobs,Alibaba
6935,13,11,1,1,1,0.867186,0.999399,logprobs,Alibaba
6936,13,13,1,1,1,0.939965,0.999498,logprobs,Alibaba
6937,13,15,1,1,1,0.924179,0.9992,logprobs,Alibaba
6938,13,17,1,1,1,0.867098,0.999296,logprobs,Alibaba
6939,13,19,1,1,1,0.962694,0.999554,logprobs,Alibaba
6940,13,21,1,1,1,0.966936,0.999669,logprobs,Alibaba
6941,13,23,1,1,1,0.946637,0.99951,logprobs,Alibaba
6942,13,25,1,1,1,0.89342,0.999424,logprobs,Alibaba
6943,13,27,1,1,1,0.946636,0.999562,logprobs,Alibaba
6944,13,29,1,1,1,0.957942,0.99954,logprobs,Alibaba
6945,13,31,1,1,1,0.957988,0.999695,logprobs,Alibaba
6946,13,33,1,1,1,0.932581,0.999612,logprobs,Alibaba
6947,13,35,1,1,1,0.96272,0.999706,logprobs,Alibaba
6948,13,37,1,1,1,0.852182,0.999406,logprobs,Alibaba
6949,13,39,1,1,1,0.924243,0.999381,logprobs,Alibaba
6950,13,41,1,1,1,0.852688,0.999301,logprobs,Alibaba
6951,13,43,0,0,1,0.623099,0.999176,logprobs,Alibaba
6952,13,45,1,1,1,0.592996,0.999018,logprobs,Alibaba
6953,13,47,0,0,1,0.914989,0.999613,logprobs,Alibaba
6954,13,49,0,0,1,0.914972,0.999549,logprobs,Alibaba
6955,13,51,0,0,1,0.880879,0.999315,logprobs,Alibaba
6956,13,53,0,0,1,0.62257,0.999294,logprobs,Alibaba
6957,13,55,0,0,0,0.11948,0.999172,logprobs,Alibaba
6958,13,57,0,0,0,0.067726,0.999268,logprobs,Alibaba
6959,13,59,0,0,0,0.119851,0.997768,logprobs,Alibaba
6960,13,61,0,0,0,0.269776,0.999148,logprobs,Alibaba
6961,13,63,0,0,0,0.295257,0.998923,logprobs,Alibaba
6962,13,65,0,0,0,0.133385,0.999227,logprobs,Alibaba
6963,13,67,0,0,0,0.378829,0.99856,logprobs,Alibaba
6964,13,69,0,0,1,0.731315,0.999004,logprobs,Alibaba
6965,13,71,0,0,1,0.932546,0.999537,logprobs,Alibaba
6966,13,73,0,0,1,0.852113,0.999348,logprobs,Alibaba
6967,13,75,1,1,1,0.957938,0.999652,logprobs,Alibaba
6968,13,77,1,1,1,0.998301,0.999852,logprobs,Alibaba
6969,13,79,1,1,1,0.940022,0.999658,logprobs,Alibaba
6970,13,81,0,0,1,0.594582,0.99798,logprobs,Alibaba
6971,13,83,0,0,0,0.439172,0.998513,logprobs,Alibaba
6972,13,85,0,0,1,0.867278,0.999489,logprobs,Alibaba
6973,13,87,0,0,1,0.75554,0.998765,logprobs,Alibaba
6974,13,89,0,0,1,0.904809,0.999594,logprobs,Alibaba
6975,13,91,0,0,1,0.623303,0.99931,logprobs,Alibaba
6976,13,93,0,0,0,0.120185,0.998899,logprobs,Alibaba
6977,13,95,0,0,1,0.652775,0.999362,logprobs,Alibaba
6978,13,97,0,0,1,0.623226,0.999149,logprobs,Alibaba
6979,13,99,1,1,1,0.893406,0.999543,logprobs,Alibaba
6980,13,101,1,1,1,0.893469,0.999516,logprobs,Alibaba
6981,13,103,1,1,1,0.932556,0.999609,logprobs,Alibaba
6982,13,105,1,1,1,0.924178,0.99963,logprobs,Alibaba
6983,13,107,1,1,1,0.593474,0.999329,logprobs,Alibaba
6984,13,109,1,1,0,0.295279,0.998776,logprobs,Alibaba
6985,13,111,0,0,1,0.679877,0.999384,logprobs,Alibaba
6986,13,113,0,0,1,0.680003,0.999215,logprobs,Alibaba
6987,13,115,0,0,0,0.438998,0.999166,logprobs,Alibaba
6988,13,117,0,0,0,0.120461,0.999191,logprobs,Alibaba
6989,13,119,0,0,0,0.321931,0.998673,logprobs,Alibaba
6990,13,121,1,1,1,0.777949,0.999218,logprobs,Alibaba
6991,13,123,1,1,1,0.622805,0.999388,logprobs,Alibaba
6992,13,125,0,0,0,0.438528,0.999349,logprobs,Alibaba
6993,13,127,0,0,0,0.119669,0.999425,logprobs,Alibaba
6994,13,129,0,0,0,0.164843,0.999319,logprobs,Alibaba
6995,13,131,0,0,0,0.033143,0.999351,logprobs,Alibaba
6996,13,133,0,0,0,0.095819,0.99914,logprobs,Alibaba
6997,13,135,0,0,0,0.060471,0.999419,logprobs,Alibaba
6998,13,137,0,0,0,0.106877,0.999373,logprobs,Alibaba
6999,13,139,0,0,0,0.06772,0.999233,logprobs,Alibaba
7000,13,141,0,0,0,0.053821,0.999364,logprobs,Alibaba
7001,13,143,0,0,0,0.047562,0.999334,logprobs,Alibaba
7002,13,145,0,0,0,0.095905,0.998691,logprobs,Alibaba
7003,13,147,0,0,0,0.060593,0.999094,logprobs,Alibaba
7004,13,149,0,0,0,0.076195,0.998577,logprobs,Alibaba
7005,13,151,0,0,0,0.149147,0.998565,logprobs,Alibaba
7006,13,153,0,0,0,0.060343,0.998688,logprobs,Alibaba
7007,13,155,0,0,0,0.02943,0.998339,logprobs,Alibaba
7008,13,157,0,0,0,0.037564,0.998612,logprobs,Alibaba
7009,13,159,0,0,0,0.033348,0.998814,logprobs,Alibaba
7010,13,161,0,0,0,0.06061,0.998786,logprobs,Alibaba
7011,13,163,0,0,0,0.047752,0.999521,logprobs,Alibaba
7012,13,165,0,0,0,0.047763,0.998311,logprobs,Alibaba
7013,13,167,0,0,0,0.076551,0.99912,logprobs,Alibaba
7014,13,169,0,0,0,0.037411,0.999488,logprobs,Alibaba
7015,13,171,0,0,0,0.042239,0.998155,logprobs,Alibaba
7016,13,173,0,0,0,0.047562,0.999193,logprobs,Alibaba
7017,13,175,0,0,0,0.042218,0.999375,logprobs,Alibaba
7018,13,177,0,0,0,0.023096,0.999289,logprobs,Alibaba
7019,13,179,0,0,0,0.053597,0.999014,logprobs,Alibaba
7020,11,-179,0,0,0,0.029363,0.999343,logprobs,Alibaba
7021,11,-177,0,0,0,0.023041,0.999117,logprobs,Alibaba
7022,11,-175,0,0,0,0.00866,0.999444,logprobs,Alibaba
7023,11,-173,0,0,0,0.014237,0.999259,logprobs,Alibaba
7024,11,-171,0,0,0,0.015976,0.99941,logprobs,Alibaba
7025,11,-169,0,0,0,0.020542,0.998915,logprobs,Alibaba
7026,11,-167,0,0,0,0.018047,0.999137,logprobs,Alibaba
7027,11,-165,0,0,0,0.014188,0.998427,logprobs,Alibaba
7028,11,-163,0,0,0,0.015973,0.999071,logprobs,Alibaba
7029,11,-161,0,0,0,0.008617,0.99902,logprobs,Alibaba
7030,11,-159,0,0,0,0.012491,0.998918,logprobs,Alibaba
7031,11,-157,0,0,0,0.023085,0.998524,logprobs,Alibaba
7032,11,-155,0,0,0,0.023061,0.996848,logprobs,Alibaba
7033,11,-153,0,0,0,0.012493,0.999191,logprobs,Alibaba
7034,11,-151,0,0,0,0.053566,0.998412,logprobs,Alibaba
7035,11,-149,0,0,1,0.531577,0.998843,logprobs,Alibaba
7036,11,-147,0,0,0,0.020501,0.9969,logprobs,Alibaba
7037,11,-145,0,0,0,0.015971,0.997994,logprobs,Alibaba
7038,11,-143,0,0,0,0.014107,0.999235,logprobs,Alibaba
7039,11,-141,0,0,0,0.14886,0.999014,logprobs,Alibaba
7040,11,-139,0,0,0,0.005261,0.999326,logprobs,Alibaba
7041,11,-137,0,0,0,0.033278,0.997839,logprobs,Alibaba
7042,11,-135,0,0,0,0.047599,0.997232,logprobs,Alibaba
7043,11,-133,0,0,0,0.076177,0.993945,logprobs,Alibaba
7044,11,-131,0,0,0,0.002177,0.999683,logprobs,Alibaba
7045,11,-129,0,0,0,0.002468,0.999542,logprobs,Alibaba
7046,11,-127,0,0,0,0.002829,0.999446,logprobs,Alibaba
7047,11,-125,0,0,0,0.003586,0.999182,logprobs,Alibaba
7048,11,-123,0,0,0,0.067648,0.998283,logprobs,Alibaba
7049,11,-121,0,0,0,0.119474,0.998066,logprobs,Alibaba
7050,11,-119,0,0,0,0.14849,0.989788,logprobs,Alibaba
7051,11,-117,0,0,0,0.085813,0.993905,logprobs,Alibaba
7052,11,-115,0,0,0,0.223992,0.993276,logprobs,Alibaba
7053,11,-113,0,0,0,0.295158,0.998166,logprobs,Alibaba
7054,11,-111,0,0,1,0.563602,0.998985,logprobs,Alibaba
7055,11,-109,0,0,0,0.245927,0.996955,logprobs,Alibaba
7056,11,-107,0,0,1,0.531843,0.994945,logprobs,Alibaba
7057,11,-105,0,0,0,0.076096,0.998841,logprobs,Alibaba
7058,11,-103,0,0,0,0.148775,0.994818,logprobs,Alibaba
7059,11,-101,0,0,1,0.932536,0.999469,logprobs,Alibaba
7060,11,-99,0,0,1,0.957981,0.999658,logprobs,Alibaba
7061,11,-97,0,0,1,0.531646,0.998453,logprobs,Alibaba
7062,11,-95,0,0,0,0.222968,0.998887,logprobs,Alibaba
7063,11,-93,0,0,0,0.295045,0.998362,logprobs,Alibaba
7064,11,-91,0,0,0,0.321753,0.998086,logprobs,Alibaba
7065,11,-89,0,0,1,0.777507,0.999279,logprobs,Alibaba
7066,11,-87,0,0,1,0.915017,0.999556,logprobs,Alibaba
7067,11,-85,1,1,1,0.680048,0.999113,logprobs,Alibaba
7068,11,-83,0,0,1,0.500574,0.997869,logprobs,Alibaba
7069,11,-81,0,0,0,0.06776,0.999001,logprobs,Alibaba
7070,11,-79,0,0,0,0.133369,0.99721,logprobs,Alibaba
7071,11,-77,0,0,0,0.438656,0.997261,logprobs,Alibaba
7072,11,-75,0,0,0,0.349027,0.998954,logprobs,Alibaba
7073,11,-73,1,1,1,0.798287,0.999335,logprobs,Alibaba
7074,11,-71,1,1,1,0.835917,0.999525,logprobs,Alibaba
7075,11,-69,1,1,1,0.679621,0.999316,logprobs,Alibaba
7076,11,-67,0,0,1,0.755109,0.999434,logprobs,Alibaba
7077,11,-65,0,0,0,0.13399,0.999522,logprobs,Alibaba
7078,11,-63,0,0,0,0.060187,0.999323,logprobs,Alibaba
7079,11,-61,0,0,0,0.148696,0.99923,logprobs,Alibaba
7080,11,-59,0,0,0,0.165126,0.9959,logprobs,Alibaba
7081,11,-57,0,0,0,0.349398,0.999238,logprobs,Alibaba
7082,11,-55,0,0,1,0.798356,0.999447,logprobs,Alibaba
7083,11,-53,0,0,1,0.777558,0.999579,logprobs,Alibaba
7084,11,-51,0,0,1,0.852223,0.999568,logprobs,Alibaba
7085,11,-49,0,0,1,0.835771,0.999403,logprobs,Alibaba
7086,11,-47,0,0,1,0.904712,0.999582,logprobs,Alibaba
7087,11,-45,0,0,1,0.852101,0.999472,logprobs,Alibaba
7088,11,-43,0,0,1,0.915046,0.999514,logprobs,Alibaba
7089,11,-41,0,0,1,0.970707,0.999671,logprobs,Alibaba
7090,11,-39,0,0,1,0.777585,0.999392,logprobs,Alibaba
7091,11,-37,0,0,1,0.852223,0.999422,logprobs,Alibaba
7092,11,-35,0,0,0,0.471053,0.996094,logprobs,Alibaba
7093,11,-33,0,0,0,0.095732,0.996444,logprobs,Alibaba
7094,11,-31,0,0,0,0.003168,0.999201,logprobs,Alibaba
7095,11,-29,0,0,0,0.06777,0.993952,logprobs,Alibaba
7096,11,-27,0,0,0,0.042162,0.996581,logprobs,Alibaba
7097,11,-25,0,0,0,0.095793,0.994682,logprobs,Alibaba
7098,11,-23,0,0,1,0.755346,0.999248,logprobs,Alibaba
7099,11,-21,0,0,1,0.563602,0.996919,logprobs,Alibaba
7100,11,-19,0,0,1,0.652194,0.997448,logprobs,Alibaba
7101,11,-17,0,0,1,0.532339,0.998727,logprobs,Alibaba
7102,11,-15,1,1,0,0.349447,0.993567,logprobs,Alibaba
7103,11,-13,1,1,1,0.731611,0.999254,logprobs,Alibaba
7104,11,-11,1,1,0,0.075968,0.99565,logprobs,Alibaba
7105,11,-9,1,1,0,0.085287,0.992496,logprobs,Alibaba
7106,11,-7,1,1,0,0.32146,0.993727,logprobs,Alibaba
7107,11,-5,1,1,0,0.075973,0.993967,logprobs,Alibaba
7108,11,-3,1,1,1,0.500393,0.997454,logprobs,Alibaba
7109,11,-1,1,1,0,0.469674,0.998794,logprobs,Alibaba
7110,11,1,1,1,1,0.914952,0.999547,logprobs,Alibaba
7111,11,3,1,1,1,0.867186,0.999544,logprobs,Alibaba
7112,11,5,1,1,1,0.904722,0.999522,logprobs,Alibaba
7113,11,7,1,1,1,0.904695,0.999518,logprobs,Alibaba
7114,11,9,1,1,1,0.852336,0.99944,logprobs,Alibaba
7115,11,11,1,1,1,0.893365,0.999328,logprobs,Alibaba
7116,11,13,1,1,1,0.904729,0.999422,logprobs,Alibaba
7117,11,15,1,1,1,0.90472,0.999403,logprobs,Alibaba
7118,11,17,1,1,1,0.904711,0.99959,logprobs,Alibaba
7119,11,19,1,1,1,0.946699,0.999404,logprobs,Alibaba
7120,11,21,1,1,1,0.952615,0.999599,logprobs,Alibaba
7121,11,23,1,1,1,0.93997,0.999604,logprobs,Alibaba
7122,11,25,1,1,1,0.867254,0.999458,logprobs,Alibaba
7123,11,27,1,1,1,0.904739,0.999487,logprobs,Alibaba
7124,11,29,1,1,1,0.904752,0.999538,logprobs,Alibaba
7125,11,31,1,1,1,0.915049,0.999517,logprobs,Alibaba
7126,11,33,1,1,1,0.924207,0.999536,logprobs,Alibaba
7127,11,35,1,1,1,0.924205,0.999594,logprobs,Alibaba
7128,11,37,1,1,1,0.904707,0.999534,logprobs,Alibaba
7129,11,39,1,1,1,0.852137,0.999372,logprobs,Alibaba
7130,11,41,1,1,1,0.651626,0.999113,logprobs,Alibaba
7131,11,43,1,1,0,0.43821,0.999124,logprobs,Alibaba
7132,11,45,0,0,1,0.679424,0.999006,logprobs,Alibaba
7133,11,47,0,0,1,0.904751,0.999623,logprobs,Alibaba
7134,11,49,1,1,1,0.946624,0.999463,logprobs,Alibaba
7135,11,51,1,1,1,0.932568,0.999566,logprobs,Alibaba
7136,11,53,0,0,1,0.562359,0.999208,logprobs,Alibaba
7137,11,55,0,0,0,0.29444,0.998966,logprobs,Alibaba
7138,11,57,0,0,0,0.14862,0.999252,logprobs,Alibaba
7139,11,59,0,0,0,0.321188,0.998446,logprobs,Alibaba
7140,11,61,0,0,0,0.060269,0.999261,logprobs,Alibaba
7141,11,63,0,0,0,0.469095,0.998828,logprobs,Alibaba
7142,11,65,0,0,0,0.202312,0.998359,logprobs,Alibaba
7143,11,67,0,0,0,0.40782,0.99878,logprobs,Alibaba
7144,11,69,0,0,0,0.321558,0.998002,logprobs,Alibaba
7145,11,71,0,0,0,0.407887,0.998775,logprobs,Alibaba
7146,11,73,0,0,0,0.378744,0.997107,logprobs,Alibaba
7147,11,75,0,0,1,0.939946,0.999571,logprobs,Alibaba
7148,11,77,1,1,1,0.977037,0.999713,logprobs,Alibaba
7149,11,79,1,1,1,0.817732,0.99936,logprobs,Alibaba
7150,11,81,0,0,0,0.133454,0.99858,logprobs,Alibaba
7151,11,83,0,0,0,0.202585,0.997781,logprobs,Alibaba
7152,11,85,0,0,0,0.295045,0.998244,logprobs,Alibaba
7153,11,87,0,0,0,0.183409,0.998585,logprobs,Alibaba
7154,11,89,0,0,0,0.223298,0.999057,logprobs,Alibaba
7155,11,91,0,0,0,0.164756,0.999393,logprobs,Alibaba
7156,11,93,0,0,0,0.095551,0.999236,logprobs,Alibaba
7157,11,95,0,0,0,0.24582,0.99923,logprobs,Alibaba
7158,11,97,0,0,0,0.438212,0.99921,logprobs,Alibaba
7159,11,99,1,1,1,0.501002,0.999009,logprobs,Alibaba
7160,11,101,0,0,0,0.349026,0.999333,logprobs,Alibaba
7161,11,103,0,0,0,0.469893,0.999116,logprobs,Alibaba
7162,11,105,1,1,1,0.531795,0.99937,logprobs,Alibaba
7163,11,107,1,1,1,0.818626,0.999473,logprobs,Alibaba
7164,11,109,0,0,1,0.593133,0.998934,logprobs,Alibaba
7165,11,111,0,0,0,0.294708,0.999237,logprobs,Alibaba
7166,11,113,0,0,0,0.37837,0.999145,logprobs,Alibaba
7167,11,115,0,0,0,0.269866,0.999191,logprobs,Alibaba
7168,11,117,0,0,0,0.470392,0.998608,logprobs,Alibaba
7169,11,119,0,0,0,0.183175,0.999068,logprobs,Alibaba
7170,11,121,0,0,1,0.562789,0.999062,logprobs,Alibaba
7171,11,123,0,0,1,0.593292,0.998996,logprobs,Alibaba
7172,11,125,1,1,0,0.29489,0.999204,logprobs,Alibaba
7173,11,127,0,0,0,0.119449,0.999487,logprobs,Alibaba
7174,11,129,0,0,0,0.095687,0.999292,logprobs,Alibaba
7175,11,131,0,0,0,0.042449,0.999447,logprobs,Alibaba
7176,11,133,0,0,0,0.148483,0.999278,logprobs,Alibaba
7177,11,135,0,0,0,0.029454,0.999354,logprobs,Alibaba
7178,11,137,0,0,0,0.037543,0.999247,logprobs,Alibaba
7179,11,139,0,0,0,0.037395,0.999423,logprobs,Alibaba
7180,11,141,0,0,0,0.018032,0.999367,logprobs,Alibaba
7181,11,143,0,0,0,0.037399,0.99923,logprobs,Alibaba
7182,11,145,0,0,0,0.042295,0.998551,logprobs,Alibaba
7183,11,147,0,0,0,0.033218,0.997686,logprobs,Alibaba
7184,11,149,0,0,0,0.107048,0.99848,logprobs,Alibaba
7185,11,151,0,0,0,0.085656,0.99849,logprobs,Alibaba
7186,11,153,0,0,0,0.023058,0.999128,logprobs,Alibaba
7187,11,155,0,0,0,0.029375,0.998271,logprobs,Alibaba
7188,11,157,0,0,0,0.026021,0.999338,logprobs,Alibaba
7189,11,159,0,0,0,0.029398,0.99951,logprobs,Alibaba
7190,11,161,0,0,0,0.023308,0.998985,logprobs,Alibaba
7191,11,163,0,0,0,0.023116,0.999124,logprobs,Alibaba
7192,11,165,0,0,0,0.015979,0.99913,logprobs,Alibaba
7193,11,167,0,0,0,0.026302,0.999412,logprobs,Alibaba
7194,11,169,0,0,0,0.053515,0.999144,logprobs,Alibaba
7195,11,171,0,0,0,0.018079,0.999472,logprobs,Alibaba
7196,11,173,0,0,0,0.026124,0.999295,logprobs,Alibaba
7197,11,175,0,0,0,0.042159,0.999197,logprobs,Alibaba
7198,11,177,0,0,0,0.029422,0.999147,logprobs,Alibaba
7199,11,179,0,0,0,0.033206,0.999238,logprobs,Alibaba
7200,9,-179,0,0,0,0.018105,0.999471,logprobs,Alibaba
7201,9,-177,0,0,0,0.020481,0.999286,logprobs,Alibaba
7202,9,-175,0,0,0,0.020407,0.999394,logprobs,Alibaba
7203,9,-173,0,0,0,0.020428,0.999362,logprobs,Alibaba
7204,9,-171,0,0,0,0.015967,0.999325,logprobs,Alibaba
7205,9,-169,0,0,0,0.026068,0.997514,logprobs,Alibaba
7206,9,-167,0,0,0,0.018165,0.999434,logprobs,Alibaba
7207,9,-165,0,0,0,0.012525,0.99852,logprobs,Alibaba
7208,9,-163,0,0,0,0.01251,0.999502,logprobs,Alibaba
7209,9,-161,0,0,0,0.008626,0.999467,logprobs,Alibaba
7210,9,-159,0,0,0,0.012621,0.998798,logprobs,Alibaba
7211,9,-157,0,0,0,0.016003,0.999088,logprobs,Alibaba
7212,9,-155,0,0,0,0.023099,0.998298,logprobs,Alibaba
7213,9,-153,0,0,0,0.01105,0.998578,logprobs,Alibaba
7214,9,-151,0,0,0,0.018077,0.998958,logprobs,Alibaba
7215,9,-149,0,0,0,0.076485,0.995702,logprobs,Alibaba
7216,9,-147,0,0,0,0.026083,0.997721,logprobs,Alibaba
7217,9,-145,0,0,0,0.012529,0.998818,logprobs,Alibaba
7218,9,-143,0,0,0,0.026157,0.997989,logprobs,Alibaba
7219,9,-141,0,0,0,0.026134,0.998994,logprobs,Alibaba
7220,9,-139,0,0,0,0.007661,0.999439,logprobs,Alibaba
7221,9,-137,0,0,0,0.016041,0.999228,logprobs,Alibaba
7222,9,-135,0,0,0,0.009758,0.999344,logprobs,Alibaba
7223,9,-133,0,0,0,0.011097,0.998832,logprobs,Alibaba
7224,9,-131,0,0,0,0.007618,0.999484,logprobs,Alibaba
7225,9,-129,0,0,0,0.012422,0.998453,logprobs,Alibaba
7226,9,-127,0,0,0,0.009753,0.998743,logprobs,Alibaba
7227,9,-125,0,0,0,0.012459,0.998436,logprobs,Alibaba
7228,9,-123,0,0,0,0.148202,0.998991,logprobs,Alibaba
7229,9,-121,0,0,0,0.11962,0.99769,logprobs,Alibaba
7230,9,-119,0,0,0,0.02314,0.996913,logprobs,Alibaba
7231,9,-117,0,0,0,0.037475,0.995689,logprobs,Alibaba
7232,9,-115,0,0,0,0.029478,0.998579,logprobs,Alibaba
7233,9,-113,0,0,0,0.015987,0.999411,logprobs,Alibaba
7234,9,-111,0,0,0,0.026248,0.998182,logprobs,Alibaba
7235,9,-109,0,0,0,0.023148,0.999156,logprobs,Alibaba
7236,9,-107,0,0,0,0.018098,0.998904,logprobs,Alibaba
7237,9,-105,0,0,0,0.033365,0.998443,logprobs,Alibaba
7238,9,-103,0,0,0,0.053765,0.998193,logprobs,Alibaba
7239,9,-101,0,0,1,0.531894,0.998859,logprobs,Alibaba
7240,9,-99,0,0,1,0.79879,0.999357,logprobs,Alibaba
7241,9,-97,0,0,0,0.378546,0.998814,logprobs,Alibaba
7242,9,-95,0,0,0,0.133825,0.996516,logprobs,Alibaba
7243,9,-93,0,0,0,0.148432,0.998244,logprobs,Alibaba
7244,9,-91,0,0,0,0.085591,0.998637,logprobs,Alibaba
7245,9,-89,0,0,0,0.148554,0.998155,logprobs,Alibaba
7246,9,-87,0,0,0,0.348923,0.997937,logprobs,Alibaba
7247,9,-85,0,0,0,0.165069,0.994144,logprobs,Alibaba
7248,9,-83,1,1,1,0.563206,0.998664,logprobs,Alibaba
7249,9,-81,0,0,0,0.165069,0.998207,logprobs,Alibaba
7250,9,-79,1,1,0,0.379017,0.998924,logprobs,Alibaba
7251,9,-77,0,0,1,0.755258,0.999278,logprobs,Alibaba
7252,9,-75,1,1,0,0.438238,0.99937,logprobs,Alibaba
7253,9,-73,1,1,1,0.904753,0.999404,logprobs,Alibaba
7254,9,-71,1,1,1,0.798454,0.999438,logprobs,Alibaba
7255,9,-69,1,1,1,0.867386,0.999437,logprobs,Alibaba
7256,9,-67,1,1,1,0.798462,0.999148,logprobs,Alibaba
7257,9,-65,1,1,1,0.622801,0.999299,logprobs,Alibaba
7258,9,-63,1,1,0,0.349503,0.999039,logprobs,Alibaba
7259,9,-61,1,1,0,0.20237,0.999427,logprobs,Alibaba
7260,9,-59,0,0,0,0.245702,0.998897,logprobs,Alibaba
7261,9,-57,0,0,0,0.148698,0.99905,logprobs,Alibaba
7262,9,-55,0,0,1,0.562862,0.999316,logprobs,Alibaba
7263,9,-53,0,0,1,0.732655,0.999368,logprobs,Alibaba
7264,9,-51,0,0,1,0.680105,0.999371,logprobs,Alibaba
7265,9,-49,0,0,1,0.798698,0.999275,logprobs,Alibaba
7266,9,-47,0,0,1,0.880952,0.999628,logprobs,Alibaba
7267,9,-45,0,0,1,0.622966,0.99946,logprobs,Alibaba
7268,9,-43,0,0,1,0.952801,0.999683,logprobs,Alibaba
7269,9,-41,0,0,1,0.946734,0.999563,logprobs,Alibaba
7270,9,-39,0,0,1,0.83586,0.999508,logprobs,Alibaba
7271,9,-37,0,0,1,0.622926,0.999102,logprobs,Alibaba
7272,9,-35,0,0,0,0.202543,0.986432,logprobs,Alibaba
7273,9,-33,0,0,0,0.06783,0.996833,logprobs,Alibaba
7274,9,-31,0,0,0,0.012509,0.998546,logprobs,Alibaba
7275,9,-29,0,0,0,0.053582,0.99692,logprobs,Alibaba
7276,9,-27,0,0,0,0.076005,0.99146,logprobs,Alibaba
7277,9,-25,0,0,0,0.006716,0.998624,logprobs,Alibaba
7278,9,-23,0,0,0,0.16542,0.992853,logprobs,Alibaba
7279,9,-21,0,0,0,0.321123,0.99169,logprobs,Alibaba
7280,9,-19,0,0,0,0.148668,0.979351,logprobs,Alibaba
7281,9,-17,0,0,1,0.679669,0.998913,logprobs,Alibaba
7282,9,-15,0,0,1,0.651842,0.998972,logprobs,Alibaba
7283,9,-13,1,1,1,0.817746,0.999509,logprobs,Alibaba
7284,9,-11,1,1,1,0.623328,0.998948,logprobs,Alibaba
7285,9,-9,1,1,0,0.165141,0.995511,logprobs,Alibaba
7286,9,-7,1,1,1,0.500594,0.999047,logprobs,Alibaba
7287,9,-5,1,1,0,0.294819,0.994893,logprobs,Alibaba
7288,9,-3,1,1,1,0.532545,0.998397,logprobs,Alibaba
7289,9,-1,1,1,1,0.755299,0.999387,logprobs,Alibaba
7290,9,1,1,1,1,0.932494,0.999457,logprobs,Alibaba
7291,9,3,1,1,1,0.957965,0.99957,logprobs,Alibaba
7292,9,5,1,1,1,0.88087,0.999495,logprobs,Alibaba
7293,9,7,1,1,1,0.880946,0.999339,logprobs,Alibaba
7294,9,9,1,1,1,0.755048,0.999284,logprobs,Alibaba
7295,9,11,1,1,1,0.946638,0.999589,logprobs,Alibaba
7296,9,13,1,1,1,0.946654,0.999483,logprobs,Alibaba
7297,9,15,1,1,1,0.962742,0.999647,logprobs,Alibaba
7298,9,17,1,1,1,0.924212,0.999423,logprobs,Alibaba
7299,9,19,1,1,1,0.932628,0.999594,logprobs,Alibaba
7300,9,21,1,1,1,0.924229,0.999431,logprobs,Alibaba
7301,9,23,1,1,1,0.939942,0.99956,logprobs,Alibaba
7302,9,25,1,1,1,0.893386,0.999687,logprobs,Alibaba
7303,9,27,1,1,1,0.9047,0.999442,logprobs,Alibaba
7304,9,29,1,1,1,0.893397,0.999534,logprobs,Alibaba
7305,9,31,1,1,1,0.932491,0.999452,logprobs,Alibaba
7306,9,33,1,1,1,0.924225,0.999375,logprobs,Alibaba
7307,9,35,1,1,1,0.962689,0.999694,logprobs,Alibaba
7308,9,37,1,1,1,0.962714,0.99967,logprobs,Alibaba
7309,9,39,1,1,1,0.939997,0.99955,logprobs,Alibaba
7310,9,41,1,1,1,0.904886,0.999448,logprobs,Alibaba
7311,9,43,1,1,1,0.893514,0.999348,logprobs,Alibaba
7312,9,45,1,1,1,0.893377,0.999571,logprobs,Alibaba
7313,9,47,1,1,1,0.915018,0.999403,logprobs,Alibaba
7314,9,49,1,1,1,0.96272,0.999547,logprobs,Alibaba
7315,9,51,0,0,1,0.915085,0.999402,logprobs,Alibaba
7316,9,53,0,0,1,0.755186,0.999292,logprobs,Alibaba
7317,9,55,0,0,0,0.438502,0.998591,logprobs,Alibaba
7318,9,57,0,0,0,0.202528,0.998848,logprobs,Alibaba
7319,9,59,0,0,0,0.164751,0.998622,logprobs,Alibaba
7320,9,61,0,0,0,0.349132,0.99898,logprobs,Alibaba
7321,9,63,0,0,0,0.245414,0.998414,logprobs,Alibaba
7322,9,65,0,0,1,0.731264,0.999092,logprobs,Alibaba
7323,9,67,0,0,0,0.245342,0.998797,logprobs,Alibaba
7324,9,69,0,0,0,0.294864,0.998803,logprobs,Alibaba
7325,9,71,0,0,1,0.531805,0.998625,logprobs,Alibaba
7326,9,73,0,0,0,0.269451,0.998954,logprobs,Alibaba
7327,9,75,0,0,0,0.4381,0.998419,logprobs,Alibaba
7328,9,77,1,1,1,0.852103,0.999297,logprobs,Alibaba
7329,9,79,0,0,1,0.651812,0.998981,logprobs,Alibaba
7330,9,81,0,0,1,0.531843,0.998833,logprobs,Alibaba
7331,9,83,0,0,0,0.350518,0.995327,logprobs,Alibaba
7332,9,85,0,0,0,0.37808,0.997967,logprobs,Alibaba
7333,9,87,0,0,0,0.164982,0.999051,logprobs,Alibaba
7334,9,89,0,0,0,0.165055,0.999434,logprobs,Alibaba
7335,9,91,0,0,0,0.149089,0.99928,logprobs,Alibaba
7336,9,93,0,0,0,0.245596,0.998705,logprobs,Alibaba
7337,9,95,0,0,0,0.164793,0.999296,logprobs,Alibaba
7338,9,97,0,0,0,0.349555,0.999286,logprobs,Alibaba
7339,9,99,1,1,1,0.50026,0.999274,logprobs,Alibaba
7340,9,101,0,0,1,0.755481,0.999223,logprobs,Alibaba
7341,9,103,0,0,0,0.297024,0.999152,logprobs,Alibaba
7342,9,105,1,1,0,0.378466,0.999191,logprobs,Alibaba
7343,9,107,0,0,0,0.245809,0.999221,logprobs,Alibaba
7344,9,109,0,0,0,0.408136,0.999083,logprobs,Alibaba
7345,9,111,0,0,0,0.269707,0.999349,logprobs,Alibaba
7346,9,113,0,0,0,0.270059,0.999171,logprobs,Alibaba
7347,9,115,0,0,0,0.349936,0.998461,logprobs,Alibaba
7348,9,117,0,0,0,0.37872,0.998889,logprobs,Alibaba
7349,9,119,0,0,0,0.408188,0.99903,logprobs,Alibaba
7350,9,121,0,0,0,0.349379,0.999136,logprobs,Alibaba
7351,9,123,0,0,1,0.500609,0.999064,logprobs,Alibaba
7352,9,125,0,0,0,0.202037,0.998867,logprobs,Alibaba
7353,9,127,0,0,0,0.133283,0.999166,logprobs,Alibaba
7354,9,129,0,0,0,0.378365,0.999045,logprobs,Alibaba
7355,9,131,0,0,0,0.047542,0.999254,logprobs,Alibaba
7356,9,133,0,0,0,0.119486,0.999315,logprobs,Alibaba
7357,9,135,0,0,0,0.042252,0.999192,logprobs,Alibaba
7358,9,137,0,0,0,0.053757,0.999146,logprobs,Alibaba
7359,9,139,0,0,0,0.08532,0.999181,logprobs,Alibaba
7360,9,141,0,0,0,0.148554,0.99821,logprobs,Alibaba
7361,9,143,0,0,0,0.042206,0.999159,logprobs,Alibaba
7362,9,145,0,0,0,0.033192,0.998507,logprobs,Alibaba
7363,9,147,0,0,0,0.085512,0.997976,logprobs,Alibaba
7364,9,149,0,0,0,0.095741,0.999069,logprobs,Alibaba
7365,9,151,0,0,0,0.085994,0.998256,logprobs,Alibaba
7366,9,153,0,0,0,0.047542,0.998519,logprobs,Alibaba
7367,9,155,0,0,0,0.0853,0.998672,logprobs,Alibaba
7368,9,157,0,0,0,0.047601,0.999314,logprobs,Alibaba
7369,9,159,0,0,0,0.166203,0.998883,logprobs,Alibaba
7370,9,161,0,0,0,0.033266,0.998945,logprobs,Alibaba
7371,9,163,0,0,0,0.033357,0.998682,logprobs,Alibaba
7372,9,165,0,0,0,0.029579,0.999323,logprobs,Alibaba
7373,9,167,0,0,0,0.042299,0.999408,logprobs,Alibaba
7374,9,169,0,0,0,0.053625,0.999145,logprobs,Alibaba
7375,9,171,0,0,0,0.02959,0.999232,logprobs,Alibaba
7376,9,173,0,0,0,0.029576,0.999419,logprobs,Alibaba
7377,9,175,0,0,0,0.033188,0.999276,logprobs,Alibaba
7378,9,177,0,0,0,0.037529,0.999117,logprobs,Alibaba
7379,9,179,0,0,0,0.060274,0.999042,logprobs,Alibaba
7380,7,-179,0,0,0,0.018059,0.999375,logprobs,Alibaba
7381,7,-177,0,0,0,0.026039,0.999343,logprobs,Alibaba
7382,7,-175,0,0,0,0.015975,0.999471,logprobs,Alibaba
7383,7,-173,0,0,0,0.009765,0.999183,logprobs,Alibaba
7384,7,-171,0,0,0,0.015991,0.999395,logprobs,Alibaba
7385,7,-169,0,0,0,0.023076,0.998739,logprobs,Alibaba
7386,7,-167,0,0,0,0.023205,0.999193,logprobs,Alibaba
7387,7,-165,0,0,0,0.008618,0.99914,logprobs,Alibaba
7388,7,-163,0,0,0,0.026214,0.999191,logprobs,Alibaba
7389,7,-161,0,0,0,0.018156,0.997985,logprobs,Alibaba
7390,7,-159,0,0,0,0.020517,0.998497,logprobs,Alibaba
7391,7,-157,0,0,0,0.029422,0.997684,logprobs,Alibaba
7392,7,-155,0,0,0,0.029473,0.998298,logprobs,Alibaba
7393,7,-153,0,0,0,0.026055,0.998052,logprobs,Alibaba
7394,7,-151,0,0,0,0.106908,0.997467,logprobs,Alibaba
7395,7,-149,0,0,0,0.471829,0.999123,logprobs,Alibaba
7396,7,-147,0,0,0,0.067881,0.99722,logprobs,Alibaba
7397,7,-145,0,0,0,0.020437,0.998169,logprobs,Alibaba
7398,7,-143,0,0,0,0.029511,0.998643,logprobs,Alibaba
7399,7,-141,0,0,0,0.037495,0.997179,logprobs,Alibaba
7400,7,-139,0,0,0,0.018136,0.998834,logprobs,Alibaba
7401,7,-137,0,0,0,0.02614,0.998123,logprobs,Alibaba
7402,7,-135,0,0,0,0.011044,0.99902,logprobs,Alibaba
7403,7,-133,0,0,0,0.068201,0.998218,logprobs,Alibaba
7404,7,-131,0,0,0,0.012491,0.999391,logprobs,Alibaba
7405,7,-129,0,0,0,0.08558,0.996533,logprobs,Alibaba
7406,7,-127,0,0,0,0.042192,0.997823,logprobs,Alibaba
7407,7,-125,0,0,0,0.106857,0.998132,logprobs,Alibaba
7408,7,-123,0,0,0,0.245433,0.99908,logprobs,Alibaba
7409,7,-121,0,0,0,0.202156,0.998914,logprobs,Alibaba
7410,7,-119,0,0,0,0.095774,0.997952,logprobs,Alibaba
7411,7,-117,0,0,0,0.13328,0.994685,logprobs,Alibaba
7412,7,-115,0,0,0,0.085601,0.997054,logprobs,Alibaba
7413,7,-113,0,0,0,0.3215,0.99894,logprobs,Alibaba
7414,7,-111,0,0,0,0.295968,0.99898,logprobs,Alibaba
7415,7,-109,0,0,0,0.107233,0.998106,logprobs,Alibaba
7416,7,-107,0,0,1,0.531789,0.998526,logprobs,Alibaba
7417,7,-105,0,0,0,0.321106,0.998512,logprobs,Alibaba
7418,7,-103,0,0,1,0.501735,0.998952,logprobs,Alibaba
7419,7,-101,0,0,1,0.706444,0.999197,logprobs,Alibaba
7420,7,-99,0,0,1,0.90481,0.999585,logprobs,Alibaba
7421,7,-97,0,0,1,0.706653,0.998984,logprobs,Alibaba
7422,7,-95,0,0,1,0.70619,0.999253,logprobs,Alibaba
7423,7,-93,0,0,1,0.500779,0.999073,logprobs,Alibaba
7424,7,-91,0,0,0,0.29619,0.9984,logprobs,Alibaba
7425,7,-89,0,0,1,0.500999,0.998831,logprobs,Alibaba
7426,7,-87,0,0,1,0.563565,0.999026,logprobs,Alibaba
7427,7,-85,0,0,1,0.501307,0.999099,logprobs,Alibaba
7428,7,-83,0,0,1,0.531531,0.999272,logprobs,Alibaba
7429,7,-81,0,0,1,0.70613,0.99922,logprobs,Alibaba
7430,7,-79,0,0,1,0.755357,0.999095,logprobs,Alibaba
7431,7,-77,1,1,1,0.893383,0.999341,logprobs,Alibaba
7432,7,-75,1,1,1,0.914963,0.999656,logprobs,Alibaba
7433,7,-73,1,1,1,0.9627,0.999698,logprobs,Alibaba
7434,7,-71,1,1,1,0.852344,0.999345,logprobs,Alibaba
7435,7,-69,1,1,1,0.880958,0.999254,logprobs,Alibaba
7436,7,-67,1,1,1,0.835596,0.999469,logprobs,Alibaba
7437,7,-65,1,1,1,0.562682,0.999412,logprobs,Alibaba
7438,7,-63,1,1,1,0.593167,0.999255,logprobs,Alibaba
7439,7,-61,1,1,0,0.269625,0.999125,logprobs,Alibaba
7440,7,-59,1,1,1,0.755364,0.999343,logprobs,Alibaba
7441,7,-57,0,0,0,0.269419,0.999282,logprobs,Alibaba
7442,7,-55,0,0,1,0.501802,0.998991,logprobs,Alibaba
7443,7,-53,0,0,1,0.562771,0.999277,logprobs,Alibaba
7444,7,-51,0,0,0,0.34934,0.999196,logprobs,Alibaba
7445,7,-49,0,0,0,0.469151,0.999407,logprobs,Alibaba
7446,7,-47,0,0,0,0.223074,0.99825,logprobs,Alibaba
7447,7,-45,0,0,0,0.008597,0.999392,logprobs,Alibaba
7448,7,-43,0,0,1,0.623191,0.998949,logprobs,Alibaba
7449,7,-41,0,0,0,0.020452,0.998088,logprobs,Alibaba
7450,7,-39,0,0,0,0.053571,0.997712,logprobs,Alibaba
7451,7,-37,0,0,0,0.133557,0.996247,logprobs,Alibaba
7452,7,-35,0,0,0,0.015971,0.998179,logprobs,Alibaba
7453,7,-33,0,0,0,0.060435,0.994567,logprobs,Alibaba
7454,7,-31,0,0,0,0.006741,0.999067,logprobs,Alibaba
7455,7,-29,0,0,0,0.023021,0.997869,logprobs,Alibaba
7456,7,-27,0,0,0,0.033315,0.995005,logprobs,Alibaba
7457,7,-25,0,0,0,0.02601,0.993791,logprobs,Alibaba
7458,7,-23,0,0,1,0.593383,0.999027,logprobs,Alibaba
7459,7,-21,0,0,0,0.023167,0.997143,logprobs,Alibaba
7460,7,-19,0,0,0,0.133427,0.983462,logprobs,Alibaba
7461,7,-17,0,0,0,0.269293,0.985838,logprobs,Alibaba
7462,7,-15,0,0,0,0.106952,0.965243,logprobs,Alibaba
7463,7,-13,0,0,1,0.679382,0.9988,logprobs,Alibaba
7464,7,-11,1,1,1,0.531652,0.9987,logprobs,Alibaba
7465,7,-9,1,1,0,0.245827,0.993242,logprobs,Alibaba
7466,7,-7,1,1,0,0.133178,0.995642,logprobs,Alibaba
7467,7,-5,1,1,0,0.295758,0.998208,logprobs,Alibaba
7468,7,-3,1,1,0,0.407612,0.998889,logprobs,Alibaba
7469,7,-1,1,1,1,0.593174,0.999309,logprobs,Alibaba
7470,7,1,1,1,1,0.852141,0.999238,logprobs,Alibaba
7471,7,3,1,1,1,0.679312,0.999068,logprobs,Alibaba
7472,7,5,1,1,1,0.623226,0.998863,logprobs,Alibaba
7473,7,7,1,1,1,0.531556,0.99898,logprobs,Alibaba
7474,7,9,1,1,1,0.6518,0.999189,logprobs,Alibaba
7475,7,11,1,1,1,0.880952,0.999311,logprobs,Alibaba
7476,7,13,1,1,1,0.867261,0.999365,logprobs,Alibaba
7477,7,15,1,1,1,0.798357,0.999324,logprobs,Alibaba
7478,7,17,1,1,1,0.86725,0.999313,logprobs,Alibaba
7479,7,19,1,1,1,0.924181,0.999607,logprobs,Alibaba
7480,7,21,1,1,1,0.914957,0.999407,logprobs,Alibaba
7481,7,23,1,1,1,0.914991,0.999423,logprobs,Alibaba
7482,7,25,1,1,1,0.893419,0.999583,logprobs,Alibaba
7483,7,27,1,1,1,0.867352,0.999474,logprobs,Alibaba
7484,7,29,1,1,1,0.904702,0.999553,logprobs,Alibaba
7485,7,31,1,1,1,0.904836,0.999366,logprobs,Alibaba
7486,7,33,1,1,1,0.932518,0.99957,logprobs,Alibaba
7487,7,35,1,1,1,0.914966,0.999392,logprobs,Alibaba
7488,7,37,1,1,1,0.904727,0.999456,logprobs,Alibaba
7489,7,39,1,1,1,0.852189,0.999197,logprobs,Alibaba
7490,7,41,1,1,1,0.651676,0.998842,logprobs,Alibaba
7491,7,43,1,1,1,0.562397,0.998822,logprobs,Alibaba
7492,7,45,1,1,0,0.438019,0.998504,logprobs,Alibaba
7493,7,47,1,1,1,0.893407,0.999417,logprobs,Alibaba
7494,7,49,1,1,1,0.835638,0.999237,logprobs,Alibaba
7495,7,51,0,0,1,0.798304,0.999195,logprobs,Alibaba
7496,7,53,0,0,1,0.622998,0.999007,logprobs,Alibaba
7497,7,55,0,0,0,0.407547,0.998962,logprobs,Alibaba
7498,7,57,0,0,0,0.223388,0.999041,logprobs,Alibaba
7499,7,59,0,0,0,0.223844,0.997508,logprobs,Alibaba
7500,7,61,0,0,0,0.294454,0.998711,logprobs,Alibaba
7501,7,63,0,0,0,0.269215,0.998076,logprobs,Alibaba
7502,7,65,0,0,0,0.321201,0.998073,logprobs,Alibaba
7503,7,67,0,0,0,0.224341,0.997348,logprobs,Alibaba
7504,7,69,0,0,0,0.182812,0.997843,logprobs,Alibaba
7505,7,71,0,0,1,0.531746,0.998845,logprobs,Alibaba
7506,7,73,0,0,0,0.408426,0.998693,logprobs,Alibaba
7507,7,75,0,0,1,0.651538,0.998907,logprobs,Alibaba
7508,7,77,0,0,1,0.798301,0.99914,logprobs,Alibaba
7509,7,79,0,0,1,0.798424,0.999116,logprobs,Alibaba
7510,7,81,1,1,1,0.777485,0.999271,logprobs,Alibaba
7511,7,83,0,0,1,0.651713,0.998979,logprobs,Alibaba
7512,7,85,0,0,1,0.501196,0.99877,logprobs,Alibaba
7513,7,87,0,0,0,0.350764,0.998747,logprobs,Alibaba
7514,7,89,0,0,1,0.500288,0.999003,logprobs,Alibaba
7515,7,91,0,0,0,0.165364,0.999226,logprobs,Alibaba
7516,7,93,0,0,0,0.04229,0.999326,logprobs,Alibaba
7517,7,95,0,0,0,0.182931,0.999306,logprobs,Alibaba
7518,7,97,0,0,1,0.652472,0.999075,logprobs,Alibaba
7519,7,99,0,0,1,0.79839,0.999449,logprobs,Alibaba
7520,7,101,0,0,1,0.852101,0.999498,logprobs,Alibaba
7521,7,103,0,0,1,0.562902,0.999114,logprobs,Alibaba
7522,7,105,0,0,0,0.11951,0.999296,logprobs,Alibaba
7523,7,107,0,0,1,0.623193,0.998729,logprobs,Alibaba
7524,7,109,0,0,0,0.469325,0.999119,logprobs,Alibaba
7525,7,111,0,0,1,0.500395,0.998938,logprobs,Alibaba
7526,7,113,0,0,0,0.378019,0.999154,logprobs,Alibaba
7527,7,115,0,0,0,0.223815,0.999003,logprobs,Alibaba
7528,7,117,0,0,0,0.469235,0.999067,logprobs,Alibaba
7529,7,119,0,0,0,0.379388,0.998734,logprobs,Alibaba
7530,7,121,0,0,1,0.562682,0.999269,logprobs,Alibaba
7531,7,123,0,0,0,0.469125,0.99914,logprobs,Alibaba
7532,7,125,1,1,1,0.817816,0.999464,logprobs,Alibaba
7533,7,127,0,0,0,0.223417,0.999194,logprobs,Alibaba
7534,7,129,0,0,0,0.164715,0.999342,logprobs,Alibaba
7535,7,131,0,0,0,0.095488,0.999452,logprobs,Alibaba
7536,7,133,0,0,0,0.076148,0.999415,logprobs,Alibaba
7537,7,135,0,0,0,0.033365,0.999368,logprobs,Alibaba
7538,7,137,0,0,0,0.042226,0.999526,logprobs,Alibaba
7539,7,139,0,0,0,0.033234,0.99955,logprobs,Alibaba
7540,7,141,0,0,0,0.06028,0.999109,logprobs,Alibaba
7541,7,143,0,0,0,0.020378,0.999373,logprobs,Alibaba
7542,7,145,0,0,0,0.020435,0.998764,logprobs,Alibaba
7543,7,147,0,0,0,0.026124,0.999289,logprobs,Alibaba
7544,7,149,0,0,0,0.048159,0.998623,logprobs,Alibaba
7545,7,151,0,0,0,0.076084,0.999254,logprobs,Alibaba
7546,7,153,0,0,0,0.026059,0.999311,logprobs,Alibaba
7547,7,155,0,0,0,0.02624,0.999034,logprobs,Alibaba
7548,7,157,0,0,0,0.0181,0.999364,logprobs,Alibaba
7549,7,159,0,0,0,0.020552,0.999288,logprobs,Alibaba
7550,7,161,0,0,0,0.016031,0.999225,logprobs,Alibaba
7551,7,163,0,0,0,0.042258,0.999288,logprobs,Alibaba
7552,7,165,0,0,0,0.018095,0.999344,logprobs,Alibaba
7553,7,167,0,0,0,0.0231,0.999587,logprobs,Alibaba
7554,7,169,0,0,0,0.023095,0.999314,logprobs,Alibaba
7555,7,171,0,0,0,0.029503,0.999536,logprobs,Alibaba
7556,7,173,0,0,0,0.02605,0.99927,logprobs,Alibaba
7557,7,175,0,0,0,0.018068,0.999378,logprobs,Alibaba
7558,7,177,0,0,0,0.037571,0.998744,logprobs,Alibaba
7559,7,179,0,0,0,0.042271,0.99926,logprobs,Alibaba
7560,5,-179,0,0,0,0.018035,0.9994,logprobs,Alibaba
7561,5,-177,0,0,0,0.018036,0.999495,logprobs,Alibaba
7562,5,-175,0,0,0,0.015962,0.999495,logprobs,Alibaba
7563,5,-173,0,0,0,0.004104,0.999691,logprobs,Alibaba
7564,5,-171,0,0,0,0.00675,0.999551,logprobs,Alibaba
7565,5,-169,0,0,0,0.015945,0.99928,logprobs,Alibaba
7566,5,-167,0,0,0,0.009791,0.999505,logprobs,Alibaba
7567,5,-165,0,0,0,0.005261,0.999481,logprobs,Alibaba
7568,5,-163,0,0,0,0.005907,0.9997,logprobs,Alibaba
7569,5,-161,0,0,0,0.005247,0.999374,logprobs,Alibaba
7570,5,-159,0,0,0,0.01108,0.99928,logprobs,Alibaba
7571,5,-157,0,0,0,0.008622,0.999353,logprobs,Alibaba
7572,5,-155,0,0,0,0.004603,0.998984,logprobs,Alibaba
7573,5,-153,0,0,0,0.006687,0.999307,logprobs,Alibaba
7574,5,-151,0,0,0,0.148681,0.998113,logprobs,Alibaba
7575,5,-149,0,0,0,0.076121,0.991228,logprobs,Alibaba
7576,5,-147,0,0,0,0.020582,0.998758,logprobs,Alibaba
7577,5,-145,0,0,0,0.014149,0.99856,logprobs,Alibaba
7578,5,-143,0,0,0,0.007617,0.999591,logprobs,Alibaba
7579,5,-141,0,0,0,0.014204,0.999221,logprobs,Alibaba
7580,5,-139,0,0,0,0.003585,0.999018,logprobs,Alibaba
7581,5,-137,0,0,0,0.026113,0.997956,logprobs,Alibaba
7582,5,-135,0,0,0,0.023108,0.997454,logprobs,Alibaba
7583,5,-133,0,0,0,0.076601,0.996357,logprobs,Alibaba
7584,5,-131,0,0,0,0.060408,0.998848,logprobs,Alibaba
7585,5,-129,0,0,0,0.026207,0.998269,logprobs,Alibaba
7586,5,-127,0,0,0,0.014165,0.999093,logprobs,Alibaba
7587,5,-125,0,0,0,0.047618,0.997792,logprobs,Alibaba
7588,5,-123,0,0,0,0.202227,0.997708,logprobs,Alibaba
7589,5,-121,0,0,0,0.40937,0.997003,logprobs,Alibaba
7590,5,-119,0,0,1,0.651697,0.999009,logprobs,Alibaba
7591,5,-117,0,0,1,0.679516,0.99903,logprobs,Alibaba
7592,5,-115,0,0,0,0.43899,0.998687,logprobs,Alibaba
7593,5,-113,0,0,1,0.817859,0.999343,logprobs,Alibaba
7594,5,-111,0,0,1,0.755295,0.999183,logprobs,Alibaba
7595,5,-109,0,0,0,0.349555,0.998843,logprobs,Alibaba
7596,5,-107,0,0,0,0.321915,0.998679,logprobs,Alibaba
7597,5,-105,0,0,0,0.40937,0.996983,logprobs,Alibaba
7598,5,-103,0,0,0,0.438574,0.999072,logprobs,Alibaba
7599,5,-101,0,0,1,0.706091,0.999263,logprobs,Alibaba
7600,5,-99,0,0,1,0.867243,0.999407,logprobs,Alibaba
7601,5,-97,0,0,0,0.246253,0.998205,logprobs,Alibaba
7602,5,-95,0,0,0,0.223229,0.999292,logprobs,Alibaba
7603,5,-93,0,0,0,0.269344,0.999336,logprobs,Alibaba
7604,5,-91,0,0,0,0.095608,0.999547,logprobs,Alibaba
7605,5,-89,0,0,0,0.133489,0.99917,logprobs,Alibaba
7606,5,-87,0,0,0,0.1198,0.995793,logprobs,Alibaba
7607,5,-85,0,0,0,0.245923,0.998561,logprobs,Alibaba
7608,5,-83,0,0,1,0.593146,0.999221,logprobs,Alibaba
7609,5,-81,0,0,0,0.469076,0.999281,logprobs,Alibaba
7610,5,-79,0,0,1,0.835558,0.999439,logprobs,Alibaba
7611,5,-77,1,1,1,0.893435,0.999412,logprobs,Alibaba
7612,5,-75,1,1,1,0.966932,0.999649,logprobs,Alibaba
7613,5,-73,1,1,1,0.974089,0.999669,logprobs,Alibaba
7614,5,-71,1,1,1,0.881084,0.99949,logprobs,Alibaba
7615,5,-69,1,1,1,0.867203,0.999444,logprobs,Alibaba
7616,5,-67,1,1,1,0.731647,0.99936,logprobs,Alibaba
7617,5,-65,1,1,0,0.438432,0.999237,logprobs,Alibaba
7618,5,-63,1,1,1,0.500545,0.99901,logprobs,Alibaba
7619,5,-61,1,1,0,0.349306,0.999172,logprobs,Alibaba
7620,5,-59,1,1,1,0.593471,0.99911,logprobs,Alibaba
7621,5,-57,1,1,0,0.148615,0.999032,logprobs,Alibaba
7622,5,-55,1,1,0,0.438103,0.999119,logprobs,Alibaba
7623,5,-53,1,1,1,0.622903,0.999388,logprobs,Alibaba
7624,5,-51,0,0,1,0.652938,0.998935,logprobs,Alibaba
7625,5,-49,0,0,1,0.732164,0.999302,logprobs,Alibaba
7626,5,-47,0,0,0,0.322045,0.999367,logprobs,Alibaba
7627,5,-45,0,0,0,0.047535,0.999329,logprobs,Alibaba
7628,5,-43,0,0,0,0.438445,0.99928,logprobs,Alibaba
7629,5,-41,0,0,0,0.119571,0.998662,logprobs,Alibaba
7630,5,-39,0,0,0,0.037504,0.998535,logprobs,Alibaba
7631,5,-37,0,0,0,0.053691,0.998193,logprobs,Alibaba
7632,5,-35,0,0,0,0.003624,0.999185,logprobs,Alibaba
7633,5,-33,0,0,0,0.00977,0.999114,logprobs,Alibaba
7634,5,-31,0,0,0,0.003171,0.999384,logprobs,Alibaba
7635,5,-29,0,0,0,0.014113,0.997821,logprobs,Alibaba
7636,5,-27,0,0,0,0.01103,0.998733,logprobs,Alibaba
7637,5,-25,0,0,0,0.00761,0.998008,logprobs,Alibaba
7638,5,-23,0,0,0,0.378324,0.996724,logprobs,Alibaba
7639,5,-21,0,0,0,0.012578,0.998397,logprobs,Alibaba
7640,5,-19,0,0,0,0.202538,0.99317,logprobs,Alibaba
7641,5,-17,0,0,0,0.018103,0.992882,logprobs,Alibaba
7642,5,-15,0,0,0,0.00676,0.994976,logprobs,Alibaba
7643,5,-13,0,0,0,0.148607,0.99693,logprobs,Alibaba
7644,5,-11,0,0,0,0.085243,0.996067,logprobs,Alibaba
7645,5,-9,1,1,0,0.133428,0.993426,logprobs,Alibaba
7646,5,-7,1,1,0,0.067713,0.994419,logprobs,Alibaba
7647,5,-5,0,0,0,0.018055,0.998486,logprobs,Alibaba
7648,5,-3,0,0,0,0.095642,0.996765,logprobs,Alibaba
7649,5,-1,0,0,0,0.119851,0.998626,logprobs,Alibaba
7650,5,1,0,0,0,0.438058,0.998884,logprobs,Alibaba
7651,5,3,0,0,1,0.562674,0.998035,logprobs,Alibaba
7652,5,5,0,0,0,0.245324,0.99855,logprobs,Alibaba
7653,5,7,1,1,0,0.269199,0.997962,logprobs,Alibaba
7654,5,9,1,1,0,0.245343,0.998925,logprobs,Alibaba
7655,5,11,1,1,1,0.915032,0.9992,logprobs,Alibaba
7656,5,13,1,1,1,0.777721,0.999046,logprobs,Alibaba
7657,5,15,1,1,1,0.893422,0.999215,logprobs,Alibaba
7658,5,17,1,1,1,0.852081,0.99945,logprobs,Alibaba
7659,5,19,1,1,1,0.89335,0.999521,logprobs,Alibaba
7660,5,21,1,1,1,0.939953,0.999505,logprobs,Alibaba
7661,5,23,1,1,1,0.893336,0.99943,logprobs,Alibaba
7662,5,25,1,1,1,0.731253,0.99917,logprobs,Alibaba
7663,5,27,1,1,1,0.798389,0.999351,logprobs,Alibaba
7664,5,29,1,1,1,0.835556,0.99937,logprobs,Alibaba
7665,5,31,1,1,1,0.867161,0.99932,logprobs,Alibaba
7666,5,33,1,1,1,0.755123,0.999264,logprobs,Alibaba
7667,5,35,1,1,1,0.893408,0.999473,logprobs,Alibaba
7668,5,37,1,1,1,0.755097,0.998944,logprobs,Alibaba
7669,5,39,1,1,1,0.679295,0.998987,logprobs,Alibaba
7670,5,41,1,1,1,0.59307,0.998483,logprobs,Alibaba
7671,5,43,1,1,0,0.407595,0.998751,logprobs,Alibaba
7672,5,45,1,1,1,0.705928,0.999261,logprobs,Alibaba
7673,5,47,1,1,1,0.622828,0.999042,logprobs,Alibaba
7674,5,49,0,0,1,0.731491,0.999197,logprobs,Alibaba
7675,5,51,0,0,1,0.651591,0.999069,logprobs,Alibaba
7676,5,53,0,0,1,0.562746,0.999078,logprobs,Alibaba
7677,5,55,0,0,0,0.223073,0.998678,logprobs,Alibaba
7678,5,57,0,0,0,0.133149,0.998701,logprobs,Alibaba
7679,5,59,0,0,0,0.269252,0.998755,logprobs,Alibaba
7680,5,61,0,0,0,0.349447,0.99885,logprobs,Alibaba
7681,5,63,0,0,0,0.377891,0.999129,logprobs,Alibaba
7682,5,65,0,0,0,0.407738,0.99918,logprobs,Alibaba
7683,5,67,0,0,0,0.223196,0.998754,logprobs,Alibaba
7684,5,69,0,0,0,0.182618,0.998678,logprobs,Alibaba
7685,5,71,0,0,0,0.269142,0.998481,logprobs,Alibaba
7686,5,73,0,0,0,0.438753,0.998755,logprobs,Alibaba
7687,5,75,0,0,1,0.924167,0.9995,logprobs,Alibaba
7688,5,77,0,0,1,0.679481,0.998913,logprobs,Alibaba
7689,5,79,0,0,0,0.468884,0.996715,logprobs,Alibaba
7690,5,81,0,0,0,0.408234,0.998343,logprobs,Alibaba
7691,5,83,0,0,1,0.563607,0.998227,logprobs,Alibaba
7692,5,85,0,0,0,0.202415,0.998288,logprobs,Alibaba
7693,5,87,0,0,0,0.085795,0.998978,logprobs,Alibaba
7694,5,89,0,0,0,0.026009,0.999392,logprobs,Alibaba
7695,5,91,0,0,0,0.033211,0.999455,logprobs,Alibaba
7696,5,93,0,0,0,0.067737,0.999078,logprobs,Alibaba
7697,5,95,0,0,0,0.095635,0.999242,logprobs,Alibaba
7698,5,97,1,1,0,0.438694,0.999012,logprobs,Alibaba
7699,5,99,0,0,1,0.798383,0.999189,logprobs,Alibaba
7700,5,101,1,1,1,0.90472,0.999502,logprobs,Alibaba
7701,5,103,1,1,1,0.563293,0.999009,logprobs,Alibaba
7702,5,105,0,0,0,0.469436,0.998992,logprobs,Alibaba
7703,5,107,0,0,0,0.085868,0.999132,logprobs,Alibaba
7704,5,109,0,0,0,0.269943,0.998964,logprobs,Alibaba
7705,5,111,0,0,0,0.407859,0.99919,logprobs,Alibaba
7706,5,113,0,0,0,0.40783,0.998936,logprobs,Alibaba
7707,5,115,1,1,0,0.1651,0.999228,logprobs,Alibaba
7708,5,117,1,1,0,0.469852,0.9987,logprobs,Alibaba
7709,5,119,0,0,0,0.148928,0.99918,logprobs,Alibaba
7710,5,121,0,0,1,0.500803,0.99899,logprobs,Alibaba
7711,5,123,0,0,0,0.223287,0.999053,logprobs,Alibaba
7712,5,125,0,0,0,0.106784,0.999181,logprobs,Alibaba
7713,5,127,0,0,0,0.076219,0.999263,logprobs,Alibaba
7714,5,129,0,0,0,0.047536,0.999544,logprobs,Alibaba
7715,5,131,0,0,0,0.042147,0.999469,logprobs,Alibaba
7716,5,133,0,0,0,0.067705,0.999219,logprobs,Alibaba
7717,5,135,0,0,0,0.026048,0.999479,logprobs,Alibaba
7718,5,137,0,0,0,0.34916,0.998942,logprobs,Alibaba
7719,5,139,0,0,0,0.037414,0.999316,logprobs,Alibaba
7720,5,141,0,0,0,0.107048,0.999339,logprobs,Alibaba
7721,5,143,0,0,0,0.012514,0.999354,logprobs,Alibaba
7722,5,145,0,0,0,0.015956,0.998372,logprobs,Alibaba
7723,5,147,0,0,0,0.020495,0.999399,logprobs,Alibaba
7724,5,149,0,0,0,0.026059,0.998807,logprobs,Alibaba
7725,5,151,0,0,0,0.047733,0.998679,logprobs,Alibaba
7726,5,153,0,0,0,0.014105,0.999437,logprobs,Alibaba
7727,5,155,0,0,0,0.023051,0.998623,logprobs,Alibaba
7728,5,157,0,0,0,0.020319,0.998977,logprobs,Alibaba
7729,5,159,0,0,0,0.012514,0.998877,logprobs,Alibaba
7730,5,161,0,0,0,0.014122,0.999343,logprobs,Alibaba
7731,5,163,0,0,0,0.009788,0.9997,logprobs,Alibaba
7732,5,165,0,0,0,0.020404,0.999381,logprobs,Alibaba
7733,5,167,0,0,0,0.023099,0.999604,logprobs,Alibaba
7734,5,169,0,0,0,0.037529,0.999472,logprobs,Alibaba
7735,5,171,0,0,0,0.009856,0.99958,logprobs,Alibaba
7736,5,173,0,0,0,0.023033,0.99947,logprobs,Alibaba
7737,5,175,0,0,0,0.014188,0.999547,logprobs,Alibaba
7738,5,177,0,0,0,0.014136,0.99949,logprobs,Alibaba
7739,5,179,0,0,0,0.04749,0.999214,logprobs,Alibaba
7740,3,-179,0,0,0,0.023067,0.999446,logprobs,Alibaba
7741,3,-177,0,0,0,0.015979,0.99912,logprobs,Alibaba
7742,3,-175,0,0,0,0.012471,0.999174,logprobs,Alibaba
7743,3,-173,0,0,0,0.00363,0.999616,logprobs,Alibaba
7744,3,-171,0,0,0,0.005962,0.999491,logprobs,Alibaba
7745,3,-169,0,0,0,0.012514,0.99931,logprobs,Alibaba
7746,3,-167,0,0,0,0.006783,0.999617,logprobs,Alibaba
7747,3,-165,0,0,0,0.00411,0.999495,logprobs,Alibaba
7748,3,-163,0,0,0,0.005945,0.999536,logprobs,Alibaba
7749,3,-161,0,0,0,0.004065,0.999493,logprobs,Alibaba
7750,3,-159,0,0,0,0.011033,0.998924,logprobs,Alibaba
7751,3,-157,0,0,0,0.011051,0.99927,logprobs,Alibaba
7752,3,-155,0,0,0,0.026062,0.998862,logprobs,Alibaba
7753,3,-153,0,0,0,0.012517,0.999111,logprobs,Alibaba
7754,3,-151,0,0,0,0.133718,0.997893,logprobs,Alibaba
7755,3,-149,0,0,0,0.321502,0.99813,logprobs,Alibaba
7756,3,-147,0,0,0,0.0231,0.998445,logprobs,Alibaba
7757,3,-145,0,0,0,0.005939,0.999383,logprobs,Alibaba
7758,3,-143,0,0,0,0.004643,0.999053,logprobs,Alibaba
7759,3,-141,0,0,0,0.004093,0.999462,logprobs,Alibaba
7760,3,-139,0,0,0,0.004065,0.999599,logprobs,Alibaba
7761,3,-137,0,0,0,0.00762,0.999205,logprobs,Alibaba
7762,3,-135,0,0,0,0.009744,0.999156,logprobs,Alibaba
7763,3,-133,0,0,0,0.008564,0.999236,logprobs,Alibaba
7764,3,-131,0,0,0,0.004605,0.999636,logprobs,Alibaba
7765,3,-129,0,0,0,0.004065,0.999496,logprobs,Alibaba
7766,3,-127,0,0,0,0.003206,0.999581,logprobs,Alibaba
7767,3,-125,0,0,0,0.001922,0.999772,logprobs,Alibaba
7768,3,-123,0,0,0,0.007605,0.999438,logprobs,Alibaba
7769,3,-121,0,0,0,0.294722,0.998464,logprobs,Alibaba
7770,3,-119,0,0,0,0.438377,0.995116,logprobs,Alibaba
7771,3,-117,0,0,0,0.349558,0.991691,logprobs,Alibaba
7772,3,-115,0,0,1,0.563118,0.999051,logprobs,Alibaba
7773,3,-113,0,0,1,0.731528,0.999124,logprobs,Alibaba
7774,3,-111,0,0,1,0.501449,0.998818,logprobs,Alibaba
7775,3,-109,0,0,0,0.183296,0.99772,logprobs,Alibaba
7776,3,-107,0,0,0,0.408629,0.99791,logprobs,Alibaba
7777,3,-105,0,0,1,0.83572,0.999172,logprobs,Alibaba
7778,3,-103,0,0,1,0.652323,0.999084,logprobs,Alibaba
7779,3,-101,0,0,1,0.924216,0.999476,logprobs,Alibaba
7780,3,-99,0,0,1,0.932584,0.999571,logprobs,Alibaba
7781,3,-97,0,0,1,0.914973,0.999436,logprobs,Alibaba
7782,3,-95,0,0,1,0.731543,0.999158,logprobs,Alibaba
7783,3,-93,0,0,0,0.349536,0.999223,logprobs,Alibaba
7784,3,-91,0,0,0,0.321304,0.99917,logprobs,Alibaba
7785,3,-89,0,0,1,0.593438,0.999004,logprobs,Alibaba
7786,3,-87,0,0,0,0.047649,0.999171,logprobs,Alibaba
7787,3,-85,0,0,1,0.817674,0.999428,logprobs,Alibaba
7788,3,-83,0,0,0,0.469892,0.999114,logprobs,Alibaba
7789,3,-81,0,0,1,0.500761,0.999037,logprobs,Alibaba
7790,3,-79,0,0,0,0.269251,0.996529,logprobs,Alibaba
7791,3,-77,1,1,1,0.59324,0.999015,logprobs,Alibaba
7792,3,-75,1,1,1,0.932509,0.999607,logprobs,Alibaba
7793,3,-73,1,1,1,0.915005,0.999458,logprobs,Alibaba
7794,3,-71,1,1,0,0.076186,0.998655,logprobs,Alibaba
7795,3,-69,1,1,1,0.798372,0.999423,logprobs,Alibaba
7796,3,-67,1,1,0,0.408015,0.999366,logprobs,Alibaba
7797,3,-65,1,1,0,0.133407,0.998467,logprobs,Alibaba
7798,3,-63,1,1,0,0.183097,0.999004,logprobs,Alibaba
7799,3,-61,1,1,0,0.076127,0.998651,logprobs,Alibaba
7800,3,-59,1,1,1,0.777531,0.999316,logprobs,Alibaba
7801,3,-57,1,1,0,0.202316,0.998381,logprobs,Alibaba
7802,3,-55,1,1,0,0.349146,0.999368,logprobs,Alibaba
7803,3,-53,1,1,0,0.349297,0.999365,logprobs,Alibaba
7804,3,-51,1,1,0,0.183018,0.998351,logprobs,Alibaba
7805,3,-49,0,0,0,0.377976,0.999257,logprobs,Alibaba
7806,3,-47,0,0,0,0.085609,0.999641,logprobs,Alibaba
7807,3,-45,0,0,0,0.014176,0.998377,logprobs,Alibaba
7808,3,-43,0,0,0,0.060386,0.999074,logprobs,Alibaba
7809,3,-41,0,0,0,0.006722,0.999222,logprobs,Alibaba
7810,3,-39,0,0,0,0.020481,0.998915,logprobs,Alibaba
7811,3,-37,0,0,0,0.095696,0.997167,logprobs,Alibaba
7812,3,-35,0,0,0,0.014121,0.999239,logprobs,Alibaba
7813,3,-33,0,0,0,0.060247,0.998724,logprobs,Alibaba
7814,3,-31,0,0,0,0.01252,0.999013,logprobs,Alibaba
7815,3,-29,0,0,0,0.047717,0.997201,logprobs,Alibaba
7816,3,-27,0,0,0,0.047792,0.995441,logprobs,Alibaba
7817,3,-25,0,0,0,0.023067,0.997119,logprobs,Alibaba
7818,3,-23,0,0,1,0.563289,0.999007,logprobs,Alibaba
7819,3,-21,0,0,0,0.119816,0.986673,logprobs,Alibaba
7820,3,-19,0,0,0,0.120091,0.995192,logprobs,Alibaba
7821,3,-17,0,0,0,0.085438,0.995084,logprobs,Alibaba
7822,3,-15,0,0,0,0.042218,0.996879,logprobs,Alibaba
7823,3,-13,0,0,0,0.349312,0.998193,logprobs,Alibaba
7824,3,-11,0,0,0,0.18404,0.996376,logprobs,Alibaba
7825,3,-9,0,0,0,0.202193,0.998053,logprobs,Alibaba
7826,3,-7,0,0,0,0.085327,0.997152,logprobs,Alibaba
7827,3,-5,0,0,0,0.106872,0.998607,logprobs,Alibaba
7828,3,-3,0,0,0,0.223287,0.999188,logprobs,Alibaba
7829,3,-1,0,0,0,0.438232,0.999282,logprobs,Alibaba
7830,3,1,0,0,1,0.500387,0.998877,logprobs,Alibaba
7831,3,3,0,0,0,0.223146,0.9993,logprobs,Alibaba
7832,3,5,0,0,0,0.29436,0.998803,logprobs,Alibaba
7833,3,7,0,0,0,0.37778,0.998168,logprobs,Alibaba
7834,3,9,0,0,1,0.798682,0.999151,logprobs,Alibaba
7835,3,11,1,1,1,0.893448,0.999382,logprobs,Alibaba
7836,3,13,1,1,1,0.835741,0.999296,logprobs,Alibaba
7837,3,15,1,1,1,0.867083,0.999308,logprobs,Alibaba
7838,3,17,1,1,1,0.731572,0.999168,logprobs,Alibaba
7839,3,19,1,1,1,0.880952,0.999445,logprobs,Alibaba
7840,3,21,1,1,1,0.81775,0.999282,logprobs,Alibaba
7841,3,23,1,1,1,0.92416,0.999528,logprobs,Alibaba
7842,3,25,1,1,1,0.817657,0.999285,logprobs,Alibaba
7843,3,27,1,1,1,0.852017,0.999465,logprobs,Alibaba
7844,3,29,1,1,1,0.867103,0.999419,logprobs,Alibaba
7845,3,31,1,1,1,0.852219,0.999355,logprobs,Alibaba
7846,3,33,1,1,1,0.731212,0.999205,logprobs,Alibaba
7847,3,35,1,1,1,0.880885,0.999486,logprobs,Alibaba
7848,3,37,1,1,1,0.932503,0.999493,logprobs,Alibaba
7849,3,39,1,1,1,0.731188,0.999035,logprobs,Alibaba
7850,3,41,1,1,1,0.651511,0.999082,logprobs,Alibaba
7851,3,43,1,1,0,0.438059,0.998927,logprobs,Alibaba
7852,3,45,1,1,1,0.593209,0.998936,logprobs,Alibaba
7853,3,47,0,0,0,0.321107,0.998634,logprobs,Alibaba
7854,3,49,0,0,1,0.593332,0.998853,logprobs,Alibaba
7855,3,51,0,0,1,0.562683,0.999181,logprobs,Alibaba
7856,3,53,0,0,0,0.438408,0.999224,logprobs,Alibaba
7857,3,55,0,0,0,0.201988,0.999064,logprobs,Alibaba
7858,3,57,0,0,0,0.202406,0.998658,logprobs,Alibaba
7859,3,59,0,0,0,0.29499,0.998955,logprobs,Alibaba
7860,3,61,0,0,0,0.321235,0.998284,logprobs,Alibaba
7861,3,63,0,0,0,0.46908,0.999358,logprobs,Alibaba
7862,3,65,0,0,1,0.500162,0.999056,logprobs,Alibaba
7863,3,67,0,0,1,0.500235,0.999208,logprobs,Alibaba
7864,3,69,0,0,1,0.593346,0.999349,logprobs,Alibaba
7865,3,71,0,0,1,0.731347,0.999345,logprobs,Alibaba
7866,3,73,0,0,0,0.379293,0.998868,logprobs,Alibaba
7867,3,75,0,0,1,0.706026,0.999234,logprobs,Alibaba
7868,3,77,0,0,1,0.777567,0.999134,logprobs,Alibaba
7869,3,79,0,0,1,0.755168,0.999097,logprobs,Alibaba
7870,3,81,0,0,1,0.651734,0.998748,logprobs,Alibaba
7871,3,83,0,0,1,0.594069,0.998692,logprobs,Alibaba
7872,3,85,0,0,1,0.706149,0.999163,logprobs,Alibaba
7873,3,87,0,0,0,0.223468,0.998715,logprobs,Alibaba
7874,3,89,0,0,0,0.408042,0.998955,logprobs,Alibaba
7875,3,91,0,0,1,0.817902,0.999195,logprobs,Alibaba
7876,3,93,0,0,1,0.652343,0.99921,logprobs,Alibaba
7877,3,95,0,0,1,0.500688,0.998832,logprobs,Alibaba
7878,3,97,0,0,1,0.706943,0.998978,logprobs,Alibaba
7879,3,99,1,1,1,0.623131,0.999125,logprobs,Alibaba
7880,3,101,0,0,1,0.984118,0.999718,logprobs,Alibaba
7881,3,103,1,1,1,0.593927,0.999196,logprobs,Alibaba
7882,3,105,0,0,0,0.223196,0.999151,logprobs,Alibaba
7883,3,107,0,0,0,0.223569,0.998986,logprobs,Alibaba
7884,3,109,0,0,0,0.439309,0.998952,logprobs,Alibaba
7885,3,111,0,0,0,0.295082,0.999062,logprobs,Alibaba
7886,3,113,1,1,0,0.349794,0.999232,logprobs,Alibaba
7887,3,115,1,1,1,0.500757,0.999098,logprobs,Alibaba
7888,3,117,1,1,0,0.407851,0.998643,logprobs,Alibaba
7889,3,119,0,0,0,0.350199,0.999005,logprobs,Alibaba
7890,3,121,0,0,1,0.706804,0.999054,logprobs,Alibaba
7891,3,123,0,0,0,0.085306,0.99946,logprobs,Alibaba
7892,3,125,0,0,0,0.033143,0.999515,logprobs,Alibaba
7893,3,127,0,0,0,0.067799,0.999239,logprobs,Alibaba
7894,3,129,0,0,0,0.076249,0.999366,logprobs,Alibaba
7895,3,131,0,0,0,0.119809,0.999151,logprobs,Alibaba
7896,3,133,0,0,0,0.054004,0.999407,logprobs,Alibaba
7897,3,135,0,0,0,0.02624,0.999318,logprobs,Alibaba
7898,3,137,0,0,0,0.042418,0.999285,logprobs,Alibaba
7899,3,139,0,0,0,0.047714,0.999105,logprobs,Alibaba
7900,3,141,0,0,0,0.037417,0.999432,logprobs,Alibaba
7901,3,143,0,0,0,0.020471,0.99926,logprobs,Alibaba
7902,3,145,0,0,0,0.009757,0.999241,logprobs,Alibaba
7903,3,147,0,0,0,0.018051,0.999061,logprobs,Alibaba
7904,3,149,0,0,0,0.047613,0.999068,logprobs,Alibaba
7905,3,151,0,0,0,0.029376,0.999162,logprobs,Alibaba
7906,3,153,0,0,0,0.02042,0.99915,logprobs,Alibaba
7907,3,155,0,0,0,0.007611,0.999043,logprobs,Alibaba
7908,3,157,0,0,0,0.00857,0.998988,logprobs,Alibaba
7909,3,159,0,0,0,0.00763,0.999466,logprobs,Alibaba
7910,3,161,0,0,0,0.012567,0.999198,logprobs,Alibaba
7911,3,163,0,0,0,0.009751,0.999556,logprobs,Alibaba
7912,3,165,0,0,0,0.014211,0.999506,logprobs,Alibaba
7913,3,167,0,0,0,0.020437,0.99961,logprobs,Alibaba
7914,3,169,0,0,0,0.020456,0.99934,logprobs,Alibaba
7915,3,171,0,0,0,0.016007,0.99948,logprobs,Alibaba
7916,3,173,0,0,0,0.012484,0.999518,logprobs,Alibaba
7917,3,175,0,0,0,0.023043,0.999107,logprobs,Alibaba
7918,3,177,0,0,0,0.015954,0.999365,logprobs,Alibaba
7919,3,179,0,0,0,0.033222,0.998652,logprobs,Alibaba
7920,1,-179,0,0,0,0.018089,0.999601,logprobs,Alibaba
7921,1,-177,0,0,0,0.015946,0.999666,logprobs,Alibaba
7922,1,-175,0,0,0,0.0086,0.999561,logprobs,Alibaba
7923,1,-173,0,0,0,0.003623,0.999676,logprobs,Alibaba
7924,1,-171,0,0,0,0.00595,0.999699,logprobs,Alibaba
7925,1,-169,0,0,0,0.020432,0.999401,logprobs,Alibaba
7926,1,-167,0,0,0,0.01121,0.999517,logprobs,Alibaba
7927,1,-165,0,0,0,0.005214,0.999449,logprobs,Alibaba
7928,1,-163,0,0,0,0.008618,0.999101,logprobs,Alibaba
7929,1,-161,0,0,0,0.00526,0.999589,logprobs,Alibaba
7930,1,-159,0,0,0,0.009763,0.998619,logprobs,Alibaba
7931,1,-157,0,0,0,0.029419,0.998716,logprobs,Alibaba
7932,1,-155,0,0,0,0.085357,0.998478,logprobs,Alibaba
7933,1,-153,0,0,0,0.015954,0.99906,logprobs,Alibaba
7934,1,-151,0,0,0,0.060208,0.998738,logprobs,Alibaba
7935,1,-149,0,0,0,0.269955,0.997811,logprobs,Alibaba
7936,1,-147,0,0,0,0.107057,0.998153,logprobs,Alibaba
7937,1,-145,0,0,0,0.005239,0.999502,logprobs,Alibaba
7938,1,-143,0,0,0,0.009736,0.998266,logprobs,Alibaba
7939,1,-141,0,0,0,0.015975,0.999399,logprobs,Alibaba
7940,1,-139,0,0,0,0.007679,0.999437,logprobs,Alibaba
7941,1,-137,0,0,0,0.020403,0.998672,logprobs,Alibaba
7942,1,-135,0,0,0,0.015973,0.997484,logprobs,Alibaba
7943,1,-133,0,0,0,0.023235,0.997634,logprobs,Alibaba
7944,1,-131,0,0,0,0.005238,0.998956,logprobs,Alibaba
7945,1,-129,0,0,0,0.011036,0.99926,logprobs,Alibaba
7946,1,-127,0,0,0,0.009699,0.999282,logprobs,Alibaba
7947,1,-125,0,0,0,0.004065,0.999284,logprobs,Alibaba
7948,1,-123,0,0,0,0.075973,0.996056,logprobs,Alibaba
7949,1,-121,0,0,0,0.3494,0.997619,logprobs,Alibaba
7950,1,-119,0,0,0,0.408166,0.994148,logprobs,Alibaba
7951,1,-117,0,0,0,0.378148,0.998574,logprobs,Alibaba
7952,1,-115,0,0,0,0.223069,0.997927,logprobs,Alibaba
7953,1,-113,0,0,1,0.531652,0.998937,logprobs,Alibaba
7954,1,-111,0,0,1,0.593281,0.998759,logprobs,Alibaba
7955,1,-109,0,0,0,0.294722,0.998483,logprobs,Alibaba
7956,1,-107,0,0,0,0.11973,0.998618,logprobs,Alibaba
7957,1,-105,0,0,1,0.651822,0.99912,logprobs,Alibaba
7958,1,-103,0,0,0,0.119708,0.998032,logprobs,Alibaba
7959,1,-101,0,0,0,0.29542,0.998061,logprobs,Alibaba
7960,1,-99,0,0,0,0.34927,0.999169,logprobs,Alibaba
7961,1,-97,0,0,1,0.563025,0.99881,logprobs,Alibaba
7962,1,-95,0,0,0,0.295158,0.999131,logprobs,Alibaba
7963,1,-93,0,0,0,0.107025,0.998987,logprobs,Alibaba
7964,1,-91,0,0,0,0.269824,0.999232,logprobs,Alibaba
7965,1,-89,0,0,0,0.183539,0.998796,logprobs,Alibaba
7966,1,-87,0,0,0,0.085263,0.999235,logprobs,Alibaba
7967,1,-85,0,0,0,0.047637,0.998475,logprobs,Alibaba
7968,1,-83,0,0,0,0.32132,0.996947,logprobs,Alibaba
7969,1,-81,0,0,0,0.148618,0.998823,logprobs,Alibaba
7970,1,-79,1,1,0,0.378229,0.99869,logprobs,Alibaba
7971,1,-77,1,1,1,0.651685,0.998782,logprobs,Alibaba
7972,1,-75,1,1,0,0.223315,0.999129,logprobs,Alibaba
7973,1,-73,1,1,1,0.904719,0.999389,logprobs,Alibaba
7974,1,-71,1,1,1,0.53272,0.998916,logprobs,Alibaba
7975,1,-69,1,1,1,0.679702,0.999141,logprobs,Alibaba
7976,1,-67,1,1,0,0.378135,0.999316,logprobs,Alibaba
7977,1,-65,1,1,0,0.106947,0.999244,logprobs,Alibaba
7978,1,-63,1,1,0,0.095551,0.999273,logprobs,Alibaba
7979,1,-61,1,1,0,0.223699,0.998966,logprobs,Alibaba
7980,1,-59,1,1,0,0.469295,0.999004,logprobs,Alibaba
7981,1,-57,1,1,0,0.165225,0.994639,logprobs,Alibaba
7982,1,-55,1,1,0,0.407943,0.999251,logprobs,Alibaba
7983,1,-53,1,1,0,0.34983,0.999056,logprobs,Alibaba
7984,1,-51,1,1,0,0.269149,0.999262,logprobs,Alibaba
7985,1,-49,0,0,0,0.469413,0.9992,logprobs,Alibaba
7986,1,-47,0,0,0,0.269392,0.999115,logprobs,Alibaba
7987,1,-45,0,0,0,0.009753,0.998475,logprobs,Alibaba
7988,1,-43,0,0,0,0.438188,0.99888,logprobs,Alibaba
7989,1,-41,0,0,0,0.053556,0.993659,logprobs,Alibaba
7990,1,-39,0,0,0,0.053695,0.997157,logprobs,Alibaba
7991,1,-37,0,0,0,0.060351,0.997706,logprobs,Alibaba
7992,1,-35,0,0,0,0.053582,0.991256,logprobs,Alibaba
7993,1,-33,0,0,0,0.148607,0.99658,logprobs,Alibaba
7994,1,-31,0,0,0,0.053502,0.997942,logprobs,Alibaba
7995,1,-29,0,0,0,0.224157,0.995506,logprobs,Alibaba
7996,1,-27,0,0,0,0.202642,0.995632,logprobs,Alibaba
7997,1,-25,0,0,0,0.322013,0.995678,logprobs,Alibaba
7998,1,-23,0,0,1,0.563496,0.998588,logprobs,Alibaba
7999,1,-21,0,0,0,0.22305,0.997263,logprobs,Alibaba
8000,1,-19,0,0,0,0.246028,0.997874,logprobs,Alibaba
8001,1,-17,0,0,0,0.183406,0.997761,logprobs,Alibaba
8002,1,-15,0,0,0,0.183018,0.99705,logprobs,Alibaba
8003,1,-13,0,0,0,0.269416,0.998888,logprobs,Alibaba
8004,1,-11,0,0,0,0.223815,0.999204,logprobs,Alibaba
8005,1,-9,0,0,0,0.08543,0.998838,logprobs,Alibaba
8006,1,-7,0,0,0,0.053518,0.99921,logprobs,Alibaba
8007,1,-5,0,0,0,0.023035,0.998298,logprobs,Alibaba
8008,1,-3,0,0,0,0.037423,0.998649,logprobs,Alibaba
8009,1,-1,0,0,0,0.025997,0.999475,logprobs,Alibaba
8010,1,1,0,0,0,0.201983,0.999057,logprobs,Alibaba
8011,1,3,0,0,0,0.148202,0.998628,logprobs,Alibaba
8012,1,5,0,0,0,0.164569,0.99859,logprobs,Alibaba
8013,1,7,0,0,0,0.106798,0.999318,logprobs,Alibaba
8014,1,9,0,0,1,0.500595,0.999155,logprobs,Alibaba
8015,1,11,1,1,1,0.817784,0.999137,logprobs,Alibaba
8016,1,13,1,1,1,0.798501,0.999196,logprobs,Alibaba
8017,1,15,1,1,1,0.755341,0.999412,logprobs,Alibaba
8018,1,17,1,1,1,0.777951,0.99927,logprobs,Alibaba
8019,1,19,1,1,1,0.777485,0.999042,logprobs,Alibaba
8020,1,21,1,1,1,0.777593,0.999335,logprobs,Alibaba
8021,1,23,1,1,1,0.893389,0.999564,logprobs,Alibaba
8022,1,25,1,1,1,0.777416,0.999336,logprobs,Alibaba
8023,1,27,1,1,1,0.622759,0.999413,logprobs,Alibaba
8024,1,29,1,1,1,0.88092,0.99936,logprobs,Alibaba
8025,1,31,1,1,1,0.777524,0.999314,logprobs,Alibaba
8026,1,33,1,1,1,0.817799,0.999326,logprobs,Alibaba
8027,1,35,1,1,1,0.651474,0.999099,logprobs,Alibaba
8028,1,37,1,1,1,0.731212,0.999266,logprobs,Alibaba
8029,1,39,1,1,0,0.407649,0.999005,logprobs,Alibaba
8030,1,41,1,1,1,0.500157,0.998612,logprobs,Alibaba
8031,1,43,1,1,0,0.438112,0.998849,logprobs,Alibaba
8032,1,45,0,0,0,0.407575,0.998302,logprobs,Alibaba
8033,1,47,0,0,1,0.531348,0.999016,logprobs,Alibaba
8034,1,49,0,0,1,0.835716,0.999404,logprobs,Alibaba
8035,1,51,0,0,1,0.679601,0.998805,logprobs,Alibaba
8036,1,53,0,0,1,0.531638,0.999118,logprobs,Alibaba
8037,1,55,0,0,0,0.438144,0.998932,logprobs,Alibaba
8038,1,57,0,0,0,0.245377,0.999073,logprobs,Alibaba
8039,1,59,0,0,0,0.29461,0.998713,logprobs,Alibaba
8040,1,61,0,0,0,0.164694,0.998409,logprobs,Alibaba
8041,1,63,0,0,0,0.119355,0.999109,logprobs,Alibaba
8042,1,65,0,0,0,0.348924,0.999002,logprobs,Alibaba
8043,1,67,0,0,0,0.183681,0.997769,logprobs,Alibaba
8044,1,69,0,0,0,0.407853,0.998826,logprobs,Alibaba
8045,1,71,0,0,0,0.060285,0.998993,logprobs,Alibaba
8046,1,73,0,0,0,0.042147,0.999557,logprobs,Alibaba
8047,1,75,0,0,0,0.269387,0.99604,logprobs,Alibaba
8048,1,77,0,0,1,0.817795,0.999408,logprobs,Alibaba
8049,1,79,0,0,1,0.651942,0.998654,logprobs,Alibaba
8050,1,81,0,0,0,0.22297,0.99903,logprobs,Alibaba
8051,1,83,0,0,0,0.075983,0.999074,logprobs,Alibaba
8052,1,85,0,0,0,0.133355,0.999142,logprobs,Alibaba
8053,1,87,0,0,0,0.148201,0.998861,logprobs,Alibaba
8054,1,89,0,0,0,0.148259,0.998992,logprobs,Alibaba
8055,1,91,0,0,0,0.106979,0.999185,logprobs,Alibaba
8056,1,93,0,0,0,0.095836,0.999296,logprobs,Alibaba
8057,1,95,0,0,0,0.106822,0.999311,logprobs,Alibaba
8058,1,97,0,0,0,0.348907,0.99912,logprobs,Alibaba
8059,1,99,1,1,1,0.50047,0.998977,logprobs,Alibaba
8060,1,101,1,1,1,0.893407,0.999471,logprobs,Alibaba
8061,1,103,1,1,0,0.469399,0.998973,logprobs,Alibaba
8062,1,105,0,0,0,0.269813,0.999217,logprobs,Alibaba
8063,1,107,0,0,0,0.469242,0.99919,logprobs,Alibaba
8064,1,109,1,1,0,0.349419,0.999541,logprobs,Alibaba
8065,1,111,1,1,0,0.378046,0.999213,logprobs,Alibaba
8066,1,113,1,1,0,0.165207,0.999187,logprobs,Alibaba
8067,1,115,1,1,0,0.2454,0.999162,logprobs,Alibaba
8068,1,117,1,1,0,0.407713,0.998909,logprobs,Alibaba
8069,1,119,0,0,0,0.133222,0.999177,logprobs,Alibaba
8070,1,121,1,1,0,0.321373,0.999076,logprobs,Alibaba
8071,1,123,0,0,0,0.407539,0.999301,logprobs,Alibaba
8072,1,125,0,0,0,0.053551,0.99932,logprobs,Alibaba
8073,1,127,0,0,0,0.037456,0.999541,logprobs,Alibaba
8074,1,129,0,0,0,0.085567,0.999222,logprobs,Alibaba
8075,1,131,0,0,0,0.085363,0.999466,logprobs,Alibaba
8076,1,133,0,0,0,0.047586,0.999478,logprobs,Alibaba
8077,1,135,0,0,0,0.042171,0.999498,logprobs,Alibaba
8078,1,137,0,0,0,0.076156,0.999338,logprobs,Alibaba
8079,1,139,0,0,0,0.04782,0.998983,logprobs,Alibaba
8080,1,141,0,0,0,0.037406,0.999531,logprobs,Alibaba
8081,1,143,0,0,0,0.026119,0.999286,logprobs,Alibaba
8082,1,145,0,0,0,0.03749,0.999375,logprobs,Alibaba
8083,1,147,0,0,0,0.076139,0.999172,logprobs,Alibaba
8084,1,149,0,0,0,0.182739,0.999199,logprobs,Alibaba
8085,1,151,0,0,0,0.095512,0.998823,logprobs,Alibaba
8086,1,153,0,0,0,0.037458,0.999446,logprobs,Alibaba
8087,1,155,0,0,0,0.029401,0.998807,logprobs,Alibaba
8088,1,157,0,0,0,0.023024,0.999239,logprobs,Alibaba
8089,1,159,0,0,0,0.018036,0.999235,logprobs,Alibaba
8090,1,161,0,0,0,0.060259,0.999146,logprobs,Alibaba
8091,1,163,0,0,0,0.029545,0.999511,logprobs,Alibaba
8092,1,165,0,0,0,0.042235,0.999395,logprobs,Alibaba
8093,1,167,0,0,0,0.02607,0.999526,logprobs,Alibaba
8094,1,169,0,0,0,0.023061,0.999519,logprobs,Alibaba
8095,1,171,0,0,0,0.026015,0.999447,logprobs,Alibaba
8096,1,173,0,0,0,0.222895,0.999156,logprobs,Alibaba
8097,1,175,0,0,0,0.03315,0.99948,logprobs,Alibaba
8098,1,177,0,0,0,0.026008,0.999477,logprobs,Alibaba
8099,1,179,0,0,0,0.037387,0.999317,logprobs,Alibaba
8100,-1,-179,0,0,0,0.018044,0.999663,logprobs,Alibaba
8101,-1,-177,0,0,0,0.023057,0.999501,logprobs,Alibaba
8102,-1,-175,0,0,0,0.012463,0.999563,logprobs,Alibaba
8103,-1,-173,0,0,0,0.005939,0.999744,logprobs,Alibaba
8104,-1,-171,0,0,0,0.015942,0.999572,logprobs,Alibaba
8105,-1,-169,0,0,0,0.023099,0.99937,logprobs,Alibaba
8106,-1,-167,0,0,0,0.020544,0.999578,logprobs,Alibaba
8107,-1,-165,0,0,0,0.011054,0.999597,logprobs,Alibaba
8108,-1,-163,0,0,0,0.012518,0.999278,logprobs,Alibaba
8109,-1,-161,0,0,0,0.012514,0.999163,logprobs,Alibaba
8110,-1,-159,0,0,0,0.023064,0.997991,logprobs,Alibaba
8111,-1,-157,0,0,0,0.029433,0.998822,logprobs,Alibaba
8112,-1,-155,0,0,0,0.076166,0.998,logprobs,Alibaba
8113,-1,-153,0,0,0,0.014133,0.998845,logprobs,Alibaba
8114,-1,-151,0,0,0,0.053515,0.998024,logprobs,Alibaba
8115,-1,-149,0,0,0,0.165068,0.996369,logprobs,Alibaba
8116,-1,-147,0,0,0,0.042307,0.997989,logprobs,Alibaba
8117,-1,-145,0,0,0,0.020431,0.998644,logprobs,Alibaba
8118,-1,-143,0,0,0,0.014099,0.998836,logprobs,Alibaba
8119,-1,-141,0,0,0,0.006753,0.999743,logprobs,Alibaba
8120,-1,-139,0,0,0,0.007612,0.998991,logprobs,Alibaba
8121,-1,-137,0,0,0,0.106947,0.997653,logprobs,Alibaba
8122,-1,-135,0,0,0,0.018082,0.997776,logprobs,Alibaba
8123,-1,-133,0,0,0,0.053558,0.996726,logprobs,Alibaba
8124,-1,-131,0,0,0,0.005258,0.999734,logprobs,Alibaba
8125,-1,-129,0,0,0,0.007622,0.999558,logprobs,Alibaba
8126,-1,-127,0,0,0,0.006714,0.999556,logprobs,Alibaba
8127,-1,-125,0,0,0,0.004634,0.999469,logprobs,Alibaba
8128,-1,-123,0,0,0,0.095619,0.998365,logprobs,Alibaba
8129,-1,-121,0,0,0,0.182809,0.99302,logprobs,Alibaba
8130,-1,-119,0,0,0,0.32244,0.990213,logprobs,Alibaba
8131,-1,-117,0,0,0,0.165543,0.993501,logprobs,Alibaba
8132,-1,-115,0,0,0,0.067998,0.993225,logprobs,Alibaba
8133,-1,-113,0,0,1,0.53243,0.999059,logprobs,Alibaba
8134,-1,-111,0,0,0,0.439899,0.997403,logprobs,Alibaba
8135,-1,-109,0,0,0,0.053685,0.998404,logprobs,Alibaba
8136,-1,-107,0,0,0,0.076034,0.997956,logprobs,Alibaba
8137,-1,-105,0,0,0,0.223841,0.997415,logprobs,Alibaba
8138,-1,-103,0,0,0,0.269711,0.999048,logprobs,Alibaba
8139,-1,-101,0,0,0,0.02309,0.999409,logprobs,Alibaba
8140,-1,-99,0,0,0,0.32121,0.998107,logprobs,Alibaba
8141,-1,-97,0,0,0,0.182864,0.99772,logprobs,Alibaba
8142,-1,-95,0,0,0,0.164896,0.998515,logprobs,Alibaba
8143,-1,-93,0,0,0,0.011039,0.999674,logprobs,Alibaba
8144,-1,-91,0,0,0,0.148416,0.999489,logprobs,Alibaba
8145,-1,-89,0,0,0,0.067783,0.998914,logprobs,Alibaba
8146,-1,-87,0,0,0,0.245923,0.996346,logprobs,Alibaba
8147,-1,-85,0,0,0,0.183105,0.997559,logprobs,Alibaba
8148,-1,-83,0,0,0,0.321533,0.997226,logprobs,Alibaba
8149,-1,-81,0,0,0,0.165002,0.999199,logprobs,Alibaba
8150,-1,-79,1,1,1,0.500582,0.998235,logprobs,Alibaba
8151,-1,-77,1,1,1,0.731843,0.999304,logprobs,Alibaba
8152,-1,-75,1,1,1,0.924198,0.999628,logprobs,Alibaba
8153,-1,-73,1,1,1,0.914992,0.999611,logprobs,Alibaba
8154,-1,-71,1,1,1,0.881051,0.999471,logprobs,Alibaba
8155,-1,-69,1,1,1,0.777507,0.999321,logprobs,Alibaba
8156,-1,-67,1,1,1,0.731265,0.999434,logprobs,Alibaba
8157,-1,-65,1,1,1,0.755409,0.999225,logprobs,Alibaba
8158,-1,-63,1,1,1,0.706285,0.999402,logprobs,Alibaba
8159,-1,-61,1,1,1,0.622816,0.999101,logprobs,Alibaba
8160,-1,-59,1,1,1,0.731671,0.999186,logprobs,Alibaba
8161,-1,-57,1,1,0,0.469382,0.999174,logprobs,Alibaba
8162,-1,-55,1,1,1,0.73132,0.999484,logprobs,Alibaba
8163,-1,-53,1,1,1,0.622839,0.999344,logprobs,Alibaba
8164,-1,-51,1,1,0,0.407795,0.999444,logprobs,Alibaba
8165,-1,-49,1,1,1,0.623419,0.999315,logprobs,Alibaba
8166,-1,-47,1,1,1,0.706016,0.999499,logprobs,Alibaba
8167,-1,-45,0,0,0,0.407797,0.999232,logprobs,Alibaba
8168,-1,-43,0,0,1,0.680098,0.999146,logprobs,Alibaba
8169,-1,-41,0,0,1,0.755155,0.99946,logprobs,Alibaba
8170,-1,-39,0,0,0,0.133543,0.998312,logprobs,Alibaba
8171,-1,-37,0,0,0,0.148981,0.997025,logprobs,Alibaba
8172,-1,-35,0,0,0,0.119815,0.995642,logprobs,Alibaba
8173,-1,-33,0,0,0,0.148323,0.997481,logprobs,Alibaba
8174,-1,-31,0,0,0,0.053867,0.997376,logprobs,Alibaba
8175,-1,-29,0,0,0,0.270237,0.987229,logprobs,Alibaba
8176,-1,-27,0,0,0,0.223987,0.996488,logprobs,Alibaba
8177,-1,-25,0,0,0,0.09556,0.99786,logprobs,Alibaba
8178,-1,-23,0,0,0,0.469917,0.997958,logprobs,Alibaba
8179,-1,-21,0,0,0,0.20334,0.991268,logprobs,Alibaba
8180,-1,-19,0,0,1,0.532252,0.993144,logprobs,Alibaba
8181,-1,-17,0,0,0,0.294636,0.995527,logprobs,Alibaba
8182,-1,-15,0,0,0,0.245484,0.996449,logprobs,Alibaba
8183,-1,-13,0,0,0,0.469604,0.998578,logprobs,Alibaba
8184,-1,-11,0,0,0,0.378908,0.998553,logprobs,Alibaba
8185,-1,-9,0,0,0,0.164851,0.998684,logprobs,Alibaba
8186,-1,-7,0,0,0,0.085512,0.99835,logprobs,Alibaba
8187,-1,-5,0,0,0,0.047536,0.996456,logprobs,Alibaba
8188,-1,-3,0,0,0,0.119433,0.996119,logprobs,Alibaba
8189,-1,-1,0,0,0,0.164711,0.9978,logprobs,Alibaba
8190,-1,1,0,0,0,0.245174,0.999092,logprobs,Alibaba
8191,-1,3,0,0,0,0.321142,0.999013,logprobs,Alibaba
8192,-1,5,0,0,0,0.269621,0.998442,logprobs,Alibaba
8193,-1,7,0,0,1,0.500642,0.999161,logprobs,Alibaba
8194,-1,9,1,1,1,0.70628,0.999203,logprobs,Alibaba
8195,-1,11,1,1,1,0.731367,0.99899,logprobs,Alibaba
8196,-1,13,1,1,1,0.623242,0.998995,logprobs,Alibaba
8197,-1,15,1,1,1,0.817697,0.999311,logprobs,Alibaba
8198,-1,17,1,1,1,0.679733,0.99923,logprobs,Alibaba
8199,-1,19,1,1,1,0.755304,0.999279,logprobs,Alibaba
8200,-1,21,1,1,1,0.867344,0.999409,logprobs,Alibaba
8201,-1,23,1,1,1,0.755872,0.999128,logprobs,Alibaba
8202,-1,25,1,1,1,0.731261,0.999426,logprobs,Alibaba
8203,-1,27,1,1,1,0.817733,0.999344,logprobs,Alibaba
8204,-1,29,1,1,1,0.798579,0.999356,logprobs,Alibaba
8205,-1,31,1,1,1,0.798319,0.999128,logprobs,Alibaba
8206,-1,33,1,0,1,0.755239,0.999384,logprobs,Alibaba
8207,-1,35,1,1,1,0.932485,0.999675,logprobs,Alibaba
8208,-1,37,1,1,1,0.939971,0.99956,logprobs,Alibaba
8209,-1,39,1,1,1,0.867151,0.999455,logprobs,Alibaba
8210,-1,41,1,1,1,0.562617,0.99885,logprobs,Alibaba
8211,-1,43,0,0,0,0.321408,0.99907,logprobs,Alibaba
8212,-1,45,0,0,0,0.377829,0.998426,logprobs,Alibaba
8213,-1,47,0,0,0,0.438261,0.998659,logprobs,Alibaba
8214,-1,49,0,0,1,0.500474,0.998525,logprobs,Alibaba
8215,-1,51,0,0,1,0.731403,0.999174,logprobs,Alibaba
8216,-1,53,0,0,1,0.706124,0.999393,logprobs,Alibaba
8217,-1,55,0,0,1,0.622935,0.999159,logprobs,Alibaba
8218,-1,57,0,0,0,0.294564,0.998756,logprobs,Alibaba
8219,-1,59,0,0,0,0.29461,0.998147,logprobs,Alibaba
8220,-1,61,0,0,0,0.321421,0.998896,logprobs,Alibaba
8221,-1,63,0,0,0,0.269271,0.999141,logprobs,Alibaba
8222,-1,65,0,0,1,0.500472,0.999123,logprobs,Alibaba
8223,-1,67,0,0,1,0.500666,0.999036,logprobs,Alibaba
8224,-1,69,0,0,0,0.349398,0.998647,logprobs,Alibaba
8225,-1,71,0,0,0,0.321209,0.999046,logprobs,Alibaba
8226,-1,73,0,0,0,0.096067,0.999503,logprobs,Alibaba
8227,-1,75,0,0,0,0.148287,0.998811,logprobs,Alibaba
8228,-1,77,0,0,1,0.59309,0.998905,logprobs,Alibaba
8229,-1,79,0,0,0,0.321263,0.998562,logprobs,Alibaba
8230,-1,81,0,0,0,0.182674,0.998592,logprobs,Alibaba
8231,-1,83,0,0,0,0.095613,0.999279,logprobs,Alibaba
8232,-1,85,0,0,0,0.202266,0.998857,logprobs,Alibaba
8233,-1,87,0,0,0,0.076279,0.9989,logprobs,Alibaba
8234,-1,89,0,0,1,0.592942,0.997024,logprobs,Alibaba
8235,-1,91,0,0,0,0.037671,0.999498,logprobs,Alibaba
8236,-1,93,0,0,0,0.060304,0.999399,logprobs,Alibaba
8237,-1,95,0,0,0,0.202461,0.998738,logprobs,Alibaba
8238,-1,97,0,0,0,0.321864,0.998588,logprobs,Alibaba
8239,-1,99,0,0,1,0.70649,0.999333,logprobs,Alibaba
8240,-1,101,1,1,1,0.706219,0.999234,logprobs,Alibaba
8241,-1,103,1,1,1,0.593397,0.999282,logprobs,Alibaba
8242,-1,105,0,0,0,0.438753,0.999146,logprobs,Alibaba
8243,-1,107,0,0,0,0.349051,0.999097,logprobs,Alibaba
8244,-1,109,0,0,0,0.408738,0.998809,logprobs,Alibaba
8245,-1,111,1,1,0,0.378649,0.999142,logprobs,Alibaba
8246,-1,113,1,1,1,0.623122,0.999222,logprobs,Alibaba
8247,-1,115,1,1,0,0.470155,0.998948,logprobs,Alibaba
8248,-1,117,1,1,1,0.68023,0.999228,logprobs,Alibaba
8249,-1,119,0,0,1,0.563162,0.99915,logprobs,Alibaba
8250,-1,121,0,0,1,0.623026,0.999026,logprobs,Alibaba
8251,-1,123,0,0,0,0.378231,0.999021,logprobs,Alibaba
8252,-1,125,0,0,0,0.106887,0.999438,logprobs,Alibaba
8253,-1,127,0,0,0,0.269621,0.999208,logprobs,Alibaba
8254,-1,129,0,0,0,0.222907,0.998916,logprobs,Alibaba
8255,-1,131,1,1,0,0.349605,0.999067,logprobs,Alibaba
8256,-1,133,1,1,0,0.09554,0.999425,logprobs,Alibaba
8257,-1,135,0,0,0,0.148494,0.997955,logprobs,Alibaba
8258,-1,137,0,0,0,0.469115,0.998944,logprobs,Alibaba
8259,-1,139,0,0,0,0.053522,0.999281,logprobs,Alibaba
8260,-1,141,0,0,1,0.562704,0.999238,logprobs,Alibaba
8261,-1,143,0,0,0,0.067925,0.999111,logprobs,Alibaba
8262,-1,145,0,0,0,0.060228,0.998897,logprobs,Alibaba
8263,-1,147,0,0,0,0.407692,0.998651,logprobs,Alibaba
8264,-1,149,0,0,0,0.183175,0.999101,logprobs,Alibaba
8265,-1,151,0,0,0,0.148215,0.999021,logprobs,Alibaba
8266,-1,153,0,0,0,0.047724,0.999204,logprobs,Alibaba
8267,-1,155,0,0,0,0.037458,0.998098,logprobs,Alibaba
8268,-1,157,0,0,0,0.023099,0.999125,logprobs,Alibaba
8269,-1,159,0,0,0,0.023116,0.999266,logprobs,Alibaba
8270,-1,161,0,0,0,0.033147,0.998985,logprobs,Alibaba
8271,-1,163,0,0,0,0.020396,0.999457,logprobs,Alibaba
8272,-1,165,0,0,0,0.02311,0.999562,logprobs,Alibaba
8273,-1,167,0,0,0,0.029414,0.999584,logprobs,Alibaba
8274,-1,169,0,0,0,0.029415,0.999626,logprobs,Alibaba
8275,-1,171,0,0,0,0.02304,0.999441,logprobs,Alibaba
8276,-1,173,0,0,0,0.014146,0.999654,logprobs,Alibaba
8277,-1,175,0,0,0,0.037495,0.999637,logprobs,Alibaba
8278,-1,177,0,0,0,0.026019,0.99951,logprobs,Alibaba
8279,-1,179,0,0,0,0.03738,0.999373,logprobs,Alibaba
8280,-3,-179,0,0,0,0.020441,0.999554,logprobs,Alibaba
8281,-3,-177,0,0,0,0.020385,0.999296,logprobs,Alibaba
8282,-3,-175,0,0,0,0.02039,0.999545,logprobs,Alibaba
8283,-3,-173,0,0,0,0.014142,0.999596,logprobs,Alibaba
8284,-3,-171,0,0,0,0.009738,0.999646,logprobs,Alibaba
8285,-3,-169,0,0,0,0.012579,0.999523,logprobs,Alibaba
8286,-3,-167,0,0,0,0.011021,0.999582,logprobs,Alibaba
8287,-3,-165,0,0,0,0.011049,0.999666,logprobs,Alibaba
8288,-3,-163,0,0,0,0.008624,0.999148,logprobs,Alibaba
8289,-3,-161,0,0,0,0.006688,0.999277,logprobs,Alibaba
8290,-3,-159,0,0,0,0.012562,0.998984,logprobs,Alibaba
8291,-3,-157,0,0,0,0.007569,0.998953,logprobs,Alibaba
8292,-3,-155,0,0,0,0.029419,0.999254,logprobs,Alibaba
8293,-3,-153,0,0,0,0.026105,0.99929,logprobs,Alibaba
8294,-3,-151,0,0,0,0.053526,0.99864,logprobs,Alibaba
8295,-3,-149,0,0,0,0.047658,0.998146,logprobs,Alibaba
8296,-3,-147,0,0,0,0.016099,0.998879,logprobs,Alibaba
8297,-3,-145,0,0,0,0.006716,0.999327,logprobs,Alibaba
8298,-3,-143,0,0,0,0.016056,0.99924,logprobs,Alibaba
8299,-3,-141,0,0,0,0.00864,0.999122,logprobs,Alibaba
8300,-3,-139,0,0,0,0.005904,0.999623,logprobs,Alibaba
8301,-3,-137,0,0,0,0.014107,0.999419,logprobs,Alibaba
8302,-3,-135,0,0,0,0.018029,0.998694,logprobs,Alibaba
8303,-3,-133,0,0,0,0.029444,0.997944,logprobs,Alibaba
8304,-3,-131,0,0,0,0.016056,0.999223,logprobs,Alibaba
8305,-3,-129,0,0,0,0.023199,0.999249,logprobs,Alibaba
8306,-3,-127,0,0,0,0.005904,0.999515,logprobs,Alibaba
8307,-3,-125,0,0,0,0.005265,0.99937,logprobs,Alibaba
8308,-3,-123,0,0,0,0.011071,0.998542,logprobs,Alibaba
8309,-3,-121,0,0,0,0.182609,0.992376,logprobs,Alibaba
8310,-3,-119,0,0,0,0.294755,0.994328,logprobs,Alibaba
8311,-3,-117,0,0,0,0.164999,0.991189,logprobs,Alibaba
8312,-3,-115,0,0,0,0.321548,0.997668,logprobs,Alibaba
8313,-3,-113,0,0,0,0.202206,0.997898,logprobs,Alibaba
8314,-3,-111,0,0,0,0.202373,0.99513,logprobs,Alibaba
8315,-3,-109,0,0,0,0.223352,0.998532,logprobs,Alibaba
8316,-3,-107,0,0,0,0.270408,0.99812,logprobs,Alibaba
8317,-3,-105,0,0,0,0.296154,0.997546,logprobs,Alibaba
8318,-3,-103,0,0,0,0.349232,0.998588,logprobs,Alibaba
8319,-3,-101,0,0,0,0.223307,0.998466,logprobs,Alibaba
8320,-3,-99,0,0,1,0.893447,0.999426,logprobs,Alibaba
8321,-3,-97,0,0,1,0.652305,0.999007,logprobs,Alibaba
8322,-3,-95,0,0,1,0.680065,0.999316,logprobs,Alibaba
8323,-3,-93,0,0,1,0.679541,0.999207,logprobs,Alibaba
8324,-3,-91,0,0,1,0.651779,0.999466,logprobs,Alibaba
8325,-3,-89,0,0,0,0.245564,0.998873,logprobs,Alibaba
8326,-3,-87,0,0,0,0.076101,0.997459,logprobs,Alibaba
8327,-3,-85,0,0,0,0.377882,0.999004,logprobs,Alibaba
8328,-3,-83,0,0,1,0.592948,0.999393,logprobs,Alibaba
8329,-3,-81,0,0,1,0.852034,0.999394,logprobs,Alibaba
8330,-3,-79,1,1,1,0.777785,0.999342,logprobs,Alibaba
8331,-3,-77,1,1,1,0.836086,0.999235,logprobs,Alibaba
8332,-3,-75,1,1,1,0.914941,0.999515,logprobs,Alibaba
8333,-3,-73,1,1,1,0.89338,0.999598,logprobs,Alibaba
8334,-3,-71,1,1,0,0.294823,0.995479,logprobs,Alibaba
8335,-3,-69,1,1,1,0.893447,0.999471,logprobs,Alibaba
8336,-3,-67,1,1,1,0.731739,0.999278,logprobs,Alibaba
8337,-3,-65,1,1,1,0.623036,0.999219,logprobs,Alibaba
8338,-3,-63,1,1,1,0.755479,0.999218,logprobs,Alibaba
8339,-3,-61,1,1,1,0.564269,0.999076,logprobs,Alibaba
8340,-3,-59,1,1,1,0.852395,0.999278,logprobs,Alibaba
8341,-3,-57,1,1,1,0.500652,0.999219,logprobs,Alibaba
8342,-3,-55,1,1,1,0.622914,0.99928,logprobs,Alibaba
8343,-3,-53,1,1,1,0.593298,0.999394,logprobs,Alibaba
8344,-3,-51,1,1,0,0.245729,0.999352,logprobs,Alibaba
8345,-3,-49,1,1,0,0.379065,0.999297,logprobs,Alibaba
8346,-3,-47,1,1,1,0.62402,0.999117,logprobs,Alibaba
8347,-3,-45,1,1,0,0.378483,0.999327,logprobs,Alibaba
8348,-3,-43,1,1,0,0.350814,0.99895,logprobs,Alibaba
8349,-3,-41,1,1,0,0.471166,0.998053,logprobs,Alibaba
8350,-3,-39,0,0,1,0.706212,0.999187,logprobs,Alibaba
8351,-3,-37,0,0,1,0.755467,0.999161,logprobs,Alibaba
8352,-3,-35,0,0,0,0.148607,0.996292,logprobs,Alibaba
8353,-3,-33,0,0,0,0.321574,0.99824,logprobs,Alibaba
8354,-3,-31,0,0,0,0.294866,0.99541,logprobs,Alibaba
8355,-3,-29,0,0,0,0.270237,0.995663,logprobs,Alibaba
8356,-3,-27,0,0,0,0.269907,0.992672,logprobs,Alibaba
8357,-3,-25,0,0,0,0.20216,0.99326,logprobs,Alibaba
8358,-3,-23,0,0,1,0.564241,0.998772,logprobs,Alibaba
8359,-3,-21,0,0,0,0.469236,0.997367,logprobs,Alibaba
8360,-3,-19,0,0,0,0.43832,0.995327,logprobs,Alibaba
8361,-3,-17,0,0,0,0.295424,0.994324,logprobs,Alibaba
8362,-3,-15,0,0,1,0.500401,0.996634,logprobs,Alibaba
8363,-3,-13,0,0,1,0.533057,0.998378,logprobs,Alibaba
8364,-3,-11,0,0,0,0.43859,0.998994,logprobs,Alibaba
8365,-3,-9,0,0,0,0.377829,0.998081,logprobs,Alibaba
8366,-3,-7,0,0,0,0.269339,0.99763,logprobs,Alibaba
8367,-3,-5,0,0,0,0.164848,0.996358,logprobs,Alibaba
8368,-3,-3,0,0,0,0.245283,0.998657,logprobs,Alibaba
8369,-3,-1,0,0,0,0.408086,0.998955,logprobs,Alibaba
8370,-3,1,0,0,0,0.377738,0.999288,logprobs,Alibaba
8371,-3,3,0,0,0,0.377811,0.99928,logprobs,Alibaba
8372,-3,5,0,0,1,0.500255,0.999073,logprobs,Alibaba
8373,-3,7,0,0,1,0.622667,0.999123,logprobs,Alibaba
8374,-3,9,0,0,1,0.593439,0.999028,logprobs,Alibaba
8375,-3,11,1,1,1,0.852154,0.999469,logprobs,Alibaba
8376,-3,13,1,1,1,0.818144,0.999208,logprobs,Alibaba
8377,-3,15,1,1,1,0.893409,0.999449,logprobs,Alibaba
8378,-3,17,1,1,1,0.835644,0.999509,logprobs,Alibaba
8379,-3,19,1,1,1,0.867102,0.999419,logprobs,Alibaba
8380,-3,21,1,1,1,0.924353,0.999548,logprobs,Alibaba
8381,-3,23,1,1,1,0.924291,0.999578,logprobs,Alibaba
8382,-3,25,1,1,1,0.904779,0.999435,logprobs,Alibaba
8383,-3,27,1,1,1,0.880899,0.999486,logprobs,Alibaba
8384,-3,29,1,1,1,0.867264,0.999342,logprobs,Alibaba
8385,-3,31,1,1,1,0.798364,0.999336,logprobs,Alibaba
8386,-3,33,1,1,1,0.777643,0.999226,logprobs,Alibaba
8387,-3,35,1,1,1,0.915004,0.999549,logprobs,Alibaba
8388,-3,37,1,1,1,0.966934,0.999657,logprobs,Alibaba
8389,-3,39,1,1,1,0.818039,0.999084,logprobs,Alibaba
8390,-3,41,0,0,1,0.731311,0.998947,logprobs,Alibaba
8391,-3,43,0,0,0,0.26929,0.998632,logprobs,Alibaba
8392,-3,45,0,0,1,0.679476,0.999051,logprobs,Alibaba
8393,-3,47,0,0,0,0.20218,0.998353,logprobs,Alibaba
8394,-3,49,0,0,0,0.378079,0.996926,logprobs,Alibaba
8395,-3,51,0,0,1,0.75508,0.999415,logprobs,Alibaba
8396,-3,53,0,0,1,0.623662,0.99908,logprobs,Alibaba
8397,-3,55,0,0,0,0.294899,0.998691,logprobs,Alibaba
8398,-3,57,0,0,0,0.245724,0.998804,logprobs,Alibaba
8399,-3,59,0,0,1,0.562599,0.999164,logprobs,Alibaba
8400,-3,61,0,0,0,0.245658,0.998482,logprobs,Alibaba
8401,-3,63,0,0,0,0.469731,0.998675,logprobs,Alibaba
8402,-3,65,0,0,1,0.679493,0.999245,logprobs,Alibaba
8403,-3,67,0,0,1,0.50071,0.999021,logprobs,Alibaba
8404,-3,69,0,0,1,0.679501,0.999277,logprobs,Alibaba
8405,-3,71,0,0,0,0.269665,0.999106,logprobs,Alibaba
8406,-3,73,0,0,0,0.296698,0.999239,logprobs,Alibaba
8407,-3,75,0,0,0,0.295395,0.998804,logprobs,Alibaba
8408,-3,77,0,0,1,0.777839,0.99901,logprobs,Alibaba
8409,-3,79,0,0,1,0.594162,0.998677,logprobs,Alibaba
8410,-3,81,0,0,1,0.531856,0.999001,logprobs,Alibaba
8411,-3,83,0,0,0,0.060351,0.998825,logprobs,Alibaba
8412,-3,85,0,0,0,0.269621,0.998996,logprobs,Alibaba
8413,-3,87,0,0,0,0.076279,0.998903,logprobs,Alibaba
8414,-3,89,0,0,0,0.068002,0.997951,logprobs,Alibaba
8415,-3,91,0,0,0,0.223236,0.999178,logprobs,Alibaba
8416,-3,93,0,0,0,0.053606,0.999204,logprobs,Alibaba
8417,-3,95,0,0,1,0.531682,0.9989,logprobs,Alibaba
8418,-3,97,0,0,0,0.469138,0.998702,logprobs,Alibaba
8419,-3,99,0,0,1,0.531894,0.999074,logprobs,Alibaba
8420,-3,101,0,0,1,0.706261,0.99933,logprobs,Alibaba
8421,-3,103,1,1,0,0.43859,0.998894,logprobs,Alibaba
8422,-3,105,1,1,0,0.349812,0.999103,logprobs,Alibaba
8423,-3,107,0,0,1,0.679733,0.999126,logprobs,Alibaba
8424,-3,109,0,0,0,0.469359,0.999124,logprobs,Alibaba
8425,-3,111,1,1,0,0.379072,0.999206,logprobs,Alibaba
8426,-3,113,1,1,1,0.593441,0.999268,logprobs,Alibaba
8427,-3,115,1,1,1,0.500757,0.999016,logprobs,Alibaba
8428,-3,117,0,0,1,0.706421,0.999062,logprobs,Alibaba
8429,-3,119,1,1,1,0.593719,0.999132,logprobs,Alibaba
8430,-3,121,0,0,1,0.706396,0.999268,logprobs,Alibaba
8431,-3,123,0,0,0,0.184211,0.99903,logprobs,Alibaba
8432,-3,125,0,0,0,0.182955,0.998762,logprobs,Alibaba
8433,-3,127,0,0,0,0.202221,0.998944,logprobs,Alibaba
8434,-3,129,1,1,0,0.26918,0.999031,logprobs,Alibaba
8435,-3,131,0,0,0,0.245925,0.998638,logprobs,Alibaba
8436,-3,133,1,1,0,0.223453,0.998817,logprobs,Alibaba
8437,-3,135,0,0,0,0.269836,0.998924,logprobs,Alibaba
8438,-3,137,1,1,0,0.471156,0.998787,logprobs,Alibaba
8439,-3,139,1,1,0,0.015947,0.998955,logprobs,Alibaba
8440,-3,141,1,1,0,0.469158,0.998951,logprobs,Alibaba
8441,-3,143,0,0,0,0.119474,0.998838,logprobs,Alibaba
8442,-3,145,0,0,0,0.148355,0.997306,logprobs,Alibaba
8443,-3,147,0,0,1,0.593455,0.997979,logprobs,Alibaba
8444,-3,149,0,0,1,0.777537,0.999321,logprobs,Alibaba
8445,-3,151,0,0,0,0.349261,0.995309,logprobs,Alibaba
8446,-3,153,0,0,0,0.10716,0.99723,logprobs,Alibaba
8447,-3,155,0,0,0,0.037483,0.997793,logprobs,Alibaba
8448,-3,157,0,0,0,0.020388,0.998882,logprobs,Alibaba
8449,-3,159,0,0,0,0.020471,0.99841,logprobs,Alibaba
8450,-3,161,0,0,0,0.026047,0.999046,logprobs,Alibaba
8451,-3,163,0,0,0,0.037578,0.998836,logprobs,Alibaba
8452,-3,165,0,0,0,0.053723,0.997882,logprobs,Alibaba
8453,-3,167,0,0,0,0.067783,0.999301,logprobs,Alibaba
8454,-3,169,0,0,0,0.026044,0.998481,logprobs,Alibaba
8455,-3,171,0,0,0,0.02303,0.998802,logprobs,Alibaba
8456,-3,173,0,0,0,0.018064,0.999322,logprobs,Alibaba
8457,-3,175,0,0,0,0.018029,0.998825,logprobs,Alibaba
8458,-3,177,0,0,0,0.026068,0.998961,logprobs,Alibaba
8459,-3,179,0,0,0,0.023054,0.999391,logprobs,Alibaba
8460,-5,-179,0,0,0,0.02036,0.999379,logprobs,Alibaba
8461,-5,-177,0,0,0,0.029384,0.999324,logprobs,Alibaba
8462,-5,-175,0,0,0,0.012474,0.999508,logprobs,Alibaba
8463,-5,-173,0,0,0,0.012471,0.99937,logprobs,Alibaba
8464,-5,-171,0,0,0,0.023112,0.999542,logprobs,Alibaba
8465,-5,-169,0,0,0,0.014199,0.999474,logprobs,Alibaba
8466,-5,-167,0,0,0,0.014125,0.999499,logprobs,Alibaba
8467,-5,-165,0,0,0,0.005931,0.999351,logprobs,Alibaba
8468,-5,-163,0,0,0,0.012478,0.999578,logprobs,Alibaba
8469,-5,-161,0,0,0,0.006718,0.999296,logprobs,Alibaba
8470,-5,-159,0,0,0,0.009749,0.998159,logprobs,Alibaba
8471,-5,-157,0,0,0,0.016041,0.99868,logprobs,Alibaba
8472,-5,-155,0,0,0,0.015992,0.998579,logprobs,Alibaba
8473,-5,-153,0,0,0,0.014149,0.999171,logprobs,Alibaba
8474,-5,-151,0,0,0,0.029473,0.998141,logprobs,Alibaba
8475,-5,-149,0,0,0,0.02606,0.997945,logprobs,Alibaba
8476,-5,-147,0,0,0,0.011044,0.998057,logprobs,Alibaba
8477,-5,-145,0,0,0,0.023051,0.998847,logprobs,Alibaba
8478,-5,-143,0,0,0,0.008645,0.999341,logprobs,Alibaba
8479,-5,-141,0,0,0,0.009782,0.999422,logprobs,Alibaba
8480,-5,-139,0,0,0,0.008626,0.999325,logprobs,Alibaba
8481,-5,-137,0,0,0,0.037454,0.996957,logprobs,Alibaba
8482,-5,-135,0,0,0,0.007604,0.999114,logprobs,Alibaba
8483,-5,-133,0,0,0,0.047742,0.995462,logprobs,Alibaba
8484,-5,-131,0,0,0,0.020392,0.998991,logprobs,Alibaba
8485,-5,-129,0,0,0,0.011063,0.99952,logprobs,Alibaba
8486,-5,-127,0,0,0,0.005271,0.999292,logprobs,Alibaba
8487,-5,-125,0,0,0,0.005971,0.999244,logprobs,Alibaba
8488,-5,-123,0,0,0,0.148696,0.997485,logprobs,Alibaba
8489,-5,-121,0,0,0,0.182809,0.995707,logprobs,Alibaba
8490,-5,-119,0,0,0,0.245742,0.99572,logprobs,Alibaba
8491,-5,-117,0,0,0,0.183675,0.997102,logprobs,Alibaba
8492,-5,-115,0,0,0,0.182917,0.995431,logprobs,Alibaba
8493,-5,-113,0,0,0,0.377988,0.998932,logprobs,Alibaba
8494,-5,-111,0,0,0,0.438669,0.999065,logprobs,Alibaba
8495,-5,-109,0,0,0,0.076249,0.997527,logprobs,Alibaba
8496,-5,-107,0,0,0,0.020435,0.997964,logprobs,Alibaba
8497,-5,-105,0,0,0,0.224162,0.996694,logprobs,Alibaba
8498,-5,-103,0,0,0,0.133396,0.998138,logprobs,Alibaba
8499,-5,-101,0,0,0,0.183294,0.997062,logprobs,Alibaba
8500,-5,-99,0,0,1,0.651973,0.999124,logprobs,Alibaba
8501,-5,-97,0,0,0,0.29472,0.99913,logprobs,Alibaba
8502,-5,-95,0,0,0,0.106954,0.997576,logprobs,Alibaba
8503,-5,-93,0,0,0,0.245813,0.99932,logprobs,Alibaba
8504,-5,-91,0,0,0,0.037649,0.999494,logprobs,Alibaba
8505,-5,-89,0,0,0,0.029545,0.99936,logprobs,Alibaba
8506,-5,-87,0,0,0,0.053671,0.99813,logprobs,Alibaba
8507,-5,-85,0,0,0,0.29501,0.998456,logprobs,Alibaba
8508,-5,-83,0,0,0,0.182788,0.998755,logprobs,Alibaba
8509,-5,-81,1,1,1,0.531562,0.999021,logprobs,Alibaba
8510,-5,-79,1,1,1,0.532288,0.996685,logprobs,Alibaba
8511,-5,-77,1,1,1,0.867278,0.999339,logprobs,Alibaba
8512,-5,-75,1,1,1,0.939972,0.999664,logprobs,Alibaba
8513,-5,-73,1,1,1,0.924221,0.999627,logprobs,Alibaba
8514,-5,-71,1,1,1,0.867186,0.999409,logprobs,Alibaba
8515,-5,-69,1,1,1,0.852192,0.999339,logprobs,Alibaba
8516,-5,-67,1,1,1,0.777525,0.99934,logprobs,Alibaba
8517,-5,-65,1,1,1,0.706326,0.999447,logprobs,Alibaba
8518,-5,-63,1,1,1,0.706421,0.999136,logprobs,Alibaba
8519,-5,-61,1,1,0,0.472256,0.999143,logprobs,Alibaba
8520,-5,-59,1,1,1,0.75625,0.999248,logprobs,Alibaba
8521,-5,-57,1,1,1,0.731392,0.999063,logprobs,Alibaba
8522,-5,-55,1,1,1,0.679906,0.9994,logprobs,Alibaba
8523,-5,-53,1,1,1,0.777551,0.999467,logprobs,Alibaba
8524,-5,-51,1,1,1,0.594155,0.999177,logprobs,Alibaba
8525,-5,-49,1,1,1,0.622886,0.999402,logprobs,Alibaba
8526,-5,-47,1,1,1,0.680314,0.999377,logprobs,Alibaba
8527,-5,-45,1,1,0,0.408072,0.999327,logprobs,Alibaba
8528,-5,-43,1,1,1,0.852386,0.999482,logprobs,Alibaba
8529,-5,-41,1,1,1,0.904903,0.999536,logprobs,Alibaba
8530,-5,-39,1,1,1,0.852115,0.999453,logprobs,Alibaba
8531,-5,-37,1,1,1,0.755103,0.999346,logprobs,Alibaba
8532,-5,-35,0,0,0,0.378115,0.994463,logprobs,Alibaba
8533,-5,-33,0,0,0,0.106917,0.997924,logprobs,Alibaba
8534,-5,-31,0,0,0,0.14849,0.992884,logprobs,Alibaba
8535,-5,-29,0,0,0,0.182955,0.991125,logprobs,Alibaba
8536,-5,-27,0,0,0,0.246142,0.997196,logprobs,Alibaba
8537,-5,-25,0,0,0,0.085411,0.993297,logprobs,Alibaba
8538,-5,-23,0,0,1,0.532204,0.998076,logprobs,Alibaba
8539,-5,-21,0,0,0,0.40885,0.995416,logprobs,Alibaba
8540,-5,-19,0,0,0,0.379293,0.99543,logprobs,Alibaba
8541,-5,-17,0,0,0,0.085224,0.984773,logprobs,Alibaba
8542,-5,-15,0,0,0,0.060224,0.9875,logprobs,Alibaba
8543,-5,-13,0,0,0,0.269952,0.995416,logprobs,Alibaba
8544,-5,-11,0,0,0,0.18302,0.99491,logprobs,Alibaba
8545,-5,-9,0,0,0,0.1333,0.996075,logprobs,Alibaba
8546,-5,-7,0,0,0,0.106807,0.994056,logprobs,Alibaba
8547,-5,-5,0,0,0,0.075987,0.996133,logprobs,Alibaba
8548,-5,-3,0,0,0,0.095608,0.997202,logprobs,Alibaba
8549,-5,-1,0,0,0,0.133236,0.998744,logprobs,Alibaba
8550,-5,1,0,0,0,0.321544,0.998948,logprobs,Alibaba
8551,-5,3,0,0,0,0.164771,0.99713,logprobs,Alibaba
8552,-5,5,0,0,0,0.085255,0.998574,logprobs,Alibaba
8553,-5,7,0,0,0,0.245629,0.998661,logprobs,Alibaba
8554,-5,9,0,0,0,0.223122,0.997133,logprobs,Alibaba
8555,-5,11,0,0,1,0.593455,0.999057,logprobs,Alibaba
8556,-5,13,1,1,1,0.755293,0.999212,logprobs,Alibaba
8557,-5,15,1,1,1,0.852122,0.999355,logprobs,Alibaba
8558,-5,17,1,1,1,0.852067,0.99952,logprobs,Alibaba
8559,-5,19,1,1,1,0.932488,0.999612,logprobs,Alibaba
8560,-5,21,1,1,1,0.940042,0.999547,logprobs,Alibaba
8561,-5,23,1,1,1,0.85208,0.999522,logprobs,Alibaba
8562,-5,25,1,1,1,0.867139,0.999539,logprobs,Alibaba
8563,-5,27,1,1,1,0.852217,0.999453,logprobs,Alibaba
8564,-5,29,1,1,1,0.893417,0.999275,logprobs,Alibaba
8565,-5,31,1,1,1,0.731671,0.99913,logprobs,Alibaba
8566,-5,33,1,1,1,0.86738,0.99915,logprobs,Alibaba
8567,-5,35,1,1,1,0.893391,0.99934,logprobs,Alibaba
8568,-5,37,1,1,1,0.932512,0.999501,logprobs,Alibaba
8569,-5,39,1,1,1,0.798475,0.999306,logprobs,Alibaba
8570,-5,41,0,0,1,0.592871,0.998543,logprobs,Alibaba
8571,-5,43,0,0,0,0.182969,0.998209,logprobs,Alibaba
8572,-5,45,0,0,0,0.095695,0.998174,logprobs,Alibaba
8573,-5,47,0,0,0,0.085452,0.998535,logprobs,Alibaba
8574,-5,49,0,0,0,0.202729,0.996718,logprobs,Alibaba
8575,-5,51,0,0,1,0.500528,0.998698,logprobs,Alibaba
8576,-5,53,0,0,0,0.407998,0.998113,logprobs,Alibaba
8577,-5,55,0,0,0,0.119397,0.998545,logprobs,Alibaba
8578,-5,57,0,0,0,0.107169,0.998052,logprobs,Alibaba
8579,-5,59,0,0,0,0.295045,0.999174,logprobs,Alibaba
8580,-5,61,0,0,0,0.202344,0.997725,logprobs,Alibaba
8581,-5,63,0,0,0,0.269364,0.998781,logprobs,Alibaba
8582,-5,65,0,0,1,0.593474,0.999233,logprobs,Alibaba
8583,-5,67,0,0,0,0.3494,0.998864,logprobs,Alibaba
8584,-5,69,0,0,0,0.182861,0.998698,logprobs,Alibaba
8585,-5,71,0,0,0,0.06789,0.998893,logprobs,Alibaba
8586,-5,73,0,0,0,0.042307,0.999322,logprobs,Alibaba
8587,-5,75,0,0,0,0.095459,0.998342,logprobs,Alibaba
8588,-5,77,0,0,0,0.269252,0.998114,logprobs,Alibaba
8589,-5,79,0,0,0,0.202151,0.994571,logprobs,Alibaba
8590,-5,81,0,0,0,0.053652,0.998498,logprobs,Alibaba
8591,-5,83,0,0,0,0.085845,0.998254,logprobs,Alibaba
8592,-5,85,0,0,0,0.20237,0.998789,logprobs,Alibaba
8593,-5,87,0,0,0,0.042174,0.998993,logprobs,Alibaba
8594,-5,89,0,0,0,0.03321,0.999069,logprobs,Alibaba
8595,-5,91,0,0,0,0.033251,0.999477,logprobs,Alibaba
8596,-5,93,0,0,0,0.033251,0.99929,logprobs,Alibaba
8597,-5,95,0,0,0,0.133113,0.997822,logprobs,Alibaba
8598,-5,97,0,0,0,0.407661,0.998897,logprobs,Alibaba
8599,-5,99,0,0,1,0.531577,0.998831,logprobs,Alibaba
8600,-5,101,0,0,0,0.407923,0.998571,logprobs,Alibaba
8601,-5,103,0,0,1,0.500225,0.998634,logprobs,Alibaba
8602,-5,105,1,1,1,0.731639,0.999118,logprobs,Alibaba
8603,-5,107,0,0,0,0.29542,0.998695,logprobs,Alibaba
8604,-5,109,0,0,0,0.321308,0.997535,logprobs,Alibaba
8605,-5,111,0,0,0,0.378748,0.998841,logprobs,Alibaba
8606,-5,113,0,0,0,0.223026,0.999048,logprobs,Alibaba
8607,-5,115,0,0,0,0.246466,0.998324,logprobs,Alibaba
8608,-5,117,0,0,1,0.593761,0.998975,logprobs,Alibaba
8609,-5,119,0,0,0,0.439084,0.99814,logprobs,Alibaba
8610,-5,121,0,0,0,0.349402,0.998992,logprobs,Alibaba
8611,-5,123,0,0,0,0.223378,0.99901,logprobs,Alibaba
8612,-5,125,0,0,0,0.164685,0.999131,logprobs,Alibaba
8613,-5,127,0,0,0,0.133123,0.998681,logprobs,Alibaba
8614,-5,129,0,0,0,0.076127,0.999195,logprobs,Alibaba
8615,-5,131,0,0,0,0.107014,0.999401,logprobs,Alibaba
8616,-5,133,0,0,0,0.223119,0.999061,logprobs,Alibaba
8617,-5,135,0,0,0,0.067783,0.999485,logprobs,Alibaba
8618,-5,137,0,0,1,0.562675,0.999205,logprobs,Alibaba
8619,-5,139,1,1,0,0.26942,0.998911,logprobs,Alibaba
8620,-5,141,1,1,0,0.407953,0.998912,logprobs,Alibaba
8621,-5,143,1,1,0,0.119448,0.997999,logprobs,Alibaba
8622,-5,145,1,1,0,0.107658,0.997019,logprobs,Alibaba
8623,-5,147,0,0,1,0.532149,0.999045,logprobs,Alibaba
8624,-5,149,0,0,0,0.408426,0.997611,logprobs,Alibaba
8625,-5,151,0,0,0,0.165265,0.998597,logprobs,Alibaba
8626,-5,153,0,0,0,0.107565,0.997965,logprobs,Alibaba
8627,-5,155,0,0,0,0.0677,0.996635,logprobs,Alibaba
8628,-5,157,0,0,0,0.047607,0.998041,logprobs,Alibaba
8629,-5,159,0,0,0,0.03754,0.997505,logprobs,Alibaba
8630,-5,161,0,0,0,0.016102,0.999403,logprobs,Alibaba
8631,-5,163,0,0,0,0.026083,0.999559,logprobs,Alibaba
8632,-5,165,0,0,0,0.026,0.99904,logprobs,Alibaba
8633,-5,167,0,0,0,0.018061,0.999571,logprobs,Alibaba
8634,-5,169,0,0,0,0.029518,0.999463,logprobs,Alibaba
8635,-5,171,0,0,0,0.020511,0.999102,logprobs,Alibaba
8636,-5,173,0,0,0,0.018115,0.999434,logprobs,Alibaba
8637,-5,175,0,0,0,0.026091,0.998783,logprobs,Alibaba
8638,-5,177,0,0,0,0.033141,0.999054,logprobs,Alibaba
8639,-5,179,0,0,0,0.029441,0.999389,logprobs,Alibaba
8640,-7,-179,0,0,0,0.023128,0.999216,logprobs,Alibaba
8641,-7,-177,0,0,0,0.015995,0.998941,logprobs,Alibaba
8642,-7,-175,0,0,0,0.014108,0.999495,logprobs,Alibaba
8643,-7,-173,0,0,0,0.020542,0.999113,logprobs,Alibaba
8644,-7,-171,0,0,0,0.020481,0.99922,logprobs,Alibaba
8645,-7,-169,0,0,0,0.026095,0.999215,logprobs,Alibaba
8646,-7,-167,0,0,0,0.014118,0.999462,logprobs,Alibaba
8647,-7,-165,0,0,0,0.009834,0.999258,logprobs,Alibaba
8648,-7,-163,0,0,0,0.018033,0.998798,logprobs,Alibaba
8649,-7,-161,0,0,0,0.012606,0.998935,logprobs,Alibaba
8650,-7,-159,0,0,0,0.014149,0.996944,logprobs,Alibaba
8651,-7,-157,0,0,0,0.016041,0.998237,logprobs,Alibaba
8652,-7,-155,0,0,0,0.009753,0.99781,logprobs,Alibaba
8653,-7,-153,0,0,0,0.012533,0.999151,logprobs,Alibaba
8654,-7,-151,0,0,0,0.047536,0.995151,logprobs,Alibaba
8655,-7,-149,0,0,0,0.076127,0.996506,logprobs,Alibaba
8656,-7,-147,0,0,0,0.018057,0.998564,logprobs,Alibaba
8657,-7,-145,0,0,0,0.018083,0.999219,logprobs,Alibaba
8658,-7,-143,0,0,0,0.016079,0.99914,logprobs,Alibaba
8659,-7,-141,0,0,0,0.012537,0.99904,logprobs,Alibaba
8660,-7,-139,0,0,0,0.016003,0.99888,logprobs,Alibaba
8661,-7,-137,0,0,0,0.009819,0.99932,logprobs,Alibaba
8662,-7,-135,0,0,0,0.020395,0.998653,logprobs,Alibaba
8663,-7,-133,0,0,0,0.018041,0.998882,logprobs,Alibaba
8664,-7,-131,0,0,0,0.011035,0.999526,logprobs,Alibaba
8665,-7,-129,0,0,0,0.018079,0.999102,logprobs,Alibaba
8666,-7,-127,0,0,0,0.012592,0.999185,logprobs,Alibaba
8667,-7,-125,0,0,0,0.015944,0.998952,logprobs,Alibaba
8668,-7,-123,0,0,0,0.085411,0.998019,logprobs,Alibaba
8669,-7,-121,0,0,0,0.202622,0.997657,logprobs,Alibaba
8670,-7,-119,0,0,0,0.119676,0.995724,logprobs,Alibaba
8671,-7,-117,0,0,0,0.148442,0.988657,logprobs,Alibaba
8672,-7,-115,0,0,0,0.067857,0.997808,logprobs,Alibaba
8673,-7,-113,0,0,0,0.119789,0.998697,logprobs,Alibaba
8674,-7,-111,0,0,0,0.245829,0.995704,logprobs,Alibaba
8675,-7,-109,0,0,0,0.02972,0.997974,logprobs,Alibaba
8676,-7,-107,0,0,0,0.165415,0.995801,logprobs,Alibaba
8677,-7,-105,0,0,0,0.076348,0.99624,logprobs,Alibaba
8678,-7,-103,0,0,0,0.085542,0.996084,logprobs,Alibaba
8679,-7,-101,0,0,0,0.14852,0.998148,logprobs,Alibaba
8680,-7,-99,0,0,1,0.731637,0.999392,logprobs,Alibaba
8681,-7,-97,0,0,0,0.295764,0.994833,logprobs,Alibaba
8682,-7,-95,0,0,0,0.183487,0.994768,logprobs,Alibaba
8683,-7,-93,0,0,0,0.470259,0.99914,logprobs,Alibaba
8684,-7,-91,0,0,0,0.183294,0.995621,logprobs,Alibaba
8685,-7,-89,0,0,0,0.165221,0.995021,logprobs,Alibaba
8686,-7,-87,0,0,0,0.295764,0.997302,logprobs,Alibaba
8687,-7,-85,0,0,0,0.470066,0.998766,logprobs,Alibaba
8688,-7,-83,0,0,1,0.680064,0.998935,logprobs,Alibaba
8689,-7,-81,0,0,1,0.85275,0.999322,logprobs,Alibaba
8690,-7,-79,1,1,1,0.652156,0.998977,logprobs,Alibaba
8691,-7,-77,1,1,1,0.880968,0.999446,logprobs,Alibaba
8692,-7,-75,1,1,1,0.91497,0.999587,logprobs,Alibaba
8693,-7,-73,1,1,1,0.957964,0.99956,logprobs,Alibaba
8694,-7,-71,1,1,1,0.881077,0.999348,logprobs,Alibaba
8695,-7,-69,1,1,1,0.915089,0.999376,logprobs,Alibaba
8696,-7,-67,1,1,1,0.706345,0.9994,logprobs,Alibaba
8697,-7,-65,1,1,1,0.755222,0.999415,logprobs,Alibaba
8698,-7,-63,1,1,1,0.652027,0.999299,logprobs,Alibaba
8699,-7,-61,1,1,0,0.378216,0.999347,logprobs,Alibaba
8700,-7,-59,1,1,1,0.755227,0.999321,logprobs,Alibaba
8701,-7,-57,1,1,0,0.439467,0.999338,logprobs,Alibaba
8702,-7,-55,1,1,1,0.651735,0.999282,logprobs,Alibaba
8703,-7,-53,1,1,1,0.731823,0.999261,logprobs,Alibaba
8704,-7,-51,1,1,1,0.852208,0.999611,logprobs,Alibaba
8705,-7,-49,1,1,1,0.777666,0.999451,logprobs,Alibaba
8706,-7,-47,1,1,1,0.777578,0.999388,logprobs,Alibaba
8707,-7,-45,1,1,0,0.377888,0.99922,logprobs,Alibaba
8708,-7,-43,1,1,1,0.932546,0.999683,logprobs,Alibaba
8709,-7,-41,1,1,1,0.95795,0.999774,logprobs,Alibaba
8710,-7,-39,1,1,1,0.915045,0.999395,logprobs,Alibaba
8711,-7,-37,1,1,1,0.932703,0.999653,logprobs,Alibaba
8712,-7,-35,1,1,0,0.294763,0.986297,logprobs,Alibaba
8713,-7,-33,0,0,0,0.16531,0.993625,logprobs,Alibaba
8714,-7,-31,0,0,0,0.060413,0.99229,logprobs,Alibaba
8715,-7,-29,0,0,0,0.183852,0.995974,logprobs,Alibaba
8716,-7,-27,0,0,0,0.119399,0.994213,logprobs,Alibaba
8717,-7,-25,0,0,0,0.223708,0.988138,logprobs,Alibaba
8718,-7,-23,0,0,1,0.706383,0.999335,logprobs,Alibaba
8719,-7,-21,0,0,0,0.203741,0.98764,logprobs,Alibaba
8720,-7,-19,0,0,0,0.322257,0.988111,logprobs,Alibaba
8721,-7,-17,0,0,0,0.378744,0.990286,logprobs,Alibaba
8722,-7,-15,0,0,0,0.294835,0.990496,logprobs,Alibaba
8723,-7,-13,0,0,0,0.469731,0.997332,logprobs,Alibaba
8724,-7,-11,0,0,0,0.095466,0.991685,logprobs,Alibaba
8725,-7,-9,0,0,0,0.09556,0.996198,logprobs,Alibaba
8726,-7,-7,0,0,0,0.029537,0.998225,logprobs,Alibaba
8727,-7,-5,0,0,0,0.10716,0.996255,logprobs,Alibaba
8728,-7,-3,0,0,0,0.349224,0.995246,logprobs,Alibaba
8729,-7,-1,0,0,0,0.349198,0.998804,logprobs,Alibaba
8730,-7,1,0,0,1,0.593184,0.999138,logprobs,Alibaba
8731,-7,3,0,0,1,0.731612,0.999206,logprobs,Alibaba
8732,-7,5,0,0,0,0.349605,0.997784,logprobs,Alibaba
8733,-7,7,0,0,0,0.294709,0.999229,logprobs,Alibaba
8734,-7,9,0,0,1,0.5947,0.999266,logprobs,Alibaba
8735,-7,11,0,0,1,0.679807,0.999095,logprobs,Alibaba
8736,-7,13,1,1,1,0.755331,0.999364,logprobs,Alibaba
8737,-7,15,1,1,1,0.867121,0.999577,logprobs,Alibaba
8738,-7,17,1,1,1,0.817658,0.999413,logprobs,Alibaba
8739,-7,19,1,1,1,0.932546,0.999589,logprobs,Alibaba
8740,-7,21,1,1,1,0.914983,0.999534,logprobs,Alibaba
8741,-7,23,1,1,1,0.867108,0.999555,logprobs,Alibaba
8742,-7,25,1,1,1,0.881081,0.999708,logprobs,Alibaba
8743,-7,27,1,1,1,0.852116,0.999507,logprobs,Alibaba
8744,-7,29,1,1,1,0.852061,0.999438,logprobs,Alibaba
8745,-7,31,1,1,1,0.904728,0.99945,logprobs,Alibaba
8746,-7,33,1,1,1,0.867273,0.999381,logprobs,Alibaba
8747,-7,35,1,1,1,0.939946,0.999581,logprobs,Alibaba
8748,-7,37,1,1,1,0.89348,0.999569,logprobs,Alibaba
8749,-7,39,1,1,1,0.73141,0.998309,logprobs,Alibaba
8750,-7,41,0,0,1,0.593834,0.998661,logprobs,Alibaba
8751,-7,43,0,0,0,0.295848,0.996552,logprobs,Alibaba
8752,-7,45,0,0,0,0.164782,0.995525,logprobs,Alibaba
8753,-7,47,0,0,0,0.350051,0.994751,logprobs,Alibaba
8754,-7,49,0,0,0,0.148775,0.990833,logprobs,Alibaba
8755,-7,51,0,0,1,0.622823,0.998282,logprobs,Alibaba
8756,-7,53,0,0,1,0.623746,0.997519,logprobs,Alibaba
8757,-7,55,0,0,0,0.202202,0.996475,logprobs,Alibaba
8758,-7,57,0,0,0,0.06772,0.998648,logprobs,Alibaba
8759,-7,59,0,0,0,0.060426,0.998379,logprobs,Alibaba
8760,-7,61,0,0,0,0.119413,0.997635,logprobs,Alibaba
8761,-7,63,0,0,0,0.182837,0.998068,logprobs,Alibaba
8762,-7,65,0,0,0,0.321385,0.998494,logprobs,Alibaba
8763,-7,67,0,0,0,0.321455,0.998822,logprobs,Alibaba
8764,-7,69,0,0,0,0.321186,0.998375,logprobs,Alibaba
8765,-7,71,0,0,0,0.202258,0.998184,logprobs,Alibaba
8766,-7,73,0,0,0,0.40901,0.998657,logprobs,Alibaba
8767,-7,75,0,0,0,0.245925,0.997841,logprobs,Alibaba
8768,-7,77,0,0,1,0.706356,0.999194,logprobs,Alibaba
8769,-7,79,0,0,1,0.623288,0.997073,logprobs,Alibaba
8770,-7,81,0,0,0,0.378829,0.997019,logprobs,Alibaba
8771,-7,83,0,0,0,0.16591,0.998237,logprobs,Alibaba
8772,-7,85,0,0,0,0.223643,0.998734,logprobs,Alibaba
8773,-7,87,0,0,0,0.133693,0.998432,logprobs,Alibaba
8774,-7,89,0,0,0,0.029426,0.998787,logprobs,Alibaba
8775,-7,91,0,0,0,0.085889,0.999044,logprobs,Alibaba
8776,-7,93,0,0,0,0.029525,0.999402,logprobs,Alibaba
8777,-7,95,0,0,0,0.378273,0.998719,logprobs,Alibaba
8778,-7,97,0,0,1,0.563607,0.998707,logprobs,Alibaba
8779,-7,99,0,0,1,0.798533,0.99951,logprobs,Alibaba
8780,-7,101,0,0,1,0.593698,0.998778,logprobs,Alibaba
8781,-7,103,0,0,0,0.472226,0.997011,logprobs,Alibaba
8782,-7,105,0,0,0,0.378233,0.997068,logprobs,Alibaba
8783,-7,107,1,1,1,0.946663,0.99962,logprobs,Alibaba
8784,-7,109,1,1,1,0.731713,0.998746,logprobs,Alibaba
8785,-7,111,1,1,1,0.623346,0.999038,logprobs,Alibaba
8786,-7,113,1,1,1,0.679779,0.999105,logprobs,Alibaba
8787,-7,115,0,0,0,0.469399,0.998916,logprobs,Alibaba
8788,-7,117,0,0,1,0.731845,0.999204,logprobs,Alibaba
8789,-7,119,0,0,0,0.408656,0.998939,logprobs,Alibaba
8790,-7,121,0,0,0,0.321147,0.999338,logprobs,Alibaba
8791,-7,123,0,0,0,0.183018,0.999254,logprobs,Alibaba
8792,-7,125,0,0,0,0.349051,0.998944,logprobs,Alibaba
8793,-7,127,0,0,0,0.133206,0.999361,logprobs,Alibaba
8794,-7,129,0,0,0,0.060256,0.999283,logprobs,Alibaba
8795,-7,131,0,0,0,0.053515,0.999248,logprobs,Alibaba
8796,-7,133,0,0,0,0.096032,0.999303,logprobs,Alibaba
8797,-7,135,0,0,0,0.060239,0.999121,logprobs,Alibaba
8798,-7,137,0,0,0,0.119725,0.999148,logprobs,Alibaba
8799,-7,139,1,1,0,0.042315,0.999388,logprobs,Alibaba
8800,-7,141,1,1,0,0.07621,0.998499,logprobs,Alibaba
8801,-7,143,1,1,0,0.047591,0.999341,logprobs,Alibaba
8802,-7,145,1,1,0,0.033177,0.997392,logprobs,Alibaba
8803,-7,147,0,0,0,0.10721,0.998311,logprobs,Alibaba
8804,-7,149,0,0,0,0.120314,0.998204,logprobs,Alibaba
8805,-7,151,0,0,0,0.096032,0.996512,logprobs,Alibaba
8806,-7,153,0,0,0,0.023247,0.998659,logprobs,Alibaba
8807,-7,155,0,0,0,0.029459,0.998363,logprobs,Alibaba
8808,-7,157,1,1,0,0.020552,0.998806,logprobs,Alibaba
8809,-7,159,0,0,0,0.060592,0.99891,logprobs,Alibaba
8810,-7,161,0,0,0,0.023171,0.999078,logprobs,Alibaba
8811,-7,163,0,0,0,0.037549,0.998912,logprobs,Alibaba
8812,-7,165,0,0,0,0.018083,0.998858,logprobs,Alibaba
8813,-7,167,0,0,0,0.02606,0.99927,logprobs,Alibaba
8814,-7,169,0,0,0,0.020517,0.999355,logprobs,Alibaba
8815,-7,171,0,0,0,0.020471,0.999442,logprobs,Alibaba
8816,-7,173,0,0,0,0.037739,0.998642,logprobs,Alibaba
8817,-7,175,0,0,0,0.076051,0.998731,logprobs,Alibaba
8818,-7,177,0,0,0,0.023064,0.998366,logprobs,Alibaba
8819,-7,179,0,0,0,0.033135,0.999352,logprobs,Alibaba
8820,-9,-179,0,0,0,0.026039,0.999307,logprobs,Alibaba
8821,-9,-177,0,0,0,0.018126,0.999359,logprobs,Alibaba
8822,-9,-175,0,0,0,0.009748,0.999401,logprobs,Alibaba
8823,-9,-173,0,0,0,0.029531,0.999345,logprobs,Alibaba
8824,-9,-171,0,0,0,0.012525,0.999518,logprobs,Alibaba
8825,-9,-169,0,0,0,0.023186,0.998514,logprobs,Alibaba
8826,-9,-167,0,0,0,0.018152,0.998653,logprobs,Alibaba
8827,-9,-165,0,0,0,0.016023,0.998945,logprobs,Alibaba
8828,-9,-163,0,0,0,0.015965,0.999314,logprobs,Alibaba
8829,-9,-161,0,0,0,0.005935,0.999547,logprobs,Alibaba
8830,-9,-159,0,0,0,0.018057,0.998426,logprobs,Alibaba
8831,-9,-157,0,0,0,0.026232,0.998087,logprobs,Alibaba
8832,-9,-155,0,0,0,0.01814,0.998689,logprobs,Alibaba
8833,-9,-153,0,0,0,0.014102,0.998545,logprobs,Alibaba
8834,-9,-151,0,0,0,0.023116,0.99692,logprobs,Alibaba
8835,-9,-149,0,0,0,0.095774,0.996547,logprobs,Alibaba
8836,-9,-147,0,0,0,0.018099,0.998518,logprobs,Alibaba
8837,-9,-145,0,0,0,0.00676,0.99943,logprobs,Alibaba
8838,-9,-143,0,0,0,0.008675,0.999327,logprobs,Alibaba
8839,-9,-141,0,0,0,0.01106,0.99909,logprobs,Alibaba
8840,-9,-139,0,0,0,0.016137,0.998762,logprobs,Alibaba
8841,-9,-137,0,0,0,0.018114,0.998946,logprobs,Alibaba
8842,-9,-135,0,0,0,0.016,0.998211,logprobs,Alibaba
8843,-9,-133,0,0,0,0.014144,0.999235,logprobs,Alibaba
8844,-9,-131,0,0,0,0.005245,0.999727,logprobs,Alibaba
8845,-9,-129,0,0,0,0.026134,0.998652,logprobs,Alibaba
8846,-9,-127,0,0,0,0.00525,0.999334,logprobs,Alibaba
8847,-9,-125,0,0,0,0.008615,0.99917,logprobs,Alibaba
8848,-9,-123,0,0,0,0.085549,0.997911,logprobs,Alibaba
8849,-9,-121,0,0,0,0.047631,0.998783,logprobs,Alibaba
8850,-9,-119,0,0,0,0.029413,0.998511,logprobs,Alibaba
8851,-9,-117,0,0,0,0.042612,0.997238,logprobs,Alibaba
8852,-9,-115,0,0,0,0.060239,0.997216,logprobs,Alibaba
8853,-9,-113,0,0,0,0.014117,0.999251,logprobs,Alibaba
8854,-9,-111,0,0,0,0.020472,0.997709,logprobs,Alibaba
8855,-9,-109,0,0,0,0.037649,0.998296,logprobs,Alibaba
8856,-9,-107,0,0,0,0.042313,0.998024,logprobs,Alibaba
8857,-9,-105,0,0,0,0.014277,0.998643,logprobs,Alibaba
8858,-9,-103,0,0,0,0.026062,0.999047,logprobs,Alibaba
8859,-9,-101,0,0,0,0.042302,0.99857,logprobs,Alibaba
8860,-9,-99,0,0,1,0.679681,0.998865,logprobs,Alibaba
8861,-9,-97,0,0,0,0.016052,0.999221,logprobs,Alibaba
8862,-9,-95,0,0,0,0.037531,0.99832,logprobs,Alibaba
8863,-9,-93,0,0,0,0.095531,0.998893,logprobs,Alibaba
8864,-9,-91,0,0,0,0.033385,0.998539,logprobs,Alibaba
8865,-9,-89,0,0,0,0.02041,0.998985,logprobs,Alibaba
8866,-9,-87,0,0,0,0.1834,0.994362,logprobs,Alibaba
8867,-9,-85,0,0,0,0.023253,0.998975,logprobs,Alibaba
8868,-9,-83,0,0,0,0.10712,0.99795,logprobs,Alibaba
8869,-9,-81,0,0,0,0.245734,0.998213,logprobs,Alibaba
8870,-9,-79,0,0,0,0.469633,0.99836,logprobs,Alibaba
8871,-9,-77,1,1,1,0.893431,0.999569,logprobs,Alibaba
8872,-9,-75,1,1,1,0.777767,0.999353,logprobs,Alibaba
8873,-9,-73,1,1,1,0.90488,0.999614,logprobs,Alibaba
8874,-9,-71,1,1,1,0.867315,0.999452,logprobs,Alibaba
8875,-9,-69,1,1,1,0.777709,0.999452,logprobs,Alibaba
8876,-9,-67,1,1,1,0.798685,0.999498,logprobs,Alibaba
8877,-9,-65,1,1,1,0.706291,0.999186,logprobs,Alibaba
8878,-9,-63,1,1,1,0.594203,0.999219,logprobs,Alibaba
8879,-9,-61,1,1,0,0.349676,0.999158,logprobs,Alibaba
8880,-9,-59,1,1,1,0.706232,0.99939,logprobs,Alibaba
8881,-9,-57,1,1,1,0.680044,0.99927,logprobs,Alibaba
8882,-9,-55,1,1,1,0.867253,0.999635,logprobs,Alibaba
8883,-9,-53,1,1,1,0.939966,0.999697,logprobs,Alibaba
8884,-9,-51,1,1,1,0.798685,0.999401,logprobs,Alibaba
8885,-9,-49,1,1,1,0.904705,0.999465,logprobs,Alibaba
8886,-9,-47,1,1,1,0.932558,0.999658,logprobs,Alibaba
8887,-9,-45,1,1,1,0.940067,0.999696,logprobs,Alibaba
8888,-9,-43,1,1,1,0.952723,0.999688,logprobs,Alibaba
8889,-9,-41,1,1,1,0.939978,0.999664,logprobs,Alibaba
8890,-9,-39,1,1,1,0.952635,0.999638,logprobs,Alibaba
8891,-9,-37,1,1,1,0.651775,0.999474,logprobs,Alibaba
8892,-9,-35,0,0,0,0.223837,0.991525,logprobs,Alibaba
8893,-9,-33,0,0,0,0.294866,0.993858,logprobs,Alibaba
8894,-9,-31,0,0,0,0.076382,0.993222,logprobs,Alibaba
8895,-9,-29,0,0,1,0.867232,0.999522,logprobs,Alibaba
8896,-9,-27,0,0,0,0.40836,0.995825,logprobs,Alibaba
8897,-9,-25,0,0,1,0.5934,0.999112,logprobs,Alibaba
8898,-9,-23,0,0,1,0.817895,0.999397,logprobs,Alibaba
8899,-9,-21,0,0,1,0.707694,0.998917,logprobs,Alibaba
8900,-9,-19,0,0,1,0.818409,0.999437,logprobs,Alibaba
8901,-9,-17,0,0,1,0.679426,0.999028,logprobs,Alibaba
8902,-9,-15,0,0,1,0.680262,0.999225,logprobs,Alibaba
8903,-9,-13,0,0,1,0.679708,0.999278,logprobs,Alibaba
8904,-9,-11,0,0,0,0.438807,0.997659,logprobs,Alibaba
8905,-9,-9,0,0,0,0.107149,0.99738,logprobs,Alibaba
8906,-9,-7,0,0,0,0.377912,0.998886,logprobs,Alibaba
8907,-9,-5,0,0,0,0.438421,0.999227,logprobs,Alibaba
8908,-9,-3,0,0,1,0.564119,0.998766,logprobs,Alibaba
8909,-9,-1,0,0,1,0.500905,0.999128,logprobs,Alibaba
8910,-9,1,0,0,1,0.835565,0.999481,logprobs,Alibaba
8911,-9,3,0,0,1,0.835667,0.999472,logprobs,Alibaba
8912,-9,5,0,0,1,0.880846,0.999574,logprobs,Alibaba
8913,-9,7,0,0,1,0.924206,0.999609,logprobs,Alibaba
8914,-9,9,0,0,1,0.731376,0.999531,logprobs,Alibaba
8915,-9,11,0,0,1,0.835744,0.999355,logprobs,Alibaba
8916,-9,13,0,0,1,0.915016,0.999518,logprobs,Alibaba
8917,-9,15,1,1,1,0.939997,0.999648,logprobs,Alibaba
8918,-9,17,1,1,1,0.852138,0.999497,logprobs,Alibaba
8919,-9,19,1,1,1,0.939997,0.999463,logprobs,Alibaba
8920,-9,21,1,1,1,0.905178,0.999549,logprobs,Alibaba
8921,-9,23,1,1,1,0.904719,0.999529,logprobs,Alibaba
8922,-9,25,1,1,1,0.89343,0.999562,logprobs,Alibaba
8923,-9,27,1,1,1,0.817922,0.999423,logprobs,Alibaba
8924,-9,29,1,1,1,0.798667,0.999267,logprobs,Alibaba
8925,-9,31,1,1,1,0.880906,0.999493,logprobs,Alibaba
8926,-9,33,1,1,1,0.893402,0.999371,logprobs,Alibaba
8927,-9,35,1,1,1,0.914962,0.99965,logprobs,Alibaba
8928,-9,37,1,1,1,0.939942,0.999588,logprobs,Alibaba
8929,-9,39,1,1,1,0.924247,0.999485,logprobs,Alibaba
8930,-9,41,0,0,1,0.817794,0.999385,logprobs,Alibaba
8931,-9,43,0,0,1,0.777748,0.999331,logprobs,Alibaba
8932,-9,45,0,0,1,0.651502,0.999241,logprobs,Alibaba
8933,-9,47,0,0,1,0.798436,0.99929,logprobs,Alibaba
8934,-9,49,0,0,0,0.469115,0.998621,logprobs,Alibaba
8935,-9,51,0,0,0,0.350054,0.993329,logprobs,Alibaba
8936,-9,53,0,0,0,0.469621,0.999016,logprobs,Alibaba
8937,-9,55,0,0,0,0.1198,0.998866,logprobs,Alibaba
8938,-9,57,0,0,0,0.047704,0.999194,logprobs,Alibaba
8939,-9,59,0,0,0,0.269639,0.998354,logprobs,Alibaba
8940,-9,61,0,0,0,0.133427,0.997769,logprobs,Alibaba
8941,-9,63,0,0,0,0.148494,0.997901,logprobs,Alibaba
8942,-9,65,0,0,1,0.706225,0.999277,logprobs,Alibaba
8943,-9,67,0,0,0,0.378088,0.999168,logprobs,Alibaba
8944,-9,69,0,0,0,0.270226,0.998833,logprobs,Alibaba
8945,-9,71,0,0,0,0.148414,0.998844,logprobs,Alibaba
8946,-9,73,0,0,0,0.165068,0.998869,logprobs,Alibaba
8947,-9,75,0,0,0,0.133532,0.998064,logprobs,Alibaba
8948,-9,77,0,0,1,0.532389,0.998613,logprobs,Alibaba
8949,-9,79,0,0,0,0.29472,0.998969,logprobs,Alibaba
8950,-9,81,0,0,0,0.223552,0.998651,logprobs,Alibaba
8951,-9,83,0,0,0,0.06037,0.998908,logprobs,Alibaba
8952,-9,85,0,0,0,0.223815,0.998551,logprobs,Alibaba
8953,-9,87,0,0,0,0.033325,0.998895,logprobs,Alibaba
8954,-9,89,0,0,0,0.067959,0.998872,logprobs,Alibaba
8955,-9,91,0,0,0,0.119814,0.99918,logprobs,Alibaba
8956,-9,93,0,0,0,0.053715,0.999204,logprobs,Alibaba
8957,-9,95,0,0,0,0.223665,0.998553,logprobs,Alibaba
8958,-9,97,0,0,0,0.246036,0.999003,logprobs,Alibaba
8959,-9,99,0,0,0,0.469621,0.999079,logprobs,Alibaba
8960,-9,101,0,0,0,0.469438,0.998452,logprobs,Alibaba
8961,-9,103,0,0,1,0.593173,0.998491,logprobs,Alibaba
8962,-9,105,0,0,0,0.322903,0.998414,logprobs,Alibaba
8963,-9,107,0,0,0,0.408923,0.996451,logprobs,Alibaba
8964,-9,109,0,0,0,0.469569,0.997933,logprobs,Alibaba
8965,-9,111,0,0,0,0.29469,0.997783,logprobs,Alibaba
8966,-9,113,0,0,0,0.408353,0.997856,logprobs,Alibaba
8967,-9,115,0,0,1,0.564829,0.997923,logprobs,Alibaba
8968,-9,117,1,1,1,0.624208,0.998787,logprobs,Alibaba
8969,-9,119,0,0,0,0.439084,0.99914,logprobs,Alibaba
8970,-9,121,0,0,1,0.652691,0.999291,logprobs,Alibaba
8971,-9,123,0,0,1,0.59322,0.999325,logprobs,Alibaba
8972,-9,125,1,1,0,0.321354,0.999111,logprobs,Alibaba
8973,-9,127,0,0,1,0.501196,0.999185,logprobs,Alibaba
8974,-9,129,0,0,0,0.439221,0.999158,logprobs,Alibaba
8975,-9,131,0,0,0,0.095566,0.999428,logprobs,Alibaba
8976,-9,133,0,0,0,0.183087,0.999017,logprobs,Alibaba
8977,-9,135,0,0,0,0.107279,0.998894,logprobs,Alibaba
8978,-9,137,0,0,0,0.0677,0.999546,logprobs,Alibaba
8979,-9,139,0,0,0,0.033266,0.99927,logprobs,Alibaba
8980,-9,141,1,1,0,0.24574,0.998502,logprobs,Alibaba
8981,-9,143,1,1,0,0.165298,0.998555,logprobs,Alibaba
8982,-9,145,0,0,0,0.22359,0.998597,logprobs,Alibaba
8983,-9,147,1,1,1,0.563228,0.998999,logprobs,Alibaba
8984,-9,149,0,0,0,0.29646,0.997924,logprobs,Alibaba
8985,-9,151,0,0,0,0.165543,0.998178,logprobs,Alibaba
8986,-9,153,0,0,0,0.053707,0.997442,logprobs,Alibaba
8987,-9,155,0,0,0,0.106936,0.997353,logprobs,Alibaba
8988,-9,157,0,0,0,0.067871,0.9974,logprobs,Alibaba
8989,-9,159,0,0,0,0.096225,0.997249,logprobs,Alibaba
8990,-9,161,1,1,0,0.037458,0.999092,logprobs,Alibaba
8991,-9,163,0,0,0,0.096048,0.999012,logprobs,Alibaba
8992,-9,165,0,0,0,0.053606,0.998607,logprobs,Alibaba
8993,-9,167,0,0,0,0.060628,0.99888,logprobs,Alibaba
8994,-9,169,0,0,0,0.042282,0.998809,logprobs,Alibaba
8995,-9,171,0,0,0,0.042525,0.998702,logprobs,Alibaba
8996,-9,173,0,0,0,0.096122,0.999282,logprobs,Alibaba
8997,-9,175,0,0,0,0.047599,0.999329,logprobs,Alibaba
8998,-9,177,0,0,0,0.037471,0.998704,logprobs,Alibaba
8999,-9,179,0,0,0,0.06066,0.998925,logprobs,Alibaba
9000,-11,-179,0,0,0,0.042167,0.999092,logprobs,Alibaba
9001,-11,-177,0,0,0,0.029416,0.998928,logprobs,Alibaba
9002,-11,-175,0,0,0,0.02042,0.999524,logprobs,Alibaba
9003,-11,-173,0,0,0,0.029473,0.999463,logprobs,Alibaba
9004,-11,-171,0,0,0,0.04233,0.999176,logprobs,Alibaba
9005,-11,-169,0,0,0,0.020379,0.999478,logprobs,Alibaba
9006,-11,-167,0,0,0,0.033422,0.99905,logprobs,Alibaba
9007,-11,-165,0,0,0,0.014113,0.99865,logprobs,Alibaba
9008,-11,-163,0,0,0,0.02049,0.998692,logprobs,Alibaba
9009,-11,-161,0,0,0,0.018109,0.999395,logprobs,Alibaba
9010,-11,-159,0,0,0,0.020582,0.997474,logprobs,Alibaba
9011,-11,-157,0,0,0,0.014188,0.999052,logprobs,Alibaba
9012,-11,-155,0,0,0,0.033195,0.999013,logprobs,Alibaba
9013,-11,-153,0,0,0,0.02311,0.998664,logprobs,Alibaba
9014,-11,-151,0,0,0,0.119423,0.9979,logprobs,Alibaba
9015,-11,-149,0,0,0,0.350141,0.997319,logprobs,Alibaba
9016,-11,-147,0,0,0,0.037649,0.998318,logprobs,Alibaba
9017,-11,-145,0,0,0,0.014165,0.999102,logprobs,Alibaba
9018,-11,-143,0,0,0,0.009751,0.999331,logprobs,Alibaba
9019,-11,-141,0,0,0,0.148782,0.998414,logprobs,Alibaba
9020,-11,-139,0,0,0,0.011066,0.999133,logprobs,Alibaba
9021,-11,-137,0,0,0,0.133156,0.995467,logprobs,Alibaba
9022,-11,-135,0,0,0,0.095617,0.998,logprobs,Alibaba
9023,-11,-133,0,0,0,0.321558,0.995574,logprobs,Alibaba
9024,-11,-131,0,0,0,0.002795,0.999275,logprobs,Alibaba
9025,-11,-129,0,0,0,0.007617,0.999591,logprobs,Alibaba
9026,-11,-127,0,0,0,0.005906,0.999564,logprobs,Alibaba
9027,-11,-125,0,0,0,0.004108,0.998972,logprobs,Alibaba
9028,-11,-123,0,0,0,0.018049,0.998618,logprobs,Alibaba
9029,-11,-121,0,0,0,0.148442,0.99633,logprobs,Alibaba
9030,-11,-119,0,0,0,0.349553,0.981689,logprobs,Alibaba
9031,-11,-117,0,0,0,0.133373,0.994762,logprobs,Alibaba
9032,-11,-115,0,0,0,0.149113,0.994106,logprobs,Alibaba
9033,-11,-113,0,0,0,0.148872,0.997351,logprobs,Alibaba
9034,-11,-111,0,0,0,0.321876,0.995039,logprobs,Alibaba
9035,-11,-109,0,0,0,0.029395,0.999227,logprobs,Alibaba
9036,-11,-107,0,0,0,0.165063,0.996967,logprobs,Alibaba
9037,-11,-105,0,0,0,0.08558,0.997762,logprobs,Alibaba
9038,-11,-103,0,0,0,0.076348,0.998144,logprobs,Alibaba
9039,-11,-101,0,0,1,0.62329,0.998143,logprobs,Alibaba
9040,-11,-99,0,0,1,0.939949,0.999723,logprobs,Alibaba
9041,-11,-97,0,0,0,0.08558,0.998477,logprobs,Alibaba
9042,-11,-95,0,0,0,0.023096,0.998786,logprobs,Alibaba
9043,-11,-93,0,0,0,0.133363,0.998758,logprobs,Alibaba
9044,-11,-91,0,0,0,0.085294,0.998491,logprobs,Alibaba
9045,-11,-89,0,0,1,0.755295,0.998947,logprobs,Alibaba
9046,-11,-87,0,0,1,0.880873,0.999571,logprobs,Alibaba
9047,-11,-85,0,0,0,0.270403,0.994108,logprobs,Alibaba
9048,-11,-83,0,0,0,0.469234,0.992992,logprobs,Alibaba
9049,-11,-81,0,0,0,0.053543,0.998783,logprobs,Alibaba
9050,-11,-79,0,0,0,0.407876,0.981535,logprobs,Alibaba
9051,-11,-77,1,1,1,0.731587,0.998826,logprobs,Alibaba
9052,-11,-75,1,1,1,0.962681,0.999689,logprobs,Alibaba
9053,-11,-73,1,1,1,0.946639,0.999588,logprobs,Alibaba
9054,-11,-71,1,1,1,0.852051,0.999414,logprobs,Alibaba
9055,-11,-69,1,1,1,0.880894,0.999554,logprobs,Alibaba
9056,-11,-67,1,1,1,0.798371,0.999374,logprobs,Alibaba
9057,-11,-65,1,1,1,0.798396,0.999426,logprobs,Alibaba
9058,-11,-63,1,1,1,0.88121,0.999533,logprobs,Alibaba
9059,-11,-61,1,1,1,0.731472,0.999255,logprobs,Alibaba
9060,-11,-59,1,1,1,0.88088,0.999628,logprobs,Alibaba
9061,-11,-57,1,1,1,0.798811,0.999359,logprobs,Alibaba
9062,-11,-55,1,1,1,0.932498,0.999709,logprobs,Alibaba
9063,-11,-53,1,1,1,0.881021,0.999521,logprobs,Alibaba
9064,-11,-51,1,1,1,0.932506,0.999702,logprobs,Alibaba
9065,-11,-49,1,1,1,0.957924,0.999774,logprobs,Alibaba
9066,-11,-47,1,1,1,0.974066,0.999704,logprobs,Alibaba
9067,-11,-45,1,1,1,0.946649,0.999652,logprobs,Alibaba
9068,-11,-43,1,0,1,0.967019,0.999569,logprobs,Alibaba
9069,-11,-41,1,1,1,0.979673,0.999794,logprobs,Alibaba
9070,-11,-39,1,1,1,0.952619,0.9996,logprobs,Alibaba
9071,-11,-37,0,0,1,0.893508,0.999478,logprobs,Alibaba
9072,-11,-35,0,0,1,0.706343,0.999273,logprobs,Alibaba
9073,-11,-33,0,0,0,0.469303,0.993952,logprobs,Alibaba
9074,-11,-31,0,0,1,0.867766,0.999371,logprobs,Alibaba
9075,-11,-29,0,0,1,0.880954,0.999392,logprobs,Alibaba
9076,-11,-27,0,0,1,0.777592,0.999277,logprobs,Alibaba
9077,-11,-25,0,0,1,0.914956,0.999532,logprobs,Alibaba
9078,-11,-23,0,0,1,0.893534,0.999557,logprobs,Alibaba
9079,-11,-21,0,0,1,0.881021,0.99945,logprobs,Alibaba
9080,-11,-19,0,0,1,0.867139,0.999285,logprobs,Alibaba
9081,-11,-17,0,0,1,0.562901,0.998828,logprobs,Alibaba
9082,-11,-15,0,0,1,0.53169,0.99546,logprobs,Alibaba
9083,-11,-13,0,0,0,0.438502,0.997038,logprobs,Alibaba
9084,-11,-11,0,0,0,0.469633,0.998042,logprobs,Alibaba
9085,-11,-9,0,0,0,0.321546,0.997053,logprobs,Alibaba
9086,-11,-7,0,0,0,0.469534,0.997488,logprobs,Alibaba
9087,-11,-5,0,0,0,0.407885,0.998055,logprobs,Alibaba
9088,-11,-3,0,0,1,0.706225,0.999289,logprobs,Alibaba
9089,-11,-1,0,0,1,0.798523,0.99927,logprobs,Alibaba
9090,-11,1,0,0,1,0.679843,0.999224,logprobs,Alibaba
9091,-11,3,0,0,1,0.755078,0.999299,logprobs,Alibaba
9092,-11,5,0,0,1,0.755221,0.999321,logprobs,Alibaba
9093,-11,7,0,0,1,0.867228,0.99944,logprobs,Alibaba
9094,-11,9,0,0,1,0.880985,0.999473,logprobs,Alibaba
9095,-11,11,0,0,1,0.622787,0.999279,logprobs,Alibaba
9096,-11,13,0,0,1,0.915027,0.999671,logprobs,Alibaba
9097,-11,15,1,1,1,0.914969,0.999571,logprobs,Alibaba
9098,-11,17,1,1,1,0.904692,0.999341,logprobs,Alibaba
9099,-11,19,1,1,1,0.939988,0.999526,logprobs,Alibaba
9100,-11,21,1,1,1,0.966974,0.999734,logprobs,Alibaba
9101,-11,23,1,1,1,0.946633,0.999619,logprobs,Alibaba
9102,-11,25,1,1,1,0.924207,0.999601,logprobs,Alibaba
9103,-11,27,1,0,1,0.958009,0.999626,logprobs,Alibaba
9104,-11,29,1,1,1,0.893476,0.999555,logprobs,Alibaba
9105,-11,31,1,1,1,0.957971,0.999684,logprobs,Alibaba
9106,-11,33,1,1,1,0.966936,0.99963,logprobs,Alibaba
9107,-11,35,1,1,1,0.939962,0.999635,logprobs,Alibaba
9108,-11,37,1,1,1,0.915002,0.999612,logprobs,Alibaba
9109,-11,39,1,1,1,0.731415,0.998713,logprobs,Alibaba
9110,-11,41,0,0,1,0.83588,0.999078,logprobs,Alibaba
9111,-11,43,0,0,0,0.321746,0.999289,logprobs,Alibaba
9112,-11,45,0,0,0,0.269471,0.998971,logprobs,Alibaba
9113,-11,47,0,0,1,0.777711,0.999189,logprobs,Alibaba
9114,-11,49,0,0,0,0.321423,0.998325,logprobs,Alibaba
9115,-11,51,0,0,1,0.798722,0.999168,logprobs,Alibaba
9116,-11,53,0,0,0,0.377988,0.99879,logprobs,Alibaba
9117,-11,55,0,0,0,0.202083,0.998644,logprobs,Alibaba
9118,-11,57,0,0,0,0.133206,0.99865,logprobs,Alibaba
9119,-11,59,0,0,0,0.182974,0.997822,logprobs,Alibaba
9120,-11,61,0,0,0,0.107241,0.997897,logprobs,Alibaba
9121,-11,63,0,0,0,0.182788,0.997205,logprobs,Alibaba
9122,-11,65,0,0,1,0.835723,0.999326,logprobs,Alibaba
9123,-11,67,0,0,1,0.706181,0.999232,logprobs,Alibaba
9124,-11,69,0,0,0,0.407911,0.99697,logprobs,Alibaba
9125,-11,71,0,0,0,0.18314,0.995107,logprobs,Alibaba
9126,-11,73,0,0,0,0.438873,0.998661,logprobs,Alibaba
9127,-11,75,0,0,0,0.119523,0.998023,logprobs,Alibaba
9128,-11,77,0,0,1,0.531634,0.998088,logprobs,Alibaba
9129,-11,79,0,0,0,0.148879,0.995211,logprobs,Alibaba
9130,-11,81,0,0,0,0.053566,0.999194,logprobs,Alibaba
9131,-11,83,0,0,0,0.060212,0.999178,logprobs,Alibaba
9132,-11,85,0,0,0,0.133575,0.999316,logprobs,Alibaba
9133,-11,87,0,0,0,0.037536,0.999224,logprobs,Alibaba
9134,-11,89,0,0,0,0.075979,0.99848,logprobs,Alibaba
9135,-11,91,0,0,0,0.085411,0.999273,logprobs,Alibaba
9136,-11,93,0,0,0,0.085643,0.998871,logprobs,Alibaba
9137,-11,95,0,0,0,0.269183,0.998034,logprobs,Alibaba
9138,-11,97,0,0,0,0.108278,0.998919,logprobs,Alibaba
9139,-11,99,0,0,0,0.350338,0.998759,logprobs,Alibaba
9140,-11,101,0,0,0,0.183175,0.99901,logprobs,Alibaba
9141,-11,103,0,0,0,0.11998,0.998399,logprobs,Alibaba
9142,-11,105,0,0,0,0.120461,0.998393,logprobs,Alibaba
9143,-11,107,0,0,0,0.321595,0.996383,logprobs,Alibaba
9144,-11,109,0,0,0,0.321623,0.998008,logprobs,Alibaba
9145,-11,111,0,0,0,0.166379,0.999074,logprobs,Alibaba
9146,-11,113,0,0,0,0.246434,0.998312,logprobs,Alibaba
9147,-11,115,0,0,0,0.246648,0.996635,logprobs,Alibaba
9148,-11,117,0,0,0,0.3494,0.996106,logprobs,Alibaba
9149,-11,119,0,0,0,0.438533,0.996773,logprobs,Alibaba
9150,-11,121,0,0,1,0.501134,0.998797,logprobs,Alibaba
9151,-11,123,0,0,0,0.438351,0.999255,logprobs,Alibaba
9152,-11,125,0,0,0,0.29469,0.999076,logprobs,Alibaba
9153,-11,127,0,0,0,0.202567,0.999245,logprobs,Alibaba
9154,-11,129,0,0,0,0.408088,0.999269,logprobs,Alibaba
9155,-11,131,0,0,0,0.321262,0.999298,logprobs,Alibaba
9156,-11,133,0,0,0,0.408237,0.999179,logprobs,Alibaba
9157,-11,135,0,0,0,0.350141,0.998901,logprobs,Alibaba
9158,-11,137,0,0,0,0.351087,0.998551,logprobs,Alibaba
9159,-11,139,0,0,0,0.349266,0.998654,logprobs,Alibaba
9160,-11,141,0,0,0,0.379506,0.999082,logprobs,Alibaba
9161,-11,143,0,0,0,0.269289,0.998916,logprobs,Alibaba
9162,-11,145,0,0,0,0.269484,0.998826,logprobs,Alibaba
9163,-11,147,0,0,1,0.500887,0.998482,logprobs,Alibaba
9164,-11,149,0,0,0,0.46916,0.998107,logprobs,Alibaba
9165,-11,151,0,0,0,0.13377,0.998071,logprobs,Alibaba
9166,-11,153,0,0,0,0.060256,0.998519,logprobs,Alibaba
9167,-11,155,0,0,0,0.148596,0.996944,logprobs,Alibaba
9168,-11,157,0,0,0,0.068251,0.997688,logprobs,Alibaba
9169,-11,159,0,0,0,0.16516,0.997924,logprobs,Alibaba
9170,-11,161,0,0,0,0.076413,0.998754,logprobs,Alibaba
9171,-11,163,0,0,0,0.202851,0.998751,logprobs,Alibaba
9172,-11,165,0,0,0,0.060343,0.998528,logprobs,Alibaba
9173,-11,167,0,0,0,0.119895,0.99893,logprobs,Alibaba
9174,-11,169,0,0,0,0.060471,0.998381,logprobs,Alibaba
9175,-11,171,0,0,0,0.042265,0.99904,logprobs,Alibaba
9176,-11,173,0,0,0,0.053561,0.998984,logprobs,Alibaba
9177,-11,175,0,0,0,0.033422,0.998811,logprobs,Alibaba
9178,-11,177,0,0,0,0.037389,0.999328,logprobs,Alibaba
9179,-11,179,0,0,0,0.05348,0.999058,logprobs,Alibaba
9180,-13,-179,0,0,0,0.020389,0.999581,logprobs,Alibaba
9181,-13,-177,0,0,0,0.023173,0.999111,logprobs,Alibaba
9182,-13,-175,0,0,0,0.026027,0.999185,logprobs,Alibaba
9183,-13,-173,0,0,0,0.023089,0.999463,logprobs,Alibaba
9184,-13,-171,0,0,0,0.029611,0.999162,logprobs,Alibaba
9185,-13,-169,0,0,0,0.042244,0.999175,logprobs,Alibaba
9186,-13,-167,0,0,0,0.018079,0.999485,logprobs,Alibaba
9187,-13,-165,0,0,0,0.011098,0.999611,logprobs,Alibaba
9188,-13,-163,0,0,0,0.015965,0.999415,logprobs,Alibaba
9189,-13,-161,0,0,0,0.014122,0.999513,logprobs,Alibaba
9190,-13,-159,0,0,0,0.014199,0.999001,logprobs,Alibaba
9191,-13,-157,0,0,0,0.020421,0.999347,logprobs,Alibaba
9192,-13,-155,0,0,0,0.01804,0.999283,logprobs,Alibaba
9193,-13,-153,0,0,0,0.009788,0.999571,logprobs,Alibaba
9194,-13,-151,0,0,0,0.018237,0.99905,logprobs,Alibaba
9195,-13,-149,0,0,0,0.053685,0.995608,logprobs,Alibaba
9196,-13,-147,0,0,0,0.01595,0.99883,logprobs,Alibaba
9197,-13,-145,0,0,0,0.020438,0.999297,logprobs,Alibaba
9198,-13,-143,0,0,0,0.023108,0.999297,logprobs,Alibaba
9199,-13,-141,0,0,0,0.014142,0.999296,logprobs,Alibaba
9200,-13,-139,0,0,0,0.009768,0.999545,logprobs,Alibaba
9201,-13,-137,0,0,0,0.053647,0.996897,logprobs,Alibaba
9202,-13,-135,0,0,0,0.026178,0.9982,logprobs,Alibaba
9203,-13,-133,0,0,0,0.018114,0.997972,logprobs,Alibaba
9204,-13,-131,0,0,0,0.006734,0.999637,logprobs,Alibaba
9205,-13,-129,0,0,0,0.008657,0.999589,logprobs,Alibaba
9206,-13,-127,0,0,0,0.008639,0.99949,logprobs,Alibaba
9207,-13,-125,0,0,0,0.014167,0.999357,logprobs,Alibaba
9208,-13,-123,0,0,0,0.085411,0.998435,logprobs,Alibaba
9209,-13,-121,0,0,0,0.203354,0.99877,logprobs,Alibaba
9210,-13,-119,0,0,0,0.085797,0.996744,logprobs,Alibaba
9211,-13,-117,0,0,0,0.042394,0.998487,logprobs,Alibaba
9212,-13,-115,0,0,0,0.033225,0.998444,logprobs,Alibaba
9213,-13,-113,0,0,0,0.378233,0.998894,logprobs,Alibaba
9214,-13,-111,0,0,0,0.076101,0.999304,logprobs,Alibaba
9215,-13,-109,0,0,0,0.020572,0.999375,logprobs,Alibaba
9216,-13,-107,0,0,0,0.053691,0.998408,logprobs,Alibaba
9217,-13,-105,0,0,0,0.202878,0.995028,logprobs,Alibaba
9218,-13,-103,0,0,0,0.107169,0.998262,logprobs,Alibaba
9219,-13,-101,0,0,1,0.623762,0.998798,logprobs,Alibaba
9220,-13,-99,0,0,1,0.623006,0.998947,logprobs,Alibaba
9221,-13,-97,0,0,1,0.593239,0.998179,logprobs,Alibaba
9222,-13,-95,0,0,0,0.246648,0.999177,logprobs,Alibaba
9223,-13,-93,0,0,1,0.594206,0.999171,logprobs,Alibaba
9224,-13,-91,0,0,0,0.47056,0.99883,logprobs,Alibaba
9225,-13,-89,0,0,1,0.835902,0.999148,logprobs,Alibaba
9226,-13,-87,0,0,1,0.679627,0.998713,logprobs,Alibaba
9227,-13,-85,0,0,0,0.349025,0.997776,logprobs,Alibaba
9228,-13,-83,0,0,0,0.037434,0.999325,logprobs,Alibaba
9229,-13,-81,0,0,0,0.037529,0.99931,logprobs,Alibaba
9230,-13,-79,0,0,0,0.349447,0.997806,logprobs,Alibaba
9231,-13,-77,0,0,1,0.777628,0.999056,logprobs,Alibaba
9232,-13,-75,1,1,1,0.904696,0.999537,logprobs,Alibaba
9233,-13,-73,1,1,1,0.946617,0.999676,logprobs,Alibaba
9234,-13,-71,1,1,1,0.939956,0.99951,logprobs,Alibaba
9235,-13,-69,1,1,1,0.867315,0.999341,logprobs,Alibaba
9236,-13,-67,1,1,1,0.798393,0.999452,logprobs,Alibaba
9237,-13,-65,1,1,1,0.817895,0.999461,logprobs,Alibaba
9238,-13,-63,1,1,1,0.852192,0.999406,logprobs,Alibaba
9239,-13,-61,1,1,0,0.349967,0.998782,logprobs,Alibaba
9240,-13,-59,1,1,0,0.408426,0.995607,logprobs,Alibaba
9241,-13,-57,1,1,1,0.904864,0.999497,logprobs,Alibaba
9242,-13,-55,1,1,1,0.952634,0.999763,logprobs,Alibaba
9243,-13,-53,1,1,1,0.932702,0.999466,logprobs,Alibaba
9244,-13,-51,1,1,1,0.92426,0.999562,logprobs,Alibaba
9245,-13,-49,1,1,1,0.915119,0.999581,logprobs,Alibaba
9246,-13,-47,1,1,1,0.924665,0.999532,logprobs,Alibaba
9247,-13,-45,1,1,1,0.970763,0.999706,logprobs,Alibaba
9248,-13,-43,1,1,1,0.985947,0.999743,logprobs,Alibaba
9249,-13,-41,1,1,1,0.987579,0.999811,logprobs,Alibaba
9250,-13,-39,1,1,1,0.817767,0.999413,logprobs,Alibaba
9251,-13,-37,0,0,1,0.893469,0.999521,logprobs,Alibaba
9252,-13,-35,0,0,1,0.706268,0.999143,logprobs,Alibaba
9253,-13,-33,0,0,1,0.501102,0.99613,logprobs,Alibaba
9254,-13,-31,0,0,0,0.295279,0.989183,logprobs,Alibaba
9255,-13,-29,0,0,1,0.679627,0.999012,logprobs,Alibaba
9256,-13,-27,0,0,1,0.731199,0.999181,logprobs,Alibaba
9257,-13,-25,0,0,1,0.731516,0.998992,logprobs,Alibaba
9258,-13,-23,0,0,1,0.817975,0.999352,logprobs,Alibaba
9259,-13,-21,0,0,1,0.706343,0.99878,logprobs,Alibaba
9260,-13,-19,0,0,1,0.623596,0.998133,logprobs,Alibaba
9261,-13,-17,0,0,0,0.469604,0.993888,logprobs,Alibaba
9262,-13,-15,0,0,0,0.223486,0.995118,logprobs,Alibaba
9263,-13,-13,0,0,0,0.183286,0.995534,logprobs,Alibaba
9264,-13,-11,0,0,0,0.407813,0.993863,logprobs,Alibaba
9265,-13,-9,0,0,0,0.245596,0.989736,logprobs,Alibaba
9266,-13,-7,0,0,1,0.65243,0.997677,logprobs,Alibaba
9267,-13,-5,0,0,0,0.349553,0.99604,logprobs,Alibaba
9268,-13,-3,0,0,1,0.679504,0.999183,logprobs,Alibaba
9269,-13,-1,0,0,1,0.880991,0.999445,logprobs,Alibaba
9270,-13,1,0,0,1,0.755159,0.9993,logprobs,Alibaba
9271,-13,3,0,0,1,0.798425,0.999147,logprobs,Alibaba
9272,-13,5,0,0,1,0.706061,0.999248,logprobs,Alibaba
9273,-13,7,0,0,1,0.852063,0.999432,logprobs,Alibaba
9274,-13,9,0,0,1,0.86735,0.999449,logprobs,Alibaba
9275,-13,11,0,0,1,0.706061,0.999237,logprobs,Alibaba
9276,-13,13,1,1,1,0.777468,0.999256,logprobs,Alibaba
9277,-13,15,1,1,1,0.893405,0.999375,logprobs,Alibaba
9278,-13,17,1,1,1,0.893405,0.999365,logprobs,Alibaba
9279,-13,19,1,1,1,0.932598,0.999374,logprobs,Alibaba
9280,-13,21,1,1,1,0.946656,0.999577,logprobs,Alibaba
9281,-13,23,1,1,1,0.924274,0.999498,logprobs,Alibaba
9282,-13,25,1,1,1,0.893434,0.999497,logprobs,Alibaba
9283,-13,27,1,1,1,0.966946,0.999713,logprobs,Alibaba
9284,-13,29,1,1,1,0.966925,0.999644,logprobs,Alibaba
9285,-13,31,1,1,1,0.962777,0.999617,logprobs,Alibaba
9286,-13,33,1,1,1,0.957987,0.999702,logprobs,Alibaba
9287,-13,35,1,1,1,0.946673,0.999586,logprobs,Alibaba
9288,-13,37,1,1,1,0.924233,0.999525,logprobs,Alibaba
9289,-13,39,1,1,1,0.893383,0.999509,logprobs,Alibaba
9290,-13,41,0,0,1,0.679668,0.999201,logprobs,Alibaba
9291,-13,43,0,0,0,0.351588,0.999047,logprobs,Alibaba
9292,-13,45,0,0,0,0.245443,0.999212,logprobs,Alibaba
9293,-13,47,0,0,1,0.798634,0.999314,logprobs,Alibaba
9294,-13,49,1,1,1,0.59381,0.99864,logprobs,Alibaba
9295,-13,51,0,0,1,0.817673,0.999338,logprobs,Alibaba
9296,-13,53,0,0,1,0.623302,0.999086,logprobs,Alibaba
9297,-13,55,0,0,0,0.295158,0.998414,logprobs,Alibaba
9298,-13,57,0,0,1,0.500884,0.998688,logprobs,Alibaba
9299,-13,59,0,0,0,0.439333,0.995254,logprobs,Alibaba
9300,-13,61,0,0,0,0.349515,0.997681,logprobs,Alibaba
9301,-13,63,0,0,0,0.378187,0.998403,logprobs,Alibaba
9302,-13,65,0,0,1,0.777451,0.999278,logprobs,Alibaba
9303,-13,67,0,0,1,0.679696,0.998976,logprobs,Alibaba
9304,-13,69,0,0,1,0.593712,0.998943,logprobs,Alibaba
9305,-13,71,0,0,1,0.623079,0.99897,logprobs,Alibaba
9306,-13,73,0,0,1,0.852107,0.999273,logprobs,Alibaba
9307,-13,75,0,0,1,0.500496,0.997433,logprobs,Alibaba
9308,-13,77,0,0,1,0.798524,0.998712,logprobs,Alibaba
9309,-13,79,0,0,0,0.245394,0.996172,logprobs,Alibaba
9310,-13,81,0,0,0,0.076127,0.998705,logprobs,Alibaba
9311,-13,83,0,0,0,0.133552,0.998015,logprobs,Alibaba
9312,-13,85,0,0,0,0.43829,0.998808,logprobs,Alibaba
9313,-13,87,0,0,1,0.531789,0.998959,logprobs,Alibaba
9314,-13,89,0,0,0,0.438348,0.998926,logprobs,Alibaba
9315,-13,91,0,0,0,0.096409,0.999167,logprobs,Alibaba
9316,-13,93,0,0,0,0.076039,0.998348,logprobs,Alibaba
9317,-13,95,0,0,0,0.060304,0.998956,logprobs,Alibaba
9318,-13,97,0,0,0,0.053793,0.99915,logprobs,Alibaba
9319,-13,99,0,0,1,0.501002,0.999203,logprobs,Alibaba
9320,-13,101,0,0,0,0.107137,0.999312,logprobs,Alibaba
9321,-13,103,0,0,1,0.562662,0.999217,logprobs,Alibaba
9322,-13,105,0,0,0,0.378073,0.99929,logprobs,Alibaba
9323,-13,107,0,0,0,0.321941,0.996583,logprobs,Alibaba
9324,-13,109,0,0,0,0.085567,0.999246,logprobs,Alibaba
9325,-13,111,0,0,0,0.271346,0.999072,logprobs,Alibaba
9326,-13,113,0,0,0,0.165715,0.999238,logprobs,Alibaba
9327,-13,115,0,0,0,0.248358,0.998142,logprobs,Alibaba
9328,-13,117,0,0,0,0.323485,0.998129,logprobs,Alibaba
9329,-13,119,0,0,0,0.269834,0.999117,logprobs,Alibaba
9330,-13,121,0,0,0,0.439282,0.999131,logprobs,Alibaba
9331,-13,123,0,0,0,0.269381,0.999292,logprobs,Alibaba
9332,-13,125,0,0,0,0.321188,0.999278,logprobs,Alibaba
9333,-13,127,0,0,0,0.148352,0.999204,logprobs,Alibaba
9334,-13,129,0,0,0,0.321751,0.999097,logprobs,Alibaba
9335,-13,131,1,1,0,0.29554,0.999423,logprobs,Alibaba
9336,-13,133,1,1,1,0.531767,0.999198,logprobs,Alibaba
9337,-13,135,1,1,0,0.469648,0.999238,logprobs,Alibaba
9338,-13,137,0,0,0,0.349967,0.998949,logprobs,Alibaba
9339,-13,139,0,0,0,0.107095,0.99923,logprobs,Alibaba
9340,-13,141,0,0,0,0.349273,0.999246,logprobs,Alibaba
9341,-13,143,1,1,0,0.29495,0.999014,logprobs,Alibaba
9342,-13,145,0,0,0,0.294663,0.998764,logprobs,Alibaba
9343,-13,147,0,0,0,0.439088,0.999002,logprobs,Alibaba
9344,-13,149,0,0,1,0.53213,0.998526,logprobs,Alibaba
9345,-13,151,0,0,0,0.223708,0.998771,logprobs,Alibaba
9346,-13,153,0,0,0,0.085512,0.998844,logprobs,Alibaba
9347,-13,155,0,0,0,0.07624,0.998709,logprobs,Alibaba
9348,-13,157,0,0,0,0.042551,0.998701,logprobs,Alibaba
9349,-13,159,0,0,0,0.183097,0.998393,logprobs,Alibaba
9350,-13,161,0,0,0,0.134068,0.998588,logprobs,Alibaba
9351,-13,163,0,0,0,0.18316,0.999014,logprobs,Alibaba
9352,-13,165,0,0,0,0.14838,0.999095,logprobs,Alibaba
9353,-13,167,0,0,0,0.076176,0.999337,logprobs,Alibaba
9354,-13,169,0,0,0,0.133592,0.998418,logprobs,Alibaba
9355,-13,171,0,0,0,0.047796,0.999038,logprobs,Alibaba
9356,-13,173,0,0,0,0.085778,0.999077,logprobs,Alibaba
9357,-13,175,0,0,0,0.060674,0.998873,logprobs,Alibaba
9358,-13,177,0,0,0,0.042337,0.999053,logprobs,Alibaba
9359,-13,179,0,0,0,0.067814,0.999318,logprobs,Alibaba
9360,-15,-179,0,0,0,0.026044,0.999312,logprobs,Alibaba
9361,-15,-177,0,0,0,0.015956,0.999625,logprobs,Alibaba
9362,-15,-175,0,0,0,0.008604,0.999208,logprobs,Alibaba
9363,-15,-173,0,0,0,0.026095,0.999204,logprobs,Alibaba
9364,-15,-171,0,0,0,0.029561,0.999405,logprobs,Alibaba
9365,-15,-169,0,0,0,0.020432,0.998433,logprobs,Alibaba
9366,-15,-167,0,0,0,0.018143,0.999382,logprobs,Alibaba
9367,-15,-165,0,0,0,0.012501,0.998574,logprobs,Alibaba
9368,-15,-163,0,0,0,0.018103,0.999159,logprobs,Alibaba
9369,-15,-161,0,0,0,0.023051,0.999161,logprobs,Alibaba
9370,-15,-159,0,0,0,0.037548,0.997675,logprobs,Alibaba
9371,-15,-157,0,0,0,0.026095,0.998412,logprobs,Alibaba
9372,-15,-155,0,0,0,0.0261,0.998589,logprobs,Alibaba
9373,-15,-153,0,0,0,0.015995,0.998482,logprobs,Alibaba
9374,-15,-151,0,0,0,0.020484,0.998738,logprobs,Alibaba
9375,-15,-149,0,0,0,0.033245,0.99881,logprobs,Alibaba
9376,-15,-147,0,0,0,0.018091,0.998373,logprobs,Alibaba
9377,-15,-145,0,0,0,0.018049,0.99928,logprobs,Alibaba
9378,-15,-143,0,0,0,0.037429,0.998932,logprobs,Alibaba
9379,-15,-141,0,0,0,0.006773,0.999418,logprobs,Alibaba
9380,-15,-139,0,0,0,0.01597,0.999253,logprobs,Alibaba
9381,-15,-137,0,0,0,0.014133,0.999252,logprobs,Alibaba
9382,-15,-135,0,0,0,0.014103,0.998636,logprobs,Alibaba
9383,-15,-133,0,0,0,0.015995,0.998353,logprobs,Alibaba
9384,-15,-131,0,0,0,0.00977,0.999076,logprobs,Alibaba
9385,-15,-129,0,0,0,0.007714,0.99945,logprobs,Alibaba
9386,-15,-127,0,0,0,0.004604,0.999614,logprobs,Alibaba
9387,-15,-125,0,0,0,0.004109,0.999669,logprobs,Alibaba
9388,-15,-123,0,0,0,0.026184,0.998392,logprobs,Alibaba
9389,-15,-121,0,0,0,0.033383,0.998172,logprobs,Alibaba
9390,-15,-119,0,0,0,0.060416,0.995395,logprobs,Alibaba
9391,-15,-117,0,0,0,0.03326,0.99865,logprobs,Alibaba
9392,-15,-115,0,0,0,0.026113,0.99841,logprobs,Alibaba
9393,-15,-113,0,0,0,0.076204,0.996843,logprobs,Alibaba
9394,-15,-111,0,0,0,0.120293,0.997865,logprobs,Alibaba
9395,-15,-109,0,0,0,0.020569,0.99909,logprobs,Alibaba
9396,-15,-107,0,0,0,0.018189,0.998681,logprobs,Alibaba
9397,-15,-105,0,0,0,0.042486,0.99834,logprobs,Alibaba
9398,-15,-103,0,0,0,0.150422,0.998103,logprobs,Alibaba
9399,-15,-101,0,0,0,0.27082,0.997707,logprobs,Alibaba
9400,-15,-99,0,0,1,0.836078,0.998815,logprobs,Alibaba
9401,-15,-97,0,0,1,0.623376,0.998348,logprobs,Alibaba
9402,-15,-95,0,0,0,0.07631,0.994596,logprobs,Alibaba
9403,-15,-93,0,0,0,0.060298,0.997505,logprobs,Alibaba
9404,-15,-91,0,0,1,0.531731,0.996956,logprobs,Alibaba
9405,-15,-89,0,0,0,0.408086,0.995509,logprobs,Alibaba
9406,-15,-87,0,0,1,0.562693,0.997856,logprobs,Alibaba
9407,-15,-85,0,0,0,0.378273,0.986182,logprobs,Alibaba
9408,-15,-83,0,0,0,0.033206,0.998456,logprobs,Alibaba
9409,-15,-81,0,0,0,0.047665,0.998972,logprobs,Alibaba
9410,-15,-79,0,0,0,0.042302,0.998674,logprobs,Alibaba
9411,-15,-77,0,0,0,0.322252,0.997149,logprobs,Alibaba
9412,-15,-75,1,1,1,0.533209,0.995396,logprobs,Alibaba
9413,-15,-73,1,1,1,0.932548,0.999619,logprobs,Alibaba
9414,-15,-71,1,1,1,0.915014,0.999535,logprobs,Alibaba
9415,-15,-69,1,1,1,0.880898,0.99931,logprobs,Alibaba
9416,-15,-67,1,1,1,0.880948,0.999544,logprobs,Alibaba
9417,-15,-65,1,1,1,0.835747,0.999403,logprobs,Alibaba
9418,-15,-63,1,1,1,0.867139,0.999501,logprobs,Alibaba
9419,-15,-61,1,1,0,0.294722,0.998824,logprobs,Alibaba
9420,-15,-59,1,1,1,0.91511,0.999537,logprobs,Alibaba
9421,-15,-57,1,1,1,0.940034,0.999617,logprobs,Alibaba
9422,-15,-55,1,1,1,0.970718,0.999698,logprobs,Alibaba
9423,-15,-53,1,1,1,0.982055,0.999781,logprobs,Alibaba
9424,-15,-51,1,1,1,0.915085,0.999673,logprobs,Alibaba
9425,-15,-49,1,1,1,0.9526,0.999669,logprobs,Alibaba
9426,-15,-47,1,1,1,0.989023,0.999838,logprobs,Alibaba
9427,-15,-45,1,1,1,0.984099,0.999834,logprobs,Alibaba
9428,-15,-43,1,1,1,0.987583,0.999791,logprobs,Alibaba
9429,-15,-41,1,1,1,0.97071,0.999752,logprobs,Alibaba
9430,-15,-39,0,0,1,0.798677,0.999058,logprobs,Alibaba
9431,-15,-37,0,0,1,0.915242,0.999591,logprobs,Alibaba
9432,-15,-35,0,0,1,0.593577,0.997697,logprobs,Alibaba
9433,-15,-33,0,0,1,0.623079,0.997457,logprobs,Alibaba
9434,-15,-31,0,0,1,0.952625,0.99966,logprobs,Alibaba
9435,-15,-29,0,0,1,0.593173,0.993424,logprobs,Alibaba
9436,-15,-27,0,0,1,0.562563,0.997382,logprobs,Alibaba
9437,-15,-25,0,0,1,0.755013,0.999008,logprobs,Alibaba
9438,-15,-23,0,0,1,0.73132,0.998993,logprobs,Alibaba
9439,-15,-21,0,0,0,0.349402,0.988324,logprobs,Alibaba
9440,-15,-19,0,0,1,0.56344,0.997759,logprobs,Alibaba
9441,-15,-17,0,0,0,0.269631,0.995274,logprobs,Alibaba
9442,-15,-15,0,0,0,0.223006,0.988118,logprobs,Alibaba
9443,-15,-13,0,0,0,0.378268,0.996434,logprobs,Alibaba
9444,-15,-11,0,0,1,0.706024,0.999296,logprobs,Alibaba
9445,-15,-9,0,0,1,0.531443,0.998615,logprobs,Alibaba
9446,-15,-7,0,0,1,0.562803,0.999234,logprobs,Alibaba
9447,-15,-5,0,0,1,0.531496,0.99864,logprobs,Alibaba
9448,-15,-3,0,0,1,0.777588,0.99917,logprobs,Alibaba
9449,-15,-1,0,0,1,0.777662,0.999239,logprobs,Alibaba
9450,-15,1,0,0,1,0.731268,0.999282,logprobs,Alibaba
9451,-15,3,0,0,1,0.851997,0.999318,logprobs,Alibaba
9452,-15,5,0,0,1,0.679468,0.999177,logprobs,Alibaba
9453,-15,7,0,0,1,0.90475,0.999536,logprobs,Alibaba
9454,-15,9,0,0,1,0.880903,0.999416,logprobs,Alibaba
9455,-15,11,0,0,1,0.880883,0.999447,logprobs,Alibaba
9456,-15,13,1,1,1,0.89337,0.999444,logprobs,Alibaba
9457,-15,15,1,1,1,0.867103,0.999372,logprobs,Alibaba
9458,-15,17,1,1,1,0.852101,0.999297,logprobs,Alibaba
9459,-15,19,1,1,1,0.966973,0.999702,logprobs,Alibaba
9460,-15,21,1,1,1,0.940067,0.999482,logprobs,Alibaba
9461,-15,23,1,1,1,0.952606,0.999518,logprobs,Alibaba
9462,-15,25,1,1,1,0.96693,0.999698,logprobs,Alibaba
9463,-15,27,1,1,1,0.970756,0.999682,logprobs,Alibaba
9464,-15,29,1,1,1,0.962696,0.999584,logprobs,Alibaba
9465,-15,31,1,1,1,0.977051,0.99964,logprobs,Alibaba
9466,-15,33,1,1,1,0.962709,0.99963,logprobs,Alibaba
9467,-15,35,1,1,1,0.957984,0.999602,logprobs,Alibaba
9468,-15,37,1,1,1,0.904791,0.999469,logprobs,Alibaba
9469,-15,39,1,1,1,0.706383,0.998948,logprobs,Alibaba
9470,-15,41,0,0,1,0.731599,0.998842,logprobs,Alibaba
9471,-15,43,0,0,1,0.957988,0.999622,logprobs,Alibaba
9472,-15,45,0,0,0,0.29474,0.998495,logprobs,Alibaba
9473,-15,47,0,0,1,0.651869,0.999252,logprobs,Alibaba
9474,-15,49,1,1,1,0.500363,0.996929,logprobs,Alibaba
9475,-15,51,0,0,1,0.500496,0.998408,logprobs,Alibaba
9476,-15,53,0,0,0,0.438807,0.998725,logprobs,Alibaba
9477,-15,55,0,0,0,0.133138,0.998199,logprobs,Alibaba
9478,-15,57,0,0,0,0.410281,0.998472,logprobs,Alibaba
9479,-15,59,0,0,0,0.202196,0.998816,logprobs,Alibaba
9480,-15,61,0,0,0,0.269215,0.997709,logprobs,Alibaba
9481,-15,63,0,0,0,0.40804,0.998089,logprobs,Alibaba
9482,-15,65,0,0,1,0.755234,0.999224,logprobs,Alibaba
9483,-15,67,0,0,1,0.679998,0.999045,logprobs,Alibaba
9484,-15,69,0,0,1,0.562438,0.998859,logprobs,Alibaba
9485,-15,71,0,0,0,0.3494,0.998985,logprobs,Alibaba
9486,-15,73,0,0,1,0.562614,0.998275,logprobs,Alibaba
9487,-15,75,0,0,0,0.246294,0.997164,logprobs,Alibaba
9488,-15,77,0,0,0,0.270207,0.998388,logprobs,Alibaba
9489,-15,79,0,0,0,0.203117,0.994894,logprobs,Alibaba
9490,-15,81,0,0,0,0.183345,0.998455,logprobs,Alibaba
9491,-15,83,0,0,0,0.053698,0.99923,logprobs,Alibaba
9492,-15,85,0,0,0,0.407999,0.997851,logprobs,Alibaba
9493,-15,87,0,0,0,0.202644,0.998629,logprobs,Alibaba
9494,-15,89,0,0,0,0.165193,0.998523,logprobs,Alibaba
9495,-15,91,0,0,0,0.149089,0.998245,logprobs,Alibaba
9496,-15,93,0,0,0,0.029444,0.999307,logprobs,Alibaba
9497,-15,95,0,0,0,0.015967,0.999438,logprobs,Alibaba
9498,-15,97,0,0,0,0.047528,0.999305,logprobs,Alibaba
9499,-15,99,0,0,0,0.378748,0.998768,logprobs,Alibaba
9500,-15,101,0,0,0,0.294722,0.998897,logprobs,Alibaba
9501,-15,103,0,0,0,0.378545,0.998638,logprobs,Alibaba
9502,-15,105,0,0,0,0.033203,0.999381,logprobs,Alibaba
9503,-15,107,0,0,0,0.095552,0.999055,logprobs,Alibaba
9504,-15,109,0,0,0,0.119491,0.999102,logprobs,Alibaba
9505,-15,111,0,0,0,0.085357,0.997661,logprobs,Alibaba
9506,-15,113,0,0,0,0.067949,0.999459,logprobs,Alibaba
9507,-15,115,0,0,0,0.133321,0.997803,logprobs,Alibaba
9508,-15,117,0,0,0,0.203143,0.998593,logprobs,Alibaba
9509,-15,119,0,0,0,0.378115,0.998258,logprobs,Alibaba
9510,-15,121,0,0,0,0.223166,0.99882,logprobs,Alibaba
9511,-15,123,0,0,0,0.349076,0.999189,logprobs,Alibaba
9512,-15,125,0,0,0,0.183024,0.998963,logprobs,Alibaba
9513,-15,127,1,1,0,0.085483,0.998552,logprobs,Alibaba
9514,-15,129,1,1,0,0.223394,0.998916,logprobs,Alibaba
9515,-15,131,1,1,0,0.22305,0.999345,logprobs,Alibaba
9516,-15,133,1,1,0,0.470257,0.99925,logprobs,Alibaba
9517,-15,135,1,1,0,0.349381,0.999254,logprobs,Alibaba
9518,-15,137,0,0,0,0.148352,0.999298,logprobs,Alibaba
9519,-15,139,0,0,0,0.047651,0.998821,logprobs,Alibaba
9520,-15,141,0,0,0,0.349312,0.999188,logprobs,Alibaba
9521,-15,143,1,1,0,0.34963,0.998707,logprobs,Alibaba
9522,-15,145,1,1,0,0.222956,0.998904,logprobs,Alibaba
9523,-15,147,0,0,0,0.269638,0.997535,logprobs,Alibaba
9524,-15,149,0,0,0,0.246612,0.997989,logprobs,Alibaba
9525,-15,151,0,0,0,0.165265,0.9983,logprobs,Alibaba
9526,-15,153,0,0,0,0.08558,0.998419,logprobs,Alibaba
9527,-15,155,0,0,0,0.085337,0.996164,logprobs,Alibaba
9528,-15,157,0,0,0,0.076451,0.998425,logprobs,Alibaba
9529,-15,159,0,0,0,0.133504,0.997084,logprobs,Alibaba
9530,-15,161,0,0,0,0.085534,0.99857,logprobs,Alibaba
9531,-15,163,0,0,0,0.095582,0.998957,logprobs,Alibaba
9532,-15,165,0,0,0,0.060386,0.999169,logprobs,Alibaba
9533,-15,167,1,1,0,0.096201,0.999053,logprobs,Alibaba
9534,-15,169,0,0,0,0.067962,0.998399,logprobs,Alibaba
9535,-15,171,0,0,0,0.067726,0.998731,logprobs,Alibaba
9536,-15,173,0,0,0,0.060358,0.999007,logprobs,Alibaba
9537,-15,175,0,0,0,0.047532,0.999337,logprobs,Alibaba
9538,-15,177,0,0,0,0.026019,0.999141,logprobs,Alibaba
9539,-15,179,0,0,0,0.033189,0.999253,logprobs,Alibaba
9540,-17,-179,0,0,0,0.047586,0.999274,logprobs,Alibaba
9541,-17,-177,0,0,0,0.047523,0.999242,logprobs,Alibaba
9542,-17,-175,0,0,0,0.023041,0.999457,logprobs,Alibaba
9543,-17,-173,0,0,0,0.037556,0.99914,logprobs,Alibaba
9544,-17,-171,0,0,0,0.026072,0.999295,logprobs,Alibaba
9545,-17,-169,0,0,0,0.03341,0.998638,logprobs,Alibaba
9546,-17,-167,0,0,0,0.020396,0.998847,logprobs,Alibaba
9547,-17,-165,0,0,0,0.014209,0.999394,logprobs,Alibaba
9548,-17,-163,0,0,0,0.016031,0.999122,logprobs,Alibaba
9549,-17,-161,0,0,0,0.018118,0.999386,logprobs,Alibaba
9550,-17,-159,0,0,0,0.033357,0.998248,logprobs,Alibaba
9551,-17,-157,0,0,0,0.042315,0.998536,logprobs,Alibaba
9552,-17,-155,0,0,0,0.076068,0.999161,logprobs,Alibaba
9553,-17,-153,0,0,0,0.009757,0.999428,logprobs,Alibaba
9554,-17,-151,0,0,0,0.033272,0.998699,logprobs,Alibaba
9555,-17,-149,0,0,0,0.033339,0.999284,logprobs,Alibaba
9556,-17,-147,0,0,0,0.018121,0.999489,logprobs,Alibaba
9557,-17,-145,0,0,0,0.012493,0.999453,logprobs,Alibaba
9558,-17,-143,0,0,0,0.014211,0.999429,logprobs,Alibaba
9559,-17,-141,0,0,0,0.00763,0.999535,logprobs,Alibaba
9560,-17,-139,0,0,0,0.01426,0.999346,logprobs,Alibaba
9561,-17,-137,0,0,0,0.015954,0.999444,logprobs,Alibaba
9562,-17,-135,0,0,0,0.008632,0.999452,logprobs,Alibaba
9563,-17,-133,0,0,0,0.015973,0.999345,logprobs,Alibaba
9564,-17,-131,0,0,0,0.01106,0.999347,logprobs,Alibaba
9565,-17,-129,0,0,0,0.005981,0.999664,logprobs,Alibaba
9566,-17,-127,0,0,0,0.003196,0.999603,logprobs,Alibaba
9567,-17,-125,0,0,0,0.002798,0.999614,logprobs,Alibaba
9568,-17,-123,0,0,0,0.018145,0.999057,logprobs,Alibaba
9569,-17,-121,0,0,0,0.029395,0.998648,logprobs,Alibaba
9570,-17,-119,0,0,0,0.033466,0.998404,logprobs,Alibaba
9571,-17,-117,0,0,0,0.119624,0.993203,logprobs,Alibaba
9572,-17,-115,0,0,0,0.047872,0.998049,logprobs,Alibaba
9573,-17,-113,0,0,0,0.270403,0.996267,logprobs,Alibaba
9574,-17,-111,0,0,0,0.269486,0.99196,logprobs,Alibaba
9575,-17,-109,0,0,0,0.029654,0.999258,logprobs,Alibaba
9576,-17,-107,0,0,0,0.053929,0.997013,logprobs,Alibaba
9577,-17,-105,0,0,0,0.020534,0.998268,logprobs,Alibaba
9578,-17,-103,0,0,0,0.107445,0.99827,logprobs,Alibaba
9579,-17,-101,0,0,0,0.085523,0.998868,logprobs,Alibaba
9580,-17,-99,0,0,1,0.940049,0.999613,logprobs,Alibaba
9581,-17,-97,0,0,1,0.818088,0.998819,logprobs,Alibaba
9582,-17,-95,0,0,1,0.679487,0.995998,logprobs,Alibaba
9583,-17,-93,0,0,1,0.867315,0.999411,logprobs,Alibaba
9584,-17,-91,0,0,1,0.817918,0.999207,logprobs,Alibaba
9585,-17,-89,0,0,1,0.623572,0.999145,logprobs,Alibaba
9586,-17,-87,0,0,0,0.43827,0.989817,logprobs,Alibaba
9587,-17,-85,0,0,0,0.46946,0.997861,logprobs,Alibaba
9588,-17,-83,0,0,0,0.133722,0.996627,logprobs,Alibaba
9589,-17,-81,0,0,0,0.119379,0.997625,logprobs,Alibaba
9590,-17,-79,0,0,1,0.731237,0.998883,logprobs,Alibaba
9591,-17,-77,0,0,1,0.777549,0.999353,logprobs,Alibaba
9592,-17,-75,0,0,1,0.817797,0.99941,logprobs,Alibaba
9593,-17,-73,0,0,1,0.881079,0.999311,logprobs,Alibaba
9594,-17,-71,1,1,1,0.939946,0.999381,logprobs,Alibaba
9595,-17,-69,1,1,1,0.904916,0.999464,logprobs,Alibaba
9596,-17,-67,1,1,1,0.867418,0.999503,logprobs,Alibaba
9597,-17,-65,1,1,1,0.867155,0.999549,logprobs,Alibaba
9598,-17,-63,1,1,1,0.867204,0.99951,logprobs,Alibaba
9599,-17,-61,1,1,0,0.165003,0.998182,logprobs,Alibaba
9600,-17,-59,1,1,1,0.867431,0.999497,logprobs,Alibaba
9601,-17,-57,1,1,1,0.867208,0.999387,logprobs,Alibaba
9602,-17,-55,1,1,1,0.835743,0.999439,logprobs,Alibaba
9603,-17,-53,1,1,1,0.799062,0.999323,logprobs,Alibaba
9604,-17,-51,1,1,1,0.835623,0.999624,logprobs,Alibaba
9605,-17,-49,1,1,1,0.867432,0.999417,logprobs,Alibaba
9606,-17,-47,1,1,1,0.904793,0.999565,logprobs,Alibaba
9607,-17,-45,1,1,1,0.914966,0.999532,logprobs,Alibaba
9608,-17,-43,1,1,1,0.966941,0.999749,logprobs,Alibaba
9609,-17,-41,1,1,1,0.914994,0.999502,logprobs,Alibaba
9610,-17,-39,0,0,1,0.679574,0.998213,logprobs,Alibaba
9611,-17,-37,0,0,1,0.706006,0.999064,logprobs,Alibaba
9612,-17,-35,0,0,0,0.349096,0.988703,logprobs,Alibaba
9613,-17,-33,0,0,1,0.531711,0.99329,logprobs,Alibaba
9614,-17,-31,0,0,1,0.706004,0.998902,logprobs,Alibaba
9615,-17,-29,0,0,1,0.755346,0.997578,logprobs,Alibaba
9616,-17,-27,0,0,1,0.731559,0.998572,logprobs,Alibaba
9617,-17,-25,0,0,1,0.706149,0.999106,logprobs,Alibaba
9618,-17,-23,0,0,1,0.652096,0.998854,logprobs,Alibaba
9619,-17,-21,0,0,1,0.501066,0.987208,logprobs,Alibaba
9620,-17,-19,0,0,0,0.321347,0.998094,logprobs,Alibaba
9621,-17,-17,0,0,0,0.085391,0.991445,logprobs,Alibaba
9622,-17,-15,0,0,0,0.470234,0.988156,logprobs,Alibaba
9623,-17,-13,0,0,1,0.562582,0.99767,logprobs,Alibaba
9624,-17,-11,0,0,0,0.438491,0.992779,logprobs,Alibaba
9625,-17,-9,0,0,0,0.349673,0.992637,logprobs,Alibaba
9626,-17,-7,0,0,0,0.408086,0.996127,logprobs,Alibaba
9627,-17,-5,0,0,1,0.562525,0.998366,logprobs,Alibaba
9628,-17,-3,0,0,1,0.835703,0.999346,logprobs,Alibaba
9629,-17,-1,0,0,1,0.777558,0.999298,logprobs,Alibaba
9630,-17,1,0,0,1,0.731433,0.999365,logprobs,Alibaba
9631,-17,3,0,0,1,0.798452,0.999235,logprobs,Alibaba
9632,-17,5,0,0,1,0.817717,0.999307,logprobs,Alibaba
9633,-17,7,0,0,1,0.880913,0.999324,logprobs,Alibaba
9634,-17,9,0,0,1,0.939987,0.999625,logprobs,Alibaba
9635,-17,11,0,0,1,0.86749,0.999492,logprobs,Alibaba
9636,-17,13,1,1,1,0.932544,0.999566,logprobs,Alibaba
9637,-17,15,1,1,1,0.932526,0.999478,logprobs,Alibaba
9638,-17,17,1,1,1,0.867128,0.999467,logprobs,Alibaba
9639,-17,19,1,1,1,0.952626,0.999687,logprobs,Alibaba
9640,-17,21,1,1,1,0.957988,0.999498,logprobs,Alibaba
9641,-17,23,1,1,1,0.946632,0.999514,logprobs,Alibaba
9642,-17,25,1,1,1,0.924291,0.999507,logprobs,Alibaba
9643,-17,27,1,1,1,0.952637,0.99961,logprobs,Alibaba
9644,-17,29,1,1,1,0.97074,0.999665,logprobs,Alibaba
9645,-17,31,1,1,1,0.98902,0.999785,logprobs,Alibaba
9646,-17,33,1,1,1,0.977045,0.999724,logprobs,Alibaba
9647,-17,35,1,1,1,0.962726,0.999636,logprobs,Alibaba
9648,-17,37,1,1,1,0.924272,0.999541,logprobs,Alibaba
9649,-17,39,1,1,1,0.798651,0.998919,logprobs,Alibaba
9650,-17,41,0,0,1,0.798334,0.99921,logprobs,Alibaba
9651,-17,43,0,0,1,0.798631,0.999131,logprobs,Alibaba
9652,-17,45,1,1,1,0.818013,0.999213,logprobs,Alibaba
9653,-17,47,1,1,1,0.90492,0.999248,logprobs,Alibaba
9654,-17,49,1,1,1,0.798441,0.998446,logprobs,Alibaba
9655,-17,51,0,0,1,0.817881,0.999106,logprobs,Alibaba
9656,-17,53,0,0,1,0.622823,0.99881,logprobs,Alibaba
9657,-17,55,0,0,0,0.438286,0.998998,logprobs,Alibaba
9658,-17,57,0,0,0,0.349667,0.998548,logprobs,Alibaba
9659,-17,59,0,0,0,0.165126,0.997226,logprobs,Alibaba
9660,-17,61,0,0,0,0.202384,0.99882,logprobs,Alibaba
9661,-17,63,0,0,0,0.469317,0.998416,logprobs,Alibaba
9662,-17,65,0,0,1,0.652224,0.998939,logprobs,Alibaba
9663,-17,67,0,0,1,0.798958,0.999137,logprobs,Alibaba
9664,-17,69,0,0,1,0.593244,0.998866,logprobs,Alibaba
9665,-17,71,0,0,1,0.532144,0.99848,logprobs,Alibaba
9666,-17,73,0,0,1,0.623242,0.998525,logprobs,Alibaba
9667,-17,75,0,0,1,0.500186,0.998223,logprobs,Alibaba
9668,-17,77,0,0,1,0.68021,0.999053,logprobs,Alibaba
9669,-17,79,0,0,1,0.532573,0.998064,logprobs,Alibaba
9670,-17,81,0,0,0,0.202965,0.998228,logprobs,Alibaba
9671,-17,83,0,0,0,0.245776,0.997495,logprobs,Alibaba
9672,-17,85,0,0,1,0.679984,0.99896,logprobs,Alibaba
9673,-17,87,0,0,0,0.378519,0.996747,logprobs,Alibaba
9674,-17,89,0,0,0,0.148483,0.998938,logprobs,Alibaba
9675,-17,91,0,0,1,0.532842,0.998459,logprobs,Alibaba
9676,-17,93,0,0,0,0.32181,0.997577,logprobs,Alibaba
9677,-17,95,0,0,0,0.12007,0.99818,logprobs,Alibaba
9678,-17,97,0,0,0,0.439088,0.996728,logprobs,Alibaba
9679,-17,99,0,0,0,0.349609,0.99732,logprobs,Alibaba
9680,-17,101,0,0,0,0.223479,0.998992,logprobs,Alibaba
9681,-17,103,0,0,0,0.295424,0.998952,logprobs,Alibaba
9682,-17,105,0,0,0,0.165519,0.998768,logprobs,Alibaba
9683,-17,107,0,0,0,0.440828,0.997563,logprobs,Alibaba
9684,-17,109,0,0,0,0.295158,0.998788,logprobs,Alibaba
9685,-17,111,0,0,0,0.165451,0.999055,logprobs,Alibaba
9686,-17,113,0,0,0,0.107177,0.998594,logprobs,Alibaba
9687,-17,115,0,0,0,0.270086,0.998239,logprobs,Alibaba
9688,-17,117,0,0,0,0.407715,0.998355,logprobs,Alibaba
9689,-17,119,0,0,0,0.270012,0.998956,logprobs,Alibaba
9690,-17,121,0,0,0,0.321593,0.998866,logprobs,Alibaba
9691,-17,123,1,1,0,0.245712,0.998497,logprobs,Alibaba
9692,-17,125,1,1,0,0.164982,0.99897,logprobs,Alibaba
9693,-17,127,1,1,0,0.349812,0.998951,logprobs,Alibaba
9694,-17,129,1,1,0,0.119775,0.999031,logprobs,Alibaba
9695,-17,131,1,1,0,0.133363,0.999209,logprobs,Alibaba
9696,-17,133,1,1,1,0.50032,0.99932,logprobs,Alibaba
9697,-17,135,1,1,0,0.294999,0.998992,logprobs,Alibaba
9698,-17,137,1,1,0,0.134102,0.998699,logprobs,Alibaba
9699,-17,139,1,1,0,0.047916,0.999403,logprobs,Alibaba
9700,-17,141,1,1,0,0.076335,0.998384,logprobs,Alibaba
9701,-17,143,1,1,0,0.469855,0.998569,logprobs,Alibaba
9702,-17,145,1,1,1,0.531953,0.998631,logprobs,Alibaba
9703,-17,147,0,0,0,0.438362,0.997362,logprobs,Alibaba
9704,-17,149,0,0,0,0.047872,0.993803,logprobs,Alibaba
9705,-17,151,0,0,0,0.076291,0.997236,logprobs,Alibaba
9706,-17,153,0,0,0,0.020407,0.999145,logprobs,Alibaba
9707,-17,155,0,0,0,0.042315,0.998842,logprobs,Alibaba
9708,-17,157,0,0,0,0.047529,0.99852,logprobs,Alibaba
9709,-17,159,0,0,0,0.068045,0.997541,logprobs,Alibaba
9710,-17,161,0,0,0,0.067814,0.99898,logprobs,Alibaba
9711,-17,163,0,0,0,0.076502,0.998785,logprobs,Alibaba
9712,-17,165,0,0,0,0.053844,0.999463,logprobs,Alibaba
9713,-17,167,0,0,0,0.047567,0.999129,logprobs,Alibaba
9714,-17,169,0,0,0,0.107057,0.997243,logprobs,Alibaba
9715,-17,171,0,0,0,0.085374,0.999025,logprobs,Alibaba
9716,-17,173,0,0,0,0.076413,0.997962,logprobs,Alibaba
9717,-17,175,0,0,0,0.202751,0.998446,logprobs,Alibaba
9718,-17,177,0,0,0,0.053715,0.999399,logprobs,Alibaba
9719,-17,179,0,0,0,0.047643,0.999165,logprobs,Alibaba
9720,-19,-179,0,0,0,0.042227,0.999326,logprobs,Alibaba
9721,-19,-177,0,0,0,0.020419,0.999382,logprobs,Alibaba
9722,-19,-175,0,0,0,0.023037,0.998956,logprobs,Alibaba
9723,-19,-173,0,0,0,0.023034,0.999329,logprobs,Alibaba
9724,-19,-171,0,0,0,0.029419,0.999177,logprobs,Alibaba
9725,-19,-169,0,0,0,0.020466,0.999066,logprobs,Alibaba
9726,-19,-167,0,0,0,0.02045,0.999235,logprobs,Alibaba
9727,-19,-165,0,0,0,0.023126,0.999006,logprobs,Alibaba
9728,-19,-163,0,0,0,0.018058,0.999561,logprobs,Alibaba
9729,-19,-161,0,0,0,0.02049,0.999529,logprobs,Alibaba
9730,-19,-159,0,0,0,0.012636,0.998954,logprobs,Alibaba
9731,-19,-157,0,0,0,0.029459,0.999035,logprobs,Alibaba
9732,-19,-155,0,0,0,0.183274,0.999349,logprobs,Alibaba
9733,-19,-153,0,0,0,0.007568,0.999335,logprobs,Alibaba
9734,-19,-151,0,0,0,0.0295,0.998805,logprobs,Alibaba
9735,-19,-149,0,0,0,0.012496,0.9993,logprobs,Alibaba
9736,-19,-147,0,0,0,0.037543,0.998097,logprobs,Alibaba
9737,-19,-145,0,0,0,0.00977,0.999219,logprobs,Alibaba
9738,-19,-143,0,0,0,0.005943,0.99945,logprobs,Alibaba
9739,-19,-141,0,0,0,0.005254,0.999647,logprobs,Alibaba
9740,-19,-139,0,0,0,0.00595,0.999588,logprobs,Alibaba
9741,-19,-137,0,0,0,0.009795,0.999403,logprobs,Alibaba
9742,-19,-135,0,0,0,0.004653,0.999435,logprobs,Alibaba
9743,-19,-133,0,0,0,0.002492,0.999564,logprobs,Alibaba
9744,-19,-131,0,0,0,0.004639,0.999768,logprobs,Alibaba
9745,-19,-129,0,0,0,0.004062,0.9996,logprobs,Alibaba
9746,-19,-127,0,0,0,0.004066,0.999635,logprobs,Alibaba
9747,-19,-125,0,0,0,0.00466,0.999667,logprobs,Alibaba
9748,-19,-123,0,0,0,0.006717,0.999546,logprobs,Alibaba
9749,-19,-121,0,0,0,0.012466,0.999504,logprobs,Alibaba
9750,-19,-119,0,0,0,0.037414,0.996787,logprobs,Alibaba
9751,-19,-117,0,0,0,0.015969,0.99882,logprobs,Alibaba
9752,-19,-115,0,0,0,0.012546,0.998031,logprobs,Alibaba
9753,-19,-113,0,0,0,0.004102,0.999625,logprobs,Alibaba
9754,-19,-111,0,0,0,0.011116,0.999332,logprobs,Alibaba
9755,-19,-109,0,0,0,0.023205,0.999179,logprobs,Alibaba
9756,-19,-107,0,0,0,0.149757,0.995769,logprobs,Alibaba
9757,-19,-105,0,0,0,0.02612,0.999162,logprobs,Alibaba
9758,-19,-103,0,0,1,0.532414,0.997357,logprobs,Alibaba
9759,-19,-101,0,0,1,0.893665,0.999411,logprobs,Alibaba
9760,-19,-99,0,0,1,0.946796,0.99956,logprobs,Alibaba
9761,-19,-97,0,0,1,0.777939,0.999008,logprobs,Alibaba
9762,-19,-95,0,0,1,0.798377,0.999365,logprobs,Alibaba
9763,-19,-93,0,0,1,0.562665,0.998285,logprobs,Alibaba
9764,-19,-91,0,0,1,0.500491,0.99911,logprobs,Alibaba
9765,-19,-89,0,0,0,0.133369,0.997212,logprobs,Alibaba
9766,-19,-87,0,0,0,0.294661,0.992373,logprobs,Alibaba
9767,-19,-85,0,0,0,0.269483,0.998349,logprobs,Alibaba
9768,-19,-83,0,0,0,0.295578,0.994493,logprobs,Alibaba
9769,-19,-81,0,0,0,0.096245,0.998434,logprobs,Alibaba
9770,-19,-79,0,0,1,0.893421,0.999466,logprobs,Alibaba
9771,-19,-77,0,0,1,0.777542,0.999253,logprobs,Alibaba
9772,-19,-75,0,0,1,0.798413,0.999285,logprobs,Alibaba
9773,-19,-73,0,0,1,0.835744,0.999464,logprobs,Alibaba
9774,-19,-71,0,0,1,0.592922,0.996138,logprobs,Alibaba
9775,-19,-69,1,1,1,0.817993,0.999369,logprobs,Alibaba
9776,-19,-67,1,0,1,0.755312,0.999406,logprobs,Alibaba
9777,-19,-65,1,1,1,0.946661,0.999618,logprobs,Alibaba
9778,-19,-63,1,1,1,0.777554,0.999358,logprobs,Alibaba
9779,-19,-61,1,1,0,0.438937,0.998786,logprobs,Alibaba
9780,-19,-59,1,1,1,0.679506,0.999203,logprobs,Alibaba
9781,-19,-57,1,1,1,0.777673,0.99945,logprobs,Alibaba
9782,-19,-55,1,1,1,0.867154,0.999403,logprobs,Alibaba
9783,-19,-53,1,1,1,0.852142,0.999382,logprobs,Alibaba
9784,-19,-51,1,1,1,0.777497,0.99938,logprobs,Alibaba
9785,-19,-49,1,1,1,0.946692,0.999688,logprobs,Alibaba
9786,-19,-47,1,1,1,0.962709,0.999676,logprobs,Alibaba
9787,-19,-45,1,1,1,0.867103,0.999575,logprobs,Alibaba
9788,-19,-43,1,1,1,0.974076,0.999789,logprobs,Alibaba
9789,-19,-41,1,1,1,0.946625,0.999748,logprobs,Alibaba
9790,-19,-39,0,0,1,0.59303,0.998056,logprobs,Alibaba
9791,-19,-37,0,0,1,0.593455,0.995161,logprobs,Alibaba
9792,-19,-35,0,0,0,0.223122,0.994793,logprobs,Alibaba
9793,-19,-33,0,0,1,0.562636,0.995405,logprobs,Alibaba
9794,-19,-31,0,0,1,0.502098,0.987305,logprobs,Alibaba
9795,-19,-29,0,0,0,0.321644,0.98832,logprobs,Alibaba
9796,-19,-27,0,0,1,0.731327,0.9989,logprobs,Alibaba
9797,-19,-25,0,0,1,0.731569,0.99918,logprobs,Alibaba
9798,-19,-23,0,0,1,0.731304,0.99874,logprobs,Alibaba
9799,-19,-21,0,0,1,0.531496,0.996323,logprobs,Alibaba
9800,-19,-19,0,0,1,0.501131,0.996842,logprobs,Alibaba
9801,-19,-17,0,0,1,0.532484,0.989221,logprobs,Alibaba
9802,-19,-15,0,0,1,0.563105,0.996686,logprobs,Alibaba
9803,-19,-13,0,0,1,0.79866,0.999275,logprobs,Alibaba
9804,-19,-11,0,0,0,0.379286,0.996469,logprobs,Alibaba
9805,-19,-9,0,0,0,0.270403,0.994241,logprobs,Alibaba
9806,-19,-7,0,0,1,0.531967,0.994462,logprobs,Alibaba
9807,-19,-5,0,0,1,0.7315,0.999111,logprobs,Alibaba
9808,-19,-3,0,0,1,0.777828,0.99923,logprobs,Alibaba
9809,-19,-1,0,0,1,0.777396,0.999413,logprobs,Alibaba
9810,-19,1,0,0,1,0.679996,0.999207,logprobs,Alibaba
9811,-19,3,0,0,1,0.798337,0.999431,logprobs,Alibaba
9812,-19,5,0,0,1,0.706088,0.999343,logprobs,Alibaba
9813,-19,7,0,0,1,0.777425,0.999387,logprobs,Alibaba
9814,-19,9,0,0,1,0.880891,0.999488,logprobs,Alibaba
9815,-19,11,0,0,1,0.835663,0.999543,logprobs,Alibaba
9816,-19,13,1,1,1,0.90476,0.999528,logprobs,Alibaba
9817,-19,15,1,1,1,0.932727,0.999552,logprobs,Alibaba
9818,-19,17,1,1,1,0.880955,0.999405,logprobs,Alibaba
9819,-19,19,1,1,1,0.924303,0.999391,logprobs,Alibaba
9820,-19,21,1,1,1,0.91495,0.999414,logprobs,Alibaba
9821,-19,23,1,1,1,0.946756,0.999514,logprobs,Alibaba
9822,-19,25,1,1,1,0.946667,0.999575,logprobs,Alibaba
9823,-19,27,1,1,1,0.939977,0.999453,logprobs,Alibaba
9824,-19,29,1,1,1,0.987575,0.99983,logprobs,Alibaba
9825,-19,31,1,1,1,0.982037,0.999728,logprobs,Alibaba
9826,-19,33,1,1,1,0.946632,0.99969,logprobs,Alibaba
9827,-19,35,1,1,1,0.924191,0.999563,logprobs,Alibaba
9828,-19,37,0,0,1,0.924186,0.999641,logprobs,Alibaba
9829,-19,39,0,0,1,0.623442,0.996675,logprobs,Alibaba
9830,-19,41,0,0,1,0.731337,0.998719,logprobs,Alibaba
9831,-19,43,0,0,1,0.939944,0.999623,logprobs,Alibaba
9832,-19,45,1,1,1,0.852223,0.999246,logprobs,Alibaba
9833,-19,47,1,1,1,0.952634,0.999609,logprobs,Alibaba
9834,-19,49,1,1,1,0.755653,0.999319,logprobs,Alibaba
9835,-19,51,0,0,1,0.500393,0.998942,logprobs,Alibaba
9836,-19,53,0,0,0,0.470239,0.998781,logprobs,Alibaba
9837,-19,55,0,0,1,0.679568,0.999236,logprobs,Alibaba
9838,-19,57,0,0,1,0.622964,0.999248,logprobs,Alibaba
9839,-19,59,0,0,0,0.438425,0.998906,logprobs,Alibaba
9840,-19,61,0,0,0,0.223178,0.998853,logprobs,Alibaba
9841,-19,63,0,0,0,0.321874,0.997836,logprobs,Alibaba
9842,-19,65,0,0,1,0.755821,0.999062,logprobs,Alibaba
9843,-19,67,0,0,1,0.563159,0.999017,logprobs,Alibaba
9844,-19,69,0,0,0,0.46916,0.99882,logprobs,Alibaba
9845,-19,71,0,0,0,0.1834,0.997811,logprobs,Alibaba
9846,-19,73,0,0,1,0.593229,0.998984,logprobs,Alibaba
9847,-19,75,0,0,0,0.294716,0.997464,logprobs,Alibaba
9848,-19,77,0,0,0,0.407911,0.998321,logprobs,Alibaba
9849,-19,79,0,0,1,0.706162,0.998999,logprobs,Alibaba
9850,-19,81,0,0,0,0.270564,0.99854,logprobs,Alibaba
9851,-19,83,0,0,0,0.095502,0.99873,logprobs,Alibaba
9852,-19,85,0,0,0,0.408088,0.999134,logprobs,Alibaba
9853,-19,87,0,0,0,0.085821,0.999063,logprobs,Alibaba
9854,-19,89,0,0,0,0.10702,0.99854,logprobs,Alibaba
9855,-19,91,0,0,0,0.119879,0.997555,logprobs,Alibaba
9856,-19,93,0,0,0,0.245925,0.998796,logprobs,Alibaba
9857,-19,95,0,0,0,0.095664,0.998193,logprobs,Alibaba
9858,-19,97,0,0,0,0.148549,0.998147,logprobs,Alibaba
9859,-19,99,0,0,1,0.91498,0.999482,logprobs,Alibaba
9860,-19,101,0,0,0,0.438753,0.999107,logprobs,Alibaba
9861,-19,103,0,0,0,0.164812,0.99883,logprobs,Alibaba
9862,-19,105,0,0,0,0.133275,0.998422,logprobs,Alibaba
9863,-19,107,0,0,0,0.245918,0.998384,logprobs,Alibaba
9864,-19,109,0,0,0,0.321423,0.998379,logprobs,Alibaba
9865,-19,111,0,0,0,0.033214,0.999291,logprobs,Alibaba
9866,-19,113,0,0,0,0.060327,0.999031,logprobs,Alibaba
9867,-19,115,0,0,0,0.107177,0.99721,logprobs,Alibaba
9868,-19,117,0,0,0,0.24574,0.997946,logprobs,Alibaba
9869,-19,119,0,0,0,0.321695,0.99714,logprobs,Alibaba
9870,-19,121,0,0,1,0.652033,0.99926,logprobs,Alibaba
9871,-19,123,1,1,0,0.042288,0.999151,logprobs,Alibaba
9872,-19,125,1,1,0,0.067914,0.999133,logprobs,Alibaba
9873,-19,127,1,1,0,0.067776,0.99818,logprobs,Alibaba
9874,-19,129,1,1,0,0.02605,0.998684,logprobs,Alibaba
9875,-19,131,1,1,0,0.202382,0.999355,logprobs,Alibaba
9876,-19,133,1,1,1,0.777671,0.999527,logprobs,Alibaba
9877,-19,135,1,1,1,0.531932,0.999263,logprobs,Alibaba
9878,-19,137,1,1,0,0.223179,0.999196,logprobs,Alibaba
9879,-19,139,1,1,0,0.05364,0.998841,logprobs,Alibaba
9880,-19,141,1,1,0,0.269952,0.999199,logprobs,Alibaba
9881,-19,143,1,1,0,0.378273,0.998939,logprobs,Alibaba
9882,-19,145,1,1,1,0.500779,0.998842,logprobs,Alibaba
9883,-19,147,0,0,1,0.70623,0.999036,logprobs,Alibaba
9884,-19,149,0,0,0,0.164873,0.997672,logprobs,Alibaba
9885,-19,151,0,0,0,0.060262,0.999169,logprobs,Alibaba
9886,-19,153,0,0,0,0.060274,0.998974,logprobs,Alibaba
9887,-19,155,0,0,0,0.047595,0.998602,logprobs,Alibaba
9888,-19,157,0,0,0,0.047653,0.998793,logprobs,Alibaba
9889,-19,159,0,0,0,0.037729,0.998806,logprobs,Alibaba
9890,-19,161,0,0,0,0.037506,0.999194,logprobs,Alibaba
9891,-19,163,0,0,0,0.076413,0.99886,logprobs,Alibaba
9892,-19,165,0,0,0,0.060751,0.998564,logprobs,Alibaba
9893,-19,167,0,0,0,0.107233,0.998886,logprobs,Alibaba
9894,-19,169,0,0,0,0.085667,0.99916,logprobs,Alibaba
9895,-19,171,0,0,0,0.053757,0.999213,logprobs,Alibaba
9896,-19,173,0,0,0,0.076195,0.999047,logprobs,Alibaba
9897,-19,175,0,0,0,0.107545,0.999198,logprobs,Alibaba
9898,-19,177,0,0,0,0.053688,0.999174,logprobs,Alibaba
9899,-19,179,0,0,0,0.047724,0.999345,logprobs,Alibaba
9900,-21,-179,0,0,0,0.037426,0.999142,logprobs,Alibaba
9901,-21,-177,0,0,0,0.037577,0.999015,logprobs,Alibaba
9902,-21,-175,0,0,0,0.020428,0.999176,logprobs,Alibaba
9903,-21,-173,0,0,0,0.033325,0.999081,logprobs,Alibaba
9904,-21,-171,0,0,0,0.023121,0.999371,logprobs,Alibaba
9905,-21,-169,0,0,0,0.029506,0.997819,logprobs,Alibaba
9906,-21,-167,0,0,0,0.033276,0.999403,logprobs,Alibaba
9907,-21,-165,0,0,0,0.012514,0.99937,logprobs,Alibaba
9908,-21,-163,0,0,0,0.011028,0.999368,logprobs,Alibaba
9909,-21,-161,0,0,0,0.020381,0.999326,logprobs,Alibaba
9910,-21,-159,0,0,0,0.026105,0.997979,logprobs,Alibaba
9911,-21,-157,0,0,0,0.053612,0.997792,logprobs,Alibaba
9912,-21,-155,0,0,0,0.067791,0.998816,logprobs,Alibaba
9913,-21,-153,0,0,0,0.009759,0.99913,logprobs,Alibaba
9914,-21,-151,0,0,0,0.016117,0.999276,logprobs,Alibaba
9915,-21,-149,0,0,0,0.033253,0.997162,logprobs,Alibaba
9916,-21,-147,0,0,0,0.026105,0.99813,logprobs,Alibaba
9917,-21,-145,0,0,0,0.011112,0.999315,logprobs,Alibaba
9918,-21,-143,0,0,0,0.007622,0.999506,logprobs,Alibaba
9919,-21,-141,0,0,0,0.008615,0.999583,logprobs,Alibaba
9920,-21,-139,0,0,0,0.004638,0.999545,logprobs,Alibaba
9921,-21,-137,0,0,0,0.00862,0.999472,logprobs,Alibaba
9922,-21,-135,0,0,0,0.007634,0.999392,logprobs,Alibaba
9923,-21,-133,0,0,0,0.009773,0.999151,logprobs,Alibaba
9924,-21,-131,0,0,0,0.003615,0.999642,logprobs,Alibaba
9925,-21,-129,0,0,0,0.011026,0.999077,logprobs,Alibaba
9926,-21,-127,0,0,0,0.005257,0.999651,logprobs,Alibaba
9927,-21,-125,0,0,0,0.00526,0.999461,logprobs,Alibaba
9928,-21,-123,0,0,0,0.00595,0.999616,logprobs,Alibaba
9929,-21,-121,0,0,0,0.067987,0.992297,logprobs,Alibaba
9930,-21,-119,0,0,0,0.119531,0.992521,logprobs,Alibaba
9931,-21,-117,0,0,0,0.408874,0.976125,logprobs,Alibaba
9932,-21,-115,0,0,0,0.164995,0.985806,logprobs,Alibaba
9933,-21,-113,0,0,0,0.095979,0.99679,logprobs,Alibaba
9934,-21,-111,0,0,1,0.679424,0.998717,logprobs,Alibaba
9935,-21,-109,0,0,0,0.033466,0.99893,logprobs,Alibaba
9936,-21,-107,0,0,0,0.294908,0.993764,logprobs,Alibaba
9937,-21,-105,0,0,0,0.269541,0.99583,logprobs,Alibaba
9938,-21,-103,0,0,1,0.946626,0.99964,logprobs,Alibaba
9939,-21,-101,0,0,1,0.974068,0.999644,logprobs,Alibaba
9940,-21,-99,0,0,1,0.982025,0.999759,logprobs,Alibaba
9941,-21,-97,0,0,1,0.593105,0.998722,logprobs,Alibaba
9942,-21,-95,0,0,1,0.500332,0.997327,logprobs,Alibaba
9943,-21,-93,0,0,1,0.501341,0.997931,logprobs,Alibaba
9944,-21,-91,0,0,1,0.564266,0.999278,logprobs,Alibaba
9945,-21,-89,0,0,1,0.778173,0.99926,logprobs,Alibaba
9946,-21,-87,0,0,0,0.439084,0.995905,logprobs,Alibaba
9947,-21,-85,0,0,0,0.321533,0.997005,logprobs,Alibaba
9948,-21,-83,0,0,0,0.119429,0.998163,logprobs,Alibaba
9949,-21,-81,0,0,0,0.377983,0.998577,logprobs,Alibaba
9950,-21,-79,0,0,1,0.500321,0.998594,logprobs,Alibaba
9951,-21,-77,0,0,1,0.867255,0.999312,logprobs,Alibaba
9952,-21,-75,0,0,1,0.592985,0.985223,logprobs,Alibaba
9953,-21,-73,0,0,1,0.563263,0.99736,logprobs,Alibaba
9954,-21,-71,0,0,1,0.679424,0.998787,logprobs,Alibaba
9955,-21,-69,1,1,1,0.867283,0.999325,logprobs,Alibaba
9956,-21,-67,1,1,1,0.852252,0.999528,logprobs,Alibaba
9957,-21,-65,1,1,1,0.940005,0.999557,logprobs,Alibaba
9958,-21,-63,1,1,1,0.652111,0.99927,logprobs,Alibaba
9959,-21,-61,1,1,0,0.246159,0.996974,logprobs,Alibaba
9960,-21,-59,1,1,1,0.893395,0.999595,logprobs,Alibaba
9961,-21,-57,1,1,1,0.915089,0.999609,logprobs,Alibaba
9962,-21,-55,1,1,1,0.904685,0.999621,logprobs,Alibaba
9963,-21,-53,1,1,1,0.835714,0.999504,logprobs,Alibaba
9964,-21,-51,1,1,1,0.835716,0.999418,logprobs,Alibaba
9965,-21,-49,1,1,1,0.970706,0.999751,logprobs,Alibaba
9966,-21,-47,1,1,1,0.974063,0.999712,logprobs,Alibaba
9967,-21,-45,1,1,1,0.946643,0.999632,logprobs,Alibaba
9968,-21,-43,1,1,1,0.962696,0.999684,logprobs,Alibaba
9969,-21,-41,1,1,1,0.852174,0.999519,logprobs,Alibaba
9970,-21,-39,0,0,1,0.755251,0.99881,logprobs,Alibaba
9971,-21,-37,0,0,1,0.62329,0.997017,logprobs,Alibaba
9972,-21,-35,0,0,0,0.322092,0.994521,logprobs,Alibaba
9973,-21,-33,0,0,1,0.593244,0.996042,logprobs,Alibaba
9974,-21,-31,0,0,0,0.470155,0.996614,logprobs,Alibaba
9975,-21,-29,0,0,0,0.349503,0.993999,logprobs,Alibaba
9976,-21,-27,0,0,1,0.731449,0.998549,logprobs,Alibaba
9977,-21,-25,0,0,1,0.755136,0.999066,logprobs,Alibaba
9978,-21,-23,0,0,1,0.818013,0.999237,logprobs,Alibaba
9979,-21,-21,0,0,0,0.294515,0.993849,logprobs,Alibaba
9980,-21,-19,0,0,1,0.531814,0.986544,logprobs,Alibaba
9981,-21,-17,0,0,1,0.732617,0.998794,logprobs,Alibaba
9982,-21,-15,0,0,1,0.679733,0.998323,logprobs,Alibaba
9983,-21,-13,0,0,0,0.438397,0.987464,logprobs,Alibaba
9984,-21,-11,0,0,0,0.24574,0.981495,logprobs,Alibaba
9985,-21,-9,0,0,0,0.408733,0.96983,logprobs,Alibaba
9986,-21,-7,0,0,1,0.531953,0.987968,logprobs,Alibaba
9987,-21,-5,0,0,1,0.593961,0.996078,logprobs,Alibaba
9988,-21,-3,0,0,1,0.893454,0.999234,logprobs,Alibaba
9989,-21,-1,0,0,1,0.835825,0.99931,logprobs,Alibaba
9990,-21,1,0,0,1,0.731391,0.999334,logprobs,Alibaba
9991,-21,3,0,0,1,0.86711,0.999444,logprobs,Alibaba
9992,-21,5,0,0,1,0.731275,0.999148,logprobs,Alibaba
9993,-21,7,0,0,1,0.835678,0.999188,logprobs,Alibaba
9994,-21,9,0,0,1,0.880905,0.999499,logprobs,Alibaba
9995,-21,11,0,0,1,0.79866,0.999209,logprobs,Alibaba
9996,-21,13,0,0,1,0.939939,0.999562,logprobs,Alibaba
9997,-21,15,1,1,1,0.835642,0.999417,logprobs,Alibaba
9998,-21,17,1,1,1,0.924188,0.999396,logprobs,Alibaba
9999,-21,19,1,1,1,0.95802,0.999457,logprobs,Alibaba
10000,-21,21,1,1,1,0.914962,0.999342,logprobs,Alibaba
10001,-21,23,1,1,1,0.974051,0.999682,logprobs,Alibaba
10002,-21,25,1,1,1,0.962726,0.999642,logprobs,Alibaba
10003,-21,27,1,1,1,0.966974,0.99962,logprobs,Alibaba
10004,-21,29,1,1,1,0.962695,0.999579,logprobs,Alibaba
10005,-21,31,1,1,1,0.970735,0.999619,logprobs,Alibaba
10006,-21,33,1,1,1,0.932537,0.999494,logprobs,Alibaba
10007,-21,35,1,1,1,0.904735,0.999324,logprobs,Alibaba
10008,-21,37,0,0,1,0.86714,0.999497,logprobs,Alibaba
10009,-21,39,0,0,1,0.798436,0.999071,logprobs,Alibaba
10010,-21,41,0,0,1,0.651983,0.998092,logprobs,Alibaba
10011,-21,43,0,0,1,0.817797,0.999245,logprobs,Alibaba
10012,-21,45,1,1,1,0.651786,0.998967,logprobs,Alibaba
10013,-21,47,1,1,1,0.924211,0.999336,logprobs,Alibaba
10014,-21,49,0,0,0,0.408129,0.996016,logprobs,Alibaba
10015,-21,51,0,0,1,0.835631,0.99931,logprobs,Alibaba
10016,-21,53,0,0,1,0.500823,0.998693,logprobs,Alibaba
10017,-21,55,0,0,1,0.706025,0.999161,logprobs,Alibaba
10018,-21,57,0,0,1,0.651876,0.999145,logprobs,Alibaba
10019,-21,59,0,0,0,0.294999,0.996565,logprobs,Alibaba
10020,-21,61,0,0,0,0.349402,0.998843,logprobs,Alibaba
10021,-21,63,0,0,0,0.321236,0.997023,logprobs,Alibaba
10022,-21,65,0,0,1,0.77755,0.99905,logprobs,Alibaba
10023,-21,67,0,0,1,0.593105,0.999146,logprobs,Alibaba
10024,-21,69,0,0,1,0.73154,0.999035,logprobs,Alibaba
10025,-21,71,0,0,0,0.470424,0.998806,logprobs,Alibaba
10026,-21,73,0,0,1,0.651629,0.999054,logprobs,Alibaba
10027,-21,75,0,0,1,0.593253,0.998819,logprobs,Alibaba
10028,-21,77,0,0,1,0.731363,0.998942,logprobs,Alibaba
10029,-21,79,0,0,1,0.679905,0.999204,logprobs,Alibaba
10030,-21,81,0,0,0,0.378485,0.996789,logprobs,Alibaba
10031,-21,83,0,0,0,0.247299,0.998197,logprobs,Alibaba
10032,-21,85,0,0,1,0.623572,0.998565,logprobs,Alibaba
10033,-21,87,0,0,0,0.223962,0.998013,logprobs,Alibaba
10034,-21,89,0,0,0,0.37837,0.998372,logprobs,Alibaba
10035,-21,91,0,0,0,0.270408,0.998642,logprobs,Alibaba
10036,-21,93,0,0,0,0.068006,0.998205,logprobs,Alibaba
10037,-21,95,0,0,0,0.133275,0.998475,logprobs,Alibaba
10038,-21,97,0,0,0,0.294722,0.996023,logprobs,Alibaba
10039,-21,99,0,0,1,0.946648,0.999623,logprobs,Alibaba
10040,-21,101,0,0,1,0.531735,0.998965,logprobs,Alibaba
10041,-21,103,0,0,0,0.438574,0.998898,logprobs,Alibaba
10042,-21,105,0,0,0,0.294788,0.998213,logprobs,Alibaba
10043,-21,107,0,0,0,0.438686,0.998543,logprobs,Alibaba
10044,-21,109,0,0,0,0.469209,0.998672,logprobs,Alibaba
10045,-21,111,0,0,0,0.202206,0.997328,logprobs,Alibaba
10046,-21,113,0,0,0,0.409133,0.998687,logprobs,Alibaba
10047,-21,115,0,0,0,0.46911,0.996713,logprobs,Alibaba
10048,-21,117,1,1,1,0.652732,0.998808,logprobs,Alibaba
10049,-21,119,1,1,1,0.818004,0.999202,logprobs,Alibaba
10050,-21,121,1,1,1,0.817962,0.99934,logprobs,Alibaba
10051,-21,123,1,1,0,0.349605,0.99847,logprobs,Alibaba
10052,-21,125,1,1,0,0.148531,0.997309,logprobs,Alibaba
10053,-21,127,1,1,0,0.295155,0.998992,logprobs,Alibaba
10054,-21,129,1,1,0,0.164936,0.998918,logprobs,Alibaba
10055,-21,131,1,1,1,0.73161,0.999355,logprobs,Alibaba
10056,-21,133,1,1,1,0.924449,0.99959,logprobs,Alibaba
10057,-21,135,1,1,1,0.798429,0.999202,logprobs,Alibaba
10058,-21,137,1,1,1,0.562818,0.999232,logprobs,Alibaba
10059,-21,139,1,1,1,0.798429,0.999282,logprobs,Alibaba
10060,-21,141,1,1,1,0.852252,0.999424,logprobs,Alibaba
10061,-21,143,1,1,1,0.798687,0.999379,logprobs,Alibaba
10062,-21,145,1,1,1,0.679947,0.998855,logprobs,Alibaba
10063,-21,147,1,1,1,0.83571,0.999284,logprobs,Alibaba
10064,-21,149,1,1,1,0.706614,0.998844,logprobs,Alibaba
10065,-21,151,0,0,0,0.378546,0.997543,logprobs,Alibaba
10066,-21,153,0,0,0,0.29466,0.997668,logprobs,Alibaba
10067,-21,155,0,0,0,0.07605,0.997472,logprobs,Alibaba
10068,-21,157,0,0,0,0.067945,0.998925,logprobs,Alibaba
10069,-21,159,0,0,0,0.053551,0.998219,logprobs,Alibaba
10070,-21,161,0,0,0,0.060685,0.999218,logprobs,Alibaba
10071,-21,163,0,0,0,0.076426,0.99934,logprobs,Alibaba
10072,-21,165,1,1,0,0.042702,0.999408,logprobs,Alibaba
10073,-21,167,0,0,0,0.067799,0.99934,logprobs,Alibaba
10074,-21,169,0,0,0,0.053582,0.9987,logprobs,Alibaba
10075,-21,171,0,0,0,0.095936,0.998531,logprobs,Alibaba
10076,-21,173,0,0,0,0.085778,0.998739,logprobs,Alibaba
10077,-21,175,0,0,0,0.133325,0.998593,logprobs,Alibaba
10078,-21,177,0,0,0,0.085357,0.99895,logprobs,Alibaba
10079,-21,179,0,0,0,0.060256,0.998775,logprobs,Alibaba
10080,-23,-179,0,0,0,0.020396,0.999547,logprobs,Alibaba
10081,-23,-177,0,0,0,0.014173,0.999343,logprobs,Alibaba
10082,-23,-175,0,0,0,0.020396,0.999584,logprobs,Alibaba
10083,-23,-173,0,0,0,0.005937,0.999635,logprobs,Alibaba
10084,-23,-171,0,0,0,0.01252,0.999514,logprobs,Alibaba
10085,-23,-169,0,0,0,0.018032,0.999343,logprobs,Alibaba
10086,-23,-167,0,0,0,0.018144,0.999174,logprobs,Alibaba
10087,-23,-165,0,0,0,0.012493,0.999277,logprobs,Alibaba
10088,-23,-163,0,0,0,0.005283,0.999529,logprobs,Alibaba
10089,-23,-161,0,0,0,0.006732,0.999657,logprobs,Alibaba
10090,-23,-159,0,0,0,0.029437,0.998443,logprobs,Alibaba
10091,-23,-157,0,0,0,0.012486,0.999368,logprobs,Alibaba
10092,-23,-155,0,0,0,0.009768,0.999256,logprobs,Alibaba
10093,-23,-153,0,0,0,0.011013,0.998883,logprobs,Alibaba
10094,-23,-151,0,0,0,0.012542,0.999316,logprobs,Alibaba
10095,-23,-149,0,0,0,0.014199,0.999,logprobs,Alibaba
10096,-23,-147,0,0,0,0.006739,0.99957,logprobs,Alibaba
10097,-23,-145,0,0,0,0.003214,0.999568,logprobs,Alibaba
10098,-23,-143,0,0,0,0.004631,0.999729,logprobs,Alibaba
10099,-23,-141,0,0,0,0.002178,0.999507,logprobs,Alibaba
10100,-23,-139,0,0,0,0.005263,0.999651,logprobs,Alibaba
10101,-23,-137,0,0,0,0.007657,0.999551,logprobs,Alibaba
10102,-23,-135,0,0,0,0.006728,0.999548,logprobs,Alibaba
10103,-23,-133,0,0,0,0.004646,0.999567,logprobs,Alibaba
10104,-23,-131,0,0,0,0.002489,0.999717,logprobs,Alibaba
10105,-23,-129,0,0,0,0.004643,0.999585,logprobs,Alibaba
10106,-23,-127,0,0,0,0.002177,0.999679,logprobs,Alibaba
10107,-23,-125,0,0,0,0.002179,0.99966,logprobs,Alibaba
10108,-23,-123,0,0,0,0.005943,0.999484,logprobs,Alibaba
10109,-23,-121,0,0,0,0.037543,0.997599,logprobs,Alibaba
10110,-23,-119,0,0,0,0.07609,0.995082,logprobs,Alibaba
10111,-23,-117,0,0,0,0.165179,0.976626,logprobs,Alibaba
10112,-23,-115,0,0,0,0.029494,0.998101,logprobs,Alibaba
10113,-23,-113,0,0,0,0.32244,0.997933,logprobs,Alibaba
10114,-23,-111,0,0,1,0.563607,0.997751,logprobs,Alibaba
10115,-23,-109,0,0,0,0.18404,0.999249,logprobs,Alibaba
10116,-23,-107,0,0,1,0.594249,0.998955,logprobs,Alibaba
10117,-23,-105,0,0,1,0.532288,0.995601,logprobs,Alibaba
10118,-23,-103,0,0,1,0.985948,0.999724,logprobs,Alibaba
10119,-23,-101,0,0,1,0.997821,0.999869,logprobs,Alibaba
10120,-23,-99,0,0,1,0.974069,0.99965,logprobs,Alibaba
10121,-23,-97,0,0,1,0.531966,0.998534,logprobs,Alibaba
10122,-23,-95,0,0,0,0.407958,0.999063,logprobs,Alibaba
10123,-23,-93,0,0,0,0.269831,0.999171,logprobs,Alibaba
10124,-23,-91,0,0,0,0.133111,0.999289,logprobs,Alibaba
10125,-23,-89,0,0,0,0.183097,0.998206,logprobs,Alibaba
10126,-23,-87,0,0,0,0.107048,0.999222,logprobs,Alibaba
10127,-23,-85,0,0,0,0.223098,0.99814,logprobs,Alibaba
10128,-23,-83,0,0,0,0.119669,0.999043,logprobs,Alibaba
10129,-23,-81,0,0,0,0.085343,0.998753,logprobs,Alibaba
10130,-23,-79,0,0,0,0.269818,0.988603,logprobs,Alibaba
10131,-23,-77,0,0,1,0.531953,0.997449,logprobs,Alibaba
10132,-23,-75,0,0,1,0.531967,0.982841,logprobs,Alibaba
10133,-23,-73,0,0,0,0.469272,0.997044,logprobs,Alibaba
10134,-23,-71,0,0,0,0.378229,0.996772,logprobs,Alibaba
10135,-23,-69,1,1,1,0.86738,0.999345,logprobs,Alibaba
10136,-23,-67,1,1,1,0.867351,0.999362,logprobs,Alibaba
10137,-23,-65,1,1,1,0.957959,0.99951,logprobs,Alibaba
10138,-23,-63,1,1,1,0.867155,0.99955,logprobs,Alibaba
10139,-23,-61,1,1,1,0.777672,0.99928,logprobs,Alibaba
10140,-23,-59,1,1,1,0.88144,0.999298,logprobs,Alibaba
10141,-23,-57,1,1,1,0.90478,0.999401,logprobs,Alibaba
10142,-23,-55,1,1,1,0.924246,0.999546,logprobs,Alibaba
10143,-23,-53,1,1,1,0.939939,0.999639,logprobs,Alibaba
10144,-23,-51,1,1,1,0.97704,0.999751,logprobs,Alibaba
10145,-23,-49,1,1,1,0.957949,0.999618,logprobs,Alibaba
10146,-23,-47,1,1,1,0.990299,0.999787,logprobs,Alibaba
10147,-23,-45,1,1,1,0.952602,0.999678,logprobs,Alibaba
10148,-23,-43,0,0,1,0.89345,0.999448,logprobs,Alibaba
10149,-23,-41,0,0,0,0.3493,0.99417,logprobs,Alibaba
10150,-23,-39,0,0,0,0.469633,0.995686,logprobs,Alibaba
10151,-23,-37,0,0,0,0.164828,0.993395,logprobs,Alibaba
10152,-23,-35,0,0,0,0.1829,0.99641,logprobs,Alibaba
10153,-23,-33,0,0,1,0.563206,0.994484,logprobs,Alibaba
10154,-23,-31,0,0,0,0.349962,0.99639,logprobs,Alibaba
10155,-23,-29,0,0,0,0.43859,0.997709,logprobs,Alibaba
10156,-23,-27,0,0,1,0.652111,0.998642,logprobs,Alibaba
10157,-23,-25,0,0,1,0.563243,0.997437,logprobs,Alibaba
10158,-23,-23,0,0,1,0.731516,0.998816,logprobs,Alibaba
10159,-23,-21,0,0,0,0.223831,0.987998,logprobs,Alibaba
10160,-23,-19,0,0,1,0.818156,0.999217,logprobs,Alibaba
10161,-23,-17,0,0,1,0.86723,0.999157,logprobs,Alibaba
10162,-23,-15,0,0,1,0.652966,0.999115,logprobs,Alibaba
10163,-23,-13,0,0,0,0.469633,0.995146,logprobs,Alibaba
10164,-23,-11,0,0,0,0.270812,0.985582,logprobs,Alibaba
10165,-23,-9,0,0,0,0.183539,0.987685,logprobs,Alibaba
10166,-23,-7,0,0,1,0.679753,0.997616,logprobs,Alibaba
10167,-23,-5,0,0,1,0.777977,0.999224,logprobs,Alibaba
10168,-23,-3,0,0,1,0.852116,0.999325,logprobs,Alibaba
10169,-23,-1,0,0,1,0.835647,0.999359,logprobs,Alibaba
10170,-23,1,0,0,1,0.867141,0.999426,logprobs,Alibaba
10171,-23,3,0,0,1,0.924253,0.999485,logprobs,Alibaba
10172,-23,5,0,0,1,0.89342,0.999508,logprobs,Alibaba
10173,-23,7,0,0,1,0.880856,0.99941,logprobs,Alibaba
10174,-23,9,0,0,1,0.946633,0.999693,logprobs,Alibaba
10175,-23,11,0,0,1,0.914958,0.999396,logprobs,Alibaba
10176,-23,13,0,0,1,0.924274,0.999399,logprobs,Alibaba
10177,-23,15,1,1,1,0.924211,0.999445,logprobs,Alibaba
10178,-23,17,1,1,1,0.924198,0.999429,logprobs,Alibaba
10179,-23,19,1,1,1,0.97074,0.999618,logprobs,Alibaba
10180,-23,21,1,1,1,0.974068,0.999603,logprobs,Alibaba
10181,-23,23,1,1,1,0.939939,0.999308,logprobs,Alibaba
10182,-23,25,1,1,1,0.984114,0.999741,logprobs,Alibaba
10183,-23,27,1,1,1,0.982074,0.999614,logprobs,Alibaba
10184,-23,29,1,1,1,0.982032,0.999774,logprobs,Alibaba
10185,-23,31,1,1,1,0.982025,0.999726,logprobs,Alibaba
10186,-23,33,1,1,1,0.946625,0.99946,logprobs,Alibaba
10187,-23,35,1,1,1,0.940008,0.999508,logprobs,Alibaba
10188,-23,37,0,0,1,0.893491,0.999369,logprobs,Alibaba
10189,-23,39,0,0,1,0.817824,0.999202,logprobs,Alibaba
10190,-23,41,0,0,0,0.349745,0.995319,logprobs,Alibaba
10191,-23,43,0,0,1,0.755668,0.999056,logprobs,Alibaba
10192,-23,45,1,1,0,0.469478,0.997437,logprobs,Alibaba
10193,-23,47,1,1,1,0.706178,0.999078,logprobs,Alibaba
10194,-23,49,0,0,1,0.679516,0.998541,logprobs,Alibaba
10195,-23,51,0,0,1,0.679907,0.999202,logprobs,Alibaba
10196,-23,53,0,0,1,0.500721,0.99835,logprobs,Alibaba
10197,-23,55,0,0,1,0.562853,0.998953,logprobs,Alibaba
10198,-23,57,0,0,1,0.777656,0.999159,logprobs,Alibaba
10199,-23,59,0,0,1,0.562786,0.9988,logprobs,Alibaba
10200,-23,61,0,0,0,0.223815,0.999067,logprobs,Alibaba
10201,-23,63,0,0,0,0.164864,0.99901,logprobs,Alibaba
10202,-23,65,0,0,1,0.817983,0.999111,logprobs,Alibaba
10203,-23,67,0,0,0,0.294866,0.997718,logprobs,Alibaba
10204,-23,69,0,0,1,0.593303,0.998819,logprobs,Alibaba
10205,-23,71,0,0,1,0.501131,0.998321,logprobs,Alibaba
10206,-23,73,0,0,0,0.246036,0.99834,logprobs,Alibaba
10207,-23,75,0,0,0,0.295578,0.998524,logprobs,Alibaba
10208,-23,77,0,0,1,0.624844,0.998726,logprobs,Alibaba
10209,-23,79,0,0,0,0.378545,0.998258,logprobs,Alibaba
10210,-23,81,0,0,0,0.29479,0.998534,logprobs,Alibaba
10211,-23,83,0,0,0,0.202254,0.99871,logprobs,Alibaba
10212,-23,85,0,0,1,0.755403,0.998982,logprobs,Alibaba
10213,-23,87,0,0,1,0.562901,0.998885,logprobs,Alibaba
10214,-23,89,0,0,0,0.245658,0.998252,logprobs,Alibaba
10215,-23,91,0,0,0,0.148392,0.999237,logprobs,Alibaba
10216,-23,93,0,0,0,0.246137,0.99784,logprobs,Alibaba
10217,-23,95,0,0,0,0.029454,0.999438,logprobs,Alibaba
10218,-23,97,0,0,0,0.24646,0.99892,logprobs,Alibaba
10219,-23,99,0,0,1,0.957954,0.999686,logprobs,Alibaba
10220,-23,101,0,0,1,0.867301,0.999501,logprobs,Alibaba
10221,-23,103,0,0,1,0.534069,0.997708,logprobs,Alibaba
10222,-23,105,0,0,0,0.134213,0.997877,logprobs,Alibaba
10223,-23,107,0,0,1,0.622942,0.998877,logprobs,Alibaba
10224,-23,109,0,0,0,0.133532,0.998792,logprobs,Alibaba
10225,-23,111,0,0,0,0.379774,0.998829,logprobs,Alibaba
10226,-23,113,0,0,0,0.323176,0.999195,logprobs,Alibaba
10227,-23,115,1,1,1,0.59385,0.998658,logprobs,Alibaba
10228,-23,117,1,1,1,0.89354,0.999534,logprobs,Alibaba
10229,-23,119,1,1,1,0.904714,0.999518,logprobs,Alibaba
10230,-23,121,1,1,1,0.798701,0.999359,logprobs,Alibaba
10231,-23,123,1,1,0,0.047859,0.999361,logprobs,Alibaba
10232,-23,125,1,1,0,0.120087,0.996585,logprobs,Alibaba
10233,-23,127,1,1,0,0.029404,0.999366,logprobs,Alibaba
10234,-23,129,1,1,1,0.623021,0.998961,logprobs,Alibaba
10235,-23,131,1,1,1,0.915031,0.99954,logprobs,Alibaba
10236,-23,133,1,1,1,0.970741,0.999655,logprobs,Alibaba
10237,-23,135,1,1,1,0.946678,0.999561,logprobs,Alibaba
10238,-23,137,1,1,1,0.73221,0.999299,logprobs,Alibaba
10239,-23,139,1,1,0,0.245437,0.99928,logprobs,Alibaba
10240,-23,141,1,1,1,0.88101,0.999559,logprobs,Alibaba
10241,-23,143,1,1,1,0.65184,0.999153,logprobs,Alibaba
10242,-23,145,1,1,1,0.835941,0.999289,logprobs,Alibaba
10243,-23,147,1,1,1,0.974056,0.999743,logprobs,Alibaba
10244,-23,149,1,1,1,0.867483,0.999308,logprobs,Alibaba
10245,-23,151,0,0,0,0.438463,0.999084,logprobs,Alibaba
10246,-23,153,0,0,0,0.148879,0.999153,logprobs,Alibaba
10247,-23,155,0,0,0,0.037462,0.999413,logprobs,Alibaba
10248,-23,157,0,0,0,0.037485,0.999168,logprobs,Alibaba
10249,-23,159,0,0,0,0.037618,0.999243,logprobs,Alibaba
10250,-23,161,0,0,0,0.042243,0.999666,logprobs,Alibaba
10251,-23,163,0,0,0,0.095774,0.999331,logprobs,Alibaba
10252,-23,165,0,0,0,0.029441,0.999345,logprobs,Alibaba
10253,-23,167,0,0,0,0.047643,0.99944,logprobs,Alibaba
10254,-23,169,0,0,0,0.042282,0.99936,logprobs,Alibaba
10255,-23,171,0,0,0,0.03326,0.999454,logprobs,Alibaba
10256,-23,173,0,0,0,0.01815,0.999179,logprobs,Alibaba
10257,-23,175,0,0,0,0.047561,0.999359,logprobs,Alibaba
10258,-23,177,0,0,0,0.023049,0.999268,logprobs,Alibaba
10259,-23,179,0,0,0,0.0375,0.999224,logprobs,Alibaba
10260,-25,-179,0,0,0,0.047514,0.999297,logprobs,Alibaba
10261,-25,-177,0,0,0,0.029386,0.998893,logprobs,Alibaba
10262,-25,-175,0,0,0,0.008689,0.999566,logprobs,Alibaba
10263,-25,-173,0,0,0,0.015948,0.999275,logprobs,Alibaba
10264,-25,-171,0,0,0,0.015965,0.999311,logprobs,Alibaba
10265,-25,-169,0,0,0,0.026207,0.998601,logprobs,Alibaba
10266,-25,-167,0,0,0,0.014122,0.999184,logprobs,Alibaba
10267,-25,-165,0,0,0,0.009743,0.99956,logprobs,Alibaba
10268,-25,-163,0,0,0,0.014102,0.999541,logprobs,Alibaba
10269,-25,-161,0,0,0,0.012529,0.999439,logprobs,Alibaba
10270,-25,-159,0,0,0,0.020523,0.99845,logprobs,Alibaba
10271,-25,-157,0,0,0,0.01102,0.999444,logprobs,Alibaba
10272,-25,-155,0,0,0,0.011044,0.999428,logprobs,Alibaba
10273,-25,-153,0,0,0,0.009751,0.999287,logprobs,Alibaba
10274,-25,-151,0,0,0,0.005981,0.999397,logprobs,Alibaba
10275,-25,-149,0,0,0,0.03766,0.997931,logprobs,Alibaba
10276,-25,-147,0,0,0,0.18404,0.99108,logprobs,Alibaba
10277,-25,-145,0,0,0,0.005966,0.99939,logprobs,Alibaba
10278,-25,-143,0,0,0,0.018082,0.999163,logprobs,Alibaba
10279,-25,-141,0,0,0,0.008625,0.999323,logprobs,Alibaba
10280,-25,-139,0,0,0,0.014119,0.999522,logprobs,Alibaba
10281,-25,-137,0,0,0,0.029492,0.996805,logprobs,Alibaba
10282,-25,-135,0,0,0,0.053661,0.99385,logprobs,Alibaba
10283,-25,-133,0,0,0,0.003624,0.999538,logprobs,Alibaba
10284,-25,-131,0,0,0,0.009806,0.999417,logprobs,Alibaba
10285,-25,-129,0,0,0,0.011049,0.999475,logprobs,Alibaba
10286,-25,-127,0,0,0,0.012472,0.99913,logprobs,Alibaba
10287,-25,-125,0,0,0,0.009778,0.99912,logprobs,Alibaba
10288,-25,-123,0,0,0,0.020464,0.998775,logprobs,Alibaba
10289,-25,-121,0,0,0,0.060232,0.996864,logprobs,Alibaba
10290,-25,-119,0,0,0,0.408674,0.996439,logprobs,Alibaba
10291,-25,-117,0,0,0,0.32164,0.983247,logprobs,Alibaba
10292,-25,-115,0,0,1,0.594006,0.991579,logprobs,Alibaba
10293,-25,-113,0,0,0,0.438627,0.997261,logprobs,Alibaba
10294,-25,-111,0,0,1,0.531853,0.998767,logprobs,Alibaba
10295,-25,-109,0,0,0,0.076257,0.998249,logprobs,Alibaba
10296,-25,-107,0,0,1,0.924213,0.999353,logprobs,Alibaba
10297,-25,-105,0,0,0,0.408738,0.995617,logprobs,Alibaba
10298,-25,-103,0,0,1,0.979702,0.999692,logprobs,Alibaba
10299,-25,-101,0,0,1,0.987576,0.99975,logprobs,Alibaba
10300,-25,-99,0,0,1,0.957954,0.999686,logprobs,Alibaba
10301,-25,-97,0,0,1,0.531953,0.998918,logprobs,Alibaba
10302,-25,-95,0,0,0,0.269252,0.999043,logprobs,Alibaba
10303,-25,-93,0,0,0,0.133146,0.999049,logprobs,Alibaba
10304,-25,-91,0,0,0,0.03324,0.999472,logprobs,Alibaba
10305,-25,-89,0,0,0,0.011046,0.999436,logprobs,Alibaba
10306,-25,-87,0,0,0,0.202385,0.998915,logprobs,Alibaba
10307,-25,-85,0,0,0,0.148355,0.997187,logprobs,Alibaba
10308,-25,-83,0,0,0,0.182955,0.998,logprobs,Alibaba
10309,-25,-81,0,0,0,0.148371,0.998675,logprobs,Alibaba
10310,-25,-79,0,0,0,0.269308,0.99685,logprobs,Alibaba
10311,-25,-77,0,0,1,0.563086,0.996717,logprobs,Alibaba
10312,-25,-75,0,0,1,0.817674,0.999248,logprobs,Alibaba
10313,-25,-73,0,0,1,0.500206,0.994886,logprobs,Alibaba
10314,-25,-71,0,0,1,0.622813,0.997168,logprobs,Alibaba
10315,-25,-69,1,1,1,0.958012,0.999526,logprobs,Alibaba
10316,-25,-67,1,1,1,0.89368,0.999094,logprobs,Alibaba
10317,-25,-65,1,1,1,0.979694,0.999669,logprobs,Alibaba
10318,-25,-63,1,1,1,0.90481,0.999333,logprobs,Alibaba
10319,-25,-61,1,1,1,0.835609,0.999414,logprobs,Alibaba
10320,-25,-59,1,1,1,0.904779,0.9996,logprobs,Alibaba
10321,-25,-57,1,1,1,0.95271,0.999642,logprobs,Alibaba
10322,-25,-55,1,1,1,0.904738,0.999558,logprobs,Alibaba
10323,-25,-53,1,1,1,0.904714,0.999595,logprobs,Alibaba
10324,-25,-51,1,1,1,0.932524,0.999653,logprobs,Alibaba
10325,-25,-49,1,1,1,0.966974,0.999709,logprobs,Alibaba
10326,-25,-47,0,0,1,0.966942,0.999711,logprobs,Alibaba
10327,-25,-45,0,0,1,0.777509,0.999145,logprobs,Alibaba
10328,-25,-43,0,0,1,0.500648,0.998227,logprobs,Alibaba
10329,-25,-41,0,0,0,0.469303,0.996243,logprobs,Alibaba
10330,-25,-39,0,0,1,0.531927,0.993035,logprobs,Alibaba
10331,-25,-37,0,0,0,0.223123,0.99553,logprobs,Alibaba
10332,-25,-35,0,0,0,0.182923,0.98594,logprobs,Alibaba
10333,-25,-33,0,0,1,0.706268,0.996864,logprobs,Alibaba
10334,-25,-31,0,0,0,0.407854,0.994052,logprobs,Alibaba
10335,-25,-29,0,0,1,0.563903,0.995275,logprobs,Alibaba
10336,-25,-27,0,0,1,0.706091,0.997485,logprobs,Alibaba
10337,-25,-25,0,0,1,0.777623,0.999173,logprobs,Alibaba
10338,-25,-23,0,0,1,0.817964,0.99909,logprobs,Alibaba
10339,-25,-21,0,0,1,0.904831,0.999418,logprobs,Alibaba
10340,-25,-19,0,0,1,0.946702,0.999574,logprobs,Alibaba
10341,-25,-17,0,0,1,0.852259,0.999424,logprobs,Alibaba
10342,-25,-15,0,0,1,0.904766,0.999317,logprobs,Alibaba
10343,-25,-13,0,0,0,0.348973,0.970986,logprobs,Alibaba
10344,-25,-11,0,0,0,0.182891,0.971768,logprobs,Alibaba
10345,-25,-9,0,0,0,0.469971,0.969459,logprobs,Alibaba
10346,-25,-7,0,0,0,0.322653,0.956847,logprobs,Alibaba
10347,-25,-5,0,0,0,0.439651,0.997586,logprobs,Alibaba
10348,-25,-3,0,0,1,0.86712,0.9994,logprobs,Alibaba
10349,-25,-1,0,0,1,0.835957,0.999236,logprobs,Alibaba
10350,-25,1,0,0,1,0.83566,0.999616,logprobs,Alibaba
10351,-25,3,0,0,1,0.893541,0.999338,logprobs,Alibaba
10352,-25,5,0,0,1,0.86722,0.999413,logprobs,Alibaba
10353,-25,7,0,0,1,0.904811,0.999403,logprobs,Alibaba
10354,-25,9,0,0,1,0.932509,0.999455,logprobs,Alibaba
10355,-25,11,0,0,1,0.881067,0.999457,logprobs,Alibaba
10356,-25,13,0,0,1,0.946704,0.99954,logprobs,Alibaba
10357,-25,15,1,1,1,0.924288,0.999466,logprobs,Alibaba
10358,-25,17,1,1,1,0.946655,0.999568,logprobs,Alibaba
10359,-25,19,1,1,1,0.977076,0.999608,logprobs,Alibaba
10360,-25,21,1,1,1,0.977055,0.999636,logprobs,Alibaba
10361,-25,23,1,1,1,0.977045,0.999648,logprobs,Alibaba
10362,-25,25,1,1,1,0.974055,0.999631,logprobs,Alibaba
10363,-25,27,1,1,1,0.989019,0.999759,logprobs,Alibaba
10364,-25,29,1,1,1,0.992438,0.999803,logprobs,Alibaba
10365,-25,31,1,1,1,0.990301,0.999812,logprobs,Alibaba
10366,-25,33,1,1,1,0.962699,0.999659,logprobs,Alibaba
10367,-25,35,0,0,1,0.977042,0.999692,logprobs,Alibaba
10368,-25,37,0,0,1,0.946655,0.999622,logprobs,Alibaba
10369,-25,39,0,0,1,0.755459,0.998541,logprobs,Alibaba
10370,-25,41,0,0,1,0.852087,0.999235,logprobs,Alibaba
10371,-25,43,0,0,0,0.43846,0.998565,logprobs,Alibaba
10372,-25,45,1,1,0,0.378041,0.998706,logprobs,Alibaba
10373,-25,47,1,1,1,0.563008,0.998726,logprobs,Alibaba
10374,-25,49,0,0,1,0.563436,0.998841,logprobs,Alibaba
10375,-25,51,0,0,1,0.852111,0.999488,logprobs,Alibaba
10376,-25,53,0,0,1,0.622906,0.998902,logprobs,Alibaba
10377,-25,55,0,0,0,0.322114,0.999026,logprobs,Alibaba
10378,-25,57,0,0,1,0.835744,0.999262,logprobs,Alibaba
10379,-25,59,0,0,1,0.798459,0.999202,logprobs,Alibaba
10380,-25,61,0,0,0,0.148549,0.998594,logprobs,Alibaba
10381,-25,63,0,0,0,0.246088,0.997045,logprobs,Alibaba
10382,-25,65,0,0,1,0.852253,0.999191,logprobs,Alibaba
10383,-25,67,0,0,1,0.593877,0.998836,logprobs,Alibaba
10384,-25,69,0,0,1,0.777555,0.999015,logprobs,Alibaba
10385,-25,71,0,0,0,0.246408,0.998518,logprobs,Alibaba
10386,-25,73,0,0,0,0.378229,0.998598,logprobs,Alibaba
10387,-25,75,0,0,0,0.24582,0.997021,logprobs,Alibaba
10388,-25,77,0,0,0,0.378115,0.997444,logprobs,Alibaba
10389,-25,79,0,0,0,0.182845,0.99875,logprobs,Alibaba
10390,-25,81,0,0,0,0.165678,0.998161,logprobs,Alibaba
10391,-25,83,0,0,0,0.295279,0.997661,logprobs,Alibaba
10392,-25,85,0,0,1,0.680232,0.998776,logprobs,Alibaba
10393,-25,87,0,0,0,0.439084,0.9977,logprobs,Alibaba
10394,-25,89,0,0,0,0.13363,0.998008,logprobs,Alibaba
10395,-25,91,0,0,0,0.067764,0.999223,logprobs,Alibaba
10396,-25,93,0,0,0,0.042259,0.99863,logprobs,Alibaba
10397,-25,95,0,0,0,0.011042,0.99883,logprobs,Alibaba
10398,-25,97,0,0,0,0.202312,0.999135,logprobs,Alibaba
10399,-25,99,0,0,1,0.79843,0.999199,logprobs,Alibaba
10400,-25,101,0,0,1,0.679582,0.999288,logprobs,Alibaba
10401,-25,103,0,0,1,0.623091,0.998858,logprobs,Alibaba
10402,-25,105,0,0,0,0.223574,0.998623,logprobs,Alibaba
10403,-25,107,0,0,0,0.225394,0.997995,logprobs,Alibaba
10404,-25,109,0,0,0,0.202457,0.998766,logprobs,Alibaba
10405,-25,111,0,0,0,0.203174,0.998738,logprobs,Alibaba
10406,-25,113,0,0,1,0.500816,0.999225,logprobs,Alibaba
10407,-25,115,1,1,1,0.501083,0.998783,logprobs,Alibaba
10408,-25,117,1,1,1,0.88102,0.999538,logprobs,Alibaba
10409,-25,119,1,1,1,0.940063,0.999573,logprobs,Alibaba
10410,-25,121,1,1,1,0.881015,0.999521,logprobs,Alibaba
10411,-25,123,1,1,1,0.679678,0.99946,logprobs,Alibaba
10412,-25,125,1,1,1,0.679928,0.999418,logprobs,Alibaba
10413,-25,127,1,1,1,0.5634,0.99923,logprobs,Alibaba
10414,-25,129,1,1,1,0.893685,0.999646,logprobs,Alibaba
10415,-25,131,1,1,1,0.958033,0.999547,logprobs,Alibaba
10416,-25,133,1,1,1,0.991453,0.999785,logprobs,Alibaba
10417,-25,135,1,1,1,0.97073,0.999686,logprobs,Alibaba
10418,-25,137,1,1,1,0.894002,0.999485,logprobs,Alibaba
10419,-25,139,1,1,1,0.836268,0.999225,logprobs,Alibaba
10420,-25,141,1,1,1,0.924358,0.999262,logprobs,Alibaba
10421,-25,143,1,1,1,0.924418,0.999576,logprobs,Alibaba
10422,-25,145,1,1,1,0.9526,0.999602,logprobs,Alibaba
10423,-25,147,1,1,1,0.977037,0.999791,logprobs,Alibaba
10424,-25,149,1,1,1,0.946669,0.999623,logprobs,Alibaba
10425,-25,151,1,1,1,0.679574,0.999168,logprobs,Alibaba
10426,-25,153,0,0,0,0.269949,0.999174,logprobs,Alibaba
10427,-25,155,0,0,0,0.119809,0.998932,logprobs,Alibaba
10428,-25,157,0,0,0,0.033256,0.999063,logprobs,Alibaba
10429,-25,159,0,0,0,0.060416,0.99885,logprobs,Alibaba
10430,-25,161,0,0,0,0.023213,0.999561,logprobs,Alibaba
10431,-25,163,0,0,0,0.067694,0.999156,logprobs,Alibaba
10432,-25,165,0,0,0,0.020455,0.999326,logprobs,Alibaba
10433,-25,167,0,0,0,0.042282,0.999272,logprobs,Alibaba
10434,-25,169,0,0,0,0.047665,0.998628,logprobs,Alibaba
10435,-25,171,0,0,0,0.018058,0.999477,logprobs,Alibaba
10436,-25,173,0,0,0,0.011007,0.999735,logprobs,Alibaba
10437,-25,175,0,0,0,0.020495,0.999141,logprobs,Alibaba
10438,-25,177,0,0,0,0.020392,0.999338,logprobs,Alibaba
10439,-25,179,0,0,0,0.067713,0.999223,logprobs,Alibaba
10440,-27,-179,0,0,0,0.023047,0.999245,logprobs,Alibaba
10441,-27,-177,0,0,0,0.018092,0.999408,logprobs,Alibaba
10442,-27,-175,0,0,0,0.005949,0.999631,logprobs,Alibaba
10443,-27,-173,0,0,0,0.011054,0.999354,logprobs,Alibaba
10444,-27,-171,0,0,0,0.009782,0.999539,logprobs,Alibaba
10445,-27,-169,0,0,0,0.016073,0.998624,logprobs,Alibaba
10446,-27,-167,0,0,0,0.011097,0.999342,logprobs,Alibaba
10447,-27,-165,0,0,0,0.014183,0.998878,logprobs,Alibaba
10448,-27,-163,0,0,0,0.008703,0.999339,logprobs,Alibaba
10449,-27,-161,0,0,0,0.00977,0.999467,logprobs,Alibaba
10450,-27,-159,0,0,0,0.026129,0.998931,logprobs,Alibaba
10451,-27,-157,0,0,0,0.016016,0.999235,logprobs,Alibaba
10452,-27,-155,0,0,0,0.009736,0.999493,logprobs,Alibaba
10453,-27,-153,0,0,0,0.018074,0.99745,logprobs,Alibaba
10454,-27,-151,0,0,0,0.007624,0.998937,logprobs,Alibaba
10455,-27,-149,0,0,0,0.067783,0.995067,logprobs,Alibaba
10456,-27,-147,0,0,0,0.07621,0.998302,logprobs,Alibaba
10457,-27,-145,0,0,0,0.003615,0.999727,logprobs,Alibaba
10458,-27,-143,0,0,0,0.002834,0.999567,logprobs,Alibaba
10459,-27,-141,0,0,0,0.006728,0.99956,logprobs,Alibaba
10460,-27,-139,0,0,0,0.009791,0.999596,logprobs,Alibaba
10461,-27,-137,0,0,0,0.018232,0.998262,logprobs,Alibaba
10462,-27,-135,0,0,0,0.004066,0.9996,logprobs,Alibaba
10463,-27,-133,0,0,0,0.003198,0.999598,logprobs,Alibaba
10464,-27,-131,0,0,0,0.016086,0.998947,logprobs,Alibaba
10465,-27,-129,0,0,0,0.008688,0.999472,logprobs,Alibaba
10466,-27,-127,0,0,0,0.004629,0.999727,logprobs,Alibaba
10467,-27,-125,0,0,0,0.002468,0.999769,logprobs,Alibaba
10468,-27,-123,0,0,0,0.004101,0.999438,logprobs,Alibaba
10469,-27,-121,0,0,0,0.182656,0.974791,logprobs,Alibaba
10470,-27,-119,0,0,1,0.622679,0.997857,logprobs,Alibaba
10471,-27,-117,0,0,0,0.408298,0.993891,logprobs,Alibaba
10472,-27,-115,0,0,1,0.500361,0.987436,logprobs,Alibaba
10473,-27,-113,0,0,0,0.068079,0.998081,logprobs,Alibaba
10474,-27,-111,0,0,0,0.202459,0.996963,logprobs,Alibaba
10475,-27,-109,0,0,0,0.042323,0.999041,logprobs,Alibaba
10476,-27,-107,0,0,1,0.924237,0.99929,logprobs,Alibaba
10477,-27,-105,0,0,1,0.867431,0.999164,logprobs,Alibaba
10478,-27,-103,0,0,1,0.95796,0.999544,logprobs,Alibaba
10479,-27,-101,0,0,1,0.979682,0.999759,logprobs,Alibaba
10480,-27,-99,0,0,1,0.939994,0.999639,logprobs,Alibaba
10481,-27,-97,0,0,1,0.531731,0.999003,logprobs,Alibaba
10482,-27,-95,0,0,0,0.060332,0.998738,logprobs,Alibaba
10483,-27,-93,0,0,0,0.012603,0.999631,logprobs,Alibaba
10484,-27,-91,0,0,0,0.012542,0.999677,logprobs,Alibaba
10485,-27,-89,0,0,0,0.007612,0.999536,logprobs,Alibaba
10486,-27,-87,0,0,0,0.018122,0.99912,logprobs,Alibaba
10487,-27,-85,0,0,0,0.033244,0.997903,logprobs,Alibaba
10488,-27,-83,0,0,0,0.011032,0.999518,logprobs,Alibaba
10489,-27,-81,0,0,1,0.593212,0.998959,logprobs,Alibaba
10490,-27,-79,0,0,1,0.500248,0.996469,logprobs,Alibaba
10491,-27,-77,0,0,1,0.562692,0.996274,logprobs,Alibaba
10492,-27,-75,0,0,0,0.438514,0.984112,logprobs,Alibaba
10493,-27,-73,0,0,0,0.223588,0.993124,logprobs,Alibaba
10494,-27,-71,0,0,0,0.085404,0.997221,logprobs,Alibaba
10495,-27,-69,1,1,1,0.952652,0.999643,logprobs,Alibaba
10496,-27,-67,1,1,1,0.893446,0.999359,logprobs,Alibaba
10497,-27,-65,1,1,1,0.966962,0.999679,logprobs,Alibaba
10498,-27,-63,1,1,1,0.881001,0.999442,logprobs,Alibaba
10499,-27,-61,1,1,1,0.679714,0.999033,logprobs,Alibaba
10500,-27,-59,1,1,1,0.893473,0.999451,logprobs,Alibaba
10501,-27,-57,1,1,1,0.893605,0.99939,logprobs,Alibaba
10502,-27,-55,1,1,1,0.932486,0.999653,logprobs,Alibaba
10503,-27,-53,1,1,1,0.93997,0.99955,logprobs,Alibaba
10504,-27,-51,1,1,1,0.982016,0.99978,logprobs,Alibaba
10505,-27,-49,1,1,1,0.932605,0.99946,logprobs,Alibaba
10506,-27,-47,0,0,1,0.817742,0.999339,logprobs,Alibaba
10507,-27,-45,0,0,0,0.407851,0.994631,logprobs,Alibaba
10508,-27,-43,0,0,1,0.531973,0.994931,logprobs,Alibaba
10509,-27,-41,0,0,1,0.706169,0.998508,logprobs,Alibaba
10510,-27,-39,0,0,0,0.378243,0.996355,logprobs,Alibaba
10511,-27,-37,0,0,0,0.047784,0.995369,logprobs,Alibaba
10512,-27,-35,0,0,0,0.148549,0.987106,logprobs,Alibaba
10513,-27,-33,0,0,0,0.469295,0.99042,logprobs,Alibaba
10514,-27,-31,0,0,0,0.164942,0.992856,logprobs,Alibaba
10515,-27,-29,0,0,0,0.379083,0.996881,logprobs,Alibaba
10516,-27,-27,0,0,0,0.408243,0.990648,logprobs,Alibaba
10517,-27,-25,0,0,1,0.777614,0.998964,logprobs,Alibaba
10518,-27,-23,0,0,1,0.893467,0.999365,logprobs,Alibaba
10519,-27,-21,0,0,1,0.880853,0.999334,logprobs,Alibaba
10520,-27,-19,0,0,1,0.90476,0.999428,logprobs,Alibaba
10521,-27,-17,0,0,1,0.880864,0.999517,logprobs,Alibaba
10522,-27,-15,0,0,0,0.349447,0.979563,logprobs,Alibaba
10523,-27,-13,0,0,0,0.182766,0.98027,logprobs,Alibaba
10524,-27,-11,0,0,0,0.321343,0.991354,logprobs,Alibaba
10525,-27,-9,0,0,1,0.533209,0.984778,logprobs,Alibaba
10526,-27,-7,0,0,0,0.269716,0.954032,logprobs,Alibaba
10527,-27,-5,0,0,1,0.623269,0.994148,logprobs,Alibaba
10528,-27,-3,0,0,1,0.817975,0.999353,logprobs,Alibaba
10529,-27,-1,0,0,1,0.777494,0.999018,logprobs,Alibaba
10530,-27,1,0,0,1,0.835962,0.999401,logprobs,Alibaba
10531,-27,3,0,0,1,0.89345,0.999623,logprobs,Alibaba
10532,-27,5,0,0,1,0.835566,0.999458,logprobs,Alibaba
10533,-27,7,0,0,1,0.867165,0.999368,logprobs,Alibaba
10534,-27,9,0,0,1,0.904774,0.999525,logprobs,Alibaba
10535,-27,11,0,0,1,0.904852,0.999381,logprobs,Alibaba
10536,-27,13,0,0,1,0.939996,0.999544,logprobs,Alibaba
10537,-27,15,0,0,1,0.915113,0.99936,logprobs,Alibaba
10538,-27,17,1,1,1,0.932524,0.999387,logprobs,Alibaba
10539,-27,19,1,1,1,0.974053,0.999717,logprobs,Alibaba
10540,-27,21,1,1,1,0.979697,0.999686,logprobs,Alibaba
10541,-27,23,1,1,1,0.974116,0.999609,logprobs,Alibaba
10542,-27,25,1,1,1,0.984104,0.999725,logprobs,Alibaba
10543,-27,27,1,1,1,0.970699,0.999672,logprobs,Alibaba
10544,-27,29,1,1,1,0.982043,0.99974,logprobs,Alibaba
10545,-27,31,1,1,1,0.987581,0.999791,logprobs,Alibaba
10546,-27,33,0,0,1,0.946641,0.999572,logprobs,Alibaba
10547,-27,35,0,0,1,0.977035,0.999693,logprobs,Alibaba
10548,-27,37,0,0,1,0.952599,0.999678,logprobs,Alibaba
10549,-27,39,0,0,1,0.881017,0.999153,logprobs,Alibaba
10550,-27,41,0,0,0,0.469524,0.996798,logprobs,Alibaba
10551,-27,43,0,0,0,0.294819,0.998245,logprobs,Alibaba
10552,-27,45,0,0,0,0.148654,0.99701,logprobs,Alibaba
10553,-27,47,0,0,1,0.623521,0.998901,logprobs,Alibaba
10554,-27,49,0,0,1,0.53151,0.993735,logprobs,Alibaba
10555,-27,51,0,0,1,0.731525,0.99907,logprobs,Alibaba
10556,-27,53,0,0,0,0.438501,0.998366,logprobs,Alibaba
10557,-27,55,0,0,0,0.40769,0.99902,logprobs,Alibaba
10558,-27,57,0,0,1,0.562901,0.998786,logprobs,Alibaba
10559,-27,59,0,0,1,0.532088,0.998708,logprobs,Alibaba
10560,-27,61,0,0,0,0.047531,0.998642,logprobs,Alibaba
10561,-27,63,0,0,0,0.321352,0.996508,logprobs,Alibaba
10562,-27,65,0,0,1,0.893491,0.999348,logprobs,Alibaba
10563,-27,67,0,0,1,0.798741,0.999136,logprobs,Alibaba
10564,-27,69,0,0,1,0.90474,0.999406,logprobs,Alibaba
10565,-27,71,0,0,0,0.350554,0.997856,logprobs,Alibaba
10566,-27,73,0,0,1,0.593096,0.99865,logprobs,Alibaba
10567,-27,75,0,0,0,0.321351,0.99776,logprobs,Alibaba
10568,-27,77,0,0,1,0.651713,0.998816,logprobs,Alibaba
10569,-27,79,0,0,0,0.349547,0.998175,logprobs,Alibaba
10570,-27,81,0,0,0,0.18316,0.998815,logprobs,Alibaba
10571,-27,83,0,0,0,0.222991,0.998583,logprobs,Alibaba
10572,-27,85,0,0,1,0.904796,0.999483,logprobs,Alibaba
10573,-27,87,0,0,1,0.706149,0.999174,logprobs,Alibaba
10574,-27,89,0,0,0,0.076279,0.998806,logprobs,Alibaba
10575,-27,91,0,0,0,0.107478,0.999047,logprobs,Alibaba
10576,-27,93,0,0,0,0.018172,0.999572,logprobs,Alibaba
10577,-27,95,0,0,0,0.006728,0.999596,logprobs,Alibaba
10578,-27,97,0,0,0,0.223708,0.999046,logprobs,Alibaba
10579,-27,99,0,0,1,0.893371,0.999432,logprobs,Alibaba
10580,-27,101,0,0,1,0.881083,0.999559,logprobs,Alibaba
10581,-27,103,0,0,1,0.731546,0.999381,logprobs,Alibaba
10582,-27,105,0,0,0,0.438753,0.998521,logprobs,Alibaba
10583,-27,107,0,0,0,0.469616,0.998666,logprobs,Alibaba
10584,-27,109,0,0,0,0.068045,0.999175,logprobs,Alibaba
10585,-27,111,0,0,0,0.02314,0.998917,logprobs,Alibaba
10586,-27,113,0,0,1,0.501131,0.999235,logprobs,Alibaba
10587,-27,115,1,1,1,0.593631,0.999142,logprobs,Alibaba
10588,-27,117,1,1,1,0.93257,0.999603,logprobs,Alibaba
10589,-27,119,1,1,1,0.952615,0.999606,logprobs,Alibaba
10590,-27,121,1,1,1,0.977034,0.999709,logprobs,Alibaba
10591,-27,123,1,1,1,0.904713,0.99955,logprobs,Alibaba
10592,-27,125,1,1,1,0.56326,0.999332,logprobs,Alibaba
10593,-27,127,1,1,1,0.755191,0.999282,logprobs,Alibaba
10594,-27,129,1,1,1,0.679928,0.999446,logprobs,Alibaba
10595,-27,131,1,1,1,0.924386,0.999479,logprobs,Alibaba
10596,-27,133,1,1,1,0.982048,0.999773,logprobs,Alibaba
10597,-27,135,1,1,1,0.94002,0.999679,logprobs,Alibaba
10598,-27,137,1,1,1,0.904886,0.999463,logprobs,Alibaba
10599,-27,139,1,1,1,0.798445,0.999168,logprobs,Alibaba
10600,-27,141,1,1,1,0.836143,0.999133,logprobs,Alibaba
10601,-27,143,1,1,1,0.893468,0.999562,logprobs,Alibaba
10602,-27,145,1,1,1,0.905278,0.999573,logprobs,Alibaba
10603,-27,147,1,1,1,0.957941,0.999697,logprobs,Alibaba
10604,-27,149,1,1,1,0.979729,0.999743,logprobs,Alibaba
10605,-27,151,1,1,1,0.966961,0.999679,logprobs,Alibaba
10606,-27,153,1,1,1,0.731536,0.999317,logprobs,Alibaba
10607,-27,155,0,0,0,0.076137,0.996116,logprobs,Alibaba
10608,-27,157,0,0,0,0.067735,0.999313,logprobs,Alibaba
10609,-27,159,0,0,0,0.042194,0.999163,logprobs,Alibaba
10610,-27,161,0,0,0,0.02042,0.999277,logprobs,Alibaba
10611,-27,163,0,0,0,0.037543,0.999271,logprobs,Alibaba
10612,-27,165,0,0,0,0.015973,0.999284,logprobs,Alibaba
10613,-27,167,0,0,0,0.060534,0.999386,logprobs,Alibaba
10614,-27,169,0,0,0,0.009748,0.999323,logprobs,Alibaba
10615,-27,171,0,0,0,0.007608,0.999406,logprobs,Alibaba
10616,-27,173,0,0,0,0.018126,0.999414,logprobs,Alibaba
10617,-27,175,0,0,0,0.012511,0.999491,logprobs,Alibaba
10618,-27,177,0,0,0,0.033251,0.999516,logprobs,Alibaba
10619,-27,179,0,0,0,0.053647,0.998789,logprobs,Alibaba
10620,-29,-179,0,0,0,0.023122,0.999404,logprobs,Alibaba
10621,-29,-177,0,0,0,0.023193,0.999016,logprobs,Alibaba
10622,-29,-175,0,0,0,0.011052,0.99963,logprobs,Alibaba
10623,-29,-173,0,0,0,0.011043,0.99945,logprobs,Alibaba
10624,-29,-171,0,0,0,0.007609,0.999373,logprobs,Alibaba
10625,-29,-169,0,0,0,0.012507,0.999308,logprobs,Alibaba
10626,-29,-167,0,0,0,0.033304,0.99866,logprobs,Alibaba
10627,-29,-165,0,0,0,0.042313,0.999263,logprobs,Alibaba
10628,-29,-163,0,0,0,0.029561,0.999311,logprobs,Alibaba
10629,-29,-161,0,0,0,0.018055,0.999389,logprobs,Alibaba
10630,-29,-159,0,0,0,0.026082,0.999027,logprobs,Alibaba
10631,-29,-157,0,0,0,0.018061,0.998403,logprobs,Alibaba
10632,-29,-155,0,0,0,0.026091,0.998351,logprobs,Alibaba
10633,-29,-153,0,0,0,0.018071,0.99851,logprobs,Alibaba
10634,-29,-151,0,0,0,0.01602,0.997925,logprobs,Alibaba
10635,-29,-149,0,0,0,0.165055,0.992908,logprobs,Alibaba
10636,-29,-147,0,0,0,0.029459,0.99869,logprobs,Alibaba
10637,-29,-145,0,0,0,0.042458,0.997753,logprobs,Alibaba
10638,-29,-143,0,0,0,0.011054,0.999234,logprobs,Alibaba
10639,-29,-141,0,0,0,0.005946,0.999409,logprobs,Alibaba
10640,-29,-139,0,0,0,0.004653,0.999524,logprobs,Alibaba
10641,-29,-137,0,0,0,0.007572,0.99943,logprobs,Alibaba
10642,-29,-135,0,0,0,0.202642,0.997755,logprobs,Alibaba
10643,-29,-133,0,0,0,0.004634,0.999382,logprobs,Alibaba
10644,-29,-131,0,0,0,0.00525,0.99966,logprobs,Alibaba
10645,-29,-129,0,0,0,0.007648,0.999494,logprobs,Alibaba
10646,-29,-127,0,0,0,0.005942,0.999681,logprobs,Alibaba
10647,-29,-125,0,0,0,0.004103,0.999712,logprobs,Alibaba
10648,-29,-123,0,0,0,0.00595,0.999536,logprobs,Alibaba
10649,-29,-121,0,0,0,0.148554,0.991791,logprobs,Alibaba
10650,-29,-119,0,0,0,0.407731,0.989617,logprobs,Alibaba
10651,-29,-117,0,0,0,0.133693,0.991681,logprobs,Alibaba
10652,-29,-115,0,0,0,0.322415,0.978373,logprobs,Alibaba
10653,-29,-113,0,0,0,0.06785,0.99916,logprobs,Alibaba
10654,-29,-111,0,0,0,0.202384,0.998831,logprobs,Alibaba
10655,-29,-109,0,0,0,0.107222,0.998802,logprobs,Alibaba
10656,-29,-107,0,0,1,0.932536,0.999444,logprobs,Alibaba
10657,-29,-105,0,0,1,0.880995,0.999442,logprobs,Alibaba
10658,-29,-103,0,0,1,0.915113,0.999396,logprobs,Alibaba
10659,-29,-101,0,0,1,0.970726,0.999662,logprobs,Alibaba
10660,-29,-99,0,0,1,0.924198,0.999431,logprobs,Alibaba
10661,-29,-97,0,0,0,0.469534,0.999105,logprobs,Alibaba
10662,-29,-95,0,0,0,0.164946,0.999256,logprobs,Alibaba
10663,-29,-93,0,0,0,0.067797,0.999442,logprobs,Alibaba
10664,-29,-91,0,0,0,0.037708,0.99952,logprobs,Alibaba
10665,-29,-89,0,0,0,0.029384,0.999587,logprobs,Alibaba
10666,-29,-87,0,0,0,0.037483,0.999225,logprobs,Alibaba
10667,-29,-85,0,0,0,0.067868,0.999343,logprobs,Alibaba
10668,-29,-83,0,0,0,0.09562,0.999053,logprobs,Alibaba
10669,-29,-81,0,0,0,0.060444,0.998342,logprobs,Alibaba
10670,-29,-79,0,0,0,0.43833,0.991079,logprobs,Alibaba
10671,-29,-77,0,0,0,0.164889,0.994842,logprobs,Alibaba
10672,-29,-75,0,0,0,0.033168,0.998628,logprobs,Alibaba
10673,-29,-73,0,0,0,0.067789,0.999153,logprobs,Alibaba
10674,-29,-71,1,1,0,0.470173,0.997272,logprobs,Alibaba
10675,-29,-69,1,1,1,0.946752,0.999483,logprobs,Alibaba
10676,-29,-67,1,1,1,0.817895,0.999302,logprobs,Alibaba
10677,-29,-65,1,1,1,0.915142,0.99928,logprobs,Alibaba
10678,-29,-63,1,1,0,0.408056,0.999211,logprobs,Alibaba
10679,-29,-61,1,1,0,0.349664,0.999484,logprobs,Alibaba
10680,-29,-59,1,1,1,0.755306,0.999266,logprobs,Alibaba
10681,-29,-57,1,1,1,0.755316,0.999288,logprobs,Alibaba
10682,-29,-55,1,1,1,0.924221,0.999526,logprobs,Alibaba
10683,-29,-53,1,1,1,0.970704,0.999743,logprobs,Alibaba
10684,-29,-51,1,1,1,0.970703,0.999807,logprobs,Alibaba
10685,-29,-49,0,0,1,0.817742,0.999022,logprobs,Alibaba
10686,-29,-47,0,0,1,0.852039,0.999456,logprobs,Alibaba
10687,-29,-45,0,0,0,0.294536,0.992219,logprobs,Alibaba
10688,-29,-43,0,0,1,0.500445,0.996246,logprobs,Alibaba
10689,-29,-41,0,0,0,0.321546,0.988172,logprobs,Alibaba
10690,-29,-39,0,0,0,0.321595,0.988067,logprobs,Alibaba
10691,-29,-37,0,0,0,0.015977,0.996752,logprobs,Alibaba
10692,-29,-35,0,0,0,0.042418,0.998249,logprobs,Alibaba
10693,-29,-33,0,0,0,0.245565,0.990772,logprobs,Alibaba
10694,-29,-31,0,0,0,0.119879,0.995597,logprobs,Alibaba
10695,-29,-29,0,0,0,0.13338,0.995023,logprobs,Alibaba
10696,-29,-27,0,0,0,0.269381,0.995837,logprobs,Alibaba
10697,-29,-25,0,0,1,0.798524,0.99895,logprobs,Alibaba
10698,-29,-23,0,0,1,0.798562,0.999058,logprobs,Alibaba
10699,-29,-21,0,0,1,0.818156,0.998187,logprobs,Alibaba
10700,-29,-19,0,0,1,0.835815,0.999381,logprobs,Alibaba
10701,-29,-17,0,0,1,0.707087,0.997207,logprobs,Alibaba
10702,-29,-15,0,0,0,0.085496,0.991182,logprobs,Alibaba
10703,-29,-13,0,0,0,0.202499,0.992011,logprobs,Alibaba
10704,-29,-11,0,0,0,0.202748,0.972286,logprobs,Alibaba
10705,-29,-9,0,0,0,0.133546,0.973396,logprobs,Alibaba
10706,-29,-7,0,0,1,0.731342,0.977398,logprobs,Alibaba
10707,-29,-5,0,0,1,0.778227,0.998864,logprobs,Alibaba
10708,-29,-3,0,0,1,0.731599,0.999099,logprobs,Alibaba
10709,-29,-1,0,0,1,0.798388,0.999229,logprobs,Alibaba
10710,-29,1,0,0,1,0.731321,0.999335,logprobs,Alibaba
10711,-29,3,0,0,1,0.852084,0.999444,logprobs,Alibaba
10712,-29,5,0,0,1,0.777662,0.999284,logprobs,Alibaba
10713,-29,7,0,0,1,0.798457,0.999383,logprobs,Alibaba
10714,-29,9,0,0,1,0.532088,0.994539,logprobs,Alibaba
10715,-29,11,0,0,1,0.798569,0.99903,logprobs,Alibaba
10716,-29,13,0,0,1,0.85225,0.999355,logprobs,Alibaba
10717,-29,15,0,0,1,0.893469,0.99941,logprobs,Alibaba
10718,-29,17,1,1,1,0.932555,0.999655,logprobs,Alibaba
10719,-29,19,1,1,1,0.977028,0.999763,logprobs,Alibaba
10720,-29,21,1,1,1,0.979673,0.999603,logprobs,Alibaba
10721,-29,23,1,1,1,0.987583,0.999603,logprobs,Alibaba
10722,-29,25,1,1,1,0.985954,0.999777,logprobs,Alibaba
10723,-29,27,1,1,1,0.979685,0.999762,logprobs,Alibaba
10724,-29,29,1,1,1,0.962693,0.999651,logprobs,Alibaba
10725,-29,31,1,1,1,0.952625,0.999586,logprobs,Alibaba
10726,-29,33,0,0,1,0.81822,0.999314,logprobs,Alibaba
10727,-29,35,0,0,1,0.924186,0.999632,logprobs,Alibaba
10728,-29,37,0,0,1,0.867357,0.999229,logprobs,Alibaba
10729,-29,39,0,0,1,0.755622,0.998828,logprobs,Alibaba
10730,-29,41,0,0,0,0.322089,0.996567,logprobs,Alibaba
10731,-29,43,0,0,0,0.183024,0.995053,logprobs,Alibaba
10732,-29,45,0,0,0,0.245712,0.99569,logprobs,Alibaba
10733,-29,47,0,0,0,0.377934,0.997769,logprobs,Alibaba
10734,-29,49,0,0,0,0.438694,0.995808,logprobs,Alibaba
10735,-29,51,0,0,1,0.706356,0.999104,logprobs,Alibaba
10736,-29,53,0,0,0,0.438734,0.99872,logprobs,Alibaba
10737,-29,55,0,0,1,0.531681,0.998733,logprobs,Alibaba
10738,-29,57,0,0,0,0.246434,0.997852,logprobs,Alibaba
10739,-29,59,0,0,0,0.469234,0.998387,logprobs,Alibaba
10740,-29,61,0,0,0,0.060394,0.998889,logprobs,Alibaba
10741,-29,63,0,0,0,0.07677,0.998502,logprobs,Alibaba
10742,-29,65,0,0,1,0.777614,0.999249,logprobs,Alibaba
10743,-29,67,0,0,1,0.731374,0.999199,logprobs,Alibaba
10744,-29,69,0,0,1,0.755579,0.999133,logprobs,Alibaba
10745,-29,71,0,0,0,0.438742,0.998218,logprobs,Alibaba
10746,-29,73,0,0,0,0.095732,0.998327,logprobs,Alibaba
10747,-29,75,0,0,0,0.469855,0.998186,logprobs,Alibaba
10748,-29,77,0,0,0,0.469788,0.998912,logprobs,Alibaba
10749,-29,79,0,0,0,0.223486,0.997761,logprobs,Alibaba
10750,-29,81,0,0,0,0.295279,0.998221,logprobs,Alibaba
10751,-29,83,0,0,0,0.245535,0.998631,logprobs,Alibaba
10752,-29,85,0,0,0,0.245591,0.998619,logprobs,Alibaba
10753,-29,87,0,0,0,0.149592,0.997664,logprobs,Alibaba
10754,-29,89,0,0,0,0.047579,0.998921,logprobs,Alibaba
10755,-29,91,0,0,1,0.531626,0.998674,logprobs,Alibaba
10756,-29,93,0,0,0,0.068096,0.999122,logprobs,Alibaba
10757,-29,95,0,0,0,0.018057,0.999423,logprobs,Alibaba
10758,-29,97,0,0,0,0.119889,0.998523,logprobs,Alibaba
10759,-29,99,0,0,1,0.679487,0.999154,logprobs,Alibaba
10760,-29,101,0,0,1,0.835733,0.999134,logprobs,Alibaba
10761,-29,103,0,0,0,0.294662,0.99834,logprobs,Alibaba
10762,-29,105,0,0,0,0.295283,0.995033,logprobs,Alibaba
10763,-29,107,0,0,0,0.148494,0.992001,logprobs,Alibaba
10764,-29,109,0,0,0,0.037536,0.999361,logprobs,Alibaba
10765,-29,111,0,0,0,0.033557,0.999019,logprobs,Alibaba
10766,-29,113,0,0,0,0.224819,0.996409,logprobs,Alibaba
10767,-29,115,1,1,1,0.680122,0.997232,logprobs,Alibaba
10768,-29,117,1,1,1,0.962711,0.999599,logprobs,Alibaba
10769,-29,119,1,1,1,0.904835,0.999657,logprobs,Alibaba
10770,-29,121,1,1,1,0.867316,0.999465,logprobs,Alibaba
10771,-29,123,1,1,1,0.77763,0.999412,logprobs,Alibaba
10772,-29,125,1,1,1,0.799106,0.999362,logprobs,Alibaba
10773,-29,127,1,1,1,0.623934,0.999315,logprobs,Alibaba
10774,-29,129,1,1,1,0.593185,0.999326,logprobs,Alibaba
10775,-29,131,1,1,1,0.732124,0.999302,logprobs,Alibaba
10776,-29,133,1,1,1,0.977101,0.999808,logprobs,Alibaba
10777,-29,135,1,1,1,0.932728,0.999643,logprobs,Alibaba
10778,-29,137,1,0,1,0.755791,0.999354,logprobs,Alibaba
10779,-29,139,1,1,1,0.915068,0.999523,logprobs,Alibaba
10780,-29,141,1,1,1,0.904809,0.999566,logprobs,Alibaba
10781,-29,143,1,1,1,0.852186,0.999405,logprobs,Alibaba
10782,-29,145,1,1,1,0.915089,0.999528,logprobs,Alibaba
10783,-29,147,1,1,1,0.915063,0.999481,logprobs,Alibaba
10784,-29,149,1,1,1,0.946704,0.999627,logprobs,Alibaba
10785,-29,151,1,1,1,0.97969,0.999705,logprobs,Alibaba
10786,-29,153,1,1,1,0.593559,0.99876,logprobs,Alibaba
10787,-29,155,0,0,0,0.378233,0.996808,logprobs,Alibaba
10788,-29,157,0,0,0,0.067783,0.999275,logprobs,Alibaba
10789,-29,159,0,0,0,0.047705,0.999539,logprobs,Alibaba
10790,-29,161,0,0,0,0.047705,0.999529,logprobs,Alibaba
10791,-29,163,0,0,0,0.085534,0.999525,logprobs,Alibaba
10792,-29,165,0,0,0,0.047697,0.99917,logprobs,Alibaba
10793,-29,167,0,0,0,0.060579,0.999236,logprobs,Alibaba
10794,-29,169,0,0,0,0.016023,0.999104,logprobs,Alibaba
10795,-29,171,0,0,0,0.438377,0.998514,logprobs,Alibaba
10796,-29,173,0,0,0,0.060402,0.999257,logprobs,Alibaba
10797,-29,175,0,0,0,0.053618,0.998797,logprobs,Alibaba
10798,-29,177,0,0,0,0.020387,0.998852,logprobs,Alibaba
10799,-29,179,0,0,0,0.060358,0.999167,logprobs,Alibaba
10800,-31,-179,0,0,0,0.023082,0.999556,logprobs,Alibaba
10801,-31,-177,0,0,0,0.007642,0.999618,logprobs,Alibaba
10802,-31,-175,0,0,0,0.008622,0.999413,logprobs,Alibaba
10803,-31,-173,0,0,0,0.006752,0.999496,logprobs,Alibaba
10804,-31,-171,0,0,0,0.006724,0.999639,logprobs,Alibaba
10805,-31,-169,0,0,0,0.020382,0.999271,logprobs,Alibaba
10806,-31,-167,0,0,0,0.037522,0.999081,logprobs,Alibaba
10807,-31,-165,0,0,0,0.026052,0.999237,logprobs,Alibaba
10808,-31,-163,0,0,0,0.01596,0.999439,logprobs,Alibaba
10809,-31,-161,0,0,0,0.012517,0.99947,logprobs,Alibaba
10810,-31,-159,0,0,0,0.008617,0.999385,logprobs,Alibaba
10811,-31,-157,0,0,0,0.020412,0.999182,logprobs,Alibaba
10812,-31,-155,0,0,0,0.011043,0.999355,logprobs,Alibaba
10813,-31,-153,0,0,0,0.023035,0.999182,logprobs,Alibaba
10814,-31,-151,0,0,0,0.106896,0.997728,logprobs,Alibaba
10815,-31,-149,0,0,0,0.469425,0.996217,logprobs,Alibaba
10816,-31,-147,0,0,1,0.532978,0.998901,logprobs,Alibaba
10817,-31,-145,0,0,1,0.56277,0.999133,logprobs,Alibaba
10818,-31,-143,0,0,0,0.349025,0.998264,logprobs,Alibaba
10819,-31,-141,0,0,0,0.378322,0.996901,logprobs,Alibaba
10820,-31,-139,0,0,0,0.018023,0.998604,logprobs,Alibaba
10821,-31,-137,0,0,0,0.165668,0.995255,logprobs,Alibaba
10822,-31,-135,0,0,1,0.624369,0.99917,logprobs,Alibaba
10823,-31,-133,0,0,0,0.014164,0.998997,logprobs,Alibaba
10824,-31,-131,0,0,0,0.011088,0.999344,logprobs,Alibaba
10825,-31,-129,0,0,0,0.053781,0.996544,logprobs,Alibaba
10826,-31,-127,0,0,0,0.002797,0.99977,logprobs,Alibaba
10827,-31,-125,0,0,0,0.005932,0.999437,logprobs,Alibaba
10828,-31,-123,0,0,0,0.007609,0.999603,logprobs,Alibaba
10829,-31,-121,0,0,0,0.348906,0.991884,logprobs,Alibaba
10830,-31,-119,0,0,1,0.623079,0.9989,logprobs,Alibaba
10831,-31,-117,0,0,1,0.622703,0.997794,logprobs,Alibaba
10832,-31,-115,0,0,1,0.563136,0.993499,logprobs,Alibaba
10833,-31,-113,0,0,0,0.294755,0.997004,logprobs,Alibaba
10834,-31,-111,0,0,1,0.835963,0.999411,logprobs,Alibaba
10835,-31,-109,0,0,1,0.904765,0.999356,logprobs,Alibaba
10836,-31,-107,0,0,1,0.893435,0.999231,logprobs,Alibaba
10837,-31,-105,0,0,1,0.852027,0.99935,logprobs,Alibaba
10838,-31,-103,0,0,1,0.966952,0.999646,logprobs,Alibaba
10839,-31,-101,0,0,1,0.974053,0.99967,logprobs,Alibaba
10840,-31,-99,0,0,1,0.994093,0.999801,logprobs,Alibaba
10841,-31,-97,0,0,1,0.977041,0.999719,logprobs,Alibaba
10842,-31,-95,0,0,1,0.867308,0.999397,logprobs,Alibaba
10843,-31,-93,0,0,1,0.924224,0.999563,logprobs,Alibaba
10844,-31,-91,0,0,1,0.706478,0.999219,logprobs,Alibaba
10845,-31,-89,0,0,0,0.321558,0.99831,logprobs,Alibaba
10846,-31,-87,0,0,0,0.349174,0.99835,logprobs,Alibaba
10847,-31,-85,0,0,0,0.469243,0.999083,logprobs,Alibaba
10848,-31,-83,0,0,0,0.246248,0.998614,logprobs,Alibaba
10849,-31,-81,0,0,0,0.060223,0.999012,logprobs,Alibaba
10850,-31,-79,0,0,0,0.076137,0.997211,logprobs,Alibaba
10851,-31,-77,0,0,1,0.798347,0.999265,logprobs,Alibaba
10852,-31,-75,0,0,0,0.053561,0.997459,logprobs,Alibaba
10853,-31,-73,0,0,1,0.562911,0.998019,logprobs,Alibaba
10854,-31,-71,1,1,1,0.679764,0.998294,logprobs,Alibaba
10855,-31,-69,1,1,1,0.962709,0.999748,logprobs,Alibaba
10856,-31,-67,1,1,1,0.680152,0.999312,logprobs,Alibaba
10857,-31,-65,1,1,1,0.563383,0.998854,logprobs,Alibaba
10858,-31,-63,1,1,0,0.085404,0.997586,logprobs,Alibaba
10859,-31,-61,1,1,0,0.060215,0.998486,logprobs,Alibaba
10860,-31,-59,1,1,1,0.798631,0.999221,logprobs,Alibaba
10861,-31,-57,1,1,1,0.562828,0.999292,logprobs,Alibaba
10862,-31,-55,1,1,1,0.867099,0.999341,logprobs,Alibaba
10863,-31,-53,1,1,1,0.893379,0.999573,logprobs,Alibaba
10864,-31,-51,0,0,0,0.438482,0.999264,logprobs,Alibaba
10865,-31,-49,0,0,1,0.531866,0.998918,logprobs,Alibaba
10866,-31,-47,0,0,0,0.269384,0.996149,logprobs,Alibaba
10867,-31,-45,0,0,0,0.068045,0.995063,logprobs,Alibaba
10868,-31,-43,0,0,0,0.148765,0.994208,logprobs,Alibaba
10869,-31,-41,0,0,0,0.119624,0.995387,logprobs,Alibaba
10870,-31,-39,0,0,0,0.223123,0.996884,logprobs,Alibaba
10871,-31,-37,0,0,0,0.085312,0.993801,logprobs,Alibaba
10872,-31,-35,0,0,0,0.095652,0.994463,logprobs,Alibaba
10873,-31,-33,0,0,0,0.438189,0.994724,logprobs,Alibaba
10874,-31,-31,0,0,0,0.076028,0.9939,logprobs,Alibaba
10875,-31,-29,0,0,0,0.270086,0.994886,logprobs,Alibaba
10876,-31,-27,0,0,0,0.408134,0.997197,logprobs,Alibaba
10877,-31,-25,0,0,1,0.679358,0.998196,logprobs,Alibaba
10878,-31,-23,0,0,1,0.835967,0.999278,logprobs,Alibaba
10879,-31,-21,0,0,1,0.594181,0.990492,logprobs,Alibaba
10880,-31,-19,0,0,1,0.679535,0.996703,logprobs,Alibaba
10881,-31,-17,0,0,0,0.408011,0.970221,logprobs,Alibaba
10882,-31,-15,0,0,0,0.202543,0.980553,logprobs,Alibaba
10883,-31,-13,0,0,0,0.348901,0.977059,logprobs,Alibaba
10884,-31,-11,0,0,0,0.133427,0.979195,logprobs,Alibaba
10885,-31,-9,0,0,0,0.378112,0.968732,logprobs,Alibaba
10886,-31,-7,0,0,1,0.81779,0.999157,logprobs,Alibaba
10887,-31,-5,0,0,1,0.593239,0.996083,logprobs,Alibaba
10888,-31,-3,0,0,1,0.731445,0.99911,logprobs,Alibaba
10889,-31,-1,0,0,1,0.817899,0.999251,logprobs,Alibaba
10890,-31,1,0,0,1,0.755069,0.999352,logprobs,Alibaba
10891,-31,3,0,0,1,0.817766,0.999501,logprobs,Alibaba
10892,-31,5,0,0,0,0.321123,0.997751,logprobs,Alibaba
10893,-31,7,0,0,1,0.651765,0.999274,logprobs,Alibaba
10894,-31,9,0,0,1,0.623079,0.999096,logprobs,Alibaba
10895,-31,11,0,0,1,0.593872,0.995664,logprobs,Alibaba
10896,-31,13,0,0,1,0.679535,0.99866,logprobs,Alibaba
10897,-31,15,0,0,1,0.798524,0.999167,logprobs,Alibaba
10898,-31,17,0,0,1,0.924291,0.99967,logprobs,Alibaba
10899,-31,19,1,1,1,0.987587,0.999771,logprobs,Alibaba
10900,-31,21,1,1,1,0.990313,0.999742,logprobs,Alibaba
10901,-31,23,1,1,1,0.987575,0.999772,logprobs,Alibaba
10902,-31,25,1,1,1,0.991425,0.999824,logprobs,Alibaba
10903,-31,27,1,1,1,0.990297,0.999857,logprobs,Alibaba
10904,-31,29,1,1,1,0.962684,0.999778,logprobs,Alibaba
10905,-31,31,0,0,1,0.777563,0.999262,logprobs,Alibaba
10906,-31,33,0,0,1,0.817699,0.999349,logprobs,Alibaba
10907,-31,35,0,0,1,0.932493,0.999602,logprobs,Alibaba
10908,-31,37,0,0,1,0.932488,0.99963,logprobs,Alibaba
10909,-31,39,0,0,1,0.852114,0.999401,logprobs,Alibaba
10910,-31,41,0,0,0,0.349105,0.995086,logprobs,Alibaba
10911,-31,43,0,0,0,0.245356,0.997691,logprobs,Alibaba
10912,-31,45,0,0,0,0.095414,0.997296,logprobs,Alibaba
10913,-31,47,0,0,0,0.438692,0.997846,logprobs,Alibaba
10914,-31,49,0,0,0,0.407961,0.997408,logprobs,Alibaba
10915,-31,51,0,0,1,0.532204,0.998971,logprobs,Alibaba
10916,-31,53,0,0,1,0.706419,0.999084,logprobs,Alibaba
10917,-31,55,0,0,1,0.500536,0.998979,logprobs,Alibaba
10918,-31,57,0,0,1,0.562544,0.999209,logprobs,Alibaba
10919,-31,59,0,0,0,0.379286,0.998423,logprobs,Alibaba
10920,-31,61,0,0,0,0.202139,0.998711,logprobs,Alibaba
10921,-31,63,0,0,0,0.095533,0.99865,logprobs,Alibaba
10922,-31,65,0,0,1,0.651759,0.998961,logprobs,Alibaba
10923,-31,67,0,0,0,0.183286,0.997093,logprobs,Alibaba
10924,-31,69,0,0,1,0.679627,0.999223,logprobs,Alibaba
10925,-31,71,0,0,0,0.40857,0.997439,logprobs,Alibaba
10926,-31,73,0,0,0,0.32181,0.997931,logprobs,Alibaba
10927,-31,75,0,0,0,0.349224,0.998152,logprobs,Alibaba
10928,-31,77,0,0,1,0.563436,0.998958,logprobs,Alibaba
10929,-31,79,0,0,0,0.202199,0.997077,logprobs,Alibaba
10930,-31,81,0,0,0,0.067814,0.998705,logprobs,Alibaba
10931,-31,83,0,0,0,0.246276,0.998483,logprobs,Alibaba
10932,-31,85,0,0,0,0.37854,0.998077,logprobs,Alibaba
10933,-31,87,0,0,0,0.378604,0.999085,logprobs,Alibaba
10934,-31,89,0,0,0,0.349962,0.998499,logprobs,Alibaba
10935,-31,91,0,0,0,0.349266,0.998912,logprobs,Alibaba
10936,-31,93,0,0,0,0.047872,0.998466,logprobs,Alibaba
10937,-31,95,0,0,0,0.023047,0.999532,logprobs,Alibaba
10938,-31,97,0,0,1,0.531735,0.998231,logprobs,Alibaba
10939,-31,99,0,0,1,0.940033,0.999638,logprobs,Alibaba
10940,-31,101,0,0,1,0.932508,0.999665,logprobs,Alibaba
10941,-31,103,0,0,1,0.799,0.999404,logprobs,Alibaba
10942,-31,105,0,0,1,0.622952,0.99907,logprobs,Alibaba
10943,-31,107,0,0,1,0.731208,0.999171,logprobs,Alibaba
10944,-31,109,0,0,0,0.183103,0.997743,logprobs,Alibaba
10945,-31,111,0,0,0,0.014125,0.999605,logprobs,Alibaba
10946,-31,113,0,0,0,0.183175,0.997923,logprobs,Alibaba
10947,-31,115,0,0,1,0.593098,0.999037,logprobs,Alibaba
10948,-31,117,1,1,1,0.977045,0.999751,logprobs,Alibaba
10949,-31,119,1,1,1,0.957938,0.999734,logprobs,Alibaba
10950,-31,121,1,1,1,0.974059,0.99972,logprobs,Alibaba
10951,-31,123,1,1,1,0.93249,0.999657,logprobs,Alibaba
10952,-31,125,1,1,1,0.867158,0.999476,logprobs,Alibaba
10953,-31,127,1,1,1,0.835852,0.999416,logprobs,Alibaba
10954,-31,129,1,1,1,0.532042,0.999383,logprobs,Alibaba
10955,-31,131,1,1,0,0.269548,0.99936,logprobs,Alibaba
10956,-31,133,1,1,1,0.970812,0.999682,logprobs,Alibaba
10957,-31,135,1,1,1,0.836086,0.99952,logprobs,Alibaba
10958,-31,137,1,1,1,0.707323,0.99933,logprobs,Alibaba
10959,-31,139,1,1,1,0.893461,0.999253,logprobs,Alibaba
10960,-31,141,1,1,1,0.893451,0.999442,logprobs,Alibaba
10961,-31,143,1,1,1,0.817936,0.999581,logprobs,Alibaba
10962,-31,145,1,1,1,0.835861,0.999405,logprobs,Alibaba
10963,-31,147,1,1,1,0.966935,0.999735,logprobs,Alibaba
10964,-31,149,1,1,1,0.974059,0.999738,logprobs,Alibaba
10965,-31,151,1,1,1,0.989039,0.999724,logprobs,Alibaba
10966,-31,153,1,1,1,0.755331,0.999172,logprobs,Alibaba
10967,-31,155,0,0,0,0.148438,0.997395,logprobs,Alibaba
10968,-31,157,0,0,0,0.096407,0.999138,logprobs,Alibaba
10969,-31,159,0,0,0,0.076321,0.99922,logprobs,Alibaba
10970,-31,161,0,0,0,0.020431,0.999475,logprobs,Alibaba
10971,-31,163,0,0,0,0.020395,0.999481,logprobs,Alibaba
10972,-31,165,0,0,0,0.047595,0.998837,logprobs,Alibaba
10973,-31,167,0,0,0,0.037395,0.998852,logprobs,Alibaba
10974,-31,169,0,0,0,0.026064,0.998766,logprobs,Alibaba
10975,-31,171,0,0,0,0.053623,0.997917,logprobs,Alibaba
10976,-31,173,0,0,0,0.202378,0.998395,logprobs,Alibaba
10977,-31,175,0,0,0,0.321679,0.998133,logprobs,Alibaba
10978,-31,177,0,0,0,0.00974,0.999566,logprobs,Alibaba
10979,-31,179,0,0,0,0.018052,0.999466,logprobs,Alibaba
10980,-33,-179,0,0,0,0.026017,0.999432,logprobs,Alibaba
10981,-33,-177,0,0,0,0.042259,0.999129,logprobs,Alibaba
10982,-33,-175,0,0,0,0.020448,0.998992,logprobs,Alibaba
10983,-33,-173,0,0,0,0.026083,0.999336,logprobs,Alibaba
10984,-33,-171,0,0,0,0.026124,0.999311,logprobs,Alibaba
10985,-33,-169,0,0,0,0.026095,0.999297,logprobs,Alibaba
10986,-33,-167,0,0,0,0.029518,0.999209,logprobs,Alibaba
10987,-33,-165,0,0,0,0.037618,0.999059,logprobs,Alibaba
10988,-33,-163,0,0,0,0.012455,0.999565,logprobs,Alibaba
10989,-33,-161,0,0,0,0.012546,0.999425,logprobs,Alibaba
10990,-33,-159,0,0,0,0.020395,0.999276,logprobs,Alibaba
10991,-33,-157,0,0,0,0.026192,0.998718,logprobs,Alibaba
10992,-33,-155,0,0,0,0.015981,0.998899,logprobs,Alibaba
10993,-33,-153,0,0,0,0.018068,0.999225,logprobs,Alibaba
10994,-33,-151,0,0,0,0.033179,0.99848,logprobs,Alibaba
10995,-33,-149,0,0,0,0.378273,0.995302,logprobs,Alibaba
10996,-33,-147,0,0,0,0.164851,0.994401,logprobs,Alibaba
10997,-33,-145,0,0,0,0.407998,0.998995,logprobs,Alibaba
10998,-33,-143,0,0,0,0.047749,0.997989,logprobs,Alibaba
10999,-33,-141,0,0,0,0.085542,0.996135,logprobs,Alibaba
11000,-33,-139,0,0,0,0.006724,0.999264,logprobs,Alibaba
11001,-33,-137,0,0,0,0.053618,0.999004,logprobs,Alibaba
11002,-33,-135,0,0,0,0.047749,0.997673,logprobs,Alibaba
11003,-33,-133,0,0,0,0.018144,0.999271,logprobs,Alibaba
11004,-33,-131,0,0,0,0.007626,0.999455,logprobs,Alibaba
11005,-33,-129,0,0,0,0.042354,0.999073,logprobs,Alibaba
11006,-33,-127,0,0,0,0.005946,0.999434,logprobs,Alibaba
11007,-33,-125,0,0,0,0.005239,0.999667,logprobs,Alibaba
11008,-33,-123,0,0,0,0.005951,0.999553,logprobs,Alibaba
11009,-33,-121,0,0,0,0.053707,0.995969,logprobs,Alibaba
11010,-33,-119,0,0,0,0.047511,0.998695,logprobs,Alibaba
11011,-33,-117,0,0,0,0.182837,0.995467,logprobs,Alibaba
11012,-33,-115,0,0,0,0.202317,0.987869,logprobs,Alibaba
11013,-33,-113,0,0,0,0.165831,0.99791,logprobs,Alibaba
11014,-33,-111,0,0,1,0.593633,0.999027,logprobs,Alibaba
11015,-33,-109,0,0,0,0.10793,0.997878,logprobs,Alibaba
11016,-33,-107,0,0,1,0.817937,0.999087,logprobs,Alibaba
11017,-33,-105,0,0,1,0.777434,0.999211,logprobs,Alibaba
11018,-33,-103,0,0,1,0.881084,0.999443,logprobs,Alibaba
11019,-33,-101,0,0,1,0.932486,0.999532,logprobs,Alibaba
11020,-33,-99,0,0,1,0.904691,0.999506,logprobs,Alibaba
11021,-33,-97,0,0,1,0.932501,0.999511,logprobs,Alibaba
11022,-33,-95,0,0,0,0.223278,0.997677,logprobs,Alibaba
11023,-33,-93,0,0,1,0.500529,0.999146,logprobs,Alibaba
11024,-33,-91,0,0,0,0.407984,0.999413,logprobs,Alibaba
11025,-33,-89,0,0,0,0.407758,0.999222,logprobs,Alibaba
11026,-33,-87,0,0,1,0.562421,0.998944,logprobs,Alibaba
11027,-33,-85,0,0,0,0.469049,0.998902,logprobs,Alibaba
11028,-33,-83,0,0,0,0.014111,0.999517,logprobs,Alibaba
11029,-33,-81,0,0,0,0.378243,0.996367,logprobs,Alibaba
11030,-33,-79,0,0,0,0.119897,0.995137,logprobs,Alibaba
11031,-33,-77,0,0,0,0.029441,0.999267,logprobs,Alibaba
11032,-33,-75,0,0,0,0.023024,0.999441,logprobs,Alibaba
11033,-33,-73,0,0,0,0.245476,0.997892,logprobs,Alibaba
11034,-33,-71,1,1,1,0.593418,0.998929,logprobs,Alibaba
11035,-33,-69,1,1,1,0.962721,0.999577,logprobs,Alibaba
11036,-33,-67,1,1,1,0.706579,0.999175,logprobs,Alibaba
11037,-33,-65,1,1,0,0.438533,0.996248,logprobs,Alibaba
11038,-33,-63,1,1,0,0.148981,0.996627,logprobs,Alibaba
11039,-33,-61,1,1,0,0.22324,0.997412,logprobs,Alibaba
11040,-33,-59,1,1,1,0.777479,0.999351,logprobs,Alibaba
11041,-33,-57,1,1,0,0.438263,0.999199,logprobs,Alibaba
11042,-33,-55,1,1,0,0.182892,0.997903,logprobs,Alibaba
11043,-33,-53,1,1,0,0.378273,0.999244,logprobs,Alibaba
11044,-33,-51,0,0,0,0.119486,0.998614,logprobs,Alibaba
11045,-33,-49,0,0,0,0.095696,0.998149,logprobs,Alibaba
11046,-33,-47,0,0,0,0.378288,0.997396,logprobs,Alibaba
11047,-33,-45,0,0,0,0.033444,0.997906,logprobs,Alibaba
11048,-33,-43,0,0,0,0.133552,0.997911,logprobs,Alibaba
11049,-33,-41,0,0,0,0.107113,0.997266,logprobs,Alibaba
11050,-33,-39,0,0,0,0.148967,0.989826,logprobs,Alibaba
11051,-33,-37,0,0,0,0.119423,0.996206,logprobs,Alibaba
11052,-33,-35,0,0,0,0.060247,0.996496,logprobs,Alibaba
11053,-33,-33,0,0,0,0.047607,0.998734,logprobs,Alibaba
11054,-33,-31,0,0,0,0.133275,0.995788,logprobs,Alibaba
11055,-33,-29,0,0,0,0.349077,0.98737,logprobs,Alibaba
11056,-33,-27,0,0,0,0.349402,0.989863,logprobs,Alibaba
11057,-33,-25,0,0,0,0.322903,0.988154,logprobs,Alibaba
11058,-33,-23,0,0,1,0.679668,0.996831,logprobs,Alibaba
11059,-33,-21,0,0,1,0.651878,0.988577,logprobs,Alibaba
11060,-33,-19,0,0,0,0.438627,0.974545,logprobs,Alibaba
11061,-33,-17,0,0,0,0.182811,0.977692,logprobs,Alibaba
11062,-33,-15,0,0,0,0.107489,0.978398,logprobs,Alibaba
11063,-33,-13,0,0,0,0.076076,0.987735,logprobs,Alibaba
11064,-33,-11,0,0,0,0.148698,0.985488,logprobs,Alibaba
11065,-33,-9,0,0,0,0.202878,0.978234,logprobs,Alibaba
11066,-33,-7,0,0,1,0.531805,0.982975,logprobs,Alibaba
11067,-33,-5,0,0,0,0.378604,0.988879,logprobs,Alibaba
11068,-33,-3,0,0,0,0.439144,0.990713,logprobs,Alibaba
11069,-33,-1,0,0,1,0.651663,0.997979,logprobs,Alibaba
11070,-33,1,0,0,0,0.119448,0.998722,logprobs,Alibaba
11071,-33,3,0,0,1,0.531843,0.998225,logprobs,Alibaba
11072,-33,5,0,0,0,0.24582,0.998376,logprobs,Alibaba
11073,-33,7,0,0,1,0.562642,0.998657,logprobs,Alibaba
11074,-33,9,0,0,0,0.223396,0.998572,logprobs,Alibaba
11075,-33,11,0,0,0,0.349142,0.993459,logprobs,Alibaba
11076,-33,13,0,0,0,0.438734,0.996592,logprobs,Alibaba
11077,-33,15,0,0,1,0.622843,0.995495,logprobs,Alibaba
11078,-33,17,0,0,1,0.731463,0.996681,logprobs,Alibaba
11079,-33,19,1,1,1,0.979683,0.999748,logprobs,Alibaba
11080,-33,21,1,1,1,0.962689,0.999685,logprobs,Alibaba
11081,-33,23,1,1,1,0.962696,0.999721,logprobs,Alibaba
11082,-33,25,1,1,1,0.893447,0.999559,logprobs,Alibaba
11083,-33,27,1,1,1,0.924312,0.99947,logprobs,Alibaba
11084,-33,29,0,0,1,0.881013,0.999442,logprobs,Alibaba
11085,-33,31,0,0,1,0.952627,0.999631,logprobs,Alibaba
11086,-33,33,0,0,0,0.269631,0.992778,logprobs,Alibaba
11087,-33,35,0,0,1,0.755224,0.999414,logprobs,Alibaba
11088,-33,37,0,0,1,0.798294,0.999269,logprobs,Alibaba
11089,-33,39,0,0,1,0.706014,0.999,logprobs,Alibaba
11090,-33,41,0,0,0,0.3215,0.995848,logprobs,Alibaba
11091,-33,43,0,0,0,0.26936,0.998406,logprobs,Alibaba
11092,-33,45,0,0,0,0.202545,0.997182,logprobs,Alibaba
11093,-33,47,0,0,0,0.183193,0.995922,logprobs,Alibaba
11094,-33,49,0,0,0,0.438579,0.997873,logprobs,Alibaba
11095,-33,51,0,0,0,0.407772,0.997647,logprobs,Alibaba
11096,-33,53,0,0,0,0.321351,0.998853,logprobs,Alibaba
11097,-33,55,0,0,0,0.053518,0.998868,logprobs,Alibaba
11098,-33,57,0,0,0,0.107014,0.997544,logprobs,Alibaba
11099,-33,59,0,0,0,0.11966,0.998647,logprobs,Alibaba
11100,-33,61,0,0,0,0.119606,0.999114,logprobs,Alibaba
11101,-33,63,0,0,0,0.085421,0.998719,logprobs,Alibaba
11102,-33,65,0,0,0,0.223421,0.997131,logprobs,Alibaba
11103,-33,67,0,0,1,0.532591,0.998645,logprobs,Alibaba
11104,-33,69,0,0,0,0.438807,0.998076,logprobs,Alibaba
11105,-33,71,0,0,1,0.593518,0.999064,logprobs,Alibaba
11106,-33,73,0,0,0,0.349387,0.998517,logprobs,Alibaba
11107,-33,75,0,0,0,0.047529,0.998839,logprobs,Alibaba
11108,-33,77,0,0,0,0.202965,0.997918,logprobs,Alibaba
11109,-33,79,0,0,0,0.095725,0.99879,logprobs,Alibaba
11110,-33,81,0,0,0,0.053612,0.999163,logprobs,Alibaba
11111,-33,83,0,0,0,0.08573,0.999297,logprobs,Alibaba
11112,-33,85,0,0,0,0.133423,0.998845,logprobs,Alibaba
11113,-33,87,0,0,0,0.246305,0.998683,logprobs,Alibaba
11114,-33,89,0,0,0,0.133543,0.998385,logprobs,Alibaba
11115,-33,91,0,0,0,0.085643,0.999063,logprobs,Alibaba
11116,-33,93,0,0,0,0.03325,0.999367,logprobs,Alibaba
11117,-33,95,0,0,0,0.016016,0.999076,logprobs,Alibaba
11118,-33,97,0,0,0,0.246276,0.998649,logprobs,Alibaba
11119,-33,99,0,0,0,0.202453,0.998952,logprobs,Alibaba
11120,-33,101,0,0,0,0.378229,0.998118,logprobs,Alibaba
11121,-33,103,0,0,0,0.295155,0.998692,logprobs,Alibaba
11122,-33,105,0,0,0,0.060268,0.999097,logprobs,Alibaba
11123,-33,107,0,0,0,0.223484,0.997593,logprobs,Alibaba
11124,-33,109,0,0,0,0.085463,0.999338,logprobs,Alibaba
11125,-33,111,0,0,0,0.029478,0.999268,logprobs,Alibaba
11126,-33,113,0,0,0,0.223588,0.997186,logprobs,Alibaba
11127,-33,115,0,0,0,0.470424,0.99592,logprobs,Alibaba
11128,-33,117,1,1,1,0.904812,0.999599,logprobs,Alibaba
11129,-33,119,1,1,1,0.563086,0.998256,logprobs,Alibaba
11130,-33,121,1,1,0,0.469669,0.998105,logprobs,Alibaba
11131,-33,123,1,1,0,0.060191,0.99856,logprobs,Alibaba
11132,-33,125,0,0,0,0.085549,0.997953,logprobs,Alibaba
11133,-33,127,0,0,0,0.047529,0.998821,logprobs,Alibaba
11134,-33,129,0,0,0,0.18384,0.997584,logprobs,Alibaba
11135,-33,131,0,0,0,0.047582,0.999167,logprobs,Alibaba
11136,-33,133,0,0,0,0.270602,0.998988,logprobs,Alibaba
11137,-33,135,1,1,0,0.295158,0.999246,logprobs,Alibaba
11138,-33,137,1,1,0,0.408719,0.999294,logprobs,Alibaba
11139,-33,139,1,1,1,0.835643,0.999461,logprobs,Alibaba
11140,-33,141,1,1,1,0.893421,0.999434,logprobs,Alibaba
11141,-33,143,1,1,1,0.893474,0.999502,logprobs,Alibaba
11142,-33,145,1,1,1,0.81782,0.999171,logprobs,Alibaba
11143,-33,147,1,1,1,0.946654,0.999663,logprobs,Alibaba
11144,-33,149,1,1,1,0.966973,0.999645,logprobs,Alibaba
11145,-33,151,1,1,0,0.295968,0.997926,logprobs,Alibaba
11146,-33,153,0,0,0,0.067935,0.998726,logprobs,Alibaba
11147,-33,155,0,0,0,0.095819,0.99684,logprobs,Alibaba
11148,-33,157,0,0,0,0.067935,0.999309,logprobs,Alibaba
11149,-33,159,0,0,0,0.067905,0.998607,logprobs,Alibaba
11150,-33,161,0,0,0,0.076746,0.999329,logprobs,Alibaba
11151,-33,163,0,0,0,0.067709,0.998192,logprobs,Alibaba
11152,-33,165,0,0,0,0.042295,0.999391,logprobs,Alibaba
11153,-33,167,0,0,0,0.037523,0.99924,logprobs,Alibaba
11154,-33,169,0,0,0,0.053561,0.998526,logprobs,Alibaba
11155,-33,171,0,0,0,0.202312,0.997454,logprobs,Alibaba
11156,-33,173,0,0,0,0.1834,0.998048,logprobs,Alibaba
11157,-33,175,0,0,0,0.165001,0.995948,logprobs,Alibaba
11158,-33,177,0,0,0,0.02307,0.999292,logprobs,Alibaba
11159,-33,179,0,0,0,0.026031,0.999553,logprobs,Alibaba
11160,-35,-179,0,0,0,0.023205,0.999577,logprobs,Alibaba
11161,-35,-177,0,0,0,0.033147,0.999295,logprobs,Alibaba
11162,-35,-175,0,0,0,0.026036,0.998607,logprobs,Alibaba
11163,-35,-173,0,0,0,0.020448,0.999042,logprobs,Alibaba
11164,-35,-171,0,0,0,0.009791,0.9996,logprobs,Alibaba
11165,-35,-169,0,0,0,0.020441,0.999307,logprobs,Alibaba
11166,-35,-167,0,0,0,0.026146,0.998884,logprobs,Alibaba
11167,-35,-165,0,0,0,0.005952,0.999526,logprobs,Alibaba
11168,-35,-163,0,0,0,0.014144,0.999298,logprobs,Alibaba
11169,-35,-161,0,0,0,0.007633,0.999517,logprobs,Alibaba
11170,-35,-159,0,0,0,0.008654,0.998753,logprobs,Alibaba
11171,-35,-157,0,0,0,0.009761,0.999137,logprobs,Alibaba
11172,-35,-155,0,0,0,0.005947,0.99955,logprobs,Alibaba
11173,-35,-153,0,0,0,0.008651,0.9994,logprobs,Alibaba
11174,-35,-151,0,0,0,0.023076,0.999199,logprobs,Alibaba
11175,-35,-149,0,0,1,0.979705,0.999607,logprobs,Alibaba
11176,-35,-147,0,0,1,0.531898,0.997142,logprobs,Alibaba
11177,-35,-145,0,0,0,0.119531,0.998756,logprobs,Alibaba
11178,-35,-143,0,0,0,0.133486,0.994703,logprobs,Alibaba
11179,-35,-141,0,0,0,0.011063,0.999197,logprobs,Alibaba
11180,-35,-139,0,0,0,0.007657,0.999604,logprobs,Alibaba
11181,-35,-137,0,0,0,0.08543,0.997172,logprobs,Alibaba
11182,-35,-135,0,0,0,0.026029,0.998623,logprobs,Alibaba
11183,-35,-133,0,0,0,0.008645,0.999382,logprobs,Alibaba
11184,-35,-131,0,0,0,0.003166,0.999662,logprobs,Alibaba
11185,-35,-129,0,0,0,0.029471,0.997943,logprobs,Alibaba
11186,-35,-127,0,0,0,0.00362,0.999771,logprobs,Alibaba
11187,-35,-125,0,0,0,0.012491,0.999177,logprobs,Alibaba
11188,-35,-123,0,0,0,0.009744,0.999323,logprobs,Alibaba
11189,-35,-121,0,0,0,0.182872,0.994874,logprobs,Alibaba
11190,-35,-119,0,0,0,0.085542,0.996126,logprobs,Alibaba
11191,-35,-117,0,0,0,0.107279,0.996968,logprobs,Alibaba
11192,-35,-115,0,0,0,0.060718,0.996349,logprobs,Alibaba
11193,-35,-113,0,0,0,0.378694,0.998503,logprobs,Alibaba
11194,-35,-111,0,0,1,0.562803,0.999033,logprobs,Alibaba
11195,-35,-109,0,0,0,0.026171,0.998913,logprobs,Alibaba
11196,-35,-107,0,0,1,0.818012,0.999116,logprobs,Alibaba
11197,-35,-105,0,0,0,0.133636,0.996948,logprobs,Alibaba
11198,-35,-103,0,0,1,0.932606,0.999431,logprobs,Alibaba
11199,-35,-101,0,0,1,0.880949,0.999365,logprobs,Alibaba
11200,-35,-99,0,0,1,0.932587,0.999504,logprobs,Alibaba
11201,-35,-97,0,0,1,0.893469,0.999553,logprobs,Alibaba
11202,-35,-95,0,0,0,0.01246,0.999482,logprobs,Alibaba
11203,-35,-93,0,0,0,0.029422,0.999169,logprobs,Alibaba
11204,-35,-91,0,0,0,0.269316,0.998947,logprobs,Alibaba
11205,-35,-89,0,0,0,0.018061,0.999304,logprobs,Alibaba
11206,-35,-87,0,0,0,0.076101,0.99802,logprobs,Alibaba
11207,-35,-85,0,0,0,0.133325,0.997694,logprobs,Alibaba
11208,-35,-83,0,0,0,0.009809,0.99941,logprobs,Alibaba
11209,-35,-81,0,0,0,0.269597,0.997492,logprobs,Alibaba
11210,-35,-79,0,0,1,0.622988,0.997871,logprobs,Alibaba
11211,-35,-77,0,0,0,0.033256,0.999029,logprobs,Alibaba
11212,-35,-75,0,0,0,0.107396,0.99555,logprobs,Alibaba
11213,-35,-73,0,0,0,0.085681,0.997406,logprobs,Alibaba
11214,-35,-71,1,1,1,0.593078,0.995502,logprobs,Alibaba
11215,-35,-69,1,1,1,0.95261,0.999751,logprobs,Alibaba
11216,-35,-67,1,1,1,0.893388,0.999603,logprobs,Alibaba
11217,-35,-65,1,1,1,0.924262,0.999506,logprobs,Alibaba
11218,-35,-63,1,1,1,0.867353,0.999387,logprobs,Alibaba
11219,-35,-61,1,1,1,0.65191,0.999116,logprobs,Alibaba
11220,-35,-59,1,1,1,0.755191,0.999331,logprobs,Alibaba
11221,-35,-57,0,0,0,0.470446,0.999227,logprobs,Alibaba
11222,-35,-55,0,0,0,0.32149,0.999077,logprobs,Alibaba
11223,-35,-53,0,0,0,0.294564,0.999149,logprobs,Alibaba
11224,-35,-51,0,0,0,0.294712,0.999228,logprobs,Alibaba
11225,-35,-49,0,0,0,0.223396,0.993861,logprobs,Alibaba
11226,-35,-47,0,0,1,0.977048,0.999717,logprobs,Alibaba
11227,-35,-45,0,0,0,0.133363,0.992701,logprobs,Alibaba
11228,-35,-43,0,0,0,0.321209,0.995603,logprobs,Alibaba
11229,-35,-41,0,0,0,0.053555,0.998002,logprobs,Alibaba
11230,-35,-39,0,0,0,0.202288,0.987536,logprobs,Alibaba
11231,-35,-37,0,0,0,0.033161,0.99561,logprobs,Alibaba
11232,-35,-35,0,0,0,0.014188,0.996739,logprobs,Alibaba
11233,-35,-33,0,0,0,0.269315,0.994271,logprobs,Alibaba
11234,-35,-31,0,0,0,0.106969,0.994188,logprobs,Alibaba
11235,-35,-29,0,0,0,0.095617,0.993871,logprobs,Alibaba
11236,-35,-27,0,0,0,0.107357,0.992458,logprobs,Alibaba
11237,-35,-25,0,0,0,0.223047,0.989594,logprobs,Alibaba
11238,-35,-23,0,0,1,0.532273,0.996363,logprobs,Alibaba
11239,-35,-21,0,0,1,0.755168,0.99866,logprobs,Alibaba
11240,-35,-19,0,0,1,0.563602,0.994716,logprobs,Alibaba
11241,-35,-17,0,0,0,0.107463,0.978382,logprobs,Alibaba
11242,-35,-15,0,0,1,0.893421,0.999534,logprobs,Alibaba
11243,-35,-13,0,0,0,0.223217,0.993392,logprobs,Alibaba
11244,-35,-11,0,0,0,0.469534,0.996948,logprobs,Alibaba
11245,-35,-9,0,0,1,0.531843,0.99517,logprobs,Alibaba
11246,-35,-7,0,0,1,0.622952,0.996889,logprobs,Alibaba
11247,-35,-5,0,0,0,0.076267,0.990311,logprobs,Alibaba
11248,-35,-3,0,0,1,0.593061,0.998962,logprobs,Alibaba
11249,-35,-1,0,0,1,0.777555,0.999409,logprobs,Alibaba
11250,-35,1,0,0,0,0.438146,0.998639,logprobs,Alibaba
11251,-35,3,0,0,1,0.562431,0.998565,logprobs,Alibaba
11252,-35,5,0,0,0,0.294585,0.997402,logprobs,Alibaba
11253,-35,7,0,0,0,0.43829,0.998147,logprobs,Alibaba
11254,-35,9,0,0,0,0.377834,0.998371,logprobs,Alibaba
11255,-35,11,0,0,0,0.224819,0.998091,logprobs,Alibaba
11256,-35,13,0,0,1,0.562886,0.998039,logprobs,Alibaba
11257,-35,15,0,0,1,0.679574,0.997916,logprobs,Alibaba
11258,-35,17,0,0,1,0.81787,0.998964,logprobs,Alibaba
11259,-35,19,0,0,1,0.924221,0.999509,logprobs,Alibaba
11260,-35,21,0,0,1,0.946657,0.999624,logprobs,Alibaba
11261,-35,23,0,0,1,0.867199,0.999147,logprobs,Alibaba
11262,-35,25,0,0,1,0.90476,0.999202,logprobs,Alibaba
11263,-35,27,0,0,1,0.85205,0.997968,logprobs,Alibaba
11264,-35,29,0,0,1,0.852324,0.999097,logprobs,Alibaba
11265,-35,31,0,0,1,0.914995,0.99951,logprobs,Alibaba
11266,-35,33,0,0,1,0.593577,0.997424,logprobs,Alibaba
11267,-35,35,0,0,0,0.349324,0.994347,logprobs,Alibaba
11268,-35,37,0,0,1,0.893596,0.999353,logprobs,Alibaba
11269,-35,39,0,0,1,0.592927,0.998515,logprobs,Alibaba
11270,-35,41,0,0,0,0.119574,0.998686,logprobs,Alibaba
11271,-35,43,0,0,0,0.042131,0.999109,logprobs,Alibaba
11272,-35,45,0,0,0,0.03315,0.998976,logprobs,Alibaba
11273,-35,47,0,0,0,0.107357,0.997149,logprobs,Alibaba
11274,-35,49,0,0,0,0.270411,0.996452,logprobs,Alibaba
11275,-35,51,0,0,0,0.076291,0.997931,logprobs,Alibaba
11276,-35,53,0,0,0,0.407745,0.998793,logprobs,Alibaba
11277,-35,55,0,0,0,0.095551,0.997906,logprobs,Alibaba
11278,-35,57,0,0,0,0.223098,0.995942,logprobs,Alibaba
11279,-35,59,0,0,0,0.13328,0.99801,logprobs,Alibaba
11280,-35,61,0,0,0,0.133789,0.998762,logprobs,Alibaba
11281,-35,63,0,0,0,0.11946,0.997973,logprobs,Alibaba
11282,-35,65,0,0,0,0.349464,0.996312,logprobs,Alibaba
11283,-35,67,0,0,1,0.622667,0.998634,logprobs,Alibaba
11284,-35,69,0,0,1,0.62278,0.998933,logprobs,Alibaba
11285,-35,71,0,0,0,0.294635,0.998175,logprobs,Alibaba
11286,-35,73,0,0,0,0.107113,0.998999,logprobs,Alibaba
11287,-35,75,0,0,0,0.107064,0.996485,logprobs,Alibaba
11288,-35,77,0,0,0,0.133476,0.997604,logprobs,Alibaba
11289,-35,79,0,0,0,0.11962,0.998533,logprobs,Alibaba
11290,-35,81,0,0,0,0.076377,0.998825,logprobs,Alibaba
11291,-35,83,0,0,0,0.042354,0.999435,logprobs,Alibaba
11292,-35,85,0,0,0,0.438351,0.998578,logprobs,Alibaba
11293,-35,87,0,0,0,0.203319,0.998375,logprobs,Alibaba
11294,-35,89,0,0,0,0.269514,0.998979,logprobs,Alibaba
11295,-35,91,0,0,0,0.033231,0.999362,logprobs,Alibaba
11296,-35,93,0,0,0,0.060534,0.999104,logprobs,Alibaba
11297,-35,95,0,0,0,0.033244,0.998044,logprobs,Alibaba
11298,-35,97,0,0,0,0.085496,0.998848,logprobs,Alibaba
11299,-35,99,0,0,0,0.07624,0.999346,logprobs,Alibaba
11300,-35,101,0,0,0,0.037404,0.999257,logprobs,Alibaba
11301,-35,103,0,0,0,0.10793,0.998839,logprobs,Alibaba
11302,-35,105,0,0,0,0.018052,0.999273,logprobs,Alibaba
11303,-35,107,0,0,0,0.047724,0.998784,logprobs,Alibaba
11304,-35,109,0,0,0,0.060522,0.999294,logprobs,Alibaba
11305,-35,111,0,0,0,0.053707,0.997895,logprobs,Alibaba
11306,-35,113,0,0,0,0.067935,0.996131,logprobs,Alibaba
11307,-35,115,0,0,0,0.408122,0.991601,logprobs,Alibaba
11308,-35,117,1,1,1,0.500779,0.995448,logprobs,Alibaba
11309,-35,119,0,0,0,0.438734,0.99359,logprobs,Alibaba
11310,-35,121,0,0,1,0.593244,0.997111,logprobs,Alibaba
11311,-35,123,0,0,0,0.053612,0.99754,logprobs,Alibaba
11312,-35,125,0,0,0,0.095619,0.998039,logprobs,Alibaba
11313,-35,127,0,0,0,0.042263,0.997501,logprobs,Alibaba
11314,-35,129,0,0,0,0.068223,0.996871,logprobs,Alibaba
11315,-35,131,0,0,0,0.085411,0.998923,logprobs,Alibaba
11316,-35,133,0,0,0,0.270595,0.99792,logprobs,Alibaba
11317,-35,135,0,0,0,0.119624,0.999072,logprobs,Alibaba
11318,-35,137,1,1,0,0.378131,0.999322,logprobs,Alibaba
11319,-35,139,1,1,1,0.915109,0.999629,logprobs,Alibaba
11320,-35,141,1,1,1,0.939972,0.999522,logprobs,Alibaba
11321,-35,143,1,1,1,0.932492,0.999576,logprobs,Alibaba
11322,-35,145,1,1,1,0.939965,0.999604,logprobs,Alibaba
11323,-35,147,1,1,1,0.98411,0.999736,logprobs,Alibaba
11324,-35,149,1,1,1,0.990304,0.999773,logprobs,Alibaba
11325,-35,151,0,0,1,0.500466,0.995332,logprobs,Alibaba
11326,-35,153,0,0,0,0.106976,0.997458,logprobs,Alibaba
11327,-35,155,0,0,0,0.076204,0.997412,logprobs,Alibaba
11328,-35,157,0,0,0,0.03315,0.998958,logprobs,Alibaba
11329,-35,159,0,0,0,0.015979,0.999448,logprobs,Alibaba
11330,-35,161,0,0,0,0.005907,0.999708,logprobs,Alibaba
11331,-35,163,0,0,0,0.012469,0.999276,logprobs,Alibaba
11332,-35,165,0,0,0,0.060175,0.999298,logprobs,Alibaba
11333,-35,167,0,0,0,0.119743,0.99866,logprobs,Alibaba
11334,-35,169,0,0,0,0.223582,0.997591,logprobs,Alibaba
11335,-35,171,0,0,0,0.438943,0.996433,logprobs,Alibaba
11336,-35,173,0,0,0,0.43859,0.998516,logprobs,Alibaba
11337,-35,175,0,0,1,0.500816,0.998833,logprobs,Alibaba
11338,-35,177,0,0,0,0.202116,0.99853,logprobs,Alibaba
11339,-35,179,0,0,0,0.029377,0.999184,logprobs,Alibaba
11340,-37,-179,0,0,0,0.011052,0.999642,logprobs,Alibaba
11341,-37,-177,0,0,0,0.067814,0.998532,logprobs,Alibaba
11342,-37,-175,0,0,0,0.245412,0.998002,logprobs,Alibaba
11343,-37,-173,0,0,0,0.076195,0.998125,logprobs,Alibaba
11344,-37,-171,0,0,0,0.014205,0.999543,logprobs,Alibaba
11345,-37,-169,0,0,0,0.018089,0.999307,logprobs,Alibaba
11346,-37,-167,0,0,0,0.004066,0.9996,logprobs,Alibaba
11347,-37,-165,0,0,0,0.003613,0.9997,logprobs,Alibaba
11348,-37,-163,0,0,0,0.011044,0.999415,logprobs,Alibaba
11349,-37,-161,0,0,0,0.005255,0.999551,logprobs,Alibaba
11350,-37,-159,0,0,0,0.005904,0.999156,logprobs,Alibaba
11351,-37,-157,0,0,0,0.011046,0.999314,logprobs,Alibaba
11352,-37,-155,0,0,0,0.008628,0.999615,logprobs,Alibaba
11353,-37,-153,0,0,0,0.006731,0.999322,logprobs,Alibaba
11354,-37,-151,0,0,0,0.033317,0.998472,logprobs,Alibaba
11355,-37,-149,0,0,1,0.532414,0.993595,logprobs,Alibaba
11356,-37,-147,0,0,1,0.893503,0.999352,logprobs,Alibaba
11357,-37,-145,0,0,1,0.59304,0.99849,logprobs,Alibaba
11358,-37,-143,0,0,0,0.469785,0.99854,logprobs,Alibaba
11359,-37,-141,0,0,0,0.020471,0.999183,logprobs,Alibaba
11360,-37,-139,0,0,0,0.007625,0.999541,logprobs,Alibaba
11361,-37,-137,0,0,0,0.042254,0.997157,logprobs,Alibaba
11362,-37,-135,0,0,0,0.026105,0.998944,logprobs,Alibaba
11363,-37,-133,0,0,0,0.00675,0.999237,logprobs,Alibaba
11364,-37,-131,0,0,0,0.001956,0.999631,logprobs,Alibaba
11365,-37,-129,0,0,0,0.006729,0.999576,logprobs,Alibaba
11366,-37,-127,0,0,0,0.003168,0.999773,logprobs,Alibaba
11367,-37,-125,0,0,0,0.004093,0.999665,logprobs,Alibaba
11368,-37,-123,0,0,0,0.015965,0.998285,logprobs,Alibaba
11369,-37,-121,0,0,1,0.62307,0.998007,logprobs,Alibaba
11370,-37,-119,0,0,0,0.469255,0.997991,logprobs,Alibaba
11371,-37,-117,0,0,1,0.531557,0.998978,logprobs,Alibaba
11372,-37,-115,0,0,0,0.165126,0.991071,logprobs,Alibaba
11373,-37,-113,0,0,1,0.777835,0.999273,logprobs,Alibaba
11374,-37,-111,0,0,1,0.867166,0.99946,logprobs,Alibaba
11375,-37,-109,0,0,1,0.56298,0.999118,logprobs,Alibaba
11376,-37,-107,0,0,1,0.755266,0.998872,logprobs,Alibaba
11377,-37,-105,0,0,1,0.50157,0.998236,logprobs,Alibaba
11378,-37,-103,0,0,1,0.562555,0.998591,logprobs,Alibaba
11379,-37,-101,0,0,1,0.904732,0.999547,logprobs,Alibaba
11380,-37,-99,0,0,1,0.914948,0.9994,logprobs,Alibaba
11381,-37,-97,0,0,1,0.835715,0.999355,logprobs,Alibaba
11382,-37,-95,0,0,0,0.009694,0.999479,logprobs,Alibaba
11383,-37,-93,0,0,1,0.532067,0.998496,logprobs,Alibaba
11384,-37,-91,0,0,0,0.053555,0.999013,logprobs,Alibaba
11385,-37,-89,0,0,0,0.005248,0.999745,logprobs,Alibaba
11386,-37,-87,0,0,0,0.11949,0.998481,logprobs,Alibaba
11387,-37,-85,0,0,0,0.053512,0.998796,logprobs,Alibaba
11388,-37,-83,0,0,0,0.095914,0.998142,logprobs,Alibaba
11389,-37,-81,0,0,1,0.622688,0.9988,logprobs,Alibaba
11390,-37,-79,0,0,1,0.798459,0.999321,logprobs,Alibaba
11391,-37,-77,0,0,1,0.679807,0.999047,logprobs,Alibaba
11392,-37,-75,0,0,1,0.651683,0.997116,logprobs,Alibaba
11393,-37,-73,1,1,1,0.798347,0.999235,logprobs,Alibaba
11394,-37,-71,1,1,1,0.946637,0.99962,logprobs,Alibaba
11395,-37,-69,1,1,1,0.966951,0.999717,logprobs,Alibaba
11396,-37,-67,1,1,1,0.962703,0.999645,logprobs,Alibaba
11397,-37,-65,1,1,1,0.777764,0.999069,logprobs,Alibaba
11398,-37,-63,1,1,1,0.893437,0.999484,logprobs,Alibaba
11399,-37,-61,1,1,1,0.904723,0.999402,logprobs,Alibaba
11400,-37,-59,1,1,1,0.867163,0.999429,logprobs,Alibaba
11401,-37,-57,1,1,0,0.469633,0.999115,logprobs,Alibaba
11402,-37,-55,0,0,0,0.349043,0.998244,logprobs,Alibaba
11403,-37,-53,0,0,0,0.03317,0.999086,logprobs,Alibaba
11404,-37,-51,0,0,0,0.023017,0.999164,logprobs,Alibaba
11405,-37,-49,0,0,0,0.10712,0.998717,logprobs,Alibaba
11406,-37,-47,0,0,0,0.407757,0.997274,logprobs,Alibaba
11407,-37,-45,0,0,0,0.026232,0.998193,logprobs,Alibaba
11408,-37,-43,0,0,0,0.164894,0.993106,logprobs,Alibaba
11409,-37,-41,0,0,0,0.245658,0.994454,logprobs,Alibaba
11410,-37,-39,0,0,0,0.076002,0.994498,logprobs,Alibaba
11411,-37,-37,0,0,0,0.026107,0.997882,logprobs,Alibaba
11412,-37,-35,0,0,0,0.037458,0.997493,logprobs,Alibaba
11413,-37,-33,0,0,0,0.106899,0.994644,logprobs,Alibaba
11414,-37,-31,0,0,0,0.01248,0.998227,logprobs,Alibaba
11415,-37,-29,0,0,0,0.018159,0.997702,logprobs,Alibaba
11416,-37,-27,0,0,0,0.017973,0.998148,logprobs,Alibaba
11417,-37,-25,0,0,0,0.060327,0.991358,logprobs,Alibaba
11418,-37,-23,0,0,0,0.270602,0.989754,logprobs,Alibaba
11419,-37,-21,0,0,0,0.438937,0.990126,logprobs,Alibaba
11420,-37,-19,0,0,1,0.501985,0.993373,logprobs,Alibaba
11421,-37,-17,0,0,0,0.029494,0.996453,logprobs,Alibaba
11422,-37,-15,0,0,0,0.060402,0.993239,logprobs,Alibaba
11423,-37,-13,0,0,0,0.270086,0.977324,logprobs,Alibaba
11424,-37,-11,0,0,0,0.409528,0.969944,logprobs,Alibaba
11425,-37,-9,0,0,0,0.202385,0.978183,logprobs,Alibaba
11426,-37,-7,0,0,0,0.223789,0.961098,logprobs,Alibaba
11427,-37,-5,0,0,0,0.223123,0.99331,logprobs,Alibaba
11428,-37,-3,0,0,0,0.348896,0.998394,logprobs,Alibaba
11429,-37,-1,0,0,1,0.562479,0.998987,logprobs,Alibaba
11430,-37,1,0,0,0,0.202528,0.99828,logprobs,Alibaba
11431,-37,3,0,0,1,0.651527,0.999156,logprobs,Alibaba
11432,-37,5,0,0,0,0.095601,0.998184,logprobs,Alibaba
11433,-37,7,0,0,0,0.223311,0.997108,logprobs,Alibaba
11434,-37,9,0,0,0,0.119896,0.997806,logprobs,Alibaba
11435,-37,11,0,0,0,0.321579,0.997509,logprobs,Alibaba
11436,-37,13,0,0,0,0.269727,0.998744,logprobs,Alibaba
11437,-37,15,0,0,0,0.349553,0.99657,logprobs,Alibaba
11438,-37,17,0,0,1,0.53209,0.988188,logprobs,Alibaba
11439,-37,19,0,0,0,0.322894,0.991591,logprobs,Alibaba
11440,-37,21,0,0,0,0.245627,0.996502,logprobs,Alibaba
11441,-37,23,0,0,1,0.755156,0.99915,logprobs,Alibaba
11442,-37,25,0,0,1,0.867188,0.999485,logprobs,Alibaba
11443,-37,27,0,0,1,0.852148,0.999226,logprobs,Alibaba
11444,-37,29,0,0,1,0.880883,0.999458,logprobs,Alibaba
11445,-37,31,0,0,1,0.731387,0.999235,logprobs,Alibaba
11446,-37,33,0,0,0,0.349132,0.998404,logprobs,Alibaba
11447,-37,35,0,0,0,0.407654,0.998843,logprobs,Alibaba
11448,-37,37,0,0,1,0.622598,0.999219,logprobs,Alibaba
11449,-37,39,0,0,1,0.731422,0.998274,logprobs,Alibaba
11450,-37,41,0,0,0,0.29447,0.99518,logprobs,Alibaba
11451,-37,43,0,0,0,0.269684,0.998263,logprobs,Alibaba
11452,-37,45,0,0,0,0.119738,0.997871,logprobs,Alibaba
11453,-37,47,0,0,0,0.321635,0.998242,logprobs,Alibaba
11454,-37,49,0,0,0,0.183097,0.996856,logprobs,Alibaba
11455,-37,51,0,0,0,0.202035,0.998367,logprobs,Alibaba
11456,-37,53,0,0,0,0.223173,0.998627,logprobs,Alibaba
11457,-37,55,0,0,0,0.165534,0.998867,logprobs,Alibaba
11458,-37,57,0,0,0,0.16487,0.997205,logprobs,Alibaba
11459,-37,59,0,0,0,0.407844,0.99882,logprobs,Alibaba
11460,-37,61,0,0,0,0.223093,0.998671,logprobs,Alibaba
11461,-37,63,0,0,0,0.165519,0.998697,logprobs,Alibaba
11462,-37,65,0,0,0,0.29516,0.997972,logprobs,Alibaba
11463,-37,67,0,0,1,0.706594,0.998866,logprobs,Alibaba
11464,-37,69,0,0,1,0.592962,0.999141,logprobs,Alibaba
11465,-37,71,0,0,1,0.706062,0.999224,logprobs,Alibaba
11466,-37,73,0,0,0,0.349306,0.998491,logprobs,Alibaba
11467,-37,75,0,0,0,0.148449,0.997742,logprobs,Alibaba
11468,-37,77,0,0,0,0.438385,0.998648,logprobs,Alibaba
11469,-37,79,0,0,0,0.469476,0.998926,logprobs,Alibaba
11470,-37,81,0,0,0,0.119493,0.998711,logprobs,Alibaba
11471,-37,83,0,0,0,0.133275,0.999176,logprobs,Alibaba
11472,-37,85,0,0,0,0.294858,0.998623,logprobs,Alibaba
11473,-37,87,0,0,0,0.348904,0.999123,logprobs,Alibaba
11474,-37,89,0,0,0,0.042315,0.999058,logprobs,Alibaba
11475,-37,91,0,0,0,0.053612,0.998856,logprobs,Alibaba
11476,-37,93,0,0,0,0.053588,0.999408,logprobs,Alibaba
11477,-37,95,0,0,0,0.020435,0.999025,logprobs,Alibaba
11478,-37,97,0,0,0,0.3215,0.998728,logprobs,Alibaba
11479,-37,99,0,0,0,0.269364,0.998335,logprobs,Alibaba
11480,-37,101,0,0,0,0.033256,0.999367,logprobs,Alibaba
11481,-37,103,0,0,0,0.067823,0.99906,logprobs,Alibaba
11482,-37,105,0,0,0,0.060444,0.998853,logprobs,Alibaba
11483,-37,107,0,0,0,0.085332,0.998539,logprobs,Alibaba
11484,-37,109,0,0,0,0.053688,0.99926,logprobs,Alibaba
11485,-37,111,0,0,0,0.469325,0.998814,logprobs,Alibaba
11486,-37,113,0,0,0,0.148554,0.998197,logprobs,Alibaba
11487,-37,115,0,0,0,0.348923,0.994316,logprobs,Alibaba
11488,-37,117,0,0,1,0.651646,0.998915,logprobs,Alibaba
11489,-37,119,0,0,1,0.501855,0.996391,logprobs,Alibaba
11490,-37,121,0,0,0,0.202068,0.998576,logprobs,Alibaba
11491,-37,123,0,0,0,0.060274,0.998934,logprobs,Alibaba
11492,-37,125,0,0,0,0.042143,0.998681,logprobs,Alibaba
11493,-37,127,0,0,0,0.469295,0.998739,logprobs,Alibaba
11494,-37,129,0,0,0,0.047539,0.998925,logprobs,Alibaba
11495,-37,131,0,0,0,0.020388,0.999163,logprobs,Alibaba
11496,-37,133,0,0,0,0.246033,0.99784,logprobs,Alibaba
11497,-37,135,0,0,0,0.164892,0.999276,logprobs,Alibaba
11498,-37,137,0,0,0,0.096079,0.999358,logprobs,Alibaba
11499,-37,139,0,0,1,0.531985,0.998207,logprobs,Alibaba
11500,-37,141,1,1,1,0.939938,0.999662,logprobs,Alibaba
11501,-37,143,1,1,1,0.940007,0.999606,logprobs,Alibaba
11502,-37,145,1,1,1,0.946681,0.999583,logprobs,Alibaba
11503,-37,147,1,1,1,0.952634,0.99946,logprobs,Alibaba
11504,-37,149,1,1,1,0.957938,0.999756,logprobs,Alibaba
11505,-37,151,0,0,0,0.119566,0.998717,logprobs,Alibaba
11506,-37,153,0,0,0,0.037406,0.998512,logprobs,Alibaba
11507,-37,155,0,0,0,0.023057,0.999387,logprobs,Alibaba
11508,-37,157,0,0,0,0.026091,0.999379,logprobs,Alibaba
11509,-37,159,0,0,0,0.020415,0.999569,logprobs,Alibaba
11510,-37,161,0,0,0,0.007618,0.999528,logprobs,Alibaba
11511,-37,163,0,0,0,0.053647,0.999329,logprobs,Alibaba
11512,-37,165,0,0,0,0.029398,0.999475,logprobs,Alibaba
11513,-37,167,0,0,0,0.029381,0.999034,logprobs,Alibaba
11514,-37,169,0,0,0,0.469509,0.997,logprobs,Alibaba
11515,-37,171,0,0,0,0.245905,0.998347,logprobs,Alibaba
11516,-37,173,0,0,0,0.470335,0.998852,logprobs,Alibaba
11517,-37,175,1,1,1,0.777577,0.999278,logprobs,Alibaba
11518,-37,177,0,0,0,0.183009,0.997387,logprobs,Alibaba
11519,-37,179,0,0,0,0.06776,0.998958,logprobs,Alibaba
11520,-39,-179,0,0,0,0.042276,0.999511,logprobs,Alibaba
11521,-39,-177,0,0,0,0.026087,0.999581,logprobs,Alibaba
11522,-39,-175,0,0,0,0.095555,0.99903,logprobs,Alibaba
11523,-39,-173,0,0,0,0.037554,0.999335,logprobs,Alibaba
11524,-39,-171,0,0,0,0.014153,0.99964,logprobs,Alibaba
11525,-39,-169,0,0,0,0.023035,0.999582,logprobs,Alibaba
11526,-39,-167,0,0,0,0.060534,0.998768,logprobs,Alibaba
11527,-39,-165,0,0,0,0.033195,0.999211,logprobs,Alibaba
11528,-39,-163,0,0,0,0.00763,0.999403,logprobs,Alibaba
11529,-39,-161,0,0,0,0.004603,0.999634,logprobs,Alibaba
11530,-39,-159,0,0,0,0.009776,0.999499,logprobs,Alibaba
11531,-39,-157,0,0,0,0.009776,0.999366,logprobs,Alibaba
11532,-39,-155,0,0,0,0.037549,0.999188,logprobs,Alibaba
11533,-39,-153,0,0,0,0.011133,0.999163,logprobs,Alibaba
11534,-39,-151,0,0,0,0.053537,0.998313,logprobs,Alibaba
11535,-39,-149,0,0,0,0.042288,0.998368,logprobs,Alibaba
11536,-39,-147,0,0,0,0.060781,0.997939,logprobs,Alibaba
11537,-39,-145,0,0,0,0.012525,0.999393,logprobs,Alibaba
11538,-39,-143,0,0,0,0.008614,0.999543,logprobs,Alibaba
11539,-39,-141,0,0,0,0.018095,0.998744,logprobs,Alibaba
11540,-39,-139,0,0,0,0.003205,0.999581,logprobs,Alibaba
11541,-39,-137,0,0,0,0.020495,0.999181,logprobs,Alibaba
11542,-39,-135,0,0,0,0.012518,0.999353,logprobs,Alibaba
11543,-39,-133,0,0,0,0.016071,0.998321,logprobs,Alibaba
11544,-39,-131,0,0,0,0.00868,0.999578,logprobs,Alibaba
11545,-39,-129,0,0,0,0.011048,0.99939,logprobs,Alibaba
11546,-39,-127,0,0,0,0.008618,0.999385,logprobs,Alibaba
11547,-39,-125,0,0,0,0.012486,0.999197,logprobs,Alibaba
11548,-39,-123,0,0,0,0.009749,0.99899,logprobs,Alibaba
11549,-39,-121,0,0,1,0.652338,0.998416,logprobs,Alibaba
11550,-39,-119,0,0,1,0.818036,0.999375,logprobs,Alibaba
11551,-39,-117,0,0,0,0.348853,0.989936,logprobs,Alibaba
11552,-39,-115,0,0,0,0.03748,0.997161,logprobs,Alibaba
11553,-39,-113,0,0,1,0.755126,0.999354,logprobs,Alibaba
11554,-39,-111,0,0,1,0.881212,0.99927,logprobs,Alibaba
11555,-39,-109,0,0,1,0.817982,0.999012,logprobs,Alibaba
11556,-39,-107,0,0,1,0.755185,0.999016,logprobs,Alibaba
11557,-39,-105,0,0,1,0.731342,0.998789,logprobs,Alibaba
11558,-39,-103,0,0,1,0.946651,0.99943,logprobs,Alibaba
11559,-39,-101,0,0,1,0.940068,0.999225,logprobs,Alibaba
11560,-39,-99,0,0,1,0.982022,0.99974,logprobs,Alibaba
11561,-39,-97,0,0,1,0.924243,0.99941,logprobs,Alibaba
11562,-39,-95,0,0,1,0.706174,0.999149,logprobs,Alibaba
11563,-39,-93,0,0,1,0.62337,0.999123,logprobs,Alibaba
11564,-39,-91,0,0,0,0.321922,0.999055,logprobs,Alibaba
11565,-39,-89,0,0,0,0.269554,0.999088,logprobs,Alibaba
11566,-39,-87,0,0,1,0.867133,0.999406,logprobs,Alibaba
11567,-39,-85,0,0,0,0.469201,0.998798,logprobs,Alibaba
11568,-39,-83,0,0,1,0.500528,0.99835,logprobs,Alibaba
11569,-39,-81,0,0,0,0.182836,0.99695,logprobs,Alibaba
11570,-39,-79,0,0,1,0.755182,0.999074,logprobs,Alibaba
11571,-39,-77,0,0,1,0.652096,0.998957,logprobs,Alibaba
11572,-39,-75,0,0,0,0.085289,0.993245,logprobs,Alibaba
11573,-39,-73,1,1,1,0.867283,0.999303,logprobs,Alibaba
11574,-39,-71,1,1,1,0.924232,0.999527,logprobs,Alibaba
11575,-39,-69,1,1,1,0.852191,0.999414,logprobs,Alibaba
11576,-39,-67,1,1,1,0.798352,0.999356,logprobs,Alibaba
11577,-39,-65,1,1,1,0.755291,0.999185,logprobs,Alibaba
11578,-39,-63,1,1,0,0.133303,0.994671,logprobs,Alibaba
11579,-39,-61,0,0,0,0.02049,0.997456,logprobs,Alibaba
11580,-39,-59,0,0,0,0.408075,0.99937,logprobs,Alibaba
11581,-39,-57,0,0,0,0.270595,0.9989,logprobs,Alibaba
11582,-39,-55,0,0,0,0.164942,0.9983,logprobs,Alibaba
11583,-39,-53,0,0,0,0.04233,0.997187,logprobs,Alibaba
11584,-39,-51,0,0,0,0.020511,0.999109,logprobs,Alibaba
11585,-39,-49,0,0,0,0.133123,0.996879,logprobs,Alibaba
11586,-39,-47,0,0,1,0.531985,0.998472,logprobs,Alibaba
11587,-39,-45,0,0,0,0.133476,0.995259,logprobs,Alibaba
11588,-39,-43,0,0,1,0.531556,0.996704,logprobs,Alibaba
11589,-39,-41,0,0,0,0.076257,0.996183,logprobs,Alibaba
11590,-39,-39,0,0,0,0.029608,0.998517,logprobs,Alibaba
11591,-39,-37,0,0,0,0.037512,0.997165,logprobs,Alibaba
11592,-39,-35,0,0,0,0.047872,0.996505,logprobs,Alibaba
11593,-39,-33,0,0,0,0.119456,0.994837,logprobs,Alibaba
11594,-39,-31,0,0,0,0.023205,0.998702,logprobs,Alibaba
11595,-39,-29,0,0,0,0.085534,0.991343,logprobs,Alibaba
11596,-39,-27,0,0,0,0.095546,0.99469,logprobs,Alibaba
11597,-39,-25,0,0,0,0.133725,0.996983,logprobs,Alibaba
11598,-39,-23,0,0,0,0.469465,0.991965,logprobs,Alibaba
11599,-39,-21,0,0,0,0.469396,0.997405,logprobs,Alibaba
11600,-39,-19,0,0,0,0.469524,0.989334,logprobs,Alibaba
11601,-39,-17,0,0,0,0.183681,0.967866,logprobs,Alibaba
11602,-39,-15,0,0,0,0.246307,0.98343,logprobs,Alibaba
11603,-39,-13,0,0,1,0.593172,0.995754,logprobs,Alibaba
11604,-39,-11,0,0,0,0.245782,0.990699,logprobs,Alibaba
11605,-39,-9,0,0,0,0.202743,0.987674,logprobs,Alibaba
11606,-39,-7,0,0,1,0.593281,0.994675,logprobs,Alibaba
11607,-39,-5,0,0,0,0.294908,0.990343,logprobs,Alibaba
11608,-39,-3,0,0,0,0.408101,0.994363,logprobs,Alibaba
11609,-39,-1,0,0,0,0.295578,0.997488,logprobs,Alibaba
11610,-39,1,0,0,0,0.06785,0.998247,logprobs,Alibaba
11611,-39,3,0,0,0,0.165126,0.997798,logprobs,Alibaba
11612,-39,5,0,0,0,0.11973,0.996584,logprobs,Alibaba
11613,-39,7,0,0,1,0.593471,0.998167,logprobs,Alibaba
11614,-39,9,0,0,0,0.245724,0.998159,logprobs,Alibaba
11615,-39,11,0,0,0,0.438226,0.99834,logprobs,Alibaba
11616,-39,13,0,0,1,0.531616,0.998815,logprobs,Alibaba
11617,-39,15,0,0,1,0.532652,0.997765,logprobs,Alibaba
11618,-39,17,0,0,1,0.623787,0.991955,logprobs,Alibaba
11619,-39,19,0,0,1,0.867329,0.999348,logprobs,Alibaba
11620,-39,21,0,0,1,0.594604,0.998414,logprobs,Alibaba
11621,-39,23,0,0,1,0.755201,0.999295,logprobs,Alibaba
11622,-39,25,0,0,1,0.73148,0.999205,logprobs,Alibaba
11623,-39,27,0,0,1,0.777555,0.999001,logprobs,Alibaba
11624,-39,29,0,0,1,0.932546,0.999499,logprobs,Alibaba
11625,-39,31,0,0,1,0.502107,0.9965,logprobs,Alibaba
11626,-39,33,0,0,1,0.50065,0.99819,logprobs,Alibaba
11627,-39,35,0,0,0,0.469182,0.996612,logprobs,Alibaba
11628,-39,37,0,0,1,0.531655,0.99706,logprobs,Alibaba
11629,-39,39,0,0,0,0.222898,0.997793,logprobs,Alibaba
11630,-39,41,0,0,0,0.148442,0.998407,logprobs,Alibaba
11631,-39,43,0,0,0,0.269813,0.997265,logprobs,Alibaba
11632,-39,45,0,0,0,0.067705,0.998431,logprobs,Alibaba
11633,-39,47,0,0,0,0.11966,0.998127,logprobs,Alibaba
11634,-39,49,0,0,0,0.133476,0.997929,logprobs,Alibaba
11635,-39,51,0,0,0,0.076121,0.99865,logprobs,Alibaba
11636,-39,53,0,0,0,0.182955,0.998438,logprobs,Alibaba
11637,-39,55,0,0,0,0.029449,0.999237,logprobs,Alibaba
11638,-39,57,0,0,0,0.068032,0.998268,logprobs,Alibaba
11639,-39,59,0,0,0,0.085332,0.998239,logprobs,Alibaba
11640,-39,61,0,0,0,0.202317,0.999097,logprobs,Alibaba
11641,-39,63,0,0,0,0.107069,0.99846,logprobs,Alibaba
11642,-39,65,0,0,0,0.3215,0.997311,logprobs,Alibaba
11643,-39,67,0,0,0,0.43832,0.998233,logprobs,Alibaba
11644,-39,69,0,0,0,0.322432,0.9981,logprobs,Alibaba
11645,-39,71,0,0,0,0.469243,0.998348,logprobs,Alibaba
11646,-39,73,0,0,0,0.269638,0.998082,logprobs,Alibaba
11647,-39,75,0,0,0,0.107386,0.996562,logprobs,Alibaba
11648,-39,77,0,0,0,0.295856,0.998787,logprobs,Alibaba
11649,-39,79,0,0,0,0.148844,0.998852,logprobs,Alibaba
11650,-39,81,0,0,0,0.202378,0.998998,logprobs,Alibaba
11651,-39,83,0,0,0,0.202459,0.998983,logprobs,Alibaba
11652,-39,85,0,0,0,0.269834,0.998001,logprobs,Alibaba
11653,-39,87,0,0,0,0.321941,0.998675,logprobs,Alibaba
11654,-39,89,0,0,0,0.223396,0.998563,logprobs,Alibaba
11655,-39,91,0,0,0,0.04233,0.998313,logprobs,Alibaba
11656,-39,93,0,0,0,0.033272,0.999413,logprobs,Alibaba
11657,-39,95,0,0,0,0.023244,0.99924,logprobs,Alibaba
11658,-39,97,0,0,0,0.245396,0.998279,logprobs,Alibaba
11659,-39,99,0,0,1,0.651789,0.999166,logprobs,Alibaba
11660,-39,101,0,0,0,0.033309,0.999159,logprobs,Alibaba
11661,-39,103,0,0,0,0.095967,0.998604,logprobs,Alibaba
11662,-39,105,0,0,0,0.068186,0.998965,logprobs,Alibaba
11663,-39,107,0,0,0,0.133233,0.998705,logprobs,Alibaba
11664,-39,109,0,0,0,0.067776,0.999131,logprobs,Alibaba
11665,-39,111,0,0,0,0.029437,0.999542,logprobs,Alibaba
11666,-39,113,0,0,0,0.053781,0.999092,logprobs,Alibaba
11667,-39,115,0,0,0,0.133373,0.997047,logprobs,Alibaba
11668,-39,117,0,0,0,0.165126,0.995556,logprobs,Alibaba
11669,-39,119,0,0,0,0.183024,0.997346,logprobs,Alibaba
11670,-39,121,0,0,0,0.148432,0.998302,logprobs,Alibaba
11671,-39,123,0,0,0,0.023099,0.999135,logprobs,Alibaba
11672,-39,125,0,0,0,0.033177,0.999069,logprobs,Alibaba
11673,-39,127,0,0,0,0.020398,0.999343,logprobs,Alibaba
11674,-39,129,0,0,0,0.029406,0.999246,logprobs,Alibaba
11675,-39,131,0,0,0,0.026034,0.999145,logprobs,Alibaba
11676,-39,133,0,0,0,0.224819,0.999047,logprobs,Alibaba
11677,-39,135,0,0,0,0.165298,0.999087,logprobs,Alibaba
11678,-39,137,0,0,0,0.165543,0.999297,logprobs,Alibaba
11679,-39,139,0,0,0,0.067797,0.999103,logprobs,Alibaba
11680,-39,141,0,0,1,0.500536,0.998652,logprobs,Alibaba
11681,-39,143,0,0,0,0.202373,0.997657,logprobs,Alibaba
11682,-39,145,0,0,0,0.294948,0.996266,logprobs,Alibaba
11683,-39,147,0,0,1,0.531814,0.998825,logprobs,Alibaba
11684,-39,149,0,0,0,0.148392,0.994177,logprobs,Alibaba
11685,-39,151,0,0,0,0.133427,0.997844,logprobs,Alibaba
11686,-39,153,0,0,0,0.060327,0.998516,logprobs,Alibaba
11687,-39,155,0,0,0,0.047501,0.999515,logprobs,Alibaba
11688,-39,157,0,0,0,0.047808,0.999315,logprobs,Alibaba
11689,-39,159,0,0,0,0.060394,0.999611,logprobs,Alibaba
11690,-39,161,0,0,0,0.053737,0.999684,logprobs,Alibaba
11691,-39,163,0,0,0,0.076072,0.999479,logprobs,Alibaba
11692,-39,165,0,0,0,0.095577,0.999264,logprobs,Alibaba
11693,-39,167,0,0,0,0.11973,0.998895,logprobs,Alibaba
11694,-39,169,0,0,0,0.270564,0.994399,logprobs,Alibaba
11695,-39,171,0,0,1,0.531789,0.998724,logprobs,Alibaba
11696,-39,173,0,0,1,0.777839,0.999277,logprobs,Alibaba
11697,-39,175,1,1,1,0.817738,0.99953,logprobs,Alibaba
11698,-39,177,1,1,0,0.245536,0.998165,logprobs,Alibaba
11699,-39,179,0,0,0,0.053551,0.999129,logprobs,Alibaba
11700,-41,-179,0,0,0,0.023099,0.999565,logprobs,Alibaba
11701,-41,-177,0,0,0,0.020601,0.999261,logprobs,Alibaba
11702,-41,-175,0,0,0,0.037458,0.999116,logprobs,Alibaba
11703,-41,-173,0,0,0,0.106976,0.998942,logprobs,Alibaba
11704,-41,-171,0,0,0,0.03749,0.999297,logprobs,Alibaba
11705,-41,-169,0,0,0,0.026164,0.998721,logprobs,Alibaba
11706,-41,-167,0,0,0,0.023076,0.99924,logprobs,Alibaba
11707,-41,-165,0,0,0,0.012546,0.998951,logprobs,Alibaba
11708,-41,-163,0,0,0,0.012557,0.999277,logprobs,Alibaba
11709,-41,-161,0,0,0,0.004644,0.999545,logprobs,Alibaba
11710,-41,-159,0,0,0,0.007618,0.99918,logprobs,Alibaba
11711,-41,-157,0,0,0,0.007625,0.999302,logprobs,Alibaba
11712,-41,-155,0,0,0,0.012488,0.999395,logprobs,Alibaba
11713,-41,-153,0,0,0,0.015976,0.999006,logprobs,Alibaba
11714,-41,-151,0,0,0,0.085474,0.9976,logprobs,Alibaba
11715,-41,-149,0,0,0,0.133153,0.996633,logprobs,Alibaba
11716,-41,-147,0,0,0,0.269639,0.998235,logprobs,Alibaba
11717,-41,-145,0,0,0,0.060298,0.996489,logprobs,Alibaba
11718,-41,-143,0,0,0,0.037649,0.997847,logprobs,Alibaba
11719,-41,-141,0,0,0,0.085534,0.997715,logprobs,Alibaba
11720,-41,-139,0,0,0,0.007607,0.999521,logprobs,Alibaba
11721,-41,-137,0,0,0,0.037458,0.997093,logprobs,Alibaba
11722,-41,-135,0,0,0,0.026124,0.99815,logprobs,Alibaba
11723,-41,-133,0,0,0,0.023079,0.997094,logprobs,Alibaba
11724,-41,-131,0,0,0,0.014139,0.999197,logprobs,Alibaba
11725,-41,-129,0,0,0,0.014105,0.998626,logprobs,Alibaba
11726,-41,-127,0,0,0,0.012517,0.998343,logprobs,Alibaba
11727,-41,-125,0,0,0,0.018075,0.998578,logprobs,Alibaba
11728,-41,-123,0,0,0,0.053555,0.995462,logprobs,Alibaba
11729,-41,-121,0,0,1,0.755144,0.998855,logprobs,Alibaba
11730,-41,-119,0,0,1,0.623496,0.998824,logprobs,Alibaba
11731,-41,-117,0,0,1,0.651704,0.998784,logprobs,Alibaba
11732,-41,-115,0,0,0,0.068045,0.993117,logprobs,Alibaba
11733,-41,-113,0,0,1,0.531646,0.998551,logprobs,Alibaba
11734,-41,-111,0,0,1,0.652446,0.998951,logprobs,Alibaba
11735,-41,-109,0,0,1,0.623174,0.998657,logprobs,Alibaba
11736,-41,-107,0,0,1,0.502098,0.997149,logprobs,Alibaba
11737,-41,-105,0,0,1,0.500637,0.997899,logprobs,Alibaba
11738,-41,-103,0,0,1,0.777731,0.999176,logprobs,Alibaba
11739,-41,-101,0,0,1,0.893513,0.999479,logprobs,Alibaba
11740,-41,-99,0,0,1,0.904745,0.999332,logprobs,Alibaba
11741,-41,-97,0,0,1,0.817987,0.998918,logprobs,Alibaba
11742,-41,-95,0,0,0,0.269365,0.994344,logprobs,Alibaba
11743,-41,-93,0,0,1,0.777683,0.999071,logprobs,Alibaba
11744,-41,-91,0,0,0,0.408001,0.998901,logprobs,Alibaba
11745,-41,-89,0,0,0,0.245701,0.99803,logprobs,Alibaba
11746,-41,-87,0,0,0,0.22321,0.996635,logprobs,Alibaba
11747,-41,-85,0,0,0,0.18314,0.992806,logprobs,Alibaba
11748,-41,-83,0,0,0,0.076043,0.997434,logprobs,Alibaba
11749,-41,-81,0,0,0,0.22321,0.993846,logprobs,Alibaba
11750,-41,-79,0,0,0,0.321412,0.988263,logprobs,Alibaba
11751,-41,-77,0,0,1,0.651719,0.998875,logprobs,Alibaba
11752,-41,-75,0,0,0,0.164939,0.997474,logprobs,Alibaba
11753,-41,-73,1,1,0,0.321558,0.998952,logprobs,Alibaba
11754,-41,-71,1,1,1,0.706169,0.998826,logprobs,Alibaba
11755,-41,-69,1,1,1,0.867167,0.999483,logprobs,Alibaba
11756,-41,-67,1,1,1,0.835601,0.99922,logprobs,Alibaba
11757,-41,-65,0,0,1,0.531953,0.996138,logprobs,Alibaba
11758,-41,-63,1,1,0,0.042259,0.999035,logprobs,Alibaba
11759,-41,-61,0,0,0,0.023085,0.999518,logprobs,Alibaba
11760,-41,-59,0,0,0,0.033545,0.997114,logprobs,Alibaba
11761,-41,-57,0,0,0,0.018071,0.99772,logprobs,Alibaba
11762,-41,-55,0,0,0,0.007608,0.999099,logprobs,Alibaba
11763,-41,-53,0,0,0,0.023179,0.998448,logprobs,Alibaba
11764,-41,-51,0,0,0,0.020431,0.997677,logprobs,Alibaba
11765,-41,-49,0,0,0,0.033177,0.997981,logprobs,Alibaba
11766,-41,-47,0,0,0,0.16531,0.990989,logprobs,Alibaba
11767,-41,-45,0,0,0,0.053588,0.998038,logprobs,Alibaba
11768,-41,-43,0,0,0,0.14886,0.99481,logprobs,Alibaba
11769,-41,-41,0,0,0,0.047631,0.994803,logprobs,Alibaba
11770,-41,-39,0,0,0,0.095692,0.994007,logprobs,Alibaba
11771,-41,-37,0,0,0,0.107241,0.997471,logprobs,Alibaba
11772,-41,-35,0,0,0,0.047579,0.9955,logprobs,Alibaba
11773,-41,-33,0,0,0,0.095764,0.996479,logprobs,Alibaba
11774,-41,-31,0,0,0,0.026065,0.997507,logprobs,Alibaba
11775,-41,-29,0,0,0,0.029441,0.996013,logprobs,Alibaba
11776,-41,-27,0,0,0,0.165217,0.992764,logprobs,Alibaba
11777,-41,-25,0,0,0,0.085357,0.995057,logprobs,Alibaba
11778,-41,-23,0,0,1,0.563086,0.99675,logprobs,Alibaba
11779,-41,-21,0,0,0,0.11966,0.993322,logprobs,Alibaba
11780,-41,-19,0,0,1,0.623079,0.992919,logprobs,Alibaba
11781,-41,-17,0,0,0,0.22382,0.945286,logprobs,Alibaba
11782,-41,-15,0,0,0,0.149413,0.98336,logprobs,Alibaba
11783,-41,-13,0,0,0,0.438491,0.988658,logprobs,Alibaba
11784,-41,-11,0,0,0,0.349413,0.95322,logprobs,Alibaba
11785,-41,-9,0,0,0,0.246159,0.994055,logprobs,Alibaba
11786,-41,-7,0,0,1,0.532288,0.990306,logprobs,Alibaba
11787,-41,-5,0,0,0,0.223486,0.990661,logprobs,Alibaba
11788,-41,-3,0,0,0,0.295279,0.994942,logprobs,Alibaba
11789,-41,-1,0,0,0,0.378607,0.996688,logprobs,Alibaba
11790,-41,1,0,0,0,0.095488,0.99939,logprobs,Alibaba
11791,-41,3,0,0,0,0.269182,0.998274,logprobs,Alibaba
11792,-41,5,0,0,0,0.085608,0.987744,logprobs,Alibaba
11793,-41,7,0,0,0,0.377862,0.992817,logprobs,Alibaba
11794,-41,9,0,0,0,0.148302,0.99825,logprobs,Alibaba
11795,-41,11,0,0,0,0.469056,0.998134,logprobs,Alibaba
11796,-41,13,0,0,1,0.531843,0.998152,logprobs,Alibaba
11797,-41,15,0,0,1,0.59309,0.997375,logprobs,Alibaba
11798,-41,17,0,0,1,0.651759,0.995193,logprobs,Alibaba
11799,-41,19,0,0,1,0.56379,0.996207,logprobs,Alibaba
11800,-41,21,0,0,1,0.680163,0.998921,logprobs,Alibaba
11801,-41,23,0,0,1,0.531735,0.998139,logprobs,Alibaba
11802,-41,25,0,0,1,0.562997,0.996966,logprobs,Alibaba
11803,-41,27,0,0,1,0.562665,0.997865,logprobs,Alibaba
11804,-41,29,0,0,1,0.624283,0.995695,logprobs,Alibaba
11805,-41,31,0,0,0,0.202336,0.997267,logprobs,Alibaba
11806,-41,33,0,0,0,0.407649,0.997864,logprobs,Alibaba
11807,-41,35,0,0,0,0.133316,0.998259,logprobs,Alibaba
11808,-41,37,0,0,0,0.182759,0.997132,logprobs,Alibaba
11809,-41,39,0,0,0,0.182759,0.998158,logprobs,Alibaba
11810,-41,41,0,0,0,0.245473,0.997908,logprobs,Alibaba
11811,-41,43,0,0,0,0.407999,0.998094,logprobs,Alibaba
11812,-41,45,0,0,0,0.095551,0.997857,logprobs,Alibaba
11813,-41,47,0,0,0,0.085398,0.996476,logprobs,Alibaba
11814,-41,49,0,0,0,0.037548,0.998574,logprobs,Alibaba
11815,-41,51,0,0,0,0.03748,0.998041,logprobs,Alibaba
11816,-41,53,0,0,0,0.060268,0.998927,logprobs,Alibaba
11817,-41,55,0,0,0,0.023026,0.999359,logprobs,Alibaba
11818,-41,57,0,0,0,0.037523,0.997921,logprobs,Alibaba
11819,-41,59,0,0,0,0.053555,0.998814,logprobs,Alibaba
11820,-41,61,0,0,0,0.148596,0.9983,logprobs,Alibaba
11821,-41,63,0,0,0,0.119423,0.998083,logprobs,Alibaba
11822,-41,65,0,0,0,0.269509,0.997352,logprobs,Alibaba
11823,-41,67,0,0,0,0.294948,0.998352,logprobs,Alibaba
11824,-41,69,0,0,0,0.321729,0.996641,logprobs,Alibaba
11825,-41,71,0,0,1,0.623079,0.998964,logprobs,Alibaba
11826,-41,73,0,0,0,0.438264,0.998222,logprobs,Alibaba
11827,-41,75,0,0,0,0.223145,0.994276,logprobs,Alibaba
11828,-41,77,0,0,0,0.408426,0.997991,logprobs,Alibaba
11829,-41,79,0,0,0,0.183257,0.998624,logprobs,Alibaba
11830,-41,81,0,0,0,0.183018,0.998624,logprobs,Alibaba
11831,-41,83,0,0,0,0.182786,0.998708,logprobs,Alibaba
11832,-41,85,0,0,0,0.1651,0.998742,logprobs,Alibaba
11833,-41,87,0,0,0,0.183409,0.998993,logprobs,Alibaba
11834,-41,89,0,0,0,0.182752,0.998692,logprobs,Alibaba
11835,-41,91,0,0,0,0.076257,0.998115,logprobs,Alibaba
11836,-41,93,0,0,0,0.033245,0.998224,logprobs,Alibaba
11837,-41,95,0,0,0,0.029461,0.998879,logprobs,Alibaba
11838,-41,97,0,0,0,0.076186,0.997905,logprobs,Alibaba
11839,-41,99,0,0,0,0.04768,0.999467,logprobs,Alibaba
11840,-41,101,0,0,0,0.033216,0.999351,logprobs,Alibaba
11841,-41,103,0,0,0,0.037466,0.999171,logprobs,Alibaba
11842,-41,105,0,0,0,0.033236,0.999317,logprobs,Alibaba
11843,-41,107,0,0,0,0.085662,0.998045,logprobs,Alibaba
11844,-41,109,0,0,0,0.029449,0.999393,logprobs,Alibaba
11845,-41,111,0,0,0,0.026184,0.999274,logprobs,Alibaba
11846,-41,113,0,0,0,0.060308,0.997193,logprobs,Alibaba
11847,-41,115,0,0,0,0.106922,0.993359,logprobs,Alibaba
11848,-41,117,0,0,0,0.165135,0.996311,logprobs,Alibaba
11849,-41,119,0,0,0,0.053507,0.99774,logprobs,Alibaba
11850,-41,121,0,0,0,0.085421,0.998757,logprobs,Alibaba
11851,-41,123,0,0,0,0.067652,0.99823,logprobs,Alibaba
11852,-41,125,0,0,0,0.053493,0.99728,logprobs,Alibaba
11853,-41,127,0,0,0,0.053698,0.998511,logprobs,Alibaba
11854,-41,129,0,0,0,0.037517,0.998972,logprobs,Alibaba
11855,-41,131,0,0,0,0.020385,0.999183,logprobs,Alibaba
11856,-41,133,0,0,0,0.060327,0.999067,logprobs,Alibaba
11857,-41,135,0,0,0,0.183024,0.999059,logprobs,Alibaba
11858,-41,137,0,0,0,0.076195,0.999011,logprobs,Alibaba
11859,-41,139,0,0,0,0.202751,0.998038,logprobs,Alibaba
11860,-41,141,0,0,0,0.269711,0.997281,logprobs,Alibaba
11861,-41,143,0,0,0,0.183074,0.999137,logprobs,Alibaba
11862,-41,145,1,1,0,0.469362,0.998126,logprobs,Alibaba
11863,-41,147,1,1,0,0.438316,0.999112,logprobs,Alibaba
11864,-41,149,0,0,0,0.438863,0.998977,logprobs,Alibaba
11865,-41,151,0,0,0,0.085474,0.998895,logprobs,Alibaba
11866,-41,153,0,0,0,0.023069,0.998607,logprobs,Alibaba
11867,-41,155,0,0,0,0.14886,0.998089,logprobs,Alibaba
11868,-41,157,0,0,0,0.060435,0.999306,logprobs,Alibaba
11869,-41,159,0,0,0,0.067871,0.999576,logprobs,Alibaba
11870,-41,161,0,0,0,0.009753,0.999428,logprobs,Alibaba
11871,-41,163,0,0,0,0.085391,0.997167,logprobs,Alibaba
11872,-41,165,0,0,0,0.223157,0.998443,logprobs,Alibaba
11873,-41,167,0,0,0,0.438644,0.998651,logprobs,Alibaba
11874,-41,169,0,0,0,0.269621,0.998987,logprobs,Alibaba
11875,-41,171,0,0,1,0.593125,0.999126,logprobs,Alibaba
11876,-41,173,1,1,1,0.593254,0.999325,logprobs,Alibaba
11877,-41,175,1,1,0,0.246276,0.999239,logprobs,Alibaba
11878,-41,177,0,0,0,0.04223,0.999348,logprobs,Alibaba
11879,-41,179,0,0,0,0.037414,0.999193,logprobs,Alibaba
11880,-43,-179,0,0,0,0.018246,0.999493,logprobs,Alibaba
11881,-43,-177,0,0,0,0.018034,0.999362,logprobs,Alibaba
11882,-43,-175,0,0,0,0.020504,0.999032,logprobs,Alibaba
11883,-43,-173,0,0,0,0.006771,0.99966,logprobs,Alibaba
11884,-43,-171,0,0,0,0.012498,0.999379,logprobs,Alibaba
11885,-43,-169,0,0,0,0.016128,0.998766,logprobs,Alibaba
11886,-43,-167,0,0,0,0.023076,0.998655,logprobs,Alibaba
11887,-43,-165,0,0,0,0.014197,0.999075,logprobs,Alibaba
11888,-43,-163,0,0,0,0.012488,0.999278,logprobs,Alibaba
11889,-43,-161,0,0,0,0.015981,0.999082,logprobs,Alibaba
11890,-43,-159,0,0,0,0.00863,0.999438,logprobs,Alibaba
11891,-43,-157,0,0,0,0.009765,0.99933,logprobs,Alibaba
11892,-43,-155,0,0,0,0.014183,0.999096,logprobs,Alibaba
11893,-43,-153,0,0,0,0.01107,0.999307,logprobs,Alibaba
11894,-43,-151,0,0,0,0.033304,0.997873,logprobs,Alibaba
11895,-43,-149,0,0,0,0.076348,0.998517,logprobs,Alibaba
11896,-43,-147,0,0,0,0.067901,0.997736,logprobs,Alibaba
11897,-43,-145,0,0,0,0.026124,0.998367,logprobs,Alibaba
11898,-43,-143,0,0,0,0.020428,0.999081,logprobs,Alibaba
11899,-43,-141,0,0,0,0.029437,0.998947,logprobs,Alibaba
11900,-43,-139,0,0,0,0.009764,0.999171,logprobs,Alibaba
11901,-43,-137,0,0,0,0.029393,0.998408,logprobs,Alibaba
11902,-43,-135,0,0,0,0.037439,0.998093,logprobs,Alibaba
11903,-43,-133,0,0,0,0.026214,0.997328,logprobs,Alibaba
11904,-43,-131,0,0,0,0.018089,0.9989,logprobs,Alibaba
11905,-43,-129,0,0,0,0.015939,0.999118,logprobs,Alibaba
11906,-43,-127,0,0,0,0.014142,0.99927,logprobs,Alibaba
11907,-43,-125,0,0,0,0.012507,0.999351,logprobs,Alibaba
11908,-43,-123,0,0,0,0.06032,0.995994,logprobs,Alibaba
11909,-43,-121,0,0,0,0.166421,0.988399,logprobs,Alibaba
11910,-43,-119,0,0,0,0.26925,0.993497,logprobs,Alibaba
11911,-43,-117,0,0,0,0.085411,0.993163,logprobs,Alibaba
11912,-43,-115,0,0,0,0.067898,0.996007,logprobs,Alibaba
11913,-43,-113,0,0,1,0.531721,0.998097,logprobs,Alibaba
11914,-43,-111,0,0,1,0.562532,0.998655,logprobs,Alibaba
11915,-43,-109,0,0,0,0.023043,0.999113,logprobs,Alibaba
11916,-43,-107,0,0,1,0.531652,0.998436,logprobs,Alibaba
11917,-43,-105,0,0,0,0.270237,0.996267,logprobs,Alibaba
11918,-43,-103,0,0,0,0.120905,0.996001,logprobs,Alibaba
11919,-43,-101,0,0,0,0.183101,0.995889,logprobs,Alibaba
11920,-43,-99,0,0,1,0.777722,0.999226,logprobs,Alibaba
11921,-43,-97,0,0,0,0.085289,0.997531,logprobs,Alibaba
11922,-43,-95,0,0,0,0.004095,0.999683,logprobs,Alibaba
11923,-43,-93,0,0,0,0.047733,0.998725,logprobs,Alibaba
11924,-43,-91,0,0,0,0.202286,0.99779,logprobs,Alibaba
11925,-43,-89,0,0,0,0.067679,0.997099,logprobs,Alibaba
11926,-43,-87,0,0,0,0.076072,0.998603,logprobs,Alibaba
11927,-43,-85,0,0,0,0.076057,0.998634,logprobs,Alibaba
11928,-43,-83,0,0,0,0.060278,0.998478,logprobs,Alibaba
11929,-43,-81,0,0,0,0.14862,0.996836,logprobs,Alibaba
11930,-43,-79,0,0,0,0.182955,0.991143,logprobs,Alibaba
11931,-43,-77,0,0,0,0.119759,0.998866,logprobs,Alibaba
11932,-43,-75,0,0,0,0.020381,0.998715,logprobs,Alibaba
11933,-43,-73,0,0,0,0.164852,0.998817,logprobs,Alibaba
11934,-43,-71,1,1,0,0.202734,0.994352,logprobs,Alibaba
11935,-43,-69,1,1,1,0.67955,0.998519,logprobs,Alibaba
11936,-43,-67,1,1,0,0.294778,0.994972,logprobs,Alibaba
11937,-43,-65,1,1,0,0.085681,0.997469,logprobs,Alibaba
11938,-43,-63,0,0,0,0.053804,0.997862,logprobs,Alibaba
11939,-43,-61,0,0,0,0.053715,0.998657,logprobs,Alibaba
11940,-43,-59,0,0,0,0.107072,0.993958,logprobs,Alibaba
11941,-43,-57,0,0,0,0.020431,0.99906,logprobs,Alibaba
11942,-43,-55,0,0,0,0.023073,0.997436,logprobs,Alibaba
11943,-43,-53,0,0,0,0.020471,0.998694,logprobs,Alibaba
11944,-43,-51,0,0,0,0.037512,0.997904,logprobs,Alibaba
11945,-43,-49,0,0,0,0.223844,0.998212,logprobs,Alibaba
11946,-43,-47,0,0,0,0.119676,0.996528,logprobs,Alibaba
11947,-43,-45,0,0,0,0.095783,0.997916,logprobs,Alibaba
11948,-43,-43,0,0,0,0.018047,0.998148,logprobs,Alibaba
11949,-43,-41,0,0,0,0.076186,0.993939,logprobs,Alibaba
11950,-43,-39,0,0,0,0.085838,0.993096,logprobs,Alibaba
11951,-43,-37,0,0,0,0.067713,0.996483,logprobs,Alibaba
11952,-43,-35,0,0,0,0.033218,0.996929,logprobs,Alibaba
11953,-43,-33,0,0,0,0.067975,0.996747,logprobs,Alibaba
11954,-43,-31,0,0,0,0.026068,0.997435,logprobs,Alibaba
11955,-43,-29,0,0,0,0.042551,0.997208,logprobs,Alibaba
11956,-43,-27,0,0,0,0.026164,0.997706,logprobs,Alibaba
11957,-43,-25,0,0,0,0.095635,0.993857,logprobs,Alibaba
11958,-43,-23,0,0,0,0.223276,0.990476,logprobs,Alibaba
11959,-43,-21,0,0,0,0.223708,0.985,logprobs,Alibaba
11960,-43,-19,0,0,0,0.469711,0.993882,logprobs,Alibaba
11961,-43,-17,0,0,0,0.202988,0.984601,logprobs,Alibaba
11962,-43,-15,0,0,0,0.29495,0.98789,logprobs,Alibaba
11963,-43,-13,0,0,0,0.271647,0.989761,logprobs,Alibaba
11964,-43,-11,0,0,0,0.439369,0.994959,logprobs,Alibaba
11965,-43,-9,0,0,0,0.246039,0.990641,logprobs,Alibaba
11966,-43,-7,0,0,0,0.245927,0.992717,logprobs,Alibaba
11967,-43,-5,0,0,0,0.183294,0.992139,logprobs,Alibaba
11968,-43,-3,0,0,0,0.133483,0.997812,logprobs,Alibaba
11969,-43,-1,0,0,0,0.223396,0.997106,logprobs,Alibaba
11970,-43,1,0,0,0,0.119459,0.997238,logprobs,Alibaba
11971,-43,3,0,0,0,0.223315,0.995397,logprobs,Alibaba
11972,-43,5,0,0,0,0.076249,0.99453,logprobs,Alibaba
11973,-43,7,0,0,0,0.148387,0.996759,logprobs,Alibaba
11974,-43,9,0,0,0,0.133422,0.998619,logprobs,Alibaba
11975,-43,11,0,0,0,0.321388,0.998682,logprobs,Alibaba
11976,-43,13,0,0,0,0.322653,0.9977,logprobs,Alibaba
11977,-43,15,0,0,0,0.1655,0.991838,logprobs,Alibaba
11978,-43,17,0,0,0,0.29619,0.987479,logprobs,Alibaba
11979,-43,19,0,0,0,0.349745,0.992559,logprobs,Alibaba
11980,-43,21,0,0,0,0.43889,0.997533,logprobs,Alibaba
11981,-43,23,0,0,0,0.223138,0.997399,logprobs,Alibaba
11982,-43,25,0,0,0,0.29505,0.997323,logprobs,Alibaba
11983,-43,27,0,0,0,0.294819,0.996003,logprobs,Alibaba
11984,-43,29,0,0,1,0.593559,0.998017,logprobs,Alibaba
11985,-43,31,0,0,0,0.321412,0.995724,logprobs,Alibaba
11986,-43,33,0,0,0,0.321546,0.99656,logprobs,Alibaba
11987,-43,35,0,0,0,0.182949,0.997477,logprobs,Alibaba
11988,-43,37,0,0,0,0.202221,0.996183,logprobs,Alibaba
11989,-43,39,0,0,0,0.202875,0.997107,logprobs,Alibaba
11990,-43,41,0,0,0,0.202067,0.995498,logprobs,Alibaba
11991,-43,43,0,0,0,0.107105,0.997938,logprobs,Alibaba
11992,-43,45,0,0,0,0.119851,0.998895,logprobs,Alibaba
11993,-43,47,0,0,0,0.148607,0.996998,logprobs,Alibaba
11994,-43,49,0,0,0,0.148643,0.997957,logprobs,Alibaba
11995,-43,51,0,0,0,0.133557,0.998363,logprobs,Alibaba
11996,-43,53,0,0,0,0.164762,0.998082,logprobs,Alibaba
11997,-43,55,0,0,0,0.095831,0.998288,logprobs,Alibaba
11998,-43,57,0,0,0,0.096141,0.997996,logprobs,Alibaba
11999,-43,59,0,0,0,0.133309,0.998495,logprobs,Alibaba
12000,-43,61,0,0,0,0.183186,0.998877,logprobs,Alibaba
12001,-43,63,0,0,0,0.245867,0.998319,logprobs,Alibaba
12002,-43,65,0,0,0,0.349273,0.998197,logprobs,Alibaba
12003,-43,67,0,0,0,0.269363,0.998032,logprobs,Alibaba
12004,-43,69,0,0,0,0.32121,0.998487,logprobs,Alibaba
12005,-43,71,0,0,0,0.469097,0.998385,logprobs,Alibaba
12006,-43,73,0,0,0,0.295149,0.997395,logprobs,Alibaba
12007,-43,75,0,0,0,0.223313,0.99815,logprobs,Alibaba
12008,-43,77,0,0,0,0.269621,0.997145,logprobs,Alibaba
12009,-43,79,0,0,0,0.349402,0.998538,logprobs,Alibaba
12010,-43,81,0,0,0,0.294753,0.998505,logprobs,Alibaba
12011,-43,83,0,0,0,0.37837,0.997726,logprobs,Alibaba
12012,-43,85,0,0,0,0.40803,0.998152,logprobs,Alibaba
12013,-43,87,0,0,0,0.469569,0.997419,logprobs,Alibaba
12014,-43,89,0,0,0,0.407524,0.996801,logprobs,Alibaba
12015,-43,91,0,0,0,0.119559,0.999065,logprobs,Alibaba
12016,-43,93,0,0,0,0.085312,0.998968,logprobs,Alibaba
12017,-43,95,0,0,0,0.060426,0.99874,logprobs,Alibaba
12018,-43,97,0,0,0,0.119637,0.998486,logprobs,Alibaba
12019,-43,99,0,0,0,0.085463,0.999094,logprobs,Alibaba
12020,-43,101,0,0,0,0.033266,0.998898,logprobs,Alibaba
12021,-43,103,0,0,0,0.085601,0.99843,logprobs,Alibaba
12022,-43,105,0,0,0,0.095979,0.997678,logprobs,Alibaba
12023,-43,107,0,0,0,0.107137,0.998602,logprobs,Alibaba
12024,-43,109,0,0,0,0.042274,0.999189,logprobs,Alibaba
12025,-43,111,0,0,0,0.042418,0.998838,logprobs,Alibaba
12026,-43,113,0,0,0,0.076195,0.998299,logprobs,Alibaba
12027,-43,115,0,0,0,0.202378,0.995908,logprobs,Alibaba
12028,-43,117,0,0,0,0.133369,0.998467,logprobs,Alibaba
12029,-43,119,0,0,0,0.095905,0.998762,logprobs,Alibaba
12030,-43,121,0,0,0,0.095533,0.998653,logprobs,Alibaba
12031,-43,123,0,0,0,0.067925,0.997828,logprobs,Alibaba
12032,-43,125,0,0,0,0.042192,0.999184,logprobs,Alibaba
12033,-43,127,0,0,0,0.026036,0.999291,logprobs,Alibaba
12034,-43,129,0,0,0,0.067678,0.997715,logprobs,Alibaba
12035,-43,131,0,0,0,0.076133,0.998621,logprobs,Alibaba
12036,-43,133,0,0,0,0.107305,0.998456,logprobs,Alibaba
12037,-43,135,0,0,0,0.095585,0.99865,logprobs,Alibaba
12038,-43,137,0,0,0,0.053679,0.998813,logprobs,Alibaba
12039,-43,139,0,0,0,0.053582,0.999192,logprobs,Alibaba
12040,-43,141,0,0,0,0.269529,0.997354,logprobs,Alibaba
12041,-43,143,0,0,0,0.202538,0.998115,logprobs,Alibaba
12042,-43,145,0,0,0,0.245663,0.9976,logprobs,Alibaba
12043,-43,147,1,1,0,0.378665,0.998786,logprobs,Alibaba
12044,-43,149,0,0,0,0.164992,0.998897,logprobs,Alibaba
12045,-43,151,0,0,0,0.202461,0.996982,logprobs,Alibaba
12046,-43,153,0,0,0,0.120144,0.998316,logprobs,Alibaba
12047,-43,155,0,0,0,0.060358,0.998346,logprobs,Alibaba
12048,-43,157,0,0,0,0.04233,0.998941,logprobs,Alibaba
12049,-43,159,0,0,0,0.053571,0.998477,logprobs,Alibaba
12050,-43,161,0,0,0,0.015977,0.999371,logprobs,Alibaba
12051,-43,163,0,0,0,0.07647,0.997199,logprobs,Alibaba
12052,-43,165,0,0,0,0.202157,0.997404,logprobs,Alibaba
12053,-43,167,0,0,0,0.469438,0.998499,logprobs,Alibaba
12054,-43,169,0,0,0,0.469295,0.998631,logprobs,Alibaba
12055,-43,171,1,1,0,0.438807,0.998776,logprobs,Alibaba
12056,-43,173,1,1,1,0.706252,0.998537,logprobs,Alibaba
12057,-43,175,0,0,0,0.349447,0.998763,logprobs,Alibaba
12058,-43,177,0,0,0,0.047498,0.999122,logprobs,Alibaba
12059,-43,179,0,0,0,0.047618,0.9993,logprobs,Alibaba
12060,-45,-179,0,0,0,0.014098,0.999604,logprobs,Alibaba
12061,-45,-177,0,0,0,0.009741,0.999537,logprobs,Alibaba
12062,-45,-175,0,0,0,0.011033,0.999401,logprobs,Alibaba
12063,-45,-173,0,0,0,0.006712,0.999528,logprobs,Alibaba
12064,-45,-171,0,0,0,0.016036,0.999454,logprobs,Alibaba
12065,-45,-169,0,0,0,0.016006,0.99884,logprobs,Alibaba
12066,-45,-167,0,0,0,0.012551,0.999039,logprobs,Alibaba
12067,-45,-165,0,0,0,0.008645,0.999163,logprobs,Alibaba
12068,-45,-163,0,0,0,0.011029,0.999291,logprobs,Alibaba
12069,-45,-161,0,0,0,0.005275,0.999342,logprobs,Alibaba
12070,-45,-159,0,0,0,0.008657,0.99915,logprobs,Alibaba
12071,-45,-157,0,0,0,0.004104,0.999321,logprobs,Alibaba
12072,-45,-155,0,0,0,0.00464,0.999401,logprobs,Alibaba
12073,-45,-153,0,0,0,0.008668,0.99933,logprobs,Alibaba
12074,-45,-151,0,0,0,0.033168,0.997418,logprobs,Alibaba
12075,-45,-149,0,0,0,0.060313,0.997608,logprobs,Alibaba
12076,-45,-147,0,0,0,0.020379,0.998925,logprobs,Alibaba
12077,-45,-145,0,0,0,0.009802,0.999168,logprobs,Alibaba
12078,-45,-143,0,0,0,0.012511,0.998911,logprobs,Alibaba
12079,-45,-141,0,0,0,0.008628,0.999334,logprobs,Alibaba
12080,-45,-139,0,0,0,0.004643,0.999381,logprobs,Alibaba
12081,-45,-137,0,0,0,0.026023,0.998658,logprobs,Alibaba
12082,-45,-135,0,0,0,0.011031,0.99923,logprobs,Alibaba
12083,-45,-133,0,0,0,0.009768,0.999035,logprobs,Alibaba
12084,-45,-131,0,0,0,0.007684,0.999393,logprobs,Alibaba
12085,-45,-129,0,0,0,0.009791,0.999046,logprobs,Alibaba
12086,-45,-127,0,0,0,0.008651,0.999181,logprobs,Alibaba
12087,-45,-125,0,0,0,0.018071,0.998679,logprobs,Alibaba
12088,-45,-123,0,0,0,0.033218,0.997468,logprobs,Alibaba
12089,-45,-121,0,0,0,0.107105,0.995979,logprobs,Alibaba
12090,-45,-119,0,0,0,0.321692,0.989438,logprobs,Alibaba
12091,-45,-117,0,0,0,0.321261,0.992488,logprobs,Alibaba
12092,-45,-115,0,0,0,0.07636,0.993811,logprobs,Alibaba
12093,-45,-113,0,0,0,0.469285,0.997453,logprobs,Alibaba
12094,-45,-111,0,0,1,0.777761,0.999113,logprobs,Alibaba
12095,-45,-109,0,0,0,0.223841,0.990274,logprobs,Alibaba
12096,-45,-107,0,0,0,0.223352,0.992388,logprobs,Alibaba
12097,-45,-105,0,0,0,0.085372,0.996522,logprobs,Alibaba
12098,-45,-103,0,0,0,0.067935,0.99613,logprobs,Alibaba
12099,-45,-101,0,0,0,0.107124,0.992551,logprobs,Alibaba
12100,-45,-99,0,0,1,0.500642,0.998165,logprobs,Alibaba
12101,-45,-97,0,0,0,0.148553,0.991893,logprobs,Alibaba
12102,-45,-95,0,0,0,0.029525,0.999034,logprobs,Alibaba
12103,-45,-93,0,0,0,0.148668,0.995747,logprobs,Alibaba
12104,-45,-91,0,0,0,0.042221,0.997169,logprobs,Alibaba
12105,-45,-89,0,0,0,0.060268,0.997421,logprobs,Alibaba
12106,-45,-87,0,0,0,0.04237,0.996478,logprobs,Alibaba
12107,-45,-85,0,0,0,0.042182,0.997505,logprobs,Alibaba
12108,-45,-83,0,0,0,0.018043,0.999418,logprobs,Alibaba
12109,-45,-81,0,0,0,0.060239,0.996018,logprobs,Alibaba
12110,-45,-79,0,0,0,0.223593,0.994847,logprobs,Alibaba
12111,-45,-77,0,0,0,0.037465,0.996009,logprobs,Alibaba
12112,-45,-75,0,0,0,0.011048,0.998914,logprobs,Alibaba
12113,-45,-73,1,1,0,0.095585,0.996491,logprobs,Alibaba
12114,-45,-71,1,1,1,0.679558,0.998829,logprobs,Alibaba
12115,-45,-69,1,1,1,0.706383,0.998868,logprobs,Alibaba
12116,-45,-67,1,1,1,0.500562,0.994134,logprobs,Alibaba
12117,-45,-65,0,0,0,0.085315,0.991558,logprobs,Alibaba
12118,-45,-63,0,0,0,0.076027,0.993942,logprobs,Alibaba
12119,-45,-61,0,0,0,0.067768,0.997172,logprobs,Alibaba
12120,-45,-59,0,0,0,0.119459,0.99588,logprobs,Alibaba
12121,-45,-57,0,0,0,0.095696,0.996263,logprobs,Alibaba
12122,-45,-55,0,0,0,0.008632,0.998294,logprobs,Alibaba
12123,-45,-53,0,0,0,0.012488,0.99903,logprobs,Alibaba
12124,-45,-51,0,0,0,0.014114,0.998876,logprobs,Alibaba
12125,-45,-49,0,0,0,0.023026,0.998012,logprobs,Alibaba
12126,-45,-47,0,0,0,0.133243,0.994073,logprobs,Alibaba
12127,-45,-45,0,0,0,0.012475,0.998407,logprobs,Alibaba
12128,-45,-43,0,0,0,0.03321,0.997164,logprobs,Alibaba
12129,-45,-41,0,0,0,0.042323,0.996788,logprobs,Alibaba
12130,-45,-39,0,0,0,0.04782,0.995437,logprobs,Alibaba
12131,-45,-37,0,0,0,0.026072,0.994307,logprobs,Alibaba
12132,-45,-35,0,0,0,0.011066,0.995574,logprobs,Alibaba
12133,-45,-33,0,0,0,0.060416,0.992984,logprobs,Alibaba
12134,-45,-31,0,0,0,0.026079,0.993762,logprobs,Alibaba
12135,-45,-29,0,0,0,0.020437,0.997464,logprobs,Alibaba
12136,-45,-27,0,0,0,0.033245,0.996676,logprobs,Alibaba
12137,-45,-25,0,0,0,0.015938,0.993809,logprobs,Alibaba
12138,-45,-23,0,0,0,0.148622,0.98966,logprobs,Alibaba
12139,-45,-21,0,0,0,0.202305,0.986263,logprobs,Alibaba
12140,-45,-19,0,0,0,0.246162,0.988269,logprobs,Alibaba
12141,-45,-17,0,0,0,0.148432,0.976501,logprobs,Alibaba
12142,-45,-15,0,0,0,0.107028,0.983098,logprobs,Alibaba
12143,-45,-13,0,0,0,0.202695,0.982513,logprobs,Alibaba
12144,-45,-11,0,0,0,0.223711,0.978598,logprobs,Alibaba
12145,-45,-9,0,0,0,0.148734,0.989751,logprobs,Alibaba
12146,-45,-7,0,0,0,0.246019,0.983381,logprobs,Alibaba
12147,-45,-5,0,0,0,0.047595,0.991336,logprobs,Alibaba
12148,-45,-3,0,0,0,0.133489,0.995772,logprobs,Alibaba
12149,-45,-1,0,0,0,0.067789,0.993811,logprobs,Alibaba
12150,-45,1,0,0,0,0.014136,0.997572,logprobs,Alibaba
12151,-45,3,0,0,0,0.076114,0.993834,logprobs,Alibaba
12152,-45,5,0,0,0,0.076107,0.990031,logprobs,Alibaba
12153,-45,7,0,0,0,0.053534,0.988575,logprobs,Alibaba
12154,-45,9,0,0,0,0.029483,0.996589,logprobs,Alibaba
12155,-45,11,0,0,0,0.107357,0.997331,logprobs,Alibaba
12156,-45,13,0,0,0,0.023085,0.992929,logprobs,Alibaba
12157,-45,15,0,0,0,0.060308,0.985861,logprobs,Alibaba
12158,-45,17,0,0,0,0.133374,0.981058,logprobs,Alibaba
12159,-45,19,0,0,0,0.085591,0.991317,logprobs,Alibaba
12160,-45,21,0,0,0,0.085534,0.995119,logprobs,Alibaba
12161,-45,23,0,0,0,0.047595,0.997108,logprobs,Alibaba
12162,-45,25,0,0,0,0.14861,0.976542,logprobs,Alibaba
12163,-45,27,0,0,0,0.060247,0.997648,logprobs,Alibaba
12164,-45,29,0,0,0,0.269475,0.993449,logprobs,Alibaba
12165,-45,31,0,0,0,0.133292,0.996801,logprobs,Alibaba
12166,-45,33,0,0,0,0.076057,0.997281,logprobs,Alibaba
12167,-45,35,0,0,0,0.015941,0.997091,logprobs,Alibaba
12168,-45,37,0,0,0,0.03749,0.997843,logprobs,Alibaba
12169,-45,39,0,0,0,0.03748,0.99903,logprobs,Alibaba
12170,-45,41,0,0,0,0.037443,0.997307,logprobs,Alibaba
12171,-45,43,0,0,0,0.047479,0.998335,logprobs,Alibaba
12172,-45,45,0,0,0,0.020388,0.998442,logprobs,Alibaba
12173,-45,47,0,0,0,0.047558,0.998003,logprobs,Alibaba
12174,-45,49,0,0,0,0.053551,0.998919,logprobs,Alibaba
12175,-45,51,0,0,0,0.053813,0.99805,logprobs,Alibaba
12176,-45,53,0,0,0,0.053633,0.998828,logprobs,Alibaba
12177,-45,55,0,0,0,0.037479,0.997598,logprobs,Alibaba
12178,-45,57,0,0,0,0.023085,0.999251,logprobs,Alibaba
12179,-45,59,0,0,0,0.060533,0.998639,logprobs,Alibaba
12180,-45,61,0,0,0,0.164648,0.998763,logprobs,Alibaba
12181,-45,63,0,0,0,0.148414,0.997434,logprobs,Alibaba
12182,-45,65,0,0,0,0.095613,0.995733,logprobs,Alibaba
12183,-45,67,0,0,0,0.223354,0.995698,logprobs,Alibaba
12184,-45,69,0,0,0,0.269952,0.997333,logprobs,Alibaba
12185,-45,71,0,0,0,0.269339,0.998603,logprobs,Alibaba
12186,-45,73,0,0,0,0.164799,0.998155,logprobs,Alibaba
12187,-45,75,0,0,0,0.119669,0.996999,logprobs,Alibaba
12188,-45,77,0,0,0,0.16497,0.998277,logprobs,Alibaba
12189,-45,79,0,0,0,0.245359,0.997849,logprobs,Alibaba
12190,-45,81,0,0,0,0.245629,0.99839,logprobs,Alibaba
12191,-45,83,0,0,0,0.106976,0.998505,logprobs,Alibaba
12192,-45,85,0,0,0,0.223047,0.998375,logprobs,Alibaba
12193,-45,87,0,0,0,0.378273,0.997718,logprobs,Alibaba
12194,-45,89,0,0,0,0.294523,0.998774,logprobs,Alibaba
12195,-45,91,0,0,0,0.042265,0.999374,logprobs,Alibaba
12196,-45,93,0,0,0,0.020535,0.999337,logprobs,Alibaba
12197,-45,95,0,0,0,0.060274,0.998976,logprobs,Alibaba
12198,-45,97,0,0,0,0.095895,0.99847,logprobs,Alibaba
12199,-45,99,0,0,0,0.11972,0.999174,logprobs,Alibaba
12200,-45,101,0,0,0,0.015889,0.998712,logprobs,Alibaba
12201,-45,103,0,0,0,0.029409,0.999122,logprobs,Alibaba
12202,-45,105,0,0,0,0.020319,0.999131,logprobs,Alibaba
12203,-45,107,0,0,0,0.037471,0.997799,logprobs,Alibaba
12204,-45,109,0,0,0,0.012499,0.999613,logprobs,Alibaba
12205,-45,111,0,0,0,0.023065,0.998987,logprobs,Alibaba
12206,-45,113,0,0,0,0.053793,0.99809,logprobs,Alibaba
12207,-45,115,0,0,0,0.067881,0.99716,logprobs,Alibaba
12208,-45,117,0,0,0,0.026025,0.997796,logprobs,Alibaba
12209,-45,119,0,0,0,0.053671,0.99769,logprobs,Alibaba
12210,-45,121,0,0,0,0.029449,0.998525,logprobs,Alibaba
12211,-45,123,0,0,0,0.023039,0.998981,logprobs,Alibaba
12212,-45,125,0,0,0,0.02042,0.998796,logprobs,Alibaba
12213,-45,127,0,0,0,0.020385,0.998829,logprobs,Alibaba
12214,-45,129,0,0,0,0.037536,0.998716,logprobs,Alibaba
12215,-45,131,0,0,0,0.023064,0.998943,logprobs,Alibaba
12216,-45,133,0,0,0,0.037571,0.997104,logprobs,Alibaba
12217,-45,135,0,0,0,0.037432,0.998512,logprobs,Alibaba
12218,-45,137,0,0,0,0.029391,0.999243,logprobs,Alibaba
12219,-45,139,0,0,0,0.047531,0.997974,logprobs,Alibaba
12220,-45,141,0,0,0,0.133213,0.996597,logprobs,Alibaba
12221,-45,143,0,0,0,0.107069,0.997174,logprobs,Alibaba
12222,-45,145,0,0,0,0.042239,0.998467,logprobs,Alibaba
12223,-45,147,0,0,0,0.164946,0.99791,logprobs,Alibaba
12224,-45,149,0,0,0,0.294662,0.993781,logprobs,Alibaba
12225,-45,151,0,0,0,0.053707,0.998539,logprobs,Alibaba
12226,-45,153,0,0,0,0.04752,0.998649,logprobs,Alibaba
12227,-45,155,0,0,0,0.033203,0.998113,logprobs,Alibaba
12228,-45,157,0,0,0,0.020441,0.998851,logprobs,Alibaba
12229,-45,159,0,0,0,0.026192,0.998151,logprobs,Alibaba
12230,-45,161,0,0,0,0.008622,0.999372,logprobs,Alibaba
12231,-45,163,0,0,0,0.029478,0.998924,logprobs,Alibaba
12232,-45,165,0,0,0,0.047536,0.998555,logprobs,Alibaba
12233,-45,167,0,0,0,0.182833,0.998149,logprobs,Alibaba
12234,-45,169,1,1,0,0.43829,0.999087,logprobs,Alibaba
12235,-45,171,1,1,0,0.408138,0.998854,logprobs,Alibaba
12236,-45,173,0,0,0,0.321504,0.996534,logprobs,Alibaba
12237,-45,175,0,0,0,0.053571,0.998142,logprobs,Alibaba
12238,-45,177,0,0,0,0.02941,0.999023,logprobs,Alibaba
12239,-45,179,0,0,0,0.026055,0.999302,logprobs,Alibaba
12240,-47,-179,0,0,0,0.023126,0.999447,logprobs,Alibaba
12241,-47,-177,0,0,0,0.012579,0.99953,logprobs,Alibaba
12242,-47,-175,0,0,0,0.033283,0.999289,logprobs,Alibaba
12243,-47,-173,0,0,0,0.033157,0.999257,logprobs,Alibaba
12244,-47,-171,0,0,0,0.029478,0.999044,logprobs,Alibaba
12245,-47,-169,0,0,0,0.033179,0.998863,logprobs,Alibaba
12246,-47,-167,0,0,0,0.042567,0.998958,logprobs,Alibaba
12247,-47,-165,0,0,0,0.020426,0.999276,logprobs,Alibaba
12248,-47,-163,0,0,0,0.029511,0.999026,logprobs,Alibaba
12249,-47,-161,0,0,0,0.014127,0.999273,logprobs,Alibaba
12250,-47,-159,0,0,0,0.016095,0.998588,logprobs,Alibaba
12251,-47,-157,0,0,0,0.018138,0.99915,logprobs,Alibaba
12252,-47,-155,0,0,0,0.029419,0.998348,logprobs,Alibaba
12253,-47,-153,0,0,0,0.037564,0.998222,logprobs,Alibaba
12254,-47,-151,0,0,0,0.085667,0.998583,logprobs,Alibaba
12255,-47,-149,0,0,0,0.048091,0.998573,logprobs,Alibaba
12256,-47,-147,0,0,0,0.060386,0.99843,logprobs,Alibaba
12257,-47,-145,0,0,0,0.020464,0.998963,logprobs,Alibaba
12258,-47,-143,0,0,0,0.020459,0.998474,logprobs,Alibaba
12259,-47,-141,0,0,0,0.014139,0.999435,logprobs,Alibaba
12260,-47,-139,0,0,0,0.008654,0.999352,logprobs,Alibaba
12261,-47,-137,0,0,0,0.042462,0.998123,logprobs,Alibaba
12262,-47,-135,0,0,0,0.029567,0.998819,logprobs,Alibaba
12263,-47,-133,0,0,0,0.037564,0.99766,logprobs,Alibaba
12264,-47,-131,0,0,0,0.018109,0.998804,logprobs,Alibaba
12265,-47,-129,0,0,0,0.026119,0.997967,logprobs,Alibaba
12266,-47,-127,0,0,0,0.020378,0.998766,logprobs,Alibaba
12267,-47,-125,0,0,0,0.033231,0.99835,logprobs,Alibaba
12268,-47,-123,0,0,0,0.047586,0.997446,logprobs,Alibaba
12269,-47,-121,0,0,0,0.377967,0.988871,logprobs,Alibaba
12270,-47,-119,0,0,0,0.438058,0.995977,logprobs,Alibaba
12271,-47,-117,0,0,1,0.531602,0.998515,logprobs,Alibaba
12272,-47,-115,0,0,1,0.50128,0.998805,logprobs,Alibaba
12273,-47,-113,0,0,1,0.651767,0.998855,logprobs,Alibaba
12274,-47,-111,0,0,1,0.835664,0.999357,logprobs,Alibaba
12275,-47,-109,0,0,0,0.269639,0.995245,logprobs,Alibaba
12276,-47,-107,0,0,1,0.593303,0.998176,logprobs,Alibaba
12277,-47,-105,0,0,0,0.378115,0.991946,logprobs,Alibaba
12278,-47,-103,0,0,0,0.2463,0.995625,logprobs,Alibaba
12279,-47,-101,0,0,1,0.500412,0.998273,logprobs,Alibaba
12280,-47,-99,0,0,1,0.914983,0.999512,logprobs,Alibaba
12281,-47,-97,0,0,1,0.623521,0.998883,logprobs,Alibaba
12282,-47,-95,0,0,1,0.651739,0.999097,logprobs,Alibaba
12283,-47,-93,0,0,0,0.378233,0.99777,logprobs,Alibaba
12284,-47,-91,0,0,0,0.182954,0.997466,logprobs,Alibaba
12285,-47,-89,0,0,0,0.042206,0.997228,logprobs,Alibaba
12286,-47,-87,0,0,0,0.060165,0.997944,logprobs,Alibaba
12287,-47,-85,0,0,0,0.060274,0.998794,logprobs,Alibaba
12288,-47,-83,0,0,0,0.202751,0.997414,logprobs,Alibaba
12289,-47,-81,0,0,0,0.349348,0.997364,logprobs,Alibaba
12290,-47,-79,0,0,1,0.622952,0.998718,logprobs,Alibaba
12291,-47,-77,0,0,0,0.378262,0.997258,logprobs,Alibaba
12292,-47,-75,0,0,1,0.500672,0.998715,logprobs,Alibaba
12293,-47,-73,1,1,1,0.593363,0.998866,logprobs,Alibaba
12294,-47,-71,1,1,1,0.56254,0.998725,logprobs,Alibaba
12295,-47,-69,1,1,1,0.652224,0.998687,logprobs,Alibaba
12296,-47,-67,1,1,0,0.321354,0.99506,logprobs,Alibaba
12297,-47,-65,0,0,0,0.182888,0.996066,logprobs,Alibaba
12298,-47,-63,0,0,0,0.106982,0.997037,logprobs,Alibaba
12299,-47,-61,0,0,0,0.076249,0.998663,logprobs,Alibaba
12300,-47,-59,0,0,0,0.1198,0.996521,logprobs,Alibaba
12301,-47,-57,0,0,0,0.047651,0.99805,logprobs,Alibaba
12302,-47,-55,0,0,0,0.148775,0.988604,logprobs,Alibaba
12303,-47,-53,0,0,0,0.054275,0.996923,logprobs,Alibaba
12304,-47,-51,0,0,0,0.148438,0.995712,logprobs,Alibaba
12305,-47,-49,0,0,0,0.202457,0.997499,logprobs,Alibaba
12306,-47,-47,0,0,0,0.042238,0.9964,logprobs,Alibaba
12307,-47,-45,0,0,0,0.047671,0.998838,logprobs,Alibaba
12308,-47,-43,0,0,0,0.165055,0.996689,logprobs,Alibaba
12309,-47,-41,0,0,0,0.095918,0.998095,logprobs,Alibaba
12310,-47,-39,0,0,0,0.164896,0.997891,logprobs,Alibaba
12311,-47,-37,0,0,0,0.076148,0.997174,logprobs,Alibaba
12312,-47,-35,0,0,0,0.076249,0.995651,logprobs,Alibaba
12313,-47,-33,0,0,0,0.133388,0.994662,logprobs,Alibaba
12314,-47,-31,0,0,0,0.148549,0.991841,logprobs,Alibaba
12315,-47,-29,0,0,0,0.047774,0.997657,logprobs,Alibaba
12316,-47,-27,0,0,0,0.133243,0.995687,logprobs,Alibaba
12317,-47,-25,0,0,0,0.294825,0.99501,logprobs,Alibaba
12318,-47,-23,0,0,1,0.731559,0.998778,logprobs,Alibaba
12319,-47,-21,0,0,1,0.500924,0.997983,logprobs,Alibaba
12320,-47,-19,0,0,1,0.818255,0.999439,logprobs,Alibaba
12321,-47,-17,0,0,1,0.651627,0.998582,logprobs,Alibaba
12322,-47,-15,0,0,1,0.852556,0.999487,logprobs,Alibaba
12323,-47,-13,0,0,1,0.593577,0.998985,logprobs,Alibaba
12324,-47,-11,0,0,1,0.731725,0.99919,logprobs,Alibaba
12325,-47,-9,0,0,1,0.622703,0.999209,logprobs,Alibaba
12326,-47,-7,0,0,0,0.34931,0.996063,logprobs,Alibaba
12327,-47,-5,0,0,0,0.269723,0.998589,logprobs,Alibaba
12328,-47,-3,0,0,1,0.532158,0.999231,logprobs,Alibaba
12329,-47,-1,0,0,0,0.294825,0.998396,logprobs,Alibaba
12330,-47,1,0,0,0,0.202179,0.998594,logprobs,Alibaba
12331,-47,3,0,0,0,0.378253,0.999062,logprobs,Alibaba
12332,-47,5,0,0,0,0.202266,0.998938,logprobs,Alibaba
12333,-47,7,0,0,1,0.562761,0.998633,logprobs,Alibaba
12334,-47,9,0,0,0,0.407763,0.9985,logprobs,Alibaba
12335,-47,11,0,0,0,0.469566,0.998003,logprobs,Alibaba
12336,-47,13,0,0,0,0.294862,0.998356,logprobs,Alibaba
12337,-47,15,0,0,1,0.500999,0.998437,logprobs,Alibaba
12338,-47,17,0,0,0,0.246854,0.993868,logprobs,Alibaba
12339,-47,19,0,0,0,0.37815,0.998518,logprobs,Alibaba
12340,-47,21,0,0,0,0.321921,0.997684,logprobs,Alibaba
12341,-47,23,0,0,0,0.438734,0.997968,logprobs,Alibaba
12342,-47,25,0,0,0,0.321642,0.997402,logprobs,Alibaba
12343,-47,27,0,0,0,0.294582,0.998244,logprobs,Alibaba
12344,-47,29,0,0,0,0.469534,0.997443,logprobs,Alibaba
12345,-47,31,0,0,1,0.593177,0.998539,logprobs,Alibaba
12346,-47,33,0,0,1,0.562803,0.997851,logprobs,Alibaba
12347,-47,35,0,0,0,0.348923,0.995919,logprobs,Alibaba
12348,-47,37,0,0,0,0.348921,0.998248,logprobs,Alibaba
12349,-47,39,0,0,0,0.407961,0.998699,logprobs,Alibaba
12350,-47,41,0,0,0,0.321424,0.99718,logprobs,Alibaba
12351,-47,43,0,0,0,0.295221,0.9975,logprobs,Alibaba
12352,-47,45,0,0,0,0.119448,0.998994,logprobs,Alibaba
12353,-47,47,0,0,0,0.182941,0.997436,logprobs,Alibaba
12354,-47,49,0,0,0,0.245415,0.998775,logprobs,Alibaba
12355,-47,51,0,0,0,0.222973,0.998655,logprobs,Alibaba
12356,-47,53,0,0,0,0.164692,0.998607,logprobs,Alibaba
12357,-47,55,0,0,0,0.148257,0.998967,logprobs,Alibaba
12358,-47,57,0,0,0,0.1077,0.998208,logprobs,Alibaba
12359,-47,59,0,0,0,0.223006,0.998696,logprobs,Alibaba
12360,-47,61,0,0,0,0.295279,0.999061,logprobs,Alibaba
12361,-47,63,0,0,0,0.294426,0.998974,logprobs,Alibaba
12362,-47,65,0,0,0,0.3494,0.998871,logprobs,Alibaba
12363,-47,67,0,0,0,0.34898,0.998732,logprobs,Alibaba
12364,-47,69,0,0,0,0.438766,0.998513,logprobs,Alibaba
12365,-47,71,0,0,0,0.349077,0.998566,logprobs,Alibaba
12366,-47,73,0,0,0,0.321263,0.998624,logprobs,Alibaba
12367,-47,75,0,0,0,0.321593,0.998408,logprobs,Alibaba
12368,-47,77,0,0,0,0.321423,0.998628,logprobs,Alibaba
12369,-47,79,0,0,0,0.378999,0.998402,logprobs,Alibaba
12370,-47,81,0,0,1,0.500426,0.998309,logprobs,Alibaba
12371,-47,83,0,0,0,0.378112,0.998388,logprobs,Alibaba
12372,-47,85,0,0,0,0.469243,0.997663,logprobs,Alibaba
12373,-47,87,0,0,0,0.349025,0.997935,logprobs,Alibaba
12374,-47,89,0,0,0,0.469656,0.991787,logprobs,Alibaba
12375,-47,91,0,0,0,0.182637,0.999117,logprobs,Alibaba
12376,-47,93,0,0,0,0.223104,0.998958,logprobs,Alibaba
12377,-47,95,0,0,0,0.133295,0.997612,logprobs,Alibaba
12378,-47,97,0,0,0,0.294634,0.998644,logprobs,Alibaba
12379,-47,99,0,0,0,0.349402,0.998725,logprobs,Alibaba
12380,-47,101,0,0,0,0.076186,0.998766,logprobs,Alibaba
12381,-47,103,0,0,0,0.321711,0.998884,logprobs,Alibaba
12382,-47,105,0,0,0,0.133532,0.998545,logprobs,Alibaba
12383,-47,107,0,0,0,0.203255,0.998782,logprobs,Alibaba
12384,-47,109,0,0,0,0.294755,0.998548,logprobs,Alibaba
12385,-47,111,0,0,1,0.59307,0.998682,logprobs,Alibaba
12386,-47,113,0,0,0,0.348924,0.999071,logprobs,Alibaba
12387,-47,115,0,0,0,0.133916,0.999064,logprobs,Alibaba
12388,-47,117,0,0,0,0.295048,0.998858,logprobs,Alibaba
12389,-47,119,0,0,0,0.202227,0.998969,logprobs,Alibaba
12390,-47,121,0,0,0,0.1651,0.998966,logprobs,Alibaba
12391,-47,123,0,0,0,0.095764,0.99866,logprobs,Alibaba
12392,-47,125,0,0,0,0.067935,0.99831,logprobs,Alibaba
12393,-47,127,0,0,0,0.106894,0.998084,logprobs,Alibaba
12394,-47,129,0,0,0,0.08543,0.998229,logprobs,Alibaba
12395,-47,131,0,0,0,0.085499,0.998231,logprobs,Alibaba
12396,-47,133,0,0,0,0.119606,0.998008,logprobs,Alibaba
12397,-47,135,0,0,0,0.107057,0.999044,logprobs,Alibaba
12398,-47,137,0,0,0,0.068017,0.99903,logprobs,Alibaba
12399,-47,139,0,0,0,0.076084,0.998928,logprobs,Alibaba
12400,-47,141,0,0,0,0.095764,0.996164,logprobs,Alibaba
12401,-47,143,0,0,0,0.095774,0.996702,logprobs,Alibaba
12402,-47,145,0,0,0,0.321938,0.997402,logprobs,Alibaba
12403,-47,147,0,0,0,0.349193,0.998153,logprobs,Alibaba
12404,-47,149,0,0,0,0.223841,0.995434,logprobs,Alibaba
12405,-47,151,0,0,0,0.133407,0.997922,logprobs,Alibaba
12406,-47,153,0,0,0,0.067661,0.998354,logprobs,Alibaba
12407,-47,155,0,0,0,0.067935,0.999129,logprobs,Alibaba
12408,-47,157,0,0,0,0.03764,0.998792,logprobs,Alibaba
12409,-47,159,0,0,0,0.053588,0.999073,logprobs,Alibaba
12410,-47,161,0,0,0,0.03329,0.999246,logprobs,Alibaba
12411,-47,163,0,0,0,0.047624,0.999242,logprobs,Alibaba
12412,-47,165,0,0,0,0.076068,0.998736,logprobs,Alibaba
12413,-47,167,0,0,0,0.067814,0.999084,logprobs,Alibaba
12414,-47,169,0,0,0,0.095716,0.998592,logprobs,Alibaba
12415,-47,171,0,0,0,0.269631,0.998703,logprobs,Alibaba
12416,-47,173,0,0,0,0.294858,0.997443,logprobs,Alibaba
12417,-47,175,0,0,0,0.245658,0.998182,logprobs,Alibaba
12418,-47,177,0,0,0,0.037631,0.998979,logprobs,Alibaba
12419,-47,179,0,0,0,0.03749,0.998949,logprobs,Alibaba
12420,-49,-179,0,0,0,0.037429,0.999581,logprobs,Alibaba
12421,-49,-177,0,0,0,0.026124,0.999296,logprobs,Alibaba
12422,-49,-175,0,0,0,0.033192,0.99915,logprobs,Alibaba
12423,-49,-173,0,0,0,0.037621,0.998806,logprobs,Alibaba
12424,-49,-171,0,0,0,0.037461,0.998314,logprobs,Alibaba
12425,-49,-169,0,0,0,0.053543,0.998186,logprobs,Alibaba
12426,-49,-167,0,0,0,0.026214,0.998234,logprobs,Alibaba
12427,-49,-165,0,0,0,0.020636,0.999186,logprobs,Alibaba
12428,-49,-163,0,0,0,0.026258,0.998936,logprobs,Alibaba
12429,-49,-161,0,0,0,0.023082,0.998701,logprobs,Alibaba
12430,-49,-159,0,0,0,0.0231,0.999022,logprobs,Alibaba
12431,-49,-157,0,0,0,0.023051,0.99861,logprobs,Alibaba
12432,-49,-155,0,0,0,0.042221,0.998903,logprobs,Alibaba
12433,-49,-153,0,0,0,0.037562,0.996748,logprobs,Alibaba
12434,-49,-151,0,0,0,0.08543,0.993128,logprobs,Alibaba
12435,-49,-149,0,0,0,0.053526,0.998075,logprobs,Alibaba
12436,-49,-147,0,0,0,0.060252,0.998113,logprobs,Alibaba
12437,-49,-145,0,0,0,0.020652,0.998972,logprobs,Alibaba
12438,-49,-143,0,0,0,0.023085,0.999005,logprobs,Alibaba
12439,-49,-141,0,0,0,0.076163,0.99838,logprobs,Alibaba
12440,-49,-139,0,0,0,0.053715,0.997436,logprobs,Alibaba
12441,-49,-137,0,0,0,0.085474,0.998459,logprobs,Alibaba
12442,-49,-135,0,0,0,0.085438,0.993948,logprobs,Alibaba
12443,-49,-133,0,0,0,0.076022,0.997169,logprobs,Alibaba
12444,-49,-131,0,0,0,0.148402,0.997627,logprobs,Alibaba
12445,-49,-129,0,0,0,0.095988,0.996725,logprobs,Alibaba
12446,-49,-127,0,0,0,0.04223,0.998546,logprobs,Alibaba
12447,-49,-125,0,0,0,0.119575,0.994762,logprobs,Alibaba
12448,-49,-123,0,0,0,0.245827,0.995733,logprobs,Alibaba
12449,-49,-121,0,0,0,0.438463,0.996277,logprobs,Alibaba
12450,-49,-119,0,0,1,0.79837,0.999179,logprobs,Alibaba
12451,-49,-117,0,0,1,0.778001,0.999212,logprobs,Alibaba
12452,-49,-115,0,0,1,0.798364,0.999257,logprobs,Alibaba
12453,-49,-113,0,0,1,0.777876,0.999156,logprobs,Alibaba
12454,-49,-111,0,0,1,0.880954,0.999273,logprobs,Alibaba
12455,-49,-109,0,0,1,0.817733,0.999303,logprobs,Alibaba
12456,-49,-107,0,0,1,0.531577,0.994756,logprobs,Alibaba
12457,-49,-105,0,0,1,0.679668,0.998992,logprobs,Alibaba
12458,-49,-103,0,0,1,0.532035,0.997951,logprobs,Alibaba
12459,-49,-101,0,0,1,0.706044,0.999111,logprobs,Alibaba
12460,-49,-99,0,0,1,0.835613,0.999288,logprobs,Alibaba
12461,-49,-97,0,0,1,0.623288,0.999023,logprobs,Alibaba
12462,-49,-95,0,0,0,0.26934,0.997517,logprobs,Alibaba
12463,-49,-93,0,0,0,0.377912,0.998755,logprobs,Alibaba
12464,-49,-91,0,0,0,0.067789,0.998203,logprobs,Alibaba
12465,-49,-89,0,0,0,0.14849,0.997816,logprobs,Alibaba
12466,-49,-87,0,0,0,0.095895,0.996493,logprobs,Alibaba
12467,-49,-85,0,0,0,0.148441,0.997171,logprobs,Alibaba
12468,-49,-83,0,0,0,0.182632,0.997599,logprobs,Alibaba
12469,-49,-81,0,0,0,0.34896,0.997365,logprobs,Alibaba
12470,-49,-79,0,0,1,0.651767,0.999134,logprobs,Alibaba
12471,-49,-77,0,0,0,0.202317,0.996407,logprobs,Alibaba
12472,-49,-75,0,0,0,0.245476,0.994827,logprobs,Alibaba
12473,-49,-73,1,1,0,0.408172,0.996735,logprobs,Alibaba
12474,-49,-71,1,1,1,0.622792,0.999114,logprobs,Alibaba
12475,-49,-69,1,1,1,0.592958,0.998414,logprobs,Alibaba
12476,-49,-67,0,0,0,0.40824,0.997737,logprobs,Alibaba
12477,-49,-65,0,0,0,0.133725,0.995731,logprobs,Alibaba
12478,-49,-63,0,0,0,0.202461,0.996241,logprobs,Alibaba
12479,-49,-61,0,0,0,0.095648,0.996114,logprobs,Alibaba
12480,-49,-59,0,0,0,0.037495,0.998158,logprobs,Alibaba
12481,-49,-57,0,0,0,0.033297,0.99872,logprobs,Alibaba
12482,-49,-55,0,0,0,0.09556,0.99514,logprobs,Alibaba
12483,-49,-53,0,0,0,0.076186,0.997911,logprobs,Alibaba
12484,-49,-51,0,0,0,0.095558,0.998166,logprobs,Alibaba
12485,-49,-49,0,0,0,0.053698,0.997054,logprobs,Alibaba
12486,-49,-47,0,0,0,0.223479,0.994064,logprobs,Alibaba
12487,-49,-45,0,0,0,0.106845,0.997271,logprobs,Alibaba
12488,-49,-43,0,0,0,0.269483,0.995924,logprobs,Alibaba
12489,-49,-41,0,0,0,0.095994,0.996089,logprobs,Alibaba
12490,-49,-39,0,0,0,0.120166,0.99751,logprobs,Alibaba
12491,-49,-37,0,0,0,0.076413,0.995622,logprobs,Alibaba
12492,-49,-35,0,0,0,0.076027,0.995562,logprobs,Alibaba
12493,-49,-33,0,0,0,0.165423,0.992875,logprobs,Alibaba
12494,-49,-31,0,0,0,0.085474,0.996003,logprobs,Alibaba
12495,-49,-29,0,0,0,0.148734,0.992724,logprobs,Alibaba
12496,-49,-27,0,0,0,0.349611,0.996697,logprobs,Alibaba
12497,-49,-25,0,0,1,0.593146,0.998687,logprobs,Alibaba
12498,-49,-23,0,0,1,0.500924,0.997837,logprobs,Alibaba
12499,-49,-21,0,0,0,0.408258,0.996945,logprobs,Alibaba
12500,-49,-19,0,0,1,0.563159,0.997087,logprobs,Alibaba
12501,-49,-17,0,0,1,0.623884,0.998412,logprobs,Alibaba
12502,-49,-15,0,0,1,0.732407,0.999117,logprobs,Alibaba
12503,-49,-13,0,0,1,0.500869,0.998585,logprobs,Alibaba
12504,-49,-11,0,0,0,0.438807,0.997358,logprobs,Alibaba
12505,-49,-9,0,0,0,0.223121,0.996146,logprobs,Alibaba
12506,-49,-7,0,0,0,0.439369,0.996375,logprobs,Alibaba
12507,-49,-5,0,0,0,0.321472,0.999034,logprobs,Alibaba
12508,-49,-3,0,0,0,0.269484,0.999054,logprobs,Alibaba
12509,-49,-1,0,0,0,0.37848,0.99829,logprobs,Alibaba
12510,-49,1,0,0,0,0.182853,0.99781,logprobs,Alibaba
12511,-49,3,0,0,0,0.32223,0.993587,logprobs,Alibaba
12512,-49,5,0,0,0,0.107386,0.994588,logprobs,Alibaba
12513,-49,7,0,0,0,0.246648,0.99574,logprobs,Alibaba
12514,-49,9,0,0,0,0.202112,0.997424,logprobs,Alibaba
12515,-49,11,0,0,0,0.438312,0.998432,logprobs,Alibaba
12516,-49,13,0,0,0,0.469465,0.997987,logprobs,Alibaba
12517,-49,15,0,0,0,0.378277,0.987656,logprobs,Alibaba
12518,-49,17,0,0,0,0.379293,0.993715,logprobs,Alibaba
12519,-49,19,0,0,0,0.378275,0.996738,logprobs,Alibaba
12520,-49,21,0,0,0,0.245712,0.996185,logprobs,Alibaba
12521,-49,23,0,0,0,0.438644,0.99279,logprobs,Alibaba
12522,-49,25,0,0,1,0.652023,0.998957,logprobs,Alibaba
12523,-49,27,0,0,0,0.269416,0.996896,logprobs,Alibaba
12524,-49,29,0,0,0,0.469566,0.998644,logprobs,Alibaba
12525,-49,31,0,0,0,0.29516,0.995441,logprobs,Alibaba
12526,-49,33,0,0,0,0.148355,0.994869,logprobs,Alibaba
12527,-49,35,0,0,0,0.245376,0.994457,logprobs,Alibaba
12528,-49,37,0,0,0,0.106822,0.998476,logprobs,Alibaba
12529,-49,39,0,0,0,0.202275,0.997792,logprobs,Alibaba
12530,-49,41,0,0,0,0.165003,0.996581,logprobs,Alibaba
12531,-49,43,0,0,0,0.26934,0.997133,logprobs,Alibaba
12532,-49,45,0,0,0,0.202131,0.997408,logprobs,Alibaba
12533,-49,47,0,0,0,0.223313,0.992955,logprobs,Alibaba
12534,-49,49,0,0,0,0.148483,0.996163,logprobs,Alibaba
12535,-49,51,0,0,0,0.202183,0.994277,logprobs,Alibaba
12536,-49,53,0,0,0,0.223468,0.99796,logprobs,Alibaba
12537,-49,55,0,0,0,0.164939,0.995867,logprobs,Alibaba
12538,-49,57,0,0,0,0.085313,0.997985,logprobs,Alibaba
12539,-49,59,0,0,0,0.14849,0.997775,logprobs,Alibaba
12540,-49,61,0,0,0,0.223138,0.998893,logprobs,Alibaba
12541,-49,63,0,0,0,0.295028,0.998901,logprobs,Alibaba
12542,-49,65,0,0,0,0.294504,0.998425,logprobs,Alibaba
12543,-49,67,0,0,0,0.29516,0.998338,logprobs,Alibaba
12544,-49,69,1,1,0,0.407961,0.998476,logprobs,Alibaba
12545,-49,71,0,0,0,0.24582,0.998478,logprobs,Alibaba
12546,-49,73,0,0,0,0.29473,0.997761,logprobs,Alibaba
12547,-49,75,0,0,0,0.294636,0.997919,logprobs,Alibaba
12548,-49,77,0,0,0,0.378277,0.996493,logprobs,Alibaba
12549,-49,79,0,0,0,0.378017,0.998851,logprobs,Alibaba
12550,-49,81,0,0,0,0.32129,0.99879,logprobs,Alibaba
12551,-49,83,0,0,0,0.32181,0.998543,logprobs,Alibaba
12552,-49,85,0,0,0,0.269439,0.998718,logprobs,Alibaba
12553,-49,87,0,0,0,0.407564,0.998617,logprobs,Alibaba
12554,-49,89,0,0,0,0.321057,0.998881,logprobs,Alibaba
12555,-49,91,0,0,0,0.095732,0.998952,logprobs,Alibaba
12556,-49,93,0,0,0,0.165298,0.99827,logprobs,Alibaba
12557,-49,95,0,0,0,0.133233,0.99894,logprobs,Alibaba
12558,-49,97,0,0,0,0.349003,0.998886,logprobs,Alibaba
12559,-49,99,0,0,0,0.438595,0.99886,logprobs,Alibaba
12560,-49,101,0,0,0,0.269519,0.998662,logprobs,Alibaba
12561,-49,103,0,0,0,0.439084,0.999082,logprobs,Alibaba
12562,-49,105,0,0,0,0.182951,0.998598,logprobs,Alibaba
12563,-49,107,0,0,1,0.562658,0.999102,logprobs,Alibaba
12564,-49,109,0,0,1,0.706118,0.999215,logprobs,Alibaba
12565,-49,111,0,0,1,0.562588,0.998879,logprobs,Alibaba
12566,-49,113,0,0,1,0.755192,0.999163,logprobs,Alibaba
12567,-49,115,0,0,0,0.165425,0.997279,logprobs,Alibaba
12568,-49,117,0,0,0,0.148615,0.997884,logprobs,Alibaba
12569,-49,119,0,0,0,0.295209,0.998472,logprobs,Alibaba
12570,-49,121,0,0,0,0.148432,0.99741,logprobs,Alibaba
12571,-49,123,0,0,0,0.095764,0.994948,logprobs,Alibaba
12572,-49,125,0,0,0,0.107069,0.998566,logprobs,Alibaba
12573,-49,127,0,0,0,0.047613,0.998465,logprobs,Alibaba
12574,-49,129,0,0,0,0.148246,0.996108,logprobs,Alibaba
12575,-49,131,0,0,0,0.133153,0.999318,logprobs,Alibaba
12576,-49,133,0,0,0,0.133483,0.99788,logprobs,Alibaba
12577,-49,135,0,0,0,0.165044,0.998591,logprobs,Alibaba
12578,-49,137,0,0,0,0.119606,0.998965,logprobs,Alibaba
12579,-49,139,0,0,0,0.085438,0.998653,logprobs,Alibaba
12580,-49,141,0,0,0,0.164992,0.997951,logprobs,Alibaba
12581,-49,143,0,0,0,0.133483,0.99762,logprobs,Alibaba
12582,-49,145,0,0,0,0.223793,0.995571,logprobs,Alibaba
12583,-49,147,0,0,0,0.377979,0.997552,logprobs,Alibaba
12584,-49,149,0,0,0,0.067755,0.998542,logprobs,Alibaba
12585,-49,151,0,0,0,0.119708,0.997224,logprobs,Alibaba
12586,-49,153,0,0,0,0.095852,0.997493,logprobs,Alibaba
12587,-49,155,0,0,0,0.060435,0.999063,logprobs,Alibaba
12588,-49,157,0,0,0,0.042791,0.998292,logprobs,Alibaba
12589,-49,159,0,0,0,0.047808,0.998258,logprobs,Alibaba
12590,-49,161,0,0,0,0.029503,0.999103,logprobs,Alibaba
12591,-49,163,0,0,0,0.037515,0.999149,logprobs,Alibaba
12592,-49,165,0,0,0,0.060402,0.998491,logprobs,Alibaba
12593,-49,167,0,0,0,0.182931,0.997651,logprobs,Alibaba
12594,-49,169,0,0,0,0.076398,0.998338,logprobs,Alibaba
12595,-49,171,0,0,0,0.10702,0.997457,logprobs,Alibaba
12596,-49,173,0,0,0,0.0607,0.998256,logprobs,Alibaba
12597,-49,175,0,0,0,0.047643,0.998414,logprobs,Alibaba
12598,-49,177,0,0,0,0.06032,0.999296,logprobs,Alibaba
12599,-49,179,0,0,0,0.047519,0.999492,logprobs,Alibaba
12600,-51,-179,0,0,0,0.026016,0.999508,logprobs,Alibaba
12601,-51,-177,0,0,0,0.011021,0.999642,logprobs,Alibaba
12602,-51,-175,0,0,0,0.020428,0.999364,logprobs,Alibaba
12603,-51,-173,0,0,0,0.053484,0.99901,logprobs,Alibaba
12604,-51,-171,0,0,0,0.053555,0.999039,logprobs,Alibaba
12605,-51,-169,0,0,0,0.04782,0.998303,logprobs,Alibaba
12606,-51,-167,0,0,0,0.047733,0.999102,logprobs,Alibaba
12607,-51,-165,0,0,0,0.03745,0.998312,logprobs,Alibaba
12608,-51,-163,0,0,0,0.053571,0.998967,logprobs,Alibaba
12609,-51,-161,0,0,0,0.033174,0.998542,logprobs,Alibaba
12610,-51,-159,0,0,0,0.026041,0.998979,logprobs,Alibaba
12611,-51,-157,0,0,0,0.04237,0.998714,logprobs,Alibaba
12612,-51,-155,0,0,0,0.085827,0.997709,logprobs,Alibaba
12613,-51,-153,0,0,0,0.076025,0.997349,logprobs,Alibaba
12614,-51,-151,0,0,0,0.133275,0.998389,logprobs,Alibaba
12615,-51,-149,0,0,0,0.119531,0.996529,logprobs,Alibaba
12616,-51,-147,0,0,0,0.095613,0.998587,logprobs,Alibaba
12617,-51,-145,0,0,0,0.029561,0.998426,logprobs,Alibaba
12618,-51,-143,0,0,0,0.03749,0.998402,logprobs,Alibaba
12619,-51,-141,0,0,0,0.348997,0.998742,logprobs,Alibaba
12620,-51,-139,0,0,0,0.294995,0.997185,logprobs,Alibaba
12621,-51,-137,0,0,0,0.246453,0.998143,logprobs,Alibaba
12622,-51,-135,0,0,0,0.164999,0.997725,logprobs,Alibaba
12623,-51,-133,0,0,0,0.148967,0.99728,logprobs,Alibaba
12624,-51,-131,0,0,0,0.095764,0.998091,logprobs,Alibaba
12625,-51,-129,0,0,0,0.245483,0.996141,logprobs,Alibaba
12626,-51,-127,0,0,0,0.182891,0.995302,logprobs,Alibaba
12627,-51,-125,0,0,0,0.202207,0.997624,logprobs,Alibaba
12628,-51,-123,0,0,1,0.679451,0.998999,logprobs,Alibaba
12629,-51,-121,0,0,1,0.798336,0.999278,logprobs,Alibaba
12630,-51,-119,0,0,1,0.835955,0.999295,logprobs,Alibaba
12631,-51,-117,0,0,1,0.680453,0.998914,logprobs,Alibaba
12632,-51,-115,0,0,1,0.706208,0.999058,logprobs,Alibaba
12633,-51,-113,0,0,1,0.904999,0.999368,logprobs,Alibaba
12634,-51,-111,0,0,1,0.904882,0.99938,logprobs,Alibaba
12635,-51,-109,0,0,1,0.867204,0.999401,logprobs,Alibaba
12636,-51,-107,0,0,1,0.904761,0.999554,logprobs,Alibaba
12637,-51,-105,0,0,1,0.924226,0.99947,logprobs,Alibaba
12638,-51,-103,0,0,1,0.593322,0.999197,logprobs,Alibaba
12639,-51,-101,0,0,1,0.86722,0.999297,logprobs,Alibaba
12640,-51,-99,0,0,1,0.939943,0.99956,logprobs,Alibaba
12641,-51,-97,0,0,1,0.652241,0.99911,logprobs,Alibaba
12642,-51,-95,0,0,0,0.349292,0.999024,logprobs,Alibaba
12643,-51,-93,0,0,0,0.322446,0.999121,logprobs,Alibaba
12644,-51,-91,0,0,0,0.270411,0.998897,logprobs,Alibaba
12645,-51,-89,0,0,0,0.085411,0.998357,logprobs,Alibaba
12646,-51,-87,0,0,0,0.202448,0.997461,logprobs,Alibaba
12647,-51,-85,0,0,0,0.106989,0.997808,logprobs,Alibaba
12648,-51,-83,0,0,0,0.134202,0.998696,logprobs,Alibaba
12649,-51,-81,0,0,0,0.321644,0.998805,logprobs,Alibaba
12650,-51,-79,0,0,0,0.438204,0.998494,logprobs,Alibaba
12651,-51,-77,0,0,0,0.295149,0.994271,logprobs,Alibaba
12652,-51,-75,1,1,1,0.622693,0.999056,logprobs,Alibaba
12653,-51,-73,1,1,1,0.622886,0.999116,logprobs,Alibaba
12654,-51,-71,1,1,1,0.593471,0.999058,logprobs,Alibaba
12655,-51,-69,0,0,1,0.652122,0.999094,logprobs,Alibaba
12656,-51,-67,0,0,0,0.46943,0.998825,logprobs,Alibaba
12657,-51,-65,0,0,0,0.11934,0.997478,logprobs,Alibaba
12658,-51,-63,0,0,0,0.245971,0.998445,logprobs,Alibaba
12659,-51,-61,0,0,0,0.107074,0.998631,logprobs,Alibaba
12660,-51,-59,0,0,0,0.095681,0.998082,logprobs,Alibaba
12661,-51,-57,0,0,0,0.08558,0.997052,logprobs,Alibaba
12662,-51,-55,0,0,0,0.202118,0.991348,logprobs,Alibaba
12663,-51,-53,0,0,0,0.133282,0.997092,logprobs,Alibaba
12664,-51,-51,0,0,0,0.119493,0.99657,logprobs,Alibaba
12665,-51,-49,0,0,0,0.203174,0.997039,logprobs,Alibaba
12666,-51,-47,0,0,0,0.378273,0.998846,logprobs,Alibaba
12667,-51,-45,0,0,0,0.106954,0.997496,logprobs,Alibaba
12668,-51,-43,0,0,0,0.202545,0.990326,logprobs,Alibaba
12669,-51,-41,0,0,0,0.047622,0.996885,logprobs,Alibaba
12670,-51,-39,0,0,0,0.14862,0.987179,logprobs,Alibaba
12671,-51,-37,0,0,0,0.076101,0.99391,logprobs,Alibaba
12672,-51,-35,0,0,0,0.067833,0.993078,logprobs,Alibaba
12673,-51,-33,0,0,0,0.246641,0.990423,logprobs,Alibaba
12674,-51,-31,0,0,0,0.107177,0.993313,logprobs,Alibaba
12675,-51,-29,0,0,0,0.133827,0.9917,logprobs,Alibaba
12676,-51,-27,0,0,0,0.202538,0.994378,logprobs,Alibaba
12677,-51,-25,0,0,0,0.294814,0.975075,logprobs,Alibaba
12678,-51,-23,0,0,0,0.469176,0.994919,logprobs,Alibaba
12679,-51,-21,0,0,0,0.245867,0.981416,logprobs,Alibaba
12680,-51,-19,0,0,1,0.593631,0.997846,logprobs,Alibaba
12681,-51,-17,0,0,1,0.706115,0.999245,logprobs,Alibaba
12682,-51,-15,0,0,1,0.706859,0.999253,logprobs,Alibaba
12683,-51,-13,0,0,1,0.563045,0.998766,logprobs,Alibaba
12684,-51,-11,0,0,1,0.563045,0.998147,logprobs,Alibaba
12685,-51,-9,0,0,0,0.165406,0.98989,logprobs,Alibaba
12686,-51,-7,0,0,0,0.438734,0.994197,logprobs,Alibaba
12687,-51,-5,0,0,0,0.321203,0.998233,logprobs,Alibaba
12688,-51,-3,0,0,0,0.438572,0.998897,logprobs,Alibaba
12689,-51,-1,0,0,0,0.470066,0.99842,logprobs,Alibaba
12690,-51,1,0,0,0,0.164851,0.998279,logprobs,Alibaba
12691,-51,3,0,0,0,0.349357,0.998423,logprobs,Alibaba
12692,-51,5,0,0,0,0.294752,0.998688,logprobs,Alibaba
12693,-51,7,0,0,0,0.438876,0.998053,logprobs,Alibaba
12694,-51,9,0,0,0,0.223593,0.994004,logprobs,Alibaba
12695,-51,11,0,0,0,0.269723,0.986711,logprobs,Alibaba
12696,-51,13,0,0,0,0.349673,0.99801,logprobs,Alibaba
12697,-51,15,0,0,0,0.182892,0.992049,logprobs,Alibaba
12698,-51,17,0,0,0,0.294819,0.988891,logprobs,Alibaba
12699,-51,19,0,0,0,0.205382,0.989064,logprobs,Alibaba
12700,-51,21,0,0,0,0.1834,0.990915,logprobs,Alibaba
12701,-51,23,0,0,0,0.26978,0.996423,logprobs,Alibaba
12702,-51,25,0,0,0,0.349451,0.994721,logprobs,Alibaba
12703,-51,27,0,0,0,0.32149,0.994867,logprobs,Alibaba
12704,-51,29,0,0,1,0.562623,0.999008,logprobs,Alibaba
12705,-51,31,0,0,0,0.408629,0.995785,logprobs,Alibaba
12706,-51,33,0,0,0,0.321351,0.995975,logprobs,Alibaba
12707,-51,35,0,0,0,0.165651,0.996318,logprobs,Alibaba
12708,-51,37,0,0,0,0.183018,0.994936,logprobs,Alibaba
12709,-51,39,0,0,0,0.246036,0.995775,logprobs,Alibaba
12710,-51,41,0,0,0,0.067755,0.997111,logprobs,Alibaba
12711,-51,43,0,0,0,0.223354,0.997817,logprobs,Alibaba
12712,-51,45,0,0,0,0.182743,0.998332,logprobs,Alibaba
12713,-51,47,0,0,0,0.165063,0.996694,logprobs,Alibaba
12714,-51,49,0,0,0,0.378908,0.996634,logprobs,Alibaba
12715,-51,51,0,0,0,0.202227,0.997867,logprobs,Alibaba
12716,-51,53,0,0,0,0.377791,0.998891,logprobs,Alibaba
12717,-51,55,0,0,0,0.182764,0.998616,logprobs,Alibaba
12718,-51,57,0,0,0,0.222941,0.998235,logprobs,Alibaba
12719,-51,59,0,0,0,0.29495,0.998911,logprobs,Alibaba
12720,-51,61,0,0,0,0.269928,0.998775,logprobs,Alibaba
12721,-51,63,0,0,0,0.269826,0.998195,logprobs,Alibaba
12722,-51,65,0,0,0,0.321687,0.998831,logprobs,Alibaba
12723,-51,67,0,0,0,0.295395,0.99893,logprobs,Alibaba
12724,-51,69,0,0,0,0.469153,0.998206,logprobs,Alibaba
12725,-51,71,0,0,0,0.321697,0.997792,logprobs,Alibaba
12726,-51,73,0,0,0,0.321941,0.99852,logprobs,Alibaba
12727,-51,75,0,0,0,0.322244,0.997209,logprobs,Alibaba
12728,-51,77,0,0,0,0.321354,0.997936,logprobs,Alibaba
12729,-51,79,0,0,0,0.378015,0.997219,logprobs,Alibaba
12730,-51,81,0,0,0,0.294753,0.997549,logprobs,Alibaba
12731,-51,83,0,0,1,0.500504,0.99568,logprobs,Alibaba
12732,-51,85,0,0,0,0.378483,0.998413,logprobs,Alibaba
12733,-51,87,0,0,1,0.593498,0.993168,logprobs,Alibaba
12734,-51,89,0,0,0,0.378485,0.997785,logprobs,Alibaba
12735,-51,91,0,0,0,0.095681,0.999164,logprobs,Alibaba
12736,-51,93,0,0,0,0.202622,0.997496,logprobs,Alibaba
12737,-51,95,0,0,0,0.060304,0.998081,logprobs,Alibaba
12738,-51,97,0,0,0,0.202384,0.997826,logprobs,Alibaba
12739,-51,99,0,0,0,0.133476,0.998927,logprobs,Alibaba
12740,-51,101,0,0,0,0.182813,0.997049,logprobs,Alibaba
12741,-51,103,0,0,0,0.182812,0.998465,logprobs,Alibaba
12742,-51,105,0,0,0,0.202286,0.99746,logprobs,Alibaba
12743,-51,107,0,0,0,0.165319,0.997456,logprobs,Alibaba
12744,-51,109,0,0,0,0.085838,0.998018,logprobs,Alibaba
12745,-51,111,0,0,0,0.224772,0.998379,logprobs,Alibaba
12746,-51,113,0,0,0,0.469292,0.998716,logprobs,Alibaba
12747,-51,115,0,0,0,0.245628,0.998037,logprobs,Alibaba
12748,-51,117,0,0,0,0.182949,0.998432,logprobs,Alibaba
12749,-51,119,0,0,0,0.223122,0.998619,logprobs,Alibaba
12750,-51,121,0,0,0,0.245663,0.99819,logprobs,Alibaba
12751,-51,123,0,0,0,0.223711,0.998673,logprobs,Alibaba
12752,-51,125,0,0,0,0.148782,0.996888,logprobs,Alibaba
12753,-51,127,0,0,0,0.067857,0.998758,logprobs,Alibaba
12754,-51,129,0,0,0,0.148355,0.998235,logprobs,Alibaba
12755,-51,131,0,0,0,0.13321,0.998715,logprobs,Alibaba
12756,-51,133,0,0,0,0.13362,0.997967,logprobs,Alibaba
12757,-51,135,0,0,0,0.202851,0.998589,logprobs,Alibaba
12758,-51,137,0,0,0,0.148549,0.998206,logprobs,Alibaba
12759,-51,139,0,0,0,0.148668,0.997551,logprobs,Alibaba
12760,-51,141,0,0,0,0.107983,0.999144,logprobs,Alibaba
12761,-51,143,0,0,0,0.120658,0.998827,logprobs,Alibaba
12762,-51,145,0,0,0,0.223392,0.998323,logprobs,Alibaba
12763,-51,147,0,0,0,0.202748,0.997307,logprobs,Alibaba
12764,-51,149,0,0,0,0.182747,0.997865,logprobs,Alibaba
12765,-51,151,0,0,0,0.1194,0.998441,logprobs,Alibaba
12766,-51,153,0,0,0,0.068032,0.998886,logprobs,Alibaba
12767,-51,155,0,0,0,0.133321,0.998429,logprobs,Alibaba
12768,-51,157,0,0,0,0.053747,0.998894,logprobs,Alibaba
12769,-51,159,0,0,0,0.076514,0.998725,logprobs,Alibaba
12770,-51,161,0,0,0,0.037527,0.999322,logprobs,Alibaba
12771,-51,163,0,0,0,0.095967,0.999206,logprobs,Alibaba
12772,-51,165,0,0,0,0.08549,0.998684,logprobs,Alibaba
12773,-51,167,0,0,0,0.076249,0.997986,logprobs,Alibaba
12774,-51,169,0,0,0,0.096032,0.998661,logprobs,Alibaba
12775,-51,171,0,0,0,0.076148,0.998832,logprobs,Alibaba
12776,-51,173,0,0,0,0.182727,0.99852,logprobs,Alibaba
12777,-51,175,0,0,0,0.067697,0.99892,logprobs,Alibaba
12778,-51,177,0,0,0,0.053578,0.999236,logprobs,Alibaba
12779,-51,179,0,0,0,0.053476,0.999453,logprobs,Alibaba
12780,-53,-179,0,0,0,0.020428,0.999409,logprobs,Alibaba
12781,-53,-177,0,0,0,0.023126,0.999232,logprobs,Alibaba
12782,-53,-175,0,0,0,0.026072,0.999275,logprobs,Alibaba
12783,-53,-173,0,0,0,0.042376,0.998712,logprobs,Alibaba
12784,-53,-171,0,0,0,0.053647,0.998434,logprobs,Alibaba
12785,-53,-169,0,0,0,0.060337,0.998484,logprobs,Alibaba
12786,-53,-167,0,0,0,0.047792,0.997653,logprobs,Alibaba
12787,-53,-165,0,0,0,0.042337,0.998528,logprobs,Alibaba
12788,-53,-163,0,0,0,0.042407,0.998753,logprobs,Alibaba
12789,-53,-161,0,0,0,0.067789,0.99712,logprobs,Alibaba
12790,-53,-159,0,0,0,0.020389,0.999098,logprobs,Alibaba
12791,-53,-157,0,0,0,0.023148,0.998895,logprobs,Alibaba
12792,-53,-155,0,0,0,0.042206,0.997593,logprobs,Alibaba
12793,-53,-153,0,0,0,0.029353,0.998759,logprobs,Alibaba
12794,-53,-151,0,0,0,0.085363,0.99749,logprobs,Alibaba
12795,-53,-149,0,0,0,0.067945,0.995038,logprobs,Alibaba
12796,-53,-147,0,0,0,0.10712,0.994594,logprobs,Alibaba
12797,-53,-145,0,0,0,0.026068,0.998609,logprobs,Alibaba
12798,-53,-143,0,0,0,0.060218,0.997254,logprobs,Alibaba
12799,-53,-141,0,0,0,0.295764,0.997934,logprobs,Alibaba
12800,-53,-139,0,0,0,0.133559,0.994739,logprobs,Alibaba
12801,-53,-137,0,0,0,0.11966,0.996627,logprobs,Alibaba
12802,-53,-135,0,0,0,0.133213,0.997265,logprobs,Alibaba
12803,-53,-133,0,0,0,0.164777,0.998078,logprobs,Alibaba
12804,-53,-131,0,0,0,0.119423,0.998232,logprobs,Alibaba
12805,-53,-129,0,0,0,0.148541,0.997217,logprobs,Alibaba
12806,-53,-127,0,0,0,0.165005,0.997701,logprobs,Alibaba
12807,-53,-125,0,0,0,0.13328,0.994196,logprobs,Alibaba
12808,-53,-123,0,0,1,0.562448,0.998642,logprobs,Alibaba
12809,-53,-121,0,0,0,0.470424,0.996453,logprobs,Alibaba
12810,-53,-119,0,0,0,0.349353,0.995308,logprobs,Alibaba
12811,-53,-117,0,0,0,0.245597,0.995257,logprobs,Alibaba
12812,-53,-115,0,0,0,0.321351,0.998267,logprobs,Alibaba
12813,-53,-113,0,0,1,0.562642,0.999078,logprobs,Alibaba
12814,-53,-111,0,0,1,0.531746,0.998941,logprobs,Alibaba
12815,-53,-109,0,0,0,0.407854,0.994653,logprobs,Alibaba
12816,-53,-107,0,0,1,0.593518,0.99876,logprobs,Alibaba
12817,-53,-105,0,0,1,0.592976,0.999046,logprobs,Alibaba
12818,-53,-103,0,0,1,0.500688,0.997621,logprobs,Alibaba
12819,-53,-101,0,0,1,0.679439,0.999176,logprobs,Alibaba
12820,-53,-99,0,0,0,0.349027,0.998718,logprobs,Alibaba
12821,-53,-97,0,0,0,0.294748,0.998356,logprobs,Alibaba
12822,-53,-95,0,0,0,0.107125,0.995789,logprobs,Alibaba
12823,-53,-93,0,0,0,0.095696,0.997656,logprobs,Alibaba
12824,-53,-91,0,0,0,0.119528,0.998914,logprobs,Alibaba
12825,-53,-89,0,0,0,0.047564,0.997831,logprobs,Alibaba
12826,-53,-87,0,0,0,0.119532,0.997806,logprobs,Alibaba
12827,-53,-85,0,0,0,0.10702,0.995259,logprobs,Alibaba
12828,-53,-83,0,0,0,0.119359,0.998274,logprobs,Alibaba
12829,-53,-81,0,0,0,0.20214,0.998002,logprobs,Alibaba
12830,-53,-79,0,0,0,0.349069,0.994432,logprobs,Alibaba
12831,-53,-77,0,0,0,0.119493,0.99739,logprobs,Alibaba
12832,-53,-75,0,0,0,0.223095,0.993823,logprobs,Alibaba
12833,-53,-73,1,1,0,0.349165,0.998136,logprobs,Alibaba
12834,-53,-71,1,1,1,0.500833,0.99862,logprobs,Alibaba
12835,-53,-69,1,1,0,0.349353,0.998786,logprobs,Alibaba
12836,-53,-67,0,0,0,0.223074,0.998199,logprobs,Alibaba
12837,-53,-65,0,0,0,0.106923,0.997821,logprobs,Alibaba
12838,-53,-63,0,0,0,0.047705,0.996778,logprobs,Alibaba
12839,-53,-61,0,0,0,0.095725,0.997704,logprobs,Alibaba
12840,-53,-59,0,0,0,0.06776,0.997329,logprobs,Alibaba
12841,-53,-57,0,0,0,0.060593,0.99754,logprobs,Alibaba
12842,-53,-55,0,0,0,0.067651,0.997088,logprobs,Alibaba
12843,-53,-53,0,0,0,0.03742,0.996511,logprobs,Alibaba
12844,-53,-51,0,0,0,0.119429,0.994646,logprobs,Alibaba
12845,-53,-49,0,0,0,0.148775,0.998029,logprobs,Alibaba
12846,-53,-47,0,0,0,0.24574,0.996564,logprobs,Alibaba
12847,-53,-45,0,0,0,0.067716,0.997079,logprobs,Alibaba
12848,-53,-43,0,0,0,0.068214,0.996785,logprobs,Alibaba
12849,-53,-41,0,0,0,0.16542,0.985612,logprobs,Alibaba
12850,-53,-39,0,0,0,0.076133,0.991529,logprobs,Alibaba
12851,-53,-37,0,0,0,0.042199,0.997185,logprobs,Alibaba
12852,-53,-35,0,0,0,0.037604,0.997169,logprobs,Alibaba
12853,-53,-33,0,0,0,0.095774,0.996148,logprobs,Alibaba
12854,-53,-31,0,0,0,0.033325,0.995965,logprobs,Alibaba
12855,-53,-29,0,0,0,0.053723,0.994989,logprobs,Alibaba
12856,-53,-27,0,0,0,0.134377,0.993146,logprobs,Alibaba
12857,-53,-25,0,0,0,0.165317,0.987417,logprobs,Alibaba
12858,-53,-23,0,0,0,0.269636,0.989932,logprobs,Alibaba
12859,-53,-21,0,0,0,0.149113,0.981567,logprobs,Alibaba
12860,-53,-19,0,0,0,0.246039,0.99463,logprobs,Alibaba
12861,-53,-17,0,0,0,0.321343,0.985019,logprobs,Alibaba
12862,-53,-15,0,0,0,0.245925,0.994048,logprobs,Alibaba
12863,-53,-13,0,0,0,0.37832,0.993657,logprobs,Alibaba
12864,-53,-11,0,0,0,0.408317,0.978637,logprobs,Alibaba
12865,-53,-9,0,0,0,0.095558,0.996213,logprobs,Alibaba
12866,-53,-7,0,0,0,0.245553,0.981602,logprobs,Alibaba
12867,-53,-5,0,0,0,0.182863,0.99348,logprobs,Alibaba
12868,-53,-3,0,0,0,0.119494,0.996112,logprobs,Alibaba
12869,-53,-1,0,0,0,0.182671,0.997306,logprobs,Alibaba
12870,-53,1,0,0,0,0.09556,0.997677,logprobs,Alibaba
12871,-53,3,0,0,0,0.148392,0.99775,logprobs,Alibaba
12872,-53,5,0,0,0,0.148696,0.995791,logprobs,Alibaba
12873,-53,7,0,0,0,0.24556,0.996851,logprobs,Alibaba
12874,-53,9,0,0,0,0.202084,0.995346,logprobs,Alibaba
12875,-53,11,0,0,0,0.053618,0.99691,logprobs,Alibaba
12876,-53,13,0,0,0,0.085376,0.996016,logprobs,Alibaba
12877,-53,15,0,0,0,0.085611,0.987569,logprobs,Alibaba
12878,-53,17,0,0,0,0.060268,0.994439,logprobs,Alibaba
12879,-53,19,0,0,0,0.060282,0.997189,logprobs,Alibaba
12880,-53,21,0,0,0,0.085312,0.99567,logprobs,Alibaba
12881,-53,23,0,0,0,0.106951,0.995724,logprobs,Alibaba
12882,-53,25,0,0,0,0.202316,0.990396,logprobs,Alibaba
12883,-53,27,0,0,0,0.223662,0.996682,logprobs,Alibaba
12884,-53,29,0,0,0,0.269338,0.995908,logprobs,Alibaba
12885,-53,31,0,0,0,0.133489,0.997055,logprobs,Alibaba
12886,-53,33,0,0,0,0.085398,0.997653,logprobs,Alibaba
12887,-53,35,0,0,0,0.053707,0.997852,logprobs,Alibaba
12888,-53,37,0,0,0,0.106964,0.996752,logprobs,Alibaba
12889,-53,39,0,0,0,0.10716,0.997809,logprobs,Alibaba
12890,-53,41,0,0,0,0.10687,0.997897,logprobs,Alibaba
12891,-53,43,0,0,0,0.095582,0.998836,logprobs,Alibaba
12892,-53,45,0,0,0,0.053606,0.99893,logprobs,Alibaba
12893,-53,47,0,0,0,0.202457,0.997574,logprobs,Alibaba
12894,-53,49,0,0,0,0.202136,0.998066,logprobs,Alibaba
12895,-53,51,0,0,0,0.119511,0.997424,logprobs,Alibaba
12896,-53,53,0,0,0,0.075982,0.997951,logprobs,Alibaba
12897,-53,55,0,0,0,0.133369,0.999031,logprobs,Alibaba
12898,-53,57,0,0,0,0.095582,0.998665,logprobs,Alibaba
12899,-53,59,0,0,0,0.148442,0.998728,logprobs,Alibaba
12900,-53,61,0,0,0,0.183105,0.997541,logprobs,Alibaba
12901,-53,63,0,0,0,0.165022,0.997478,logprobs,Alibaba
12902,-53,65,0,0,0,0.182917,0.997089,logprobs,Alibaba
12903,-53,67,0,0,0,0.202312,0.998142,logprobs,Alibaba
12904,-53,69,0,0,0,0.183175,0.995142,logprobs,Alibaba
12905,-53,71,0,0,0,0.245925,0.998053,logprobs,Alibaba
12906,-53,73,0,0,0,0.24556,0.997559,logprobs,Alibaba
12907,-53,75,0,0,0,0.202259,0.99791,logprobs,Alibaba
12908,-53,77,0,0,0,0.245412,0.998493,logprobs,Alibaba
12909,-53,79,0,0,0,0.223179,0.998113,logprobs,Alibaba
12910,-53,81,0,0,0,0.349876,0.998206,logprobs,Alibaba
12911,-53,83,0,0,0,0.269422,0.998134,logprobs,Alibaba
12912,-53,85,0,0,0,0.269597,0.998205,logprobs,Alibaba
12913,-53,87,0,0,0,0.294997,0.99729,logprobs,Alibaba
12914,-53,89,0,0,0,0.224573,0.998228,logprobs,Alibaba
12915,-53,91,0,0,0,0.047792,0.998715,logprobs,Alibaba
12916,-53,93,0,0,0,0.060313,0.998282,logprobs,Alibaba
12917,-53,95,0,0,0,0.060394,0.99849,logprobs,Alibaba
12918,-53,97,0,0,0,0.133428,0.997687,logprobs,Alibaba
12919,-53,99,0,0,0,0.133407,0.998885,logprobs,Alibaba
12920,-53,101,0,0,0,0.08549,0.99682,logprobs,Alibaba
12921,-53,103,0,0,0,0.095738,0.998942,logprobs,Alibaba
12922,-53,105,0,0,0,0.060351,0.996518,logprobs,Alibaba
12923,-53,107,0,0,0,0.076746,0.998698,logprobs,Alibaba
12924,-53,109,0,0,0,0.060332,0.998871,logprobs,Alibaba
12925,-53,111,0,0,0,0.10702,0.998318,logprobs,Alibaba
12926,-53,113,0,0,0,0.165971,0.999116,logprobs,Alibaba
12927,-53,115,0,0,0,0.202382,0.998074,logprobs,Alibaba
12928,-53,117,0,0,0,0.106913,0.998783,logprobs,Alibaba
12929,-53,119,0,0,0,0.133725,0.997232,logprobs,Alibaba
12930,-53,121,0,0,0,0.133407,0.998655,logprobs,Alibaba
12931,-53,123,0,0,0,0.148396,0.998206,logprobs,Alibaba
12932,-53,125,0,0,0,0.053729,0.998164,logprobs,Alibaba
12933,-53,127,0,0,0,0.095692,0.998956,logprobs,Alibaba
12934,-53,129,0,0,0,0.165005,0.997759,logprobs,Alibaba
12935,-53,131,0,0,0,0.107084,0.998918,logprobs,Alibaba
12936,-53,133,0,0,0,0.183025,0.99819,logprobs,Alibaba
12937,-53,135,0,0,0,0.133321,0.998234,logprobs,Alibaba
12938,-53,137,0,0,0,0.133396,0.998242,logprobs,Alibaba
12939,-53,139,0,0,0,0.133228,0.996874,logprobs,Alibaba
12940,-53,141,0,0,0,0.349451,0.998821,logprobs,Alibaba
12941,-53,143,0,0,0,0.119571,0.996101,logprobs,Alibaba
12942,-53,145,0,0,0,0.269338,0.995412,logprobs,Alibaba
12943,-53,147,0,0,0,0.469476,0.998099,logprobs,Alibaba
12944,-53,149,0,0,0,0.149104,0.997945,logprobs,Alibaba
12945,-53,151,0,0,0,0.148775,0.997221,logprobs,Alibaba
12946,-53,153,0,0,0,0.06786,0.999034,logprobs,Alibaba
12947,-53,155,0,0,0,0.107028,0.997358,logprobs,Alibaba
12948,-53,157,0,0,0,0.042474,0.999143,logprobs,Alibaba
12949,-53,159,0,0,0,0.133707,0.997453,logprobs,Alibaba
12950,-53,161,0,0,0,0.085463,0.998048,logprobs,Alibaba
12951,-53,163,0,0,0,0.085496,0.99829,logprobs,Alibaba
12952,-53,165,0,0,0,0.10721,0.99696,logprobs,Alibaba
12953,-53,167,0,0,0,0.133476,0.997565,logprobs,Alibaba
12954,-53,169,0,0,0,0.119614,0.997026,logprobs,Alibaba
12955,-53,171,0,0,0,0.11948,0.998094,logprobs,Alibaba
12956,-53,173,0,0,0,0.076156,0.998175,logprobs,Alibaba
12957,-53,175,0,0,0,0.076257,0.997753,logprobs,Alibaba
12958,-53,177,0,0,0,0.037404,0.999255,logprobs,Alibaba
12959,-53,179,0,0,0,0.037458,0.998892,logprobs,Alibaba
12960,-55,-179,0,0,0,0.03749,0.99938,logprobs,Alibaba
12961,-55,-177,0,0,0,0.037517,0.99881,logprobs,Alibaba
12962,-55,-175,0,0,0,0.023085,0.999173,logprobs,Alibaba
12963,-55,-173,0,0,0,0.033186,0.99884,logprobs,Alibaba
12964,-55,-171,0,0,0,0.026107,0.99909,logprobs,Alibaba
12965,-55,-169,0,0,0,0.037556,0.998671,logprobs,Alibaba
12966,-55,-167,0,0,0,0.042235,0.998453,logprobs,Alibaba
12967,-55,-165,0,0,0,0.04233,0.998845,logprobs,Alibaba
12968,-55,-163,0,0,0,0.067789,0.998004,logprobs,Alibaba
12969,-55,-161,0,0,0,0.042265,0.99849,logprobs,Alibaba
12970,-55,-159,0,0,0,0.020437,0.998846,logprobs,Alibaba
12971,-55,-157,0,0,0,0.023057,0.999098,logprobs,Alibaba
12972,-55,-155,0,0,0,0.047651,0.997438,logprobs,Alibaba
12973,-55,-153,0,0,0,0.06783,0.992054,logprobs,Alibaba
12974,-55,-151,0,0,0,0.133222,0.99707,logprobs,Alibaba
12975,-55,-149,0,0,0,0.182676,0.995359,logprobs,Alibaba
12976,-55,-147,0,0,0,0.148465,0.997426,logprobs,Alibaba
12977,-55,-145,0,0,0,0.033226,0.998876,logprobs,Alibaba
12978,-55,-143,0,0,0,0.076249,0.996434,logprobs,Alibaba
12979,-55,-141,0,0,0,0.294722,0.996257,logprobs,Alibaba
12980,-55,-139,0,0,0,0.119575,0.99717,logprobs,Alibaba
12981,-55,-137,0,0,0,0.245415,0.99815,logprobs,Alibaba
12982,-55,-135,0,0,0,0.148392,0.996223,logprobs,Alibaba
12983,-55,-133,0,0,0,0.148267,0.997276,logprobs,Alibaba
12984,-55,-131,0,0,0,0.13308,0.998399,logprobs,Alibaba
12985,-55,-129,0,0,0,0.202038,0.99783,logprobs,Alibaba
12986,-55,-127,0,0,0,0.164697,0.996287,logprobs,Alibaba
12987,-55,-125,0,0,0,0.183296,0.994167,logprobs,Alibaba
12988,-55,-123,0,0,1,0.53151,0.999046,logprobs,Alibaba
12989,-55,-121,0,0,1,0.623309,0.998779,logprobs,Alibaba
12990,-55,-119,0,0,1,0.755171,0.999138,logprobs,Alibaba
12991,-55,-117,0,0,1,0.651796,0.998918,logprobs,Alibaba
12992,-55,-115,0,0,1,0.562513,0.999105,logprobs,Alibaba
12993,-55,-113,0,0,1,0.755156,0.999297,logprobs,Alibaba
12994,-55,-111,0,0,1,0.817751,0.999288,logprobs,Alibaba
12995,-55,-109,0,0,1,0.731598,0.999106,logprobs,Alibaba
12996,-55,-107,0,0,1,0.755611,0.999067,logprobs,Alibaba
12997,-55,-105,0,0,1,0.867316,0.999395,logprobs,Alibaba
12998,-55,-103,0,0,1,0.817984,0.999281,logprobs,Alibaba
12999,-55,-101,0,0,1,0.952599,0.999531,logprobs,Alibaba
13000,-55,-99,0,0,1,0.817799,0.999262,logprobs,Alibaba
13001,-55,-97,0,0,1,0.73142,0.999124,logprobs,Alibaba
13002,-55,-95,0,0,0,0.407791,0.999124,logprobs,Alibaba
13003,-55,-93,0,0,0,0.378273,0.999123,logprobs,Alibaba
13004,-55,-91,0,0,0,0.322241,0.999248,logprobs,Alibaba
13005,-55,-89,0,0,0,0.183193,0.995802,logprobs,Alibaba
13006,-55,-87,0,0,0,0.269155,0.996865,logprobs,Alibaba
13007,-55,-85,0,0,0,0.245662,0.994927,logprobs,Alibaba
13008,-55,-83,0,0,0,0.223241,0.998603,logprobs,Alibaba
13009,-55,-81,0,0,0,0.349197,0.998945,logprobs,Alibaba
13010,-55,-79,0,0,1,0.500387,0.998866,logprobs,Alibaba
13011,-55,-77,0,0,0,0.223708,0.998728,logprobs,Alibaba
13012,-55,-75,0,0,0,0.438181,0.998493,logprobs,Alibaba
13013,-55,-73,0,0,1,0.651822,0.999008,logprobs,Alibaba
13014,-55,-71,0,0,1,0.562704,0.99854,logprobs,Alibaba
13015,-55,-69,1,1,1,0.679574,0.998918,logprobs,Alibaba
13016,-55,-67,0,0,0,0.43812,0.998206,logprobs,Alibaba
13017,-55,-65,0,0,0,0.148392,0.997185,logprobs,Alibaba
13018,-55,-63,0,0,0,0.148696,0.991758,logprobs,Alibaba
13019,-55,-61,0,0,0,0.164999,0.997734,logprobs,Alibaba
13020,-55,-59,0,0,0,0.119969,0.99685,logprobs,Alibaba
13021,-55,-57,0,0,0,0.148234,0.99584,logprobs,Alibaba
13022,-55,-55,0,0,0,0.294484,0.996958,logprobs,Alibaba
13023,-55,-53,0,0,0,0.148881,0.996906,logprobs,Alibaba
13024,-55,-51,0,0,0,0.223243,0.994487,logprobs,Alibaba
13025,-55,-49,0,0,0,0.245663,0.998014,logprobs,Alibaba
13026,-55,-47,0,0,1,0.500732,0.998906,logprobs,Alibaba
13027,-55,-45,0,0,0,0.029422,0.998252,logprobs,Alibaba
13028,-55,-43,0,0,0,0.223484,0.995218,logprobs,Alibaba
13029,-55,-41,0,0,0,0.042343,0.994385,logprobs,Alibaba
13030,-55,-39,0,0,0,0.202457,0.975416,logprobs,Alibaba
13031,-55,-37,0,0,0,0.026124,0.997687,logprobs,Alibaba
13032,-55,-35,0,0,0,0.053495,0.996572,logprobs,Alibaba
13033,-55,-33,0,0,0,0.183103,0.984246,logprobs,Alibaba
13034,-55,-31,0,0,0,0.223705,0.995056,logprobs,Alibaba
13035,-55,-29,0,0,0,0.408202,0.995849,logprobs,Alibaba
13036,-55,-27,0,0,0,0.321921,0.992284,logprobs,Alibaba
13037,-55,-25,0,0,1,0.562665,0.999027,logprobs,Alibaba
13038,-55,-23,0,0,1,0.562632,0.9984,logprobs,Alibaba
13039,-55,-21,0,0,0,0.4078,0.995529,logprobs,Alibaba
13040,-55,-19,0,0,1,0.562608,0.9991,logprobs,Alibaba
13041,-55,-17,0,0,1,0.531789,0.998759,logprobs,Alibaba
13042,-55,-15,0,0,0,0.469396,0.998987,logprobs,Alibaba
13043,-55,-13,0,0,1,0.70634,0.999051,logprobs,Alibaba
13044,-55,-11,0,0,1,0.531878,0.998349,logprobs,Alibaba
13045,-55,-9,0,0,0,0.321656,0.996104,logprobs,Alibaba
13046,-55,-7,0,0,0,0.321692,0.995693,logprobs,Alibaba
13047,-55,-5,0,0,0,0.295285,0.998772,logprobs,Alibaba
13048,-55,-3,0,0,0,0.40754,0.99908,logprobs,Alibaba
13049,-55,-1,0,0,0,0.438301,0.999031,logprobs,Alibaba
13050,-55,1,0,0,0,0.349179,0.99914,logprobs,Alibaba
13051,-55,3,0,0,1,0.500222,0.999226,logprobs,Alibaba
13052,-55,5,0,0,0,0.245452,0.999078,logprobs,Alibaba
13053,-55,7,0,0,0,0.349023,0.999049,logprobs,Alibaba
13054,-55,9,0,0,0,0.294853,0.999103,logprobs,Alibaba
13055,-55,11,0,0,0,0.148396,0.99744,logprobs,Alibaba
13056,-55,13,0,0,0,0.245342,0.998839,logprobs,Alibaba
13057,-55,15,0,0,0,0.11949,0.996207,logprobs,Alibaba
13058,-55,17,0,0,0,0.182941,0.998265,logprobs,Alibaba
13059,-55,19,0,0,0,0.148387,0.996968,logprobs,Alibaba
13060,-55,21,0,0,0,0.182767,0.997648,logprobs,Alibaba
13061,-55,23,0,0,0,0.223271,0.996233,logprobs,Alibaba
13062,-55,25,0,0,0,0.119347,0.997392,logprobs,Alibaba
13063,-55,27,0,0,0,0.183105,0.996277,logprobs,Alibaba
13064,-55,29,0,0,0,0.26922,0.994618,logprobs,Alibaba
13065,-55,31,0,0,0,0.245376,0.993383,logprobs,Alibaba
13066,-55,33,0,0,0,0.407654,0.997591,logprobs,Alibaba
13067,-55,35,0,0,0,0.294391,0.998109,logprobs,Alibaba
13068,-55,37,0,0,0,0.321072,0.993224,logprobs,Alibaba
13069,-55,39,0,0,0,0.133325,0.995586,logprobs,Alibaba
13070,-55,41,0,0,0,0.060236,0.998458,logprobs,Alibaba
13071,-55,43,0,0,0,0.119402,0.998332,logprobs,Alibaba
13072,-55,45,0,0,0,0.202083,0.998027,logprobs,Alibaba
13073,-55,47,0,0,0,0.294662,0.996586,logprobs,Alibaba
13074,-55,49,0,0,0,0.43821,0.998672,logprobs,Alibaba
13075,-55,51,0,0,0,0.182746,0.998806,logprobs,Alibaba
13076,-55,53,0,0,0,0.269639,0.998806,logprobs,Alibaba
13077,-55,55,0,0,0,0.182633,0.99851,logprobs,Alibaba
13078,-55,57,0,0,0,0.182709,0.998662,logprobs,Alibaba
13079,-55,59,0,0,0,0.245695,0.998517,logprobs,Alibaba
13080,-55,61,0,0,0,0.245927,0.998718,logprobs,Alibaba
13081,-55,63,0,0,0,0.269556,0.998699,logprobs,Alibaba
13082,-55,65,0,0,0,0.202101,0.998639,logprobs,Alibaba
13083,-55,67,0,0,0,0.245829,0.998744,logprobs,Alibaba
13084,-55,69,0,0,0,0.378077,0.998787,logprobs,Alibaba
13085,-55,71,0,0,0,0.295149,0.998909,logprobs,Alibaba
13086,-55,73,0,0,0,0.349103,0.99739,logprobs,Alibaba
13087,-55,75,0,0,0,0.269638,0.998537,logprobs,Alibaba
13088,-55,77,0,0,0,0.245784,0.998689,logprobs,Alibaba
13089,-55,79,0,0,0,0.322089,0.998514,logprobs,Alibaba
13090,-55,81,0,0,0,0.349273,0.99515,logprobs,Alibaba
13091,-55,83,0,0,0,0.270086,0.996973,logprobs,Alibaba
13092,-55,85,0,0,0,0.321234,0.997998,logprobs,Alibaba
13093,-55,87,0,0,0,0.34931,0.997859,logprobs,Alibaba
13094,-55,89,0,0,0,0.320401,0.99396,logprobs,Alibaba
13095,-55,91,0,0,0,0.203517,0.998403,logprobs,Alibaba
13096,-55,93,0,0,0,0.349547,0.995858,logprobs,Alibaba
13097,-55,95,0,0,0,0.13363,0.998634,logprobs,Alibaba
13098,-55,97,0,0,1,0.500515,0.999042,logprobs,Alibaba
13099,-55,99,0,0,0,0.407946,0.999154,logprobs,Alibaba
13100,-55,101,0,0,0,0.408138,0.999156,logprobs,Alibaba
13101,-55,103,0,0,0,0.269198,0.998929,logprobs,Alibaba
13102,-55,105,0,0,0,0.469731,0.998853,logprobs,Alibaba
13103,-55,107,0,0,0,0.438595,0.998928,logprobs,Alibaba
13104,-55,109,0,0,0,0.321813,0.99835,logprobs,Alibaba
13105,-55,111,0,0,0,0.223096,0.998427,logprobs,Alibaba
13106,-55,113,0,0,1,0.679602,0.999385,logprobs,Alibaba
13107,-55,115,0,0,0,0.11973,0.998812,logprobs,Alibaba
13108,-55,117,0,0,0,0.223236,0.999231,logprobs,Alibaba
13109,-55,119,0,0,0,0.182724,0.998553,logprobs,Alibaba
13110,-55,121,0,0,0,0.20214,0.998665,logprobs,Alibaba
13111,-55,123,0,0,0,0.119523,0.99855,logprobs,Alibaba
13112,-55,125,0,0,0,0.075959,0.999032,logprobs,Alibaba
13113,-55,127,0,0,0,0.148457,0.998791,logprobs,Alibaba
13114,-55,129,0,0,0,0.095692,0.998724,logprobs,Alibaba
13115,-55,131,0,0,0,0.106839,0.99873,logprobs,Alibaba
13116,-55,133,0,0,0,0.148549,0.997946,logprobs,Alibaba
13117,-55,135,0,0,0,0.182833,0.998457,logprobs,Alibaba
13118,-55,137,0,0,0,0.148254,0.999318,logprobs,Alibaba
13119,-55,139,0,0,0,0.085237,0.998865,logprobs,Alibaba
13120,-55,141,0,0,0,0.183097,0.998927,logprobs,Alibaba
13121,-55,143,0,0,0,0.107014,0.998937,logprobs,Alibaba
13122,-55,145,0,0,0,0.107064,0.997913,logprobs,Alibaba
13123,-55,147,0,0,0,0.295285,0.995777,logprobs,Alibaba
13124,-55,149,0,0,0,0.095738,0.997422,logprobs,Alibaba
13125,-55,151,0,0,0,0.107233,0.998423,logprobs,Alibaba
13126,-55,153,0,0,0,0.076039,0.998066,logprobs,Alibaba
13127,-55,155,0,0,0,0.067645,0.998124,logprobs,Alibaba
13128,-55,157,0,0,0,0.047554,0.998957,logprobs,Alibaba
13129,-55,159,0,0,0,0.085438,0.998198,logprobs,Alibaba
13130,-55,161,0,0,0,0.060623,0.99874,logprobs,Alibaba
13131,-55,163,0,0,0,0.047529,0.999346,logprobs,Alibaba
13132,-55,165,0,0,0,0.067749,0.998693,logprobs,Alibaba
13133,-55,167,0,0,0,0.060367,0.998283,logprobs,Alibaba
13134,-55,169,0,0,0,0.085332,0.999104,logprobs,Alibaba
13135,-55,171,0,0,0,0.060242,0.999205,logprobs,Alibaba
13136,-55,173,0,0,0,0.060313,0.998986,logprobs,Alibaba
13137,-55,175,0,0,0,0.029395,0.999204,logprobs,Alibaba
13138,-55,177,0,0,0,0.042288,0.999215,logprobs,Alibaba
13139,-55,179,0,0,0,0.042208,0.999362,logprobs,Alibaba
13140,-57,-179,0,0,0,0.012511,0.999734,logprobs,Alibaba
13141,-57,-177,0,0,0,0.012529,0.999487,logprobs,Alibaba
13142,-57,-175,0,0,0,0.020459,0.999326,logprobs,Alibaba
13143,-57,-173,0,0,0,0.020466,0.999434,logprobs,Alibaba
13144,-57,-171,0,0,0,0.020396,0.999048,logprobs,Alibaba
13145,-57,-169,0,0,0,0.047711,0.998662,logprobs,Alibaba
13146,-57,-167,0,0,0,0.053715,0.998885,logprobs,Alibaba
13147,-57,-165,0,0,0,0.029422,0.999221,logprobs,Alibaba
13148,-57,-163,0,0,0,0.037466,0.999311,logprobs,Alibaba
13149,-57,-161,0,0,0,0.042354,0.998998,logprobs,Alibaba
13150,-57,-159,0,0,0,0.01597,0.999158,logprobs,Alibaba
13151,-57,-157,0,0,0,0.037495,0.998425,logprobs,Alibaba
13152,-57,-155,0,0,0,0.026055,0.998543,logprobs,Alibaba
13153,-57,-153,0,0,0,0.02601,0.998472,logprobs,Alibaba
13154,-57,-151,0,0,0,0.047631,0.997538,logprobs,Alibaba
13155,-57,-149,0,0,0,0.133422,0.997767,logprobs,Alibaba
13156,-57,-147,0,0,0,0.076084,0.998279,logprobs,Alibaba
13157,-57,-145,0,0,0,0.047591,0.998582,logprobs,Alibaba
13158,-57,-143,0,0,0,0.067769,0.997717,logprobs,Alibaba
13159,-57,-141,0,0,0,0.165402,0.996676,logprobs,Alibaba
13160,-57,-139,0,0,0,0.076301,0.995952,logprobs,Alibaba
13161,-57,-137,0,0,0,0.149226,0.998548,logprobs,Alibaba
13162,-57,-135,0,0,0,0.076216,0.998262,logprobs,Alibaba
13163,-57,-133,0,0,0,0.182789,0.99787,logprobs,Alibaba
13164,-57,-131,0,0,0,0.085357,0.998441,logprobs,Alibaba
13165,-57,-129,0,0,0,0.14849,0.994121,logprobs,Alibaba
13166,-57,-127,0,0,0,0.269215,0.997915,logprobs,Alibaba
13167,-57,-125,0,0,0,0.133283,0.993942,logprobs,Alibaba
13168,-57,-123,0,0,0,0.377811,0.998359,logprobs,Alibaba
13169,-57,-121,0,0,0,0.246039,0.991651,logprobs,Alibaba
13170,-57,-119,0,0,0,0.349501,0.997816,logprobs,Alibaba
13171,-57,-117,0,0,0,0.40809,0.997454,logprobs,Alibaba
13172,-57,-115,0,0,0,0.269419,0.996984,logprobs,Alibaba
13173,-57,-113,0,0,0,0.379784,0.998212,logprobs,Alibaba
13174,-57,-111,0,0,1,0.532488,0.998758,logprobs,Alibaba
13175,-57,-109,0,0,1,0.531743,0.998491,logprobs,Alibaba
13176,-57,-107,0,0,1,0.622808,0.998713,logprobs,Alibaba
13177,-57,-105,0,0,1,0.563524,0.998805,logprobs,Alibaba
13178,-57,-103,0,0,1,0.532022,0.998449,logprobs,Alibaba
13179,-57,-101,0,0,1,0.852258,0.999364,logprobs,Alibaba
13180,-57,-99,0,0,0,0.469833,0.998776,logprobs,Alibaba
13181,-57,-97,0,0,0,0.408366,0.995387,logprobs,Alibaba
13182,-57,-95,0,0,0,0.09556,0.99753,logprobs,Alibaba
13183,-57,-93,0,0,0,0.095831,0.996908,logprobs,Alibaba
13184,-57,-91,0,0,0,0.148316,0.999087,logprobs,Alibaba
13185,-57,-89,0,0,0,0.053604,0.997327,logprobs,Alibaba
13186,-57,-87,0,0,0,0.076169,0.997065,logprobs,Alibaba
13187,-57,-85,0,0,0,0.085752,0.992161,logprobs,Alibaba
13188,-57,-83,0,0,0,0.053804,0.998445,logprobs,Alibaba
13189,-57,-81,0,0,0,0.106872,0.996837,logprobs,Alibaba
13190,-57,-79,0,0,0,0.183091,0.992723,logprobs,Alibaba
13191,-57,-77,0,0,0,0.182893,0.992819,logprobs,Alibaba
13192,-57,-75,0,0,0,0.29505,0.994434,logprobs,Alibaba
13193,-57,-73,0,0,0,0.348941,0.995571,logprobs,Alibaba
13194,-57,-71,0,0,0,0.182621,0.994325,logprobs,Alibaba
13195,-57,-69,0,0,0,0.349447,0.998283,logprobs,Alibaba
13196,-57,-67,0,0,0,0.11968,0.992607,logprobs,Alibaba
13197,-57,-65,0,0,0,0.047558,0.998503,logprobs,Alibaba
13198,-57,-63,0,0,0,0.037483,0.997385,logprobs,Alibaba
13199,-57,-61,0,0,0,0.060228,0.998447,logprobs,Alibaba
13200,-57,-59,0,0,0,0.060337,0.99601,logprobs,Alibaba
13201,-57,-57,0,0,0,0.029459,0.998026,logprobs,Alibaba
13202,-57,-55,0,0,0,0.106924,0.993925,logprobs,Alibaba
13203,-57,-53,0,0,0,0.060215,0.997872,logprobs,Alibaba
13204,-57,-51,0,0,0,0.05364,0.998083,logprobs,Alibaba
13205,-57,-49,0,0,0,0.060311,0.998405,logprobs,Alibaba
13206,-57,-47,0,0,0,0.033168,0.997452,logprobs,Alibaba
13207,-57,-45,0,0,0,0.026045,0.998181,logprobs,Alibaba
13208,-57,-43,0,0,0,0.047643,0.997423,logprobs,Alibaba
13209,-57,-41,0,0,0,0.020415,0.997709,logprobs,Alibaba
13210,-57,-39,0,0,0,0.053679,0.994408,logprobs,Alibaba
13211,-57,-37,0,0,0,0.02614,0.998321,logprobs,Alibaba
13212,-57,-35,0,0,0,0.053597,0.994393,logprobs,Alibaba
13213,-57,-33,0,0,0,0.085409,0.994522,logprobs,Alibaba
13214,-57,-31,0,0,0,0.060402,0.996473,logprobs,Alibaba
13215,-57,-29,0,0,0,0.13328,0.994186,logprobs,Alibaba
13216,-57,-27,0,0,0,0.085553,0.995922,logprobs,Alibaba
13217,-57,-25,0,0,0,0.469447,0.998411,logprobs,Alibaba
13218,-57,-23,0,0,0,0.469476,0.998458,logprobs,Alibaba
13219,-57,-21,0,0,0,0.269393,0.987313,logprobs,Alibaba
13220,-57,-19,0,0,0,0.35071,0.993162,logprobs,Alibaba
13221,-57,-17,0,0,0,0.148989,0.983489,logprobs,Alibaba
13222,-57,-15,0,0,0,0.408202,0.993747,logprobs,Alibaba
13223,-57,-13,0,0,1,0.562547,0.998439,logprobs,Alibaba
13224,-57,-11,0,0,0,0.321388,0.990681,logprobs,Alibaba
13225,-57,-9,0,0,0,0.165539,0.989826,logprobs,Alibaba
13226,-57,-7,0,0,0,0.095789,0.993023,logprobs,Alibaba
13227,-57,-5,0,0,0,0.202259,0.996991,logprobs,Alibaba
13228,-57,-3,0,0,0,0.269475,0.997495,logprobs,Alibaba
13229,-57,-1,0,0,0,0.223209,0.995945,logprobs,Alibaba
13230,-57,1,0,0,0,0.148553,0.997241,logprobs,Alibaba
13231,-57,3,0,0,0,0.148319,0.997951,logprobs,Alibaba
13232,-57,5,0,0,0,0.148438,0.998693,logprobs,Alibaba
13233,-57,7,0,0,0,0.133275,0.997845,logprobs,Alibaba
13234,-57,9,0,0,0,0.11949,0.996838,logprobs,Alibaba
13235,-57,11,0,0,0,0.223029,0.99391,logprobs,Alibaba
13236,-57,13,0,0,0,0.148352,0.998633,logprobs,Alibaba
13237,-57,15,0,0,0,0.164999,0.996896,logprobs,Alibaba
13238,-57,17,0,0,0,0.119622,0.992413,logprobs,Alibaba
13239,-57,19,0,0,0,0.107064,0.998107,logprobs,Alibaba
13240,-57,21,0,0,0,0.148312,0.996482,logprobs,Alibaba
13241,-57,23,0,0,0,0.246033,0.997168,logprobs,Alibaba
13242,-57,25,0,0,0,0.349103,0.998677,logprobs,Alibaba
13243,-57,27,0,0,0,0.148337,0.99571,logprobs,Alibaba
13244,-57,29,0,0,0,0.245597,0.996839,logprobs,Alibaba
13245,-57,31,0,0,0,0.202385,0.997342,logprobs,Alibaba
13246,-57,33,0,0,0,0.223096,0.996401,logprobs,Alibaba
13247,-57,35,0,0,0,0.047689,0.999027,logprobs,Alibaba
13248,-57,37,0,0,0,0.076096,0.998834,logprobs,Alibaba
13249,-57,39,0,0,0,0.133184,0.997068,logprobs,Alibaba
13250,-57,41,0,0,0,0.042265,0.998532,logprobs,Alibaba
13251,-57,43,0,0,0,0.042271,0.998731,logprobs,Alibaba
13252,-57,45,0,0,0,0.095577,0.998488,logprobs,Alibaba
13253,-57,47,0,0,0,0.148442,0.997614,logprobs,Alibaba
13254,-57,49,0,0,0,0.095994,0.998413,logprobs,Alibaba
13255,-57,51,0,0,0,0.119575,0.998406,logprobs,Alibaba
13256,-57,53,0,0,0,0.119669,0.997334,logprobs,Alibaba
13257,-57,55,0,0,0,0.09584,0.99892,logprobs,Alibaba
13258,-57,57,0,0,0,0.047571,0.999116,logprobs,Alibaba
13259,-57,59,0,0,0,0.106864,0.998274,logprobs,Alibaba
13260,-57,61,0,0,0,0.119614,0.999248,logprobs,Alibaba
13261,-57,63,0,0,0,0.119669,0.999313,logprobs,Alibaba
13262,-57,65,0,0,0,0.202312,0.997774,logprobs,Alibaba
13263,-57,67,0,0,0,0.119517,0.998779,logprobs,Alibaba
13264,-57,69,0,0,0,0.245505,0.998435,logprobs,Alibaba
13265,-57,71,0,0,0,0.133138,0.998702,logprobs,Alibaba
13266,-57,73,0,0,0,0.202378,0.99811,logprobs,Alibaba
13267,-57,75,0,0,0,0.202406,0.998487,logprobs,Alibaba
13268,-57,77,0,0,0,0.182786,0.998489,logprobs,Alibaba
13269,-57,79,0,0,0,0.245925,0.998897,logprobs,Alibaba
13270,-57,81,0,0,0,0.270237,0.998743,logprobs,Alibaba
13271,-57,83,0,0,0,0.202049,0.99888,logprobs,Alibaba
13272,-57,85,0,0,0,0.223307,0.998728,logprobs,Alibaba
13273,-57,87,0,0,0,0.294948,0.998696,logprobs,Alibaba
13274,-57,89,0,0,0,0.269836,0.994429,logprobs,Alibaba
13275,-57,91,0,0,0,0.165224,0.998265,logprobs,Alibaba
13276,-57,93,0,0,0,0.269292,0.998441,logprobs,Alibaba
13277,-57,95,0,0,0,0.085263,0.998711,logprobs,Alibaba
13278,-57,97,0,0,0,0.32146,0.998695,logprobs,Alibaba
13279,-57,99,0,0,0,0.14886,0.998444,logprobs,Alibaba
13280,-57,101,0,0,0,0.076279,0.999262,logprobs,Alibaba
13281,-57,103,0,0,0,0.182692,0.998992,logprobs,Alibaba
13282,-57,105,0,0,0,0.107169,0.999024,logprobs,Alibaba
13283,-57,107,0,0,0,0.107048,0.999099,logprobs,Alibaba
13284,-57,109,0,0,0,0.107293,0.998782,logprobs,Alibaba
13285,-57,111,0,0,0,0.11948,0.999088,logprobs,Alibaba
13286,-57,113,0,0,0,0.202528,0.998945,logprobs,Alibaba
13287,-57,115,0,0,0,0.095642,0.998737,logprobs,Alibaba
13288,-57,117,0,0,0,0.133346,0.998938,logprobs,Alibaba
13289,-57,119,0,0,0,0.095601,0.998465,logprobs,Alibaba
13290,-57,121,0,0,0,0.13362,0.998757,logprobs,Alibaba
13291,-57,123,0,0,0,0.148425,0.999103,logprobs,Alibaba
13292,-57,125,0,0,0,0.067807,0.999171,logprobs,Alibaba
13293,-57,127,0,0,0,0.133197,0.998962,logprobs,Alibaba
13294,-57,129,0,0,0,0.095706,0.99907,logprobs,Alibaba
13295,-57,131,0,0,0,0.096079,0.998758,logprobs,Alibaba
13296,-57,133,0,0,0,0.133316,0.998664,logprobs,Alibaba
13297,-57,135,0,0,0,0.119453,0.998134,logprobs,Alibaba
13298,-57,137,0,0,0,0.085523,0.999035,logprobs,Alibaba
13299,-57,139,0,0,0,0.06032,0.998857,logprobs,Alibaba
13300,-57,141,0,0,0,0.037466,0.999039,logprobs,Alibaba
13301,-57,143,0,0,0,0.076249,0.998605,logprobs,Alibaba
13302,-57,145,0,0,0,0.148765,0.997499,logprobs,Alibaba
13303,-57,147,0,0,0,0.165069,0.998396,logprobs,Alibaba
13304,-57,149,0,0,0,0.085474,0.997528,logprobs,Alibaba
13305,-57,151,0,0,0,0.076186,0.997472,logprobs,Alibaba
13306,-57,153,0,0,0,0.023064,0.998246,logprobs,Alibaba
13307,-57,155,0,0,0,0.053888,0.998709,logprobs,Alibaba
13308,-57,157,0,0,0,0.026079,0.998924,logprobs,Alibaba
13309,-57,159,0,0,0,0.026083,0.999242,logprobs,Alibaba
13310,-57,161,0,0,0,0.026127,0.999191,logprobs,Alibaba
13311,-57,163,0,0,0,0.037456,0.999247,logprobs,Alibaba
13312,-57,165,0,0,0,0.060394,0.997989,logprobs,Alibaba
13313,-57,167,0,0,0,0.060416,0.998933,logprobs,Alibaba
13314,-57,169,0,0,0,0.085276,0.998183,logprobs,Alibaba
13315,-57,171,0,0,0,0.033268,0.99939,logprobs,Alibaba
13316,-57,173,0,0,0,0.047591,0.999056,logprobs,Alibaba
13317,-57,175,0,0,0,0.023099,0.999391,logprobs,Alibaba
13318,-57,177,0,0,0,0.029473,0.999541,logprobs,Alibaba
13319,-57,179,0,0,0,0.042302,0.999567,logprobs,Alibaba
13320,-59,-179,0,0,0,0.020448,0.999575,logprobs,Alibaba
13321,-59,-177,0,0,0,0.029406,0.999051,logprobs,Alibaba
13322,-59,-175,0,0,0,0.037401,0.99911,logprobs,Alibaba
13323,-59,-173,0,0,0,0.020471,0.999315,logprobs,Alibaba
13324,-59,-171,0,0,0,0.053707,0.99827,logprobs,Alibaba
13325,-59,-169,0,0,0,0.053793,0.99867,logprobs,Alibaba
13326,-59,-167,0,0,0,0.026237,0.998738,logprobs,Alibaba
13327,-59,-165,0,0,0,0.053623,0.998992,logprobs,Alibaba
13328,-59,-163,0,0,0,0.107113,0.998737,logprobs,Alibaba
13329,-59,-161,0,0,0,0.06785,0.998503,logprobs,Alibaba
13330,-59,-159,0,0,0,0.015958,0.99941,logprobs,Alibaba
13331,-59,-157,0,0,0,0.037587,0.997481,logprobs,Alibaba
13332,-59,-155,0,0,0,0.04223,0.99789,logprobs,Alibaba
13333,-59,-153,0,0,0,0.060358,0.996802,logprobs,Alibaba
13334,-59,-151,0,0,0,0.10702,0.99589,logprobs,Alibaba
13335,-59,-149,0,0,0,0.269252,0.994778,logprobs,Alibaba
13336,-59,-147,0,0,0,0.269723,0.997207,logprobs,Alibaba
13337,-59,-145,0,0,0,0.060358,0.999203,logprobs,Alibaba
13338,-59,-143,0,0,0,0.107149,0.997888,logprobs,Alibaba
13339,-59,-141,0,0,0,0.408074,0.998806,logprobs,Alibaba
13340,-59,-139,0,0,0,0.269682,0.99771,logprobs,Alibaba
13341,-59,-137,0,0,0,0.164992,0.998483,logprobs,Alibaba
13342,-59,-135,0,0,0,0.223029,0.998804,logprobs,Alibaba
13343,-59,-133,0,0,0,0.321868,0.998251,logprobs,Alibaba
13344,-59,-131,0,0,0,0.294755,0.998734,logprobs,Alibaba
13345,-59,-129,0,0,1,0.500293,0.998992,logprobs,Alibaba
13346,-59,-127,0,0,1,0.651788,0.999264,logprobs,Alibaba
13347,-59,-125,0,0,0,0.269293,0.998079,logprobs,Alibaba
13348,-59,-123,0,0,0,0.349393,0.998424,logprobs,Alibaba
13349,-59,-121,0,0,0,0.349165,0.997612,logprobs,Alibaba
13350,-59,-119,0,0,0,0.223001,0.995011,logprobs,Alibaba
13351,-59,-117,0,0,0,0.202444,0.994193,logprobs,Alibaba
13352,-59,-115,0,0,0,0.27024,0.9979,logprobs,Alibaba
13353,-59,-113,0,0,0,0.296154,0.99796,logprobs,Alibaba
13354,-59,-111,0,0,1,0.501735,0.998272,logprobs,Alibaba
13355,-59,-109,0,0,0,0.321125,0.995182,logprobs,Alibaba
13356,-59,-107,0,0,1,0.50157,0.997186,logprobs,Alibaba
13357,-59,-105,0,0,0,0.322171,0.995724,logprobs,Alibaba
13358,-59,-103,0,0,0,0.245665,0.993411,logprobs,Alibaba
13359,-59,-101,0,0,1,0.531681,0.99904,logprobs,Alibaba
13360,-59,-99,0,0,1,0.562518,0.997644,logprobs,Alibaba
13361,-59,-97,0,0,0,0.183409,0.994645,logprobs,Alibaba
13362,-59,-95,0,0,0,0.067826,0.994759,logprobs,Alibaba
13363,-59,-93,0,0,0,0.107048,0.998362,logprobs,Alibaba
13364,-59,-91,0,0,0,0.053793,0.99812,logprobs,Alibaba
13365,-59,-89,0,0,0,0.095555,0.998633,logprobs,Alibaba
13366,-59,-87,0,0,0,0.148319,0.995249,logprobs,Alibaba
13367,-59,-85,0,0,0,0.076043,0.997981,logprobs,Alibaba
13368,-59,-83,0,0,0,0.119614,0.998671,logprobs,Alibaba
13369,-59,-81,0,0,0,0.096245,0.994811,logprobs,Alibaba
13370,-59,-79,0,0,0,0.321915,0.998426,logprobs,Alibaba
13371,-59,-77,0,0,0,0.183492,0.997602,logprobs,Alibaba
13372,-59,-75,0,0,0,0.349353,0.997359,logprobs,Alibaba
13373,-59,-73,0,0,0,0.223582,0.994335,logprobs,Alibaba
13374,-59,-71,0,0,0,0.202318,0.987697,logprobs,Alibaba
13375,-59,-69,0,0,0,0.377986,0.995804,logprobs,Alibaba
13376,-59,-67,0,0,0,0.245923,0.996437,logprobs,Alibaba
13377,-59,-65,0,0,0,0.060259,0.997895,logprobs,Alibaba
13378,-59,-63,0,0,0,0.060375,0.997979,logprobs,Alibaba
13379,-59,-61,0,0,0,0.060358,0.998242,logprobs,Alibaba
13380,-59,-59,0,0,0,0.033199,0.99835,logprobs,Alibaba
13381,-59,-57,0,0,0,0.106951,0.998288,logprobs,Alibaba
13382,-59,-55,0,0,0,0.223177,0.996827,logprobs,Alibaba
13383,-59,-53,0,0,0,0.119413,0.995226,logprobs,Alibaba
13384,-59,-51,0,0,0,0.085337,0.995103,logprobs,Alibaba
13385,-59,-49,0,0,0,0.068057,0.997662,logprobs,Alibaba
13386,-59,-47,0,0,0,0.067793,0.997969,logprobs,Alibaba
13387,-59,-45,0,0,0,0.015998,0.998166,logprobs,Alibaba
13388,-59,-43,0,0,0,0.020431,0.998137,logprobs,Alibaba
13389,-59,-41,0,0,0,0.060358,0.995562,logprobs,Alibaba
13390,-59,-39,0,0,0,0.060605,0.993637,logprobs,Alibaba
13391,-59,-37,0,0,0,0.026117,0.998274,logprobs,Alibaba
13392,-59,-35,0,0,0,0.076268,0.994597,logprobs,Alibaba
13393,-59,-33,0,0,0,0.182955,0.995013,logprobs,Alibaba
13394,-59,-31,0,0,0,0.20214,0.997629,logprobs,Alibaba
13395,-59,-29,0,0,0,0.106896,0.996341,logprobs,Alibaba
13396,-59,-27,0,0,0,0.223488,0.990603,logprobs,Alibaba
13397,-59,-25,0,0,1,0.500691,0.998564,logprobs,Alibaba
13398,-59,-23,0,0,1,0.56275,0.997633,logprobs,Alibaba
13399,-59,-21,0,0,0,0.321748,0.98115,logprobs,Alibaba
13400,-59,-19,0,0,0,0.407887,0.98837,logprobs,Alibaba
13401,-59,-17,0,0,1,0.680177,0.99908,logprobs,Alibaba
13402,-59,-15,0,0,1,0.65159,0.999211,logprobs,Alibaba
13403,-59,-13,0,0,1,0.706499,0.999161,logprobs,Alibaba
13404,-59,-11,0,0,1,0.532288,0.998819,logprobs,Alibaba
13405,-59,-9,0,0,0,0.246305,0.991772,logprobs,Alibaba
13406,-59,-7,0,0,1,0.53169,0.998831,logprobs,Alibaba
13407,-59,-5,0,0,1,0.531944,0.999219,logprobs,Alibaba
13408,-59,-3,0,0,1,0.563263,0.999066,logprobs,Alibaba
13409,-59,-1,0,0,0,0.349174,0.998928,logprobs,Alibaba
13410,-59,1,0,0,0,0.133428,0.998935,logprobs,Alibaba
13411,-59,3,0,0,0,0.378103,0.998846,logprobs,Alibaba
13412,-59,5,0,0,0,0.294752,0.998413,logprobs,Alibaba
13413,-59,7,0,0,0,0.408136,0.999059,logprobs,Alibaba
13414,-59,9,0,0,0,0.202453,0.998512,logprobs,Alibaba
13415,-59,11,0,0,0,0.119597,0.998941,logprobs,Alibaba
13416,-59,13,0,0,0,0.148696,0.998423,logprobs,Alibaba
13417,-59,15,0,0,0,0.06776,0.998192,logprobs,Alibaba
13418,-59,17,0,0,0,0.13363,0.997169,logprobs,Alibaba
13419,-59,19,0,0,0,0.202349,0.997461,logprobs,Alibaba
13420,-59,21,0,0,0,0.164837,0.997857,logprobs,Alibaba
13421,-59,23,0,0,0,0.294864,0.991099,logprobs,Alibaba
13422,-59,25,0,0,0,0.085357,0.998094,logprobs,Alibaba
13423,-59,27,0,0,0,0.095967,0.996907,logprobs,Alibaba
13424,-59,29,0,0,0,0.106924,0.997596,logprobs,Alibaba
13425,-59,31,0,0,0,0.14895,0.996983,logprobs,Alibaba
13426,-59,33,0,0,0,0.32159,0.992312,logprobs,Alibaba
13427,-59,35,0,0,0,0.042239,0.998177,logprobs,Alibaba
13428,-59,37,0,0,0,0.076137,0.998495,logprobs,Alibaba
13429,-59,39,0,0,0,0.085438,0.997758,logprobs,Alibaba
13430,-59,41,0,0,0,0.047653,0.998089,logprobs,Alibaba
13431,-59,43,0,0,0,0.03764,0.998554,logprobs,Alibaba
13432,-59,45,0,0,0,0.202501,0.99674,logprobs,Alibaba
13433,-59,47,0,0,0,0.067793,0.995998,logprobs,Alibaba
13434,-59,49,0,0,0,0.095667,0.995002,logprobs,Alibaba
13435,-59,51,0,0,0,0.119681,0.995835,logprobs,Alibaba
13436,-59,53,0,0,0,0.095783,0.997473,logprobs,Alibaba
13437,-59,55,0,0,0,0.182952,0.998013,logprobs,Alibaba
13438,-59,57,0,0,0,0.060593,0.998892,logprobs,Alibaba
13439,-59,59,0,0,0,0.076166,0.999114,logprobs,Alibaba
13440,-59,61,0,0,0,0.149109,0.998393,logprobs,Alibaba
13441,-59,63,0,0,0,0.182789,0.998263,logprobs,Alibaba
13442,-59,65,0,0,0,0.201988,0.99808,logprobs,Alibaba
13443,-59,67,0,0,0,0.183024,0.996258,logprobs,Alibaba
13444,-59,69,0,0,0,0.246036,0.998911,logprobs,Alibaba
13445,-59,71,0,0,0,0.183018,0.998104,logprobs,Alibaba
13446,-59,73,0,0,0,0.14849,0.998284,logprobs,Alibaba
13447,-59,75,0,0,0,0.26945,0.998591,logprobs,Alibaba
13448,-59,77,0,0,0,0.27082,0.998497,logprobs,Alibaba
13449,-59,79,0,0,0,0.202247,0.998752,logprobs,Alibaba
13450,-59,81,0,0,0,0.202453,0.99914,logprobs,Alibaba
13451,-59,83,0,0,0,0.182974,0.998932,logprobs,Alibaba
13452,-59,85,0,0,0,0.294663,0.998318,logprobs,Alibaba
13453,-59,87,0,0,0,0.321319,0.998798,logprobs,Alibaba
13454,-59,89,0,0,0,0.321315,0.997581,logprobs,Alibaba
13455,-59,91,0,0,0,0.164942,0.998866,logprobs,Alibaba
13456,-59,93,0,0,0,0.183492,0.998502,logprobs,Alibaba
13457,-59,95,0,0,0,0.106986,0.998676,logprobs,Alibaba
13458,-59,97,0,0,0,0.245827,0.998941,logprobs,Alibaba
13459,-59,99,0,0,0,0.182764,0.99907,logprobs,Alibaba
13460,-59,101,0,0,0,0.076104,0.999242,logprobs,Alibaba
13461,-59,103,0,0,0,0.095732,0.998917,logprobs,Alibaba
13462,-59,105,0,0,0,0.037621,0.999149,logprobs,Alibaba
13463,-59,107,0,0,0,0.076148,0.998892,logprobs,Alibaba
13464,-59,109,0,0,0,0.16487,0.998997,logprobs,Alibaba
13465,-59,111,0,0,0,0.182837,0.998957,logprobs,Alibaba
13466,-59,113,0,0,0,0.269834,0.999122,logprobs,Alibaba
13467,-59,115,0,0,0,0.085889,0.998643,logprobs,Alibaba
13468,-59,117,0,0,0,0.148438,0.999088,logprobs,Alibaba
13469,-59,119,0,0,0,0.148205,0.999218,logprobs,Alibaba
13470,-59,121,0,0,0,0.133396,0.999288,logprobs,Alibaba
13471,-59,123,0,0,0,0.095531,0.999166,logprobs,Alibaba
13472,-59,125,0,0,0,0.119448,0.998504,logprobs,Alibaba
13473,-59,127,0,0,0,0.182676,0.999205,logprobs,Alibaba
13474,-59,129,0,0,0,0.245867,0.999,logprobs,Alibaba
13475,-59,131,0,0,0,0.076148,0.998958,logprobs,Alibaba
13476,-59,133,0,0,0,0.223486,0.998175,logprobs,Alibaba
13477,-59,135,0,0,0,0.245918,0.998708,logprobs,Alibaba
13478,-59,137,0,0,0,0.223479,0.998946,logprobs,Alibaba
13479,-59,139,0,0,0,0.107014,0.998775,logprobs,Alibaba
13480,-59,141,0,0,0,0.223072,0.99883,logprobs,Alibaba
13481,-59,143,0,0,0,0.107785,0.998817,logprobs,Alibaba
13482,-59,145,0,0,0,0.085391,0.998757,logprobs,Alibaba
13483,-59,147,0,0,0,0.183257,0.997704,logprobs,Alibaba
13484,-59,149,0,0,0,0.085404,0.99869,logprobs,Alibaba
13485,-59,151,0,0,0,0.119501,0.998196,logprobs,Alibaba
13486,-59,153,0,0,0,0.095555,0.996912,logprobs,Alibaba
13487,-59,155,0,0,0,0.060394,0.997192,logprobs,Alibaba
13488,-59,157,0,0,0,0.05353,0.99891,logprobs,Alibaba
13489,-59,159,0,0,0,0.067743,0.99869,logprobs,Alibaba
13490,-59,161,0,0,0,0.076195,0.998454,logprobs,Alibaba
13491,-59,163,0,0,0,0.047532,0.999073,logprobs,Alibaba
13492,-59,165,0,0,0,0.047705,0.998486,logprobs,Alibaba
13493,-59,167,0,0,0,0.060298,0.997128,logprobs,Alibaba
13494,-59,169,0,0,0,0.067743,0.998045,logprobs,Alibaba
13495,-59,171,0,0,0,0.042235,0.998965,logprobs,Alibaba
13496,-59,173,0,0,0,0.047542,0.998801,logprobs,Alibaba
13497,-59,175,0,0,0,0.029454,0.999205,logprobs,Alibaba
13498,-59,177,0,0,0,0.023082,0.998894,logprobs,Alibaba
13499,-59,179,0,0,0,0.029422,0.999616,logprobs,Alibaba
13500,-61,-179,0,0,0,0.029358,0.999396,logprobs,Alibaba
13501,-61,-177,0,0,0,0.026059,0.99936,logprobs,Alibaba
13502,-61,-175,0,0,0,0.029545,0.999051,logprobs,Alibaba
13503,-61,-173,0,0,0,0.0375,0.998859,logprobs,Alibaba
13504,-61,-171,0,0,0,0.037536,0.999093,logprobs,Alibaba
13505,-61,-169,0,0,0,0.076664,0.998381,logprobs,Alibaba
13506,-61,-167,0,0,0,0.07624,0.998266,logprobs,Alibaba
13507,-61,-165,0,0,0,0.047672,0.998937,logprobs,Alibaba
13508,-61,-163,0,0,0,0.164999,0.999163,logprobs,Alibaba
13509,-61,-161,0,0,0,0.149413,0.998511,logprobs,Alibaba
13510,-61,-159,0,0,0,0.029467,0.998378,logprobs,Alibaba
13511,-61,-157,0,0,0,0.047526,0.998321,logprobs,Alibaba
13512,-61,-155,0,0,0,0.182786,0.994904,logprobs,Alibaba
13513,-61,-153,0,0,0,0.182949,0.998213,logprobs,Alibaba
13514,-61,-151,0,0,0,0.349105,0.998345,logprobs,Alibaba
13515,-61,-149,0,0,0,0.246039,0.997692,logprobs,Alibaba
13516,-61,-147,0,0,0,0.438559,0.998661,logprobs,Alibaba
13517,-61,-145,0,0,0,0.1483,0.998735,logprobs,Alibaba
13518,-61,-143,0,0,0,0.350562,0.998859,logprobs,Alibaba
13519,-61,-141,0,0,0,0.34931,0.998217,logprobs,Alibaba
13520,-61,-139,0,0,0,0.438644,0.999101,logprobs,Alibaba
13521,-61,-137,0,0,0,0.408366,0.99892,logprobs,Alibaba
13522,-61,-135,0,0,1,0.593483,0.999401,logprobs,Alibaba
13523,-61,-133,0,0,1,0.755743,0.999097,logprobs,Alibaba
13524,-61,-131,0,0,0,0.133246,0.998972,logprobs,Alibaba
13525,-61,-129,0,0,1,0.562959,0.999132,logprobs,Alibaba
13526,-61,-127,0,0,1,0.652077,0.998994,logprobs,Alibaba
13527,-61,-125,0,0,1,0.500528,0.998939,logprobs,Alibaba
13528,-61,-123,0,0,1,0.562682,0.999001,logprobs,Alibaba
13529,-61,-121,0,0,0,0.164999,0.998343,logprobs,Alibaba
13530,-61,-119,0,0,0,0.408344,0.998786,logprobs,Alibaba
13531,-61,-117,0,0,0,0.223178,0.998361,logprobs,Alibaba
13532,-61,-115,0,0,0,0.439318,0.998161,logprobs,Alibaba
13533,-61,-113,0,0,1,0.501862,0.998316,logprobs,Alibaba
13534,-61,-111,0,0,0,0.378665,0.99274,logprobs,Alibaba
13535,-61,-109,0,0,0,0.133693,0.996396,logprobs,Alibaba
13536,-61,-107,0,0,0,0.469438,0.998658,logprobs,Alibaba
13537,-61,-105,0,0,1,0.679528,0.998829,logprobs,Alibaba
13538,-61,-103,0,0,0,0.202318,0.996374,logprobs,Alibaba
13539,-61,-101,0,0,1,0.777555,0.999272,logprobs,Alibaba
13540,-61,-99,0,0,1,0.531721,0.998362,logprobs,Alibaba
13541,-61,-97,0,0,0,0.133213,0.99767,logprobs,Alibaba
13542,-61,-95,0,0,0,0.106936,0.997647,logprobs,Alibaba
13543,-61,-93,0,0,0,0.076266,0.999132,logprobs,Alibaba
13544,-61,-91,0,0,0,0.053575,0.998095,logprobs,Alibaba
13545,-61,-89,0,0,0,0.047672,0.998584,logprobs,Alibaba
13546,-61,-87,0,0,0,0.107386,0.998379,logprobs,Alibaba
13547,-61,-85,0,0,0,0.067625,0.998114,logprobs,Alibaba
13548,-61,-83,0,0,0,0.119937,0.998607,logprobs,Alibaba
13549,-61,-81,0,0,0,0.076084,0.998742,logprobs,Alibaba
13550,-61,-79,0,0,0,0.182982,0.993899,logprobs,Alibaba
13551,-61,-77,0,0,0,0.183193,0.996816,logprobs,Alibaba
13552,-61,-75,0,0,0,0.469136,0.999118,logprobs,Alibaba
13553,-61,-73,0,0,0,0.223166,0.998378,logprobs,Alibaba
13554,-61,-71,0,0,0,0.119649,0.997094,logprobs,Alibaba
13555,-61,-69,0,0,0,0.133226,0.997959,logprobs,Alibaba
13556,-61,-67,0,0,0,0.165224,0.99763,logprobs,Alibaba
13557,-61,-65,0,0,0,0.06772,0.996854,logprobs,Alibaba
13558,-61,-63,0,0,0,0.06037,0.998931,logprobs,Alibaba
13559,-61,-61,0,0,0,0.037385,0.996018,logprobs,Alibaba
13560,-61,-59,0,0,0,0.076002,0.996542,logprobs,Alibaba
13561,-61,-57,0,0,0,0.047511,0.998056,logprobs,Alibaba
13562,-61,-55,0,0,0,0.067914,0.99744,logprobs,Alibaba
13563,-61,-53,0,0,0,0.076156,0.996447,logprobs,Alibaba
13564,-61,-51,0,0,0,0.053831,0.998132,logprobs,Alibaba
13565,-61,-49,0,0,0,0.133726,0.993493,logprobs,Alibaba
13566,-61,-47,0,0,0,0.107069,0.995707,logprobs,Alibaba
13567,-61,-45,0,0,0,0.018055,0.997539,logprobs,Alibaba
13568,-61,-43,0,0,0,0.023103,0.998322,logprobs,Alibaba
13569,-61,-41,0,0,0,0.0375,0.995681,logprobs,Alibaba
13570,-61,-39,0,0,0,0.060341,0.995174,logprobs,Alibaba
13571,-61,-37,0,0,0,0.0375,0.9971,logprobs,Alibaba
13572,-61,-35,0,0,0,0.047831,0.996702,logprobs,Alibaba
13573,-61,-33,0,0,0,0.182888,0.993072,logprobs,Alibaba
13574,-61,-31,0,0,0,0.09556,0.994702,logprobs,Alibaba
13575,-61,-29,0,0,0,0.085608,0.994944,logprobs,Alibaba
13576,-61,-27,0,0,0,0.148651,0.985252,logprobs,Alibaba
13577,-61,-25,0,0,0,0.294814,0.99529,logprobs,Alibaba
13578,-61,-23,0,0,1,0.777663,0.999106,logprobs,Alibaba
13579,-61,-21,0,0,0,0.202538,0.995583,logprobs,Alibaba
13580,-61,-19,0,0,0,0.378099,0.995845,logprobs,Alibaba
13581,-61,-17,0,0,0,0.378428,0.992028,logprobs,Alibaba
13582,-61,-15,0,0,1,0.532652,0.998351,logprobs,Alibaba
13583,-61,-13,0,0,1,0.706079,0.999005,logprobs,Alibaba
13584,-61,-11,0,0,0,0.407958,0.993652,logprobs,Alibaba
13585,-61,-9,0,0,0,0.119743,0.994156,logprobs,Alibaba
13586,-61,-7,0,0,0,0.245484,0.9933,logprobs,Alibaba
13587,-61,-5,0,0,0,0.183186,0.998579,logprobs,Alibaba
13588,-61,-3,0,0,0,0.438008,0.999372,logprobs,Alibaba
13589,-61,-1,0,0,0,0.349447,0.998884,logprobs,Alibaba
13590,-61,1,0,0,0,0.148281,0.998285,logprobs,Alibaba
13591,-61,3,0,0,0,0.32118,0.998884,logprobs,Alibaba
13592,-61,5,0,0,0,0.164724,0.999148,logprobs,Alibaba
13593,-61,7,0,0,0,0.29501,0.998843,logprobs,Alibaba
13594,-61,9,0,0,0,0.202642,0.998627,logprobs,Alibaba
13595,-61,11,0,0,0,0.095601,0.999079,logprobs,Alibaba
13596,-61,13,0,0,0,0.202453,0.999137,logprobs,Alibaba
13597,-61,15,0,0,0,0.164708,0.998835,logprobs,Alibaba
13598,-61,17,0,0,0,0.085452,0.999484,logprobs,Alibaba
13599,-61,19,0,0,0,0.202538,0.99918,logprobs,Alibaba
13600,-61,21,0,0,0,0.068045,0.999306,logprobs,Alibaba
13601,-61,23,0,0,0,0.16487,0.998314,logprobs,Alibaba
13602,-61,25,0,0,0,0.095819,0.998335,logprobs,Alibaba
13603,-61,27,0,0,0,0.060386,0.998231,logprobs,Alibaba
13604,-61,29,0,0,0,0.085667,0.997542,logprobs,Alibaba
13605,-61,31,0,0,0,0.033206,0.998524,logprobs,Alibaba
13606,-61,33,0,0,0,0.202545,0.995443,logprobs,Alibaba
13607,-61,35,0,0,0,0.133369,0.998104,logprobs,Alibaba
13608,-61,37,0,0,0,0.182833,0.996917,logprobs,Alibaba
13609,-61,39,0,0,0,0.133636,0.995771,logprobs,Alibaba
13610,-61,41,0,0,0,0.047643,0.997102,logprobs,Alibaba
13611,-61,43,0,0,0,0.119745,0.997572,logprobs,Alibaba
13612,-61,45,0,0,0,0.10702,0.998031,logprobs,Alibaba
13613,-61,47,0,0,0,0.148234,0.99634,logprobs,Alibaba
13614,-61,49,0,0,0,0.148319,0.996646,logprobs,Alibaba
13615,-61,51,0,0,0,0.133245,0.99879,logprobs,Alibaba
13616,-61,53,0,0,0,0.107105,0.998645,logprobs,Alibaba
13617,-61,55,0,0,0,0.13317,0.997084,logprobs,Alibaba
13618,-61,57,0,0,0,0.107497,0.998117,logprobs,Alibaba
13619,-61,59,0,0,0,0.085534,0.998969,logprobs,Alibaba
13620,-61,61,0,0,0,0.182888,0.999159,logprobs,Alibaba
13621,-61,63,0,0,0,0.202406,0.998856,logprobs,Alibaba
13622,-61,65,0,0,0,0.164946,0.998672,logprobs,Alibaba
13623,-61,67,0,0,0,0.202317,0.99854,logprobs,Alibaba
13624,-61,69,0,0,0,0.26955,0.999025,logprobs,Alibaba
13625,-61,71,0,0,0,0.133476,0.998767,logprobs,Alibaba
13626,-61,73,0,0,0,0.202543,0.998332,logprobs,Alibaba
13627,-61,75,0,0,0,0.245536,0.998216,logprobs,Alibaba
13628,-61,77,0,0,0,0.182949,0.998613,logprobs,Alibaba
13629,-61,79,0,0,0,0.202453,0.998366,logprobs,Alibaba
13630,-61,81,0,0,0,0.148371,0.998371,logprobs,Alibaba
13631,-61,83,0,0,0,0.322257,0.998688,logprobs,Alibaba
13632,-61,85,0,0,0,0.223841,0.998249,logprobs,Alibaba
13633,-61,87,0,0,0,0.224163,0.997401,logprobs,Alibaba
13634,-61,89,0,0,0,0.202317,0.997534,logprobs,Alibaba
13635,-61,91,0,0,0,0.133238,0.999008,logprobs,Alibaba
13636,-61,93,0,0,0,0.133532,0.998316,logprobs,Alibaba
13637,-61,95,0,0,0,0.095831,0.998883,logprobs,Alibaba
13638,-61,97,0,0,0,0.182941,0.998622,logprobs,Alibaba
13639,-61,99,0,0,0,0.095831,0.99874,logprobs,Alibaba
13640,-61,101,0,0,0,0.047665,0.99941,logprobs,Alibaba
13641,-61,103,0,0,0,0.067731,0.999138,logprobs,Alibaba
13642,-61,105,0,0,0,0.060252,0.999184,logprobs,Alibaba
13643,-61,107,0,0,0,0.096225,0.999096,logprobs,Alibaba
13644,-61,109,0,0,0,0.085463,0.998965,logprobs,Alibaba
13645,-61,111,0,0,0,0.053507,0.999282,logprobs,Alibaba
13646,-61,113,0,0,0,0.133656,0.999106,logprobs,Alibaba
13647,-61,115,0,0,0,0.106951,0.998938,logprobs,Alibaba
13648,-61,117,0,0,0,0.133818,0.998256,logprobs,Alibaba
13649,-61,119,0,0,0,0.106922,0.99894,logprobs,Alibaba
13650,-61,121,0,0,0,0.164954,0.998922,logprobs,Alibaba
13651,-61,123,0,0,0,0.133466,0.99929,logprobs,Alibaba
13652,-61,125,0,0,0,0.164936,0.999021,logprobs,Alibaba
13653,-61,127,0,0,0,0.060351,0.99886,logprobs,Alibaba
13654,-61,129,0,0,0,0.165063,0.999121,logprobs,Alibaba
13655,-61,131,0,0,0,0.085243,0.998682,logprobs,Alibaba
13656,-61,133,0,0,1,0.651967,0.999209,logprobs,Alibaba
13657,-61,135,0,0,0,0.294689,0.998734,logprobs,Alibaba
13658,-61,137,0,0,0,0.119566,0.999058,logprobs,Alibaba
13659,-61,139,0,0,0,0.148483,0.998704,logprobs,Alibaba
13660,-61,141,0,0,0,0.133313,0.998377,logprobs,Alibaba
13661,-61,143,0,0,0,0.076121,0.998646,logprobs,Alibaba
13662,-61,145,0,0,0,0.164685,0.997751,logprobs,Alibaba
13663,-61,147,0,0,0,0.295283,0.998127,logprobs,Alibaba
13664,-61,149,0,0,0,0.164843,0.998339,logprobs,Alibaba
13665,-61,151,0,0,0,0.085483,0.996639,logprobs,Alibaba
13666,-61,153,0,0,0,0.060386,0.99813,logprobs,Alibaba
13667,-61,155,0,0,0,0.107048,0.996868,logprobs,Alibaba
13668,-61,157,0,0,0,0.053671,0.998049,logprobs,Alibaba
13669,-61,159,0,0,0,0.067716,0.996508,logprobs,Alibaba
13670,-61,161,0,0,0,0.029363,0.998918,logprobs,Alibaba
13671,-61,163,0,0,0,0.067783,0.998789,logprobs,Alibaba
13672,-61,165,0,0,0,0.076487,0.997839,logprobs,Alibaba
13673,-61,167,0,0,0,0.107196,0.999102,logprobs,Alibaba
13674,-61,169,0,0,0,0.133907,0.998175,logprobs,Alibaba
13675,-61,171,0,0,0,0.067749,0.998102,logprobs,Alibaba
13676,-61,173,0,0,0,0.053747,0.999094,logprobs,Alibaba
13677,-61,175,0,0,0,0.05364,0.999179,logprobs,Alibaba
13678,-61,177,0,0,0,0.042362,0.999068,logprobs,Alibaba
13679,-61,179,0,0,0,0.047575,0.999443,logprobs,Alibaba
13680,-63,-179,0,0,0,0.020535,0.999643,logprobs,Alibaba
13681,-63,-177,0,0,0,0.033171,0.999376,logprobs,Alibaba
13682,-63,-175,0,0,0,0.029601,0.999388,logprobs,Alibaba
13683,-63,-173,0,0,0,0.053578,0.99883,logprobs,Alibaba
13684,-63,-171,0,0,0,0.042271,0.999099,logprobs,Alibaba
13685,-63,-169,0,0,0,0.060674,0.998588,logprobs,Alibaba
13686,-63,-167,0,0,0,0.053781,0.999094,logprobs,Alibaba
13687,-63,-165,0,0,0,0.076398,0.998878,logprobs,Alibaba
13688,-63,-163,0,0,0,0.133805,0.99928,logprobs,Alibaba
13689,-63,-161,0,0,0,0.350338,0.999004,logprobs,Alibaba
13690,-63,-159,0,0,0,0.037587,0.999169,logprobs,Alibaba
13691,-63,-157,0,0,0,0.060386,0.998894,logprobs,Alibaba
13692,-63,-155,0,0,0,0.469571,0.998508,logprobs,Alibaba
13693,-63,-153,0,0,0,0.223552,0.996011,logprobs,Alibaba
13694,-63,-151,0,0,0,0.245686,0.997991,logprobs,Alibaba
13695,-63,-149,0,0,0,0.471762,0.99716,logprobs,Alibaba
13696,-63,-147,0,0,1,0.562644,0.998804,logprobs,Alibaba
13697,-63,-145,0,0,0,0.408188,0.997953,logprobs,Alibaba
13698,-63,-143,0,0,0,0.469399,0.997882,logprobs,Alibaba
13699,-63,-141,0,0,1,0.502684,0.997265,logprobs,Alibaba
13700,-63,-139,0,0,1,0.623899,0.998893,logprobs,Alibaba
13701,-63,-137,0,0,1,0.56379,0.998462,logprobs,Alibaba
13702,-63,-135,0,0,1,0.706477,0.999002,logprobs,Alibaba
13703,-63,-133,0,0,1,0.852069,0.999258,logprobs,Alibaba
13704,-63,-131,0,0,0,0.469669,0.998946,logprobs,Alibaba
13705,-63,-129,0,0,1,0.623416,0.998811,logprobs,Alibaba
13706,-63,-127,0,0,1,0.623596,0.998861,logprobs,Alibaba
13707,-63,-125,0,0,0,0.438692,0.998816,logprobs,Alibaba
13708,-63,-123,0,0,1,0.755217,0.999278,logprobs,Alibaba
13709,-63,-121,0,0,0,0.409637,0.999076,logprobs,Alibaba
13710,-63,-119,0,0,1,0.624323,0.998575,logprobs,Alibaba
13711,-63,-117,0,0,1,0.755265,0.998416,logprobs,Alibaba
13712,-63,-115,0,0,1,0.534642,0.995152,logprobs,Alibaba
13713,-63,-113,0,0,1,0.85248,0.999148,logprobs,Alibaba
13714,-63,-111,0,0,1,0.706106,0.998044,logprobs,Alibaba
13715,-63,-109,0,0,0,0.298277,0.994983,logprobs,Alibaba
13716,-63,-107,0,0,0,0.409928,0.997824,logprobs,Alibaba
13717,-63,-105,0,0,1,0.50121,0.998763,logprobs,Alibaba
13718,-63,-103,0,0,1,0.562945,0.99877,logprobs,Alibaba
13719,-63,-101,0,0,1,0.680388,0.999205,logprobs,Alibaba
13720,-63,-99,0,0,1,0.593686,0.995276,logprobs,Alibaba
13721,-63,-97,0,0,0,0.378908,0.997827,logprobs,Alibaba
13722,-63,-95,0,0,0,0.295372,0.995901,logprobs,Alibaba
13723,-63,-93,0,0,0,0.10793,0.997601,logprobs,Alibaba
13724,-63,-91,0,0,0,0.095474,0.999262,logprobs,Alibaba
13725,-63,-89,0,0,0,0.06744,0.998527,logprobs,Alibaba
13726,-63,-87,0,0,0,0.11962,0.996746,logprobs,Alibaba
13727,-63,-85,0,0,0,0.106843,0.998373,logprobs,Alibaba
13728,-63,-83,0,0,0,0.182759,0.998254,logprobs,Alibaba
13729,-63,-81,0,0,0,0.148765,0.998139,logprobs,Alibaba
13730,-63,-79,0,0,0,0.295728,0.998436,logprobs,Alibaba
13731,-63,-77,0,0,0,0.095967,0.998526,logprobs,Alibaba
13732,-63,-75,0,0,0,0.295583,0.997351,logprobs,Alibaba
13733,-63,-73,0,0,0,0.269215,0.999062,logprobs,Alibaba
13734,-63,-71,0,0,0,0.203354,0.995205,logprobs,Alibaba
13735,-63,-69,0,0,0,0.119669,0.996756,logprobs,Alibaba
13736,-63,-67,0,0,0,0.223582,0.997591,logprobs,Alibaba
13737,-63,-65,0,0,0,0.085357,0.998347,logprobs,Alibaba
13738,-63,-63,0,0,0,0.07636,0.997964,logprobs,Alibaba
13739,-63,-61,0,0,0,0.037446,0.998049,logprobs,Alibaba
13740,-63,-59,0,0,0,0.10716,0.99732,logprobs,Alibaba
13741,-63,-57,0,0,0,0.037543,0.997995,logprobs,Alibaba
13742,-63,-55,0,0,0,0.085444,0.993253,logprobs,Alibaba
13743,-63,-53,0,0,0,0.133818,0.990674,logprobs,Alibaba
13744,-63,-51,0,0,0,0.085312,0.996782,logprobs,Alibaba
13745,-63,-49,0,0,0,0.107497,0.993969,logprobs,Alibaba
13746,-63,-47,0,0,0,0.09584,0.994499,logprobs,Alibaba
13747,-63,-45,0,0,0,0.047501,0.997474,logprobs,Alibaba
13748,-63,-43,0,0,0,0.020497,0.997634,logprobs,Alibaba
13749,-63,-41,0,0,0,0.067713,0.99456,logprobs,Alibaba
13750,-63,-39,0,0,0,0.060426,0.996394,logprobs,Alibaba
13751,-63,-37,0,0,0,0.023067,0.99862,logprobs,Alibaba
13752,-63,-35,0,0,0,0.047626,0.997682,logprobs,Alibaba
13753,-63,-33,0,0,0,0.076133,0.99561,logprobs,Alibaba
13754,-63,-31,0,0,0,0.119486,0.994814,logprobs,Alibaba
13755,-63,-29,0,0,0,0.164895,0.988818,logprobs,Alibaba
13756,-63,-27,0,0,0,0.184003,0.985806,logprobs,Alibaba
13757,-63,-25,0,0,0,0.408426,0.992328,logprobs,Alibaba
13758,-63,-23,0,0,1,0.73143,0.999085,logprobs,Alibaba
13759,-63,-21,0,0,0,0.438546,0.99753,logprobs,Alibaba
13760,-63,-19,0,0,1,0.563206,0.998426,logprobs,Alibaba
13761,-63,-17,0,0,0,0.408298,0.994273,logprobs,Alibaba
13762,-63,-15,0,0,0,0.408301,0.993671,logprobs,Alibaba
13763,-63,-13,0,0,1,0.500957,0.998157,logprobs,Alibaba
13764,-63,-11,0,0,0,0.321376,0.980765,logprobs,Alibaba
13765,-63,-9,0,0,0,0.166004,0.990809,logprobs,Alibaba
13766,-63,-7,0,0,0,0.245738,0.990691,logprobs,Alibaba
13767,-63,-5,0,0,0,0.106976,0.995225,logprobs,Alibaba
13768,-63,-3,0,0,0,0.22359,0.998932,logprobs,Alibaba
13769,-63,-1,0,0,0,0.269484,0.998947,logprobs,Alibaba
13770,-63,1,0,0,0,0.119575,0.998867,logprobs,Alibaba
13771,-63,3,0,0,0,0.223123,0.998461,logprobs,Alibaba
13772,-63,5,0,0,0,0.133111,0.998394,logprobs,Alibaba
13773,-63,7,0,0,0,0.245662,0.998285,logprobs,Alibaba
13774,-63,9,0,0,0,0.133543,0.997879,logprobs,Alibaba
13775,-63,11,0,0,0,0.148387,0.998508,logprobs,Alibaba
13776,-63,13,0,0,0,0.107233,0.998417,logprobs,Alibaba
13777,-63,15,0,0,0,0.095608,0.998226,logprobs,Alibaba
13778,-63,17,0,0,0,0.095566,0.999032,logprobs,Alibaba
13779,-63,19,0,0,0,0.148233,0.999146,logprobs,Alibaba
13780,-63,21,0,0,0,0.106921,0.998878,logprobs,Alibaba
13781,-63,23,0,0,0,0.246137,0.997549,logprobs,Alibaba
13782,-63,25,0,0,0,0.1483,0.997937,logprobs,Alibaba
13783,-63,27,0,0,0,0.076335,0.997785,logprobs,Alibaba
13784,-63,29,0,0,0,0.053707,0.998508,logprobs,Alibaba
13785,-63,31,0,0,0,0.107386,0.99795,logprobs,Alibaba
13786,-63,33,0,0,0,0.18272,0.997815,logprobs,Alibaba
13787,-63,35,0,0,0,0.107222,0.998748,logprobs,Alibaba
13788,-63,37,0,0,0,0.106932,0.9989,logprobs,Alibaba
13789,-63,39,0,0,0,0.095582,0.998122,logprobs,Alibaba
13790,-63,41,0,0,0,0.067755,0.998389,logprobs,Alibaba
13791,-63,43,0,0,0,0.148949,0.998612,logprobs,Alibaba
13792,-63,45,0,0,0,0.095642,0.998675,logprobs,Alibaba
13793,-63,47,0,0,0,0.133488,0.99731,logprobs,Alibaba
13794,-63,49,0,0,0,0.222991,0.997421,logprobs,Alibaba
13795,-63,51,0,0,0,0.148751,0.998454,logprobs,Alibaba
13796,-63,53,0,0,0,0.164794,0.998566,logprobs,Alibaba
13797,-63,55,0,0,0,0.182974,0.998663,logprobs,Alibaba
13798,-63,57,0,0,0,0.119676,0.997725,logprobs,Alibaba
13799,-63,59,0,0,0,0.165001,0.998785,logprobs,Alibaba
13800,-63,61,0,0,0,0.148483,0.998902,logprobs,Alibaba
13801,-63,63,0,0,0,0.047591,0.99886,logprobs,Alibaba
13802,-63,65,0,0,0,0.119669,0.99886,logprobs,Alibaba
13803,-63,67,0,0,0,0.202444,0.996573,logprobs,Alibaba
13804,-63,69,0,0,0,0.295471,0.998155,logprobs,Alibaba
13805,-63,71,0,0,0,0.182833,0.998743,logprobs,Alibaba
13806,-63,73,0,0,0,0.165126,0.998879,logprobs,Alibaba
13807,-63,75,0,0,0,0.294864,0.9977,logprobs,Alibaba
13808,-63,77,0,0,0,0.14895,0.99863,logprobs,Alibaba
13809,-63,79,0,0,0,0.3492,0.998357,logprobs,Alibaba
13810,-63,81,0,0,0,0.202131,0.998434,logprobs,Alibaba
13811,-63,83,0,0,0,0.294606,0.998907,logprobs,Alibaba
13812,-63,85,0,0,0,0.407953,0.998784,logprobs,Alibaba
13813,-63,87,0,0,1,0.532657,0.997445,logprobs,Alibaba
13814,-63,89,0,0,0,0.43889,0.996829,logprobs,Alibaba
13815,-63,91,0,0,0,0.133407,0.998032,logprobs,Alibaba
13816,-63,93,0,0,0,0.24696,0.995924,logprobs,Alibaba
13817,-63,95,0,0,0,0.203319,0.998231,logprobs,Alibaba
13818,-63,97,0,0,0,0.270086,0.998272,logprobs,Alibaba
13819,-63,99,0,0,0,0.29481,0.99784,logprobs,Alibaba
13820,-63,101,0,0,0,0.12007,0.998678,logprobs,Alibaba
13821,-63,103,0,0,0,0.076163,0.999344,logprobs,Alibaba
13822,-63,105,0,0,0,0.060802,0.999067,logprobs,Alibaba
13823,-63,107,0,0,0,0.076601,0.998898,logprobs,Alibaba
13824,-63,109,0,0,0,0.148549,0.999098,logprobs,Alibaba
13825,-63,111,0,0,0,0.351715,0.99839,logprobs,Alibaba
13826,-63,113,0,0,1,0.565927,0.998285,logprobs,Alibaba
13827,-63,115,0,0,0,0.149177,0.999078,logprobs,Alibaba
13828,-63,117,0,0,0,0.224573,0.998583,logprobs,Alibaba
13829,-63,119,0,0,0,0.352193,0.998459,logprobs,Alibaba
13830,-63,121,0,0,0,0.202151,0.99899,logprobs,Alibaba
13831,-63,123,0,0,0,0.165477,0.99935,logprobs,Alibaba
13832,-63,125,0,0,0,0.107445,0.998974,logprobs,Alibaba
13833,-63,127,0,0,0,0.165177,0.99842,logprobs,Alibaba
13834,-63,129,0,0,0,0.378829,0.998718,logprobs,Alibaba
13835,-63,131,0,0,0,0.294902,0.998259,logprobs,Alibaba
13836,-63,133,0,0,0,0.471465,0.998982,logprobs,Alibaba
13837,-63,135,0,0,0,0.184003,0.998556,logprobs,Alibaba
13838,-63,137,0,0,0,0.10716,0.998795,logprobs,Alibaba
13839,-63,139,0,0,0,0.202527,0.999009,logprobs,Alibaba
13840,-63,141,0,0,0,0.18316,0.998495,logprobs,Alibaba
13841,-63,143,0,0,0,0.148681,0.997894,logprobs,Alibaba
13842,-63,145,0,0,0,0.095687,0.998742,logprobs,Alibaba
13843,-63,147,0,0,0,0.295283,0.996668,logprobs,Alibaba
13844,-63,149,0,0,0,0.148615,0.997753,logprobs,Alibaba
13845,-63,151,0,0,0,0.095572,0.998362,logprobs,Alibaba
13846,-63,153,0,0,0,0.047742,0.998726,logprobs,Alibaba
13847,-63,155,0,0,0,0.095681,0.998069,logprobs,Alibaba
13848,-63,157,0,0,0,0.02941,0.998688,logprobs,Alibaba
13849,-63,159,0,0,0,0.042389,0.998668,logprobs,Alibaba
13850,-63,161,0,0,0,0.107357,0.998396,logprobs,Alibaba
13851,-63,163,0,0,0,0.067749,0.999208,logprobs,Alibaba
13852,-63,165,0,0,0,0.076219,0.997773,logprobs,Alibaba
13853,-63,167,0,0,0,0.060459,0.999064,logprobs,Alibaba
13854,-63,169,0,0,0,0.107149,0.998968,logprobs,Alibaba
13855,-63,171,0,0,0,0.042317,0.998901,logprobs,Alibaba
13856,-63,173,0,0,0,0.042448,0.999115,logprobs,Alibaba
13857,-63,175,0,0,0,0.047575,0.999226,logprobs,Alibaba
13858,-63,177,0,0,0,0.023012,0.999548,logprobs,Alibaba
13859,-63,179,0,0,0,0.037429,0.999524,logprobs,Alibaba
13860,-65,-179,0,0,0,0.011021,0.999655,logprobs,Alibaba
13861,-65,-177,0,0,0,0.023161,0.999251,logprobs,Alibaba
13862,-65,-175,0,0,0,0.012469,0.999479,logprobs,Alibaba
13863,-65,-173,0,0,0,0.02042,0.999371,logprobs,Alibaba
13864,-65,-171,0,0,0,0.014116,0.999124,logprobs,Alibaba
13865,-65,-169,0,0,0,0.03326,0.998881,logprobs,Alibaba
13866,-65,-167,0,0,0,0.047774,0.998424,logprobs,Alibaba
13867,-65,-165,0,0,0,0.02307,0.999437,logprobs,Alibaba
13868,-65,-163,0,0,0,0.07621,0.998417,logprobs,Alibaba
13869,-65,-161,0,0,0,0.133483,0.998965,logprobs,Alibaba
13870,-65,-159,0,0,0,0.018105,0.999268,logprobs,Alibaba
13871,-65,-157,0,0,0,0.026027,0.999058,logprobs,Alibaba
13872,-65,-155,0,0,0,0.245628,0.996667,logprobs,Alibaba
13873,-65,-153,0,0,0,0.053679,0.998123,logprobs,Alibaba
13874,-65,-151,0,0,0,0.294657,0.998071,logprobs,Alibaba
13875,-65,-149,0,0,0,0.379191,0.997995,logprobs,Alibaba
13876,-65,-147,0,0,0,0.469996,0.998836,logprobs,Alibaba
13877,-65,-145,0,0,0,0.107025,0.99315,logprobs,Alibaba
13878,-65,-143,0,0,0,0.095783,0.996231,logprobs,Alibaba
13879,-65,-141,0,0,0,0.294952,0.998377,logprobs,Alibaba
13880,-65,-139,0,0,0,0.294753,0.998338,logprobs,Alibaba
13881,-65,-137,0,0,1,0.500648,0.998791,logprobs,Alibaba
13882,-65,-135,0,0,1,0.59322,0.999183,logprobs,Alibaba
13883,-65,-133,0,0,0,0.407792,0.998944,logprobs,Alibaba
13884,-65,-131,0,0,0,0.223287,0.998775,logprobs,Alibaba
13885,-65,-129,0,0,0,0.470335,0.998958,logprobs,Alibaba
13886,-65,-127,0,0,1,0.531826,0.998852,logprobs,Alibaba
13887,-65,-125,0,0,0,0.245615,0.998556,logprobs,Alibaba
13888,-65,-123,0,0,1,0.500532,0.998957,logprobs,Alibaba
13889,-65,-121,0,0,0,0.321766,0.996231,logprobs,Alibaba
13890,-65,-119,0,0,1,0.501457,0.998164,logprobs,Alibaba
13891,-65,-117,0,0,0,0.407715,0.998846,logprobs,Alibaba
13892,-65,-115,0,0,1,0.532335,0.998826,logprobs,Alibaba
13893,-65,-113,0,0,1,0.532595,0.999204,logprobs,Alibaba
13894,-65,-111,0,0,1,0.679685,0.998797,logprobs,Alibaba
13895,-65,-109,0,0,0,0.202286,0.995157,logprobs,Alibaba
13896,-65,-107,0,0,0,0.470155,0.998513,logprobs,Alibaba
13897,-65,-105,0,0,0,0.470538,0.998946,logprobs,Alibaba
13898,-65,-103,0,0,1,0.562738,0.998366,logprobs,Alibaba
13899,-65,-101,0,0,1,0.593921,0.998999,logprobs,Alibaba
13900,-65,-99,0,0,1,0.563008,0.998464,logprobs,Alibaba
13901,-65,-97,0,0,0,0.26978,0.998743,logprobs,Alibaba
13902,-65,-95,0,0,0,0.270564,0.998957,logprobs,Alibaba
13903,-65,-93,0,0,0,0.164858,0.997833,logprobs,Alibaba
13904,-65,-91,0,0,0,0.223236,0.999015,logprobs,Alibaba
13905,-65,-89,0,0,0,0.060435,0.99737,logprobs,Alibaba
13906,-65,-87,0,0,0,0.095558,0.998392,logprobs,Alibaba
13907,-65,-85,0,0,0,0.133243,0.996528,logprobs,Alibaba
13908,-65,-83,0,0,0,0.164896,0.996925,logprobs,Alibaba
13909,-65,-81,0,0,0,0.076279,0.998053,logprobs,Alibaba
13910,-65,-79,0,0,0,0.245565,0.998779,logprobs,Alibaba
13911,-65,-77,0,0,0,0.133309,0.997788,logprobs,Alibaba
13912,-65,-75,0,0,0,0.202157,0.99692,logprobs,Alibaba
13913,-65,-73,0,0,0,0.202317,0.998237,logprobs,Alibaba
13914,-65,-71,0,0,0,0.202207,0.99626,logprobs,Alibaba
13915,-65,-69,0,0,0,0.223346,0.996384,logprobs,Alibaba
13916,-65,-67,0,0,0,0.16531,0.995963,logprobs,Alibaba
13917,-65,-65,0,0,0,0.033297,0.998321,logprobs,Alibaba
13918,-65,-63,1,1,0,0.047613,0.9985,logprobs,Alibaba
13919,-65,-61,0,0,0,0.133321,0.994728,logprobs,Alibaba
13920,-65,-59,0,0,0,0.119866,0.995677,logprobs,Alibaba
13921,-65,-57,0,0,0,0.053606,0.995997,logprobs,Alibaba
13922,-65,-55,0,0,0,0.106989,0.98487,logprobs,Alibaba
13923,-65,-53,0,0,0,0.085332,0.996504,logprobs,Alibaba
13924,-65,-51,0,0,0,0.107069,0.99563,logprobs,Alibaba
13925,-65,-49,0,0,0,0.148475,0.996611,logprobs,Alibaba
13926,-65,-47,0,0,0,0.148554,0.993436,logprobs,Alibaba
13927,-65,-45,0,0,0,0.026164,0.997693,logprobs,Alibaba
13928,-65,-43,0,0,0,0.033272,0.993714,logprobs,Alibaba
13929,-65,-41,0,0,0,0.119681,0.980901,logprobs,Alibaba
13930,-65,-39,0,0,0,0.148967,0.992611,logprobs,Alibaba
13931,-65,-37,0,0,0,0.076934,0.993723,logprobs,Alibaba
13932,-65,-35,0,0,0,0.060232,0.993077,logprobs,Alibaba
13933,-65,-33,0,0,0,0.133325,0.996283,logprobs,Alibaba
13934,-65,-31,0,0,0,0.321234,0.987806,logprobs,Alibaba
13935,-65,-29,0,0,0,0.378055,0.991054,logprobs,Alibaba
13936,-65,-27,0,0,1,0.562665,0.995577,logprobs,Alibaba
13937,-65,-25,0,0,0,0.439651,0.996889,logprobs,Alibaba
13938,-65,-23,0,0,1,0.59403,0.998496,logprobs,Alibaba
13939,-65,-21,0,0,1,0.531938,0.996255,logprobs,Alibaba
13940,-65,-19,0,0,1,0.731583,0.999124,logprobs,Alibaba
13941,-65,-17,0,0,0,0.40803,0.997989,logprobs,Alibaba
13942,-65,-15,0,0,0,0.148457,0.988633,logprobs,Alibaba
13943,-65,-13,0,0,1,0.679938,0.998908,logprobs,Alibaba
13944,-65,-11,0,0,1,0.679654,0.998848,logprobs,Alibaba
13945,-65,-9,0,0,0,0.295048,0.998151,logprobs,Alibaba
13946,-65,-7,0,0,0,0.11998,0.994709,logprobs,Alibaba
13947,-65,-5,0,0,0,0.085501,0.997254,logprobs,Alibaba
13948,-65,-3,0,0,0,0.294648,0.999202,logprobs,Alibaba
13949,-65,-1,0,0,0,0.182952,0.999044,logprobs,Alibaba
13950,-65,1,0,0,0,0.085284,0.998971,logprobs,Alibaba
13951,-65,3,0,0,0,0.222912,0.999238,logprobs,Alibaba
13952,-65,5,0,0,0,0.08545,0.999099,logprobs,Alibaba
13953,-65,7,0,0,0,0.202751,0.998872,logprobs,Alibaba
13954,-65,9,0,0,0,0.294908,0.998835,logprobs,Alibaba
13955,-65,11,0,0,0,0.148607,0.999143,logprobs,Alibaba
13956,-65,13,0,0,0,0.095764,0.999252,logprobs,Alibaba
13957,-65,15,0,0,0,0.053543,0.998438,logprobs,Alibaba
13958,-65,17,0,0,0,0.09554,0.999504,logprobs,Alibaba
13959,-65,19,0,0,0,0.106994,0.998957,logprobs,Alibaba
13960,-65,21,0,0,0,0.11951,0.998637,logprobs,Alibaba
13961,-65,23,0,0,0,0.164896,0.996267,logprobs,Alibaba
13962,-65,25,0,0,0,0.076039,0.998655,logprobs,Alibaba
13963,-65,27,0,0,0,0.060236,0.997077,logprobs,Alibaba
13964,-65,29,0,0,0,0.060337,0.998061,logprobs,Alibaba
13965,-65,31,0,0,0,0.053623,0.998412,logprobs,Alibaba
13966,-65,33,0,0,0,0.348941,0.994201,logprobs,Alibaba
13967,-65,35,0,0,0,0.06769,0.998092,logprobs,Alibaba
13968,-65,37,0,0,0,0.202606,0.997915,logprobs,Alibaba
13969,-65,39,0,0,0,0.106988,0.994694,logprobs,Alibaba
13970,-65,41,0,0,0,0.067731,0.998328,logprobs,Alibaba
13971,-65,43,0,0,0,0.133226,0.997951,logprobs,Alibaba
13972,-65,45,0,0,0,0.106947,0.995755,logprobs,Alibaba
13973,-65,47,0,0,0,0.164662,0.994379,logprobs,Alibaba
13974,-65,49,0,0,0,0.085284,0.997445,logprobs,Alibaba
13975,-65,51,0,0,0,0.14849,0.998828,logprobs,Alibaba
13976,-65,53,0,0,0,0.18266,0.99911,logprobs,Alibaba
13977,-65,55,0,0,0,0.133228,0.9986,logprobs,Alibaba
13978,-65,57,0,0,0,0.085409,0.998504,logprobs,Alibaba
13979,-65,59,0,0,0,0.164896,0.998506,logprobs,Alibaba
13980,-65,61,0,0,0,0.182888,0.998862,logprobs,Alibaba
13981,-65,63,0,0,0,0.133488,0.998435,logprobs,Alibaba
13982,-65,65,0,0,0,0.085281,0.997039,logprobs,Alibaba
13983,-65,67,0,0,0,0.202642,0.998284,logprobs,Alibaba
13984,-65,69,0,0,0,0.294826,0.998769,logprobs,Alibaba
13985,-65,71,0,0,0,0.183193,0.998411,logprobs,Alibaba
13986,-65,73,0,0,0,0.202247,0.998876,logprobs,Alibaba
13987,-65,75,0,0,0,0.133532,0.9986,logprobs,Alibaba
13988,-65,77,0,0,0,0.224165,0.997958,logprobs,Alibaba
13989,-65,79,0,0,0,0.378428,0.998732,logprobs,Alibaba
13990,-65,81,0,0,0,0.321211,0.998512,logprobs,Alibaba
13991,-65,83,0,0,0,0.223241,0.998814,logprobs,Alibaba
13992,-65,85,0,0,0,0.407999,0.995847,logprobs,Alibaba
13993,-65,87,0,0,0,0.349679,0.998397,logprobs,Alibaba
13994,-65,89,0,0,0,0.295551,0.996959,logprobs,Alibaba
13995,-65,91,0,0,0,0.202336,0.999033,logprobs,Alibaba
13996,-65,93,0,0,0,0.202866,0.996702,logprobs,Alibaba
13997,-65,95,0,0,0,0.067783,0.999262,logprobs,Alibaba
13998,-65,97,0,0,0,0.165207,0.998941,logprobs,Alibaba
13999,-65,99,0,0,0,0.223001,0.998848,logprobs,Alibaba
14000,-65,101,0,0,0,0.047752,0.999092,logprobs,Alibaba
14001,-65,103,0,0,0,0.096441,0.99907,logprobs,Alibaba
14002,-65,105,0,0,0,0.107057,0.998101,logprobs,Alibaba
14003,-65,107,0,0,0,0.076063,0.999271,logprobs,Alibaba
14004,-65,109,0,0,0,0.060365,0.999028,logprobs,Alibaba
14005,-65,111,0,0,0,0.11973,0.999067,logprobs,Alibaba
14006,-65,113,0,0,0,0.439088,0.99879,logprobs,Alibaba
14007,-65,115,0,0,0,0.224317,0.998417,logprobs,Alibaba
14008,-65,117,0,0,0,0.165402,0.999071,logprobs,Alibaba
14009,-65,119,0,0,0,0.148751,0.998923,logprobs,Alibaba
14010,-65,121,0,0,0,0.133416,0.999209,logprobs,Alibaba
14011,-65,123,0,0,0,0.148602,0.999115,logprobs,Alibaba
14012,-65,125,0,0,0,0.085496,0.999003,logprobs,Alibaba
14013,-65,127,0,0,0,0.060211,0.999103,logprobs,Alibaba
14014,-65,129,0,0,0,0.202729,0.998523,logprobs,Alibaba
14015,-65,131,0,0,0,0.085463,0.998955,logprobs,Alibaba
14016,-65,133,0,0,0,0.245663,0.998655,logprobs,Alibaba
14017,-65,135,0,0,0,0.060426,0.998819,logprobs,Alibaba
14018,-65,137,0,0,0,0.060332,0.999172,logprobs,Alibaba
14019,-65,139,0,0,0,0.085868,0.999008,logprobs,Alibaba
14020,-65,141,0,0,0,0.060257,0.999143,logprobs,Alibaba
14021,-65,143,0,0,0,0.085327,0.998534,logprobs,Alibaba
14022,-65,145,0,0,0,0.085337,0.9985,logprobs,Alibaba
14023,-65,147,0,0,0,0.321595,0.997693,logprobs,Alibaba
14024,-65,149,0,0,0,0.1198,0.99829,logprobs,Alibaba
14025,-65,151,0,0,0,0.202545,0.995982,logprobs,Alibaba
14026,-65,153,0,0,0,0.08535,0.998987,logprobs,Alibaba
14027,-65,155,0,0,0,0.033256,0.998346,logprobs,Alibaba
14028,-65,157,0,0,0,0.037429,0.999052,logprobs,Alibaba
14029,-65,159,0,0,0,0.060343,0.998469,logprobs,Alibaba
14030,-65,161,0,0,0,0.060326,0.998511,logprobs,Alibaba
14031,-65,163,0,0,0,0.06776,0.998884,logprobs,Alibaba
14032,-65,165,0,0,0,0.0295,0.998987,logprobs,Alibaba
14033,-65,167,0,0,0,0.047981,0.997967,logprobs,Alibaba
14034,-65,169,0,0,0,0.053612,0.998393,logprobs,Alibaba
14035,-65,171,0,0,0,0.042394,0.998879,logprobs,Alibaba
14036,-65,173,0,0,0,0.023058,0.999104,logprobs,Alibaba
14037,-65,175,0,0,0,0.037729,0.999497,logprobs,Alibaba
14038,-65,177,0,0,0,0.026091,0.999448,logprobs,Alibaba
14039,-65,179,0,0,0,0.012466,0.999666,logprobs,Alibaba
14040,-67,-179,0,0,0,0.042168,0.999581,logprobs,Alibaba
14041,-67,-177,0,0,0,0.033365,0.999262,logprobs,Alibaba
14042,-67,-175,0,0,0,0.033365,0.999228,logprobs,Alibaba
14043,-67,-173,0,0,0,0.042379,0.999196,logprobs,Alibaba
14044,-67,-171,0,0,0,0.047714,0.998919,logprobs,Alibaba
14045,-67,-169,0,0,0,0.060269,0.999137,logprobs,Alibaba
14046,-67,-167,0,0,0,0.042429,0.999112,logprobs,Alibaba
14047,-67,-165,0,0,0,0.085404,0.999179,logprobs,Alibaba
14048,-67,-163,0,0,0,0.148844,0.998811,logprobs,Alibaba
14049,-67,-161,0,0,0,0.223307,0.999273,logprobs,Alibaba
14050,-67,-159,0,0,0,0.047579,0.998166,logprobs,Alibaba
14051,-67,-157,0,0,0,0.095566,0.998783,logprobs,Alibaba
14052,-67,-155,0,0,0,0.182633,0.995408,logprobs,Alibaba
14053,-67,-153,0,0,0,0.107222,0.997631,logprobs,Alibaba
14054,-67,-151,0,0,0,0.378372,0.998826,logprobs,Alibaba
14055,-67,-149,0,0,1,0.531801,0.99887,logprobs,Alibaba
14056,-67,-147,0,0,0,0.469359,0.998913,logprobs,Alibaba
14057,-67,-145,0,0,0,0.075968,0.998807,logprobs,Alibaba
14058,-67,-143,0,0,0,0.223962,0.998277,logprobs,Alibaba
14059,-67,-141,0,0,0,0.322661,0.999113,logprobs,Alibaba
14060,-67,-139,0,0,1,0.531641,0.999223,logprobs,Alibaba
14061,-67,-137,0,0,0,0.470318,0.999056,logprobs,Alibaba
14062,-67,-135,0,0,0,0.378543,0.998932,logprobs,Alibaba
14063,-67,-133,0,0,1,0.62303,0.999062,logprobs,Alibaba
14064,-67,-131,0,0,0,0.378375,0.999013,logprobs,Alibaba
14065,-67,-129,0,0,0,0.438572,0.999176,logprobs,Alibaba
14066,-67,-127,0,0,0,0.350051,0.998664,logprobs,Alibaba
14067,-67,-125,0,0,0,0.322089,0.998826,logprobs,Alibaba
14068,-67,-123,0,0,1,0.531943,0.999115,logprobs,Alibaba
14069,-67,-121,0,0,0,0.408502,0.99886,logprobs,Alibaba
14070,-67,-119,0,0,1,0.62324,0.999201,logprobs,Alibaba
14071,-67,-117,0,0,1,0.563342,0.998695,logprobs,Alibaba
14072,-67,-115,0,0,0,0.439015,0.998948,logprobs,Alibaba
14073,-67,-113,0,0,1,0.680026,0.999235,logprobs,Alibaba
14074,-67,-111,0,0,1,0.593053,0.998921,logprobs,Alibaba
14075,-67,-109,0,0,0,0.24798,0.998879,logprobs,Alibaba
14076,-67,-107,0,0,1,0.532573,0.998796,logprobs,Alibaba
14077,-67,-105,0,0,1,0.563626,0.999061,logprobs,Alibaba
14078,-67,-103,0,0,0,0.378655,0.99874,logprobs,Alibaba
14079,-67,-101,0,0,1,0.50121,0.998856,logprobs,Alibaba
14080,-67,-99,0,0,0,0.40857,0.99832,logprobs,Alibaba
14081,-67,-97,0,0,0,0.321593,0.998366,logprobs,Alibaba
14082,-67,-95,0,0,0,0.321186,0.998989,logprobs,Alibaba
14083,-67,-93,0,0,1,0.500943,0.998999,logprobs,Alibaba
14084,-67,-91,0,0,1,0.532328,0.999029,logprobs,Alibaba
14085,-67,-89,0,0,0,0.321263,0.997844,logprobs,Alibaba
14086,-67,-87,0,0,0,0.148596,0.998387,logprobs,Alibaba
14087,-67,-85,0,0,0,0.245856,0.997771,logprobs,Alibaba
14088,-67,-83,0,0,0,0.246648,0.999292,logprobs,Alibaba
14089,-67,-81,0,0,0,0.322244,0.997018,logprobs,Alibaba
14090,-67,-79,0,0,0,0.378324,0.997056,logprobs,Alibaba
14091,-67,-77,0,0,0,0.29479,0.997671,logprobs,Alibaba
14092,-67,-75,0,0,1,0.651719,0.998982,logprobs,Alibaba
14093,-67,-73,0,0,1,0.755218,0.999249,logprobs,Alibaba
14094,-67,-71,0,0,1,0.532204,0.998545,logprobs,Alibaba
14095,-67,-69,0,0,0,0.321548,0.997839,logprobs,Alibaba
14096,-67,-67,1,1,0,0.107048,0.995708,logprobs,Alibaba
14097,-67,-65,1,1,0,0.202528,0.9987,logprobs,Alibaba
14098,-67,-63,0,0,0,0.183024,0.997805,logprobs,Alibaba
14099,-67,-61,0,0,0,0.164946,0.993646,logprobs,Alibaba
14100,-67,-59,0,0,1,0.532051,0.999219,logprobs,Alibaba
14101,-67,-57,0,0,0,0.165068,0.996991,logprobs,Alibaba
14102,-67,-55,0,0,1,0.500401,0.999274,logprobs,Alibaba
14103,-67,-53,0,0,0,0.29479,0.998378,logprobs,Alibaba
14104,-67,-51,0,0,0,0.223042,0.997201,logprobs,Alibaba
14105,-67,-49,0,0,0,0.349539,0.997427,logprobs,Alibaba
14106,-67,-47,0,0,0,0.245827,0.997042,logprobs,Alibaba
14107,-67,-45,0,0,0,0.085375,0.996878,logprobs,Alibaba
14108,-67,-43,0,0,0,0.107983,0.995532,logprobs,Alibaba
14109,-67,-41,0,0,0,0.321291,0.994003,logprobs,Alibaba
14110,-67,-39,0,0,0,0.349156,0.996413,logprobs,Alibaba
14111,-67,-37,0,0,0,0.202286,0.987736,logprobs,Alibaba
14112,-67,-35,0,0,0,0.119676,0.993468,logprobs,Alibaba
14113,-67,-33,0,0,0,0.349809,0.996693,logprobs,Alibaba
14114,-67,-31,0,0,1,0.651742,0.998822,logprobs,Alibaba
14115,-67,-29,0,0,1,0.562911,0.998367,logprobs,Alibaba
14116,-67,-27,0,0,1,0.652224,0.998988,logprobs,Alibaba
14117,-67,-25,0,0,1,0.593195,0.998638,logprobs,Alibaba
14118,-67,-23,0,0,1,0.679842,0.998724,logprobs,Alibaba
14119,-67,-21,0,0,0,0.407885,0.996287,logprobs,Alibaba
14120,-67,-19,0,0,1,0.532022,0.99866,logprobs,Alibaba
14121,-67,-17,0,0,0,0.350136,0.994629,logprobs,Alibaba
14122,-67,-15,0,0,1,0.531769,0.998847,logprobs,Alibaba
14123,-67,-13,0,0,1,0.652633,0.99897,logprobs,Alibaba
14124,-67,-11,0,0,1,0.593302,0.998943,logprobs,Alibaba
14125,-67,-9,0,0,0,0.349125,0.988451,logprobs,Alibaba
14126,-67,-7,0,0,0,0.269589,0.996629,logprobs,Alibaba
14127,-67,-5,0,0,0,0.349132,0.99901,logprobs,Alibaba
14128,-67,-3,0,0,1,0.593226,0.999291,logprobs,Alibaba
14129,-67,-1,0,0,0,0.469143,0.998936,logprobs,Alibaba
14130,-67,1,0,0,0,0.321209,0.998918,logprobs,Alibaba
14131,-67,3,0,0,1,0.593205,0.998957,logprobs,Alibaba
14132,-67,5,0,0,1,0.500301,0.999335,logprobs,Alibaba
14133,-67,7,0,0,1,0.531588,0.999204,logprobs,Alibaba
14134,-67,9,0,0,0,0.469382,0.998964,logprobs,Alibaba
14135,-67,11,0,0,0,0.439221,0.999089,logprobs,Alibaba
14136,-67,13,0,0,0,0.349555,0.999058,logprobs,Alibaba
14137,-67,15,0,0,0,0.183286,0.998325,logprobs,Alibaba
14138,-67,17,0,0,0,0.407854,0.99897,logprobs,Alibaba
14139,-67,19,0,0,0,0.269293,0.998666,logprobs,Alibaba
14140,-67,21,0,0,0,0.294862,0.997749,logprobs,Alibaba
14141,-67,23,0,0,0,0.321891,0.996687,logprobs,Alibaba
14142,-67,25,0,0,0,0.3215,0.997298,logprobs,Alibaba
14143,-67,27,0,0,0,0.164999,0.996938,logprobs,Alibaba
14144,-67,29,0,0,0,0.183175,0.995313,logprobs,Alibaba
14145,-67,31,0,0,0,0.148765,0.996003,logprobs,Alibaba
14146,-67,33,0,0,1,0.731723,0.998636,logprobs,Alibaba
14147,-67,35,0,0,0,0.164946,0.997294,logprobs,Alibaba
14148,-67,37,0,0,0,0.245701,0.998149,logprobs,Alibaba
14149,-67,39,0,0,0,0.294787,0.997569,logprobs,Alibaba
14150,-67,41,0,0,0,0.106981,0.996882,logprobs,Alibaba
14151,-67,43,0,0,0,0.349353,0.998073,logprobs,Alibaba
14152,-67,45,0,0,0,0.407596,0.99839,logprobs,Alibaba
14153,-67,47,0,0,0,0.269684,0.998682,logprobs,Alibaba
14154,-67,49,1,1,0,0.269251,0.99813,logprobs,Alibaba
14155,-67,51,1,1,0,0.223029,0.998925,logprobs,Alibaba
14156,-67,53,1,1,0,0.350136,0.998692,logprobs,Alibaba
14157,-67,55,1,1,0,0.269252,0.998911,logprobs,Alibaba
14158,-67,57,0,0,0,0.164843,0.999027,logprobs,Alibaba
14159,-67,59,0,0,0,0.3215,0.998949,logprobs,Alibaba
14160,-67,61,0,0,0,0.407784,0.998746,logprobs,Alibaba
14161,-67,63,0,0,0,0.224531,0.998682,logprobs,Alibaba
14162,-67,65,0,0,0,0.294586,0.998657,logprobs,Alibaba
14163,-67,67,0,0,0,0.245498,0.998442,logprobs,Alibaba
14164,-67,69,0,0,0,0.469651,0.998945,logprobs,Alibaba
14165,-67,71,0,0,0,0.295048,0.998509,logprobs,Alibaba
14166,-67,73,0,0,0,0.378189,0.998498,logprobs,Alibaba
14167,-67,75,0,0,0,0.32129,0.998411,logprobs,Alibaba
14168,-67,77,0,0,0,0.378534,0.997049,logprobs,Alibaba
14169,-67,79,0,0,0,0.408917,0.998561,logprobs,Alibaba
14170,-67,81,0,0,0,0.349075,0.997969,logprobs,Alibaba
14171,-67,83,0,0,0,0.321376,0.997878,logprobs,Alibaba
14172,-67,85,0,0,0,0.350106,0.995668,logprobs,Alibaba
14173,-67,87,1,1,1,0.500496,0.998527,logprobs,Alibaba
14174,-67,89,1,1,0,0.377986,0.991632,logprobs,Alibaba
14175,-67,91,1,1,0,0.321235,0.997034,logprobs,Alibaba
14176,-67,93,1,1,0,0.322223,0.991843,logprobs,Alibaba
14177,-67,95,1,1,0,0.245925,0.998773,logprobs,Alibaba
14178,-67,97,1,1,0,0.247004,0.998695,logprobs,Alibaba
14179,-67,99,1,1,0,0.164936,0.999336,logprobs,Alibaba
14180,-67,101,1,1,0,0.133532,0.998976,logprobs,Alibaba
14181,-67,103,1,1,0,0.246153,0.998279,logprobs,Alibaba
14182,-67,105,1,1,0,0.133825,0.999162,logprobs,Alibaba
14183,-67,107,1,1,0,0.378744,0.997161,logprobs,Alibaba
14184,-67,109,1,1,0,0.11955,0.999233,logprobs,Alibaba
14185,-67,111,1,1,0,0.202712,0.998962,logprobs,Alibaba
14186,-67,113,1,1,1,0.562606,0.999209,logprobs,Alibaba
14187,-67,115,1,1,0,0.184446,0.999005,logprobs,Alibaba
14188,-67,117,0,0,0,0.269596,0.998852,logprobs,Alibaba
14189,-67,119,0,0,0,0.223407,0.999241,logprobs,Alibaba
14190,-67,121,0,0,0,0.245525,0.999038,logprobs,Alibaba
14191,-67,123,1,1,0,0.182586,0.998914,logprobs,Alibaba
14192,-67,125,1,1,0,0.119566,0.997449,logprobs,Alibaba
14193,-67,127,1,1,0,0.148553,0.999134,logprobs,Alibaba
14194,-67,129,0,0,0,0.182917,0.998336,logprobs,Alibaba
14195,-67,131,1,1,0,0.223684,0.999103,logprobs,Alibaba
14196,-67,133,1,1,0,0.378108,0.998951,logprobs,Alibaba
14197,-67,135,1,1,0,0.148387,0.997998,logprobs,Alibaba
14198,-67,137,1,1,0,0.133256,0.99894,logprobs,Alibaba
14199,-67,139,1,1,0,0.119694,0.998374,logprobs,Alibaba
14200,-67,141,1,1,0,0.202528,0.99835,logprobs,Alibaba
14201,-67,143,1,1,0,0.06789,0.998932,logprobs,Alibaba
14202,-67,145,0,0,0,0.095807,0.998584,logprobs,Alibaba
14203,-67,147,0,0,0,0.202484,0.99776,logprobs,Alibaba
14204,-67,149,0,0,0,0.095764,0.997955,logprobs,Alibaba
14205,-67,151,0,0,0,0.107105,0.998096,logprobs,Alibaba
14206,-67,153,0,0,0,0.029416,0.998712,logprobs,Alibaba
14207,-67,155,0,0,0,0.042302,0.998053,logprobs,Alibaba
14208,-67,157,0,0,0,0.042265,0.998614,logprobs,Alibaba
14209,-67,159,0,0,0,0.053685,0.997216,logprobs,Alibaba
14210,-67,161,0,0,0,0.029545,0.999128,logprobs,Alibaba
14211,-67,163,0,0,0,0.076084,0.99892,logprobs,Alibaba
14212,-67,165,0,0,0,0.026288,0.999124,logprobs,Alibaba
14213,-67,167,0,0,0,0.042271,0.998607,logprobs,Alibaba
14214,-67,169,0,0,0,0.060447,0.998491,logprobs,Alibaba
14215,-67,171,0,0,0,0.042221,0.999222,logprobs,Alibaba
14216,-67,173,0,0,0,0.060394,0.999184,logprobs,Alibaba
14217,-67,175,0,0,0,0.060522,0.997938,logprobs,Alibaba
14218,-67,177,0,0,0,0.053915,0.999111,logprobs,Alibaba
14219,-67,179,0,0,0,0.042249,0.999316,logprobs,Alibaba
14220,-69,-179,0,0,0,0.037506,0.999549,logprobs,Alibaba
14221,-69,-177,0,0,0,0.033304,0.999076,logprobs,Alibaba
14222,-69,-175,0,0,0,0.053679,0.99885,logprobs,Alibaba
14223,-69,-173,0,0,0,0.068169,0.998404,logprobs,Alibaba
14224,-69,-171,0,0,0,0.042462,0.999095,logprobs,Alibaba
14225,-69,-169,0,0,0,0.042418,0.998763,logprobs,Alibaba
14226,-69,-167,0,0,0,0.085889,0.999093,logprobs,Alibaba
14227,-69,-165,0,0,0,0.068057,0.998236,logprobs,Alibaba
14228,-69,-163,0,0,0,0.166421,0.998158,logprobs,Alibaba
14229,-69,-161,0,0,0,0.183294,0.998684,logprobs,Alibaba
14230,-69,-159,0,0,0,0.060386,0.997798,logprobs,Alibaba
14231,-69,-157,0,0,0,0.053612,0.998075,logprobs,Alibaba
14232,-69,-155,0,0,0,0.183025,0.997894,logprobs,Alibaba
14233,-69,-153,0,0,0,0.047733,0.998506,logprobs,Alibaba
14234,-69,-151,0,0,0,0.165135,0.99572,logprobs,Alibaba
14235,-69,-149,0,0,1,0.594249,0.99055,logprobs,Alibaba
14236,-69,-147,0,0,0,0.349503,0.996078,logprobs,Alibaba
14237,-69,-145,0,0,0,0.067935,0.998746,logprobs,Alibaba
14238,-69,-143,0,0,0,0.247349,0.994864,logprobs,Alibaba
14239,-69,-141,0,0,0,0.469621,0.996382,logprobs,Alibaba
14240,-69,-139,0,0,0,0.409881,0.994436,logprobs,Alibaba
14241,-69,-137,0,0,0,0.296154,0.995728,logprobs,Alibaba
14242,-69,-135,0,0,0,0.34927,0.997559,logprobs,Alibaba
14243,-69,-133,0,0,0,0.29549,0.997378,logprobs,Alibaba
14244,-69,-131,0,0,0,0.203517,0.998915,logprobs,Alibaba
14245,-69,-129,0,0,0,0.223841,0.997581,logprobs,Alibaba
14246,-69,-127,0,0,0,0.270086,0.993758,logprobs,Alibaba
14247,-69,-125,0,0,0,0.148775,0.996642,logprobs,Alibaba
14248,-69,-123,0,0,0,0.270408,0.996604,logprobs,Alibaba
14249,-69,-121,0,0,0,0.203995,0.997041,logprobs,Alibaba
14250,-69,-119,0,0,0,0.203319,0.995309,logprobs,Alibaba
14251,-69,-117,0,0,0,0.350554,0.97957,logprobs,Alibaba
14252,-69,-115,0,0,0,0.27082,0.990949,logprobs,Alibaba
14253,-69,-113,0,0,0,0.47089,0.988988,logprobs,Alibaba
14254,-69,-111,0,0,0,0.470463,0.985115,logprobs,Alibaba
14255,-69,-109,0,0,0,0.247086,0.997435,logprobs,Alibaba
14256,-69,-107,0,0,0,0.245734,0.996414,logprobs,Alibaba
14257,-69,-105,0,0,0,0.245867,0.994484,logprobs,Alibaba
14258,-69,-103,0,0,0,0.246162,0.996819,logprobs,Alibaba
14259,-69,-101,0,0,0,0.38213,0.992651,logprobs,Alibaba
14260,-69,-99,0,0,0,0.295424,0.997813,logprobs,Alibaba
14261,-69,-97,0,0,0,0.202988,0.993464,logprobs,Alibaba
14262,-69,-95,0,0,0,0.067821,0.99869,logprobs,Alibaba
14263,-69,-93,0,0,0,0.134042,0.99656,logprobs,Alibaba
14264,-69,-91,0,0,0,0.120409,0.997817,logprobs,Alibaba
14265,-69,-89,0,0,0,0.068169,0.998553,logprobs,Alibaba
14266,-69,-87,0,0,0,0.106947,0.998112,logprobs,Alibaba
14267,-69,-85,0,0,0,0.095783,0.997729,logprobs,Alibaba
14268,-69,-83,0,0,0,0.246612,0.996898,logprobs,Alibaba
14269,-69,-81,0,0,0,0.202359,0.99451,logprobs,Alibaba
14270,-69,-79,0,0,0,0.269357,0.996439,logprobs,Alibaba
14271,-69,-77,0,0,0,0.295048,0.997035,logprobs,Alibaba
14272,-69,-75,0,0,0,0.245459,0.998136,logprobs,Alibaba
14273,-69,-73,0,0,0,0.223243,0.998429,logprobs,Alibaba
14274,-69,-71,1,1,0,0.246854,0.997205,logprobs,Alibaba
14275,-69,-69,0,0,0,0.165193,0.99813,logprobs,Alibaba
14276,-69,-67,0,0,1,0.532039,0.997557,logprobs,Alibaba
14277,-69,-65,1,1,0,0.245597,0.997831,logprobs,Alibaba
14278,-69,-63,0,0,0,0.085758,0.997125,logprobs,Alibaba
14279,-69,-61,0,0,0,0.133997,0.996503,logprobs,Alibaba
14280,-69,-59,0,0,0,0.295158,0.997849,logprobs,Alibaba
14281,-69,-57,0,0,0,0.119676,0.997425,logprobs,Alibaba
14282,-69,-55,0,0,0,0.469996,0.998944,logprobs,Alibaba
14283,-69,-53,0,0,0,0.294722,0.998563,logprobs,Alibaba
14284,-69,-51,0,0,0,0.349314,0.998302,logprobs,Alibaba
14285,-69,-49,0,0,0,0.295279,0.998974,logprobs,Alibaba
14286,-69,-47,0,0,1,0.532591,0.998214,logprobs,Alibaba
14287,-69,-45,0,0,0,0.183103,0.991638,logprobs,Alibaba
14288,-69,-43,0,0,0,0.042337,0.992987,logprobs,Alibaba
14289,-69,-41,0,0,1,0.532162,0.998817,logprobs,Alibaba
14290,-69,-39,0,0,0,0.14869,0.988413,logprobs,Alibaba
14291,-69,-37,0,0,0,0.295968,0.996311,logprobs,Alibaba
14292,-69,-35,0,0,0,0.095681,0.991533,logprobs,Alibaba
14293,-69,-33,0,0,0,0.408122,0.992419,logprobs,Alibaba
14294,-69,-31,0,0,1,0.56275,0.998739,logprobs,Alibaba
14295,-69,-29,0,0,0,0.349451,0.988575,logprobs,Alibaba
14296,-69,-27,0,0,1,0.563243,0.997934,logprobs,Alibaba
14297,-69,-25,0,0,1,0.731354,0.999094,logprobs,Alibaba
14298,-69,-23,0,0,1,0.817895,0.999272,logprobs,Alibaba
14299,-69,-21,0,0,1,0.651953,0.998938,logprobs,Alibaba
14300,-69,-19,0,0,1,0.532414,0.998533,logprobs,Alibaba
14301,-69,-17,0,0,1,0.532937,0.986949,logprobs,Alibaba
14302,-69,-15,0,0,1,0.501354,0.992435,logprobs,Alibaba
14303,-69,-13,0,0,1,0.532022,0.997825,logprobs,Alibaba
14304,-69,-11,0,0,0,0.322903,0.997099,logprobs,Alibaba
14305,-69,-9,0,0,0,0.378903,0.987993,logprobs,Alibaba
14306,-69,-7,0,0,0,0.349812,0.996406,logprobs,Alibaba
14307,-69,-5,0,0,0,0.295283,0.99721,logprobs,Alibaba
14308,-69,-3,0,0,0,0.408301,0.998731,logprobs,Alibaba
14309,-69,-1,0,0,1,0.50065,0.998785,logprobs,Alibaba
14310,-69,1,0,0,0,0.349198,0.999179,logprobs,Alibaba
14311,-69,3,0,0,0,0.470155,0.998322,logprobs,Alibaba
14312,-69,5,0,0,0,0.294943,0.997975,logprobs,Alibaba
14313,-69,7,0,0,0,0.32181,0.995428,logprobs,Alibaba
14314,-69,9,0,0,0,0.321289,0.99662,logprobs,Alibaba
14315,-69,11,0,0,0,0.407948,0.998605,logprobs,Alibaba
14316,-69,13,0,0,0,0.295578,0.998056,logprobs,Alibaba
14317,-69,15,0,0,0,0.183386,0.995282,logprobs,Alibaba
14318,-69,17,0,0,0,0.223228,0.998318,logprobs,Alibaba
14319,-69,19,0,0,0,0.269381,0.998501,logprobs,Alibaba
14320,-69,21,0,0,0,0.321496,0.994563,logprobs,Alibaba
14321,-69,23,0,0,0,0.46972,0.985974,logprobs,Alibaba
14322,-69,25,0,0,0,0.350141,0.995264,logprobs,Alibaba
14323,-69,27,0,0,0,0.438644,0.992203,logprobs,Alibaba
14324,-69,29,0,0,1,0.652261,0.996474,logprobs,Alibaba
14325,-69,31,0,0,1,0.623596,0.99582,logprobs,Alibaba
14326,-69,33,1,1,1,0.731723,0.997691,logprobs,Alibaba
14327,-69,35,0,0,0,0.294932,0.994462,logprobs,Alibaba
14328,-69,37,0,0,0,0.47089,0.993513,logprobs,Alibaba
14329,-69,39,0,0,0,0.1834,0.997508,logprobs,Alibaba
14330,-69,41,1,1,0,0.269638,0.996035,logprobs,Alibaba
14331,-69,43,1,1,0,0.202642,0.996082,logprobs,Alibaba
14332,-69,45,1,1,0,0.164982,0.994461,logprobs,Alibaba
14333,-69,47,1,1,0,0.164946,0.997638,logprobs,Alibaba
14334,-69,49,1,1,0,0.133183,0.997375,logprobs,Alibaba
14335,-69,51,1,1,0,0.182931,0.99727,logprobs,Alibaba
14336,-69,53,1,1,0,0.182819,0.998447,logprobs,Alibaba
14337,-69,55,1,1,0,0.183175,0.998199,logprobs,Alibaba
14338,-69,57,1,1,0,0.148475,0.997928,logprobs,Alibaba
14339,-69,59,1,1,0,0.2463,0.997284,logprobs,Alibaba
14340,-69,61,1,1,0,0.379478,0.993757,logprobs,Alibaba
14341,-69,63,1,1,0,0.222151,0.991168,logprobs,Alibaba
14342,-69,65,1,1,0,0.295048,0.997322,logprobs,Alibaba
14343,-69,67,1,1,0,0.40994,0.994751,logprobs,Alibaba
14344,-69,69,1,1,0,0.269409,0.998319,logprobs,Alibaba
14345,-69,71,0,0,0,0.378534,0.99639,logprobs,Alibaba
14346,-69,73,0,0,1,0.5947,0.995885,logprobs,Alibaba
14347,-69,75,0,0,0,0.43829,0.996481,logprobs,Alibaba
14348,-69,77,0,0,1,0.623999,0.989092,logprobs,Alibaba
14349,-69,79,1,1,0,0.43881,0.997488,logprobs,Alibaba
14350,-69,81,1,1,0,0.322409,0.994414,logprobs,Alibaba
14351,-69,83,1,1,0,0.296409,0.994362,logprobs,Alibaba
14352,-69,85,1,1,0,0.379088,0.995145,logprobs,Alibaba
14353,-69,87,1,1,1,0.500944,0.99624,logprobs,Alibaba
14354,-69,89,1,1,1,0.623206,0.990613,logprobs,Alibaba
14355,-69,91,1,1,0,0.350141,0.997321,logprobs,Alibaba
14356,-69,93,1,1,1,0.534624,0.989418,logprobs,Alibaba
14357,-69,95,1,1,0,0.224531,0.993901,logprobs,Alibaba
14358,-69,97,1,1,0,0.350299,0.994685,logprobs,Alibaba
14359,-69,99,1,1,0,0.202988,0.997345,logprobs,Alibaba
14360,-69,101,1,1,0,0.165044,0.998682,logprobs,Alibaba
14361,-69,103,1,1,0,0.165651,0.99841,logprobs,Alibaba
14362,-69,105,1,1,0,0.183386,0.997918,logprobs,Alibaba
14363,-69,107,1,1,1,0.679668,0.999069,logprobs,Alibaba
14364,-69,109,1,1,0,0.085444,0.998604,logprobs,Alibaba
14365,-69,111,1,1,0,0.295158,0.998064,logprobs,Alibaba
14366,-69,113,1,1,0,0.439001,0.996904,logprobs,Alibaba
14367,-69,115,1,1,0,0.20237,0.998463,logprobs,Alibaba
14368,-69,117,1,1,0,0.165519,0.998491,logprobs,Alibaba
14369,-69,119,1,1,0,0.183368,0.996777,logprobs,Alibaba
14370,-69,121,1,1,0,0.164864,0.998974,logprobs,Alibaba
14371,-69,123,1,1,0,0.164818,0.998978,logprobs,Alibaba
14372,-69,125,1,1,0,0.096225,0.99816,logprobs,Alibaba
14373,-69,127,1,1,0,0.202851,0.996921,logprobs,Alibaba
14374,-69,129,1,1,0,0.075999,0.999201,logprobs,Alibaba
14375,-69,131,1,1,0,0.246159,0.998706,logprobs,Alibaba
14376,-69,133,1,1,0,0.378607,0.998992,logprobs,Alibaba
14377,-69,135,1,1,1,0.532149,0.998144,logprobs,Alibaba
14378,-69,137,1,1,0,0.270595,0.996095,logprobs,Alibaba
14379,-69,139,1,1,0,0.119987,0.998244,logprobs,Alibaba
14380,-69,141,1,1,0,0.269556,0.998844,logprobs,Alibaba
14381,-69,143,1,1,0,0.183386,0.998268,logprobs,Alibaba
14382,-69,145,1,1,0,0.245734,0.997886,logprobs,Alibaba
14383,-69,147,1,1,1,0.732268,0.998998,logprobs,Alibaba
14384,-69,149,1,1,0,0.246036,0.995133,logprobs,Alibaba
14385,-69,151,1,1,0,0.085391,0.994604,logprobs,Alibaba
14386,-69,153,1,1,0,0.033531,0.99706,logprobs,Alibaba
14387,-69,155,1,1,0,0.047931,0.993804,logprobs,Alibaba
14388,-69,157,0,0,0,0.060435,0.997892,logprobs,Alibaba
14389,-69,159,0,0,0,0.033309,0.99717,logprobs,Alibaba
14390,-69,161,0,0,0,0.107785,0.998221,logprobs,Alibaba
14391,-69,163,0,0,0,0.085778,0.998826,logprobs,Alibaba
14392,-69,165,0,0,0,0.053647,0.995998,logprobs,Alibaba
14393,-69,167,0,0,0,0.085374,0.997515,logprobs,Alibaba
14394,-69,169,0,0,0,0.04768,0.999049,logprobs,Alibaba
14395,-69,171,0,0,0,0.067842,0.999132,logprobs,Alibaba
14396,-69,173,0,0,0,0.166004,0.99801,logprobs,Alibaba
14397,-69,175,0,0,0,0.133916,0.998773,logprobs,Alibaba
14398,-69,177,0,0,0,0.053575,0.997648,logprobs,Alibaba
14399,-69,179,0,0,0,0.053612,0.999553,logprobs,Alibaba
14400,-71,-179,0,0,0,0.01416,0.999593,logprobs,Alibaba
14401,-71,-177,0,0,0,0.026119,0.999145,logprobs,Alibaba
14402,-71,-175,0,0,0,0.020441,0.999438,logprobs,Alibaba
14403,-71,-173,0,0,0,0.053625,0.99877,logprobs,Alibaba
14404,-71,-171,0,0,0,0.037432,0.998041,logprobs,Alibaba
14405,-71,-169,0,0,0,0.060976,0.998974,logprobs,Alibaba
14406,-71,-167,0,0,0,0.060544,0.998899,logprobs,Alibaba
14407,-71,-165,0,0,0,0.095617,0.999068,logprobs,Alibaba
14408,-71,-163,0,0,0,0.10712,0.999102,logprobs,Alibaba
14409,-71,-161,0,0,0,0.076195,0.998717,logprobs,Alibaba
14410,-71,-159,0,0,0,0.029494,0.998268,logprobs,Alibaba
14411,-71,-157,0,0,0,0.037475,0.998726,logprobs,Alibaba
14412,-71,-155,0,0,0,0.042474,0.998657,logprobs,Alibaba
14413,-71,-153,0,0,0,0.042254,0.998732,logprobs,Alibaba
14414,-71,-151,0,0,0,0.165777,0.997938,logprobs,Alibaba
14415,-71,-149,0,0,0,0.271661,0.998096,logprobs,Alibaba
14416,-71,-147,0,0,0,0.096032,0.998583,logprobs,Alibaba
14417,-71,-145,0,0,0,0.047749,0.999123,logprobs,Alibaba
14418,-71,-143,0,0,0,0.076057,0.99822,logprobs,Alibaba
14419,-71,-141,0,0,0,0.379187,0.998108,logprobs,Alibaba
14420,-71,-139,0,0,0,0.321941,0.998642,logprobs,Alibaba
14421,-71,-137,0,0,0,0.184032,0.997743,logprobs,Alibaba
14422,-71,-135,0,0,0,0.183688,0.997536,logprobs,Alibaba
14423,-71,-133,0,0,0,0.22359,0.998431,logprobs,Alibaba
14424,-71,-131,0,0,0,0.047774,0.998689,logprobs,Alibaba
14425,-71,-129,0,0,0,0.14886,0.998976,logprobs,Alibaba
14426,-71,-127,0,0,0,0.165298,0.997919,logprobs,Alibaba
14427,-71,-125,0,0,0,0.119866,0.998074,logprobs,Alibaba
14428,-71,-123,0,0,0,0.223582,0.99799,logprobs,Alibaba
14429,-71,-121,0,0,0,0.202285,0.9935,logprobs,Alibaba
14430,-71,-119,0,0,0,0.202231,0.99577,logprobs,Alibaba
14431,-71,-117,0,0,0,0.202259,0.99485,logprobs,Alibaba
14432,-71,-115,0,0,0,0.379523,0.997545,logprobs,Alibaba
14433,-71,-113,0,0,1,0.562608,0.998961,logprobs,Alibaba
14434,-71,-111,0,0,0,0.408733,0.9988,logprobs,Alibaba
14435,-71,-109,0,0,0,0.183175,0.998045,logprobs,Alibaba
14436,-71,-107,0,0,0,0.203174,0.994063,logprobs,Alibaba
14437,-71,-105,0,0,0,0.295048,0.996557,logprobs,Alibaba
14438,-71,-103,0,0,0,0.202965,0.99732,logprobs,Alibaba
14439,-71,-101,0,0,0,0.439779,0.998369,logprobs,Alibaba
14440,-71,-99,0,0,1,0.59359,0.998645,logprobs,Alibaba
14441,-71,-97,0,0,0,0.378748,0.998686,logprobs,Alibaba
14442,-71,-95,0,0,0,0.294753,0.997902,logprobs,Alibaba
14443,-71,-93,0,0,0,0.202221,0.998462,logprobs,Alibaba
14444,-71,-91,0,0,0,0.203143,0.999087,logprobs,Alibaba
14445,-71,-89,0,0,0,0.165141,0.998281,logprobs,Alibaba
14446,-71,-87,0,0,0,0.164942,0.998661,logprobs,Alibaba
14447,-71,-85,0,0,0,0.202494,0.997622,logprobs,Alibaba
14448,-71,-83,0,0,0,0.378543,0.998319,logprobs,Alibaba
14449,-71,-81,0,0,0,0.24574,0.998491,logprobs,Alibaba
14450,-71,-79,0,0,1,0.531894,0.998468,logprobs,Alibaba
14451,-71,-77,0,0,0,0.32121,0.99459,logprobs,Alibaba
14452,-71,-75,0,0,0,0.222924,0.997968,logprobs,Alibaba
14453,-71,-73,0,0,0,0.32121,0.99675,logprobs,Alibaba
14454,-71,-71,1,1,0,0.222988,0.997423,logprobs,Alibaba
14455,-71,-69,1,1,0,0.321548,0.996884,logprobs,Alibaba
14456,-71,-67,1,1,0,0.349197,0.998663,logprobs,Alibaba
14457,-71,-65,1,1,0,0.14862,0.99585,logprobs,Alibaba
14458,-71,-63,1,1,0,0.119625,0.998027,logprobs,Alibaba
14459,-71,-61,0,0,0,0.076487,0.996416,logprobs,Alibaba
14460,-71,-59,0,0,0,0.119429,0.996198,logprobs,Alibaba
14461,-71,-57,0,0,0,0.095533,0.996153,logprobs,Alibaba
14462,-71,-55,0,0,0,0.095654,0.993923,logprobs,Alibaba
14463,-71,-53,0,0,0,0.119669,0.996819,logprobs,Alibaba
14464,-71,-51,0,0,0,0.223396,0.998362,logprobs,Alibaba
14465,-71,-49,0,0,0,0.223157,0.997982,logprobs,Alibaba
14466,-71,-47,0,0,0,0.202528,0.996501,logprobs,Alibaba
14467,-71,-45,0,0,0,0.042286,0.99653,logprobs,Alibaba
14468,-71,-43,0,0,0,0.033244,0.996444,logprobs,Alibaba
14469,-71,-41,0,0,0,0.294627,0.990268,logprobs,Alibaba
14470,-71,-39,0,0,0,0.469102,0.991545,logprobs,Alibaba
14471,-71,-37,0,0,0,0.294864,0.996243,logprobs,Alibaba
14472,-71,-35,0,0,0,0.076104,0.993959,logprobs,Alibaba
14473,-71,-33,0,0,1,0.532335,0.997109,logprobs,Alibaba
14474,-71,-31,0,0,1,0.73117,0.999194,logprobs,Alibaba
14475,-71,-29,0,0,1,0.562837,0.997851,logprobs,Alibaba
14476,-71,-27,0,0,1,0.50076,0.994265,logprobs,Alibaba
14477,-71,-25,0,0,1,0.56249,0.998343,logprobs,Alibaba
14478,-71,-23,0,0,1,0.706232,0.999312,logprobs,Alibaba
14479,-71,-21,0,0,1,0.501413,0.994723,logprobs,Alibaba
14480,-71,-19,0,0,1,0.755263,0.999033,logprobs,Alibaba
14481,-71,-17,0,0,1,0.500845,0.993968,logprobs,Alibaba
14482,-71,-15,0,0,0,0.408185,0.992204,logprobs,Alibaba
14483,-71,-13,0,0,0,0.349558,0.993442,logprobs,Alibaba
14484,-71,-11,0,0,0,0.295045,0.993692,logprobs,Alibaba
14485,-71,-9,0,0,0,0.321548,0.997433,logprobs,Alibaba
14486,-71,-7,1,1,1,0.593981,0.999192,logprobs,Alibaba
14487,-71,-5,0,0,0,0.349132,0.99852,logprobs,Alibaba
14488,-71,-3,0,0,1,0.531812,0.999167,logprobs,Alibaba
14489,-71,-1,0,0,0,0.438548,0.998849,logprobs,Alibaba
14490,-71,1,0,0,0,0.119419,0.999284,logprobs,Alibaba
14491,-71,3,1,1,1,0.532151,0.999209,logprobs,Alibaba
14492,-71,5,1,1,0,0.469405,0.999215,logprobs,Alibaba
14493,-71,7,1,1,1,0.706055,0.999131,logprobs,Alibaba
14494,-71,9,1,1,0,0.269949,0.999117,logprobs,Alibaba
14495,-71,11,1,1,0,0.294995,0.998502,logprobs,Alibaba
14496,-71,13,1,1,0,0.294952,0.998667,logprobs,Alibaba
14497,-71,15,1,1,0,0.202305,0.997308,logprobs,Alibaba
14498,-71,17,1,1,0,0.349272,0.998484,logprobs,Alibaba
14499,-71,19,1,1,1,0.594069,0.999041,logprobs,Alibaba
14500,-71,21,1,1,0,0.223209,0.998411,logprobs,Alibaba
14501,-71,23,1,1,1,0.501942,0.998403,logprobs,Alibaba
14502,-71,25,1,1,0,0.119624,0.997628,logprobs,Alibaba
14503,-71,27,1,1,0,0.223486,0.997145,logprobs,Alibaba
14504,-71,29,1,1,0,0.43827,0.997794,logprobs,Alibaba
14505,-71,31,1,1,0,0.270233,0.997014,logprobs,Alibaba
14506,-71,33,1,1,1,0.623358,0.996909,logprobs,Alibaba
14507,-71,35,1,1,0,0.133213,0.997696,logprobs,Alibaba
14508,-71,37,1,1,0,0.223315,0.997925,logprobs,Alibaba
14509,-71,39,1,1,0,0.269596,0.997936,logprobs,Alibaba
14510,-71,41,1,1,0,0.076413,0.999017,logprobs,Alibaba
14511,-71,43,1,1,0,0.321261,0.99847,logprobs,Alibaba
14512,-71,45,1,1,1,0.622896,0.99929,logprobs,Alibaba
14513,-71,47,1,1,0,0.349962,0.999138,logprobs,Alibaba
14514,-71,49,1,1,0,0.321352,0.998899,logprobs,Alibaba
14515,-71,51,1,1,0,0.321386,0.998957,logprobs,Alibaba
14516,-71,53,1,1,1,0.500286,0.999232,logprobs,Alibaba
14517,-71,55,1,1,0,0.321188,0.999039,logprobs,Alibaba
14518,-71,57,1,1,0,0.148442,0.997961,logprobs,Alibaba
14519,-71,59,1,1,0,0.322089,0.99879,logprobs,Alibaba
14520,-71,61,1,1,0,0.408656,0.999004,logprobs,Alibaba
14521,-71,63,1,1,0,0.408258,0.998857,logprobs,Alibaba
14522,-71,65,1,1,0,0.294522,0.998737,logprobs,Alibaba
14523,-71,67,1,1,0,0.40937,0.998559,logprobs,Alibaba
14524,-71,69,1,1,0,0.322252,0.998435,logprobs,Alibaba
14525,-71,71,0,0,0,0.223218,0.999084,logprobs,Alibaba
14526,-71,73,1,1,0,0.223831,0.998777,logprobs,Alibaba
14527,-71,75,1,1,0,0.295583,0.998493,logprobs,Alibaba
14528,-71,77,1,1,0,0.26973,0.998639,logprobs,Alibaba
14529,-71,79,1,1,0,0.439172,0.998496,logprobs,Alibaba
14530,-71,81,1,1,0,0.378144,0.997215,logprobs,Alibaba
14531,-71,83,1,1,0,0.37837,0.99622,logprobs,Alibaba
14532,-71,85,1,1,0,0.438644,0.997391,logprobs,Alibaba
14533,-71,87,1,1,0,0.408366,0.996898,logprobs,Alibaba
14534,-71,89,1,1,1,0.755448,0.997013,logprobs,Alibaba
14535,-71,91,1,1,0,0.148825,0.998821,logprobs,Alibaba
14536,-71,93,1,1,0,0.182833,0.998824,logprobs,Alibaba
14537,-71,95,1,1,0,0.119442,0.999076,logprobs,Alibaba
14538,-71,97,1,1,0,0.150422,0.999021,logprobs,Alibaba
14539,-71,99,1,1,0,0.133196,0.999058,logprobs,Alibaba
14540,-71,101,1,1,0,0.164637,0.999299,logprobs,Alibaba
14541,-71,103,1,1,0,0.13319,0.999003,logprobs,Alibaba
14542,-71,105,1,1,0,0.119775,0.999199,logprobs,Alibaba
14543,-71,107,1,1,0,0.294825,0.998238,logprobs,Alibaba
14544,-71,109,1,1,0,0.133519,0.998975,logprobs,Alibaba
14545,-71,111,1,1,1,0.532389,0.998819,logprobs,Alibaba
14546,-71,113,1,1,0,0.378999,0.998687,logprobs,Alibaba
14547,-71,115,1,1,0,0.223298,0.998918,logprobs,Alibaba
14548,-71,117,1,1,0,0.269834,0.998649,logprobs,Alibaba
14549,-71,119,1,1,0,0.165364,0.998889,logprobs,Alibaba
14550,-71,121,1,1,0,0.295194,0.998666,logprobs,Alibaba
14551,-71,123,1,1,0,0.148233,0.998534,logprobs,Alibaba
14552,-71,125,1,1,0,0.095642,0.998666,logprobs,Alibaba
14553,-71,127,1,1,0,0.106899,0.999079,logprobs,Alibaba
14554,-71,129,1,1,0,0.060481,0.99889,logprobs,Alibaba
14555,-71,131,1,1,0,0.047562,0.999199,logprobs,Alibaba
14556,-71,133,1,1,0,0.321455,0.99897,logprobs,Alibaba
14557,-71,135,1,1,0,0.085421,0.999284,logprobs,Alibaba
14558,-71,137,1,1,0,0.053663,0.999208,logprobs,Alibaba
14559,-71,139,1,1,0,0.042276,0.999313,logprobs,Alibaba
14560,-71,141,1,1,0,0.067962,0.998859,logprobs,Alibaba
14561,-71,143,1,1,0,0.042462,0.999052,logprobs,Alibaba
14562,-71,145,1,1,0,0.076127,0.998452,logprobs,Alibaba
14563,-71,147,1,1,0,0.085474,0.998092,logprobs,Alibaba
14564,-71,149,1,1,0,0.107006,0.998521,logprobs,Alibaba
14565,-71,151,1,1,0,0.165036,0.995953,logprobs,Alibaba
14566,-71,153,1,1,0,0.047631,0.998831,logprobs,Alibaba
14567,-71,155,1,1,0,0.037439,0.998383,logprobs,Alibaba
14568,-71,157,1,1,0,0.029481,0.998953,logprobs,Alibaba
14569,-71,159,1,1,0,0.023112,0.998906,logprobs,Alibaba
14570,-71,161,1,1,0,0.067987,0.999071,logprobs,Alibaba
14571,-71,163,1,1,0,0.053903,0.999331,logprobs,Alibaba
14572,-71,165,1,1,0,0.042418,0.998702,logprobs,Alibaba
14573,-71,167,1,1,0,0.060332,0.998663,logprobs,Alibaba
14574,-71,169,0,0,0,0.047742,0.998529,logprobs,Alibaba
14575,-71,171,0,0,0,0.067881,0.99881,logprobs,Alibaba
14576,-71,173,0,0,0,0.202514,0.999047,logprobs,Alibaba
14577,-71,175,0,0,0,0.134732,0.998394,logprobs,Alibaba
14578,-71,177,0,0,0,0.023054,0.999201,logprobs,Alibaba
14579,-71,179,0,0,0,0.026025,0.999438,logprobs,Alibaba
14580,-73,-179,0,0,0,0.016016,0.999613,logprobs,Alibaba
14581,-73,-177,0,0,0,0.018159,0.999346,logprobs,Alibaba
14582,-73,-175,0,0,0,0.029496,0.999314,logprobs,Alibaba
14583,-73,-173,0,0,0,0.023051,0.999512,logprobs,Alibaba
14584,-73,-171,0,0,0,0.042243,0.999273,logprobs,Alibaba
14585,-73,-169,0,0,0,0.076487,0.998693,logprobs,Alibaba
14586,-73,-167,0,0,0,0.107029,0.999114,logprobs,Alibaba
14587,-73,-165,0,0,0,0.047631,0.999405,logprobs,Alibaba
14588,-73,-163,0,0,0,0.068366,0.999266,logprobs,Alibaba
14589,-73,-161,0,0,0,0.053652,0.999178,logprobs,Alibaba
14590,-73,-159,0,0,0,0.029433,0.998668,logprobs,Alibaba
14591,-73,-157,0,0,0,0.029359,0.998568,logprobs,Alibaba
14592,-73,-155,0,0,0,0.02042,0.99873,logprobs,Alibaba
14593,-73,-153,0,0,0,0.020455,0.999356,logprobs,Alibaba
14594,-73,-151,0,0,0,0.076611,0.998596,logprobs,Alibaba
14595,-73,-149,0,0,0,0.202247,0.99854,logprobs,Alibaba
14596,-73,-147,0,0,0,0.107025,0.998467,logprobs,Alibaba
14597,-73,-145,0,0,0,0.015996,0.999593,logprobs,Alibaba
14598,-73,-143,0,0,0,0.029561,0.999136,logprobs,Alibaba
14599,-73,-141,0,0,0,0.119676,0.998557,logprobs,Alibaba
14600,-73,-139,0,0,0,0.053747,0.997703,logprobs,Alibaba
14601,-73,-137,0,0,0,0.119357,0.997702,logprobs,Alibaba
14602,-73,-135,0,0,0,0.133543,0.998771,logprobs,Alibaba
14603,-73,-133,0,0,0,0.095895,0.99652,logprobs,Alibaba
14604,-73,-131,0,0,0,0.042202,0.998158,logprobs,Alibaba
14605,-73,-129,0,0,0,0.085676,0.994559,logprobs,Alibaba
14606,-73,-127,0,0,0,0.01416,0.998186,logprobs,Alibaba
14607,-73,-125,0,0,0,0.042449,0.998662,logprobs,Alibaba
14608,-73,-123,0,0,0,0.042389,0.998136,logprobs,Alibaba
14609,-73,-121,0,0,0,0.164945,0.996464,logprobs,Alibaba
14610,-73,-119,0,0,0,0.202382,0.992835,logprobs,Alibaba
14611,-73,-117,0,0,0,0.119851,0.996171,logprobs,Alibaba
14612,-73,-115,0,0,1,0.531896,0.999003,logprobs,Alibaba
14613,-73,-113,0,0,1,0.532842,0.998924,logprobs,Alibaba
14614,-73,-111,0,0,1,0.500882,0.998021,logprobs,Alibaba
14615,-73,-109,0,0,0,0.269442,0.989667,logprobs,Alibaba
14616,-73,-107,0,0,0,0.409133,0.997203,logprobs,Alibaba
14617,-73,-105,0,0,1,0.531789,0.998519,logprobs,Alibaba
14618,-73,-103,1,1,1,0.622785,0.998723,logprobs,Alibaba
14619,-73,-101,1,1,1,0.623006,0.99885,logprobs,Alibaba
14620,-73,-99,1,1,1,0.755478,0.998859,logprobs,Alibaba
14621,-73,-97,0,0,0,0.408088,0.998186,logprobs,Alibaba
14622,-73,-95,0,0,0,0.349451,0.995904,logprobs,Alibaba
14623,-73,-93,0,0,0,0.183018,0.997171,logprobs,Alibaba
14624,-73,-91,1,1,0,0.106942,0.998498,logprobs,Alibaba
14625,-73,-89,1,1,0,0.245498,0.998465,logprobs,Alibaba
14626,-73,-87,0,0,0,0.182998,0.996911,logprobs,Alibaba
14627,-73,-85,0,0,0,0.469108,0.997599,logprobs,Alibaba
14628,-73,-83,0,0,1,0.532204,0.998741,logprobs,Alibaba
14629,-73,-81,0,0,0,0.43925,0.998149,logprobs,Alibaba
14630,-73,-79,1,1,0,0.407923,0.997388,logprobs,Alibaba
14631,-73,-77,0,0,0,0.321548,0.996123,logprobs,Alibaba
14632,-73,-75,1,1,0,0.294783,0.997932,logprobs,Alibaba
14633,-73,-73,0,0,0,0.11955,0.996934,logprobs,Alibaba
14634,-73,-71,0,0,0,0.26973,0.997002,logprobs,Alibaba
14635,-73,-69,0,0,0,0.469785,0.998384,logprobs,Alibaba
14636,-73,-67,1,1,0,0.37848,0.998167,logprobs,Alibaba
14637,-73,-65,1,1,0,0.085281,0.996884,logprobs,Alibaba
14638,-73,-63,1,1,0,0.076301,0.996861,logprobs,Alibaba
14639,-73,-61,1,1,0,0.107105,0.998291,logprobs,Alibaba
14640,-73,-59,0,0,0,0.133557,0.996371,logprobs,Alibaba
14641,-73,-57,0,0,0,0.096156,0.99702,logprobs,Alibaba
14642,-73,-55,0,0,0,0.378103,0.998534,logprobs,Alibaba
14643,-73,-53,0,0,0,0.107403,0.994609,logprobs,Alibaba
14644,-73,-51,0,0,0,0.202385,0.996822,logprobs,Alibaba
14645,-73,-49,0,0,0,0.14862,0.99579,logprobs,Alibaba
14646,-73,-47,0,0,0,0.148442,0.994153,logprobs,Alibaba
14647,-73,-45,0,0,0,0.037409,0.997275,logprobs,Alibaba
14648,-73,-43,0,0,0,0.085908,0.994592,logprobs,Alibaba
14649,-73,-41,0,0,0,0.133916,0.995346,logprobs,Alibaba
14650,-73,-39,0,0,0,0.14862,0.991823,logprobs,Alibaba
14651,-73,-37,0,0,0,0.183513,0.993542,logprobs,Alibaba
14652,-73,-35,0,0,0,0.067789,0.984287,logprobs,Alibaba
14653,-73,-33,0,0,0,0.407784,0.994668,logprobs,Alibaba
14654,-73,-31,0,0,0,0.269639,0.991154,logprobs,Alibaba
14655,-73,-29,0,0,0,0.133369,0.992706,logprobs,Alibaba
14656,-73,-27,0,0,0,0.148775,0.991874,logprobs,Alibaba
14657,-73,-25,0,0,0,0.164999,0.991155,logprobs,Alibaba
14658,-73,-23,0,0,1,0.500882,0.990082,logprobs,Alibaba
14659,-73,-21,0,0,1,0.562911,0.997595,logprobs,Alibaba
14660,-73,-19,0,0,1,0.532162,0.996715,logprobs,Alibaba
14661,-73,-17,0,0,0,0.40797,0.989641,logprobs,Alibaba
14662,-73,-15,0,0,0,0.438172,0.994907,logprobs,Alibaba
14663,-73,-13,1,1,0,0.349616,0.994805,logprobs,Alibaba
14664,-73,-11,1,1,0,0.40937,0.993068,logprobs,Alibaba
14665,-73,-9,1,1,0,0.40815,0.996755,logprobs,Alibaba
14666,-73,-7,1,1,1,0.623592,0.999079,logprobs,Alibaba
14667,-73,-5,1,1,1,0.562402,0.99911,logprobs,Alibaba
14668,-73,-3,1,1,1,0.651605,0.999304,logprobs,Alibaba
14669,-73,-1,1,1,1,0.679562,0.999026,logprobs,Alibaba
14670,-73,1,1,1,1,0.592867,0.99926,logprobs,Alibaba
14671,-73,3,1,1,1,0.755266,0.999312,logprobs,Alibaba
14672,-73,5,1,1,1,0.835583,0.999491,logprobs,Alibaba
14673,-73,7,1,1,1,0.852028,0.999441,logprobs,Alibaba
14674,-73,9,1,1,1,0.622742,0.99926,logprobs,Alibaba
14675,-73,11,1,1,0,0.43894,0.99918,logprobs,Alibaba
14676,-73,13,1,1,0,0.269451,0.99813,logprobs,Alibaba
14677,-73,15,1,1,0,0.349069,0.998067,logprobs,Alibaba
14678,-73,17,1,1,1,0.532088,0.998741,logprobs,Alibaba
14679,-73,19,1,1,1,0.562636,0.998744,logprobs,Alibaba
14680,-73,21,1,1,0,0.349441,0.999114,logprobs,Alibaba
14681,-73,23,1,1,1,0.622743,0.999085,logprobs,Alibaba
14682,-73,25,1,1,0,0.24546,0.998512,logprobs,Alibaba
14683,-73,27,1,1,0,0.245738,0.997618,logprobs,Alibaba
14684,-73,29,1,1,0,0.408258,0.998698,logprobs,Alibaba
14685,-73,31,1,1,1,0.651767,0.998811,logprobs,Alibaba
14686,-73,33,1,1,0,0.469656,0.996699,logprobs,Alibaba
14687,-73,35,1,1,1,0.531712,0.998836,logprobs,Alibaba
14688,-73,37,1,1,0,0.408366,0.998476,logprobs,Alibaba
14689,-73,39,1,1,1,0.622836,0.999043,logprobs,Alibaba
14690,-73,41,1,1,1,0.817816,0.999242,logprobs,Alibaba
14691,-73,43,1,1,1,0.817695,0.999437,logprobs,Alibaba
14692,-73,45,1,1,1,0.852035,0.999401,logprobs,Alibaba
14693,-73,47,1,1,0,0.438697,0.998578,logprobs,Alibaba
14694,-73,49,1,1,1,0.531673,0.998952,logprobs,Alibaba
14695,-73,51,1,1,0,0.469896,0.999067,logprobs,Alibaba
14696,-73,53,1,1,1,0.592903,0.999244,logprobs,Alibaba
14697,-73,55,1,1,0,0.321753,0.998887,logprobs,Alibaba
14698,-73,57,1,1,0,0.202083,0.998439,logprobs,Alibaba
14699,-73,59,1,1,0,0.377986,0.999181,logprobs,Alibaba
14700,-73,61,1,1,1,0.500677,0.998932,logprobs,Alibaba
14701,-73,63,1,1,0,0.408185,0.999007,logprobs,Alibaba
14702,-73,65,1,1,0,0.350136,0.998665,logprobs,Alibaba
14703,-73,67,1,1,0,0.223582,0.998451,logprobs,Alibaba
14704,-73,69,1,1,0,0.378908,0.998478,logprobs,Alibaba
14705,-73,71,1,1,0,0.182827,0.998896,logprobs,Alibaba
14706,-73,73,1,1,0,0.182985,0.99912,logprobs,Alibaba
14707,-73,75,1,1,0,0.349413,0.997589,logprobs,Alibaba
14708,-73,77,1,1,0,0.439891,0.998418,logprobs,Alibaba
14709,-73,79,1,1,1,0.500562,0.998685,logprobs,Alibaba
14710,-73,81,1,1,1,0.622898,0.995049,logprobs,Alibaba
14711,-73,83,1,1,1,0.501226,0.997322,logprobs,Alibaba
14712,-73,85,1,1,1,0.651651,0.997641,logprobs,Alibaba
14713,-73,87,1,1,1,0.651685,0.997505,logprobs,Alibaba
14714,-73,89,1,1,1,0.755985,0.996695,logprobs,Alibaba
14715,-73,91,1,1,0,0.269826,0.998788,logprobs,Alibaba
14716,-73,93,1,1,0,0.182659,0.998785,logprobs,Alibaba
14717,-73,95,1,1,0,0.202417,0.99908,logprobs,Alibaba
14718,-73,97,1,1,0,0.29495,0.997316,logprobs,Alibaba
14719,-73,99,1,1,0,0.269479,0.998669,logprobs,Alibaba
14720,-73,101,1,1,0,0.245443,0.998974,logprobs,Alibaba
14721,-73,103,1,1,0,0.223104,0.99882,logprobs,Alibaba
14722,-73,105,1,1,0,0.321461,0.998956,logprobs,Alibaba
14723,-73,107,1,1,0,0.295175,0.998719,logprobs,Alibaba
14724,-73,109,1,1,0,0.133805,0.998936,logprobs,Alibaba
14725,-73,111,1,1,1,0.531655,0.998614,logprobs,Alibaba
14726,-73,113,1,1,1,0.532017,0.998355,logprobs,Alibaba
14727,-73,115,1,1,0,0.246162,0.998926,logprobs,Alibaba
14728,-73,117,1,1,0,0.246028,0.998424,logprobs,Alibaba
14729,-73,119,1,1,0,0.165237,0.998549,logprobs,Alibaba
14730,-73,121,1,1,0,0.378017,0.998963,logprobs,Alibaba
14731,-73,123,1,1,0,0.095529,0.998641,logprobs,Alibaba
14732,-73,125,1,1,0,0.060367,0.999263,logprobs,Alibaba
14733,-73,127,1,1,0,0.076045,0.999039,logprobs,Alibaba
14734,-73,129,1,1,0,0.067705,0.999118,logprobs,Alibaba
14735,-73,131,1,1,0,0.095681,0.999301,logprobs,Alibaba
14736,-73,133,1,1,0,0.148696,0.99891,logprobs,Alibaba
14737,-73,135,1,1,0,0.042288,0.999227,logprobs,Alibaba
14738,-73,137,1,1,0,0.067881,0.999092,logprobs,Alibaba
14739,-73,139,1,1,0,0.07609,0.999054,logprobs,Alibaba
14740,-73,141,1,1,0,0.042185,0.999227,logprobs,Alibaba
14741,-73,143,1,1,0,0.047599,0.999254,logprobs,Alibaba
14742,-73,145,1,1,0,0.042214,0.999282,logprobs,Alibaba
14743,-73,147,1,1,0,0.095601,0.998962,logprobs,Alibaba
14744,-73,149,1,1,0,0.148541,0.998676,logprobs,Alibaba
14745,-73,151,1,1,0,0.183193,0.998644,logprobs,Alibaba
14746,-73,153,1,1,0,0.095608,0.998031,logprobs,Alibaba
14747,-73,155,1,1,0,0.023089,0.999355,logprobs,Alibaba
14748,-73,157,1,1,0,0.026076,0.999301,logprobs,Alibaba
14749,-73,159,1,1,0,0.033226,0.999219,logprobs,Alibaba
14750,-73,161,1,1,0,0.095952,0.999232,logprobs,Alibaba
14751,-73,163,1,1,0,0.133707,0.999176,logprobs,Alibaba
14752,-73,165,1,1,0,0.076148,0.999248,logprobs,Alibaba
14753,-73,167,1,1,0,0.067925,0.999255,logprobs,Alibaba
14754,-73,169,1,1,0,0.119954,0.999222,logprobs,Alibaba
14755,-73,171,0,0,0,0.067949,0.999095,logprobs,Alibaba
14756,-73,173,0,0,0,0.119586,0.998707,logprobs,Alibaba
14757,-73,175,0,0,0,0.060405,0.999105,logprobs,Alibaba
14758,-73,177,0,0,0,0.047672,0.999389,logprobs,Alibaba
14759,-73,179,0,0,0,0.029503,0.999546,logprobs,Alibaba
14760,-75,-179,0,0,0,0.018036,0.999527,logprobs,Alibaba
14761,-75,-177,0,0,0,0.018109,0.999599,logprobs,Alibaba
14762,-75,-175,0,0,0,0.029444,0.998637,logprobs,Alibaba
14763,-75,-173,0,0,0,0.033479,0.999231,logprobs,Alibaba
14764,-75,-171,0,0,0,0.018091,0.999192,logprobs,Alibaba
14765,-75,-169,0,0,0,0.037827,0.998659,logprobs,Alibaba
14766,-75,-167,0,0,0,0.05364,0.99922,logprobs,Alibaba
14767,-75,-165,0,0,0,0.037611,0.998058,logprobs,Alibaba
14768,-75,-163,0,0,0,0.037411,0.999498,logprobs,Alibaba
14769,-75,-161,0,0,0,0.053747,0.998826,logprobs,Alibaba
14770,-75,-159,0,0,0,0.026134,0.999112,logprobs,Alibaba
14771,-75,-157,0,0,0,0.033531,0.99884,logprobs,Alibaba
14772,-75,-155,0,0,0,0.047831,0.99808,logprobs,Alibaba
14773,-75,-153,0,0,0,0.03748,0.997485,logprobs,Alibaba
14774,-75,-151,0,0,0,0.107105,0.998253,logprobs,Alibaba
14775,-75,-149,0,0,0,0.119954,0.996474,logprobs,Alibaba
14776,-75,-147,0,0,0,0.13328,0.9963,logprobs,Alibaba
14777,-75,-145,0,0,0,0.029459,0.999,logprobs,Alibaba
14778,-75,-143,0,0,0,0.033245,0.999163,logprobs,Alibaba
14779,-75,-141,0,0,0,0.11968,0.998842,logprobs,Alibaba
14780,-75,-139,0,0,0,0.107314,0.997504,logprobs,Alibaba
14781,-75,-137,1,1,0,0.149089,0.997348,logprobs,Alibaba
14782,-75,-135,1,1,0,0.107293,0.998225,logprobs,Alibaba
14783,-75,-133,1,1,0,0.183059,0.994321,logprobs,Alibaba
14784,-75,-131,1,1,0,0.053671,0.997493,logprobs,Alibaba
14785,-75,-129,1,1,0,0.047582,0.997516,logprobs,Alibaba
14786,-75,-127,1,1,0,0.023089,0.997151,logprobs,Alibaba
14787,-75,-125,1,1,0,0.042376,0.997661,logprobs,Alibaba
14788,-75,-123,1,1,0,0.042429,0.997104,logprobs,Alibaba
14789,-75,-121,1,1,0,0.269834,0.995658,logprobs,Alibaba
14790,-75,-119,1,1,1,0.500999,0.998164,logprobs,Alibaba
14791,-75,-117,1,1,0,0.245827,0.989417,logprobs,Alibaba
14792,-75,-115,1,1,0,0.438807,0.997299,logprobs,Alibaba
14793,-75,-113,1,1,1,0.623328,0.998916,logprobs,Alibaba
14794,-75,-111,0,0,1,0.777589,0.999116,logprobs,Alibaba
14795,-75,-109,0,0,0,0.246159,0.996762,logprobs,Alibaba
14796,-75,-107,0,0,0,0.350141,0.992562,logprobs,Alibaba
14797,-75,-105,0,0,1,0.501056,0.998577,logprobs,Alibaba
14798,-75,-103,0,0,1,0.563086,0.997259,logprobs,Alibaba
14799,-75,-101,0,0,1,0.731577,0.998855,logprobs,Alibaba
14800,-75,-99,1,1,1,0.623091,0.998344,logprobs,Alibaba
14801,-75,-97,1,1,1,0.532753,0.998749,logprobs,Alibaba
14802,-75,-95,1,1,0,0.295155,0.997002,logprobs,Alibaba
14803,-75,-93,1,1,0,0.379478,0.996379,logprobs,Alibaba
14804,-75,-91,1,1,0,0.148329,0.99874,logprobs,Alibaba
14805,-75,-89,1,1,0,0.148549,0.997504,logprobs,Alibaba
14806,-75,-87,1,1,0,0.245596,0.998096,logprobs,Alibaba
14807,-75,-85,1,1,0,0.106936,0.998001,logprobs,Alibaba
14808,-75,-83,1,1,1,0.531616,0.998484,logprobs,Alibaba
14809,-75,-81,1,1,0,0.377986,0.998276,logprobs,Alibaba
14810,-75,-79,1,1,1,0.500445,0.998961,logprobs,Alibaba
14811,-75,-77,1,1,0,0.378178,0.996332,logprobs,Alibaba
14812,-75,-75,1,1,0,0.294692,0.998697,logprobs,Alibaba
14813,-75,-73,1,1,1,0.500418,0.998942,logprobs,Alibaba
14814,-75,-71,1,1,0,0.407643,0.997893,logprobs,Alibaba
14815,-75,-69,1,1,0,0.321876,0.994823,logprobs,Alibaba
14816,-75,-67,1,1,0,0.349077,0.996532,logprobs,Alibaba
14817,-75,-65,1,1,0,0.164848,0.994345,logprobs,Alibaba
14818,-75,-63,0,0,0,0.107105,0.997299,logprobs,Alibaba
14819,-75,-61,0,0,0,0.14827,0.996956,logprobs,Alibaba
14820,-75,-59,0,0,0,0.202139,0.992322,logprobs,Alibaba
14821,-75,-57,0,0,0,0.165135,0.995901,logprobs,Alibaba
14822,-75,-55,0,0,0,0.223121,0.989407,logprobs,Alibaba
14823,-75,-53,0,0,0,0.182838,0.995437,logprobs,Alibaba
14824,-75,-51,0,0,0,0.202642,0.995453,logprobs,Alibaba
14825,-75,-49,0,0,0,0.202318,0.995529,logprobs,Alibaba
14826,-75,-47,0,0,0,0.202317,0.994623,logprobs,Alibaba
14827,-75,-45,0,0,0,0.067681,0.989168,logprobs,Alibaba
14828,-75,-43,0,0,0,0.053765,0.995451,logprobs,Alibaba
14829,-75,-41,0,0,0,0.07621,0.992333,logprobs,Alibaba
14830,-75,-39,0,0,0,0.223488,0.986781,logprobs,Alibaba
14831,-75,-37,0,0,0,0.095819,0.992299,logprobs,Alibaba
14832,-75,-35,0,0,0,0.148618,0.981702,logprobs,Alibaba
14833,-75,-33,0,0,0,0.349809,0.979517,logprobs,Alibaba
14834,-75,-31,0,0,0,0.223311,0.990535,logprobs,Alibaba
14835,-75,-29,0,0,0,0.378375,0.990141,logprobs,Alibaba
14836,-75,-27,0,0,0,0.295279,0.986131,logprobs,Alibaba
14837,-75,-25,0,0,0,0.223392,0.976095,logprobs,Alibaba
14838,-75,-23,0,0,1,0.500721,0.988573,logprobs,Alibaba
14839,-75,-21,0,0,0,0.378187,0.982683,logprobs,Alibaba
14840,-75,-19,0,0,1,0.594323,0.997147,logprobs,Alibaba
14841,-75,-17,1,1,1,0.755077,0.999169,logprobs,Alibaba
14842,-75,-15,1,1,0,0.438937,0.98213,logprobs,Alibaba
14843,-75,-13,1,1,0,0.408226,0.997223,logprobs,Alibaba
14844,-75,-11,1,1,1,0.622952,0.998928,logprobs,Alibaba
14845,-75,-9,1,1,0,0.438473,0.998236,logprobs,Alibaba
14846,-75,-7,1,1,1,0.623168,0.999151,logprobs,Alibaba
14847,-75,-5,1,1,0,0.438354,0.999231,logprobs,Alibaba
14848,-75,-3,1,1,1,0.755137,0.999181,logprobs,Alibaba
14849,-75,-1,1,1,1,0.679319,0.999262,logprobs,Alibaba
14850,-75,1,1,1,1,0.65161,0.99928,logprobs,Alibaba
14851,-75,3,1,1,1,0.817657,0.999463,logprobs,Alibaba
14852,-75,5,1,1,1,0.755312,0.999395,logprobs,Alibaba
14853,-75,7,1,1,1,0.81777,0.999512,logprobs,Alibaba
14854,-75,9,1,1,1,0.593517,0.999149,logprobs,Alibaba
14855,-75,11,1,1,1,0.593173,0.99943,logprobs,Alibaba
14856,-75,13,1,1,1,0.562774,0.999026,logprobs,Alibaba
14857,-75,15,1,1,0,0.349678,0.996335,logprobs,Alibaba
14858,-75,17,1,1,0,0.349673,0.998773,logprobs,Alibaba
14859,-75,19,1,1,1,0.562853,0.998741,logprobs,Alibaba
14860,-75,21,1,1,0,0.378077,0.999063,logprobs,Alibaba
14861,-75,23,1,1,0,0.321125,0.998801,logprobs,Alibaba
14862,-75,25,1,1,0,0.182893,0.998856,logprobs,Alibaba
14863,-75,27,1,1,0,0.223087,0.998925,logprobs,Alibaba
14864,-75,29,1,1,0,0.269357,0.997931,logprobs,Alibaba
14865,-75,31,1,1,0,0.438362,0.999067,logprobs,Alibaba
14866,-75,33,1,1,0,0.349234,0.995124,logprobs,Alibaba
14867,-75,35,1,1,0,0.295424,0.998038,logprobs,Alibaba
14868,-75,37,1,1,0,0.349166,0.998434,logprobs,Alibaba
14869,-75,39,1,1,1,0.817792,0.999397,logprobs,Alibaba
14870,-75,41,1,1,1,0.777524,0.999288,logprobs,Alibaba
14871,-75,43,1,1,1,0.562547,0.998798,logprobs,Alibaba
14872,-75,45,1,1,1,0.852141,0.999259,logprobs,Alibaba
14873,-75,47,1,1,0,0.294787,0.998617,logprobs,Alibaba
14874,-75,49,1,1,0,0.438611,0.99897,logprobs,Alibaba
14875,-75,51,1,1,1,0.500445,0.999183,logprobs,Alibaba
14876,-75,53,1,1,1,0.679843,0.99928,logprobs,Alibaba
14877,-75,55,1,1,0,0.408044,0.998856,logprobs,Alibaba
14878,-75,57,1,1,0,0.223072,0.998861,logprobs,Alibaba
14879,-75,59,1,1,0,0.349075,0.999147,logprobs,Alibaba
14880,-75,61,1,1,1,0.562555,0.998962,logprobs,Alibaba
14881,-75,63,1,1,0,0.378624,0.998449,logprobs,Alibaba
14882,-75,65,1,1,0,0.294712,0.998409,logprobs,Alibaba
14883,-75,67,1,1,0,0.378534,0.998099,logprobs,Alibaba
14884,-75,69,1,1,1,0.531985,0.997639,logprobs,Alibaba
14885,-75,71,1,1,0,0.408733,0.99861,logprobs,Alibaba
14886,-75,73,1,1,0,0.22359,0.998276,logprobs,Alibaba
14887,-75,75,1,1,0,0.43829,0.991548,logprobs,Alibaba
14888,-75,77,1,1,0,0.378748,0.997787,logprobs,Alibaba
14889,-75,79,1,1,1,0.593163,0.997667,logprobs,Alibaba
14890,-75,81,1,1,1,0.593988,0.996191,logprobs,Alibaba
14891,-75,83,1,1,0,0.469292,0.995983,logprobs,Alibaba
14892,-75,85,1,1,0,0.470424,0.996277,logprobs,Alibaba
14893,-75,87,1,1,1,0.562853,0.996438,logprobs,Alibaba
14894,-75,89,1,1,1,0.755211,0.993236,logprobs,Alibaba
14895,-75,91,1,1,0,0.245829,0.99871,logprobs,Alibaba
14896,-75,93,1,1,0,0.269271,0.998577,logprobs,Alibaba
14897,-75,95,1,1,0,0.133693,0.998718,logprobs,Alibaba
14898,-75,97,1,1,0,0.246137,0.998004,logprobs,Alibaba
14899,-75,99,1,1,0,0.245623,0.998136,logprobs,Alibaba
14900,-75,101,1,1,0,0.119775,0.998949,logprobs,Alibaba
14901,-75,103,1,1,0,0.202326,0.998875,logprobs,Alibaba
14902,-75,105,1,1,0,0.269339,0.998983,logprobs,Alibaba
14903,-75,107,1,1,0,0.13338,0.99875,logprobs,Alibaba
14904,-75,109,1,1,0,0.120377,0.998452,logprobs,Alibaba
14905,-75,111,1,1,1,0.679959,0.999065,logprobs,Alibaba
14906,-75,113,1,1,1,0.73144,0.999184,logprobs,Alibaba
14907,-75,115,1,1,0,0.408086,0.997728,logprobs,Alibaba
14908,-75,117,1,1,0,0.26976,0.998776,logprobs,Alibaba
14909,-75,119,1,1,0,0.378045,0.99883,logprobs,Alibaba
14910,-75,121,1,1,0,0.378597,0.998882,logprobs,Alibaba
14911,-75,123,1,1,0,0.095476,0.998166,logprobs,Alibaba
14912,-75,125,1,1,0,0.076348,0.999091,logprobs,Alibaba
14913,-75,127,1,1,0,0.076047,0.998782,logprobs,Alibaba
14914,-75,129,1,1,0,0.060189,0.999159,logprobs,Alibaba
14915,-75,131,1,1,0,0.095764,0.998645,logprobs,Alibaba
14916,-75,133,1,1,0,0.16531,0.998524,logprobs,Alibaba
14917,-75,135,1,1,0,0.076133,0.99886,logprobs,Alibaba
14918,-75,137,1,1,0,0.107028,0.999105,logprobs,Alibaba
14919,-75,139,1,1,0,0.096619,0.999034,logprobs,Alibaba
14920,-75,141,1,1,0,0.095551,0.998948,logprobs,Alibaba
14921,-75,143,1,1,0,0.095687,0.999173,logprobs,Alibaba
14922,-75,145,1,1,0,0.047526,0.999369,logprobs,Alibaba
14923,-75,147,1,1,0,0.245742,0.997892,logprobs,Alibaba
14924,-75,149,1,1,0,0.133488,0.998649,logprobs,Alibaba
14925,-75,151,1,1,0,0.245594,0.998388,logprobs,Alibaba
14926,-75,153,1,1,0,0.08543,0.997664,logprobs,Alibaba
14927,-75,155,1,1,0,0.047643,0.999238,logprobs,Alibaba
14928,-75,157,1,1,0,0.047595,0.998966,logprobs,Alibaba
14929,-75,159,1,1,0,0.033152,0.998125,logprobs,Alibaba
14930,-75,161,1,1,0,0.067975,0.999346,logprobs,Alibaba
14931,-75,163,0,0,0,0.095552,0.999492,logprobs,Alibaba
14932,-75,165,0,0,0,0.053537,0.999164,logprobs,Alibaba
14933,-75,167,0,0,0,0.067842,0.999363,logprobs,Alibaba
14934,-75,169,0,0,0,0.067769,0.999417,logprobs,Alibaba
14935,-75,171,0,0,0,0.042323,0.999274,logprobs,Alibaba
14936,-75,173,0,0,0,0.060405,0.999372,logprobs,Alibaba
14937,-75,175,0,0,0,0.033245,0.999459,logprobs,Alibaba
14938,-75,177,0,0,0,0.029377,0.999441,logprobs,Alibaba
14939,-75,179,0,0,0,0.026105,0.999644,logprobs,Alibaba
14940,-77,-179,0,0,0,0.023099,0.999603,logprobs,Alibaba
14941,-77,-177,0,0,0,0.023051,0.999383,logprobs,Alibaba
14942,-77,-175,0,0,0,0.037468,0.999357,logprobs,Alibaba
14943,-77,-173,0,0,0,0.119559,0.998303,logprobs,Alibaba
14944,-77,-171,0,0,0,0.085601,0.99856,logprobs,Alibaba
14945,-77,-169,0,0,0,0.165415,0.996299,logprobs,Alibaba
14946,-77,-167,0,0,0,0.247963,0.997132,logprobs,Alibaba
14947,-77,-165,0,0,0,0.165831,0.997343,logprobs,Alibaba
14948,-77,-163,0,0,0,0.060304,0.999249,logprobs,Alibaba
14949,-77,-161,0,0,0,0.095994,0.99874,logprobs,Alibaba
14950,-77,-159,0,0,0,0.033231,0.998272,logprobs,Alibaba
14951,-77,-157,0,0,0,0.067673,0.998682,logprobs,Alibaba
14952,-77,-155,0,0,0,0.076195,0.998291,logprobs,Alibaba
14953,-77,-153,0,0,0,0.060593,0.998813,logprobs,Alibaba
14954,-77,-151,0,0,0,0.133543,0.99845,logprobs,Alibaba
14955,-77,-149,1,1,0,0.246648,0.997982,logprobs,Alibaba
14956,-77,-147,0,0,0,0.165423,0.998173,logprobs,Alibaba
14957,-77,-145,1,1,0,0.042362,0.998966,logprobs,Alibaba
14958,-77,-143,1,1,0,0.033166,0.998992,logprobs,Alibaba
14959,-77,-141,1,1,0,0.133676,0.998548,logprobs,Alibaba
14960,-77,-139,1,1,0,0.042379,0.997925,logprobs,Alibaba
14961,-77,-137,1,1,0,0.085383,0.998403,logprobs,Alibaba
14962,-77,-135,1,1,0,0.133238,0.998054,logprobs,Alibaba
14963,-77,-133,1,1,0,0.1655,0.996587,logprobs,Alibaba
14964,-77,-131,1,1,0,0.037435,0.999108,logprobs,Alibaba
14965,-77,-129,1,1,0,0.029627,0.999126,logprobs,Alibaba
14966,-77,-127,1,1,0,0.018105,0.999173,logprobs,Alibaba
14967,-77,-125,1,1,0,0.020504,0.998474,logprobs,Alibaba
14968,-77,-123,1,1,0,0.10702,0.994685,logprobs,Alibaba
14969,-77,-121,1,1,0,0.223069,0.996653,logprobs,Alibaba
14970,-77,-119,1,1,0,0.349906,0.996041,logprobs,Alibaba
14971,-77,-117,1,1,0,0.133649,0.992202,logprobs,Alibaba
14972,-77,-115,1,1,1,0.593712,0.998669,logprobs,Alibaba
14973,-77,-113,1,1,1,0.562813,0.998764,logprobs,Alibaba
14974,-77,-111,1,1,1,0.777585,0.999185,logprobs,Alibaba
14975,-77,-109,1,1,0,0.223145,0.997774,logprobs,Alibaba
14976,-77,-107,1,1,0,0.148949,0.992406,logprobs,Alibaba
14977,-77,-105,1,1,0,0.407958,0.996146,logprobs,Alibaba
14978,-77,-103,1,1,0,0.246612,0.994724,logprobs,Alibaba
14979,-77,-101,1,1,1,0.624698,0.996903,logprobs,Alibaba
14980,-77,-99,1,1,0,0.439084,0.997266,logprobs,Alibaba
14981,-77,-97,1,1,0,0.165971,0.997326,logprobs,Alibaba
14982,-77,-95,1,1,0,0.133416,0.99724,logprobs,Alibaba
14983,-77,-93,1,1,0,0.202254,0.997778,logprobs,Alibaba
14984,-77,-91,1,1,0,0.107445,0.99679,logprobs,Alibaba
14985,-77,-89,1,1,0,0.119597,0.998882,logprobs,Alibaba
14986,-77,-87,1,1,0,0.16531,0.998469,logprobs,Alibaba
14987,-77,-85,1,1,0,0.182759,0.997852,logprobs,Alibaba
14988,-77,-83,1,1,0,0.43881,0.998049,logprobs,Alibaba
14989,-77,-81,1,1,0,0.407854,0.997152,logprobs,Alibaba
14990,-77,-79,1,1,0,0.270226,0.995119,logprobs,Alibaba
14991,-77,-77,1,1,0,0.202497,0.996813,logprobs,Alibaba
14992,-77,-75,0,0,0,0.322223,0.997238,logprobs,Alibaba
14993,-77,-73,0,0,1,0.562652,0.999051,logprobs,Alibaba
14994,-77,-71,0,0,0,0.269639,0.994743,logprobs,Alibaba
14995,-77,-69,0,0,0,0.378372,0.998523,logprobs,Alibaba
14996,-77,-67,0,0,0,0.182963,0.997696,logprobs,Alibaba
14997,-77,-65,0,0,0,0.085357,0.998411,logprobs,Alibaba
14998,-77,-63,0,0,0,0.085453,0.997462,logprobs,Alibaba
14999,-77,-61,0,0,0,0.095648,0.995625,logprobs,Alibaba
15000,-77,-59,0,0,0,0.182941,0.992995,logprobs,Alibaba
15001,-77,-57,0,0,0,0.133212,0.997789,logprobs,Alibaba
15002,-77,-55,0,0,1,0.501184,0.99874,logprobs,Alibaba
15003,-77,-53,0,0,0,0.119566,0.994763,logprobs,Alibaba
15004,-77,-51,0,0,0,0.148372,0.994408,logprobs,Alibaba
15005,-77,-49,0,0,0,0.29466,0.998726,logprobs,Alibaba
15006,-77,-47,0,0,0,0.133707,0.995815,logprobs,Alibaba
15007,-77,-45,0,0,0,0.042246,0.993066,logprobs,Alibaba
15008,-77,-43,0,0,0,0.107241,0.994532,logprobs,Alibaba
15009,-77,-41,0,0,0,0.223341,0.98481,logprobs,Alibaba
15010,-77,-39,0,0,0,0.223276,0.989473,logprobs,Alibaba
15011,-77,-37,0,0,0,0.148234,0.994327,logprobs,Alibaba
15012,-77,-35,0,0,0,0.095692,0.988125,logprobs,Alibaba
15013,-77,-33,0,0,0,0.269952,0.992968,logprobs,Alibaba
15014,-77,-31,1,1,0,0.246036,0.990775,logprobs,Alibaba
15015,-77,-29,1,1,0,0.165543,0.992121,logprobs,Alibaba
15016,-77,-27,1,1,0,0.085643,0.987853,logprobs,Alibaba
15017,-77,-25,1,1,0,0.095687,0.991461,logprobs,Alibaba
15018,-77,-23,1,1,0,0.438627,0.988842,logprobs,Alibaba
15019,-77,-21,1,1,0,0.43925,0.994284,logprobs,Alibaba
15020,-77,-19,1,1,1,0.563159,0.997904,logprobs,Alibaba
15021,-77,-17,1,1,0,0.469509,0.985007,logprobs,Alibaba
15022,-77,-15,1,1,0,0.378112,0.97546,logprobs,Alibaba
15023,-77,-13,1,1,0,0.438644,0.995867,logprobs,Alibaba
15024,-77,-11,1,1,0,0.469711,0.997157,logprobs,Alibaba
15025,-77,-9,1,1,0,0.378069,0.997476,logprobs,Alibaba
15026,-77,-7,1,1,1,0.563045,0.998707,logprobs,Alibaba
15027,-77,-5,1,1,1,0.533186,0.99901,logprobs,Alibaba
15028,-77,-3,1,1,1,0.817772,0.999457,logprobs,Alibaba
15029,-77,-1,1,1,1,0.679723,0.999168,logprobs,Alibaba
15030,-77,1,1,1,1,0.562397,0.999131,logprobs,Alibaba
15031,-77,3,1,1,1,0.798455,0.99938,logprobs,Alibaba
15032,-77,5,1,1,1,0.731264,0.999392,logprobs,Alibaba
15033,-77,7,1,1,1,0.817764,0.999337,logprobs,Alibaba
15034,-77,9,1,1,1,0.651979,0.99938,logprobs,Alibaba
15035,-77,11,1,1,0,0.438559,0.998778,logprobs,Alibaba
15036,-77,13,1,1,1,0.532252,0.998568,logprobs,Alibaba
15037,-77,15,1,1,0,0.321388,0.997334,logprobs,Alibaba
15038,-77,17,1,1,1,0.533064,0.998856,logprobs,Alibaba
15039,-77,19,1,1,1,0.56298,0.999016,logprobs,Alibaba
15040,-77,21,1,1,1,0.531578,0.999152,logprobs,Alibaba
15041,-77,23,1,1,0,0.377867,0.998975,logprobs,Alibaba
15042,-77,25,1,1,0,0.164936,0.998799,logprobs,Alibaba
15043,-77,27,1,1,0,0.14869,0.998837,logprobs,Alibaba
15044,-77,29,1,1,0,0.085337,0.999087,logprobs,Alibaba
15045,-77,31,1,1,0,0.182724,0.998417,logprobs,Alibaba
15046,-77,33,1,1,0,0.378115,0.997639,logprobs,Alibaba
15047,-77,35,1,1,0,0.223841,0.996897,logprobs,Alibaba
15048,-77,37,1,1,1,0.62278,0.998993,logprobs,Alibaba
15049,-77,39,1,1,1,0.914979,0.999417,logprobs,Alibaba
15050,-77,41,1,1,1,0.777482,0.999166,logprobs,Alibaba
15051,-77,43,1,1,1,0.562513,0.999169,logprobs,Alibaba
15052,-77,45,1,1,1,0.531644,0.999231,logprobs,Alibaba
15053,-77,47,1,1,0,0.321289,0.998692,logprobs,Alibaba
15054,-77,49,1,1,0,0.321502,0.999338,logprobs,Alibaba
15055,-77,51,1,1,0,0.269387,0.997906,logprobs,Alibaba
15056,-77,53,1,1,0,0.378485,0.999046,logprobs,Alibaba
15057,-77,55,1,1,0,0.223123,0.998415,logprobs,Alibaba
15058,-77,57,1,1,0,0.164851,0.999107,logprobs,Alibaba
15059,-77,59,1,1,0,0.269183,0.998873,logprobs,Alibaba
15060,-77,61,1,1,0,0.321504,0.998538,logprobs,Alibaba
15061,-77,63,1,1,0,0.321656,0.998509,logprobs,Alibaba
15062,-77,65,1,1,0,0.349306,0.998613,logprobs,Alibaba
15063,-77,67,1,1,0,0.34922,0.998471,logprobs,Alibaba
15064,-77,69,1,1,1,0.531661,0.997554,logprobs,Alibaba
15065,-77,71,1,1,0,0.35026,0.996359,logprobs,Alibaba
15066,-77,73,1,1,0,0.202538,0.998707,logprobs,Alibaba
15067,-77,75,1,1,0,0.269558,0.996821,logprobs,Alibaba
15068,-77,77,1,1,0,0.322223,0.997312,logprobs,Alibaba
15069,-77,79,1,1,1,0.501639,0.997543,logprobs,Alibaba
15070,-77,81,1,1,1,0.594582,0.993658,logprobs,Alibaba
15071,-77,83,1,1,1,0.501068,0.996593,logprobs,Alibaba
15072,-77,85,1,1,1,0.622904,0.997231,logprobs,Alibaba
15073,-77,87,1,1,1,0.706723,0.99524,logprobs,Alibaba
15074,-77,89,1,1,1,0.798549,0.987821,logprobs,Alibaba
15075,-77,91,1,1,0,0.269638,0.998944,logprobs,Alibaba
15076,-77,93,1,1,0,0.202657,0.998338,logprobs,Alibaba
15077,-77,95,1,1,0,0.165153,0.998812,logprobs,Alibaba
15078,-77,97,1,1,0,0.245615,0.998073,logprobs,Alibaba
15079,-77,99,1,1,0,0.18278,0.997784,logprobs,Alibaba
15080,-77,101,1,1,0,0.245638,0.998932,logprobs,Alibaba
15081,-77,103,1,1,0,0.269177,0.998854,logprobs,Alibaba
15082,-77,105,1,1,0,0.295048,0.998507,logprobs,Alibaba
15083,-77,107,1,1,0,0.321635,0.998705,logprobs,Alibaba
15084,-77,109,1,1,0,0.165001,0.998945,logprobs,Alibaba
15085,-77,111,1,1,1,0.755424,0.99865,logprobs,Alibaba
15086,-77,113,1,1,1,0.532209,0.998564,logprobs,Alibaba
15087,-77,115,1,1,0,0.295551,0.998693,logprobs,Alibaba
15088,-77,117,1,1,0,0.321397,0.998416,logprobs,Alibaba
15089,-77,119,1,1,0,0.294709,0.998755,logprobs,Alibaba
15090,-77,121,1,1,0,0.245433,0.999173,logprobs,Alibaba
15091,-77,123,1,1,0,0.165055,0.998058,logprobs,Alibaba
15092,-77,125,1,1,0,0.148307,0.998964,logprobs,Alibaba
15093,-77,127,1,1,0,0.095741,0.998974,logprobs,Alibaba
15094,-77,129,1,1,0,0.053512,0.999362,logprobs,Alibaba
15095,-77,131,1,1,0,0.047571,0.999283,logprobs,Alibaba
15096,-77,133,1,1,0,0.133519,0.998491,logprobs,Alibaba
15097,-77,135,1,1,0,0.033174,0.999454,logprobs,Alibaba
15098,-77,137,1,1,0,0.095774,0.998925,logprobs,Alibaba
15099,-77,139,1,1,0,0.095831,0.999162,logprobs,Alibaba
15100,-77,141,1,1,0,0.202751,0.998217,logprobs,Alibaba
15101,-77,143,1,1,0,0.047523,0.999156,logprobs,Alibaba
15102,-77,145,1,1,0,0.067726,0.998832,logprobs,Alibaba
15103,-77,147,1,1,0,0.223392,0.998523,logprobs,Alibaba
15104,-77,149,1,1,0,0.182837,0.99665,logprobs,Alibaba
15105,-77,151,1,1,0,0.183492,0.99847,logprobs,Alibaba
15106,-77,153,1,1,0,0.095753,0.998446,logprobs,Alibaba
15107,-77,155,1,1,0,0.042169,0.999094,logprobs,Alibaba
15108,-77,157,1,1,0,0.047546,0.999122,logprobs,Alibaba
15109,-77,159,1,1,0,0.060358,0.997325,logprobs,Alibaba
15110,-77,161,1,1,0,0.165135,0.999027,logprobs,Alibaba
15111,-77,163,0,0,0,0.120091,0.999135,logprobs,Alibaba
15112,-77,165,0,0,0,0.042486,0.999356,logprobs,Alibaba
15113,-77,167,0,0,0,0.096032,0.999214,logprobs,Alibaba
15114,-77,169,0,0,0,0.148734,0.999113,logprobs,Alibaba
15115,-77,171,0,0,0,0.076305,0.999233,logprobs,Alibaba
15116,-77,173,0,0,0,0.133519,0.998933,logprobs,Alibaba
15117,-77,175,0,0,0,0.133532,0.999155,logprobs,Alibaba
15118,-77,177,0,0,0,0.029473,0.999281,logprobs,Alibaba
15119,-77,179,0,0,0,0.04218,0.999584,logprobs,Alibaba
15120,-79,-179,0,0,0,0.026052,0.999282,logprobs,Alibaba
15121,-79,-177,0,0,0,0.029445,0.999367,logprobs,Alibaba
15122,-79,-175,0,0,0,0.03317,0.999075,logprobs,Alibaba
15123,-79,-173,0,0,0,0.033339,0.998987,logprobs,Alibaba
15124,-79,-171,0,0,0,0.016035,0.999294,logprobs,Alibaba
15125,-79,-169,0,0,0,0.107357,0.999067,logprobs,Alibaba
15126,-79,-167,0,0,0,0.042598,0.999282,logprobs,Alibaba
15127,-79,-165,0,0,0,0.037536,0.999324,logprobs,Alibaba
15128,-79,-163,1,1,0,0.060736,0.999029,logprobs,Alibaba
15129,-79,-161,0,0,0,0.053633,0.998251,logprobs,Alibaba
15130,-79,-159,0,0,0,0.029518,0.999194,logprobs,Alibaba
15131,-79,-157,0,0,0,0.047741,0.998775,logprobs,Alibaba
15132,-79,-155,0,0,0,0.042276,0.998527,logprobs,Alibaba
15133,-79,-153,1,1,0,0.026017,0.998156,logprobs,Alibaba
15134,-79,-151,1,1,0,0.106952,0.998483,logprobs,Alibaba
15135,-79,-149,1,1,0,0.202259,0.997802,logprobs,Alibaba
15136,-79,-147,1,1,0,0.148198,0.996257,logprobs,Alibaba
15137,-79,-145,1,1,0,0.042235,0.998462,logprobs,Alibaba
15138,-79,-143,1,1,0,0.047944,0.99896,logprobs,Alibaba
15139,-79,-141,1,1,0,0.076348,0.998784,logprobs,Alibaba
15140,-79,-139,1,1,0,0.085363,0.997951,logprobs,Alibaba
15141,-79,-137,1,1,0,0.119453,0.996367,logprobs,Alibaba
15142,-79,-135,1,1,0,0.085994,0.99821,logprobs,Alibaba
15143,-79,-133,1,1,0,0.148583,0.997377,logprobs,Alibaba
15144,-79,-131,1,1,0,0.053715,0.998789,logprobs,Alibaba
15145,-79,-129,1,1,0,0.148352,0.997506,logprobs,Alibaba
15146,-79,-127,1,1,0,0.042226,0.996419,logprobs,Alibaba
15147,-79,-125,1,1,0,0.029377,0.997708,logprobs,Alibaba
15148,-79,-123,1,1,0,0.095738,0.995049,logprobs,Alibaba
15149,-79,-121,1,1,0,0.245734,0.997187,logprobs,Alibaba
15150,-79,-119,1,1,1,0.531549,0.998711,logprobs,Alibaba
15151,-79,-117,1,1,0,0.183286,0.992801,logprobs,Alibaba
15152,-79,-115,1,1,1,0.532022,0.99873,logprobs,Alibaba
15153,-79,-113,1,1,1,0.653535,0.999074,logprobs,Alibaba
15154,-79,-111,1,1,1,0.623253,0.998917,logprobs,Alibaba
15155,-79,-109,1,1,0,0.182836,0.995487,logprobs,Alibaba
15156,-79,-107,1,1,0,0.223346,0.995858,logprobs,Alibaba
15157,-79,-105,1,1,0,0.438502,0.997927,logprobs,Alibaba
15158,-79,-103,1,1,0,0.438425,0.9972,logprobs,Alibaba
15159,-79,-101,1,1,1,0.56379,0.997339,logprobs,Alibaba
15160,-79,-99,1,1,0,0.43925,0.998051,logprobs,Alibaba
15161,-79,-97,1,1,0,0.321539,0.997359,logprobs,Alibaba
15162,-79,-95,1,1,0,0.164999,0.997676,logprobs,Alibaba
15163,-79,-93,1,1,0,0.245695,0.997725,logprobs,Alibaba
15164,-79,-91,1,1,0,0.042299,0.999026,logprobs,Alibaba
15165,-79,-89,1,1,0,0.133416,0.998579,logprobs,Alibaba
15166,-79,-87,1,1,0,0.133346,0.998567,logprobs,Alibaba
15167,-79,-85,1,1,0,0.245695,0.996873,logprobs,Alibaba
15168,-79,-83,1,1,0,0.439088,0.998906,logprobs,Alibaba
15169,-79,-81,0,0,0,0.182709,0.997499,logprobs,Alibaba
15170,-79,-79,0,0,0,0.182743,0.993777,logprobs,Alibaba
15171,-79,-77,0,0,0,0.438283,0.998042,logprobs,Alibaba
15172,-79,-75,0,0,0,0.148495,0.994928,logprobs,Alibaba
15173,-79,-73,0,0,0,0.34989,0.998041,logprobs,Alibaba
15174,-79,-71,1,1,0,0.269292,0.996503,logprobs,Alibaba
15175,-79,-69,1,1,0,0.321289,0.998097,logprobs,Alibaba
15176,-79,-67,0,0,0,0.223708,0.9964,logprobs,Alibaba
15177,-79,-65,0,0,0,0.12021,0.996053,logprobs,Alibaba
15178,-79,-63,0,0,0,0.085444,0.996985,logprobs,Alibaba
15179,-79,-61,0,0,0,0.107038,0.998661,logprobs,Alibaba
15180,-79,-59,0,0,0,0.067857,0.993187,logprobs,Alibaba
15181,-79,-57,0,0,0,0.085611,0.994476,logprobs,Alibaba
15182,-79,-55,0,0,0,0.408303,0.998799,logprobs,Alibaba
15183,-79,-53,0,0,0,0.165543,0.992799,logprobs,Alibaba
15184,-79,-51,0,0,0,0.085312,0.995131,logprobs,Alibaba
15185,-79,-49,1,1,0,0.107404,0.997457,logprobs,Alibaba
15186,-79,-47,1,1,0,0.469917,0.999178,logprobs,Alibaba
15187,-79,-45,1,1,0,0.095459,0.994153,logprobs,Alibaba
15188,-79,-43,0,0,1,0.532088,0.997213,logprobs,Alibaba
15189,-79,-41,0,0,0,0.06056,0.98998,logprobs,Alibaba
15190,-79,-39,0,0,0,0.165423,0.989712,logprobs,Alibaba
15191,-79,-37,0,0,0,0.119456,0.995188,logprobs,Alibaba
15192,-79,-35,0,0,0,0.106923,0.988214,logprobs,Alibaba
15193,-79,-33,1,1,0,0.269625,0.989886,logprobs,Alibaba
15194,-79,-31,1,1,0,0.060293,0.992128,logprobs,Alibaba
15195,-79,-29,1,1,0,0.13362,0.979164,logprobs,Alibaba
15196,-79,-27,1,1,0,0.183193,0.992918,logprobs,Alibaba
15197,-79,-25,1,1,0,0.202547,0.996305,logprobs,Alibaba
15198,-79,-23,1,1,0,0.438491,0.997053,logprobs,Alibaba
15199,-79,-21,1,1,0,0.378017,0.99617,logprobs,Alibaba
15200,-79,-19,1,1,0,0.349962,0.99674,logprobs,Alibaba
15201,-79,-17,1,1,0,0.408303,0.981322,logprobs,Alibaba
15202,-79,-15,1,1,0,0.438709,0.988486,logprobs,Alibaba
15203,-79,-13,1,1,0,0.22359,0.992589,logprobs,Alibaba
15204,-79,-11,1,1,0,0.271334,0.991754,logprobs,Alibaba
15205,-79,-9,1,1,0,0.148872,0.996312,logprobs,Alibaba
15206,-79,-7,1,1,0,0.43816,0.998875,logprobs,Alibaba
15207,-79,-5,1,1,0,0.469325,0.998815,logprobs,Alibaba
15208,-79,-3,1,1,1,0.53168,0.999256,logprobs,Alibaba
15209,-79,-1,1,1,1,0.531704,0.999108,logprobs,Alibaba
15210,-79,1,1,1,0,0.148267,0.999466,logprobs,Alibaba
15211,-79,3,1,1,1,0.651731,0.999278,logprobs,Alibaba
15212,-79,5,1,1,0,0.348943,0.999287,logprobs,Alibaba
15213,-79,7,1,1,0,0.43854,0.999171,logprobs,Alibaba
15214,-79,9,1,1,0,0.269483,0.998962,logprobs,Alibaba
15215,-79,11,1,1,0,0.377928,0.99885,logprobs,Alibaba
15216,-79,13,1,1,0,0.223051,0.998548,logprobs,Alibaba
15217,-79,15,1,1,0,0.223276,0.99509,logprobs,Alibaba
15218,-79,17,1,1,0,0.183386,0.998371,logprobs,Alibaba
15219,-79,19,1,1,0,0.294864,0.997539,logprobs,Alibaba
15220,-79,21,1,1,0,0.245979,0.998568,logprobs,Alibaba
15221,-79,23,1,1,0,0.349676,0.998825,logprobs,Alibaba
15222,-79,25,1,1,0,0.202257,0.998363,logprobs,Alibaba
15223,-79,27,1,1,0,0.182789,0.998537,logprobs,Alibaba
15224,-79,29,1,1,0,0.223588,0.998356,logprobs,Alibaba
15225,-79,31,1,1,0,0.269438,0.998243,logprobs,Alibaba
15226,-79,33,1,1,1,0.679635,0.999038,logprobs,Alibaba
15227,-79,35,1,1,1,0.706212,0.99895,logprobs,Alibaba
15228,-79,37,1,1,1,0.562438,0.998754,logprobs,Alibaba
15229,-79,39,1,1,1,0.817797,0.999268,logprobs,Alibaba
15230,-79,41,1,1,1,0.731216,0.999409,logprobs,Alibaba
15231,-79,43,1,1,1,0.593001,0.998964,logprobs,Alibaba
15232,-79,45,1,1,0,0.438692,0.999042,logprobs,Alibaba
15233,-79,47,1,1,0,0.321289,0.999159,logprobs,Alibaba
15234,-79,49,1,1,0,0.469326,0.999247,logprobs,Alibaba
15235,-79,51,1,1,1,0.500552,0.999307,logprobs,Alibaba
15236,-79,53,1,1,1,0.679526,0.999327,logprobs,Alibaba
15237,-79,55,1,1,0,0.378217,0.999274,logprobs,Alibaba
15238,-79,57,1,1,0,0.246036,0.998874,logprobs,Alibaba
15239,-79,59,1,1,0,0.321188,0.998902,logprobs,Alibaba
15240,-79,61,1,1,0,0.349273,0.999079,logprobs,Alibaba
15241,-79,63,1,1,0,0.438261,0.998904,logprobs,Alibaba
15242,-79,65,1,1,0,0.322257,0.999064,logprobs,Alibaba
15243,-79,67,1,1,0,0.439444,0.998049,logprobs,Alibaba
15244,-79,69,1,1,0,0.379017,0.998562,logprobs,Alibaba
15245,-79,71,1,1,0,0.294862,0.998239,logprobs,Alibaba
15246,-79,73,1,1,0,0.378372,0.998362,logprobs,Alibaba
15247,-79,75,1,1,0,0.183513,0.998666,logprobs,Alibaba
15248,-79,77,1,1,0,0.295764,0.998034,logprobs,Alibaba
15249,-79,79,1,1,0,0.223453,0.998617,logprobs,Alibaba
15250,-79,81,1,1,0,0.350518,0.997816,logprobs,Alibaba
15251,-79,83,1,1,0,0.469621,0.997298,logprobs,Alibaba
15252,-79,85,1,1,0,0.295658,0.998177,logprobs,Alibaba
15253,-79,87,1,1,0,0.469669,0.99785,logprobs,Alibaba
15254,-79,89,1,1,1,0.503034,0.993702,logprobs,Alibaba
15255,-79,91,1,1,0,0.202875,0.998753,logprobs,Alibaba
15256,-79,93,1,1,0,0.182954,0.998852,logprobs,Alibaba
15257,-79,95,1,1,0,0.269682,0.998796,logprobs,Alibaba
15258,-79,97,1,1,0,0.269943,0.998769,logprobs,Alibaba
15259,-79,99,1,1,0,0.164785,0.997598,logprobs,Alibaba
15260,-79,101,1,1,0,0.133693,0.998882,logprobs,Alibaba
15261,-79,103,1,1,0,0.223396,0.998446,logprobs,Alibaba
15262,-79,105,1,1,0,0.245566,0.997808,logprobs,Alibaba
15263,-79,107,1,1,0,0.182833,0.998745,logprobs,Alibaba
15264,-79,109,1,1,0,0.119457,0.999049,logprobs,Alibaba
15265,-79,111,1,1,1,0.500473,0.998809,logprobs,Alibaba
15266,-79,113,1,1,1,0.563246,0.999027,logprobs,Alibaba
15267,-79,115,1,1,0,0.245856,0.998922,logprobs,Alibaba
15268,-79,117,1,1,0,0.202606,0.998543,logprobs,Alibaba
15269,-79,119,1,1,0,0.269596,0.9988,logprobs,Alibaba
15270,-79,121,1,1,0,0.148409,0.998824,logprobs,Alibaba
15271,-79,123,1,1,0,0.133256,0.998814,logprobs,Alibaba
15272,-79,125,1,1,0,0.042271,0.999124,logprobs,Alibaba
15273,-79,127,1,1,0,0.095706,0.999056,logprobs,Alibaba
15274,-79,129,1,1,0,0.096141,0.998384,logprobs,Alibaba
15275,-79,131,1,1,0,0.085463,0.99886,logprobs,Alibaba
15276,-79,133,1,1,0,0.202494,0.998434,logprobs,Alibaba
15277,-79,135,1,1,0,0.067731,0.998908,logprobs,Alibaba
15278,-79,137,1,1,0,0.095835,0.998542,logprobs,Alibaba
15279,-79,139,1,1,0,0.076013,0.998937,logprobs,Alibaba
15280,-79,141,1,1,0,0.076508,0.998633,logprobs,Alibaba
15281,-79,143,1,1,0,0.067925,0.998588,logprobs,Alibaba
15282,-79,145,1,1,0,0.10721,0.998452,logprobs,Alibaba
15283,-79,147,1,1,0,0.096364,0.996896,logprobs,Alibaba
15284,-79,149,1,1,0,0.119566,0.998577,logprobs,Alibaba
15285,-79,151,1,1,0,0.0853,0.998841,logprobs,Alibaba
15286,-79,153,1,1,0,0.06823,0.997664,logprobs,Alibaba
15287,-79,155,1,1,0,0.033192,0.999139,logprobs,Alibaba
15288,-79,157,1,1,0,0.018121,0.999289,logprobs,Alibaba
15289,-79,159,1,1,0,0.042295,0.998479,logprobs,Alibaba
15290,-79,161,1,1,0,0.053915,0.999341,logprobs,Alibaba
15291,-79,163,0,0,0,0.042336,0.999308,logprobs,Alibaba
15292,-79,165,0,0,0,0.042299,0.998635,logprobs,Alibaba
15293,-79,167,0,0,0,0.060386,0.998563,logprobs,Alibaba
15294,-79,169,0,0,0,0.09634,0.998676,logprobs,Alibaba
15295,-79,171,0,0,0,0.067925,0.999108,logprobs,Alibaba
15296,-79,173,0,0,0,0.107756,0.999008,logprobs,Alibaba
15297,-79,175,0,0,0,0.119606,0.999249,logprobs,Alibaba
15298,-79,177,0,0,0,0.042218,0.998975,logprobs,Alibaba
15299,-79,179,0,0,0,0.02045,0.999658,logprobs,Alibaba
15300,-81,-179,0,0,0,0.029398,0.99956,logprobs,Alibaba
15301,-81,-177,0,0,0,0.047651,0.999157,logprobs,Alibaba
15302,-81,-175,0,0,0,0.029531,0.99923,logprobs,Alibaba
15303,-81,-173,0,0,0,0.053606,0.998925,logprobs,Alibaba
15304,-81,-171,0,0,0,0.0261,0.998916,logprobs,Alibaba
15305,-81,-169,0,0,0,0.067762,0.999095,logprobs,Alibaba
15306,-81,-167,0,0,0,0.095967,0.998815,logprobs,Alibaba
15307,-81,-165,0,0,0,0.068045,0.998814,logprobs,Alibaba
15308,-81,-163,0,0,0,0.095979,0.998967,logprobs,Alibaba
15309,-81,-161,0,0,0,0.085542,0.998821,logprobs,Alibaba
15310,-81,-159,0,0,0,0.047678,0.999041,logprobs,Alibaba
15311,-81,-157,0,0,0,0.06032,0.998414,logprobs,Alibaba
15312,-81,-155,0,0,0,0.053502,0.998839,logprobs,Alibaba
15313,-81,-153,0,0,0,0.067783,0.997825,logprobs,Alibaba
15314,-81,-151,0,0,0,0.165078,0.998075,logprobs,Alibaba
15315,-81,-149,1,1,0,0.223396,0.996641,logprobs,Alibaba
15316,-81,-147,1,1,0,0.203556,0.99809,logprobs,Alibaba
15317,-81,-145,1,1,0,0.067673,0.998646,logprobs,Alibaba
15318,-81,-143,1,1,0,0.067749,0.997173,logprobs,Alibaba
15319,-81,-141,1,1,0,0.148262,0.998268,logprobs,Alibaba
15320,-81,-139,1,1,0,0.183103,0.997797,logprobs,Alibaba
15321,-81,-137,1,1,0,0.203741,0.996662,logprobs,Alibaba
15322,-81,-135,1,1,0,0.149069,0.997983,logprobs,Alibaba
15323,-81,-133,1,1,0,0.095587,0.997782,logprobs,Alibaba
15324,-81,-131,1,1,0,0.042254,0.998285,logprobs,Alibaba
15325,-81,-129,1,1,0,0.148374,0.997812,logprobs,Alibaba
15326,-81,-127,1,1,0,0.060451,0.994852,logprobs,Alibaba
15327,-81,-125,1,1,0,0.029494,0.999186,logprobs,Alibaba
15328,-81,-123,1,1,0,0.085534,0.996696,logprobs,Alibaba
15329,-81,-121,1,1,0,0.202232,0.994242,logprobs,Alibaba
15330,-81,-119,1,1,0,0.295115,0.991714,logprobs,Alibaba
15331,-81,-117,1,1,0,0.202538,0.994897,logprobs,Alibaba
15332,-81,-115,1,1,0,0.469534,0.996451,logprobs,Alibaba
15333,-81,-113,1,1,0,0.469855,0.998647,logprobs,Alibaba
15334,-81,-111,1,1,0,0.438692,0.998334,logprobs,Alibaba
15335,-81,-109,1,1,0,0.245877,0.990347,logprobs,Alibaba
15336,-81,-107,1,1,0,0.270237,0.996898,logprobs,Alibaba
15337,-81,-105,1,1,0,0.409126,0.993638,logprobs,Alibaba
15338,-81,-103,1,1,1,0.532545,0.997,logprobs,Alibaba
15339,-81,-101,1,1,1,0.706149,0.998721,logprobs,Alibaba
15340,-81,-99,1,1,1,0.501449,0.99866,logprobs,Alibaba
15341,-81,-97,1,1,0,0.377889,0.996825,logprobs,Alibaba
15342,-81,-95,1,1,0,0.269834,0.99698,logprobs,Alibaba
15343,-81,-93,1,1,0,0.322335,0.996769,logprobs,Alibaba
15344,-81,-91,1,1,0,0.096141,0.998597,logprobs,Alibaba
15345,-81,-89,1,1,0,0.202394,0.99881,logprobs,Alibaba
15346,-81,-87,1,1,0,0.182676,0.997828,logprobs,Alibaba
15347,-81,-85,1,1,0,0.349165,0.998347,logprobs,Alibaba
15348,-81,-83,1,1,0,0.407763,0.998131,logprobs,Alibaba
15349,-81,-81,1,1,0,0.148233,0.996813,logprobs,Alibaba
15350,-81,-79,1,1,0,0.438812,0.998605,logprobs,Alibaba
15351,-81,-77,1,1,0,0.408545,0.996804,logprobs,Alibaba
15352,-81,-75,1,1,0,0.202161,0.997582,logprobs,Alibaba
15353,-81,-73,1,1,1,0.593316,0.998912,logprobs,Alibaba
15354,-81,-71,0,0,0,0.407745,0.998929,logprobs,Alibaba
15355,-81,-69,0,0,1,0.562738,0.998954,logprobs,Alibaba
15356,-81,-67,0,0,0,0.408674,0.998777,logprobs,Alibaba
15357,-81,-65,0,0,0,0.202866,0.996223,logprobs,Alibaba
15358,-81,-63,0,0,0,0.095988,0.998338,logprobs,Alibaba
15359,-81,-61,0,0,0,0.223588,0.997468,logprobs,Alibaba
15360,-81,-59,0,0,0,0.246033,0.996533,logprobs,Alibaba
15361,-81,-57,0,0,0,0.245728,0.99313,logprobs,Alibaba
15362,-81,-55,0,0,1,0.593334,0.999029,logprobs,Alibaba
15363,-81,-53,0,0,1,0.500524,0.99889,logprobs,Alibaba
15364,-81,-51,0,0,0,0.321544,0.994433,logprobs,Alibaba
15365,-81,-49,0,0,1,0.731842,0.99916,logprobs,Alibaba
15366,-81,-47,0,0,1,0.531953,0.997965,logprobs,Alibaba
15367,-81,-45,0,0,0,0.119493,0.994752,logprobs,Alibaba
15368,-81,-43,0,0,1,0.70605,0.998867,logprobs,Alibaba
15369,-81,-41,0,0,0,0.060332,0.987535,logprobs,Alibaba
15370,-81,-39,1,1,0,0.349244,0.967354,logprobs,Alibaba
15371,-81,-37,1,1,0,0.067998,0.991232,logprobs,Alibaba
15372,-81,-35,1,1,0,0.042282,0.996087,logprobs,Alibaba
15373,-81,-33,1,1,0,0.148879,0.985247,logprobs,Alibaba
15374,-81,-31,1,1,0,0.026162,0.998538,logprobs,Alibaba
15375,-81,-29,1,1,0,0.037795,0.995069,logprobs,Alibaba
15376,-81,-27,1,1,0,0.14849,0.987232,logprobs,Alibaba
15377,-81,-25,1,1,0,0.165225,0.995296,logprobs,Alibaba
15378,-81,-23,1,1,1,0.532075,0.997783,logprobs,Alibaba
15379,-81,-21,1,1,0,0.378744,0.992905,logprobs,Alibaba
15380,-81,-19,1,1,0,0.438514,0.990927,logprobs,Alibaba
15381,-81,-17,1,1,1,0.593712,0.998128,logprobs,Alibaba
15382,-81,-15,1,1,0,0.469833,0.998147,logprobs,Alibaba
15383,-81,-13,1,1,0,0.408074,0.994595,logprobs,Alibaba
15384,-81,-11,1,1,0,0.37848,0.994773,logprobs,Alibaba
15385,-81,-9,1,1,0,0.29542,0.996421,logprobs,Alibaba
15386,-81,-7,1,1,0,0.46987,0.998075,logprobs,Alibaba
15387,-81,-5,1,1,1,0.532273,0.998991,logprobs,Alibaba
15388,-81,-3,1,1,1,0.706369,0.999298,logprobs,Alibaba
15389,-81,-1,1,1,1,0.562642,0.99919,logprobs,Alibaba
15390,-81,1,1,1,0,0.245396,0.999234,logprobs,Alibaba
15391,-81,3,1,1,1,0.65158,0.999247,logprobs,Alibaba
15392,-81,5,1,1,0,0.438425,0.999136,logprobs,Alibaba
15393,-81,7,1,1,0,0.378088,0.998817,logprobs,Alibaba
15394,-81,9,1,1,0,0.378178,0.998709,logprobs,Alibaba
15395,-81,11,1,1,0,0.349156,0.998612,logprobs,Alibaba
15396,-81,13,1,1,0,0.349501,0.998578,logprobs,Alibaba
15397,-81,15,1,1,0,0.378386,0.997212,logprobs,Alibaba
15398,-81,17,1,1,0,0.295413,0.998341,logprobs,Alibaba
15399,-81,19,1,1,0,0.377979,0.996743,logprobs,Alibaba
15400,-81,21,1,1,0,0.202461,0.995825,logprobs,Alibaba
15401,-81,23,1,1,0,0.29504,0.998906,logprobs,Alibaba
15402,-81,25,1,1,0,0.202257,0.998745,logprobs,Alibaba
15403,-81,27,1,1,0,0.321748,0.998238,logprobs,Alibaba
15404,-81,29,1,1,0,0.438397,0.999173,logprobs,Alibaba
15405,-81,31,1,1,1,0.593401,0.998532,logprobs,Alibaba
15406,-81,33,1,1,1,0.893469,0.999453,logprobs,Alibaba
15407,-81,35,1,1,1,0.798479,0.998935,logprobs,Alibaba
15408,-81,37,1,1,1,0.852181,0.99921,logprobs,Alibaba
15409,-81,39,1,1,1,0.904708,0.999306,logprobs,Alibaba
15410,-81,41,1,1,1,0.73148,0.999002,logprobs,Alibaba
15411,-81,43,1,1,1,0.56259,0.99885,logprobs,Alibaba
15412,-81,45,1,1,1,0.531555,0.998819,logprobs,Alibaba
15413,-81,47,1,1,0,0.438144,0.998998,logprobs,Alibaba
15414,-81,49,1,1,0,0.438292,0.999034,logprobs,Alibaba
15415,-81,51,1,1,1,0.593154,0.998992,logprobs,Alibaba
15416,-81,53,1,1,1,0.593303,0.998946,logprobs,Alibaba
15417,-81,55,1,1,0,0.438264,0.998964,logprobs,Alibaba
15418,-81,57,1,1,0,0.26923,0.999056,logprobs,Alibaba
15419,-81,59,1,1,0,0.378015,0.999079,logprobs,Alibaba
15420,-81,61,1,1,0,0.407958,0.998899,logprobs,Alibaba
15421,-81,63,1,1,0,0.349962,0.998902,logprobs,Alibaba
15422,-81,65,1,1,0,0.378079,0.998829,logprobs,Alibaba
15423,-81,67,1,1,0,0.378483,0.998533,logprobs,Alibaba
15424,-81,69,1,1,0,0.440162,0.997997,logprobs,Alibaba
15425,-81,71,1,1,0,0.322252,0.998297,logprobs,Alibaba
15426,-81,73,1,1,0,0.407988,0.997532,logprobs,Alibaba
15427,-81,75,1,1,0,0.408923,0.99723,logprobs,Alibaba
15428,-81,77,1,1,0,0.269596,0.997757,logprobs,Alibaba
15429,-81,79,1,1,0,0.378372,0.998912,logprobs,Alibaba
15430,-81,81,1,1,0,0.245553,0.998803,logprobs,Alibaba
15431,-81,83,1,1,1,0.500767,0.997437,logprobs,Alibaba
15432,-81,85,1,1,0,0.438692,0.997587,logprobs,Alibaba
15433,-81,87,1,1,0,0.469292,0.991112,logprobs,Alibaba
15434,-81,89,1,1,1,0.563206,0.99334,logprobs,Alibaba
15435,-81,91,1,1,0,0.148449,0.998021,logprobs,Alibaba
15436,-81,93,1,1,0,0.26973,0.998948,logprobs,Alibaba
15437,-81,95,1,1,0,0.245498,0.998858,logprobs,Alibaba
15438,-81,97,1,1,0,0.268455,0.975167,logprobs,Alibaba
15439,-81,99,1,1,0,0.246305,0.99882,logprobs,Alibaba
15440,-81,101,1,1,0,0.182889,0.99914,logprobs,Alibaba
15441,-81,103,1,1,0,0.245395,0.998838,logprobs,Alibaba
15442,-81,105,1,1,0,0.438694,0.998607,logprobs,Alibaba
15443,-81,107,1,1,0,0.294964,0.998439,logprobs,Alibaba
15444,-81,109,1,1,0,0.164954,0.997992,logprobs,Alibaba
15445,-81,111,1,1,0,0.270634,0.998271,logprobs,Alibaba
15446,-81,113,1,1,1,0.531516,0.998409,logprobs,Alibaba
15447,-81,115,1,1,0,0.223001,0.99852,logprobs,Alibaba
15448,-81,117,1,1,0,0.294906,0.998804,logprobs,Alibaba
15449,-81,119,1,1,0,0.202497,0.998783,logprobs,Alibaba
15450,-81,121,1,1,0,0.223098,0.99909,logprobs,Alibaba
15451,-81,123,1,1,0,0.148438,0.999143,logprobs,Alibaba
15452,-81,125,1,1,0,0.10686,0.998969,logprobs,Alibaba
15453,-81,127,1,1,0,0.085288,0.999029,logprobs,Alibaba
15454,-81,129,1,1,0,0.11961,0.998491,logprobs,Alibaba
15455,-81,131,1,1,0,0.133466,0.998973,logprobs,Alibaba
15456,-81,133,1,1,0,0.22324,0.998529,logprobs,Alibaba
15457,-81,135,1,1,0,0.148483,0.999043,logprobs,Alibaba
15458,-81,137,1,1,0,0.165207,0.998978,logprobs,Alibaba
15459,-81,139,1,1,0,0.133355,0.998389,logprobs,Alibaba
15460,-81,141,1,1,0,0.148511,0.998844,logprobs,Alibaba
15461,-81,143,1,1,0,0.133212,0.999003,logprobs,Alibaba
15462,-81,145,1,1,0,0.148531,0.999069,logprobs,Alibaba
15463,-81,147,1,1,0,0.295257,0.997899,logprobs,Alibaba
15464,-81,149,1,1,0,0.10685,0.998975,logprobs,Alibaba
15465,-81,151,1,1,0,0.165044,0.99818,logprobs,Alibaba
15466,-81,153,1,1,0,0.10702,0.998562,logprobs,Alibaba
15467,-81,155,1,1,0,0.076047,0.998305,logprobs,Alibaba
15468,-81,157,1,1,0,0.042394,0.998905,logprobs,Alibaba
15469,-81,159,1,1,0,0.060351,0.997402,logprobs,Alibaba
15470,-81,161,0,0,0,0.067898,0.998401,logprobs,Alibaba
15471,-81,163,0,0,0,0.08543,0.99843,logprobs,Alibaba
15472,-81,165,0,0,0,0.096536,0.998579,logprobs,Alibaba
15473,-81,167,0,0,0,0.085499,0.998127,logprobs,Alibaba
15474,-81,169,0,0,0,0.047845,0.998997,logprobs,Alibaba
15475,-81,171,0,0,0,0.060351,0.998771,logprobs,Alibaba
15476,-81,173,0,0,0,0.067799,0.998962,logprobs,Alibaba
15477,-81,175,0,0,0,0.085232,0.999063,logprobs,Alibaba
15478,-81,177,0,0,0,0.042276,0.999252,logprobs,Alibaba
15479,-81,179,0,0,0,0.029406,0.999521,logprobs,Alibaba
15480,-83,-179,0,0,0,0.047571,0.999307,logprobs,Alibaba
15481,-83,-177,0,0,0,0.042249,0.999292,logprobs,Alibaba
15482,-83,-175,0,0,0,0.029487,0.999467,logprobs,Alibaba
15483,-83,-173,0,0,0,0.053597,0.999116,logprobs,Alibaba
15484,-83,-171,0,0,0,0.029545,0.999182,logprobs,Alibaba
15485,-83,-169,0,0,0,0.060659,0.998963,logprobs,Alibaba
15486,-83,-167,0,0,0,0.133283,0.998688,logprobs,Alibaba
15487,-83,-165,0,0,0,0.076072,0.999045,logprobs,Alibaba
15488,-83,-163,0,0,0,0.133488,0.999151,logprobs,Alibaba
15489,-83,-161,0,0,0,0.095831,0.998626,logprobs,Alibaba
15490,-83,-159,0,0,0,0.020459,0.998506,logprobs,Alibaba
15491,-83,-157,0,0,0,0.047567,0.999343,logprobs,Alibaba
15492,-83,-155,1,1,0,0.06785,0.998846,logprobs,Alibaba
15493,-83,-153,1,1,0,0.053597,0.998386,logprobs,Alibaba
15494,-83,-151,1,1,0,0.164843,0.997919,logprobs,Alibaba
15495,-83,-149,1,1,0,0.202444,0.997676,logprobs,Alibaba
15496,-83,-147,1,1,0,0.223841,0.996981,logprobs,Alibaba
15497,-83,-145,1,1,0,0.067682,0.998589,logprobs,Alibaba
15498,-83,-143,1,1,0,0.119469,0.993994,logprobs,Alibaba
15499,-83,-141,1,1,0,0.148872,0.996881,logprobs,Alibaba
15500,-83,-139,1,1,0,0.165519,0.997402,logprobs,Alibaba
15501,-83,-137,1,1,0,0.183657,0.996585,logprobs,Alibaba
15502,-83,-135,1,1,0,0.203354,0.998043,logprobs,Alibaba
15503,-83,-133,1,1,0,0.107833,0.996599,logprobs,Alibaba
15504,-83,-131,1,1,0,0.133532,0.996349,logprobs,Alibaba
15505,-83,-129,1,1,0,0.11962,0.995543,logprobs,Alibaba
15506,-83,-127,1,1,0,0.076148,0.996444,logprobs,Alibaba
15507,-83,-125,1,1,0,0.053618,0.998784,logprobs,Alibaba
15508,-83,-123,1,1,0,0.076052,0.992145,logprobs,Alibaba
15509,-83,-121,1,1,0,0.348975,0.993335,logprobs,Alibaba
15510,-83,-119,1,1,0,0.202317,0.992262,logprobs,Alibaba
15511,-83,-117,1,1,0,0.246028,0.99492,logprobs,Alibaba
15512,-83,-115,1,1,0,0.438807,0.998577,logprobs,Alibaba
15513,-83,-113,1,1,1,0.594249,0.998053,logprobs,Alibaba
15514,-83,-111,1,1,1,0.777614,0.998842,logprobs,Alibaba
15515,-83,-109,1,1,0,0.270237,0.993298,logprobs,Alibaba
15516,-83,-107,1,1,0,0.380411,0.995882,logprobs,Alibaba
15517,-83,-105,1,1,1,0.501677,0.997035,logprobs,Alibaba
15518,-83,-103,1,1,0,0.439851,0.996971,logprobs,Alibaba
15519,-83,-101,1,1,1,0.706343,0.998745,logprobs,Alibaba
15520,-83,-99,1,1,1,0.562675,0.997058,logprobs,Alibaba
15521,-83,-97,1,1,0,0.439172,0.997002,logprobs,Alibaba
15522,-83,-95,1,1,0,0.321801,0.9974,logprobs,Alibaba
15523,-83,-93,1,1,0,0.34989,0.998378,logprobs,Alibaba
15524,-83,-91,1,1,0,0.269315,0.998083,logprobs,Alibaba
15525,-83,-89,1,1,0,0.147788,0.995097,logprobs,Alibaba
15526,-83,-87,1,1,0,0.29508,0.997725,logprobs,Alibaba
15527,-83,-85,1,1,0,0.438807,0.997351,logprobs,Alibaba
15528,-83,-83,1,1,0,0.378189,0.998573,logprobs,Alibaba
15529,-83,-81,1,1,0,0.349451,0.998092,logprobs,Alibaba
15530,-83,-79,1,1,1,0.531556,0.998653,logprobs,Alibaba
15531,-83,-77,1,1,0,0.40783,0.996415,logprobs,Alibaba
15532,-83,-75,1,1,0,0.37848,0.998407,logprobs,Alibaba
15533,-83,-73,1,1,1,0.651649,0.999135,logprobs,Alibaba
15534,-83,-71,1,1,1,0.500648,0.998228,logprobs,Alibaba
15535,-83,-69,1,1,0,0.438694,0.998591,logprobs,Alibaba
15536,-83,-67,1,1,0,0.294997,0.99821,logprobs,Alibaba
15537,-83,-65,1,1,0,0.148392,0.996632,logprobs,Alibaba
15538,-83,-63,1,1,0,0.182809,0.994892,logprobs,Alibaba
15539,-83,-61,0,0,0,0.224772,0.997531,logprobs,Alibaba
15540,-83,-59,0,0,0,0.183097,0.992016,logprobs,Alibaba
15541,-83,-57,1,1,0,0.245476,0.994658,logprobs,Alibaba
15542,-83,-55,1,1,0,0.294557,0.996424,logprobs,Alibaba
15543,-83,-53,1,1,0,0.294662,0.996549,logprobs,Alibaba
15544,-83,-51,1,1,0,0.224163,0.997357,logprobs,Alibaba
15545,-83,-49,1,1,0,0.296199,0.996362,logprobs,Alibaba
15546,-83,-47,1,1,1,0.501639,0.998635,logprobs,Alibaba
15547,-83,-45,1,1,0,0.053691,0.997233,logprobs,Alibaba
15548,-83,-43,1,1,0,0.107983,0.997551,logprobs,Alibaba
15549,-83,-41,1,1,0,0.076163,0.993125,logprobs,Alibaba
15550,-83,-39,1,1,0,0.322653,0.990471,logprobs,Alibaba
15551,-83,-37,1,1,0,0.269928,0.993353,logprobs,Alibaba
15552,-83,-35,1,1,0,0.119625,0.990742,logprobs,Alibaba
15553,-83,-33,1,1,0,0.24574,0.995745,logprobs,Alibaba
15554,-83,-31,1,1,0,0.053939,0.994425,logprobs,Alibaba
15555,-83,-29,1,1,0,0.106924,0.992407,logprobs,Alibaba
15556,-83,-27,1,1,0,0.294906,0.997675,logprobs,Alibaba
15557,-83,-25,1,1,0,0.269723,0.998225,logprobs,Alibaba
15558,-83,-23,1,1,1,0.651706,0.998545,logprobs,Alibaba
15559,-83,-21,1,1,0,0.272345,0.997588,logprobs,Alibaba
15560,-83,-19,1,1,1,0.500746,0.987414,logprobs,Alibaba
15561,-83,-17,1,1,0,0.379784,0.989856,logprobs,Alibaba
15562,-83,-15,1,1,0,0.37848,0.989084,logprobs,Alibaba
15563,-83,-13,1,1,0,0.407713,0.993388,logprobs,Alibaba
15564,-83,-11,1,1,1,0.501776,0.990781,logprobs,Alibaba
15565,-83,-9,1,1,0,0.43832,0.995244,logprobs,Alibaba
15566,-83,-7,1,1,1,0.531652,0.998418,logprobs,Alibaba
15567,-83,-5,1,1,1,0.593281,0.998906,logprobs,Alibaba
15568,-83,-3,1,1,1,0.593312,0.99916,logprobs,Alibaba
15569,-83,-1,1,1,1,0.531898,0.998821,logprobs,Alibaba
15570,-83,1,1,1,0,0.321236,0.999162,logprobs,Alibaba
15571,-83,3,1,1,1,0.679996,0.999259,logprobs,Alibaba
15572,-83,5,1,1,1,0.532089,0.999151,logprobs,Alibaba
15573,-83,7,1,1,0,0.469633,0.999059,logprobs,Alibaba
15574,-83,9,1,1,0,0.469534,0.999043,logprobs,Alibaba
15575,-83,11,1,1,0,0.377934,0.998744,logprobs,Alibaba
15576,-83,13,1,1,1,0.562786,0.998571,logprobs,Alibaba
15577,-83,15,1,1,1,0.500833,0.998334,logprobs,Alibaba
15578,-83,17,1,1,0,0.349166,0.997584,logprobs,Alibaba
15579,-83,19,1,1,0,0.471028,0.998135,logprobs,Alibaba
15580,-83,21,1,1,0,0.294906,0.998736,logprobs,Alibaba
15581,-83,23,1,1,0,0.269556,0.998966,logprobs,Alibaba
15582,-83,25,1,1,0,0.245665,0.9986,logprobs,Alibaba
15583,-83,27,1,1,0,0.24582,0.998833,logprobs,Alibaba
15584,-83,29,1,1,0,0.438734,0.998792,logprobs,Alibaba
15585,-83,31,1,1,1,0.651597,0.998714,logprobs,Alibaba
15586,-83,33,1,1,1,0.8521,0.999168,logprobs,Alibaba
15587,-83,35,1,1,1,0.798578,0.999046,logprobs,Alibaba
15588,-83,37,1,1,1,0.777629,0.999114,logprobs,Alibaba
15589,-83,39,1,1,1,0.915079,0.999404,logprobs,Alibaba
15590,-83,41,1,1,1,0.880946,0.999282,logprobs,Alibaba
15591,-83,43,1,1,1,0.593048,0.999285,logprobs,Alibaba
15592,-83,45,1,1,1,0.5316,0.999113,logprobs,Alibaba
15593,-83,47,1,1,0,0.322446,0.998804,logprobs,Alibaba
15594,-83,49,1,1,1,0.50065,0.998922,logprobs,Alibaba
15595,-83,51,1,1,1,0.679723,0.999095,logprobs,Alibaba
15596,-83,53,1,1,1,0.622998,0.998979,logprobs,Alibaba
15597,-83,55,1,1,0,0.407765,0.999218,logprobs,Alibaba
15598,-83,57,1,1,0,0.269364,0.999031,logprobs,Alibaba
15599,-83,59,1,1,0,0.438189,0.999133,logprobs,Alibaba
15600,-83,61,1,1,1,0.50155,0.998688,logprobs,Alibaba
15601,-83,63,1,1,0,0.379956,0.998432,logprobs,Alibaba
15602,-83,65,1,1,0,0.378426,0.998556,logprobs,Alibaba
15603,-83,67,1,1,1,0.532288,0.998904,logprobs,Alibaba
15604,-83,69,1,1,0,0.439651,0.998591,logprobs,Alibaba
15605,-83,71,1,1,0,0.40769,0.998649,logprobs,Alibaba
15606,-83,73,1,1,0,0.407923,0.997393,logprobs,Alibaba
15607,-83,75,1,1,1,0.501226,0.998539,logprobs,Alibaba
15608,-83,77,1,1,0,0.378229,0.998155,logprobs,Alibaba
15609,-83,79,1,1,0,0.408138,0.998078,logprobs,Alibaba
15610,-83,81,1,1,0,0.349198,0.998265,logprobs,Alibaba
15611,-83,83,1,1,0,0.378046,0.99863,logprobs,Alibaba
15612,-83,85,1,1,0,0.407921,0.999112,logprobs,Alibaba
15613,-83,87,1,1,0,0.321164,0.998487,logprobs,Alibaba
15614,-83,89,1,1,1,0.755239,0.995626,logprobs,Alibaba
15615,-83,91,1,1,0,0.32164,0.997675,logprobs,Alibaba
15616,-83,93,1,1,0,0.223378,0.998237,logprobs,Alibaba
15617,-83,95,1,1,0,0.321286,0.998633,logprobs,Alibaba
15618,-83,97,1,1,0,0.295048,0.997388,logprobs,Alibaba
15619,-83,99,1,1,0,0.378519,0.998157,logprobs,Alibaba
15620,-83,101,1,1,0,0.438344,0.99896,logprobs,Alibaba
15621,-83,103,1,1,1,0.500944,0.998649,logprobs,Alibaba
15622,-83,105,1,1,0,0.469669,0.998572,logprobs,Alibaba
15623,-83,107,1,1,0,0.349185,0.998433,logprobs,Alibaba
15624,-83,109,1,1,0,0.203053,0.998303,logprobs,Alibaba
15625,-83,111,1,1,0,0.408301,0.998146,logprobs,Alibaba
15626,-83,113,1,1,0,0.438354,0.998475,logprobs,Alibaba
15627,-83,115,1,1,0,0.245509,0.998571,logprobs,Alibaba
15628,-83,117,1,1,0,0.223209,0.998273,logprobs,Alibaba
15629,-83,119,1,1,0,0.223196,0.998351,logprobs,Alibaba
15630,-83,121,1,1,0,0.133301,0.999037,logprobs,Alibaba
15631,-83,123,1,1,0,0.223307,0.997669,logprobs,Alibaba
15632,-83,125,1,1,0,0.133789,0.998661,logprobs,Alibaba
15633,-83,127,1,1,0,0.202336,0.998963,logprobs,Alibaba
15634,-83,129,1,1,0,0.183074,0.998663,logprobs,Alibaba
15635,-83,131,1,1,0,0.148751,0.998847,logprobs,Alibaba
15636,-83,133,1,1,0,0.223236,0.998241,logprobs,Alibaba
15637,-83,135,1,1,0,0.202157,0.998934,logprobs,Alibaba
15638,-83,137,1,1,0,0.16531,0.998716,logprobs,Alibaba
15639,-83,139,1,1,0,0.182706,0.999159,logprobs,Alibaba
15640,-83,141,1,1,0,0.40782,0.998509,logprobs,Alibaba
15641,-83,143,1,1,0,0.085463,0.999013,logprobs,Alibaba
15642,-83,145,1,1,0,0.095848,0.999084,logprobs,Alibaba
15643,-83,147,1,1,0,0.119637,0.998806,logprobs,Alibaba
15644,-83,149,1,1,0,0.095655,0.998915,logprobs,Alibaba
15645,-83,151,1,1,0,0.085699,0.998067,logprobs,Alibaba
15646,-83,153,1,1,0,0.106942,0.999059,logprobs,Alibaba
15647,-83,155,1,1,0,0.060211,0.99869,logprobs,Alibaba
15648,-83,157,1,1,0,0.060242,0.999112,logprobs,Alibaba
15649,-83,159,1,1,0,0.053588,0.998685,logprobs,Alibaba
15650,-83,161,1,1,0,0.183216,0.998341,logprobs,Alibaba
15651,-83,163,1,1,0,0.11948,0.999066,logprobs,Alibaba
15652,-83,165,1,1,0,0.107196,0.999281,logprobs,Alibaba
15653,-83,167,1,1,0,0.060386,0.999051,logprobs,Alibaba
15654,-83,169,0,0,0,0.20329,0.998908,logprobs,Alibaba
15655,-83,171,0,0,0,0.076063,0.999156,logprobs,Alibaba
15656,-83,173,0,0,0,0.076382,0.999017,logprobs,Alibaba
15657,-83,175,0,0,0,0.060327,0.998808,logprobs,Alibaba
15658,-83,177,0,0,0,0.029391,0.999475,logprobs,Alibaba
15659,-83,179,0,0,0,0.029364,0.999513,logprobs,Alibaba
15660,-85,-179,1,1,0,0.018089,0.999503,logprobs,Alibaba
15661,-85,-177,1,1,0,0.020452,0.999536,logprobs,Alibaba
15662,-85,-175,1,1,0,0.016035,0.999031,logprobs,Alibaba
15663,-85,-173,1,1,0,0.0261,0.998917,logprobs,Alibaba
15664,-85,-171,1,1,0,0.0204,0.998861,logprobs,Alibaba
15665,-85,-169,1,1,0,0.020471,0.99946,logprobs,Alibaba
15666,-85,-167,1,1,0,0.042307,0.999059,logprobs,Alibaba
15667,-85,-165,1,1,0,0.047711,0.998903,logprobs,Alibaba
15668,-85,-163,0,0,0,0.03749,0.998916,logprobs,Alibaba
15669,-85,-161,0,0,0,0.029803,0.999029,logprobs,Alibaba
15670,-85,-159,0,0,0,0.023216,0.99903,logprobs,Alibaba
15671,-85,-157,0,0,0,0.042474,0.99849,logprobs,Alibaba
15672,-85,-155,0,0,0,0.033245,0.99864,logprobs,Alibaba
15673,-85,-153,0,0,0,0.13377,0.996703,logprobs,Alibaba
15674,-85,-151,0,0,0,0.164851,0.997806,logprobs,Alibaba
15675,-85,-149,1,1,0,0.119339,0.995114,logprobs,Alibaba
15676,-85,-147,1,1,0,0.165415,0.997534,logprobs,Alibaba
15677,-85,-145,1,1,0,0.060239,0.998017,logprobs,Alibaba
15678,-85,-143,1,1,0,0.060534,0.998085,logprobs,Alibaba
15679,-85,-141,1,1,0,0.068423,0.998739,logprobs,Alibaba
15680,-85,-139,1,1,0,0.053769,0.996773,logprobs,Alibaba
15681,-85,-137,1,1,0,0.149045,0.997968,logprobs,Alibaba
15682,-85,-135,1,1,0,0.133543,0.995702,logprobs,Alibaba
15683,-85,-133,1,1,0,0.053737,0.997593,logprobs,Alibaba
15684,-85,-131,1,1,0,0.033171,0.998499,logprobs,Alibaba
15685,-85,-129,1,1,0,0.026025,0.998086,logprobs,Alibaba
15686,-85,-127,1,1,0,0.029494,0.998792,logprobs,Alibaba
15687,-85,-125,1,1,0,0.029449,0.998311,logprobs,Alibaba
15688,-85,-123,1,1,0,0.042221,0.997946,logprobs,Alibaba
15689,-85,-121,1,1,0,0.223243,0.997012,logprobs,Alibaba
15690,-85,-119,1,1,0,0.164887,0.997541,logprobs,Alibaba
15691,-85,-117,1,1,0,0.223844,0.993052,logprobs,Alibaba
15692,-85,-115,1,1,0,0.183186,0.996375,logprobs,Alibaba
15693,-85,-113,1,1,0,0.439282,0.99688,logprobs,Alibaba
15694,-85,-111,1,1,0,0.410594,0.997531,logprobs,Alibaba
15695,-85,-109,1,1,0,0.245784,0.995553,logprobs,Alibaba
15696,-85,-107,1,1,0,0.224163,0.996922,logprobs,Alibaba
15697,-85,-105,1,1,0,0.223118,0.982936,logprobs,Alibaba
15698,-85,-103,1,1,0,0.322085,0.995879,logprobs,Alibaba
15699,-85,-101,1,1,1,0.532848,0.997622,logprobs,Alibaba
15700,-85,-99,1,1,0,0.469509,0.997781,logprobs,Alibaba
15701,-85,-97,1,1,0,0.24574,0.995522,logprobs,Alibaba
15702,-85,-95,1,1,0,0.053872,0.998679,logprobs,Alibaba
15703,-85,-93,1,1,0,0.294657,0.997913,logprobs,Alibaba
15704,-85,-91,1,1,0,0.095498,0.998346,logprobs,Alibaba
15705,-85,-89,1,1,0,0.095627,0.99843,logprobs,Alibaba
15706,-85,-87,1,1,0,0.183345,0.997825,logprobs,Alibaba
15707,-85,-85,1,1,0,0.075995,0.998641,logprobs,Alibaba
15708,-85,-83,1,1,0,0.321201,0.997614,logprobs,Alibaba
15709,-85,-81,1,1,0,0.321423,0.998283,logprobs,Alibaba
15710,-85,-79,1,1,0,0.349076,0.998762,logprobs,Alibaba
15711,-85,-77,1,1,0,0.245415,0.997573,logprobs,Alibaba
15712,-85,-75,1,1,0,0.164686,0.997524,logprobs,Alibaba
15713,-85,-73,1,1,1,0.562585,0.999257,logprobs,Alibaba
15714,-85,-71,1,1,0,0.269447,0.995136,logprobs,Alibaba
15715,-85,-69,1,1,0,0.438937,0.998331,logprobs,Alibaba
15716,-85,-67,1,1,0,0.26973,0.998528,logprobs,Alibaba
15717,-85,-65,1,1,0,0.119669,0.993275,logprobs,Alibaba
15718,-85,-63,1,1,0,0.148751,0.99774,logprobs,Alibaba
15719,-85,-61,1,1,0,0.202316,0.99807,logprobs,Alibaba
15720,-85,-59,1,1,0,0.223705,0.993736,logprobs,Alibaba
15721,-85,-57,1,1,0,0.245701,0.996862,logprobs,Alibaba
15722,-85,-55,1,1,0,0.349553,0.998338,logprobs,Alibaba
15723,-85,-53,1,1,0,0.321269,0.998119,logprobs,Alibaba
15724,-85,-51,1,1,0,0.223241,0.997473,logprobs,Alibaba
15725,-85,-49,1,1,1,0.500884,0.998683,logprobs,Alibaba
15726,-85,-47,1,1,1,0.593518,0.999112,logprobs,Alibaba
15727,-85,-45,1,1,0,0.033203,0.997765,logprobs,Alibaba
15728,-85,-43,1,1,0,0.349402,0.995743,logprobs,Alibaba
15729,-85,-41,1,1,0,0.085368,0.994635,logprobs,Alibaba
15730,-85,-39,1,1,0,0.32181,0.992493,logprobs,Alibaba
15731,-85,-37,1,1,0,0.095732,0.995659,logprobs,Alibaba
15732,-85,-35,1,1,0,0.107064,0.986628,logprobs,Alibaba
15733,-85,-33,1,1,0,0.182827,0.992863,logprobs,Alibaba
15734,-85,-31,1,1,0,0.037584,0.996465,logprobs,Alibaba
15735,-85,-29,1,1,0,0.095783,0.990398,logprobs,Alibaba
15736,-85,-27,1,1,0,0.13363,0.996041,logprobs,Alibaba
15737,-85,-25,1,1,0,0.107489,0.995716,logprobs,Alibaba
15738,-85,-23,1,1,0,0.269684,0.989852,logprobs,Alibaba
15739,-85,-21,1,1,0,0.378079,0.991334,logprobs,Alibaba
15740,-85,-19,1,1,0,0.378678,0.982557,logprobs,Alibaba
15741,-85,-17,1,1,0,0.469571,0.993688,logprobs,Alibaba
15742,-85,-15,1,1,0,0.246612,0.98826,logprobs,Alibaba
15743,-85,-13,1,1,0,0.408245,0.993334,logprobs,Alibaba
15744,-85,-11,1,1,0,0.469362,0.991295,logprobs,Alibaba
15745,-85,-9,1,1,0,0.321679,0.994404,logprobs,Alibaba
15746,-85,-7,1,1,0,0.223992,0.995502,logprobs,Alibaba
15747,-85,-5,1,1,0,0.222957,0.995175,logprobs,Alibaba
15748,-85,-3,1,1,0,0.408629,0.997996,logprobs,Alibaba
15749,-85,-1,1,1,0,0.349355,0.999046,logprobs,Alibaba
15750,-85,1,1,1,0,0.183675,0.99902,logprobs,Alibaba
15751,-85,3,1,1,1,0.500504,0.998857,logprobs,Alibaba
15752,-85,5,1,1,0,0.183024,0.999061,logprobs,Alibaba
15753,-85,7,1,1,0,0.245482,0.998445,logprobs,Alibaba
15754,-85,9,1,1,0,0.202872,0.998478,logprobs,Alibaba
15755,-85,11,1,1,0,0.245476,0.998562,logprobs,Alibaba
15756,-85,13,1,1,0,0.165114,0.998739,logprobs,Alibaba
15757,-85,15,1,1,0,0.322252,0.996357,logprobs,Alibaba
15758,-85,17,1,1,0,0.294826,0.998003,logprobs,Alibaba
15759,-85,19,1,1,0,0.223378,0.998527,logprobs,Alibaba
15760,-85,21,1,1,0,0.202642,0.998134,logprobs,Alibaba
15761,-85,23,1,1,0,0.202988,0.998252,logprobs,Alibaba
15762,-85,25,1,1,0,0.183345,0.998427,logprobs,Alibaba
15763,-85,27,1,1,0,0.245296,0.997849,logprobs,Alibaba
15764,-85,29,1,1,0,0.202312,0.998482,logprobs,Alibaba
15765,-85,31,1,1,1,0.563367,0.998464,logprobs,Alibaba
15766,-85,33,1,1,1,0.731637,0.998925,logprobs,Alibaba
15767,-85,35,1,1,1,0.623191,0.998585,logprobs,Alibaba
15768,-85,37,1,1,0,0.469438,0.998256,logprobs,Alibaba
15769,-85,39,1,1,1,0.562557,0.998452,logprobs,Alibaba
15770,-85,41,1,1,1,0.592994,0.998645,logprobs,Alibaba
15771,-85,43,1,1,0,0.408088,0.9989,logprobs,Alibaba
15772,-85,45,1,1,0,0.294798,0.99921,logprobs,Alibaba
15773,-85,47,1,1,0,0.245536,0.998784,logprobs,Alibaba
15774,-85,49,1,1,0,0.269631,0.998825,logprobs,Alibaba
15775,-85,51,1,1,0,0.378277,0.998705,logprobs,Alibaba
15776,-85,53,1,1,1,0.500562,0.998993,logprobs,Alibaba
15777,-85,55,1,1,0,0.349002,0.998946,logprobs,Alibaba
15778,-85,57,1,1,0,0.223051,0.998012,logprobs,Alibaba
15779,-85,59,1,1,0,0.349166,0.998712,logprobs,Alibaba
15780,-85,61,1,1,0,0.377887,0.99849,logprobs,Alibaba
15781,-85,63,1,1,0,0.269638,0.998805,logprobs,Alibaba
15782,-85,65,1,1,0,0.245662,0.998052,logprobs,Alibaba
15783,-85,67,1,1,0,0.349165,0.998507,logprobs,Alibaba
15784,-85,69,1,1,0,0.43859,0.998988,logprobs,Alibaba
15785,-85,71,1,1,0,0.223815,0.99859,logprobs,Alibaba
15786,-85,73,1,1,0,0.295324,0.998672,logprobs,Alibaba
15787,-85,75,1,1,0,0.269638,0.998098,logprobs,Alibaba
15788,-85,77,1,1,0,0.202729,0.998686,logprobs,Alibaba
15789,-85,79,1,1,0,0.37872,0.998489,logprobs,Alibaba
15790,-85,81,1,1,0,0.29472,0.998346,logprobs,Alibaba
15791,-85,83,1,1,1,0.500474,0.99847,logprobs,Alibaba
15792,-85,85,1,1,0,0.321089,0.998599,logprobs,Alibaba
15793,-85,87,1,1,0,0.246137,0.998366,logprobs,Alibaba
15794,-85,89,1,1,1,0.67989,0.996353,logprobs,Alibaba
15795,-85,91,1,1,0,0.10681,0.999361,logprobs,Alibaba
15796,-85,93,1,1,0,0.1655,0.998698,logprobs,Alibaba
15797,-85,95,1,1,0,0.133244,0.999014,logprobs,Alibaba
15798,-85,97,1,1,0,0.321235,0.998888,logprobs,Alibaba
15799,-85,99,1,1,0,0.269446,0.998655,logprobs,Alibaba
15800,-85,101,1,1,0,0.164775,0.999083,logprobs,Alibaba
15801,-85,103,1,1,0,0.294569,0.998686,logprobs,Alibaba
15802,-85,105,1,1,0,0.378079,0.998454,logprobs,Alibaba
15803,-85,107,1,1,0,0.223763,0.998226,logprobs,Alibaba
15804,-85,109,1,1,0,0.119559,0.998976,logprobs,Alibaba
15805,-85,111,1,1,0,0.294823,0.997608,logprobs,Alibaba
15806,-85,113,1,1,1,0.500673,0.998797,logprobs,Alibaba
15807,-85,115,1,1,0,0.269354,0.998721,logprobs,Alibaba
15808,-85,117,1,1,0,0.182827,0.998858,logprobs,Alibaba
15809,-85,119,1,1,0,0.223166,0.998133,logprobs,Alibaba
15810,-85,121,1,1,0,0.245594,0.998675,logprobs,Alibaba
15811,-85,123,1,1,0,0.095635,0.99871,logprobs,Alibaba
15812,-85,125,1,1,0,0.076195,0.99917,logprobs,Alibaba
15813,-85,127,1,1,0,0.053606,0.999112,logprobs,Alibaba
15814,-85,129,1,1,0,0.037548,0.999067,logprobs,Alibaba
15815,-85,131,1,1,0,0.0602,0.997962,logprobs,Alibaba
15816,-85,133,1,1,0,0.107181,0.997259,logprobs,Alibaba
15817,-85,135,1,1,0,0.067841,0.99916,logprobs,Alibaba
15818,-85,137,1,1,0,0.165044,0.999023,logprobs,Alibaba
15819,-85,139,1,1,0,0.095716,0.999111,logprobs,Alibaba
15820,-85,141,1,1,0,0.047796,0.999062,logprobs,Alibaba
15821,-85,143,1,1,0,0.037529,0.998582,logprobs,Alibaba
15822,-85,145,1,1,0,0.042254,0.998605,logprobs,Alibaba
15823,-85,147,1,1,0,0.107014,0.998444,logprobs,Alibaba
15824,-85,149,1,1,0,0.095664,0.998871,logprobs,Alibaba
15825,-85,151,1,1,0,0.119531,0.99862,logprobs,Alibaba
15826,-85,153,1,1,0,0.107048,0.998221,logprobs,Alibaba
15827,-85,155,1,1,0,0.033183,0.999317,logprobs,Alibaba
15828,-85,157,1,1,0,0.02049,0.999129,logprobs,Alibaba
15829,-85,159,1,1,0,0.04229,0.999132,logprobs,Alibaba
15830,-85,161,1,1,0,0.037589,0.999121,logprobs,Alibaba
15831,-85,163,1,1,0,0.042202,0.999107,logprobs,Alibaba
15832,-85,165,1,1,0,0.042226,0.998072,logprobs,Alibaba
15833,-85,167,1,1,0,0.042254,0.998994,logprobs,Alibaba
15834,-85,169,1,1,0,0.068096,0.998943,logprobs,Alibaba
15835,-85,171,1,1,0,0.033253,0.999003,logprobs,Alibaba
15836,-85,173,1,1,0,0.037495,0.998766,logprobs,Alibaba
15837,-85,175,1,1,0,0.026039,0.998977,logprobs,Alibaba
15838,-85,177,1,1,0,0.03325,0.999377,logprobs,Alibaba
15839,-85,179,1,1,0,0.029406,0.999533,logprobs,Alibaba
15840,-87,-179,1,1,0,0.029433,0.999476,logprobs,Alibaba
15841,-87,-177,1,1,0,0.029441,0.999506,logprobs,Alibaba
15842,-87,-175,1,1,0,0.016065,0.999199,logprobs,Alibaba
15843,-87,-173,1,1,0,0.042323,0.999115,logprobs,Alibaba
15844,-87,-171,1,1,0,0.023338,0.999382,logprobs,Alibaba
15845,-87,-169,1,1,0,0.053969,0.998317,logprobs,Alibaba
15846,-87,-167,1,1,0,0.047613,0.999121,logprobs,Alibaba
15847,-87,-165,1,1,0,0.067694,0.999118,logprobs,Alibaba
15848,-87,-163,1,1,0,0.059978,0.998311,logprobs,Alibaba
15849,-87,-161,1,1,0,0.053831,0.999037,logprobs,Alibaba
15850,-87,-159,1,1,0,0.037536,0.998599,logprobs,Alibaba
15851,-87,-157,1,1,0,0.037512,0.998864,logprobs,Alibaba
15852,-87,-155,1,1,0,0.042218,0.998808,logprobs,Alibaba
15853,-87,-153,1,1,0,0.060337,0.997622,logprobs,Alibaba
15854,-87,-151,1,1,0,0.148341,0.997765,logprobs,Alibaba
15855,-87,-149,1,1,0,0.107014,0.997479,logprobs,Alibaba
15856,-87,-147,1,1,0,0.095905,0.998284,logprobs,Alibaba
15857,-87,-145,1,1,0,0.042486,0.998816,logprobs,Alibaba
15858,-87,-143,1,1,0,0.076133,0.997677,logprobs,Alibaba
15859,-87,-141,1,1,0,0.042323,0.998713,logprobs,Alibaba
15860,-87,-139,1,1,0,0.095732,0.997332,logprobs,Alibaba
15861,-87,-137,1,1,0,0.067962,0.998571,logprobs,Alibaba
15862,-87,-135,1,1,0,0.076257,0.998577,logprobs,Alibaba
15863,-87,-133,1,1,0,0.107522,0.996982,logprobs,Alibaba
15864,-87,-131,1,1,0,0.023126,0.999202,logprobs,Alibaba
15865,-87,-129,1,1,0,0.023108,0.999347,logprobs,Alibaba
15866,-87,-127,1,1,0,0.015967,0.998607,logprobs,Alibaba
15867,-87,-125,1,1,0,0.023026,0.999386,logprobs,Alibaba
15868,-87,-123,1,1,0,0.047499,0.996413,logprobs,Alibaba
15869,-87,-121,1,1,0,0.095664,0.996734,logprobs,Alibaba
15870,-87,-119,1,1,0,0.11966,0.997091,logprobs,Alibaba
15871,-87,-117,1,1,0,0.085372,0.997284,logprobs,Alibaba
15872,-87,-115,1,1,0,0.076291,0.996765,logprobs,Alibaba
15873,-87,-113,1,1,0,0.22359,0.998216,logprobs,Alibaba
15874,-87,-111,1,1,0,0.223529,0.994954,logprobs,Alibaba
15875,-87,-109,1,1,0,0.095551,0.996847,logprobs,Alibaba
15876,-87,-107,1,1,0,0.202314,0.994958,logprobs,Alibaba
15877,-87,-105,1,1,0,0.184003,0.994016,logprobs,Alibaba
15878,-87,-103,1,1,0,0.269952,0.989786,logprobs,Alibaba
15879,-87,-101,1,1,0,0.223708,0.996456,logprobs,Alibaba
15880,-87,-99,1,1,0,0.378045,0.996226,logprobs,Alibaba
15881,-87,-97,1,1,0,0.13363,0.995167,logprobs,Alibaba
15882,-87,-95,1,1,0,0.202202,0.998281,logprobs,Alibaba
15883,-87,-93,1,1,0,0.10721,0.997362,logprobs,Alibaba
15884,-87,-91,1,1,0,0.08543,0.998437,logprobs,Alibaba
15885,-87,-89,1,1,0,0.107072,0.998509,logprobs,Alibaba
15886,-87,-87,1,1,0,0.119448,0.998502,logprobs,Alibaba
15887,-87,-85,1,1,0,0.183386,0.99785,logprobs,Alibaba
15888,-87,-83,1,1,0,0.294608,0.998316,logprobs,Alibaba
15889,-87,-81,1,1,0,0.133323,0.997863,logprobs,Alibaba
15890,-87,-79,1,1,0,0.245342,0.997838,logprobs,Alibaba
15891,-87,-77,1,1,0,0.26921,0.997965,logprobs,Alibaba
15892,-87,-75,1,1,0,0.294722,0.998904,logprobs,Alibaba
15893,-87,-73,1,1,0,0.438876,0.999015,logprobs,Alibaba
15894,-87,-71,1,1,0,0.245827,0.997537,logprobs,Alibaba
15895,-87,-69,1,1,0,0.29542,0.995595,logprobs,Alibaba
15896,-87,-67,1,1,0,0.119606,0.99859,logprobs,Alibaba
15897,-87,-65,1,1,0,0.053729,0.997632,logprobs,Alibaba
15898,-87,-63,1,1,0,0.106936,0.998208,logprobs,Alibaba
15899,-87,-61,1,1,0,0.119575,0.995174,logprobs,Alibaba
15900,-87,-59,1,1,0,0.165141,0.995977,logprobs,Alibaba
15901,-87,-57,1,1,0,0.182747,0.996224,logprobs,Alibaba
15902,-87,-55,1,1,1,0.532181,0.998729,logprobs,Alibaba
15903,-87,-53,1,1,0,0.204044,0.995704,logprobs,Alibaba
15904,-87,-51,1,1,0,0.095588,0.997441,logprobs,Alibaba
15905,-87,-49,1,1,0,0.223178,0.995692,logprobs,Alibaba
15906,-87,-47,1,1,0,0.29473,0.993584,logprobs,Alibaba
15907,-87,-45,1,1,0,0.047579,0.997765,logprobs,Alibaba
15908,-87,-43,1,1,0,0.107057,0.995625,logprobs,Alibaba
15909,-87,-41,1,1,0,0.294999,0.998964,logprobs,Alibaba
15910,-87,-39,1,1,0,0.3778,0.984657,logprobs,Alibaba
15911,-87,-37,1,1,0,0.076301,0.997313,logprobs,Alibaba
15912,-87,-35,1,1,0,0.107069,0.995136,logprobs,Alibaba
15913,-87,-33,1,1,0,0.119624,0.99411,logprobs,Alibaba
15914,-87,-31,1,1,0,0.020475,0.997333,logprobs,Alibaba
15915,-87,-29,1,1,0,0.029567,0.997414,logprobs,Alibaba
15916,-87,-27,1,1,0,0.033278,0.996899,logprobs,Alibaba
15917,-87,-25,1,1,0,0.095588,0.992451,logprobs,Alibaba
15918,-87,-23,1,1,0,0.321748,0.992392,logprobs,Alibaba
15919,-87,-21,1,1,0,0.133805,0.995286,logprobs,Alibaba
15920,-87,-19,1,1,0,0.223392,0.983022,logprobs,Alibaba
15921,-87,-17,1,1,0,0.269952,0.987029,logprobs,Alibaba
15922,-87,-15,1,1,0,0.202384,0.989184,logprobs,Alibaba
15923,-87,-13,1,1,0,0.183103,0.991079,logprobs,Alibaba
15924,-87,-11,1,1,0,0.29619,0.991122,logprobs,Alibaba
15925,-87,-9,1,1,0,0.245537,0.995637,logprobs,Alibaba
15926,-87,-7,1,1,0,0.202729,0.997108,logprobs,Alibaba
15927,-87,-5,1,1,0,0.223388,0.997931,logprobs,Alibaba
15928,-87,-3,1,1,1,0.623245,0.999264,logprobs,Alibaba
15929,-87,-1,1,1,0,0.469131,0.999072,logprobs,Alibaba
15930,-87,1,1,1,0,0.133407,0.99911,logprobs,Alibaba
15931,-87,3,1,1,0,0.408042,0.999036,logprobs,Alibaba
15932,-87,5,1,1,0,0.165063,0.998863,logprobs,Alibaba
15933,-87,7,1,1,0,0.269363,0.998271,logprobs,Alibaba
15934,-87,9,1,1,0,0.295279,0.998698,logprobs,Alibaba
15935,-87,11,1,1,0,0.26973,0.99845,logprobs,Alibaba
15936,-87,13,1,1,0,0.407885,0.998888,logprobs,Alibaba
15937,-87,15,1,1,0,0.29479,0.998384,logprobs,Alibaba
15938,-87,17,1,1,0,0.294948,0.998342,logprobs,Alibaba
15939,-87,19,1,1,0,0.295764,0.997745,logprobs,Alibaba
15940,-87,21,1,1,0,0.202729,0.99883,logprobs,Alibaba
15941,-87,23,1,1,0,0.32159,0.998975,logprobs,Alibaba
15942,-87,25,1,1,0,0.164887,0.998343,logprobs,Alibaba
15943,-87,27,1,1,0,0.164945,0.997617,logprobs,Alibaba
15944,-87,29,1,1,0,0.165068,0.998951,logprobs,Alibaba
15945,-87,31,1,1,1,0.777502,0.99927,logprobs,Alibaba
15946,-87,33,1,1,1,0.70622,0.998975,logprobs,Alibaba
15947,-87,35,1,1,1,0.679807,0.998992,logprobs,Alibaba
15948,-87,37,1,1,1,0.706371,0.998976,logprobs,Alibaba
15949,-87,39,1,1,1,0.777596,0.999258,logprobs,Alibaba
15950,-87,41,1,1,0,0.378178,0.998815,logprobs,Alibaba
15951,-87,43,1,1,0,0.295285,0.998868,logprobs,Alibaba
15952,-87,45,1,1,0,0.378112,0.998911,logprobs,Alibaba
15953,-87,47,1,1,0,0.223145,0.999102,logprobs,Alibaba
15954,-87,49,1,1,0,0.349616,0.99899,logprobs,Alibaba
15955,-87,51,1,1,0,0.295138,0.999284,logprobs,Alibaba
15956,-87,53,1,1,1,0.593632,0.998895,logprobs,Alibaba
15957,-87,55,1,1,0,0.348968,0.998909,logprobs,Alibaba
15958,-87,57,1,1,0,0.164999,0.999248,logprobs,Alibaba
15959,-87,59,1,1,0,0.294458,0.999525,logprobs,Alibaba
15960,-87,61,1,1,1,0.500688,0.99887,logprobs,Alibaba
15961,-87,63,1,1,0,0.40782,0.998951,logprobs,Alibaba
15962,-87,65,1,1,0,0.321546,0.998836,logprobs,Alibaba
15963,-87,67,1,1,0,0.322089,0.998673,logprobs,Alibaba
15964,-87,69,1,1,1,0.500637,0.998573,logprobs,Alibaba
15965,-87,71,1,1,0,0.438548,0.998854,logprobs,Alibaba
15966,-87,73,1,1,0,0.378829,0.998577,logprobs,Alibaba
15967,-87,75,1,1,1,0.500483,0.998735,logprobs,Alibaba
15968,-87,77,1,1,1,0.623442,0.990779,logprobs,Alibaba
15969,-87,79,1,1,1,0.500496,0.99618,logprobs,Alibaba
15970,-87,81,1,1,1,0.531484,0.997409,logprobs,Alibaba
15971,-87,83,1,1,1,0.531754,0.993475,logprobs,Alibaba
15972,-87,85,1,1,0,0.469224,0.99611,logprobs,Alibaba
15973,-87,87,1,1,0,0.321057,0.997522,logprobs,Alibaba
15974,-87,89,1,1,1,0.706044,0.977608,logprobs,Alibaba
15975,-87,91,1,1,0,0.148402,0.998964,logprobs,Alibaba
15976,-87,93,1,1,0,0.202305,0.998937,logprobs,Alibaba
15977,-87,95,1,1,0,0.183492,0.99903,logprobs,Alibaba
15978,-87,97,1,1,0,0.183321,0.996759,logprobs,Alibaba
15979,-87,99,1,1,0,0.182306,0.993794,logprobs,Alibaba
15980,-87,101,1,1,0,0.202151,0.999104,logprobs,Alibaba
15981,-87,103,1,1,0,0.294748,0.998492,logprobs,Alibaba
15982,-87,105,1,1,0,0.322089,0.998058,logprobs,Alibaba
15983,-87,107,1,1,0,0.223035,0.998431,logprobs,Alibaba
15984,-87,109,1,1,0,0.164843,0.998887,logprobs,Alibaba
15985,-87,111,1,1,0,0.269138,0.998257,logprobs,Alibaba
15986,-87,113,1,1,1,0.532039,0.998355,logprobs,Alibaba
15987,-87,115,1,1,0,0.223396,0.998451,logprobs,Alibaba
15988,-87,117,1,1,0,0.095608,0.998983,logprobs,Alibaba
15989,-87,119,1,1,0,0.148563,0.998719,logprobs,Alibaba
15990,-87,121,1,1,0,0.182974,0.998795,logprobs,Alibaba
15991,-87,123,1,1,0,0.119809,0.998705,logprobs,Alibaba
15992,-87,125,1,1,0,0.119759,0.998973,logprobs,Alibaba
15993,-87,127,1,1,0,0.053515,0.999081,logprobs,Alibaba
15994,-87,129,1,1,0,0.076335,0.998857,logprobs,Alibaba
15995,-87,131,1,1,0,0.060365,0.998718,logprobs,Alibaba
15996,-87,133,1,1,0,0.11968,0.999008,logprobs,Alibaba
15997,-87,135,1,1,0,0.076121,0.998914,logprobs,Alibaba
15998,-87,137,1,1,0,0.10687,0.998991,logprobs,Alibaba
15999,-87,139,1,1,0,0.133707,0.998947,logprobs,Alibaba
16000,-87,141,1,1,0,0.107149,0.998914,logprobs,Alibaba
16001,-87,143,1,1,0,0.047631,0.99843,logprobs,Alibaba
16002,-87,145,1,1,0,0.067962,0.998827,logprobs,Alibaba
16003,-87,147,1,1,0,0.076451,0.998329,logprobs,Alibaba
16004,-87,149,1,1,0,0.096014,0.998489,logprobs,Alibaba
16005,-87,151,1,1,0,0.133316,0.998366,logprobs,Alibaba
16006,-87,153,1,1,0,0.07637,0.998574,logprobs,Alibaba
16007,-87,155,1,1,0,0.042389,0.998901,logprobs,Alibaba
16008,-87,157,1,1,0,0.033171,0.999279,logprobs,Alibaba
16009,-87,159,1,1,0,0.033317,0.998472,logprobs,Alibaba
16010,-87,161,1,1,0,0.047689,0.999403,logprobs,Alibaba
16011,-87,163,1,1,0,0.05364,0.999314,logprobs,Alibaba
16012,-87,165,1,1,0,0.047567,0.998815,logprobs,Alibaba
16013,-87,167,1,1,0,0.042369,0.999269,logprobs,Alibaba
16014,-87,169,1,1,0,0.042244,0.999094,logprobs,Alibaba
16015,-87,171,1,1,0,0.029459,0.998613,logprobs,Alibaba
16016,-87,173,1,1,0,0.042486,0.999217,logprobs,Alibaba
16017,-87,175,1,1,0,0.033422,0.998989,logprobs,Alibaba
16018,-87,177,1,1,0,0.042218,0.999349,logprobs,Alibaba
16019,-87,179,1,1,0,0.029391,0.999294,logprobs,Alibaba
16020,-89,-179,1,1,0,0.023116,0.999594,logprobs,Alibaba
16021,-89,-177,1,1,0,0.029437,0.999486,logprobs,Alibaba
16022,-89,-175,1,1,0,0.023145,0.999376,logprobs,Alibaba
16023,-89,-173,1,1,0,0.042398,0.998377,logprobs,Alibaba
16024,-89,-171,1,1,0,0.053952,0.998688,logprobs,Alibaba
16025,-89,-169,1,1,0,0.047845,0.999182,logprobs,Alibaba
16026,-89,-167,1,1,0,0.060358,0.998874,logprobs,Alibaba
16027,-89,-165,1,1,0,0.060435,0.998922,logprobs,Alibaba
16028,-89,-163,1,1,0,0.053804,0.999108,logprobs,Alibaba
16029,-89,-161,1,1,0,0.095588,0.998775,logprobs,Alibaba
16030,-89,-159,1,1,0,0.037499,0.998905,logprobs,Alibaba
16031,-89,-157,1,1,0,0.068067,0.999221,logprobs,Alibaba
16032,-89,-155,1,1,0,0.047567,0.999277,logprobs,Alibaba
16033,-89,-153,1,1,0,0.095895,0.998064,logprobs,Alibaba
16034,-89,-151,1,1,0,0.106982,0.998301,logprobs,Alibaba
16035,-89,-149,1,1,0,0.119528,0.998275,logprobs,Alibaba
16036,-89,-147,1,1,0,0.201234,0.992948,logprobs,Alibaba
16037,-89,-145,1,1,0,0.085363,0.998101,logprobs,Alibaba
16038,-89,-143,1,1,0,0.054357,0.998885,logprobs,Alibaba
16039,-89,-141,1,1,0,0.183193,0.995279,logprobs,Alibaba
16040,-89,-139,1,1,0,0.085715,0.997981,logprobs,Alibaba
16041,-89,-137,1,1,0,0.133939,0.996411,logprobs,Alibaba
16042,-89,-135,1,1,0,0.118909,0.994635,logprobs,Alibaba
16043,-89,-133,1,1,0,0.095687,0.998161,logprobs,Alibaba
16044,-89,-131,1,1,0,0.060481,0.998696,logprobs,Alibaba
16045,-89,-129,1,1,0,0.037782,0.998553,logprobs,Alibaba
16046,-89,-127,1,1,0,0.037587,0.999062,logprobs,Alibaba
16047,-89,-125,1,1,0,0.029401,0.999379,logprobs,Alibaba
16048,-89,-123,1,1,0,0.053612,0.998465,logprobs,Alibaba
16049,-89,-121,1,1,0,0.053817,0.998382,logprobs,Alibaba
16050,-89,-119,1,1,0,0.134345,0.997756,logprobs,Alibaba
16051,-89,-117,1,1,0,0.076382,0.997877,logprobs,Alibaba
16052,-89,-115,1,1,0,0.134042,0.993398,logprobs,Alibaba
16053,-89,-113,1,1,0,0.247086,0.988944,logprobs,Alibaba
16054,-89,-111,1,1,0,0.270408,0.988312,logprobs,Alibaba
16055,-89,-109,1,1,0,0.095642,0.998909,logprobs,Alibaba
16056,-89,-107,1,1,0,0.148967,0.995031,logprobs,Alibaba
16057,-89,-105,1,1,0,0.270076,0.99395,logprobs,Alibaba
16058,-89,-103,1,1,0,0.321529,0.997856,logprobs,Alibaba
16059,-89,-101,1,1,0,0.295395,0.9836,logprobs,Alibaba
16060,-89,-99,1,1,0,0.14886,0.997204,logprobs,Alibaba
16061,-89,-97,1,1,0,0.148596,0.992441,logprobs,Alibaba
16062,-89,-95,1,1,0,0.060242,0.997165,logprobs,Alibaba
16063,-89,-93,1,1,0,0.085483,0.99623,logprobs,Alibaba
16064,-89,-91,1,1,0,0.08597,0.994967,logprobs,Alibaba
16065,-89,-89,1,1,0,0.132791,0.996093,logprobs,Alibaba
16066,-89,-87,1,1,0,0.133852,0.996766,logprobs,Alibaba
16067,-89,-85,1,1,0,0.084982,0.995755,logprobs,Alibaba
16068,-89,-83,1,1,0,0.164894,0.99661,logprobs,Alibaba
16069,-89,-81,1,1,0,0.134069,0.993984,logprobs,Alibaba
16070,-89,-79,1,1,0,0.245827,0.99642,logprobs,Alibaba
16071,-89,-77,1,1,0,0.222244,0.989262,logprobs,Alibaba
16072,-89,-75,1,1,0,0.148541,0.99779,logprobs,Alibaba
16073,-89,-73,1,1,0,0.295158,0.97564,logprobs,Alibaba
16074,-89,-71,1,1,0,0.183294,0.997109,logprobs,Alibaba
16075,-89,-69,1,1,0,0.322085,0.99782,logprobs,Alibaba
16076,-89,-67,1,1,0,0.120814,0.998075,logprobs,Alibaba
16077,-89,-65,1,1,0,0.085681,0.998405,logprobs,Alibaba
16078,-89,-63,1,1,0,0.076831,0.998527,logprobs,Alibaba
16079,-89,-61,1,1,0,0.107478,0.998861,logprobs,Alibaba
16080,-89,-59,1,1,0,0.164812,0.998045,logprobs,Alibaba
16081,-89,-57,1,1,0,0.095203,0.995553,logprobs,Alibaba
16082,-89,-55,1,1,0,0.270089,0.99798,logprobs,Alibaba
16083,-89,-53,1,1,0,0.133489,0.997335,logprobs,Alibaba
16084,-89,-51,1,1,0,0.053903,0.997725,logprobs,Alibaba
16085,-89,-49,1,1,0,0.053652,0.998553,logprobs,Alibaba
16086,-89,-47,1,1,0,0.202545,0.997206,logprobs,Alibaba
16087,-89,-45,1,1,0,0.076601,0.997497,logprobs,Alibaba
16088,-89,-43,1,1,0,0.060491,0.998966,logprobs,Alibaba
16089,-89,-41,1,1,0,0.037536,0.998607,logprobs,Alibaba
16090,-89,-39,1,1,0,0.133707,0.996554,logprobs,Alibaba
16091,-89,-37,1,1,0,0.107233,0.998579,logprobs,Alibaba
16092,-89,-35,1,1,0,0.095642,0.998291,logprobs,Alibaba
16093,-89,-33,1,1,0,0.183186,0.99813,logprobs,Alibaba
16094,-89,-31,1,1,0,0.029467,0.998351,logprobs,Alibaba
16095,-89,-29,1,1,0,0.067857,0.99747,logprobs,Alibaba
16096,-89,-27,1,1,0,0.068496,0.996003,logprobs,Alibaba
16097,-89,-25,1,1,0,0.183186,0.99574,logprobs,Alibaba
16098,-89,-23,1,1,0,0.249712,0.995792,logprobs,Alibaba
16099,-89,-21,1,1,0,0.246377,0.993906,logprobs,Alibaba
16100,-89,-19,1,1,0,0.13363,0.997018,logprobs,Alibaba
16101,-89,-17,1,1,0,0.351158,0.979998,logprobs,Alibaba
16102,-89,-15,1,1,0,0.322903,0.99032,logprobs,Alibaba
16103,-89,-13,1,1,0,0.245827,0.997444,logprobs,Alibaba
16104,-89,-11,1,1,0,0.294979,0.997376,logprobs,Alibaba
16105,-89,-9,1,1,0,0.182881,0.997883,logprobs,Alibaba
16106,-89,-7,1,1,0,0.295283,0.990854,logprobs,Alibaba
16107,-89,-5,1,1,0,0.24446,0.988866,logprobs,Alibaba
16108,-89,-3,1,1,0,0.378428,0.997642,logprobs,Alibaba
16109,-89,-1,1,1,0,0.408738,0.998728,logprobs,Alibaba
16110,-89,1,1,1,0,0.294635,0.998841,logprobs,Alibaba
16111,-89,3,1,1,0,0.378246,0.999061,logprobs,Alibaba
16112,-89,5,1,1,0,0.245376,0.998718,logprobs,Alibaba
16113,-89,7,1,1,0,0.269453,0.99626,logprobs,Alibaba
16114,-89,9,1,1,0,0.270778,0.995219,logprobs,Alibaba
16115,-89,11,1,1,0,0.321504,0.998608,logprobs,Alibaba
16116,-89,13,1,1,0,0.378908,0.998376,logprobs,Alibaba
16117,-89,15,1,1,0,0.378545,0.98954,logprobs,Alibaba
16118,-89,17,1,1,0,0.269556,0.991004,logprobs,Alibaba
16119,-89,19,1,1,0,0.246466,0.99859,logprobs,Alibaba
16120,-89,21,1,1,0,0.202221,0.997837,logprobs,Alibaba
16121,-89,23,1,1,0,0.184137,0.992944,logprobs,Alibaba
16122,-89,25,1,1,0,0.148218,0.997424,logprobs,Alibaba
16123,-89,27,1,1,0,0.165415,0.996693,logprobs,Alibaba
16124,-89,29,1,1,0,0.202259,0.995765,logprobs,Alibaba
16125,-89,31,1,1,1,0.531805,0.99807,logprobs,Alibaba
16126,-89,33,1,1,0,0.470639,0.956423,logprobs,Alibaba
16127,-89,35,1,1,1,0.533021,0.965458,logprobs,Alibaba
16128,-89,37,1,1,1,0.77795,0.999221,logprobs,Alibaba
16129,-89,39,1,1,1,0.500944,0.934595,logprobs,Alibaba
16130,-89,41,1,1,0,0.408502,0.98078,logprobs,Alibaba
16131,-89,43,1,1,0,0.378275,0.993823,logprobs,Alibaba
16132,-89,45,1,1,0,0.349093,0.970428,logprobs,Alibaba
16133,-89,47,1,1,0,0.269567,0.981742,logprobs,Alibaba
16134,-89,49,1,1,0,0.348981,0.998823,logprobs,Alibaba
16135,-89,51,1,1,0,0.245392,0.998763,logprobs,Alibaba
16136,-89,53,1,1,0,0.43881,0.998772,logprobs,Alibaba
16137,-89,55,1,1,0,0.268484,0.992752,logprobs,Alibaba
16138,-89,57,1,1,0,0.148483,0.997936,logprobs,Alibaba
16139,-89,59,1,1,0,0.245665,0.99889,logprobs,Alibaba
16140,-89,61,1,1,0,0.409627,0.998313,logprobs,Alibaba
16141,-89,63,1,1,0,0.378426,0.996019,logprobs,Alibaba
16142,-89,65,1,1,0,0.295283,0.991349,logprobs,Alibaba
16143,-89,67,1,1,0,0.295424,0.997106,logprobs,Alibaba
16144,-89,69,1,1,0,0.378428,0.994898,logprobs,Alibaba
16145,-89,71,1,1,0,0.349812,0.997371,logprobs,Alibaba
16146,-89,73,1,1,0,0.469731,0.995665,logprobs,Alibaba
16147,-89,75,1,1,0,0.469731,0.978212,logprobs,Alibaba
16148,-89,77,1,1,1,0.756183,0.991535,logprobs,Alibaba
16149,-89,79,1,1,1,0.593053,0.996818,logprobs,Alibaba
16150,-89,81,1,1,1,0.56275,0.993136,logprobs,Alibaba
16151,-89,83,1,1,1,0.500547,0.97929,logprobs,Alibaba
16152,-89,85,1,1,1,0.562943,0.985562,logprobs,Alibaba
16153,-89,87,1,1,0,0.408733,0.990027,logprobs,Alibaba
16154,-89,89,1,1,1,0.679516,0.994408,logprobs,Alibaba
16155,-89,91,1,1,0,0.203143,0.997261,logprobs,Alibaba
16156,-89,93,1,1,0,0.246036,0.997671,logprobs,Alibaba
16157,-89,95,1,1,0,0.085398,0.998947,logprobs,Alibaba
16158,-89,97,1,1,0,0.133309,0.998567,logprobs,Alibaba
16159,-89,99,1,1,0,0.133335,0.996825,logprobs,Alibaba
16160,-89,101,1,1,0,0.246117,0.994221,logprobs,Alibaba
16161,-89,103,1,1,0,0.246612,0.998849,logprobs,Alibaba
16162,-89,105,1,1,0,0.295273,0.996522,logprobs,Alibaba
16163,-89,107,1,1,0,0.202807,0.998086,logprobs,Alibaba
16164,-89,109,1,1,0,0.182803,0.998268,logprobs,Alibaba
16165,-89,111,1,1,0,0.295471,0.997073,logprobs,Alibaba
16166,-89,113,1,1,0,0.321674,0.995555,logprobs,Alibaba
16167,-89,115,1,1,0,0.202151,0.998996,logprobs,Alibaba
16168,-89,117,1,1,0,0.183018,0.997437,logprobs,Alibaba
16169,-89,119,1,1,0,0.148668,0.998923,logprobs,Alibaba
16170,-89,121,1,1,0,0.148879,0.998927,logprobs,Alibaba
16171,-89,123,1,1,0,0.08545,0.997317,logprobs,Alibaba
16172,-89,125,1,1,0,0.095952,0.997883,logprobs,Alibaba
16173,-89,127,1,1,0,0.106303,0.994452,logprobs,Alibaba
16174,-89,129,1,1,0,0.1198,0.995909,logprobs,Alibaba
16175,-89,131,1,1,0,0.107279,0.998407,logprobs,Alibaba
16176,-89,133,1,1,0,0.134377,0.997517,logprobs,Alibaba
16177,-89,135,1,1,0,0.060615,0.99871,logprobs,Alibaba
16178,-89,137,1,1,0,0.163957,0.9936,logprobs,Alibaba
16179,-89,139,1,1,0,0.095967,0.998131,logprobs,Alibaba
16180,-89,141,1,1,0,0.076106,0.9985,logprobs,Alibaba
16181,-89,143,1,1,0,0.026062,0.999028,logprobs,Alibaba
16182,-89,145,1,1,0,0.096619,0.998314,logprobs,Alibaba
16183,-89,147,1,1,0,0.119809,0.998631,logprobs,Alibaba
16184,-89,149,1,1,0,0.133309,0.998161,logprobs,Alibaba
16185,-89,151,1,1,0,0.095831,0.998335,logprobs,Alibaba
16186,-89,153,1,1,0,0.060394,0.999127,logprobs,Alibaba
16187,-89,155,1,1,0,0.060434,0.998757,logprobs,Alibaba
16188,-89,157,1,1,0,0.047697,0.998948,logprobs,Alibaba
16189,-89,159,1,1,0,0.037717,0.999078,logprobs,Alibaba
16190,-89,161,1,1,0,0.076446,0.998617,logprobs,Alibaba
16191,-89,163,1,1,0,0.067842,0.99925,logprobs,Alibaba
16192,-89,165,1,1,0,0.047637,0.999262,logprobs,Alibaba
16193,-89,167,1,1,0,0.053793,0.999381,logprobs,Alibaba
16194,-89,169,1,1,0,0.04244,0.999152,logprobs,Alibaba
16195,-89,171,1,1,0,0.067754,0.998987,logprobs,Alibaba
16196,-89,173,1,1,0,0.076104,0.999215,logprobs,Alibaba
16197,-89,175,1,1,0,0.053601,0.999294,logprobs,Alibaba
16198,-89,177,1,1,0,0.029426,0.99938,logprobs,Alibaba
16199,-89,179,1,1,0,0.047595,0.999529,logprobs,Alibaba
